;CO_TAZID,Index,TOTHH,HHPOP,HHSize,TOTEMP,RETEMP,INDEMP,OTHEMP,ALLEMP,RETL,FOOD,MANU,WSLE,OFFI,GVED,HLTH,OTHR,AGRI,MING,CONS,HBJ,USTM_SF,USTM_MF,USTM_RV,SEC_HOME,CABIN,CONDO,HOTEL,AVGINCOME,Enrol_Elem,Enrol_Midl,Enrol_High
530001,1,19.6,29.8,1.5209135927764093,0.0,0.0,0.0,0.0,1.8,0.0,0.0,0.0,0.0,0.0,0.0,0.0,0.0,0.0,0.0,0.3,1.4,3,0,0,3,0,0,0,78073.0,0.0,0.0,0.0
530002,2,0.0,0.0,0.0,0.0,0.0,0.0,0.0,0.0,0.0,0.0,0.0,0.0,0.0,0.0,0.0,0.0,0.0,0.0,0.0,0.0,0,0,0,0,0,0,0,78073.0,0.0,0.0,0.0
530003,3,0.0,0.0,0.0,0.0,0.0,0.0,0.0,0.0,0.0,0.0,0.0,0.0,0.0,0.0,0.0,0.0,0.0,0.0,0.0,0.0,3,0,0,3,0,0,0,78073.0,0.0,0.0,0.0
530004,4,0.0,0.0,0.0,0.0,0.0,0.0,0.0,0.0,0.0,0.0,0.0,0.0,0.0,0.0,0.0,0.0,0.0,0.0,0.0,0.0,1,0,0,1,0,0,0,82500.0,0.0,0.0,0.0
530005,5,0.0,0.0,0.0,0.0,0.0,0.0,0.0,0.0,0.0,0.0,0.0,0.0,0.0,0.0,0.0,0.0,0.0,0.0,0.0,0.0,0,0,0,0,0,0,0,78073.0,0.0,0.0,0.0
530006,6,9.4,15.4,1.6392461221270898,0.0,0.0,0.0,0.0,1.2,0.0,0.0,0.0,0.0,0.0,0.0,0.0,0.0,0.0,0.0,0.5,0.7,1,0,0,1,0,0,0,82500.0,0.0,0.0,0.0
530007,7,45.9,104.5,2.276421280169212,0.0,0.0,0.0,0.0,11.0,0.0,0.0,0.0,0.0,0.0,0.0,0.0,0.0,0.0,0.0,7.6,3.4,4,0,0,4,0,0,0,82500.0,0.0,0.0,0.0
530008,8,0.0,0.0,0.0,0.0,0.0,0.0,0.0,0.0,0.0,0.0,0.0,0.0,0.0,0.0,0.0,0.0,0.0,0.0,0.0,0.0,0,0,0,0,0,0,0,78073.0,0.0,0.0,0.0
530009,9,0.0,0.0,0.0,0.0,0.0,0.0,0.0,0.0,0.0,0.0,0.0,0.0,0.0,0.0,0.0,0.0,0.0,0.0,0.0,0.0,0,0,0,0,0,0,0,78073.0,0.0,0.0,0.0
530010,10,0.0,0.0,0.0,0.0,0.0,0.0,0.0,0.0,0.0,0.0,0.0,0.0,0.0,0.0,0.0,0.0,0.0,0.0,0.0,0.0,1,0,0,1,0,0,0,78073.0,0.0,0.0,0.0
530011,11,13.8,27.3,1.9760387056636377,0.0,0.0,0.0,0.0,4.1,0.0,0.0,0.0,0.0,0.0,0.0,0.0,0.0,0.0,0.0,3.1,1.0,0,0,0,0,0,0,0,82500.0,0.0,0.0,0.0
530012,12,0.0,0.0,0.0,0.0,0.0,0.0,0.0,0.0,0.0,0.0,0.0,0.0,0.0,0.0,0.0,0.0,0.0,0.0,0.0,0.0,0,0,0,0,0,0,0,82500.0,0.0,0.0,0.0
530013,13,0.0,0.0,0.0,0.0,0.0,0.0,0.0,0.0,0.0,0.0,0.0,0.0,0.0,0.0,0.0,0.0,0.0,0.0,0.0,0.0,0,0,0,0,0,0,0,78073.0,0.0,0.0,0.0
530014,14,0.0,0.0,0.0,0.0,0.0,0.0,0.0,0.0,0.0,0.0,0.0,0.0,0.0,0.0,0.0,0.0,0.0,0.0,0.0,0.0,0,0,0,0,0,0,0,78073.0,0.0,0.0,0.0
530015,15,7.6,17.2,2.2764212801692105,0.0,0.0,0.0,0.0,39.8,0.0,0.0,0.0,0.0,0.0,0.0,0.0,0.0,37.9,0.0,1.3,0.6,2,0,0,2,0,0,0,82500.0,0.0,0.0,0.0
530016,16,61.8,140.8,2.2764212801692096,14.8,0.8,11.0,2.9,27.5,0.6,0.3,0.2,10.8,0.4,0.5,0.7,1.3,0.0,0.0,8.2,4.5,7,0,0,7,0,0,0,78073.0,0.0,0.0,0.0
530017,17,40.9,52.9,1.2933510363327947,26.0,3.3,10.8,11.8,48.9,2.2,1.1,0.7,10.1,1.4,2.0,3.0,5.3,0.0,15.5,4.5,3.0,8,0,0,8,0,0,0,78073.0,0.0,0.0,0.0
530018,18,0.0,0.0,0.0,0.0,0.0,0.0,0.0,0.0,0.0,0.0,0.0,0.0,0.0,0.0,0.0,0.0,0.0,0.0,0.0,0.0,0,0,0,0,0,0,0,82500.0,0.0,0.0,0.0
530019,19,38.9,60.3,1.548221099549644,14.8,0.8,11.0,2.9,51.7,0.6,0.3,0.2,10.8,0.4,0.5,0.7,1.3,0.0,0.0,34.1,2.9,0,0,0,0,0,0,0,82500.0,0.0,0.0,0.0
530020,20,4.2,5.7,1.3661710543947507,0.0,0.0,0.0,0.0,0.8,0.0,0.0,0.0,0.0,0.0,0.0,0.0,0.0,0.0,0.0,0.5,0.3,0,0,0,0,0,0,0,78073.0,0.0,0.0,0.0
530021,21,33.3,81.7,2.458471325324103,48.0,0.5,0.2,47.3,52.3,0.3,0.2,0.1,0.1,16.5,0.3,0.4,30.1,0.0,0.0,1.9,2.4,0,0,0,0,0,0,0,78073.0,0.0,0.0,0.0
530022,22,0.0,0.0,0.0,28.4,26.9,0.2,1.3,28.4,26.8,0.1,0.1,0.1,0.2,0.2,0.3,0.6,0.0,0.0,0.0,0.0,0,0,0,0,0,0,0,78073.0,0.0,0.0,0.0
530023,23,0.0,0.0,0.0,0.0,0.0,0.0,0.0,0.0,0.0,0.0,0.0,0.0,0.0,0.0,0.0,0.0,0.0,0.0,0.0,0.0,0,0,0,0,0,0,0,78073.0,0.0,0.0,0.0
530024,24,2.0,4.0,1.976038705663638,0.0,0.0,0.0,0.0,0.1,0.0,0.0,0.0,0.0,0.0,0.0,0.0,0.0,0.0,0.0,0.0,0.1,1,0,0,1,0,0,0,82500.0,0.0,0.0,0.0
530025,25,12.3,24.2,1.9760387056636406,0.0,0.0,0.0,0.0,3.1,0.0,0.0,0.0,0.0,0.0,0.0,0.0,0.0,0.0,0.0,2.2,0.9,0,0,0,0,0,0,0,82500.0,0.0,0.0,0.0
530026,26,224.0,495.7,2.2129154500569292,43.2,0.9,8.7,33.6,92.8,0.6,0.3,0.2,8.5,17.3,0.6,14.3,1.5,0.0,0.0,33.1,16.5,5,0,0,5,0,0,0,82500.0,0.0,0.0,0.0
530027,27,123.2,432.0,3.505259084964731,55.2,6.8,11.2,37.2,82.9,4.5,2.3,1.5,9.7,2.9,4.0,19.4,10.8,0.0,0.0,18.7,9.0,2,0,0,2,0,0,0,82500.0,0.0,0.0,0.0
530028,28,435.9,1226.2,2.8130316754083933,226.3,24.8,19.2,182.3,338.1,16.4,8.3,5.5,13.7,26.9,51.0,35.6,68.8,37.9,0.0,41.9,32.0,26,0,0,26,0,0,0,82500.0,428.0,0.0,0.0
530029,29,0.0,0.0,0.0,0.0,0.0,0.0,0.0,0.0,0.0,0.0,0.0,0.0,0.0,0.0,0.0,0.0,0.0,0.0,0.0,0.0,1,0,0,1,0,0,0,82500.0,0.0,0.0,0.0
530030,30,178.8,536.6,3.0017769288332343,39.4,3.9,21.8,13.7,76.3,2.6,1.3,12.2,9.6,1.7,2.3,3.5,6.2,0.0,0.0,23.7,13.1,8,0,0,8,0,0,0,78073.0,0.0,0.0,0.0
530031,31,410.7,1308.8,3.18667150594367,0.0,0.0,0.0,0.0,374.6,0.0,0.0,0.0,0.0,0.0,0.0,0.0,0.0,0.0,0.0,344.4,30.2,0,0,0,0,0,0,0,78073.0,0.0,0.0,0.0
530032,32,188.7,236.7,1.2541402575421912,19.8,0.6,0.3,18.9,61.5,0.4,0.2,0.1,0.1,16.9,0.4,0.6,1.0,0.0,0.0,27.9,13.9,20,0,0,20,0,0,0,86382.0,0.0,0.0,0.0
530033,33,239.3,469.3,1.9613346637442146,83.2,8.9,12.3,62.0,141.2,5.9,3.0,2.0,10.4,3.8,5.3,8.1,44.7,0.0,0.0,40.5,17.6,9,0,0,9,0,0,0,86382.0,0.0,0.0,0.0
530034,34,241.4,342.4,1.4184842850090975,277.8,34.5,31.5,211.8,327.7,16.2,18.3,22.3,9.1,18.5,2.6,4.0,186.7,0.0,0.0,32.2,17.7,89,0,0,89,0,0,0,81225.0,0.0,0.0,0.0
530035,35,164.1,331.6,2.020413404170145,0.0,0.0,0.0,0.0,39.3,0.0,0.0,0.0,0.0,0.0,0.0,0.0,0.0,0.0,0.0,27.2,12.1,5,0,0,5,0,0,0,81225.0,0.0,0.0,0.0
530036,36,134.7,306.7,2.2764212801692127,44.6,0.9,9.0,34.7,82.8,0.6,0.3,0.2,8.8,0.4,0.5,0.8,33.1,0.0,0.0,28.3,9.9,0,0,0,0,0,0,0,82500.0,0.0,0.0,0.0
530037,37,147.9,392.7,2.6548399133184657,247.7,145.1,13.9,88.7,267.5,140.7,4.3,2.8,11.1,5.6,7.7,25.0,50.4,0.0,0.0,9.0,10.9,17,0,0,17,0,0,0,82500.0,0.0,0.0,0.0
530038,38,430.5,1031.6,2.396454277037479,319.7,62.1,25.7,232.0,440.7,23.6,38.5,14.0,11.7,23.1,100.7,53.4,54.7,37.9,0.0,51.4,31.6,32,0,0,32,0,0,0,82500.0,0.0,271.0,266.0
530039,39,36.7,102.5,2.7965642660370778,0.0,0.0,0.0,0.0,8.1,0.0,0.0,0.0,0.0,0.0,0.0,0.0,0.0,0.0,0.0,5.4,2.7,0,0,0,0,0,0,0,82500.0,0.0,0.0,0.0
530040,40,0.0,0.0,0.0,0.0,0.0,0.0,0.0,0.0,0.0,0.0,0.0,0.0,0.0,0.0,0.0,0.0,0.0,0.0,0.0,0.0,0,0,0,0,0,0,0,82500.0,0.0,0.0,0.0
530041,41,312.7,653.6,2.090233734167962,58.0,26.6,0.2,31.2,133.1,26.5,0.2,0.1,0.1,0.2,0.3,0.4,30.2,0.0,0.0,52.1,23.0,1,0,0,1,0,0,0,78073.0,0.0,0.0,0.0
530042,42,3.9,8.9,2.2764212801692096,0.0,0.0,0.0,0.0,0.9,0.0,0.0,0.0,0.0,0.0,0.0,0.0,0.0,0.0,0.0,0.6,0.3,0,0,0,0,0,0,0,86382.0,0.0,0.0,0.0
530043,43,139.1,166.8,1.1994907822393683,53.3,17.9,2.1,33.2,80.0,16.3,1.6,1.0,1.1,18.5,2.8,4.3,7.5,0.0,0.0,16.5,10.2,18,0,0,18,0,0,0,86382.0,0.0,0.0,0.0
530044,44,343.5,597.3,1.738823831173301,31.6,0.5,0.2,30.8,96.9,0.4,0.2,0.1,0.1,0.2,0.3,0.5,29.8,0.0,0.0,40.0,25.2,21,0,0,21,0,0,0,86382.0,0.0,0.0,0.0
530045,45,134.2,161.0,1.1994907822393683,45.8,5.9,2.7,37.2,71.7,3.9,2.0,1.3,1.4,18.9,3.5,5.4,9.4,0.0,0.0,16.0,9.9,15,0,0,15,0,0,0,81225.0,0.0,0.0,0.0
530046,46,110.7,184.2,1.6637528596019013,0.0,0.0,0.0,0.0,18.3,0.0,0.0,0.0,0.0,0.0,0.0,0.0,0.0,0.0,0.0,10.2,8.1,19,0,0,19,0,0,0,81225.0,0.0,0.0,0.0
530047,47,217.0,370.3,1.7059978049513174,120.9,20.8,9.4,90.7,167.4,13.9,6.9,4.6,4.8,25.3,12.5,19.4,33.5,0.0,0.0,30.5,15.9,14,0,0,14,0,0,0,81225.0,0.0,0.0,0.0
530048,48,219.8,530.8,2.4143379816728676,115.9,11.8,5.3,98.8,153.3,7.8,4.0,2.6,2.7,21.0,7.0,23.4,47.5,0.0,0.0,21.2,16.1,21,0,0,21,0,0,0,86382.0,0.0,0.0,0.0
530049,49,375.8,763.2,2.0307982033451433,122.0,22.1,20.3,79.6,195.9,14.8,7.3,15.4,5.0,9.6,13.3,20.9,35.8,0.0,0.0,46.3,27.6,26,0,0,26,0,0,0,81225.0,0.0,0.0,0.0
530050,50,254.4,756.3,2.972494981790732,261.0,95.8,13.3,151.9,300.3,33.2,62.5,6.4,6.8,29.9,17.4,26.8,77.8,0.0,0.0,20.6,18.7,19,38,0,19,0,38,0,81225.0,0.0,0.0,0.0
530051,51,7.2,12.9,1.7848861582510018,0.0,0.0,0.0,0.0,2.3,0.0,0.0,0.0,0.0,0.0,0.0,0.0,0.0,0.0,0.0,1.8,0.5,0,0,0,0,0,0,0,81225.0,0.0,0.0,0.0
530052,52,0.0,0.0,0.0,0.0,0.0,0.0,0.0,0.0,0.0,0.0,0.0,0.0,0.0,0.0,0.0,0.0,0.0,0.0,0.0,0.0,0,0,0,0,0,0,0,93830.0,0.0,0.0,0.0
530053,53,0.0,0.0,0.0,0.0,0.0,0.0,0.0,0.0,0.0,0.0,0.0,0.0,0.0,0.0,0.0,0.0,0.0,0.0,0.0,0.0,0,0,0,0,0,0,0,78073.0,0.0,0.0,0.0
530054,54,0.0,0.0,0.0,0.0,0.0,0.0,0.0,0.0,0.0,0.0,0.0,0.0,0.0,0.0,0.0,0.0,0.0,0.0,0.0,0.0,0,0,0,0,0,0,0,78073.0,0.0,0.0,0.0
530055,55,161.3,367.3,2.2764212801692096,0.0,0.0,0.0,0.0,59.8,0.0,0.0,0.0,0.0,0.0,0.0,0.0,0.0,0.0,0.0,48.0,11.8,0,0,0,0,0,0,0,82500.0,0.0,0.0,0.0
530056,56,20.5,40.6,1.9760387056636382,0.0,0.0,0.0,0.0,8.5,0.0,0.0,0.0,0.0,0.0,0.0,0.0,0.0,0.0,0.0,7.0,1.5,0,0,0,0,0,0,0,82500.0,0.0,0.0,0.0
530057,57,5.2,10.3,1.9760387056636395,0.0,0.0,0.0,0.0,2.9,0.0,0.0,0.0,0.0,0.0,0.0,0.0,0.0,0.0,0.0,2.5,0.4,0,0,0,0,0,0,0,82500.0,0.0,0.0,0.0
530058,58,9.0,10.8,1.1994907822393681,0.0,0.0,0.0,0.0,1.7,0.0,0.0,0.0,0.0,0.0,0.0,0.0,0.0,0.0,0.0,1.1,0.7,7,0,0,7,0,0,0,82500.0,0.0,0.0,0.0
530059,59,185.5,428.5,2.3105556636357534,98.4,33.9,24.7,39.8,149.9,21.3,12.6,13.6,11.1,4.8,6.7,10.3,17.9,0.0,15.5,22.4,13.6,8,0,0,8,0,0,0,78073.0,0.0,0.0,0.0
530060,60,363.7,595.6,1.6377162901619937,95.9,14.2,19.1,62.6,149.0,13.8,0.3,10.8,8.3,16.9,0.6,14.0,31.2,0.0,0.0,26.4,26.7,29,0,0,29,0,0,0,78073.0,0.0,0.0,0.0
530061,61,263.5,636.2,2.414337981918055,207.0,31.6,2.8,172.7,261.6,29.5,2.0,1.3,1.4,18.5,110.2,5.6,38.4,0.0,0.0,35.2,19.3,9,0,0,9,0,0,0,86382.0,0.0,0.0,0.0
530062,62,463.4,773.1,1.6682271830068038,467.0,10.8,18.1,438.0,534.9,2.3,8.6,10.2,8.0,16.1,165.8,224.2,31.8,0.0,0.0,33.9,34.0,27,4,0,27,0,4,0,86382.0,0.0,0.0,0.0
530063,63,611.5,1348.6,2.205307981280583,174.5,24.0,23.5,127.0,276.4,20.4,3.7,12.9,10.6,21.0,6.5,23.0,76.4,0.0,0.0,57.0,44.9,36,10,0,36,0,10,0,81225.0,0.0,0.0,0.0
530064,64,268.1,526.7,1.964576295377659,155.1,12.4,5.6,137.2,211.1,8.2,4.2,2.7,2.9,5.3,60.0,23.8,48.0,0.0,0.0,36.2,19.7,12,0,0,12,0,0,0,81225.0,447.0,0.0,0.0
530065,65,281.0,789.3,2.8090144971169617,56.1,15.8,1.3,39.1,113.9,14.8,0.9,0.6,0.6,1.2,1.7,2.5,33.7,0.0,0.0,37.2,20.6,5,0,0,5,0,0,0,81225.0,0.0,0.0,0.0
530066,66,418.8,849.4,2.028171218482029,41.0,23.2,0.0,17.8,115.2,14.2,9.0,0.0,0.0,17.7,0.0,0.0,0.1,0.0,0.0,43.5,30.8,25,3,0,25,0,3,0,63427.0,0.0,0.0,0.0
530067,67,475.6,930.2,1.955695529760866,60.4,0.7,8.8,50.9,134.2,0.4,0.2,0.1,8.7,17.6,0.4,0.6,32.3,0.0,0.0,38.8,34.9,15,20,0,15,0,20,0,63427.0,0.0,0.0,0.0
530068,68,344.3,725.5,2.1072869474039866,84.6,11.1,5.0,68.5,117.1,7.4,3.7,2.4,2.6,4.8,6.6,10.2,46.9,0.0,0.0,7.2,25.3,30,0,0,30,0,0,0,63427.0,0.0,0.0,0.0
530069,69,139.7,384.2,2.749751397571927,25.1,0.6,8.7,15.8,53.8,0.4,0.2,0.1,8.5,0.3,0.4,14.1,1.0,0.0,0.0,18.4,10.3,3,63,0,3,0,63,0,63070.0,0.0,0.0,0.0
530070,70,297.5,677.2,2.276421280169212,0.0,0.0,0.0,0.0,84.2,0.0,0.0,0.0,0.0,0.0,0.0,0.0,0.0,0.0,0.0,62.4,21.8,1,0,0,1,0,0,0,63427.0,0.0,0.0,0.0
530071,71,263.3,793.1,3.011903462594974,48.0,0.5,0.2,47.3,94.6,0.3,0.2,0.1,0.1,16.5,0.3,0.4,30.1,0.0,0.0,27.3,19.3,4,0,0,4,0,0,0,63427.0,0.0,0.0,0.0
530072,72,49.2,107.8,2.1914363281579807,14.9,2.9,1.3,10.6,27.9,2.0,1.0,0.7,0.7,1.3,1.8,2.8,4.8,0.0,0.0,9.4,3.6,0,0,0,0,0,0,0,89825.0,0.0,0.0,0.0
530073,73,301.2,476.0,1.5803475790344863,53.2,16.8,9.8,26.6,120.0,15.9,0.9,0.5,9.3,18.8,1.5,2.3,4.0,0.0,0.0,44.7,22.1,4,3,0,4,0,3,0,93830.0,0.0,0.0,0.0
530074,74,59.2,224.7,3.793504990226761,0.0,0.0,0.0,0.0,14.2,0.0,0.0,0.0,0.0,0.0,0.0,0.0,0.0,0.0,0.0,9.8,4.3,1,0,0,1,0,0,0,82500.0,0.0,0.0,0.0
530075,75,31.5,114.6,3.6417966188308992,0.0,0.0,0.0,0.0,7.1,0.0,0.0,0.0,0.0,0.0,0.0,0.0,0.0,0.0,0.0,4.8,2.3,2,0,0,2,0,0,0,82500.0,0.0,0.0,0.0
530076,76,163.6,259.3,1.5848345165487476,19.4,1.9,10.7,6.8,43.4,1.3,0.6,0.4,10.3,0.8,1.1,1.7,3.1,0.0,0.0,12.0,12.0,35,0,0,35,0,0,0,97730.0,0.0,0.0,0.0
530077,77,221.1,417.1,1.8863140403644822,152.2,13.8,25.0,113.5,187.5,9.1,4.6,13.7,11.3,22.4,26.7,12.6,51.8,0.0,0.0,19.0,16.2,13,0,0,13,0,0,0,78073.0,0.0,0.0,0.0
530078,78,9.8,16.0,1.6392461221270906,1242.6,25.0,11.3,1206.3,1250.7,16.7,8.4,5.5,5.8,26.9,15.0,23.1,1141.3,0.0,0.0,7.3,0.7,1,0,0,1,0,0,1,86382.0,0.0,0.0,0.0
530079,79,144.4,196.1,1.3576374585281152,62.6,6.7,3.0,52.9,81.6,4.5,2.3,1.5,1.6,2.9,4.0,6.1,39.8,0.0,0.0,8.3,10.6,80,0,0,80,0,0,0,86382.0,0.0,0.0,0.0
530080,80,343.5,587.8,1.7114383816442005,270.7,17.0,7.7,246.0,342.4,11.3,5.7,3.7,4.0,23.1,151.7,15.6,55.7,0.0,0.0,46.5,25.2,57,0,0,57,0,0,0,86382.0,784.0,331.0,0.0
530081,81,153.6,208.5,1.357637458528116,65.8,5.3,10.8,49.7,88.6,3.5,1.8,1.2,9.6,2.3,3.2,4.8,39.3,0.0,0.0,11.5,11.3,35,0,0,35,0,0,0,86382.0,0.0,0.0,0.0
530082,82,54.1,105.7,1.9524339127360326,48.0,0.5,0.2,47.3,53.0,0.3,0.2,0.1,0.1,16.5,0.3,0.4,30.1,0.0,0.0,1.0,4.0,6,0,0,6,0,0,0,81225.0,0.0,0.0,0.0
530083,83,119.6,272.4,2.276421280169211,163.7,20.1,9.1,134.5,189.7,13.3,6.7,4.4,4.7,24.8,30.0,18.4,61.2,0.0,0.0,17.2,8.8,4,0,0,4,0,0,0,94627.0,0.0,0.0,0.0
530084,84,179.0,380.3,2.124712908475676,59.0,0.4,8.7,49.9,93.0,0.2,0.1,0.1,8.6,17.5,0.2,0.3,31.9,0.0,0.0,20.9,13.1,8,0,0,8,0,0,0,81225.0,0.0,0.0,0.0
530085,85,78.7,145.4,1.8480682332303846,26.1,1.9,0.9,23.3,43.7,1.3,0.7,0.4,0.4,17.4,1.1,1.7,3.1,0.0,0.0,11.8,5.8,4,0,0,4,0,0,0,61563.0,0.0,0.0,0.0
530086,86,434.7,678.8,1.5614297778591677,187.3,24.8,11.2,151.3,261.2,16.5,8.3,5.5,5.8,26.9,32.9,22.8,68.8,0.0,0.0,42.0,31.9,82,0,0,82,0,0,0,61574.0,0.0,0.0,0.0
530087,87,102.9,246.5,2.394416680489435,43.9,13.3,0.2,30.4,55.2,13.2,0.1,0.1,0.1,0.1,0.2,0.3,29.8,0.0,0.0,3.7,7.6,28,0,0,28,0,0,0,61563.0,0.0,0.0,0.0
530088,88,120.7,289.0,2.3944166801437707,235.9,40.0,10.6,185.2,274.9,15.5,24.5,5.1,5.5,10.1,86.9,21.4,66.8,0.0,0.0,30.2,8.9,116,76,0,116,0,76,0,61563.0,0.0,699.0,0.0
530089,89,333.2,730.2,2.191436328157978,63.1,12.4,5.5,45.2,178.4,8.4,4.0,2.8,2.7,5.4,7.6,12.0,20.2,0.0,0.0,90.9,24.5,0,0,0,0,0,0,0,114700.0,0.0,0.0,0.0
530090,90,417.1,999.6,2.3962896230382635,110.7,8.7,12.0,90.0,190.7,5.8,2.9,1.9,10.1,20.2,5.2,21.0,43.6,0.0,0.0,49.3,30.6,4,26,0,4,0,26,0,61563.0,0.0,0.0,0.0
530091,91,240.9,430.0,1.7848861582510034,432.7,263.3,3.6,165.9,460.0,243.8,19.5,1.7,1.8,3.4,23.2,7.3,132.0,0.0,0.0,9.5,17.7,0,0,0,0,0,0,0,61563.0,0.0,0.0,0.0
530092,92,412.0,827.3,2.007757116697031,161.3,45.3,5.2,110.8,235.2,33.3,12.0,2.5,2.7,21.0,6.8,35.9,47.1,0.0,0.0,43.7,30.3,52,0,0,52,0,0,0,89825.0,0.0,0.0,0.0
530093,93,450.5,1025.5,2.2764212801692127,137.5,7.7,38.5,91.4,195.7,5.1,2.6,1.7,36.8,21.2,4.6,21.2,44.4,0.0,0.0,25.1,33.1,29,0,0,29,0,0,0,90471.0,0.0,0.0,0.0
530094,94,192.6,388.6,2.0171727980680254,60.0,13.3,0.1,46.6,81.2,13.2,0.1,0.0,0.0,16.4,0.1,0.2,29.8,0.0,0.0,7.1,14.1,11,0,0,11,0,0,0,89825.0,0.0,0.0,0.0
530095,95,146.2,427.2,2.922405310869761,85.4,1.0,0.5,83.9,106.8,0.7,0.4,0.2,0.2,16.4,36.2,0.9,30.4,0.0,0.0,10.7,10.7,9,0,0,9,0,0,0,90625.0,450.0,0.0,0.0
530096,96,200.0,476.9,2.38433754407451,96.5,12.4,10.0,74.2,111.5,2.5,9.9,0.8,9.2,18.5,2.2,16.9,36.5,0.0,0.0,0.3,14.7,12,0,0,12,0,0,0,89825.0,0.0,0.0,0.0
530097,97,108.4,237.7,2.1923981825896752,127.9,29.2,26.4,72.2,143.8,29.0,0.3,0.2,26.3,18.1,20.3,0.7,33.2,0.0,0.0,7.9,8.0,7,0,0,7,0,0,0,93830.0,0.0,0.0,0.0
530098,98,356.5,552.0,1.5482210995496448,0.0,0.0,0.0,0.0,101.2,0.0,0.0,0.0,0.0,0.0,0.0,0.0,0.0,0.0,0.0,75.0,26.2,0,0,0,0,0,0,0,93830.0,0.0,0.0,0.0
530099,99,1428.1,1951.0,1.3661710543947512,104.4,17.5,7.9,79.1,477.4,11.7,5.7,3.9,3.9,23.8,10.5,16.5,28.3,0.0,0.0,268.1,104.9,63,0,0,63,0,0,0,80241.0,0.0,0.0,0.0
530100,100,162.1,356.3,2.1982442440446905,71.5,14.0,6.2,51.3,276.5,9.6,4.4,3.2,2.9,6.2,8.6,13.7,22.8,0.0,0.0,193.2,11.9,0,0,0,0,0,0,0,78073.0,0.0,0.0,0.0
530101,101,0.0,0.0,0.0,0.0,0.0,0.0,0.0,0.0,0.0,0.0,0.0,0.0,0.0,0.0,0.0,0.0,0.0,0.0,0.0,0.0,0,0,0,0,0,0,0,78073.0,0.0,0.0,0.0
530102,102,38.0,182.2,4.790445713347269,0.0,0.0,0.0,0.0,8.4,0.0,0.0,0.0,0.0,0.0,0.0,0.0,0.0,0.0,0.0,5.6,2.8,3,0,0,3,0,0,0,82500.0,0.0,0.0,0.0
530103,103,151.1,723.7,4.79044571231829,31.6,1.0,10.9,19.7,68.0,0.7,0.3,10.7,0.2,16.7,0.6,0.9,1.6,0.0,0.0,25.2,11.1,5,0,0,5,0,0,0,82500.0,0.0,0.0,0.0
530104,104,2.0,4.6,2.2764212801692105,0.0,0.0,0.0,0.0,0.1,0.0,0.0,0.0,0.0,0.0,0.0,0.0,0.0,0.0,0.0,0.0,0.1,1,0,0,1,0,0,0,82500.0,0.0,0.0,0.0
530105,105,0.0,0.0,0.0,0.0,0.0,0.0,0.0,0.0,0.0,0.0,0.0,0.0,0.0,0.0,0.0,0.0,0.0,0.0,0.0,0.0,0,0,0,0,0,0,0,78073.0,0.0,0.0,0.0
530106,106,14.2,30.0,2.1057493628365007,65.5,6.0,2.7,56.8,68.9,4.0,2.0,1.3,1.4,2.6,38.9,5.6,9.7,0.0,0.0,2.4,1.0,12,0,0,12,0,0,0,86382.0,0.0,0.0,0.0
530107,107,187.7,333.0,1.7745076047156085,310.9,229.9,3.5,77.5,347.1,20.6,209.3,1.7,1.8,3.3,4.6,22.4,47.2,0.0,0.0,22.5,13.8,57,24,0,57,0,24,130,114700.0,0.0,0.0,0.0
530108,108,371.1,813.2,2.191436328157978,931.3,160.4,72.2,698.6,1033.2,104.9,55.5,34.1,38.1,68.6,94.0,138.2,397.8,0.0,0.0,74.7,27.2,0,0,0,0,0,0,150,114700.0,0.0,0.0,0.0
530109,109,111.7,198.5,1.7774286868085918,168.2,22.0,10.0,136.3,188.4,14.6,7.4,4.8,5.1,9.5,13.1,20.2,93.5,0.0,0.0,12.0,8.2,65,0,0,65,0,0,44,51471.0,0.0,0.0,0.0
530110,110,311.6,539.1,1.7302711447045354,56.3,8.0,3.6,44.7,131.6,5.3,2.7,1.8,1.9,19.8,4.8,7.3,12.8,0.0,0.0,52.4,22.9,51,0,0,51,0,0,0,114700.0,0.0,0.0,0.0
530111,111,163.9,273.6,1.66958779594955,64.6,12.8,5.7,46.1,102.6,8.6,4.2,2.9,2.9,5.6,7.7,12.1,20.7,0.0,0.0,25.9,12.0,10,0,0,10,0,0,0,114700.0,0.0,0.0,0.0
530112,112,190.0,577.0,3.0368834943145075,85.0,0.1,8.2,76.7,99.0,0.1,0.0,0.0,8.2,33.2,0.1,13.3,30.1,0.0,0.0,0.0,14.0,30,0,0,30,0,0,0,114700.0,0.0,0.0,0.0
530113,113,110.0,265.5,2.413817540420596,51.6,1.2,0.5,49.9,59.8,0.8,0.4,0.3,0.3,16.8,0.7,1.1,31.3,0.0,0.0,0.1,8.1,8,0,0,8,0,0,0,114700.0,0.0,0.0,0.0
530114,114,220.0,618.1,2.809699190218896,132.7,26.6,0.2,105.9,148.9,26.4,0.2,0.1,0.1,16.5,0.3,0.5,88.7,0.0,0.0,0.1,16.2,19,0,0,19,0,0,0,114700.0,0.0,0.0,0.0
530115,115,0.0,0.0,0.0,253.8,30.1,2.5,221.2,254.4,28.3,1.8,1.2,1.3,2.4,140.7,41.7,36.5,0.0,0.0,0.6,0.0,0,0,0,0,0,0,0,114700.0,0.0,799.0,1327.0
530116,116,277.2,653.2,2.356737476226424,396.0,78.3,16.4,301.3,446.6,38.6,39.6,4.1,12.4,24.4,157.9,30.1,88.9,0.0,0.0,30.2,20.4,3,0,0,3,0,0,0,93830.0,0.0,0.0,0.0
530117,117,200.0,646.5,3.232695393752174,165.1,20.1,3.3,141.8,220.8,17.6,2.4,1.6,1.7,19.1,75.6,6.7,40.4,37.9,0.0,3.0,14.7,6,0,0,6,0,0,0,93830.0,490.0,0.0,0.0
530118,118,383.7,503.3,1.3119555233762574,78.5,6.6,3.0,68.9,114.0,4.4,2.2,1.4,1.5,19.1,3.9,6.0,39.9,0.0,0.0,7.3,28.2,234,2,0,234,0,2,0,91754.0,0.0,0.0,0.0
530119,119,0.0,0.0,0.0,0.0,0.0,0.0,0.0,0.0,0.0,0.0,0.0,0.0,0.0,0.0,0.0,0.0,0.0,0.0,0.0,0.0,0,0,0,0,0,0,0,115003.0,0.0,0.0,0.0
530120,120,47.1,78.6,1.669587796016153,0.0,0.0,0.0,0.0,12.3,0.0,0.0,0.0,0.0,0.0,0.0,0.0,0.0,0.0,0.0,8.8,3.5,8,0,0,8,0,0,0,82500.0,0.0,0.0,0.0
530121,121,337.4,550.7,1.6322441969746355,35.5,1.8,11.3,22.5,110.2,1.2,0.6,10.8,0.4,17.0,1.1,1.6,2.8,0.0,0.0,49.9,24.8,5,0,0,5,0,0,0,82500.0,0.0,0.0,0.0
530122,122,6.5,8.8,1.3661710543947523,0.0,0.0,0.0,0.0,1.3,0.0,0.0,0.0,0.0,0.0,0.0,0.0,0.0,0.0,0.0,0.9,0.5,33,0,0,33,0,0,0,97730.0,0.0,0.0,0.0
530123,123,86.2,176.5,2.048858723725596,30.7,6.0,2.6,22.0,80.0,4.1,1.9,1.4,1.2,2.7,3.7,5.9,9.8,0.0,0.0,43.0,6.3,0,0,0,0,0,0,0,105445.0,0.0,0.0,0.0
530124,124,162.5,337.5,2.076610254696464,60.4,0.9,0.4,59.2,106.9,0.6,0.3,0.2,0.2,16.0,0.5,13.2,29.5,0.0,15.5,19.0,11.9,55,0,0,55,0,0,0,86382.0,0.0,0.0,0.0
530125,125,874.7,2654.6,3.034963134222718,10.8,0.1,0.0,10.7,306.6,0.0,0.0,0.0,0.0,0.0,0.0,10.5,0.1,0.0,0.0,231.6,64.2,2,0,0,2,0,0,0,104744.0,0.0,0.0,0.0
530126,126,426.3,757.0,1.775783655993258,28.7,0.3,0.1,28.2,83.3,0.2,0.1,0.1,0.1,15.3,0.2,12.3,0.5,0.0,0.0,23.3,31.3,203,0,0,203,0,0,0,104744.0,0.0,0.0,0.0
530127,127,104.7,186.2,1.7774286866278972,380.4,4.5,2.0,373.8,398.0,3.0,1.5,1.0,1.0,1.9,2.7,16.8,352.4,0.0,0.0,9.9,7.7,83,0,0,83,0,0,0,78108.0,0.0,0.0,0.0
530128,128,90.6,108.7,1.1994907822393681,110.4,5.9,2.7,101.9,128.1,3.9,2.0,1.3,1.4,2.5,72.3,17.6,9.4,0.0,0.0,11.0,6.7,26,0,0,26,0,0,0,51471.0,0.0,0.0,0.0
530129,129,57.5,144.0,2.503983836612826,58.6,5.9,2.7,50.0,71.7,3.9,2.0,1.3,1.4,2.5,3.5,5.4,38.5,0.0,0.0,8.9,4.2,3,0,0,3,0,0,0,51471.0,11.0,6.0,2.0
530130,130,189.0,526.9,2.787049455761118,185.6,140.3,10.6,34.8,210.3,138.6,1.7,1.1,9.4,19.0,3.0,4.6,8.1,0.0,0.0,10.8,13.9,29,0,0,29,0,0,0,51471.0,0.0,0.0,0.0
530131,131,83.5,203.2,2.434725667646528,52.3,1.3,0.6,50.3,68.3,0.9,0.5,0.3,0.3,16.8,0.8,1.2,31.5,0.0,0.0,9.9,6.1,6,0,0,6,0,0,0,51471.0,0.0,0.0,0.0
530132,132,500.0,938.0,1.8759111808284499,41.8,3.0,10.2,28.6,78.7,2.0,1.0,0.7,9.5,19.3,1.8,2.7,4.8,0.0,0.0,0.2,36.7,23,0,0,23,0,0,0,51471.0,0.0,0.0,0.0
530133,133,620.0,1196.6,1.9299389356366288,69.2,0.3,8.3,60.6,114.8,0.2,0.1,0.1,8.2,16.7,0.2,13.4,30.3,0.0,0.0,0.0,45.5,64,0,0,64,0,0,0,72295.0,0.0,0.0,0.0
530134,134,265.0,687.4,2.594116457299538,136.0,0.3,7.8,127.9,155.5,0.2,0.1,0.1,7.7,15.8,17.7,37.6,56.9,0.0,0.0,0.0,19.5,36,0,0,36,0,0,0,72295.0,0.0,0.0,0.0
530135,135,570.0,960.3,1.684758633415813,49.5,4.1,1.8,43.5,91.7,2.7,1.4,0.9,0.9,1.8,2.4,3.7,35.6,0.0,0.0,0.4,41.9,38,39,0,38,0,39,0,60714.0,0.0,0.0,0.0
530136,136,227.0,480.7,2.117611666301682,348.2,203.4,13.4,131.4,365.8,182.5,20.9,2.5,10.9,4.9,6.8,10.5,109.1,0.0,0.0,1.0,16.7,27,0,0,27,0,0,0,60714.0,0.0,0.0,0.0
530137,137,450.0,957.3,2.127434135807644,430.3,148.5,10.9,270.9,463.6,31.4,117.2,1.1,9.7,37.1,81.1,18.5,134.1,0.0,0.0,0.3,33.0,11,38,0,11,0,38,0,72589.0,439.0,0.0,0.0
530138,138,290.0,613.9,2.11672825857733,618.3,300.9,11.7,305.7,640.1,247.2,53.8,1.7,10.0,103.9,4.6,33.7,163.6,0.0,0.0,0.5,21.3,0,11,0,0,0,11,0,72589.0,0.0,0.0,0.0
530139,139,160.0,617.0,3.856355601068992,126.7,17.5,9.9,99.2,138.9,15.9,1.6,1.1,8.9,17.9,2.9,42.1,36.3,0.0,0.0,0.4,11.7,4,45,0,4,0,45,0,93830.0,0.0,0.0,0.0
530140,140,284.2,605.5,2.1307812440452962,598.5,166.0,21.3,411.3,637.3,98.0,67.9,6.5,14.8,45.3,54.0,117.8,194.2,0.0,0.0,17.9,20.9,82,0,0,82,0,0,0,68276.0,0.0,0.0,0.0
530141,141,200.0,478.0,2.3902025583910165,545.3,343.3,13.5,188.5,560.9,188.9,154.3,2.4,11.1,22.2,6.6,79.4,80.4,0.0,0.0,0.9,14.7,23,0,0,23,0,0,0,36587.0,0.0,0.0,0.0
530142,142,660.0,1257.2,1.9048905764443247,156.2,14.8,6.7,134.6,205.8,9.8,5.0,3.3,3.5,6.4,62.3,13.6,52.4,0.0,0.0,1.1,48.5,65,21,0,65,0,21,0,68244.0,455.0,0.0,0.0
530143,143,411.3,786.0,1.91108275431454,59.0,0.4,8.7,49.9,137.1,0.2,0.1,0.1,8.6,17.5,0.2,0.3,31.9,0.0,0.0,47.9,30.2,54,109,0,54,0,109,0,93830.0,0.0,0.0,0.0
530144,144,140.8,221.7,1.5742282493303428,40.0,0.1,0.1,39.8,68.8,0.1,0.0,0.0,0.0,0.1,0.1,12.2,27.5,0.0,0.0,18.5,10.3,4,0,0,4,0,0,0,89026.0,0.0,0.0,0.0
530145,145,225.9,270.9,1.1994907822393681,85.9,0.9,0.4,84.6,121.0,0.6,0.3,0.2,0.2,0.4,0.5,56.9,26.8,0.0,0.0,18.5,16.6,60,0,0,60,0,0,0,36184.0,0.0,0.0,0.0
530146,146,317.6,509.5,1.6042364986444566,58.4,0.5,0.2,57.7,87.5,0.3,0.2,0.1,0.1,15.8,0.3,12.8,28.9,0.0,0.0,5.9,23.3,50,0,0,50,0,0,0,99615.0,0.0,0.0,0.0
530147,147,31.4,37.6,1.1994907822393681,0.0,0.0,0.0,0.0,4.6,0.0,0.0,0.0,0.0,0.0,0.0,0.0,0.0,0.0,0.0,2.3,2.3,7,0,0,7,0,0,0,36184.0,0.0,0.0,0.0
530148,148,268.4,657.1,2.4485413227900787,229.6,3.6,1.6,224.3,254.6,2.4,1.2,0.8,0.8,66.5,2.2,3.3,152.3,0.0,0.0,5.3,19.7,42,0,0,42,0,0,0,99615.0,0.0,0.0,0.0
530149,149,370.1,723.9,1.9559106373913642,58.9,2.7,1.2,55.1,185.7,1.8,0.9,0.6,0.6,17.4,1.6,2.4,33.6,37.9,0.0,61.6,27.2,49,60,0,49,0,60,0,71413.0,0.0,0.0,0.0
530150,150,365.5,791.9,2.1665634944749512,105.0,0.3,8.3,96.4,158.3,0.2,0.1,0.1,8.2,16.8,18.8,0.3,60.5,0.0,0.0,26.5,26.8,75,258,0,75,0,258,0,71413.0,0.0,0.0,0.0
530151,151,129.0,252.7,1.9582140282938372,35.6,1.3,0.6,33.7,47.5,0.9,0.4,0.3,0.3,0.6,0.8,1.2,31.1,0.0,0.0,2.5,9.5,1,0,0,1,0,0,0,130583.0,0.0,0.0,0.0
530152,152,152.2,298.0,1.9582140284512866,387.9,8.3,11.7,367.9,425.1,5.5,2.8,1.8,9.9,19.8,4.9,7.6,335.6,0.0,0.0,26.1,11.2,29,656,0,29,0,656,0,130583.0,0.0,0.0,0.0
530153,153,241.2,530.6,2.199901072276031,0.0,0.0,0.0,0.0,108.0,0.0,0.0,0.0,0.0,0.0,0.0,0.0,0.0,0.0,0.0,90.3,17.7,0,0,0,0,0,0,0,127893.0,0.0,0.0,0.0
530154,154,534.4,1163.2,2.176569355381935,0.0,0.0,0.0,0.0,180.7,0.0,0.0,0.0,0.0,0.0,0.0,0.0,0.0,0.0,0.0,141.5,39.2,0,0,0,0,0,0,0,102026.0,0.0,0.0,0.0
530155,155,494.1,787.5,1.5937336108383668,116.6,13.6,8.3,94.7,193.2,13.6,0.0,0.0,8.3,33.7,0.0,0.1,60.9,0.0,0.0,40.3,36.3,28,15,0,28,0,15,0,102026.0,0.0,0.0,0.0
530156,156,230.0,543.1,2.3614446524978203,51.3,1.1,0.5,49.6,68.3,0.8,0.4,0.2,0.3,16.8,0.7,1.0,31.2,0.0,0.0,0.1,16.9,21,0,0,21,0,0,0,114467.0,0.0,0.0,0.0
530157,157,670.0,803.7,1.1994907822393681,236.4,6.4,2.9,227.1,286.2,4.3,2.1,1.4,1.5,18.2,3.8,55.1,150.0,0.0,0.0,0.6,49.2,129,0,0,129,0,0,0,50195.0,0.0,0.0,0.0
530158,158,475.0,569.8,1.1994907822393681,17.5,0.2,0.1,17.3,52.4,0.1,0.1,0.0,0.0,16.8,0.1,0.1,0.3,0.0,0.0,0.0,34.9,48,1,0,48,0,1,0,50386.0,0.0,0.0,0.0
530159,159,865.0,1370.3,1.5841632222324262,64.7,1.7,0.8,62.3,128.4,1.1,0.6,0.4,0.4,16.4,1.0,14.0,30.9,0.0,0.0,0.2,63.5,91,0,0,91,0,0,0,78073.0,0.0,0.0,0.0
530160,160,226.2,497.3,2.198295681904111,0.0,0.0,0.0,0.0,83.9,0.0,0.0,0.0,0.0,0.0,0.0,0.0,0.0,0.0,0.0,67.3,16.6,0,0,0,0,0,0,0,65714.0,0.0,0.0,0.0
530161,161,0.0,0.0,0.0,0.0,0.0,0.0,0.0,0.0,0.0,0.0,0.0,0.0,0.0,0.0,0.0,0.0,0.0,0.0,0.0,0.0,0,0,0,0,0,0,0,82500.0,0.0,0.0,0.0
530162,162,0.0,0.0,0.0,0.0,0.0,0.0,0.0,0.0,0.0,0.0,0.0,0.0,0.0,0.0,0.0,0.0,0.0,0.0,0.0,0.0,1,0,0,1,0,0,0,82500.0,0.0,0.0,0.0
530163,163,0.0,0.0,0.0,0.0,0.0,0.0,0.0,0.0,0.0,0.0,0.0,0.0,0.0,0.0,0.0,0.0,0.0,0.0,0.0,0.0,1,0,0,1,0,0,0,97730.0,0.0,0.0,0.0
530164,164,333.0,486.3,1.4606309834845548,44.8,3.2,1.4,40.2,96.7,2.1,1.1,0.7,0.7,1.4,1.9,2.9,34.1,0.0,0.0,27.4,24.5,57,0,0,57,0,0,0,97730.0,0.0,0.0,0.0
530165,165,206.2,669.6,3.2473548545182704,105.9,15.3,6.9,83.6,160.8,10.2,5.1,3.4,3.6,6.6,9.2,14.1,53.7,0.0,0.0,39.7,15.1,11,0,0,11,0,0,0,97730.0,0.0,0.0,0.0
530166,166,0.0,0.0,0.0,0.0,0.0,0.0,0.0,0.0,0.0,0.0,0.0,0.0,0.0,0.0,0.0,0.0,0.0,0.0,0.0,0.0,0,0,0,0,0,0,0,105445.0,0.0,0.0,0.0
530167,167,388.4,1064.8,2.7417249112380313,252.6,17.4,20.4,214.8,295.7,15.9,1.5,11.4,9.0,18.1,39.0,4.0,153.7,0.0,0.0,14.6,28.5,33,0,0,33,0,0,0,105445.0,386.0,0.0,0.0
530168,168,296.4,695.6,2.346440528361279,115.5,14.3,8.6,92.6,142.7,13.9,0.4,0.2,8.3,16.9,0.7,14.1,61.0,0.0,0.0,5.5,21.8,19,0,0,19,0,0,0,105445.0,0.0,0.0,0.0
530169,169,428.5,898.1,2.0958757811940707,230.9,12.0,24.0,195.0,319.6,8.0,4.0,13.2,10.8,21.5,25.4,11.0,137.0,0.0,0.0,57.2,31.5,58,0,0,58,0,0,0,105445.0,0.0,0.0,0.0
530170,170,546.7,1139.6,2.084350132182676,295.9,1.5,8.6,285.8,417.0,1.0,0.5,0.3,8.3,16.9,0.9,1.3,266.8,0.0,0.0,81.0,40.1,48,159,0,48,0,159,0,105445.0,0.0,0.0,0.0
530171,171,834.8,2850.1,3.4142340623872873,35.0,5.2,11.3,18.5,293.3,3.5,1.8,1.1,10.2,2.3,3.1,4.7,8.3,0.0,0.0,197.0,61.3,16,0,0,16,0,0,0,105445.0,0.0,0.0,0.0
530172,172,2.2,3.4,1.5118110905186655,0.0,0.0,0.0,0.0,0.6,0.0,0.0,0.0,0.0,0.0,0.0,0.0,0.0,0.0,0.0,0.4,0.2,1,0,0,1,0,0,0,104744.0,0.0,0.0,0.0
530173,173,491.9,858.1,1.7445146692423874,93.4,13.7,18.9,60.9,138.6,13.5,0.2,10.7,8.2,16.6,0.3,13.5,30.4,0.0,0.0,9.0,36.1,188,0,0,188,0,0,0,104744.0,0.0,0.0,0.0
530174,174,218.9,482.3,2.203772200871627,114.3,25.5,13.6,75.2,135.3,21.3,4.2,2.7,10.9,5.4,25.7,24.3,19.8,0.0,0.0,4.9,16.1,12,0,0,12,0,0,0,66615.0,0.0,0.0,0.0
530175,175,35.5,73.7,2.0741434525353877,616.2,198.1,12.5,405.6,661.2,29.8,168.4,11.8,0.7,122.5,1.8,57.8,223.5,37.9,0.0,4.4,2.6,2,0,0,2,0,0,0,66615.0,0.0,0.0,311.0
530176,176,292.0,683.6,2.340953945083139,638.6,112.0,70.6,456.0,661.9,78.6,33.4,62.0,8.6,33.2,2.0,129.2,291.6,0.0,0.0,1.9,21.4,16,13,0,16,0,13,0,66648.0,0.0,0.0,0.0
530177,177,169.8,351.7,2.0710599488332906,621.6,186.8,59.5,375.3,639.1,136.3,50.5,37.5,22.0,27.2,33.2,35.7,279.2,0.0,0.0,5.0,12.5,6,25,0,6,0,25,0,99615.0,0.0,0.0,0.0
530178,178,183.6,309.4,1.6847586334158124,171.8,77.9,10.7,83.2,216.3,58.7,19.2,1.1,9.6,36.7,2.9,4.5,39.1,0.0,0.0,31.0,13.5,2,0,0,2,0,0,0,65364.0,0.0,0.0,0.0
530179,179,262.3,680.5,2.5950088591902714,61.8,13.7,0.3,47.8,100.2,13.5,0.2,0.1,0.1,16.6,0.3,0.5,30.4,0.0,0.0,19.1,19.3,15,0,0,15,0,0,0,99615.0,0.0,0.0,0.0
530180,180,139.8,238.7,1.7075148890601743,535.4,85.9,4.0,445.5,549.0,58.1,27.8,2.0,2.0,68.9,5.3,34.0,337.3,0.0,0.0,3.4,10.3,5,91,0,5,0,91,0,69526.0,0.0,0.0,0.0
530181,181,525.0,984.8,1.8757634731979984,103.5,19.5,3.0,81.0,142.6,17.2,2.3,1.5,1.6,18.8,4.0,18.8,39.4,0.0,0.0,0.5,38.6,15,8,0,15,0,8,0,65364.0,0.0,0.0,0.0
530182,182,185.0,420.2,2.271336083754079,62.3,0.3,18.6,43.4,75.9,0.2,0.1,10.6,8.1,0.1,0.2,13.2,29.9,0.0,0.0,0.0,13.6,45,0,0,45,0,0,0,99615.0,0.0,0.0,0.0
530183,183,292.8,731.0,2.496243613784545,139.6,15.2,1.1,123.3,166.7,14.4,0.8,0.5,0.6,17.0,1.5,14.9,90.0,0.0,0.0,5.6,21.5,25,0,0,25,0,0,0,60500.0,0.0,0.0,0.0
530184,184,485.0,1179.2,2.431395388165834,154.8,23.0,19.3,112.5,190.6,14.2,8.9,10.9,8.4,17.1,19.3,14.4,61.7,0.0,0.0,0.1,35.6,38,5,0,38,0,5,0,60500.0,0.0,0.0,0.0
530185,185,218.9,477.7,2.1822574637097865,54.4,3.0,9.8,41.6,88.6,2.0,1.0,0.6,9.2,1.3,1.8,2.7,35.9,0.0,0.0,18.1,16.1,7,10,0,7,0,10,0,69526.0,0.0,0.0,0.0
530186,186,287.0,492.3,1.7151933802410193,82.0,15.1,1.0,65.9,103.2,14.4,0.7,0.5,0.5,0.9,1.3,2.0,61.7,0.0,0.0,0.2,21.1,66,88,0,66,0,88,0,77436.0,0.0,0.0,0.0
530187,187,144.2,280.3,1.943568585782809,194.1,78.6,0.8,114.7,216.6,15.3,63.3,0.4,0.4,18.4,60.2,1.6,34.6,0.0,0.0,11.9,10.6,111,0,0,111,0,0,0,77436.0,0.0,0.0,0.0
530188,188,113.0,198.7,1.7582788440455768,64.3,0.3,0.1,63.9,80.8,0.2,0.1,0.1,0.1,16.2,18.1,0.2,29.4,0.0,0.0,8.2,8.3,18,0,0,18,0,0,0,71531.0,0.0,0.0,0.0
530189,189,466.1,1035.2,2.220794877735841,169.5,102.4,7.6,59.5,253.2,11.1,91.3,3.7,3.9,7.2,10.0,15.5,26.8,0.0,0.0,49.4,34.2,0,0,0,0,0,0,0,130583.0,0.0,0.0,0.0
530190,190,54.3,146.8,2.704774327592486,23.8,4.8,2.2,16.9,35.3,3.2,1.6,1.1,1.1,2.1,2.8,4.4,7.6,0.0,0.0,7.5,4.0,1,0,0,1,0,0,0,69526.0,0.0,0.0,0.0
530191,191,0.0,0.0,0.0,1498.0,119.2,69.1,1309.6,1505.5,72.7,46.5,40.3,28.8,228.8,195.5,284.1,601.1,0.0,0.0,7.6,0.0,0,0,0,0,0,0,0,102026.0,0.0,0.0,0.0
530192,192,0.0,0.0,0.0,666.8,121.0,123.9,421.9,671.1,102.7,18.3,86.8,37.1,222.6,32.5,49.9,116.9,0.0,0.0,4.3,0.0,0,0,0,0,0,0,0,102026.0,0.0,0.0,0.0
530193,193,331.0,627.0,1.894560209780273,371.9,45.9,15.2,310.8,417.0,34.6,11.3,7.4,7.9,29.8,71.4,128.2,81.3,0.0,0.0,20.8,24.3,23,2,0,23,0,2,0,102026.0,0.0,653.0,0.0
530194,194,260.7,313.3,1.2017646259472106,58.4,0.5,0.2,57.7,82.3,0.3,0.2,0.1,0.1,15.8,0.3,12.8,28.9,0.0,0.0,4.8,19.1,111,0,0,111,0,0,0,102026.0,0.0,0.0,0.0
530195,195,172.8,384.3,2.223906843540378,55.8,14.9,20.2,20.6,74.7,14.6,0.3,11.5,8.8,17.9,0.5,0.8,1.4,0.0,0.0,6.3,12.7,15,0,0,15,0,0,0,137737.0,0.0,0.0,0.0
530196,196,71.8,189.5,2.6405213704789983,18.2,0.3,0.1,17.7,29.4,0.2,0.1,0.1,0.1,16.8,0.2,0.3,0.5,0.0,0.0,5.9,5.3,7,0,0,7,0,0,0,102026.0,0.0,0.0,0.0
530197,197,200.0,239.9,1.1994907822393683,0.0,0.0,0.0,0.0,17.0,0.0,0.0,0.0,0.0,0.0,0.0,0.0,0.0,0.0,0.0,2.3,14.7,53,0,0,53,0,0,0,138958.0,0.0,0.0,0.0
530198,198,478.2,988.2,2.0663635349965666,287.2,15.8,1.4,270.0,339.8,14.8,1.0,0.7,0.7,17.3,1.8,15.5,235.4,0.0,0.0,17.4,35.1,93,29,0,93,0,29,0,138958.0,0.0,0.0,0.0
530199,199,646.6,1468.5,2.271066867385923,222.1,2.5,8.9,210.7,331.3,1.7,0.8,0.5,8.4,48.9,72.8,27.6,61.5,37.9,0.0,23.8,47.5,25,24,0,25,0,24,0,122628.0,0.0,0.0,0.0
530200,200,340.1,575.8,1.6931541452520242,1355.8,286.7,123.1,946.1,1412.2,168.8,117.8,62.8,60.3,182.9,139.4,218.9,404.9,0.0,0.0,31.4,25.0,27,0,0,27,0,0,120,97606.0,0.0,0.0,0.0
530201,201,268.7,591.2,2.19990107227603,509.9,262.5,33.5,214.0,632.8,240.5,22.0,13.1,20.4,26.7,36.7,53.8,96.7,0.0,0.0,103.2,19.7,0,0,0,0,0,0,0,65714.0,0.0,0.0,0.0
530202,202,280.0,442.1,1.5789568217544467,50.5,6.8,3.1,40.5,71.5,4.5,2.3,1.5,1.6,19.3,4.1,6.2,10.9,0.0,0.0,0.5,20.6,0,76,0,0,0,76,0,97375.0,0.0,0.0,0.0
530203,203,0.0,0.0,0.0,321.9,6.4,2.9,312.5,322.5,4.3,2.2,1.4,1.5,2.8,3.8,5.9,300.0,0.0,0.0,0.6,0.0,0,0,0,0,0,0,0,65714.0,0.0,0.0,0.0
530204,204,74.4,163.6,2.1999010722760306,496.1,64.0,205.3,226.8,525.3,42.5,21.5,14.1,191.2,27.6,38.2,58.8,102.3,0.0,0.0,23.7,5.5,0,0,0,0,0,0,0,65714.0,0.0,0.0,0.0
530205,205,63.2,138.5,2.191436328157977,262.4,101.6,19.0,141.9,283.3,27.0,74.6,8.7,10.3,17.8,24.4,35.4,64.2,0.0,0.0,16.3,4.6,0,0,0,0,0,0,0,65714.0,0.0,0.0,0.0
530206,206,91.9,201.5,2.191436328157981,47.2,9.3,4.1,33.8,75.0,6.3,3.0,2.1,2.0,4.1,5.6,9.0,15.1,0.0,0.0,21.0,6.8,0,0,0,0,0,0,0,65714.0,0.0,0.0,0.0
530207,207,140.5,415.9,2.9591089495000578,217.2,49.5,18.5,149.2,262.7,27.8,21.7,9.4,9.1,18.0,24.9,39.4,67.0,0.0,0.0,35.2,10.3,0,181,0,0,0,181,0,65714.0,0.0,0.0,0.0
530208,208,161.0,353.9,2.1982956819041113,92.7,18.1,8.1,66.5,152.0,12.4,5.7,4.2,3.9,8.0,11.1,17.7,29.6,0.0,0.0,47.5,11.8,0,0,0,0,0,0,0,65714.0,0.0,0.0,0.0
530209,209,549.4,1568.9,2.8556714225623394,95.9,9.3,0.5,86.1,146.4,0.7,8.7,0.2,0.2,16.8,37.2,0.9,31.2,0.0,0.0,10.1,40.3,107,31,0,107,0,31,0,65714.0,412.0,0.0,0.0
530210,210,384.9,1114.4,2.8953914336958406,0.0,0.0,0.0,0.0,100.1,0.0,0.0,0.0,0.0,0.0,0.0,0.0,0.0,0.0,0.0,71.8,28.3,6,0,0,6,0,0,0,65714.0,0.0,0.0,0.0
530211,211,573.0,1659.1,2.8953914336958433,48.0,0.5,0.2,47.3,152.3,0.3,0.2,0.1,0.1,16.5,0.3,0.4,30.1,0.0,0.0,62.2,42.1,34,0,0,34,0,0,0,65714.0,0.0,0.0,0.0
530212,212,469.3,1030.9,2.1965490321161814,0.0,0.0,0.0,0.0,132.9,0.0,0.0,0.0,0.0,0.0,0.0,0.0,0.0,0.0,0.0,98.4,34.5,0,0,0,0,0,0,0,65714.0,0.0,0.0,0.0
530213,213,0.0,0.0,0.0,0.0,0.0,0.0,0.0,0.0,0.0,0.0,0.0,0.0,0.0,0.0,0.0,0.0,0.0,0.0,0.0,0.0,0,0,0,0,0,0,0,97730.0,0.0,0.0,0.0
530214,214,0.0,0.0,0.0,0.0,0.0,0.0,0.0,0.0,0.0,0.0,0.0,0.0,0.0,0.0,0.0,0.0,0.0,0.0,0.0,0.0,0,0,0,0,0,0,0,105445.0,0.0,0.0,0.0
530215,215,76.8,168.9,2.1983276177459916,0.0,0.0,0.0,0.0,17.0,0.0,0.0,0.0,0.0,0.0,0.0,0.0,0.0,0.0,0.0,11.3,5.6,0,0,0,0,0,0,0,105445.0,0.0,0.0,0.0
530216,216,32.4,72.3,2.2309087688804876,65.5,1.8,9.2,54.5,70.4,1.2,0.6,0.4,8.9,18.0,1.0,1.6,33.9,0.0,0.0,2.5,2.4,2,0,0,2,0,0,0,66695.0,0.0,0.0,0.0
530217,217,4.2,8.6,2.0488587237255964,0.0,0.0,0.0,0.0,0.8,0.0,0.0,0.0,0.0,0.0,0.0,0.0,0.0,0.0,0.0,0.5,0.3,0,0,0,0,0,0,0,66695.0,0.0,0.0,0.0
530218,218,93.6,194.9,2.0827510198428616,18.2,0.3,0.1,17.7,31.9,0.2,0.1,0.1,0.1,16.8,0.2,0.3,0.5,0.0,0.0,6.8,6.9,2,34,0,2,0,34,0,66695.0,0.0,0.0,0.0
530219,219,125.0,264.3,2.114427595867082,343.4,22.9,8.7,311.8,352.7,14.1,8.8,0.3,8.3,0.7,1.0,14.4,295.8,0.0,0.0,0.1,9.2,9,2,0,9,0,2,0,31603.0,0.0,0.0,0.0
530220,220,159.4,283.0,1.7760498117028747,19.5,0.6,0.3,18.6,37.0,0.4,0.2,0.1,0.1,16.9,0.3,0.5,0.9,0.0,0.0,5.9,11.7,2,12,0,2,0,12,0,66695.0,0.0,0.0,0.0
530221,221,121.8,205.5,1.6874358392616302,276.7,44.3,2.6,229.7,288.4,17.1,27.2,1.3,1.3,2.5,3.5,5.4,218.3,0.0,0.0,2.8,8.9,3,9,0,3,0,9,0,31603.0,0.0,0.0,0.0
530222,222,115.0,239.4,2.0819233687544747,156.8,16.5,11.6,128.6,165.7,15.0,1.6,10.6,1.1,16.8,2.8,74.9,34.2,0.0,0.0,0.4,8.4,5,0,0,5,0,0,0,66695.0,0.0,0.0,0.0
530223,223,79.2,207.4,2.617765114834633,43.7,0.8,0.4,42.5,51.0,0.5,0.3,0.2,0.2,0.4,0.5,12.8,28.8,0.0,0.0,1.5,5.8,16,2,0,16,0,2,0,31603.0,0.0,0.0,0.0
530224,224,67.1,138.2,2.0596950364790105,406.0,117.3,28.6,260.1,418.7,53.0,64.3,19.4,9.2,33.7,23.5,49.4,153.5,0.0,0.0,7.8,4.9,6,0,0,6,0,0,0,69526.0,0.0,0.0,0.0
530225,225,33.3,60.0,1.805602197972519,677.3,197.9,5.8,473.5,682.8,178.3,19.7,2.8,3.0,20.7,7.7,288.2,157.0,0.0,0.0,3.1,2.4,2,1,0,2,0,1,0,31603.0,0.0,0.0,0.0
530226,226,316.0,660.5,2.0902337337211367,671.5,84.9,37.6,549.0,739.1,54.1,30.8,19.7,17.9,66.3,43.5,140.6,298.5,0.0,0.0,44.3,23.2,4,0,0,4,0,0,0,31603.0,0.0,0.0,0.0
530227,227,293.6,415.6,1.4153737693350268,695.8,274.4,13.9,407.5,772.7,31.5,242.9,12.3,1.5,36.7,4.0,234.4,132.6,0.0,0.0,55.3,21.6,5,0,0,5,0,0,40,31603.0,0.0,0.0,0.0
530228,228,1.0,1.8,1.812193665024236,512.8,307.9,4.1,200.9,513.8,271.2,36.7,2.0,2.1,37.0,97.9,21.5,44.4,0.0,0.0,0.9,0.1,0,0,0,0,0,0,0,31603.0,0.0,0.0,0.0
530229,229,218.3,452.7,2.074143452141532,468.7,209.0,11.9,247.8,505.3,61.8,147.2,1.6,10.4,74.2,123.6,6.5,43.4,0.0,0.0,20.7,16.0,0,0,0,0,0,0,60,31603.0,0.0,0.0,0.0
530230,230,294.0,610.4,2.0761662304988295,390.0,104.9,6.0,279.1,412.7,75.2,29.7,2.9,3.1,105.1,7.9,25.4,140.7,0.0,0.0,1.1,21.6,1,1,0,1,0,1,0,31603.0,0.0,0.0,0.0
530231,231,8.0,25.4,3.1866715059436697,828.6,10.9,77.6,740.1,830.9,7.3,3.7,2.4,75.2,119.9,503.5,10.1,106.6,0.0,0.0,1.7,0.6,0,0,0,0,0,0,0,31603.0,0.0,0.0,113.0
530232,232,118.1,212.0,1.7952890182194905,63.1,1.2,9.0,52.8,85.7,0.8,0.4,0.3,8.8,17.8,0.7,1.1,33.2,0.0,0.0,13.9,8.7,46,0,0,46,0,0,0,69526.0,0.0,0.0,0.0
530233,233,204.9,427.5,2.0867858166523425,188.2,44.0,41.1,103.1,211.3,42.1,2.0,32.0,9.1,18.4,3.5,43.2,38.0,0.0,0.0,8.0,15.0,12,8,0,12,0,8,0,49375.0,0.0,0.0,0.0
530234,234,255.0,532.2,2.0869406213592936,74.6,14.8,11.1,48.7,93.5,14.0,0.8,10.5,0.5,1.0,1.4,14.5,31.8,0.0,0.0,0.2,18.7,12,14,0,12,0,14,0,49375.0,0.0,0.0,0.0
530235,235,78.6,172.9,2.1982442440446914,664.3,67.1,30.4,566.8,686.5,44.5,22.6,14.7,15.7,358.2,40.0,61.4,107.1,0.0,0.0,16.4,5.8,12,0,0,12,0,0,0,69526.0,0.0,0.0,0.0
530236,236,0.0,0.0,0.0,689.3,121.4,35.4,532.5,693.7,36.5,84.9,22.6,12.8,56.4,324.9,63.4,87.8,0.0,0.0,4.4,0.0,0,0,0,0,0,0,27,43196.0,0.0,0.0,0.0
530237,237,242.8,439.4,1.8092132000597039,692.2,83.1,38.0,571.1,765.2,58.4,24.7,10.8,27.3,166.7,29.2,122.0,253.2,37.9,0.0,17.2,17.8,18,24,0,18,0,24,0,37018.0,0.0,0.0,0.0
530238,238,0.0,0.0,0.0,140.1,27.7,12.5,99.9,144.2,18.6,9.1,6.2,6.2,12.0,16.7,26.3,44.9,0.0,0.0,4.2,0.0,0,0,0,0,0,0,0,69526.0,0.0,0.0,0.0
530239,239,4.5,7.5,1.6695877960161531,1042.0,330.0,43.8,668.2,1045.9,157.6,172.4,18.9,24.9,115.4,22.3,231.7,298.7,0.0,0.0,3.6,0.3,0,0,0,0,0,0,428,37018.0,0.0,0.0,0.0
530240,240,4.2,8.8,2.1034737372720644,280.1,55.4,25.0,199.8,289.2,37.2,18.1,12.5,12.5,24.0,33.4,52.6,89.8,0.0,0.0,8.8,0.3,0,0,0,0,0,0,0,69526.0,0.0,0.0,0.0
530241,241,159.4,229.9,1.4420252390212613,1268.7,286.6,51.4,930.8,1302.6,102.7,183.8,18.9,32.5,112.7,41.1,455.2,321.8,0.0,0.0,22.1,11.7,0,47,0,0,0,47,164,69526.0,0.0,0.0,0.0
530242,242,0.0,0.0,0.0,421.8,52.6,31.9,337.2,426.1,35.2,17.5,11.7,20.2,171.5,31.6,49.2,84.9,0.0,0.0,4.3,0.0,0,0,0,0,0,0,0,69526.0,0.0,0.0,0.0
530243,243,0.0,0.0,0.0,286.7,271.6,1.7,13.4,286.9,81.0,190.6,0.8,0.9,1.6,2.3,3.5,6.0,0.0,0.0,0.2,0.0,0,0,0,0,0,0,264,37018.0,0.0,0.0,0.0
530244,244,315.7,694.0,2.1982956819041135,249.0,49.0,21.9,178.2,375.4,33.2,15.7,11.2,10.6,21.5,29.8,47.2,79.7,0.0,0.0,103.1,23.2,0,0,0,0,0,0,0,69526.0,0.0,0.0,0.0
530245,245,0.0,0.0,0.0,1214.5,775.0,12.6,426.9,1214.9,757.0,18.0,11.4,1.2,34.1,20.9,219.9,152.0,0.0,0.0,0.5,0.0,0,0,0,0,0,0,101,69526.0,0.0,0.0,115.0
530246,246,0.0,0.0,0.0,1017.6,655.6,109.1,252.9,1021.7,234.4,421.3,12.7,96.4,24.8,34.4,67.8,125.9,0.0,0.0,4.0,0.0,0,0,0,0,0,0,667,86023.0,0.0,0.0,0.0
530247,247,0.0,0.0,0.0,384.5,248.7,26.7,109.1,384.8,247.4,1.3,0.9,25.9,35.6,2.4,3.6,67.5,0.0,0.0,0.3,0.0,0,0,0,0,0,0,0,69526.0,0.0,0.0,0.0
530248,248,0.0,0.0,0.0,156.8,31.0,13.9,112.0,161.5,20.9,10.1,7.0,6.9,13.5,18.7,29.5,50.2,0.0,0.0,4.6,0.0,0,0,0,0,0,0,0,87094.0,0.0,0.0,0.0
530249,249,455.3,862.0,1.8932694410007906,298.4,26.5,2.4,269.5,340.7,16.5,10.0,1.2,1.2,18.5,3.1,4.8,243.0,0.0,0.0,8.9,33.4,15,58,0,15,0,58,0,102026.0,0.0,0.0,0.0
530250,250,0.0,0.0,0.0,0.0,0.0,0.0,0.0,0.0,0.0,0.0,0.0,0.0,0.0,0.0,0.0,0.0,0.0,0.0,0.0,0.0,0,0,0,0,0,0,0,111745.0,0.0,0.0,0.0
530251,251,60.3,168.5,2.7930497869876567,1133.8,663.2,32.8,437.8,1148.9,542.6,120.6,17.5,15.3,46.6,36.9,94.5,259.8,0.0,0.0,10.7,4.4,2,0,0,2,0,0,77,133350.0,0.0,0.0,0.0
530252,252,187.2,384.9,2.056044909663485,186.4,44.3,56.8,85.2,200.6,33.2,11.2,1.2,55.7,20.8,3.1,19.5,41.8,0.0,0.0,0.4,13.7,20,0,0,20,0,0,0,97375.0,0.0,0.0,0.0
530253,253,250.0,659.7,2.6387957774651176,211.4,16.1,17.3,178.0,231.2,10.7,5.4,13.6,3.7,22.6,62.0,39.6,53.9,0.0,0.0,1.4,18.4,11,0,0,11,0,0,0,97375.0,553.0,0.0,0.0
530254,254,163.3,359.3,2.199901072276031,80.8,15.8,7.0,58.0,151.1,10.8,5.0,3.7,3.4,7.0,9.7,15.4,25.9,0.0,0.0,58.3,12.0,0,0,0,0,0,0,0,65714.0,0.0,0.0,0.0
530255,255,291.0,640.1,2.1999010722760315,0.0,0.0,0.0,0.0,130.3,0.0,0.0,0.0,0.0,0.0,0.0,0.0,0.0,0.0,0.0,108.9,21.4,0,0,0,0,0,0,0,65714.0,0.0,0.0,0.0
530256,256,190.2,418.3,2.199901072276031,0.0,0.0,0.0,0.0,77.4,0.0,0.0,0.0,0.0,0.0,0.0,0.0,0.0,0.0,0.0,63.5,14.0,0,0,0,0,0,0,0,65714.0,0.0,0.0,0.0
530257,257,295.4,649.9,2.199901072276033,21.3,4.2,1.9,15.2,154.3,2.8,1.4,1.0,0.9,1.8,2.5,4.0,6.8,0.0,0.0,111.3,21.7,0,0,0,0,0,0,0,65714.0,0.0,0.0,0.0
530258,258,356.6,784.6,2.1999010722760324,32.1,6.3,2.8,23.1,194.7,4.3,2.0,1.5,1.3,2.8,3.9,6.2,10.2,0.0,0.0,136.4,26.2,0,0,0,0,0,0,0,65714.0,0.0,0.0,0.0
530259,259,104.0,227.9,2.1914363281579803,72.1,14.1,6.3,51.7,105.0,9.6,4.5,3.3,3.0,6.2,8.6,13.8,23.1,0.0,0.0,25.2,7.6,0,0,0,0,0,0,0,65714.0,0.0,0.0,0.0
530260,260,0.0,0.0,0.0,329.9,64.6,28.8,236.5,345.3,44.1,20.6,14.9,13.9,28.4,39.5,63.0,105.6,0.0,0.0,15.4,0.0,0,0,0,0,0,0,0,65714.0,0.0,0.0,0.0
530261,261,342.1,752.0,2.198295681904113,0.0,0.0,0.0,0.0,126.8,0.0,0.0,0.0,0.0,0.0,0.0,0.0,0.0,0.0,0.0,101.7,25.1,0,0,0,0,0,0,0,65714.0,0.0,0.0,0.0
530262,262,0.0,0.0,0.0,0.0,0.0,0.0,0.0,0.0,0.0,0.0,0.0,0.0,0.0,0.0,0.0,0.0,0.0,0.0,0.0,0.0,0,0,0,0,0,0,0,97730.0,0.0,0.0,0.0
530263,263,82.0,209.0,2.548314204703268,1583.0,73.4,68.6,1441.0,1589.0,40.0,33.3,21.1,47.5,160.4,856.7,103.6,320.3,0.0,0.0,0.0,6.0,3,0,0,3,0,0,98,66695.0,0.0,0.0,0.0
530264,264,0.0,0.0,0.0,219.9,10.0,56.3,153.6,220.7,6.7,3.4,2.2,54.1,4.3,124.0,9.2,16.1,0.0,0.0,0.8,0.0,0,0,0,0,0,0,0,66695.0,0.0,0.0,0.0
530265,265,0.0,0.0,0.0,1798.5,181.8,102.8,1513.9,1802.0,128.2,53.5,70.4,32.4,321.4,489.5,149.8,553.2,0.0,0.0,3.5,0.0,0,0,38,0,0,0,116,66695.0,0.0,0.0,0.0
530266,266,0.0,0.0,0.0,585.6,298.3,13.1,274.2,587.9,184.0,114.2,6.4,6.7,46.7,17.3,40.3,169.9,0.0,0.0,2.3,0.0,0,0,46,0,0,0,194,66695.0,0.0,0.0,0.0
530267,267,64.6,141.7,2.19143632815798,1605.0,116.2,20.6,1468.3,1664.2,93.0,23.2,10.0,10.5,97.9,500.2,203.8,666.3,37.9,0.0,16.5,4.7,0,0,0,0,0,0,0,41854.0,0.0,0.0,0.0
530268,268,16.1,34.6,2.14638553319655,482.5,143.5,15.3,323.7,487.0,23.9,119.6,3.3,12.0,110.4,9.0,55.2,149.1,0.0,0.0,3.3,1.2,0,0,0,0,0,0,78,41854.0,0.0,0.0,0.0
530269,269,147.1,315.6,2.146385533522535,421.9,102.2,11.8,307.9,435.6,41.8,60.4,11.3,0.5,151.6,20.1,42.0,94.3,0.0,0.0,2.9,10.8,0,0,0,0,0,0,145,41854.0,0.0,0.0,0.0
530270,270,19.8,38.5,1.9454211976313185,470.6,136.1,44.0,290.4,473.2,32.4,103.7,33.9,10.2,53.4,23.8,139.4,73.9,0.0,0.0,1.2,1.5,0,0,0,0,0,0,0,41854.0,0.0,0.0,0.0
530271,271,15.4,30.3,1.9730045385478072,548.4,46.7,15.7,486.0,553.3,24.4,22.2,3.8,11.9,104.5,137.0,41.6,202.8,0.0,0.0,3.8,1.1,0,0,0,0,0,0,0,41854.0,0.0,0.0,0.0
530272,272,173.0,272.3,1.573771983110286,410.1,3.1,9.3,397.7,445.7,2.0,1.0,0.7,8.7,82.5,1.8,15.7,297.8,0.0,0.0,22.8,12.7,0,0,0,0,0,0,0,41854.0,0.0,0.0,0.0
530273,273,180.2,456.5,2.5336659096490743,129.8,2.8,1.3,125.7,166.9,1.9,1.0,0.6,0.7,31.0,1.7,61.7,31.4,0.0,0.0,23.9,13.2,3,0,0,3,0,0,0,41854.0,0.0,0.0,0.0
530274,274,149.4,291.1,1.9487311988904017,217.9,4.3,9.7,203.9,232.0,2.9,1.4,0.9,8.8,1.9,162.5,4.0,35.5,0.0,0.0,3.2,11.0,0,0,0,0,0,0,0,41854.0,0.0,0.0,0.0
530275,275,14.9,29.7,1.988973840303552,60.5,1.7,0.8,58.1,62.0,1.1,0.6,0.4,0.4,0.7,53.1,1.5,2.7,0.0,0.0,0.4,1.1,2,2,0,2,0,2,0,46014.0,0.0,0.0,0.0
530276,276,246.0,389.0,1.58103698725764,381.1,28.0,17.1,336.0,405.0,22.8,5.1,13.6,3.6,22.4,9.1,51.8,252.7,0.0,0.0,5.8,18.1,15,9,0,15,0,9,0,46014.0,0.0,0.0,0.0
530277,277,294.1,691.1,2.3503161327983744,700.0,0.5,0.2,699.3,727.0,0.3,0.2,0.1,0.1,32.2,18.2,13.1,635.7,0.0,0.0,5.4,21.6,21,17,0,21,0,17,0,66667.0,0.0,0.0,0.0
530278,278,197.5,373.0,1.8887221091493163,879.3,90.9,41.2,747.1,926.8,60.3,30.6,20.0,21.3,39.2,54.2,134.0,519.7,0.0,0.0,33.0,14.5,9,1,0,9,0,1,0,66667.0,0.0,0.0,0.0
530279,279,98.2,173.8,1.7694464714606961,0.0,0.0,0.0,0.0,10.8,0.0,0.0,0.0,0.0,0.0,0.0,0.0,0.0,0.0,0.0,3.6,7.2,7,13,0,7,0,13,0,46014.0,0.0,0.0,0.0
530280,280,300.0,404.1,1.347128162650083,450.0,16.8,0.4,432.9,472.0,0.5,16.3,0.2,0.2,16.1,317.2,13.2,86.4,0.0,0.0,0.0,22.0,0,1,0,0,0,1,0,35069.0,0.0,0.0,0.0
530281,281,357.3,595.9,1.6675166917052269,91.5,10.1,4.6,76.8,138.0,6.7,3.4,2.2,2.4,4.4,6.0,21.8,44.6,0.0,0.0,20.3,26.2,7,39,0,7,0,39,0,37018.0,0.0,0.0,0.0
530282,282,130.0,177.6,1.3661710543947512,21.1,4.1,1.8,15.1,31.8,2.8,1.3,1.0,0.9,1.8,2.5,4.0,6.7,0.0,0.0,1.2,9.5,2,3,0,2,0,3,0,37018.0,0.0,0.0,0.0
530283,283,57.2,179.9,3.143326257097267,843.7,33.4,24.2,786.1,854.4,22.2,11.2,16.4,7.8,28.5,98.8,579.9,78.9,0.0,0.0,6.5,4.2,3,2,0,3,0,2,0,64063.0,0.0,0.0,0.0
530284,284,179.7,508.9,2.8316093614179234,54.6,1.8,0.8,52.0,74.6,1.2,0.6,0.4,0.4,17.0,1.1,1.6,32.2,0.0,0.0,6.7,13.2,17,0,0,17,0,0,0,64063.0,0.0,0.0,0.0
530285,285,91.4,169.8,1.857915429013279,63.6,5.1,12.4,46.1,72.4,3.4,1.7,11.2,1.2,17.8,3.1,17.1,8.2,0.0,0.0,2.1,6.7,5,0,0,5,0,0,0,35069.0,562.0,0.0,0.0
530286,286,318.0,682.8,2.147069932473437,305.0,65.8,21.5,217.7,329.0,30.7,35.1,12.0,9.6,35.3,58.3,83.4,40.8,0.0,0.0,0.7,23.4,2,22,0,2,0,22,0,62965.0,0.0,0.0,0.0
530287,287,120.0,274.2,2.284696282453718,131.9,19.2,12.9,99.8,141.4,16.8,2.5,11.2,1.7,18.0,4.4,65.7,11.7,0.0,0.0,0.7,8.8,12,0,0,12,0,0,0,59345.0,0.0,0.0,0.0
530288,288,189.3,333.7,1.7629467937075933,758.9,57.1,14.9,686.9,779.0,21.9,35.2,7.3,7.7,45.9,196.8,105.8,338.4,0.0,0.0,6.1,13.9,69,22,236,69,0,22,0,37018.0,0.0,844.0,1266.0
530289,289,94.5,283.8,3.004621460788782,286.2,3.2,1.5,281.5,295.0,2.1,1.1,0.7,0.7,17.2,72.6,15.5,176.2,0.0,0.0,1.9,6.9,0,0,0,0,0,0,0,86023.0,476.0,0.0,0.0
530290,290,387.1,860.7,2.2234612671823424,506.1,6.8,18.9,480.3,542.4,4.5,2.3,10.5,8.4,30.9,4.1,384.0,61.4,0.0,0.0,7.9,28.4,21,20,0,21,0,20,0,85905.0,0.0,0.0,0.0
530291,291,0.0,0.0,0.0,1949.7,506.5,204.0,1239.3,1953.1,426.4,80.1,72.6,131.4,149.4,264.8,73.2,751.9,0.0,0.0,3.4,0.0,0,0,0,0,0,0,285,86023.0,0.0,0.0,0.0
530292,292,180.1,216.1,1.1994907822393681,831.5,62.1,8.7,760.7,848.3,38.1,23.9,0.7,8.1,61.4,35.4,361.0,303.0,0.0,0.0,3.6,13.2,0,0,0,0,0,0,0,86928.0,0.0,0.0,0.0
530293,293,0.0,0.0,0.0,0.0,0.0,0.0,0.0,0.0,0.0,0.0,0.0,0.0,0.0,0.0,0.0,0.0,0.0,0.0,0.0,0.0,0,0,0,0,0,0,0,86023.0,0.0,0.0,0.0
530294,294,814.8,1805.0,2.2153165187315227,186.7,16.0,19.5,151.2,262.3,14.9,1.1,10.9,8.5,17.3,2.0,40.8,91.1,0.0,15.5,0.3,59.8,63,0,0,63,0,0,0,92986.0,0.0,0.0,0.0
530295,295,74.1,160.3,2.162640001947404,0.0,0.0,0.0,0.0,10.8,0.0,0.0,0.0,0.0,0.0,0.0,0.0,0.0,0.0,0.0,5.4,5.4,14,0,0,14,0,0,0,91880.0,0.0,0.0,0.0
530296,296,0.0,0.0,0.0,472.7,151.0,51.8,270.0,476.6,89.9,61.2,22.6,29.1,74.0,31.7,48.7,115.6,0.0,0.0,3.8,0.0,0,0,0,0,0,0,104,92986.0,0.0,0.0,0.0
530297,297,1194.3,3056.3,2.5591342908703134,640.4,95.1,51.2,494.1,841.8,45.4,49.7,31.8,19.4,135.6,193.8,57.6,107.2,0.0,0.0,113.7,87.7,36,143,0,36,0,143,0,65714.0,0.0,912.0,1241.0
530298,298,0.0,0.0,0.0,3252.4,537.6,757.4,1957.4,3282.1,397.3,140.2,456.1,301.3,296.6,249.2,383.8,1027.9,0.0,0.0,29.7,0.0,0,0,0,0,0,0,0,65714.0,0.0,0.0,0.0
530299,299,260.7,573.5,2.1999010722760315,749.4,124.1,206.7,418.5,868.2,80.0,44.1,25.6,181.1,53.3,72.4,103.1,189.8,0.0,0.0,99.7,19.1,0,0,0,0,0,0,0,65714.0,0.0,0.0,0.0
530300,300,228.6,503.0,2.1999010722760297,0.0,0.0,0.0,0.0,93.1,0.0,0.0,0.0,0.0,0.0,0.0,0.0,0.0,0.0,0.0,76.3,16.8,0,0,0,0,0,0,0,65714.0,0.0,0.0,0.0
530301,301,65.1,143.3,2.1999010722760297,0.0,0.0,0.0,0.0,22.0,0.0,0.0,0.0,0.0,0.0,0.0,0.0,0.0,0.0,0.0,17.2,4.8,0,0,0,0,0,0,0,65714.0,0.0,0.0,0.0
530302,302,87.2,191.9,2.1999010722760293,81.1,2.3,1.0,77.7,113.6,1.5,0.8,0.5,0.5,1.0,70.9,2.1,3.7,0.0,0.0,26.1,6.4,0,0,0,0,0,0,0,121681.0,0.0,0.0,592.0
530303,303,94.9,208.8,2.1999010722760284,7.4,1.5,0.7,5.3,42.9,1.0,0.5,0.3,0.3,0.6,0.9,1.4,2.4,0.0,0.0,28.4,7.0,0,0,0,0,0,0,0,65714.0,0.0,0.0,0.0
530304,304,202.3,445.0,2.1999010722760315,0.0,0.0,0.0,0.0,82.4,0.0,0.0,0.0,0.0,0.0,0.0,0.0,0.0,0.0,0.0,67.5,14.9,0,0,0,0,0,0,0,121681.0,0.0,0.0,0.0
530305,305,0.0,0.0,0.0,0.0,0.0,0.0,0.0,0.0,0.0,0.0,0.0,0.0,0.0,0.0,0.0,0.0,0.0,0.0,0.0,0.0,11,0,0,11,0,0,0,97730.0,0.0,0.0,0.0
530306,306,4.2,9.5,2.2764212801692105,0.0,0.0,0.0,0.0,0.8,0.0,0.0,0.0,0.0,0.0,0.0,0.0,0.0,0.0,0.0,0.5,0.3,0,0,0,0,0,0,0,105445.0,0.0,0.0,0.0
530307,307,73.4,150.4,2.0488587237255973,174.0,9.4,12.1,152.5,188.5,6.2,3.1,2.1,10.1,4.0,95.8,8.6,44.1,0.0,0.0,9.1,5.4,3,0,0,3,0,0,0,64477.0,0.0,0.0,0.0
530308,308,132.5,158.9,1.1994907822393681,158.1,41.6,12.9,103.7,174.0,32.3,9.3,6.5,6.3,12.5,17.3,27.4,46.6,0.0,0.0,6.1,9.7,9,0,0,9,0,0,0,63177.0,0.0,0.0,0.0
530309,309,91.9,244.8,2.664794710307069,1581.7,191.7,453.6,936.4,1708.2,173.9,17.8,178.6,275.0,92.1,31.8,104.0,708.6,0.0,108.6,11.1,6.7,1,0,0,1,0,0,0,66695.0,0.0,0.0,0.0
530310,310,0.0,0.0,0.0,490.3,403.7,4.2,82.3,491.0,142.1,261.6,2.1,2.2,4.1,5.6,23.6,49.0,0.0,0.0,0.7,0.0,0,0,0,0,0,0,52,50323.0,0.0,0.0,0.0
530311,311,0.0,0.0,0.0,407.1,107.5,61.2,238.3,409.7,40.2,67.3,8.6,52.6,52.4,23.4,35.9,126.6,0.0,0.0,2.6,0.0,0,0,0,0,0,0,87,63177.0,0.0,0.0,0.0
530312,312,0.0,0.0,0.0,601.0,331.9,42.4,226.7,601.7,182.5,149.5,23.8,18.6,20.7,5.2,156.2,44.5,0.0,0.0,0.7,0.0,0,0,0,0,0,0,135,50323.0,0.0,0.0,0.0
530313,313,4.6,5.6,1.1994907822393681,433.1,110.2,62.5,260.3,434.7,31.4,78.7,44.5,18.0,19.7,22.9,86.1,131.7,0.0,0.0,1.3,0.3,0,0,0,0,0,0,0,41854.0,0.0,0.0,0.0
530314,314,0.0,0.0,0.0,518.9,249.9,8.6,260.4,520.5,174.9,75.0,4.2,4.4,58.8,49.1,30.9,121.7,0.0,0.0,1.6,0.0,0,0,0,0,0,0,125,50323.0,0.0,0.0,0.0
530315,315,0.0,0.0,0.0,689.1,544.6,31.8,112.8,690.5,206.2,338.5,27.8,3.9,26.0,10.2,15.7,60.9,0.0,0.0,1.3,0.0,0,0,0,0,0,0,0,82031.0,0.0,0.0,0.0
530316,316,255.3,532.4,2.0850353352284623,2779.9,86.1,39.0,2654.8,2832.9,57.3,28.8,19.0,20.0,37.2,2173.0,251.0,193.6,0.0,0.0,34.2,18.7,0,34,0,0,0,34,0,66667.0,0.0,0.0,314.0
530317,317,320.0,402.3,1.2571974358076836,1003.3,210.4,4.6,788.4,1027.6,143.8,66.6,2.2,2.4,82.0,23.4,330.4,352.6,0.0,0.0,0.8,23.5,0,0,0,0,0,0,0,50366.0,0.0,0.0,0.0
530318,318,0.0,0.0,0.0,874.0,277.4,29.6,567.0,877.9,31.3,246.0,10.4,19.2,53.9,46.9,269.8,196.4,0.0,0.0,3.9,0.0,0,0,0,0,0,0,215,82031.0,0.0,0.0,0.0
530319,319,250.0,573.3,2.2933561678236885,107.7,44.6,0.3,62.8,126.1,27.3,17.3,0.2,0.2,17.0,0.4,13.9,31.4,0.0,0.0,0.0,18.4,41,0,0,41,0,0,0,81892.0,0.0,0.0,0.0
530320,320,0.0,0.0,0.0,1127.4,910.0,20.3,197.1,1129.1,682.3,227.7,15.7,4.7,8.7,12.1,18.6,157.7,0.0,0.0,1.7,0.0,0,0,0,0,0,0,0,50323.0,0.0,0.0,0.0
530321,321,300.0,552.7,1.842202974574019,1775.8,382.3,842.4,551.1,1798.6,379.5,2.8,1.8,840.6,81.3,26.7,254.7,188.5,0.0,0.0,0.7,22.0,0,0,0,0,0,0,0,50274.0,0.0,0.0,0.0
530322,322,0.0,0.0,0.0,3906.8,36.9,16.7,3853.2,3909.8,24.5,12.4,8.1,8.6,15.9,22.0,3756.4,59.0,0.0,0.0,3.0,0.0,0,0,0,0,0,0,0,50323.0,0.0,0.0,0.0
530323,323,0.0,0.0,0.0,998.7,96.0,43.5,859.3,1005.9,63.7,32.3,21.1,22.4,41.4,211.1,343.1,263.6,0.0,0.0,7.2,0.0,0,0,0,0,0,0,0,82031.0,0.0,0.0,0.0
530324,324,34.3,75.4,2.1999010722760297,551.3,3.8,1.7,545.9,562.3,2.5,1.3,0.8,0.9,1.6,2.2,411.0,131.0,0.0,0.0,8.5,2.5,0,0,0,0,0,0,0,48667.0,0.0,0.0,0.0
530325,325,300.0,381.5,1.271681411974501,693.9,83.9,11.8,598.2,716.7,80.8,3.1,2.0,9.7,66.1,40.2,168.9,323.0,0.0,0.0,0.8,22.0,37,30,0,37,0,30,0,59297.0,0.0,0.0,0.0
530326,326,87.5,120.7,1.3803937141724774,83.3,2.9,1.3,79.1,97.1,1.9,1.0,0.6,0.7,1.3,1.7,15.1,61.0,0.0,0.0,7.4,6.4,22,0,0,22,0,0,0,48667.0,0.0,0.0,0.0
530327,327,113.0,135.6,1.1994907822393683,46.6,0.2,0.1,46.3,56.9,0.1,0.1,0.0,0.0,16.4,0.1,0.2,29.7,0.0,0.0,2.1,8.3,24,0,0,24,0,0,0,48667.0,0.0,0.0,0.0
530328,328,102.1,169.4,1.6593024831763956,289.3,36.8,0.7,251.8,305.3,13.2,23.6,0.4,0.4,15.8,17.9,133.7,84.4,0.0,0.0,8.4,7.5,13,0,0,13,0,0,0,48667.0,0.0,0.0,0.0
530329,329,160.4,263.0,1.63924612212709,87.6,2.0,0.9,84.7,149.2,1.3,0.7,0.4,0.5,15.8,1.2,37.5,30.2,37.9,0.0,11.8,11.8,21,1,0,21,0,1,0,86023.0,0.0,0.0,0.0
530330,330,0.0,0.0,0.0,653.7,15.1,69.0,569.6,655.2,10.1,5.1,3.3,65.7,22.4,9.0,228.0,310.1,0.0,0.0,1.4,0.0,0,0,0,0,0,0,0,86023.0,0.0,0.0,0.0
530331,331,49.8,124.4,2.496136851593993,26.9,1.0,8.8,17.1,35.7,0.7,0.3,0.2,8.6,0.4,0.6,14.4,1.6,0.0,0.0,5.2,3.7,1,0,0,1,0,0,0,48667.0,0.0,0.0,0.0
530332,332,0.0,0.0,0.0,224.8,88.7,11.8,124.2,226.6,17.3,71.4,5.7,6.1,11.3,15.6,23.9,73.4,0.0,0.0,1.8,0.0,0,0,0,0,0,0,0,95071.0,0.0,0.0,0.0
530333,333,153.0,286.8,1.8745991086251566,1200.0,292.7,43.8,863.5,1219.6,144.0,148.7,19.5,24.4,41.1,55.6,88.8,678.0,0.0,0.0,8.4,11.2,33,0,0,33,0,0,0,147827.0,0.0,0.0,0.0
530334,334,138.1,307.2,2.224193808527536,142.2,2.2,1.0,139.1,152.6,1.4,0.7,0.5,0.5,16.7,18.9,14.5,88.9,0.0,0.0,0.2,10.1,11,0,0,11,0,0,0,147827.0,0.0,0.0,0.0
530335,335,290.0,649.5,2.239609690571192,603.1,388.6,12.5,202.0,625.3,376.9,11.7,2.2,10.4,20.7,24.3,22.2,134.8,0.0,0.0,0.9,21.3,20,0,0,20,0,0,0,94956.0,0.0,0.0,0.0
530336,336,450.0,750.4,1.6675650179892472,386.4,8.2,21.7,356.6,423.3,5.4,2.7,12.0,9.7,51.2,4.9,58.0,242.5,0.0,0.0,3.8,33.0,83,52,0,83,0,52,0,95758.0,0.0,0.0,0.0
530337,337,475.0,1109.5,2.335785425591088,104.4,15.9,19.8,68.7,139.5,15.0,0.9,11.2,8.7,17.6,1.6,15.5,34.0,0.0,0.0,0.2,34.9,27,0,0,27,0,0,0,63947.0,0.0,0.0,0.0
530338,338,186.1,471.5,2.5333017119208137,195.0,13.8,14.2,167.0,213.2,9.1,4.6,3.0,11.2,22.2,80.9,12.6,51.3,0.0,0.0,4.5,13.7,10,0,0,10,0,0,0,63947.0,448.0,0.0,0.0
530339,339,200.8,574.8,2.8624727953529794,121.2,17.9,10.2,93.0,154.8,16.4,1.5,1.0,9.3,18.7,2.7,4.1,67.6,0.0,0.0,18.9,14.7,0,12,0,0,0,12,0,65714.0,0.0,0.0,0.0
530340,340,557.1,1599.0,2.870062731783736,1423.4,291.3,358.2,773.9,1903.3,240.8,50.5,280.7,77.5,70.4,93.1,114.7,495.6,0.0,356.9,82.1,40.9,0,31,0,0,0,31,0,121681.0,0.0,0.0,0.0
530341,341,0.0,0.0,0.0,2037.7,170.9,1098.7,768.1,2045.8,137.2,33.7,654.2,444.5,61.0,60.1,106.6,540.4,0.0,0.0,8.1,0.0,0,0,0,0,0,0,0,121681.0,0.0,0.0,0.0
530342,342,71.8,157.2,2.191436328157978,0.0,0.0,0.0,0.0,18.7,0.0,0.0,0.0,0.0,0.0,0.0,0.0,0.0,0.0,0.0,13.4,5.3,0,0,0,0,0,0,0,121681.0,0.0,0.0,0.0
530343,343,0.0,0.0,0.0,0.0,0.0,0.0,0.0,0.0,0.0,0.0,0.0,0.0,0.0,0.0,0.0,0.0,0.0,0.0,0.0,0.0,0,0,0,0,0,0,0,121681.0,0.0,0.0,0.0
530344,344,354.0,1024.9,2.895391433695842,158.5,22.4,10.1,126.0,219.2,15.0,7.4,5.0,5.1,25.9,13.5,21.1,65.5,0.0,0.0,34.7,26.0,10,0,0,10,0,0,0,121681.0,0.0,0.0,0.0
530345,345,593.0,1717.1,2.895391433695842,561.5,97.7,52.0,411.8,627.6,65.8,31.9,22.1,29.8,58.7,58.9,106.0,188.1,0.0,0.0,22.6,43.5,44,0,0,44,0,0,0,121681.0,0.0,0.0,0.0
530346,346,12.5,27.5,2.20640203150757,0.0,0.0,0.0,0.0,1.9,0.0,0.0,0.0,0.0,0.0,0.0,0.0,0.0,0.0,0.0,1.0,0.9,6,0,0,6,0,0,0,97730.0,0.0,0.0,0.0
530347,347,332.6,703.7,2.1157888877387236,80.2,10.9,13.4,55.9,111.5,7.3,3.7,2.4,11.0,21.8,6.5,10.0,17.5,0.0,0.0,6.9,24.4,46,2,0,46,0,2,0,63177.0,0.0,0.0,0.0
530348,348,140.3,312.7,2.2288708953206102,218.6,104.8,8.1,105.7,237.9,90.4,14.3,3.9,4.2,7.7,10.7,29.3,58.0,0.0,0.0,9.0,10.3,12,0,116,12,0,0,0,63177.0,0.0,0.0,0.0
530349,349,395.0,1111.8,2.8146346283619503,495.5,151.2,2.0,342.2,524.9,44.4,106.8,1.0,1.0,140.0,21.9,17.7,162.7,0.0,0.0,0.4,29.0,20,0,0,20,0,0,0,86300.0,27.0,3.0,0.0
530350,350,29.0,102.5,3.533433496714892,292.8,40.6,1.0,251.2,296.6,39.9,0.7,0.5,0.5,0.9,1.3,14.7,234.2,0.0,0.0,1.7,2.1,0,0,0,0,0,0,0,25967.0,0.0,0.0,0.0
530351,351,0.0,0.0,0.0,1853.0,799.1,20.4,1033.5,1853.0,716.5,82.6,11.4,9.0,113.4,3.2,421.3,495.6,0.0,0.0,0.0,0.0,0,0,0,0,0,0,0,25967.0,0.0,0.0,0.0
530352,352,90.0,228.7,2.5414308402488275,33.2,0.8,0.4,32.0,39.9,0.6,0.3,0.2,0.2,0.4,0.5,0.8,30.3,0.0,0.0,0.1,6.6,2,0,0,2,0,0,0,86300.0,0.0,0.0,0.0
530353,353,79.6,233.4,2.9323368835704997,49.8,0.8,0.4,48.6,57.2,0.6,0.3,0.2,0.2,16.6,0.5,0.8,30.7,0.0,0.0,1.5,5.8,1,0,0,1,0,0,0,86300.0,0.0,0.0,0.0
530354,354,0.0,0.0,0.0,202.1,189.1,1.5,11.5,202.4,188.0,1.1,0.7,0.7,1.4,1.9,3.0,5.2,0.0,0.0,0.3,0.0,0,0,0,0,0,0,0,25967.0,0.0,0.0,0.0
530355,355,120.0,256.6,2.1382582995939767,151.8,0.5,0.2,151.1,162.8,0.3,0.2,0.1,0.1,15.9,105.6,0.5,29.1,0.0,0.0,2.1,8.8,6,0,0,6,0,0,0,100037.0,420.0,703.0,0.0
530356,356,274.3,558.2,2.0350670536134765,95.0,2.0,8.9,84.1,120.2,1.3,0.7,0.4,8.5,17.2,19.4,14.8,32.7,0.0,0.0,5.1,20.1,54,4,0,54,0,4,0,100470.0,0.0,0.0,0.0
530357,357,196.7,235.9,1.1994907822393681,263.6,1.8,0.8,261.0,281.8,1.2,0.6,0.4,0.4,43.9,1.1,161.4,54.7,0.0,0.0,3.7,14.4,10,0,0,10,0,0,0,25967.0,0.0,0.0,0.0
530358,358,120.0,143.9,1.1994907822393683,0.0,0.0,0.0,0.0,8.8,0.0,0.0,0.0,0.0,0.0,0.0,0.0,0.0,0.0,0.0,0.0,8.8,33,0,0,33,0,0,0,25967.0,0.0,0.0,0.0
530359,359,112.7,218.5,1.9392915674461753,64.3,1.5,9.1,53.6,74.7,1.0,0.5,0.3,8.8,17.9,0.9,1.3,33.5,0.0,0.0,2.2,8.3,17,0,0,17,0,0,0,58929.0,0.0,0.0,0.0
530360,360,190.0,447.5,2.35534471006781,86.8,13.8,10.6,62.4,100.9,13.3,0.4,10.3,0.3,0.6,18.2,13.6,30.1,0.0,0.0,0.1,14.0,18,0,0,18,0,0,0,58929.0,0.0,0.0,0.0
530361,361,210.0,598.2,2.848436449798447,102.3,13.5,0.4,88.5,117.8,13.2,0.3,0.2,0.2,16.2,0.5,13.3,58.5,0.0,0.0,0.1,15.4,18,0,0,18,0,0,0,58929.0,0.0,0.0,0.0
530362,362,360.0,636.0,1.7666811537355136,152.0,14.6,8.6,128.8,178.6,13.9,0.7,0.5,8.1,16.5,1.2,51.5,59.6,0.0,0.0,0.2,26.4,24,0,0,24,0,0,0,69058.0,0.0,0.0,0.0
530363,363,73.3,212.0,2.8921787851708642,165.5,18.9,8.6,138.0,180.9,12.5,6.4,4.2,4.4,8.2,82.4,17.3,30.2,0.0,0.0,10.0,5.4,0,0,0,0,0,0,0,58929.0,0.0,727.0,0.0
530364,364,230.8,307.6,1.333024687627293,434.7,59.5,3.2,372.0,456.5,17.3,42.2,1.6,1.6,159.8,4.2,168.5,39.6,0.0,0.0,4.9,16.9,0,0,0,0,0,0,0,58929.0,0.0,0.0,0.0
530365,365,391.8,975.6,2.4897611768350987,861.2,542.1,7.9,311.2,898.4,380.4,161.8,3.9,4.0,41.6,48.5,70.2,150.8,0.0,0.0,8.5,28.8,0,9,0,0,0,9,0,33530.0,0.0,0.0,118.0
530366,366,0.0,0.0,0.0,359.2,73.8,15.8,269.6,361.8,62.1,11.7,7.7,8.1,15.0,20.8,32.0,201.8,0.0,0.0,2.6,0.0,0,0,0,0,0,0,0,48667.0,0.0,0.0,0.0
530367,367,136.8,324.3,2.3701235091115462,90.8,15.3,9.0,66.6,103.6,14.6,0.7,0.4,8.6,17.4,1.2,15.0,33.0,0.0,0.0,2.7,10.0,10,0,0,10,0,0,0,48667.0,0.0,0.0,0.0
530368,368,211.6,525.4,2.482744664678089,234.6,23.6,10.7,200.3,283.4,15.7,8.0,5.2,5.5,10.2,14.1,138.2,37.7,0.0,0.0,33.2,15.5,18,0,0,18,0,0,0,48667.0,0.0,0.0,0.0
530369,369,120.9,361.2,2.9891643815894087,72.6,13.3,0.3,59.0,85.9,13.1,0.2,0.1,0.1,16.0,0.4,13.1,29.5,0.0,0.0,4.5,8.9,14,0,0,14,0,0,0,112500.0,0.0,0.0,0.0
530370,370,465.5,1157.0,2.4855949423597052,109.2,32.9,9.1,67.2,192.9,14.8,18.1,0.3,8.8,17.9,0.9,15.0,33.5,0.0,15.5,33.9,34.2,111,0,0,111,0,0,0,112500.0,0.0,0.0,0.0
530371,371,460.0,1307.3,2.8420136524840314,189.6,63.1,14.1,112.5,224.0,18.2,44.9,12.4,1.7,19.8,4.4,46.5,41.8,0.0,0.0,0.6,33.8,37,0,0,37,0,0,0,147827.0,0.0,0.0,0.0
530372,372,325.0,1162.5,3.576778745145847,134.2,14.5,8.6,111.1,158.2,14.0,0.5,0.3,8.3,16.9,19.0,14.2,61.0,0.0,0.0,0.1,23.9,34,0,0,34,0,0,0,95758.0,0.0,0.0,0.0
530373,373,340.0,887.1,2.609231518967998,250.7,25.3,9.8,215.6,277.4,15.7,9.6,0.9,8.9,17.9,74.4,29.5,93.8,0.0,0.0,1.7,25.0,22,0,0,22,0,0,0,121681.0,0.0,804.0,0.0
530374,374,293.2,840.4,2.8666291888242306,195.6,14.1,8.4,173.0,265.8,13.7,0.5,0.3,8.1,32.5,54.3,26.6,59.7,37.9,0.0,10.8,21.5,22,0,0,22,0,0,0,121681.0,552.0,0.0,0.0
530375,375,238.6,684.5,2.8685915014686554,260.8,26.7,18.5,215.6,321.1,16.6,10.1,1.1,17.4,18.7,21.5,17.8,157.6,37.9,0.0,4.8,17.5,16,0,0,16,0,0,0,121681.0,0.0,0.0,0.0
530376,376,58.5,128.7,2.19932620569417,89.0,17.4,7.7,63.8,119.9,11.9,5.5,4.0,3.7,7.7,10.7,17.0,28.5,0.0,0.0,26.6,4.3,0,0,0,0,0,0,0,121681.0,0.0,0.0,0.0
530377,377,0.0,0.0,0.0,715.0,111.2,189.1,414.7,785.4,73.9,37.3,24.5,164.6,48.0,86.2,102.4,178.0,0.0,62.1,8.3,0.0,0,0,0,0,0,0,0,121681.0,0.0,0.0,0.0
530378,378,62.5,136.9,2.191436328157979,0.0,0.0,0.0,0.0,16.2,0.0,0.0,0.0,0.0,0.0,0.0,0.0,0.0,0.0,0.0,11.6,4.6,0,0,0,0,0,0,0,121681.0,0.0,0.0,0.0
530379,379,308.2,670.9,2.1765693553819356,57.1,11.2,4.9,41.0,129.3,7.7,3.5,2.6,2.3,4.9,6.9,10.9,18.2,0.0,0.0,49.6,22.6,0,0,0,0,0,0,0,121681.0,0.0,0.0,0.0
530380,380,204.2,449.3,2.199901072276031,34.1,6.7,2.9,24.5,120.7,4.6,2.1,1.6,1.4,3.0,4.1,6.6,10.9,0.0,0.0,71.6,15.0,0,0,0,0,0,0,0,121681.0,0.0,0.0,0.0
530381,381,190.0,354.3,1.8646414164540994,54.9,3.0,1.3,50.6,69.1,2.0,1.0,0.7,0.7,1.3,1.8,15.0,32.6,0.0,0.0,0.2,14.0,49,0,0,49,0,0,0,82788.0,0.0,0.0,0.0
530382,382,91.0,169.9,1.8668086785707043,0.0,0.0,0.0,0.0,6.7,0.0,0.0,0.0,0.0,0.0,0.0,0.0,0.0,0.0,0.0,0.0,6.7,22,0,0,22,0,0,0,46736.0,0.0,0.0,0.0
530383,383,108.0,201.6,1.8668086785707045,63.8,1.4,0.6,61.8,71.9,0.9,0.5,0.3,0.3,0.6,18.0,13.4,29.8,0.0,0.0,0.1,7.9,24,0,0,24,0,0,0,46736.0,0.0,0.0,0.0
530384,384,306.2,827.2,2.7012047190236537,0.0,0.0,0.0,0.0,79.6,0.0,0.0,0.0,0.0,0.0,0.0,0.0,0.0,0.0,0.0,57.1,22.5,11,0,0,11,0,0,0,82788.0,0.0,0.0,0.0
530385,385,60.0,101.2,1.6874358394664282,79.5,0.3,8.0,71.2,83.9,0.2,0.1,0.1,7.9,16.1,0.2,25.7,29.3,0.0,0.0,0.0,4.4,15,0,0,15,0,0,0,82788.0,0.0,0.0,0.0
530386,386,60.1,112.2,1.8680387452133032,58.4,0.5,0.2,57.7,65.0,0.3,0.2,0.1,0.1,15.8,0.3,12.8,28.9,0.0,0.0,2.2,4.4,19,0,0,19,0,0,0,46736.0,0.0,0.0,0.0
530387,387,128.7,240.4,1.8680387456730265,58.4,0.5,0.2,57.7,72.5,0.3,0.2,0.1,0.1,15.8,0.3,12.8,28.9,0.0,0.0,4.7,9.5,23,0,0,23,0,0,0,46736.0,0.0,0.0,0.0
530388,388,470.4,766.4,1.6290694117319042,241.4,24.5,1.5,215.4,310.3,15.1,9.3,0.7,0.8,17.6,2.0,15.9,180.0,0.0,0.0,34.3,34.5,92,0,0,92,0,0,0,82788.0,0.0,0.0,0.0
530389,389,346.8,723.2,2.0856502751471506,88.4,1.6,0.7,86.1,126.7,1.1,0.5,0.4,0.4,16.6,36.6,1.5,31.3,0.0,0.0,12.8,25.5,48,0,0,48,0,0,0,82533.0,210.0,0.0,0.0
530390,390,299.6,624.2,2.083337898930934,128.7,14.3,6.5,107.9,173.5,9.5,4.8,3.1,3.3,22.1,8.5,25.7,51.6,0.0,0.0,22.7,22.0,65,0,0,65,0,0,0,47456.0,0.0,0.0,0.0
530391,391,250.0,387.3,1.5493311607448526,437.4,80.6,47.5,309.3,457.1,50.2,30.4,3.6,43.9,23.4,9.7,132.0,144.1,0.0,0.0,1.4,18.4,0,26,0,0,0,26,111,52239.0,0.0,0.0,0.0
530392,392,142.3,239.8,1.6843886124653125,694.0,521.3,1.3,171.3,723.3,302.5,218.8,0.7,0.7,19.1,1.8,16.9,133.5,0.0,0.0,18.9,10.5,0,0,0,0,0,0,0,100263.0,0.0,0.0,0.0
530393,393,298.7,358.3,1.1994907822393681,280.4,51.1,35.8,193.6,310.7,38.3,12.7,18.9,16.9,16.4,22.6,34.8,119.8,0.0,0.0,8.3,21.9,59,0,0,59,0,0,0,50404.0,0.0,0.0,0.0
530394,394,76.5,161.8,2.114925272782627,1315.9,948.1,16.2,351.7,1329.0,842.5,105.6,7.9,8.3,15.4,21.4,46.3,268.6,0.0,0.0,7.4,5.6,0,4,0,0,0,4,0,100263.0,0.0,0.0,0.0
530395,395,0.0,0.0,0.0,1138.3,677.7,9.2,451.4,1140.1,442.7,235.1,4.5,4.7,43.3,31.5,32.5,344.1,0.0,0.0,1.7,0.0,0,0,0,0,0,0,140,61611.0,0.0,0.0,0.0
530396,396,30.4,78.4,2.5798380219726633,370.4,169.7,6.8,193.9,374.4,23.9,145.8,3.3,3.5,6.5,67.0,96.3,24.1,0.0,0.0,1.7,2.2,0,0,0,0,0,0,0,61611.0,489.0,0.0,0.0
530397,397,135.0,296.8,2.1993262056941703,148.6,29.0,12.8,106.8,233.9,19.9,9.1,6.7,6.1,12.8,17.9,28.6,47.4,0.0,0.0,75.4,9.9,0,0,0,0,0,0,0,61611.0,0.0,0.0,0.0
530398,398,291.0,691.4,2.376083713530162,1164.1,578.5,114.2,471.3,1187.4,571.4,7.2,77.6,36.7,57.7,85.1,148.2,180.2,0.0,0.0,2.0,21.4,0,11,0,0,0,11,0,61611.0,0.0,0.0,1124.0
530399,399,290.0,533.6,1.8401289303341772,29.6,0.1,0.1,29.4,50.9,0.1,0.0,0.0,0.0,0.1,0.1,0.1,29.2,0.0,0.0,0.0,21.3,36,24,0,36,0,24,0,61611.0,0.0,0.0,0.0
530400,400,135.0,296.8,2.1993262056941703,1033.7,85.9,519.2,428.5,1107.6,82.2,3.7,159.0,360.3,23.4,6.5,10.0,388.6,0.0,0.0,64.0,9.9,0,0,0,0,0,0,0,61611.0,0.0,0.0,0.0
530401,401,150.0,526.4,3.5093965861100425,33.2,0.8,0.4,32.0,44.3,0.6,0.3,0.2,0.2,0.4,0.5,0.8,30.3,0.0,0.0,0.1,11.0,7,0,0,7,0,0,0,61611.0,0.0,0.0,0.0
530402,402,99.6,253.8,2.5494963479015484,202.6,5.7,114.8,82.0,212.2,3.8,1.9,105.6,9.3,34.9,3.4,5.3,38.4,0.0,0.0,2.3,7.3,11,0,0,11,0,0,0,75250.0,0.0,0.0,0.0
530403,403,0.0,0.0,0.0,964.0,57.9,507.5,398.6,965.9,51.6,6.3,463.4,44.1,105.4,11.3,17.5,264.3,0.0,0.0,1.9,0.0,0,0,0,0,0,0,0,33530.0,0.0,0.0,0.0
530404,404,118.1,233.4,1.9755121148746917,18.2,0.3,0.1,17.7,29.1,0.2,0.1,0.1,0.1,16.8,0.2,0.3,0.5,0.0,0.0,2.2,8.7,27,0,0,27,0,0,0,75250.0,0.0,0.0,0.0
530405,405,130.0,354.1,2.7239609747530107,52.9,1.5,0.7,50.8,62.6,1.0,0.5,0.3,0.3,16.9,0.9,1.3,31.7,0.0,0.0,0.1,9.5,9,0,0,9,0,0,0,75250.0,0.0,0.0,0.0
530406,406,149.0,372.8,2.50227283992304,58.4,0.5,0.2,57.7,69.4,0.3,0.2,0.1,0.1,15.8,0.3,12.8,28.9,0.0,0.0,0.0,10.9,8,0,0,8,0,0,0,75250.0,0.0,0.0,0.0
530407,407,109.0,234.5,2.1511574873163135,45.9,13.7,0.3,31.8,53.9,13.5,0.2,0.2,0.2,0.3,0.4,0.7,30.4,0.0,0.0,0.1,8.0,12,0,0,12,0,0,0,75250.0,0.0,0.0,0.0
530408,408,384.0,553.4,1.4411916771394024,52.9,1.5,0.7,50.8,81.2,1.0,0.5,0.3,0.3,16.9,0.9,1.3,31.7,0.0,0.0,0.1,28.2,64,6,1,64,0,6,0,34724.0,0.0,0.0,0.0
530409,409,109.7,252.7,2.302678498512144,43.2,0.9,8.7,33.6,53.4,0.6,0.3,0.2,8.5,17.3,0.6,14.3,1.5,0.0,0.0,2.1,8.1,12,0,0,12,0,0,0,75250.0,0.0,0.0,0.0
530410,410,162.8,380.7,2.337924674021673,104.9,4.2,12.0,88.7,117.2,2.8,1.4,11.0,1.0,17.5,20.0,16.3,34.9,0.0,0.0,0.4,12.0,5,0,0,5,0,0,0,115921.0,0.0,0.0,0.0
530411,411,276.0,863.1,3.127155145027648,204.5,7.8,21.9,174.8,225.4,5.2,2.6,12.1,9.8,19.6,77.1,7.2,70.9,0.0,0.0,0.6,20.3,19,0,0,19,0,0,0,123289.0,610.0,0.0,0.0
530412,412,0.0,0.0,0.0,500.0,41.5,14.3,444.2,500.0,20.1,21.4,6.3,7.9,13.5,18.1,335.2,77.4,0.0,0.0,0.0,0.0,0,0,0,0,0,0,0,117674.0,0.0,0.0,0.0
530413,413,218.0,680.8,3.122953990139458,111.3,25.4,5.7,80.2,168.9,21.2,4.2,2.8,2.9,5.4,43.3,11.5,20.0,0.0,0.0,41.6,16.0,1,0,0,1,0,0,0,123289.0,0.0,915.0,0.0
530414,414,619.2,2850.0,4.602616301592827,541.4,237.2,18.0,286.2,661.4,213.1,24.2,4.8,13.2,26.0,13.1,33.3,213.7,0.0,15.5,59.0,45.5,7,48,0,7,0,48,0,112500.0,0.0,0.0,0.0
530415,415,56.1,123.4,2.199901072276032,0.0,0.0,0.0,0.0,20.8,0.0,0.0,0.0,0.0,0.0,0.0,0.0,0.0,0.0,0.0,16.7,4.1,3,0,0,3,0,0,0,123289.0,0.0,0.0,0.0
530416,416,130.6,325.2,2.489633044703529,68.9,0.2,8.2,60.4,78.5,0.2,0.1,0.1,8.2,16.7,0.1,13.4,30.3,0.0,0.0,0.0,9.6,18,0,0,18,0,0,0,112500.0,0.0,0.0,0.0
530417,417,112.7,279.3,2.4786991079168104,27.4,2.2,1.0,24.2,48.9,1.4,0.7,0.5,0.5,17.5,1.3,2.0,3.5,0.0,0.0,13.3,8.3,8,0,0,8,0,0,0,123289.0,0.0,0.0,0.0
530418,418,17.8,39.0,2.191436328157978,0.0,0.0,0.0,0.0,2.8,0.0,0.0,0.0,0.0,0.0,0.0,0.0,0.0,0.0,0.0,1.5,1.3,0,0,0,0,0,0,0,123289.0,0.0,0.0,0.0
530419,419,77.6,192.6,2.480442882383831,74.6,13.7,0.5,60.4,86.0,13.3,0.3,0.2,0.2,16.2,0.6,13.5,30.1,0.0,0.0,5.7,5.7,10,0,0,10,0,0,0,123289.0,0.0,0.0,0.0
530420,420,190.6,588.0,3.085532592152619,82.4,17.8,2.1,62.4,121.7,16.2,1.6,1.0,1.1,18.3,2.8,4.3,37.0,0.0,0.0,25.3,14.0,14,0,0,14,0,0,0,145782.0,0.0,0.0,0.0
530421,421,194.6,483.5,2.4843464588410953,251.1,2.3,19.3,229.5,265.6,1.5,0.8,10.9,8.4,17.1,19.4,14.9,178.1,0.0,0.0,0.2,14.3,21,0,0,21,0,0,0,147827.0,520.0,0.0,0.0
530422,422,70.7,155.2,2.1965490321161822,135.0,17.9,8.1,109.0,153.3,11.9,6.0,3.9,4.2,24.0,10.7,16.4,57.9,0.0,0.0,13.1,5.2,1,0,0,1,0,0,0,147827.0,0.0,0.0,0.0
530423,423,131.0,528.8,4.036238384022746,111.6,1.6,0.7,109.4,138.6,1.0,0.5,0.3,0.4,0.7,104.8,1.4,2.5,0.0,0.0,17.3,9.6,10,0,0,10,0,0,0,145337.0,1014.0,0.0,0.0
530424,424,22.2,63.8,2.8676147257002316,0.0,0.0,0.0,0.0,5.3,0.0,0.0,0.0,0.0,0.0,0.0,0.0,0.0,0.0,0.0,3.7,1.6,0,0,0,0,0,0,0,121681.0,0.0,0.0,0.0
530425,425,85.1,193.8,2.276421280169212,0.0,0.0,0.0,0.0,15.1,0.0,0.0,0.0,0.0,0.0,0.0,0.0,0.0,0.0,0.0,8.8,6.3,1,0,0,1,0,0,0,121681.0,0.0,0.0,0.0
530426,426,160.6,460.4,2.867614725295676,70.1,20.0,11.3,38.9,99.0,17.9,2.1,1.3,9.9,20.0,3.6,5.6,9.7,0.0,0.0,17.1,11.8,14,0,0,14,0,0,0,121681.0,0.0,0.0,0.0
530427,427,75.5,216.5,2.8680839269226124,14.8,0.8,11.0,2.9,31.5,0.6,0.3,0.2,10.8,0.4,0.5,0.7,1.3,0.0,0.0,11.2,5.5,0,0,0,0,0,0,0,121681.0,0.0,0.0,0.0
530428,428,178.3,443.7,2.489207047434255,93.5,1.7,8.8,83.0,110.0,1.1,0.6,0.4,8.4,17.0,19.3,14.5,32.2,0.0,0.0,3.4,13.1,36,0,0,36,0,0,0,121681.0,0.0,0.0,0.0
530429,429,655.1,1879.0,2.8680839269226084,190.4,15.1,8.9,166.4,262.5,14.4,0.8,0.5,8.4,17.0,73.1,14.8,61.5,0.0,0.0,24.0,48.1,42,0,0,42,0,0,0,121681.0,595.0,0.0,0.0
530430,430,262.6,753.4,2.8694058667755,117.0,23.4,11.4,82.2,141.3,14.4,9.0,10.9,0.5,33.5,1.2,14.8,32.7,0.0,0.0,5.0,19.3,12,0,0,12,0,0,0,121681.0,0.0,0.0,0.0
530431,431,463.6,1329.9,2.8684539477894684,78.7,14.5,0.8,63.4,146.6,13.9,0.6,0.4,0.4,16.6,1.1,14.2,31.5,0.0,0.0,33.9,34.0,45,0,0,45,0,0,0,121681.0,0.0,0.0,0.0
530432,432,200.0,573.9,2.869576140304299,187.0,33.3,22.5,131.2,202.4,5.2,28.1,12.5,10.0,20.1,4.6,33.7,72.8,0.0,0.0,0.7,14.7,19,0,0,19,0,0,0,121681.0,0.0,0.0,0.0
530433,433,147.0,421.7,2.8685915014686536,110.0,27.2,0.3,82.5,120.8,0.4,26.8,0.1,0.2,17.7,0.4,0.6,63.8,0.0,0.0,0.0,10.8,8,0,0,8,0,0,0,121681.0,0.0,0.0,0.0
530434,434,19.1,55.4,2.895391433695842,0.0,0.0,0.0,0.0,2.4,0.0,0.0,0.0,0.0,0.0,0.0,0.0,0.0,0.0,0.0,1.0,1.4,7,0,0,7,0,0,0,121681.0,0.0,0.0,0.0
530435,435,0.0,0.0,0.0,0.0,0.0,0.0,0.0,0.0,0.0,0.0,0.0,0.0,0.0,0.0,0.0,0.0,0.0,0.0,0.0,0.0,0,0,0,0,0,0,0,121681.0,0.0,0.0,0.0
530436,436,8.5,18.6,2.191436328157977,0.0,0.0,0.0,0.0,1.5,0.0,0.0,0.0,0.0,0.0,0.0,0.0,0.0,0.0,0.0,0.9,0.6,0,0,136,0,0,0,0,121681.0,0.0,0.0,0.0
530437,437,913.2,2619.5,2.868453947156584,240.4,23.6,19.4,197.4,374.0,14.5,9.0,10.9,8.5,17.2,73.8,15.0,91.4,0.0,0.0,66.5,67.1,75,0,0,75,0,0,0,121681.0,670.0,0.0,0.0
530438,438,150.0,179.9,1.1994907822393681,65.9,1.8,9.3,54.8,77.1,1.2,0.6,0.4,8.9,18.0,1.1,1.7,34.0,0.0,0.0,0.2,11.0,229,0,0,229,0,0,0,97730.0,0.0,0.0,0.0
530439,439,641.5,1405.7,2.1914363281579776,36.8,7.2,3.2,26.4,276.6,4.9,2.3,1.7,1.5,3.2,4.4,7.0,11.8,0.0,0.0,192.7,47.1,0,0,0,0,0,0,0,52426.0,0.0,0.0,0.0
530440,440,330.2,615.8,1.8646414166237593,88.7,8.6,3.9,76.1,131.6,5.7,2.9,1.9,2.0,20.0,5.1,7.9,43.1,0.0,0.0,18.7,24.2,136,0,0,136,0,0,0,52426.0,0.0,0.0,0.0
530441,441,310.7,488.3,1.571834285549067,239.7,39.4,17.8,182.4,291.4,26.3,13.1,8.8,9.1,17.1,23.6,49.4,92.3,0.0,0.0,28.9,22.8,34,26,0,34,0,26,0,52426.0,0.0,0.0,0.0
530442,442,898.9,1678.4,1.8671441517511371,230.7,32.1,7.0,191.6,371.4,10.3,21.8,3.4,3.6,23.0,100.3,14.2,54.1,0.0,0.0,74.7,66.0,81,38,0,81,0,38,0,52426.0,0.0,0.0,0.0
530443,443,188.0,491.6,2.6148476463489945,65.9,1.8,9.3,54.8,79.9,1.2,0.6,0.4,8.9,18.0,1.1,1.7,34.0,0.0,0.0,0.2,13.8,9,0,0,9,0,0,0,128144.0,0.0,0.0,0.0
530444,444,104.0,194.6,1.8707662881014058,47.8,1.6,9.3,37.0,59.4,1.0,0.5,0.3,8.9,0.7,0.9,1.4,34.0,0.0,0.0,3.9,7.6,9,0,0,9,0,0,0,100263.0,0.0,0.0,0.0
530445,445,268.0,654.5,2.4422420579343838,352.8,28.1,11.0,313.6,373.1,17.6,10.5,1.5,9.5,2.9,58.7,6.2,245.8,0.0,0.0,0.6,19.7,20,2,0,20,0,2,0,127311.0,441.0,0.0,0.0
530446,446,122.0,371.8,3.048155167036944,318.9,69.1,4.0,245.8,371.1,32.5,36.7,2.0,2.1,37.0,23.8,21.3,163.6,37.9,0.0,5.2,9.0,12,0,0,12,0,0,0,100263.0,0.0,0.0,0.0
530447,447,89.8,261.1,2.907528102988764,663.0,38.2,24.1,600.7,671.2,13.2,25.0,0.0,24.1,16.4,128.2,13.1,443.0,0.0,0.0,1.6,6.6,13,0,0,13,0,0,0,110231.0,0.0,0.0,0.0
530448,448,56.8,129.2,2.27642128016921,53.7,0.7,0.3,52.7,62.6,0.5,0.2,0.2,0.2,0.3,0.4,24.1,27.8,0.0,0.0,4.7,4.2,5,4,0,5,0,4,0,100263.0,0.0,0.0,0.0
530449,449,55.0,151.5,2.755500347139003,111.1,1.9,36.7,72.5,121.0,1.3,0.6,0.4,36.3,19.1,1.1,16.3,36.0,0.0,0.0,5.9,4.0,4,0,0,4,0,0,0,100263.0,0.0,0.0,0.0
530450,450,66.0,254.8,3.8585228636821314,62.8,1.2,9.0,52.6,71.4,0.8,0.4,0.3,8.7,17.8,0.7,1.1,33.1,0.0,0.0,3.7,4.8,4,4,0,4,0,4,0,64327.0,0.0,0.0,0.0
530451,451,347.6,416.9,1.1994907822393683,0.0,0.0,0.0,0.0,31.9,0.0,0.0,0.0,0.0,0.0,0.0,0.0,0.0,0.0,0.0,6.4,25.5,22,0,0,22,0,0,0,64327.0,0.0,0.0,0.0
530452,452,8.6,21.2,2.458471325324103,0.0,0.0,0.0,0.0,1.4,0.0,0.0,0.0,0.0,0.0,0.0,0.0,0.0,0.0,0.0,0.8,0.6,0,0,0,0,0,0,0,100263.0,0.0,0.0,0.0
530453,453,20.9,51.4,2.458471325324103,0.0,0.0,0.0,0.0,3.5,0.0,0.0,0.0,0.0,0.0,0.0,0.0,0.0,0.0,0.0,1.9,1.5,1,0,0,1,0,0,0,100263.0,0.0,0.0,0.0
530454,454,46.8,150.2,3.2106254581262808,11.8,0.4,10.2,1.3,17.8,0.2,0.1,10.1,0.1,0.2,0.2,0.3,0.6,0.0,0.0,2.6,3.4,7,0,0,7,0,0,0,100263.0,0.0,0.0,0.0
530455,455,58.6,177.0,3.0228264653042687,30.3,0.4,9.4,20.4,36.7,0.3,0.2,0.1,9.3,19.0,0.3,0.4,0.7,0.0,0.0,2.2,4.3,4,0,0,4,0,0,0,64327.0,0.0,0.0,0.0
530456,456,43.0,84.8,1.973004539002931,0.0,0.0,0.0,0.0,10.3,0.0,0.0,0.0,0.0,0.0,0.0,0.0,0.0,0.0,0.0,7.1,3.2,0,0,0,0,0,0,0,94741.0,0.0,0.0,0.0
530457,457,149.1,315.3,2.1143219246534235,79.8,1.1,0.5,78.3,104.6,0.7,0.4,0.2,0.2,16.6,0.6,1.0,60.1,0.0,0.0,13.8,10.9,20,0,0,20,0,0,0,64327.0,0.0,0.0,0.0
530458,458,43.5,91.4,2.1030402859550916,31.6,1.0,10.9,19.7,35.7,0.7,0.3,10.7,0.2,16.7,0.6,0.9,1.6,0.0,0.0,0.9,3.2,3,0,0,3,0,0,0,61611.0,0.0,0.0,0.0
530459,459,34.2,67.6,1.9730045390029343,0.0,0.0,0.0,0.0,7.6,0.0,0.0,0.0,0.0,0.0,0.0,0.0,0.0,0.0,0.0,5.0,2.5,0,0,0,0,0,0,0,61611.0,0.0,0.0,0.0
530460,460,69.8,180.7,2.5885070723540133,22.4,0.4,9.4,12.6,31.3,0.2,0.1,9.3,0.1,0.2,0.2,11.7,0.6,0.0,0.0,3.9,5.1,4,0,0,4,0,0,0,64327.0,0.0,0.0,0.0
530461,461,73.8,156.3,2.1165124566033082,12.4,0.2,11.5,0.7,19.2,0.1,0.1,0.0,11.4,0.1,0.1,0.2,0.3,0.0,0.0,1.4,5.4,12,0,0,12,0,0,0,61611.0,0.0,0.0,0.0
530462,462,126.1,459.2,3.6417966188308992,345.1,62.8,114.2,168.1,379.4,55.8,7.0,49.5,64.7,9.0,12.4,19.1,127.6,0.0,0.0,25.1,9.3,2,0,0,2,0,0,0,61611.0,0.0,0.0,0.0
530463,463,0.0,0.0,0.0,0.0,0.0,0.0,0.0,0.0,0.0,0.0,0.0,0.0,0.0,0.0,0.0,0.0,0.0,0.0,0.0,0.0,0,0,0,0,0,0,0,64327.0,0.0,0.0,0.0
530464,464,37.6,81.8,2.176569355381935,0.0,0.0,0.0,0.0,9.0,0.0,0.0,0.0,0.0,0.0,0.0,0.0,0.0,0.0,0.0,6.2,2.8,8,0,0,8,0,0,0,61611.0,0.0,0.0,0.0
530465,465,0.0,0.0,0.0,354.0,60.4,48.1,245.4,359.8,40.4,20.1,34.3,13.8,26.2,36.2,56.5,126.5,0.0,0.0,5.8,0.0,0,0,0,0,0,0,0,117674.0,0.0,0.0,0.0
530466,466,122.4,353.8,2.889642485332649,78.8,15.5,9.2,54.2,90.2,14.8,0.7,0.5,8.7,34.4,1.2,15.2,3.3,0.0,0.0,2.4,9.0,6,0,0,6,0,0,0,117674.0,0.0,0.0,0.0
530467,467,99.9,226.6,2.268220827351612,69.2,4.5,2.0,62.6,76.9,3.0,1.5,1.0,1.1,2.0,20.5,4.1,36.0,0.0,0.0,0.3,7.3,10,0,0,10,0,0,0,117674.0,0.0,0.0,0.0
530468,468,205.4,595.6,2.899804768450271,129.0,24.9,15.7,88.3,149.0,10.8,14.1,3.6,12.1,7.0,9.7,14.9,56.7,0.0,0.0,4.9,15.1,5,0,0,5,0,0,0,117674.0,0.0,0.0,0.0
530469,469,213.3,833.1,3.905290104716664,64.0,9.5,4.3,50.2,95.7,6.3,3.2,2.1,2.2,20.5,5.7,8.8,15.3,0.0,0.0,16.0,15.7,19,0,0,19,0,0,0,117674.0,0.0,0.0,0.0
530470,470,242.1,657.3,2.714689905417674,131.3,3.4,1.5,126.3,189.5,2.3,1.1,0.7,0.8,17.3,2.0,15.7,91.3,0.0,0.0,40.5,17.8,3,0,0,3,0,0,0,123289.0,0.0,0.0,0.0
530471,471,211.0,647.5,3.0685849901549083,94.2,1.2,18.6,74.4,109.8,0.8,0.4,10.5,8.1,16.5,0.7,26.5,30.7,0.0,0.0,0.1,15.5,18,0,0,18,0,0,0,123289.0,0.0,0.0,0.0
530472,472,96.6,292.8,3.0297318112560983,128.1,17.4,7.9,102.8,149.1,11.5,5.8,3.8,4.0,7.5,10.4,28.6,56.4,0.0,0.0,14.0,7.1,3,0,0,3,0,0,0,108818.0,0.0,0.0,0.0
530473,473,153.9,469.0,3.046633009841456,91.8,1.4,8.6,81.8,119.2,0.9,0.5,0.3,8.3,16.9,19.1,14.2,31.6,0.0,0.0,16.1,11.3,16,0,0,16,0,0,0,123289.0,0.0,0.0,0.0
530474,474,154.1,473.6,3.0728902277218646,14.8,0.8,11.0,2.9,54.9,0.6,0.3,0.2,10.8,0.4,0.5,0.7,1.3,0.0,0.0,28.8,11.3,2,0,0,2,0,0,0,123289.0,0.0,0.0,0.0
530475,475,125.3,289.2,2.308930216804013,58.8,1.3,0.6,56.8,84.5,0.9,0.5,0.3,0.3,0.6,52.9,1.2,2.2,0.0,0.0,16.5,9.2,7,0,0,7,0,0,0,108818.0,732.0,0.0,0.0
530476,476,216.4,659.7,3.048024120354,111.1,15.4,28.4,67.3,144.8,14.8,0.6,11.3,17.1,17.7,1.1,15.1,33.4,0.0,0.0,17.8,15.9,15,0,0,15,0,0,0,123289.0,0.0,0.0,0.0
530477,477,253.0,772.7,3.0539266824351925,125.7,2.2,1.0,122.5,181.6,1.4,0.7,0.5,0.5,16.7,72.0,1.9,31.9,0.0,0.0,37.4,18.6,7,0,0,7,0,0,0,123289.0,0.0,99.0,125.0
530478,478,59.5,180.7,3.03496313498126,29.7,3.6,1.6,24.5,43.1,2.4,1.2,0.8,0.9,1.5,2.1,15.1,5.7,0.0,0.0,9.0,4.4,6,0,0,6,0,0,0,108818.0,0.0,0.0,0.0
530479,479,192.7,478.3,2.4822169835649897,95.4,19.0,9.1,67.2,123.6,0.9,18.1,0.3,8.8,18.0,0.8,15.0,33.5,0.0,0.0,14.1,14.1,20,0,0,20,0,0,0,122933.0,0.0,0.0,0.0
530480,480,456.7,1137.5,2.490597804394048,249.0,36.4,24.5,188.1,318.5,24.2,12.2,8.0,16.5,32.0,21.7,46.5,87.8,0.0,0.0,36.0,33.5,10,67,0,10,0,67,0,109312.0,0.0,0.0,0.0
530481,481,234.2,582.6,2.48783423647128,73.6,1.5,10.7,61.4,112.4,1.0,0.5,10.4,0.3,16.3,0.9,13.8,30.5,0.0,0.0,21.7,17.2,17,0,0,17,0,0,0,147827.0,0.0,0.0,0.0
530482,482,224.9,555.1,2.4675738275818477,0.0,0.0,0.0,0.0,53.8,0.0,0.0,0.0,0.0,0.0,0.0,0.0,0.0,0.0,0.0,37.3,16.5,9,0,0,9,0,0,0,108818.0,0.0,0.0,0.0
530483,483,143.6,588.2,4.0969217317181315,253.1,19.2,8.7,225.2,291.9,12.7,6.5,4.2,4.5,24.1,152.9,17.6,30.6,0.0,0.0,28.2,10.5,0,0,0,0,0,0,0,136622.0,0.0,933.0,1402.0
530484,484,302.5,875.7,2.8953914336958455,45.3,2.2,1.0,42.0,118.0,1.5,0.8,0.5,0.5,17.0,19.3,2.1,3.6,0.0,0.0,50.5,22.2,12,0,0,12,0,0,0,121486.0,0.0,0.0,0.0
530485,485,537.5,1546.2,2.8767990889156554,400.5,112.2,23.8,264.5,522.5,94.4,17.8,11.3,12.5,35.8,31.1,90.3,107.4,0.0,0.0,82.5,39.5,18,0,0,18,0,0,0,108818.0,0.0,0.0,0.0
530486,486,0.0,0.0,0.0,0.0,0.0,0.0,0.0,0.0,0.0,0.0,0.0,0.0,0.0,0.0,0.0,0.0,0.0,0.0,0.0,0.0,0,0,0,0,0,0,0,108818.0,0.0,0.0,0.0
530487,487,0.0,0.0,0.0,911.9,172.0,101.5,638.5,933.3,115.9,56.1,39.0,62.5,91.3,103.9,163.9,279.4,0.0,0.0,21.4,0.0,0,0,0,0,0,0,0,121681.0,0.0,0.0,0.0
530488,488,8.5,18.6,2.191436328157977,290.2,51.1,23.3,215.8,293.8,33.3,17.8,10.8,12.5,22.0,70.1,44.2,79.6,0.0,0.0,3.0,0.6,0,0,0,0,0,0,0,121681.0,0.0,0.0,0.0
530489,489,0.0,0.0,0.0,0.0,0.0,0.0,0.0,0.0,0.0,0.0,0.0,0.0,0.0,0.0,0.0,0.0,0.0,0.0,0.0,0.0,0,0,0,0,0,0,0,121681.0,0.0,0.0,0.0
530490,490,8.5,18.6,2.191436328157977,146.1,28.6,12.7,104.9,156.2,19.6,9.0,6.6,6.1,12.6,17.6,28.0,46.7,0.0,0.0,9.4,0.6,0,0,0,0,0,0,0,121681.0,0.0,0.0,0.0
530491,491,773.1,2218.1,2.868942652858526,73.5,1.2,8.6,63.7,158.6,0.8,0.4,0.3,8.4,17.0,0.7,14.2,31.7,0.0,0.0,28.3,56.8,50,0,0,50,0,0,0,121681.0,0.0,0.0,0.0
530492,492,0.0,0.0,0.0,0.0,0.0,0.0,0.0,0.0,0.0,0.0,0.0,0.0,0.0,0.0,0.0,0.0,0.0,0.0,0.0,0.0,10,0,0,10,0,0,0,97730.0,0.0,0.0,0.0
530493,493,39.6,90.2,2.2764212801692114,115.1,17.2,7.8,90.2,124.5,11.4,5.8,3.8,4.0,7.4,10.3,15.8,56.7,0.0,0.0,6.5,2.9,40,0,0,40,0,0,0,97730.0,0.0,0.0,0.0
530494,494,132.3,238.4,1.8015081192913394,0.0,0.0,0.0,0.0,29.3,0.0,0.0,0.0,0.0,0.0,0.0,0.0,0.0,0.0,0.0,19.6,9.7,79,0,0,79,0,0,0,97730.0,0.0,0.0,0.0
530495,495,0.0,0.0,0.0,0.0,0.0,0.0,0.0,0.0,0.0,0.0,0.0,0.0,0.0,0.0,0.0,0.0,0.0,0.0,0.0,0.0,0,0,0,0,0,0,0,97730.0,0.0,0.0,0.0
530496,496,0.0,0.0,0.0,0.0,0.0,0.0,0.0,0.0,0.0,0.0,0.0,0.0,0.0,0.0,0.0,0.0,0.0,0.0,0.0,0.0,0,0,0,0,0,0,0,67688.0,0.0,0.0,0.0
530497,497,455.0,997.0,2.1914363281579785,4.4,0.9,0.4,3.1,158.3,0.6,0.3,0.2,0.2,0.4,0.5,0.8,1.4,0.0,0.0,120.5,33.4,0,0,0,0,0,0,0,52426.0,0.0,0.0,0.0
530498,498,273.3,510.4,1.8677375052055611,127.6,22.1,10.0,95.5,175.0,14.8,7.3,4.9,5.1,25.9,13.3,20.7,35.7,0.0,0.0,27.3,20.1,24,1,0,24,0,1,0,52426.0,0.0,0.0,0.0
530499,499,138.1,300.6,2.1765693553819365,296.4,143.4,13.8,139.2,311.2,62.2,81.2,6.7,7.1,13.1,18.1,27.9,80.1,0.0,0.0,4.7,10.1,0,0,0,0,0,0,0,130767.0,0.0,0.0,0.0
530500,500,0.0,0.0,0.0,122.7,73.1,5.6,44.0,123.6,22.8,50.3,2.7,2.9,5.4,7.4,11.4,19.9,0.0,0.0,0.9,0.0,0,0,0,0,0,0,98,36879.0,0.0,0.0,0.0
530501,501,479.6,1276.0,2.66043309416781,246.7,18.3,16.2,212.2,300.8,12.1,6.1,4.0,12.2,24.1,83.5,16.8,87.8,0.0,0.0,18.9,35.2,27,33,0,27,0,33,0,130767.0,0.0,0.0,0.0
530502,502,299.1,358.7,1.1994907822393681,116.7,12.8,5.8,98.1,145.1,8.5,4.3,2.8,3.0,5.5,7.6,36.4,48.5,0.0,0.0,6.4,22.0,74,0,0,74,0,0,0,36879.0,0.0,0.0,0.0
530503,503,550.0,1022.4,1.858832258755523,134.3,35.9,4.6,93.8,175.5,32.5,3.4,2.2,2.4,20.4,6.1,22.1,45.2,0.0,0.0,0.8,40.4,39,5,6,39,0,5,0,36879.0,0.0,0.0,0.0
530504,504,68.4,133.2,1.9487311988904068,0.0,0.0,0.0,0.0,21.1,0.0,0.0,0.0,0.0,0.0,0.0,0.0,0.0,0.0,0.0,16.1,5.0,0,0,0,0,0,0,0,130767.0,0.0,0.0,0.0
530505,505,357.3,569.5,1.5937336108383666,340.6,12.0,5.4,323.2,367.9,7.9,4.0,2.6,2.8,20.1,7.1,141.8,154.1,0.0,0.0,1.1,26.2,1,0,0,1,0,0,0,42623.0,0.0,0.0,0.0
530506,506,72.9,160.4,2.1999010722760306,112.6,16.7,7.5,88.4,176.5,11.1,5.6,3.7,3.9,7.2,9.9,15.4,55.9,37.9,0.0,20.6,5.4,0,0,0,0,0,0,0,64327.0,0.0,0.0,0.0
530507,507,670.0,1812.1,2.7046303916757686,76.9,4.1,1.8,71.0,126.4,2.7,1.4,0.9,0.9,17.5,2.4,16.2,34.9,0.0,0.0,0.3,49.2,120,0,0,120,0,0,0,64327.0,0.0,0.0,0.0
530508,508,232.5,618.9,2.6618425466636486,175.0,14.5,8.6,151.9,453.2,14.0,0.5,0.3,8.3,16.9,0.9,14.3,119.8,0.0,248.3,12.8,17.1,12,0,0,12,0,0,0,118563.0,0.0,0.0,0.0
530509,509,15.9,43.0,2.699793479050588,528.6,59.0,74.4,395.2,535.2,43.6,15.4,31.3,43.1,52.7,138.1,42.0,162.4,0.0,0.0,5.5,1.2,0,0,0,0,0,0,0,118563.0,0.0,0.0,0.0
530510,510,53.9,145.5,2.6997934786368365,109.4,10.8,13.1,85.4,115.1,7.2,3.6,2.4,10.8,21.5,6.4,9.9,47.6,0.0,0.0,1.7,4.0,4,0,0,4,0,0,0,118563.0,0.0,0.0,0.0
530511,511,179.0,411.0,2.295788305889201,34.5,1.4,9.7,23.4,74.3,0.9,0.5,0.3,9.4,19.1,0.8,1.3,2.2,0.0,0.0,26.6,13.1,6,0,0,6,0,0,0,118563.0,0.0,0.0,0.0
530512,512,147.1,479.2,3.2587705338737014,104.3,9.8,12.7,81.8,126.4,6.5,3.3,2.1,10.5,21.1,5.8,8.9,46.0,0.0,0.0,11.4,10.8,7,0,0,7,0,0,0,118563.0,0.0,0.0,0.0
530513,513,415.0,1506.6,3.6301267439015414,138.4,3.7,9.6,125.1,212.1,2.5,1.3,0.8,8.7,17.7,56.2,16.2,35.0,0.0,0.0,43.3,30.5,35,0,0,35,0,0,0,108818.0,626.0,0.0,0.0
530514,514,450.0,1216.9,2.7042808333615356,68.7,2.5,1.1,65.2,154.5,1.6,0.8,0.5,0.6,16.7,1.5,14.7,32.2,0.0,0.0,52.8,33.0,30,0,0,30,0,0,0,108818.0,0.0,0.0,0.0
530515,515,131.3,380.7,2.900300647696384,94.5,1.7,9.0,83.7,106.7,1.1,0.6,0.4,8.7,17.6,1.0,1.6,63.6,0.0,0.0,2.6,9.6,14,0,0,14,0,0,0,108818.0,0.0,0.0,0.0
530516,516,274.6,742.1,2.7019928145512093,108.0,14.8,11.1,82.0,133.4,14.1,0.7,10.6,0.5,16.7,18.9,14.5,31.9,0.0,0.0,5.2,20.2,26,0,0,26,0,0,0,108818.0,0.0,0.0,0.0
530517,517,567.3,1534.7,2.705101814056989,165.6,28.7,7.2,129.8,239.5,23.4,5.3,3.5,3.7,39.0,9.4,27.2,54.2,0.0,0.0,32.2,41.7,71,0,0,71,0,0,0,108818.0,0.0,0.0,0.0
530518,518,340.4,840.1,2.467573827581847,0.0,0.0,0.0,0.0,105.5,0.0,0.0,0.0,0.0,0.0,0.0,0.0,0.0,0.0,0.0,80.5,25.0,22,0,0,22,0,0,0,108818.0,0.0,0.0,0.0
530519,519,161.6,355.6,2.1999010722760306,65.1,12.7,5.6,46.8,136.3,8.7,4.0,3.0,2.7,5.6,7.9,12.5,20.8,0.0,0.0,59.2,11.9,0,0,0,0,0,0,0,108818.0,0.0,0.0,0.0
530520,520,0.0,0.0,0.0,66.8,13.1,5.8,47.8,69.6,8.9,4.2,3.0,2.8,5.7,8.0,12.7,21.4,0.0,0.0,2.8,0.0,0,0,0,0,0,0,0,108818.0,0.0,0.0,0.0
530521,521,8.5,18.6,2.191436328157977,458.2,73.8,123.5,260.9,465.7,48.8,25.0,106.1,17.4,31.7,44.0,67.6,117.6,0.0,0.0,6.9,0.6,0,0,0,0,0,0,0,115250.0,0.0,0.0,0.0
530522,522,0.0,0.0,0.0,59.0,11.6,5.2,42.3,61.2,7.9,3.7,2.7,2.5,5.1,7.1,11.2,18.9,0.0,0.0,2.2,0.0,0,0,0,0,0,0,0,108818.0,0.0,0.0,0.0
530523,523,0.0,0.0,0.0,609.9,108.7,109.0,392.2,624.2,73.0,35.7,84.5,24.5,47.2,65.6,103.2,176.3,0.0,0.0,14.3,0.0,0,0,0,0,0,0,0,115250.0,0.0,0.0,0.0
530524,524,134.6,296.1,2.1990714322887124,105.4,20.6,9.1,75.6,166.3,14.1,6.5,4.8,4.4,9.1,12.7,20.2,33.7,0.0,0.0,51.1,9.9,0,0,0,0,0,0,0,121681.0,0.0,0.0,0.0
530525,525,225.0,651.3,2.895391433695843,0.0,0.0,0.0,0.0,83.4,0.0,0.0,0.0,0.0,0.0,0.0,0.0,0.0,0.0,0.0,66.9,16.5,0,0,0,0,0,0,0,121681.0,0.0,0.0,0.0
530526,526,0.0,0.0,0.0,0.0,0.0,0.0,0.0,0.0,0.0,0.0,0.0,0.0,0.0,0.0,0.0,0.0,0.0,0.0,0.0,0.0,0,0,0,0,0,0,0,79457.0,0.0,0.0,0.0
530527,527,469.1,820.3,1.7484761492200236,67.2,13.2,5.8,48.3,205.6,9.0,4.1,3.1,2.7,5.8,8.1,12.9,21.4,0.0,0.0,103.9,34.4,83,3,0,83,0,3,0,102933.0,0.0,0.0,0.0
530528,528,0.0,0.0,0.0,690.2,139.9,63.9,486.3,694.6,91.6,48.3,29.9,34.0,59.9,82.6,123.8,220.1,0.0,0.0,4.4,0.0,0,0,0,0,0,0,0,36879.0,0.0,0.0,0.0
530529,529,391.3,730.3,1.866308540883961,118.2,20.2,9.1,89.0,189.6,13.5,6.6,4.5,4.5,25.0,12.1,19.1,32.7,0.0,0.0,42.7,28.7,80,0,0,80,0,0,0,102933.0,0.0,0.0,0.0
530530,530,276.5,445.0,1.609427580209993,142.7,26.6,20.2,95.9,202.2,17.9,8.7,6.0,14.2,11.6,16.0,25.2,43.1,0.0,0.0,39.2,20.3,20,116,0,20,0,116,0,36879.0,0.0,0.0,0.0
530531,531,122.7,214.5,1.7484761492200247,19.8,0.6,0.3,18.9,43.2,0.4,0.2,0.1,0.1,16.9,0.4,0.6,1.0,0.0,0.0,14.4,9.0,9,134,0,9,0,134,0,96788.0,0.0,0.0,0.0
530532,532,484.3,781.2,1.6131736282961817,116.5,6.4,13.3,96.9,197.2,4.2,2.1,11.8,1.5,18.9,3.8,5.8,68.4,0.0,0.0,45.1,35.6,91,22,0,91,0,22,0,37754.0,0.0,0.0,0.0
530533,533,117.6,190.3,1.61901833964816,53.3,5.4,11.1,36.8,64.4,3.6,1.8,1.2,9.9,19.9,3.2,5.0,8.6,0.0,0.0,2.5,8.6,52,0,0,52,0,0,0,102933.0,0.0,0.0,0.0
530534,534,150.9,332.0,2.199901072276031,0.0,0.0,0.0,0.0,55.8,0.0,0.0,0.0,0.0,0.0,0.0,0.0,0.0,0.0,0.0,44.7,11.1,0,0,0,0,0,0,0,100520.0,0.0,0.0,0.0
530535,535,61.0,249.8,4.096921731718132,216.5,44.7,30.6,141.2,233.4,34.2,10.5,6.9,23.7,13.5,18.6,28.8,80.3,0.0,0.0,12.3,4.5,2,0,0,2,0,0,0,118563.0,0.0,0.0,0.0
530536,536,168.0,474.4,2.8239936816116606,688.5,51.5,196.9,440.1,713.1,38.6,13.0,164.1,32.7,48.9,23.1,73.8,294.3,0.0,0.0,12.3,12.3,22,0,0,22,0,0,0,108818.0,0.0,0.0,0.0
530537,537,84.1,227.6,2.706261663840283,147.6,21.1,9.5,117.0,165.0,14.1,7.0,4.7,4.8,9.2,12.7,32.4,62.7,0.0,0.0,11.2,6.2,2,0,0,2,0,0,0,108818.0,0.0,0.0,0.0
530538,538,36.3,79.6,2.1914363281579785,15.4,3.0,1.4,11.0,24.5,2.0,1.0,0.7,0.7,1.3,1.8,2.9,4.9,0.0,0.0,6.5,2.7,0,0,0,0,0,0,0,108818.0,0.0,0.0,0.0
530539,539,0.0,0.0,0.0,17.6,3.5,1.5,12.7,18.6,2.4,1.1,0.8,0.7,1.5,2.1,3.4,5.6,0.0,0.0,0.9,0.0,0,0,0,0,0,0,0,108818.0,0.0,0.0,0.0
530540,540,0.0,0.0,0.0,0.0,0.0,0.0,0.0,0.0,0.0,0.0,0.0,0.0,0.0,0.0,0.0,0.0,0.0,0.0,0.0,0.0,6,0,0,6,0,0,0,97730.0,0.0,0.0,0.0
530541,541,491.6,814.9,1.6576711267417408,297.4,89.8,2.0,205.6,360.7,55.2,34.6,1.0,1.0,50.8,75.5,42.9,36.4,0.0,0.0,27.2,36.1,95,54,0,95,0,54,100,102933.0,535.0,0.0,0.0
530542,542,266.0,470.3,1.7681597324157452,174.5,3.4,62.0,109.1,213.7,2.2,1.1,61.2,0.8,1.5,2.0,15.5,90.1,0.0,0.0,19.7,19.5,77,20,0,77,0,20,0,102933.0,0.0,0.0,0.0
530543,543,229.1,274.8,1.1994907822393681,306.9,17.2,4.3,285.4,351.3,6.3,11.0,2.1,2.2,4.1,5.6,94.2,181.5,0.0,0.0,27.5,16.8,33,0,0,33,0,0,0,102933.0,0.0,0.0,0.0
530544,544,91.1,147.1,1.6144211163045434,0.0,0.0,0.0,0.0,17.3,0.0,0.0,0.0,0.0,0.0,0.0,0.0,0.0,0.0,0.0,10.6,6.7,13,0,0,13,0,0,0,102933.0,0.0,0.0,0.0
530545,545,109.9,241.8,2.1999010722760306,34.7,6.8,3.0,24.8,77.0,4.6,2.2,1.6,1.5,3.0,4.2,6.6,11.1,0.0,0.0,34.3,8.1,0,0,0,0,0,0,0,102933.0,0.0,0.0,0.0
530546,546,313.4,548.0,1.748476149220024,283.5,40.4,18.3,224.8,356.1,26.9,13.5,8.9,9.4,33.6,60.2,37.2,93.8,0.0,0.0,49.6,23.0,51,0,0,51,0,0,0,103756.0,0.0,0.0,0.0
530547,547,378.3,661.4,1.7484761492200236,0.0,0.0,0.0,0.0,90.7,0.0,0.0,0.0,0.0,0.0,0.0,0.0,0.0,0.0,0.0,62.9,27.8,46,0,0,46,0,0,0,102933.0,0.0,0.0,0.0
530548,548,118.5,331.3,2.796564265675866,189.1,28.7,13.0,147.4,219.6,19.1,9.6,6.3,6.6,28.6,17.1,26.5,75.2,0.0,0.0,21.8,8.7,3,0,0,3,0,0,0,104895.0,0.0,0.0,0.0
530549,549,618.5,1526.3,2.4675738275818473,64.2,12.6,5.5,46.1,206.1,8.6,3.9,2.9,2.6,5.6,7.8,12.3,20.5,0.0,0.0,96.4,45.4,18,17,0,18,0,17,0,108818.0,0.0,0.0,0.0
530550,550,674.9,1488.0,2.204804455736828,26.0,5.1,2.2,18.7,1100.6,3.5,1.6,1.2,1.1,2.2,3.1,5.0,8.3,0.0,0.0,1025.1,49.6,0,0,0,0,0,0,0,104168.0,0.0,0.0,0.0
530551,551,486.1,1071.8,2.204804455736826,0.0,0.0,0.0,0.0,704.8,0.0,0.0,0.0,0.0,0.0,0.0,0.0,0.0,0.0,0.0,669.1,35.7,0,0,0,0,0,0,0,104168.0,0.0,0.0,0.0
530552,552,589.2,1299.1,2.2048044557368276,0.0,0.0,0.0,0.0,938.8,0.0,0.0,0.0,0.0,0.0,0.0,0.0,0.0,0.0,0.0,895.5,43.3,0,0,0,0,0,0,0,108818.0,0.0,0.0,0.0
530553,553,3.9,7.1,1.8212961672819807,0.0,0.0,0.0,0.0,0.9,0.0,0.0,0.0,0.0,0.0,0.0,0.0,0.0,0.0,0.0,0.6,0.3,2,0,0,2,0,0,0,97730.0,0.0,0.0,0.0
530554,554,222.5,266.9,1.1994907822393681,1634.9,72.2,1289.7,273.0,1673.0,53.9,18.2,26.2,1263.5,45.6,32.6,67.8,127.0,0.0,0.0,21.7,16.3,0,67,0,0,0,67,0,35671.0,0.0,0.0,0.0
530555,555,132.2,284.3,2.150869525329407,0.0,0.0,0.0,0.0,34.4,0.0,0.0,0.0,0.0,0.0,0.0,0.0,0.0,0.0,0.0,24.7,9.7,0,161,0,0,0,161,0,102933.0,0.0,0.0,0.0
530556,556,304.3,658.7,2.164962068662249,61.8,1.1,0.5,60.2,109.2,0.7,0.4,0.2,0.3,16.1,0.7,13.4,30.0,0.0,0.0,25.0,22.3,3,7,0,3,0,7,0,60469.0,0.0,0.0,0.0
530557,557,0.0,0.0,0.0,76.1,14.9,6.5,54.7,83.0,10.2,4.6,3.5,3.1,6.6,9.2,14.6,24.2,0.0,0.0,6.9,0.0,0,0,0,0,0,0,0,60469.0,0.0,0.0,0.0
530558,558,183.7,404.2,2.1999010722760297,34.1,6.7,2.9,24.5,112.4,4.6,2.1,1.6,1.4,3.0,4.1,6.6,10.9,0.0,0.0,64.8,13.5,1,0,0,1,0,0,0,60469.0,0.0,0.0,0.0
530559,559,0.0,0.0,0.0,0.0,0.0,0.0,0.0,0.0,0.0,0.0,0.0,0.0,0.0,0.0,0.0,0.0,0.0,0.0,0.0,0.0,0,0,0,0,0,0,0,79457.0,0.0,0.0,0.0
530560,560,0.0,0.0,0.0,0.0,0.0,0.0,0.0,0.0,0.0,0.0,0.0,0.0,0.0,0.0,0.0,0.0,0.0,0.0,0.0,0.0,0,0,0,0,0,0,0,79457.0,0.0,0.0,0.0
530561,561,0.0,0.0,0.0,677.9,110.9,50.2,516.7,687.8,74.1,36.9,24.7,25.5,48.0,174.1,116.1,178.5,0.0,0.0,10.0,0.0,0,0,0,0,0,0,0,60469.0,0.0,0.0,0.0
530562,562,0.0,0.0,0.0,575.9,120.6,66.8,388.5,589.4,85.5,35.1,34.8,32.0,46.8,64.9,102.3,174.5,0.0,0.0,13.5,0.0,0,0,0,0,0,0,0,60469.0,0.0,0.0,0.0
530563,563,21.2,38.7,1.8212961672819803,0.0,0.0,0.0,0.0,4.0,0.0,0.0,0.0,0.0,0.0,0.0,0.0,0.0,0.0,0.0,2.5,1.6,1,0,0,1,0,0,0,60469.0,0.0,0.0,0.0
530564,564,105.1,230.3,2.1914363281579785,57.1,11.2,4.9,41.0,91.0,7.7,3.5,2.6,2.3,4.9,6.9,10.9,18.2,0.0,0.0,26.2,7.7,0,0,0,0,0,0,0,60469.0,0.0,0.0,0.0
530565,565,398.5,859.3,2.156651513694216,552.4,12.3,5.6,534.5,635.0,8.2,4.1,2.7,2.8,21.3,7.4,24.1,481.8,0.0,0.0,53.4,29.3,88,0,0,88,0,0,127,60469.0,0.0,0.0,0.0
530566,566,0.0,0.0,0.0,0.0,0.0,0.0,0.0,0.0,0.0,0.0,0.0,0.0,0.0,0.0,0.0,0.0,0.0,0.0,0.0,0.0,0,0,0,0,0,0,0,99517.0,0.0,0.0,0.0
530567,567,0.0,0.0,0.0,0.0,0.0,0.0,0.0,0.0,0.0,0.0,0.0,0.0,0.0,0.0,0.0,0.0,0.0,0.0,0.0,0.0,0,0,0,0,0,0,0,99517.0,0.0,0.0,0.0
530568,568,288.4,635.8,2.2048044557368267,0.0,0.0,0.0,0.0,312.7,0.0,0.0,0.0,0.0,0.0,0.0,0.0,0.0,0.0,0.0,291.5,21.2,0,0,0,0,0,0,0,99517.0,0.0,0.0,0.0
530569,569,0.0,0.0,0.0,567.1,32.4,434.8,99.9,568.5,26.4,6.0,271.3,163.5,43.9,10.7,16.5,28.8,0.0,0.0,1.4,0.0,0,0,0,0,0,0,0,35671.0,0.0,0.0,0.0
530570,570,0.0,0.0,0.0,1048.7,195.6,251.2,601.9,1062.7,148.9,46.7,75.5,175.6,60.8,122.7,130.7,287.7,0.0,0.0,14.0,0.0,0,0,0,0,0,0,0,35671.0,0.0,0.0,0.0
530571,571,0.0,0.0,0.0,1126.9,152.8,91.8,882.3,1136.1,110.1,42.7,38.3,53.5,54.7,275.1,116.1,436.5,0.0,0.0,9.2,0.0,0,0,0,0,0,0,0,60469.0,0.0,0.0,0.0
530572,572,0.0,0.0,0.0,56.8,11.1,4.9,40.8,61.4,7.6,3.5,2.6,2.3,4.9,6.9,10.9,18.1,0.0,0.0,4.6,0.0,0,0,0,0,0,0,0,60469.0,0.0,0.0,0.0
530573,573,406.4,1788.2,4.400338472884404,386.2,71.6,56.9,257.7,530.8,48.1,23.6,16.1,40.7,31.1,43.1,67.6,115.9,0.0,0.0,114.8,29.8,0,0,0,0,0,0,0,60469.0,0.0,0.0,0.0
530574,574,668.3,1424.1,2.130781244045298,69.9,2.0,61.2,6.7,296.6,1.3,0.7,60.7,0.5,0.8,1.2,1.7,3.1,0.0,0.0,177.6,49.1,0,0,0,0,0,0,0,60469.0,0.0,0.0,0.0
530575,575,667.4,1422.1,2.1307812440452976,19.5,0.6,0.3,18.6,193.0,0.4,0.2,0.1,0.1,16.9,0.3,0.5,0.9,0.0,0.0,124.5,49.0,12,0,0,12,0,0,0,60469.0,0.0,0.0,0.0
530576,576,719.7,1533.5,2.1307812440453,14.8,2.9,1.3,10.6,202.6,2.0,0.9,0.7,0.6,1.3,1.8,2.8,4.7,0.0,0.0,134.9,52.8,17,0,0,17,0,0,0,60469.0,0.0,0.0,0.0
530577,577,370.5,803.4,2.1680581586235346,283.4,47.0,21.1,215.3,379.8,31.7,15.3,10.6,10.5,36.7,28.4,44.7,105.4,0.0,0.0,69.1,27.2,178,0,0,178,0,0,0,60469.0,0.0,0.0,0.0
530578,578,0.0,0.0,0.0,144.0,28.1,12.4,103.4,155.7,19.3,8.8,6.5,5.9,12.4,17.4,27.7,45.9,0.0,0.0,11.7,0.0,0,101,0,0,0,101,0,60469.0,0.0,0.0,0.0
530579,579,0.0,0.0,0.0,0.0,0.0,0.0,0.0,0.0,0.0,0.0,0.0,0.0,0.0,0.0,0.0,0.0,0.0,0.0,0.0,0.0,0,0,0,0,0,0,0,99517.0,0.0,0.0,0.0
530580,580,0.0,0.0,0.0,0.0,0.0,0.0,0.0,0.0,0.0,0.0,0.0,0.0,0.0,0.0,0.0,0.0,0.0,0.0,0.0,0.0,0,0,0,0,0,0,0,79457.0,0.0,0.0,0.0
530581,581,0.0,0.0,0.0,0.0,0.0,0.0,0.0,0.0,0.0,0.0,0.0,0.0,0.0,0.0,0.0,0.0,0.0,0.0,0.0,0.0,2,0,0,2,0,0,0,79457.0,0.0,0.0,0.0
530582,582,273.7,328.3,1.199490782239368,44.0,9.6,0.4,34.0,96.0,0.6,9.0,0.2,0.2,0.4,0.5,0.8,32.2,0.0,0.0,31.9,20.1,112,0,152,112,0,0,0,79457.0,0.0,0.0,0.0
530583,583,8.1,16.5,2.048858723725597,278.5,34.4,15.6,228.5,283.3,23.0,11.4,7.7,7.9,14.9,38.6,32.2,142.7,0.0,0.0,4.3,0.6,0,0,0,0,0,0,0,35671.0,0.0,0.0,0.0
530584,584,200.0,314.3,1.5715323859274846,14.2,13.5,0.1,0.6,28.9,13.4,0.1,0.0,0.0,0.1,0.1,0.2,0.3,0.0,0.0,0.0,14.7,26,0,0,26,0,0,0,35671.0,0.0,0.0,0.0
530585,585,0.0,0.0,0.0,0.0,0.0,0.0,0.0,0.0,0.0,0.0,0.0,0.0,0.0,0.0,0.0,0.0,0.0,0.0,0.0,0.0,0,0,0,0,0,0,0,48070.0,0.0,0.0,0.0
530586,586,91.0,200.1,2.1990714322887137,149.7,22.7,10.3,116.7,192.4,15.1,7.6,5.0,5.3,9.8,49.5,21.0,36.5,0.0,0.0,36.0,6.7,0,0,0,0,0,0,0,99517.0,0.0,0.0,129.0
530587,587,0.0,0.0,0.0,71.5,14.0,6.2,51.3,78.0,9.6,4.4,3.2,2.9,6.2,8.6,13.7,22.8,0.0,0.0,6.5,0.0,0,0,0,0,0,0,0,60469.0,0.0,0.0,0.0
530588,588,78.2,171.4,2.191436328157976,69.4,13.6,6.0,49.8,97.2,9.3,4.2,3.1,2.8,6.0,8.4,13.3,22.1,0.0,0.0,22.1,5.7,0,0,0,0,0,0,0,60469.0,0.0,0.0,0.0
530589,589,342.8,743.6,2.1693330181527584,159.6,26.0,11.8,121.9,267.9,17.3,8.7,5.8,6.0,11.2,15.5,24.1,70.9,0.0,0.0,83.1,25.2,70,0,0,70,0,0,0,99517.0,0.0,0.0,0.0
530590,590,200.4,439.1,2.1914363281579803,47.1,9.2,4.1,33.8,111.8,6.3,2.9,2.1,2.0,4.1,5.7,9.0,15.1,0.0,0.0,50.0,14.7,0,0,0,0,0,0,0,99517.0,0.0,0.0,0.0
530591,591,690.3,1490.1,2.1584670941576127,136.2,8.2,22.5,105.5,251.1,5.4,2.7,12.5,10.0,20.1,4.9,7.5,73.0,0.0,0.0,64.2,50.7,82,0,0,82,0,0,0,99517.0,0.0,0.0,0.0
530592,592,167.2,360.8,2.1576929895612196,44.1,4.5,10.2,29.3,81.4,3.0,1.5,1.0,9.2,2.0,2.7,17.4,7.2,0.0,0.0,25.0,12.3,15,0,0,15,0,0,0,99517.0,0.0,0.0,0.0
530593,593,0.0,0.0,0.0,0.0,0.0,0.0,0.0,0.0,0.0,0.0,0.0,0.0,0.0,0.0,0.0,0.0,0.0,0.0,0.0,0.0,0,0,0,0,0,0,0,99517.0,0.0,0.0,0.0
530594,594,391.9,666.5,1.700707462882085,76.4,15.2,11.3,50.0,163.4,14.3,0.9,10.6,0.6,1.1,1.6,14.8,32.4,0.0,0.0,58.2,28.8,22,0,0,22,0,0,0,79457.0,0.0,0.0,0.0
530595,595,500.0,978.7,1.9573105687656542,110.3,5.0,10.5,94.9,147.4,3.3,1.7,1.1,9.4,18.9,3.0,4.6,68.4,0.0,0.0,0.4,36.7,32,0,0,32,0,0,0,52500.0,0.0,0.0,0.0
530596,596,500.0,1015.1,2.0302529805715497,78.5,15.4,9.2,53.9,115.4,14.8,0.6,0.4,8.8,17.8,1.0,1.5,33.6,0.0,0.0,0.2,36.7,10,0,61,10,0,0,0,35671.0,0.0,0.0,0.0
530597,597,64.0,138.2,2.157692990358191,152.9,58.5,10.7,83.7,164.0,42.2,16.3,5.2,5.5,10.2,14.1,21.7,37.7,0.0,0.0,6.4,4.7,0,0,0,0,0,0,0,52500.0,0.0,0.0,0.0
530598,598,114.8,251.6,2.1914363281579794,403.9,240.8,18.8,144.3,438.4,227.0,13.8,8.9,9.9,17.2,24.1,37.5,65.5,0.0,0.0,26.1,8.4,0,0,0,0,0,0,0,99517.0,0.0,0.0,0.0
530599,599,106.1,232.6,2.191436328157979,32.6,6.4,2.9,23.4,64.2,4.4,2.0,1.5,1.4,2.8,3.9,6.2,10.4,0.0,0.0,23.8,7.8,0,0,0,0,0,0,0,99517.0,0.0,0.0,0.0
530600,600,147.3,322.7,2.191436328157978,9.0,1.8,0.8,6.5,51.6,1.2,0.5,0.4,0.4,0.8,1.1,1.7,2.9,0.0,0.0,31.8,10.8,0,0,0,0,0,0,0,99517.0,0.0,0.0,0.0
530601,601,333.2,730.2,2.191436328157978,147.3,28.8,12.8,105.7,268.6,19.7,9.1,6.7,6.1,12.7,17.7,28.2,47.0,0.0,0.0,96.8,24.5,0,0,275,0,0,0,0,99517.0,0.0,0.0,0.0
530602,602,234.5,513.9,2.1914363281579776,57.1,11.2,4.9,41.0,178.7,7.7,3.5,2.6,2.3,4.9,6.9,10.9,18.2,37.9,0.0,66.5,17.2,0,0,0,0,0,0,0,99517.0,0.0,0.0,0.0
530603,603,583.4,1278.5,2.191436328157977,54.0,10.6,4.7,38.8,273.9,7.2,3.3,2.4,2.2,4.7,6.5,10.3,17.2,0.0,0.0,177.0,42.8,0,0,0,0,0,0,0,99517.0,0.0,0.0,0.0
530604,604,126.6,259.5,2.0488587237255977,15.9,3.1,1.4,11.4,49.6,2.1,1.0,0.7,0.7,1.4,1.9,3.0,5.1,0.0,0.0,24.4,9.3,0,0,0,0,0,0,0,99517.0,0.0,0.0,0.0
530605,605,21.1,45.0,2.1307812440452967,44.6,8.7,3.9,32.0,69.0,6.0,2.8,2.0,1.9,3.9,5.4,8.5,14.2,0.0,0.0,22.9,1.6,0,0,0,0,0,0,0,99517.0,0.0,0.0,0.0
530606,606,65.1,143.3,2.1999010722760297,1.7,0.4,0.2,1.2,23.8,0.2,0.1,0.1,0.1,0.2,0.2,0.3,0.6,0.0,0.0,17.3,4.8,0,0,0,0,0,0,0,99517.0,0.0,0.0,0.0
530607,607,147.3,322.7,2.191436328157978,37.2,7.3,3.2,26.6,80.8,5.0,2.3,1.7,1.6,3.2,4.5,7.1,11.9,0.0,0.0,32.8,10.8,0,0,0,0,0,0,0,99517.0,0.0,0.0,0.0
530608,608,261.0,562.9,2.157147112406639,109.8,4.7,2.1,103.0,150.6,3.1,1.6,1.0,1.1,2.0,20.3,16.7,63.9,0.0,0.0,21.7,19.2,35,0,0,35,0,0,0,99517.0,0.0,0.0,0.0
530609,609,308.0,664.3,2.156893473042129,74.2,3.7,12.1,58.4,119.4,2.5,1.2,11.2,0.9,17.7,2.2,3.4,35.1,0.0,0.0,22.6,22.6,32,0,0,32,0,0,0,99517.0,0.0,0.0,0.0
530610,610,229.2,494.0,2.1557857085172953,229.3,50.0,15.0,164.3,253.0,22.0,28.0,7.3,7.7,30.9,19.8,30.5,83.0,0.0,0.0,6.8,16.8,35,0,0,35,0,0,0,99517.0,0.0,0.0,0.0
530611,611,0.0,0.0,0.0,103.0,6.6,3.0,93.5,103.6,4.4,2.2,1.4,1.5,2.8,74.1,6.0,10.5,0.0,0.0,0.5,0.0,0,0,0,0,0,0,0,99517.0,0.0,0.0,0.0
530612,612,159.3,350.5,2.1999010722760306,0.0,0.0,0.0,0.0,64.9,0.0,0.0,0.0,0.0,0.0,0.0,0.0,0.0,0.0,0.0,53.2,11.7,0,0,0,0,0,0,0,99517.0,0.0,0.0,0.0
530613,613,60.0,91.7,1.5276670624512672,90.9,54.5,4.1,32.3,100.3,33.8,20.7,2.0,2.1,3.9,5.4,8.3,14.6,0.0,0.0,5.0,4.4,12,0,0,12,0,0,0,79457.0,0.0,0.0,0.0
530614,614,228.6,465.1,2.034456029938401,90.9,24.2,11.8,54.9,155.7,14.9,9.3,11.2,0.5,17.7,1.4,2.1,33.8,0.0,0.0,48.1,16.8,5,0,100,5,0,0,0,79457.0,0.0,0.0,0.0
530615,615,61.9,121.8,1.9669362034058933,25.2,4.9,2.2,18.1,57.6,3.4,1.5,1.1,1.0,2.2,3.0,4.8,8.0,0.0,0.0,27.8,4.5,1,0,0,1,0,0,0,79118.0,0.0,0.0,0.0
530616,616,575.2,1168.1,2.0307095632813272,75.6,2.0,21.6,52.0,193.6,1.3,0.7,21.1,0.5,16.9,1.2,1.8,32.1,0.0,0.0,75.8,42.2,24,0,0,24,0,0,0,52500.0,0.0,0.0,0.0
530617,617,295.4,649.9,2.199901072276033,0.0,0.0,0.0,0.0,132.3,0.0,0.0,0.0,0.0,0.0,0.0,0.0,0.0,0.0,0.0,110.6,21.7,0,0,0,0,0,0,0,52500.0,0.0,0.0,0.0
530618,618,623.4,1687.1,2.706261664360427,89.6,8.8,4.0,76.9,217.9,5.9,2.9,1.9,2.0,20.1,5.3,8.1,43.4,0.0,0.0,82.5,45.8,18,0,0,18,0,0,0,52500.0,0.0,0.0,0.0
530619,619,124.4,272.6,2.1914363281579794,0.0,0.0,0.0,0.0,38.5,0.0,0.0,0.0,0.0,0.0,0.0,0.0,0.0,0.0,0.0,29.4,9.1,0,0,0,0,0,0,0,52500.0,0.0,0.0,0.0
530620,620,114.8,251.6,2.1914363281579794,674.1,469.5,11.0,193.6,708.7,418.8,50.7,5.4,5.6,27.2,14.5,22.4,129.5,0.0,0.0,26.2,8.4,0,0,0,0,0,0,0,52500.0,0.0,0.0,0.0
530621,621,109.0,239.0,2.1914363281579785,33.8,6.6,3.0,24.2,66.3,4.5,2.1,1.5,1.4,2.9,4.1,6.4,10.8,0.0,0.0,24.4,8.0,0,0,0,0,0,0,0,99517.0,0.0,0.0,0.0
530622,622,94.9,208.1,2.1914363281579785,33.6,6.6,2.9,24.0,62.0,4.5,2.1,1.5,1.4,2.9,4.0,6.4,10.7,0.0,0.0,21.5,7.0,0,0,0,0,0,0,0,99517.0,0.0,0.0,0.0
530623,623,155.4,340.4,2.191436328157979,183.9,26.2,11.8,146.0,231.7,17.8,8.4,6.1,5.7,11.5,15.8,75.5,43.2,0.0,0.0,36.4,11.4,0,0,0,0,0,0,0,99517.0,0.0,0.0,0.0
530624,624,310.0,679.4,2.191436328157978,56.5,11.1,4.9,40.5,165.0,7.6,3.5,2.6,2.3,4.9,6.8,10.8,18.0,0.0,0.0,85.8,22.8,0,0,0,0,0,0,0,99517.0,0.0,0.0,0.0
530625,625,208.1,456.1,2.1914363281579754,39.9,7.8,3.5,28.6,106.3,5.3,2.5,1.8,1.7,3.5,4.8,7.6,12.8,0.0,0.0,51.1,15.3,0,0,0,0,0,0,0,99517.0,0.0,0.0,0.0
530626,626,210.4,461.1,2.1914363281579776,56.5,11.1,4.9,40.5,125.2,7.6,3.5,2.6,2.3,4.9,6.8,10.8,18.0,0.0,0.0,53.3,15.5,0,0,0,0,0,0,0,99517.0,0.0,0.0,0.0
530627,627,0.0,0.0,0.0,29.3,5.7,2.5,21.1,31.7,3.9,1.8,1.3,1.2,2.5,3.5,5.6,9.3,0.0,0.0,2.4,0.0,0,0,0,0,0,0,0,99517.0,0.0,0.0,0.0
530628,628,124.6,274.1,2.199901072276031,10.4,2.0,0.9,7.5,57.0,1.4,0.7,0.5,0.4,0.9,1.2,2.0,3.3,0.0,0.0,37.4,9.1,0,0,0,0,0,0,0,99517.0,0.0,0.0,0.0
530629,629,268.7,591.2,2.19990107227603,11.8,2.3,1.0,8.5,132.6,1.6,0.7,0.5,0.5,1.0,1.4,2.2,3.8,0.0,0.0,101.0,19.7,0,0,0,0,0,0,0,99517.0,0.0,0.0,0.0
530630,630,124.6,274.1,2.199901072276031,2.3,0.5,0.2,1.7,48.6,0.3,0.2,0.1,0.1,0.2,0.3,0.4,0.7,0.0,0.0,37.1,9.1,0,0,0,0,0,0,0,99517.0,0.0,0.0,0.0
530631,631,155.5,342.1,2.1999010722760315,33.1,6.5,2.9,23.8,99.5,4.5,2.0,1.5,1.3,2.9,4.0,6.4,10.6,0.0,0.0,54.9,11.4,0,0,0,0,0,0,0,99517.0,0.0,0.0,0.0
530632,632,100.2,215.0,2.1463855334999673,0.0,0.0,0.0,0.0,33.9,0.0,0.0,0.0,0.0,0.0,0.0,0.0,0.0,0.0,0.0,26.5,7.4,0,0,0,0,0,0,0,99517.0,0.0,0.0,0.0
530633,633,155.5,342.1,2.1999010722760315,33.1,6.5,2.9,23.8,99.5,4.5,2.0,1.5,1.3,2.9,4.0,6.4,10.6,0.0,0.0,54.9,11.4,0,0,0,0,0,0,0,99517.0,0.0,0.0,0.0
530634,634,124.6,274.1,2.199901072276031,16.7,3.3,1.5,12.0,63.7,2.2,1.0,0.8,0.7,1.4,2.0,3.2,5.3,0.0,0.0,37.9,9.1,0,0,0,0,0,0,0,99517.0,0.0,0.0,0.0
530635,635,183.7,404.2,2.1999010722760297,14.8,2.9,1.3,10.6,90.3,2.0,0.9,0.7,0.6,1.3,1.8,2.8,4.7,0.0,0.0,62.0,13.5,0,0,0,0,0,0,0,99517.0,0.0,0.0,0.0
530636,636,239.9,527.9,2.199901072276031,19.1,3.7,1.7,13.7,117.5,2.6,1.2,0.9,0.8,1.6,2.3,3.7,6.1,0.0,0.0,80.8,17.6,0,0,0,0,0,0,0,99517.0,0.0,0.0,0.0
530637,637,239.9,527.9,2.199901072276031,0.0,0.0,0.0,0.0,97.4,0.0,0.0,0.0,0.0,0.0,0.0,0.0,0.0,0.0,0.0,79.8,17.6,0,0,0,0,0,0,0,99517.0,0.0,0.0,0.0
530638,638,65.1,143.3,2.1999010722760297,14.8,2.9,1.3,10.6,37.6,2.0,0.9,0.7,0.6,1.3,1.8,2.8,4.7,0.0,0.0,17.9,4.8,0,0,0,0,0,0,0,99517.0,0.0,0.0,0.0
530639,639,150.2,330.4,2.19990107227603,0.0,0.0,0.0,0.0,55.7,0.0,0.0,0.0,0.0,0.0,0.0,0.0,0.0,0.0,0.0,44.7,11.0,0,0,0,0,0,0,0,99517.0,0.0,0.0,0.0
530640,640,258.8,567.2,2.1914363281579785,0.0,0.0,0.0,0.0,87.8,0.0,0.0,0.0,0.0,0.0,0.0,0.0,0.0,0.0,0.0,68.8,19.0,0,0,0,0,0,0,0,99517.0,0.0,0.0,0.0
530641,641,0.0,0.0,0.0,0.0,0.0,0.0,0.0,0.0,0.0,0.0,0.0,0.0,0.0,0.0,0.0,0.0,0.0,0.0,0.0,0.0,0,0,0,0,0,0,0,99517.0,0.0,0.0,0.0
530642,642,0.0,0.0,0.0,0.0,0.0,0.0,0.0,0.0,0.0,0.0,0.0,0.0,0.0,0.0,0.0,0.0,0.0,0.0,0.0,0.0,0,0,0,0,0,0,0,99517.0,0.0,0.0,0.0
530643,643,0.0,0.0,0.0,0.0,0.0,0.0,0.0,0.0,0.0,0.0,0.0,0.0,0.0,0.0,0.0,0.0,0.0,0.0,0.0,0.0,0,0,0,0,0,0,0,67317.0,0.0,0.0,0.0
530644,644,5.0,9.1,1.8212961672819812,0.0,0.0,0.0,0.0,0.4,0.0,0.0,0.0,0.0,0.0,0.0,0.0,0.0,0.0,0.0,0.0,0.4,2,0,0,2,0,0,0,96964.0,0.0,0.0,0.0
530645,645,224.7,390.2,1.7364423329638765,91.1,20.1,3.5,67.4,155.2,17.5,2.6,1.7,1.8,18.8,4.6,31.7,12.3,0.0,0.0,47.7,16.5,21,0,0,21,0,0,0,79457.0,0.0,0.0,0.0
530646,646,243.6,422.6,1.7346056700964037,142.4,11.5,13.2,117.6,189.5,7.7,3.9,2.5,10.7,21.3,25.1,23.5,47.8,0.0,0.0,29.3,17.9,8,0,0,8,0,0,0,79457.0,0.0,0.0,0.0
530647,647,278.2,334.0,1.200671013344849,60.4,3.0,1.3,56.1,101.3,2.0,1.0,0.7,0.7,17.5,1.8,2.7,34.1,0.0,0.0,20.5,20.4,56,0,0,56,0,0,0,66479.0,0.0,0.0,0.0
530648,648,599.8,1095.6,1.8266006561147277,65.7,14.5,0.6,50.6,131.8,14.0,0.5,0.3,0.3,16.9,0.8,1.2,31.7,0.0,0.0,22.0,44.0,51,0,0,51,0,0,0,66479.0,0.0,0.0,0.0
530649,649,276.0,363.0,1.315344900074472,468.0,59.5,88.6,320.0,507.6,34.0,25.4,52.9,35.7,54.4,30.6,124.0,111.0,0.0,15.5,3.8,20.3,1,43,0,1,0,43,42,66479.0,0.0,0.0,0.0
530650,650,213.7,365.0,1.7075148890601743,66.3,10.7,0.9,54.7,117.6,1.4,9.3,0.5,0.5,17.8,1.2,1.9,33.8,0.0,0.0,35.6,15.7,40,0,51,40,0,0,135,66479.0,0.0,0.0,0.0
530651,651,313.7,573.6,1.8285203748188428,475.5,101.8,25.2,348.6,555.1,75.0,26.7,12.2,13.0,71.6,33.1,126.6,117.3,0.0,0.0,56.5,23.0,1,0,85,1,0,0,0,99517.0,0.0,0.0,0.0
530652,652,67.1,147.6,2.199901072276031,30.7,6.0,2.6,22.0,55.8,4.1,1.9,1.4,1.2,2.7,3.7,5.9,9.8,0.0,0.0,20.3,4.9,0,0,0,0,0,0,0,99517.0,0.0,0.0,0.0
530653,653,519.5,839.5,1.6160436649608474,159.0,20.6,19.8,118.6,311.5,13.7,6.9,15.0,4.8,25.1,12.3,18.9,62.2,0.0,15.5,98.8,38.1,15,0,0,15,0,0,0,99517.0,0.0,0.0,0.0
530654,654,85.4,187.9,2.1999010722760297,30.7,6.0,2.6,22.0,64.8,4.1,1.9,1.4,1.2,2.7,3.7,5.9,9.8,0.0,0.0,27.9,6.3,0,0,0,0,0,0,0,99517.0,0.0,0.0,0.0
530655,655,201.8,444.0,2.19990107227603,0.0,0.0,0.0,0.0,82.2,0.0,0.0,0.0,0.0,0.0,0.0,0.0,0.0,0.0,0.0,67.4,14.8,0,0,0,0,0,0,0,99517.0,0.0,0.0,0.0
530656,656,761.5,1675.3,2.1999010722760297,0.0,0.0,0.0,0.0,413.9,0.0,0.0,0.0,0.0,0.0,0.0,0.0,0.0,0.0,0.0,358.0,55.9,0,0,0,0,0,0,0,99517.0,0.0,0.0,0.0
530657,657,267.2,585.6,2.191436328157978,62.4,12.2,5.4,44.8,157.4,8.4,3.8,2.8,2.6,5.4,7.5,12.0,19.9,0.0,0.0,75.3,19.6,0,0,0,0,0,0,0,99517.0,0.0,0.0,0.0
530658,658,183.7,404.2,2.1999010722760297,33.6,6.6,2.9,24.2,111.5,4.5,2.0,1.5,1.4,2.9,4.1,6.5,10.7,0.0,0.0,64.4,13.5,0,0,0,0,0,0,0,89285.0,0.0,0.0,0.0
530659,659,217.7,479.0,2.199901072276032,87.0,17.2,7.7,62.2,178.3,11.6,5.6,3.9,3.8,7.5,10.4,16.4,27.9,0.0,0.0,75.2,16.0,0,0,0,0,0,0,0,79053.0,0.0,0.0,0.0
530660,660,124.6,274.1,2.199901072276031,14.8,2.9,1.3,10.6,61.7,2.0,0.9,0.7,0.6,1.3,1.8,2.8,4.7,0.0,0.0,37.7,9.1,0,0,0,0,0,0,0,89285.0,0.0,0.0,0.0
530661,661,108.0,237.7,2.1999010722760297,34.1,6.7,2.9,24.5,77.6,4.6,2.1,1.6,1.4,3.0,4.1,6.6,10.9,0.0,0.0,35.6,7.9,0,0,0,0,0,0,0,79053.0,0.0,0.0,0.0
530662,662,124.6,274.1,2.199901072276031,3.8,0.8,0.3,2.7,50.1,0.5,0.3,0.2,0.2,0.3,0.5,0.7,1.2,0.0,0.0,37.1,9.1,0,0,0,0,0,0,0,89285.0,0.0,0.0,0.0
530663,663,65.1,143.3,2.1999010722760297,14.8,2.9,1.3,10.6,37.6,2.0,0.9,0.7,0.6,1.3,1.8,2.8,4.7,0.0,0.0,17.9,4.8,0,0,0,0,0,0,0,99517.0,0.0,0.0,0.0
530664,664,295.4,649.9,2.199901072276033,14.8,2.9,1.3,10.6,147.8,2.0,0.9,0.7,0.6,1.3,1.8,2.8,4.7,0.0,0.0,111.3,21.7,0,0,0,0,0,0,0,99517.0,0.0,0.0,0.0
530665,665,183.7,404.2,2.1999010722760297,25.2,4.9,2.2,18.1,101.9,3.4,1.5,1.1,1.0,2.2,3.0,4.8,8.0,0.0,0.0,63.2,13.5,0,0,0,0,0,0,0,89285.0,0.0,0.0,0.0
530666,666,295.4,649.9,2.199901072276033,33.6,6.6,2.9,24.2,169.0,4.5,2.0,1.5,1.4,2.9,4.1,6.5,10.7,0.0,0.0,113.6,21.7,0,0,0,0,0,0,0,99517.0,0.0,0.0,0.0
530667,667,65.1,143.3,2.1999010722760297,30.7,6.0,2.6,22.0,55.2,4.1,1.9,1.4,1.2,2.7,3.7,5.9,9.8,0.0,0.0,19.7,4.8,0,0,0,0,0,0,0,89285.0,0.0,0.0,0.0
530668,668,124.6,274.1,2.199901072276031,34.1,6.7,2.9,24.5,83.8,4.6,2.1,1.6,1.4,3.0,4.1,6.6,10.9,0.0,0.0,40.5,9.1,0,0,0,0,0,0,0,89285.0,0.0,0.0,0.0
530669,669,183.7,404.2,2.1999010722760297,9.5,1.9,0.8,6.8,84.6,1.3,0.6,0.4,0.4,0.8,1.1,1.8,3.0,0.0,0.0,61.6,13.5,0,0,0,0,0,0,0,99517.0,0.0,0.0,0.0
530670,670,430.2,946.4,2.199901072276029,34.1,6.7,2.9,24.5,249.7,4.6,2.1,1.6,1.4,3.0,4.1,6.6,10.9,0.0,0.0,184.0,31.6,0,0,0,0,0,0,0,79457.0,0.0,0.0,0.0
530671,671,206.5,261.6,1.2672308127559009,37.5,1.7,0.8,35.1,107.5,1.1,0.6,0.4,0.4,0.7,1.0,1.6,31.7,0.0,0.0,54.8,15.2,3,0,0,3,0,0,0,79457.0,0.0,0.0,0.0
530672,672,0.0,0.0,0.0,19.7,3.9,1.7,14.1,20.8,2.6,1.2,0.9,0.8,1.7,2.4,3.8,6.3,0.0,0.0,1.2,0.0,0,0,0,0,0,0,0,96964.0,0.0,0.0,0.0
530673,673,16.7,36.8,2.1999010722760297,0.0,0.0,0.0,0.0,4.3,0.0,0.0,0.0,0.0,0.0,0.0,0.0,0.0,0.0,0.0,3.1,1.2,0,0,0,0,0,0,0,96964.0,0.0,0.0,0.0
530674,674,295.4,649.9,2.199901072276033,0.0,0.0,0.0,0.0,132.3,0.0,0.0,0.0,0.0,0.0,0.0,0.0,0.0,0.0,0.0,110.6,21.7,0,0,0,0,0,0,0,77113.0,0.0,0.0,0.0
530675,675,0.0,0.0,0.0,0.0,0.0,0.0,0.0,0.0,0.0,0.0,0.0,0.0,0.0,0.0,0.0,0.0,0.0,0.0,0.0,0.0,0,0,0,0,0,0,0,77113.0,0.0,0.0,0.0
530676,676,325.8,788.1,2.4192056294147317,353.6,95.7,12.0,245.9,409.4,55.1,40.6,5.8,6.2,11.4,15.8,148.2,70.4,0.0,0.0,31.9,23.9,6,16,0,6,0,16,0,77113.0,0.0,0.0,0.0
530677,677,558.4,1342.4,2.403856311777634,589.5,169.3,30.6,389.6,681.0,122.1,47.2,14.8,15.8,45.2,40.2,138.5,165.7,0.0,0.0,50.5,41.0,10,89,0,10,0,89,91,66479.0,0.0,0.0,0.0
530678,678,82.9,188.8,2.2764212801692123,47.4,3.7,1.7,42.1,64.6,2.4,1.2,0.8,0.9,1.6,2.2,3.3,34.9,0.0,0.0,11.1,6.1,0,0,0,0,0,0,0,81594.0,0.0,0.0,0.0
530679,679,528.3,815.1,1.5429186708907348,0.0,0.0,0.0,0.0,67.6,0.0,0.0,0.0,0.0,0.0,0.0,0.0,0.0,0.0,0.0,28.9,38.8,32,5,0,32,0,5,0,99517.0,0.0,0.0,0.0
530680,680,55.0,184.2,3.347303898816638,0.0,0.0,0.0,0.0,12.2,0.0,0.0,0.0,0.0,0.0,0.0,0.0,0.0,0.0,0.0,8.1,4.0,1,0,0,1,0,0,0,99517.0,0.0,0.0,0.0
530681,681,444.6,1157.7,2.604111361448017,0.0,0.0,0.0,0.0,106.4,0.0,0.0,0.0,0.0,0.0,0.0,0.0,0.0,0.0,0.0,73.7,32.6,10,0,0,10,0,0,0,99517.0,0.0,0.0,0.0
530682,682,96.2,211.6,2.1999010722760297,0.0,0.0,0.0,0.0,35.7,0.0,0.0,0.0,0.0,0.0,0.0,0.0,0.0,0.0,0.0,28.6,7.1,0,0,0,0,0,0,0,99517.0,0.0,0.0,0.0
530683,683,200.9,428.1,2.1307812440452967,0.0,0.0,0.0,0.0,68.1,0.0,0.0,0.0,0.0,0.0,0.0,0.0,0.0,0.0,0.0,53.4,14.8,1,0,0,1,0,0,0,99517.0,0.0,0.0,0.0
530684,684,124.6,274.1,2.199901072276031,0.0,0.0,0.0,0.0,46.2,0.0,0.0,0.0,0.0,0.0,0.0,0.0,0.0,0.0,0.0,37.0,9.1,0,0,0,0,0,0,0,99517.0,0.0,0.0,0.0
530685,685,42.6,105.2,2.4675738275818473,0.0,0.0,0.0,0.0,10.2,0.0,0.0,0.0,0.0,0.0,0.0,0.0,0.0,0.0,0.0,7.1,3.1,0,0,0,0,0,0,0,79053.0,0.0,0.0,0.0
530686,686,23.7,58.5,2.467573827581848,0.0,0.0,0.0,0.0,4.8,0.0,0.0,0.0,0.0,0.0,0.0,0.0,0.0,0.0,0.0,3.1,1.7,0,0,0,0,0,0,0,79053.0,0.0,0.0,0.0
530687,687,83.7,190.6,2.2764212801692096,0.0,0.0,0.0,0.0,23.7,0.0,0.0,0.0,0.0,0.0,0.0,0.0,0.0,0.0,0.0,17.6,6.1,0,0,0,0,0,0,0,79053.0,0.0,0.0,0.0
530688,688,70.1,159.5,2.2764212801692127,0.0,0.0,0.0,0.0,56.2,0.0,0.0,0.0,0.0,0.0,0.0,0.0,0.0,37.9,0.0,13.1,5.1,0,0,0,0,0,0,0,79053.0,0.0,0.0,0.0
530689,689,722.9,1645.6,2.276421280169211,0.0,0.0,0.0,0.0,225.9,0.0,0.0,0.0,0.0,0.0,0.0,0.0,0.0,37.9,0.0,134.8,53.1,14,0,0,14,0,0,0,79053.0,0.0,0.0,0.0
530690,690,462.1,625.3,1.3531674801558395,107.6,26.6,16.6,64.3,210.6,22.1,4.6,13.5,3.2,22.1,8.1,12.4,21.7,0.0,0.0,69.1,33.9,86,0,0,86,0,0,0,79053.0,0.0,0.0,0.0
530691,691,698.3,1536.1,2.1999010722760284,34.1,6.7,2.9,24.5,417.1,4.6,2.1,1.6,1.4,3.0,4.1,6.6,10.9,0.0,0.0,331.7,51.3,0,0,0,0,0,0,0,99517.0,0.0,0.0,0.0
530692,692,53.7,118.0,2.199901072276032,0.0,0.0,0.0,0.0,55.4,0.0,0.0,0.0,0.0,0.0,0.0,0.0,0.0,0.0,0.0,51.4,3.9,0,0,0,0,0,0,0,99517.0,0.0,0.0,0.0
530693,693,0.0,0.0,0.0,0.0,0.0,0.0,0.0,0.0,0.0,0.0,0.0,0.0,0.0,0.0,0.0,0.0,0.0,0.0,0.0,0.0,0,0,0,0,0,0,0,99517.0,0.0,0.0,0.0
530694,694,84.2,153.3,1.8212961672819807,4.2,0.8,0.4,3.0,21.5,0.6,0.3,0.2,0.2,0.4,0.5,0.8,1.4,0.0,0.0,11.1,6.2,6,0,0,6,0,0,0,67317.0,0.0,0.0,0.0
530695,695,18.0,40.9,2.276421280169212,21.1,4.1,1.8,15.1,66.8,2.8,1.3,1.0,0.9,1.8,2.5,4.0,6.7,37.9,0.0,6.5,1.3,1,0,0,1,0,0,0,67317.0,0.0,0.0,0.0
530696,696,62.6,137.6,2.1999010722760293,34.1,6.7,2.9,24.5,58.7,4.6,2.1,1.6,1.4,3.0,4.1,6.6,10.9,0.0,0.0,20.0,4.6,0,0,0,0,0,0,0,96964.0,0.0,0.0,0.0
530697,697,96.2,211.6,2.1999010722760297,31.6,6.2,2.7,22.7,70.1,4.2,1.9,1.4,1.3,2.7,3.8,6.1,10.1,0.0,0.0,31.5,7.1,0,0,0,0,0,0,0,79457.0,0.0,0.0,0.0
530698,698,68.4,149.8,2.1914363281579767,0.0,0.0,0.0,0.0,21.1,0.0,0.0,0.0,0.0,0.0,0.0,0.0,0.0,0.0,0.0,16.1,5.0,0,0,0,0,0,0,0,96964.0,0.0,0.0,0.0
530699,699,527.0,1155.0,2.1914363281579785,32.1,6.3,2.8,23.1,230.9,4.3,2.0,1.5,1.3,2.8,3.9,6.2,10.2,0.0,0.0,160.1,38.7,0,0,0,0,0,0,0,96964.0,0.0,0.0,0.0
530700,700,138.9,304.4,2.1914363281579803,0.0,0.0,0.0,0.0,39.3,0.0,0.0,0.0,0.0,0.0,0.0,0.0,0.0,0.0,0.0,29.1,10.2,0,0,0,0,0,0,0,96964.0,0.0,0.0,0.0
530701,701,212.6,465.9,2.1914363281579776,24.3,4.7,2.1,17.4,91.6,3.3,1.5,1.1,1.0,2.1,2.9,4.7,7.7,0.0,0.0,51.7,15.6,0,0,0,0,0,0,0,96964.0,0.0,0.0,0.0
530702,702,130.4,286.9,2.199901072276031,23.9,4.7,2.1,17.1,73.8,3.2,1.5,1.1,1.0,2.1,2.9,4.6,7.6,0.0,0.0,40.3,9.6,0,0,0,0,0,0,0,96964.0,0.0,0.0,0.0
530703,703,173.0,379.1,2.191436328157979,37.2,7.3,3.2,26.6,92.6,5.0,2.3,1.7,1.6,3.2,4.5,7.1,11.9,0.0,0.0,42.7,12.7,0,0,0,0,0,0,0,96964.0,0.0,0.0,0.0
530704,704,243.9,534.4,2.191436328157979,26.7,5.2,2.3,19.2,103.5,3.6,1.7,1.2,1.1,2.3,3.2,5.1,8.5,0.0,0.0,58.9,17.9,0,0,0,0,0,0,0,96964.0,0.0,0.0,0.0
530705,705,31.2,68.7,2.1999010722760315,0.0,0.0,0.0,0.0,8.8,0.0,0.0,0.0,0.0,0.0,0.0,0.0,0.0,0.0,0.0,6.6,2.3,0,0,0,0,0,0,0,77113.0,0.0,0.0,0.0
530706,706,0.0,0.0,0.0,0.0,0.0,0.0,0.0,0.0,0.0,0.0,0.0,0.0,0.0,0.0,0.0,0.0,0.0,0.0,0.0,0.0,0,0,0,0,0,0,0,77113.0,0.0,0.0,0.0
530707,707,212.8,510.1,2.396784946622815,1096.2,271.4,36.9,787.9,1136.7,162.6,108.9,6.3,30.6,28.7,508.2,117.0,134.0,0.0,0.0,24.8,15.6,15,0,0,15,0,0,84,77113.0,1170.0,85.0,0.0
530708,708,164.2,303.9,1.851070707394089,197.6,82.1,1.1,114.5,231.4,29.0,53.1,0.5,0.5,18.1,1.4,29.4,65.6,0.0,0.0,21.7,12.1,0,5,183,0,0,5,0,81594.0,0.0,0.0,0.0
530709,709,143.3,354.3,2.4727497618821124,227.2,88.3,15.1,123.9,259.8,59.7,28.6,12.8,2.2,20.8,5.7,22.0,75.3,0.0,0.0,22.0,10.5,4,0,0,4,0,0,46,81594.0,0.0,0.0,0.0
530710,710,86.7,232.8,2.6855225046590223,280.6,73.0,3.7,203.9,294.0,18.9,54.1,1.8,1.9,70.9,99.1,21.0,13.1,0.0,0.0,7.1,6.4,7,0,0,7,0,0,0,81594.0,0.0,0.0,0.0
530711,711,68.7,180.6,2.628108867738009,34.5,1.1,0.5,32.9,44.6,0.7,0.4,0.2,0.3,0.5,0.7,1.0,30.8,0.0,0.0,5.1,5.0,3,0,0,3,0,0,0,81594.0,0.0,0.0,0.0
530712,712,48.2,157.2,3.2585333658732325,75.1,9.9,0.8,64.4,80.6,1.1,8.8,0.4,0.4,17.0,1.0,14.4,32.0,0.0,0.0,1.9,3.5,2,0,0,2,0,0,0,99517.0,0.0,0.0,0.0
530713,713,60.1,130.5,2.171392408314564,16.0,1.2,10.7,4.1,27.5,0.8,0.4,10.4,0.3,0.5,0.7,1.1,1.9,0.0,0.0,7.1,4.4,1,0,0,1,0,0,0,99517.0,0.0,0.0,0.0
530714,714,38.4,116.3,3.0260391133741176,39.3,2.1,0.9,36.3,45.4,1.4,0.7,0.5,0.5,0.9,1.2,1.9,32.3,0.0,0.0,3.3,2.8,1,0,0,1,0,0,0,81594.0,0.0,0.0,0.0
530715,715,101.2,351.5,3.47112470149819,54.3,15.3,1.2,37.8,71.3,14.4,0.9,0.6,0.6,16.9,1.6,15.0,4.3,0.0,0.0,9.5,7.4,2,0,0,2,0,0,0,84904.0,0.0,0.0,0.0
530716,716,35.5,148.4,4.183612230711292,33.2,0.8,0.4,32.0,36.5,0.6,0.3,0.2,0.2,0.4,0.5,0.8,30.3,0.0,0.0,0.7,2.6,1,0,0,1,0,0,0,99517.0,0.0,0.0,0.0
530717,717,23.9,69.6,2.9065945130309148,21.7,1.0,0.5,20.2,24.0,0.7,0.3,0.2,0.2,17.0,0.6,0.9,1.6,0.0,0.0,0.5,1.8,2,0,0,2,0,0,0,81594.0,0.0,0.0,0.0
530718,718,35.9,96.2,2.6809769360689715,89.1,5.2,10.4,73.5,97.4,3.4,1.7,1.1,9.3,2.2,58.2,4.7,8.3,0.0,0.0,5.7,2.6,0,0,0,0,0,0,0,84904.0,533.0,0.0,0.0
530719,719,56.5,177.3,3.136102047862808,29.6,0.1,0.1,29.4,38.4,0.1,0.0,0.0,0.0,0.1,0.1,0.1,29.2,0.0,0.0,4.6,4.2,3,0,0,3,0,0,0,99517.0,0.0,0.0,0.0
530720,720,152.8,448.7,2.936798894723659,90.3,7.9,13.7,68.7,122.2,5.3,2.7,11.8,1.8,3.4,4.7,19.7,40.9,0.0,0.0,20.7,11.2,3,0,0,3,0,0,0,81594.0,0.0,0.0,0.0
530721,721,90.1,287.1,3.1866715059436705,28.1,2.3,1.1,24.7,46.7,1.5,0.8,0.5,0.5,17.5,1.4,2.1,3.7,0.0,0.0,12.0,6.6,1,0,0,1,0,0,0,84904.0,0.0,0.0,0.0
530722,722,35.2,76.5,2.1752823661942724,34.9,2.9,21.6,10.4,42.9,2.0,1.0,12.2,9.5,1.3,1.8,2.7,4.7,0.0,0.0,5.4,2.6,0,0,0,0,0,0,0,99517.0,0.0,0.0,0.0
530723,723,43.9,132.4,3.01599958861096,64.8,16.1,9.5,39.2,73.3,15.3,0.8,0.5,9.0,1.0,1.4,2.1,34.7,0.0,0.0,5.3,3.2,1,0,0,1,0,0,0,81594.0,0.0,0.0,0.0
530724,724,195.4,499.5,2.5560406302260805,211.1,25.3,13.5,172.3,240.5,21.1,4.1,2.7,10.8,37.7,61.6,24.1,48.8,0.0,0.0,15.1,14.4,15,0,0,15,0,0,0,79053.0,0.0,722.0,0.0
530725,725,148.5,372.0,2.5039838366128246,0.0,0.0,0.0,0.0,38.6,0.0,0.0,0.0,0.0,0.0,0.0,0.0,0.0,0.0,0.0,27.7,10.9,2,0,0,2,0,0,0,81594.0,0.0,0.0,0.0
530726,726,171.7,286.6,1.669587796319571,107.2,15.5,7.0,84.7,124.8,10.4,5.1,3.5,3.5,6.7,9.3,14.5,54.2,0.0,0.0,5.0,12.6,26,0,0,26,0,0,0,79053.0,0.0,0.0,0.0
530727,727,0.0,0.0,0.0,29.7,5.8,2.6,21.4,32.1,4.0,1.8,1.3,1.2,2.6,3.6,5.7,9.5,0.0,0.0,2.4,0.0,0,0,0,0,0,0,0,79053.0,0.0,0.0,0.0
530728,728,141.6,235.4,1.662002377771452,93.7,12.9,5.8,75.0,123.6,8.6,4.3,2.8,3.0,5.6,7.7,11.9,49.8,0.0,0.0,19.5,10.4,19,0,0,19,0,0,0,79053.0,0.0,0.0,0.0
530729,729,25.3,62.4,2.4675738275818473,59.7,11.7,5.2,42.9,68.5,8.0,3.7,2.7,2.5,5.2,7.2,11.4,19.0,0.0,0.0,7.0,1.9,1,0,0,1,0,0,0,79053.0,0.0,0.0,0.0
530730,730,0.0,0.0,0.0,0.0,0.0,0.0,0.0,0.0,0.0,0.0,0.0,0.0,0.0,0.0,0.0,0.0,0.0,0.0,0.0,0.0,0,0,0,0,0,0,0,67317.0,0.0,0.0,0.0
530731,731,146.8,200.6,1.366171054394752,23.7,1.4,0.6,21.6,62.0,1.0,0.5,0.3,0.3,17.2,0.9,1.3,2.3,0.0,0.0,27.5,10.8,5,0,0,5,0,0,0,67317.0,0.0,0.0,0.0
530732,732,152.5,387.8,2.5428359800693934,29.7,2.4,1.1,26.2,63.6,1.6,0.8,0.5,0.6,1.0,19.1,2.2,3.9,0.0,0.0,22.7,11.2,12,0,0,12,0,0,0,67317.0,0.0,0.0,0.0
530733,733,123.6,193.4,1.5652882912829147,0.0,0.0,0.0,0.0,65.2,0.0,0.0,0.0,0.0,0.0,0.0,0.0,0.0,37.9,0.0,18.2,9.1,7,0,0,7,0,0,0,67317.0,0.0,0.0,0.0
530734,734,29.6,35.5,1.1994907822393681,40.7,15.4,1.0,24.2,43.6,14.7,0.7,0.5,0.5,17.5,1.3,2.0,3.5,0.0,0.0,0.7,2.2,4,0,0,4,0,0,0,67317.0,0.0,0.0,0.0
530735,735,136.0,298.0,2.191436328157979,26.9,5.3,2.4,19.3,69.9,3.6,1.7,1.2,1.1,2.3,3.2,5.1,8.6,0.0,0.0,33.0,10.0,0,0,0,0,0,0,0,96964.0,0.0,0.0,0.0
530736,736,124.6,274.1,2.199901072276031,0.0,0.0,0.0,0.0,46.2,0.0,0.0,0.0,0.0,0.0,0.0,0.0,0.0,0.0,0.0,37.0,9.1,0,0,0,0,0,0,0,96964.0,0.0,0.0,0.0
530737,737,56.9,132.7,2.333311919280113,234.7,7.9,10.9,216.0,242.8,5.2,2.6,1.7,9.2,18.4,55.1,102.8,39.7,0.0,0.0,3.9,4.2,10,0,0,10,0,0,0,96964.0,0.0,0.0,0.0
530738,738,120.3,289.9,2.409628629999289,0.0,0.0,0.0,0.0,26.6,0.0,0.0,0.0,0.0,0.0,0.0,0.0,0.0,0.0,0.0,17.8,8.8,2,0,0,2,0,0,0,96964.0,0.0,0.0,0.0
530739,739,281.3,715.3,2.5428359801710574,27.7,3.7,10.9,13.1,90.3,2.5,1.3,0.8,10.1,1.6,2.2,3.4,5.9,0.0,0.0,41.9,20.7,19,0,0,19,0,0,0,96964.0,0.0,0.0,0.0
530740,740,92.4,203.2,2.1999010722760293,30.0,5.9,2.6,21.5,66.0,4.0,1.9,1.4,1.2,2.6,3.6,5.7,9.6,0.0,0.0,29.2,6.8,0,0,0,0,0,0,0,96964.0,0.0,0.0,0.0
530741,741,225.6,462.3,2.048858723725595,105.4,9.9,14.9,80.6,165.0,6.6,3.3,12.6,2.3,20.4,5.9,9.2,45.1,0.0,0.0,43.1,16.6,4,0,0,4,0,0,0,96964.0,0.0,0.0,0.0
530742,742,174.4,418.5,2.4001446116775784,72.2,5.3,2.4,64.5,88.6,3.5,1.8,1.2,1.2,18.6,3.2,4.9,37.9,0.0,0.0,3.6,12.8,11,0,0,11,0,0,0,96964.0,0.0,0.0,0.0
530743,743,261.4,532.2,2.035977824085674,80.8,14.4,14.8,51.6,139.9,9.6,4.8,3.2,11.6,6.2,8.6,13.5,23.2,0.0,0.0,39.9,19.2,4,0,0,4,0,0,0,96964.0,0.0,0.0,0.0
530744,744,51.6,101.4,1.966936203405893,0.0,0.0,0.0,0.0,13.4,0.0,0.0,0.0,0.0,0.0,0.0,0.0,0.0,0.0,0.0,9.6,3.8,0,0,0,0,0,0,0,96964.0,0.0,0.0,0.0
530745,745,27.9,57.1,2.048858723725595,54.3,1.7,0.8,51.8,58.8,1.2,0.6,0.4,0.4,17.0,1.0,1.6,32.1,0.0,0.0,2.4,2.0,6,0,0,6,0,0,0,96964.0,0.0,0.0,0.0
530746,746,21.4,46.8,2.191436328157979,0.0,0.0,0.0,0.0,5.1,0.0,0.0,0.0,0.0,0.0,0.0,0.0,0.0,0.0,0.0,3.6,1.6,0,0,0,0,0,0,0,96964.0,0.0,0.0,0.0
530747,747,0.0,0.0,0.0,0.0,0.0,0.0,0.0,0.0,0.0,0.0,0.0,0.0,0.0,0.0,0.0,0.0,0.0,0.0,0.0,0.0,2,0,0,2,0,0,0,96964.0,0.0,0.0,0.0
530748,748,108.5,255.0,2.349659804194198,41.9,0.6,10.5,30.8,53.9,0.4,0.2,10.4,0.1,0.3,0.4,0.5,29.7,0.0,0.0,4.0,8.0,9,0,0,9,0,0,0,96964.0,0.0,0.0,0.0
530749,749,229.1,450.7,1.9669362034058957,0.0,0.0,0.0,0.0,93.5,0.0,0.0,0.0,0.0,0.0,0.0,0.0,0.0,0.0,0.0,76.7,16.8,1,0,0,1,0,0,0,96964.0,0.0,0.0,0.0
530750,750,78.0,106.6,1.3661710543947516,0.0,0.0,0.0,0.0,22.1,0.0,0.0,0.0,0.0,0.0,0.0,0.0,0.0,0.0,0.0,16.4,5.7,7,0,0,7,0,0,0,96964.0,0.0,0.0,0.0
530751,751,0.0,0.0,0.0,0.0,0.0,0.0,0.0,0.0,0.0,0.0,0.0,0.0,0.0,0.0,0.0,0.0,0.0,0.0,0.0,0.0,0,0,0,0,0,0,0,96964.0,0.0,0.0,0.0
530752,752,168.8,365.1,2.162640001947402,38.0,1.8,0.8,35.4,66.1,1.2,0.6,0.4,0.4,0.8,1.1,1.6,31.9,0.0,0.0,15.7,12.4,16,0,0,16,0,0,0,65635.0,0.0,0.0,0.0
530753,753,103.7,234.3,2.259871276644924,22.9,1.3,0.6,21.1,41.4,0.8,0.4,0.3,0.3,17.1,0.8,1.1,2.0,0.0,0.0,10.9,7.6,12,0,0,12,0,0,0,65635.0,0.0,0.0,0.0
530754,754,104.7,323.7,3.092100053370572,99.5,6.5,11.0,82.1,109.6,4.3,2.2,1.4,9.6,19.2,3.8,19.0,40.0,0.0,0.0,2.4,7.7,3,0,0,3,0,0,0,54192.0,0.0,0.0,0.0
530755,755,9.0,18.2,2.0163497862238864,0.0,0.0,0.0,0.0,1.4,0.0,0.0,0.0,0.0,0.0,0.0,0.0,0.0,0.0,0.0,0.7,0.7,2,0,0,2,0,0,0,77113.0,0.0,0.0,0.0
530756,756,168.2,435.8,2.5907522935403766,73.3,3.4,9.9,60.0,92.1,2.2,1.1,0.7,9.2,18.6,2.0,3.1,36.3,0.0,0.0,6.4,12.4,12,0,0,12,0,0,0,54192.0,0.0,0.0,0.0
530757,757,63.7,222.8,3.497488656541137,130.6,7.7,11.5,111.5,141.8,5.1,2.6,1.7,9.8,3.3,59.3,7.1,41.7,0.0,0.0,6.5,4.7,3,0,0,3,0,0,0,77113.0,0.0,0.0,0.0
530758,758,244.2,559.9,2.2924845194475867,94.0,7.4,3.4,83.2,130.3,4.9,2.5,1.6,1.7,19.0,4.4,19.4,40.4,0.0,0.0,18.3,17.9,8,0,0,8,0,0,0,54192.0,0.0,0.0,0.0
530759,759,67.3,157.2,2.337104628554174,206.1,53.9,8.7,143.5,214.9,39.1,14.8,4.2,4.5,24.7,11.4,17.5,89.9,0.0,0.0,3.9,4.9,9,0,0,9,0,0,0,54192.0,0.0,0.0,0.0
530760,760,120.6,368.2,3.0534641563982716,53.0,4.8,2.2,46.0,71.0,3.2,1.6,1.1,1.1,2.1,2.9,4.4,36.7,0.0,0.0,9.1,8.9,3,0,0,3,0,0,0,54192.0,0.0,0.0,0.0
530761,761,106.9,149.7,1.400737519132233,45.3,1.1,0.5,43.6,62.0,0.7,0.4,0.2,0.3,0.5,0.7,13.2,29.3,0.0,0.0,8.8,7.9,16,0,0,16,0,0,0,54192.0,0.0,0.0,0.0
530762,762,213.6,409.2,1.9154599838122064,190.0,24.9,11.3,153.8,227.3,16.5,8.4,5.5,5.8,10.7,67.9,35.4,39.8,0.0,0.0,21.6,15.7,7,8,0,7,0,8,0,77113.0,0.0,785.0,0.0
530763,763,64.2,154.3,2.40197303440218,311.3,5.0,2.3,304.1,323.3,3.3,1.7,1.1,1.2,17.0,152.9,99.3,34.9,0.0,0.0,7.2,4.7,6,2,0,6,0,2,0,84395.0,0.0,0.0,0.0
530764,764,168.4,288.7,1.7138360709046045,465.7,193.2,37.3,235.3,482.5,92.4,100.8,25.4,11.9,23.7,9.1,54.8,147.8,0.0,0.0,4.4,12.4,7,0,0,7,0,0,115,77113.0,0.0,0.0,0.0
530765,765,99.2,274.1,2.7627193462972275,93.9,41.1,0.8,52.0,106.8,40.6,0.6,0.4,0.4,17.1,1.0,1.5,32.3,0.0,0.0,5.6,7.3,28,0,0,28,0,0,0,54192.0,0.0,0.0,0.0
530766,766,112.0,249.5,2.228513373490356,163.0,17.4,12.1,133.5,178.0,6.0,11.4,2.0,10.1,20.3,5.4,34.3,73.5,0.0,0.0,6.8,8.2,16,4,0,16,0,4,0,54192.0,0.0,0.0,0.0
530767,767,28.7,74.7,2.601510646221696,202.8,52.3,42.0,108.5,207.6,28.0,24.3,36.8,5.2,9.6,13.3,20.4,65.3,0.0,0.0,2.7,2.1,1,0,0,1,0,0,0,84904.0,0.0,0.0,0.0
530768,768,225.6,541.1,2.398112487212963,478.8,183.9,39.2,255.7,505.3,108.3,75.6,26.2,13.0,42.5,87.7,32.1,93.4,0.0,0.0,9.9,16.6,18,6,0,18,0,6,52,84904.0,0.0,0.0,1188.0
530769,769,71.0,166.6,2.346440528702045,201.4,42.2,14.1,145.1,211.2,31.3,10.9,12.2,1.9,19.7,4.8,20.2,100.5,0.0,0.0,4.6,5.2,8,0,0,8,0,0,0,84904.0,0.0,0.0,0.0
530770,770,62.0,168.9,2.722258124221239,19.0,14.4,0.5,4.1,27.0,14.0,0.4,0.3,0.3,0.5,0.7,1.0,1.9,0.0,0.0,3.5,4.6,7,0,0,7,0,0,0,84904.0,0.0,0.0,0.0
530771,771,38.7,137.4,3.5507715962534556,72.0,11.1,5.0,56.0,82.0,7.4,3.6,2.5,2.5,21.1,6.7,10.4,17.8,0.0,0.0,7.1,2.8,0,0,0,0,0,0,0,80725.0,0.0,0.0,0.0
530772,772,61.0,146.0,2.3951495719456846,0.0,0.0,0.0,0.0,10.1,0.0,0.0,0.0,0.0,0.0,0.0,0.0,0.0,0.0,0.0,5.6,4.5,4,0,0,4,0,0,0,84904.0,0.0,0.0,0.0
530773,773,153.0,325.6,2.127940747314136,65.0,1.7,0.8,62.5,76.4,1.2,0.6,0.4,0.4,16.4,1.0,14.0,31.0,0.0,0.0,0.2,11.2,8,0,0,8,0,0,0,84904.0,0.0,0.0,0.0
530774,774,33.6,80.5,2.3951495707137695,31.6,14.6,11.1,5.8,37.3,14.0,0.6,10.8,0.4,0.7,1.0,1.5,2.6,0.0,0.0,3.2,2.5,0,0,0,0,0,0,0,84904.0,0.0,0.0,0.0
530775,775,73.9,218.8,2.959108949500055,0.0,0.0,0.0,0.0,16.4,0.0,0.0,0.0,0.0,0.0,0.0,0.0,0.0,0.0,0.0,10.9,5.4,2,0,0,2,0,0,0,84904.0,0.0,0.0,0.0
530776,776,158.4,395.3,2.495856602898692,118.7,8.5,31.9,78.3,139.6,5.6,2.8,13.0,18.9,20.9,5.0,7.7,44.7,0.0,0.0,9.2,11.6,5,0,0,5,0,0,0,84904.0,0.0,0.0,0.0
530777,777,137.9,422.2,3.061119750912234,64.4,2.7,1.2,60.5,95.2,1.8,0.9,0.6,0.6,1.2,1.6,26.3,31.4,0.0,0.0,20.7,10.1,1,0,0,1,0,0,0,84904.0,0.0,0.0,0.0
530778,778,7.6,18.6,2.467573827581847,19.3,3.8,1.7,13.9,23.0,2.6,1.2,0.9,0.8,1.7,2.3,3.7,6.1,0.0,0.0,3.2,0.6,0,0,0,0,0,0,0,79053.0,0.0,0.0,0.0
530779,779,132.0,300.4,2.2764212801692114,63.5,6.9,3.1,53.5,96.8,4.6,2.3,1.5,1.6,3.0,4.1,6.3,40.1,0.0,0.0,23.7,9.7,8,0,0,8,0,0,0,79053.0,0.0,0.0,0.0
530780,780,0.0,0.0,0.0,0.0,0.0,0.0,0.0,0.0,0.0,0.0,0.0,0.0,0.0,0.0,0.0,0.0,0.0,0.0,0.0,0.0,0,0,0,0,0,0,0,84214.0,0.0,0.0,0.0
530781,781,226.6,459.6,2.0281712183996534,56.4,1.2,20.0,35.2,110.8,0.8,0.4,11.3,8.7,0.5,0.7,1.1,32.8,0.0,0.0,37.8,16.6,5,0,0,5,0,0,0,67317.0,0.0,0.0,0.0
530782,782,159.4,317.4,1.9919680846146905,70.2,1.8,0.8,67.6,103.0,1.2,0.6,0.4,0.4,0.8,1.1,36.5,29.3,0.0,0.0,21.1,11.7,7,0,0,7,0,0,0,67317.0,0.0,0.0,12.0
530783,783,0.0,0.0,0.0,0.0,0.0,0.0,0.0,0.0,0.0,0.0,0.0,0.0,0.0,0.0,0.0,0.0,0.0,0.0,0.0,0.0,0,0,0,0,0,0,0,67317.0,0.0,0.0,0.0
530784,784,85.1,102.1,1.1994907822393681,137.5,27.0,12.1,98.5,165.5,18.4,8.7,6.2,5.9,11.9,16.5,26.1,44.0,0.0,0.0,21.7,6.3,1,0,0,1,0,0,0,96964.0,0.0,0.0,0.0
530785,785,136.8,301.6,2.2048044557368276,0.0,0.0,0.0,0.0,110.2,0.0,0.0,0.0,0.0,0.0,0.0,0.0,0.0,0.0,0.0,100.1,10.0,1,0,0,1,0,0,0,96964.0,0.0,0.0,0.0
530786,786,117.2,289.1,2.4660567438722243,71.7,3.0,1.4,67.3,89.1,2.0,1.0,0.7,0.7,17.0,1.8,15.3,33.2,0.0,0.0,8.7,8.6,8,0,0,8,0,0,0,96964.0,0.0,0.0,0.0
530787,787,44.1,89.0,2.0163497868876115,0.0,0.0,0.0,0.0,5.6,0.0,0.0,0.0,0.0,0.0,0.0,0.0,0.0,0.0,0.0,2.4,3.2,1,0,0,1,0,0,0,59479.0,0.0,0.0,0.0
530788,788,232.0,467.9,2.0163497868307223,20.4,4.0,1.8,14.6,72.4,2.7,1.3,0.9,0.9,1.8,2.4,3.8,6.5,0.0,0.0,34.9,17.0,12,0,0,12,0,0,0,59479.0,0.0,0.0,0.0
530789,789,30.4,61.0,2.0033462124368717,29.4,0.1,0.0,29.3,33.3,0.1,0.0,0.0,0.0,0.0,0.1,0.1,29.1,0.0,0.0,1.7,2.2,1,0,0,1,0,0,0,64477.0,0.0,0.0,0.0
530790,790,174.6,425.8,2.4381104649781347,82.9,5.2,2.4,75.3,99.4,3.5,1.8,1.2,1.2,18.0,3.1,17.3,36.8,0.0,0.0,3.6,12.8,31,0,0,31,0,0,0,65635.0,0.0,0.0,0.0
530791,791,51.2,63.8,1.2464012882020037,49.8,24.7,2.9,22.3,54.9,4.2,20.5,1.4,1.5,2.7,3.8,5.8,10.1,0.0,0.0,1.3,3.8,1,0,0,1,0,0,69,59479.0,0.0,0.0,0.0
530792,792,170.0,343.4,2.020012765671269,114.1,24.4,3.4,86.3,127.8,5.0,19.4,1.6,1.7,19.8,4.5,20.1,41.9,0.0,0.0,1.3,12.5,27,0,81,27,0,0,94,59479.0,0.0,0.0,0.0
530793,793,146.7,390.4,2.6615271444394204,95.8,31.5,43.9,20.5,117.7,29.5,1.9,42.5,1.3,2.5,3.5,5.3,9.2,0.0,0.0,11.1,10.8,12,0,0,12,0,0,0,65635.0,0.0,0.0,0.0
530794,794,142.1,335.4,2.360122450062414,69.0,21.8,1.8,45.4,94.5,2.7,19.1,0.9,0.9,1.8,2.4,3.5,37.8,0.0,0.0,15.1,10.4,16,0,0,16,0,0,117,59479.0,0.0,0.0,0.0
530795,795,197.3,487.0,2.468831897022355,230.3,131.8,7.8,90.7,262.2,117.6,14.2,3.8,4.0,7.4,10.3,15.7,57.3,0.0,0.0,17.5,14.5,8,0,0,8,0,0,0,65635.0,0.0,8.0,43.0
530796,796,138.6,336.6,2.428129651770394,20.3,2.0,11.1,7.2,40.7,1.3,0.7,10.7,0.5,0.9,1.2,1.8,3.2,0.0,0.0,10.2,10.2,14,0,0,14,0,0,0,65635.0,0.0,0.0,0.0
530797,797,18.0,41.0,2.2764212801692083,98.8,29.5,1.8,67.5,103.8,28.1,1.3,0.9,0.9,1.7,55.7,3.7,6.4,0.0,0.0,3.7,1.3,2,0,0,2,0,0,0,59479.0,0.0,0.0,0.0
530798,798,89.1,194.3,2.18132051038126,49.8,0.8,0.4,48.6,63.7,0.6,0.3,0.2,0.2,16.6,0.5,0.8,30.7,0.0,0.0,7.4,6.5,24,0,0,24,0,0,0,59479.0,0.0,0.0,0.0
530799,799,79.2,205.6,2.596694507039225,107.6,42.9,11.6,53.2,121.1,3.8,39.0,1.3,10.3,20.7,3.5,19.8,9.2,0.0,0.0,7.7,5.8,7,0,0,7,0,0,0,65635.0,0.0,0.0,0.0
530800,800,96.5,263.0,2.7249503771543786,0.0,0.0,0.0,0.0,15.0,0.0,0.0,0.0,0.0,0.0,0.0,0.0,0.0,0.0,0.0,7.9,7.1,10,0,0,10,0,0,0,59479.0,0.0,0.0,0.0
530801,801,23.8,36.1,1.517879425862856,42.1,2.6,1.2,38.3,45.4,1.7,0.9,0.6,0.6,1.1,1.6,2.4,33.2,0.0,0.0,1.5,1.7,1,0,0,1,0,0,80,59479.0,0.0,0.0,0.0
530802,802,78.9,188.2,2.384417069222837,18.5,1.7,10.7,6.1,30.9,1.1,0.6,0.4,10.4,0.7,1.0,1.6,2.7,0.0,0.0,6.6,5.8,8,0,0,8,0,0,0,65635.0,0.0,0.0,0.0
530803,803,79.8,223.9,2.806268425994749,299.3,44.3,130.9,124.0,311.0,38.0,6.4,126.5,4.4,24.0,11.3,29.9,58.8,0.0,0.0,5.9,5.9,4,0,0,4,0,0,0,65635.0,0.0,0.0,0.0
530804,804,73.0,149.0,2.041517997040212,52.3,1.2,0.5,50.6,61.8,0.8,0.4,0.3,0.3,0.5,18.4,1.1,30.5,0.0,0.0,4.1,5.4,7,0,0,7,0,0,0,59479.0,0.0,0.0,0.0
530805,805,44.7,167.8,3.7555778970527083,80.0,2.1,0.9,76.9,87.1,1.4,0.7,0.5,0.5,0.9,70.8,1.9,3.3,0.0,0.0,3.8,3.3,5,1,0,5,0,1,0,59479.0,417.0,0.0,0.0
530806,806,38.5,99.8,2.590752292469491,73.5,64.6,1.0,8.0,77.9,1.5,63.1,0.5,0.5,1.0,1.3,2.1,3.6,0.0,0.0,1.6,2.8,3,0,0,3,0,0,17,59479.0,0.0,0.0,0.0
530807,807,46.8,118.1,2.524671343078741,72.3,3.3,11.9,57.0,79.8,2.2,1.1,11.1,0.8,17.6,2.0,3.0,34.4,0.0,0.0,4.1,3.4,1,0,0,1,0,0,0,59479.0,0.0,0.0,0.0
530808,808,58.6,138.4,2.363111778323137,107.6,15.7,7.1,84.8,115.3,10.4,5.2,3.5,3.6,6.8,9.4,14.4,54.3,0.0,0.0,3.4,4.3,0,0,0,0,0,0,0,79053.0,0.0,0.0,0.0
530809,809,593.7,1305.2,2.19838607120671,12.7,2.5,1.1,9.2,491.7,1.7,0.8,0.6,0.5,1.1,1.5,2.4,4.1,0.0,0.0,435.4,43.6,0,0,0,0,0,0,0,79053.0,0.0,0.0,0.0
530810,810,20.0,71.0,3.550771596253456,20.4,4.0,1.8,14.6,22.6,2.7,1.3,0.9,0.9,1.8,2.4,3.8,6.5,0.0,0.0,0.7,1.5,0,0,0,0,0,0,0,79053.0,0.0,0.0,0.0
530811,811,138.2,303.8,2.1983860712067083,19.3,3.8,1.7,13.9,96.4,2.6,1.2,0.9,0.8,1.7,2.3,3.7,6.1,0.0,0.0,66.9,10.1,0,0,0,0,0,0,0,79053.0,0.0,0.0,0.0
530812,812,37.1,81.4,2.19654903211618,0.0,0.0,0.0,0.0,8.9,0.0,0.0,0.0,0.0,0.0,0.0,0.0,0.0,0.0,0.0,6.1,2.7,0,0,0,0,0,0,0,67317.0,0.0,0.0,0.0
530813,813,876.8,1928.9,2.1999010722760315,29.3,5.7,2.5,21.1,507.0,3.9,1.8,1.3,1.2,2.5,3.5,5.6,9.3,0.0,0.0,413.3,64.4,0,0,0,0,0,0,0,59479.0,0.0,0.0,0.0
530814,814,0.0,0.0,0.0,0.0,0.0,0.0,0.0,0.0,0.0,0.0,0.0,0.0,0.0,0.0,0.0,0.0,0.0,0.0,0.0,0.0,2,0,0,2,0,0,0,59479.0,0.0,0.0,0.0
530815,815,76.9,155.9,2.0281712186495264,0.0,0.0,0.0,0.0,17.0,0.0,0.0,0.0,0.0,0.0,0.0,0.0,0.0,0.0,0.0,11.3,5.6,1,0,0,1,0,0,0,67317.0,0.0,0.0,0.0
530816,816,292.9,719.4,2.4558456038510927,231.1,44.0,22.0,165.0,260.3,33.6,10.4,6.8,15.2,13.4,18.6,54.2,78.8,0.0,0.0,7.7,21.5,47,0,0,47,0,0,0,67317.0,0.0,0.0,0.0
530817,817,75.6,338.2,4.4761926594275705,0.0,0.0,0.0,0.0,18.1,0.0,0.0,0.0,0.0,0.0,0.0,0.0,0.0,0.0,0.0,12.5,5.5,1,0,0,1,0,0,0,93999.0,0.0,0.0,0.0
530818,818,5.0,11.4,2.276421280169209,0.0,0.0,0.0,0.0,0.4,0.0,0.0,0.0,0.0,0.0,0.0,0.0,0.0,0.0,0.0,0.0,0.4,0,0,0,0,0,0,0,65398.0,0.0,0.0,0.0
530819,819,0.0,0.0,0.0,0.0,0.0,0.0,0.0,0.0,0.0,0.0,0.0,0.0,0.0,0.0,0.0,0.0,0.0,0.0,0.0,0.0,0,0,0,0,0,0,0,89375.0,0.0,0.0,0.0
530820,820,83.0,145.4,1.7512769195573619,251.9,51.6,17.5,182.8,262.4,38.7,12.9,8.5,8.9,32.9,23.1,35.7,91.2,0.0,0.0,4.4,6.1,17,0,0,17,0,0,0,67317.0,0.0,0.0,0.0
530821,821,131.6,289.5,2.19990107227603,2.3,0.5,0.2,1.7,51.1,0.3,0.2,0.1,0.1,0.2,0.3,0.4,0.7,0.0,0.0,39.2,9.7,0,0,0,0,0,0,0,59479.0,0.0,0.0,0.0
530822,822,6.6,16.1,2.4311638185508704,0.0,0.0,0.0,0.0,1.3,0.0,0.0,0.0,0.0,0.0,0.0,0.0,0.0,0.0,0.0,0.8,0.5,0,0,0,0,0,0,0,59479.0,0.0,0.0,0.0
530823,823,121.9,277.5,2.276421280169211,29.4,2.6,1.2,25.7,52.8,1.7,0.9,0.6,0.6,17.6,1.5,2.4,4.1,0.0,0.0,14.4,9.0,4,0,0,4,0,0,0,59479.0,0.0,0.0,0.0
530824,824,34.9,76.8,2.199901072276029,0.0,0.0,0.0,0.0,26.8,0.0,0.0,0.0,0.0,0.0,0.0,0.0,0.0,0.0,0.0,24.2,2.6,0,0,0,0,0,0,0,69266.0,0.0,0.0,0.0
530825,825,53.0,116.0,2.1883325482867364,59.8,22.4,4.2,33.2,69.4,19.3,3.1,2.1,2.2,4.0,5.6,8.6,15.0,0.0,0.0,5.7,3.9,1,0,0,1,0,0,0,67317.0,0.0,0.0,0.0
530826,826,0.0,0.0,0.0,0.0,0.0,0.0,0.0,0.0,0.0,0.0,0.0,0.0,0.0,0.0,0.0,0.0,0.0,0.0,0.0,0.0,2,0,0,2,0,0,0,81339.0,0.0,0.0,0.0
530827,827,0.0,0.0,0.0,0.0,0.0,0.0,0.0,0.0,0.0,0.0,0.0,0.0,0.0,0.0,0.0,0.0,0.0,0.0,0.0,0.0,6,0,0,6,0,0,0,89375.0,0.0,0.0,0.0
530828,828,0.0,0.0,0.0,0.0,0.0,0.0,0.0,0.0,0.0,0.0,0.0,0.0,0.0,0.0,0.0,0.0,0.0,0.0,0.0,0.0,0,0,0,0,0,0,0,89375.0,0.0,0.0,0.0
530829,829,186.9,279.6,1.4962068014246606,107.6,55.7,2.2,49.7,146.2,17.6,38.1,1.1,1.1,2.1,2.9,4.5,40.1,0.0,0.0,24.9,13.7,6,0,0,6,0,0,0,81339.0,0.0,0.0,0.0
530830,830,213.1,445.0,2.088434820528155,173.7,55.3,17.5,100.9,210.9,13.0,42.4,4.3,13.2,8.4,11.7,17.9,62.9,0.0,0.0,21.5,15.6,13,0,0,13,0,0,196,81339.0,0.0,0.0,0.0
530831,831,19.4,42.6,2.1999010722760315,14.8,0.8,11.0,2.9,19.9,0.6,0.3,0.2,10.8,0.4,0.5,0.7,1.3,0.0,0.0,3.7,1.4,2,0,0,2,0,0,0,81339.0,0.0,0.0,0.0
530832,832,5.8,12.7,2.199901072276031,0.0,0.0,0.0,0.0,0.6,0.0,0.0,0.0,0.0,0.0,0.0,0.0,0.0,0.0,0.0,0.2,0.4,1,0,0,1,0,0,0,89375.0,0.0,0.0,0.0
530833,833,0.0,0.0,0.0,0.0,0.0,0.0,0.0,0.0,0.0,0.0,0.0,0.0,0.0,0.0,0.0,0.0,0.0,0.0,0.0,0.0,0,0,0,0,0,0,0,89375.0,0.0,0.0,0.0
530834,834,0.0,0.0,0.0,91.6,47.8,4.9,38.9,92.8,7.3,40.6,2.4,2.4,4.7,6.5,10.2,17.5,0.0,0.0,1.3,0.0,2,0,0,2,0,0,66,81339.0,0.0,0.0,0.0
530835,835,77.3,155.8,2.016349786603158,157.5,21.8,9.9,125.9,176.4,14.5,7.3,4.8,5.1,9.4,13.0,68.6,34.9,0.0,0.0,13.2,5.7,8,0,0,8,0,0,115,81339.0,0.0,0.0,0.0
530836,836,40.6,92.5,2.276421280169211,243.8,52.5,12.6,178.7,252.2,4.2,48.3,11.1,1.5,2.7,3.8,162.0,10.2,0.0,0.0,5.3,3.0,2,0,0,2,0,0,82,81339.0,0.0,0.0,0.0
530837,837,0.0,0.0,0.0,0.0,0.0,0.0,0.0,0.0,0.0,0.0,0.0,0.0,0.0,0.0,0.0,0.0,0.0,0.0,0.0,0.0,2,0,0,2,0,0,0,81339.0,0.0,0.0,0.0
530838,838,18.6,38.1,2.048858723725596,0.0,0.0,0.0,0.0,4.5,0.0,0.0,0.0,0.0,0.0,0.0,0.0,0.0,0.0,0.0,3.1,1.4,3,0,0,3,0,0,0,81339.0,0.0,0.0,0.0
530839,839,389.7,814.1,2.088854567070656,61.1,29.6,9.2,22.3,177.6,29.1,0.4,0.3,8.9,18.2,0.8,1.2,2.1,0.0,0.0,87.9,28.6,29,0,0,29,0,0,0,89375.0,0.0,0.0,0.0
530840,840,222.5,296.7,1.3336621174998775,12.4,10.8,0.2,1.4,65.7,0.3,10.5,0.1,0.1,0.2,0.2,0.4,0.7,0.0,0.0,36.9,16.3,3,0,0,3,0,0,25,89375.0,0.0,0.0,0.0
530841,841,43.8,99.7,2.276421280169211,0.0,0.0,0.0,0.0,9.0,0.0,0.0,0.0,0.0,0.0,0.0,0.0,0.0,0.0,0.0,5.7,3.2,3,0,0,3,0,0,0,81339.0,0.0,0.0,0.0
530842,842,36.5,176.3,4.825121912337698,0.0,0.0,0.0,0.0,10.0,0.0,0.0,0.0,0.0,0.0,0.0,0.0,0.0,0.0,0.0,7.3,2.7,1,0,0,1,0,0,0,89375.0,0.0,0.0,0.0
530843,843,10.2,26.4,2.576803854674782,0.0,0.0,0.0,0.0,8.0,0.0,0.0,0.0,0.0,0.0,0.0,0.0,0.0,0.0,0.0,7.2,0.8,0,0,0,0,0,0,0,89375.0,0.0,0.0,0.0
530844,844,84.6,192.6,2.2764212801692123,18.5,0.4,0.2,17.9,46.7,0.2,0.1,0.1,0.1,16.8,0.2,0.3,0.6,0.0,0.0,22.0,6.2,1,0,0,1,0,0,0,89375.0,0.0,0.0,0.0
530845,845,0.0,0.0,0.0,0.0,0.0,0.0,0.0,0.0,0.0,0.0,0.0,0.0,0.0,0.0,0.0,0.0,0.0,0.0,0.0,0.0,1,0,0,1,0,0,0,62917.0,0.0,0.0,0.0
530846,846,6.3,13.9,2.1999010722760306,0.0,0.0,0.0,0.0,1.0,0.0,0.0,0.0,0.0,0.0,0.0,0.0,0.0,0.0,0.0,0.5,0.5,0,0,0,0,0,0,0,72128.0,0.0,0.0,0.0
530847,847,23.9,54.4,2.276421280169209,0.0,0.0,0.0,0.0,27.2,0.0,0.0,0.0,0.0,0.0,0.0,0.0,0.0,0.0,0.0,25.4,1.8,0,0,0,0,0,0,0,89375.0,0.0,0.0,0.0
530848,848,70.3,160.1,2.276421280169211,0.0,0.0,0.0,0.0,19.9,0.0,0.0,0.0,0.0,0.0,0.0,0.0,0.0,0.0,0.0,14.8,5.2,120,0,0,120,0,0,0,81339.0,0.0,0.0,0.0
530849,849,101.3,131.3,1.296151806258253,72.1,28.8,4.9,38.5,91.0,7.3,21.4,2.4,2.4,4.8,6.5,9.8,17.5,0.0,0.0,11.4,7.4,30,0,0,30,0,0,4,62917.0,0.0,0.0,0.0
530850,850,0.0,0.0,0.0,0.0,0.0,0.0,0.0,0.0,0.0,0.0,0.0,0.0,0.0,0.0,0.0,0.0,0.0,0.0,0.0,0.0,0,0,0,0,0,0,0,89375.0,0.0,0.0,0.0
530851,851,85.3,121.7,1.4255351991941714,91.7,9.0,4.1,78.6,108.6,6.0,3.0,2.0,2.1,3.9,23.3,8.2,43.2,0.0,0.0,10.6,6.3,16,0,0,16,0,0,0,62917.0,0.0,0.0,0.0
530852,852,10.1,22.1,2.1999010722760324,0.0,0.0,0.0,0.0,2.2,0.0,0.0,0.0,0.0,0.0,0.0,0.0,0.0,0.0,0.0,1.5,0.7,0,0,0,0,0,0,0,62917.0,0.0,0.0,0.0
530853,853,0.0,0.0,0.0,0.0,0.0,0.0,0.0,0.0,0.0,0.0,0.0,0.0,0.0,0.0,0.0,0.0,0.0,0.0,0.0,0.0,0,0,0,0,0,0,0,62917.0,0.0,0.0,0.0
530854,854,146.5,314.4,2.146385533334467,83.8,10.5,0.9,72.3,115.9,1.4,9.1,0.5,0.5,17.5,19.8,1.9,33.2,0.0,0.0,21.4,10.8,33,0,0,33,0,0,0,89375.0,0.0,0.0,0.0
530855,855,39.2,89.2,2.2764212801692105,8.7,1.7,0.8,6.2,12.5,1.2,0.5,0.4,0.4,0.7,1.0,1.6,2.8,0.0,0.0,1.0,2.9,1,0,0,1,0,0,0,77990.0,0.0,0.0,0.0
530856,856,48.3,110.0,2.27642128016921,8.6,1.7,0.8,6.1,19.5,1.1,0.5,0.4,0.4,0.7,1.0,1.6,2.8,0.0,0.0,7.4,3.5,2,0,0,2,0,0,0,62917.0,0.0,0.0,0.0
530857,857,7.8,20.1,2.5768038546747807,0.0,0.0,0.0,0.0,1.7,0.0,0.0,0.0,0.0,0.0,0.0,0.0,0.0,0.0,0.0,1.2,0.6,3,0,0,3,0,0,0,76146.0,0.0,0.0,0.0
530858,858,0.0,0.0,0.0,0.0,0.0,0.0,0.0,0.0,0.0,0.0,0.0,0.0,0.0,0.0,0.0,0.0,0.0,0.0,0.0,0.0,0,0,0,0,0,0,0,89375.0,0.0,0.0,0.0
530859,859,134.4,306.0,2.276421280169213,87.9,12.5,1.9,73.5,112.1,2.8,9.7,0.9,1.0,18.1,2.5,16.8,36.1,0.0,0.0,14.3,9.9,30,0,0,30,0,0,70,62917.0,0.0,0.0,0.0
530860,860,64.4,77.3,1.1994907822393683,36.8,1.6,0.7,34.5,51.1,1.0,0.5,0.3,0.4,0.7,0.9,1.4,31.5,0.0,0.0,9.6,4.7,10,0,0,10,0,0,0,62917.0,0.0,0.0,0.0
530861,861,16.0,35.3,2.1999010722760306,151.7,44.4,73.9,33.4,156.3,42.8,1.6,64.7,9.2,18.5,2.9,4.4,7.6,0.0,0.0,3.4,1.2,0,0,0,0,0,0,0,62727.0,0.0,0.0,0.0
530862,862,285.0,396.4,1.3907724115724107,1108.1,527.2,43.3,537.6,1166.1,148.1,379.1,22.7,20.6,39.9,130.0,61.2,306.5,0.0,0.0,37.1,20.9,36,18,0,36,0,18,336,62917.0,35.0,0.0,0.0
530863,863,105.1,239.2,2.2764212801692136,37.5,14.8,0.7,22.0,62.8,14.3,0.5,0.3,0.4,17.2,0.9,1.4,2.4,0.0,0.0,17.6,7.7,13,0,0,13,0,0,0,62917.0,0.0,0.0,0.0
530864,864,175.0,398.3,2.2764212801692105,298.8,39.3,156.2,103.3,341.6,19.6,19.7,146.0,10.2,4.4,6.2,47.5,45.2,0.0,0.0,30.0,12.8,17,0,0,17,0,0,0,62727.0,0.0,0.0,0.0
530865,865,252.3,318.1,1.2605170096092246,1327.4,905.0,24.5,398.0,1374.4,343.3,561.7,18.0,6.5,177.7,16.7,25.9,177.7,0.0,0.0,28.4,18.5,92,0,133,92,0,0,652,62917.0,0.0,0.0,0.0
530866,866,0.0,0.0,0.0,0.0,0.0,0.0,0.0,0.0,0.0,0.0,0.0,0.0,0.0,0.0,0.0,0.0,0.0,0.0,0.0,0.0,0,0,0,0,0,0,0,62917.0,0.0,0.0,0.0
530867,867,0.0,0.0,0.0,0.0,0.0,0.0,0.0,0.0,0.0,0.0,0.0,0.0,0.0,0.0,0.0,0.0,0.0,0.0,0.0,0.0,0,0,0,0,0,0,0,62917.0,0.0,0.0,0.0
530868,868,135.9,309.5,2.2764212801692105,48.4,0.4,0.2,47.7,70.9,0.3,0.1,0.1,0.1,0.2,18.0,0.4,29.2,0.0,0.0,12.5,10.0,49,0,0,49,0,0,0,62727.0,0.0,0.0,0.0
530869,869,0.0,0.0,0.0,0.0,0.0,0.0,0.0,0.0,0.0,0.0,0.0,0.0,0.0,0.0,0.0,0.0,0.0,0.0,0.0,0.0,189,0,0,189,0,0,0,81339.0,0.0,0.0,0.0
530870,870,372.8,1434.7,3.847964404846798,358.3,22.6,14.5,321.2,441.8,19.1,3.5,12.1,2.4,19.7,108.3,94.2,99.0,0.0,0.0,56.1,27.4,39,8,0,39,0,8,0,62727.0,176.0,86.0,89.0
530871,871,0.0,0.0,0.0,0.0,0.0,0.0,0.0,0.0,0.0,0.0,0.0,0.0,0.0,0.0,0.0,0.0,0.0,0.0,0.0,0.0,0,0,0,0,0,0,122,72128.0,0.0,0.0,0.0
530872,872,0.0,0.0,0.0,176.6,150.8,2.9,22.9,177.1,4.3,146.5,1.4,1.5,2.8,3.9,5.9,10.3,0.0,0.0,0.4,0.0,0,0,0,0,0,0,0,62917.0,0.0,0.0,0.0
530873,873,0.0,0.0,0.0,0.0,0.0,0.0,0.0,0.0,0.0,0.0,0.0,0.0,0.0,0.0,0.0,0.0,0.0,0.0,0.0,0.0,0,0,0,0,0,0,0,81339.0,0.0,0.0,0.0
530874,874,0.0,0.0,0.0,0.0,0.0,0.0,0.0,0.0,0.0,0.0,0.0,0.0,0.0,0.0,0.0,0.0,0.0,0.0,0.0,0.0,0,0,0,0,0,0,0,62917.0,0.0,0.0,0.0
