;TAZID,CO_TAZID,TOTHH,HHPOP,HHSIZE,TOTEMP,RETEMP,INDEMP,OTHEMP,ALLEMP,RETL,FOOD,MANU,WSLE,OFFI,GVED,HLTH,OTHR,FM_AGRI,FM_MING,FM_CONS,HBJ,AVGINCOME,Enrol_Elem,Enrol_Midl,Enrol_High,CO_FIPS,CO_NAME
1,30001,0.0,0.0,0.0,0.0,0.0,0.0,0.0,0.0,0.0,0.0,0.0,0.0,0.0,0.0,0.0,0.0,0.0,0.0,0.0,0.0,68948.0,0,0,0,3,BOX ELDER
2,30002,20.0,47.0,0.425531914893617,0.0,0.0,0.0,0.0,10.4,0.0,0.0,0.0,0.0,0.0,0.0,0.0,0.0,0.0,0.0,3.0,1.0,66905.0,0,0,0,3,BOX ELDER
3,30003,32.0,78.0,0.41025641025641024,0.0,0.0,0.0,0.0,2.4,0.0,0.0,0.0,0.0,0.0,0.0,0.0,0.0,0.0,0.0,3.0,1.0,51492.0,0,0,0,3,BOX ELDER
4,30004,2.0,4.0,0.5,0.0,0.0,0.0,0.0,0.9,0.0,0.0,0.0,0.0,0.0,0.0,0.0,0.0,0.0,0.0,0.0,0.0,51492.0,0,0,0,3,BOX ELDER
5,30005,81.99999999811453,228.99999999473448,0.35807860262008734,2.9999999999310196,0.0,0.0,2.9999999999310196,17.599999999595315,0.0,0.0,0.0,0.0,0.0,0.0,2.9999999999310196,0.0,0.0,0.0,9.999999999770065,4.999999999885032,68948.0,0,0,0,3,BOX ELDER
6,30006,4.0,11.0,0.36363636363636365,9.0,0.0,9.0,0.0,5.5,0.0,0.0,0.0,9.0,0.0,0.0,0.0,0.0,0.0,0.0,1.0,0.0,51492.0,0,0,0,3,BOX ELDER
7,30007,50.99999995996061,126.99999990029407,0.4015748031496063,39.999999968596555,1.9999999984298278,30.99999997566233,6.999999994504397,152.59999988019587,1.9999999984298278,0.0,0.0,30.99999997566233,0.0,0.0,0.0,6.999999994504397,212.99999983277667,0.0,8.999999992934224,3.9999999968596556,51492.0,0,0,0,3,BOX ELDER
8,30008,64.0,179.0,0.3575418994413408,64.0,20.0,0.0,44.0,49.9,20.0,0.0,0.0,0.0,42.0,0.0,0.0,2.0,0.0,0.0,9.0,4.0,71055.0,0,0,0,3,BOX ELDER
9,30009,20.0,48.0,0.4166666666666667,102.0,0.0,102.0,0.0,77.2,0.0,0.0,0.0,102.0,0.0,0.0,0.0,0.0,0.0,0.0,3.0,1.0,,0,0,0,3,BOX ELDER
10,30010,28.0,70.0,0.4,106.0,0.0,106.0,0.0,54.29999999999999,0.0,0.0,0.0,106.0,0.0,0.0,0.0,0.0,0.0,0.0,4.0,1.0,51492.0,0,0,0,3,BOX ELDER
11,30011,10.0,27.0,0.37037037037037035,0.0,0.0,0.0,0.0,1.9,0.0,0.0,0.0,0.0,0.0,0.0,0.0,0.0,0.0,0.0,0.0,0.0,71342.0,0,0,0,3,BOX ELDER
12,30012,22.0,60.0,0.36666666666666664,0.0,0.0,0.0,0.0,3.2000000000000006,0.0,0.0,0.0,0.0,0.0,0.0,0.0,0.0,0.0,0.0,3.0,1.0,71342.0,0,0,0,3,BOX ELDER
13,30013,0.0,0.0,0.0,0.0,0.0,0.0,0.0,3.5,0.0,0.0,0.0,0.0,0.0,0.0,0.0,0.0,0.0,0.0,0.0,0.0,71342.0,0,0,0,3,BOX ELDER
14,30014,0.0,0.0,0.0,0.0,0.0,0.0,0.0,8.3,0.0,0.0,0.0,0.0,0.0,0.0,0.0,0.0,0.0,0.0,0.0,0.0,71342.0,0,0,0,3,BOX ELDER
15,30015,2.0,4.0,0.5,301.0,0.0,291.0,10.0,332.4,0.0,0.0,125.0,166.0,0.0,0.0,0.0,10.0,49.0,0.0,6.0,0.0,66905.0,0,0,0,3,BOX ELDER
16,30016,2.0,4.0,0.5,112.0,0.0,87.0,25.0,100.2,0.0,0.0,3.0,84.0,0.0,0.0,0.0,25.0,0.0,0.0,3.0,0.0,68948.0,0,0,0,3,BOX ELDER
17,30017,4.0,12.0,0.3333333333333333,0.0,0.0,0.0,0.0,138.7,0.0,0.0,0.0,0.0,0.0,0.0,0.0,0.0,0.0,0.0,1.0,0.0,71342.0,0,0,0,3,BOX ELDER
18,30018,0.0,0.0,0.0,779.0,0.0,779.0,0.0,808.0,0.0,0.0,533.0,246.0,0.0,0.0,0.0,0.0,0.0,0.0,14.0,0.0,71342.0,0,0,0,3,BOX ELDER
19,30019,315.0,875.0,0.36,29.0,18.0,11.0,0.0,72.5,18.0,0.0,0.0,11.0,0.0,0.0,0.0,0.0,0.0,0.0,28.0,15.0,68948.0,0,0,0,3,BOX ELDER
20,30020,213.0,451.0,0.4722838137472284,43.0,14.0,2.0,27.0,163.9,14.0,0.0,0.0,2.0,0.0,0.0,0.0,27.0,0.0,0.0,26.0,13.0,79483.0,0,0,0,3,BOX ELDER
21,30021,0.0,0.0,0.0,483.0,0.0,483.0,0.0,504.3999999999999,0.0,0.0,439.0,44.0,0.0,0.0,0.0,0.0,0.0,0.0,10.0,0.0,68948.0,0,0,0,3,BOX ELDER
22,30022,3.0,7.0,0.42857142857142855,11.0,0.0,11.0,0.0,133.6,0.0,0.0,11.0,0.0,0.0,0.0,0.0,0.0,0.0,0.0,0.0,0.0,68948.0,0,0,0,3,BOX ELDER
23,30023,4.0,12.0,0.3333333333333333,54.0,0.0,54.0,0.0,191.4,0.0,0.0,23.0,31.0,0.0,0.0,0.0,0.0,0.0,0.0,1.0,0.0,68948.0,0,0,0,3,BOX ELDER
24,30024,186.0,517.0,0.3597678916827853,1.0,0.0,0.0,1.0,32.2,0.0,0.0,0.0,0.0,0.0,0.0,1.0,0.0,0.0,0.0,16.0,8.0,68948.0,0,0,0,3,BOX ELDER
25,30025,423.0,1176.0,0.3596938775510204,154.0,6.0,2.0,146.0,175.1,6.0,0.0,0.0,2.0,0.0,125.0,16.0,5.0,0.0,0.0,55.0,27.0,61738.0,0,0,0,3,BOX ELDER
26,30026,285.0,673.0,0.4234769687964339,222.0,20.0,37.0,165.0,191.30000000000004,20.0,0.0,15.0,22.0,0.0,57.0,86.0,22.0,0.0,0.0,38.0,17.0,54266.0,0,0,0,3,BOX ELDER
27,30027,0.0,0.0,0.0,0.0,0.0,0.0,0.0,78.7,0.0,0.0,0.0,0.0,0.0,0.0,0.0,0.0,0.0,0.0,0.0,0.0,71342.0,0,0,0,3,BOX ELDER
28,30028,2.0,4.0,0.5,89.0,0.0,89.0,0.0,340.1,0.0,0.0,89.0,0.0,0.0,0.0,0.0,0.0,0.0,0.0,3.0,0.0,71342.0,0,0,0,3,BOX ELDER
29,30029,326.0,866.0,0.37644341801385683,2.0,0.0,2.0,0.0,26.0,0.0,0.0,0.0,2.0,0.0,0.0,0.0,0.0,0.0,0.0,26.0,13.0,71342.0,0,0,0,3,BOX ELDER
30,30030,406.0,788.0,0.5152284263959391,121.0,16.0,9.0,96.0,99.59999999999998,16.0,0.0,0.0,9.0,48.0,0.0,38.0,10.0,0.0,0.0,58.0,29.0,50633.0,0,0,0,3,BOX ELDER
31,30031,308.0,624.0,0.4935897435897436,240.0,70.0,83.0,87.0,190.7,6.0,64.0,83.0,0.0,45.0,0.0,0.0,42.0,0.0,0.0,40.0,18.0,48874.0,0,0,0,3,BOX ELDER
32,30032,158.0,371.0,0.42587601078167114,2.0,0.0,2.0,0.0,13.300000000000002,0.0,0.0,0.0,2.0,0.0,0.0,0.0,0.0,0.0,0.0,18.0,10.0,54597.0,0,0,0,3,BOX ELDER
33,30033,228.0,463.0,0.4924406047516199,15.0,0.0,15.0,0.0,22.399999999999995,0.0,0.0,0.0,15.0,0.0,0.0,0.0,0.0,0.0,0.0,24.0,12.0,47880.0,0,0,0,3,BOX ELDER
34,30034,280.0,663.0,0.42232277526395173,24.0,2.0,16.0,6.0,25.5,2.0,0.0,16.0,0.0,6.0,0.0,0.0,0.0,0.0,0.0,33.0,16.0,72580.0,0,0,0,3,BOX ELDER
35,30035,393.0,856.0,0.4591121495327103,0.0,0.0,0.0,0.0,13.5,0.0,0.0,0.0,0.0,0.0,0.0,0.0,0.0,0.0,0.0,47.0,24.0,69784.0,0,0,0,3,BOX ELDER
36,30036,110.0,232.0,0.47413793103448276,0.0,0.0,0.0,0.0,15.0,0.0,0.0,0.0,0.0,0.0,0.0,0.0,0.0,0.0,0.0,14.0,8.0,79483.0,0,0,0,3,BOX ELDER
37,30037,0.0,0.0,0.0,5.0,0.0,0.0,5.0,109.90000000000002,0.0,0.0,0.0,0.0,0.0,0.0,0.0,5.0,0.0,0.0,0.0,0.0,71342.0,0,0,0,3,BOX ELDER
38,30038,0.0,0.0,0.0,1657.0,0.0,1628.0,29.0,1238.1,0.0,0.0,1628.0,0.0,0.0,25.0,4.0,0.0,0.0,0.0,34.0,0.0,71342.0,0,0,0,3,BOX ELDER
39,30039,84.0,223.0,0.37668161434977576,150.0,20.0,0.0,130.0,192.6,20.0,0.0,0.0,0.0,0.0,0.0,4.0,126.0,0.0,0.0,14.0,5.0,63775.0,0,0,0,3,BOX ELDER
40,30040,410.0,794.0,0.5163727959697733,329.0,44.0,24.0,261.0,280.6,44.0,0.0,0.0,24.0,67.0,98.0,34.0,62.0,0.0,0.0,70.0,32.0,44064.0,0,0,0,3,BOX ELDER
41,30041,152.0,295.0,0.5152542372881356,399.0,250.0,0.0,149.0,597.3,250.0,0.0,0.0,0.0,0.0,0.0,31.0,118.0,0.0,0.0,28.0,10.0,37413.0,0,0,0,3,BOX ELDER
42,30042,92.0,178.0,0.5168539325842697,87.0,0.0,0.0,87.0,86.7,0.0,0.0,0.0,0.0,3.0,0.0,0.0,84.0,0.0,0.0,13.0,5.0,37413.0,0,0,0,3,BOX ELDER
43,30043,270.0,589.0,0.45840407470288624,100.0,0.0,2.0,98.0,96.90000000000002,0.0,0.0,0.0,2.0,0.0,47.0,51.0,0.0,0.0,0.0,34.0,16.0,69838.0,0,0,0,3,BOX ELDER
44,30044,140.0,353.0,0.39660056657223797,0.0,0.0,0.0,0.0,14.9,0.0,0.0,0.0,0.0,0.0,0.0,0.0,0.0,0.0,0.0,21.0,11.0,79596.0,0,0,0,3,BOX ELDER
45,30045,126.0,319.0,0.3949843260188088,42.0,0.0,0.0,42.0,50.20000000000001,0.0,0.0,0.0,0.0,42.0,0.0,0.0,0.0,0.0,0.0,10.0,4.0,79606.0,0,0,0,3,BOX ELDER
46,30046,0.0,0.0,0.0,0.0,0.0,0.0,0.0,0.0,0.0,0.0,0.0,0.0,0.0,0.0,0.0,0.0,0.0,0.0,0.0,0.0,79606.0,0,0,0,3,BOX ELDER
47,30047,3.0,7.0,0.42857142857142855,0.0,0.0,0.0,0.0,0.0,0.0,0.0,0.0,0.0,0.0,0.0,0.0,0.0,0.0,0.0,0.0,0.0,71342.0,0,0,0,3,BOX ELDER
48,30048,12.0,31.0,0.3870967741935484,0.0,0.0,0.0,0.0,2.0,0.0,0.0,0.0,0.0,0.0,0.0,0.0,0.0,0.0,0.0,1.0,0.0,71342.0,0,0,0,3,BOX ELDER
49,30049,0.0,0.0,0.0,116.0,116.0,0.0,0.0,339.0,88.0,28.0,0.0,0.0,0.0,0.0,0.0,0.0,0.0,0.0,3.0,0.0,71342.0,0,0,0,3,BOX ELDER
50,30050,4.0,12.0,0.3333333333333333,276.0,0.0,59.0,217.0,508.3999999999999,0.0,0.0,13.0,46.0,38.0,115.0,59.0,5.0,0.0,0.0,7.0,0.0,71342.0,0,0,0,3,BOX ELDER
51,30051,8.0,17.0,0.47058823529411764,90.0,0.0,56.0,34.0,102.0,0.0,0.0,12.0,44.0,19.0,0.0,15.0,0.0,0.0,0.0,3.0,0.0,53556.0,0,0,0,3,BOX ELDER
52,30052,70.0,134.0,0.5223880597014925,1954.0,0.0,193.0,1761.0,1802.7,0.0,0.0,193.0,0.0,0.0,0.0,31.0,1730.0,0.0,0.0,63.0,4.0,36260.0,0,0,0,3,BOX ELDER
53,30053,338.0,640.0,0.528125,1546.0,382.0,80.0,1084.0,1248.8,336.0,46.0,7.0,73.0,74.0,409.0,74.0,527.0,0.0,0.0,75.0,19.0,36260.0,0,0,0,3,BOX ELDER
54,30054,196.0,511.0,0.3835616438356164,739.0,65.0,20.0,654.0,673.2,14.0,51.0,20.0,0.0,106.0,264.0,89.0,195.0,0.0,0.0,47.0,15.0,40402.0,0,0,0,3,BOX ELDER
55,30055,230.0,597.0,0.3852596314907873,262.0,0.0,1.0,261.0,218.7,0.0,0.0,1.0,0.0,3.0,241.0,0.0,17.0,0.0,0.0,34.0,14.0,40402.0,0,0,0,3,BOX ELDER
56,30056,54.0,136.0,0.39705882352941174,0.0,0.0,0.0,0.0,2.6,0.0,0.0,0.0,0.0,0.0,0.0,0.0,0.0,0.0,0.0,6.0,3.0,79606.0,0,0,0,3,BOX ELDER
57,30057,72.0,183.0,0.39344262295081966,0.0,0.0,0.0,0.0,6.0,0.0,0.0,0.0,0.0,0.0,0.0,0.0,0.0,0.0,0.0,13.0,6.0,79606.0,0,0,0,3,BOX ELDER
58,30058,0.0,0.0,0.0,0.0,0.0,0.0,0.0,0.0,0.0,0.0,0.0,0.0,0.0,0.0,0.0,0.0,0.0,0.0,0.0,0.0,79606.0,0,0,0,3,BOX ELDER
59,30059,0.0,0.0,0.0,0.0,0.0,0.0,0.0,67.8,0.0,0.0,0.0,0.0,0.0,0.0,0.0,0.0,0.0,0.0,0.0,0.0,71342.0,0,0,0,3,BOX ELDER
60,30060,0.0,0.0,0.0,0.0,0.0,0.0,0.0,82.9,0.0,0.0,0.0,0.0,0.0,0.0,0.0,0.0,0.0,0.0,0.0,0.0,71342.0,0,0,0,3,BOX ELDER
61,30061,360.0,1041.0,0.345821325648415,0.0,0.0,0.0,0.0,27.399999999999995,0.0,0.0,0.0,0.0,0.0,0.0,0.0,0.0,0.0,0.0,36.0,18.0,52227.0,0,0,0,3,BOX ELDER
62,30062,284.0,820.0,0.3463414634146341,17.0,2.0,0.0,15.0,81.6,2.0,0.0,0.0,0.0,0.0,0.0,0.0,15.0,0.0,0.0,34.0,17.0,52635.0,0,0,0,3,BOX ELDER
63,30063,27.0,62.0,0.43548387096774194,245.0,0.0,0.0,245.0,196.2,0.0,0.0,0.0,0.0,0.0,245.0,0.0,0.0,0.0,0.0,9.0,2.0,53556.0,0,0,0,3,BOX ELDER
64,30064,310.0,898.0,0.34521158129175944,113.0,88.0,0.0,25.0,170.69999999999996,0.0,88.0,0.0,0.0,0.0,0.0,0.0,25.0,0.0,0.0,40.0,19.0,52227.0,0,0,0,3,BOX ELDER
65,30065,384.0,887.0,0.43291995490417134,84.0,50.0,0.0,34.0,83.1,50.0,0.0,0.0,0.0,0.0,6.0,1.0,27.0,0.0,0.0,50.0,24.0,53556.0,0,0,0,3,BOX ELDER
66,30066,192.0,346.0,0.5549132947976878,140.0,87.0,0.0,53.0,144.9,62.0,25.0,0.0,0.0,0.0,0.0,9.0,44.0,0.0,0.0,33.0,15.0,44338.0,0,0,0,3,BOX ELDER
67,30067,190.0,494.0,0.38461538461538464,148.0,100.0,0.0,48.0,121.0,100.0,0.0,0.0,0.0,3.0,0.0,1.0,44.0,0.0,0.0,28.0,13.0,42956.0,0,0,0,3,BOX ELDER
68,30068,238.0,619.0,0.38449111470113084,43.0,0.0,0.0,43.0,45.4,0.0,0.0,0.0,0.0,0.0,0.0,23.0,20.0,0.0,0.0,33.0,16.0,44041.0,0,0,0,3,BOX ELDER
69,30069,40.0,105.0,0.38095238095238093,25.0,0.0,0.0,25.0,81.6,0.0,0.0,0.0,0.0,0.0,0.0,0.0,25.0,0.0,0.0,6.0,2.0,42956.0,0,0,0,3,BOX ELDER
70,30070,144.0,260.0,0.5538461538461539,27.0,0.0,0.0,27.0,33.0,0.0,0.0,0.0,0.0,10.0,0.0,0.0,17.0,0.0,0.0,16.0,8.0,45647.0,0,0,0,3,BOX ELDER
71,30071,0.0,0.0,0.0,0.0,0.0,0.0,0.0,0.0,0.0,0.0,0.0,0.0,0.0,0.0,0.0,0.0,0.0,0.0,0.0,0.0,44592.0,0,0,0,3,BOX ELDER
72,30072,129.0,334.0,0.38622754491017963,92.0,2.0,4.0,86.0,95.09999999999998,2.0,0.0,0.0,4.0,0.0,0.0,0.0,86.0,0.0,0.0,16.0,7.0,43896.0,0,0,0,3,BOX ELDER
73,30073,4.0,13.0,0.3076923076923077,0.0,0.0,0.0,0.0,0.3,0.0,0.0,0.0,0.0,0.0,0.0,0.0,0.0,0.0,0.0,1.0,0.0,84675.0,0,0,0,3,BOX ELDER
74,30074,0.0,0.0,0.0,0.0,0.0,0.0,0.0,169.5,0.0,0.0,0.0,0.0,0.0,0.0,0.0,0.0,0.0,0.0,0.0,0.0,71342.0,0,0,0,3,BOX ELDER
75,30075,184.0,534.0,0.3445692883895131,209.0,21.0,0.0,188.0,661.1,6.0,15.0,0.0,0.0,0.0,51.0,120.0,17.0,0.0,0.0,27.0,11.0,52227.0,0,0,0,3,BOX ELDER
76,30076,122.0,351.0,0.3475783475783476,9.0,0.0,0.0,9.0,231.2,0.0,0.0,0.0,0.0,0.0,0.0,7.0,2.0,0.0,0.0,13.0,7.0,52227.0,0,0,0,3,BOX ELDER
77,30077,108.0,312.0,0.34615384615384615,897.0,0.0,43.0,854.0,1019.5,0.0,0.0,43.0,0.0,0.0,192.0,652.0,10.0,0.0,0.0,44.0,12.0,52227.0,0,0,0,3,BOX ELDER
78,30078,591.0,1325.0,0.4460377358490566,189.0,99.0,2.0,88.0,348.8999999999999,78.0,21.0,0.0,2.0,0.0,0.0,12.0,76.0,0.0,0.0,81.0,39.0,46674.0,0,0,0,3,BOX ELDER
79,30079,57.0,128.0,0.4453125,416.0,183.0,0.0,233.0,492.1000000000001,72.0,111.0,0.0,0.0,16.0,70.0,122.0,25.0,0.0,0.0,20.0,6.0,46674.0,0,0,0,3,BOX ELDER
80,30080,225.0,504.0,0.44642857142857145,292.0,121.0,0.0,171.0,429.3,24.0,97.0,0.0,0.0,26.0,145.0,0.0,0.0,0.0,0.0,33.0,14.0,46674.0,0,0,0,3,BOX ELDER
81,30081,33.0,59.0,0.559322033898305,188.0,0.0,0.0,188.0,330.4,0.0,0.0,0.0,0.0,0.0,70.0,0.0,118.0,0.0,0.0,18.0,7.0,45683.0,0,0,0,3,BOX ELDER
82,30082,472.0,854.0,0.5526932084309133,446.0,140.0,13.0,293.0,510.2,60.0,80.0,4.0,9.0,54.0,0.0,89.0,150.0,0.0,0.0,79.0,35.0,45683.0,0,0,0,3,BOX ELDER
83,30083,0.0,0.0,0.0,231.0,219.0,0.0,12.0,243.9,90.0,129.0,0.0,0.0,0.0,0.0,0.0,12.0,0.0,0.0,6.0,0.0,93342.0,0,0,0,3,BOX ELDER
84,30084,0.0,0.0,0.0,242.0,125.0,0.0,117.0,358.0,100.0,25.0,0.0,0.0,6.0,78.0,16.0,17.0,0.0,0.0,6.0,0.0,93342.0,0,0,0,3,BOX ELDER
85,30085,58.0,161.0,0.36024844720496896,97.0,4.0,24.0,69.0,138.3,4.0,0.0,0.0,24.0,6.0,0.0,14.0,49.0,0.0,0.0,10.0,4.0,93342.0,0,0,0,3,BOX ELDER
86,30086,2.0,4.0,0.5,30.0,30.0,0.0,0.0,147.3,26.0,4.0,0.0,0.0,0.0,0.0,0.0,0.0,0.0,0.0,0.0,0.0,71342.0,0,0,0,3,BOX ELDER
87,30087,0.0,0.0,0.0,0.0,0.0,0.0,0.0,28.100000000000005,0.0,0.0,0.0,0.0,0.0,0.0,0.0,0.0,0.0,0.0,0.0,0.0,93342.0,0,0,0,3,BOX ELDER
88,30088,4.0,12.0,0.3333333333333333,0.0,0.0,0.0,0.0,40.3,0.0,0.0,0.0,0.0,0.0,0.0,0.0,0.0,29.0,0.0,0.0,0.0,93342.0,0,0,0,3,BOX ELDER
89,30089,94.0,260.0,0.36153846153846153,378.0,325.0,9.0,44.0,358.3999999999999,4.0,321.0,0.0,9.0,0.0,0.0,0.0,44.0,0.0,0.0,14.0,3.0,93342.0,0,0,0,3,BOX ELDER
90,30090,75.0,207.0,0.36231884057971014,977.0,687.0,23.0,267.0,739.2000000000002,609.0,78.0,23.0,0.0,192.0,65.0,0.0,10.0,0.0,0.0,28.0,4.0,93342.0,0,0,0,3,BOX ELDER
91,30091,285.0,787.0,0.36213468869123255,175.0,0.0,4.0,171.0,142.0,0.0,0.0,0.0,4.0,141.0,0.0,3.0,27.0,0.0,0.0,37.0,17.0,93342.0,0,0,0,3,BOX ELDER
92,30092,297.0,820.0,0.3621951219512195,84.0,0.0,11.0,73.0,204.7,0.0,0.0,9.0,2.0,13.0,0.0,26.0,34.0,0.0,0.0,33.0,16.0,93342.0,0,0,0,3,BOX ELDER
93,30093,0.0,0.0,0.0,0.0,0.0,0.0,0.0,52.79999999999999,0.0,0.0,0.0,0.0,0.0,0.0,0.0,0.0,0.0,0.0,0.0,0.0,71901.0,0,0,0,3,BOX ELDER
94,30094,30.0,87.0,0.3448275862068966,0.0,0.0,0.0,0.0,33.3,0.0,0.0,0.0,0.0,0.0,0.0,0.0,0.0,0.0,0.0,4.0,2.0,71901.0,0,0,0,3,BOX ELDER
95,30095,350.0,1020.0,0.3431372549019608,122.0,51.0,2.0,69.0,208.6,0.0,51.0,0.0,2.0,6.0,0.0,26.0,37.0,0.0,0.0,45.0,22.0,71901.0,0,0,0,3,BOX ELDER
96,30096,346.0,956.0,0.3619246861924686,17.0,0.0,0.0,17.0,74.7,0.0,0.0,0.0,0.0,0.0,0.0,12.0,5.0,0.0,0.0,50.0,25.0,93342.0,0,0,0,3,BOX ELDER
97,30097,0.0,0.0,0.0,0.0,0.0,0.0,0.0,0.0,0.0,0.0,0.0,0.0,0.0,0.0,0.0,0.0,0.0,0.0,0.0,0.0,71342.0,0,0,0,3,BOX ELDER
98,30098,0.0,0.0,0.0,0.0,0.0,0.0,0.0,6.2,0.0,0.0,0.0,0.0,0.0,0.0,0.0,0.0,0.0,0.0,0.0,0.0,71342.0,0,0,0,3,BOX ELDER
99,30099,0.0,0.0,0.0,0.0,0.0,0.0,0.0,0.0,0.0,0.0,0.0,0.0,0.0,0.0,0.0,0.0,0.0,0.0,0.0,0.0,90006.0,0,0,0,3,BOX ELDER
100,30100,28.0,69.0,0.4057971014492754,3.0,0.0,0.0,3.0,18.1,0.0,0.0,0.0,0.0,0.0,0.0,3.0,0.0,0.0,0.0,3.0,2.0,90006.0,0,0,0,3,BOX ELDER
101,30101,634.0,1547.0,0.40982546864899805,134.0,15.0,11.0,108.0,163.6,0.0,15.0,0.0,11.0,6.0,21.0,32.0,49.0,0.0,0.0,75.0,37.0,83414.0,0,0,0,3,BOX ELDER
102,30102,0.0,0.0,0.0,0.0,0.0,0.0,0.0,0.0,0.0,0.0,0.0,0.0,0.0,0.0,0.0,0.0,0.0,0.0,0.0,0.0,90006.0,0,0,0,3,BOX ELDER
103,30103,315.0,768.0,0.41015625,9.0,0.0,4.0,5.0,38.0,0.0,0.0,0.0,4.0,0.0,0.0,3.0,2.0,0.0,0.0,34.0,17.0,90006.0,0,0,0,3,BOX ELDER
104,30104,94.0,230.0,0.40869565217391307,146.0,0.0,1.0,145.0,161.2,0.0,0.0,1.0,0.0,0.0,145.0,0.0,0.0,0.0,0.0,14.0,5.0,90006.0,0,0,0,3,BOX ELDER
105,30105,39.0,90.0,0.43333333333333335,5.0,5.0,0.0,0.0,61.9,0.0,5.0,0.0,0.0,0.0,0.0,0.0,0.0,0.0,0.0,6.0,3.0,80348.0,0,0,0,3,BOX ELDER
106,30106,10.0,25.0,0.4,12.0,12.0,0.0,0.0,371.6000000000001,12.0,0.0,0.0,0.0,0.0,0.0,0.0,0.0,534.0,0.0,3.0,1.0,74493.0,0,0,0,3,BOX ELDER
107,30107,0.0,0.0,0.0,0.0,0.0,0.0,0.0,0.0,0.0,0.0,0.0,0.0,0.0,0.0,0.0,0.0,0.0,0.0,0.0,0.0,80348.0,0,0,0,3,BOX ELDER
108,30108,14.0,31.0,0.45161290322580644,0.0,0.0,0.0,0.0,29.100000000000005,0.0,0.0,0.0,0.0,0.0,0.0,0.0,0.0,0.0,0.0,1.0,1.0,80348.0,0,0,0,3,BOX ELDER
109,30109,0.0,0.0,0.0,0.0,0.0,0.0,0.0,4.7,0.0,0.0,0.0,0.0,0.0,0.0,0.0,0.0,0.0,0.0,0.0,0.0,71342.0,0,0,0,3,BOX ELDER
110,30110,3.0,6.0,0.5,0.0,0.0,0.0,0.0,3.9,0.0,0.0,0.0,0.0,0.0,0.0,0.0,0.0,0.0,0.0,0.0,0.0,80348.0,0,0,0,3,BOX ELDER
111,30111,0.0,0.0,0.0,0.0,0.0,0.0,0.0,10.0,0.0,0.0,0.0,0.0,0.0,0.0,0.0,0.0,0.0,0.0,0.0,0.0,80348.0,0,0,0,3,BOX ELDER
112,30112,0.0,0.0,0.0,0.0,0.0,0.0,0.0,6.7,0.0,0.0,0.0,0.0,0.0,0.0,0.0,0.0,0.0,0.0,0.0,0.0,80348.0,0,0,0,3,BOX ELDER
113,30113,36.0,82.0,0.43902439024390244,0.0,0.0,0.0,0.0,14.9,0.0,0.0,0.0,0.0,0.0,0.0,0.0,0.0,0.0,0.0,4.0,2.0,80348.0,0,0,0,3,BOX ELDER
114,30114,46.0,111.0,0.4144144144144144,2.0,0.0,2.0,0.0,6.400000000000001,0.0,0.0,0.0,2.0,0.0,0.0,0.0,0.0,0.0,0.0,6.0,3.0,74493.0,0,0,0,3,BOX ELDER
115,30115,0.0,0.0,0.0,70.0,70.0,0.0,0.0,87.90000000000002,70.0,0.0,0.0,0.0,0.0,0.0,0.0,0.0,0.0,0.0,1.0,0.0,80348.0,0,0,0,3,BOX ELDER
116,30116,0.0,0.0,0.0,23.0,0.0,23.0,0.0,61.4,0.0,0.0,23.0,0.0,0.0,0.0,0.0,0.0,0.0,0.0,0.0,0.0,80348.0,0,0,0,3,BOX ELDER
117,30117,28.0,66.0,0.42424242424242425,26.0,26.0,0.0,0.0,36.4,26.0,0.0,0.0,0.0,0.0,0.0,0.0,0.0,0.0,0.0,4.0,2.0,80348.0,0,0,0,3,BOX ELDER
118,30118,6.0,14.0,0.42857142857142855,0.0,0.0,0.0,0.0,17.0,0.0,0.0,0.0,0.0,0.0,0.0,0.0,0.0,0.0,0.0,0.0,0.0,74493.0,0,0,0,3,BOX ELDER
119,30119,0.0,0.0,0.0,45.0,0.0,0.0,45.0,35.9,0.0,0.0,0.0,0.0,0.0,45.0,0.0,0.0,0.0,0.0,1.0,0.0,80348.0,0,0,0,3,BOX ELDER
120,30120,33.0,75.0,0.44,2.0,2.0,0.0,0.0,31.600000000000005,2.0,0.0,0.0,0.0,0.0,0.0,0.0,0.0,0.0,0.0,4.0,2.0,80348.0,0,0,0,3,BOX ELDER
121,30121,68.0,155.0,0.43870967741935485,4.0,0.0,2.0,2.0,16.5,0.0,0.0,0.0,2.0,0.0,0.0,0.0,2.0,0.0,12.0,7.0,4.0,80348.0,0,0,0,3,BOX ELDER
122,30122,21.0,50.0,0.42,0.0,0.0,0.0,0.0,23.7,0.0,0.0,0.0,0.0,0.0,0.0,0.0,0.0,0.0,0.0,3.0,1.0,74493.0,0,0,0,3,BOX ELDER
123,30123,0.0,0.0,0.0,0.0,0.0,0.0,0.0,0.0,0.0,0.0,0.0,0.0,0.0,0.0,0.0,0.0,0.0,0.0,0.0,0.0,80348.0,0,0,0,3,BOX ELDER
124,30124,102.0,235.0,0.4340425531914894,2.0,0.0,0.0,2.0,13.0,0.0,0.0,0.0,0.0,0.0,0.0,0.0,2.0,0.0,0.0,13.0,7.0,80348.0,0,0,0,3,BOX ELDER
125,30125,90.0,208.0,0.4326923076923077,85.0,0.0,0.0,85.0,69.4,0.0,0.0,0.0,0.0,16.0,69.0,0.0,0.0,0.0,0.0,13.0,6.0,80348.0,0,0,0,3,BOX ELDER
126,30126,262.0,627.0,0.4178628389154705,10.0,0.0,10.0,0.0,19.5,0.0,0.0,8.0,2.0,0.0,0.0,0.0,0.0,0.0,0.0,31.0,16.0,74493.0,0,0,0,3,BOX ELDER
127,30127,30.0,69.0,0.43478260869565216,0.0,0.0,0.0,0.0,7.599999999999999,0.0,0.0,0.0,0.0,0.0,0.0,0.0,0.0,0.0,0.0,17.0,9.0,80348.0,0,0,0,3,BOX ELDER
128,30128,120.0,277.0,0.4332129963898917,11.0,0.0,11.0,0.0,18.5,0.0,0.0,0.0,11.0,0.0,0.0,0.0,0.0,0.0,0.0,10.0,5.0,80348.0,0,0,0,3,BOX ELDER
129,30129,99.0,228.0,0.4342105263157895,0.0,0.0,0.0,0.0,15.4,0.0,0.0,0.0,0.0,0.0,0.0,0.0,0.0,0.0,0.0,1.0,1.0,80348.0,0,0,0,3,BOX ELDER
130,30130,68.0,161.0,0.422360248447205,1.0,0.0,1.0,0.0,7.599999999999999,0.0,0.0,1.0,0.0,0.0,0.0,0.0,0.0,0.0,0.0,11.0,6.0,74493.0,0,0,0,3,BOX ELDER
131,30131,164.0,390.0,0.4205128205128205,0.0,0.0,0.0,0.0,11.699999999999998,0.0,0.0,0.0,0.0,0.0,0.0,0.0,0.0,0.0,0.0,10.0,5.0,74493.0,0,0,0,3,BOX ELDER
132,30132,48.0,115.0,0.41739130434782606,4.0,0.0,4.0,0.0,103.59999999999998,0.0,0.0,4.0,0.0,0.0,0.0,0.0,0.0,145.0,0.0,6.0,3.0,74493.0,0,0,0,3,BOX ELDER
133,30133,252.0,582.0,0.4329896907216495,8.0,0.0,0.0,8.0,44.4,0.0,0.0,0.0,0.0,3.0,0.0,0.0,5.0,0.0,0.0,27.0,13.0,80348.0,0,0,0,3,BOX ELDER
134,30134,3.0,6.0,0.5,0.0,0.0,0.0,0.0,2.5,0.0,0.0,0.0,0.0,0.0,0.0,0.0,0.0,0.0,0.0,1.0,0.0,80348.0,0,0,0,3,BOX ELDER
135,30135,9.0,20.0,0.45,0.0,0.0,0.0,0.0,0.8000000000000002,0.0,0.0,0.0,0.0,0.0,0.0,0.0,0.0,0.0,0.0,0.0,0.0,80348.0,0,0,0,3,BOX ELDER
136,30136,224.0,534.0,0.41947565543071164,26.0,0.0,11.0,15.0,98.2,0.0,0.0,0.0,11.0,13.0,0.0,0.0,2.0,0.0,0.0,27.0,14.0,74493.0,0,0,0,3,BOX ELDER
137,30137,6.0,13.0,0.46153846153846156,62.0,0.0,62.0,0.0,31.5,0.0,0.0,0.0,62.0,0.0,0.0,0.0,0.0,0.0,0.0,1.0,0.0,80348.0,0,0,0,3,BOX ELDER
138,30138,220.0,509.0,0.43222003929273084,73.0,0.0,15.0,58.0,91.7,0.0,0.0,15.0,0.0,38.0,0.0,0.0,20.0,0.0,0.0,27.0,13.0,80348.0,0,0,0,3,BOX ELDER
139,30139,60.0,143.0,0.4195804195804196,16.0,0.0,0.0,16.0,147.2,0.0,0.0,0.0,0.0,0.0,16.0,0.0,0.0,0.0,58.0,7.0,3.0,74493.0,0,0,0,3,BOX ELDER
140,30140,4.0,10.0,0.4,0.0,0.0,0.0,0.0,0.9,0.0,0.0,0.0,0.0,0.0,0.0,0.0,0.0,0.0,0.0,1.0,0.0,80348.0,0,0,0,3,BOX ELDER
141,30141,0.0,0.0,0.0,0.0,0.0,0.0,0.0,1.0,0.0,0.0,0.0,0.0,0.0,0.0,0.0,0.0,0.0,0.0,0.0,0.0,80348.0,0,0,0,3,BOX ELDER
142,30142,0.0,0.0,0.0,0.0,0.0,0.0,0.0,0.0,0.0,0.0,0.0,0.0,0.0,0.0,0.0,0.0,0.0,0.0,0.0,0.0,80348.0,0,0,0,3,BOX ELDER
143,30143,82.0,190.0,0.43157894736842106,123.0,48.0,75.0,0.0,117.2,48.0,0.0,0.0,75.0,0.0,0.0,0.0,0.0,0.0,0.0,13.0,5.0,80348.0,0,0,0,3,BOX ELDER
144,30144,0.0,0.0,0.0,0.0,0.0,0.0,0.0,0.0,0.0,0.0,0.0,0.0,0.0,0.0,0.0,0.0,0.0,0.0,0.0,0.0,80348.0,0,0,0,3,BOX ELDER
145,30145,21.0,44.0,0.4772727272727273,0.0,0.0,0.0,0.0,5.3,0.0,0.0,0.0,0.0,0.0,0.0,0.0,0.0,0.0,0.0,3.0,1.0,78516.0,0,0,0,3,BOX ELDER
146,30146,0.0,0.0,0.0,0.0,0.0,0.0,0.0,4.6,0.0,0.0,0.0,0.0,0.0,0.0,0.0,0.0,0.0,0.0,0.0,0.0,,0,0,0,3,BOX ELDER
147,30147,0.0,0.0,0.0,0.0,0.0,0.0,0.0,0.1,0.0,0.0,0.0,0.0,0.0,0.0,0.0,0.0,0.0,0.0,0.0,0.0,84675.0,0,0,0,3,BOX ELDER
148,30148,0.0,0.0,0.0,0.0,0.0,0.0,0.0,0.0,0.0,0.0,0.0,0.0,0.0,0.0,0.0,0.0,0.0,0.0,0.0,0.0,79483.0,0,0,0,3,BOX ELDER
149,30149,0.0,0.0,0.0,0.0,0.0,0.0,0.0,0.0,0.0,0.0,0.0,0.0,0.0,0.0,0.0,0.0,0.0,0.0,0.0,0.0,79483.0,0,0,0,3,BOX ELDER
150,30150,657.0,2059.0,0.3190869354055367,141.0,34.0,4.0,103.0,270.7,34.0,0.0,0.0,4.0,6.0,59.0,11.0,27.0,0.0,0.0,64.0,32.0,84445.0,0,0,0,3,BOX ELDER
151,30151,48.0,150.0,0.32,30.0,0.0,30.0,0.0,46.4,0.0,0.0,30.0,0.0,0.0,0.0,0.0,0.0,0.0,0.0,4.0,2.0,84675.0,0,0,0,3,BOX ELDER
152,30152,4.0,11.0,0.36363636363636365,0.0,0.0,0.0,0.0,0.0,0.0,0.0,0.0,0.0,0.0,0.0,0.0,0.0,0.0,0.0,0.0,0.0,74493.0,0,0,0,3,BOX ELDER
153,30153,0.0,0.0,0.0,0.0,0.0,0.0,0.0,0.0,0.0,0.0,0.0,0.0,0.0,0.0,0.0,0.0,0.0,0.0,0.0,0.0,74493.0,0,0,0,3,BOX ELDER
582,110001,271.0,755.786661093341,0.35856679397856034,0.0,0.0,0.0,0.0,76.79328648555152,0.0,0.0,0.0,0.0,0.0,0.0,0.0,0.0,40.122526918640126,0.0,23.92317056685865,12.747589000052749,91175.0,0,0,0,11,DAVIS
583,110002,1442.75,4064.984524002562,0.3549214004336245,0.0,0.0,0.0,0.0,186.5893824831495,0.0,0.0,0.0,0.0,0.0,0.0,0.0,0.0,35.844571460573256,0.0,82.75704619797591,67.98776482460035,91175.0,0,0,0,11,DAVIS
584,110003,251.0,752.9152627943688,0.3333708484915539,37.75,6.0,2.75,29.0,95.49919752625183,3.75,2.25,1.0,1.75,3.0,1.5,2.75,21.75,9.089327141324324,0.0,36.66140655677913,11.998463828148388,93635.0,0,0,0,11,DAVIS
585,110004,1587.0,4867.385532845456,0.32604772917427927,84.0,9.75,2.75,71.5,242.92101732321743,5.5,4.25,1.75,1.0,10.0,3.0,10.25,48.25,4.037403703752238,0.0,79.89608959699957,74.98752402246559,93635.0,0,0,0,11,DAVIS
586,110005,184.25,466.88716956885145,0.39463496109808777,0.0,0.0,0.0,0.0,38.67100150074632,0.0,0.0,0.0,0.0,0.0,0.0,0.0,0.0,12.111909551784006,0.0,18.060266982333907,8.498824966628407,91175.0,0,0,0,11,DAVIS
587,110006,266.75,809.253941347403,0.3296245917021582,5.0,0.0,0.0,5.0,34.55558672483048,0.0,0.0,0.0,0.0,2.75,0.5,0.0,1.75,7.821175446245396,0.0,9.237003700072377,12.4974075785127,93635.0,0,0,0,11,DAVIS
588,110007,356.5,1085.5984124828192,0.3283903107270268,75.0,0.5,32.25,42.25,154.88794661235855,0.25,0.25,1.0,31.25,31.25,0.0,0.75,10.25,3.2792518185815647,0.0,59.86146717257151,16.74722762120547,93635.0,0,0,0,11,DAVIS
589,110008,206.75,591.2202613101445,0.3497004644966698,0.0,0.0,0.0,0.0,39.72211807022852,0.0,0.0,0.0,0.0,0.0,0.0,0.0,0.0,5.802172034896568,0.0,24.421392337929653,9.498553697402295,93635.0,0,0,0,11,DAVIS
590,110009,380.75,1149.1152872940322,0.33134186291838513,0.0,0.0,0.0,0.0,71.23703036958887,0.0,0.0,0.0,0.0,0.0,0.0,0.0,0.0,3.2810721014856763,0.0,49.95888131789882,17.997076950204367,93635.0,0,0,0,11,DAVIS
591,110010,314.5,949.8385064260854,0.3311089178552626,0.0,0.0,0.0,0.0,29.42829680725196,0.0,0.0,0.0,0.0,0.0,0.0,0.0,0.0,2.7750334541426813,0.0,11.905583631133272,14.747679721976004,93635.0,0,0,0,11,DAVIS
592,110011,245.0,593.7619791376103,0.41262325411243417,0.0,0.0,0.0,0.0,50.24657432176711,0.0,0.0,0.0,0.0,0.0,0.0,0.0,0.0,2.018701851876119,0.0,36.47962004910411,11.748252420786883,91175.0,0,0,0,11,DAVIS
593,110012,401.75,1156.5631707382308,0.34736537541962725,100.5,0.5,0.0,100.0,148.3210936650944,0.5,0.0,0.0,0.0,0.5,89.5,3.25,6.75,3.281684739073259,0.0,25.54302560072852,18.99638332529261,90061.0,945,0,0,11,DAVIS
594,110013,365.75,1013.6822313702708,0.3608132693670561,526.75,14.5,22.25,490.0,584.5756868777148,12.25,2.25,2.25,20.0,52.25,77.25,93.25,267.25,0.7581518851706734,0.0,40.070548895295246,16.996986097248907,89302.0,0,0,0,11,DAVIS
595,110014,580.5,1590.893655645099,0.36488925450181037,235.0,8.25,6.5,220.25,302.95400347497684,5.25,3.0,1.75,4.75,6.5,163.25,11.25,39.25,1.2608515261781557,0.0,39.19836620916698,27.494785739631723,89302.0,877,1342,0,11,DAVIS
596,110015,422.25,1072.041535134625,0.39387466451752223,103.5,21.0,3.25,79.25,143.9088719038329,17.75,3.25,1.5,1.75,5.75,1.5,14.75,57.25,1.0093509259380595,0.0,19.403167812960863,19.99635316493396,60058.0,0,0,0,11,DAVIS
597,110016,361.5,869.8124439222681,0.4156068386075032,0.0,0.0,0.0,0.0,47.7704250643569,0.0,0.0,0.0,0.0,0.0,0.0,0.0,0.0,5.044010631083732,0.0,25.979398284816,16.747016148457167,91175.0,0,0,0,11,DAVIS
598,110017,1877.75,5236.07064535442,0.35861815609115005,157.25,25.25,5.5,126.5,430.99785244956166,16.5,8.75,3.25,2.25,17.0,6.75,23.0,79.75,7.318475805237915,0.0,177.6964662308087,88.73291041351509,91175.0,0,0,0,11,DAVIS
599,110018,1072.5,3077.3340630370194,0.34851594855501333,260.5,23.75,15.75,221.0,440.62202131661473,15.75,8.0,5.75,10.0,15.5,4.75,29.5,171.25,6.307304596395744,0.0,123.07348652548694,50.74123019473206,97179.0,0,0,0,11,DAVIS
600,110019,359.5,919.2820051944824,0.39106606891967227,1347.25,459.75,66.0,821.5,1496.1861908577614,300.75,159.0,22.5,43.5,97.0,30.25,142.5,551.75,10.093509259380596,0.0,121.84575573463596,16.996925863744835,97584.0,0,0,0,11,DAVIS
601,110020,423.25,1105.946942167209,0.38270371196162545,49.25,11.0,3.5,34.75,84.80450445240709,7.0,4.0,2.0,1.5,6.5,1.5,7.25,19.5,0.505132561499176,0.0,15.302807602798651,19.74656428810925,67768.0,0,0,0,11,DAVIS
602,110021,740.25,2360.493992850123,0.3135996118787841,0.0,0.0,0.0,0.0,65.41440764676484,0.0,0.0,0.0,0.0,0.0,0.0,0.0,0.0,9.841716618309952,0.0,20.82657617408703,34.74611485436786,91175.0,0,0,0,11,DAVIS
603,110022,379.25,1149.122353076398,0.33003448151946796,51.0,0.0,0.75,50.25,81.33988657969016,0.0,0.0,0.25,0.5,37.75,1.0,2.25,9.25,0.5045199239115936,0.0,11.838621623578147,17.996745032200415,93208.0,0,0,0,11,DAVIS
604,110023,667.25,1351.2401632166236,0.49380562994191435,18.25,2.75,2.0,13.5,80.58992988815805,1.5,1.25,1.25,0.75,2.5,0.0,1.0,10.0,0.5045199239115936,0.0,30.341347550792428,31.49406241345404,83139.0,0,0,0,11,DAVIS
605,110024,699.25,1404.6477810007275,0.49781162897778275,390.5,31.75,16.25,342.5,509.3383592551972,18.75,13.0,5.0,11.25,27.0,10.75,30.75,274.0,2.270202452116215,0.0,83.82527082221387,32.742885980867115,72574.0,0,0,0,11,DAVIS
606,110025,342.5,945.690762532269,0.3621691292435704,0.0,0.0,0.0,0.0,27.159593541526824,0.0,0.0,0.0,0.0,0.0,0.0,0.0,0.0,0.0,0.0,10.91269796941286,16.246895572113964,72495.0,0,0,0,11,DAVIS
607,110026,311.0,766.1182166923587,0.4059425728612908,14.0,1.25,5.25,7.5,44.18870439886869,1.25,0.0,0.75,4.5,0.0,0.0,0.25,7.25,0.0,0.0,15.191416872035015,14.997287526833675,60368.0,0,0,0,11,DAVIS
608,110027,277.0,840.5391552401892,0.32955038236243206,16.25,1.75,0.5,14.0,73.83517484717223,1.0,0.75,0.5,0.0,1.0,0.75,1.25,11.0,3.0274401402265965,0.0,41.31047771216544,13.247256994780194,93635.0,0,0,0,11,DAVIS
609,110028,990.5,3650.77432169262,0.2713123060262929,718.25,141.75,42.5,534.0,829.861989891177,73.5,68.25,12.5,30.0,48.75,100.25,36.5,348.5,0.0,0.0,64.87015738358143,46.74183250759563,83139.0,734,0,0,11,DAVIS
610,110029,264.25,690.057809756528,0.38293893100526594,2055.75,581.75,77.0,1397.0,2147.571583493921,396.5,185.25,8.75,68.25,125.0,264.25,155.5,852.25,0.0,0.0,79.32408528112373,12.497498212798046,72574.0,531,0,0,11,DAVIS
611,110030,387.0,1083.4002806597605,0.35720869461500215,192.5,31.0,7.0,154.5,227.19088779172168,30.25,0.75,0.5,6.5,16.5,59.25,10.5,68.25,0.0,0.0,16.694142759521263,17.996745032200415,72574.0,541,0,0,11,DAVIS
612,110031,468.75,1240.125955805955,0.3779857987855439,99.0,9.25,8.25,81.5,143.11055474508476,8.75,0.5,1.25,7.0,8.0,8.75,9.0,55.75,0.0,0.0,22.114533039062017,21.996021706022727,74962.0,0,0,0,11,DAVIS
613,110032,187.0,550.6176088018576,0.33961863371371553,5.75,0.25,0.25,5.25,33.551145759598825,0.25,0.0,0.0,0.25,0.0,0.0,0.75,4.5,0.0,0.0,19.05238104835629,8.748764711242533,93635.0,0,0,0,11,DAVIS
614,110033,863.75,2511.1681379005504,0.343963427603113,373.75,101.75,12.25,259.75,453.7855679019092,36.75,65.0,4.75,7.5,17.75,7.25,135.5,99.25,0.0,0.0,39.29277087205519,40.74279702985402,81139.0,0,0,0,11,DAVIS
615,110034,181.25,498.2556758252278,0.36376906233894407,2080.75,839.25,66.5,1175.0,2152.478377947398,683.75,155.5,7.0,59.5,115.0,45.25,169.0,845.75,0.0,0.0,62.979884745804384,8.74849320159381,96912.0,0,0,0,11,DAVIS
616,110035,408.0,1136.7203738630549,0.35892732230481983,88.0,2.75,2.25,83.0,124.64088517500127,2.25,0.5,0.0,2.25,5.5,52.75,7.0,17.75,0.0,0.0,17.394260587871848,19.246624587129425,96912.0,480,0,0,11,DAVIS
617,110036,513.25,1311.6872477895597,0.3912899213321796,27.0,2.25,7.5,17.25,71.35032538927705,1.5,0.75,0.75,6.75,0.0,0.25,3.25,13.75,0.0,0.0,20.10457475569212,24.24575063358493,91112.0,0,0,0,11,DAVIS
618,110037,760.0,2284.5391646497337,0.33267103132220693,495.5,10.0,54.5,431.0,601.5472460382031,6.75,3.25,21.0,33.5,43.5,40.0,31.75,315.75,0.5042183644388837,0.0,69.79923604850634,35.743791625257806,81139.0,0,0,0,11,DAVIS
619,110038,923.5,2813.415387613977,0.3282487200666123,75.75,11.5,7.5,56.75,154.34461065478854,5.25,6.25,3.0,4.5,7.75,3.0,10.0,36.0,3.026534054382777,0.0,32.07512889912598,43.49294770127979,96912.0,0,0,0,11,DAVIS
620,110039,407.75,1045.334534071379,0.3900665162298727,0.0,0.0,0.0,0.0,41.45540261016039,0.0,0.0,0.0,0.0,0.0,0.0,0.0,0.0,1.0093509259380595,0.0,21.19918561677064,19.246866067451688,94690.0,0,0,0,11,DAVIS
621,110040,581.5,1469.1838063440628,0.39579799170739066,9.0,0.0,4.0,5.0,55.237547199306135,0.0,0.0,3.0,1.0,0.0,0.0,2.0,3.0,0.0,0.0,18.99264077418081,27.24490642512533,65721.0,0,0,0,11,DAVIS
622,110041,584.75,1479.7386666883567,0.39517112931073556,721.5,154.75,44.5,522.25,793.1631294631285,147.5,7.25,4.0,40.5,76.75,80.5,74.5,290.5,0.0,0.0,44.16840393524835,27.49472552788015,66155.0,299,0,0,11,DAVIS
623,110042,0.0,0.0,0.0,4091.25,3.0,968.0,3120.25,4203.790386289316,0.0,3.0,968.0,0.0,1827.75,481.5,0.0,811.0,0.0,0.0,112.5403862893166,0.0,49014.0,0,0,0,11,DAVIS
624,110043,623.25,1654.8762552496485,0.3766142622585269,334.0,47.25,21.0,265.75,404.83140866055055,42.5,4.75,3.0,18.0,16.75,67.25,43.5,138.25,0.0,0.0,41.33680351204066,29.494605148509912,58909.0,333,0,0,11,DAVIS
625,110044,540.5,1393.6156402686088,0.3878400789875053,238.75,12.5,9.0,217.25,295.19113328381195,9.0,3.5,1.5,7.5,8.75,109.0,17.75,81.75,0.0,0.0,30.945684167265004,25.495449116546908,55845.0,0,964,0,11,DAVIS
626,110045,0.0,0.0,0.0,826.75,6.25,2.75,817.75,849.4919890577944,4.5,1.75,1.75,1.0,291.25,431.25,21.0,74.25,0.0,0.0,22.74198905779441,0.0,49014.0,0,0,0,11,DAVIS
627,110046,655.75,1768.4143390818624,0.370812419639425,379.5,32.5,31.0,316.0,444.813621781469,24.25,8.25,15.25,15.75,24.75,53.25,36.0,202.0,0.0,0.0,34.568533846981026,30.74508793448794,60255.0,305,0,0,11,DAVIS
628,110047,0.0,0.0,0.0,4178.25,29.5,15.0,4133.75,4293.194523488523,21.75,7.75,7.25,7.75,1255.25,2145.5,375.5,357.5,0.0,0.0,114.94452348852316,0.0,49014.0,0,0,0,11,DAVIS
629,110048,0.0,0.0,0.0,1898.500005663567,0.50000000149159,419.50000125144396,1478.5000044106316,1950.7320567782049,0.50000000149159,0.0,418.5000012484608,1.00000000298318,0.0,1424.7500042502857,2.750000008203745,51.00000015214218,0.0,0.0,52.2320511146373,0.0,49014.0,0,0,0,11,DAVIS
630,110049,0.0,0.0,0.0,5269.5,0.0,311.25,4958.25,5414.466143702147,0.0,0.0,311.25,0.0,372.25,4510.0,2.0,74.0,0.0,0.0,144.9661437021469,0.0,49014.0,0,0,0,11,DAVIS
631,110050,0.0,0.0,0.0,8301.75,0.0,251.5,8050.25,8530.102199337993,0.0,0.0,251.5,0.0,1116.75,6749.5,0.0,184.0,0.0,0.0,228.3521993379923,0.0,49014.0,0,0,0,11,DAVIS
632,110051,393.0,892.8434544141575,0.44016674822112956,45.0,0.0,0.0,45.0,76.04573687283171,0.0,0.0,0.0,0.0,0.0,1.25,0.5,43.25,0.0,0.0,12.049172672175722,18.996564200655992,49014.0,0,0,0,11,DAVIS
633,110052,0.0,0.0,0.0,516.7499931585573,0.0,0.24999999669015835,516.4999931618671,530.9676413614039,0.0,0.0,0.0,0.24999999669015835,323.9999957104452,135.99999819944614,1.9999999735212668,54.49999927845452,0.0,0.0,14.217648202846602,0.0,49014.0,0,0,0,11,DAVIS
634,110053,46.00000142560706,140.7071851970873,0.32692005998965346,14166.000439024992,309.5000095918562,34.5000010692053,13822.00042836393,14558.96123432086,252.00000780984738,57.50000178200882,18.50000057334197,16.000000495863326,757.2500234682815,11818.250366264796,460.25001426381846,786.2500243670337,0.0,0.0,390.9611568969844,1.999638398882864,49014.0,0,0,0,11,DAVIS
635,110054,273.25,811.4186243585509,0.3367558887571896,581.75,51.25,26.25,504.25,648.1086393069787,36.25,15.0,7.0,19.25,51.25,13.5,47.25,392.25,12.114644031748409,0.0,41.24643652298949,12.997558752240831,94630.0,0,0,0,11,DAVIS
636,110055,609.5,1821.4636793279617,0.33462100118563887,598.5,11.25,22.25,565.0,743.8193303034741,7.5,3.75,5.5,16.75,48.75,116.0,71.5,328.75,16.911718344102724,0.0,99.66385163143846,28.743760327932875,94630.0,817,0,0,11,DAVIS
637,110056,635.75,1657.4365455893417,0.3835742621289575,105.75,2.25,5.25,98.25,181.9442123511428,0.75,1.5,0.0,5.25,5.0,45.5,5.5,42.25,4.288602744519625,0.0,41.91058197134005,29.995027635283112,94669.0,0,0,0,11,DAVIS
638,110057,692.75,1764.2202136156363,0.39266639995029934,418.25,47.25,16.5,354.5,492.3158850403351,40.5,6.75,2.5,14.0,30.5,72.0,27.5,224.5,2.018701851876119,0.0,39.05315062942482,32.99403255903409,105552.0,370,251,0,11,DAVIS
639,110058,3.75,8.823772379156612,0.42498829739286975,147.75,48.0,3.0,96.75,271.73708700790115,2.75,45.25,1.75,1.25,6.5,2.5,15.5,72.25,0.0,109.824,14.163087007901153,0.0,105552.0,0,0,0,11,DAVIS
640,110059,0.0,0.0,0.0,0.0,0.0,0.0,0.0,0.0,0.0,0.0,0.0,0.0,0.0,0.0,0.0,0.0,0.0,0.0,0.0,0.0,105552.0,0,0,0,11,DAVIS
641,110060,218.75000290741355,628.9934606943441,0.34777786507658764,50.00000066455167,5.000000066455167,6.750000089714475,38.25000050838203,113.27310839661325,0.5000000066455167,4.500000059809651,0.5000000066455167,6.250000083068959,8.000000106328267,1.2500000166137917,3.500000046518617,25.50000033892135,6.555759725689383,0.0,46.469609182318244,10.247738824053954,107637.0,0,0,0,11,DAVIS
642,110061,459.0,1274.7144299730005,0.3600806496006498,18.0,0.0,0.25,17.75,52.86109316644914,0.0,0.0,0.0,0.25,8.75,0.25,1.25,7.5,0.0,0.0,13.11513184689984,21.7459613195493,107062.0,0,0,0,11,DAVIS
643,110062,711.0,1840.9103869374223,0.3862219503160253,346.25,68.5,31.75,246.0,422.0766396708315,55.75,12.75,6.0,25.75,17.5,70.25,26.25,132.0,0.0,0.0,42.33260698070991,33.49403269012165,60506.0,462,0,0,11,DAVIS
644,110063,448.75,1079.944374592452,0.41553066116886683,0.0,0.0,0.0,0.0,36.343303181724,0.0,0.0,0.0,0.0,0.0,0.0,0.0,0.0,0.0,0.0,15.347100644156855,20.99620253756715,72140.0,0,0,0,11,DAVIS
645,110064,751.5,2234.5118611760013,0.33631506417893575,457.75,94.25,17.75,345.75,566.4614018022115,39.75,54.5,6.75,11.0,49.5,19.25,54.75,222.25,0.0,0.0,73.46733860178891,35.24406320042263,46352.0,0,0,0,11,DAVIS
646,110065,899.0,1815.451984732589,0.49519348766055094,1530.75,123.25,92.5,1315.0,1661.6722035948007,90.0,33.25,6.0,86.5,145.5,191.25,242.0,736.25,0.0,0.0,88.42988902286436,42.49231457193651,51332.0,462,0,0,11,DAVIS
647,110066,0.0,0.0,0.0,3762.0,30.25,711.5,3020.25,3865.4898752194354,30.25,0.0,711.5,0.0,1899.75,58.0,1.5,1061.0,0.0,0.0,103.48987521943552,0.0,49014.0,0,0,0,11,DAVIS
648,110067,531.5,1120.9779525623237,0.47413956606827184,0.0,0.0,0.0,0.0,49.6254002783147,0.0,0.0,0.0,0.0,0.0,0.0,0.0,0.0,1.0093509259380595,0.0,23.620570140987176,24.995479211389465,70231.0,0,0,0,11,DAVIS
649,110068,321.25,733.8765588876975,0.4377439177058655,18.5,12.0,0.75,5.75,47.092690748865,12.0,0.0,0.5,0.25,0.0,0.25,0.25,5.25,1.767502811108733,0.0,11.578986471399269,15.24620146635699,88595.0,0,0,0,11,DAVIS
650,110069,417.5,949.471832986495,0.4397181522349999,5.5,0.25,2.25,3.0,38.13849403296474,0.0,0.25,0.0,2.25,0.0,0.0,0.0,3.0,0.0,0.0,13.142080569010613,19.49641346395413,88595.0,0,0,0,11,DAVIS
651,110070,0.0,0.0,0.0,475.5,23.75,226.5,225.25,488.5769970396933,19.0,4.75,46.5,180.0,4.75,0.0,35.75,184.75,0.0,0.0,13.076997039693309,0.0,88595.0,0,0,0,11,DAVIS
652,110071,36.0,82.60194612583122,0.4358250826821876,615.75,11.0,263.25,341.5,635.6748273697312,10.0,1.0,159.75,103.5,11.0,15.0,201.25,114.25,0.0,0.0,17.925189032820057,1.9996383369111568,82312.0,0,0,0,11,DAVIS
653,110072,973.25,1883.69562451144,0.516670521147717,452.0,39.5,19.5,393.0,559.68969632856,36.75,2.75,3.25,16.25,50.75,2.25,111.0,229.0,0.0,0.0,61.94756215095697,45.74213417760301,35289.0,0,0,0,11,DAVIS
654,110073,701.9999993485986,1509.259091165244,0.4651288857280363,790.7499992662455,144.9999998654513,33.249999969146586,612.4999994316477,906.7146833792635,86.74999991950276,58.24999994594853,10.499999990256818,22.74999997888977,84.7499999213586,23.24999997842581,146.24999986429137,358.2499996675719,0.0,0.0,82.97062138042224,32.99406273259578,57882.0,0,0,0,11,DAVIS
655,110074,693.9999990198767,2022.1547541998473,0.34319826293140837,79.99999988701748,0.7499999989407888,0.0,79.24999988807669,134.2864059955574,0.24999999964692962,0.49999999929385924,0.0,0.0,0.49999999929385924,53.24999992479601,5.249999992585522,20.249999971401298,0.0,0.0,21.29237359610271,32.99403251243723,52244.0,528,0,0,11,DAVIS
656,110075,409.0,1339.722206289115,0.3052871692952568,0.0,0.0,0.0,0.0,35.00667309714957,0.0,0.0,0.0,0.0,0.0,0.0,0.0,0.0,1.0093509259380595,0.0,15.000757970555522,18.996564200655992,87014.0,0,0,0,11,DAVIS
657,110076,1.0,1.1879482674983626,0.8417874981255262,4419.5,98.75,3029.25,1291.5,4541.127106401535,87.75,11.0,2622.25,407.0,213.25,66.75,226.25,785.25,0.0,0.0,121.62710640153446,0.0,53084.0,0,0,0,11,DAVIS
658,110077,807.0,1540.03730802853,0.524013279284173,76.25,3.75,6.25,66.25,144.02293986565712,3.0,0.75,1.0,5.25,16.5,0.75,13.0,36.0,0.0,0.0,29.77960018820048,37.99333967745663,35195.0,0,0,0,11,DAVIS
659,110078,350.25000002466845,668.9433675513085,0.5235869238180375,566.7500000399168,40.250000002834845,11.25000000079235,515.2500000362895,631.9816947728426,20.00000000140862,20.250000001426226,2.2500000001584697,9.000000000633879,42.25000000297571,141.500000009966,57.75000000406739,273.7500000192805,0.0,0.0,48.734557701209454,16.49713703171634,53595.0,550,988,0,11,DAVIS
660,110079,934.75,1760.4166473558016,0.5309822543453122,1817.25,73.5,46.75,1697.0,2061.212081528529,57.25,16.25,13.75,33.0,116.5,370.0,465.5,745.0,0.0,0.0,199.97067177006596,43.991409758462666,53532.0,0,0,2016,11,DAVIS
661,110080,1294.25,2646.054921545677,0.48912439022390797,3371.25,389.0,82.25,2900.0,3570.378734842239,289.0,100.0,20.0,62.25,850.25,58.5,525.5,1465.75,0.0,0.0,138.14054969461367,60.988185147625394,60401.0,0,0,0,11,DAVIS
662,110081,937.75,1878.0556184215795,0.4993196105598493,1385.0,125.0,76.25,1183.75,1494.392398462028,120.0,5.0,3.75,72.5,79.75,34.0,88.5,981.5,0.0,0.0,64.90068685865133,44.49171160337656,59130.0,0,0,0,11,DAVIS
663,110082,349.75,732.5196098203926,0.47746162056433633,4987.25,118.5,3664.5,1204.25,5217.554397747056,74.25,44.25,3299.0,365.5,85.0,344.25,175.5,599.5,2.018701851876119,0.0,212.0388305272436,16.246865367936348,53084.0,0,0,0,11,DAVIS
664,110083,1296.2500005101397,2434.2261496019487,0.5325100959588763,786.0000003093305,121.25000004771798,42.2500000166275,622.500000244985,924.0886156476278,53.500000021054944,67.75000002666303,8.000000003148402,34.250000013479095,41.500000016332336,52.00000002046462,118.7500000467341,410.250000161454,0.0,0.0,76.59979677500996,61.48881856328737,40944.0,0,0,0,11,DAVIS
665,110084,1136.0,2849.9341385279986,0.39860570272222084,315.75,46.25,26.5,243.0,440.719556227576,39.5,6.75,5.0,21.5,20.25,72.0,30.75,120.0,1.7711528955591187,0.0,69.70750433389158,53.490898998125246,60917.0,711,0,0,11,DAVIS
666,110085,1246.0,3581.925335820726,0.34785761376416413,539.75,104.25,21.5,414.0,663.6075634682016,79.0,25.25,3.75,17.75,35.75,61.0,150.0,167.25,0.5048310020264659,0.0,64.86297928094558,58.48975318522972,87488.0,0,0,0,11,DAVIS
667,110086,1575.25,4623.148780193214,0.34073097685040665,9.5,0.5,1.25,7.75,174.6705020416158,0.5,0.0,0.75,0.5,1.0,0.0,0.75,6.0,2.7768537370467925,0.0,88.40684894174032,73.98679936282869,94203.0,0,0,0,11,DAVIS
668,110087,1253.75,3741.115900242177,0.3351272811192083,114.75,14.0,5.0,95.75,321.37955378511435,8.75,5.25,2.75,2.25,15.5,3.0,16.75,60.5,20.94395464739886,0.0,126.4428889820257,59.24271015568978,97584.0,0,0,0,11,DAVIS
669,110088,261.5,658.1709112993078,0.3973132138030346,1081.5,94.0,251.75,735.75,1179.582678392249,45.0,49.0,67.5,184.25,76.25,314.0,90.25,255.25,2.018701851876119,0.0,83.56678004140107,12.497196498971707,67768.0,748,0,2240,11,DAVIS
670,110089,1036.0,2955.1378907301514,0.3505758574751402,107.25,9.25,5.5,92.5,189.62998605623065,6.75,2.5,2.25,3.25,7.5,3.25,3.25,78.5,2.018701851876119,0.0,31.619843192570546,48.74144101178399,91175.0,0,0,0,11,DAVIS
671,110090,423.0,1112.6504934501534,0.3801732911548386,298.25,46.25,37.5,214.5,349.6340626147745,6.0,40.25,5.5,32.0,15.0,3.0,124.5,72.0,4.034970783260545,0.0,27.60240690154541,19.746684929968552,97584.0,0,0,0,11,DAVIS
672,110091,373.75,1230.248523587932,0.3038004052303065,137.5,53.0,6.0,78.5,174.32222334054424,8.0,45.0,1.5,4.5,15.0,1.75,27.75,34.0,1.0093509259380595,0.0,17.816127382405774,17.996745032200415,87014.0,0,0,0,11,DAVIS
673,110092,440.0,1423.3383288974824,0.30913240447956175,12.0,0.0,0.0,12.0,48.45157558651599,0.0,0.0,0.0,0.0,4.25,0.0,0.25,7.5,1.7656825282046216,0.0,13.939781111395256,20.746111946916105,91175.0,0,0,0,11,DAVIS
674,110093,599.25,1749.662518810484,0.34249462028106015,1540.0,670.75,96.0,773.25,1636.5841550954171,490.0,180.75,18.25,77.75,75.5,167.0,97.25,433.5,1.0093509259380595,0.0,67.07962603791677,28.49517813156236,97584.0,0,1318,0,11,DAVIS
675,110094,803.5,2181.07423514923,0.368396447517076,504.0,54.5,6.25,443.25,611.7177724189206,45.0,9.5,1.5,4.75,24.75,242.75,92.5,83.25,0.0,0.0,69.72443274146389,37.99333967745663,80015.0,1800,0,0,11,DAVIS
676,110095,5.0,13.080127612439552,0.38225926750476547,128.75,4.25,41.25,83.25,146.54969036634753,2.25,2.0,0.75,40.5,8.25,23.5,4.25,47.25,13.121562037194774,0.0,4.678128329152775,0.0,77899.0,0,0,0,11,DAVIS
677,110096,826.5,2414.006954964413,0.3423768097686297,380.5,48.25,26.5,305.75,533.5417949186244,38.25,10.0,14.0,12.5,19.5,62.0,27.75,196.5,20.182454237250514,0.0,93.61702718027828,39.24231350109566,77899.0,929,0,0,11,DAVIS
678,110097,566.25,1617.263442492951,0.35012848563938775,646.75,6.75,10.5,629.5,717.6540828062067,5.0,1.75,5.25,5.25,35.0,240.0,108.25,246.25,4.792821108958508,0.0,39.115540721294856,26.995720975953294,77899.0,0,0,0,11,DAVIS
679,110098,849.75,2513.1429321889545,0.3381224319222725,322.5,46.5,19.75,256.25,450.9757814945057,26.75,19.75,2.25,17.5,18.25,9.75,65.0,163.25,1.0093509259380595,0.0,87.22360344387104,40.242827124696575,97356.0,0,0,0,11,DAVIS
680,110099,1386.0,3598.2699086234165,0.38518511262270466,1250.25,193.5,75.5,981.25,1397.5057065479816,136.25,57.25,7.75,67.75,141.5,182.25,187.25,470.25,0.0,0.0,81.76776220286017,65.48794434512132,96228.0,0,0,0,11,DAVIS
681,110100,782.5,2126.631742147391,0.36795275105310976,660.25,282.75,79.5,298.0,751.7649560821055,172.5,110.25,12.75,66.75,22.25,91.75,20.0,164.0,0.0,6.656,47.86528470531509,36.99367137679047,122221.0,922,0,0,11,DAVIS
682,110101,678.75,1788.9324486799846,0.379416226979859,28.0,1.0,12.5,14.5,102.70503862327725,0.75,0.25,1.5,11.0,3.25,0.5,0.5,10.25,1.2608515261781557,0.0,41.449973706520574,31.994213390578512,98876.0,0,0,0,11,DAVIS
683,110102,4213.75,12192.759431602297,0.34559445084091645,0.0,0.0,0.0,0.0,411.68563947990776,0.0,0.0,0.0,0.0,0.0,0.0,0.0,0.0,42.395463850720745,0.0,170.32323292012592,198.96694270906107,77899.0,0,0,0,11,DAVIS
684,110103,1021.25,2876.873786818571,0.35498602847272037,14.75,0.5,2.5,11.75,103.1004032287095,0.25,0.25,0.75,1.75,4.0,3.5,0.25,4.0,10.598340261407062,0.0,29.760471371785933,47.991591595516496,77899.0,0,0,0,11,DAVIS
685,110104,811.0,2375.533344648039,0.3413970179905677,98.0,17.0,5.0,76.0,217.8462067354062,13.5,3.5,3.0,2.0,7.0,5.0,7.25,56.75,0.0,0.0,81.60341009912884,38.24279663627739,84343.0,0,0,0,11,DAVIS
686,110105,407.75,1338.1012684110894,0.3047228260116496,11.0,0.0,0.0,11.0,43.76989964600351,0.0,0.0,0.0,0.0,4.0,0.0,7.0,0.0,0.0,0.0,13.523275058874082,19.246624587129425,100411.0,0,0,0,11,DAVIS
687,110106,835.5,2460.8007101832045,0.3395236341336222,13.75,0.25,4.25,9.25,107.01713696337237,0.0,0.25,3.75,0.5,7.0,0.0,0.25,2.0,3.271650090208084,0.0,50.50247950686354,39.49300736630072,122221.0,0,0,0,11,DAVIS
688,110107,577.0,1620.4715321508324,0.35606919871906345,0.0,0.0,0.0,0.0,44.3607415222636,0.0,0.0,0.0,0.0,0.0,0.0,0.0,0.0,0.0,0.0,17.115352311344893,27.245389210918702,77899.0,0,0,0,11,DAVIS
689,110108,0.0,0.0,0.0,0.0,0.0,0.0,0.0,42.14153984863112,0.0,0.0,0.0,0.0,0.0,0.0,0.0,0.0,42.14153984863112,0.0,0.0,0.0,77899.0,0,0,0,11,DAVIS
690,110109,702.0,1644.9700910328909,0.4267554795231615,1224.25,81.25,27.5,1115.5,1373.9385606943615,71.0,10.25,5.0,22.5,154.0,149.75,350.25,461.5,13.121562037194774,0.0,103.32263422376306,33.244364433403746,72651.0,787,0,0,11,DAVIS
691,110110,660.75,1601.5556093865848,0.4125676287026182,1480.25,144.25,457.25,878.75,1741.5444187438632,88.0,56.25,320.75,136.5,124.5,31.0,172.0,551.25,11.858579149997636,0.0,218.19304442219035,31.242795171675255,72651.0,0,0,0,11,DAVIS
692,110111,619.5,1578.5996572686242,0.39243642119617034,778.25,10.25,23.5,744.5,845.9417980135561,6.75,3.5,2.0,21.5,178.0,23.25,66.0,477.25,0.0,0.0,38.446951537693295,29.244846475862825,110982.0,0,0,0,11,DAVIS
693,110112,1373.5,3302.594958939055,0.4158850894755896,2322.5,88.25,83.0,2151.25,2497.6841891366944,66.0,22.25,28.75,54.25,272.0,397.75,458.0,1023.5,2.270202452116215,0.0,108.1755296117902,64.7384570727879,59691.0,0,0,0,11,DAVIS
694,110113,599.4999905216673,1260.007589296354,0.47579077746385295,1136.2499820354371,122.74999805927384,118.24999813042062,895.2499858457426,1214.024120964857,81.99999870354749,40.749999355726345,15.749999750986255,102.49999837943436,97.49999845848635,178.99999716993904,81.24999871540528,537.499991501912,2.0187018199596425,0.0,47.76050083531519,27.994936274145154,43124.0,516,0,0,11,DAVIS
695,110114,29.750000004093234,82.92846482706003,0.35874292459331336,210.75000002899662,2.7500000003783662,66.0000000090808,142.00000001953745,231.23259677562388,2.2500000003095724,0.5000000000687939,47.500000006535416,18.500000002545374,0.0,0.25000000003439693,1.7500000002407785,140.00000001926227,12.86854271529383,0.0,6.614234862740267,0.9998191685931412,100295.0,0,0,0,11,DAVIS
696,110115,557.0,1529.6277143036386,0.3641408917944283,940.0,316.25,64.75,559.0,1009.192418749471,186.0,130.25,11.0,53.75,92.5,49.75,52.75,364.0,2.018701851876119,0.0,41.17841851774987,25.99529837984504,100295.0,0,0,0,11,DAVIS
697,110116,679.5,1666.7846984728124,0.407671129104191,507.5,4.0,26.0,477.5,575.6679275727217,2.75,1.25,15.0,11.0,50.0,13.0,213.75,200.75,2.018701851876119,0.0,34.15501233026711,31.994213390578512,103987.0,0,0,0,11,DAVIS
698,110117,1022.5,2733.97732737668,0.37399724926801586,52.0,0.25,0.25,51.5,136.30768072774595,0.0,0.25,0.25,0.0,0.25,46.25,0.75,4.25,0.0,0.0,36.06690368305742,48.24077704468853,92507.0,576,0,0,11,DAVIS
699,110118,729.9999940645032,1928.4788464251533,0.37853668730549667,72.49999941051573,8.499999930888052,1.2499999898364782,62.74999948979121,161.331378549319,0.49999999593459127,7.99999993495346,0.0,1.2499999898364782,9.74999992072453,3.499999971542139,5.499999955280504,43.999999642244035,2.272635354129526,0.0,52.06585779989112,34.492885984782625,92898.0,0,0,0,11,DAVIS
700,110119,614.0,1257.0446395145957,0.4884472521493703,1072.75,518.25,59.75,494.75,1184.6794407478503,193.0,325.25,33.25,26.5,24.25,119.5,47.0,304.0,0.0,0.0,82.93423230277538,28.995208445075036,60401.0,0,1107,0,11,DAVIS
701,110120,778.5000067724491,1719.744955123372,0.4526834077653106,886.5000077119796,63.750000554583984,61.25000053283559,761.50000662456,987.7874446412827,41.25000035884846,22.500000195735524,9.750000084818726,51.50000044801686,43.000000374072336,155.7500013549248,313.0000027228986,249.7500021726643,1.009350934718763,0.0,63.28477643990994,36.99330955467438,61800.0,0,0,1868,11,DAVIS
702,110121,1182.25,2302.397860992569,0.5134864047738167,690.5,118.5,110.25,461.75,806.527295198371,97.0,21.5,12.5,97.75,34.25,56.75,47.0,323.75,0.0,0.0,60.28702956971631,55.740265628654726,61138.0,366,0,0,11,DAVIS
703,110122,1184.75,2766.9778615097307,0.428174730445285,3344.25,395.5,114.5,2834.25,3564.1142819101437,302.0,93.5,34.75,79.75,83.75,23.5,2295.25,431.75,0.0,0.0,164.1237145676623,55.74056734248106,42449.0,0,0,0,11,DAVIS
704,110123,2049.5,3805.043901025903,0.5386271626057773,3736.0,1269.0,153.0,2314.0,4471.7128769954015,575.5,693.5,117.0,36.0,367.25,115.75,531.5,1299.5,0.0,0.0,638.9782459058418,96.7346310895604,51122.0,0,0,0,11,DAVIS
705,110124,1731.5,4320.34436207924,0.4007782377714645,2213.75,307.25,138.25,1768.25,2409.0391103196216,233.5,73.75,20.25,118.0,252.25,39.25,450.0,1026.75,2.018701851876119,0.0,111.53529704086154,81.73511142688402,71934.0,0,0,0,11,DAVIS
706,110125,128.0,315.53988650932644,0.4056539457372743,163.5,13.0,17.5,133.0,182.82539508892137,11.25,1.75,1.5,16.0,11.25,10.25,11.75,99.75,4.542536265251414,0.0,8.783974017114101,5.998884806555856,76224.0,0,0,0,11,DAVIS
707,110126,2034.0,4870.387147915673,0.4176259377800118,16.0,0.0,0.25,15.75,390.5198324306397,0.0,0.0,0.0,0.25,3.5,0.0,12.0,0.25,5.800351751992456,0.0,272.9875959600939,95.73188471855332,98407.0,0,0,0,11,DAVIS
708,110127,1125.5,3054.4056123109085,0.3684841317288135,8.0,0.25,0.0,7.75,96.66802215496442,0.0,0.25,0.0,0.0,3.75,0.0,4.0,0.0,0.0,0.0,35.67760622681875,52.99041592814567,87834.0,0,0,0,11,DAVIS
709,110128,277.0,640.8013019595212,0.43227128152354755,408.75,9.75,146.25,252.75,443.9012275953398,8.75,1.0,49.0,97.25,59.5,14.5,27.0,151.75,1.7650698906170392,0.0,20.388810425230165,12.997347279492526,65047.0,0,0,0,11,DAVIS
710,110129,957.25,2034.1252109600784,0.47059541607480077,938.0,359.25,121.25,457.5,1196.4577378596737,252.0,107.25,7.75,113.5,40.5,18.25,86.5,312.25,0.0,0.0,213.4673232868504,44.990414572823234,50717.0,0,0,0,11,DAVIS
711,110130,515.5,953.8731509367452,0.5404282524293261,1281.5,869.0,51.25,361.25,1525.858376017338,416.25,452.75,8.0,43.25,21.0,19.75,50.5,270.0,0.0,0.0,219.86017991801725,24.498196099320687,51122.0,0,0,0,11,DAVIS
712,110131,216.25,504.1523438126733,0.4289378055145004,1437.5,80.25,113.5,1243.75,1562.5467511061352,55.75,24.5,9.5,104.0,162.5,147.25,262.25,671.75,3.784082820608031,0.0,111.01351105126632,10.249157234260728,76224.0,523,0,0,11,DAVIS
713,110132,849.75,2105.361925935495,0.403612314601169,245.5,33.5,7.75,204.25,330.71315956753654,24.5,9.0,3.0,4.75,24.5,5.75,60.25,113.75,0.251500600240096,0.0,45.219465605517726,39.74219336177873,77278.0,0,0,0,11,DAVIS
714,110133,1296.75,3819.472553114527,0.339510228694427,120.0,21.5,1.0,97.5,234.96798652819496,21.5,0.0,0.75,0.25,6.5,54.5,24.5,12.0,1.0093509259380595,0.0,52.71957573581555,61.23905986644134,92042.0,641,0,0,11,DAVIS
715,110134,563.5,1449.8354483562628,0.3886647968490926,14.0,0.0,0.0,14.0,65.60146796434611,0.0,0.0,0.0,0.0,3.0,0.0,0.25,10.75,0.0,0.0,25.107315922116133,26.494152042229977,92898.0,0,0,0,11,DAVIS
716,110135,230.75,717.9946658831798,0.3213812176670736,148.25,19.25,1.75,127.25,181.9260696144847,14.25,5.0,0.25,1.5,4.75,0.5,108.5,13.5,1.0093509259380595,0.0,21.41891895871057,11.247799729836071,122221.0,0,0,0,11,DAVIS
717,110136,914.25,2290.680949537912,0.3991171272387048,102.75,16.75,22.75,63.25,206.750363581091,14.0,2.75,10.75,12.0,8.75,2.25,8.5,43.75,4.5401033447597205,0.0,56.468700025352966,42.99156021097832,86386.0,0,0,0,11,DAVIS
718,110137,256.0,806.2036220017493,0.31753764559425973,148.5,2.75,6.0,139.75,174.65355006418218,2.25,0.5,1.25,4.75,14.75,68.0,7.25,49.75,3.028052777814179,0.0,11.127667264901074,11.997830021466942,104511.0,936,0,0,11,DAVIS
719,110138,0.0,0.0,0.0,1077.25,31.25,759.75,286.25,1130.1784537957376,28.75,2.5,264.5,495.25,84.5,8.75,14.25,178.75,0.0,23.296000000000003,29.63245379573745,0.0,75567.0,0,0,0,11,DAVIS
720,110139,1472.0,2888.100481604253,0.5096775577497733,2716.0,1771.0,146.5,798.5,3026.18339715006,1450.25,320.75,52.5,94.0,81.0,59.25,159.25,499.0,0.0,0.0,240.94626674351943,69.23713040654009,45532.0,0,0,0,11,DAVIS
721,110140,713.5,1572.6296844523108,0.4536986723918326,323.5,20.25,14.25,289.0,394.0101494141472,16.5,3.75,2.0,12.25,18.75,130.25,25.75,114.25,0.0,0.0,37.01635822610028,33.493791188046885,59699.0,377,995,0,11,DAVIS
722,110141,392.749999923762,751.1055782094357,0.5228958635349782,1391.9999997297944,111.99999997825931,42.74999999170166,1237.2499997598334,1469.8749059427582,71.99999998602384,39.999999992235466,5.749999998883848,36.999999992817806,139.74999997287267,358.74999993036187,201.99999996078913,536.7499998958097,0.5048310019284715,0.0,58.87284728729694,18.497227923738286,28499.0,0,0,2051,11,DAVIS
723,110142,1345.5000001893416,2624.4083135850187,0.5126869905206743,219.00000003081814,28.250000003975398,0.500000000070361,190.25000002677237,326.23515220760265,3.250000000457347,25.000000003518053,0.2500000000351805,0.2500000000351805,11.500000001618304,62.25000000875995,14.00000000197011,102.50000001442402,0.0,0.0,43.7472081069706,63.48794406981392,49587.0,379,0,0,11,DAVIS
724,110143,1726.75,3901.991986680887,0.4425303808654944,232.75,28.25,8.5,196.0,395.5478313579088,17.25,11.0,0.75,7.75,20.75,13.25,48.75,113.25,3.028052777814179,0.0,78.53472751780222,81.23505106229238,80392.0,0,0,0,11,DAVIS
725,110144,222.0,696.4823433075843,0.3187446202092149,111.25,1.0,0.5,109.75,130.67155232040523,1.0,0.0,0.0,0.5,0.5,103.0,1.5,4.75,0.0,0.0,9.173300249376014,10.248252071029215,122221.0,0,1165,0,11,DAVIS
726,110145,210.5,620.5311544117313,0.3392255143088758,90.25,0.5,0.0,89.75,111.28642808031724,0.5,0.0,0.0,0.0,0.25,83.75,2.0,3.75,2.018701851876119,0.0,9.019232830058996,9.998493398382124,86386.0,1004,0,0,11,DAVIS
727,110146,554.5,1287.1650242168805,0.4307916930366884,0.0,0.0,0.0,0.0,52.47644070403776,0.0,0.0,0.0,0.0,0.0,0.0,0.0,0.0,1.0093509259380595,0.0,25.221036753239552,26.246053024860142,86386.0,0,0,0,11,DAVIS
728,110147,473.25,1268.7222751447734,0.37301307722842464,378.75,23.25,27.0,328.5,492.64479880965087,9.75,13.5,6.5,20.5,26.5,139.0,21.5,141.5,10.340144018637304,0.0,81.30803005067473,22.246624740338792,104511.0,742,262,0,11,DAVIS
729,110148,363.49999951796525,825.1972173073844,0.44050075775105546,1871.7499975178857,84.99999988728212,1350.7499982087802,435.99999942182353,1956.2513275284089,83.24999988960278,1.7499999976793377,485.74999935585043,864.9999988529297,112.49999985081456,6.749999991048874,82.49999989059735,234.24999968936277,2.018701849199133,0.0,65.48570232011849,16.996925841205336,75567.0,0,0,0,11,DAVIS
730,110149,1141.5,2982.3558639931366,0.3827511041796409,126.75,41.5,11.25,74.0,253.1052816789018,38.0,3.5,1.5,9.75,5.25,8.5,9.25,51.0,2.5232217757877127,0.0,70.09025613509397,53.74180376802015,106475.0,0,0,0,11,DAVIS
731,110150,469.75,1375.1004752808594,0.3416114010898405,383.75,60.0,22.25,301.5,469.2156355199249,42.25,17.75,11.75,10.5,53.25,14.5,94.25,139.5,6.810918434463519,0.0,56.65878599197144,21.995931093489887,77899.0,0,0,0,11,DAVIS
732,110151,691.75,2060.8062575672493,0.33566959410177666,397.75,38.0,11.25,348.5,475.8860511972353,29.5,8.5,4.25,7.0,63.25,73.0,59.5,152.75,6.811824520307337,0.0,38.58251756554472,32.74170911138323,77899.0,0,0,0,11,DAVIS
733,110152,243.75,744.5525823878414,0.32737781825734014,210.5,28.25,23.25,159.0,252.3472813836563,24.5,3.75,2.5,20.75,15.25,19.75,14.25,109.75,5.552198269304347,0.0,24.79704212267907,11.49804099167288,104511.0,0,0,0,11,DAVIS
734,110153,278.25,866.4088707673537,0.321153221519491,575.5,75.5,63.0,437.0,633.0227383596596,67.75,7.75,9.25,53.75,44.25,44.0,39.5,309.25,6.298176033374388,0.0,38.226913136362654,12.99764918992252,104511.0,0,0,0,11,DAVIS
735,110154,430.0,1388.347416122936,0.3097207478520089,0.0,0.0,0.0,0.0,36.33525534958528,0.0,0.0,0.0,0.0,0.0,0.0,0.0,0.0,1.0093509259380595,0.0,15.329521054535654,19.996383369111573,104511.0,0,0,0,11,DAVIS
736,110155,361.49999629526553,823.9391106795866,0.4387460087883188,8.249999915452118,0.0,2.7499999718173727,5.499999943634745,41.92883052978067,0.0,0.0,0.24999999743794296,2.4999999743794294,2.4999999743794294,0.0,0.4999999948758859,2.4999999743794294,2.5253531109263014,0.0,14.156642251526556,16.996835251875698,76322.0,0,0,0,11,DAVIS
737,110156,1139.75,2568.067037978849,0.4438162957369757,766.25,42.75,48.75,674.75,889.4122322595383,29.75,13.0,22.25,26.5,49.5,98.75,138.25,388.25,0.0,0.0,69.67160512076404,53.49062713877421,57395.0,533,0,0,11,DAVIS
738,110157,192.25,339.7552203969278,0.5658485534832959,1390.0,407.5,73.0,909.5,1444.525529772964,257.0,150.5,11.75,61.25,89.0,31.0,196.5,593.0,0.0,0.0,45.52715725686389,8.998372516100208,28499.0,0,0,0,11,DAVIS
739,110158,1519.25,3533.275389343127,0.42998346649748254,673.75,54.25,38.25,581.25,823.6258846136374,38.5,15.75,8.75,29.5,75.0,39.5,101.0,365.75,1.0093509259380595,0.0,77.37970453602219,71.48682915167717,86529.0,0,0,0,11,DAVIS
740,110159,3.0,9.576802448493222,0.31325695775128043,0.0,0.0,0.0,0.0,26.32565265433596,0.0,0.0,0.0,0.0,0.0,0.0,0.0,0.0,26.243124074389552,0.0,0.082528579946409,0.0,86770.0,0,0,0,11,DAVIS
741,110160,176.25,508.8520306181264,0.34636788181016176,0.0,0.0,0.0,0.0,12.8467494859325,0.0,0.0,0.0,0.0,0.0,0.0,0.0,0.0,0.0,0.0,4.848196138287872,7.998553347644628,136398.0,0,0,0,11,DAVIS
742,110161,350.25,939.5387203717232,0.3727893192751285,1175.25,10.0,9.0,1156.25,1238.459809329128,8.5,1.5,1.25,7.75,23.0,4.75,1059.75,68.75,0.0,0.0,46.46267234220798,16.747136986920125,71381.0,0,0,0,11,DAVIS
743,110162,733.0,2309.3873775362104,0.3174001932850293,301.25,14.25,14.5,272.5,375.3007318842562,13.25,1.0,0.75,13.75,20.25,131.75,21.5,99.0,3.028052777814179,3.328,32.95088752500314,34.74379158143885,110061.0,905,1077,0,11,DAVIS
744,110163,842.0,2060.982939972252,0.40854292564466166,67.0,0.25,0.25,66.5,265.29840356394453,0.25,0.0,0.25,0.0,3.5,51.0,8.0,4.0,4.534935944303623,0.0,153.77073108559534,39.992736534045534,102528.0,697,0,0,11,DAVIS
745,110164,283.25,782.5187404569245,0.36197216163105056,7.75,2.0,2.75,3.0,54.02943813780989,2.0,0.0,0.0,2.75,1.25,0.0,0.25,1.5,0.0,0.0,32.78212073480377,13.497317403006123,95028.0,0,0,0,11,DAVIS
746,110165,138.75,447.3018459065031,0.31019322023768736,230.5,7.75,12.0,210.75,262.6648989637053,6.25,1.5,3.5,8.5,31.0,22.0,22.75,135.0,0.5048310020264659,0.0,25.41109256447203,6.248975397206902,104511.0,0,0,0,11,DAVIS
747,110166,1066.5,2377.1684176131407,0.44864301245885124,1675.5,230.25,68.0,1377.25,1811.0589075696223,189.25,41.0,14.75,53.25,158.5,197.25,377.0,644.5,0.0,0.0,85.31849220977527,50.240415359847184,42073.0,688,993,0,11,DAVIS
748,110167,549.25,1393.3514681138438,0.39419343401095375,13.5,0.0,0.0,13.5,106.4840252771111,0.0,0.0,0.0,0.0,9.0,0.0,3.25,1.25,1.5141819279645254,0.0,65.72430364194862,25.745539707197956,80137.0,0,0,0,11,DAVIS
749,110168,561.75,1702.9455229484784,0.32986962438316086,0.0,0.0,0.0,0.0,43.92166185487599,0.0,0.0,0.0,0.0,0.0,0.0,0.0,0.0,0.5072639225181598,0.0,17.168465767713137,26.24593216464469,117985.0,0,0,0,11,DAVIS
750,110169,496.75,1438.5710631467755,0.3453079327992275,722.75,374.75,36.0,312.0,816.8061826450247,263.0,111.75,5.5,30.5,28.75,19.0,25.75,238.5,0.0,0.0,70.56022099759957,23.49596164742517,142343.0,0,0,0,11,DAVIS
751,110170,49.0,151.81559428922176,0.3227599920114319,1623.5,280.0,485.75,857.75,2061.455359117381,267.25,12.75,234.5,251.25,431.25,4.5,170.25,251.75,0.0,0.0,435.9552079653498,2.000151152030987,126801.0,0,0,0,11,DAVIS
752,110171,43.0,96.7463844017685,0.44446105418709553,2801.75,323.0,170.0,2308.75,2913.834510849597,192.5,130.5,59.75,110.25,200.0,98.0,906.25,1104.5,1.0093509259380595,0.0,109.0755215867476,1.9996383369111568,42073.0,0,0,0,11,DAVIS
753,110172,1.0,2.503288584704233,0.39947451768456466,0.0,0.0,0.0,0.0,12.646371922836096,0.0,0.0,0.0,0.0,0.0,0.0,0.0,0.0,12.618862396187293,0.0,0.0275095266488029,0.0,117985.0,0,0,0,11,DAVIS
754,110173,485.25,1717.3831311114095,0.2825519776044202,133.75,10.75,9.75,113.25,178.57455993612885,9.25,1.5,1.25,8.5,16.75,42.5,9.0,45.0,4.7937353060188,0.0,17.034983755631742,22.995840874478308,117985.0,0,0,0,11,DAVIS
755,110174,622.0,2008.979791981093,0.30960988382398513,0.0,0.0,0.0,0.0,50.88455319863986,0.0,0.0,0.0,0.0,0.0,0.0,0.0,0.0,3.028052777814179,0.0,18.361593558489435,29.49490686233625,142343.0,0,0,0,11,DAVIS
756,110175,458.5,1402.5662224834234,0.32690078561008473,974.5,42.5,119.75,812.25,1042.1766135029138,36.25,6.25,19.25,100.5,36.75,110.0,129.25,536.25,0.0,0.0,45.930380673715824,21.74623282919802,126801.0,0,0,0,11,DAVIS
757,110176,935.25,1784.7847508836508,0.5240127693476514,316.5,86.75,17.0,212.75,428.4172381629294,26.5,60.25,3.75,13.25,25.0,12.75,60.0,115.0,0.0,0.0,67.92543605635501,43.99180210657435,65523.0,0,0,0,11,DAVIS
758,110177,1033.75,2094.5062321542737,0.4935530790647262,944.0,39.0,28.25,876.75,1093.873438208883,28.5,10.5,8.0,20.25,80.5,291.5,86.5,418.25,0.0,0.0,101.13217826906624,48.74125993981696,64608.0,1332,0,0,11,DAVIS
759,110178,291.0,1012.2066721421072,0.28749069533810134,14.5,0.5,2.75,11.25,95.98377659298062,0.5,0.0,1.25,1.5,10.25,0.0,0.0,1.0,7.569976405478011,0.0,60.41621129660027,13.497588890902346,118349.0,0,0,0,11,DAVIS
760,110179,628.5,1920.2000591830897,0.3273096451561316,205.25,2.5,3.25,199.5,282.6126617947921,2.25,0.25,0.75,2.5,14.0,118.5,6.75,60.25,19.17766759282313,0.0,28.44020802512631,29.74478617684265,96452.0,601,1057,0,11,DAVIS
761,110180,361.0,1076.3705397999188,0.33538636245758313,1334.75,14.5,14.25,1306.0,1409.674530027496,10.75,3.75,5.25,9.0,46.75,970.0,87.75,201.5,3.028052777814179,0.0,54.89955138593733,16.996925863744835,85057.0,5,29,2765,11,DAVIS
762,110181,426.25,1421.0505287567694,0.2999541475649794,395.5,6.5,8.5,380.5,447.1371164426484,4.75,1.75,2.0,6.5,34.25,218.25,16.75,111.25,4.037403703752238,0.0,27.35354049295981,20.24617224593628,141418.0,1239,946,0,11,DAVIS
763,110182,407.75,1378.3124322461267,0.29583278105931476,0.0,0.0,0.0,0.0,32.22133145872532,0.0,0.0,0.0,0.0,0.0,0.0,0.0,0.0,1.0093509259380595,0.0,11.965325741480218,19.24665479130704,126801.0,0,0,0,11,DAVIS
764,110183,1374.25,3434.1255656246503,0.4001746510832753,146.75,5.75,10.25,130.75,318.8415813171332,5.0,0.75,1.5,8.75,18.75,69.5,6.25,36.25,1.009963563525642,0.0,106.34328132267896,64.7383364309286,105493.0,604,0,0,11,DAVIS
765,110184,349.5,1181.0046869614507,0.29593447329934947,240.0,5.75,50.0,184.25,276.9652589212588,4.75,1.0,5.25,44.75,14.0,71.75,11.5,87.0,1.0093509259380595,0.0,19.458921832555724,16.49698616276501,126765.0,890,0,0,11,DAVIS
766,110185,216.25,456.58234249798886,0.47362760201562665,66.5,0.75,40.75,25.0,90.57663395749134,0.75,0.0,0.5,40.25,3.5,1.5,7.5,12.5,6.056105555628358,0.0,7.772366768515452,10.248161633347529,101962.0,0,0,0,11,DAVIS
767,110186,474.0,1134.3302473950891,0.41786772510784065,134.75,42.5,9.25,83.0,202.4948749123405,42.0,0.5,1.25,8.0,13.0,0.75,10.0,59.25,2.5253531368066966,0.0,42.9733792746824,22.24614250085139,97322.0,0,0,0,11,DAVIS
768,110187,594.5,1460.7721028527735,0.40697655632866214,19.0,0.25,10.75,8.0,85.12103665308746,0.25,0.0,10.75,0.0,1.75,0.0,3.0,3.25,0.0,0.0,38.12628100829829,27.99475564478917,113253.0,0,0,0,11,DAVIS
769,110188,623.25,1415.106668112726,0.44042616294869474,427.75,24.0,11.25,392.5,490.16923888320594,6.5,17.5,2.0,9.25,8.25,2.5,7.25,374.5,0.0,0.0,32.9243320208697,29.49490686233625,70939.0,0,0,0,11,DAVIS
770,110189,739.0,1863.455742556443,0.3965750208728749,119.75,0.75,7.75,111.25,205.8836870193001,0.75,0.0,7.5,0.25,17.5,81.25,2.75,9.75,0.0,0.0,51.14040847146657,34.99327854783357,101843.0,0,0,0,11,DAVIS
771,110190,544.25,1512.7417752526096,0.35977719985231243,1950.5,171.5,95.75,1683.25,2058.1191636027806,143.5,28.0,16.0,79.75,224.0,52.0,312.25,1095.0,0.0,0.0,81.87392560940899,25.74523799337161,96104.0,0,0,0,11,DAVIS
772,110191,395.5,1085.516321323568,0.3643427484515088,9.0,2.5,0.75,5.75,62.384235777983065,2.0,0.5,0.25,0.5,0.25,0.25,0.25,5.0,0.0,0.0,34.88733976865817,18.49689600932489,130258.0,0,0,0,11,DAVIS
773,110192,480.5,1331.3539447102544,0.36091078702934426,15.75,3.25,0.25,12.25,86.40280437213165,3.25,0.0,0.25,0.0,0.0,2.0,6.5,3.75,0.0,0.0,48.406993789284215,22.24581058284744,124352.0,0,0,0,11,DAVIS
774,110193,265.25,771.8576274378194,0.3436514592470857,1159.25,256.0,52.5,850.75,1212.446766742533,206.25,49.75,5.75,46.75,77.5,23.75,203.75,545.75,1.0093509259380595,0.0,39.93970648062197,12.247709335973338,132619.0,0,0,0,11,DAVIS
775,110194,5935.5,12447.817719146771,0.4768305685317222,1699.75,422.75,62.0,1215.0,2428.290455668209,182.5,240.25,22.0,40.0,134.75,105.75,257.75,716.75,3.281373660958386,0.0,445.3150550977821,279.9440269094683,101962.0,0,0,0,11,DAVIS
776,110195,917.5,1929.0305921945987,0.4756275010424736,271.0,26.25,3.75,241.0,361.4367661518928,26.0,0.25,0.75,3.0,34.5,36.0,56.5,114.0,0.0,0.0,47.44454190830295,42.992224243589874,101962.0,0,0,0,11,DAVIS
777,110196,1276.5,2670.0051732307197,0.47808896132415674,1144.0,207.5,83.0,853.5,1276.3076671456065,119.0,88.5,30.25,52.75,76.25,83.75,188.5,505.0,0.0,0.0,72.3186374835273,59.98902966207906,124658.0,675,0,0,11,DAVIS
778,110197,917.0,3381.4579232165884,0.27118480277516216,29.25,3.5,7.75,18.0,102.0024542510588,2.75,0.75,5.25,2.5,1.75,0.75,2.5,13.0,1.7672012516360232,0.0,27.74245537938849,43.242797620034295,101962.0,0,0,0,11,DAVIS
779,110198,398.5,1016.9208779046544,0.39186922862779794,10.75,0.0,0.5,10.25,74.9997851539648,0.0,0.0,0.0,0.5,8.75,0.25,0.0,1.25,0.0,0.0,45.50316069792293,18.746624456041864,123921.0,0,0,0,11,DAVIS
780,110199,378.75,1072.329118251742,0.35320312910787144,4295.25,1989.5,108.0,2197.75,4441.831051343629,1375.5,614.0,23.75,84.25,125.75,89.75,573.75,1408.5,0.0,0.0,128.58430631142932,17.996745032200415,101962.0,0,0,0,11,DAVIS
781,110200,20.75,51.00683608136689,0.40680821619477203,2375.5,17.75,6.75,2351.0,2444.42744929771,16.5,1.25,5.25,1.5,18.5,39.0,11.25,2282.25,1.0093509259380595,0.0,66.91827920331656,0.9998191684555784,124658.0,0,0,0,11,DAVIS
782,110201,487.0,1204.0722320393395,0.4044607848610271,52.0,1.25,15.75,35.0,130.31027947200772,1.0,0.25,14.5,1.25,1.75,5.25,1.75,26.25,0.2536319612590799,0.0,55.06089707395203,22.99575043679662,77668.0,0,0,0,11,DAVIS
783,110202,61.25,138.29437248277978,0.44289582359995716,99.5,8.5,7.75,83.25,124.58416861194534,7.75,0.75,1.5,6.25,4.25,8.25,3.0,67.75,17.916816066644977,0.0,4.417774354440035,2.749578190860339,101962.0,0,0,0,11,DAVIS
784,110203,394.25,1395.0584521266396,0.282604645990999,395.5,35.5,26.75,333.25,444.5131762461601,32.0,3.5,4.25,22.5,17.5,72.0,14.75,229.0,6.562756840558935,0.0,23.703704315273956,18.74671509032721,101962.0,525,0,0,11,DAVIS
785,110204,1516.75,3811.116760369175,0.39798045963122775,18.0,0.0,0.0,18.0,141.6708903512345,0.0,0.0,0.0,0.0,0.0,17.0,0.25,0.75,5.79337217984872,0.0,46.38534908956469,71.49216908182109,101962.0,835,0,0,11,DAVIS
786,110205,491.4999997980397,1320.9184304337828,0.3720895919641561,918.7499996224801,11.499999995274582,39.749999983666484,867.499999643539,1003.8458083551766,10.499999995685487,0.999999999589094,7.749999996815479,31.99999998685101,36.24999998510466,689.249999716783,24.99999998972735,116.999999951924,2.521703051320129,0.0,59.0792604612291,23.494845220147333,101962.0,321,139,1879,11,DAVIS
787,110206,479.9999999556886,1110.4408053771283,0.43226077214685105,2131.9999998031835,58.74999999457647,107.99999999002993,1965.2499998185772,2247.8459104688923,44.999999995845805,13.749999998730663,82.49999999238398,25.499999997645958,131.74999998783744,749.4999999308096,261.99999997581335,821.9999999241168,0.0,0.0,93.10016038398109,22.74575028172748,90151.0,524,1242,0,11,DAVIS
788,110207,239.0,602.6056127189407,0.3966109756622383,155.0,1.5,0.75,152.75,189.8494970649884,1.25,0.25,0.75,0.0,0.75,108.75,28.25,15.0,0.0,0.0,23.601697335152288,11.247799729836071,101682.0,0,0,0,11,DAVIS
789,110208,496.0,1213.068140223094,0.40888057608106104,3.0,0.0,0.25,2.75,45.22461540908549,0.0,0.0,0.25,0.0,0.0,2.0,0.5,0.25,0.0,0.0,18.978895220100775,23.245720188984706,92158.0,0,0,0,11,DAVIS
790,110209,384.5,978.8695514075362,0.3928000410750541,32.0,0.0,4.0,28.0,97.97540573464208,0.0,0.0,0.0,4.0,2.75,3.25,1.25,20.75,0.0,0.0,47.97869090661926,17.9967148280228,101784.0,0,0,0,11,DAVIS
791,110210,0.0,0.0,0.0,196.25,14.75,63.75,117.75,210.72757333550996,12.0,2.75,14.0,49.75,2.75,0.0,12.0,103.0,9.084158333442536,0.0,5.393415002067393,0.0,80062.0,0,0,0,11,DAVIS
792,110211,92.25,209.31460762947012,0.440724137912541,30.0,1.75,10.5,17.75,43.36149257325304,1.75,0.0,1.0,9.5,0.0,0.0,0.5,17.25,0.2530193236714976,0.0,9.109196575759226,3.999276673822314,80062.0,0,0,0,11,DAVIS
793,110212,856.0,2330.215427060116,0.3673480099992131,2.0,0.0,0.0,2.0,79.60114658879172,0.0,0.0,0.0,0.0,0.0,0.0,2.0,0.0,1.0093509259380595,0.0,36.34758061088471,40.24421505196896,110490.0,0,0,0,11,DAVIS
794,110213,270.5,822.4877805364985,0.3288802659457825,208.5,10.5,62.5,135.5,331.61382428035984,5.5,5.0,40.75,21.75,9.0,27.75,4.75,94.0,53.76533776371564,0.0,56.60264741294673,12.745839103697454,80062.0,0,0,0,11,DAVIS
795,110214,469.25,1412.9324006392144,0.332110722202782,45.75,0.5,0.75,44.5,91.43362297696282,0.25,0.25,0.5,0.25,0.0,40.75,0.5,3.25,2.018701851876119,0.0,21.41883903259056,22.24608209249616,123864.0,504,0,0,11,DAVIS
796,110215,356.75,982.687892739815,0.36303489911262826,0.0,0.0,0.0,0.0,33.33954981115901,0.0,0.0,0.0,0.0,0.0,0.0,0.0,0.0,2.018701851876119,0.0,14.323650585889332,16.997197373393558,110490.0,0,0,0,11,DAVIS
797,110216,447.75,985.364801881144,0.4544002375010836,0.0,0.0,0.0,0.0,35.81181235076204,0.0,0.0,0.0,0.0,0.0,0.0,0.0,0.0,0.0,0.0,14.81560981319489,20.99620253756715,107834.0,0,0,0,11,DAVIS
798,110217,428.25,957.0287469424488,0.447478721374033,58.0,1.0,0.25,56.75,100.6211147371359,1.0,0.0,0.25,0.0,0.0,51.25,1.0,4.5,0.0,0.0,22.624731368024324,19.996383369111573,107112.0,669,0,0,11,DAVIS
799,110218,571.0,1430.295838431074,0.3992181090496241,35.25,10.0,3.75,21.5,88.16967328680555,9.75,0.25,2.0,1.75,0.75,2.0,3.25,15.5,0.0,0.0,25.924887656508872,26.994785630296672,90058.0,0,0,0,11,DAVIS
800,110219,0.0,0.0,0.0,9.75,0.0,0.25,9.5,16.074029242350782,0.0,0.0,0.25,0.0,1.0,1.75,0.25,6.5,6.056105555628358,0.0,0.2679236867224238,0.0,80062.0,0,0,0,11,DAVIS
801,110220,115.75,335.61537878698056,0.3448888439449851,636.75,76.25,348.25,212.25,667.4600740041708,59.0,17.25,189.0,159.25,54.75,15.5,9.25,132.75,0.0,0.0,24.960947870262,5.749126133908764,80062.0,0,0,0,11,DAVIS
802,110221,313.75,700.6323276653119,0.44780976784998794,1177.0,201.25,17.5,958.25,1237.8924761133292,36.5,164.75,4.25,13.25,195.0,19.0,151.25,593.0,0.0,0.0,46.145429848332256,14.74704626499687,77766.0,0,0,0,11,DAVIS
803,110222,745.5,1681.8494953422396,0.4432620172403109,309.25,179.0,9.75,120.5,379.69205081173095,121.75,57.25,7.0,2.75,12.5,4.5,10.5,93.0,0.0,0.0,35.199315479927805,35.24273533180316,77766.0,0,0,0,11,DAVIS
804,110223,282.25,608.8462942337131,0.4635816998036205,0.0,0.0,0.0,0.0,28.516263556913096,0.0,0.0,0.0,0.0,0.0,0.0,0.0,0.0,0.0,0.0,15.268553980517144,13.247709576395952,77766.0,0,0,0,11,DAVIS
805,110224,806.0,2180.9522255377697,0.36956334511236716,0.0,0.0,0.0,0.0,89.65330527276821,0.0,0.0,0.0,0.0,0.0,0.0,0.0,0.0,0.0,0.0,51.659965595311576,37.99333967745663,102651.0,0,0,0,11,DAVIS
806,110225,864.0,2302.658213006352,0.37521851706856707,1765.5,192.75,218.0,1354.75,1896.3405384763128,144.0,48.75,151.25,66.75,355.75,27.0,142.5,829.5,1.0093509259380595,0.0,89.0886922343471,40.74249531602768,80062.0,0,0,0,11,DAVIS
807,110226,500.75,1361.8606344813516,0.3676954802285659,2292.75,794.25,120.25,1378.25,2578.627576668836,633.5,160.75,39.75,80.5,173.5,96.0,122.0,986.75,0.0,0.0,262.38185556221964,23.495721106616184,55206.0,0,0,0,11,DAVIS
808,110227,802.25,2002.0637473442227,0.40071151633618085,1510.0,709.25,66.0,734.75,1622.9102448104315,513.75,195.5,20.25,45.75,65.5,55.0,102.0,512.25,0.0,0.0,75.16729743745225,37.74294737297925,55206.0,0,0,0,11,DAVIS
809,110228,409.5,1026.9704697778488,0.3987456426946549,365.25,60.25,21.25,283.75,416.8383058290966,34.75,25.5,3.5,17.75,28.0,92.25,52.0,111.5,0.0,0.0,32.09186216096489,19.496443668131747,55206.0,385,0,0,11,DAVIS
810,110229,327.25,720.9212233600203,0.4539330919885748,655.5,180.75,60.0,414.75,699.9708078419599,150.5,30.25,13.0,47.0,45.5,45.75,30.75,292.75,0.0,0.0,28.97367105182812,15.497136790131815,70467.0,0,0,0,11,DAVIS
811,110230,456.25,975.445252554712,0.46773511768607356,0.0,0.0,0.0,0.0,33.793770151636096,0.0,0.0,0.0,0.0,0.0,0.0,0.0,0.0,0.0,0.0,12.547778737244233,21.24599141439186,70467.0,0,0,0,11,DAVIS
812,110231,310.5,670.9142797135543,0.4628012987479823,124.0,3.5,2.5,118.0,155.19767010737647,2.25,1.25,2.0,0.5,0.25,107.75,1.5,8.5,0.0,0.0,16.700231843840918,14.49743826353554,70467.0,409,1011,0,11,DAVIS
813,110232,79.0,227.64255848798825,0.34703528428392927,21.75,0.0,1.0,20.75,39.78939674967707,0.0,0.0,0.0,1.0,0.75,1.75,1.0,17.25,1.2605499667054456,0.0,13.029540057941048,3.749306725030573,80062.0,0,0,0,11,DAVIS
814,110233,243.5,591.3259535915234,0.41178642425731427,13.0,0.25,3.75,9.0,33.81920938277513,0.0,0.25,3.75,0.0,0.0,0.0,9.0,0.0,1.7656825282046216,0.0,7.555365024434669,11.49816183013584,80062.0,0,0,0,11,DAVIS
815,110234,456.0,1093.210266844504,0.41712012211175153,5.75,1.25,2.5,2.0,43.198823699297584,0.25,1.0,1.0,1.5,0.0,0.25,0.0,1.75,0.0,0.0,15.952651256572992,21.496172442724596,80062.0,0,0,0,11,DAVIS
816,110235,2.0,4.2549328770563495,0.4700426676022305,109.0,0.5,53.75,54.75,113.0629083839552,0.5,0.0,1.25,52.5,2.0,1.0,1.5,50.25,1.0093509259380595,0.0,3.053557458017135,0.0,86612.0,0,0,0,11,DAVIS
817,110236,113.5,270.5994673121145,0.41943911097610176,100.25,22.5,11.25,66.5,132.2515928030476,13.25,9.25,2.0,9.25,7.25,8.0,5.0,46.25,13.374581360866271,0.0,13.127945694746003,5.499065747435334,86612.0,0,0,0,11,DAVIS
818,110237,422.75,1169.319020334797,0.3615352120749384,26.0,0.75,3.25,22.0,62.33973115678944,0.0,0.75,0.25,3.0,0.0,0.0,0.0,22.0,0.0,0.0,16.5934081741513,19.74632298263814,98096.0,0,0,0,11,DAVIS
819,110238,531.25,1474.200290242129,0.36036487274924167,153.75,4.25,3.75,145.75,203.3411054445719,2.75,1.5,2.75,1.0,11.0,89.5,6.0,39.25,0.0,0.0,24.345445204849703,25.2456602397222,98096.0,663,0,0,11,DAVIS
820,110239,18.0,48.63053197306255,0.370137838713559,32.0,20.75,6.75,4.5,43.20736024823064,1.0,19.75,2.0,4.75,0.0,0.0,0.5,4.0,9.084158333442536,0.0,1.3734431328059429,0.7497587819821485,86612.0,0,0,0,11,DAVIS
821,110240,244.5,634.9629089903956,0.3850618619420781,459.5,163.5,61.75,234.25,494.9608375410287,118.25,45.25,26.5,35.25,26.5,35.25,38.0,134.5,4.037403703752238,0.0,19.92542267832638,11.498011158950074,86612.0,0,0,0,11,DAVIS
822,110241,81.75,195.2471487962655,0.4187000962831148,127.75,81.5,11.5,34.75,151.50180862492738,5.0,76.5,1.75,9.75,4.75,0.0,1.75,28.25,0.0,9.984,10.018622541756088,3.749186083171269,86612.0,0,0,0,11,DAVIS
823,110242,106.75,251.0655930941616,0.425187691727889,198.25,70.5,17.5,110.25,211.64144416230184,20.0,50.5,7.75,9.75,29.0,4.25,15.5,61.5,0.0,0.0,8.392348320023963,4.999095842277892,86612.0,0,0,0,11,DAVIS
824,110243,0.0,0.0,0.0,3083.75,1445.25,177.75,1460.75,3168.593877964366,1040.25,405.0,71.75,106.0,180.0,137.25,129.0,1014.5,0.0,0.0,84.84387796436617,0.0,65803.0,0,0,0,11,DAVIS
825,110244,862.5,1888.493833070197,0.45671316733812184,1850.0,350.0,121.25,1378.75,1970.2961674747169,231.25,118.75,58.0,63.25,167.25,191.0,245.5,775.0,0.0,0.0,79.55321940222228,40.742948072494585,65836.0,432,0,0,11,DAVIS
826,110245,839.4999996853213,1921.2905957361902,0.43694587458470646,1947.2499992700916,132.49999995033363,46.749999982476204,1767.999999337282,2070.704243201929,86.49999996757629,45.99999998275733,18.999999992878028,27.749999989598173,157.2499999410563,265.4999999004798,444.24999983347703,900.9999996622686,0.0,0.0,83.71183930881107,39.74240462302631,64732.0,0,641,1455,11,DAVIS
827,110246,706.25,1862.0775883808924,0.3792806510356511,1554.0,295.0,95.5,1163.5,1666.6798338703998,204.75,90.25,30.0,65.5,92.5,172.5,136.25,762.25,0.0,0.0,79.43604263871862,33.243791231681186,56288.0,420,0,0,11,DAVIS
828,110247,781.25,2064.5046243776,0.378420077521274,4.25,1.0,0.25,3.0,68.38210128920923,1.0,0.0,0.25,0.0,0.0,0.25,0.25,2.5,0.2511990407673861,0.0,26.88789492601543,36.993007322426415,86966.0,0,0,0,11,DAVIS
829,110248,433.0,1172.451696925832,0.36931158966746847,0.0,0.0,0.0,0.0,42.41540484543466,0.0,0.0,0.0,0.0,0.0,0.0,0.0,0.0,0.0,0.0,21.91878006151692,20.49662478391774,98520.0,0,0,0,11,DAVIS
830,110249,847.25,2212.775651540521,0.3828901494872062,1660.5,506.25,82.75,1071.5,1830.2632200300952,321.0,185.25,28.25,54.5,201.0,107.75,159.0,603.75,0.0,0.0,129.7709963111694,39.9922237189257,54513.0,0,0,0,11,DAVIS
831,110250,874.75,2381.991624333164,0.3672347085791644,1443.0,254.0,90.5,1098.5,1638.1200041536472,176.25,77.75,37.0,53.5,120.5,267.25,192.0,518.75,0.0,26.624,127.50344845114614,40.99255570250111,56066.0,0,0,0,11,DAVIS
832,110251,1032.7499877953262,2859.807156394992,0.36112574426073796,1489.7499823946619,191.74999773396638,92.24999890982215,1205.7499857508733,1687.9879485203903,165.99999803827077,25.749999695695617,43.4999994859324,48.74999942388976,101.24999880346334,58.24999931162212,540.7499936096079,505.49999402617993,0.0,0.0,149.49688783388336,48.741078291845106,56292.0,0,0,0,11,DAVIS
833,110252,698.0000167834689,1936.7029045565596,0.3604063458268462,2624.7500631123353,188.5000045324984,65.50000157495303,2370.7500570048837,2762.7215882385553,177.75000427401375,10.750000258484658,29.000000697307446,36.50000087764558,195.25000469480273,123.75000297557919,1292.750031084283,759.000018250219,0.0,0.0,104.97637496298401,32.99515016323621,55977.0,0,0,0,11,DAVIS
834,110253,370.25,962.743855890266,0.3845778892638306,61.75,0.5,0.75,60.5,95.12955141182864,0.5,0.0,0.75,0.0,0.5,55.75,1.0,3.25,0.0,0.0,15.882655642926368,17.496895768902277,98019.0,503,0,0,11,DAVIS
835,110254,595.25,1837.8900378977823,0.3238768303466401,97.75,2.0,7.0,88.75,150.79831145420516,1.0,1.0,1.0,6.0,16.75,47.25,5.0,19.75,0.0,0.0,24.55379698379956,28.494514470405612,109178.0,476,0,0,11,DAVIS
836,110255,301.0,723.0289984695016,0.41630418785021467,1373.5,630.0,105.5,638.0,1448.905384842872,215.0,415.0,20.5,85.0,80.75,72.5,69.75,415.0,0.0,0.0,61.407976717998,13.997408124874024,64364.0,0,0,0,11,DAVIS
837,110256,682.5,1636.5372874108689,0.4170390771112639,1252.75,412.0,68.0,772.75,1430.043041808274,348.75,63.25,28.0,40.0,62.0,65.75,178.25,466.75,0.0,0.0,145.04888889143746,32.244152916836484,52737.0,0,0,0,11,DAVIS
838,110257,606.5000090350727,1318.3320430499168,0.46005102601614334,481.500007172939,37.25000055491584,19.500000290492856,424.7500063275303,556.1964819903579,27.000000402220877,10.250000152694962,7.7500001154522895,11.750000175040567,48.25000071878361,181.25000270009386,61.75000091989405,133.50000198875878,0.0,0.0,45.951447147310994,28.745027670107813,49784.0,0,690,0,11,DAVIS
839,110258,338.7499759196889,647.8715932181868,0.5228659189037888,123.99999118536213,1.4999998933713161,0.0,122.49999129199081,167.4885388004155,1.4999998933713161,0.0,0.0,0.0,0.4999999644571054,115.24999180736279,1.2499999111427633,5.499999609028159,0.0,0.0,27.491351619255823,15.99719599579756,116123.0,0,0,1440,11,DAVIS
840,110259,478.0,1235.654767918048,0.3868394412505535,196.75,21.0,21.25,154.5,238.80812834292163,20.0,1.0,3.75,17.5,16.0,52.0,28.75,57.75,0.0,0.0,19.562438445567807,22.49568989735383,67763.0,526,0,0,11,DAVIS
841,110260,377.25,989.469121127508,0.3812650561243595,114.75,38.25,1.25,75.25,150.5386998759074,38.25,0.0,0.75,0.5,2.0,62.0,1.25,10.0,0.0,0.0,18.0417437205317,17.746956155375706,96735.0,482,0,0,11,DAVIS
842,110261,539.75,1302.2956627743135,0.41446041435026887,22.5,3.0,4.0,15.5,70.21295138619743,0.0,3.0,4.0,0.0,5.0,0.0,5.0,5.5,0.0,0.0,22.467411788334545,25.24553959786289,126876.0,0,0,0,11,DAVIS
843,110262,187.5,483.4486132886168,0.38783853101687,0.0,0.0,0.0,0.0,19.897514942044,0.0,0.0,0.0,0.0,0.0,0.0,0.0,0.0,0.0,0.0,11.149293250098912,8.748221691945087,130534.0,0,0,0,11,DAVIS
844,110263,548.5,1147.762323398645,0.4778863958313545,775.5,250.75,38.75,486.0,840.4713779647867,176.75,74.0,11.25,27.5,19.75,94.0,96.25,276.0,0.0,0.0,39.22523463333243,25.74614333145428,70250.0,0,1060,0,11,DAVIS
845,110264,398.0,960.2341411913798,0.4144822423270581,980.0,87.25,34.25,858.5,1061.414668455692,81.5,5.75,13.5,20.75,111.0,40.75,374.25,332.5,0.0,0.0,62.66771205989365,18.74695639579832,70250.0,0,0,0,11,DAVIS
846,110265,458.0,1073.0480383039758,0.4268215249001337,301.0,136.75,44.25,120.0,388.31719411776186,118.0,18.75,6.5,37.75,9.75,14.0,10.25,86.0,1.0093509259380595,0.0,64.81145964780572,21.496383544018087,61472.0,0,0,0,11,DAVIS
847,110266,565.0,1598.130722747549,0.3535380378825563,782.0,198.0,65.75,518.25,846.5416020666241,171.25,26.75,21.25,44.5,55.25,46.0,45.0,372.0,0.0,0.0,38.04645442348102,26.495147643143177,75541.0,0,0,0,11,DAVIS
848,110267,960.0,2489.407085642168,0.3856339951536525,0.0,0.0,0.0,0.0,72.15126310519295,0.0,0.0,0.0,0.0,0.0,0.0,0.0,0.0,0.0,0.0,27.159400524691915,44.99186258050104,98234.0,0,0,0,11,DAVIS
849,110268,252.50000000000068,672.8928101645931,0.3752455014911481,84.75000000000023,2.0000000000000053,0.750000000000002,82.00000000000021,108.04824119232771,1.500000000000004,0.5000000000000013,0.750000000000002,0.0,0.0,77.2500000000002,1.0000000000000027,3.7500000000000098,0.0,0.0,11.300109653637838,11.998131538689655,114098.0,0,1130,0,11,DAVIS
850,110269,370.0,1030.8755253956888,0.358918211641488,78.0,3.0,2.0,73.0,122.82403265842868,2.5,0.5,1.25,0.75,1.0,64.75,2.0,5.25,0.0,0.0,27.327227327208107,17.496805331220585,82709.0,493,0,0,11,DAVIS
851,110270,209.0,582.1911314071217,0.358988635733525,3.0,0.0,0.0,3.0,19.57900713596409,0.0,0.0,0.0,0.0,0.0,0.0,3.0,0.0,0.0,0.0,6.580815451408309,9.998191684555785,78307.0,0,0,0,11,DAVIS
852,110271,523.25,1437.2510395680763,0.3640630520310825,168.75,3.0,5.25,160.5,215.0346485449881,3.0,0.0,2.5,2.75,14.0,72.5,5.25,68.75,0.0,0.0,21.539259924249684,24.74538862073842,90295.0,723,0,0,11,DAVIS
853,110272,564.0,1494.7651524347875,0.37731679727836426,0.0,0.0,0.0,0.0,43.85448803921504,0.0,0.0,0.0,0.0,0.0,0.0,0.0,0.0,0.0,0.0,17.358827755803187,26.49566028341185,130534.0,0,0,0,11,DAVIS
854,110273,311.25,690.2666160942426,0.45091272378368186,120.5,22.75,5.5,92.25,147.62055990832744,20.75,2.0,2.5,3.0,38.25,5.75,7.5,40.75,0.0,0.0,12.123272381493768,14.997287526833675,57827.0,0,0,0,11,DAVIS
855,110274,392.0,942.5690645600092,0.4158846441485807,629.25,265.75,40.5,323.0,761.203784133998,170.75,95.0,24.75,15.75,31.0,24.75,42.0,225.25,0.0,0.0,113.7074615011176,18.246322632880474,70250.0,0,0,0,11,DAVIS
856,110275,535.0,1330.2423712962686,0.4021823477767165,334.25,45.0,29.5,259.75,383.1570124917748,37.75,7.25,10.0,19.5,21.75,36.5,20.75,180.75,0.0,0.0,23.911533280385317,24.995479211389465,80298.0,0,0,0,11,DAVIS
857,110276,697.0,1941.1591851448304,0.3590638033881784,0.0,0.0,0.0,0.0,53.16959066464227,0.0,0.0,0.0,0.0,0.0,0.0,0.0,0.0,0.0,0.0,20.175558105608182,32.99403255903409,109542.0,0,0,0,11,DAVIS
858,110277,555.75,1664.2998038030578,0.3339242116895447,5.0,0.0,0.0,5.0,50.99237592460994,0.0,0.0,0.0,0.0,0.0,4.5,0.0,0.5,0.0,0.0,19.746051958159537,26.2463239664504,153361.0,0,0,0,11,DAVIS
859,110278,0.0,0.0,0.0,0.0,0.0,0.0,0.0,4.037403703752238,0.0,0.0,0.0,0.0,0.0,0.0,0.0,0.0,4.037403703752238,0.0,0.0,0.0,86612.0,0,0,0,11,DAVIS
860,110279,95.5,223.2793972902628,0.42771523552551594,1923.25,535.75,161.0,1226.5,2006.268342025928,462.75,73.0,130.25,30.75,210.0,146.25,295.25,575.0,3.028052777814179,0.0,75.2412537923095,4.749035455804463,86612.0,0,0,0,11,DAVIS
861,110280,946.5,2604.7675786537984,0.3633721518021858,839.5,286.0,92.5,461.0,1029.168526610914,241.75,44.25,64.25,28.25,47.25,76.75,83.0,254.0,2.0190034113488293,0.0,143.17253656330195,44.47698663626316,86612.0,0,0,0,11,DAVIS
862,110281,293.5,851.971043409246,0.34449527630132926,3530.75,1238.5,343.0,1949.25,3905.6418680237134,899.75,338.75,233.75,109.25,303.0,235.75,436.25,974.25,16.149614815008952,0.0,344.744784850327,13.9974683583781,91485.0,0,0,0,11,DAVIS
863,110282,260.5,734.6071629288136,0.35461129859040524,532.75,241.0,150.5,141.25,581.1740660800615,35.5,205.5,77.25,73.25,20.0,10.25,36.0,75.0,0.756331602266562,0.0,35.16978368338118,12.497950794413802,75093.0,0,0,0,11,DAVIS
864,110283,377.75,882.665143130994,0.42796524020427884,1082.25,144.25,405.75,532.25,1154.1725464964552,99.75,44.5,378.75,27.0,155.75,88.5,71.25,216.75,0.0,0.0,53.92580146425484,17.996745032200415,54577.0,561,0,0,11,DAVIS
865,110284,194.0,296.97505745204984,0.6532535145020508,3041.0,629.75,182.25,2229.0,3159.4826149257087,418.75,211.0,52.0,130.25,423.0,73.25,666.25,1066.5,0.0,0.0,109.48424240960868,8.998372516100208,44001.0,0,0,0,11,DAVIS
866,110285,601.0,1551.8300298254271,0.3872846822455223,478.25,51.75,320.0,106.5,535.9486311782962,13.75,38.0,191.0,129.0,9.5,1.25,4.75,91.0,0.0,0.0,29.70369446153997,27.9949367167562,86612.0,582,0,0,11,DAVIS
867,110286,3.0,9.76479863116905,0.3072259975156126,2266.0,811.0,725.5,729.5,2329.4314715343644,188.75,622.25,270.25,455.25,78.75,16.0,171.25,463.5,1.0093509259380595,0.0,62.42212060842599,0.0,91485.0,0,0,0,11,DAVIS
868,110287,820.0,2512.702946376967,0.32634179905043975,859.25,138.5,144.5,576.25,944.437537665656,36.5,102.0,41.75,102.75,55.0,174.0,28.75,318.5,0.0,0.0,46.19459009588845,38.992947569767566,91485.0,0,0,0,11,DAVIS
869,110288,14.0,39.18105084846457,0.3573155823243733,466.75,138.25,229.0,99.5,480.9782835445683,27.25,111.0,143.75,85.25,11.5,8.0,17.5,62.5,0.0,0.0,13.2284643761127,0.9998191684555784,75093.0,0,0,0,11,DAVIS
870,110289,323.75,910.0322982837828,0.35575660403543435,343.5,87.0,78.75,177.75,376.8428940517424,58.75,28.25,25.25,53.5,32.25,23.5,19.75,102.25,0.0,0.0,18.345606524908696,14.997287526833675,75093.0,0,0,0,11,DAVIS
871,110290,327.5,834.8571923820582,0.39228265982300503,476.25,152.75,37.5,286.0,522.3606008706885,89.25,63.5,15.25,22.25,31.25,76.75,24.5,153.5,0.0,0.0,30.613433876379005,15.49716699430943,66963.0,0,0,0,11,DAVIS
872,110291,111.75,190.303117982475,0.5872210670257703,1716.0,951.25,70.5,694.25,1782.8056295902502,693.75,257.5,40.0,30.5,104.25,143.5,108.25,338.25,0.0,0.0,61.306563842815066,5.499065747435334,44001.0,0,0,1512,11,DAVIS
873,110292,319.0,746.6832188916048,0.42722267211727555,83.0,29.25,5.75,48.0,109.05611723965248,21.0,8.25,1.25,4.5,2.25,1.0,2.5,42.25,0.0,0.0,11.058829712818811,14.997287526833675,64364.0,0,0,0,11,DAVIS
874,110293,1183.75,3057.974918104568,0.38710258641811446,97.25,12.5,9.0,75.75,188.4673435940044,5.0,7.5,2.75,6.25,8.0,1.75,6.0,60.0,0.0,0.0,35.22747016049198,55.9898734335124,85933.0,0,0,0,11,DAVIS
875,110294,0.0,0.0,0.0,0.0,0.0,0.0,0.0,0.0,0.0,0.0,0.0,0.0,0.0,0.0,0.0,0.0,0.0,0.0,0.0,0.0,86612.0,0,0,0,11,DAVIS
876,110295,1520.0,3979.951264463268,0.38191422432027833,3974.5,725.25,824.0,2425.25,4241.808035574945,606.0,119.25,378.75,445.25,286.0,794.25,284.5,1060.5,0.0,0.0,195.82072363747443,71.48731193747055,69182.0,1258,0,0,11,DAVIS
877,110296,0.0,0.0,0.0,2607.75,503.25,1289.0,815.5,2686.139577773739,428.5,74.75,557.75,731.25,109.75,105.25,78.25,522.25,0.0,6.656,71.73357777373877,0.0,69182.0,0,0,0,11,DAVIS
878,110297,0.0,0.0,0.0,1289.25,53.5,1096.75,139.0,1324.721965282058,9.0,44.5,129.0,967.75,4.25,3.5,8.5,122.75,0.0,0.0,35.47196528205807,0.0,69182.0,0,0,0,11,DAVIS
879,110298,138.0,253.75322102222592,0.5438354612567174,1101.25,138.0,614.25,349.0,1275.4585256716846,67.75,70.25,408.0,206.25,29.25,51.0,25.5,243.25,0.0,133.12,34.08979149249564,6.99873417918905,69182.0,0,0,0,11,DAVIS
880,110299,459.75,858.68885167956,0.5354093034988727,1225.25,411.75,89.5,724.0,1298.355632729474,255.75,156.0,52.25,37.25,103.75,41.25,98.0,481.0,0.0,0.0,51.35936969609845,21.74626303337564,69182.0,0,0,0,11,DAVIS
881,110300,0.0,0.0,0.0,2214.0,225.75,927.0,1061.25,2274.9001131925493,166.75,59.0,598.0,329.0,78.5,15.25,17.0,950.5,0.0,0.0,60.90011319254906,0.0,69182.0,0,0,0,11,DAVIS
882,110301,0.0,0.0,0.0,604.75,14.0,327.25,263.5,621.3856537443477,7.0,7.0,183.5,143.75,6.75,8.5,2.25,246.0,0.0,0.0,16.635653744347707,0.0,69182.0,0,0,0,11,DAVIS
883,110302,649.25,1741.7673668569016,0.3727535676429632,376.75,107.75,29.75,239.25,450.7226726717086,83.75,24.0,12.5,17.25,48.5,19.0,33.0,138.75,0.0,0.0,43.4779466409168,30.49472603079183,58205.0,0,0,0,11,DAVIS
884,110303,666.75,1533.0030020980876,0.43493065511775086,196.75,19.75,16.25,160.75,276.26671317560044,18.25,1.5,15.0,1.25,34.5,79.25,7.5,39.5,0.0,0.0,48.02340525419215,31.49330792140829,46701.0,727,0,0,11,DAVIS
885,110304,235.0,524.7611486836712,0.44782278678496307,344.0,59.5,24.5,260.0,376.4218316451006,57.25,2.25,10.5,14.0,16.5,76.75,20.75,146.0,0.0,0.0,21.42382079208923,10.998010853011364,46701.0,470,0,0,11,DAVIS
886,110305,402.25,1009.5787154872352,0.39843351868394844,6.0,0.0,0.25,5.75,36.22949268580038,0.0,0.0,0.25,0.0,3.25,0.25,0.0,2.25,0.0,0.0,11.232928485144388,18.996564200655992,106785.0,0,0,0,11,DAVIS
887,110306,339.25,843.7923403761996,0.4020538985323658,0.0,0.0,0.0,0.0,25.329255612135817,0.0,0.0,0.0,0.0,0.0,0.0,0.0,0.0,0.0,0.0,9.332148916846563,15.997106695289256,152415.0,0,0,0,11,DAVIS
888,110307,0.0,0.0,0.0,797.25,102.5,231.5,463.25,819.1839520691597,82.0,20.5,118.25,113.25,96.0,113.5,42.0,211.75,0.0,0.0,21.93395206915964,0.0,69182.0,812,305,0,11,DAVIS
889,110308,0.0,0.0,0.0,247.75,6.0,235.75,6.0,254.5675994254134,2.0,4.0,7.75,228.0,1.75,0.0,0.75,3.5,0.0,0.0,6.817599425413404,0.0,69182.0,0,0,0,11,DAVIS
890,110309,0.0,0.0,0.0,732.0,71.75,505.25,155.0,752.1349760033362,65.75,6.0,348.5,156.75,3.5,0.75,3.25,147.5,0.0,0.0,20.134976003336156,0.0,69182.0,0,0,0,11,DAVIS
891,110310,692.75,1509.5955318466906,0.4588977546538958,340.5,76.25,19.25,245.0,414.20050649143,64.25,12.0,10.5,8.75,15.25,82.75,17.75,129.25,0.0,0.0,40.95593069461303,32.74457579681699,59059.0,0,0,0,11,DAVIS
892,110311,703.0,1583.3673988720543,0.44399044751129596,81.0,1.75,2.75,76.5,138.79251366360353,1.75,0.0,0.5,2.25,25.25,2.25,1.75,47.25,0.0,0.0,24.548601790063056,33.24391187354048,128611.0,0,0,0,11,DAVIS
893,110312,0.0,0.0,0.0,1067.75,150.5,535.0,382.25,1097.1266302526344,108.0,42.5,424.5,110.5,64.0,50.0,54.5,213.75,0.0,0.0,29.37663025263433,0.0,69182.0,0,0,0,11,DAVIS
894,110313,1052.25,2613.60438090125,0.40260492662518127,49.75,11.75,5.0,33.0,228.0679153551924,11.75,0.0,3.75,1.25,0.75,0.25,1.25,30.75,0.0,96.512,31.814956932413462,49.99095842277893,98984.0,0,0,0,11,DAVIS
895,110314,300.25,754.8181695897589,0.3977779180424139,69.0,6.0,4.5,58.5,95.4100412568224,5.75,0.25,3.75,0.75,1.0,1.0,1.25,55.25,0.0,0.0,12.412482460762616,13.997558796059788,153599.0,0,0,0,11,DAVIS
896,110315,357.75,1064.4516569791435,0.33608853690479024,87.0,1.0,0.25,85.75,155.20254241509053,0.5,0.5,0.25,0.0,12.5,0.25,1.25,71.75,0.0,0.0,51.20606893635781,16.996473478732735,153518.0,0,0,0,11,DAVIS
897,110316,0.0,0.0,0.0,0.0,0.0,0.0,0.0,0.0,0.0,0.0,0.0,0.0,0.0,0.0,0.0,0.0,0.0,0.0,0.0,0.0,65562.0,0,0,0,11,DAVIS
898,110317,0.0,0.0,0.0,0.0,0.0,0.0,0.0,5.046754629648323,0.0,0.0,0.0,0.0,0.0,0.0,0.0,0.0,5.046754629648323,0.0,0.0,0.0,91175.0,0,0,0,11,DAVIS
899,110318,0.0,0.0,0.0,0.0,0.0,0.0,0.0,20.187018518761192,0.0,0.0,0.0,0.0,0.0,0.0,0.0,0.0,20.187018518761192,0.0,0.0,0.0,77899.0,0,0,0,11,DAVIS
900,110319,0.0,0.0,0.0,5.0,0.0,0.0,5.0,5.0,0.0,0.0,0.0,0.0,0.0,5.0,0.0,0.0,0.0,0.0,0.0,0.0,77899.0,0,0,0,11,DAVIS
901,110320,0.0,0.0,0.0,0.0,0.0,0.0,0.0,0.0,0.0,0.0,0.0,0.0,0.0,0.0,0.0,0.0,0.0,0.0,0.0,0.0,101962.0,0,0,0,11,DAVIS
902,110321,0.0,0.0,0.0,0.0,0.0,0.0,0.0,0.0,0.0,0.0,0.0,0.0,0.0,0.0,0.0,0.0,0.0,0.0,0.0,0.0,86612.0,0,0,0,11,DAVIS
903,110322,6.999999990979051,17.335009980542694,0.403807093208256,0.0,0.0,0.0,0.0,0.19256668629345905,0.0,0.0,0.0,0.0,0.0,0.0,0.0,0.0,0.0,0.0,0.19256668629345905,0.0,92898.0,0,0,0,11,DAVIS
904,110323,15.0,37.54932877056349,0.3994745176845647,0.0,0.0,0.0,0.0,1.4124620681876237,0.0,0.0,0.0,0.0,0.0,0.0,0.0,0.0,0.0,0.0,0.4126428997320452,0.9998191684555784,91692.0,0,0,0,11,DAVIS
905,110324,1.0,4.006366569218307,0.24960272174872722,0.0,0.0,0.0,0.0,0.0275095266488029,0.0,0.0,0.0,0.0,0.0,0.0,0.0,0.0,0.0,0.0,0.0275095266488029,0.0,130534.0,0,0,0,11,DAVIS
906,350001,0.0,0.0,0.0,0.0,0.0,0.0,0.0,0.0,0.0,0.0,0.0,0.0,0.0,0.0,0.0,0.0,0.0,0.0,0.0,0.0,45129.0,0,0,0,35,SALT LAKE
907,350002,0.0,0.0,0.0,1102.25,27.25,646.25,428.75,1138.5648404921574,8.25,19.0,545.25,101.0,8.25,324.25,0.0,96.25,0.0,0.0,36.31484049215734,0.0,45129.0,0,0,0,35,SALT LAKE
908,350003,0.0,0.0,0.0,253.0,6.75,157.25,89.0,261.335503832415,0.0,6.75,157.25,0.0,0.0,89.0,0.0,0.0,0.0,0.0,8.335503832414963,0.0,45129.0,0,0,0,35,SALT LAKE
909,350004,0.0,0.0,0.0,89.0,3.25,55.5,30.25,91.93225233630407,0.0,3.25,55.5,0.0,0.0,30.25,0.0,0.0,0.0,0.0,2.9322523363040776,0.0,45129.0,0,0,0,35,SALT LAKE
910,350005,0.0,0.0,0.0,0.0,0.0,0.0,0.0,0.0,0.0,0.0,0.0,0.0,0.0,0.0,0.0,0.0,0.0,0.0,0.0,0.0,79063.0,0,0,0,35,SALT LAKE
911,350006,0.0,0.0,0.0,916.75,19.75,553.25,343.75,946.953562144228,0.0,19.75,553.25,0.0,0.0,343.75,0.0,0.0,0.0,0.0,30.20356214422801,0.0,79063.0,0,0,0,35,SALT LAKE
912,350007,0.0,0.0,0.0,0.0,0.0,0.0,0.0,0.0,0.0,0.0,0.0,0.0,0.0,0.0,0.0,0.0,0.0,0.0,0.0,0.0,79063.0,0,0,0,35,SALT LAKE
913,350008,0.0,0.0,0.0,0.0,0.0,0.0,0.0,0.0,0.0,0.0,0.0,0.0,0.0,0.0,0.0,0.0,0.0,0.0,0.0,0.0,79063.0,0,0,0,35,SALT LAKE
914,350009,0.0,0.0,0.0,13.0,0.0,12.75,0.25,13.42830652103318,0.0,0.0,12.75,0.0,0.0,0.0,0.0,0.25,0.0,0.0,0.4283065210331798,0.0,79063.0,0,0,0,35,SALT LAKE
915,350010,0.0,0.0,0.0,0.0,0.0,0.0,0.0,0.0,0.0,0.0,0.0,0.0,0.0,0.0,0.0,0.0,0.0,0.0,0.0,0.0,79063.0,0,0,0,35,SALT LAKE
916,350011,0.0,0.0,0.0,0.0,0.0,0.0,0.0,0.0,0.0,0.0,0.0,0.0,0.0,0.0,0.0,0.0,0.0,0.0,0.0,0.0,79063.0,0,0,0,35,SALT LAKE
917,350012,0.0,0.0,0.0,0.0,0.0,0.0,0.0,0.0,0.0,0.0,0.0,0.0,0.0,0.0,0.0,0.0,0.0,0.0,0.0,0.0,79063.0,0,0,0,35,SALT LAKE
918,350013,0.0,0.0,0.0,0.0,0.0,0.0,0.0,0.0,0.0,0.0,0.0,0.0,0.0,0.0,0.0,0.0,0.0,0.0,0.0,0.0,79063.0,0,0,0,35,SALT LAKE
919,350014,0.0,0.0,0.0,0.0,0.0,0.0,0.0,0.0,0.0,0.0,0.0,0.0,0.0,0.0,0.0,0.0,0.0,0.0,0.0,0.0,79063.0,0,0,0,35,SALT LAKE
920,350015,0.0,0.0,0.0,0.0,0.0,0.0,0.0,0.0,0.0,0.0,0.0,0.0,0.0,0.0,0.0,0.0,0.0,0.0,0.0,0.0,79063.0,0,0,0,35,SALT LAKE
921,350016,0.0,0.0,0.0,0.0,0.0,0.0,0.0,2.025867428386231,0.0,0.0,0.0,0.0,0.0,0.0,0.0,0.0,2.025867428386231,0.0,0.0,0.0,79063.0,0,0,0,35,SALT LAKE
922,350017,0.0,0.0,0.0,0.0,0.0,0.0,0.0,0.0,0.0,0.0,0.0,0.0,0.0,0.0,0.0,0.0,0.0,0.0,0.0,0.0,79063.0,0,0,0,35,SALT LAKE
923,350018,0.0,0.0,0.0,0.0,0.0,0.0,0.0,0.0,0.0,0.0,0.0,0.0,0.0,0.0,0.0,0.0,0.0,0.0,0.0,0.0,79063.0,0,0,0,35,SALT LAKE
924,350019,0.0,0.0,0.0,0.0,0.0,0.0,0.0,2114.895951360953,0.0,0.0,0.0,0.0,0.0,0.0,0.0,0.0,0.0,2114.895951360953,0.0,0.0,76192.0,0,0,0,35,SALT LAKE
925,350020,0.0,0.0,0.0,604.0,3.0,546.5,54.5,1146.7238435610575,0.0,3.0,546.5,0.0,0.0,54.5,0.0,0.0,0.0,522.8240636607464,19.89977990031082,0.0,76192.0,0,0,0,35,SALT LAKE
926,350021,370.5,903.3474909524098,0.4101411734806254,240.25,29.5,183.75,27.0,295.08308172873245,0.0,29.5,158.0,25.75,1.0,16.5,4.0,5.5,0.0,0.0,25.336516273803326,29.4965654549291,76192.0,0,0,0,35,SALT LAKE
927,350022,0.0,0.0,0.0,36.5,0.0,36.5,0.0,37.70291939929909,0.0,0.0,2.5,34.0,0.0,0.0,0.0,0.0,0.0,0.0,1.2029193992990943,0.0,76192.0,0,0,0,35,SALT LAKE
928,350023,0.0,0.0,0.0,19.0,0.0,18.0,1.0,19.625986453817724,0.0,0.0,18.0,0.0,0.0,1.0,0.0,0.0,0.0,0.0,0.6259864538177244,0.0,76192.0,0,0,0,35,SALT LAKE
929,350024,0.0,0.0,0.0,27.0,0.25,23.75,3.0,121.58592790779927,0.0,0.25,23.75,0.0,0.0,3.0,0.0,0.0,93.69636821026884,0.0,0.8895596975304505,0.0,76192.0,0,0,0,35,SALT LAKE
930,350025,0.0,0.0,0.0,643.0,10.0,420.25,212.75,664.1846994634103,0.0,10.0,420.25,0.0,0.0,212.75,0.0,0.0,0.0,0.0,21.18469946341036,0.0,76192.0,0,0,0,35,SALT LAKE
931,350026,85.25,187.1726621398143,0.4554618127743459,910.0,72.75,624.25,213.0,953.4037294331378,32.0,40.75,617.75,6.5,42.5,34.75,0.0,135.75,3.798395958608856,0.0,32.85629088209976,6.749042592429203,102017.0,0,0,0,35,SALT LAKE
932,350027,2762.5,5987.876415338932,0.4613488670079097,235.75,11.75,216.25,7.75,576.0218898952525,0.0,11.75,216.25,0.0,0.0,7.75,0.0,0.0,21.271607998055423,0.0,98.77659008136756,220.22369181582957,102017.0,0,0,0,35,SALT LAKE
933,350028,3565.25,7898.72406556363,0.45137036949341697,2945.75,94.5,2642.5,208.75,3444.2239028646404,0.75,93.75,2641.5,1.0,3.75,190.5,0.0,14.5,0.0,0.0,214.5076967595576,283.9662061050828,102017.0,0,0,0,35,SALT LAKE
934,350029,197.0,501.8208442780282,0.3925703809362976,61.25,2.75,57.0,1.5,99.79946934113174,0.0,2.75,57.0,0.0,0.0,1.5,0.0,0.0,1.0129337141931154,0.0,22.038607220850537,15.497928406088093,102017.0,0,0,0,35,SALT LAKE
935,350030,0.0,0.0,0.0,0.0,0.0,0.0,0.0,0.0,0.0,0.0,0.0,0.0,0.0,0.0,0.0,0.0,0.0,0.0,0.0,0.0,102017.0,0,0,0,35,SALT LAKE
936,350031,87.0,252.37343136751903,0.34472725408763877,0.0,0.0,0.0,0.0,9.866445593397517,0.0,0.0,0.0,0.0,0.0,0.0,0.0,0.0,0.0,0.0,2.867278541511672,6.999167051885844,104129.0,0,0,0,35,SALT LAKE
937,350032,0.0,0.0,0.0,0.0,0.0,0.0,0.0,0.0,0.0,0.0,0.0,0.0,0.0,0.0,0.0,0.0,0.0,0.0,0.0,0.0,105293.0,0,0,0,35,SALT LAKE
938,350033,52.0,152.95175569267715,0.33997648320221013,0.0,0.0,0.0,0.0,5.712750113781773,0.0,0.0,0.0,0.0,0.0,0.0,0.0,0.0,0.0,0.0,1.7132260841327196,3.999524029649053,103174.0,0,0,0,35,SALT LAKE
939,350034,60.0,140.7212739820971,0.42637476411443903,7468.5,1417.25,315.5,5735.75,7841.403109781174,918.0,499.25,0.0,315.5,1060.5,699.0,0.0,3976.25,3.5448454155846285,0.0,364.35884310494623,4.999421260642746,64798.0,0,0,0,35,SALT LAKE
940,350035,0.0,0.0,0.0,564.75,42.25,115.0,407.5,583.3652761383415,35.25,7.0,0.0,115.0,37.5,98.25,0.0,271.75,0.0,0.0,18.615276138341503,0.0,56502.0,0,0,0,35,SALT LAKE
941,350036,237.0,562.2479203712908,0.42152223496619196,152.0,0.0,0.25,151.75,183.8139881163643,0.0,0.0,0.0,0.25,0.5,150.75,0.0,0.5,0.0,0.0,12.816248975531304,18.997739140833005,64725.0,0,723,0,35,SALT LAKE
942,350037,0.0,0.0,0.0,1202.0,1.5,278.0,922.5,1241.6018798678372,0.0,1.5,278.0,0.0,0.0,922.5,0.0,0.0,0.0,0.0,39.6018798678371,0.0,45129.0,0,0,0,35,SALT LAKE
943,350038,0.0,0.0,0.0,8.0,0.0,5.75,2.25,16.367042957257652,0.0,0.0,5.75,0.0,0.0,2.25,0.0,0.0,8.103469713544923,0.0,0.263573243712726,0.0,45129.0,0,0,0,35,SALT LAKE
944,350039,0.0,0.0,0.0,1621.25,205.0,360.25,1056.0,1674.6954856654563,167.0,38.0,6.75,353.5,131.75,262.5,0.0,661.75,0.0,0.0,53.44548566545649,0.0,64798.0,0,0,0,35,SALT LAKE
945,350040,0.0,0.0,0.0,1092.0,153.5,333.5,605.0,1127.9972381584018,122.75,30.75,104.25,229.25,41.25,135.25,0.0,428.5,0.0,0.0,35.997238158401906,0.0,64798.0,0,0,0,35,SALT LAKE
946,350041,0.0,0.0,0.0,1471.0,264.75,286.75,919.5,1530.4043606726675,193.75,71.0,6.0,280.75,132.75,169.5,0.0,617.25,0.0,10.89216799179826,48.5121926808692,0.0,116535.0,0,0,0,35,SALT LAKE
947,350042,0.0,0.0,0.0,4110.25,6.0,2107.0,1997.25,4247.6988435622025,4.0,2.0,0.0,2107.0,17.75,571.5,0.0,1408.0,2.025867428386231,0.0,135.42297613381697,0.0,56502.0,0,0,0,35,SALT LAKE
948,350043,1.25,1.8394617380985496,0.6795466163336042,1104.25,105.5,161.5,837.25,1209.5823430851872,79.75,25.75,2.75,158.75,165.0,118.75,1.0,552.5,0.0,0.0,105.3323430851871,0.0,64798.0,0,0,0,35,SALT LAKE
949,350044,35.0,55.819037003155984,0.6270262240106563,1211.75,234.25,130.25,847.25,1386.5792474613434,168.75,65.5,0.0,130.25,200.0,103.5,0.0,543.75,0.0,0.0,171.82960443910662,2.99964302223679,52447.0,0,0,0,35,SALT LAKE
950,350045,0.0,0.0,0.0,685.5,61.75,185.0,438.75,798.5081264369812,41.75,20.0,37.5,147.5,64.75,91.25,0.0,282.75,2.025867428386231,0.0,110.98225900859494,0.0,56502.0,0,0,0,35,SALT LAKE
951,350046,1362.0,4272.733200424232,0.31876551521278457,74.75,17.75,0.0,57.0,231.07305868950613,17.75,0.0,0.0,0.0,0.25,56.5,0.0,0.25,0.0,0.0,47.33602888156942,108.9870298079367,64689.0,487,0,0,35,SALT LAKE
952,350047,149.0,408.8444816036911,0.36444175402722323,144.75,12.0,4.0,128.75,166.42756058683406,6.0,6.0,0.0,4.0,16.0,38.5,0.0,74.25,0.0,0.0,9.678988497886916,11.99857208894716,30068.0,0,0,0,35,SALT LAKE
953,350048,0.0,0.0,0.0,437.75,42.25,67.0,328.5,452.17859947182944,33.0,9.25,0.0,67.0,17.75,177.75,0.0,133.0,0.0,0.0,14.428599471829472,0.0,64798.0,285,0,0,35,SALT LAKE
954,350049,0.0,0.0,0.0,0.0,0.0,0.0,0.0,0.0,0.0,0.0,0.0,0.0,0.0,0.0,0.0,0.0,0.0,0.0,0.0,0.0,45129.0,0,0,0,35,SALT LAKE
955,350050,0.0,0.0,0.0,39.0,1.0,26.0,12.0,40.28491956309954,0.0,1.0,26.0,0.0,0.0,12.0,0.0,0.0,0.0,0.0,1.2849195630995398,0.0,45129.0,0,0,0,35,SALT LAKE
956,350051,0.0,0.0,0.0,527.0,3.25,482.75,41.0,549.4275560005414,0.0,3.25,482.75,0.0,0.0,41.0,0.0,0.0,5.064668570965577,0.0,17.36288742957583,0.0,45129.0,0,0,0,35,SALT LAKE
957,350052,0.0,0.0,0.0,18520.25,868.5,12586.0,5065.75,19703.73234322799,552.25,316.25,11263.75,1322.25,656.0,1163.5,0.0,3246.25,7.090535999351808,0.0,1176.3918072286397,0.0,45129.0,0,0,0,35,SALT LAKE
958,350053,0.0,0.0,0.0,6092.75,54.25,5677.25,361.25,6297.536150905322,42.25,12.0,28.75,5648.5,28.5,72.75,0.0,260.0,4.051734856772462,0.0,200.7344160485491,0.0,56502.0,0,0,0,35,SALT LAKE
959,350054,0.0,0.0,0.0,2108.5,52.5,980.25,1075.75,2177.968849278963,30.25,22.25,537.75,442.5,125.75,238.75,178.25,533.0,0.0,0.0,69.46884927896303,0.0,56502.0,0,0,0,35,SALT LAKE
960,350055,651.5,1864.3053634649289,0.3494599182985486,624.75,147.25,33.75,443.75,733.8260394930368,113.75,33.5,0.0,33.75,65.0,159.25,6.5,213.0,0.0,0.0,57.08222710759914,51.99381238543769,53594.0,702,91,0,35,SALT LAKE
961,350056,722.75,1935.3593185729271,0.3734448652836896,202.0,5.75,0.5,195.75,293.2129372257931,3.25,2.5,0.0,0.5,6.75,154.75,8.0,26.25,0.0,0.0,33.46976306781052,57.74317415798259,61390.0,337,232,160,35,SALT LAKE
962,350057,479.0,1138.530809706387,0.4207176441044474,123.25,37.25,1.25,84.75,182.58916526359695,26.75,10.5,0.0,1.25,6.0,9.5,0.0,69.25,0.0,0.0,21.34368698193098,37.99547828166601,64537.0,0,0,0,35,SALT LAKE
963,350058,90.7500000103329,167.14836907854573,0.5429308135677232,4657.000000530252,744.7500000847981,1007.7500001147436,2904.5000003307096,4858.768378010757,472.2500000537709,272.5000000310272,355.7500000405061,652.0000000742375,893.5000001017349,443.7500000505259,0.0,1567.2500001784488,0.0,0.0,194.51924829265027,7.249129187855569,52447.0,0,0,0,35,SALT LAKE
964,350059,588.75,1321.342618109657,0.4455695229465006,0.0,0.0,0.0,0.0,81.89244944623627,0.0,0.0,0.0,0.0,0.0,0.0,0.0,0.0,0.0,0.0,34.898042097859886,46.99440734837638,116535.0,0,0,0,35,SALT LAKE
965,350060,0.0,0.0,0.0,13472.50000775437,455.7500002623161,7711.50000443851,5305.250003053544,13916.380517589603,20.50000001179919,435.25000025051696,0.0,7711.50000443851,167.00000009612023,3915.2500022535014,14.000000008057985,1209.0000006958644,0.0,0.0,443.88050983523317,0.0,56502.0,0,0,0,35,SALT LAKE
966,350061,203.75,551.7815596970133,0.36925844370710825,83.5,14.75,1.25,67.5,119.9732522874298,10.0,4.75,1.0,0.25,25.25,3.5,9.0,29.75,0.0,0.0,20.475156168833585,15.998096118596214,30068.0,0,0,0,35,SALT LAKE
967,350062,333.5,828.0492234276201,0.4027538346325752,112.0,17.5,1.25,93.25,154.67484693707604,5.25,12.25,0.0,1.25,4.5,49.5,22.0,17.25,0.0,0.0,15.928097618192616,26.746749318883413,48811.0,0,0,0,35,SALT LAKE
968,350063,455.5,733.2180456830698,0.6212340281064056,28.0,19.75,0.25,8.0,80.67579452450875,6.5,13.25,0.0,0.25,1.5,2.25,0.0,4.25,0.0,0.0,16.680078257667265,35.995716266841484,49071.0,0,0,0,35,SALT LAKE
969,350064,367.0,1088.201910388514,0.3372535891514583,55.0,0.0,0.0,55.0,97.90003782080194,0.0,0.0,0.0,0.0,0.0,55.0,0.0,0.0,0.0,0.0,13.903488605846302,28.996549214955635,81295.0,326,0,0,35,SALT LAKE
970,350065,672.25,865.3175241150037,0.7768824521236156,87.5,29.25,0.0,58.25,167.77328329723184,13.25,16.0,0.0,0.0,6.0,5.25,0.0,47.0,0.0,0.0,26.52968725569536,53.74359604153646,45921.0,0,0,0,35,SALT LAKE
971,350066,571.25,1001.77219546803,0.570239424276605,335.25,58.25,27.75,249.25,413.6134652441135,44.25,14.0,5.0,22.75,50.75,48.25,0.0,150.25,0.0,0.0,32.618917261875104,45.74454798223835,59977.0,0,0,0,35,SALT LAKE
972,350067,318.5,593.2724638347886,0.5368528280265746,605.75,60.75,114.25,430.75,671.1984424986155,38.5,22.25,90.75,23.5,125.25,27.25,88.0,190.25,0.0,0.0,39.951498459073086,25.496944039542463,52447.0,0,0,0,35,SALT LAKE
973,350068,712.5,1407.5792366176768,0.5061881998999161,0.0,0.0,0.0,0.0,81.96786228767006,0.0,0.0,0.0,0.0,0.0,0.0,0.0,0.0,0.0,0.0,24.974644865171044,56.993217422499015,60090.0,0,0,0,35,SALT LAKE
974,350069,914.9999989296152,1895.2632252836474,0.48278254266906656,476.2499994428735,61.749999927763646,19.99999997660361,394.49999953850624,601.3314248462232,47.24999994472603,14.499999983037618,0.9999999988301805,18.99999997777343,74.99999991226355,149.74999982481953,8.999999989471625,160.7499998119515,0.0,0.0,52.09011194764116,72.99131345570856,171320.0,349,0,0,35,SALT LAKE
975,350070,0.0,0.0,0.0,197.0,1.0,174.5,21.5,203.4904911264259,0.0,1.0,174.25,0.25,0.25,21.25,0.0,0.0,0.0,0.0,6.49049112642588,0.0,45129.0,0,0,0,35,SALT LAKE
976,350071,0.0,0.0,0.0,7.75,0.25,2.75,4.75,895.8416583610551,0.0,0.25,0.0,2.75,0.0,1.5,0.0,3.25,887.8364001376714,0.0,0.2552582233837162,0.0,45129.0,0,0,0,35,SALT LAKE
977,350072,0.0,0.0,0.0,2999.75,143.0,2471.25,385.5,3098.58402132384,131.75,11.25,2195.25,276.0,183.25,21.5,0.0,180.75,0.0,0.0,98.83402132383978,0.0,45129.0,0,0,0,35,SALT LAKE
978,350073,0.0,0.0,0.0,17723.001012545803,2005.250114563419,4005.0002288126134,11712.750669169773,18341.176195355216,1137.2500649730698,868.0000495903491,2195.2501254184494,1809.7501033941642,2373.5001356021817,2453.000140144155,0.0,6886.2503934234355,0.0,0.0,618.1751828094127,0.0,56502.0,0,0,0,35,SALT LAKE
979,350074,0.0,0.0,0.0,4619.25,65.0,2128.25,2426.0,4856.763221196106,13.0,52.0,1814.25,314.0,1593.5,107.5,316.0,409.0,0.0,85.32198260128574,152.19123859482124,0.0,56502.0,0,0,0,35,SALT LAKE
980,350075,697.75,2203.592940695514,0.3166419655436776,224.5,92.5,16.75,115.25,316.1300553776228,23.0,69.5,12.0,4.75,18.25,8.0,24.0,65.0,0.0,0.0,35.63671896253609,55.99333641508675,38829.0,0,0,0,35,SALT LAKE
981,350076,513.75,1018.1170058957146,0.5046080136418262,534.75,73.75,15.5,445.5,628.0399615326048,39.25,34.5,0.0,15.5,66.5,215.5,3.0,160.5,0.0,0.0,52.29484022870207,40.9951213039028,60653.0,452,0,0,35,SALT LAKE
982,350077,314.0,765.7332242009361,0.41006448470048784,250.0,143.5,9.5,97.0,296.32882677070177,138.0,5.5,3.0,6.5,16.25,16.0,0.0,64.75,0.0,0.0,21.08187731346652,25.246949457235267,57237.0,0,0,0,35,SALT LAKE
983,350078,254.5,580.9270767714809,0.43809285222921807,0.0,0.0,0.0,0.0,29.38428735996724,0.0,0.0,0.0,0.0,0.0,0.0,0.0,0.0,0.0,0.0,9.136629330474271,20.247658029492968,211467.0,0,0,0,35,SALT LAKE
984,350079,1860.75,3798.512431103499,0.4898628170237255,4739.0,379.25,45.5,4314.25,5236.283006817515,213.25,166.0,0.0,45.5,675.5,2562.75,0.0,1076.0,0.0,0.0,348.7999197606909,148.4830870568236,40069.0,410,0,0,35,SALT LAKE
985,350080,1132.5,2487.6516651498955,0.4552486249845435,2642.25,367.5,23.75,2251.0,2858.4118955060976,222.25,145.25,0.0,23.75,283.25,1129.5,0.0,838.25,0.0,0.0,125.92439564222089,90.23749986387637,38845.0,0,0,0,35,SALT LAKE
986,350081,530.0,1203.4767185843318,0.44039073778132337,1219.25,144.25,38.5,1036.5,1323.6125210286968,97.0,47.25,0.0,38.5,213.5,371.75,0.0,451.25,0.0,0.0,62.11757822187171,42.24494280682518,46352.0,0,0,0,35,SALT LAKE
987,350082,518.0,1274.94805509017,0.4062910625510658,0.0,0.0,0.0,0.0,59.56122724040893,0.0,0.0,0.0,0.0,0.0,0.0,0.0,0.0,0.0,0.0,18.566105936506133,40.9951213039028,35544.0,0,0,0,35,SALT LAKE
988,350083,661.5,1410.006136356283,0.46914689443085583,571.5,155.25,2.25,414.0,678.6055802689651,96.0,59.25,0.0,2.25,101.0,71.25,0.5,241.25,0.0,0.0,54.36178950840967,52.74379076055549,46352.0,434,0,0,35,SALT LAKE
989,350084,439.75,1360.5015756952585,0.32322638051725455,94.0,4.25,1.75,88.0,150.58057449885678,3.25,1.0,0.0,1.75,1.75,11.75,65.0,9.5,0.0,0.0,21.58473923942757,34.995835259429214,34137.0,0,0,0,35,SALT LAKE
990,350085,764.0,1279.7692053336698,0.5969826409448608,359.25,36.5,19.5,303.25,457.2508123468135,20.25,16.25,0.0,19.5,56.25,45.25,94.0,107.75,0.0,0.0,37.00807089466543,60.99274145214807,51230.0,0,0,0,35,SALT LAKE
991,350086,456.25,768.5370544163635,0.5936603803007025,365.75,9.25,250.0,106.5,432.0784770738359,6.5,2.75,3.0,247.0,19.25,8.25,20.75,58.25,0.0,0.0,30.0828203114843,36.2456567623516,51326.0,0,0,0,35,SALT LAKE
992,350087,1269.25,2059.5855625678128,0.6162647588272796,1020.75,108.25,64.5,848.0,1197.1858707274455,84.25,24.0,8.0,56.5,325.75,52.5,191.25,278.5,0.0,0.0,75.44788897880731,100.9879817486386,51230.0,0,0,0,35,SALT LAKE
993,350088,504.5,828.7619748998624,0.6087393187422212,220.25,16.75,130.25,73.25,286.6317572442484,12.25,4.5,35.0,95.25,11.75,3.25,14.5,43.75,0.0,0.0,26.136592675829185,40.24516456841922,51230.0,0,0,0,35,SALT LAKE
994,350089,424.99999998683046,713.3249589626591,0.5958013870773281,722.749999977604,94.24999999707947,4.749999999852811,623.7499999806718,806.318399331442,38.499999998807,55.74999999827247,0.0,4.749999999852811,43.24999999865981,362.74999998875944,46.24999999856685,171.4999999946857,0.0,0.0,49.822482984114444,33.74591636972356,51390.0,0,948,1903,35,SALT LAKE
995,350090,1218.5,2044.189171217121,0.596079862449569,153.25,76.5,4.0,72.75,295.6896738227497,14.75,61.75,1.0,3.0,9.0,3.25,40.5,20.0,0.0,0.0,45.45121610376014,96.98845771898957,48532.0,0,0,0,35,SALT LAKE
996,350091,731.0,1344.376722277921,0.5437463977815598,379.5,33.75,5.75,340.0,474.5783171865514,23.0,10.75,0.0,5.75,60.0,91.5,38.25,150.25,0.0,0.0,37.08521875664008,57.99309842991128,27015.0,262,0,0,35,SALT LAKE
997,350092,537.75,807.2191803620399,0.6661759446285924,89.75,24.0,6.5,59.25,155.42268396170545,15.0,9.0,0.0,6.5,11.75,13.0,6.5,28.0,0.0,0.0,22.92772491490681,42.74495904679864,66900.0,0,0,0,35,SALT LAKE
998,350093,550.25,887.4781627950373,0.6200152556622174,310.5,27.75,9.25,273.5,385.34258878500873,20.25,7.5,0.0,9.25,65.25,52.0,29.75,126.5,0.0,0.0,31.097764954379286,43.74482383062947,54299.0,0,0,0,35,SALT LAKE
999,350094,0.0,0.0,0.0,2540.25,472.0,142.75,1925.5,2623.9522368497164,345.25,126.75,0.0,142.75,301.25,986.75,0.0,637.5,0.0,0.0,83.70223684971653,0.0,66900.0,0,0,0,35,SALT LAKE
1000,350095,292.0,571.8777534602813,0.5105986344689667,4078.75,321.0,124.5,3633.25,4247.001905280828,207.25,113.75,23.75,100.75,504.0,436.25,1759.0,934.0,0.0,0.0,145.25464211034537,22.997263170482057,100099.0,0,0,0,35,SALT LAKE
1001,350096,554.75,964.6454663597018,0.5750817469691419,317.25,158.5,6.25,152.5,389.97444992092136,130.25,28.25,4.0,2.25,18.75,14.0,0.0,119.75,0.0,0.0,28.729685594781756,43.99476432613959,58481.0,0,0,0,35,SALT LAKE
1002,350097,470.0,929.983580723382,0.505385266731713,0.0,0.0,0.0,0.0,52.4805253423764,0.0,0.0,0.0,0.0,0.0,0.0,0.0,0.0,0.0,0.0,15.484928068122658,36.99559727425374,100099.0,0,0,0,35,SALT LAKE
1003,350098,645.5,1000.6013422771448,0.6451120668407124,25.0,5.25,0.0,19.75,98.8347648817456,5.0,0.25,0.0,0.0,1.75,0.25,0.0,17.75,0.0,0.0,22.84083350372016,50.99393137802543,45319.0,0,0,0,35,SALT LAKE
1004,350099,443.25,854.9170253465174,0.5184713684001563,18.25,2.25,1.25,14.75,69.95035414716692,1.5,0.75,1.0,0.25,1.25,1.75,0.0,11.75,0.0,0.0,16.704518887737702,34.995835259429214,79338.0,0,0,0,35,SALT LAKE
1005,350100,50.25,88.74563490418727,0.5662250324114709,0.0,0.0,0.0,0.0,5.655119991223531,0.0,0.0,0.0,0.0,0.0,0.0,0.0,0.0,0.0,0.0,1.6555959615744773,3.999524029649053,131360.0,0,0,0,35,SALT LAKE
1006,350101,445.75000038536365,1338.6143152474713,0.33299360040308346,423.00000036569566,41.00000003544567,19.000000016426046,363.00000031382393,500.62016204481426,25.000000021613218,16.00000001383246,0.0,19.000000016426046,45.250000039119925,46.25000003998445,160.2500001385407,111.25000009617881,0.0,0.0,42.124364235825865,35.49579744329274,183906.0,0,0,0,35,SALT LAKE
1007,350102,0.0,0.0,0.0,15764.0,4.5,0.0,15759.5,16283.372261711876,1.75,2.75,0.0,0.0,943.0,7.5,14778.0,31.0,0.0,0.0,519.372261711875,0.0,22017.0,0,0,0,35,SALT LAKE
1008,350103,0.0,0.0,0.0,3.0,0.0,3.0,0.0,3.0988399663922723,0.0,0.0,0.0,3.0,0.0,0.0,0.0,0.0,0.0,0.0,0.0988399663922722,0.0,45129.0,0,0,0,35,SALT LAKE
1009,350104,0.0,0.0,0.0,631.25,45.5,230.5,355.25,652.0494263548044,34.75,10.75,30.75,199.75,25.75,78.5,0.0,251.0,0.0,0.0,20.799426354804364,0.0,45129.0,0,0,0,35,SALT LAKE
1010,350105,0.0,0.0,0.0,1735.5,94.25,858.5,782.75,1792.6872320702944,74.75,19.5,451.25,407.25,55.75,164.0,0.0,563.0,0.0,0.0,57.18723207029444,0.0,45129.0,0,0,0,35,SALT LAKE
1011,350106,1.75,5.087981609956804,0.3439477840437511,3014.25,178.5,1407.0,1428.75,3113.9368120961194,142.75,35.75,87.0,1320.0,257.0,297.75,0.0,874.0,0.0,0.0,99.43683373739351,0.2499783587257618,69745.0,0,0,0,35,SALT LAKE
1012,350107,0.0,0.0,0.0,786.0,54.75,273.0,458.25,811.9041609894922,46.5,8.25,36.75,236.25,62.25,52.75,0.0,343.25,0.0,0.0,25.904160989492144,0.0,69745.0,0,0,0,35,SALT LAKE
1013,350108,0.0,0.0,0.0,0.0,0.0,0.0,0.0,0.0,0.0,0.0,0.0,0.0,0.0,0.0,0.0,0.0,0.0,0.0,0.0,0.0,56502.0,0,0,0,35,SALT LAKE
1014,350109,0.0,0.0,0.0,0.0,0.0,0.0,0.0,0.0,0.0,0.0,0.0,0.0,0.0,0.0,0.0,0.0,0.0,0.0,0.0,0.0,56502.0,0,0,0,35,SALT LAKE
1015,350110,0.0,0.0,0.0,24.5,1.0,1.0,22.5,25.30709590974252,0.75,0.25,0.0,1.0,0.0,0.75,0.0,21.75,0.0,0.0,0.8070959097425183,0.0,56502.0,0,0,0,35,SALT LAKE
1016,350111,1919.0,4355.799314325175,0.4405620786267336,423.25,98.0,2.25,323.0,660.6686739914569,63.25,34.75,0.0,2.25,61.25,43.75,0.0,218.0,0.0,0.0,84.186955585452,153.23171840600497,38960.0,0,0,0,35,SALT LAKE
1017,350112,0.0,0.0,0.0,1864.5,162.25,278.25,1424.0,1925.9295557857924,120.75,41.5,0.0,278.25,288.0,255.5,0.0,880.5,0.0,0.0,61.429555785792544,0.0,35043.0,0,0,0,35,SALT LAKE
1018,350113,170.75,445.7183744362767,0.3830894344796901,156.5,20.75,40.75,95.0,183.781354068526,15.75,5.0,24.75,16.0,8.25,14.0,0.0,72.75,0.0,0.0,13.283019964754269,13.998334103771688,35043.0,0,0,0,35,SALT LAKE
1019,350114,351.5,941.6972511043388,0.37326221308153135,1925.25,219.5,164.75,1541.0,2030.013580460332,152.0,67.5,16.25,148.5,704.5,342.0,0.0,494.5,0.0,0.0,76.76691225278876,27.996668207543376,32095.0,0,0,0,35,SALT LAKE
1020,350115,454.75,1238.399212870558,0.367207920736568,327.0,36.5,143.25,147.25,391.7422450992669,27.0,9.5,114.75,28.5,31.5,28.25,0.0,87.5,0.0,0.0,28.496707381959155,36.24553771730772,32095.0,0,0,0,35,SALT LAKE
1021,350116,690.75,1833.6357539731891,0.37671058633278587,201.5,29.0,22.25,150.25,286.64146800999964,21.75,7.25,16.0,6.25,16.0,13.75,51.0,69.5,0.0,0.0,30.148012602325167,54.99345540767449,32095.0,0,0,0,35,SALT LAKE
1022,350117,868.0,2269.156684995421,0.3825209628491351,160.25,41.75,4.75,113.75,263.3858142622398,14.25,27.5,1.0,3.75,30.0,12.75,14.0,57.0,0.0,0.0,33.894084255283566,69.24173000695629,32095.0,0,0,0,35,SALT LAKE
1023,350118,0.0,0.0,0.0,503.25,12.0,455.25,36.0,519.831406100822,9.0,3.0,54.0,401.25,8.0,7.75,0.0,20.25,0.0,0.0,16.581406100822036,0.0,42543.0,0,0,0,35,SALT LAKE
1024,350119,111.25,208.66679077297036,0.5331466477626529,477.0,50.75,143.0,283.25,505.1374770595244,27.5,23.25,0.0,143.0,105.75,42.5,3.25,131.75,0.0,0.0,19.38852635153981,8.748950707984608,42543.0,0,0,0,35,SALT LAKE
1025,350120,678.0,1107.7343120274445,0.6120601236582462,8.0,0.25,0.0,7.75,84.59498004862849,0.0,0.25,0.0,0.0,0.0,0.0,0.0,7.75,0.0,0.0,22.601405648366264,53.99357440026222,42543.0,0,0,0,35,SALT LAKE
1026,350121,1364.75,1794.4874066477678,0.7605235873733166,102.75,9.5,7.25,86.0,260.085828394671,6.5,3.0,0.0,7.25,6.75,23.0,31.25,25.0,0.0,0.0,48.34879858673434,108.9870298079367,42543.0,0,0,0,35,SALT LAKE
1027,350122,424.0,533.7902101207832,0.794319550941295,5207.25,788.25,88.0,4331.0,5452.1889998687975,87.0,701.25,4.0,84.0,1637.25,39.75,228.0,2426.0,0.0,25.41505864979719,185.52798696698275,33.99595425201696,42543.0,0,0,0,35,SALT LAKE
1028,350123,0.0,0.0,0.0,1772.5,88.25,37.0,1647.25,1830.8980478251483,56.25,32.0,0.0,37.0,137.75,51.75,202.25,1255.5,0.0,0.0,58.39804782514818,0.0,42543.0,0,0,0,35,SALT LAKE
1029,350124,0.0,0.0,0.0,1617.0,184.5,1.75,1430.75,1670.2747418854349,177.25,7.25,0.0,1.75,853.0,42.25,474.75,60.75,0.0,0.0,53.27474188543477,0.0,42543.0,0,0,0,35,SALT LAKE
1030,350125,0.0,0.0,0.0,989.25,154.5,10.0,824.75,1021.8416261604202,62.75,91.75,0.0,10.0,87.5,28.5,239.5,469.25,0.0,0.0,32.5916261604202,0.0,42543.0,0,0,0,35,SALT LAKE
1031,350126,617.0,1216.4500642178252,0.5072135866068038,0.0,0.0,0.0,0.0,69.32246168055912,0.0,0.0,0.0,0.0,0.0,0.0,0.0,0.0,0.0,0.0,20.328292317358205,48.9941693632009,42543.0,0,0,0,35,SALT LAKE
1032,350127,0.0,0.0,0.0,1735.25,115.0,14.25,1606.0,1792.4207622505264,67.5,47.5,0.0,14.25,186.0,30.0,180.25,1209.75,0.0,0.0,57.17076225052648,0.0,42543.0,0,0,0,35,SALT LAKE
1033,350128,60.75,156.20662115949392,0.3889079704116482,1464.75,201.75,50.0,1213.0,1519.511640932167,103.0,98.75,0.0,50.0,222.0,80.5,358.0,552.5,0.0,0.0,50.26222504004806,4.49941589211901,43489.0,0,0,0,35,SALT LAKE
1034,350129,468.0,841.1688449427238,0.5563686800975929,6011.25,1480.5,280.25,4250.5,6261.7146273923445,1061.5,419.0,138.0,142.25,1069.75,32.0,320.0,2828.75,0.0,0.0,213.46903011809096,36.99559727425374,50921.0,0,0,0,35,SALT LAKE
1035,350130,0.0,0.0,0.0,8364.75,7.5,4.75,8352.5,8640.341798408615,0.0,7.5,0.0,4.75,4162.75,10.75,1213.5,2965.5,0.0,0.0,275.59179840861566,0.0,54475.0,0,0,0,35,SALT LAKE
1036,350131,145.0,257.1497110836441,0.5638738592742781,5525.25,702.5,27.75,4795.0,5724.063028852789,292.25,410.25,3.0,24.75,3657.75,101.5,302.25,733.5,0.0,0.0,186.8144567638416,11.99857208894716,50921.0,0,0,0,35,SALT LAKE
1037,350132,229.0,487.08950733553417,0.470139464207863,2559.5,265.0,87.5,2207.0,2669.518491652478,229.25,35.75,10.0,77.5,397.25,113.75,809.75,886.25,0.0,0.0,91.51955697134122,18.498934681136827,50921.0,0,0,0,35,SALT LAKE
1038,350133,1037.25,1922.4477395724768,0.5395465263626197,778.5,50.5,24.75,703.25,920.9299256220082,30.5,20.0,0.0,24.75,156.75,40.75,355.5,150.25,0.0,0.0,59.939975155023376,82.48995046698488,37315.0,0,0,0,35,SALT LAKE
1039,350134,721.75,1211.1894233368737,0.5959018350833604,125.0,10.25,1.0,113.75,210.39210758312865,4.0,6.25,0.0,1.0,34.5,45.75,8.0,25.5,0.0,0.0,27.898987529975194,57.49312005315346,51794.0,0,0,0,35,SALT LAKE
1040,350135,594.25,1498.70197500714,0.39650978640844786,366.75,20.0,4.5,342.25,445.34070835812526,15.25,4.75,0.0,4.5,86.0,14.75,83.25,158.25,0.0,0.0,31.5962901776433,46.99441818048195,39970.0,0,0,0,35,SALT LAKE
1041,350136,720.0,1499.3301270999125,0.4802144550998011,205.25,16.25,3.75,185.25,323.21329233842835,11.75,4.5,0.0,3.75,49.25,9.25,39.5,87.25,0.0,0.0,60.47009653917151,57.49319579925682,39970.0,0,0,0,35,SALT LAKE
1042,350137,362.0,699.4264692697686,0.5175669150438982,1005.0,72.25,38.0,894.75,1079.037693767703,51.25,21.0,0.0,38.0,220.0,36.75,134.0,504.0,0.0,0.0,45.04114455274747,28.996549214955635,25840.0,0,0,0,35,SALT LAKE
1043,350138,628.0,961.3009100484238,0.6532813954876685,932.0,226.5,31.25,674.25,1033.393340015046,71.5,155.0,8.0,23.25,252.0,102.75,34.0,285.5,0.0,0.0,51.39928964443276,49.99405037061317,43385.0,276,47,0,35,SALT LAKE
1044,350139,478.5,954.9798847860628,0.5010576742223161,3271.5,321.75,128.5,2821.25,3437.5298581910256,229.0,92.75,0.0,128.5,868.0,342.25,34.0,1577.0,0.0,0.0,128.03437990935993,37.99547828166601,25840.0,0,0,0,35,SALT LAKE
1045,350140,684.5,1036.8507345018586,0.6601721706151455,360.75,38.5,9.75,312.5,451.18145493732936,32.0,6.5,3.0,6.75,79.5,18.25,70.0,144.75,0.0,0.0,35.93797790641268,54.49347703091667,43554.0,0,0,0,35,SALT LAKE
1046,350141,499.25,767.9330151246932,0.650121807719042,503.0,60.0,7.75,435.25,577.2665793135848,48.75,11.25,0.0,7.75,82.25,78.25,199.0,75.75,0.0,0.0,34.271339017094235,39.995240296490536,47503.0,0,426,0,35,SALT LAKE
1047,350142,501.0,911.4876375274666,0.5496508996644542,135.0,49.25,4.0,81.75,195.94998269165396,7.0,42.25,0.0,4.0,27.75,2.25,19.0,32.75,0.0,0.0,20.954742395163414,39.995240296490536,70463.0,0,0,0,35,SALT LAKE
1048,350143,539.75,1010.3372872186212,0.5342275365149485,1913.5,203.25,57.25,1653.0,2037.3306862587733,144.25,59.0,0.0,57.25,265.0,178.75,659.25,550.0,0.0,0.0,80.83580294004616,42.994883318727325,41532.0,0,0,0,35,SALT LAKE
1049,350144,396.0,620.8847442926913,0.6377995330697345,102.0,1.5,4.0,96.5,150.40362665830963,1.25,0.25,4.0,0.0,0.0,39.75,0.0,56.75,0.0,0.0,16.4074344211172,31.996192237192428,131360.0,444,0,0,35,SALT LAKE
1050,350145,453.5,741.8260242094633,0.6113293214312322,19.75,0.5,0.0,19.25,72.58727999981926,0.25,0.25,0.0,0.0,7.0,0.25,0.0,12.0,0.0,0.0,16.841563732977782,35.995716266841484,24327.0,0,0,0,35,SALT LAKE
1051,350146,621.0,964.9039015271288,0.6435874070124072,27302.5,347.5,33.5,26921.5,28272.475893291718,188.25,159.25,0.0,33.5,158.25,25763.25,707.5,292.5,0.0,0.0,919.9818429211002,49.99405037061317,22017.0,0,0,0,35,SALT LAKE
1052,350147,0.0,0.0,0.0,2699.000001321397,343.0000001679286,137.2500000671959,2218.7500010862727,2787.929473389137,212.0000001037926,131.000000064136,0.0,137.2500000671959,482.75000023634846,858.2500004201886,0.0,877.7500004297356,0.0,0.0,88.92947206774001,0.0,22017.0,0,0,0,35,SALT LAKE
1053,350148,0.0,0.0,0.0,0.0,0.0,0.0,0.0,0.0,0.0,0.0,0.0,0.0,0.0,0.0,0.0,0.0,0.0,0.0,0.0,0.0,45129.0,0,0,0,35,SALT LAKE
1054,350149,0.0,0.0,0.0,2665.5,8.75,2491.75,165.0,2755.34773129418,6.75,2.0,4.5,2487.25,120.0,8.5,0.0,36.5,2.025867428386231,0.0,87.8218638657936,0.0,45129.0,0,0,0,35,SALT LAKE
1055,350150,0.0,0.0,0.0,2433.25,120.5,1661.5,651.25,2513.426920230901,94.0,26.5,51.25,1610.25,71.25,147.25,0.0,432.75,0.0,0.0,80.17692023090135,0.0,45129.0,0,0,0,35,SALT LAKE
1056,350151,0.0,0.0,0.0,2229.5,186.0,894.5,1149.0,2312.05679322384,149.25,36.75,369.75,524.75,109.75,186.0,0.0,853.25,0.0,9.076806660058674,73.47998656378165,0.0,69745.0,0,0,0,35,SALT LAKE
1057,350152,0.0,0.0,0.0,876.5,79.25,431.5,365.75,905.3785063174854,59.75,19.5,109.25,322.25,58.75,77.75,0.0,229.25,0.0,0.0,28.878506317485357,0.0,69745.0,0,0,0,35,SALT LAKE
1058,350153,0.0,0.0,0.0,1172.5,127.0,218.0,827.5,1211.1336923770366,90.5,36.5,127.25,90.75,163.25,193.0,0.0,471.25,0.0,0.0,38.63369237703655,0.0,69745.0,0,0,0,35,SALT LAKE
1059,350154,2.5,5.446360984127367,0.4590220896642528,1133.25,74.25,167.75,891.25,1170.686558684373,54.25,20.0,11.75,156.0,68.75,40.75,325.0,456.75,0.0,0.0,37.436558684373146,0.0,69745.0,0,0,0,35,SALT LAKE
1060,350155,450.5,953.4944598800796,0.47247259313563195,2.5,0.5,1.0,1.0,53.42034529606039,0.5,0.0,0.0,1.0,0.25,0.0,0.0,0.75,0.0,0.0,14.924629029218906,35.995716266841484,39712.0,0,0,0,35,SALT LAKE
1061,350156,411.0,1073.8689032090124,0.3827282816103718,259.25,35.5,2.25,221.5,348.8262867808215,30.75,4.75,0.0,2.25,10.5,102.25,68.0,40.75,0.0,0.0,56.5802135362168,32.99607324460469,46000.0,408,0,0,35,SALT LAKE
1062,350157,246.5,644.2210772155865,0.38263262212004523,51.5,20.75,1.25,29.5,83.56566777866564,10.0,10.75,0.0,1.25,4.0,5.25,0.0,20.25,0.0,0.0,12.068047630420375,19.997620148245268,42301.0,0,0,0,35,SALT LAKE
1063,350158,237.75,705.9815159128732,0.33676519093077967,79.25,21.5,1.25,56.5,111.69130960108362,4.0,17.5,0.0,1.25,10.75,13.75,14.0,18.0,0.0,0.0,13.443570460250614,18.997739140833005,50879.0,0,0,0,35,SALT LAKE
1064,350159,275.25,493.65319290632567,0.5575776758973191,155.5,10.25,33.5,111.75,192.1870178330795,6.75,3.5,0.0,33.5,10.0,72.5,0.0,29.25,0.0,0.0,14.689635670009684,21.997382163069798,43890.0,394,0,0,35,SALT LAKE
1065,350160,728.75,1294.0074261241955,0.5631729658482318,275.25,17.0,28.5,229.75,366.3228911536206,14.75,2.25,15.5,13.0,22.25,31.5,0.0,176.0,0.0,0.0,33.07979272370931,57.99309842991128,42543.0,0,0,0,35,SALT LAKE
1066,350161,871.5,1544.9699748035232,0.564088632279621,1707.25,280.0,55.75,1371.5,1861.4459658453063,199.25,80.75,0.0,55.75,305.0,122.25,77.75,866.5,0.0,0.0,84.9541384526127,69.24182739269388,42543.0,0,0,0,35,SALT LAKE
1067,350162,159.0,198.2809585663687,0.8018924315759722,1013.75,358.5,5.25,650.0,1065.386616767368,56.5,302.0,0.0,5.25,147.0,24.25,121.75,357.0,0.0,0.0,38.63816367100852,12.998453096359423,42543.0,0,0,0,35,SALT LAKE
1068,350163,0.0,0.0,0.0,0.0,0.0,0.0,0.0,0.0,0.0,0.0,0.0,0.0,0.0,0.0,0.0,0.0,0.0,0.0,0.0,0.0,42543.0,0,0,0,35,SALT LAKE
1069,350164,483.0,878.1682052145143,0.5500085258518501,881.0,218.5,74.0,588.5,966.7518753108656,116.25,102.25,7.0,67.0,213.25,19.0,237.0,119.25,0.0,1.8153613317395847,44.94115469004775,38.99535928907827,42543.0,0,0,0,35,SALT LAKE
1070,350165,355.0,484.2333460822598,0.7331176237080003,1520.0,234.25,22.0,1263.75,1609.7725860484472,82.25,152.0,0.0,22.0,248.5,48.5,232.25,734.5,0.0,0.0,61.77591784090395,27.996668207543376,42543.0,0,0,0,35,SALT LAKE
1071,350166,249.0,404.94626106906486,0.6148964046306684,1358.75,221.0,26.5,1111.25,1431.7187029264612,139.0,82.0,0.0,26.5,239.5,42.5,71.25,758.0,0.0,0.0,52.97108277821592,19.997620148245268,42543.0,0,0,0,35,SALT LAKE
1072,350167,396.25,682.4129696752163,0.5806601245996086,974.0,235.5,10.0,728.5,1050.634506111781,42.5,193.0,1.0,9.0,315.25,24.0,140.75,248.5,0.0,0.0,45.13821650524304,31.49628960653798,42543.0,0,0,0,35,SALT LAKE
1073,350168,488.0,613.5029710731799,0.795432170681029,507.0,40.25,16.5,450.25,578.7772814758486,10.25,30.0,0.0,16.5,129.25,5.5,119.0,196.5,0.0,0.0,32.7819221867703,38.99535928907827,42543.0,0,0,0,35,SALT LAKE
1074,350169,282.0,502.9717968911638,0.5606676194232436,1166.5,175.25,7.5,983.75,1236.9595880120655,53.5,121.75,1.25,6.25,114.0,38.5,565.25,266.0,0.0,0.0,47.962935996980576,22.49665201508492,42543.0,0,0,0,35,SALT LAKE
1075,350170,208.0,366.2989438828804,0.5678422050447011,2310.0,460.75,97.25,1752.0,2409.944267720559,98.5,362.25,0.0,97.25,188.75,78.25,933.25,551.75,0.0,0.0,82.9462310720281,16.998036648530416,42543.0,0,0,0,35,SALT LAKE
1076,350171,110.5,196.32760777241535,0.5628347498029546,2982.5,270.25,91.0,2621.25,3093.1181033253315,111.5,158.75,0.0,91.0,719.0,520.5,630.75,751.0,0.0,0.0,101.86909853054962,8.749004794781685,50921.0,0,0,0,35,SALT LAKE
1077,350172,357.0,553.7960490020688,0.6446416521809933,3215.75,410.25,71.0,2734.5,3361.456591364516,56.0,354.25,23.75,47.25,960.0,25.5,390.75,1358.25,0.0,0.0,117.70992315697292,27.996668207543376,50921.0,0,0,0,35,SALT LAKE
1078,350173,120.5,238.3406538892878,0.5055788764260659,1292.75,196.25,13.75,1082.75,1349.3100279132511,16.0,180.25,2.0,11.75,418.5,17.5,265.5,381.25,0.0,0.0,46.56121783912849,9.998810074122632,50921.0,0,0,0,35,SALT LAKE
1079,350174,129.25,209.58489185662228,0.6166952152658998,5213.5,674.5,152.0,4387.0,5399.441922151164,157.0,517.5,0.0,152.0,1133.0,249.5,2059.5,945.0,0.0,0.0,175.9425061869032,9.999415964261276,50921.0,0,0,0,35,SALT LAKE
1080,350175,0.0,0.0,0.0,4013.75,309.0,84.25,3620.5,4145.989144354583,32.5,276.5,13.5,70.75,1260.0,12.25,145.5,2202.75,0.0,0.0,132.2391443545833,0.0,50921.0,0,0,0,35,SALT LAKE
1081,350176,111.75,221.7380956541212,0.5039729401045888,2949.5,196.25,47.25,2706.0,3059.357158492716,25.5,170.75,0.0,47.25,958.25,49.25,913.5,785.0,0.0,0.0,100.85822942600544,8.998929066710371,50921.0,0,0,0,35,SALT LAKE
1082,350177,121.0,186.01075937028293,0.6505000055353302,3987.0,99.75,162.5,3724.75,4183.172801208429,65.25,34.5,2.0,160.5,1271.5,1494.75,201.75,756.75,0.0,50.83011729959438,135.3438738347116,9.998810074122632,50921.0,0,0,0,35,SALT LAKE
1083,350178,265.0,411.71556088524096,0.6436482493647221,1821.25,210.5,10.0,1600.75,1910.9820719841728,67.0,143.5,0.0,10.0,712.75,17.75,170.0,700.25,0.0,0.0,68.73457082851525,20.99750115565753,50921.0,0,0,0,35,SALT LAKE
1084,350179,485.5,881.0621418666037,0.5510394521905432,2116.25,653.5,12.5,1450.25,2240.9015080690083,543.75,109.75,0.0,12.5,462.25,521.0,235.75,231.25,0.0,0.0,85.65637601824025,38.99513205076816,50921.0,0,0,0,35,SALT LAKE
1085,350180,262.25,384.0185651731068,0.6829096918316532,1593.25,167.25,40.25,1385.75,1681.7197790874595,98.75,68.5,5.0,35.25,256.25,444.75,203.25,481.5,0.0,0.0,67.4733706867076,20.99640840075205,39970.0,0,0,0,35,SALT LAKE
1086,350181,415.75,600.7557043850662,0.6920450308924855,2623.0,280.25,65.25,2277.5,2756.551202137414,98.0,182.25,0.0,65.25,450.0,136.5,918.25,772.75,0.0,0.0,100.0550748928854,33.496127244528566,39970.0,0,0,0,35,SALT LAKE
1087,350182,211.0,302.3279175129506,0.6979176840027073,2512.75,80.75,55.25,2376.75,2619.4854723079275,49.0,31.75,2.0,53.25,1043.5,67.75,313.0,952.5,0.0,0.0,89.73749518191872,16.99797712600848,39970.0,0,0,0,35,SALT LAKE
1088,350183,367.5,531.1056158169313,0.69195276618328,346.75,18.75,13.75,314.25,399.27877237072585,9.5,9.25,9.0,4.75,66.75,10.0,146.5,91.0,0.0,0.0,23.53222315577021,28.996549214955635,39970.0,0,0,0,35,SALT LAKE
1089,350184,411.0,580.1075298632213,0.7084893383419902,528.0,90.75,20.75,416.5,591.934191040034,67.75,23.0,7.75,13.0,108.25,26.25,45.25,236.75,0.0,0.0,30.93811779542928,32.99607324460469,39970.0,0,0,0,35,SALT LAKE
1090,350185,690.0,1111.2842976045715,0.6209032211535152,480.75,122.5,14.5,343.75,574.3166956840275,41.75,80.75,0.0,14.5,114.0,13.0,51.5,165.25,0.0,0.0,38.57324027635311,54.99345540767449,39970.0,0,0,0,35,SALT LAKE
1091,350186,731.75,1047.77143301603,0.6983870498297933,36.25,9.5,5.5,21.25,126.0476716276584,3.75,5.75,0.0,5.5,2.25,1.25,3.0,14.75,0.0,0.0,31.554648925818448,58.24302270183996,56384.0,0,0,0,35,SALT LAKE
1092,350187,488.0,775.146484801334,0.6295584248505904,481.5,64.25,14.5,402.75,558.4538227034469,55.25,9.0,0.0,14.5,146.5,19.75,45.25,191.25,0.0,0.0,37.95846341436874,38.99535928907827,56384.0,0,0,0,35,SALT LAKE
1093,350188,224.0,425.3184291991829,0.5266642229017955,932.5,95.75,14.5,822.25,994.0708979199272,62.5,33.25,0.0,14.5,135.25,229.0,135.0,323.0,0.0,0.0,43.8228071501758,17.748090769751578,25840.0,0,0,0,35,SALT LAKE
1094,350189,818.0,1195.8815255372049,0.6840142460036284,111.5,49.25,2.25,60.0,207.616830151612,10.75,38.5,0.0,2.25,20.0,2.5,3.0,34.5,0.0,0.0,30.87464039788617,65.2421897537258,56384.0,0,0,0,35,SALT LAKE
1095,350190,336.5,569.2418218976056,0.5911371706285649,1028.0,93.0,34.5,900.5,1101.438552275929,65.5,27.5,4.0,30.5,178.25,68.25,40.25,613.75,0.0,0.0,46.44176507579779,26.99678720013111,56384.0,0,0,0,35,SALT LAKE
1096,350191,522.5,909.2310954866208,0.574661384320955,841.75,87.25,26.5,728.0,929.6967327876014,58.25,29.0,0.0,26.5,240.25,50.75,74.0,363.0,0.0,0.0,46.20176835753399,41.74496443006736,25840.0,0,75,73,35,SALT LAKE
1097,350192,553.25,794.0448868719233,0.6967490240753069,837.75,64.75,6.25,766.75,931.698908821011,39.0,25.75,0.0,6.25,77.5,31.25,509.0,149.0,0.0,3.6307226634791694,46.32342183139207,43.99476432613959,60033.0,0,0,0,35,SALT LAKE
1098,350193,627.25,1041.666660859775,0.6021600033568107,210.25,24.0,4.25,182.0,287.8329905760052,7.25,16.75,0.0,4.25,22.75,7.75,85.25,66.25,0.0,0.0,27.588940205392014,49.99405037061317,41753.0,0,0,0,35,SALT LAKE
1099,350194,620.5,905.0901872923532,0.6855670392983415,327.75,50.5,8.75,268.5,409.2377252154573,41.75,8.75,3.0,5.75,52.0,21.75,107.0,87.75,0.0,0.0,31.74371272609186,49.744012489365474,47503.0,0,0,0,35,SALT LAKE
1100,350195,480.75,907.1491824238768,0.5299569346636566,143.5,21.0,8.0,114.5,203.5612378757289,14.0,7.0,0.0,8.0,28.25,15.5,12.0,58.75,0.0,0.0,21.815835322134195,38.24540255359469,40464.0,0,0,0,35,SALT LAKE
1101,350196,313.25,688.7764241072363,0.4547919891509379,308.5,273.25,0.0,35.25,356.9797775997882,83.5,189.75,0.0,0.0,5.0,0.25,21.75,8.25,0.0,0.0,23.482752414481563,24.997025185306583,30252.0,0,0,0,35,SALT LAKE
1102,350197,372.0,807.2351398205194,0.4608322676372964,7549.0,84.75,509.75,6954.5,7839.966468629564,33.5,51.25,445.5,64.25,1588.5,230.5,4784.0,351.5,0.0,0.0,260.9700384071953,29.996430222367906,31535.0,0,0,0,35,SALT LAKE
1103,350198,0.0,0.0,0.0,0.0,0.0,0.0,0.0,0.0,0.0,0.0,0.0,0.0,0.0,0.0,0.0,0.0,0.0,0.0,0.0,0.0,45129.0,0,0,0,35,SALT LAKE
1104,350199,0.0,0.0,0.0,396.0,38.25,152.75,205.0,409.0491923950775,31.5,6.75,0.0,152.75,16.5,45.75,0.0,142.75,0.0,0.0,13.04919239507751,0.0,69745.0,0,0,0,35,SALT LAKE
1105,350200,0.0,0.0,0.0,3488.75,19.25,1605.75,1863.75,3603.693064311148,15.5,3.75,282.25,1323.5,1788.25,16.0,0.0,59.5,0.0,0.0,114.94306431114754,0.0,69745.0,0,0,0,35,SALT LAKE
1106,350201,0.0,0.0,0.0,1557.5,92.5,1433.0,32.0,1608.8167274904683,91.75,0.75,438.25,994.75,14.5,2.25,9.0,6.25,0.0,0.0,51.31672749046836,0.0,69745.0,0,0,0,35,SALT LAKE
1107,350202,0.0,0.0,0.0,811.75,9.25,661.0,141.5,838.4933708069807,8.0,1.25,304.75,356.25,8.0,9.25,0.0,124.25,0.0,0.0,26.74337080698065,0.0,69745.0,0,0,0,35,SALT LAKE
1108,350203,697.75,1186.6041170891028,0.5880225678903536,42.25,9.0,0.0,33.25,128.87524459863718,0.5,8.5,0.0,0.0,2.0,0.5,1.0,29.75,0.0,0.0,30.631908183550426,55.99333641508675,38757.0,0,0,0,35,SALT LAKE
1109,350204,346.0,1022.6179507267392,0.3383472779390483,12.75,0.25,0.0,12.5,54.31582392779551,0.25,0.0,0.0,0.0,1.0,1.25,0.0,10.25,0.0,0.0,14.069134097009954,27.49668983078556,54400.0,0,0,0,35,SALT LAKE
1110,350205,235.5,425.4247677372461,0.5535643851968939,302.25,32.25,10.25,259.75,343.96842587706334,23.0,9.25,0.0,10.25,44.5,53.25,80.0,82.0,0.0,0.0,22.72068673623031,18.997739140833005,37920.0,0,0,0,35,SALT LAKE
1111,350206,246.25,463.0830483923553,0.5317620691469586,253.0,12.0,0.5,240.5,292.19100306056515,8.5,3.5,0.0,0.5,13.75,203.75,0.0,23.0,0.0,0.0,19.443361271045635,19.747641789519506,32294.0,0,0,0,35,SALT LAKE
1112,350207,115.25,220.13104536703588,0.5235517771145715,230.25,32.0,4.25,194.0,261.89428320499115,23.5,8.5,3.0,1.25,19.75,11.5,93.0,69.75,0.0,0.0,22.645354138280798,8.998929066710371,32294.0,0,0,0,35,SALT LAKE
1113,350208,81.25,148.8137932200981,0.5459843354696959,54.0,12.25,0.25,41.5,68.71386879260872,7.75,4.5,0.0,0.25,10.25,7.0,0.0,24.25,0.0,0.0,7.964680099448634,6.749188693160082,34270.0,0,0,0,35,SALT LAKE
1114,350209,1245.25,2267.929212056256,0.5490691655543223,864.25,79.5,170.75,614.0,1032.9374409249465,60.5,19.0,56.0,114.75,334.75,58.0,0.0,221.25,0.0,0.0,69.44912922308762,99.23831170185883,50921.0,0,0,0,35,SALT LAKE
1115,350210,561.75,1251.1188164766472,0.44899812280178053,717.25,77.25,219.25,420.75,849.6927781420056,48.5,28.75,118.25,101.0,156.75,45.25,0.0,218.75,0.0,0.0,87.69774866024409,44.7450294817615,50921.0,0,0,0,35,SALT LAKE
1116,350211,466.75,818.7110505324017,0.570103456764723,52.25,4.75,13.0,34.5,122.85180240824334,4.0,0.75,2.5,10.5,8.5,18.25,0.0,7.75,0.0,0.0,33.35620511595754,37.2455972922858,50921.0,0,0,0,35,SALT LAKE
1117,350212,129.25,230.39372792365745,0.5609961745261914,205.25,36.5,8.0,160.75,226.84249663019077,24.25,12.25,0.0,8.0,39.25,10.0,0.0,111.5,0.0,0.0,11.09426543804878,10.498231192141946,50921.0,0,0,0,35,SALT LAKE
1118,350213,709.5,1211.904580744937,0.5854421307359714,69.75,8.75,24.25,36.75,152.16792046160276,7.0,1.75,4.0,20.25,7.0,4.75,0.0,25.0,0.0,0.0,25.674627311032417,56.74329315057033,50921.0,0,0,0,35,SALT LAKE
1119,350214,0.0,0.0,0.0,365.25,64.75,114.25,186.25,377.2861855801772,56.0,8.75,83.0,31.25,44.0,28.75,0.0,113.5,0.0,0.0,12.036185580177168,0.0,50921.0,0,0,0,35,SALT LAKE
1120,350215,275.0,481.81056283526254,0.5707637424587269,408.75,76.5,29.75,302.5,460.9470953799925,52.75,23.75,18.0,11.75,111.75,28.75,0.0,162.0,0.0,0.0,30.19998373450124,21.997111645491252,50921.0,0,0,0,35,SALT LAKE
1121,350216,468.5,822.2345587992938,0.5697887482182078,169.25,72.75,3.5,93.0,227.94244060783373,25.5,47.25,0.0,3.5,15.25,4.25,0.0,73.5,0.0,0.0,20.94666477093424,37.7457758368995,50921.0,0,0,0,35,SALT LAKE
1122,350217,826.25,1328.068277554412,0.6221442180077582,15.0,4.5,4.0,6.5,108.2073806021402,4.0,0.5,2.0,2.0,0.0,0.5,0.0,6.0,0.0,0.0,27.715190830382348,65.49218977175786,50921.0,0,0,0,35,SALT LAKE
1123,350218,0.0,0.0,0.0,652.75,160.0,69.5,423.25,674.2599392792895,131.0,29.0,16.25,53.25,51.75,120.5,75.0,176.0,0.0,0.0,21.50993927928949,0.0,50921.0,0,0,0,35,SALT LAKE
1124,350219,369.75,611.5303726830573,0.6046306389946609,773.25,87.5,14.25,671.5,842.3513754714893,54.75,32.75,0.0,14.25,212.75,44.25,34.0,380.5,0.0,0.0,39.35483700996605,29.74653846152316,50921.0,0,0,0,35,SALT LAKE
1125,350220,279.0,450.6576427548142,0.6190952366734704,269.25,48.5,20.75,200.0,313.2966301128438,21.25,27.25,0.0,20.75,34.0,9.5,0.0,156.5,0.0,0.0,22.04924794977397,21.997382163069798,50921.0,0,0,0,35,SALT LAKE
1126,350221,328.5,570.0820119710162,0.5762328807117342,569.5,141.25,8.5,419.75,653.1455041534649,63.25,78.0,0.0,8.5,117.25,11.25,0.0,291.25,0.0,0.0,57.39882516135203,26.246678992112876,50921.0,0,0,0,35,SALT LAKE
1127,350222,460.25,793.1576432970131,0.5802755655065289,590.0,84.75,5.5,499.75,1440.5810588979143,55.25,29.5,0.0,5.5,171.75,45.75,34.5,247.75,0.0,0.0,814.085191122474,36.495867775440246,50921.0,0,0,0,35,SALT LAKE
1128,350223,746.75,1265.6562147999134,0.5900101396160355,60.0,12.5,1.0,46.5,146.32251802520227,12.5,0.0,0.0,1.0,19.0,0.5,0.0,27.0,0.0,0.0,26.57963593919224,59.74288208601004,50921.0,0,0,0,35,SALT LAKE
1129,350224,146.5,268.4670526401202,0.5456907972852189,168.0,38.75,1.75,127.5,222.0467588474072,28.25,10.5,0.0,1.75,26.0,4.75,0.0,96.75,0.0,0.0,42.29713730085503,11.749621546552156,50921.0,0,0,0,35,SALT LAKE
1130,350225,505.25,824.399993107771,0.61286997115968,1190.0,293.0,21.0,876.0,1393.1368594177518,159.75,133.25,0.0,21.0,162.0,29.25,0.0,684.75,0.0,0.0,162.64102946288915,40.49582995486285,50921.0,0,0,0,35,SALT LAKE
1131,350226,541.0,935.1947296926584,0.5784891454401093,886.75,96.0,22.25,768.5,977.0145153959744,70.5,25.5,0.0,22.25,187.0,47.75,176.5,357.25,0.0,0.0,47.01966994210285,43.244845453871655,50921.0,0,0,0,35,SALT LAKE
1132,350227,1297.0,2203.8129241103657,0.5885254532317313,645.25,102.75,29.0,513.5,812.6408933061982,71.75,31.0,7.0,22.0,198.75,37.0,0.0,277.75,0.0,0.0,64.15330089397243,103.23759241222577,50921.0,0,0,0,35,SALT LAKE
1133,350228,0.0,0.0,0.0,1004.75,93.25,92.25,819.25,1037.85426256295,51.75,41.5,0.0,92.25,278.0,45.0,0.0,496.25,0.0,0.0,33.104262562950055,0.0,50921.0,0,0,0,35,SALT LAKE
1134,350229,0.0,0.0,0.0,265.5,218.25,0.75,46.5,274.24821509060286,16.0,202.25,0.0,0.75,7.75,3.5,0.0,35.25,0.0,0.0,8.748215090602837,0.0,50921.0,0,0,0,35,SALT LAKE
1135,350230,0.0,0.0,0.0,0.0,0.0,0.0,0.0,0.0,0.0,0.0,0.0,0.0,0.0,0.0,0.0,0.0,0.0,0.0,0.0,0.0,50921.0,0,0,0,35,SALT LAKE
1136,350231,1172.75,1987.2384428438568,0.5901405562191746,287.25,39.75,2.25,245.25,428.80442759034673,24.5,15.25,0.0,2.25,91.25,26.25,0.0,127.75,0.0,0.0,48.31603491813128,93.23839267221548,50921.0,0,0,0,35,SALT LAKE
1137,350232,686.25,1080.057209515962,0.6353830093014697,400.25,110.75,9.25,280.25,490.5715070969391,87.5,23.25,0.0,9.25,69.75,23.75,0.0,186.75,0.0,0.0,35.8282029716608,54.49330412527826,50921.0,0,0,0,35,SALT LAKE
1138,350233,0.0,0.0,0.0,647.75,589.5,0.5,57.75,669.091323616416,18.5,571.0,0.0,0.5,10.75,2.75,0.5,43.75,0.0,0.0,21.34132361641601,0.0,50921.0,0,0,0,35,SALT LAKE
1139,350234,0.0,0.0,0.0,2997.75,251.25,92.0,2654.5,3096.516165987124,174.0,77.25,0.0,92.0,745.5,586.25,282.5,1040.25,0.0,0.0,98.76616598712393,0.0,50921.0,0,0,0,35,SALT LAKE
1140,350235,359.5,575.5460939795004,0.6246241678304302,1141.0,226.5,65.5,849.0,1221.429968856488,160.0,66.5,32.5,33.0,189.0,160.25,32.0,467.75,0.0,0.0,51.68336013704256,28.74660871944552,22976.0,0,408,0,35,SALT LAKE
1141,350236,0.0,0.0,0.0,1280.0,274.5,44.75,960.75,1322.175361549392,182.0,92.5,0.0,44.75,253.5,121.25,41.0,545.0,0.0,0.0,42.175361549391845,0.0,22976.0,0,0,0,35,SALT LAKE
1142,350237,0.0,0.0,0.0,545.0,230.75,9.0,305.25,562.9564581475544,211.0,19.75,0.0,9.0,60.75,12.25,0.5,231.75,0.0,0.0,17.956458147554418,0.0,22976.0,0,0,0,35,SALT LAKE
1143,350238,0.0,0.0,0.0,616.5,28.75,10.0,577.75,636.8115949810627,23.0,5.75,0.75,9.25,22.0,505.25,14.5,36.0,0.0,0.0,20.31159498106272,0.0,50921.0,0,0,0,35,SALT LAKE
1144,350239,180.5,290.2908305681122,0.6217902220568021,242.25,51.25,34.75,156.25,270.17939545047483,40.0,11.25,0.0,34.75,39.0,19.0,0.0,98.25,0.0,0.0,13.931061346703116,13.998334103771688,33167.0,0,0,0,35,SALT LAKE
1145,350240,386.0,618.1567780290115,0.6244370582342529,658.75,54.5,23.0,581.25,724.1677690594701,41.75,12.75,0.0,23.0,97.5,179.0,66.0,238.75,0.0,0.0,34.42145782968991,30.996311229780165,22976.0,0,0,0,35,SALT LAKE
1146,350241,510.5,704.7409594552129,0.7243796364477421,396.5,13.0,2.5,381.0,467.1295619358387,5.75,7.25,0.0,2.5,3.0,362.5,0.0,15.5,0.0,0.0,29.8843649038646,40.74519703197412,22976.0,0,0,0,35,SALT LAKE
1147,350242,0.0,0.0,0.0,302.0,2.25,0.5,299.25,311.9498899501554,0.75,1.5,0.0,0.5,227.75,0.5,0.5,70.5,0.0,0.0,9.94988995015541,0.0,22976.0,0,0,0,35,SALT LAKE
1148,350243,479.0,826.2440688292454,0.5797318468848118,57.75,11.0,3.5,43.25,113.4295652115932,4.75,6.25,0.0,3.5,8.75,4.0,0.0,30.5,0.0,0.0,17.684086929927197,37.99547828166601,40130.0,0,0,0,35,SALT LAKE
1149,350244,96.5,163.67022007746434,0.5896002336547663,1.0,0.0,0.0,1.0,12.211190254120982,0.0,0.0,0.0,0.0,1.0,0.0,0.0,0.0,0.0,0.0,3.212142194822875,7.999048059298107,40130.0,0,0,0,35,SALT LAKE
1150,350245,402.75,518.0393176434613,0.7774506418394891,110.5,7.75,3.5,99.25,162.19117510877385,4.75,3.0,0.0,3.5,58.0,10.0,0.0,31.25,0.0,0.0,19.945020752829137,31.74615435594473,22976.0,0,0,0,35,SALT LAKE
1151,350246,510.0,662.0181864627302,0.7703715855979911,994.5,28.75,226.5,739.25,1084.5466788873166,18.75,10.0,1.0,225.5,69.0,474.5,7.0,188.75,0.0,0.0,49.55147643764959,40.49520244966692,22976.0,0,0,0,35,SALT LAKE
1152,350247,311.5,445.25333518704906,0.6996017219481133,74.5,37.75,0.0,36.75,112.21474762029756,15.25,22.5,0.0,0.0,4.0,3.5,6.0,23.25,0.0,0.0,12.717722434990982,24.997025185306583,28852.0,0,0,0,35,SALT LAKE
1153,350248,434.5,673.7222079206591,0.6449245622183333,262.5,83.0,4.75,174.75,320.4599622460108,65.75,17.25,0.0,4.75,35.75,20.0,0.0,119.0,0.0,0.0,22.964126986581537,34.995835259429214,46301.0,0,0,0,35,SALT LAKE
1154,350249,252.0,410.1061237390816,0.6144750965979914,33.75,3.5,0.0,30.25,63.15659334854515,2.75,0.75,0.0,0.0,7.75,1.5,0.0,21.0,0.0,0.0,9.40897320029988,19.997620148245268,46301.0,0,0,0,35,SALT LAKE
1155,350250,439.5,715.8478016241593,0.6139573230550343,133.75,5.25,0.5,128.0,187.61813434186035,3.0,2.25,0.0,0.5,15.5,1.75,0.0,110.75,0.0,0.0,18.87229908243114,34.995835259429214,46301.0,0,0,0,35,SALT LAKE
1156,350251,532.75,791.4170958312959,0.6731595802089734,65.75,61.5,0.0,4.25,127.46486159756894,3.5,58.0,0.0,0.0,0.75,0.5,0.0,3.0,0.0,0.0,19.71985928625388,41.99500231131506,43390.0,0,0,0,35,SALT LAKE
1157,350252,339.75,567.5780252631572,0.5985961134462088,1361.5,695.0,17.5,649.0,1449.2925556790838,436.5,258.5,0.0,17.5,157.5,56.25,11.0,424.25,0.0,0.0,60.7957684789525,26.99678720013111,46301.0,0,0,0,35,SALT LAKE
1158,350253,328.75,583.8894137455113,0.5630346984562491,837.5,213.5,42.25,581.75,909.4883631459656,161.0,52.5,0.0,42.25,217.25,56.0,0.0,308.5,0.0,0.0,45.74147851092795,26.24688463503777,46301.0,0,0,0,35,SALT LAKE
1159,350254,671.5,1104.1845869496744,0.608141073454963,497.5,140.5,30.0,327.0,593.7077849524646,91.0,49.5,25.25,4.75,93.75,29.0,81.0,123.25,0.0,0.0,42.71397793390366,53.493807018561,47798.0,0,0,0,35,SALT LAKE
1160,350255,568.0,951.9727025839036,0.5966557638242137,784.5,31.0,0.0,753.5,874.0582084972372,11.25,19.75,0.0,0.0,17.25,3.0,692.0,41.25,0.0,0.0,44.56356316368533,44.99464533355185,34196.0,0,0,0,35,SALT LAKE
1161,350256,524.0,867.5151754223014,0.6040240157700064,707.5,326.5,9.75,371.25,790.067526533449,161.5,165.0,0.0,9.75,20.25,54.25,180.0,116.75,0.0,0.0,40.57252422213402,41.99500231131506,34196.0,188,0,0,35,SALT LAKE
1162,350257,453.0,868.0074151036999,0.5218849425910498,480.5,218.5,8.25,253.75,551.0024628692709,83.5,135.0,4.75,3.5,23.0,179.0,2.0,49.75,0.0,0.0,34.5067466024294,35.995716266841484,59246.0,0,0,0,35,SALT LAKE
1163,350258,658.0,1202.4385757768084,0.5472212994954141,11.0,0.25,0.0,10.75,85.0351248909144,0.25,0.0,0.0,0.0,0.0,0.0,0.75,10.0,0.0,0.0,22.04131250547672,51.99381238543769,35273.0,0,0,0,35,SALT LAKE
1164,350259,444.75,801.8178109911801,0.5546771272768499,23.5,17.75,2.0,3.75,75.7365534155478,1.0,16.75,2.0,0.0,0.25,0.25,0.0,3.25,0.0,1.8153613317395847,15.425356824379003,34.995835259429214,39092.0,0,0,0,35,SALT LAKE
1165,350260,408.5,782.654272127451,0.5219418261010629,271.0,10.0,1.25,259.75,327.8827192462523,9.5,0.5,0.0,1.25,11.0,230.5,1.0,17.25,0.0,0.0,24.13668388289528,32.74603536335699,61652.0,0,0,1956,35,SALT LAKE
1166,350261,224.25,523.9641507395642,0.42798729585502354,633.25,21.25,8.0,604.0,680.5006627864989,16.5,4.75,0.0,8.0,14.0,534.5,3.25,52.25,0.0,0.0,29.2528046530781,17.997858133420742,27416.0,0,0,0,35,SALT LAKE
1167,350262,0.0,0.0,0.0,3589.5,5.75,1.25,3582.5,3707.762120803401,3.5,2.25,0.0,1.25,100.0,552.25,2804.0,126.25,0.0,0.0,118.26212080340107,0.0,25693.0,0,0,0,35,SALT LAKE
1168,350263,634.0,1453.0071416350406,0.4363364651371033,0.0,0.0,0.0,0.0,71.88211094225898,0.0,0.0,0.0,0.0,0.0,0.0,0.0,0.0,0.0,0.0,20.888179564233543,50.99393137802543,25693.0,0,0,0,35,SALT LAKE
1169,350264,0.0,0.0,0.0,260.75,7.75,2.75,250.25,270.3534898739776,5.25,2.5,0.0,2.75,20.25,32.75,0.0,197.25,1.0129337141931154,0.0,8.590556159784471,0.0,31535.0,0,0,0,35,SALT LAKE
1170,350265,0.0,0.0,0.0,73.0,8.25,6.75,58.0,75.40510584887862,6.0,2.25,0.5,6.25,11.25,23.75,0.0,23.0,0.0,0.0,2.405105848878626,0.0,45129.0,0,0,0,35,SALT LAKE
1171,350266,0.0,0.0,0.0,750.75,78.5,339.25,333.0,775.4872663767513,65.5,13.0,181.75,157.5,58.5,62.5,0.0,212.0,0.0,0.0,24.737266376751336,0.0,45129.0,0,0,0,35,SALT LAKE
1172,350267,0.0,0.0,0.0,0.0,0.0,0.0,0.0,0.0,0.0,0.0,0.0,0.0,0.0,0.0,0.0,0.0,0.0,0.0,0.0,0.0,69745.0,0,0,0,35,SALT LAKE
1173,350268,0.0,0.0,0.0,1836.5,133.5,1413.0,290.0,1897.006424012916,131.75,1.75,542.5,870.5,66.0,9.5,94.25,120.25,0.0,0.0,60.50642401291618,0.0,69745.0,0,0,0,35,SALT LAKE
1174,350269,0.0,0.0,0.0,2343.25,53.0,1597.75,692.5,2420.452815735381,43.0,10.0,700.75,897.0,253.75,51.0,10.5,377.25,0.0,0.0,77.20281573538095,0.0,69745.0,0,0,0,35,SALT LAKE
1175,350270,0.0,0.0,0.0,1341.25,106.25,733.75,501.25,1385.4399781618497,81.75,24.5,284.0,449.75,117.25,92.5,0.0,291.5,0.0,0.0,44.18997816184973,0.0,69745.0,0,0,0,35,SALT LAKE
1176,350271,0.0,0.0,0.0,428.0,65.25,352.25,10.5,442.10111670667175,64.75,0.5,346.75,5.5,0.5,0.75,0.0,9.25,0.0,0.0,14.101116706671776,0.0,69745.0,0,0,0,35,SALT LAKE
1177,350272,83.25,224.07285905865336,0.3715309402028403,1703.0,238.75,407.5,1056.75,1768.7597608170454,149.5,89.25,86.5,321.0,176.0,198.5,9.0,673.25,0.0,0.0,58.76059376515941,6.999167051885844,69745.0,574,129,0,35,SALT LAKE
1178,350273,464.75,1252.732120550556,0.3709891303782885,486.25,56.0,68.25,362.0,571.8189168115125,34.0,22.0,25.5,42.75,117.5,91.75,2.0,150.75,0.0,0.0,48.32328165601104,37.245635155501446,47029.0,391,84,0,35,SALT LAKE
1179,350274,400.75,1091.3143168902,0.36721776100397346,243.75,60.0,27.75,156.0,316.2254126329824,44.25,15.75,0.0,27.75,28.75,22.5,1.0,103.75,0.0,0.0,40.47922039578998,31.996192237192428,44639.0,0,0,0,35,SALT LAKE
1180,350275,523.75,1398.7346982553172,0.3744455618733765,0.0,0.0,0.0,0.0,63.9996155608918,0.0,0.0,0.0,0.0,0.0,0.0,0.0,0.0,0.0,0.0,22.254651130824435,41.74496443006736,59421.0,0,0,0,35,SALT LAKE
1181,350276,182.0,542.7968668402527,0.3353003878955022,92.0,0.25,0.0,91.75,117.27567057049652,0.25,0.0,0.0,0.0,0.0,91.75,0.0,0.0,0.0,0.0,10.527379731241268,14.748290839255269,56172.0,284,0,0,35,SALT LAKE
1182,350277,80.75,229.0338055552836,0.35256804035642136,43.25,13.0,0.25,30.0,68.58409018398855,11.0,2.0,0.25,0.0,9.0,1.5,0.0,19.5,0.0,0.0,18.834885285279093,6.499204898709458,34780.0,0,0,0,35,SALT LAKE
1183,350278,133.0,390.0959892135608,0.3409417263379968,271.25,15.5,139.0,116.75,326.0637923292528,11.75,3.75,115.75,23.25,76.0,6.0,0.0,34.75,0.0,0.0,44.06507960644366,10.748712722809136,48701.0,0,0,0,35,SALT LAKE
1184,350279,88.5,163.92014567511387,0.5398970311764184,240.0,49.0,52.0,139.0,258.82534342258344,26.25,22.75,41.25,10.75,32.0,28.5,0.0,78.5,0.0,0.0,11.826176370697588,6.999167051885844,32294.0,0,0,0,35,SALT LAKE
1185,350280,0.0,0.0,0.0,462.5,6.25,428.75,27.5,477.73937960295,5.25,1.0,302.0,126.75,1.5,3.5,0.0,22.5,0.0,0.0,15.239379602950011,0.0,48701.0,0,0,0,35,SALT LAKE
1186,350281,462.5,881.241406287892,0.5248278130146171,1062.75,232.0,36.25,794.5,1158.1076680569909,182.75,49.25,20.25,16.0,283.5,72.25,0.0,438.75,0.0,0.0,58.36209233877826,36.995575718212685,19046.0,0,0,0,35,SALT LAKE
1187,350282,122.5,278.8460565473846,0.43931049811774353,635.5,83.25,75.0,477.25,670.2735080380861,62.5,20.75,59.5,15.5,144.0,77.75,0.0,255.5,0.0,0.0,25.024513939360617,9.74899409872541,48701.0,0,0,0,35,SALT LAKE
1188,350283,627.5,1384.6462467882675,0.45318434326132534,1004.25,237.5,13.0,753.75,1113.7292609153942,175.5,62.0,3.0,10.0,171.0,70.5,7.75,504.5,0.0,0.0,59.48530793051883,49.993952984875584,19046.0,0,0,0,35,SALT LAKE
1189,350284,473.9999343614457,991.3296604217754,0.4781456192481678,678.2499060773218,96.99998656763762,15.999997784352598,565.2499217253317,776.0489471844015,64.49999106817141,32.499995499466216,0.749999896141528,15.24999788821107,191.49997348147016,38.49999466859844,0.0,335.249953575263,0.0,7.261444322768934,52.79177211215692,37.745824672154015,19046.0,0,0,0,35,SALT LAKE
1190,350285,843.5000024775421,1510.2990872862526,0.5584986507494792,142.00000041708475,69.25000020340224,8.50000002496634,64.25000018871616,241.45172341671642,7.750000022763428,61.500000180638814,7.000000020560515,1.5000000044058246,13.750000040386727,5.750000016888995,0.0,44.75000013144044,0.0,0.0,32.45969530623995,66.99202769339173,19046.0,0,0,0,35,SALT LAKE
1191,350286,446.999966790999,852.3874967387852,0.5244093425832858,312.74997676484327,42.74999682397138,3.2499997585475318,266.74998018232435,384.21105667819006,30.24999775263472,12.49999907133666,0.0,3.2499997585475318,79.7499940751279,27.99999791979412,41.249996935410984,117.74999125199135,0.0,0.0,35.71519318836817,35.74588672497862,19046.0,0,0,0,35,SALT LAKE
1192,350287,591.0,1044.89073317676,0.5656093802298301,721.5,82.25,17.25,622.0,838.0160388236073,58.75,23.5,0.0,17.25,100.5,327.0,10.75,183.75,0.0,0.0,69.52166933844666,46.99436948516073,19046.0,0,0,258,35,SALT LAKE
1193,350288,726.0,1252.5681884802143,0.579609163538539,372.0,83.25,6.5,282.25,491.34903246587294,65.25,18.0,3.75,2.75,78.0,22.75,2.5,179.0,0.0,0.0,61.35587994916459,57.99315251670835,19046.0,0,0,0,35,SALT LAKE
1194,350289,877.75,1662.3877017009754,0.5280055904539449,516.25,123.0,3.0,390.25,632.9880416871581,85.75,37.25,0.0,3.0,85.75,93.25,14.5,196.75,0.0,0.0,46.74646855403725,69.99157313312085,70218.0,404,0,0,35,SALT LAKE
1195,350290,688.25,1239.9539292926486,0.5550609452019102,353.25,95.25,3.0,255.0,447.0597991698271,27.0,68.25,0.0,3.0,18.5,5.75,99.75,131.0,0.0,0.0,38.81634376215259,54.99345540767449,76177.0,0,0,0,35,SALT LAKE
1196,350291,0.0,0.0,0.0,74.75,0.0,0.0,74.75,77.2124782434636,0.0,0.0,0.0,0.0,0.0,44.0,0.0,30.75,0.0,0.0,2.462478243463589,0.0,76177.0,0,0,0,35,SALT LAKE
1197,350292,695.0,1330.7608741562444,0.5222576147954889,249.0,121.5,4.0,123.5,337.59513465647814,26.25,95.25,1.0,3.0,19.0,7.75,2.0,94.75,0.0,0.0,33.35170089007788,55.24343376640025,68454.0,0,0,0,35,SALT LAKE
1198,350293,642.25,1387.0184176057974,0.46304359902345077,220.75,86.5,5.0,129.25,306.9298193130654,66.0,20.5,1.0,4.0,12.5,10.0,34.0,72.75,0.0,0.0,34.93594743952986,51.24387187353555,79868.0,0,0,0,35,SALT LAKE
1199,350294,228.0,484.5071724956554,0.4705812688501417,3.0,1.5,0.0,1.5,32.35613080045281,1.5,0.0,0.0,0.0,0.0,0.0,0.0,1.5,0.0,0.0,11.358272667032066,17.997858133420742,126214.0,0,0,0,35,SALT LAKE
1200,350295,317.5,740.5574882710087,0.4287310641355775,2.25,0.75,0.0,1.5,50.03327990172899,0.75,0.0,0.0,0.0,0.0,0.0,0.0,1.5,0.0,0.0,22.536276357696646,25.247003544032346,124089.0,0,0,0,35,SALT LAKE
1201,350296,316.25,658.1937637857147,0.4804816110396332,48.75,0.0,0.25,48.5,85.77229670172643,0.0,0.0,0.0,0.25,0.0,48.5,0.0,0.0,0.0,0.0,12.025271516419847,24.997025185306583,117066.0,470,0,0,35,SALT LAKE
1202,350297,148.0,308.0697643420066,0.4804106638511152,0.0,0.0,0.0,0.0,17.874471201618384,0.0,0.0,0.0,0.0,0.0,0.0,0.0,0.0,0.0,0.0,5.875899112671224,11.99857208894716,117066.0,0,0,0,35,SALT LAKE
1203,350298,532.75,1285.5746009036557,0.4144061337440235,60.5,57.25,0.0,3.25,124.53963383966718,1.25,56.0,0.0,0.0,0.5,0.25,0.0,2.5,0.0,0.0,21.79469103284199,42.24494280682518,114574.0,0,0,0,35,SALT LAKE
1204,350299,592.25,1083.2626228826189,0.5467279932764518,192.75,28.0,22.0,142.75,269.60685850176634,19.75,8.25,0.0,22.0,31.75,54.5,5.0,51.5,0.0,0.0,29.862451153389955,46.99440734837638,85173.0,485,0,0,35,SALT LAKE
1205,350300,237.25,570.7448331755163,0.41568488439919093,427.75,154.0,1.0,272.75,476.4046992613344,3.5,150.5,0.0,1.0,3.0,15.5,1.0,253.25,0.0,0.0,29.90699800174912,18.747701259585305,142362.0,0,0,0,35,SALT LAKE
1206,350301,932.0,1965.2915076715956,0.4742299024658174,0.0,0.0,0.0,0.0,104.69893174272042,0.0,0.0,0.0,0.0,0.0,0.0,0.0,0.0,0.0,0.0,30.70773719421292,73.9911945485075,143431.0,0,0,0,35,SALT LAKE
1207,350302,0.0,0.0,0.0,983.25,148.0,152.0,683.25,1040.9615296613397,97.75,50.25,12.25,139.75,128.75,95.25,0.0,459.25,0.0,0.0,57.71152966133972,0.0,45129.0,0,0,0,35,SALT LAKE
1208,350303,0.0,0.0,0.0,0.0,0.0,0.0,0.0,0.0,0.0,0.0,0.0,0.0,0.0,0.0,0.0,0.0,0.0,0.0,0.0,0.0,45129.0,0,0,0,35,SALT LAKE
1209,350304,0.0,0.0,0.0,43.0,4.75,2.25,36.0,44.41670618495591,3.0,1.75,0.0,2.25,6.5,17.5,0.0,12.0,0.0,0.0,1.4167061849559028,0.0,45129.0,0,0,0,35,SALT LAKE
1210,350305,0.0,0.0,0.0,742.5,74.25,232.5,435.75,766.9691529684249,60.0,14.25,0.0,232.5,30.75,68.25,0.0,336.75,0.0,0.0,24.469152968424886,0.0,45129.0,0,0,0,35,SALT LAKE
1211,350306,0.0,0.0,0.0,6139.5,527.5,4573.0,1039.0,6341.793635779974,500.5,27.0,1551.5,3021.5,293.25,137.75,0.0,608.0,0.0,0.0,202.2936357799736,0.0,69745.0,0,0,0,35,SALT LAKE
1212,350307,0.0,0.0,0.0,6038.5,389.25,3590.5,2058.75,6237.474314257454,330.0,59.25,819.75,2770.75,438.75,224.5,105.0,1290.5,0.0,0.0,198.9743142574542,0.0,69745.0,0,0,0,35,SALT LAKE
1213,350308,0.0,0.0,0.0,11451.25,1434.25,3589.5,6427.5,11828.545872572417,730.25,704.0,1778.5,1811.0,980.75,946.25,230.75,4269.75,0.0,0.0,377.2958725724173,0.0,69745.0,0,0,0,35,SALT LAKE
1214,350309,0.0,0.0,0.0,2917.0,118.5,2101.5,697.0,3013.110711346388,100.25,18.25,1278.25,823.25,81.0,327.75,30.0,258.25,0.0,0.0,96.11071134638811,0.0,69745.0,0,0,0,35,SALT LAKE
1215,350310,0.0,0.0,0.0,1117.0,67.0,754.0,296.0,2088.71841809472,60.5,6.5,393.25,360.75,21.25,26.25,0.0,248.5,0.0,934.911085934335,36.80733216038469,0.0,69745.0,0,0,0,35,SALT LAKE
1216,350311,65.0,178.91533442955833,0.36330032977464816,2483.75,329.75,1315.5,838.5,2572.72502984126,301.25,28.5,925.25,390.25,255.75,121.75,36.0,425.0,0.0,0.0,83.97562480419833,4.999405037061317,69745.0,0,0,0,35,SALT LAKE
1217,350312,329.5,1047.3712093563022,0.3145971524293717,2174.75,342.0,137.0,1695.75,2317.2177084417413,207.5,134.5,12.0,125.0,370.0,290.25,244.25,791.25,0.0,5.446083996579504,110.52473443995996,26.49689000520153,64668.0,0,0,0,35,SALT LAKE
1218,350313,290.5,976.5426754128368,0.2974780389164151,168.75,2.25,0.0,166.5,224.37924844917296,1.5,0.75,0.0,0.0,2.5,153.5,0.0,10.5,0.0,0.0,32.631947415475246,22.997301033697703,66746.0,570,820,0,35,SALT LAKE
1219,350314,346.0,1208.022955477213,0.28641839828558346,59.5,17.75,2.25,39.5,106.60756526125446,15.25,2.5,0.0,2.25,17.75,8.25,0.0,13.5,0.0,0.0,19.110897053711085,27.996668207543376,72182.0,0,0,0,35,SALT LAKE
1220,350315,269.25,741.9992870705547,0.3628709686002673,136.5,52.25,0.25,84.0,207.12348421164967,24.0,28.25,0.0,0.25,20.25,21.0,0.0,42.75,0.0,0.0,49.126064201756336,21.49742000989341,37499.0,0,0,0,35,SALT LAKE
1221,350316,81.5,208.7743091414218,0.39037370227767176,6.75,2.25,0.0,4.5,23.65718089284884,1.75,0.5,0.0,0.0,0.0,0.25,0.0,4.25,0.0,0.0,10.407932695198872,6.499248197649966,59421.0,0,0,0,35,SALT LAKE
1222,350317,20.75,54.1398142917878,0.38326692234604626,1242.75,118.75,199.75,924.25,1321.355517538651,84.5,34.25,102.0,97.75,113.5,246.0,74.0,490.75,0.0,0.0,76.60575552382637,1.9997620148245263,37499.0,279,0,0,35,SALT LAKE
1223,350318,216.75,638.4314721343344,0.33950393967168485,94.0,5.5,2.75,85.75,127.73632581706538,4.5,1.0,0.0,2.75,59.75,7.25,1.0,17.75,0.0,0.0,16.7383486910569,16.99797712600848,48701.0,0,0,0,35,SALT LAKE
1224,350319,0.0,0.0,0.0,408.0,29.0,274.25,104.75,421.4448291750357,24.5,4.5,148.5,125.75,8.0,17.25,0.0,79.5,0.0,0.0,13.444829175035666,0.0,37499.0,0,0,0,35,SALT LAKE
1225,350320,0.0,0.0,0.0,1437.5,295.5,55.75,1086.25,1484.8611668089898,264.0,31.5,0.0,55.75,85.75,76.5,0.0,924.0,0.0,0.0,47.36116680898978,0.0,37499.0,0,0,0,35,SALT LAKE
1226,350321,629.25,1622.078995009537,0.38792808607715207,1884.25,578.0,51.25,1255.0,2021.437049132421,458.0,120.0,8.25,43.0,326.0,134.0,0.0,795.0,0.0,0.0,86.94283106733171,50.24421806508924,52826.0,0,0,0,35,SALT LAKE
1227,350322,616.25,1259.4766626163002,0.4892905270033897,864.5,195.25,189.25,480.0,963.2850611182074,164.25,31.0,28.5,160.75,80.0,47.75,76.25,276.0,0.0,0.0,50.04092963625419,48.7441314819532,52826.0,0,0,0,35,SALT LAKE
1228,350323,706.0,1518.7311032310329,0.464861751035464,869.0,86.75,177.5,604.75,982.1309943457778,48.0,38.75,3.0,174.5,126.5,96.5,93.75,288.0,0.0,0.0,56.88767957196538,56.243314773812514,52826.0,0,0,0,35,SALT LAKE
1229,350324,1021.25,2010.5365190114323,0.5079489928897895,629.25,65.5,2.5,561.25,775.6581481516967,8.5,57.0,0.0,2.5,43.0,41.25,409.5,67.5,0.0,0.0,65.16792180189654,81.24022634980008,52826.0,0,0,0,35,SALT LAKE
1230,350325,601.0,1066.0917249706656,0.563741361013319,712.75,63.25,21.75,627.75,833.567246318105,22.25,41.0,11.5,10.25,22.25,90.25,446.5,68.75,0.0,0.0,72.82301748483843,47.9942288332667,52826.0,0,0,0,35,SALT LAKE
1231,350326,678.75,1527.2267583252265,0.44443301972021804,1118.0,27.75,12.0,1078.25,1232.9264699973858,17.75,10.0,0.0,12.0,69.0,765.25,113.5,130.5,0.0,0.0,60.68286315160075,54.24360684578506,25539.0,560,0,318,35,SALT LAKE
1232,350327,733.4999999745389,1406.1910177909895,0.5216218783183576,78.99999999725777,20.249999999297085,6.249999999783052,52.49999999817763,168.51310619337596,5.999999999791729,14.249999999505357,5.999999999791729,0.24999999999132205,19.2499999993318,3.2499999998871867,7.499999999739662,22.499999999218986,0.0,0.0,31.01999152826385,58.49311466785434,72818.0,0,0,0,35,SALT LAKE
1233,350328,583.75,1127.2050376843597,0.5178738388174786,232.75,56.75,6.25,169.75,306.3954185345257,7.75,49.0,6.0,0.25,27.0,107.5,32.25,3.0,0.0,0.0,26.90104906739701,46.74436946712868,61505.0,413,0,0,35,SALT LAKE
1234,350329,593.5,1189.199181971368,0.49907535171369594,478.5,156.25,9.75,312.5,561.5627661137335,118.5,37.75,0.0,9.75,96.5,51.0,16.5,148.5,0.0,0.0,36.06835876535701,46.99440734837638,80460.0,0,0,0,35,SALT LAKE
1235,350330,687.75,1415.2372393657647,0.4859609264579651,547.0,130.75,22.75,393.5,644.9265702735958,38.5,92.25,0.0,22.75,58.25,119.5,98.75,117.0,0.0,0.0,42.93311486592132,54.99345540767449,68937.0,596,0,0,35,SALT LAKE
1236,350331,604.25,1284.0109826617047,0.4705956632453511,569.75,76.5,22.25,471.0,656.6756665647166,53.5,23.0,0.0,22.25,129.25,91.75,83.0,167.0,0.0,0.0,38.93137820892804,47.99428835578864,76947.0,0,0,0,35,SALT LAKE
1237,350332,193.5,416.61974923689166,0.4644522981794008,34.75,19.5,1.0,14.25,59.01896744873731,1.0,18.5,0.0,1.0,3.0,1.25,0.0,10.0,0.0,0.0,9.020714456305658,15.248252992431652,126214.0,0,0,0,35,SALT LAKE
1238,350333,626.0,1304.9744199348197,0.47970288952580936,64.0,34.25,0.0,29.75,138.22762966234234,5.5,28.75,0.0,0.0,1.75,3.25,5.5,19.25,0.0,0.0,24.233579291729164,49.99405037061317,95967.0,0,0,0,35,SALT LAKE
1239,350334,209.5,482.11145653651215,0.4345468193289735,0.0,0.0,0.0,0.0,26.150410192622,0.0,0.0,0.0,0.0,0.0,0.0,0.0,0.0,0.0,0.0,9.15243306661352,16.99797712600848,124089.0,0,0,0,35,SALT LAKE
1240,350335,495.75,1140.1598509756527,0.4348074522846765,191.5,133.75,12.25,45.5,255.1394703320221,89.25,44.5,4.75,7.5,3.0,4.75,1.25,36.5,0.0,0.0,23.89420839425736,39.74526193776477,117451.0,0,0,0,35,SALT LAKE
1241,350336,369.25,957.8769939608134,0.3854879095416566,62.75,0.0,0.0,62.75,113.98164443709832,0.0,0.0,0.0,0.0,0.5,62.0,0.0,0.25,0.0,0.0,21.73507898216923,29.4965654549291,151429.0,0,755,0,35,SALT LAKE
1242,350337,385.0,1176.9058051953373,0.32712898373043503,163.75,29.75,16.75,117.25,227.0775761529457,26.25,3.5,0.0,16.75,19.5,9.75,13.0,75.0,0.0,0.0,32.33126492316556,30.996311229780165,107916.0,0,0,0,35,SALT LAKE
1243,350338,512.25,1083.0063230893657,0.4729889282075143,1385.5,549.75,40.0,795.75,1496.522556160294,370.0,179.75,19.0,21.0,96.0,103.25,30.0,566.5,0.0,0.0,70.02743485639111,40.9951213039028,79751.0,0,0,0,35,SALT LAKE
1244,350339,357.25,803.4838258054434,0.4446262494977776,495.75,101.75,5.0,389.0,580.3489562889293,56.5,45.25,0.0,5.0,52.75,49.0,21.0,266.25,0.0,0.0,56.35221233692262,28.24674395200672,115751.0,0,0,0,35,SALT LAKE
1245,350340,510.5,1188.2966607851251,0.4296065257498116,29.0,0.0,0.0,29.0,93.02046612961284,0.0,0.0,0.0,0.0,0.0,29.0,0.0,0.0,0.0,0.0,23.025344825710025,40.9951213039028,156479.0,418,0,0,35,SALT LAKE
1246,350341,0.0,0.0,0.0,1161.5,270.5,415.75,475.25,1199.7687706146585,259.25,11.25,226.25,189.5,43.75,32.25,0.0,399.25,0.0,0.0,38.26877061465831,0.0,69745.0,0,0,0,35,SALT LAKE
1247,350342,0.0,0.0,0.0,3425.0,172.5,2416.25,836.25,3537.8418352064427,92.75,79.75,73.75,2342.5,452.0,154.0,7.0,223.25,0.0,0.0,112.84183520644297,0.0,69745.0,0,0,0,35,SALT LAKE
1248,350343,0.0,0.0,0.0,0.0,0.0,0.0,0.0,0.0,0.0,0.0,0.0,0.0,0.0,0.0,0.0,0.0,0.0,0.0,0.0,0.0,64668.0,0,0,0,35,SALT LAKE
1249,350344,345.0,980.3554465442816,0.35191317722170345,1673.0,188.0,477.75,1007.25,1821.0032406189928,134.0,54.0,337.0,140.75,256.25,102.25,0.0,648.75,0.0,0.0,120.5065292518386,27.49671136715454,37499.0,0,0,0,35,SALT LAKE
1250,350345,0.0,0.0,0.0,1411.75,431.75,476.75,503.25,1458.267432290566,382.25,49.5,1.0,475.75,75.25,55.0,0.0,373.0,0.0,0.0,46.51743229056595,0.0,37499.0,0,0,0,35,SALT LAKE
1251,350346,0.0,0.0,0.0,501.5,82.25,140.5,278.75,518.0244895983853,70.75,11.5,0.0,140.5,65.25,59.75,0.0,153.75,0.0,0.0,16.52448959838536,0.0,37499.0,0,0,0,35,SALT LAKE
1252,350347,0.0,0.0,0.0,355.25,44.0,161.5,149.75,366.9546470358133,19.75,24.25,15.0,146.5,8.0,9.25,0.0,132.5,0.0,0.0,11.704647035813306,0.0,37499.0,0,0,0,35,SALT LAKE
1253,350348,778.5,1698.2951894459236,0.45840087449932015,4912.0,874.5,59.0,3978.5,5162.262965032397,597.5,277.0,0.0,59.0,1490.75,429.25,0.0,2058.5,0.0,0.0,188.2708941499759,61.9920708824213,34686.0,0,0,0,35,SALT LAKE
1254,350349,736.75,1528.4717937728628,0.48201739999494164,898.5,260.25,21.5,616.75,1055.1829742315535,222.5,37.75,7.25,14.25,126.0,64.75,16.5,409.5,0.0,0.0,97.94005433478404,58.74291989676955,34686.0,0,0,0,35,SALT LAKE
1255,350350,826.25,1490.486335499726,0.5543492619293133,551.75,77.5,12.75,461.5,678.1110558583499,50.25,27.25,0.0,12.75,124.5,119.75,26.0,191.25,0.0,0.0,60.61908793506629,65.7419679232836,34686.0,0,0,0,35,SALT LAKE
1256,350351,521.0,806.1775661765055,0.6462596106103151,303.25,42.75,13.25,247.25,386.65564301433096,26.25,16.5,0.0,13.25,46.5,35.25,55.25,110.25,0.0,0.0,41.91061907977368,41.495023934557246,34686.0,0,0,0,35,SALT LAKE
1257,350352,359.75,583.2547631202111,0.6167973632576303,973.0,163.25,32.0,777.75,1052.3827129204954,46.5,116.75,0.0,32.0,409.25,60.25,76.75,231.5,0.0,0.0,50.63502769430255,28.747685226192644,34686.0,0,0,0,35,SALT LAKE
1258,350353,1032.5,1622.8959300102206,0.6362083858288421,7650.5,267.75,26.75,7356.0,8021.816055868425,188.75,79.0,0.0,26.75,146.5,6299.75,393.5,516.25,0.0,0.0,289.32581326061967,81.9902426078056,27074.0,0,0,0,35,SALT LAKE
1259,350354,737.0,1298.1303411731085,0.5677395995027587,1792.75,258.75,101.5,1432.5,1936.0897700367816,178.75,80.0,1.0,100.5,341.25,323.5,117.0,650.75,0.0,0.0,84.34679059945807,58.99297943732354,60370.0,0,0,0,35,SALT LAKE
1260,350355,767.0,1479.363887077266,0.5184660830915228,595.75,207.25,8.5,380.0,701.6362642899965,67.75,139.5,0.0,8.5,48.5,41.0,48.0,242.5,0.0,0.0,44.89352283784844,60.99274145214807,67318.0,0,0,0,35,SALT LAKE
1261,350356,730.5,1567.7768284037336,0.4659464196468413,563.5,80.25,22.75,460.5,670.3905402601614,42.75,37.5,5.0,17.75,104.75,65.75,102.5,187.5,0.0,0.0,48.64755542153701,58.24298483862432,54863.0,0,0,0,35,SALT LAKE
1262,350357,497.25,879.6543035486793,0.5652788805716138,268.0,51.0,1.0,216.0,338.70979777266126,32.0,19.0,0.0,1.0,43.25,16.75,59.5,96.5,0.0,0.0,30.96449797168085,39.74529980098042,59906.0,0,0,0,35,SALT LAKE
1263,350358,255.5,392.5895666950012,0.6508069028703845,759.0,47.75,9.75,701.5,812.4209142897448,19.0,28.75,0.0,9.75,45.5,428.0,116.5,111.5,0.0,0.0,33.423294141499525,19.997620148245268,60405.0,0,0,0,35,SALT LAKE
1264,350359,501.5,868.9746628166173,0.5771169419076989,519.25,179.25,6.25,333.75,596.8746005526607,28.0,151.25,1.0,5.25,50.75,28.0,144.0,111.0,0.0,0.0,37.62936025617015,39.995240296490536,92591.0,0,0,0,35,SALT LAKE
1265,350360,521.5,1226.0089212710584,0.42536395204966176,60.5,11.5,1.75,47.25,123.16919269228782,9.0,2.5,0.0,1.75,5.5,4.5,0.0,37.25,0.0,0.0,20.924228262220456,41.74496443006736,116830.0,0,0,0,35,SALT LAKE
1266,350361,536.0,1140.3363225228236,0.4700367684633426,23.75,11.75,1.0,11.0,88.93470074899543,11.0,0.75,0.0,1.0,0.0,0.25,0.0,10.75,0.0,0.0,22.4398553115158,42.744845437479626,94432.0,0,0,0,35,SALT LAKE
1267,350362,497.0,1113.5160817505075,0.4463339220199578,62.0,17.5,3.25,41.25,135.4002291051217,16.5,1.0,1.25,2.0,15.5,1.0,8.0,16.75,0.0,0.0,33.90500504860464,39.495224056517074,86636.0,0,0,0,35,SALT LAKE
1268,350363,671.75,1509.027529406991,0.4451542380171026,315.75,122.5,2.0,191.25,407.5269403760277,109.25,13.25,0.0,2.0,16.75,76.75,0.0,97.75,0.0,0.0,38.28338221573893,53.49355816028876,76455.0,556,0,0,35,SALT LAKE
1269,350364,558.25,1149.231867107248,0.48575924143591753,149.75,10.75,0.0,139.0,227.3199977734442,0.75,10.0,0.0,0.0,0.0,137.5,0.0,1.5,0.0,0.0,33.075368679865775,44.49462909357839,99958.0,501,591,0,35,SALT LAKE
1270,350365,450.25,996.2562389869864,0.45194196270010145,9.0,8.5,0.0,0.5,66.1267100734992,0.25,8.25,0.0,0.0,0.0,0.0,0.0,0.5,0.0,0.0,21.38091807858641,35.74579199491279,107730.0,0,0,0,35,SALT LAKE
1271,350366,333.75,550.5835580259248,0.6061750212749452,424.75,148.75,4.75,271.25,477.4851777419144,88.5,60.25,0.0,4.75,30.5,31.5,58.0,151.25,0.0,0.0,26.238347259234825,26.496830482679584,67016.0,0,0,0,35,SALT LAKE
1272,350367,457.0,833.9063882604548,0.5480231431651591,149.75,44.0,4.25,101.5,206.73600957476515,23.5,20.5,0.0,4.25,29.75,12.5,5.0,54.25,0.0,0.0,20.740352812413555,36.2456567623516,63303.0,0,0,0,35,SALT LAKE
1273,350368,1412.25,2397.6176965375057,0.5890221789902059,549.25,246.5,6.5,296.25,732.6262837995217,114.5,132.0,0.5,6.0,44.0,32.75,1.5,218.0,0.0,0.0,70.63970832066171,112.73657547886,63303.0,0,0,0,35,SALT LAKE
1274,350369,446.5,886.0560118280295,0.503918481495117,132.25,56.75,2.5,73.0,187.56590813469117,27.5,29.25,0.0,2.5,9.75,9.75,5.75,47.75,0.0,0.0,19.570132363359782,35.74577577133137,59906.0,0,0,0,35,SALT LAKE
1275,350370,399.0,874.3019436459584,0.45636407753609187,1201.5,31.75,4.0,1165.75,1302.3175254661917,17.0,14.75,0.0,4.0,768.5,6.25,28.5,362.5,0.0,16.338251984295518,52.73302174021364,31.746251741682315,63303.0,0,0,0,35,SALT LAKE
1276,350371,766.5,1301.7010863401388,0.5888448646494492,267.25,25.25,17.5,224.5,370.048811156965,16.75,8.5,1.0,16.5,68.25,14.5,43.25,98.5,0.0,0.0,41.55601559998786,61.24279555697719,60405.0,0,0,0,35,SALT LAKE
1277,350372,0.0,0.0,0.0,150.24999523743458,2.499999920755983,0.0,147.7499953166786,155.2008679765128,1.2499999603779914,1.2499999603779914,0.0,0.0,1.2499999603779914,135.49999570497428,5.499999825663163,5.499999825663163,0.0,0.0,4.950872739078231,0.0,83576.0,0,0,1832,35,SALT LAKE
1278,350373,550.5000021566141,1185.4770647669236,0.46437001483858126,105.75000041428146,5.000000019587776,0.0,100.75000039469369,177.36660921354135,1.250000004896944,3.7500000146908317,0.0,0.0,16.000000062680883,27.25000010675338,20.000000078351103,37.50000014690832,0.0,0.0,27.6218443007684,43.994764498491506,83576.0,0,0,0,35,SALT LAKE
1279,350374,318.75,806.0341009465176,0.395454732778297,49.25,14.0,16.5,18.75,90.37005105517784,13.75,0.25,16.25,0.25,7.5,1.5,0.0,9.75,0.0,0.0,15.623123239216806,25.49692781596103,157449.0,0,0,0,35,SALT LAKE
1280,350375,789.5,1642.0993251212776,0.48078699498989885,536.25,59.25,5.5,471.5,646.4382276739866,32.5,26.75,0.0,5.5,185.75,40.75,31.0,214.0,0.0,0.0,47.19572420701398,62.99250346697259,72786.0,0,0,0,35,SALT LAKE
1281,350376,563.0,1279.0863419736154,0.4401579326781783,57.0,0.5,1.25,55.25,132.6441159731738,0.5,0.0,0.0,1.25,23.75,0.25,29.75,1.5,0.0,5.446083996579504,25.45352191002774,44.74451006656657,109244.0,0,0,0,35,SALT LAKE
1282,350377,373.25,682.9811355683249,0.546501185116057,83.25,37.5,30.5,15.25,131.2858698234272,31.25,6.25,0.0,30.5,2.25,2.75,0.0,10.25,0.0,0.0,18.28947748230697,29.7463923411202,48050.0,0,0,0,35,SALT LAKE
1283,350378,283.75,467.3895231537352,0.6070953368517593,85.75,18.5,8.25,59.0,121.67142270524296,15.0,3.5,0.0,8.25,8.5,6.75,0.0,43.75,0.0,0.0,12.924159534760918,22.997263170482057,67016.0,0,0,0,35,SALT LAKE
1284,350379,584.25,1148.7202884434992,0.5086094551282375,54.75,17.5,4.0,33.25,126.79852057024864,12.25,5.25,0.0,4.0,8.25,7.75,0.0,17.25,0.0,0.0,25.304053717382374,46.74446685286626,55325.0,0,0,0,35,SALT LAKE
1285,350380,216.75,338.32664082458217,0.6406530667278488,0.0,0.0,0.0,0.0,26.889034509428093,0.0,0.0,0.0,0.0,0.0,0.0,0.0,0.0,0.0,0.0,9.891057383419616,16.99797712600848,63303.0,0,0,0,35,SALT LAKE
1286,350381,550.25,911.0467033364158,0.6039756227478638,118.25,23.0,3.25,92.0,184.2694351931995,15.25,7.75,0.0,3.25,18.75,2.5,0.0,70.75,0.0,0.0,22.024670867059903,43.99476432613959,73323.0,0,0,0,35,SALT LAKE
1287,350382,266.75,572.7456948027835,0.4657389875132128,229.0,61.5,5.25,162.25,266.60163284626555,50.25,11.25,1.5,3.75,39.5,15.25,2.5,105.0,0.0,0.0,16.354229058313532,21.247403787952003,63303.0,0,0,0,35,SALT LAKE
1288,350383,424.0,848.2377286682365,0.4998598690790318,1390.5,491.25,26.25,873.0,1483.9610173099934,276.75,214.5,0.0,26.25,363.75,33.25,210.0,266.0,0.0,0.0,59.71485206127969,33.746165248713574,63303.0,0,0,0,35,SALT LAKE
1289,350384,197.75,346.8225212824173,0.5701763520684757,65.25,2.5,0.0,62.75,89.91306263973249,2.25,0.25,0.0,0.0,7.75,0.75,0.0,54.25,0.0,0.0,8.664966521136272,15.998096118596214,73323.0,0,0,0,35,SALT LAKE
1290,350385,778.5,1631.294245970111,0.47722843498233236,126.25,12.75,32.25,81.25,218.80149812414052,1.0,11.75,32.25,0.0,22.75,0.0,9.0,49.5,0.0,0.0,30.558875664580214,61.99262245956033,90891.0,0,0,0,35,SALT LAKE
1291,350386,431.75,1170.6296709188546,0.3688186031207541,303.25,28.25,4.25,270.75,363.2106873441987,23.25,5.0,0.0,4.25,16.5,19.25,9.0,226.0,0.0,0.0,25.714808820253065,34.24587852394564,71658.0,0,0,0,35,SALT LAKE
1292,350387,424.5,1054.1767032510922,0.4026839131341429,304.25,34.75,13.25,256.25,386.5179336160199,15.25,19.5,0.0,13.25,19.0,31.0,4.0,202.25,0.0,0.0,48.27203345080001,33.99590016521988,122892.0,0,0,0,35,SALT LAKE
1293,350388,358.75,846.6253086067863,0.42374117139300027,840.0,217.0,9.75,613.25,919.0056407809528,168.5,48.5,0.0,9.75,103.75,89.25,71.25,349.0,0.0,0.0,50.50895633343585,28.496684447516834,72786.0,0,0,0,35,SALT LAKE
1294,350389,0.0,0.0,0.0,30.0,0.0,0.0,30.0,30.988399663922724,0.0,0.0,0.0,0.0,0.0,0.0,0.0,30.0,0.0,0.0,0.9883996639227228,0.0,47674.0,0,0,0,35,SALT LAKE
1295,350390,196.5,401.7431998879169,0.48911842205374456,45.0,0.0,0.0,45.0,69.70533375008759,0.0,0.0,0.0,0.0,0.0,45.0,0.0,0.0,0.0,0.0,8.707237631491381,15.998096118596214,74666.0,361,67,0,35,SALT LAKE
1296,350391,461.75,953.5493907583068,0.48424340099760843,25.0,0.0,18.0,7.0,90.28127486472006,0.0,0.0,18.0,0.0,0.0,0.0,0.0,7.0,0.0,0.0,28.53565594919208,36.745618915527984,76749.0,0,0,0,35,SALT LAKE
1297,350392,603.0,1096.9586301876902,0.5497016782636792,559.5,85.0,11.25,463.25,648.2960690556289,66.25,18.75,0.0,11.25,131.25,51.25,61.0,219.75,0.0,0.0,40.801780699840265,47.99428835578864,70057.0,0,0,0,35,SALT LAKE
1298,350393,745.5,1718.298057598781,0.43385953717586795,279.5,126.5,6.75,146.25,373.2658152191764,74.5,52.0,4.0,2.75,23.0,22.75,0.0,100.5,0.0,0.0,34.5227979006052,59.24301731857124,84114.0,0,0,0,35,SALT LAKE
1299,350394,408.75,830.8303414498828,0.49197769942620295,170.25,26.25,5.5,138.5,235.0748539179248,23.0,3.25,2.75,2.75,16.25,89.5,0.0,32.75,0.0,0.0,32.32869952755599,32.496154390368815,81276.0,628,0,0,35,SALT LAKE
1300,350395,197.25,522.8907340342217,0.37722986306942385,293.5,79.0,0.0,214.5,326.41591941113404,53.75,25.25,0.0,0.0,133.75,0.5,79.0,1.25,0.0,0.0,16.917823292537857,15.998096118596214,71658.0,0,0,0,35,SALT LAKE
1301,350396,690.75,1212.9938846271425,0.5694587654185305,1902.0,711.0,12.25,1178.75,2042.4166403011495,614.75,96.25,0.0,12.25,148.25,77.5,29.0,924.0,0.0,0.0,85.42318489347531,54.99345540767449,47989.0,0,0,0,35,SALT LAKE
1302,350397,2.5,7.999250542824981,0.3125292784137638,555.25,54.0,192.5,308.75,581.7056825171563,33.75,20.25,138.25,54.25,43.5,55.0,0.0,210.25,2.025867428386231,0.0,24.429815088770106,0.0,45129.0,0,0,0,35,SALT LAKE
1303,350398,416.75,1079.2294104764826,0.3861551547376788,601.25,60.75,63.25,477.25,675.5654154541262,36.5,24.25,12.25,51.0,74.5,157.25,9.0,236.5,2.025867428386231,0.0,39.04343689988757,33.246111125852394,45129.0,0,0,0,35,SALT LAKE
1304,350399,306.25,750.1263471808668,0.4082645558990858,33.5,3.75,4.0,25.75,70.7032961394243,2.5,1.25,0.5,3.5,4.75,8.25,0.0,12.75,1.0129337141931154,0.0,11.943293975408167,24.24706844982301,51401.0,0,0,0,35,SALT LAKE
1305,350400,10.75,29.99700083006646,0.35836916033369265,624.5,18.75,584.5,21.25,647.4341425560917,17.25,1.5,0.0,584.5,2.25,2.5,0.0,16.5,1.0129337141931154,0.0,20.921479307021023,0.9997295348776032,82805.0,0,0,0,35,SALT LAKE
1306,350401,1392.4999725008483,3867.8003443302796,0.3600237469708286,700.9999861566209,119.4999976401087,52.499998963227675,528.9999895532845,889.9686290320835,58.249998849676416,61.24999879043229,28.249999442117748,24.249999521109924,83.99999834116427,197.24999610469825,7.9999998420156455,239.74999526540637,0.0,0.0,77.7318748906843,111.23676798477834,47499.0,608,0,2581,35,SALT LAKE
1307,350402,499.0,1238.0753047935652,0.4030449505518588,74.5,9.0,0.0,65.5,135.14283253661577,7.75,1.25,0.0,0.0,3.5,46.5,0.0,15.5,0.0,0.0,20.89757059885099,39.74526193776477,51401.0,448,0,0,35,SALT LAKE
1308,350403,814.0,2073.54622771539,0.3925641922615133,0.0,0.0,0.0,0.0,108.5590581822071,0.0,0.0,0.0,0.0,0.0,0.0,0.0,0.0,0.0,0.0,43.81683058165767,64.74222760054943,82805.0,0,0,0,35,SALT LAKE
1309,350404,1101.0,3316.063204010424,0.3320202095872172,82.75,10.0,2.0,70.75,212.48531371649568,6.75,3.25,0.0,2.0,5.25,44.75,0.0,20.75,0.0,0.0,41.99582294546418,87.73949077103148,82805.0,378,102,0,35,SALT LAKE
1310,350405,1223.9999900304101,3657.664974037164,0.3346397219861869,23.749999806554115,10.249999916512829,0.24999999796372754,13.24999989207756,176.59377859546825,8.999999926694192,1.2499999898186378,0.0,0.24999999796372754,2.249999981673548,0.4999999959274551,0.0,10.499999914476557,0.0,0.0,55.35530562400349,97.48847316491062,56753.0,0,0,0,35,SALT LAKE
1311,350406,864.75,2450.1384744718134,0.35293923547991213,114.5,18.25,13.75,82.5,223.0183154679458,9.25,9.0,0.0,13.75,22.0,13.75,0.0,46.75,0.0,0.0,39.77650431522537,68.74181115272042,56215.0,0,0,0,35,SALT LAKE
1312,350407,1245.0,3072.747040424368,0.405174908191615,169.5,24.75,7.75,137.0,339.58558027581114,18.5,6.25,0.0,7.75,15.0,86.75,4.0,31.25,0.0,0.0,71.0974741513161,98.98810612449506,67131.0,478,0,0,35,SALT LAKE
1313,350408,1011.75,3016.467341639157,0.33540890233879084,308.75,41.5,53.75,213.5,445.2521926090991,31.25,10.25,17.5,36.25,60.5,29.0,0.0,124.0,1.0129337141931154,0.0,54.74883779002272,80.74042110488321,79063.0,0,0,0,35,SALT LAKE
1314,350409,731.75,1690.9949721579078,0.4327333978209298,157.0,14.0,25.0,118.0,267.7789463591623,5.5,8.5,20.0,5.0,6.5,84.5,0.0,27.0,0.0,0.0,52.286042684334205,58.49290367482814,79063.0,706,0,0,35,SALT LAKE
1315,350410,612.5,1721.6014045364036,0.35577340863342016,679.25,228.0,0.25,451.0,774.7838402035251,164.0,64.0,0.0,0.25,16.25,3.5,84.0,347.25,0.0,0.0,46.78970872157189,48.7441314819532,67744.0,0,0,0,35,SALT LAKE
1316,350411,1134.25,3435.138936721038,0.33019042923564595,283.5,26.5,17.0,240.0,435.9206770939971,23.75,2.75,8.25,8.75,12.0,146.25,39.0,42.75,0.0,0.0,61.68146755462544,90.73920953937164,55950.0,492,1202,0,35,SALT LAKE
1317,350412,82.0,232.83961524465653,0.35217374807048357,193.5,11.75,67.75,114.0,210.59117714920475,10.0,1.75,4.5,63.25,12.75,25.0,0.0,76.25,1.0129337141931154,0.0,9.079076383125804,6.999167051885844,67744.0,0,0,0,35,SALT LAKE
1318,350413,330.5,946.2319636584706,0.34928010540055,0.0,0.0,0.0,0.0,37.88468799678029,0.0,0.0,0.0,0.0,0.0,0.0,0.0,0.0,0.0,0.0,11.887781804061447,25.996906192718846,67744.0,0,0,0,35,SALT LAKE
1319,350414,0.0,0.0,0.0,843.5,90.0,363.75,389.75,871.3477881498969,63.25,26.75,178.25,185.5,42.5,62.0,0.0,285.25,0.0,0.0,27.84778814989688,0.0,75048.0,0,0,0,35,SALT LAKE
1320,350415,497.5,1441.6250949836706,0.3450966563575499,0.0,0.0,0.0,0.0,65.64996133699647,0.0,0.0,0.0,0.0,0.0,0.0,0.0,0.0,1.0129337141931154,0.0,24.641787326312823,39.995240296490536,75048.0,0,0,0,35,SALT LAKE
1321,350416,0.0,0.0,0.0,818.75,35.25,353.5,430.0,845.7310887804141,30.25,5.0,8.0,345.5,207.0,43.75,0.0,179.25,0.0,0.0,26.981088780414048,0.0,76219.0,0,0,0,35,SALT LAKE
1322,350417,0.0,0.0,0.0,534.75,35.0,250.0,249.75,552.3730822891055,26.5,8.5,0.0,250.0,21.5,38.5,0.0,189.75,0.0,0.0,17.623082289105497,0.0,76219.0,0,0,0,35,SALT LAKE
1323,350418,0.0,0.0,0.0,145.25,43.0,30.75,71.5,150.03589592257163,39.0,4.0,0.0,30.75,13.25,6.0,0.0,52.25,0.0,0.0,4.785895922571644,0.0,76219.0,0,0,0,35,SALT LAKE
1324,350419,0.0,0.0,0.0,3004.75,308.5,1187.25,1509.0,3103.7516733704574,261.25,47.25,14.75,1172.5,128.25,146.5,0.0,1234.25,0.0,0.0,99.0016733704576,0.0,69745.0,0,0,0,35,SALT LAKE
1325,350420,0.0,0.0,0.0,3202.5,143.75,2238.25,820.5,3395.616678666635,123.75,20.0,268.25,1970.0,476.75,38.25,0.0,305.5,0.0,7.261445328319089,185.85523333831608,0.0,69745.0,0,0,0,35,SALT LAKE
1326,350421,0.0,0.0,0.0,3481.25,345.0,2537.25,599.0,3595.945327162753,342.0,3.0,1757.0,780.25,172.25,6.0,149.0,271.75,0.0,0.0,114.69532716275292,0.0,69745.0,0,0,0,35,SALT LAKE
1327,350422,338.0,1284.6757102594331,0.26310141719091334,3091.25,120.75,1969.25,1001.25,3231.22721791512,72.5,48.25,1286.5,682.75,186.0,112.5,4.0,698.75,0.0,0.0,112.98043071498894,26.99678720013111,44002.0,220,78,342,35,SALT LAKE
1328,350423,0.0,0.0,0.0,3634.0,246.25,2331.25,1056.5,3753.729142934216,211.0,35.25,289.5,2041.75,373.75,97.75,3.0,582.0,0.0,0.0,119.7291429342158,0.0,44002.0,0,0,0,35,SALT LAKE
1329,350424,0.0,0.0,0.0,861.25,27.0,694.25,140.0,889.6255835390862,24.0,3.0,358.5,335.75,8.0,25.25,0.0,106.75,0.0,0.0,28.375583539086165,0.0,44002.0,0,0,0,35,SALT LAKE
1330,350425,0.0,0.0,0.0,5478.0,451.75,2424.25,2602.0,5658.484374955256,258.5,193.25,1166.75,1257.5,406.0,535.0,179.0,1482.0,0.0,0.0,180.4843749552556,0.0,37336.0,0,0,0,35,SALT LAKE
1331,350426,856.5,2018.040310365444,0.4244216508464579,3089.75,125.5,356.75,2607.5,3314.0317283789905,84.0,41.5,104.25,252.5,582.5,154.25,344.0,1526.75,0.0,0.0,156.2898036513754,67.99192472761534,42499.0,0,0,197,35,SALT LAKE
1332,350427,52.5,167.5939600349033,0.3132571125419215,1608.25,101.0,908.5,598.75,1667.9778738776183,86.75,14.25,292.0,616.5,41.0,105.75,0.0,452.0,0.0,0.0,55.728349847969135,3.999524029649053,76219.0,0,0,0,35,SALT LAKE
1333,350428,96.75,265.85885239271727,0.363914908716616,70.75,0.25,1.25,69.25,118.5196208698532,0.25,0.0,0.0,1.25,3.75,57.0,0.0,8.5,0.0,0.0,40.27049166479098,7.499129205062229,76219.0,0,0,0,35,SALT LAKE
1334,350429,292.5,952.8169331801658,0.30698446869928986,906.5,277.25,32.75,596.5,969.5068198614688,211.0,66.25,0.0,32.75,90.25,74.75,16.0,415.5,0.0,0.0,39.5096540603324,23.497165801136504,76219.0,0,0,0,35,SALT LAKE
1335,350430,96.75,251.9123574986477,0.3840621435195745,3643.25,814.5,1200.5,1628.25,3780.382558805031,417.0,397.5,166.25,1034.25,300.0,228.25,0.0,1100.0,0.0,0.0,129.38337551481163,7.749183290219283,69745.0,0,0,0,35,SALT LAKE
1336,350431,19.0,53.37110500684469,0.3559978755838633,3650.0,271.25,149.25,3229.5,3847.3794154488473,186.25,85.0,53.0,96.25,2188.25,180.25,39.0,822.0,0.0,0.0,195.6295939295326,1.7498215193144109,69745.0,0,0,0,35,SALT LAKE
1337,350432,0.0,0.0,0.0,4598.75,105.5,27.5,4465.75,4750.315880710894,49.0,56.5,0.0,27.5,933.5,227.0,4.0,3301.25,0.0,0.0,151.56588071089394,0.0,69745.0,0,0,0,35,SALT LAKE
1338,350433,627.75,2094.511566946465,0.2997118802810818,64.0,0.0,0.0,64.0,141.03336662975465,0.0,0.0,0.0,0.0,0.0,63.75,0.0,0.25,0.0,0.0,27.03931625914147,49.99405037061317,76219.0,706,0,0,35,SALT LAKE
1339,350434,268.5,877.5533813982607,0.30596429310338036,22.25,1.75,3.0,17.5,55.07601288746582,1.25,0.5,0.0,3.0,2.0,2.5,0.0,13.0,0.0,0.0,11.578571236298178,21.247441651167648,76219.0,0,0,0,35,SALT LAKE
1340,350435,358.75,1019.8510216919568,0.35176706437458416,0.0,0.0,0.0,0.0,51.56589542685198,0.0,0.0,0.0,0.0,0.0,0.0,0.0,0.0,0.0,0.0,22.81938409314404,28.74651133370794,78784.0,0,0,0,35,SALT LAKE
1341,350436,221.0,633.4486137087189,0.3488838640060917,974.75,253.0,23.75,698.0,1031.5884848514008,105.75,147.25,0.0,23.75,130.0,91.75,45.25,431.0,0.0,0.0,39.3404752618373,17.49800958956337,78784.0,0,0,0,35,SALT LAKE
1342,350437,1015.25,2759.334511148218,0.3679329185708379,1779.25,790.5,13.0,975.75,1953.299632021035,277.0,513.5,0.0,13.0,122.0,261.5,80.25,512.0,0.0,0.0,93.05919467453823,80.9904373464967,69745.0,1825,131,0,35,SALT LAKE
1343,350438,0.0,0.0,0.0,2833.25,187.0,103.0,2543.25,2926.5974069988606,124.75,62.25,0.0,103.0,779.25,558.75,0.0,1205.25,0.0,0.0,93.34740699886083,0.0,69745.0,0,0,0,35,SALT LAKE
1344,350439,0.0,0.0,0.0,1984.25,86.5,180.5,1717.25,2049.444557415206,60.25,26.25,0.0,180.5,1227.0,63.5,56.0,370.75,0.0,0.0,65.19455741520606,0.0,69745.0,0,0,0,35,SALT LAKE
1345,350440,276.75,751.8558249619047,0.3680891878626098,0.0,0.0,0.0,0.0,31.115552300186803,0.0,0.0,0.0,0.0,0.0,0.0,0.0,0.0,0.0,0.0,9.118170137117009,21.997382163069798,69845.0,0,0,0,35,SALT LAKE
1346,350441,0.0,0.0,0.0,684.25,36.25,139.25,508.75,706.7943505455528,24.25,12.0,10.0,129.25,72.25,238.5,0.0,198.0,0.0,0.0,22.544350545552845,0.0,69745.0,738,592,303,35,SALT LAKE
1347,350442,627.5,1900.2094617858568,0.3302267526919176,533.0,83.5,145.75,303.75,625.7248726889393,44.5,39.0,70.25,75.5,58.0,50.5,0.0,195.25,0.0,0.0,42.73082231832612,49.99405037061317,54846.0,0,0,0,35,SALT LAKE
1348,350443,615.25,1733.1907117175472,0.3549811315283955,201.75,43.5,3.25,155.0,277.6629816152451,21.0,22.5,0.0,3.25,3.75,132.75,0.0,18.5,0.0,0.0,26.91881225204421,48.9941693632009,52889.0,848,0,0,35,SALT LAKE
1349,350444,397.75,1281.967054782287,0.3102653835886202,7.75,1.5,0.0,6.25,53.35675633296297,0.0,1.5,0.0,0.0,0.0,0.0,0.0,6.25,0.0,0.0,13.860504591280662,31.746251741682315,53656.0,0,0,0,35,SALT LAKE
1350,350445,1309.5,3920.145857542184,0.334043693165289,1444.5,233.5,23.25,1187.75,1639.4992640962246,104.5,129.0,1.0,22.25,182.5,284.0,34.0,687.25,0.0,0.0,90.7616825226643,104.23758157356008,37336.0,343,244,224,35,SALT LAKE
1351,350446,643.0,1662.5199752309622,0.38676227027628496,1511.0,58.75,96.5,1355.75,1672.4417825083017,41.75,17.0,39.75,56.75,429.75,118.5,298.0,509.5,0.0,0.0,110.19879245853586,51.24299004976558,37336.0,0,0,0,35,SALT LAKE
1352,350447,407.75,1047.2364408292185,0.3893581087353464,553.75,41.25,32.25,480.25,636.6813173837755,38.75,2.5,4.0,28.25,44.0,209.25,40.0,187.0,0.0,0.0,50.43515220555008,32.49616517822538,37336.0,569,0,0,35,SALT LAKE
1353,350448,272.0,592.9289418528542,0.4587396242626011,308.75,39.25,13.75,255.75,361.3815918574216,22.5,16.75,0.0,13.75,56.75,68.75,12.0,118.25,0.0,0.0,30.634209694351803,21.997382163069798,41116.0,0,0,0,35,SALT LAKE
1354,350449,1094.25,2985.244914097017,0.36655283954515705,63.25,33.25,4.25,25.75,199.62702152281955,3.0,30.25,0.0,4.25,2.75,1.5,0.0,21.5,0.0,0.0,49.38737387795263,86.98964764486692,76219.0,0,0,0,35,SALT LAKE
1355,350450,675.0,2358.3984796905265,0.2862111750040539,106.0,4.0,0.0,102.0,206.2247420136885,2.0,2.0,0.0,0.0,2.0,78.75,12.75,8.5,0.0,0.0,46.73118385339975,53.49355816028876,84164.0,685,0,0,35,SALT LAKE
1356,350451,4.0,9.69607287347878,0.41253815355916057,1562.75,789.5,25.25,748.0,1616.6250096801157,508.5,281.0,0.0,25.25,51.75,214.0,199.5,282.75,0.0,0.0,53.6250854081867,0.2499242719286858,84164.0,0,0,0,35,SALT LAKE
1357,350452,242.25,748.3905283851456,0.3236946364389722,274.75,117.25,0.0,157.5,354.0365919975985,27.75,89.5,0.0,0.0,4.25,11.0,127.25,15.0,0.0,0.0,60.03889072162114,19.24770127597733,79849.0,0,0,0,35,SALT LAKE
1358,350453,521.5,1650.8326328095202,0.3159011941219439,694.25,139.5,22.25,532.5,776.5581651375485,70.5,69.0,8.5,13.75,67.75,122.5,22.0,320.25,0.0,0.0,40.3131628262335,41.99500231131506,79849.0,537,0,0,35,SALT LAKE
1359,350454,347.0,954.2865759589558,0.36362242615778406,0.0,0.0,0.0,0.0,39.42915765358287,0.0,0.0,0.0,0.0,0.0,0.0,0.0,0.0,0.0,0.0,11.432489446039494,27.996668207543376,63421.0,0,0,0,35,SALT LAKE
1360,350455,403.75,1330.9816135072624,0.3033475413203347,267.5,44.25,82.75,140.5,328.1105691912716,30.75,13.5,0.0,82.75,37.75,41.75,4.0,57.0,0.0,0.0,28.614376954079177,31.996192237192428,70922.0,0,0,0,35,SALT LAKE
1361,350456,292.25,803.8866644173427,0.3635462720504549,44.0,0.25,0.0,43.75,78.0749292088652,0.25,0.0,0.0,0.0,0.25,43.0,0.0,0.5,0.0,0.0,11.07766603838314,22.997263170482057,62388.0,608,0,0,35,SALT LAKE
1362,350457,311.25,1327.4532376320524,0.23447153630452272,0.0,0.0,0.0,0.0,35.25175005496782,0.0,0.0,0.0,0.0,0.0,0.0,0.0,0.0,0.0,0.0,10.254724869661237,24.997025185306583,71274.0,0,0,0,35,SALT LAKE
1363,350458,646.75,2055.1759197746537,0.3146932551014489,1528.0,197.25,32.0,1298.75,1653.1486716799998,167.0,30.25,0.0,32.0,143.75,227.25,480.0,447.75,0.0,0.0,73.6547619252165,51.493909754783246,33328.0,0,0,0,35,SALT LAKE
1364,350459,714.7500244816307,2195.0603610628873,0.3256174805760403,772.0000264425588,209.25000716723503,18.25000062509935,544.5000186502244,878.98022610986,125.75000430719142,83.50000286004361,0.0,18.25000062509935,85.75000293711065,76.00000260315346,9.000000308268174,373.7500128016922,0.0,0.0,49.98698029266946,56.99321937463179,36857.0,0,0,0,35,SALT LAKE
1365,350460,142.50000816919118,446.7325518601108,0.31898281774150505,237.00001358665477,89.50000513082533,0.0,147.50000845582946,277.75370232459306,34.500001977804175,55.000003153021154,0.0,0.0,1.0000000573276573,1.2500000716595716,45.000002579744574,100.25000574709765,0.0,0.0,29.50501865281779,11.248670085120526,36857.0,0,0,0,35,SALT LAKE
1366,350461,669.0,1981.1871950594848,0.33767631936461884,828.0,207.75,39.0,581.25,935.0634016505117,57.75,150.0,26.25,12.75,47.5,276.25,22.25,235.25,0.0,0.0,54.06970825766154,52.99369339284996,46904.0,701,918,0,35,SALT LAKE
1367,350462,621.5,1581.5296896794987,0.39297396947758134,421.25,90.75,4.5,326.0,505.0998100934444,59.25,31.5,0.0,4.5,95.0,40.75,0.0,190.25,0.0,0.0,34.35572187600764,49.49408821743678,63726.0,0,0,0,35,SALT LAKE
1368,350463,383.25,1082.0609910854655,0.35418521059108155,43.75,7.0,0.25,36.5,88.54236290782248,4.5,2.5,0.0,0.25,12.25,3.0,6.0,15.25,0.0,0.0,14.045975949970993,30.74638695785148,47226.0,0,0,0,35,SALT LAKE
1369,350464,387.75,940.9847182353906,0.41206832851349556,2600.5,490.5,30.75,2079.25,2838.688470892456,331.25,159.25,0.0,30.75,675.25,229.25,0.0,1174.75,0.0,0.0,207.19166756871456,30.9968033237414,49530.0,0,0,0,35,SALT LAKE
1370,350465,605.5,1700.4572773169198,0.35608068963390427,990.5,314.25,50.75,625.5,1094.4958132810532,142.25,172.0,0.0,50.75,147.75,65.75,0.0,412.0,0.0,0.0,55.751757561595554,48.244055719457805,49530.0,0,0,0,35,SALT LAKE
1371,350466,711.0,1552.206638505411,0.45805756937401565,715.0,148.0,34.75,532.25,851.718334013735,82.5,65.5,9.0,25.75,118.5,106.75,0.0,307.0,0.0,0.0,79.97505708674608,56.7432769269889,41116.0,0,0,0,35,SALT LAKE
1372,350467,832.75,2351.950002880445,0.35406790066971106,365.0,56.5,28.5,280.0,483.45264388797887,46.0,10.5,17.75,10.75,25.75,95.25,1.0,158.0,0.0,0.0,52.21045951752178,66.24218437045708,78175.0,536,0,0,35,SALT LAKE
1373,350468,1012.0,2721.321963207518,0.37187808487283674,192.5,13.75,3.25,175.5,322.9266873119987,12.25,1.5,0.0,3.25,5.0,81.25,56.5,32.75,0.0,0.0,49.68624998353405,80.74043732846465,74796.0,0,816,0,35,SALT LAKE
1374,350469,161.75,484.2515366617409,0.3340206230733874,2250.25,290.5,63.25,1896.5,2348.466517593644,200.25,90.25,0.0,63.25,568.5,322.75,0.0,1005.25,0.0,0.0,85.2180644972844,12.998453096359423,60646.0,495,0,0,35,SALT LAKE
1375,350470,263.0,793.690350352964,0.33136348436520696,570.5,340.25,29.5,200.75,624.9647957029044,325.5,14.75,0.0,29.5,18.5,62.75,37.25,82.25,0.0,0.0,33.71723504275707,20.74756066014741,60646.0,483,0,0,35,SALT LAKE
1376,350471,893.75,2752.3473756902954,0.3247228194718137,322.75,57.0,15.5,250.25,447.3329148259948,29.5,27.5,0.0,15.5,0.0,58.75,37.25,154.25,0.0,0.0,53.59126591398644,70.99164891200829,58856.0,255,0,0,35,SALT LAKE
1377,350472,1032.25,2999.647880707428,0.34412372420077425,275.75,57.0,30.0,188.75,418.59985013388143,40.75,16.25,13.75,16.25,28.5,35.25,0.0,125.0,0.0,0.0,60.60969947772858,82.24015065615285,68968.0,0,0,0,35,SALT LAKE
1378,350473,481.25,1519.0579771675943,0.3168081845679974,576.25,150.5,24.5,401.25,650.83867144348,106.0,44.5,0.0,24.5,43.25,118.75,12.0,227.25,0.0,0.0,36.34326888988544,38.24540255359469,64858.0,350,0,0,35,SALT LAKE
1379,350474,434.25,1065.105179732799,0.4077062136801734,1406.5,429.5,33.0,944.0,1509.8960451359087,386.5,43.0,7.0,26.0,278.75,217.75,51.0,396.5,0.0,0.0,68.40020987647958,34.995835259429214,44924.0,550,0,0,35,SALT LAKE
1380,350475,220.25000238677663,701.6404533320438,0.3139072174941226,522.7500056648694,207.2500022458999,7.25000007856586,308.2500033404036,566.979939667292,172.25000186661646,35.000000379283456,0.0,7.25000007856586,42.750000463267654,49.25000053370601,0.0,216.25000234342994,0.0,0.0,26.482016172183688,17.747917830238954,83458.0,0,0,0,35,SALT LAKE
1381,350476,81.75000164000423,261.06867710143143,0.31313600140641307,237.5000047645383,2.750000055168338,1.0000000200612138,233.75000468930872,255.26683008002553,1.750000035107124,1.0000000200612138,0.0,1.0000000200612138,4.000000080244855,204.00000409248761,2.0000000401224276,23.750000476453828,0.0,0.0,11.267576987454461,6.499248328032774,83458.0,0,0,3170,35,SALT LAKE
1382,350477,663.5,1922.459297757084,0.3451308440049157,1037.75,320.5,20.5,696.75,1165.8509113797425,194.5,126.0,0.0,20.5,119.5,128.25,2.0,447.0,0.0,0.0,75.10721798689252,52.99369339284996,37849.0,0,0,0,35,SALT LAKE
1383,350478,1043.5,2465.081370816208,0.423312598258973,3026.25,250.25,74.75,2701.25,3243.372041391976,107.0,143.25,0.0,74.75,410.0,1034.0,234.0,1023.25,0.0,0.0,134.1319177767583,82.99012361521787,51435.0,0,0,0,35,SALT LAKE
1384,350479,217.25,519.916615049502,0.4178554670335268,2504.25,1208.25,27.75,1268.25,2638.279584899597,712.25,496.0,0.0,27.75,377.5,113.0,0.0,777.75,0.0,0.0,116.53121286211496,17.498372037482554,47387.0,0,0,0,35,SALT LAKE
1385,350480,598.25,1268.5810741387852,0.47158988274055735,222.5,45.25,4.75,172.5,298.786168149171,29.0,16.25,0.0,4.75,24.5,17.0,0.0,131.0,0.0,0.0,28.291879793382343,47.99428835578864,52933.0,0,0,0,35,SALT LAKE
1386,350481,891.25,1936.135698832553,0.46032413974774805,954.75,184.5,66.25,704.0,1098.96054066956,120.0,64.5,16.5,49.75,116.75,139.75,23.0,424.5,0.0,0.0,72.96853470765343,71.24200596190673,41157.0,840,0,0,35,SALT LAKE
1387,350482,954.25,3267.11988836849,0.2920768238096479,966.0,255.25,82.75,628.0,1131.765188785937,188.5,66.75,27.75,55.0,98.0,108.5,3.0,418.5,0.0,0.0,89.77411861328605,75.99107017265104,55456.0,0,0,0,35,SALT LAKE
1388,350483,884.5,2270.143011574217,0.38962303057138625,0.0,0.0,0.0,0.0,301.12346293719656,0.0,0.0,0.0,0.0,0.0,0.0,0.0,0.0,0.0,0.0,230.63207914310604,70.4913837940905,49968.0,0,0,0,35,SALT LAKE
1389,350484,1199.75,3339.590180468172,0.3592506670479576,9.0,0.0,3.0,6.0,154.12990874505627,0.0,0.0,0.0,3.0,1.5,0.25,0.0,4.25,0.0,1.8153613317395847,47.575911197249525,95.73863621606716,58948.0,0,0,0,35,SALT LAKE
1390,350485,522.0,1518.95516971939,0.34365727863873274,165.0,30.5,12.5,122.0,233.38074616447145,10.0,20.5,0.0,12.5,23.5,34.5,0.0,64.0,0.0,0.0,26.885662707392267,41.49508345707918,70286.0,0,0,0,35,SALT LAKE
1391,350486,517.5,1595.9641414573516,0.3242554055929138,177.25,52.0,1.75,123.5,245.6521619739497,44.75,7.25,0.0,1.75,18.75,28.5,20.0,56.25,0.0,0.0,27.40704067004691,40.9951213039028,60179.0,0,0,0,35,SALT LAKE
1392,350487,250.75,741.7652893963486,0.33804493629522797,112.75,20.0,3.75,89.0,158.21957742407545,14.25,5.75,0.0,3.75,18.25,17.5,11.0,42.25,0.0,0.0,25.721897771340306,19.74767965273515,77419.0,0,0,0,35,SALT LAKE
1393,350488,261.0,779.903663231217,0.33465671762413773,64.5,14.75,9.75,40.0,96.22106513834508,11.0,3.75,0.0,9.75,5.5,10.5,1.0,23.0,0.0,0.0,10.723563982687551,20.99750115565753,77419.0,0,0,0,35,SALT LAKE
1394,350489,422.0,973.899261734957,0.4333097031496115,72.0,0.5,0.0,71.5,136.02184646603465,0.5,0.0,0.0,0.0,0.0,71.5,0.0,0.0,0.0,0.0,30.525870590775515,33.495975875259134,72491.0,555,0,0,35,SALT LAKE
1395,350490,413.25,1255.0458831799483,0.32927083028465526,132.25,8.25,3.25,120.75,187.7241421690829,6.25,2.0,0.0,3.25,14.25,59.5,19.0,28.0,0.0,0.0,22.478068924478254,32.99607324460469,65436.0,571,0,0,35,SALT LAKE
1396,350491,312.0,819.7084927591625,0.3806231151147391,0.0,0.0,0.0,0.0,40.27783985770283,0.0,0.0,0.0,0.0,0.0,0.0,0.0,0.0,0.0,0.0,15.280814672396248,24.997025185306583,66767.0,0,0,0,35,SALT LAKE
1397,350492,367.25,723.33434734347,0.5077181822607604,0.0,0.0,0.0,0.0,41.09623109272729,0.0,0.0,0.0,0.0,0.0,0.0,0.0,0.0,0.0,0.0,12.09968187777165,28.996549214955635,47387.0,0,0,0,35,SALT LAKE
1398,350493,128.75,476.97841904937445,0.26992835494863854,5.0,1.25,0.0,3.75,22.155239356144044,1.25,0.0,0.0,0.0,1.0,1.0,0.0,1.75,0.0,0.0,7.156429282021412,9.998810074122632,52933.0,0,0,0,35,SALT LAKE
1399,350494,2769.0,8464.179773100035,0.3271433351167876,223.5,83.0,4.25,136.25,568.545206992502,23.5,59.5,0.0,4.25,19.0,13.0,10.0,94.25,0.0,0.0,124.07148271475756,220.9737242777444,31069.0,0,0,0,35,SALT LAKE
1400,350495,1221.25,2648.74618249339,0.4610672053334985,542.0,135.25,3.75,403.0,700.0904880513739,101.75,33.5,0.0,3.75,94.75,47.75,0.0,260.5,0.0,0.0,60.85208977295311,97.23839827842076,59727.0,0,0,0,35,SALT LAKE
1401,350496,0.0,0.0,0.0,396.0,18.5,221.75,155.75,409.0477456820541,13.75,4.75,82.75,139.0,10.25,42.25,0.0,103.25,0.0,0.0,13.04774568205417,0.0,79063.0,0,0,0,35,SALT LAKE
1402,350497,0.5,1.2855859743586295,0.38892770298730645,50.75,10.25,1.5,39.0,52.441908114822965,6.5,3.75,0.0,1.5,18.25,1.75,0.0,19.0,0.0,0.0,1.6919081148229664,0.0,79063.0,0,0,0,35,SALT LAKE
1403,350498,0.0,0.0,0.0,497.0,54.75,81.25,361.0,513.375580675442,38.75,16.0,0.0,81.25,58.5,138.0,0.0,164.5,0.0,0.0,16.375580675442016,0.0,91680.0,0,0,0,35,SALT LAKE
1404,350499,210.5,690.9085231197761,0.3046713030105545,79.0,2.25,0.25,76.5,111.2864560556012,2.0,0.25,0.0,0.25,5.0,19.5,31.0,21.0,0.0,0.0,15.288478929592726,16.99797712600848,91680.0,0,0,0,35,SALT LAKE
1405,350500,557.499996999412,1573.900312724895,0.3542155703840047,55.7499996999412,5.999999967706676,0.0,49.74999973223452,120.44814798434298,5.999999967706676,0.0,0.0,0.0,0.24999999865444483,49.499999733580076,0.0,0.0,0.0,0.0,20.20348156708787,44.494666717313926,86131.0,590,0,0,35,SALT LAKE
1406,350501,302.00000026554744,829.3465684325236,0.3641420990459171,396.75000034886074,4.500000003956833,3.2500000028577127,389.00000034204623,444.022070935552,3.5000000030775364,1.0000000008792962,0.0,3.2500000028577127,6.000000005275777,365.0000003209431,0.0,18.000000015827332,0.0,0.0,23.274888524480637,23.9971820622106,78083.0,0,0,2559,35,SALT LAKE
1407,350502,417.0000001762663,1698.5579113889917,0.24550237432603378,350.250000148051,61.50000002599611,76.00000003212527,212.75000008992964,413.52207878305626,37.750000015956964,23.750000010039148,0.0,76.00000003212527,36.50000001542858,38.000000016062636,29.00000001225833,109.25000004618008,0.0,0.0,30.02551307749551,33.246565557509726,74436.0,0,0,0,35,SALT LAKE
1408,350503,488.0,1379.8779282132973,0.3536544719081603,16.0,14.25,0.0,1.75,80.85316861848727,14.25,0.0,0.0,0.0,0.0,0.25,0.0,1.5,0.0,0.0,25.857809329408997,38.99535928907827,66802.0,0,0,0,35,SALT LAKE
1409,350504,535.0,1557.685149060026,0.3434583685431179,10.0,0.0,0.0,10.0,71.20217509385401,0.0,0.0,0.0,0.0,1.0,0.0,1.0,8.0,0.0,0.0,18.45727013385245,42.74490496000156,53952.0,0,0,0,35,SALT LAKE
1410,350505,391.75,1238.845014723919,0.3162219610556393,105.25,51.0,0.0,54.25,160.6197882875478,17.0,34.0,0.0,0.0,7.75,2.75,0.0,43.75,0.0,0.0,24.12355278583894,31.246235501708853,63957.0,0,0,0,35,SALT LAKE
1411,350506,356.5,1026.6374663808697,0.3472501361719668,78.5,17.0,0.5,61.0,121.57644057861832,10.0,7.0,0.0,0.5,17.75,4.0,0.0,39.25,0.0,0.0,14.82979401234918,28.24664656626914,82752.0,0,0,0,35,SALT LAKE
1412,350507,241.5,689.6993373075359,0.35015257654556153,604.5,40.75,29.25,534.5,655.1189603629234,28.5,12.25,0.0,29.25,121.0,120.25,79.0,214.25,0.0,0.0,31.371296950161717,19.24766341276169,82752.0,0,0,0,35,SALT LAKE
1413,350508,534.5,1654.7986261415413,0.32300002644205855,110.5,15.75,1.75,93.0,175.74594358297296,14.5,1.25,0.0,1.75,6.75,75.0,0.0,11.25,0.0,0.0,22.251060264245627,42.994883318727325,65997.0,378,0,0,35,SALT LAKE
1414,350509,539.75,1401.7738253444522,0.3850478516870362,130.0,0.5,0.25,129.25,195.06134291528568,0.25,0.25,0.0,0.25,0.0,129.25,0.0,0.0,0.0,0.0,22.06645959655836,42.994883318727325,80130.0,0,720,0,35,SALT LAKE
1415,350510,630.9999989789007,1958.5064592362658,0.32218428282588557,126.74999979489012,26.499999957117065,0.9999999983817761,99.24999983939128,201.68795283039083,18.249999970467414,8.249999986649653,0.0,0.9999999983817761,26.249999957521624,9.24999998503143,0.0,63.749999896838226,0.0,0.0,24.94390274578911,49.9940502897116,91680.0,0,0,0,35,SALT LAKE
1416,350511,898.25,2986.436641527913,0.3007765132229424,170.75,25.25,9.25,136.25,280.96224453902835,21.25,4.0,0.0,9.25,18.5,73.5,1.0,43.25,0.0,0.0,38.470736277274064,71.74150826175428,75952.0,0,0,0,35,SALT LAKE
1417,350512,370.0,1282.1078338976172,0.28858727028848835,251.0,17.75,10.0,223.25,300.4559586341685,10.75,7.0,0.0,10.0,30.25,133.0,6.0,54.0,0.0,0.0,20.459409419212875,28.996549214955635,71522.0,501,0,0,35,SALT LAKE
1418,350513,484.0,1712.7143658470982,0.2825923631233259,274.0,27.0,13.75,233.25,337.9689241308591,22.5,4.5,3.75,10.0,8.5,166.75,0.0,58.0,0.0,0.0,24.9735648417808,38.99535928907827,51081.0,458,693,0,35,SALT LAKE
1419,350514,593.25,1591.7758826260977,0.37269693961015504,564.0,312.5,9.5,242.0,653.6232458485829,298.0,14.5,0.0,9.5,33.75,40.75,0.0,167.5,0.0,0.0,42.62883850020647,46.99440734837638,57679.0,0,0,0,35,SALT LAKE
1420,350515,434.0,1207.0530281288648,0.35955338322855046,1009.0,464.0,25.75,519.25,1092.291483751692,390.75,73.25,0.0,25.75,76.75,83.5,8.0,351.0,0.0,0.0,48.29564849226272,34.995835259429214,68359.0,0,0,0,35,SALT LAKE
1421,350516,111.5,312.6194869928754,0.356663626674498,246.0,28.0,4.0,214.0,266.77772100406304,22.0,6.0,0.0,4.0,18.0,16.0,98.0,82.0,0.0,0.0,11.77879193735263,8.998929066710371,68359.0,0,0,0,35,SALT LAKE
1422,350517,491.75,1409.9468510053307,0.34877201197291147,107.0,23.0,2.5,81.5,179.97814062636573,16.0,7.0,1.0,1.5,18.5,5.0,0.0,58.0,0.0,0.0,33.982781337287456,38.99535928907827,67096.0,0,0,0,35,SALT LAKE
1423,350518,737.0,1698.9946844593233,0.4337859363194759,512.5,65.0,17.25,430.25,619.6604691153183,22.0,43.0,2.75,14.5,75.5,101.25,59.5,194.0,0.0,0.0,48.167489677994666,58.99297943732354,59173.0,369,0,0,35,SALT LAKE
1424,350519,0.0,0.0,0.0,499.75,0.75,495.5,3.5,516.2143393257951,0.75,0.0,492.5,3.0,1.0,0.25,0.0,2.25,0.0,0.0,16.464339325795077,0.0,91680.0,0,0,0,35,SALT LAKE
1425,350520,0.0,0.0,0.0,1042.25,4.0,1013.25,25.0,1076.5898786215791,3.0,1.0,991.75,21.5,3.0,4.25,0.0,17.75,0.0,0.0,34.33987862157916,0.0,91680.0,0,0,0,35,SALT LAKE
1426,350521,307.0,951.99647977012,0.3224801840382138,698.25,63.75,85.5,549.0,914.361873646568,51.5,12.25,0.0,85.5,17.75,236.0,0.0,295.25,0.0,0.0,192.1147294686737,23.997144177894324,91680.0,414,0,0,35,SALT LAKE
1427,350522,0.0,0.0,0.0,1092.5,15.5,970.5,106.5,1128.49380665362,12.0,3.5,719.75,250.75,36.0,23.25,2.0,45.25,0.0,0.0,35.993806653619906,0.0,91680.0,0,0,0,35,SALT LAKE
1428,350523,0.0,0.0,0.0,106.5000611664747,16.50000947649608,18.750010768745547,71.25004092123307,110.00761432423006,12.75000732274697,3.750002153749109,0.0,18.750010768745547,7.500004307498218,9.250005312581136,0.0,54.50003130115372,0.0,0.0,3.507553157755359,0.0,91680.0,0,0,0,35,SALT LAKE
1429,350524,0.0,0.0,0.0,13.0,0.25,6.25,6.5,15.45443554331229,0.25,0.0,0.75,5.5,0.5,2.25,0.0,3.75,2.025867428386231,0.0,0.4285681149260578,0.0,79063.0,0,0,0,35,SALT LAKE
1430,350525,100.5,219.5205523615167,0.4578159034261717,0.0,0.0,0.0,0.0,32.05208094577463,0.0,0.0,0.0,0.0,0.0,0.0,0.0,0.0,0.0,0.0,24.05316813542975,7.998912810344876,79063.0,0,0,0,35,SALT LAKE
1431,350526,3.0,6.339256131934599,0.4732416450074036,0.5,0.0,0.5,0.0,0.6152084131574139,0.0,0.0,0.25,0.25,0.0,0.0,0.0,0.0,0.0,0.0,0.1152084131574139,0.0,67420.0,0,0,0,35,SALT LAKE
1432,350527,0.0,0.0,0.0,47.0,2.25,28.0,16.75,230.0845702828921,1.5,0.75,17.75,10.25,1.5,2.75,0.0,12.5,0.0,181.5361331739585,1.548437108933596,0.0,67420.0,0,0,0,35,SALT LAKE
1433,350528,803.75,2399.350679833013,0.33498646394446113,1166.5,239.75,177.75,749.0,1297.7317169703886,164.25,75.5,155.5,22.25,206.0,17.75,1.0,524.25,0.0,0.0,67.23933249600378,63.99238447438486,67420.0,0,0,0,35,SALT LAKE
1434,350529,831.0,2176.7521713475207,0.38176142003596514,712.0,152.5,51.75,507.75,865.4452616878983,107.25,45.25,45.0,6.75,112.0,41.5,0.0,354.25,2.025867428386231,0.0,85.17703692440037,66.24235733511172,79063.0,0,0,0,35,SALT LAKE
1435,350530,298.25,700.6761044484089,0.42566029882636064,666.25,157.75,15.0,493.5,787.2722236421739,104.5,53.25,5.75,9.25,107.25,39.0,0.0,347.25,0.0,0.0,97.02505788856644,23.99716575360745,87196.0,0,0,0,35,SALT LAKE
1436,350531,622.0,2096.6143636157312,0.29666876789269225,105.0,0.25,12.5,92.25,178.94626889300716,0.25,0.0,0.0,12.5,3.25,82.0,2.0,5.0,0.0,0.0,23.952218522393984,49.99405037061317,87196.0,743,0,0,35,SALT LAKE
1437,350532,514.75,1230.0612372520231,0.4184751005973978,1000.25,593.0,25.0,382.25,1092.1731614282487,471.5,121.5,10.5,14.5,53.25,75.0,7.0,247.0,1.0129337141931154,0.0,49.91510641015288,40.9951213039028,99059.0,0,0,0,35,SALT LAKE
1438,350533,687.0,2413.799345352892,0.2846135497230248,0.0,0.0,0.0,0.0,77.62780771150484,0.0,0.0,0.0,0.0,0.0,0.0,0.0,0.0,0.0,0.0,22.63435230383035,54.99345540767449,87196.0,0,0,0,35,SALT LAKE
1439,350534,0.0,0.0,0.0,1869.0,23.75,1137.25,708.0,1930.5780397439444,17.75,6.0,768.0,369.25,233.25,104.0,0.0,370.75,0.0,0.0,61.5780397439444,0.0,35942.0,0,0,0,35,SALT LAKE
1440,350535,0.0,0.0,0.0,1306.75,206.5,717.25,383.0,1349.8191966676343,189.5,17.0,328.0,389.25,51.75,105.25,0.0,226.0,0.0,0.0,43.06919666763457,0.0,35942.0,0,0,0,35,SALT LAKE
1441,350536,0.0,0.0,0.0,392.5,31.5,174.0,187.0,405.4362359516777,24.5,7.0,64.0,110.0,17.5,38.5,0.0,131.0,0.0,0.0,12.936235951677723,0.0,35942.0,0,0,0,35,SALT LAKE
1442,350537,0.0,0.0,0.0,420.0,113.5,112.25,194.25,433.8394638227244,76.25,37.25,0.0,112.25,23.75,23.75,0.0,146.75,0.0,0.0,13.83946382272439,0.0,35942.0,0,0,0,35,SALT LAKE
1443,350538,0.0,0.0,0.0,650.0,196.0,119.0,335.0,671.4197316249978,167.0,29.0,0.0,119.0,54.25,35.5,0.0,245.25,0.0,0.0,21.41973162499778,0.0,35942.0,0,0,0,35,SALT LAKE
1444,350539,382.25,800.5955025793355,0.47745709133823255,272.0,48.75,16.0,207.25,336.0751607311445,33.5,15.25,3.25,12.75,56.25,24.5,0.0,126.5,0.0,0.0,33.328887382612066,30.74627334853247,35942.0,0,0,0,35,SALT LAKE
1445,350540,665.25,1267.039156074064,0.5250429687282002,1157.25,214.5,16.25,926.5,1274.7700362758992,142.25,72.25,0.0,16.25,250.5,135.0,0.0,541.0,0.0,0.0,64.5264564923681,52.99357978353095,35942.0,0,0,0,35,SALT LAKE
1446,350541,250.0,444.244324171198,0.562753391315491,414.5,115.0,13.25,286.25,459.6460740381336,46.25,68.75,7.75,5.5,70.75,47.25,99.0,69.25,0.0,0.0,25.1484538898883,19.997620148245268,35282.0,0,0,0,35,SALT LAKE
1447,350542,82.0,148.77852350176408,0.5511548177114939,222.75,31.25,67.75,123.75,241.0448706692984,26.75,4.5,0.0,67.75,16.25,22.25,15.0,70.25,0.0,0.0,11.29570361741256,6.999167051885844,64400.0,0,0,0,35,SALT LAKE
1448,350543,0.0,0.0,0.0,589.25,44.0,391.75,153.5,608.6657611823872,29.0,15.0,276.25,115.5,100.5,0.25,0.0,52.75,0.0,0.0,19.41576118238721,0.0,35942.0,0,0,0,35,SALT LAKE
1449,350544,334.75,853.0617633815242,0.39241003918995965,568.0,50.5,15.0,502.5,632.0419200159246,38.0,12.5,1.75,13.25,172.5,53.25,0.0,276.75,0.0,0.0,37.545073329335686,26.496846686588945,35942.0,0,0,0,35,SALT LAKE
1450,350545,0.0,0.0,0.0,516.0,36.0,370.5,109.5,533.0003589577939,29.5,6.5,180.0,190.5,12.5,20.75,0.0,76.25,0.0,0.0,17.000358957793893,0.0,35942.0,0,0,0,35,SALT LAKE
1451,350546,0.0,0.0,0.0,1691.25,577.5,169.0,944.75,1746.9736566215756,517.25,60.25,106.75,62.25,154.0,130.75,0.0,660.0,0.0,0.0,55.72365662157572,0.0,35942.0,0,0,0,35,SALT LAKE
1452,350547,111.0,314.2795742413749,0.3531887182548781,494.75,56.25,120.5,318.0,550.7273467650137,49.0,7.25,39.75,80.75,35.5,50.5,0.0,232.0,0.0,0.0,47.22841771633543,8.748929048678317,35942.0,0,0,0,35,SALT LAKE
1453,350548,365.25,917.5424848507456,0.39807421021972006,513.25,75.25,6.0,432.0,572.6134594014492,50.25,25.0,0.25,5.75,158.5,50.25,4.5,218.75,0.0,0.0,30.367196927653467,28.996262473795674,35942.0,0,0,0,35,SALT LAKE
1454,350549,197.5,397.2431988119831,0.4971765422055157,482.5,66.5,50.5,365.5,523.4078386989336,49.75,16.75,21.25,29.25,85.5,83.5,5.5,191.0,0.0,0.0,25.159780461585072,15.748058237348516,35942.0,0,0,0,35,SALT LAKE
1455,350550,663.0,1449.609426307633,0.4573645755662323,717.0,154.75,72.0,490.25,829.9569002440916,119.5,35.25,24.0,48.0,133.0,66.75,0.0,290.5,0.0,0.0,59.963141892994784,52.99375835109676,35942.0,0,0,0,35,SALT LAKE
1456,350551,3.5,10.569807345057054,0.3311318632157252,422.0,37.0,46.75,338.25,437.2698935927108,34.25,2.75,4.0,42.75,7.75,268.75,1.0,60.75,0.0,0.0,15.269893592710766,0.0,35942.0,510,0,147,35,SALT LAKE
1457,350552,297.5,757.8751681232159,0.3925448576666286,1577.75,271.25,51.5,1255.0,1663.5390852532614,185.5,85.75,0.0,51.5,280.5,257.25,68.0,649.25,0.0,0.0,61.79194107536711,23.997144177894324,55638.0,0,0,0,35,SALT LAKE
1458,350553,583.0,1046.5200705873845,0.5570843946382962,258.25,122.5,8.25,127.5,332.7471877146018,109.0,13.5,0.0,8.25,25.75,17.0,0.0,84.75,0.0,0.0,27.752888557851623,46.74429915675017,35282.0,0,0,0,35,SALT LAKE
1459,350554,427.5,1114.3320447711951,0.383637895011606,242.25,32.0,15.75,194.5,300.5600556376198,21.75,10.25,1.0,14.75,28.0,46.5,54.0,66.0,0.0,0.0,24.314101385602857,33.99595425201696,73969.0,0,0,0,35,SALT LAKE
1460,350555,485.0,864.4560107655993,0.5610464777385991,0.0,0.0,0.0,0.0,54.97448718916229,0.0,0.0,0.0,0.0,0.0,0.0,0.0,0.0,0.0,0.0,15.97912790008402,38.99535928907827,64400.0,0,0,0,35,SALT LAKE
1461,350556,0.0,0.0,0.0,533.5,65.25,223.0,245.25,551.0794583932551,57.0,8.25,36.25,186.75,108.5,39.75,0.0,97.0,0.0,0.0,17.579458393255088,0.0,35942.0,0,0,0,35,SALT LAKE
1462,350557,0.0,0.0,0.0,1177.5,190.0,290.0,697.5,1216.3000958748062,147.75,42.25,76.75,213.25,97.75,125.5,14.0,460.25,0.0,0.0,38.80009587480606,0.0,35942.0,0,0,0,35,SALT LAKE
1463,350558,0.0,0.0,0.0,540.25,99.5,160.0,280.75,558.051394537427,88.75,10.75,64.0,96.0,63.5,33.25,0.0,184.0,0.0,0.0,17.80139453742697,0.0,35942.0,0,0,0,35,SALT LAKE
1464,350559,257.75,548.4279095194613,0.4699797284675819,404.75,38.75,280.75,85.25,453.5831241145934,36.25,2.5,38.5,242.25,7.5,8.25,0.0,69.5,0.0,0.0,28.085698703399203,20.747425411194182,35942.0,0,0,0,35,SALT LAKE
1465,350560,136.75,288.9638256803848,0.4732426270935918,1029.0,147.25,103.25,778.5,1082.6625208198184,123.5,23.75,56.5,46.75,269.25,135.25,11.0,363.0,0.0,0.0,42.91377023379364,10.74875058602478,35942.0,0,0,0,35,SALT LAKE
1466,350561,225.0,565.1732079714451,0.3981080433865293,657.25,96.5,16.5,544.25,713.8223909363207,77.25,19.25,9.75,6.75,64.0,155.5,35.0,289.75,0.0,0.0,38.82451116162579,17.74787977469498,35942.0,0,0,0,35,SALT LAKE
1467,350562,749.0,1688.2090156052168,0.4436654425349614,299.5,82.25,9.0,208.25,410.032589544902,65.5,16.75,4.0,5.0,27.0,41.0,28.25,112.0,0.0,0.0,51.03969125334259,59.49289829155942,44808.0,0,0,0,35,SALT LAKE
1468,350563,661.25,1772.3165602781232,0.3730992616218812,5.0,0.0,0.0,5.0,88.94548703432628,0.0,0.0,0.0,0.0,0.0,0.0,0.0,5.0,0.0,0.0,31.201734136986428,52.743752897339846,48770.0,0,0,0,35,SALT LAKE
1469,350564,280.0,553.984982849023,0.5054288629991764,1659.75,65.0,752.0,842.75,1747.1592397689371,49.75,15.25,139.75,612.25,43.75,71.5,204.0,523.5,0.0,0.0,65.4118576058675,21.997382163069798,35942.0,0,0,0,35,SALT LAKE
1470,350565,0.0,0.0,0.0,438.75,30.25,91.0,317.5,453.2062496742605,20.5,9.75,46.25,44.75,38.0,147.75,0.0,131.75,0.0,0.0,14.456249674260476,0.0,35942.0,0,0,0,35,SALT LAKE
1471,350566,45.5,135.8477064199933,0.33493388441413957,817.25,116.25,98.75,602.25,855.4548434040405,109.5,6.75,35.75,63.0,24.0,504.5,0.0,73.75,0.0,0.0,34.455411342436285,3.749432061604277,73990.0,0,0,0,35,SALT LAKE
1472,350567,129.25,299.1410646310371,0.432070401833389,637.5,60.5,187.0,390.0,677.514357517902,42.75,17.75,41.25,145.75,93.75,44.75,0.0,251.5,0.0,0.0,29.76539595321264,10.248961564689347,73990.0,0,0,0,35,SALT LAKE
1473,350568,191.75,503.2460839889781,0.3810263131708733,376.5,75.5,58.25,242.75,430.9763451124275,59.0,16.5,2.25,56.0,42.75,35.25,0.0,164.75,0.0,0.0,39.22809211999585,15.248252992431652,73990.0,0,0,0,35,SALT LAKE
1474,350569,193.0,436.3439008272964,0.44231167121638953,1341.0,200.75,217.5,922.75,1412.2945442708997,150.5,50.25,20.5,197.0,309.5,125.0,36.0,452.25,0.0,0.0,56.04635080098991,15.248193469909712,73990.0,0,0,0,35,SALT LAKE
1475,350570,298.0,849.9026157976516,0.3506284066678871,478.5,95.25,43.0,340.25,539.5800729116713,62.75,32.5,1.5,41.5,61.25,52.75,23.0,203.25,0.0,0.0,37.08305856667738,23.997014344993875,73990.0,0,0,0,35,SALT LAKE
1476,350571,597.0,1688.233787820623,0.3536240088943368,464.0,118.5,4.25,341.25,553.4291293517773,81.75,36.75,0.0,4.25,39.0,147.25,0.0,155.0,0.0,0.0,41.93470576342748,47.49442358834984,32056.0,0,589,0,35,SALT LAKE
1477,350572,413.5,881.3370685139032,0.4691735032741074,384.5,75.5,29.5,279.5,448.7904787721252,60.5,15.0,12.5,17.0,37.75,34.0,0.5,207.25,0.0,0.0,31.29440552752048,32.99607324460469,38639.0,0,0,0,35,SALT LAKE
1478,350573,537.5,1225.7056899744127,0.4385228888112779,343.0,80.75,6.0,256.25,420.7552992515852,66.75,14.0,0.0,6.0,32.25,45.0,2.0,177.0,0.0,0.0,34.76041593285785,42.994883318727325,61053.0,0,0,0,35,SALT LAKE
1479,350574,44.0,109.7960107034445,0.40074315740708094,5644.75,362.25,340.25,4942.25,5836.17447035064,242.25,120.0,0.0,340.25,646.25,3025.75,120.0,1150.25,0.0,0.0,187.42494632099044,3.999524029649053,36964.0,0,0,0,35,SALT LAKE
1480,350575,0.0,0.0,0.0,1694.5,51.25,1233.5,409.75,1750.3287318867349,46.75,4.5,877.75,355.75,21.25,6.25,0.0,382.25,0.0,0.0,55.82873188673486,0.0,33860.0,0,0,0,35,SALT LAKE
1481,350576,176.5,397.65832173781337,0.4438483752299571,924.5,171.0,342.5,411.0,989.303417640391,143.5,27.5,224.75,117.75,71.5,57.5,0.0,282.0,0.0,0.0,50.80537027777922,13.998047362611722,73990.0,0,0,0,35,SALT LAKE
1482,350577,190.5,414.2066577684009,0.4599153500485644,472.5,160.5,63.0,249.0,524.0715156492012,152.25,8.25,6.25,56.75,67.5,14.25,1.5,165.75,0.0,0.0,36.32324643318803,15.248269216013082,73990.0,0,0,0,35,SALT LAKE
1483,350578,201.25,389.0129204703375,0.5173350020268682,648.5,143.75,21.5,483.25,700.5072938572337,78.75,65.0,3.25,18.25,78.75,47.75,125.25,231.5,0.0,0.0,36.009197738637496,15.998096118596214,73990.0,0,0,0,35,SALT LAKE
1484,350579,143.25,334.35264555118346,0.4284398580542141,1364.75,462.0,31.75,871.0,1427.8963574304769,282.5,179.5,11.5,20.25,105.25,104.5,9.5,651.75,0.0,0.0,51.647633885386654,11.498723545089788,73990.0,0,0,0,35,SALT LAKE
1485,350580,880.25,1992.2919574999692,0.4418278137831682,563.0,174.25,8.75,380.0,687.0276175574782,91.5,82.75,0.0,8.75,45.0,50.0,3.0,282.0,0.0,0.0,54.03594703861968,69.99167051885843,31220.0,0,0,0,35,SALT LAKE
1486,350581,821.75,1740.532523056178,0.47212562196602914,130.0,19.5,76.5,34.0,230.85041805750467,11.5,8.0,0.0,76.5,13.25,0.25,5.0,15.5,0.0,0.0,35.35823372147166,65.49218433603299,37045.0,0,0,0,35,SALT LAKE
1487,350582,399.0,852.7002714831733,0.4679252644144064,110.0,4.75,2.25,103.0,169.76917750399872,2.75,2.0,0.0,2.25,11.0,20.75,30.0,41.25,0.0,0.0,28.02292576231639,31.746251741682315,66057.0,0,0,0,35,SALT LAKE
1488,350583,1111.5,2623.234510594048,0.423713547344379,51.0,0.0,0.0,51.0,178.03929407513812,0.0,0.0,0.0,0.0,0.0,51.0,0.0,0.0,0.0,0.0,38.29986277417245,88.73943130096568,36964.0,0,0,0,35,SALT LAKE
1489,350584,253.0,549.1798695168517,0.4606869516586253,673.75,107.5,126.25,440.0,794.3323198693836,82.5,25.0,31.75,94.5,121.75,44.0,0.0,274.25,0.0,0.0,100.58469972113834,19.997620148245268,33860.0,0,0,0,35,SALT LAKE
1490,350585,0.0,0.0,0.0,23.0,0.0,23.0,0.0,23.757773075674088,0.0,0.0,23.0,0.0,0.0,0.0,0.0,0.0,0.0,0.0,0.7577730756740875,0.0,73990.0,0,0,0,35,SALT LAKE
1491,350586,13.75,40.46159712266761,0.33982840465526015,1088.5,153.0,316.25,619.25,1167.0789015494772,106.0,47.0,109.5,206.75,137.75,150.0,0.0,331.5,0.0,0.0,77.57902054206494,0.9998810074122636,73990.0,0,0,0,35,SALT LAKE
1492,350587,492.7500003794431,893.6142216127482,0.5514124422618898,139.25000010722974,11.750000009048112,24.75000001905879,102.75000007912284,206.08587796595546,8.500000006545442,3.250000002502669,5.7500000044277995,19.000000014630988,17.500000013475912,20.75000001597858,2.000000001540104,62.50000004812825,0.0,0.0,27.59059426749783,39.24528359122787,73990.0,0,0,0,35,SALT LAKE
1493,350588,432.75,980.9168504929182,0.4411688919224293,973.0,31.0,433.25,508.75,1063.799419073568,22.0,9.0,309.25,124.0,250.25,66.75,6.0,185.75,0.0,0.0,56.05356217286445,34.74585690070346,73990.0,0,0,0,35,SALT LAKE
1494,350589,119.5,311.9726100088546,0.3830464475602787,1101.75,218.5,33.75,849.5,1239.9101591227493,148.0,70.5,5.0,28.75,103.5,125.25,216.0,404.75,0.0,0.0,128.41133284307745,9.74882627967201,73990.0,0,0,0,35,SALT LAKE
1495,350590,545.5,1087.1875101226217,0.5017533727355589,659.5,182.25,43.25,434.0,752.8686973150558,148.25,34.0,11.75,31.5,70.5,74.75,26.5,262.25,0.0,0.0,49.87364628382035,43.49505103123545,38104.0,0,0,0,35,SALT LAKE
1496,350591,372.5,791.8269540393271,0.4704310684295035,462.5,22.75,15.75,424.0,521.5056239519035,15.75,7.0,7.0,8.75,74.75,193.0,69.75,86.5,0.0,0.0,29.00919372953568,29.996430222367906,37045.0,1377,111,167,35,SALT LAKE
1497,350592,266.0,560.4117902082553,0.47465097031800746,684.0,14.0,5.0,665.0,739.8018355101664,3.25,10.75,0.0,5.0,221.5,78.75,332.25,32.5,0.0,0.0,34.80433435450883,20.99750115565753,66057.0,27,48,504,35,SALT LAKE
1498,350593,273.0,610.4270759972837,0.44722786838048906,10.0,10.0,0.0,0.0,46.32187608352232,10.0,0.0,0.0,0.0,0.0,0.0,0.0,0.0,0.0,0.0,14.57443441596264,21.74744166755968,55218.0,0,0,0,35,SALT LAKE
1499,350594,486.25,1233.9681334973673,0.3940539360784372,159.0,11.5,1.0,146.5,226.5012338307198,2.0,9.5,0.0,1.0,38.0,86.75,0.0,21.75,0.0,0.0,28.75591242288922,38.74532140783057,85912.0,0,0,0,35,SALT LAKE
1500,350595,380.25,954.1498059893938,0.3985223259629597,0.0,0.0,0.0,0.0,55.52441862117273,0.0,0.0,0.0,0.0,0.0,0.0,0.0,0.0,0.0,0.0,25.52798839880483,29.996430222367906,62937.0,0,0,0,35,SALT LAKE
1501,350596,550.25,1262.612530477027,0.4358027397305414,236.0,1.75,1.0,233.25,318.6543354192602,1.25,0.5,1.0,0.0,19.5,146.0,3.0,64.75,0.0,0.0,38.6595170063235,43.99481841293667,106825.0,406,0,0,35,SALT LAKE
1502,350597,689.75,1818.4929403894475,0.3792975956520807,373.0,125.5,4.75,242.75,475.24652680920497,56.75,68.75,0.5,4.25,29.25,68.0,10.75,134.75,0.0,0.0,47.25307140153044,54.99345540767449,96711.0,513,0,0,35,SALT LAKE
1503,350598,665.75,1702.3740775702188,0.39107150935370105,1365.25,502.0,45.75,817.5,1494.6611362502629,398.75,103.25,29.0,16.75,88.5,155.75,0.0,573.25,0.0,0.0,76.41744285741285,52.99369339284996,106978.0,0,0,0,35,SALT LAKE
1504,350599,1028.0,2228.048507263667,0.46139031383231305,56.0,0.0,0.0,56.0,190.7067909486961,0.0,0.0,0.0,0.0,0.0,53.0,3.0,0.0,0.0,0.0,52.71654834089049,81.9902426078056,106986.0,295,0,0,35,SALT LAKE
1505,350600,398.0,881.9436976787836,0.45127597265846925,198.5,38.5,4.75,155.25,264.6777087601328,25.5,13.0,0.5,4.25,23.25,65.0,0.0,67.0,0.0,0.0,34.18151652294036,31.996192237192428,55182.0,324,0,0,35,SALT LAKE
1506,350601,365.75,695.3186304879576,0.5260178340731725,545.25,81.25,32.0,432.0,607.0101636951441,67.25,14.0,5.0,27.0,184.5,69.5,3.0,175.0,0.0,0.0,32.76361448018845,28.996549214955635,49157.0,0,0,0,35,SALT LAKE
1507,350602,1351.5,3507.440153574609,0.3853237520311268,493.0,98.0,10.5,384.5,661.8053249257821,57.5,40.5,0.0,10.5,59.75,74.5,9.0,241.25,0.0,0.0,60.81821400814535,107.98711091763673,46273.0,0,0,0,35,SALT LAKE
1508,350603,540.5,1232.6325674965717,0.4384923895834866,246.0,60.25,6.25,179.5,320.1593391089299,56.0,4.25,0.0,6.25,28.25,30.75,27.25,93.25,0.0,0.0,31.16445579020256,42.994883318727325,90985.0,0,0,0,35,SALT LAKE
1509,350604,440.5,932.0977203530374,0.4725899338463762,17.5,0.5,2.0,15.0,75.33879501892892,0.25,0.25,0.0,2.0,8.5,2.0,1.0,3.5,0.0,0.0,22.84295975949971,34.995835259429214,106530.0,0,0,0,35,SALT LAKE
1510,350605,362.5,778.094361233101,0.4658817979679491,117.75,20.0,4.75,93.0,174.56757459042643,6.5,13.5,1.0,3.75,22.25,22.0,9.5,39.25,0.0,0.0,28.07094964739949,28.74662494302695,71881.0,0,0,0,35,SALT LAKE
1511,350606,493.0,1260.1600537974343,0.39122014581748343,293.5,69.5,6.5,217.5,371.9116045497477,51.25,18.25,0.0,6.5,47.75,35.5,1.5,132.75,0.0,0.0,39.16626690194367,39.24533764780404,51794.0,0,0,0,35,SALT LAKE
1512,350607,491.75,1236.125338829687,0.397815645835372,117.75,6.5,1.25,110.0,202.05804779665075,5.0,1.5,0.0,1.25,23.0,16.0,26.5,44.5,0.0,0.0,45.31267228399103,38.9953755126597,74894.0,0,0,0,35,SALT LAKE
1513,350608,582.75,909.3720674559528,0.6408268088003777,378.0,108.25,42.25,227.5,473.1556231072144,101.5,6.75,0.0,42.25,43.0,41.0,11.0,132.5,0.0,0.0,48.6612482223929,46.49437488482148,52063.0,0,0,0,35,SALT LAKE
1514,350609,289.5,624.1736794480727,0.4638132134248134,415.75,48.5,23.0,344.25,467.2301066488475,34.0,14.5,6.0,17.0,66.25,80.75,5.75,191.5,0.0,0.0,28.482843478365453,22.997263170482057,41199.0,0,0,0,35,SALT LAKE
1515,350610,356.25,771.4509558162388,0.4617921558254696,99.75,23.25,0.5,76.0,163.00802840629797,20.0,3.25,0.0,0.5,14.75,7.75,0.0,53.5,0.0,0.0,35.01138184002882,28.24664656626914,81057.0,0,0,0,35,SALT LAKE
1516,350611,302.75,681.8133665428345,0.4440364692982004,493.25,87.0,37.75,368.5,544.2481406459883,79.75,7.25,19.0,18.75,36.75,38.75,140.5,152.5,0.0,0.0,27.00095860487839,23.99718204110997,56355.0,0,0,0,35,SALT LAKE
1517,350612,292.0,766.7180755254037,0.38084402770849396,328.25,29.0,12.5,286.75,398.6826564328321,14.75,14.25,1.0,11.5,55.75,67.5,26.5,137.0,0.0,0.0,47.185355381102354,23.24730105172976,121244.0,0,0,0,35,SALT LAKE
1518,350613,236.0,583.0480395463131,0.40476939118711136,16.75,0.75,0.25,15.75,57.32237372552156,0.75,0.0,0.0,0.25,0.0,0.5,0.0,15.25,0.0,0.0,21.574634584688557,18.997739140833005,76631.0,0,0,0,35,SALT LAKE
1519,350614,513.75,1503.2441415286214,0.3417608529493932,981.25,133.25,30.0,818.0,1098.5200842186737,49.75,83.5,0.0,30.0,121.25,345.0,84.0,267.75,0.0,0.0,76.27497913835238,40.995105080321366,60917.0,0,726,0,35,SALT LAKE
1520,350615,404.75,1049.7444703241026,0.38557002341249363,242.25,69.5,4.75,168.0,317.0606465461756,61.75,7.75,0.0,4.75,28.0,32.0,12.75,95.25,0.0,0.0,42.56447595025735,32.24617059591819,60952.0,0,0,0,35,SALT LAKE
1521,350616,841.75,2403.37674069206,0.35023639271703,653.0,83.5,52.0,517.5,792.4896505441134,40.25,43.25,5.25,46.75,86.0,141.75,87.0,202.75,0.0,0.0,72.24769877556304,67.24195176855034,86077.0,0,0,0,35,SALT LAKE
1522,350617,424.0,690.5225809438132,0.6140277113320067,1415.5,85.0,49.75,1280.75,1511.6068836649067,43.0,42.0,5.5,44.25,175.75,244.0,456.75,404.25,0.0,0.0,62.110929412889945,33.99595425201696,52063.0,0,0,0,35,SALT LAKE
1523,350618,419.5,840.2004955174834,0.4992855898539169,480.75,85.75,6.5,388.5,548.8815088442551,26.0,59.75,1.0,5.5,123.75,37.0,92.5,135.25,0.0,0.0,34.88545724092468,33.24605160333045,41199.0,0,0,0,35,SALT LAKE
1524,350619,239.25,515.7892455287763,0.46385224599773484,1357.0,91.75,22.75,1242.5,1431.8453929858192,43.75,48.0,0.0,22.75,106.5,177.0,747.0,212.0,0.0,0.0,55.84765384498636,18.997739140833005,81057.0,398,0,0,35,SALT LAKE
1525,350620,553.0,1069.939848271405,0.5168514855236273,1571.75,158.5,75.25,1338.0,1690.2750207311092,116.5,42.0,2.0,73.25,213.25,409.0,248.0,467.75,0.0,0.0,74.53025640496968,43.99476432613959,49685.0,0,0,0,35,SALT LAKE
1526,350621,79.25,194.14641806445715,0.40819707512547965,188.75,42.5,1.0,145.25,254.0766004866638,11.0,31.5,1.0,0.0,12.75,82.75,4.0,45.75,0.0,0.0,59.07737394668009,6.249226539983696,121244.0,654,0,0,35,SALT LAKE
1527,350622,164.75,379.2251737661716,0.43443845872316494,0.0,0.0,0.0,0.0,39.42699028392869,0.0,0.0,0.0,0.0,0.0,0.0,0.0,0.0,0.0,0.0,26.428537187569265,12.998453096359423,76631.0,0,0,0,35,SALT LAKE
1528,350623,377.25,1111.4162891118538,0.33943177160149873,219.5,17.25,2.5,199.75,290.88505628531675,12.25,5.0,0.0,2.5,30.5,23.5,10.0,135.75,0.0,0.0,41.13876131354211,30.24629497177465,124702.0,0,0,0,35,SALT LAKE
1529,350624,584.5,1510.9472091266118,0.3868434293861693,37.75,1.25,0.0,36.5,134.24451803366722,1.0,0.25,0.0,0.0,17.25,0.0,0.0,19.25,0.0,0.0,50.00001331594528,46.49450471772193,53280.0,0,0,0,35,SALT LAKE
1530,350625,898.0,2461.969466549599,0.3647486340513106,532.5,1.25,0.0,531.25,678.3703511347805,1.0,0.25,0.0,0.0,0.75,529.25,0.0,1.25,0.0,0.0,74.12895648234534,71.74139465243526,108749.0,470,840,2138,35,SALT LAKE
1531,350626,1861.0000157385357,4379.319165591062,0.4249519035654399,60.00000050742189,35.0000002959961,2.500000021142579,22.50000019028321,385.24411130528995,14.250000120512698,20.750000175483404,2.000000016914063,0.5000000042285158,2.500000021142579,3.750000031713868,0.0,16.250000137426763,0.0,0.0,177.01177995173745,148.23233084613057,117068.0,0,0,0,35,SALT LAKE
1532,350627,548.5,1047.3703144223489,0.5236925206368023,762.75,117.75,209.0,436.0,869.4612991925862,87.75,30.0,27.75,181.25,109.25,44.25,1.0,281.5,0.0,0.0,62.96645913837529,43.7448400542109,38438.0,0,0,0,35,SALT LAKE
1533,350628,0.0,0.0,0.0,422.0,18.5,307.25,96.25,435.9056719913266,16.25,2.25,145.75,161.5,25.5,12.0,0.0,58.75,0.0,0.0,13.905671991326594,0.0,38438.0,0,0,0,35,SALT LAKE
1534,350629,752.75,1703.9426489433513,0.44176956335167455,1092.0,229.5,117.25,745.25,1247.9565318325915,169.5,60.0,34.0,83.25,158.0,66.75,14.0,506.5,0.0,0.0,95.71346577114788,60.24306606144375,38438.0,0,0,0,35,SALT LAKE
1535,350630,608.0,1290.707848244079,0.4710593499738481,546.25,91.75,66.5,388.0,670.833823848046,64.0,27.75,7.0,59.5,83.0,36.0,0.0,269.0,0.0,0.0,76.33957335711304,48.24425049093298,38438.0,0,0,0,35,SALT LAKE
1536,350631,513.75,1060.3517107342232,0.4845090499682056,866.0,95.0,128.25,642.75,969.8741034519406,70.5,24.5,25.25,103.0,174.25,96.5,4.0,368.0,0.0,0.0,62.87903623483486,40.99506721710572,49408.0,0,0,0,35,SALT LAKE
1537,350632,522.0,1040.1194059147451,0.5018654560539816,176.0,6.0,9.0,161.0,246.4902004303872,4.75,1.25,1.0,8.0,18.0,26.5,24.0,92.5,0.0,0.0,28.74517647779788,41.7450239525893,49629.0,0,0,0,35,SALT LAKE
1538,350633,801.25,1568.8036671564034,0.5107394996420024,416.25,58.25,32.25,325.75,521.8545748929752,47.25,11.0,0.0,32.25,40.0,44.75,123.75,117.25,0.0,0.0,41.61219041859032,63.99238447438486,48753.0,0,0,0,35,SALT LAKE
1539,350634,694.75,1408.4853350091275,0.493260371784771,1014.5,261.0,35.0,718.5,1135.1220650246646,260.25,0.75,16.0,19.0,84.25,84.25,231.5,318.5,0.0,1.8153613317395847,63.56326992652462,55.24343376640025,45123.0,567,0,0,35,SALT LAKE
1540,350635,557.5,1060.2987174821883,0.525795222429254,739.75,30.5,83.0,626.25,830.0517187145731,23.75,6.75,47.25,35.75,82.5,82.0,344.25,117.5,0.0,1.8153613317395847,44.49159305669385,43.99476432613959,45123.0,0,0,0,35,SALT LAKE
1541,350636,516.75,973.5913261364084,0.5307668486023457,613.5,288.75,8.5,316.25,710.4897213301338,250.5,38.25,0.0,8.5,78.0,47.5,22.75,168.0,0.0,0.0,55.99460002623098,40.9951213039028,62849.0,0,0,0,35,SALT LAKE
1542,350637,272.0,501.4019148512485,0.5424789813191969,3529.25,54.75,13.0,3461.5,3677.824975178527,19.5,35.25,7.0,6.0,387.0,2277.25,206.5,590.75,0.0,0.0,126.57759301545735,21.997382163069798,62849.0,0,0,0,35,SALT LAKE
1543,350638,338.75,662.6248114730248,0.5112244427535904,338.75,60.25,10.0,268.5,393.3179647936048,17.75,42.5,0.0,10.0,42.0,59.75,57.5,109.25,0.0,0.0,27.57117759347364,26.99678720013111,50696.0,0,0,0,35,SALT LAKE
1544,350639,336.25,605.5228864342512,0.5553051875216126,184.5,15.5,10.0,159.0,234.1579714200773,13.0,2.5,0.0,10.0,53.25,24.75,23.75,57.25,0.0,0.0,22.6611842199462,26.99678720013111,50696.0,0,0,0,35,SALT LAKE
1545,350640,192.0,347.7509878714476,0.5521192079861934,2685.25,83.5,12.0,2589.75,2809.7401501681343,52.75,30.75,0.0,12.0,173.5,85.25,1993.0,338.0,0.0,0.0,109.24189717570232,15.248252992431652,64742.0,0,0,0,35,SALT LAKE
1546,350641,300.75,726.9492971937634,0.41371523593321136,21.75,0.25,0.0,21.5,60.8704085947676,0.25,0.0,0.0,0.0,4.0,0.25,8.5,8.75,0.0,0.0,15.123264416873278,23.997144177894324,78750.0,0,0,0,35,SALT LAKE
1547,350642,250.5,487.9543521881378,0.513367692852171,342.25,64.5,28.5,249.25,386.7756045379483,22.5,42.0,20.75,7.75,38.75,44.0,83.0,83.5,0.0,0.0,24.527984389703025,19.997620148245268,59820.0,0,0,0,35,SALT LAKE
1548,350643,714.0,1485.8743392910555,0.4805251568855181,808.0,79.5,26.75,701.75,930.3806362596648,43.0,36.5,0.0,26.75,192.5,55.0,174.0,280.25,0.0,0.0,65.38741883716574,56.993217422499015,62016.0,0,0,0,35,SALT LAKE
1549,350644,1134.75,1813.920969393708,0.6255785225192492,2081.5,353.0,90.0,1638.5,2414.650017193917,290.25,62.75,0.0,90.0,424.75,335.5,223.0,655.25,0.0,0.0,242.66071028683976,90.48930690707716,47981.0,0,0,0,35,SALT LAKE
1550,350645,104.0,194.54308503986545,0.5345859503497052,219.5,9.0,6.25,204.25,243.65666619850376,5.5,3.5,0.0,6.25,27.5,35.0,81.0,60.75,0.0,0.0,15.907693867276963,8.248972331226792,64742.0,0,0,0,35,SALT LAKE
1551,350646,677.75,1333.744213826744,0.5081559064878095,937.5,124.25,26.5,786.75,1111.4568159480732,87.0,37.25,0.5,26.0,174.25,79.25,270.0,263.25,0.0,0.0,119.96324154781112,53.99357440026222,55224.0,0,0,0,35,SALT LAKE
1552,350647,643.75,1550.9477501902034,0.41506878611549136,1.0,0.0,0.0,1.0,77.98600323602075,0.0,0.0,0.0,0.0,0.0,0.0,1.0,0.0,0.0,0.0,25.99207185799532,50.99393137802543,78750.0,0,0,0,35,SALT LAKE
1553,350648,336.5,662.5333436693593,0.5078989657129349,469.5,18.0,33.25,418.25,533.3005919236548,13.25,4.75,23.25,10.0,88.5,81.0,102.5,146.25,0.0,0.0,36.80380472352376,26.99678720013111,59820.0,0,0,0,35,SALT LAKE
1554,350649,874.5000116050882,2051.749238432805,0.42622168207702643,225.00000298587176,0.0,0.0,225.00000298587176,416.463991482129,0.0,0.0,0.0,0.0,0.2500000033176353,223.75000296928357,0.0,1.000000013270541,0.0,0.0,121.97229543196421,69.49169306429297,143361.0,397,603,0,35,SALT LAKE
1555,350650,713.5000058298582,1656.6356304974076,0.4306921767797718,356.7500029149291,0.750000006128092,38.000000310489995,318.000002598311,502.2552853432037,0.25000000204269734,0.5000000040853947,23.75000019405625,14.250000116433748,128.50000104994643,0.25000000204269734,116.00000094781157,73.25000059851033,0.0,0.0,88.51206454009598,56.99321788817859,146175.0,0,0,0,35,SALT LAKE
1556,350651,252.0,491.61501380010543,0.5125962245377339,74.75,2.75,12.0,60.0,105.51286146467392,2.5,0.25,0.0,12.0,16.25,4.5,6.0,33.25,0.0,0.0,10.76524131642867,19.997620148245268,59906.0,0,0,0,35,SALT LAKE
1557,350652,897.5,2382.720581539833,0.37667026799256115,1045.75,152.75,51.5,841.5,1182.4591223231305,103.0,49.75,0.0,51.5,296.75,102.0,0.0,442.75,0.0,0.0,64.7176897894477,71.99143253368297,66195.0,0,0,0,35,SALT LAKE
1558,350653,241.0,548.1785914617745,0.4396377453511067,2489.25,414.25,439.75,1635.25,2847.1849989884754,304.25,110.0,115.25,324.5,337.25,206.25,0.0,1091.75,0.0,0.0,338.9372598476426,18.997739140833005,58960.0,0,0,0,35,SALT LAKE
1559,350654,1010.25,2720.354860026638,0.37136699143364976,133.0,0.25,0.0,132.75,253.40735837060544,0.25,0.0,0.0,0.0,0.25,132.5,0.0,0.0,0.0,0.0,39.9168615376509,80.49049683295453,47504.0,724,0,0,35,SALT LAKE
1560,350655,957.75,2442.9696805872154,0.3920433428260092,85.0,0.0,0.0,85.0,197.5960031920497,0.0,0.0,0.0,0.0,0.0,84.75,0.0,0.25,0.0,0.0,36.60504662871765,75.99095656333202,47848.0,637,0,0,35,SALT LAKE
1561,350656,418.0,975.2034956480744,0.42862848817232435,385.0,41.5,5.0,338.5,446.20649152565073,28.5,13.0,0.0,5.0,23.0,241.5,6.0,68.0,0.0,0.0,28.210418281046053,32.99607324460469,50979.0,0,565,0,35,SALT LAKE
1562,350657,721.5,3259.455150259844,0.22135601403887456,387.75,21.0,3.75,363.0,482.527238434449,16.0,5.0,2.0,1.75,18.25,245.5,0.0,99.25,0.0,0.0,37.284004771976605,57.49323366247248,66086.0,428,710,0,35,SALT LAKE
1563,350658,897.0,2339.403820777028,0.383431022909958,484.5,114.25,19.25,351.0,602.0066128544913,54.25,60.0,2.5,16.75,77.0,103.0,1.0,170.0,0.0,0.0,45.51518032080833,71.99143253368297,85020.0,0,0,0,35,SALT LAKE
1564,350659,629.75,1841.3769935999464,0.341999493959583,176.75,5.5,36.0,135.25,253.31510969558352,4.0,1.5,0.0,36.0,10.0,84.5,0.0,40.75,0.0,0.0,26.57105932497035,49.99405037061317,69902.0,342,0,0,35,SALT LAKE
1565,350660,654.0,1671.381779905366,0.39129300550172896,0.0,0.0,0.0,0.0,73.54092505895305,0.0,0.0,0.0,0.0,0.0,0.0,0.0,0.0,0.0,0.0,21.54711267351536,51.99381238543769,66698.0,0,0,0,35,SALT LAKE
1566,350661,368.00000005724576,1027.1376938590872,0.3582771835338092,369.5000000574791,35.50000000552235,0.5000000000777796,333.50000005187894,422.7950702944324,1.250000000194449,34.2500000053279,0.2500000000388898,0.2500000000388898,0.7500000001166693,309.5000000481455,0.0,23.250000003616748,0.0,0.0,24.298521017486976,28.996549219466313,73196.0,0,0,2265,35,SALT LAKE
1567,350662,488.0,1360.4350378760191,0.3587087853616962,145.25,20.75,11.0,113.5,210.3576393397304,14.5,6.25,1.5,9.5,8.75,69.0,0.0,35.75,0.0,0.0,26.11228005065213,38.99535928907827,47310.0,346,0,0,35,SALT LAKE
1568,350663,349.25,896.4407145104587,0.3895963161275238,1207.0,201.0,39.5,966.5,1367.0756611320417,130.5,70.5,8.5,31.0,275.75,138.75,39.25,512.75,0.0,0.0,132.32865213424537,27.74700899779629,51187.0,0,0,0,35,SALT LAKE
1569,350664,386.25,960.3474523766452,0.40219818258914275,1150.5,240.25,19.75,890.5,1269.8780414569676,156.75,83.5,0.0,19.75,265.0,84.5,0.0,541.0,0.0,0.0,88.38170858755333,30.99633286941438,37570.0,0,0,0,35,SALT LAKE
1570,350665,493.9999999667537,1797.3485503523984,0.27484930503318195,811.749999945369,209.49999998590062,26.74999999819972,575.4999999612687,893.7658398686887,150.49999998987133,58.99999999602929,1.4999999998990496,25.24999999830067,17.74999999880542,76.74999999483471,0.0,480.99999996762864,0.0,0.0,43.02048063686573,38.995359286453876,77608.0,574,0,0,35,SALT LAKE
1571,350666,832.9999998452802,2567.6555748366395,0.3244204588842792,95.99999998216914,3.749999999303482,20.9999999960995,71.24999998676616,192.59953754761756,2.9999999994427857,0.7499999998606964,1.4999999997213929,19.499999996378108,2.2499999995820894,52.49999999024875,0.0,16.499999996935323,0.0,0.0,30.60739108849629,65.99214647695212,74875.0,0,0,0,35,SALT LAKE
1572,350667,442.0,1248.8348169596995,0.3539299145070709,0.0,0.0,0.0,0.0,49.55825697455733,0.0,0.0,0.0,0.0,0.0,0.0,0.0,0.0,0.0,0.0,14.562421715128115,34.995835259429214,64459.0,0,0,0,35,SALT LAKE
1573,350668,507.75,1237.2169790965445,0.4103968896149286,4872.0,370.0,132.25,4369.75,5102.267064678062,252.75,117.25,0.0,132.25,869.25,2122.75,49.0,1328.75,0.0,0.0,189.77200280980765,40.49506186825406,58856.0,0,0,0,35,SALT LAKE
1574,350669,269.0,663.7752880357847,0.40525762987654035,0.0,0.0,0.0,0.0,30.860088105088465,0.0,0.0,0.0,0.0,0.0,0.0,0.0,0.0,0.0,0.0,9.612646453920815,21.247441651167648,65114.0,0,0,0,35,SALT LAKE
1575,350670,384.75,943.721368511998,0.407694487840887,1090.0,270.75,27.5,791.75,1192.832285129382,175.5,95.25,4.0,23.5,125.0,168.0,83.25,415.5,0.0,0.0,71.83597389960178,30.996311229780165,69166.0,447,0,0,35,SALT LAKE
1576,350671,531.75,1277.3014061101576,0.4163073785531718,403.0,134.25,6.25,262.5,487.2619717000792,91.0,43.25,0.0,6.25,27.0,100.25,0.0,135.25,0.0,0.0,42.01689908002568,42.24507262005355,56691.0,430,0,0,35,SALT LAKE
1577,350672,1287.5,2445.3101778031355,0.5265180718941304,4378.0,492.0,794.0,3092.0,5055.190093954179,409.75,82.25,585.75,208.25,986.75,222.5,1316.5,566.25,0.0,0.0,574.4522906862265,102.737803267953,41142.0,0,0,0,35,SALT LAKE
1578,350673,597.0,1128.4736493613827,0.5290331771041794,1569.75,184.5,18.5,1366.75,1689.126154300588,115.0,69.5,0.0,18.5,369.25,83.25,394.0,520.25,0.0,0.0,71.38186594479924,47.99428835578864,41142.0,0,0,0,35,SALT LAKE
1579,350674,321.75,799.8011022175576,0.4022875176189483,0.0,0.0,0.0,0.0,47.34878170578133,0.0,0.0,0.0,0.0,0.0,0.0,0.0,0.0,0.0,0.0,21.601816008572605,25.74696569720873,65114.0,0,0,0,35,SALT LAKE
1580,350675,193.0,566.5669964656353,0.3406481514171754,1846.25,20.75,16.75,1808.75,1940.18712795069,14.25,6.5,0.0,16.75,1.25,1790.5,15.25,1.75,0.0,0.0,78.43895068632959,15.498177264360338,60975.0,0,0,0,35,SALT LAKE
1581,350676,777.5,2039.6032735013016,0.38120158469117293,322.75,119.5,22.0,181.25,436.48775927588673,33.75,85.75,3.75,18.25,2.5,120.5,24.0,34.25,0.0,0.0,51.74513681632644,61.99262245956033,73963.0,0,1218,0,35,SALT LAKE
1582,350677,1044.75,2471.260518608634,0.42275996081069345,1403.25,89.25,30.25,1283.75,1720.6161659443958,6.75,82.5,0.0,30.25,79.25,103.25,1046.75,54.5,0.0,0.0,233.87546885013808,83.49069709425775,35964.0,0,0,0,35,SALT LAKE
1583,350678,273.5,976.2403770262227,0.28015641069172204,849.0,176.75,19.0,653.25,924.9866469185732,90.0,86.75,0.0,19.0,93.0,91.25,120.0,349.0,0.0,0.0,54.23918902743199,21.74745789114111,78846.0,0,0,0,35,SALT LAKE
1584,350679,204.5,732.2422759044161,0.27927914944191856,0.0,0.0,0.0,0.0,23.73558614595547,0.0,0.0,0.0,0.0,0.0,0.0,0.0,0.0,0.0,0.0,7.737490027359256,15.998096118596214,79994.0,0,0,0,35,SALT LAKE
1585,350680,729.0,2230.129131451807,0.3268869007264271,119.0,16.0,0.25,102.75,228.68379178688684,7.25,8.75,0.0,0.25,0.25,53.5,9.0,40.0,0.0,0.0,51.69069335697558,57.99309842991128,77028.0,520,0,0,35,SALT LAKE
1586,350681,266.0,636.8145095814738,0.41770405039109443,311.25,39.0,13.0,259.25,359.51547295678085,30.25,8.75,5.75,7.25,35.0,38.5,66.0,119.75,0.0,0.0,27.267971801123352,20.99750115565753,83761.0,0,0,0,35,SALT LAKE
1587,350682,535.75,1303.8950958087055,0.410884281812346,410.25,33.25,9.0,368.0,484.8724210123843,21.25,12.0,0.0,9.0,62.25,193.0,2.0,110.75,0.0,0.0,31.87744032595143,42.74498068643285,72190.0,0,0,0,35,SALT LAKE
1588,350683,490.5,1165.546779605569,0.42083252991869563,150.5,37.75,2.25,110.5,229.3652149824569,19.25,18.5,0.0,2.25,12.25,12.5,11.0,74.75,0.0,0.0,39.61993142144996,39.24528356100696,68224.0,0,0,0,35,SALT LAKE
1589,350684,1113.25,2691.3642856259867,0.41363779921790417,2434.5,507.25,75.25,1852.0,2690.1600320881566,263.5,243.75,24.5,50.75,303.5,324.0,370.0,854.5,0.0,0.0,166.67072516633476,88.98930692182215,46164.0,606,0,0,35,SALT LAKE
1590,350685,557.5,1279.2916158615558,0.4357880510492866,355.25,38.5,13.75,303.0,439.801300023213,23.5,15.0,0.0,13.75,81.5,68.25,6.5,146.75,0.0,0.0,40.30659520156332,44.244704821649705,53461.0,0,0,0,35,SALT LAKE
1591,350686,804.25,1993.875333337188,0.4033602234568553,2.0,0.0,0.0,2.0,174.62258451805803,0.0,0.0,0.0,0.0,0.0,0.0,0.0,2.0,0.0,1.8153613317395847,106.56480083068588,64.24242235563256,75254.0,0,0,0,35,SALT LAKE
1592,350687,637.0,1144.282890542976,0.5566805247762954,1460.75,156.75,19.75,1284.25,1580.0626783876974,77.0,79.75,0.0,19.75,121.5,103.25,644.75,414.75,0.0,0.0,68.56586381539346,50.74681457230383,37528.0,0,0,0,35,SALT LAKE
1593,350688,246.25,613.1387077950421,0.40162200961925826,0.0,0.0,0.0,0.0,39.61181849480346,0.0,0.0,0.0,0.0,0.0,0.0,0.0,0.0,0.0,0.0,19.864138842068307,19.74767965273515,55258.0,0,0,0,35,SALT LAKE
1594,350689,121.5,332.44444538594337,0.36547459789543935,1394.0,238.5,27.0,1128.5,1482.736152532227,122.0,116.5,0.0,27.0,285.25,230.5,38.0,574.75,0.0,0.0,79.23713149911198,9.499021033115124,62034.0,0,0,0,35,SALT LAKE
1595,350690,364.0,1003.4967866812024,0.3627316049549424,205.25,47.75,5.25,152.25,261.25067601253664,38.5,9.25,0.0,5.25,18.0,18.25,0.0,116.0,0.0,0.0,27.004126797581023,28.996549214955635,64390.0,0,0,0,35,SALT LAKE
1596,350691,334.5,1084.9665959403296,0.30830442269062874,38.75,32.75,0.0,6.0,81.29529131833776,1.5,31.25,0.0,0.0,1.75,0.5,0.0,3.75,0.0,0.0,15.548504118206647,26.99678720013111,67650.0,0,0,0,35,SALT LAKE
1597,350692,260.5,625.8147672140672,0.4162573554466684,37.75,12.5,6.25,19.0,85.82365404447312,11.25,1.25,1.0,5.25,2.25,5.75,0.0,11.0,0.0,0.0,27.07615288881558,20.99750115565753,83761.0,0,0,0,35,SALT LAKE
1598,350693,503.0,947.859004654427,0.5306696434069169,496.5,23.0,8.75,464.75,577.6636533565406,15.75,7.25,0.0,8.75,30.75,376.25,0.0,57.75,0.0,0.0,41.16841306005004,39.995240296490536,51667.0,751,21,1876,35,SALT LAKE
1599,350694,397.0,958.3265643504694,0.4142637956290787,2027.5,399.25,33.25,1595.0,2267.9328398997536,246.5,152.75,0.0,33.25,510.75,125.0,0.0,959.25,0.0,0.0,208.6866855438089,31.74615435594473,62357.0,0,0,0,35,SALT LAKE
1600,350695,920.25,2092.0119883591005,0.4398875365536558,3363.5,670.25,48.0,2645.25,3580.124721577376,469.75,200.5,0.0,48.0,712.5,288.0,192.0,1452.75,0.0,0.0,143.133332273785,73.49138930359064,51097.0,0,0,0,35,SALT LAKE
1601,350696,1025.0,2532.608635944225,0.4047210395844884,205.0,47.25,12.25,145.5,350.76111505612323,19.75,27.5,1.0,11.25,10.25,58.75,0.0,76.5,0.0,0.0,64.02091032956535,81.74020472655789,80135.0,541,0,0,35,SALT LAKE
1602,350697,626.0,1580.335231035877,0.39611848657557924,104.0,0.5,0.0,103.5,192.793519823262,0.5,0.0,0.0,0.0,0.0,103.0,0.0,0.5,0.0,0.0,38.79946945264878,49.99405037061317,80682.0,0,1129,0,35,SALT LAKE
1603,350698,297.75,685.2592485495718,0.4345070871064073,98.5,4.5,1.5,92.5,140.30260408773535,2.75,1.75,0.0,1.5,19.25,12.75,40.0,20.5,0.0,0.0,17.805459909841026,23.997144177894324,53825.0,0,0,0,35,SALT LAKE
1604,350699,1002.0,2198.507894115724,0.4557636580163479,3175.0,880.25,51.75,2243.0,3414.6176373892185,481.25,399.0,0.0,51.75,684.25,205.0,6.25,1347.5,0.0,0.0,159.6273622916484,79.99027509757042,53825.0,0,0,0,35,SALT LAKE
1605,350700,797.0,2173.6122262037943,0.36667073841039144,2468.0,647.25,37.0,1783.75,2653.5018887275805,501.5,145.75,0.0,37.0,394.25,245.25,472.0,672.25,0.0,0.0,122.0094231074319,63.49246562014898,54653.0,0,0,0,35,SALT LAKE
1606,350701,418.25,1199.1593890449506,0.34878599443991165,114.0,0.25,0.0,113.75,164.53195713987094,0.0,0.25,0.0,0.0,0.0,113.75,0.0,0.0,0.0,0.0,17.535883895266224,32.99607324460469,65090.0,698,0,0,35,SALT LAKE
1607,350702,104.5,262.802461393153,0.3976370671949978,456.5,66.75,55.5,334.25,498.7436098558797,46.25,20.5,25.5,30.0,53.75,111.75,24.0,144.75,0.0,0.0,34.24456179658161,7.999048059298107,83027.0,748,0,0,35,SALT LAKE
1608,350703,521.75,1577.235132032128,0.3308003920301796,0.0,0.0,0.0,0.0,58.43227249156647,0.0,0.0,0.0,0.0,0.0,0.0,0.0,0.0,0.0,0.0,17.187226915734982,41.24504557583148,45908.0,0,0,0,35,SALT LAKE
1609,350704,637.75,1315.939361109556,0.48463479309735863,168.75,11.75,5.25,151.75,246.31484437077984,9.0,2.75,0.0,5.25,17.5,66.75,30.0,37.5,0.0,0.0,26.57091299275441,50.99393137802543,80018.0,483,0,0,35,SALT LAKE
1610,350705,424.75,1162.057292747306,0.3655155409728697,1.0,0.0,0.0,1.0,49.02271242929601,0.0,0.0,0.0,0.0,1.0,0.0,0.0,0.0,0.0,0.0,14.026758177279046,33.99595425201696,104764.0,0,0,0,35,SALT LAKE
1611,350706,569.5,1456.8600039021044,0.39090921466347583,39.0,0.0,0.0,39.0,110.04140935294772,0.0,0.0,0.0,0.0,1.0,0.0,38.0,0.0,0.0,0.0,25.54686138874141,45.4945479642063,82610.0,0,0,0,35,SALT LAKE
1612,350707,254.5,733.1404544549674,0.34713675729325405,843.0,15.75,5.5,821.75,919.6663329490394,12.5,3.25,0.0,5.5,623.75,7.25,149.0,41.75,0.0,0.0,56.16869656082065,20.49763638821873,93494.0,0,0,0,35,SALT LAKE
1613,350708,447.0,861.4196960682444,0.5189108190121847,914.75,68.25,60.75,785.75,1056.119677799335,44.5,23.75,18.75,42.0,166.25,184.75,134.0,300.75,0.0,0.0,105.8738803867294,35.495797412605604,91804.0,0,0,0,35,SALT LAKE
1614,350709,301.75,774.4980986146116,0.3896071540262748,797.25,83.75,60.0,653.5,865.200770897298,51.5,32.25,7.5,52.5,189.25,87.75,116.0,260.5,0.0,0.0,43.95362671940354,23.997144177894324,88816.0,0,0,0,35,SALT LAKE
1615,350710,16.5,42.229585245485175,0.3907213368088676,2215.0,347.0,1087.25,780.75,2293.585757056278,201.0,146.0,655.0,432.25,146.0,52.0,33.0,549.75,0.0,1.8153613317395847,75.77051471712636,0.9998810074122636,38438.0,0,0,0,35,SALT LAKE
1616,350711,1.0,1.0,1.0,667.5,173.25,71.25,423.0,734.5308108064767,96.75,76.5,6.75,64.5,157.0,51.75,0.0,214.25,0.0,0.0,67.03081080647664,0.0,41809.0,0,0,0,35,SALT LAKE
1617,350712,650.75,1727.8191665203135,0.37663084922860146,2502.0,368.75,86.0,2047.25,2694.035105432461,262.0,106.75,4.0,82.0,641.75,227.5,25.5,1152.5,0.0,0.0,140.04177999538382,51.9933254370777,57188.0,0,0,0,35,SALT LAKE
1618,350713,1242.75,3180.4917872398864,0.3907414585964049,1538.25,252.75,90.0,1195.5,1774.5921073965028,180.75,72.0,23.0,67.0,409.0,116.75,4.5,665.25,0.0,0.0,137.10360635889364,99.23850103760915,41809.0,0,0,0,35,SALT LAKE
1619,350714,1526.5,2647.190518102644,0.5766490887456444,382.25,43.75,26.0,312.5,566.8626875009405,28.75,15.0,1.0,25.0,73.75,64.0,3.0,171.75,0.0,0.0,62.877074781776,121.73561271916452,41809.0,0,0,0,35,SALT LAKE
1620,350715,1059.0,2884.3976771200214,0.36714770934685315,2218.0,499.25,43.5,1675.25,2465.4240823190307,369.5,129.75,1.0,42.5,576.5,191.0,5.0,902.75,0.0,0.0,163.18444560135669,84.23963671767397,41809.0,0,0,0,35,SALT LAKE
1621,350716,368.5,693.941731438552,0.5310244121449416,522.5,147.25,23.0,352.25,588.151199929949,120.0,27.25,0.0,23.0,79.75,50.75,0.0,221.75,0.0,0.0,36.40463449305194,29.246565436897047,41809.0,0,0,0,35,SALT LAKE
1622,350717,572.25,1472.5727653118622,0.3886055843758652,385.75,127.0,22.25,236.5,477.0614413254994,114.25,12.75,0.0,22.25,51.75,40.0,0.0,144.75,0.0,0.0,45.81677975197405,45.49466157352531,69450.0,0,0,0,35,SALT LAKE
1623,350718,467.0,720.5611988256017,0.6481059495864259,365.5,97.25,7.0,261.25,430.2080332942825,52.0,45.25,0.0,7.0,44.75,22.5,5.25,188.75,0.0,0.0,27.462511748100116,37.24552154618243,35292.0,0,0,0,35,SALT LAKE
1624,350719,202.25,447.3657827747121,0.45209090142204866,1044.5,99.75,26.5,918.25,1136.8259105748912,30.25,69.5,0.0,26.5,298.75,88.25,204.0,327.25,0.0,0.0,76.07777657504724,16.248133999843915,69450.0,0,0,0,35,SALT LAKE
1625,350720,670.0,1414.9674998047865,0.47350910893178494,855.75,41.5,23.5,790.75,977.5116915548158,31.75,9.75,0.0,23.5,262.0,119.5,161.25,248.0,0.0,0.0,68.51807389003721,53.24361766477865,41906.0,0,0,0,35,SALT LAKE
1626,350721,934.25,2232.89393917455,0.4184032136991563,336.75,18.25,4.5,314.0,453.09747006339023,10.0,8.25,0.0,4.5,48.5,157.25,36.5,71.75,0.0,0.0,41.85631336170632,74.49115670168388,57188.0,0,0,0,35,SALT LAKE
1627,350722,893.25,2105.287173224542,0.4242889100168993,1975.5,167.75,57.5,1750.25,2313.655092508979,92.25,75.5,6.0,51.5,262.0,139.0,846.25,503.0,0.0,74.42981461629122,192.234088734023,71.49118915866462,41809.0,0,0,0,35,SALT LAKE
1628,350723,426.75,1015.5706762446256,0.42020709142374507,575.0,94.25,20.75,460.0,644.2816393057578,67.5,26.75,0.0,20.75,88.75,121.5,45.5,204.25,0.0,0.0,35.28582032236615,33.99581898339164,41809.0,0,0,0,35,SALT LAKE
1629,350724,592.25,1351.7483520534895,0.4381362840948108,1552.25,229.25,35.0,1288.0,1682.969157350564,147.5,81.75,0.0,35.0,202.75,491.25,56.25,537.75,0.0,0.0,83.72480952470953,46.99434782585444,33483.0,0,0,0,35,SALT LAKE
1630,350725,964.25,2073.547287890325,0.4650243597680621,485.5,25.0,22.75,437.75,626.5030592364567,16.0,9.0,0.0,22.75,147.0,91.75,31.0,168.0,0.0,0.0,64.26225954696004,76.74079968949658,64843.0,0,0,0,35,SALT LAKE
1631,350726,716.5,1562.8117294946148,0.45846853237510776,242.75,8.5,1.0,233.25,367.598794541295,5.5,3.0,0.0,1.0,13.75,54.75,94.0,70.75,0.0,0.0,67.85557711879599,56.993217422499015,81081.0,714,0,0,35,SALT LAKE
1632,350727,897.0,2069.5503624014805,0.43342748081720145,3664.25,110.5,46.5,3507.25,3920.0449005617634,52.5,58.0,0.0,46.5,695.0,298.5,1584.25,929.5,0.0,0.0,184.30335441548155,71.49154614628202,59361.0,0,0,0,35,SALT LAKE
1633,350728,389.75,1029.324767433078,0.37864628573152426,2381.5,116.75,42.5,2222.25,2509.694959835698,46.75,70.0,3.75,38.75,263.75,202.5,1235.25,520.75,0.0,0.0,97.19839398245271,30.996565853245045,41809.0,0,0,0,35,SALT LAKE
1634,350729,0.0,0.0,0.0,11591.25,344.5,48.0,11198.75,11973.143356030578,332.75,11.75,0.0,48.0,143.75,77.0,10790.75,187.25,0.0,0.0,381.89335603057685,0.0,41809.0,0,0,0,35,SALT LAKE
1635,350730,222.5,563.8595000725751,0.394601846685853,390.0,162.25,1.75,226.0,528.1860483388595,53.0,109.25,0.0,1.75,30.0,40.75,0.0,155.25,0.0,0.0,120.43810906131462,17.74793927754484,39710.0,0,0,0,35,SALT LAKE
1636,350731,234.25,526.6993024853975,0.4447509212459883,90.5,17.25,0.0,73.25,132.45989215819526,1.5,15.75,0.0,0.0,2.0,43.0,0.0,28.25,0.0,0.0,23.212093512872364,18.747798645322888,90223.0,493,0,0,35,SALT LAKE
1637,350732,851.0,1283.0932606500617,0.663240955352577,896.75,43.0,63.25,790.5,1027.0737760811105,30.75,12.25,0.0,63.25,154.0,139.75,167.0,329.75,0.0,0.0,62.33186757707641,67.99190850403392,59906.0,0,0,0,35,SALT LAKE
1638,350733,321.75,889.1657367944122,0.36185604852472314,0.0,0.0,0.0,0.0,43.09695060783957,0.0,0.0,0.0,0.0,0.0,0.0,0.0,0.0,0.0,0.0,17.100044415120728,25.996906192718846,54880.0,0,0,0,35,SALT LAKE
1639,350734,497.0,1284.1915647754715,0.3870139110335113,0.0,0.0,0.0,0.0,75.11925188484277,0.0,0.0,0.0,0.0,0.0,0.0,0.0,0.0,0.0,0.0,35.62397374152862,39.49527814331415,105456.0,0,0,0,35,SALT LAKE
1640,350735,540.0,1521.6375809566384,0.35488082494683615,3183.75,251.0,42.25,2890.5,3361.926438787228,220.75,30.25,3.0,39.25,326.25,62.25,851.25,1650.75,0.0,0.0,135.18155546850076,42.994883318727325,54736.0,0,0,0,35,SALT LAKE
1641,350736,0.0,0.0,0.0,1169.0,123.5,87.75,957.75,1207.5145845396437,66.75,56.75,46.25,41.5,120.5,283.5,188.75,365.0,0.0,0.0,38.51458453964343,0.0,83071.0,0,0,0,35,SALT LAKE
1642,350737,5.0,8.73161863774128,0.5726315139770481,300.25,18.0,90.75,191.5,310.306719913266,14.0,4.0,6.0,84.75,11.75,24.5,90.75,64.5,0.0,0.0,10.056719913265946,0.0,83071.0,0,0,0,35,SALT LAKE
1643,350738,641.0,1334.5023696027752,0.48032885860727137,2362.0,679.25,143.5,1539.25,2553.1699810392693,553.0,126.25,45.5,98.0,243.5,335.25,270.75,689.75,0.0,0.0,140.17614704698153,50.99383399228785,83071.0,0,0,1464,35,SALT LAKE
1644,350739,685.75,1602.5707767277736,0.4279062179083323,1417.5,208.75,31.25,1177.5,1587.0363036043625,104.0,104.75,1.0,30.25,263.75,391.25,150.0,372.5,0.0,0.0,114.79288607793578,54.74341752642679,40099.0,0,899,0,35,SALT LAKE
1645,350740,1095.75,1729.354629753397,0.6336178717469025,1337.0,259.75,63.0,1014.25,1508.96175884359,188.25,71.5,0.0,63.0,215.25,168.0,90.0,541.0,0.0,1.8153613317395847,83.15674986698373,86.98964764486692,59543.0,0,0,0,35,SALT LAKE
1646,350741,679.25,1773.0323534091342,0.3831007362578343,689.0,32.25,26.5,630.25,823.2818929010298,19.5,12.75,0.0,26.5,158.25,156.75,55.25,260.0,0.0,0.0,80.0383563656232,54.24353653540656,49716.0,329,0,0,35,SALT LAKE
1647,350742,517.5,1055.4574428651588,0.4903087315346298,200.5,40.75,4.75,155.0,316.4289269002704,32.25,8.5,0.0,4.75,18.25,22.25,0.0,114.5,0.0,0.0,74.68420047341763,41.24472642685281,53257.0,0,0,0,35,SALT LAKE
1648,350743,662.5,1819.526514855996,0.3641057135418731,105.75,1.0,0.0,104.75,209.803887515273,0.75,0.25,0.0,0.0,11.0,91.5,0.75,1.5,0.0,0.0,51.06024820922013,52.99363930605288,100118.0,482,681,0,35,SALT LAKE
1649,350744,228.5,549.0334536585474,0.41618593271022747,2255.0,246.0,70.75,1938.25,2366.052591107195,166.0,80.0,0.0,70.75,230.0,308.5,888.0,511.75,0.0,0.0,93.05473297377418,17.997858133420742,73990.0,0,0,0,35,SALT LAKE
1650,350745,334.75,808.088077134279,0.41424939863872656,274.0,16.5,28.0,229.5,331.0527818955167,13.25,3.25,0.0,28.0,48.25,67.75,50.0,63.5,0.0,0.0,30.05599469538558,26.99678720013111,73990.0,527,0,0,35,SALT LAKE
1651,350746,431.5,1152.894306814817,0.3742754192204624,898.75,134.0,41.25,723.5,1014.8770390693176,94.75,39.25,0.0,41.25,202.0,85.0,151.75,284.75,0.0,0.0,81.63122004986177,34.49581901945576,51572.0,0,0,0,35,SALT LAKE
1652,350747,768.75,1922.4381856953744,0.39988281845428064,254.25,15.75,8.25,230.25,396.4325378950157,9.75,6.0,0.0,8.25,33.0,19.25,86.75,91.25,0.0,0.0,80.93981808414188,61.24271981087382,96932.0,0,0,0,35,SALT LAKE
1653,350748,847.749999732131,1627.2776143609674,0.5209621224126793,827.7499997384505,30.499999990362717,37.49999998815088,759.7499997599368,974.2002149088594,20.999999993364494,9.499999996998223,11.999999996208283,25.4999999919426,139.24999995600027,432.9999998631822,33.74999998933579,153.74999995141863,0.0,0.0,78.95832292767432,67.49189224273461,57679.0,496,0,2210,35,SALT LAKE
1654,350749,504.0,1297.2822463204789,0.3885045073495074,16.0,0.0,10.0,6.0,80.3775529697768,0.0,0.0,2.0,8.0,2.75,0.0,0.0,3.25,0.0,0.0,24.382312673286265,39.995240296490536,88816.0,0,0,0,35,SALT LAKE
1655,350750,11.0,20.42747595279104,0.5384904148423219,40.0,0.25,0.0,39.75,42.68016043608089,0.25,0.0,0.0,0.0,1.5,1.0,0.0,37.25,0.0,0.0,1.680279428668629,0.9998810074122636,55874.0,0,0,0,35,SALT LAKE
1656,350751,262.75,703.6818003587555,0.3733932011117001,39.75,4.0,4.0,31.75,79.46581201021245,4.0,0.0,0.0,4.0,0.0,26.0,0.0,5.75,0.0,0.0,18.96825135006503,20.74756066014741,54736.0,361,0,0,35,SALT LAKE
1657,350752,12.0,28.49808291738431,0.4210809560344074,397.5,24.0,194.25,179.25,411.9928819747513,22.5,1.5,117.0,77.25,18.25,5.75,0.75,154.5,0.0,0.0,13.493000967338991,0.9998810074122636,50488.0,0,0,0,35,SALT LAKE
1658,350753,16.75,44.44541699137532,0.37686675328640423,520.25,65.75,257.5,197.0,539.4660247487332,39.0,26.75,145.5,112.0,33.25,29.75,27.5,106.5,0.0,0.0,17.716219451360146,1.4998052973730032,50488.0,0,0,0,35,SALT LAKE
1659,350754,1211.75,2328.3156432451383,0.5204406041403812,2139.25,596.0,66.25,1477.0,2351.256292634132,469.25,126.75,0.0,66.25,312.75,248.5,44.0,871.75,0.0,0.0,115.2679864057085,96.73830622842284,50488.0,367,0,0,35,SALT LAKE
1660,350755,1139.5,2300.118266554244,0.49540930854266874,5166.25,1819.75,147.75,3198.75,5773.184014617232,1297.5,522.25,7.5,140.25,1015.5,329.25,177.5,1676.5,0.0,0.0,516.4439665022362,90.49004811499498,84106.0,0,0,0,35,SALT LAKE
1661,350756,826.0,1483.7598316797528,0.5566938680803158,1444.0,140.25,89.0,1214.75,1592.0344830185168,22.25,118.0,30.5,58.5,527.25,129.0,223.0,335.5,0.0,0.0,82.29226080123618,65.7422222172807,51537.0,437,0,0,35,SALT LAKE
1662,350757,265.5,724.8955820101855,0.3662596470290937,459.0,20.0,9.0,430.0,539.1152227029189,16.5,3.5,0.0,9.0,33.25,35.75,262.0,99.0,0.0,0.0,59.1177215472613,20.99750115565753,84106.0,0,0,0,35,SALT LAKE
1663,350758,365.25,1075.6496344459822,0.33956224062505586,2977.5,377.25,113.25,2487.0,3136.6305220859367,232.25,145.0,23.25,90.0,636.75,378.25,262.0,1210.0,0.0,0.0,130.1339728709808,28.996549214955635,84441.0,0,0,0,35,SALT LAKE
1664,350759,667.2499812325351,1382.9544054454718,0.4824815471899836,1199.9999662480961,135.99999617478423,23.249999346056864,1040.749970727255,1332.5680092298046,67.74999809442376,68.24999808036047,1.999999943746827,21.24999940231004,197.24999445203082,76.99999783425284,188.99999468407515,577.4999837568963,0.0,1.815361280679667,77.75898979871047,52.99369190231826,62954.0,0,0,0,35,SALT LAKE
1665,350760,880.2499974526236,1948.0989215551574,0.45185076985203837,390.74999886919926,39.24999988641349,17.249999950079815,334.249999032706,538.3686094817182,34.74999989943615,4.499999986977343,3.999999988424305,13.24999996165551,123.49999964260041,20.249999941398045,63.99999981478888,126.49999963391865,0.0,0.0,77.62692407262965,69.99168653988926,98114.0,0,0,0,35,SALT LAKE
1666,350761,145.75,283.2276343283848,0.5146037403645859,0.0,0.0,0.0,0.0,16.546502868442516,0.0,0.0,0.0,0.0,0.0,0.0,0.0,0.0,0.0,0.0,4.797952437161625,11.74855043128089,55874.0,0,0,0,35,SALT LAKE
1667,350762,272.25,539.5617486977181,0.5045761688205296,0.0,0.0,0.0,0.0,49.96519525315897,0.0,0.0,0.0,0.0,0.0,0.0,0.0,0.0,0.0,0.0,28.21779144881494,21.74740380434403,55874.0,0,0,0,35,SALT LAKE
1668,350763,260.0,646.3263225414546,0.4022735744037779,1017.25,133.75,242.5,641.0,1080.5960152596804,98.75,35.0,119.5,123.0,235.0,61.5,0.0,344.5,0.0,0.0,42.349044287402194,20.996970972278103,51755.0,0,0,0,35,SALT LAKE
1669,350764,1310.25,2404.6119708192746,0.5448904088893748,1281.5,213.0,28.75,1039.75,1472.7091650226434,147.75,65.25,0.0,28.75,292.0,133.25,5.0,609.5,0.0,0.0,86.72204338764521,104.48712163499808,60198.0,0,0,0,35,SALT LAKE
1670,350765,589.7500008803684,1256.7458089261243,0.4692675294332618,176.75000026384927,2.2500000033587604,2.7500000041051513,171.75000025638536,256.99565419516745,2.2500000033587604,0.0,0.0,2.7500000041051513,109.50000016345966,8.250000012315454,13.000000019406171,41.00000006120408,0.0,0.0,33.50128439441029,46.74436953690785,58042.0,0,0,0,35,SALT LAKE
1671,350766,377.75,841.0696032447199,0.4491304863981499,391.0,57.75,6.75,326.5,468.0939580670118,43.25,14.5,0.0,6.75,65.75,51.75,89.0,120.0,0.0,0.0,47.09752784464387,29.996430222367906,73178.0,0,0,0,35,SALT LAKE
1672,350767,519.5,1274.8740168141658,0.4074912447413428,331.0,46.0,22.0,263.0,445.2697708753613,35.75,10.25,7.75,14.25,26.25,34.5,126.75,75.5,0.0,0.0,72.77473071722258,41.49504015813868,56575.0,0,0,0,35,SALT LAKE
1673,350768,624.0,1726.823293956639,0.36135718239602854,72.0,0.0,0.0,72.0,172.1788595153989,0.0,0.0,0.0,0.0,0.0,71.75,0.0,0.25,0.0,0.0,50.4347117770802,49.7441477383187,81339.0,650,0,0,35,SALT LAKE
1674,350769,349.5,1066.9702219292928,0.3275630311106855,352.75,37.75,153.25,161.75,428.3527797662111,25.25,12.5,141.75,11.5,38.75,17.5,51.0,54.5,0.0,0.0,47.85605205417785,27.746727712033262,110709.0,0,0,0,35,SALT LAKE
1675,350770,398.75,1095.9845468591125,0.3638281225248506,34.0,0.0,0.0,34.0,106.74641543641717,0.0,0.0,0.0,0.0,0.0,34.0,0.0,0.0,0.0,0.0,40.75032058496231,31.99609485145484,166479.0,587,0,0,35,SALT LAKE
1676,350771,328.75,719.205787669097,0.4571014383316618,311.5,3.75,0.0,307.75,366.65814016202415,2.75,1.0,0.0,0.0,3.75,291.75,0.0,12.25,0.0,1.8153613317395847,27.0958942788399,26.24688455144461,62094.0,0,0,1574,35,SALT LAKE
1677,350772,483.5,1304.0867625599783,0.37075753997446365,5.0,3.25,0.0,1.75,67.58851365668761,3.0,0.25,0.0,0.0,0.0,0.0,0.0,1.75,0.0,0.0,24.34311110309291,38.24540255359469,117566.0,563,0,0,35,SALT LAKE
1678,350773,550.25,1157.533873928651,0.4753640583600897,36.0,0.0,0.0,36.0,108.05545102131596,0.0,0.0,0.0,0.0,0.0,18.0,0.0,18.0,0.0,0.0,28.310724576424075,43.74472644489189,91816.0,0,0,0,35,SALT LAKE
1679,350774,241.5,608.1909726984134,0.3970792248502409,20.0,0.0,0.0,20.0,65.36407554342014,0.0,0.0,0.0,0.0,9.0,0.0,0.0,11.0,0.0,0.0,26.36633640258713,18.997739140833005,99320.0,0,0,0,35,SALT LAKE
1680,350775,626.25,1427.982689635392,0.438555736386343,231.5,121.25,19.25,91.0,338.7526305643902,86.0,35.25,13.25,6.0,5.5,39.75,0.0,45.75,0.0,0.0,57.25858019377707,49.99405037061317,121637.0,0,0,0,35,SALT LAKE
1681,350776,883.25,2247.0871074915067,0.3930644241851396,44.75,13.5,4.5,26.75,196.0715736811173,9.25,4.25,1.0,3.5,0.5,1.0,0.0,25.25,0.0,0.0,81.07981119421406,70.24176248690321,129537.0,0,0,0,35,SALT LAKE
1682,350777,215.0,541.6227434287633,0.39695526565028333,0.0,0.0,0.0,0.0,24.081508050787992,0.0,0.0,0.0,0.0,0.0,0.0,0.0,0.0,0.0,0.0,7.083530924779513,16.99797712600848,99320.0,0,0,0,35,SALT LAKE
1683,350778,472.0,1259.7830977462202,0.3746676716368226,52.75,0.0,0.0,52.75,133.5267938261846,0.0,0.0,0.0,0.0,2.75,42.75,0.0,7.25,0.0,0.0,43.03129390324434,37.74549992294025,68371.0,528,113,0,35,SALT LAKE
1684,350779,818.75,2246.6182023820093,0.3644366448789156,90.0,19.0,2.25,68.75,233.4154051127253,8.75,10.25,0.0,2.25,14.5,15.75,3.5,35.0,0.0,0.0,77.92300978163568,65.4923953310896,92545.0,0,0,0,35,SALT LAKE
1685,350780,896.5,1847.301466888196,0.48530248910058316,393.5,28.75,41.25,323.5,515.4863494906963,16.25,12.5,6.0,35.25,57.5,38.75,130.0,97.25,0.0,0.0,50.49478172445214,71.49156776624416,69155.0,0,0,0,35,SALT LAKE
1686,350781,574.75,1232.3204047188735,0.4663965619648377,1042.0,141.0,12.75,888.25,1150.7523797418564,79.25,61.75,2.0,10.75,161.25,319.0,133.0,275.0,0.0,0.0,62.75785340089243,45.994526340964114,43977.0,0,895,0,35,SALT LAKE
1687,350782,442.5,1148.968078156613,0.3851281932131137,0.0,0.0,0.0,0.0,88.82826476463234,0.0,0.0,0.0,0.0,0.0,0.0,0.0,0.0,0.0,0.0,53.58239162395541,35.24587314067692,142825.0,0,0,0,35,SALT LAKE
1688,350783,949.0,2085.992755204697,0.45493925979952665,1289.25,77.0,30.25,1182.0,1449.2329965537324,36.75,40.25,1.0,29.25,185.25,468.5,60.0,468.25,0.0,0.0,84.24207787164804,75.74091868208431,74779.0,380,620,0,35,SALT LAKE
1689,350784,1148.25,2430.001956072456,0.4725304838255704,210.0,13.5,2.25,194.25,376.4329670412482,10.25,3.25,0.0,2.25,42.75,41.25,61.0,49.25,0.0,5.446083996579504,69.49780873949831,91.4890743051704,47369.0,0,0,0,35,SALT LAKE
1690,350785,1108.0,3124.675274667692,0.35459684690526294,1604.0,330.5,21.25,1252.25,1783.8860145648378,205.0,125.5,0.0,21.25,334.0,118.25,1.0,799.0,0.0,0.0,91.64680514677036,88.23920941806733,66454.0,0,0,0,35,SALT LAKE
1691,350786,217.0,565.6158006779835,0.3836526485644316,121.25,10.75,3.75,106.75,156.39270218097843,7.5,3.25,1.0,2.75,30.5,21.25,8.0,47.0,0.0,0.0,17.894784559459847,17.247917621518592,97142.0,0,0,0,35,SALT LAKE
1692,350787,342.5,971.5871632725436,0.35251597895383474,0.0,0.0,0.0,0.0,56.282301807723584,0.0,0.0,0.0,0.0,0.0,0.0,0.0,0.0,0.0,0.0,29.035536248866716,27.246765558856872,93777.0,0,0,0,35,SALT LAKE
1693,350788,366.25,943.8788330264669,0.38802649999645683,12.0,5.0,0.0,7.0,60.95970153949063,0.0,5.0,0.0,0.0,0.0,0.0,7.0,0.0,0.0,0.0,19.713173965809236,29.2465275736814,125952.0,0,0,0,35,SALT LAKE
1694,350789,695.25,1821.049778033426,0.38178528032924447,84.75,0.0,0.75,84.0,217.69404776821744,0.0,0.0,0.75,0.0,6.0,51.75,0.0,26.25,0.0,0.0,77.45063564309143,55.493412125126014,111706.0,512,0,0,35,SALT LAKE
1695,350790,405.00000424749214,896.0113881654739,0.4520031883486479,86.0000009019366,0.25000000262190875,5.000000052438175,80.75000084687653,155.423824404292,0.25000000262190875,0.0,3.000000031462905,2.00000002097527,2.250000023597179,1.000000010487635,0.0,77.50000081279171,0.0,0.0,37.17765256825111,32.246170934104256,138546.0,0,0,0,35,SALT LAKE
1696,350791,753.9999953903354,1739.3583548142394,0.4334931863255179,160.9999990157082,0.2499999984715966,0.0,160.7499990172366,276.6396196569363,0.2499999984715966,0.0,0.0,0.0,0.0,0.0,137.9999991563213,22.749999860915292,0.0,0.0,55.64676056326548,59.99286007796264,63565.0,0,0,0,35,SALT LAKE
1697,350792,421.25,1056.2323960685776,0.39882321501209633,586.25,162.0,16.75,407.5,657.190281943654,113.5,48.5,9.75,7.0,33.0,101.75,5.0,267.75,0.0,0.0,37.19426818714716,33.74601375650684,97142.0,447,0,0,35,SALT LAKE
1698,350793,310.5,778.1450422625737,0.3990258668193459,251.5,28.75,8.0,214.75,304.51502005952625,17.0,11.75,4.25,3.75,37.25,30.25,0.0,147.25,0.0,0.0,28.267973232945423,24.74704682658082,125952.0,0,0,0,35,SALT LAKE
1699,350794,103.25,262.53482737561427,0.39328115447432804,92.75,77.5,1.0,14.25,108.45732161405984,2.0,75.5,0.0,1.0,0.25,0.5,0.0,13.5,0.0,0.0,7.708273554761753,7.999048059298107,125952.0,0,0,0,35,SALT LAKE
1700,350795,141.25,305.4566327307698,0.46242243534615957,3797.0,208.5,411.75,3176.75,3998.462562591985,35.25,173.25,349.75,62.0,1032.5,187.75,215.0,1741.5,0.0,0.0,190.21395259065292,11.248610001331878,149495.0,0,0,0,35,SALT LAKE
1701,350796,1229.0,3059.698199478476,0.40167360304015687,83.0,14.75,7.25,61.0,224.21435069528889,14.5,0.25,0.0,7.25,4.75,45.75,1.0,9.5,0.0,0.0,43.22601196888708,97.9883387264018,80566.0,467,0,0,35,SALT LAKE
1702,350797,0.0,0.0,0.0,1029.75,52.75,273.5,703.5,1063.6780195838896,17.75,35.0,99.5,174.0,93.25,150.5,18.0,441.75,0.0,0.0,33.92801958388959,0.0,55718.0,366,89,0,35,SALT LAKE
1703,350798,387.75,1107.7736452089002,0.3500263810003165,370.0,86.75,11.75,271.5,425.9579426936693,56.5,30.25,0.0,11.75,42.25,64.25,1.0,164.0,0.0,0.0,24.96163146388916,30.996311229780165,48875.0,0,0,0,35,SALT LAKE
1704,350799,622.0,1843.84111998355,0.33733926055708596,0.0,0.0,0.0,0.0,70.48687006927761,0.0,0.0,0.0,0.0,0.0,0.0,0.0,0.0,0.0,0.0,20.49281969866445,49.99405037061317,98904.0,0,0,0,35,SALT LAKE
1705,350800,1691.0,4477.6047670458165,0.377657271683599,75.25,25.75,17.75,31.75,268.42650819455633,4.5,21.25,0.0,17.75,0.75,2.5,0.0,28.5,0.0,0.0,58.19257219390078,134.98393600065555,76350.0,0,0,0,35,SALT LAKE
1706,350801,1283.0,2402.5127693939357,0.5340242167885139,1058.5,41.75,41.5,975.25,1237.6334925200808,27.75,14.0,0.0,41.5,351.25,141.0,17.0,466.0,0.0,0.0,77.14562976402999,101.98786275605086,48568.0,0,0,0,35,SALT LAKE
1707,350802,446.0,1354.180183452203,0.32935055869966656,0.0,0.0,0.0,0.0,50.689924603825965,0.0,0.0,0.0,0.0,0.0,0.0,0.0,0.0,0.0,0.0,14.69420833698448,35.995716266841484,50508.0,0,0,0,35,SALT LAKE
1708,350803,421.75,1277.686078519581,0.3300889061017788,0.0,0.0,0.0,0.0,47.640939758151006,0.0,0.0,0.0,0.0,0.0,0.0,0.0,0.0,0.0,0.0,13.895023387381752,33.74591637076925,76385.0,0,0,0,35,SALT LAKE
1709,350804,340.25,937.5219982157122,0.36292481738835175,21.0,0.25,0.0,20.75,72.14801596119838,0.25,0.0,0.0,0.0,0.0,1.0,19.0,0.75,0.0,0.0,24.151228761067262,26.99678720013111,104764.0,0,0,0,35,SALT LAKE
1710,350805,340.5,1036.5617020267628,0.3284898519154518,0.0,0.0,0.0,0.0,51.465493726433394,0.0,0.0,0.0,0.0,0.0,0.0,0.0,0.0,0.0,0.0,24.468706526302284,26.99678720013111,111155.0,0,0,0,35,SALT LAKE
1711,350806,208.0,601.2042666986373,0.34597226187728164,1456.25,353.5,58.0,1044.75,1555.0882540804885,234.5,119.0,0.0,58.0,141.0,199.0,8.0,696.75,0.0,0.0,81.84027695448009,16.99797712600848,93494.0,0,0,0,35,SALT LAKE
1712,350807,820.0,1811.2601399490284,0.45272348345449487,397.5,74.25,19.25,304.0,505.3554210296101,68.5,5.75,0.0,19.25,54.5,59.5,74.0,116.0,0.0,0.0,42.613117666565294,65.24230336304481,59644.0,0,0,0,35,SALT LAKE
1713,350808,327.25,749.3286872301535,0.4367242380772303,85.75,17.0,0.5,68.25,135.86408755857934,15.25,1.75,0.0,0.5,2.75,2.75,29.0,33.75,0.0,0.0,23.86708939781573,26.246998160763624,65595.0,0,0,0,35,SALT LAKE
1714,350809,3775.5,7973.533963515879,0.4735039716737116,4001.5,795.5,647.75,2558.25,4825.093580193308,502.75,292.75,606.5,41.25,599.5,233.25,0.0,1725.5,1.0129337141931154,0.0,521.3677829724281,301.2128635066872,79063.0,0,0,0,35,SALT LAKE
1715,350810,14.25,33.68793352252173,0.4230001222981904,0.0,0.0,0.0,0.0,1.708747784410095,0.0,0.0,0.0,0.0,0.0,0.0,0.0,0.0,0.0,0.0,0.459045306859516,1.2497024775505787,99326.0,0,0,0,35,SALT LAKE
1716,350811,369.0,916.4058434922896,0.402660025162863,64.0,0.5,0.0,63.5,179.10405049405148,0.5,0.0,0.0,0.0,0.0,63.5,0.0,0.0,2.278784095052897,0.0,83.32750524476425,29.497761154234336,99326.0,723,0,0,35,SALT LAKE
1717,350812,25.0,60.35120119686856,0.4142419621185133,295.0,183.0,17.25,94.75,307.77609184124054,29.75,153.25,1.25,16.0,12.75,6.0,0.0,76.0,0.2529166666666667,0.0,10.52341859547418,1.9997565790996643,99326.0,0,0,0,35,SALT LAKE
1718,350813,465.0,1461.955582007652,0.3180671189486016,61.75,0.0,0.0,61.75,116.10016968350055,0.0,0.0,0.0,0.0,0.0,61.75,0.0,0.0,0.0,0.0,17.35457240924682,36.99559727425374,99326.0,666,0,0,35,SALT LAKE
1719,350814,688.0,2166.5424785960604,0.31755666311506175,0.0,0.0,0.0,0.0,77.66075436696893,0.0,0.0,0.0,0.0,0.0,0.0,0.0,0.0,0.0,0.0,22.66729895929444,54.99345540767449,99326.0,0,0,0,35,SALT LAKE
1720,350815,536.25,1299.2865579410552,0.4127265049595996,160.75,34.25,12.0,114.5,226.70815951663263,23.25,11.0,0.0,12.0,20.0,20.0,0.0,74.5,0.0,0.0,22.9632761979053,42.994883318727325,55718.0,0,0,0,35,SALT LAKE
1721,350816,0.0,0.0,0.0,7959.0,3398.25,166.5,4394.25,8498.547006002771,2086.75,1311.5,38.5,128.0,1243.5,453.75,309.0,2388.0,0.0,0.0,539.5470060027709,0.0,83407.0,0,0,0,35,SALT LAKE
1722,350817,717.0,2199.47059357639,0.32598753631624666,331.25,30.75,4.0,296.5,466.54184567967945,22.5,8.25,0.0,4.0,12.0,90.0,149.0,45.5,0.0,0.0,78.29862825718044,56.993217422499015,80953.0,616,0,0,35,SALT LAKE
1723,350818,699.75,2129.777824460108,0.32855539763983804,390.0,85.5,10.5,294.0,502.15141738774406,47.0,38.5,0.0,10.5,36.0,81.5,20.0,156.5,0.0,0.0,56.40802146816744,55.74339591957664,75377.0,560,0,0,35,SALT LAKE
1724,350819,740.25,1549.244884778519,0.47781342205678906,241.25,47.75,2.75,190.75,332.5803394838749,36.0,11.75,1.0,1.75,13.0,78.5,50.0,49.25,0.0,0.0,32.3373600465514,58.99297943732354,96192.0,494,0,0,35,SALT LAKE
1725,350820,1131.0,2670.7904277743914,0.42347014136278704,2681.5,486.5,72.25,2122.75,2948.167110510347,291.0,195.5,0.0,72.25,540.0,369.75,109.0,1104.0,0.0,0.0,176.42849079653405,90.238619713813,58791.0,246,1094,0,35,SALT LAKE
1726,350821,1411.5,3218.620292306122,0.4385419440044196,2063.5,454.5,68.25,1540.75,2374.3502083281214,311.25,143.25,4.75,63.5,340.75,259.75,167.75,772.5,0.0,0.0,198.1135679746075,112.73664035351364,77187.0,515,0,0,35,SALT LAKE
1727,350822,787.2499979626585,1814.8532941825238,0.43378161776831925,918.2499976236408,143.74999962798623,41.74999989195426,732.7499981037002,1054.6294402665133,84.24999978196759,59.499999846018646,2.9999999922362344,38.74999989971803,140.74999963575,233.74999939507327,1.9999999948241562,356.24999907805284,0.0,0.0,73.63625228433959,62.743190358532935,65595.0,0,0,0,35,SALT LAKE
1728,350823,991.0,2849.782413517168,0.3477458472967834,149.25,31.25,32.25,85.75,298.09590097878834,25.75,5.5,27.25,5.0,21.75,9.5,0.0,54.5,5.064668570965577,0.0,64.7905570761506,78.99067533167218,79063.0,0,0,0,35,SALT LAKE
1729,350824,790.0,2252.044395678676,0.35079237403840147,159.0,42.75,1.75,114.5,254.29578349310705,27.0,15.75,0.0,1.75,21.75,7.5,0.0,85.25,1.0129337141931154,0.0,31.29034631194133,62.99250346697259,98769.0,0,0,0,35,SALT LAKE
1730,350825,528.25,1366.3141044530007,0.38662412857948436,1510.0,686.25,64.0,759.75,1661.4852423433754,398.0,288.25,0.25,63.75,167.5,79.75,17.0,495.5,0.5062555648302727,0.0,108.73350841653652,42.245478362008384,99326.0,0,0,0,35,SALT LAKE
1731,350826,913.75,2353.7946305007845,0.3882029418197772,59.25,14.75,1.0,43.5,168.8006019999793,11.5,3.25,0.0,1.0,7.5,1.75,0.0,34.25,0.0,0.0,36.55928845888408,72.99131354109522,97427.0,0,0,0,35,SALT LAKE
1732,350827,677.0,1772.3520877505616,0.3819782788527287,339.5,59.5,4.0,276.0,427.0045813892721,39.5,20.0,0.0,4.0,43.25,105.75,0.0,127.0,0.0,0.0,33.51100698900991,53.99357440026222,97427.0,1150,0,0,35,SALT LAKE
1733,350828,528.5,1356.349610967408,0.38964880125784873,1103.25,198.25,54.0,851.0,1198.863813761539,141.5,56.75,8.25,45.75,142.75,177.75,0.0,530.5,0.0,0.0,53.61881145022385,41.99500231131506,97427.0,577,227,0,35,SALT LAKE
1734,350829,863.0,1837.17251512174,0.46974358308577974,501.5,132.75,13.75,355.0,615.4117336188398,59.0,73.75,6.0,7.75,56.5,133.5,7.0,158.0,0.0,0.0,44.919944107393526,68.99178951144617,100890.0,0,1361,0,35,SALT LAKE
1735,350830,508.0,2015.6105294505,0.2520328171427503,228.0,52.25,2.0,173.75,294.98489380700323,41.0,11.25,0.0,2.0,26.5,76.25,0.0,71.0,0.0,0.0,26.989653510512724,39.995240296490536,102819.0,781,0,0,35,SALT LAKE
1736,350831,137.25,329.3346874692364,0.416749298577365,33.0,9.75,0.0,23.25,49.60767593686646,9.75,0.0,0.0,0.0,2.25,3.25,7.0,10.75,0.0,0.0,5.6089848553315615,10.998691081534895,55718.0,0,0,0,35,SALT LAKE
1737,350832,0.0,0.0,0.0,2141.0,201.75,902.0,1037.25,2233.7914942036978,138.75,63.0,268.5,633.5,191.75,201.0,7.0,637.5,0.0,0.0,92.79149420369788,0.0,79444.0,0,0,0,35,SALT LAKE
1738,350833,480.0,1372.2683064393364,0.3497858237690191,424.75,64.0,19.75,341.0,493.0532201248935,27.75,36.25,0.0,19.75,45.5,44.5,145.0,106.0,0.0,0.0,29.80782298899158,38.49539713590188,72021.0,0,0,0,35,SALT LAKE
1739,350834,689.5,1549.7585958423265,0.4449080017041249,1806.5,296.25,65.25,1445.0,1972.3877044809951,170.5,125.75,1.5,63.75,419.0,291.25,43.25,691.5,0.0,0.0,110.64432480139196,55.24337967960317,54164.0,1207,0,0,35,SALT LAKE
1740,350835,523.75,1134.193665929592,0.4617818065230785,1885.75,400.0,70.0,1415.75,2041.287388206125,296.5,103.5,19.25,50.75,397.5,135.75,0.0,882.5,0.0,0.0,114.04182323641044,41.49556496971432,67567.0,0,0,0,35,SALT LAKE
1741,350836,718.25,1888.0470970108745,0.3804195356869655,1034.25,244.5,102.75,687.0,1156.9934321490891,195.25,49.25,0.0,102.75,136.25,301.75,25.0,224.0,0.0,0.0,65.25025257341382,57.4931795756754,74159.0,0,896,1795,35,SALT LAKE
1742,350837,483.0,1179.6504656876689,0.409443317363028,636.75,78.5,37.75,520.5,746.6420978615668,43.75,34.75,7.0,30.75,84.5,130.0,6.0,300.0,0.0,0.0,71.3966412031429,38.49545665842382,66291.0,0,0,0,35,SALT LAKE
1743,350838,232.25,582.8214732199605,0.3984925241633082,971.0,93.0,21.0,857.0,1081.2346832239905,59.0,34.0,0.0,21.0,160.0,444.0,8.0,245.0,0.0,0.0,91.4868737711387,18.74780945285153,66291.0,0,0,0,35,SALT LAKE
1744,350839,786.5000042517493,2147.966981553174,0.3661601928736534,1173.000006341134,171.00000092441084,55.50000030002808,946.500005116695,1324.0107937925668,116.75000063114014,54.25000029327069,4.250000022975123,51.250000277052955,152.50000082440147,353.00000190828666,0.0,441.00000238400685,0.0,0.0,88.51850549018681,62.49228196124612,57444.0,0,0,0,35,SALT LAKE
1745,350840,549.7499960711355,1465.1717957678447,0.3752119701314827,1318.7499905753702,242.74999826515347,29.49999978917416,1046.4999925210427,1439.2281868189937,162.9999988350979,79.74999943005557,0.0,29.49999978917416,351.49999748795653,98.24999929784276,0.0,596.7499957352434,1.0129337069540443,0.0,75.46930305675521,43.995959479914205,81590.0,0,0,0,35,SALT LAKE
1746,350841,869.0,2748.4064194588154,0.3161832230660826,195.0,6.75,0.75,187.5,304.0550044560032,5.0,1.75,0.0,0.75,5.25,171.0,0.0,11.25,0.0,0.0,40.06321494455699,68.99178951144617,97427.0,954,1433,0,35,SALT LAKE
1747,350842,512.5,1678.36430150684,0.30535682839528705,27.75,9.5,0.5,17.75,92.30230484115624,6.5,3.0,0.0,0.5,4.0,1.0,0.0,12.75,0.0,0.0,23.557183537253437,40.9951213039028,97427.0,0,0,0,35,SALT LAKE
1748,350843,247.0,640.0077635921728,0.3859328183984248,40.75,10.5,0.5,29.75,70.72207143107194,7.5,3.0,0.0,0.5,6.25,2.25,0.0,21.25,0.0,0.0,9.974451282826667,19.997620148245268,97427.0,0,0,0,35,SALT LAKE
1749,350844,762.9999991165688,2263.5399198650916,0.3370826343376547,69.99999991895126,0.0,0.0,69.99999991895126,158.43730527029078,0.0,0.0,0.0,0.0,0.999999998842161,64.99999992474046,3.999999995368644,0.0,0.0,0.0,27.444563969811217,60.99274138152829,92040.0,565,0,0,35,SALT LAKE
1750,350845,793.0000006543606,2465.5913606588774,0.3216266950426238,0.0,0.0,0.0,0.0,89.11920132353515,0.0,0.0,0.0,0.0,0.0,0.0,0.0,0.0,0.0,0.0,26.126697804582964,62.992503518952184,92196.0,0,0,0,35,SALT LAKE
1751,350846,678.5,1944.1373825077449,0.3489979700533314,4.0,0.0,4.0,0.0,82.72935984344265,0.0,0.0,3.0,1.0,0.0,0.0,0.0,0.0,0.0,0.0,24.735785443180436,53.99357440026222,54519.0,0,0,0,35,SALT LAKE
1752,350847,228.75,556.9433841985124,0.4107239739083896,122.0,5.0,4.5,112.5,157.0555816107782,3.5,1.5,0.0,4.5,12.25,80.75,0.0,19.5,0.0,0.0,17.05772347735745,17.997858133420742,81365.0,573,0,0,35,SALT LAKE
1753,350848,428.75,1066.4794123215363,0.40202370064199117,559.0,85.0,16.5,457.5,669.2361579792724,54.5,30.5,0.0,16.5,125.5,113.25,0.0,218.75,0.0,0.0,75.74039304661383,34.49576493265868,81365.0,0,0,163,35,SALT LAKE
1754,350849,1265.2500035763555,3748.988727130263,0.3374910130884458,2934.500008294657,525.7500014860849,160.75000045437594,2248.0000063541966,3196.380830269016,337.7500009546841,188.00000053140076,49.50000013991669,111.25000031445923,543.2500015355504,217.50000061478548,119.00000033636537,1368.2500038674953,0.0,0.0,160.89426282873325,100.98655914562572,57444.0,0,0,0,35,SALT LAKE
1755,350850,112.75,268.3009050104947,0.42023712143494163,122.0,15.75,0.25,106.0,143.98267771418824,12.0,3.75,0.0,0.25,10.0,61.0,0.0,35.0,2.278784095052897,0.0,10.704710322348966,8.999183296786397,97427.0,0,0,0,35,SALT LAKE
1756,350851,275.25,887.4473202956323,0.31015925532155186,185.0,29.5,4.75,150.75,383.1394938031747,19.5,10.0,0.0,4.75,22.75,16.5,50.5,61.0,1.0129337141931154,0.0,175.37911842142188,21.74744166755968,97427.0,0,0,0,35,SALT LAKE
1757,350852,0.0,0.0,0.0,277.0,71.25,6.0,199.75,299.3868204787211,46.25,25.0,0.0,6.0,46.5,17.0,0.0,136.25,0.0,0.0,22.38682047872112,0.0,56502.0,0,0,0,35,SALT LAKE
1758,350853,383.0,1090.0606964593276,0.3513565815592091,358.5,39.25,1.25,318.0,417.6835252591165,7.5,31.75,0.0,1.25,6.5,281.0,0.0,30.5,0.0,0.0,28.18721402933632,30.996311229780165,72694.0,676,0,2749,35,SALT LAKE
1759,350854,4.75,11.624470663613076,0.4086207568030132,1134.25,168.75,366.5,599.0,1275.070464754664,130.75,38.0,35.75,330.75,63.0,80.25,0.0,455.75,1.0129337141931154,0.0,139.80753104047074,0.0,79444.0,0,0,0,35,SALT LAKE
1760,350855,1569.75,4265.622728615628,0.36800019595484695,4657.25,626.25,132.75,3898.25,5035.082300210728,390.5,235.75,0.0,132.75,825.25,449.25,1099.5,1524.25,0.0,0.0,252.59658456026165,125.23571565046632,71395.0,0,0,414,35,SALT LAKE
1761,350856,311.0,755.2680940546645,0.41177431225830463,531.75,56.0,251.0,224.75,672.2694354312924,46.0,10.0,230.5,20.5,43.25,48.25,0.0,133.25,0.0,0.0,116.02242648595929,24.49700894533312,71395.0,0,0,0,35,SALT LAKE
1762,350857,54.5,134.63435728298015,0.40480009040671255,494.25,145.75,14.0,334.5,521.8290807890805,106.0,39.75,0.0,14.0,35.25,92.75,12.0,194.5,0.0,0.0,23.579556759431554,3.999524029649053,73487.0,0,0,0,35,SALT LAKE
1763,350858,221.75,542.4795313331208,0.40877118341231905,1893.75,440.75,71.0,1382.0,1988.9477790729704,356.5,84.25,0.0,71.0,234.75,319.0,198.5,629.75,0.0,0.0,77.44995882079715,17.747820252173042,81365.0,0,0,0,35,SALT LAKE
1764,350859,470.5,1145.5474313896384,0.4107206625475532,2419.5,593.0,107.0,1719.5,2578.7084022127938,315.75,277.25,3.0,104.0,446.5,376.5,68.0,828.5,0.0,0.0,121.71284278536356,37.49555942743013,58827.0,0,0,0,35,SALT LAKE
1765,350860,474.7499976878469,1257.2357462395548,0.37761414206352645,426.49999792283666,19.499999905030048,16.49999991964081,390.4999980981658,518.1991317297237,15.499999924511064,3.999999980518984,0.0,16.49999991964081,126.99999938147775,90.49999955924201,0.0,172.99999915744607,1.012933709259871,0.0,52.69064083885308,37.995559258774136,81590.0,719,0,0,35,SALT LAKE
1766,350861,1244.0,2686.4120817813678,0.4630711752811579,13533.0,1701.25,3409.25,8422.5,14739.079844806323,1102.75,598.5,3066.5,342.75,2596.5,1031.25,0.0,4794.75,6.077602285158693,0.0,1100.764801747052,99.23744077411554,76192.0,0,0,0,35,SALT LAKE
1767,350862,427.0,1162.148599320513,0.3674228926056952,2551.75,101.5,1613.75,836.5,2692.6598242899013,74.0,27.5,459.75,1154.0,163.25,155.0,2.0,516.25,1.0129337141931154,0.0,106.15087681920154,33.74601375650684,56502.0,0,0,0,35,SALT LAKE
1768,350863,2886.0,6300.630719146867,0.4580493808706785,3100.75,591.5,106.25,2403.0,3779.085233184427,410.25,181.25,0.0,106.25,716.0,262.25,0.0,1424.75,1.0129337141931154,0.0,447.6012475752093,229.72105189502503,97427.0,0,0,0,35,SALT LAKE
1769,350864,0.0,0.0,0.0,1522.5,85.25,1110.75,326.5,1574.477058716717,78.75,6.5,878.25,232.5,52.5,71.75,0.0,202.25,0.0,1.8153613317395847,50.16169738497744,0.0,56502.0,0,0,0,35,SALT LAKE
1770,350865,0.0,0.0,0.0,1430.499999303425,120.24999994144486,1179.999999425405,130.24999993657542,1480.6698250277232,117.99999994254048,2.2499999989043737,887.7499995677146,292.2499998576903,2.999999998539165,11.749999994278395,0.0,115.49999994375784,3.038801141099617,0.0,47.13102458319848,0.0,56502.0,0,0,0,35,SALT LAKE
1771,350866,771.000004252399,2066.4923319103013,0.3730959908956803,141.25000077905494,19.750000108929807,48.00000026474079,73.50000040538434,232.29770179185016,12.000000066185198,7.750000042744608,1.0000000055154332,47.00000025922536,14.250000078594923,9.500000052396615,0.0,49.750000274392804,0.0,0.0,30.054959224245742,60.99274178854946,56502.0,0,0,0,35,SALT LAKE
1772,350867,314.00000008865914,870.2210814603814,0.360827847978255,0.0,0.0,0.0,0.0,35.342275011010116,0.0,0.0,0.0,0.0,0.0,0.0,0.0,0.0,0.0,0.0,10.345249818645522,24.997025192364593,83804.0,0,0,0,35,SALT LAKE
1773,350868,491.0,1381.8964775387528,0.35530881508179457,127.0,30.5,1.25,95.25,192.34749831671076,20.5,10.0,0.0,1.25,19.75,3.75,0.0,71.75,0.0,0.0,26.352139027632447,38.99535928907827,90315.0,0,0,0,35,SALT LAKE
1774,350869,150.0,412.3980806860171,0.36372623206799987,736.25,155.5,160.0,420.75,791.7039217198521,118.75,36.75,0.0,160.0,51.75,62.25,170.5,136.25,0.0,0.0,43.455349630904905,11.99857208894716,79691.0,0,0,0,35,SALT LAKE
1775,350870,334.0,915.1644724873116,0.3649617200416735,448.5,187.5,26.25,234.75,500.7810539351632,77.5,110.0,0.0,26.25,32.75,21.75,16.5,163.75,0.0,0.0,25.784282975005542,26.49677096015765,79691.0,0,0,0,35,SALT LAKE
1776,350871,11.0,31.03274383784817,0.3544643057499858,267.0,4.25,44.0,218.75,278.90812011253496,3.0,1.25,0.0,44.0,57.25,83.5,58.0,20.0,0.0,0.0,10.908239105122655,0.9998810074122636,79691.0,0,0,0,35,SALT LAKE
1777,350872,323.75,830.8703819191355,0.3896516316446444,364.75,42.5,2.25,320.0,421.4342841656826,10.5,32.0,0.0,2.25,17.5,4.75,249.0,48.75,0.0,0.0,30.687377972963763,25.996906192718846,73244.0,0,0,0,35,SALT LAKE
1778,350873,181.25,450.52247117782485,0.4023106761492906,175.0,0.0,0.0,175.0,206.98524769215155,0.0,0.0,0.0,0.0,1.0,90.0,74.0,10.0,0.0,0.0,17.23701093969337,14.74823675245819,73487.0,0,0,0,35,SALT LAKE
1779,350874,989.75,1971.5824672664048,0.5020079131522641,752.0,168.0,16.0,568.0,905.1348883050446,134.0,34.0,0.0,16.0,70.75,54.0,26.0,417.25,0.0,0.0,74.1442887194757,78.99059958556882,49551.0,0,0,0,35,SALT LAKE
1780,350875,539.75,1319.6769822029703,0.40900160211855907,2313.25,409.75,224.0,1679.5,2457.490660445885,243.0,166.75,1.0,223.0,379.0,256.25,168.0,876.25,0.0,0.0,101.24577712715782,42.994883318727325,59740.0,0,0,0,35,SALT LAKE
1781,350876,296.25,780.586451102314,0.3795223444906675,1129.75,234.75,56.25,838.75,1244.2286029411323,150.5,84.25,15.0,41.25,186.5,163.25,137.0,352.0,0.0,0.0,90.48145876323792,23.997144177894324,81590.0,0,0,0,35,SALT LAKE
1782,350877,9.0,22.35559093312063,0.4025838559546269,1539.75,60.75,963.75,515.25,1591.7829904610462,48.5,12.25,566.75,397.0,46.0,78.0,58.0,333.25,0.0,0.0,51.03310945363389,0.9998810074122636,56502.0,0,0,0,35,SALT LAKE
1783,350878,0.0,0.0,0.0,9.75,0.75,0.0,9.0,32.07715781626792,0.5,0.25,0.0,0.0,3.75,0.75,0.0,4.5,2.025867428386231,19.968974650496182,0.3323157373855043,0.0,76192.0,0,0,0,35,SALT LAKE
1784,350879,0.0,0.0,0.0,3.9999999990097144,0.24999999993810715,0.7499999998143214,2.9999999992572857,4.13178662083345,0.24999999993810715,0.0,0.0,0.7499999998143214,0.9999999997524286,0.9999999997524286,0.0,0.9999999997524286,0.0,0.0,0.1317866218237364,0.0,111741.0,0,0,0,35,SALT LAKE
1785,350880,0.0,0.0,0.0,178.75,0.25,174.75,3.75,184.63934220375745,0.25,0.0,172.0,2.75,0.0,1.0,0.0,2.75,0.0,0.0,5.889342203757445,0.0,111741.0,0,0,0,35,SALT LAKE
1786,350881,125.0,336.154472379709,0.37185285418069386,1601.0,190.0,216.0,1195.0,1753.8382727978296,143.5,46.5,4.5,211.5,382.5,231.5,0.0,581.0,0.0,0.0,143.08948429778005,9.74878850004952,60946.0,0,0,0,35,SALT LAKE
1787,350882,1009.5,2433.254615671106,0.4148764348368754,1749.5,507.5,49.75,1192.25,1935.8869975885927,395.25,112.25,0.0,49.75,206.25,282.25,55.0,648.75,0.0,0.0,105.89665222817288,80.49034536041987,57679.0,552,0,0,35,SALT LAKE
1788,350883,620.25,1323.577545627891,0.4686162907861663,0.0,0.0,0.0,0.0,86.17835596326083,0.0,0.0,0.0,0.0,0.0,0.0,0.0,0.0,0.0,0.0,36.93426232813124,49.24409363512959,65378.0,0,0,0,35,SALT LAKE
1789,350884,719.0,1505.2149129391537,0.4776726524693053,1205.5,429.5,7.75,768.25,1326.3853849139643,164.75,264.75,0.0,7.75,30.5,20.0,163.0,554.75,0.0,0.0,63.39216747507341,57.49321743889104,60946.0,0,0,0,35,SALT LAKE
1790,350885,0.0,0.0,0.0,4787.500003221672,217.5000001463632,841.5000005662741,3728.500002509035,4945.233119854652,143.25000009639783,74.25000004996537,0.0,841.5000005662741,1408.0000009474913,907.5000006106877,0.0,1413.000000950856,0.0,0.0,157.73311663297892,0.0,60946.0,0,0,0,35,SALT LAKE
1791,350886,356.5,734.7637879461822,0.4851899424663969,1347.75,206.25,264.25,877.25,1536.2287490515566,144.75,61.5,146.75,117.5,324.0,61.5,0.0,491.75,0.0,0.0,159.98196190551465,28.49678714604197,39291.0,0,0,0,35,SALT LAKE
1792,350887,1193.75,1820.8788961088935,0.6555900024713178,1502.75,356.0,144.25,1002.5,1688.325975727179,270.0,86.0,43.25,101.0,411.0,69.25,24.0,498.25,0.0,0.0,90.33735575108516,95.2386199760937,39291.0,0,0,0,35,SALT LAKE
1793,350888,405.5,761.9753242200769,0.5321694641687397,538.25,78.0,20.5,439.75,603.5884574351205,46.75,31.25,0.0,20.5,92.0,99.5,8.0,240.25,0.0,0.0,33.09234092599942,32.24611650912111,41199.0,0,0,0,35,SALT LAKE
1794,350889,723.5,1449.419094122347,0.4991654952897486,626.25,42.25,22.25,561.75,752.7123120690446,25.0,17.25,0.0,22.25,136.25,107.5,74.0,244.0,0.0,0.0,68.96913249336923,57.4931795756754,86602.0,0,0,0,35,SALT LAKE
1795,350890,806.75,1738.492112173649,0.46405157340133957,1158.75,660.75,16.0,482.0,1329.7474753218785,396.5,264.25,0.0,16.0,141.5,26.25,11.0,303.25,0.0,0.0,106.75511790482048,64.24235741705783,63756.0,0,0,0,35,SALT LAKE
1796,350891,927.5,1847.0720759663377,0.5021460786876751,144.25,30.5,7.0,106.75,253.555730635292,4.75,25.75,0.0,7.0,23.75,18.5,11.0,53.5,0.0,0.0,35.31453608678446,73.9911945485075,40745.0,0,0,0,35,SALT LAKE
1797,350892,1091.999999924117,2282.8096352135503,0.47835788980361627,0.0,0.0,0.0,0.0,122.96739540310902,0.0,0.0,0.0,0.0,0.0,0.0,0.0,0.0,0.0,0.0,35.97774776428702,86.989647638822,60946.0,0,0,0,35,SALT LAKE
1798,350893,0.0,0.0,0.0,1210.5,658.5,15.75,536.25,1250.3812983705293,509.0,149.5,0.0,15.75,92.0,76.75,18.0,349.5,0.0,0.0,39.88129837052921,0.0,60946.0,0,0,0,35,SALT LAKE
1799,350894,734.25,1610.9919521926904,0.45577508875859146,245.0,39.0,7.5,198.5,339.1633176147698,24.25,14.75,0.5,7.0,77.75,10.75,2.0,108.0,0.0,0.0,35.92077642556501,58.24254118920483,60946.0,0,0,0,35,SALT LAKE
1800,350895,482.5,1219.2088290603,0.39574844645103563,1488.75,172.75,208.0,1108.0,1677.1533048001745,128.0,44.75,164.0,44.0,108.75,63.0,459.5,476.75,0.0,0.0,150.15789145872316,38.24541334145125,60946.0,0,0,0,35,SALT LAKE
1801,350896,1035.5,1848.0305663698532,0.5603262299032566,855.5,238.0,62.0,555.5,1009.8024002482224,78.5,159.5,0.0,62.0,115.75,88.5,30.0,321.25,0.0,0.0,71.81219548724046,82.49020476098198,54208.0,0,0,0,35,SALT LAKE
1802,350897,628.5,1178.2314696463918,0.5334265941722165,2035.0,451.5,140.0,1443.5,2196.2961586610327,307.25,144.25,75.25,64.75,232.0,265.0,135.25,811.25,0.0,0.0,111.30243289479488,49.99372576623755,54208.0,0,0,0,35,SALT LAKE
1803,350898,603.0,1276.468413797828,0.4723971180813766,682.75,95.25,33.75,553.75,785.6235607754371,72.0,23.25,9.25,24.5,70.25,86.5,175.75,221.25,0.0,0.0,54.879386028967474,47.994174746469625,64045.0,0,0,0,35,SALT LAKE
1804,350899,398.2499999719863,897.1199872922685,0.44392055200331,111.24999999217445,27.499999998065597,7.24999999949002,76.49999999461885,165.78504758114667,24.99999999824145,2.499999999824145,2.999999999788974,4.249999999701046,30.249999997872155,7.499999999472435,13.999999999015213,24.749999998259035,0.0,0.0,22.538855354030492,31.996192234941752,52893.0,0,0,0,35,SALT LAKE
1805,350900,313.5,767.7859833490318,0.40831690965825357,365.0,74.75,6.75,283.5,455.8299016979594,15.5,59.25,0.0,6.75,10.75,157.25,35.0,80.5,0.0,0.0,65.83269259295531,24.997209105004107,44623.0,0,0,2194,35,SALT LAKE
1806,350901,1095.5,2419.2724950994534,0.4528220786286273,421.5,173.0,21.75,226.75,572.967749480492,134.5,38.5,13.5,8.25,38.25,36.5,13.0,139.0,0.0,0.0,64.22812347689927,87.23962600359268,72052.0,0,0,0,35,SALT LAKE
1807,350902,434.75,953.6500276577848,0.45588002662545835,509.5,30.0,3.5,476.0,591.3523937490745,15.25,14.75,0.5,3.0,202.5,95.5,28.0,150.0,0.0,0.0,46.856558489645344,34.995835259429214,76203.0,48,15,40,35,SALT LAKE
1808,350903,2078.5000026003536,5499.298929551664,0.3779572685949272,1182.25000147908,94.00000011760078,45.50000005692378,1042.7500013045556,1455.7342758390869,55.500000069434506,38.50000004816628,0.0,45.50000005692378,301.750000377511,255.50000031964893,0.0,485.5000006073955,0.0,0.0,107.50333456173983,165.98093979826734,37668.0,0,0,0,35,SALT LAKE
1809,350904,1442.25,3426.5407631740445,0.4209055428437475,242.75,19.25,40.75,182.75,419.99703490200113,14.75,4.5,0.0,40.75,32.5,35.25,3.25,111.75,0.0,0.0,62.26071904959087,114.98631585241029,37668.0,0,0,0,35,SALT LAKE
1810,350905,292.0,420.4460163856496,0.6945005746758369,193.0,16.25,88.0,88.75,237.97793606589207,8.25,8.0,0.0,88.0,18.0,30.25,0.0,40.5,0.0,0.0,21.730732399899885,23.24720366599217,45967.0,0,0,0,35,SALT LAKE
1811,350906,305.75,642.5846245334931,0.4758128164395001,281.0,3.75,11.5,265.75,338.0776706896556,3.5,0.25,0.0,11.5,2.0,249.0,8.0,6.75,0.0,0.0,32.83054815303544,24.24712253662009,85973.0,709,945,0,35,SALT LAKE
1812,350907,251.24999984274845,582.1962449652366,0.43155551416816645,357.2499997764055,95.24999994038524,40.49999997465199,221.49999986136828,402.27226000119435,60.24999996229092,34.999999978094316,0.0,40.49999997465199,28.49999998216251,51.99999996745441,1.249999999217654,139.74999991253372,0.0,0.0,25.02454270332202,19.997717521466743,85973.0,0,0,0,35,SALT LAKE
1813,350908,796.75,1617.7237219169228,0.49251302259194824,347.25,47.0,31.5,268.75,452.1815734186364,39.5,7.5,0.0,31.5,58.75,66.5,0.0,143.5,0.0,0.0,41.43916732100935,63.49240609762704,41529.0,0,0,0,35,SALT LAKE
1814,350909,489.75,1392.8239693629373,0.3516237591919145,619.25,118.5,61.5,439.25,710.7846569345328,91.25,27.25,9.0,52.5,71.0,138.25,0.0,230.0,0.0,0.0,52.53929764545451,38.99535928907827,57978.0,419,0,0,35,SALT LAKE
1815,350910,562.75,1134.6841493265367,0.4959529930280652,337.75,48.75,114.75,174.25,424.1746501387467,43.25,5.5,86.5,28.25,32.75,32.75,3.0,105.75,0.0,0.0,41.43000480519488,44.99464533355185,45967.0,0,0,0,35,SALT LAKE
1816,350911,473.2499999263194,1045.3803417584888,0.4527060448929438,110.99999998271834,2.499999999610773,1.2499999998053866,107.24999998330217,184.7447523398725,0.9999999998443093,1.499999999766464,0.0,1.2499999998053866,4.999999999221546,7.49999999883232,79.99999998754474,14.749999997703563,0.0,0.0,35.99925244009054,37.745499917063626,49675.0,0,0,0,35,SALT LAKE
1817,350912,273.75,703.6824378669363,0.3890249141783543,452.75,95.75,21.0,336.0,509.9343692486074,77.5,18.25,0.0,21.0,65.25,60.25,0.0,210.5,0.0,0.0,35.18698708553762,21.997382163069798,53734.0,0,0,0,35,SALT LAKE
1818,350913,207.0,489.82427858373103,0.42260053053824936,523.75,48.5,120.75,354.5,573.330600848322,36.75,11.75,21.5,99.25,66.25,88.25,0.0,200.0,0.0,0.0,32.58262372231357,16.99797712600848,81457.0,0,0,0,35,SALT LAKE
1819,350914,262.75,665.1804441432248,0.3950055993279102,0.0,0.0,0.0,0.0,47.90590087513956,0.0,0.0,0.0,0.0,0.0,0.0,0.0,0.0,0.0,0.0,26.90834563268495,20.99755524245461,81457.0,0,0,0,35,SALT LAKE
1820,350915,340.5,754.9159424737527,0.4510435941837838,76.5,7.0,5.75,63.75,118.73817794036594,3.5,3.5,0.0,5.75,18.25,4.5,0.0,41.0,0.0,0.0,15.24139074023483,26.99678720013111,48336.0,0,0,0,35,SALT LAKE
1821,350916,129.75,335.779339916914,0.38641448289256164,388.5,33.25,17.25,338.0,425.82173031748135,29.0,4.25,14.0,3.25,1.5,48.0,1.0,287.5,0.0,0.0,27.07294188463294,10.248788432848396,51003.0,409,0,0,35,SALT LAKE
1822,350917,383.75,738.2640854439253,0.5198004448086452,291.5,8.5,19.5,263.5,350.9947711026492,4.75,3.75,0.0,19.5,56.5,22.75,84.0,100.25,0.0,0.0,28.74840036837918,30.746370734270048,80568.0,0,0,0,35,SALT LAKE
1823,350918,526.0,1242.290069064174,0.42341157922661293,948.75,180.0,153.25,615.5,1048.5952030814062,138.25,41.75,10.75,142.5,124.5,137.5,92.0,261.5,0.0,0.0,57.85020077009118,41.99500231131506,88737.0,0,0,0,35,SALT LAKE
1824,350919,1047.5,2324.725230061638,0.4505908855182109,1003.0,100.75,85.0,817.25,1174.7945708358536,72.5,28.25,26.25,58.75,145.75,233.0,128.0,310.5,0.0,0.0,88.30452836639984,83.49004246945374,60734.0,254,0,0,35,SALT LAKE
1825,350920,1291.75,2665.800950977842,0.48456356035366155,359.0,44.25,35.5,279.25,525.8908127165004,17.75,26.5,24.5,11.0,52.5,37.5,33.0,156.25,0.0,0.0,63.90322042557189,102.98759229092846,108592.0,0,0,0,35,SALT LAKE
1826,350921,78.5,164.32251596285656,0.47771907300728117,9087.0,282.75,769.5,8034.75,9573.184540435732,161.25,121.5,82.5,687.0,3356.0,666.5,254.5,3757.75,0.0,0.0,480.1855249088359,5.999015526895043,149495.0,0,0,0,35,SALT LAKE
1827,350922,864.75,1901.583916162461,0.4547524790518477,221.0,40.0,35.25,145.75,326.3049551873668,7.25,32.75,33.5,1.75,57.25,25.5,2.0,61.0,0.0,0.0,36.56314936710601,68.74180582026078,149495.0,0,0,0,35,SALT LAKE
1828,350923,2485.25,5421.083530871183,0.4584415617002333,214.25,8.0,161.25,45.0,501.7686193891527,1.75,6.25,159.75,1.5,4.5,31.25,0.0,9.25,0.0,0.0,89.29420879516755,198.22441059398517,136616.0,0,0,0,35,SALT LAKE
1829,350924,756.9999996466764,1445.2071658774273,0.5238003363947339,542.4999997467926,22.999999989264936,27.4999999871646,491.999999770363,654.2542165724689,18.24999999148196,4.749999997782976,0.9999999995332581,26.49999998763134,179.99999991598645,56.24999997374577,57.749999973045654,197.9999999075851,0.0,0.0,51.26131852956736,60.49289829610891,65715.0,0,0,0,35,SALT LAKE
1830,350925,108.5,279.3478115225839,0.3884046895109765,3172.0,186.5,147.0,2838.5,3288.89623118606,140.75,45.75,1.5,145.5,989.75,388.75,36.5,1423.5,0.0,0.0,108.39844902169324,8.497782164366777,57947.0,0,0,0,35,SALT LAKE
1831,350926,1245.0,2993.007616956234,0.4159695394514612,45.75,0.0,4.0,41.75,195.0135130292458,0.0,0.0,1.0,3.0,33.75,0.0,8.0,0.0,0.0,0.0,50.02536902350307,99.23814400574275,61673.0,0,0,0,35,SALT LAKE
1832,350927,1104.0,2805.46773569788,0.39351726842275453,613.5,186.75,11.75,415.0,757.7806389217926,138.0,48.75,0.0,11.75,121.5,48.0,0.0,245.5,0.0,0.0,56.54059630807542,87.7400426137172,57947.0,0,0,0,35,SALT LAKE
1833,350928,712.75,1775.3053324527273,0.40148023383407433,403.0,42.5,1.25,359.25,507.7512014082934,26.25,16.25,1.25,0.0,111.75,90.0,95.25,62.25,0.0,0.0,48.25796236255224,56.4932390457412,77272.0,528,0,0,35,SALT LAKE
1834,350929,924.25,2294.1794630279464,0.402867349697281,188.5,79.25,8.0,101.25,306.8979674317493,36.75,42.5,2.0,6.0,31.75,6.5,21.5,41.5,0.0,0.0,44.40671879644473,73.99124863530457,74521.0,0,0,0,35,SALT LAKE
1835,350930,697.0,1639.9419004787264,0.4250150568117895,1430.75,202.25,146.5,1082.0,1558.5974375523808,134.0,68.25,114.75,31.75,92.0,523.25,46.0,420.75,0.0,0.0,72.10404163280407,55.74339591957664,84600.0,641,950,0,35,SALT LAKE
1836,350931,807.25,1743.515789556107,0.4630012557589301,21.0,0.0,0.5,20.5,128.77907135078644,0.0,0.0,0.5,0.0,20.5,0.0,0.0,0.0,0.0,0.0,43.5367626044729,64.24230874631354,76969.0,0,0,0,35,SALT LAKE
1837,350932,464.0,1015.7062235079886,0.45682500437721363,100.5,2.75,0.25,97.5,169.5963299042081,1.75,1.0,0.25,0.0,9.0,4.5,71.0,13.0,0.0,0.0,31.850694748706637,37.245635155501446,73569.0,0,0,0,35,SALT LAKE
1838,350933,237.5,517.7713331747298,0.4586966963654823,74.75,1.5,6.0,67.25,114.28047172358067,1.25,0.25,0.5,5.5,6.5,7.75,42.5,10.5,0.0,0.0,20.78265685467636,18.74781486890432,75198.0,0,0,0,35,SALT LAKE
1839,350934,139.5,289.35939320798843,0.48209943507770936,54.0,1.0,22.0,31.0,75.12502714231104,1.0,0.0,20.75,1.25,5.5,6.0,10.0,9.5,0.0,0.0,10.126352284357573,10.998674857953466,57947.0,0,0,0,35,SALT LAKE
1840,350935,724.7499988818023,1452.045946416436,0.4991233236595871,145.74999977512618,0.7499999988428447,0.0,144.99999977628332,244.66939967687443,0.0,0.7499999988428447,0.0,0.0,3.749999994214224,136.99999978862633,0.2499999996142816,3.9999999938285056,0.0,0.0,41.176242056437474,57.74315784531077,71040.0,0,0,2126,35,SALT LAKE
1841,350936,1198.25,2810.345218687345,0.4263711063083126,652.0,239.0,240.5,172.5,868.6920487130519,12.75,226.25,231.5,9.0,43.25,43.0,6.0,80.25,0.0,0.0,120.95350988272232,95.73853883032956,116068.0,0,0,0,35,SALT LAKE
1842,350937,904.5,1921.490371719839,0.4707283540486456,66.0,0.0,15.0,51.0,210.9654468244127,0.0,0.0,11.0,4.0,19.75,5.25,5.0,21.0,0.0,0.0,72.97401429072974,71.99143253368297,115312.0,0,0,0,35,SALT LAKE
1843,350938,376.5,1033.2796747820053,0.36437375977557246,186.5,9.5,8.5,168.5,249.76773704530203,7.0,2.5,1.5,7.0,15.25,7.5,36.5,109.25,0.0,0.0,33.27120943719656,29.996527608105485,90282.0,0,0,0,35,SALT LAKE
1844,350939,391.9999993632268,858.6607026530371,0.4565249092593259,22.999999962638306,5.999999990253471,3.999999993502314,12.99999997888252,77.41662210354015,5.999999990253471,0.0,3.999999993502314,0.0,0.0,1.999999996751157,0.0,10.999999982131364,0.0,0.0,23.17037046636865,31.246251674533195,120720.0,0,0,0,35,SALT LAKE
1845,350940,579.0,1594.0253261142934,0.3632313681059325,0.0,0.0,0.0,0.0,84.57189985809758,0.0,0.0,0.0,0.0,0.0,0.0,0.0,0.0,0.0,0.0,38.577373517133466,45.994526340964114,91034.0,0,0,0,35,SALT LAKE
1846,350941,1088.25,2374.708668952409,0.45826673992817657,89.0,1.75,16.5,70.75,232.78015109624715,0.0,1.75,16.5,0.0,7.75,44.75,8.0,10.25,0.0,0.0,57.29036821881906,86.48978287742811,98072.0,462,0,0,35,SALT LAKE
1847,350942,735.25,1672.8872656644826,0.4395095922425792,120.0,0.0,41.75,78.25,232.66950978580303,0.0,0.0,0.25,41.5,22.0,0.0,32.0,24.25,0.0,0.0,54.17650872523736,58.493001060565724,102520.0,0,0,0,35,SALT LAKE
1848,350943,242.5,487.4182293750312,0.4975193486524582,0.0,0.0,0.0,0.0,30.48505822395304,0.0,0.0,0.0,0.0,0.0,0.0,0.0,0.0,0.0,0.0,11.23739481119135,19.24766341276169,102705.0,0,0,0,35,SALT LAKE
1849,350944,313.5,669.3835110968032,0.4683413839793001,1141.0,149.0,16.25,975.75,1218.9162181885915,25.75,123.25,3.5,12.75,307.5,16.5,195.0,456.75,0.0,0.0,52.91902530716879,24.997192881422677,75198.0,0,0,0,35,SALT LAKE
1850,350945,501.75,1057.5768082804498,0.4744336260699707,129.5,15.0,7.25,107.25,195.04304124687675,12.25,2.75,0.0,7.25,26.5,26.75,6.0,48.0,0.0,0.0,25.54780095038622,39.995240296490536,59129.0,0,0,0,35,SALT LAKE
1851,350946,200.75,415.0301611663369,0.48369978566339156,137.75,45.25,1.0,91.5,166.65152315609333,3.75,41.5,0.0,1.0,4.0,73.75,0.0,13.75,0.0,0.0,12.903427037497128,15.998096118596214,41529.0,0,822,0,35,SALT LAKE
1852,350947,1163.25,2837.8045480529427,0.40991195140557585,851.0,99.5,35.0,716.5,1039.6028087304744,68.5,31.0,0.0,35.0,135.75,210.5,80.0,290.25,0.0,0.0,95.86381553664404,92.73899319383038,85287.0,447,0,0,35,SALT LAKE
1853,350948,1633.25,3562.3374717209736,0.45847705697881935,739.25,34.25,10.5,694.5,1010.1218625526024,16.25,18.0,0.75,9.75,189.25,107.0,183.0,215.25,0.0,0.0,140.63769947429222,130.23416307831016,78260.0,0,0,0,35,SALT LAKE
1854,350949,705.25,1759.163595777768,0.40090074720321406,8.0,0.0,1.0,7.0,125.7398654073319,0.0,0.0,1.0,0.0,6.0,0.0,1.0,0.0,0.0,0.0,61.49660472031647,56.24326068701544,78058.0,0,0,0,35,SALT LAKE
1855,350950,328.75,802.6779810343473,0.4095664858980758,0.0,0.0,0.0,0.0,43.829995114024186,0.0,0.0,0.0,0.0,0.0,0.0,0.0,0.0,0.0,0.0,17.83308892130534,25.996906192718846,72573.0,0,0,0,35,SALT LAKE
1856,350951,458.0,1095.5345553513932,0.418060751952362,698.0,72.0,61.0,565.0,789.8356754765135,36.75,35.25,11.5,49.5,127.5,116.0,82.0,239.5,0.0,0.0,55.09000247418855,36.745673002325056,76309.0,0,0,0,35,SALT LAKE
1857,350952,735.25,1648.5318697106509,0.4460029032553981,97.0,0.25,0.0,96.75,207.4127661721548,0.25,0.0,0.0,0.0,0.25,96.25,0.0,0.25,0.0,0.0,51.66971100675991,58.74305516539486,94243.0,572,0,0,35,SALT LAKE
1858,350953,416.5,1151.6451696155689,0.36165653361706196,230.5,39.0,12.5,179.0,332.8133713161695,37.5,1.5,10.0,2.5,51.75,56.25,33.0,38.0,0.0,0.0,69.31729807156476,32.99607324460469,137651.0,389,0,0,35,SALT LAKE
1859,350954,759.25,1817.668364067616,0.4177054599228071,514.25,57.25,29.0,428.0,664.5650361289835,34.0,23.25,9.5,19.5,69.75,121.5,27.0,209.75,0.0,0.0,89.8227004794313,60.49233564955219,99905.0,441,0,0,35,SALT LAKE
1860,350955,884.5,2139.5384926910806,0.41340691136035074,220.25,0.0,3.5,216.75,432.3842123520457,0.0,0.0,3.25,0.25,0.5,0.0,0.0,216.25,0.0,0.0,141.64268250147336,70.49152985057238,98216.0,0,0,0,35,SALT LAKE
1861,350956,0.0,0.0,0.0,4467.75,350.25,792.5,3325.0,4623.453973220346,287.5,62.75,330.75,461.75,1392.75,477.5,11.0,1443.75,0.0,0.0,155.7039732203454,0.0,37668.0,0,0,0,35,SALT LAKE
1862,350957,717.0,1635.2030103142056,0.4384776663676933,830.25,92.0,199.75,538.5,954.8510840641084,59.0,33.0,36.25,163.5,78.5,75.25,1.0,383.75,0.0,0.0,67.3577476178776,57.24333644623079,32464.0,0,0,0,35,SALT LAKE
1863,350958,383.5,798.8982653061158,0.4800360905190517,1115.25,175.75,35.0,904.5,1197.3836520326429,110.5,65.25,3.0,32.0,265.5,136.5,0.0,502.5,0.0,0.0,51.13734080286272,30.996311229780165,32464.0,0,0,0,35,SALT LAKE
1864,350959,598.25,1463.4164655904056,0.40880365505429794,214.25,28.5,30.25,155.5,299.5146217449321,20.25,8.25,0.0,30.25,22.75,32.75,0.0,100.0,0.0,0.0,37.52027388465356,47.74434786027852,74169.0,0,0,0,35,SALT LAKE
1865,350960,506.0,1052.0054230042938,0.4809861136979469,192.0,37.25,7.25,147.5,265.49100819142967,30.75,6.5,0.0,7.25,38.5,32.0,0.0,77.0,0.0,0.0,32.99590312750032,40.49510506392934,73770.0,0,0,0,35,SALT LAKE
1866,350961,984.0,1875.8807770173603,0.5245535921342264,907.75,109.0,86.25,712.5,1061.3185987550846,54.5,54.5,25.5,60.75,161.75,108.0,87.0,355.75,0.0,0.0,75.32784229568043,78.24075645940424,62960.0,0,0,0,35,SALT LAKE
1867,350962,300.0,775.5000620439887,0.3868471644080708,167.25,12.5,6.25,148.5,225.9020577951057,9.75,2.75,0.0,6.25,44.5,30.0,6.5,67.5,0.0,0.0,34.90495149845907,23.747106296646624,82904.0,0,0,0,35,SALT LAKE
1868,350963,577.75,1615.1715441914994,0.3577019432256047,86.0,0.25,0.0,85.75,182.3583539049136,0.0,0.25,0.0,0.0,0.25,59.5,0.0,26.0,0.0,0.0,50.36382756394947,45.994526340964114,100807.0,635,0,0,35,SALT LAKE
1869,350964,357.75,1057.1494272780726,0.33841005894609205,0.0,0.0,0.0,0.0,47.03129243961294,0.0,0.0,0.0,0.0,0.0,0.0,0.0,0.0,0.0,0.0,18.284781105905004,28.74651133370794,116771.0,0,0,0,35,SALT LAKE
1870,350965,506.75,1132.498906650204,0.4474618006465947,1820.0,188.75,478.25,1153.0,1942.664907489495,177.25,11.5,216.75,261.5,342.0,372.5,56.0,382.5,0.0,0.0,82.66966719300446,39.995240296490536,76955.0,0,0,0,35,SALT LAKE
1871,350966,0.0,0.0,0.0,777.0,231.0,308.0,238.0,802.5992858357861,222.75,8.25,179.75,128.25,83.5,12.75,2.25,139.5,0.0,0.0,25.599285835786045,0.0,45830.0,0,0,0,35,SALT LAKE
1872,350967,24.5,64.5694125747107,0.37943662522331334,4176.5,639.0,132.25,3405.25,4332.727890619248,393.5,245.5,0.0,132.25,955.5,340.5,181.75,1927.5,0.0,0.0,154.22822055443586,1.9996700648118049,45830.0,0,0,0,35,SALT LAKE
1873,350968,642.25,1725.0462674275318,0.37230885462437635,1250.5,127.25,44.0,1079.25,1734.612326116184,85.25,42.0,3.0,41.0,419.25,123.75,93.0,443.25,0.0,0.0,433.1188382252967,50.99348789088741,62143.0,0,0,0,35,SALT LAKE
1874,350969,183.75,452.2361528634683,0.4063142648736329,215.0,61.5,14.5,139.0,260.8911080093572,53.0,8.5,0.0,14.5,60.5,14.0,1.0,63.5,0.0,0.0,31.142930779420936,14.748177229936251,30205.0,0,0,0,35,SALT LAKE
1875,350970,148.75,354.19129610506303,0.41997079441465607,139.75,0.25,51.25,88.25,161.2532677494381,0.25,0.0,0.0,51.25,0.25,78.25,0.0,9.75,0.0,0.0,9.504695660490931,11.99857208894716,62143.0,0,0,0,35,SALT LAKE
1876,350971,191.0,486.1942011391229,0.3928471371161952,76.75,26.0,11.0,39.75,115.83393090985857,19.0,7.0,10.0,1.0,11.0,7.25,0.0,21.5,0.0,0.0,23.83585104926785,15.2480798605907,30205.0,0,0,0,35,SALT LAKE
1877,350972,530.75,1433.0348183563117,0.3703678327989052,858.75,133.0,64.0,661.75,956.7779402919728,90.5,42.5,0.0,64.0,108.75,171.5,44.0,337.5,0.0,0.0,55.78299748514771,42.24494280682518,53345.0,577,0,0,35,SALT LAKE
1878,350973,691.25,1605.7142527234,0.4304937810868859,671.25,61.0,43.0,567.25,807.688902350822,22.25,38.75,0.0,43.0,93.0,208.75,0.25,265.25,0.0,0.0,81.44548480636324,54.99341754445884,62143.0,0,0,60,35,SALT LAKE
1879,350974,707.5,1535.3546314159526,0.4608055920914643,921.75,158.0,39.0,724.75,1042.3901938397548,94.0,64.0,5.5,33.5,99.0,165.75,54.0,406.0,0.0,0.0,64.14685740827605,56.49333643147878,68075.0,0,0,132,35,SALT LAKE
1880,350975,507.0,1247.450698677855,0.40642888776074115,2593.5,960.0,47.5,1586.0,2744.3818173266527,716.75,243.25,0.0,47.5,245.25,284.75,13.0,1043.0,0.0,0.0,110.3865445666075,40.495272760045424,82904.0,0,0,0,35,SALT LAKE
1881,350976,436.75,987.27738900669,0.4423782058246251,687.0,107.0,13.5,566.5,781.5177707943602,50.0,57.0,0.0,13.5,97.25,53.75,175.0,240.5,0.0,0.0,59.77191389365686,34.74585690070346,62829.0,0,0,0,35,SALT LAKE
1882,350977,472.75,1167.0443415897123,0.4050831516444648,0.0,0.0,0.0,0.0,76.32129655366295,0.0,0.0,0.0,0.0,0.0,0.0,0.0,0.0,0.0,0.0,38.32581827199694,37.99547828166601,101047.0,0,0,0,35,SALT LAKE
1883,350978,1844.25,4462.131214789393,0.413311467374015,566.25,128.0,73.0,365.25,885.8926469144162,91.25,36.75,20.75,52.25,52.5,90.5,84.0,138.25,0.0,0.0,172.66023621055115,146.98241070386513,98907.0,484,0,0,35,SALT LAKE
1884,350979,414.25,1051.18871650521,0.3940776698756991,73.0,0.0,0.0,73.0,130.79741100073258,0.0,0.0,0.0,0.0,0.0,72.75,0.0,0.25,0.0,0.0,25.0513756373756,32.74603536335699,121548.0,0,936,0,35,SALT LAKE
1885,350980,638.0,1088.947540731308,0.5858868091768097,1011.5,131.0,236.25,644.25,1116.8392789871978,116.0,15.0,83.75,152.5,195.0,28.0,77.25,344.0,0.0,0.0,54.345347609172144,50.99393137802543,76955.0,0,0,0,35,SALT LAKE
1886,350981,0.0,0.0,0.0,2148.0,50.25,29.75,2068.0,2545.9821642219736,19.25,31.0,0.0,29.75,329.75,385.5,451.75,901.0,0.0,0.0,397.9821642219737,0.0,45830.0,0,0,0,35,SALT LAKE
1887,350982,208.25,395.8143867909819,0.526130446364929,2071.25,112.75,70.0,1888.5,2229.263017133698,67.0,45.75,0.0,70.0,348.0,274.75,222.5,1043.25,0.0,0.0,141.51494263834408,16.498074495354032,45830.0,0,0,0,35,SALT LAKE
1888,350983,12.0,32.62138099942332,0.3678568972972706,1795.0,97.75,81.0,1616.25,1893.6565483452111,66.5,31.25,0.0,81.0,264.0,442.25,0.0,910.0,0.0,38.12258796789203,59.53407936990665,0.9998810074122636,53265.0,0,0,1996,35,SALT LAKE
1889,350984,276.0,692.5770798578087,0.3985115996860088,0.0,0.0,0.0,0.0,34.34232700069258,0.0,0.0,0.0,0.0,0.0,0.0,0.0,0.0,0.0,0.0,12.344944837622783,21.997382163069798,53265.0,0,0,0,35,SALT LAKE
1890,350985,589.75,1415.4341849862394,0.4166566035041279,668.75,78.5,39.75,550.5,842.3827408231714,58.0,20.5,15.75,24.0,113.5,97.0,54.0,286.0,0.0,0.0,126.6386580791706,46.99408274400077,83700.0,0,0,0,35,SALT LAKE
1891,350986,629.5,1677.3246344296977,0.37530003857245825,854.5,39.5,99.0,716.0,961.6383182035186,23.5,16.0,2.0,97.0,129.5,211.75,118.5,256.25,0.0,0.0,56.89426781487342,50.24405038864522,69002.0,310,222,91,35,SALT LAKE
1892,350987,364.0,913.1483722006128,0.39862087157072823,1008.5,14.5,1.25,992.75,1089.466398478455,13.25,1.25,1.0,0.25,4.25,52.25,922.0,14.25,0.0,0.0,51.96984926349936,28.996549214955635,72647.0,369,0,0,35,SALT LAKE
1893,350988,309.25,774.3374308179278,0.3993736938085779,1061.25,50.5,32.0,978.75,1155.1474463383402,22.75,27.75,0.0,32.0,147.0,604.25,49.0,178.5,0.0,0.0,69.4004373930071,24.49700894533312,83356.0,420,0,0,35,SALT LAKE
1894,350989,575.25,1284.853082440874,0.4477165583065577,858.5,331.75,25.75,501.0,956.9721704840338,176.5,155.25,16.75,9.0,71.5,80.75,0.0,348.75,0.0,0.0,52.72777941005494,45.74439107397883,117605.0,0,0,0,35,SALT LAKE
1895,350990,571.75,1516.4608164457677,0.377029194423928,589.5,57.5,23.25,508.75,682.7542936431062,42.5,15.0,2.5,20.75,83.25,96.5,10.0,319.0,0.0,0.0,47.509691574070736,45.74460206903543,91031.0,0,0,0,35,SALT LAKE
1896,350991,430.5,1059.0018140667366,0.40651488437664807,0.0,0.0,0.0,0.0,81.1795246616849,0.0,0.0,0.0,0.0,0.0,0.0,0.0,0.0,0.0,0.0,46.93353252842024,34.24599213326466,122645.0,0,0,0,35,SALT LAKE
1897,350992,636.5,1349.824540450728,0.4715427679122373,6908.5,176.5,316.0,6416.0,7226.114441619644,64.75,111.75,36.75,279.25,2554.75,696.75,172.75,2991.75,0.0,0.0,267.12085652169185,50.493585097951495,45830.0,0,0,0,35,SALT LAKE
1898,350993,1386.25,2808.629074171352,0.49356820120826894,376.0,0.25,0.0,375.75,544.5466717700729,0.25,0.0,0.0,0.0,3.0,0.0,343.0,29.75,0.0,0.0,58.059858324069445,110.4868134460034,53265.0,0,0,0,35,SALT LAKE
1899,350994,322.5000004876771,714.5235555241204,0.45134971127874923,422.75000063927286,87.0000001315594,23.750000035914205,312.00000047179924,480.5504995900709,69.00000010434022,18.000000027219187,7.000000010585239,16.750000025328966,47.50000007182841,63.000000095267154,20.00000003024354,181.50000027446015,0.0,0.0,31.803592718767277,25.99690623203077,70392.0,0,0,0,35,SALT LAKE
1900,350995,202.75,558.8320411055097,0.3628102633465857,30.75,0.25,0.0,30.5,56.4410352884945,0.25,0.0,0.0,0.0,7.0,1.5,15.0,7.0,0.0,0.0,9.692939169898288,15.998096118596214,67464.0,0,0,0,35,SALT LAKE
1901,350996,508.75,1387.6663953086554,0.3666226996055777,380.25,16.5,10.5,353.25,455.28280555692817,8.0,8.5,0.0,10.5,33.75,103.25,104.0,112.25,0.0,0.0,34.28760852495408,40.74519703197412,73279.0,0,722,0,35,SALT LAKE
1902,350997,140.25,344.1160806038284,0.40756595784161004,467.0,64.25,28.25,374.5,513.7086083589824,52.0,12.25,14.5,13.75,57.0,68.75,160.0,88.75,0.0,0.0,35.20971711777653,11.49889124120588,83356.0,0,0,0,35,SALT LAKE
1903,350998,799.0,2078.18520513446,0.38447006456688937,4.0,0.0,4.0,0.0,127.44795350715232,0.0,0.0,4.0,0.0,0.0,0.0,0.0,0.0,0.0,0.0,59.955531185943855,63.49242232120847,97838.0,0,0,0,35,SALT LAKE
1904,350999,1011.0,2234.211977977276,0.45250853990824086,0.0,0.0,0.0,0.0,149.30153139885758,0.0,0.0,0.0,0.0,0.0,0.0,0.0,0.0,0.0,0.0,68.81103456590304,80.49049683295453,102608.0,0,0,0,35,SALT LAKE
1905,351000,691.25,1673.4741956892683,0.413062837646737,93.0,0.0,0.0,93.0,216.08398702126425,0.0,0.0,0.0,0.0,0.0,93.0,0.0,0.0,0.0,0.0,67.84049373234205,55.24349328892219,134555.0,773,0,0,35,SALT LAKE
1906,351001,252.0,569.3902720581609,0.44257868875964784,0.0,0.0,0.0,0.0,54.7983034996482,0.0,0.0,0.0,0.0,0.0,0.0,0.0,0.0,0.0,0.0,34.80068335140293,19.997620148245268,154331.0,0,0,0,35,SALT LAKE
1907,351002,275.75,667.575437274475,0.4130619321852383,79.0,72.0,6.5,0.5,187.1845082785308,0.0,72.0,6.5,0.0,0.0,0.25,0.0,0.25,0.0,0.0,86.18712611546098,21.997382163069798,115747.0,0,0,0,35,SALT LAKE
1908,351003,881.0,2279.8391632283883,0.38643076854265956,2777.0,534.25,78.75,2164.0,3277.193077555765,321.25,213.0,4.75,74.0,480.75,223.5,138.25,1321.5,0.0,196.0590238387612,233.8909711877308,70.24308252927266,78814.0,0,0,0,35,SALT LAKE
1909,351004,620.0,1568.4495699741026,0.39529482609392225,913.5,332.25,44.0,537.25,1023.7727388765484,207.0,125.25,12.75,31.25,81.5,82.75,0.0,373.0,0.0,0.0,61.02853163209962,49.2442072444486,86028.0,0,0,0,35,SALT LAKE
1910,351005,686.5,1694.6474397762136,0.40509900991008235,159.25,73.0,5.25,81.0,262.60680660442,10.25,62.75,2.0,3.25,8.0,4.75,2.0,66.25,0.0,0.0,48.363351196745526,54.99345540767449,91483.0,0,0,0,35,SALT LAKE
1911,351006,694.25,1485.7665197522283,0.46726722588672653,241.75,59.0,5.25,177.5,338.5833731991412,12.5,46.5,0.0,5.25,9.75,70.0,0.0,97.75,0.0,0.0,41.58987991021903,55.24349328892219,51676.0,644,0,0,35,SALT LAKE
1912,351007,252.5,692.8439389386388,0.36443993489616494,0.0,0.0,0.0,0.0,32.317832980005605,0.0,0.0,0.0,0.0,0.0,0.0,0.0,0.0,0.0,0.0,12.320212831760331,19.997620148245268,66181.0,0,0,0,35,SALT LAKE
1913,351008,306.25,815.3336329002067,0.37561310810967574,94.5,16.25,4.0,74.25,135.6992870793219,3.75,12.5,0.0,4.0,16.0,19.25,4.0,35.0,0.0,0.0,16.9521645427018,24.24712253662009,54148.0,0,0,0,35,SALT LAKE
1914,351009,367.0,1036.3514186055988,0.3541269818434707,57.75,24.5,2.25,31.0,101.23863552890936,17.0,7.5,0.0,2.25,6.25,2.25,0.0,22.5,0.0,0.0,13.992183683299285,29.496451845610085,98542.0,0,0,0,35,SALT LAKE
1915,351010,344.75,913.1483611012776,0.3775399646824353,0.0,0.0,0.0,0.0,57.35356466923539,0.0,0.0,0.0,0.0,0.0,0.0,0.0,0.0,0.0,0.0,29.606934342939716,27.74663032629568,140403.0,0,0,0,35,SALT LAKE
1916,351011,419.25,961.1336789127114,0.4362036303568919,100.0,6.75,27.25,66.0,193.60393467157624,2.25,4.5,26.5,0.75,11.0,26.75,0.0,28.25,0.0,0.0,60.3578830682458,33.24605160333045,155904.0,0,0,0,35,SALT LAKE
1917,351012,240.99998475610468,533.0550275127797,0.45211089346742317,0.0,0.0,0.0,0.0,61.43501401791406,0.0,0.0,0.0,0.0,0.0,0.0,0.0,0.0,0.0,0.0,42.187351822618616,19.24766219529544,155183.0,0,0,0,35,SALT LAKE
1918,351013,0.0,0.0,0.0,1602.5,1027.0,62.75,512.75,1655.2977975140132,658.25,368.75,47.5,15.25,43.75,34.5,0.0,434.5,0.0,0.0,52.79779751401324,0.0,78814.0,0,0,0,35,SALT LAKE
1919,351014,778.75,2093.152751420533,0.37204642588625975,1584.75,461.0,44.5,1079.25,2023.1549482450996,316.75,144.25,0.0,44.5,359.5,101.5,0.0,618.25,0.0,0.0,376.4116061779113,61.99334206718807,78814.0,0,0,0,35,SALT LAKE
1920,351015,586.25,1524.2804164619915,0.3846077097551022,179.25,18.5,3.0,157.75,311.14851006651463,10.75,7.75,0.0,3.0,54.25,16.25,17.0,70.25,0.0,0.0,85.15400535043273,46.74450471608191,63501.0,0,0,0,35,SALT LAKE
1921,351016,245.25,657.1123465937528,0.37322385018527304,258.75,48.75,13.5,196.5,315.85028521199126,39.25,9.5,0.0,13.5,24.25,71.75,0.0,100.5,0.0,0.0,37.35258933567465,19.74769587631658,74012.0,0,0,0,35,SALT LAKE
1922,351017,556.75,1499.8900061765512,0.3711938860231763,568.0,77.25,25.5,465.25,702.0531511612193,55.25,22.0,0.0,25.5,97.0,98.75,30.0,239.5,0.0,0.0,89.55848420442524,44.49466695679404,71273.0,0,0,0,35,SALT LAKE
1923,351018,428.25,1092.2981298741065,0.392063291410522,335.75,7.5,9.0,319.25,409.6650233729412,5.75,1.75,0.0,9.0,38.0,85.75,40.0,155.5,0.0,0.0,39.91906912092425,33.99595425201696,104764.0,0,0,0,35,SALT LAKE
1924,351019,438.0,1183.356332058015,0.3701336513223024,113.0,18.5,2.0,92.5,214.64982848065063,3.75,14.75,2.0,0.0,3.0,1.75,4.0,83.75,0.0,0.0,66.65405274374336,34.99577573690728,113914.0,0,0,0,35,SALT LAKE
1925,351020,39.0,89.4776940318916,0.4358628194653702,145.75,41.75,19.25,84.75,161.84067749173886,39.0,2.75,14.75,4.5,20.75,30.75,0.0,33.25,0.0,0.0,12.840996588254365,3.24968090348449,105353.0,0,0,0,35,SALT LAKE
1926,351021,133.25,354.9930358754705,0.37535947619756493,0.0,0.0,0.0,0.0,18.139394172865074,0.0,0.0,0.0,0.0,0.0,0.0,0.0,0.0,0.0,0.0,7.390643586840295,10.74875058602478,132708.0,0,0,0,35,SALT LAKE
1927,351022,529.0,1250.9902353727848,0.422865011286329,0.0,0.0,0.0,0.0,78.17404464571194,0.0,0.0,0.0,0.0,0.0,0.0,0.0,0.0,0.0,0.0,36.17904233439689,41.99500231131506,155902.0,0,0,0,35,SALT LAKE
1928,351023,0.0,0.0,0.0,3101.5,1474.5,97.75,1529.25,3202.701358283692,1026.75,447.75,49.75,48.0,440.25,136.25,0.0,952.75,0.0,0.0,101.20135828369206,0.0,78814.0,0,0,0,35,SALT LAKE
1929,351024,992.75,2634.115319009319,0.3768817533673391,790.0,62.0,99.75,628.25,936.222676976012,47.75,14.25,3.0,96.75,162.0,165.0,54.0,247.25,0.0,0.0,67.23211525365873,78.99056172235316,63501.0,459,0,0,35,SALT LAKE
1930,351025,456.5,1220.322706623184,0.37408137824723753,120.0,9.25,6.0,104.75,174.9898296167496,6.25,3.0,0.0,6.0,27.5,29.5,0.0,47.75,0.0,0.0,18.994113349908105,35.995716266841484,74012.0,0,0,0,35,SALT LAKE
1931,351026,494.5,1374.9857092504722,0.3596401014738984,219.25,28.0,11.75,179.5,296.7609524041905,26.5,1.5,0.0,11.75,54.25,72.5,7.0,45.75,0.0,0.0,38.5155931151122,38.99535928907827,102767.0,483,0,0,35,SALT LAKE
1932,351027,402.00000003423713,1157.9666887159242,0.3471602455853175,298.00000002537973,4.250000000361959,4.750000000404543,289.00000002461326,355.3076661163682,3.000000000255501,1.2500000001064588,0.0,4.750000000404543,18.75000000159688,165.75000001411644,64.00000000545069,40.500000003449266,0.0,0.0,25.311473851070982,31.99619223991745,111014.0,0,0,2290,35,SALT LAKE
1933,351028,477.75000007010107,1290.6713192663824,0.3701562070362377,42.000000006162736,0.0,0.0,42.000000006162736,119.37050455235558,0.0,0.0,0.0,0.0,0.0,42.000000006162736,0.0,0.0,0.0,0.0,39.12504790018925,38.245456646003596,106389.0,692,0,0,35,SALT LAKE
1934,351029,461.5,1101.58594106777,0.4189414396053992,23.0,0.0,5.0,18.0,127.70623505635258,0.0,0.0,0.0,5.0,4.75,7.75,4.0,1.5,0.0,0.0,68.21061615885665,36.49561889749593,108502.0,0,0,0,35,SALT LAKE
1935,351030,500.75,1234.917956768675,0.40549252462914875,0.0,0.0,0.0,0.0,102.49749766589572,0.0,0.0,0.0,0.0,0.0,0.0,0.0,0.0,0.0,0.0,62.502197846883234,39.99529981901247,149525.0,0,0,0,35,SALT LAKE
1936,351031,108.5,243.23369746776083,0.44607306113241574,0.0,0.0,0.0,0.0,18.322619140414112,0.0,0.0,0.0,0.0,0.0,0.0,0.0,0.0,0.0,0.0,9.57372795495144,8.74889118546267,155809.0,0,0,0,35,SALT LAKE
1937,351032,251.99999986964372,699.021195088231,0.36050409006244233,131.4999999319768,21.999999988619688,37.24999998073106,72.24999996262602,187.3830768626925,19.249999990042227,2.749999998577461,1.749999999094748,35.499999981636314,11.999999993792557,10.24999999469781,10.999999994309844,38.99999997982581,0.0,0.0,35.885456792814985,19.99762013790076,81668.0,0,0,0,35,SALT LAKE
1938,351033,936.750000006058,2840.1185966029216,0.3298277758986927,312.50000000202095,19.000000000122874,9.25000000005982,284.25000000183826,437.90017504575843,2.250000000014551,16.750000000108322,1.000000000006467,8.250000000053353,38.7500000002506,138.25000000089406,63.000000000407425,44.250000000286164,0.0,0.0,50.40909948733279,74.99107555640472,110410.0,387,1202,0,35,SALT LAKE
1939,351034,744.7500003913477,1959.7177815095279,0.3800292100312949,11.000000005780228,0.0,1.7500000009195817,9.250000004860645,137.89824878994693,0.0,0.0,1.0000000005254752,0.7500000003941064,2.750000001445057,0.0,1.5000000007882128,5.000000002627376,0.0,0.0,67.40525307560759,59.4929957085591,102567.0,0,0,0,35,SALT LAKE
1940,351035,210.5,552.4428596728715,0.3810348822765985,0.0,0.0,0.0,0.0,27.933349116246887,0.0,0.0,0.0,0.0,0.0,0.0,0.0,0.0,0.0,0.0,10.935371990238409,16.99797712600848,140424.0,0,0,0,35,SALT LAKE
1941,351036,654.5,1569.3586726655412,0.417049340854846,134.0,0.0,6.0,128.0,281.9722234713996,0.0,0.0,2.0,4.0,18.0,46.0,19.0,45.0,0.0,0.0,95.97842730954332,51.99379616185627,108053.0,688,0,0,35,SALT LAKE
1942,351037,295.5,787.2996638642333,0.3753335782586563,239.75,1.0,0.75,238.0,300.8815685231359,1.0,0.0,0.25,0.5,6.75,2.75,0.0,228.5,0.0,0.0,37.38440270396735,23.747165819168565,114582.0,0,0,0,35,SALT LAKE
1943,351038,258.0,703.4482387693764,0.3667647252217865,0.0,0.0,0.0,0.0,29.497738265392947,0.0,0.0,0.0,0.0,0.0,0.0,0.0,0.0,0.0,0.0,8.500237109735416,20.99750115565753,155809.0,0,0,0,35,SALT LAKE
1944,351039,251.5,625.2596412922393,0.4022329019672833,62.0,3.5,35.0,23.5,92.32702470499038,3.5,0.0,0.0,35.0,6.25,2.75,1.0,13.5,0.0,0.0,10.329404556745112,19.997620148245268,111741.0,0,0,0,35,SALT LAKE
1945,351040,699.0,1956.585874240686,0.3572549557893894,126.0,1.25,1.0,123.75,210.17432717296165,0.25,1.0,0.0,1.0,8.25,73.5,0.0,42.0,0.0,0.0,28.18099075787488,55.99333641508675,91525.0,859,0,0,35,SALT LAKE
1946,351041,223.0,705.5684271833964,0.31605722621434174,161.0,25.25,14.25,121.5,218.64830647031283,12.5,12.75,0.0,14.25,20.25,18.25,0.0,83.0,0.0,0.0,39.90048621813981,17.747820252173042,121008.0,0,0,0,35,SALT LAKE
1947,351042,284.0,819.0092603208911,0.3467604259916764,185.0,0.5,0.0,184.5,223.44924458314065,0.5,0.0,0.0,0.0,0.0,70.25,114.0,0.25,0.0,0.0,15.451981412658569,22.997263170482057,115611.0,777,0,0,35,SALT LAKE
1948,351043,345.25,884.5801160417466,0.3902981694240416,0.0,0.0,0.0,0.0,39.37132163501042,0.0,0.0,0.0,0.0,0.0,0.0,0.0,0.0,0.0,0.0,11.374653427467042,27.996668207543376,133486.0,0,0,0,35,SALT LAKE
1949,351044,290.25,697.399491142702,0.4161890045609583,74.0,0.25,0.0,73.75,135.74981324559545,0.25,0.0,0.0,0.0,0.0,73.75,0.0,0.0,0.0,0.0,38.75255007511339,22.997263170482057,96995.0,806,0,0,35,SALT LAKE
1950,351045,404.25,1016.0538161297306,0.3978627840204726,447.5,35.5,16.75,395.25,553.2985940406874,21.75,13.75,0.0,16.75,69.25,72.25,122.0,131.75,0.0,0.0,73.55242344476918,32.24617059591819,97218.0,0,0,0,35,SALT LAKE
1951,351046,369.5,820.0550739242557,0.4505794936818217,72.5,22.5,0.5,49.5,127.81070867049743,11.75,10.75,0.0,0.5,9.25,2.75,0.0,37.5,0.0,0.0,26.06412157429409,29.24658709620334,78447.0,0,0,0,35,SALT LAKE
1952,351047,359.25,995.6059297632492,0.36083553669214097,0.0,0.0,0.0,0.0,86.08274768901151,0.0,0.0,0.0,0.0,0.0,0.0,0.0,0.0,0.0,0.0,57.3361606092002,28.746587079811302,111429.0,0,0,0,35,SALT LAKE
1953,351048,0.0,0.0,0.0,0.0,0.0,0.0,0.0,0.0,0.0,0.0,0.0,0.0,0.0,0.0,0.0,0.0,0.0,0.0,0.0,0.0,111741.0,0,0,0,35,SALT LAKE
1954,351049,741.75,2192.01017153485,0.3383880283186027,0.0,0.0,0.0,0.0,90.18076547957833,0.0,0.0,0.0,0.0,0.0,0.0,0.0,0.0,0.0,0.0,31.187786042254785,58.99297943732354,95609.0,0,0,0,35,SALT LAKE
1955,351050,280.0,888.6613808233176,0.315080643811244,98.0,0.25,0.25,97.5,132.4512179284961,0.0,0.25,0.0,0.25,0.0,97.5,0.0,0.0,0.0,0.0,12.453835765426309,21.997382163069798,121008.0,0,1160,0,35,SALT LAKE
1956,351051,474.0,1283.7820006138938,0.3692215654786694,911.0,517.0,20.5,373.5,1033.1257958308436,409.0,108.0,12.25,8.25,52.75,36.0,1.0,283.75,0.0,0.0,84.3803121314848,37.745483699358815,108974.0,0,0,0,35,SALT LAKE
1957,351052,432.0,1026.3237749855489,0.4209198018491609,5.25,1.0,0.25,4.0,105.14903594663062,0.75,0.25,0.0,0.25,0.5,0.25,0.0,3.25,0.0,0.0,65.65323316878835,34.24580277784227,126133.0,0,0,0,35,SALT LAKE
1958,351053,399.5,1145.6432394095002,0.34871239689409295,138.0,11.0,3.25,123.75,261.4553356651403,10.5,0.5,0.0,3.25,5.5,100.5,0.0,17.75,0.0,0.0,91.45920295046984,31.99613271467049,105501.0,0,1348,0,35,SALT LAKE
1959,351054,274.0,691.1658109110033,0.3964316458866064,89.5,18.75,1.5,69.25,124.47115146904272,17.5,1.25,0.0,1.5,8.25,0.5,3.0,57.5,0.0,0.0,12.973769305972931,21.997382163069798,97218.0,0,0,0,35,SALT LAKE
1960,351055,468.25,717.2923913879802,0.6528021287022487,5348.5,421.75,3077.0,1849.75,5605.7163667698,267.25,154.5,2967.5,109.5,363.25,611.5,144.0,731.0,0.0,0.0,220.22076949554616,36.99559727425374,78447.0,0,0,0,35,SALT LAKE
1961,351056,263.0,628.7077070171048,0.41831839671220183,2036.5,129.0,87.0,1820.5,2161.1414418816207,86.0,43.0,8.0,79.0,331.0,306.5,344.0,839.0,0.2535505430242272,3.6307226634791694,99.7596675194599,20.99750115565753,116012.0,0,0,0,35,SALT LAKE
1962,351057,284.75,683.8468765400618,0.4163943855979848,1135.25,87.75,33.0,1014.5,1220.8718850489554,46.75,41.0,2.0,31.0,296.75,137.25,91.0,489.5,2.025867428386231,1.8153613317395847,59.03337147707337,22.74728481175629,116012.0,0,0,0,35,SALT LAKE
1963,351058,335.0,507.0514361384364,0.6606824793777677,1765.5,30.0,240.75,1494.75,1861.7006166655403,27.5,2.5,74.5,166.25,827.5,12.25,111.25,543.75,0.0,0.0,69.20382946540917,26.99678720013111,78814.0,0,0,0,35,SALT LAKE
1964,351059,6.5,11.410123889347378,0.5696695375997165,1050.0,39.5,212.5,798.0,1085.5605405637978,26.25,13.25,13.5,199.0,235.0,202.25,0.0,360.75,0.0,0.0,34.81058382831422,0.7499567354835777,111741.0,0,0,0,35,SALT LAKE
1965,351060,14.75,34.391746627512454,0.42888196868141626,348.0,20.25,174.0,153.75,360.9539409961753,17.5,2.75,8.5,165.5,16.25,29.25,0.0,108.25,0.0,0.0,11.95405998876306,0.9998810074122636,111741.0,0,0,0,35,SALT LAKE
1966,351061,314.75,780.8666129669875,0.4030778045485556,4931.25,786.25,207.25,3937.75,5137.741729830522,527.25,259.0,0.0,207.25,1578.25,391.5,0.0,1968.0,8.609936218047146,0.0,172.88398919375243,24.997804418721497,111741.0,0,0,0,35,SALT LAKE
1967,351062,1742.9998610851296,4551.6047002021505,0.38294183609743565,418.49996664608534,52.249995835741835,10.749999143238751,355.4999716671047,628.7040810745957,35.49999717069541,16.749998665046427,0.0,10.749999143238751,80.74999356432829,158.9999873279034,0.0,115.74999077487307,0.0,0.0,71.22056808928006,138.9835463392304,111741.0,866,1286,148,35,SALT LAKE
1968,351063,679.9999695048153,1984.1340844892234,0.342718758183053,0.0,0.0,0.0,0.0,76.39729668974132,0.0,0.0,0.0,0.0,0.0,0.0,0.0,0.0,0.0,0.0,22.403724710867372,53.99357197887395,97253.0,0,0,0,35,SALT LAKE
1969,351064,150.0,486.2466423162135,0.3084854206611729,0.0,0.0,0.0,0.0,16.940570408560774,0.0,0.0,0.0,0.0,0.0,0.0,0.0,0.0,0.0,0.0,4.941998319613614,11.99857208894716,97253.0,0,0,0,35,SALT LAKE
1970,351065,120.0,365.8999977686328,0.32795846059523304,526.5,46.0,25.75,454.75,557.8000516929521,31.5,14.5,0.0,25.75,113.25,99.5,63.0,179.0,0.0,0.0,21.301241618829494,9.998810074122632,97253.0,0,0,0,35,SALT LAKE
1971,351066,187.0,466.6817865994673,0.40070130304976737,1077.0,116.25,143.25,817.5,1137.4194826517205,83.5,32.75,3.75,139.5,161.25,299.25,12.0,345.0,0.0,0.0,45.42126754053631,14.998215111183953,97218.0,0,0,2477,35,SALT LAKE
1972,351067,630.75,1049.688905517262,0.6008923183666319,1619.25,118.5,924.0,576.75,1768.5875615464224,78.25,40.25,878.0,46.0,199.25,55.5,11.0,311.0,3.0388011425793464,0.0,96.05487773098582,50.243882672857055,78814.0,0,0,0,35,SALT LAKE
1973,351068,61.75,158.94459638304426,0.3885001529160969,3677.75,647.5,207.5,2822.75,3870.274711265648,446.5,201.0,0.0,207.5,614.0,373.5,202.5,1632.75,0.0,0.0,187.52538749400784,4.999323771639929,78814.0,0,0,0,35,SALT LAKE
1974,351069,1678.0,4007.575118935024,0.41870706105339656,1741.75,235.0,171.5,1335.25,1989.4223129854624,169.0,66.0,48.0,123.5,410.0,269.75,0.0,655.5,1.0129337141931154,0.0,112.67534050160737,133.98403876966185,111741.0,0,0,0,35,SALT LAKE
1975,351070,3640.500062546467,7193.497587937365,0.5060820578644734,190.25000326863488,40.75000070011496,8.000000137445882,141.50000243107405,606.414753362031,22.25000038227136,18.500000317843604,0.0,8.000000137445882,57.75000099218746,19.75000033931952,0.0,64.00000109956706,0.0,0.0,126.19939899883164,289.9653510945644,111741.0,0,0,0,35,SALT LAKE
1976,351071,504.49995649870954,1259.2877796869084,0.40062324485046724,0.0,0.0,0.0,0.0,56.61671821529317,0.0,0.0,0.0,0.0,0.0,0.0,0.0,0.0,0.0,0.0,16.6214813674539,39.995236847839266,111741.0,0,0,0,35,SALT LAKE
1977,351072,938.7499993487822,2293.951344144003,0.40922838304536074,448.49999968887226,134.2499999068698,23.49999998369788,290.7499997983046,569.1980652305177,108.49999992473276,25.749999982137037,0.0,23.49999998369788,7.9999999944503415,2.7499999980923047,0.0,279.99999980576195,0.0,0.0,45.706990037747545,74.99107550389789,98787.0,0,0,0,35,SALT LAKE
1978,351073,726.0,2319.8350256530834,0.3129532884760266,76.0,0.0,0.0,76.0,160.91631611211207,0.0,0.0,0.0,0.0,0.0,75.75,0.0,0.25,0.0,0.0,26.92321768220079,57.99309842991128,97253.0,957,0,0,35,SALT LAKE
1979,351074,248.0,803.4354582186052,0.30867445227009405,74.0,9.25,2.25,62.5,104.6064432076825,8.0,1.25,0.0,2.25,13.5,16.0,8.0,25.0,0.0,0.0,10.608823059437224,19.997620148245268,97253.0,0,0,0,35,SALT LAKE
1980,351075,700.0,2125.1201148635782,0.32939314587633856,549.5,190.75,11.75,347.0,646.6649606225017,66.25,124.5,0.0,11.75,38.25,26.0,0.0,282.75,0.0,0.0,41.171624207414894,55.99333641508675,97253.0,0,0,0,35,SALT LAKE
1981,351076,412.5,1031.7675737904322,0.39979934481230855,1875.5,480.5,102.75,1292.25,1985.145607444248,417.75,62.75,2.0,100.75,263.5,177.25,125.0,726.5,0.0,0.0,76.64953419964296,32.99607324460469,94859.0,0,0,0,35,SALT LAKE
1982,351077,856.75,2673.1039685443848,0.3205075485584407,6.0,0.0,0.0,6.0,239.1681142581906,0.0,0.0,0.0,0.0,0.0,0.0,6.0,0.0,0.0,0.0,164.67623281312373,68.49188144506687,94859.0,0,0,0,35,SALT LAKE
1983,351078,679.0,1958.9768024061289,0.3466095153173906,250.0,25.25,7.25,217.5,470.603318389612,23.25,2.0,1.0,6.25,34.25,90.0,53.0,40.25,0.0,0.0,166.3596898845207,54.24362850509135,94026.0,900,0,0,35,SALT LAKE
1984,351079,217.25,635.7906007424803,0.34170055321090637,643.75,121.0,31.25,491.5,711.1143088188992,79.75,41.25,0.0,31.25,89.0,132.75,24.0,245.75,0.0,0.0,50.11640742096199,17.247901397937163,124040.0,0,0,0,35,SALT LAKE
1985,351080,539.0,1129.7882774831423,0.477080538665832,1705.75,305.0,61.25,1339.5,1921.2452530151868,141.75,163.25,0.0,61.25,172.0,495.25,290.0,382.25,0.0,0.0,172.50036969645944,42.994883318727325,79751.0,0,0,0,35,SALT LAKE
1986,351081,335.75,705.7789204468891,0.47571553963018326,341.75,8.75,6.5,326.5,415.5691227081158,5.0,3.75,0.0,6.5,109.0,116.5,56.0,45.0,0.0,0.0,46.822335507984704,26.99678720013111,79751.0,1045,0,0,35,SALT LAKE
1987,351082,455.25,1261.8905582388002,0.3607682116548878,25396.25,3139.25,1111.0,21146.0,27291.228552830904,1920.25,1219.0,21.25,1089.75,7892.75,3162.75,215.0,9875.5,2.025867428386231,1.8153613317395847,1854.89144010946,36.245883961317546,125200.0,0,0,0,35,SALT LAKE
1988,351083,1079.0,2240.3489721000424,0.4816213962365759,985.25,56.25,18.5,910.5,1164.4581488418164,22.0,34.25,1.0,17.5,188.5,57.5,26.0,638.5,0.0,0.0,93.21823073182718,85.9899181099893,78814.0,0,0,0,35,SALT LAKE
1989,351084,72.75,208.0484977650884,0.3496780836271331,5055.25,1467.75,172.25,3415.25,5264.639734742936,1141.5,326.25,0.0,172.25,1103.25,443.25,7.0,1861.75,0.0,0.0,203.64080581228123,5.748928930654049,78814.0,6,3,518,35,SALT LAKE
1990,351085,0.0,0.0,0.0,21.0,0.0,14.75,6.25,35.87295176344952,0.0,0.0,14.75,0.0,0.0,6.25,0.0,0.0,14.181071998703615,0.0,0.691879764745906,0.0,111741.0,0,0,0,35,SALT LAKE
1991,351086,346.75,751.7418488538731,0.46126206826008803,0.0,0.0,0.0,0.0,51.676323919200286,0.0,0.0,0.0,0.0,0.0,0.0,0.0,0.0,0.0,0.0,23.92957998358559,27.74674393561469,111741.0,0,0,0,35,SALT LAKE
1992,351087,1386.5,3171.4474169740097,0.4371820868223345,0.0,0.0,0.0,0.0,273.67366313139235,0.0,0.0,0.0,0.0,0.0,0.0,0.0,0.0,1.0129337141931154,0.0,162.1740620276777,110.48666738952151,111741.0,0,0,0,35,SALT LAKE
1993,351088,536.75,1142.0697555036804,0.4699800493038013,0.0,0.0,0.0,0.0,89.43015815819886,0.0,0.0,0.0,0.0,0.0,0.0,0.0,0.0,0.0,0.0,46.685242410340734,42.74491574785813,111741.0,0,0,0,35,SALT LAKE
1994,351089,725.25,1257.9033540126427,0.5765546277355031,2626.0,376.5,193.75,2055.75,2794.394742705744,256.0,120.5,51.25,142.5,727.25,293.5,0.0,1035.0,0.0,0.0,110.40164427583308,57.99309842991128,111741.0,0,0,0,35,SALT LAKE
1995,351090,336.75,581.0795111969028,0.5795248214936457,4738.0,694.5,236.25,3807.25,4931.925704477153,454.5,240.0,0.0,236.25,1357.0,668.75,0.0,1781.5,0.0,0.0,167.1788577725316,26.746846704621,111741.0,0,0,0,35,SALT LAKE
1996,351091,1660.2499826086837,4069.953173926205,0.4079285219409718,3668.9999615667884,390.74999590684723,237.24999751477802,3040.999968145163,3976.575691490048,196.74999793902035,193.9999979678269,43.74999954171354,193.49999797306447,1009.9999894201299,500.24999475982173,201.99999788402596,1328.7499860811856,0.0,0.0,175.59143832739161,131.98429159586757,103606.0,0,0,0,35,SALT LAKE
1997,351092,582.0,1862.95646094958,0.31240665694535064,105.0,2.5,22.25,80.25,173.62887864479447,1.25,1.25,4.0,18.25,44.25,8.5,3.0,24.5,0.0,0.0,22.63435230383035,45.994526340964114,97253.0,0,0,0,35,SALT LAKE
1998,351093,470.0,1427.674432204356,0.32920670805479874,0.0,0.0,0.0,0.0,53.7305253423764,0.0,0.0,0.0,0.0,0.0,0.0,0.0,0.0,0.0,0.0,16.73492806812266,36.99559727425374,97253.0,0,0,0,35,SALT LAKE
1999,351094,807.0,1660.7744706221804,0.4859178740251658,873.75,443.0,51.75,379.0,993.3985044763182,29.5,413.5,0.0,51.75,149.5,45.0,1.0,183.5,0.0,0.0,55.4062931157422,64.24221136057596,94859.0,0,0,0,35,SALT LAKE
2000,351095,441.5,1309.0240058267543,0.3372741814014,60.0,3.25,2.5,54.25,120.52065761326452,2.25,1.0,0.0,2.5,12.0,10.25,0.0,32.0,0.0,0.0,25.524822353835305,34.995835259429214,94859.0,0,0,0,35,SALT LAKE
2001,351096,54.25,154.02454674260895,0.35221658590989,318.25,18.0,11.5,288.75,335.021073089597,7.5,10.5,0.0,11.5,49.0,85.75,0.0,154.0,0.0,0.0,12.271646429293476,4.4994266603035005,124040.0,0,0,0,35,SALT LAKE
2002,351097,295.25,805.3158116928147,0.3666263541744816,15.0,0.0,0.25,14.75,50.96912828810568,0.0,0.0,0.0,0.25,13.75,0.0,0.0,1.0,0.0,0.0,11.971984110211354,23.997144177894324,126394.0,0,0,0,35,SALT LAKE
2003,351098,144.0,408.55912369293,0.35245816737219493,4.5,2.0,0.0,2.5,70.88814692524414,0.0,2.0,0.0,0.0,2.0,0.0,0.25,0.25,0.0,0.0,54.88949369053285,11.498653234711284,78814.0,0,0,0,35,SALT LAKE
2004,351099,568.75,1301.5480923589548,0.4369796270602532,264.0,51.0,28.25,184.75,336.7962639895561,32.0,19.0,24.5,3.75,37.25,13.25,0.0,134.25,0.0,0.0,27.55112635715255,45.245137632403534,111741.0,0,0,0,35,SALT LAKE
2005,351100,509.75,976.797032474393,0.5218586697675734,0.0,0.0,0.0,0.0,60.06128546056324,0.0,0.0,0.0,0.0,0.0,0.0,0.0,0.0,0.0,0.0,19.31573681277552,40.74554864778772,111741.0,0,0,0,35,SALT LAKE
2006,351101,1296.25,3312.1546824785114,0.39136155290609975,3.0,2.0,0.0,1.0,150.04473713398423,0.0,2.0,0.0,0.0,0.5,0.0,0.0,0.5,0.0,0.0,43.80701501179535,103.23772212218888,111741.0,0,0,0,35,SALT LAKE
2007,351102,456.0,1207.8418714679976,0.37753286317668605,52.0,9.25,6.0,36.75,104.7326172425996,7.75,1.5,0.5,5.5,6.75,4.25,0.0,25.75,0.0,0.0,16.736900975758108,35.995716266841484,111741.0,0,0,0,35,SALT LAKE
2008,351103,0.0,0.0,0.0,1116.0,417.75,175.5,522.75,1152.770591319607,235.5,182.25,11.5,164.0,85.5,58.0,0.0,379.25,0.0,0.0,36.77059131960731,0.0,111741.0,0,0,0,35,SALT LAKE
2009,351104,477.7499966993958,1119.6044466843416,0.4267132004648883,5807.249959879783,777.2499946302572,293.99999796885896,4735.999967280667,6053.327423947373,514.749996443776,262.4999981864812,21.999999848009853,271.9999981208491,1825.4999873882723,579.4999959964414,14.999999896370355,2315.999983999583,1.0129337071951179,0.0,207.06905234122547,37.995478019168814,111741.0,0,0,0,35,SALT LAKE
2010,351105,476.0000067557909,1197.987550387423,0.39733301619190864,0.0,0.0,0.0,0.0,53.678087044417595,0.0,0.0,0.0,0.0,0.0,0.0,0.0,0.0,0.0,0.0,15.682608223487916,37.99547882092968,97253.0,0,0,0,35,SALT LAKE
2011,351106,483.0,1701.5012668982413,0.28386696466026545,103.0,0.0,2.0,101.0,161.30209939103543,0.0,0.0,2.0,0.0,0.0,80.75,0.0,20.25,0.0,0.0,19.30674010195719,38.99535928907827,97253.0,848,0,0,35,SALT LAKE
2012,351107,457.0,1449.2418440312565,0.3153372930005902,24.0,0.5,0.0,23.5,75.84305754506914,0.25,0.25,0.0,0.0,19.25,0.0,4.0,0.25,0.0,0.0,15.847341278227656,35.995716266841484,97253.0,0,0,0,35,SALT LAKE
2013,351108,164.75,511.01386799595286,0.3223982954632941,1018.25,311.75,27.0,679.5,1070.412854951937,135.0,176.75,0.0,27.0,120.5,174.0,20.0,365.0,0.0,0.0,38.91430988753324,13.2485450644042,97253.0,371,132,0,35,SALT LAKE
2014,351109,515.5,1079.1846111929226,0.4776754548326724,3674.5,1476.5,91.75,2106.25,3853.807772169871,818.5,658.0,0.0,91.75,296.5,276.75,19.0,1514.0,0.0,0.0,138.06271037045818,41.24506179941292,94859.0,0,0,0,35,SALT LAKE
2015,351110,273.5,802.8121963988874,0.3406774351795075,343.0,218.0,12.5,112.5,387.058430617647,4.25,213.75,12.25,0.25,10.0,73.5,1.0,28.0,0.0,0.0,22.061048454577165,21.997382163069798,94859.0,0,174,264,35,SALT LAKE
2016,351111,394.25,1259.6161674435782,0.31299217189323636,0.0,0.0,0.0,0.0,71.98794766795399,0.0,0.0,0.0,0.0,0.0,0.0,0.0,0.0,0.0,0.0,40.491658061416,31.49628960653798,94859.0,0,0,0,35,SALT LAKE
2017,351112,183.25,533.4452844598031,0.34352164193478496,28.0,0.0,0.0,28.0,65.21099342600675,0.0,0.0,0.0,0.0,8.0,0.0,20.0,0.0,0.0,0.0,22.71269716905867,14.498296256948072,124040.0,0,0,0,35,SALT LAKE
2018,351113,309.25,869.1998282805405,0.3557870008002203,678.25,36.0,38.0,604.25,796.023974201237,22.5,13.5,0.0,38.0,183.5,154.0,54.75,212.0,0.0,0.0,93.0269435982376,24.747030602999395,95326.0,0,0,0,35,SALT LAKE
2019,351114,226.5,477.70209006863615,0.47414487964131896,917.0,106.25,33.5,777.25,979.1722576415611,53.0,53.25,0.0,33.5,138.25,193.0,26.0,420.0,0.0,0.0,44.17439950814048,17.997858133420742,79953.0,625,0,0,35,SALT LAKE
2020,351115,291.75,955.6007541070984,0.30530532625270645,0.0,0.0,0.0,0.0,35.109251538216846,0.0,0.0,0.0,0.0,0.0,0.0,0.0,0.0,0.0,0.0,11.862010009009024,23.24724152920782,126394.0,0,0,0,35,SALT LAKE
2021,351116,318.75,795.0345018535955,0.4009259966163045,256.0,11.75,7.5,236.75,303.93297368642027,7.25,4.5,0.0,7.5,34.5,150.5,1.0,50.75,0.0,0.0,22.68600800560358,25.2469656808167,100303.0,720,289,0,35,SALT LAKE
2022,351117,741.25,1719.5572073300054,0.4310702760223693,616.0,112.75,125.75,377.5,790.4824155387907,68.25,44.5,115.75,10.0,89.25,40.25,0.0,248.0,69.89242627932497,0.0,45.34607927025184,59.243909989214,102017.0,0,0,0,35,SALT LAKE
2023,351118,1262.0,2750.373789163888,0.45884672293348433,155.75,27.0,3.5,125.25,333.9909832085239,17.25,9.75,0.0,3.5,27.5,40.0,0.0,57.75,2.025867428386231,0.0,75.97689597583543,100.23821980430226,70283.0,0,0,0,35,SALT LAKE
2024,351119,186.0,393.59990007143375,0.4725610955852458,340.0,0.0,0.0,340.0,373.327684529469,0.0,0.0,0.0,0.0,0.75,338.5,0.0,0.75,0.0,0.0,18.32946941828505,14.998215111183953,70283.0,1677,60,2194,35,SALT LAKE
2025,351120,811.0,1725.0737858472849,0.47012481822722174,265.0,19.0,7.5,238.5,365.4525170987538,11.25,7.75,1.25,6.25,34.5,103.75,19.0,81.25,0.0,0.0,35.46025161695667,64.99226548179712,70283.0,0,1029,0,35,SALT LAKE
2026,351121,443.25,940.1572158828018,0.47146370044481445,452.25,142.0,37.75,272.5,516.732690416881,78.25,63.75,3.5,34.25,61.75,26.0,0.0,184.75,0.0,0.0,29.486855157451743,34.995835259429214,70283.0,0,0,0,35,SALT LAKE
2027,351122,0.0,0.0,0.0,2197.5,708.25,45.75,1443.5,2290.646127530784,414.5,293.75,5.25,40.5,275.75,123.0,0.0,1044.75,1.0129337141931154,0.0,92.13319381659046,0.0,70283.0,0,0,0,35,SALT LAKE
2028,351123,769.0,2072.3485504733603,0.3710765738824905,18.0,16.0,0.0,2.0,104.9217593023875,16.0,0.0,0.0,0.0,0.0,0.0,0.0,2.0,0.0,0.0,25.92901785023943,60.99274145214807,70283.0,0,0,0,35,SALT LAKE
2029,351124,1529.0,3238.712123717309,0.47210123703277884,60.75,5.25,13.75,41.75,235.1134923795219,4.25,1.0,3.25,10.5,5.5,2.0,0.0,34.25,0.0,0.0,52.37800947522576,121.98548290429612,70283.0,0,0,0,35,SALT LAKE
2030,351125,288.5,1021.2889479381436,0.2824861667037971,57.25,2.0,37.5,17.75,100.65489668026824,0.0,2.0,37.5,0.0,1.75,12.0,0.0,4.0,1.0129337141931154,0.0,19.39469979559308,22.997263170482057,76828.0,0,0,0,35,SALT LAKE
2031,351126,217.25,783.0948567802177,0.2774248842512486,130.75,21.0,36.75,73.0,160.97759864056206,11.0,10.0,32.25,4.5,15.75,18.25,0.0,39.0,1.0129337141931154,0.0,12.216687800360477,16.99797712600848,70283.0,0,0,0,35,SALT LAKE
2032,351127,483.0,1725.6595420322824,0.27989298481853403,358.75,32.0,95.0,231.75,425.4778704415404,16.25,15.75,76.25,18.75,12.25,111.75,61.0,46.75,0.0,0.0,27.73251115246213,38.99535928907827,76631.0,1008,0,0,35,SALT LAKE
2033,351128,686.75,1967.317125533196,0.34907946008647295,255.5,0.5,6.0,249.0,341.53700055331086,0.0,0.5,3.5,2.5,6.5,235.0,0.0,7.5,0.0,0.0,31.04354514563635,54.99345540767449,86391.0,0,0,0,35,SALT LAKE
2034,351129,87.25,192.1276384784612,0.4541251882913312,0.0,0.0,0.0,0.0,26.11796583624688,0.0,0.0,0.0,0.0,0.0,0.0,0.0,0.0,0.0,0.0,19.11891239368005,6.999053442566829,102017.0,0,0,0,35,SALT LAKE
2035,351130,461.75,1411.1764502783176,0.3272092585650305,43.5,3.0,38.5,2.0,130.65953845457443,0.0,3.0,38.5,0.0,0.0,1.0,1.0,0.0,1.0129337141931154,0.0,49.40096960127191,36.74563513910941,102017.0,0,0,0,35,SALT LAKE
2036,351131,866.75,1942.8563827709108,0.4461214980614455,110.75,1.75,47.0,62.0,220.949728815823,0.0,1.75,47.0,0.0,0.0,62.0,0.0,0.0,0.0,0.0,41.20797716759248,68.99175164823053,102017.0,0,0,0,35,SALT LAKE
2037,351132,168.5,429.1301917275002,0.39265473100759674,117.5,18.75,26.25,72.5,162.41927932857166,17.0,1.75,20.25,6.0,0.0,71.5,1.0,0.0,0.0,0.0,31.67084787348649,13.248431455085186,86391.0,933,0,0,35,SALT LAKE
2038,351133,228.75,635.3077437096345,0.36006172168515155,800.0,150.5,382.25,267.25,884.3900004084257,45.5,105.0,371.5,10.75,0.0,68.5,41.75,157.0,0.0,0.0,66.39214227500491,17.997858133420742,86391.0,0,0,0,35,SALT LAKE
2039,351134,1240.0,3620.0431351998154,0.34253735485711434,457.25,322.5,48.0,86.75,767.9049937059914,163.0,159.5,24.75,23.25,10.5,7.25,4.0,65.0,0.0,0.0,211.91681185342492,98.73818185256638,86391.0,0,0,0,35,SALT LAKE
2040,351135,1180.5,3116.440768067776,0.3787975090352581,381.75,82.0,119.5,180.25,527.4926996216977,54.25,27.75,116.5,3.0,30.75,19.25,0.0,130.25,0.0,0.0,51.50415013628082,94.2385494854169,86391.0,0,0,0,35,SALT LAKE
2041,351136,509.5,1624.1029590438102,0.31371163826951454,19.0,0.0,12.0,7.0,89.90831609384952,0.0,0.0,0.5,11.5,7.0,0.0,0.0,0.0,0.0,0.0,30.41309742060117,40.49521867324835,102017.0,0,0,0,35,SALT LAKE
2042,351137,259.25,951.3831485474144,0.2724979945207424,69.5,2.0,32.25,35.25,107.0794166987734,2.0,0.0,32.25,0.0,3.0,14.5,0.0,17.75,0.0,0.0,16.581915543115883,20.99750115565753,86391.0,0,0,0,35,SALT LAKE
2043,351138,372.0,1375.2405659761794,0.27049812898439723,65.0,27.5,13.25,24.25,109.39411866017556,26.5,1.0,11.5,1.75,0.0,2.0,0.0,22.25,0.0,0.0,14.397688437807664,29.996430222367906,86391.0,0,0,0,35,SALT LAKE
2044,351139,877.5,2836.654944305524,0.3093432289893233,91.75,0.0,1.5,90.25,200.6807856622359,0.0,0.0,1.5,0.0,0.75,74.5,9.0,6.0,0.0,0.0,39.1890556388876,69.74173002334831,102017.0,918,0,0,35,SALT LAKE
2045,351140,298.0,774.0875356159472,0.3849693817416646,83.0,1.0,40.75,41.25,119.54981990971292,0.0,1.0,40.75,0.0,4.75,28.5,2.0,6.0,0.0,0.0,12.55267573181858,23.997144177894324,105639.0,0,0,0,35,SALT LAKE
2046,351141,258.75,851.3058844312391,0.3039448037797506,0.0,0.0,0.0,0.0,29.522631494420907,0.0,0.0,0.0,0.0,0.0,0.0,0.0,0.0,0.0,0.0,8.525130338763375,20.99750115565753,106184.0,0,0,0,35,SALT LAKE
2047,351142,664.5,1574.840662096252,0.42194744902985415,366.75,0.25,0.0,366.5,453.7204776865637,0.25,0.0,0.0,0.0,0.75,365.0,0.0,0.75,0.0,0.0,33.97678429371367,52.99369339284996,105293.0,600,0,1499,35,SALT LAKE
2048,351143,1049.75,2934.846460309434,0.35768481049919054,0.0,0.0,0.0,0.0,168.82421501173656,0.0,0.0,0.0,0.0,0.0,0.0,0.0,0.0,0.0,0.0,85.08417252425077,83.7400424874858,105293.0,0,0,0,35,SALT LAKE
2049,351144,14.0,36.78306688591167,0.38060991606336547,95.0,0.0,1.0,94.0,99.59106645299816,0.0,0.0,1.0,0.0,0.0,94.0,0.0,0.0,0.0,0.0,3.591185445585893,0.9998810074122636,110636.0,0,1519,0,35,SALT LAKE
2050,351145,395.0,1323.4105486047558,0.2984712494670987,0.0,0.0,0.0,0.0,45.51074168460754,0.0,0.0,0.0,0.0,0.0,0.0,0.0,0.0,0.0,0.0,14.264452096101609,31.246289588505928,105293.0,0,0,0,35,SALT LAKE
2051,351146,339.0,1350.8824189329043,0.2509470811440307,0.0,0.0,0.0,0.0,38.16570340245788,0.0,0.0,0.0,0.0,0.0,0.0,0.0,0.0,0.0,0.0,11.168916202326766,26.99678720013111,105818.0,0,0,0,35,SALT LAKE
2052,351147,613.0,2114.3255454819723,0.2899269704752412,184.75,6.75,75.25,102.75,272.53210763677856,1.75,5.0,75.25,0.0,1.75,94.0,0.0,7.0,0.0,0.0,38.78793827357767,48.9941693632009,105928.0,1039,0,0,35,SALT LAKE
2053,351148,1977.0,4673.648631812463,0.42300997694670733,948.75,178.25,55.5,715.0,1202.6602661137665,141.0,37.25,6.0,49.5,167.75,234.5,3.0,309.75,0.0,0.0,96.42914270512426,157.48112340864222,105293.0,0,0,0,35,SALT LAKE
2054,351149,546.75,1340.8203566159673,0.40777274696210336,0.0,0.0,0.0,0.0,61.75838891295638,0.0,0.0,0.0,0.0,0.0,0.0,0.0,0.0,0.0,0.0,18.013565082326906,43.74482383062947,105293.0,0,0,0,35,SALT LAKE
2055,351150,718.0,1916.0750690005275,0.3747243579420543,39.0,35.0,3.75,0.25,120.93383560881573,4.0,31.0,3.75,0.0,0.0,0.25,0.0,0.0,0.0,0.0,24.940618186316705,56.993217422499015,105293.0,0,0,0,35,SALT LAKE
2056,351151,1852.0,4232.628026156757,0.43755321482422427,509.75,126.25,14.75,368.75,772.5644955072255,77.25,49.0,0.0,14.75,82.0,29.75,0.0,257.0,0.0,0.0,115.3321659687966,147.48232953842893,105293.0,0,0,0,35,SALT LAKE
2057,351152,457.0,1135.7782686009546,0.40236726888860985,400.0,0.25,4.25,395.5,464.2309999995673,0.0,0.25,0.75,3.5,10.25,302.0,56.0,27.25,0.0,0.0,28.23528373272578,35.995716266841484,105293.0,971,677,440,35,SALT LAKE
2058,351153,2279.75,5291.816722298239,0.43080668126576827,1604.0,331.5,83.0,1189.5,1912.8764170571617,187.0,144.5,0.25,82.75,321.25,117.5,6.0,744.75,0.0,0.0,127.396980974521,181.4794360826405,105293.0,0,0,308,35,SALT LAKE
2059,351154,243.75,551.5107986675275,0.44196777395639375,459.0,118.25,11.0,329.75,513.9523299074333,69.75,48.5,0.0,11.0,73.25,21.75,0.0,234.75,0.0,0.0,35.7046935700307,19.24763633740261,105293.0,0,0,0,35,SALT LAKE
2060,351155,0.0,0.0,0.0,256.75,18.75,67.75,170.25,265.2089754339423,11.0,7.75,0.25,67.5,35.5,72.75,0.0,62.0,0.0,0.0,8.458975433942316,0.0,105293.0,0,0,0,35,SALT LAKE
2061,351156,1.0000000003572125,2.5712459930503204,0.388916503150635,725.2500002590683,95.2500000340245,251.00000008966035,379.0000001353835,751.7331926819332,44.00000001571735,51.25000001830714,0.0,251.00000008966035,55.750000019914594,67.25000002402254,0.0,256.0000000914464,0.0,0.0,26.483192422864963,0.0,105293.0,0,0,0,35,SALT LAKE
2062,351157,597.75,1991.0501759676072,0.3002184511545554,73.75,0.0,0.0,73.75,143.8675971591462,0.0,0.0,0.0,0.0,0.0,73.75,0.0,0.0,0.0,0.0,22.123308803357567,47.99428835578864,72003.0,912,0,0,35,SALT LAKE
2063,351158,355.5,956.1103479021242,0.37181900685420893,1170.0,199.0,52.0,919.0,1266.268038769363,52.25,146.75,7.25,44.75,177.25,70.0,354.0,317.75,1.0129337141931154,0.0,67.0084584889008,28.24664656626914,114476.0,0,0,0,35,SALT LAKE
2064,351159,405.75,1254.8117453411094,0.3233552774003566,1087.0,528.75,90.75,467.5,1193.6776643889648,282.25,246.5,12.0,78.75,119.5,84.5,24.0,239.5,0.0,0.0,74.43154787984378,32.24611650912111,114476.0,0,0,0,35,SALT LAKE
2065,351160,269.25,772.0480655060576,0.34874771666387583,29.0,0.0,0.0,29.0,88.5734954371348,0.0,0.0,0.0,0.0,0.0,29.0,0.0,0.0,0.0,0.0,38.07607542724139,21.49742000989341,114476.0,0,0,0,35,SALT LAKE
2066,351161,710.0,2096.034945064725,0.3387348105391799,473.5,87.75,20.5,365.25,579.9880217751845,18.75,69.0,4.0,16.5,36.5,211.25,18.0,99.5,0.0,0.0,49.99470698333989,56.49331479184457,114057.0,0,0,2230,35,SALT LAKE
2067,351162,522.0,1270.1077681148754,0.4109887468641854,496.0,83.75,26.25,386.0,628.0404418053515,34.25,49.5,3.5,22.75,62.0,55.75,85.0,183.25,0.0,0.0,90.29532590274952,41.74511590260202,79738.0,0,0,0,35,SALT LAKE
2068,351163,176.25,442.7737552116193,0.39805882332787107,0.0,0.0,0.0,0.0,29.55382639355251,0.0,0.0,0.0,0.0,0.0,0.0,0.0,0.0,0.0,0.0,15.80547064850658,13.748355745045927,79738.0,0,0,0,35,SALT LAKE
2069,351164,1137.5,3001.564053598272,0.37896909067669776,734.75,238.5,25.5,470.75,964.4936760384654,154.25,84.25,2.0,23.5,56.75,121.5,48.75,243.75,0.0,0.0,138.7548344040499,90.98884163441548,84793.0,641,0,0,35,SALT LAKE
2070,351165,1085.75,2537.7799054224,0.4278345800122815,228.5,29.0,9.5,190.0,393.56620768349626,23.25,5.75,3.25,6.25,64.25,13.0,24.0,88.75,0.0,0.0,78.5765762786028,86.48963140489346,88677.0,0,0,0,35,SALT LAKE
2071,351166,775.5,1954.714647242729,0.39673309917327354,287.75,212.0,1.75,74.0,391.0302741443961,143.0,69.0,0.75,1.0,15.5,0.75,1.0,56.75,0.0,0.0,41.53768956608346,61.74258457831263,123834.0,0,0,0,35,SALT LAKE
2072,351167,619.0,1526.589290008742,0.4054790663417109,0.0,0.0,0.0,0.0,69.38814909547308,0.0,0.0,0.0,0.0,0.0,0.0,0.0,0.0,0.0,0.0,20.393979732272182,48.9941693632009,86391.0,0,0,0,35,SALT LAKE
2073,351168,284.0,690.5600962407179,0.4112603690048755,150.75,44.75,23.75,82.25,189.31835655750135,34.25,10.5,1.0,22.75,20.25,8.0,0.0,54.0,0.0,0.0,15.821017658948,22.747338898553373,86391.0,0,0,0,35,SALT LAKE
2074,351169,668.0,1786.3500644608814,0.3739468614185662,550.0,87.0,87.5,375.5,643.6217556345118,58.75,28.25,7.5,80.0,70.5,36.25,28.0,240.75,0.2535505430242272,0.0,40.12447373379678,53.24373135769082,127846.0,0,0,0,35,SALT LAKE
2075,351170,120.75,352.70511371003295,0.34235398157360253,1457.5,3.25,2.0,1452.25,1521.2502522891891,2.75,0.5,0.0,2.0,21.0,68.5,1354.0,8.75,0.0,0.0,54.00138271057664,9.748869578612515,127846.0,859,0,0,35,SALT LAKE
2076,351171,114.75,349.6509709969201,0.3281844167994911,1958.0,157.5,185.5,1615.0,2036.0659844444333,114.75,42.75,19.25,166.25,592.75,338.25,120.0,564.0,0.0,0.0,69.06705537772325,8.998929066710371,127846.0,0,0,0,35,SALT LAKE
2077,351172,353.25,1080.5411815814962,0.32691951590681445,313.75,34.75,33.0,246.0,375.72709133387536,24.0,10.75,3.0,30.0,58.0,50.75,36.0,101.25,0.0,0.0,33.98042312633195,27.996668207543376,104529.0,0,0,0,35,SALT LAKE
2078,351173,277.0,873.4844736785248,0.317120691148022,285.75,15.75,8.0,262.0,336.0433074265394,12.5,3.25,0.0,8.0,13.75,189.25,1.0,58.0,0.0,0.0,28.295925263469577,21.997382163069798,88476.0,802,1304,0,35,SALT LAKE
2079,351174,822.75,1782.2012763189746,0.46164819368738125,787.75,92.0,101.25,594.5,925.8068097786322,50.0,42.0,0.0,101.25,66.5,297.5,28.5,202.0,0.0,0.0,72.31469573494567,65.74211404368654,68984.0,0,0,0,35,SALT LAKE
2080,351175,549.25,1358.2442516309843,0.40438234827090835,283.75,75.25,8.5,200.0,409.20079490978617,64.25,11.0,0.0,8.5,29.75,18.75,14.0,137.5,0.0,0.0,81.4561279693842,43.994666940402006,113721.0,0,0,0,35,SALT LAKE
2081,351176,180.5,425.6130636130049,0.42409412546632347,118.25,10.75,2.0,105.5,153.82780695298518,7.0,3.75,0.0,2.0,25.0,19.0,21.0,40.5,0.0,0.0,21.07957021855905,14.498236734426136,113721.0,0,0,0,35,SALT LAKE
2082,351177,477.5,1151.563425375585,0.41465366950523136,2737.75,1312.25,808.0,617.5,2881.608249945148,789.25,523.0,560.75,247.25,116.5,111.5,0.0,389.5,0.0,0.0,105.8627392359912,37.99551070915679,86391.0,0,0,0,35,SALT LAKE
2083,351178,1679.5,3662.264551790117,0.45859603429770235,6808.5,1684.5,347.5,4776.5,7224.081785641331,1075.5,609.0,214.0,133.5,1033.0,334.5,8.0,3401.0,2.025867428386231,0.0,279.5715923923284,133.98432582061753,127846.0,0,0,0,35,SALT LAKE
2084,351179,0.0,0.0,0.0,1197.5,514.5,77.0,606.0,1236.9464714749545,345.25,169.25,11.0,66.0,106.5,100.25,21.0,378.25,0.0,0.0,39.44647147495428,0.0,127846.0,0,0,0,35,SALT LAKE
2085,351180,132.5,395.8815528119983,0.33469607022311404,16.0,0.0,0.0,16.0,39.64183792290677,0.0,0.0,0.0,0.0,16.0,0.0,0.0,0.0,0.0,0.0,12.64314684137187,10.998691081534895,127846.0,0,0,0,35,SALT LAKE
2086,351181,406.0,1213.22782340679,0.33464448487501425,0.0,0.0,0.0,0.0,59.37184849207901,0.0,0.0,0.0,0.0,0.0,0.0,0.0,0.0,0.0,0.0,27.125677896160827,32.24617059591819,104529.0,0,0,0,35,SALT LAKE
2087,351182,380.75,1048.5315487026874,0.36312688966878404,0.0,0.0,0.0,0.0,43.79123674121399,0.0,0.0,0.0,0.0,0.0,0.0,0.0,0.0,0.0,0.0,13.544768637598388,30.2464681036156,94115.0,0,0,0,35,SALT LAKE
2088,351183,525.0,1489.936219507619,0.3523640764793928,99.5,1.25,14.0,84.25,190.81361336264584,0.75,0.5,0.0,14.0,1.5,68.75,1.0,13.0,0.0,0.0,49.56868679579411,41.74492656685172,92183.0,658,0,0,35,SALT LAKE
2089,351184,130.0,335.2429938694672,0.3877784245376886,145.0,4.0,78.75,62.25,172.06894730567748,0.0,4.0,78.75,0.0,2.0,11.25,44.0,5.0,0.0,0.0,17.07013723155484,9.998810074122632,86391.0,0,0,0,35,SALT LAKE
2090,351185,500.0,1646.2239512601766,0.3037253829390906,87.0,0.0,0.5,86.5,148.15028838565138,0.0,0.0,0.5,0.0,0.0,86.5,0.0,0.0,0.0,1.8153613317395847,19.33968675742128,39.995240296490536,110636.0,1025,0,0,35,SALT LAKE
2091,351186,523.0,1333.9600541807515,0.39206571318299277,168.75,86.25,44.25,38.25,233.53603446602972,1.0,85.25,44.25,0.0,2.0,4.0,11.0,21.25,0.0,0.0,22.791032154714674,41.99500231131506,90562.0,0,0,0,35,SALT LAKE
2092,351187,806.25,1846.604793558149,0.43661210174076776,274.75,17.25,183.75,73.75,375.6061966966494,9.25,8.0,182.25,1.5,7.0,34.25,0.0,32.5,1.0129337141931154,0.0,35.60101375866467,64.2422492237916,105293.0,0,0,0,35,SALT LAKE
2093,351188,168.25,516.4770410536979,0.3257647225842651,688.25,218.0,13.75,456.5,733.4676258624764,105.25,112.75,0.75,13.0,75.5,127.25,28.0,225.75,0.0,0.0,31.719253911881086,13.498371950595304,127846.0,0,1341,0,35,SALT LAKE
2094,351189,523.0,1624.4443930482046,0.3219562345366661,1245.0,596.0,57.25,591.75,1345.2455645878435,414.25,181.75,23.25,34.0,84.75,73.75,78.0,355.25,0.0,0.0,58.25056227652837,41.99500231131506,127846.0,0,0,0,35,SALT LAKE
2095,351190,329.5,1099.9991921347726,0.2995456745386677,194.0,0.5,0.25,193.25,248.74685448318104,0.5,0.0,0.0,0.25,0.0,192.25,0.0,1.0,0.0,0.0,28.49996993173645,26.24688455144461,113796.0,86,52,83,35,SALT LAKE
2096,351191,198.5,539.0663126085914,0.36822927969555413,0.0,0.0,0.0,0.0,24.035138622447967,0.0,0.0,0.0,0.0,0.0,0.0,0.0,0.0,0.0,0.0,8.037139889589337,15.99799873285863,78975.0,0,0,0,35,SALT LAKE
2097,351192,606.0,1525.9622841167252,0.39712646000996793,164.0,43.75,18.0,102.25,257.36916254945857,13.75,30.0,0.0,18.0,24.25,11.25,0.0,66.75,0.0,0.0,45.12489583494413,48.2442667145144,78975.0,0,0,0,35,SALT LAKE
2098,351193,283.5,690.0586334250784,0.4108346541407056,269.0,3.5,3.0,262.5,328.6969903845049,2.0,1.5,1.0,2.0,9.5,8.5,187.0,57.5,0.0,0.0,36.94976509527058,22.74722528923436,112204.0,0,0,0,35,SALT LAKE
2099,351194,187.25,444.7397041053704,0.4210327935003429,195.5,6.25,40.25,149.0,245.12293984948263,4.25,2.0,0.0,40.25,33.75,46.75,27.0,41.5,1.0129337141931154,0.0,33.861731519615674,14.748274615673836,113721.0,0,0,0,35,SALT LAKE
2100,351195,474.0,1611.5820983034516,0.2941209141619222,0.0,0.0,0.0,0.0,53.61219297164503,0.0,0.0,0.0,0.0,0.0,0.0,0.0,0.0,0.0,0.0,15.61671468997902,37.99547828166601,110636.0,0,0,0,35,SALT LAKE
2101,351196,390.5,1016.4423400933326,0.3841831303132681,353.5,26.75,24.75,302.0,424.2696339378152,19.75,7.0,2.75,22.0,66.0,103.5,4.0,128.5,1.0129337141931154,0.0,38.51041063511618,31.246289588505928,148008.0,0,0,0,35,SALT LAKE
2102,351197,339.5,889.2417167321352,0.38178595719465896,316.5,77.5,7.5,231.5,370.8555972299874,71.0,6.5,0.0,7.5,92.0,12.25,56.0,71.25,0.0,0.0,27.358810029856357,26.99678720013111,148008.0,0,0,0,35,SALT LAKE
2103,351198,348.75,746.2750198154408,0.467321015362739,1118.5,288.75,36.75,793.0,1194.8293609436807,262.0,26.75,1.0,35.75,192.25,179.75,0.0,421.0,0.0,0.0,48.33269273613753,27.996668207543376,90059.0,0,0,0,35,SALT LAKE
2104,351199,0.0,0.0,0.0,6430.25,888.25,865.0,4677.0,6642.087924900359,746.5,141.75,207.25,657.75,1286.5,552.75,24.0,2813.75,0.0,0.0,211.8379249003595,0.0,90059.0,0,0,0,35,SALT LAKE
2105,351200,539.75,1137.2166915741568,0.47462370540206184,2408.0,362.25,173.0,1872.75,2556.1165763108747,257.0,105.25,14.0,159.0,422.5,291.25,344.0,815.0,0.0,0.0,105.12169299214732,42.994883318727325,97701.0,0,0,0,35,SALT LAKE
2106,351201,306.75,685.4201358248825,0.44753572876996905,0.0,0.0,0.0,0.0,34.60470929884156,0.0,0.0,0.0,0.0,0.0,0.0,0.0,0.0,0.0,0.0,10.107548880973775,24.497160417867786,114601.0,0,0,0,35,SALT LAKE
2107,351202,351.0,792.318863723483,0.44300346245763245,267.75,4.5,6.75,256.5,315.87146933974003,3.5,1.0,2.0,4.75,23.0,16.75,154.0,62.75,0.0,0.0,20.374741627706783,27.746727712033262,114601.0,0,0,0,35,SALT LAKE
2108,351203,643.0,1212.5766721477917,0.5302757464903874,3086.75,880.5,306.75,1899.5,3264.621714911728,386.0,494.5,74.25,232.5,213.25,93.25,786.0,807.0,0.0,0.0,126.87778353370253,50.99393137802543,90770.0,0,0,0,35,SALT LAKE
2109,351204,886.25,1981.7959207331853,0.44719539016516036,1443.75,226.0,40.5,1177.25,1614.9314743759903,88.5,137.5,0.0,40.5,190.0,458.25,34.0,495.0,0.0,0.0,100.43954417657918,70.74193019941133,90770.0,0,0,0,35,SALT LAKE
2110,351205,465.25,1262.660151978918,0.3684681101805833,386.5,13.25,17.25,356.0,470.8092678245946,11.5,1.75,17.0,0.25,87.25,20.5,199.0,49.25,0.0,0.0,47.31367055034086,36.99559727425374,81668.0,0,0,0,35,SALT LAKE
2111,351206,0.0,0.0,0.0,2464.2499958855924,188.49999968527308,1620.9999972935154,654.749998906804,2545.4400664075906,155.49999974037115,32.999999944901916,1610.4999973110466,10.499999982468792,74.99999987477709,83.74999986016775,0.0,495.99999917185914,0.0,0.0,81.1900705219976,0.0,90059.0,1228,526,188,35,SALT LAKE
2112,351207,256.5,682.1104011488005,0.37603883413594985,926.75,116.5,35.75,774.5,998.9827909927488,55.75,60.75,0.0,35.75,173.25,111.5,60.0,429.75,0.0,0.0,51.73523576668632,20.497555226062573,90770.0,0,0,0,35,SALT LAKE
2113,351208,407.75,1033.6771529838263,0.394465524194845,977.0,241.5,29.5,706.0,1074.0903061448907,118.75,122.75,7.0,22.5,138.25,54.5,110.5,402.75,0.0,0.0,64.59476313940164,32.49554300548908,114181.0,0,0,0,35,SALT LAKE
2114,351209,198.5,503.9184640288722,0.3939129326855284,254.0,129.0,8.75,116.25,418.15778760472216,78.0,51.0,1.25,7.5,17.75,13.5,21.0,64.0,0.0,0.0,148.40963198163604,15.7481556230861,111398.0,0,0,0,35,SALT LAKE
2115,351210,222.5,602.9382238038115,0.36902619740426124,0.0,0.0,0.0,0.0,29.57739728144079,0.0,0.0,0.0,0.0,0.0,0.0,0.0,0.0,0.0,0.0,11.579539148020046,17.997858133420742,144924.0,0,0,0,35,SALT LAKE
2116,351211,267.0,611.4961606922838,0.436633976078812,16.0,0.0,0.0,16.0,48.07212600395598,0.0,0.0,0.0,0.0,9.0,0.0,6.0,1.0,0.0,0.0,11.07462484829845,20.99750115565753,155809.0,0,0,0,35,SALT LAKE
2117,351212,642.7499998785474,1501.6352065314516,0.428033384594919,4033.249999237886,1309.7499997525126,175.24999996688516,2548.2499995184885,4341.563542114329,1243.9999997649365,65.74999998757603,0.0,175.24999996688516,844.749999840378,458.74999991331566,2.999999999433127,1241.7499997653617,0.0,0.0,257.0697196636628,51.24382321278041,90059.0,0,0,0,35,SALT LAKE
2118,351213,0.0,0.0,0.0,2497.25,389.25,1534.25,573.75,2579.5233994090586,336.0,53.25,160.25,1374.0,262.25,21.5,29.0,261.0,0.0,0.0,82.27339940905838,0.0,90059.0,0,0,0,35,SALT LAKE
2119,351214,448.25,969.7088721543034,0.46225213862813136,1260.0,143.5,118.75,997.75,1379.8085534967354,99.25,44.25,0.0,118.75,299.25,230.5,13.0,455.0,0.0,0.0,83.81283722989393,35.995716266841484,90059.0,0,0,0,35,SALT LAKE
2120,351215,213.25,509.2354982914601,0.4187649932408025,4127.75,953.5,490.0,2684.25,4345.77805655777,466.25,487.25,147.25,342.75,483.0,701.5,318.0,1181.75,0.0,0.0,201.03007943176132,16.99797712600848,60380.0,0,0,0,35,SALT LAKE
2121,351216,304.75,884.146021114487,0.34468288350815107,1238.75,254.5,89.25,895.0,1322.9815578209518,91.5,163.0,0.0,89.25,173.0,160.75,134.0,427.25,0.0,3.6307226634791694,56.60369097957821,23.997144177894324,149201.0,0,0,0,35,SALT LAKE
2122,351217,430.25,1227.2606549915397,0.35057752259072134,673.75,161.25,63.25,449.25,753.1177134689689,145.25,16.0,4.0,59.25,96.75,73.75,99.0,179.75,0.0,0.0,44.87189444951309,34.49581901945576,149504.0,0,0,0,35,SALT LAKE
2123,351218,260.0,702.8951568776413,0.3698986932204177,778.0,23.5,45.5,709.0,836.4454561414625,14.75,8.75,14.0,31.5,129.25,452.5,29.0,98.25,0.0,0.0,37.44795498580491,20.99750115565753,149709.0,705,0,0,35,SALT LAKE
2124,351219,366.5,1125.2174660420185,0.32571481607832947,63.5,0.0,0.0,63.5,115.41522094321716,0.0,0.0,0.0,0.0,0.0,59.75,0.0,3.75,0.0,0.0,22.66863384701382,29.24658709620334,114770.0,0,1609,0,35,SALT LAKE
2125,351220,125.49999077828302,385.93568663070744,0.32518369025140437,30.24999777723555,5.9999995591211,1.749999871410321,22.49999834670413,49.11837806947577,3.7499997244506877,2.2499998346704126,0.0,1.749999871410321,6.999999485641284,3.7499997244506877,0.0,11.749999136612155,0.0,0.0,8.869570952828322,9.998809339411903,114770.0,0,0,0,35,SALT LAKE
2126,351221,468.49999999866384,1483.131151390797,0.3158857526249994,1.999999999994296,0.0,0.0,1.999999999994296,69.24544265258868,0.0,0.0,0.0,0.0,0.0,0.0,1.999999999994296,0.0,0.0,0.0,29.999921106518176,37.245521546076205,114770.0,0,0,0,35,SALT LAKE
2127,351222,525.75,1143.446603194806,0.45979409841355695,2215.25,1140.75,7.25,1067.25,2350.0541067810627,1137.25,3.5,3.75,3.5,275.5,5.0,0.0,786.75,0.0,0.0,92.8091044697476,41.99500231131506,90059.0,0,0,0,35,SALT LAKE
2128,351223,1.0,1.0,1.0,5592.25,844.75,434.25,4313.25,5868.501670649996,670.25,174.5,77.75,356.5,1147.75,840.0,35.75,2289.75,0.0,0.0,276.2516706499957,0.0,90059.0,0,0,0,35,SALT LAKE
2129,351224,922.0,2150.125742021214,0.4288121303702354,1498.5,296.25,173.0,1029.25,1664.6876040876032,250.0,46.25,13.75,159.25,191.0,100.25,33.0,705.0,0.0,0.0,92.44644742034345,73.74115666725979,60380.0,513,108,0,35,SALT LAKE
2130,351225,334.5,964.3729066223484,0.3468575254478725,0.0,0.0,0.0,0.0,38.01733857190256,0.0,0.0,0.0,0.0,0.0,0.0,0.0,0.0,0.0,0.0,11.020551371771456,26.99678720013111,149201.0,0,0,0,35,SALT LAKE
2131,351226,19.0,55.1386578190323,0.3445858269230801,147.0,0.0,0.0,147.0,154.4689068218636,0.0,0.0,0.0,0.0,0.25,146.75,0.0,0.0,0.0,0.0,5.469144807039067,1.9997620148245263,149201.0,0,0,2351,35,SALT LAKE
2132,351227,288.75,803.532638779427,0.35935067981633423,180.5,0.0,0.0,180.5,246.45924293737335,0.0,0.0,0.0,0.0,0.0,180.5,0.0,0.0,0.0,0.0,43.21192026240144,22.74732267497194,149709.0,0,0,0,35,SALT LAKE
2133,351228,0.0,0.0,0.0,0.0,0.0,0.0,0.0,0.0,0.0,0.0,0.0,0.0,0.0,0.0,0.0,0.0,0.0,0.0,0.0,0.0,90059.0,0,0,0,35,SALT LAKE
2134,351229,1129.5,2491.5741242285626,0.45332787373914235,1103.25,133.75,37.25,932.25,1272.3224015726405,109.5,24.25,0.0,37.25,167.5,111.0,3.0,650.75,0.0,0.0,79.08322451485573,89.98917705778469,90059.0,0,0,0,35,SALT LAKE
2135,351230,642.75,2331.055822924996,0.27573342245981947,64.0,0.0,0.0,64.0,141.52955969305148,0.0,0.0,0.0,0.0,0.0,64.0,0.0,0.0,0.0,0.0,26.535628315026056,50.99393137802543,149201.0,683,0,0,35,SALT LAKE
2136,351231,605.75,1645.7222321804045,0.3680754796618665,3.0,0.0,1.0,2.0,99.30149578370978,0.0,0.0,1.0,0.0,0.0,1.0,1.0,0.0,0.0,0.0,48.05722906919538,48.2442667145144,149081.0,0,0,0,35,SALT LAKE
2137,351232,222.25000001039876,716.6033109876063,0.3101436968022083,0.0,0.0,0.0,0.0,25.820072940012707,0.0,0.0,0.0,0.0,0.0,0.0,0.0,0.0,0.0,0.0,7.822214805749869,17.997858134262835,138222.0,0,0,0,35,SALT LAKE
2138,351233,6442.75,17622.187547940997,0.365604439430267,77.0,15.0,1.25,60.75,1074.2465786756663,11.0,4.0,0.0,1.25,11.25,3.5,6.75,39.25,0.0,0.0,483.80760019747686,513.4389784781895,148008.0,0,0,0,35,SALT LAKE
2139,351234,0.0,0.0,0.0,2979.5,376.0,259.25,2344.25,3077.669877670849,240.5,135.5,16.75,242.5,1081.0,323.25,0.0,940.0,0.0,0.0,98.1698776708493,0.0,148008.0,0,0,0,35,SALT LAKE
2140,351235,0.0,0.0,0.0,6901.0,568.25,128.5,6204.25,7130.356805180208,301.0,267.25,0.0,128.5,968.75,482.75,3393.75,1359.0,2.025867428386231,0.0,227.3309377518217,0.0,148008.0,0,0,0,35,SALT LAKE
2141,351236,0.0,0.0,0.0,3809.75,501.75,154.0,3154.0,3935.250874127376,319.25,182.5,0.0,154.0,951.0,323.5,514.25,1365.25,0.0,0.0,125.50087412737604,0.0,148008.0,0,0,0,35,SALT LAKE
2142,351237,1.25,2.624949347540843,0.4761996650225078,3762.0,218.5,273.0,3270.5,3911.563232842333,150.75,67.75,0.0,273.0,1670.0,343.0,35.0,1222.5,0.0,0.0,149.56323284233292,0.0,96451.0,0,0,0,35,SALT LAKE
2143,351238,0.0,0.0,0.0,1654.5,394.5,57.5,1202.5,1709.090395509348,270.75,123.75,2.0,55.5,279.5,91.25,17.0,814.75,0.0,0.0,54.59039550934779,0.0,60380.0,0,0,0,35,SALT LAKE
2144,351239,414.25,922.9418527583134,0.44883650986459034,237.5,5.25,12.0,220.25,291.9689775868629,4.0,1.25,0.0,12.0,75.0,14.75,24.0,106.5,0.0,0.0,21.47290434225817,32.99607324460469,96451.0,0,0,0,35,SALT LAKE
2145,351240,275.25,608.747789500352,0.45215769937484235,0.0,0.0,0.0,0.0,40.566427630293376,0.0,0.0,0.0,0.0,0.0,0.0,0.0,0.0,0.0,0.0,18.569045467223585,21.997382163069798,96652.0,0,0,0,35,SALT LAKE
2146,351241,835.9999997950807,1934.300948026022,0.43219748232467603,172.74999995765572,3.249999999203364,21.749999994668666,147.7499999637837,272.97714936654125,2.2499999994484825,0.9999999997548812,12.749999996874735,8.99999999779393,43.49999998933733,61.499999984925196,0.9999999997548812,41.74999998976629,0.0,0.0,33.23512192868489,66.99202748020063,120884.0,662,0,0,35,SALT LAKE
2147,351242,475.25,1064.860143702379,0.44630274013976906,0.0,0.0,0.0,0.0,54.90392213734522,0.0,0.0,0.0,0.0,0.0,0.0,0.0,0.0,0.0,0.0,16.908443855679206,37.99547828166601,130577.0,0,0,0,35,SALT LAKE
2148,351243,262.99999916813425,628.3146911833011,0.4185800568705914,0.0,0.0,0.0,0.0,29.662471448891374,0.0,0.0,0.0,0.0,0.0,0.0,0.0,0.0,0.0,0.0,8.664970359648677,20.997501089242697,148614.0,0,0,0,35,SALT LAKE
2149,351244,0.0,0.0,0.0,6582.25,247.5,0.0,6334.75,6945.078405574484,0.0,247.5,0.0,0.0,0.0,379.0,5955.75,0.0,0.0,0.0,362.8284055744842,0.0,148008.0,0,0,1,35,SALT LAKE
2150,351245,392.0,864.7473135845363,0.45331161351064286,675.75,75.75,49.25,550.75,741.9240374333268,61.25,14.5,0.0,49.25,88.75,39.75,90.0,332.25,0.0,0.0,35.17772620354668,30.996311229780165,96451.0,0,0,0,35,SALT LAKE
2151,351246,403.0,896.17435849102,0.4496892777411888,22.0,8.0,0.0,14.0,67.998520809431,7.25,0.75,0.0,0.0,0.0,0.0,0.0,14.0,0.0,0.0,14.002328572238572,31.996192237192428,95085.0,0,0,0,35,SALT LAKE
2152,351247,469.25,1045.504735101692,0.44882627906449224,36.0,8.5,0.5,27.0,89.6415058140415,8.5,0.0,0.0,0.5,3.0,1.25,19.0,3.75,0.0,0.0,16.645908539787758,36.99559727425374,100700.0,0,0,0,35,SALT LAKE
2153,351248,0.0,0.0,0.0,471.5,91.75,41.75,338.0,487.0352338480448,89.75,2.0,0.0,41.75,8.75,293.75,0.5,35.0,0.0,0.0,15.535233848044731,0.0,96451.0,0,0,0,35,SALT LAKE
2154,351249,369.25,844.3515494598607,0.43731784496186754,2138.0,90.75,136.75,1910.5,2250.362415461037,46.5,44.25,0.0,136.75,792.25,381.25,2.0,735.0,0.0,0.0,82.61602311991739,29.7463923411202,95085.0,0,0,0,35,SALT LAKE
2155,351250,724.0,1850.1905516504855,0.39131104596450716,0.0,0.0,0.0,0.0,81.84694447582007,0.0,0.0,0.0,0.0,0.0,0.0,0.0,0.0,0.0,0.0,23.8538460459088,57.99309842991128,95085.0,0,0,0,35,SALT LAKE
2156,351251,505.75,1474.6201717046329,0.34296967429610203,92.0,6.5,2.0,83.5,154.43797506150509,0.0,6.5,0.0,2.0,14.0,1.5,3.0,65.0,0.0,0.0,22.19279426950442,40.24518079200065,145738.0,0,0,0,35,SALT LAKE
2157,351252,0.0,0.0,0.0,113.0,10.75,50.75,51.5,119.22817688386262,8.25,2.5,0.0,50.75,7.5,9.5,0.0,34.5,0.0,0.0,6.22817688386262,0.0,95085.0,0,0,0,35,SALT LAKE
2158,351253,827.5,2028.5211080839583,0.40793265433733444,2930.5,223.0,127.0,2580.5,3119.947099158049,158.0,65.0,0.0,127.0,595.75,332.75,24.0,1628.0,0.0,0.0,123.70465519719912,65.74244396084971,95085.0,0,0,0,35,SALT LAKE
2159,351254,0.4999999997920114,1.6787880888751356,0.29783389762256063,23.499999990224534,0.4999999997920114,12.499999994800284,10.499999995632239,25.291448804417474,0.2499999998960057,0.2499999998960057,0.0,12.499999994800284,0.0,3.249999998648074,0.0,7.249999996984165,0.0,0.0,1.7914488141929406,0.0,95085.0,0,0,0,35,SALT LAKE
2160,351255,0.0,0.0,0.0,0.0,0.0,0.0,0.0,0.0,0.0,0.0,0.0,0.0,0.0,0.0,0.0,0.0,0.0,0.0,0.0,0.0,95085.0,0,0,0,35,SALT LAKE
2161,351256,0.0,0.0,0.0,598.5,141.5,40.25,416.75,618.2185498849674,87.75,53.75,0.0,40.25,87.0,36.25,0.0,293.5,0.0,0.0,19.718549884967416,0.0,95085.0,0,0,0,35,SALT LAKE
2162,351257,198.5,543.7812662712954,0.3650364812328185,0.0,0.0,0.0,0.0,24.788104377345935,0.0,0.0,0.0,0.0,0.0,0.0,0.0,0.0,0.0,0.0,8.790008258749722,15.998096118596214,141675.0,0,0,0,35,SALT LAKE
2163,351258,108.75,292.38898478466785,0.371936036099615,0.0,0.0,0.0,0.0,16.09563096404516,0.0,0.0,0.0,0.0,0.0,0.0,0.0,0.0,1.0129337141931154,0.0,6.583670813796122,8.499026436055923,141675.0,0,0,0,35,SALT LAKE
2164,351259,82.75,225.1437820308844,0.3675429063754852,81.0,0.0,0.0,81.0,96.64483261146768,0.0,0.0,0.0,0.0,0.0,80.25,0.0,0.75,0.0,0.0,8.64566555958184,6.999167051885844,141675.0,358,171,0,35,SALT LAKE
2165,351260,113.5,314.4230367685499,0.36097863937224345,271.0,5.0,38.75,227.25,292.6677481915005,4.0,1.0,2.0,36.75,6.5,178.5,2.0,40.25,0.0,0.0,12.668819124790163,8.998929066710371,141675.0,796,0,0,35,SALT LAKE
2166,351261,179.75,544.4761006643079,0.3301338658954718,118.0,32.5,16.0,69.5,146.05858920105416,31.5,1.0,6.0,10.0,2.25,42.0,7.0,18.25,0.0,0.0,13.810330825353788,14.248258375700374,96281.0,500,0,0,35,SALT LAKE
2167,351262,736.25,1967.3183728218416,0.37424039249120256,974.0,139.5,24.5,810.0,1130.5730849480935,45.25,94.25,0.0,24.5,177.75,80.75,68.0,483.5,1.0129337141931154,0.0,96.81700411849302,58.74314711540757,96281.0,0,0,0,35,SALT LAKE
2168,351263,27.75,78.22293352844308,0.35475529679425366,235.5,15.0,82.25,138.25,250.17202587646813,10.0,5.0,13.0,69.25,29.0,56.5,0.0,52.75,0.0,0.0,12.422323366133512,2.249702510334642,96281.0,0,0,0,35,SALT LAKE
2169,351264,227.0,666.5571763637946,0.3405559313581039,0.0,0.0,0.0,0.0,32.978824779411894,0.0,0.0,0.0,0.0,0.0,0.0,0.0,0.0,0.0,0.0,14.980966645991156,17.997858133420742,90059.0,0,0,0,35,SALT LAKE
2170,351265,0.0,0.0,0.0,989.5,76.75,479.25,433.5,1023.118042054442,71.75,5.0,25.25,454.0,81.0,66.0,75.25,211.25,1.0129337141931154,0.0,32.60510834024903,0.0,90059.0,0,0,0,35,SALT LAKE
2171,351266,165.5,446.9496626236173,0.3702877837036649,0.0,0.0,0.0,0.0,18.94811589642104,0.0,0.0,0.0,0.0,0.0,0.0,0.0,0.0,0.0,0.0,5.949700663277257,12.998415233143778,141675.0,0,0,0,35,SALT LAKE
2172,351267,175.25,631.1078619859735,0.27768628875660395,0.0,0.0,0.0,0.0,22.022052236423704,0.0,0.0,0.0,0.0,0.0,0.0,0.0,0.0,0.0,0.0,8.023718132652014,13.998334103771688,114950.0,0,0,0,35,SALT LAKE
2173,351268,177.75,637.1431501176426,0.27897969234571557,0.0,0.0,0.0,0.0,20.85473351798464,0.0,0.0,0.0,0.0,0.0,0.0,0.0,0.0,0.0,0.0,6.856399414212953,13.998334103771688,114950.0,0,0,0,35,SALT LAKE
2174,351269,103.5,318.17279060757926,0.3252949436762255,108.0,28.25,1.25,78.5,141.47123720643043,16.5,11.75,0.0,1.25,19.25,4.25,0.0,55.0,0.0,0.0,25.47218914713232,7.999048059298107,96281.0,0,0,0,35,SALT LAKE
2175,351270,125.75,334.5302108319244,0.375900280238605,100.75,24.25,1.75,74.75,137.20934019578905,16.5,7.75,0.0,1.75,13.5,6.0,0.0,55.25,0.0,0.0,26.21060584973772,10.248734346051318,96281.0,0,0,0,35,SALT LAKE
2176,351271,7.0,18.39182841202365,0.38060381182241526,0.0,0.0,0.0,0.0,4.781860015486326,0.0,0.0,0.0,0.0,0.0,0.0,0.0,0.0,4.051734856772462,0.0,0.2302225280594171,0.4999026306544476,96281.0,0,0,0,35,SALT LAKE
2177,351272,394.0,1054.4954922036063,0.37363839192583753,86.5,15.25,4.0,67.25,133.62939852901226,8.75,6.5,0.0,4.0,14.5,5.5,0.0,47.25,0.0,0.0,15.883493067403885,31.245905461608373,96281.0,0,0,0,35,SALT LAKE
2178,351273,901.75,2424.467376551436,0.3719373618805504,1006.25,71.75,528.5,406.0,1184.3871392205783,51.5,20.25,90.75,437.75,53.5,101.5,0.0,251.0,0.0,7.261445328319089,98.8844344904174,71.99125940184202,96281.0,0,0,542,35,SALT LAKE
2179,351274,113.25,326.9356358200928,0.34639845765335775,1153.5,157.0,87.25,909.25,1242.2569197252303,74.25,82.75,0.0,87.25,243.5,161.0,19.25,485.5,0.0,0.0,80.0079365897549,8.748983135475392,96281.0,0,0,0,35,SALT LAKE
2180,351275,193.75,693.0132850594018,0.2795761700057347,0.0,0.0,0.0,0.0,33.89213612876608,0.0,0.0,0.0,0.0,0.0,0.0,0.0,0.0,0.0,7.261445328319089,11.132610921824233,15.498079878622754,114950.0,0,0,0,35,SALT LAKE
2181,351276,331.5,863.3669119922597,0.38396190008608067,113.5,5.0,24.75,83.75,160.40989614386632,2.75,2.25,1.0,23.75,10.25,11.75,0.0,61.75,0.0,0.0,20.412973711174,26.49692243269231,96281.0,0,0,0,35,SALT LAKE
2182,351277,1275.75,3330.9281887879924,0.3830013520838468,413.25,27.25,15.75,370.25,570.3527472219483,18.75,8.5,0.0,15.75,39.75,247.0,0.0,83.5,0.0,0.0,55.61493321695483,101.48781400499348,96281.0,348,0,0,35,SALT LAKE
2183,351278,1072.0,2799.5849683489573,0.3829139004958321,90.75,0.25,3.0,87.5,214.0483250184367,0.0,0.25,0.0,3.0,0.25,87.25,0.0,0.0,0.0,0.0,38.30843938839433,84.98988563004238,96281.0,716,256,0,35,SALT LAKE
2184,351279,65.0,166.34524020243546,0.390753591271368,391.25,19.0,213.75,158.5,411.2827494526975,16.25,2.75,0.0,213.75,11.5,31.0,0.0,116.0,0.0,0.0,15.033344415636185,4.999405037061317,96281.0,0,0,0,35,SALT LAKE
2185,351280,63.74999965911268,165.70294442662177,0.38472460389708457,3514.4999812070823,465.74999750951736,631.2499966245471,2417.499987073018,4073.0284748436675,307.2499983570568,158.49999915246053,191.49999897600122,439.7499976485459,733.4999960777906,299.2499983998348,0.0,1384.7499925953928,0.0,435.6867173422037,117.84329088253641,4.998485411845554,96281.0,0,0,0,35,SALT LAKE
2186,351281,502.7499998177537,1335.3037433981012,0.3765060963121004,2387.749999134443,269.4999999023065,239.24999991327212,1878.9999993188646,2543.1748959472043,173.49999993710642,95.9999999652001,2.4999999990937525,236.74999991417837,417.99999984847545,513.4999998138568,0.9999999996375011,946.4999996568948,1.012933713825928,0.0,114.41723677674031,39.994726322194495,96691.0,0,0,0,35,SALT LAKE
2187,351282,29.6,54.8,0.5401459854014599,0.0,0.0,0.0,0.0,0.0,0.0,0.0,0.0,0.0,0.0,0.0,0.0,0.0,0.0,0.0,0.0,0.0,120184.0,0,0,0,35,SALT LAKE
2188,351283,432.7,1073.7,0.40299897550526215,0.0,0.0,0.0,0.0,0.0,0.0,0.0,0.0,0.0,0.0,0.0,0.0,0.0,0.0,0.0,0.0,0.0,120184.0,0,0,0,35,SALT LAKE
2189,351284,194.7,483.8,0.40243902439024387,10.0,0.0,0.0,10.0,10.0,0.0,0.0,0.0,0.0,0.0,10.0,0.0,0.0,0.0,0.0,0.0,0.0,120184.0,0,0,0,35,SALT LAKE
2190,351285,7.000000014486569,14.100000029180089,0.49645390070921985,55.00000011382304,53.90000011154658,0.0,1.1000000022764609,55.00000011382304,0.0,53.90000011154658,0.0,0.0,0.0,1.1000000022764609,0.0,0.0,0.0,0.0,0.0,0.0,133856.0,0,0,0,35,SALT LAKE
2191,351286,0.0,0.0,0.0,0.0,0.0,0.0,0.0,0.0,0.0,0.0,0.0,0.0,0.0,0.0,0.0,0.0,0.0,0.0,0.0,0.0,109943.0,0,0,0,35,SALT LAKE
2192,351287,68.40000013351379,99.30000019382922,0.6888217522658611,51.00000009954975,51.00000009954975,0.0,0.0,51.00000009954975,0.0,51.00000009954975,0.0,0.0,0.0,0.0,0.0,0.0,0.0,0.0,0.0,0.0,136616.0,0,0,0,35,SALT LAKE
2193,351288,14.400000000465363,25.400000000820846,0.5669291338582678,0.0,0.0,0.0,0.0,0.0,0.0,0.0,0.0,0.0,0.0,0.0,0.0,0.0,0.0,0.0,0.0,0.0,136616.0,0,0,0,35,SALT LAKE
2194,351289,22.400000073827055,42.50000014007365,0.5270588235294118,109.30000036023648,75.90000025015507,0.0,33.400000110081415,109.30000036023648,31.900000105137636,44.00000014501743,0.0,0.0,0.0,0.0,0.0,33.400000110081415,0.0,0.0,0.0,0.0,136616.0,0,0,0,35,SALT LAKE
2195,351290,80.29999999794421,143.19999999633387,0.5607541899441342,66.79999999828983,23.19999999940605,0.0,43.59999999888378,66.79999999828983,10.199999999738866,12.999999999667184,0.0,0.0,0.0,9.699999999751666,0.0,33.89999999913211,0.0,0.0,0.0,0.0,136616.0,0,0,0,35,SALT LAKE
2196,351291,198.2,274.0,0.7233576642335766,200.6,109.7,0.0,90.9,200.6,0.0,109.7,0.0,0.0,0.0,39.9,0.0,51.0,0.0,0.0,0.0,0.0,154242.0,13,0,0,35,SALT LAKE
2197,351292,31.80000496725541,45.70000713847712,0.6958424507658643,695.2001085923258,519.5000811474587,0.0,175.70002744486715,695.2001085923258,33.90000529528171,485.600075852177,0.0,0.0,0.0,34.70000542024411,0.0,141.00002202462304,0.0,0.0,0.0,0.0,154321.0,0,0,0,35,SALT LAKE
2198,351293,0.0,0.0,0.0,0.0,0.0,0.0,0.0,0.0,0.0,0.0,0.0,0.0,0.0,0.0,0.0,0.0,0.0,0.0,0.0,0.0,137723.0,0,0,0,35,SALT LAKE
2199,351294,19.399999999495478,53.79999999860086,0.36059479553903345,95.9999999975034,0.0,0.0,95.9999999975034,95.9999999975034,0.0,0.0,0.0,0.0,10.699999999721731,0.0,0.0,85.29999999778165,0.0,0.0,0.0,0.0,143773.0,0,0,0,35,SALT LAKE
2200,351295,1.0,1.9820641238360104,0.5045245448793244,162.0,0.0,0.0,162.0,167.37030484064678,0.0,0.0,0.0,0.0,0.25,161.75,0.0,0.0,0.0,0.0,5.370304840646794,0.0,31535.0,0,0,0,35,SALT LAKE
2201,351296,0.0,0.0,0.0,0.0,0.0,0.0,0.0,0.0,0.0,0.0,0.0,0.0,0.0,0.0,0.0,0.0,0.0,0.0,0.0,0.0,120184.0,0,0,0,35,SALT LAKE
2202,351297,0.0,0.0,0.0,5.000000001661408,0.0,0.0,5.000000001661408,5.000000001661408,0.0,0.0,0.0,0.0,0.0,5.000000001661408,0.0,0.0,0.0,0.0,0.0,0.0,116535.0,0,0,0,35,SALT LAKE
2203,351298,0.0,0.0,0.0,0.0,0.0,0.0,0.0,0.0,0.0,0.0,0.0,0.0,0.0,0.0,0.0,0.0,0.0,0.0,0.0,0.0,120184.0,0,0,0,35,SALT LAKE
2204,351299,0.0,0.0,0.0,0.0,0.0,0.0,0.0,0.0,0.0,0.0,0.0,0.0,0.0,0.0,0.0,0.0,0.0,0.0,0.0,0.0,120184.0,0,0,0,35,SALT LAKE
2205,351300,0.0,0.0,0.0,0.0,0.0,0.0,0.0,10.0,0.0,0.0,0.0,0.0,0.0,0.0,0.0,0.0,0.0,0.0,10.0,0.0,120184.0,0,0,0,35,SALT LAKE
2206,351301,4.0,17.3,0.23121387283236994,15.0,4.5,0.0,10.5,15.0,0.0,4.5,0.0,0.0,0.0,0.0,0.0,10.5,0.0,0.0,0.0,0.0,110139.0,0,0,0,35,SALT LAKE
2207,351302,30.6,60.9,0.5024630541871922,0.0,0.0,0.0,0.0,0.0,0.0,0.0,0.0,0.0,0.0,0.0,0.0,0.0,0.0,0.0,0.0,0.0,109943.0,0,0,0,35,SALT LAKE
2208,351303,0.0,0.0,0.0,0.0,0.0,0.0,0.0,0.0,0.0,0.0,0.0,0.0,0.0,0.0,0.0,0.0,0.0,0.0,0.0,0.0,109943.0,0,0,0,35,SALT LAKE
2209,351304,0.0,0.0,0.0,0.0,0.0,0.0,0.0,0.0,0.0,0.0,0.0,0.0,0.0,0.0,0.0,0.0,0.0,0.0,0.0,0.0,109943.0,0,0,0,35,SALT LAKE
2210,351305,0.0,0.0,0.0,0.0,0.0,0.0,0.0,0.0,0.0,0.0,0.0,0.0,0.0,0.0,0.0,0.0,0.0,0.0,0.0,0.0,133856.0,0,0,0,35,SALT LAKE
2211,351306,1.0000000000684826,1.9821102422345092,0.5045128059785131,0.0,0.0,0.0,0.0,0.03294665546634697,0.0,0.0,0.0,0.0,0.0,0.0,0.0,0.0,0.0,0.0,0.03294665546634697,0.0,140499.0,0,0,0,35,SALT LAKE
2212,351307,2.00000005619689,3.374992592470993,0.5925939098825086,0.0,0.0,0.0,0.0,0.06589331277968097,0.0,0.0,0.0,0.0,0.0,0.0,0.0,0.0,0.0,0.0,0.06589331277968097,0.0,136616.0,0,0,0,35,SALT LAKE
2213,351308,0.0,0.0,0.0,0.0,0.0,0.0,0.0,0.0,0.0,0.0,0.0,0.0,0.0,0.0,0.0,0.0,0.0,0.0,0.0,0.0,136616.0,0,0,0,35,SALT LAKE
2214,351309,0.0,0.0,0.0,0.0,0.0,0.0,0.0,0.0,0.0,0.0,0.0,0.0,0.0,0.0,0.0,0.0,0.0,0.0,0.0,0.0,136616.0,0,0,0,35,SALT LAKE
2215,351310,0.0,0.0,0.0,0.0,0.0,0.0,0.0,0.0,0.0,0.0,0.0,0.0,0.0,0.0,0.0,0.0,0.0,0.0,0.0,0.0,154321.0,0,0,0,35,SALT LAKE
2216,351311,0.0,0.0,0.0,0.0,0.0,0.0,0.0,0.0,0.0,0.0,0.0,0.0,0.0,0.0,0.0,0.0,0.0,0.0,0.0,0.0,155809.0,0,0,0,35,SALT LAKE
154,570001,0.0,0.0,0.0,0.0,0.0,0.0,0.0,9.060838177431124,0.0,0.0,0.0,0.0,0.0,0.0,0.0,0.0,9.060838177431124,0.0,0.0,0.0,77375.0,0,0,0,57,WEBER
155,570002,56.75,155.80657907094522,0.36423365648866063,0.0,0.0,0.0,0.0,31.098322748988632,0.0,0.0,0.0,0.0,0.0,0.0,0.0,0.0,6.040558784954083,0.0,22.30438062409057,2.753383339943981,77375.0,0,0,0,57,WEBER
156,570003,6.0,16.56560235512262,0.3621963072260156,59.5,48.0,1.5,10.0,67.71226949042268,28.5,19.5,1.5,0.0,0.0,0.0,0.5,9.5,6.040558784954083,0.0,2.1717107054685973,0.0,77375.0,0,0,0,57,WEBER
157,570004,164.5,457.5446616913944,0.35952774400622833,0.0,0.0,0.0,0.0,138.4185362428494,0.0,0.0,0.0,0.0,0.0,0.0,0.0,0.0,68.45966622947961,0.0,62.44811081999072,7.510759193379076,77375.0,0,0,0,57,WEBER
158,570005,475.0,1034.930604415903,0.4589679713530955,0.0,0.0,0.0,0.0,146.29959667935665,0.0,0.0,0.0,0.0,0.0,0.0,0.0,0.0,7.298740046554461,0.0,116.96936012222754,22.031496510574637,77375.0,0,0,0,57,WEBER
159,570006,0.0,0.0,0.0,352.75,61.25,282.75,8.75,442.0409014754514,25.5,35.75,282.25,0.5,0.0,0.0,0.0,8.75,10.067597974923473,68.4,10.823303500527892,0.0,77375.0,0,0,0,57,WEBER
160,570007,3.0,6.388513266848862,0.46959282616935877,0.0,0.0,0.0,0.0,763.9731224768407,0.0,0.0,0.0,0.0,0.0,0.0,0.0,0.0,763.878369202269,0.0,0.0947532745716531,0.0,77375.0,0,0,0,57,WEBER
161,570008,49.5,120.66748846754392,0.41021820068223325,5.0,0.0,5.0,0.0,32.76228729740425,0.0,0.0,5.0,0.0,0.0,0.0,0.0,0.0,1.006759797492347,0.0,24.502447347317272,2.2530801525946287,83325.0,0,0,0,57,WEBER
162,570009,209.75,519.7347146982338,0.403571272166771,44.75,39.25,1.5,4.0,209.8698990547041,17.25,22.0,1.5,0.0,0.0,0.0,0.5,3.5,83.5610631918648,0.0,72.04516985713255,9.51366600570676,77375.0,0,0,0,57,WEBER
163,570010,10.0,24.155982173004503,0.413976129324002,0.0,0.0,0.0,0.0,9.06437970671328,0.0,0.0,0.0,0.0,0.0,0.0,0.0,0.0,1.006759797492347,0.0,7.807099166294358,0.2505207429265752,83325.0,0,0,0,57,WEBER
164,570011,416.25,1046.81041388093,0.397636472163857,0.0,0.0,0.0,0.0,242.4237804287568,0.0,0.0,0.0,0.0,0.0,0.0,0.0,0.0,5.537895186766105,0.0,217.6133745499153,19.272510692075365,83325.0,0,0,0,57,WEBER
165,570012,0.0,0.0,0.0,456.0,3.0,435.5,17.5,472.416017329876,0.0,3.0,435.0,0.5,0.0,0.0,0.0,17.5,2.013519594984694,0.0,14.402497734891282,0.0,77375.0,0,0,0,57,WEBER
166,570013,176.5,478.3267214046584,0.36899464759503414,17.5,16.5,0.0,1.0,108.1906338311539,5.25,11.25,0.0,0.0,0.0,0.0,0.0,1.0,37.25011250721684,0.0,45.42863365833577,8.011887665601298,77375.0,0,0,0,57,WEBER
167,570014,19.25,47.15847184850435,0.40819812952888385,0.0,0.0,0.0,0.0,8.384828701256394,0.0,0.0,0.0,0.0,0.0,0.0,0.0,0.0,4.027039189969388,0.0,3.356357851715431,1.0014316595715744,83325.0,0,0,0,57,WEBER
168,570015,58.75,141.2846580812547,0.41582717329585844,0.0,0.0,0.0,0.0,5.356281523560272,0.0,0.0,0.0,0.0,0.0,0.0,0.0,0.0,1.006759797492347,0.0,1.8459643237312564,2.503557402336668,83325.0,0,0,0,57,WEBER
169,570016,40.25,95.48493036016626,0.42153248526420056,0.0,0.0,0.0,0.0,5.259482409879102,0.0,0.0,0.0,0.0,0.0,0.0,0.0,0.0,2.013519594984694,0.0,1.2427520930916285,2.00321072180278,83325.0,0,0,0,57,WEBER
170,570017,80.75,215.9027241064924,0.37401102896770616,11.0,11.0,0.0,0.0,89.35665843293347,0.25,10.75,0.0,0.0,0.0,0.0,0.0,0.0,29.95083523531172,0.0,44.65066079544656,3.755162402175186,77375.0,0,0,0,57,WEBER
171,570018,296.25,802.1635210560663,0.369313727467911,0.0,0.0,0.0,0.0,94.65709983306668,0.0,0.0,0.0,0.0,0.0,0.0,0.0,0.0,2.2654782844433834,0.0,78.62170816170364,13.769913386919631,77375.0,0,0,0,57,WEBER
172,570019,111.75,268.6405234694387,0.4159834062142639,107.75,0.5,3.75,103.5,141.1174517836483,0.5,0.0,3.25,0.5,1.0,80.5,1.75,20.25,2.013519594984694,0.0,26.346773890805736,5.007158297857872,83325.0,538,0,0,57,WEBER
173,570020,379.5,1056.8020952286686,0.35910224034698246,5.0,0.0,0.0,5.0,56.701208046438666,0.0,0.0,0.0,0.0,0.75,1.5,0.5,2.25,6.292517474412772,0.0,28.134917317545987,17.27377325447991,83325.0,0,0,0,57,WEBER
174,570021,321.5,871.770879713282,0.36878956097471227,0.0,0.0,0.0,0.0,31.023551736617907,0.0,0.0,0.0,0.0,0.0,0.0,0.0,0.0,6.040558784954083,0.0,10.213949787053084,14.76904316461074,83325.0,0,0,0,57,WEBER
175,570022,2147.0,5898.640598372049,0.3639821691446238,20.0,8.75,3.5,7.75,299.7712768604475,8.75,0.0,1.0,2.5,0.5,2.25,1.0,4.0,1.006759797492347,0.0,179.37069843906602,99.39381862388908,83325.0,0,0,0,57,WEBER
176,570023,163.0,386.6885507727189,0.4215278669985896,0.0,0.0,0.0,0.0,38.15488449641876,0.0,0.0,0.0,0.0,0.0,0.0,0.0,0.0,2.013519594984694,0.0,28.37969406928425,7.761670832149818,82362.0,0,0,0,57,WEBER
177,570024,61.75,161.43945531687018,0.3824963351046887,20.5,0.0,7.5,13.0,62.16506516918675,0.0,0.0,0.0,7.5,1.0,1.0,2.25,8.75,2.013519594984694,0.0,36.646816206458624,3.004729367743426,77375.0,0,0,0,57,WEBER
178,570025,200.75,542.9744856229747,0.3697227131578238,39.75,0.0,16.0,23.75,123.59591873029956,0.0,0.0,0.0,16.0,0.75,9.75,1.5,11.75,9.312796866889812,0.0,65.02015066302226,9.512971200387495,77375.0,0,0,0,57,WEBER
179,570026,126.0,354.0237427315142,0.35590833266670574,5.75,0.0,2.75,3.0,56.718033059933,0.0,0.0,0.0,2.75,0.0,0.5,0.0,2.5,6.795539223015824,0.0,38.164294775331896,6.008199061585279,77375.0,0,0,0,57,WEBER
180,570027,28.5,69.56334579313717,0.40969852262068296,0.25,0.0,0.0,0.25,23.72177867514751,0.0,0.0,0.0,0.0,0.0,0.0,0.0,0.25,9.060838177431124,0.0,13.409508838144816,1.0014316595715744,84402.0,0,0,0,57,WEBER
181,570028,113.75,305.29412657059254,0.37259151126740664,29.25,0.0,12.5,16.75,77.31381354237499,0.0,0.0,1.0,11.5,1.5,1.5,2.5,11.25,2.013519594984694,0.0,41.04391744122074,5.006376506169538,87610.0,0,0,0,57,WEBER
182,570029,98.5,253.54668774935027,0.38848860884104536,15.5,0.0,3.25,12.25,56.59315589947536,0.0,0.0,1.5,1.75,1.5,2.75,1.0,7.0,4.027039189969388,0.0,32.309957036787914,4.7561596727180575,88528.0,0,0,0,57,WEBER
183,570030,20.0,47.90788156729455,0.4174678434049873,36.5,0.0,16.25,20.25,47.224157703762046,0.0,0.0,1.0,15.25,0.5,5.5,3.25,11.0,8.054078379938776,0.0,1.668647664251702,1.0014316595715744,88528.0,0,0,0,57,WEBER
184,570031,105.25,261.7363931768044,0.4021221455776042,10.0,0.25,1.25,8.5,35.00116484399834,0.25,0.0,1.25,0.0,1.0,0.0,0.5,7.0,9.060838177431124,0.0,10.933124875524811,5.007201791042408,88528.0,0,0,0,57,WEBER
185,570032,85.5,225.64099531651328,0.3789205054696139,0.0,0.0,0.0,0.0,48.99930807205706,0.0,0.0,0.0,0.0,0.0,0.0,0.0,0.0,3.020279392477041,0.0,41.97325854810919,4.005770131470833,88528.0,0,0,0,57,WEBER
186,570033,13.0,34.72803022849679,0.37433738436833613,0.75,0.0,0.0,0.75,15.697161381716668,0.0,0.0,0.0,0.0,0.0,0.0,0.0,0.75,1.006759797492347,0.0,13.439664007846266,0.500737576378055,60702.0,0,0,0,57,WEBER
187,570034,22.0,63.66028044020002,0.3455844028313061,5.0,4.5,0.0,0.5,23.11945071519364,0.0,4.5,0.0,0.0,0.5,0.0,0.0,0.0,1.006759797492347,0.0,16.111259258129714,1.0014316595715744,77375.0,0,0,0,57,WEBER
188,570035,27.75,72.38196329876477,0.3833828033298672,9.75,0.25,1.5,8.0,37.62377173828836,0.25,0.0,0.25,1.25,0.25,0.75,0.25,6.75,19.128436152354595,0.0,7.49407798875488,1.251257597178887,77375.0,0,0,0,57,WEBER
189,570036,78.25,189.28053418156787,0.41340753996889334,0.0,0.0,0.0,0.0,25.768370150830084,0.0,0.0,0.0,0.0,0.0,0.0,0.0,0.0,4.027039189969388,0.0,18.23629840576792,3.505032555092778,88528.0,0,0,0,57,WEBER
190,570037,69.5,169.37157459874925,0.4103404019514455,4.0,0.0,4.0,0.0,15.60060312512016,0.0,0.0,4.0,0.0,0.0,0.0,0.0,0.0,4.027039189969388,0.0,4.569268956436048,3.0042949787147237,88528.0,0,0,0,57,WEBER
191,570038,188.0,470.674599416267,0.39942669571113154,1.75,0.0,0.5,1.25,41.245872232013966,0.0,0.0,0.5,0.0,0.25,0.25,0.0,0.75,2.013519594984694,0.0,28.71968453433658,8.76266810269269,88528.0,0,0,0,57,WEBER
192,570039,181.5,495.6804120055224,0.36616334961805574,0.0,0.0,0.0,0.0,24.73105642433691,0.0,0.0,0.0,0.0,0.0,0.0,0.0,0.0,3.020279392477041,0.0,13.198238776249587,8.51253825561028,88528.0,0,0,0,57,WEBER
193,570040,244.5,608.6888709648035,0.4016830464017763,0.0,0.0,0.0,0.0,28.27158904449492,0.0,0.0,0.0,0.0,0.0,0.0,0.0,0.0,1.006759797492347,0.0,15.748343415337194,11.516485831665372,88528.0,0,0,0,57,WEBER
194,570041,0.0,0.0,0.0,0.0,0.0,0.0,0.0,69.46642602697194,0.0,0.0,0.0,0.0,0.0,0.0,0.0,0.0,69.46642602697194,0.0,0.0,0.0,77375.0,0,0,0,57,WEBER
195,570042,74.75,227.64167892899616,0.3283669332948265,0.0,0.0,0.0,0.0,34.3832006908997,0.0,0.0,0.0,0.0,0.0,0.0,0.0,0.0,2.013519594984694,0.0,29.115212776933337,3.254468318981667,95539.0,0,0,0,57,WEBER
196,570043,104.5,304.42888361369506,0.34326572025473523,0.0,0.0,0.0,0.0,22.60491490443904,0.0,0.0,0.0,0.0,0.0,0.0,0.0,0.0,2.013519594984694,0.0,15.58458441425611,5.006810895198241,95539.0,0,0,0,57,WEBER
197,570044,171.75,505.0354965638545,0.34007510594512175,0.0,0.0,0.0,0.0,16.96759616547006,0.0,0.0,0.0,0.0,0.0,0.0,0.0,0.0,2.013519594984694,0.0,6.9429706965724005,8.011105873912964,95539.0,0,0,0,57,WEBER
198,570045,130.0,351.69011990073835,0.3696435943002648,14.0,0.0,0.5,13.5,69.79750891782754,0.0,0.0,0.5,0.0,1.5,1.75,2.0,8.25,3.020279392477041,0.0,46.768726554290126,6.008502971060374,95539.0,0,0,0,57,WEBER
199,570046,1403.0,3518.9015988323863,0.3987039593450218,86.5,75.0,1.5,10.0,439.1377330134693,33.25,41.75,1.5,0.0,0.25,0.0,0.25,9.5,2.013519594984694,0.0,285.7841950942453,64.84001832423925,77375.0,0,0,0,57,WEBER
200,570047,842.75,2211.7128344686525,0.38103952143609293,0.0,0.0,0.0,0.0,127.772359964271,0.0,0.0,0.0,0.0,0.0,0.0,0.0,0.0,4.027039189969388,0.0,84.9388341064043,38.806486667897325,77375.0,0,0,0,57,WEBER
201,570048,59.75,163.0082142330393,0.36654594543671515,0.0,0.0,0.0,0.0,15.161503937627815,0.0,0.0,0.0,0.0,0.0,0.0,0.0,0.0,3.2718796769720626,0.0,8.885329281941031,3.0042949787147237,113700.0,0,0,0,57,WEBER
202,570049,259.25,507.4634571562335,0.5108742242304638,0.0,0.0,0.0,0.0,38.73559236461563,0.0,0.0,0.0,0.0,0.0,0.0,0.0,0.0,2.5167204185233305,0.0,24.45060569759877,11.76826624849352,117003.0,0,0,0,57,WEBER
203,570050,171.25,401.8661655266849,0.4261368950420599,9.0,0.0,1.0,8.0,41.03996072893503,0.0,0.0,0.0,1.0,6.75,0.0,0.0,1.25,3.775617725861357,0.0,20.50375787208728,7.760585130986389,64761.0,0,0,0,57,WEBER
204,570051,131.0,332.92693240421227,0.39347973158551997,0.0,0.0,0.0,0.0,22.427529818119343,0.0,0.0,0.0,0.0,0.0,0.0,0.0,0.0,2.2654782844433834,0.0,14.15341808306198,6.008633450613982,117003.0,0,0,0,57,WEBER
205,570052,279.5,774.4772705990022,0.3608885768640143,0.0,0.0,0.0,0.0,33.577424209129134,0.0,0.0,0.0,0.0,0.0,0.0,0.0,0.0,0.251779359430605,0.0,20.30668587260843,13.018958977090096,117003.0,0,0,0,57,WEBER
206,570053,124.0,346.86721816803066,0.35748549734651336,7.5,0.0,3.25,4.25,41.665107263275374,0.0,0.0,0.5,2.75,0.5,0.0,0.5,3.25,1.006759797492347,0.0,27.400278251280152,5.758069214502871,117003.0,0,0,0,57,WEBER
207,570054,304.5,659.597255385447,0.46164534117422934,0.0,0.0,0.0,0.0,72.86071564120354,0.0,0.0,0.0,0.0,0.0,0.0,0.0,0.0,3.020279392477041,0.0,55.81930731356102,14.021128935165471,77375.0,0,0,0,57,WEBER
208,570055,99.75,271.7787054186947,0.3670265477434221,0.0,0.0,0.0,0.0,13.423982779999772,0.0,0.0,0.0,0.0,0.0,0.0,0.0,0.0,1.006759797492347,0.0,7.910758767843072,4.506464214664352,117003.0,0,0,0,57,WEBER
209,570056,345.0,886.3678645316527,0.38922891251511504,68.75,1.0,9.75,58.0,152.3161575068268,1.0,0.0,3.5,6.25,2.75,11.5,8.0,35.75,2.2649410590927257,0.0,65.52904756062149,15.772168887112592,117003.0,0,0,0,57,WEBER
210,570057,545.5,1146.3824026754053,0.4758447082988386,0.0,0.0,0.0,0.0,157.4162958795872,0.0,0.0,0.0,0.0,0.0,0.0,0.0,0.0,2.5167204185233305,0.0,129.36126588891378,25.538309572150105,77375.0,0,0,0,57,WEBER
211,570058,70.25,173.92839245343708,0.4039018529927875,12.0,12.0,0.0,0.0,26.568071562041983,0.5,11.5,0.0,0.0,0.0,0.0,0.0,0.0,1.006759797492347,0.0,10.306148640248711,3.2551631243009296,64761.0,0,0,0,57,WEBER
212,570059,124.25,299.6728494205678,0.4146188092789971,38.75,1.0,10.75,27.0,51.41283889293575,1.0,0.0,1.25,9.5,2.0,8.25,2.75,14.0,1.006759797492347,0.0,5.647489138013954,6.008589957429447,64761.0,0,0,0,57,WEBER
213,570060,292.0,955.2095324545072,0.30569209171277484,483.0,186.25,54.5,242.25,524.7234904589067,129.5,56.75,18.0,36.5,20.75,126.25,11.75,83.5,0.5030217486030527,0.0,27.701163052679703,13.519305657623985,72451.0,696,0,0,57,WEBER
214,570061,384.0,1289.020209389021,0.2979006823966019,0.0,0.0,0.0,0.0,37.40102549326198,0.0,0.0,0.0,0.0,0.0,0.0,0.0,0.0,2.013519594984694,0.0,17.611909366255897,17.775596532021392,74830.0,0,0,0,57,WEBER
215,570062,180.74999990084058,443.8890847650616,0.40719631571140485,48.999999973118605,0.9999999994514002,10.749999994102552,37.249999979564656,80.49275384806909,0.9999999994514002,0.0,4.999999997257001,5.749999996845551,4.499999997531301,8.999999995062602,4.999999997257001,18.749999989713753,1.7615609045596126,0.0,21.218698212635076,8.51249475775579,64761.0,0,0,0,57,WEBER
216,570063,83.25,202.057147580872,0.4120121510013881,3.75,0.0,1.25,2.5,10.753957657720507,0.0,0.0,0.0,1.25,0.0,0.0,0.25,2.25,0.0,0.0,2.998231019434209,4.005726638286298,64761.0,0,0,0,57,WEBER
217,570064,174.75,560.6689518550602,0.3116812504452271,26.25,15.0,1.5,9.75,44.05495002773219,15.0,0.0,0.0,1.5,0.0,0.0,0.0,9.75,0.2516002844950214,0.0,9.291810112766704,8.261539630470466,74417.0,0,0,0,57,WEBER
218,570065,271.0,916.4770215569176,0.29569753919157,3.25,0.0,0.25,3.0,28.924716784297576,0.0,0.0,0.25,0.0,0.0,0.0,0.25,2.75,0.0,0.0,13.156842786245166,12.517873998052412,76308.0,0,0,0,57,WEBER
219,570066,142.5,344.2345618017109,0.41396191961132633,181.0,0.0,0.75,180.25,201.4763819332121,0.0,0.0,0.25,0.5,0.0,177.25,0.0,3.0,0.0,0.0,13.716924552322231,6.759457380889909,64761.0,0,0,2020,57,WEBER
220,570067,229.25,457.8974310777239,0.5006579736873145,1.0,0.0,0.0,1.0,22.32943451215437,0.0,0.0,0.0,0.0,0.0,0.0,1.0,0.0,2.013519594984694,0.0,8.550296508964767,10.76561840820491,65849.0,0,0,0,57,WEBER
221,570068,803.0,1603.803330684601,0.5006848312612188,0.0,0.0,0.0,0.0,126.3250756814735,0.0,0.0,0.0,0.0,0.0,0.0,0.0,0.0,2.013519594984694,0.0,87.25832426605,37.05323182043881,66478.0,0,0,0,57,WEBER
222,570069,156.25,365.7767271979847,0.4271731588746658,0.0,0.0,0.0,0.0,23.695851661346865,0.0,0.0,0.0,0.0,0.0,0.0,0.0,0.0,2.013519594984694,0.0,14.67191955351698,7.010412512845187,77375.0,0,0,0,57,WEBER
223,570070,93.5,218.6862010111978,0.4275532684168415,0.0,0.0,0.0,0.0,6.959712759150602,0.0,0.0,0.0,0.0,0.0,0.0,0.0,0.0,0.0,0.0,2.9539861208643043,4.005726638286298,83325.0,0,0,0,57,WEBER
224,570071,678.5,1781.0720988514468,0.38095032786013644,224.25,0.0,19.75,204.5,284.0522727104131,0.0,0.0,0.75,19.0,24.0,112.5,0.75,67.25,0.0,0.0,28.507370520767687,31.29490218964538,103331.0,562,0,0,57,WEBER
225,570072,28.75,74.19959119923075,0.3874684420134387,1261.5,480.0,253.0,528.5,1309.7700881658045,306.25,173.75,35.25,217.75,64.0,127.5,56.75,280.25,0.0,0.0,47.26865650623287,1.0014316595715744,101021.0,0,0,0,57,WEBER
226,570073,472.25,1153.3829919623945,0.4094476884876741,15.0,0.0,0.0,15.0,54.71617422642595,0.0,0.0,0.0,0.0,0.0,0.0,15.0,0.0,1.006759797492347,0.0,17.17895940421212,21.530455024721483,102455.0,0,0,0,57,WEBER
227,570074,404.25,845.1993986211646,0.478289502642196,307.75,33.25,82.0,192.5,350.9646128838163,27.5,5.75,3.75,78.25,14.25,109.0,11.0,58.25,2.013519594984694,0.0,22.42410859042316,18.77698469840843,101021.0,767,0,0,57,WEBER
228,570075,310.25,1021.70171216497,0.3036600568502377,123.5,0.0,0.25,123.25,151.21919585767606,0.0,0.0,0.0,0.25,0.0,123.25,0.0,0.0,0.0,0.0,13.69915262367402,14.02004323400204,100927.0,0,1165,0,57,WEBER
229,570076,187.25,554.8367753333422,0.33748664170196985,48.25,1.25,2.5,44.5,66.93464988433884,1.25,0.0,1.75,0.75,2.5,7.0,3.5,31.5,0.7548011080336576,0.0,9.4173105206949,8.51253825561028,101021.0,0,0,0,57,WEBER
230,570077,26.75,71.60436978889012,0.3735805521208628,1411.5,174.0,1074.0,163.5,1460.1686915202135,28.75,145.25,2.25,1071.75,2.0,0.5,1.0,160.0,0.0,0.0,47.41669562453089,1.251995895682685,77602.0,0,0,0,57,WEBER
231,570078,35.0,77.65975552712575,0.4506838807620874,3480.25,647.25,2170.75,662.25,3593.275682723982,404.25,243.0,1976.5,194.25,49.25,44.0,40.0,529.0,0.0,0.0,111.02281940483856,2.002863319143149,77602.0,0,0,0,57,WEBER
232,570079,109.25,348.86170446830727,0.31316134330796097,0.0,0.0,0.0,0.0,12.706023249438402,0.0,0.0,0.0,0.0,0.0,0.0,0.0,0.0,0.251779359430605,0.0,7.447085592149925,5.007158297857872,101021.0,0,0,0,57,WEBER
233,570080,116.25,292.26382137421297,0.39775706569974034,230.0,8.5,19.5,202.0,262.72822674949055,8.25,0.25,12.25,7.25,22.5,38.75,32.0,108.75,0.0,0.0,27.470895111365756,5.257331638124816,101021.0,0,0,0,57,WEBER
234,570081,162.0,472.17596649137,0.343092430569443,53.0,17.75,5.5,29.75,79.83241361985151,17.25,0.5,4.5,1.0,1.0,3.25,2.75,22.75,1.006759797492347,0.0,18.31454722632046,7.511106596038706,77602.0,0,0,0,57,WEBER
235,570082,2046.5,4310.17067707973,0.4748071835954685,960.0,13.0,547.25,399.75,1221.6198782773054,13.0,0.0,517.75,29.5,45.25,74.75,74.75,205.0,1.006759797492347,0.0,166.22823866026434,94.38487981954854,66478.0,0,0,0,57,WEBER
236,570083,295.0,841.9977695041598,0.3503572226488452,44.0,10.25,12.25,21.5,77.47444684827187,10.25,0.0,12.25,0.0,0.5,0.25,2.5,18.25,2.5168992389103204,0.0,17.188068611470623,13.769478997890928,77602.0,0,0,0,57,WEBER
237,570084,73.5,204.878868491945,0.35874856465682653,290.0,7.0,19.0,264.0,369.00264825833807,6.75,0.25,10.5,8.5,24.5,83.0,33.25,123.25,1.006759797492347,0.0,74.23994426698223,3.75594419386352,77602.0,0,0,0,57,WEBER
238,570085,1039.75,2051.6852779436927,0.5067785060299757,407.0,47.0,123.0,237.0,501.3538062066598,46.75,0.25,10.5,112.5,16.75,100.5,22.5,97.25,0.7548011080336576,0.0,45.52737573835989,48.07162936026623,66478.0,0,0,0,57,WEBER
239,570086,9.25,27.190568492650332,0.3401914896520201,1.0,0.0,1.0,0.0,2.3311143790641857,0.0,0.0,0.0,1.0,0.0,0.0,0.0,0.0,1.006759797492347,0.0,0.3243545815718389,0.0,134880.0,0,0,0,57,WEBER
240,570087,21.0,49.70524961207439,0.42249058527811284,0.0,0.0,0.0,0.0,1.6647045815731465,0.0,0.0,0.0,0.0,0.0,0.0,0.0,0.0,0.0,0.0,0.6632729220015722,1.0014316595715744,97564.0,0,0,0,57,WEBER
241,570088,15.0,26.95457025460509,0.5564918994558002,0.0,0.0,0.0,0.0,1.258683093639109,0.0,0.0,0.0,0.0,0.0,0.0,0.0,0.0,0.0,0.0,0.5081630728382769,0.750520020800832,134880.0,0,0,0,57,WEBER
242,570089,7.0,18.960520671697665,0.3691881737429757,0.0,0.0,0.0,0.0,1.227850771492871,0.0,0.0,0.0,0.0,0.0,0.0,0.0,0.0,1.006759797492347,0.0,0.221090974000524,0.0,134880.0,0,0,0,57,WEBER
243,570090,135.75,326.3219555529976,0.4160002037556832,5.0,0.0,0.5,4.5,16.711492166249364,0.0,0.0,0.0,0.5,1.0,1.5,0.0,2.0,1.006759797492347,0.0,4.445578175216459,6.2591541935405575,96635.0,0,0,0,57,WEBER
244,570091,0.0,0.0,0.0,63.0,57.5,1.25,4.25,67.05991726983865,32.25,25.25,1.25,0.0,0.0,0.0,0.0,4.25,2.013519594984694,0.0,2.046397674853947,0.0,90010.0,0,0,0,57,WEBER
245,570092,331.5,1002.8880395591488,0.3305453718898885,383.0,105.75,176.5,100.75,425.5790666036209,26.75,79.0,121.25,55.25,16.25,14.0,12.5,58.0,0.2519586894586894,0.0,27.055112277662023,15.27199563650019,90010.0,0,139,38,57,WEBER
246,570093,136.25,328.6028634623149,0.41463424440190716,0.0,0.0,0.0,0.0,16.05265065291374,0.0,0.0,0.0,0.0,0.0,0.0,0.0,0.0,1.006759797492347,0.0,8.536997710642597,6.508893144778798,134880.0,0,0,0,57,WEBER
247,570094,493.25,1458.6707077772787,0.33815034289103807,0.0,0.0,0.0,0.0,39.34889758749813,0.0,0.0,0.0,0.0,0.0,0.0,0.0,0.0,0.0,0.0,16.56614275761886,22.782754829879263,134880.0,0,0,0,57,WEBER
248,570095,108.0,260.2972965529503,0.4149101870446449,0.0,0.0,0.0,0.0,8.418276182437387,0.0,0.0,0.0,0.0,0.0,0.0,0.0,0.0,0.0,0.0,3.411117884579514,5.007158297857872,97564.0,0,0,0,57,WEBER
249,570096,314.75,998.2896781132836,0.31528924609824815,0.0,0.0,0.0,0.0,24.48874893518692,0.0,0.0,0.0,0.0,0.0,0.0,0.0,0.0,0.0,0.0,9.96835902065099,14.520389914535928,104259.0,0,0,0,57,WEBER
250,570097,280.75,675.6462487107235,0.41552809704150745,264.25,2.0,23.75,238.5,298.4827174503978,2.0,0.0,4.25,19.5,11.5,120.25,33.25,73.5,0.0,0.0,21.21410587596732,13.018611574430466,97564.0,473,0,0,57,WEBER
251,570098,92.25,294.98144591690965,0.31273153371817486,202.0,0.0,1.5,200.5,215.300697345374,0.0,0.0,0.25,1.25,0.0,200.25,0.0,0.25,0.0,0.0,9.294970707087714,4.005726638286298,105075.0,0,0,2077,57,WEBER
252,570099,195.5,434.74525218978783,0.4496886372312919,1830.5,658.25,559.75,612.5,1943.0165882484896,320.5,337.75,463.5,96.25,86.0,52.0,161.5,313.0,2.013519594984694,0.0,101.48909801619732,9.0139706373076,90010.0,0,0,0,57,WEBER
253,570100,581.0,1846.2427402434585,0.31469318055294576,1238.0,195.0,539.25,503.75,1328.864150277327,83.0,112.0,214.25,325.0,45.0,70.0,166.5,222.25,0.2514214641080313,0.0,63.82463824089784,26.788090572321394,90010.0,0,0,0,57,WEBER
254,570101,471.75,1465.7579841755824,0.32184712967150336,178.0,21.0,27.75,129.25,270.0651092492041,1.0,20.0,17.5,10.25,4.75,90.75,5.75,28.0,1.006759797492347,0.0,69.27546269802743,21.78288675368436,90010.0,404,0,0,57,WEBER
255,570102,301.0,694.7433769530753,0.433253500479689,143.5,0.0,2.5,141.0,171.26108476101612,0.0,0.0,1.5,1.0,17.75,29.25,15.0,79.0,0.0,0.0,13.990867464621402,13.770217296394728,60933.0,0,0,0,57,WEBER
256,570103,103.0,221.4119656075297,0.4651961772588916,28.0,1.0,6.0,21.0,38.3864492032966,1.0,0.0,0.25,5.75,1.25,3.5,2.5,13.75,0.0,0.0,5.3792909054387295,5.007158297857872,60933.0,0,0,0,57,WEBER
257,570104,378.75,965.6160521402884,0.3922366443272152,709.0,395.5,122.75,190.75,761.5700181778499,204.5,191.0,36.5,86.25,19.0,18.75,22.0,131.0,0.0,0.0,34.79442164582851,17.775596532021392,63255.0,0,0,0,57,WEBER
258,570105,21.0,59.48625750984011,0.35302271279255076,184.0,9.5,52.25,122.25,191.4412328445073,8.0,1.5,7.5,44.75,20.5,24.5,20.0,57.25,0.0,0.0,6.439453782276111,1.0017790622312055,90010.0,0,0,0,57,WEBER
259,570106,154.75,337.7396336126833,0.4581931896611988,276.25,7.75,18.0,250.5,296.8818790414845,7.75,0.0,12.0,6.0,27.5,57.75,41.75,123.5,0.0,0.0,13.621813931298986,7.010065110185556,60933.0,0,0,0,57,WEBER
260,570107,57.5,150.60239227193517,0.38180004402702405,0.0,0.0,0.0,0.0,26.0699423586518,0.0,0.0,0.0,0.0,0.0,0.0,0.0,0.0,0.0,0.0,23.315820720204023,2.754121638447779,93399.0,0,0,0,57,WEBER
261,570108,152.25,427.182184573041,0.35640531252999336,0.0,0.0,0.0,0.0,18.461653397031984,0.0,0.0,0.0,0.0,0.0,0.0,0.0,0.0,0.0,0.0,11.450980467896237,7.010672929135747,111812.0,0,0,0,57,WEBER
262,570109,524.25,995.1542416337362,0.5268027588761952,0.0,0.0,0.0,0.0,40.6467780157603,0.0,0.0,0.0,0.0,0.0,0.0,0.0,0.0,0.0,0.0,16.611679887538717,24.03509812822158,111812.0,0,0,0,57,WEBER
263,570110,490.25,1351.5472209460568,0.36273242429282976,7.75,2.0,1.25,4.5,103.62198484353522,2.0,0.0,0.0,1.25,2.75,0.0,0.0,1.75,0.0,0.0,73.3411838604056,22.53080098312963,93800.0,0,0,0,57,WEBER
264,570111,794.0,2261.1593978648966,0.35114729229161634,0.0,0.0,0.0,0.0,76.8735933267344,0.0,0.0,0.0,0.0,0.0,0.0,0.0,0.0,0.0,0.0,40.07079526285308,36.80279806388131,94584.0,0,0,0,57,WEBER
265,570112,419.0,1083.993377303842,0.38653372684080045,86.75,0.0,0.25,86.5,136.52762446088772,0.0,0.0,0.25,0.0,0.0,86.5,0.0,0.0,0.0,0.0,30.50064048460504,19.27698397628269,105281.0,789,0,0,57,WEBER
266,570113,216.25,621.7120437530491,0.34782983886652336,0.0,0.0,0.0,0.0,21.09638400308825,0.0,0.0,0.0,0.0,0.0,0.0,0.0,0.0,0.0,0.0,11.082067407372506,10.014316595715744,94424.0,0,0,0,57,WEBER
267,570114,300.25,950.1086598009612,0.3160164860121363,0.0,0.0,0.0,0.0,34.99705157588668,0.0,0.0,0.0,0.0,0.0,0.0,0.0,0.0,0.0,0.0,20.97700834188464,14.02004323400204,97076.0,0,0,0,57,WEBER
268,570115,159.0,425.5218803710976,0.37365881129622786,0.0,0.0,0.0,0.0,15.5306690013672,0.0,0.0,0.0,0.0,0.0,0.0,0.0,0.0,0.0,0.0,8.52064738436618,7.01002161700102,105241.0,0,0,0,57,WEBER
269,570116,206.25,405.5979264942763,0.5085085167537476,180.0,2.0,18.5,159.5,203.21097697209095,2.0,0.0,12.5,6.0,25.75,12.75,75.5,45.5,1.006759797492347,0.0,12.690638155260938,9.513579019337689,60933.0,0,0,0,57,WEBER
270,570117,113.25,240.62038242624908,0.4706583825445938,338.25,266.0,11.25,61.0,358.5274654345745,164.0,102.0,1.5,9.75,2.75,3.25,3.75,51.25,0.0,0.0,14.769960456182757,5.50750497839176,60933.0,0,0,0,57,WEBER
271,570118,390.0,972.8782058851284,0.40087237810531123,140.5,5.75,4.25,130.5,177.7806454114574,5.75,0.0,2.0,2.25,4.75,68.5,27.0,30.25,0.0,0.0,19.254875539169078,18.025769872288336,68928.0,554,0,0,57,WEBER
272,570119,253.25,643.3630107755477,0.39363469108166094,111.5,0.0,8.0,103.5,142.03580320603896,0.0,0.0,7.5,0.5,0.0,90.75,0.0,12.75,0.0,0.0,18.768796631447003,11.767006574591948,79703.0,0,913,0,57,WEBER
273,570120,330.25,834.5800333190022,0.39570800500300046,0.0,0.0,0.0,0.0,26.70889800419221,0.0,0.0,0.0,0.0,0.0,0.0,0.0,0.0,0.0,0.0,11.43685887450749,15.272039129684726,74199.0,0,0,0,57,WEBER
274,570121,700.2499999784114,1899.8979997745346,0.3685724181306111,0.0,0.0,0.0,0.0,58.16305535370415,0.0,0.0,0.0,0.0,0.0,0.0,0.0,0.0,0.0,0.0,25.866678012298348,32.2963773414058,82716.0,0,0,0,57,WEBER
275,570122,70.50000041543314,124.13455076207948,0.5679321347894176,12.000000070712023,0.0,1.2500000073658357,10.750000063346187,20.35540749162188,0.0,0.0,0.0,1.2500000073658357,1.0000000058926686,3.250000019151173,1.0000000058926686,5.500000032409677,0.0,0.0,5.100200784242539,3.2552066366673187,111812.0,0,0,0,57,WEBER
276,570123,1140.25,2736.76224746557,0.41664196480931065,291.0,78.0,13.75,199.25,396.7628084113558,49.75,28.25,8.0,5.75,9.5,87.75,24.75,77.25,0.0,0.0,52.687364843091096,53.07544356826474,63002.0,364,53,0,57,WEBER
277,570124,121.5,272.6411740913142,0.44564068653587396,89.5,32.5,5.25,51.75,101.40782584332216,32.5,0.0,2.75,2.5,4.25,3.25,7.25,37.0,0.0,0.0,6.649755906693555,5.258069936628614,60933.0,0,0,0,57,WEBER
278,570125,647.0,1514.11706875482,0.4273117405195624,909.25,420.0,33.5,455.75,1031.6684962213144,260.5,159.5,26.0,7.5,21.75,159.0,147.5,127.5,0.0,0.0,92.62615416346274,29.792342057851585,77863.0,0,0,0,57,WEBER
279,570126,289.25,669.6635741095145,0.4319333038005395,98.25,2.0,6.75,89.5,237.49882148218907,2.0,0.0,4.75,2.0,8.25,25.0,11.75,44.5,2.013519594984694,0.0,123.96899228430892,13.266309602895456,77863.0,0,0,0,57,WEBER
280,570127,164.5,416.0716886558726,0.3953645597262826,0.0,0.0,0.0,0.0,13.94183716871182,0.0,0.0,0.0,0.0,0.0,0.0,0.0,0.0,0.0,0.0,6.180948128250338,7.760889040461484,68585.0,0,0,0,57,WEBER
281,570128,385.5,869.2903799093967,0.44346516297601196,1.0,0.0,0.0,1.0,51.76673483721029,0.0,0.0,0.0,0.0,0.0,1.0,0.0,0.0,1.006759797492347,0.0,31.984725910356183,17.77524912936176,82256.0,0,0,0,57,WEBER
282,570129,1004.25,2738.13518212437,0.36676421476782495,475.75,68.0,39.75,368.0,571.0370641017671,53.75,14.25,26.25,13.5,49.5,49.75,54.75,214.0,1.006759797492347,0.0,47.96392722105572,46.316377083219,75400.0,0,0,0,57,WEBER
283,570130,518.75,1373.9263126039996,0.37756755601893544,320.5,91.5,11.0,218.0,370.7948975744957,18.75,72.75,5.75,5.25,15.25,102.25,21.75,78.75,0.0,0.0,26.510711085044868,23.78418648945084,71576.0,515,0,0,57,WEBER
284,570131,387.0,1006.3498811855956,0.3845581017449613,8.0,0.0,0.0,8.0,41.515691092880985,0.0,0.0,0.0,0.0,2.5,0.0,4.25,1.25,0.0,0.0,15.740441963519228,17.77524912936176,71576.0,0,0,0,57,WEBER
285,570132,120.0,294.44463582517096,0.40754690491713025,5.0,0.0,0.0,5.0,44.48046822698088,0.0,0.0,0.0,0.0,0.0,0.0,1.0,4.0,1.7620981308766628,0.0,31.960344374785887,5.758025721318335,76600.0,0,0,0,57,WEBER
286,570133,311.5,820.4445997643834,0.37967219247887923,136.25,8.5,4.75,123.0,164.86225167514792,2.0,6.5,2.75,2.0,40.5,3.75,44.75,34.0,0.0,0.0,14.091166955292714,14.521084719855192,43190.0,0,0,0,57,WEBER
287,570134,165.25,427.40916625552177,0.3866318578231126,0.0,0.0,0.0,0.0,23.730601083365347,0.0,0.0,0.0,0.0,0.0,0.0,0.0,0.0,0.0,0.0,15.969321147059697,7.761279936305651,79548.0,0,0,0,57,WEBER
288,570135,991.75,2322.7516714595317,0.4269720315718558,672.5,200.0,96.75,375.75,770.8465874065514,149.5,50.5,39.75,57.0,13.0,224.5,15.75,122.5,0.0,0.0,52.781468642637,45.56511876391436,63006.0,860,1052,0,57,WEBER
289,570136,121.75,344.03407326062063,0.35388936580060526,229.5,57.5,17.75,154.25,251.32246665585956,53.25,4.25,15.5,2.25,14.5,17.25,15.5,107.0,1.006759797492347,0.0,15.30746358147161,5.508243276895558,71352.0,0,0,0,57,WEBER
290,570137,121.0,355.22489517650786,0.34062927920599784,0.0,0.0,0.0,0.0,9.830668853367868,0.0,0.0,0.0,0.0,0.0,0.0,0.0,0.0,0.0,0.0,3.822078895938422,6.008589957429447,77602.0,0,0,0,57,WEBER
291,570138,1852.25,5273.595814549491,0.3512309371320739,3.0,0.0,0.25,2.75,147.17672799792734,0.0,0.0,0.25,0.0,0.0,2.0,0.5,0.25,0.0,0.0,58.55477724017871,85.62195075774864,75400.0,0,0,0,57,WEBER
292,570139,161.0,439.0766984167293,0.3666785337972873,306.5,68.5,24.0,214.0,335.5728912891125,55.25,13.25,15.75,8.25,25.5,21.75,42.5,124.25,3.020279392477041,0.0,18.792416939367445,7.260194957267964,69984.0,0,0,0,57,WEBER
293,570140,548.75,1531.0677520550894,0.3584100045627866,224.75,18.5,21.5,184.75,276.05761615825287,18.25,0.25,9.0,12.5,22.75,49.5,21.5,91.0,1.006759797492347,0.0,24.76545648944105,25.53539987131945,75400.0,0,0,0,57,WEBER
294,570141,314.25,889.9191614355716,0.35312196165443627,1332.0,563.0,86.5,682.5,1399.2637268126691,457.5,105.5,53.25,33.25,70.25,133.0,115.5,363.75,0.0,0.0,52.49320705105083,14.770519761618337,68722.0,328,50,0,57,WEBER
295,570142,8.0,13.58157631345891,0.5890332473464258,0.0,0.0,0.0,0.0,1.2594351963500887,0.0,0.0,0.0,0.0,0.0,0.0,0.0,0.0,1.006759797492347,0.0,0.2526753988577417,0.0,66478.0,0,0,0,57,WEBER
296,570143,11.0,25.55232128733394,0.4304892646075409,0.0,0.0,0.0,0.0,3.362379927985663,0.0,0.0,0.0,0.0,0.0,0.0,0.0,0.0,2.013519594984694,0.0,0.3474286734293949,1.0014316595715744,80917.0,0,0,0,57,WEBER
297,570144,45.5,111.28285410743042,0.4088680180333543,0.0,0.0,0.0,0.0,7.469952224397932,0.0,0.0,0.0,0.0,0.0,0.0,0.0,0.0,4.027039189969388,0.0,1.4400497152853955,2.002863319143149,80917.0,0,0,0,57,WEBER
298,570145,37.75,77.02413222160715,0.4901061383124574,0.0,0.0,0.0,0.0,7.45445772963489,0.0,0.0,0.0,0.0,0.0,0.0,0.0,0.0,2.013519594984694,0.0,3.438074815507047,2.002863319143149,66478.0,0,0,0,57,WEBER
299,570146,23.75,45.08034361150596,0.5268371555610377,294.75,70.0,74.0,150.75,307.56869850364404,51.0,19.0,11.25,62.75,20.0,25.25,21.75,83.75,1.006759797492347,0.0,10.81050704658013,1.0014316595715744,66478.0,0,0,0,57,WEBER
300,570147,4.5,14.068416537358132,0.31986542252643896,1508.5,279.25,352.75,876.5,2162.2858796247747,258.0,21.25,350.5,2.25,67.5,153.75,79.75,575.5,1.006759797492347,0.0,652.7791198272821,0.0,77602.0,357,215,212,57,WEBER
301,570148,12.0,35.92104134339533,0.33406603904612014,0.0,0.0,0.0,0.0,2.387204555350534,0.0,0.0,0.0,0.0,0.0,0.0,0.0,0.0,1.006759797492347,0.0,0.3790130982866126,1.0014316595715744,77602.0,0,0,0,57,WEBER
302,570149,84.75,205.74925053476528,0.4119091553418799,14.5,0.0,0.0,14.5,24.666178159905115,0.0,0.0,0.0,0.0,2.75,5.5,1.5,4.75,3.020279392477041,0.0,3.140172129141773,4.005726638286298,80917.0,0,0,0,57,WEBER
303,570150,57.0,138.33103192263584,0.4120550480088827,153.75,51.75,9.0,93.0,171.65904825416007,16.5,35.25,5.0,4.0,8.75,7.5,12.0,64.75,1.006759797492347,0.0,13.89799347795301,3.0042949787147237,80917.0,0,0,0,57,WEBER
304,570151,81.0,192.03311773255052,0.42180224409422334,76.0,1.0,2.25,72.75,85.44666140067163,1.0,0.0,2.25,0.0,2.5,55.0,2.5,12.75,1.006759797492347,0.0,4.9348690480865,3.505032555092778,77602.0,439,0,0,57,WEBER
305,570152,2.0,5.189909428512575,0.38536317975267614,0.0,0.0,0.0,0.0,2.0766884446991294,0.0,0.0,0.0,0.0,0.0,0.0,0.0,0.0,2.013519594984694,0.0,0.0631688497144353,0.0,80917.0,0,0,0,57,WEBER
306,570153,28.0,68.86602332733548,0.40658656688959355,0.0,0.0,0.0,0.0,3.899315150558365,0.0,0.0,0.0,0.0,0.0,0.0,0.0,0.0,2.013519594984694,0.0,0.8843638960020962,1.0014316595715744,80917.0,0,0,0,57,WEBER
307,570154,94.25,230.20041116228552,0.4094258542985664,0.0,0.0,0.0,0.0,9.246306445992852,0.0,0.0,0.0,0.0,0.0,0.0,0.0,0.0,2.013519594984694,0.0,3.227060212721861,4.005726638286298,80917.0,0,0,0,57,WEBER
308,570155,256.0,713.8516964113844,0.35861790521328424,490.0,86.0,41.5,362.5,527.4385315557723,82.75,3.25,23.0,18.5,39.25,75.5,52.5,195.25,1.006759797492347,0.0,24.414417870683007,12.017353887597036,80917.0,0,0,0,57,WEBER
309,570156,203.75,478.0505703876743,0.426210138887125,308.75,49.25,87.0,172.5,336.452245469547,39.5,9.75,78.5,8.5,19.5,35.75,23.75,93.5,2.013519594984694,0.0,16.17475595938043,9.513969915181857,77602.0,0,0,0,57,WEBER
310,570157,0.0,0.0,0.0,176.25,57.25,44.0,75.0,181.81643385951244,56.25,1.0,19.5,24.5,6.25,0.25,4.5,64.0,0.0,0.0,5.566433859512431,0.0,80917.0,0,0,0,57,WEBER
311,570158,24.0,57.888124054264615,0.4145928097013868,1649.75,420.0,223.0,1006.75,1706.3524394018486,273.5,146.5,181.5,41.5,119.75,245.25,119.0,522.75,1.006759797492347,0.0,54.59424794478467,1.0014316595715744,77602.0,0,0,494,57,WEBER
312,570159,418.75,1367.6175360386214,0.30618940527256777,480.75,1.5,6.0,473.25,529.1953799419903,1.5,0.0,3.0,3.0,6.5,51.75,231.5,183.5,1.006759797492347,0.0,28.41141861263805,19.02720153185992,41462.0,0,0,0,57,WEBER
313,570160,716.75,1761.7007569177483,0.4068511619726029,77.0,17.5,1.5,58.0,135.11710868906707,0.0,17.5,0.5,1.0,1.0,44.75,1.5,10.75,0.0,0.0,25.069863923205094,33.047244765861954,43190.0,548,0,0,57,WEBER
314,570161,617.75,1531.5293247840295,0.4033549929493598,14.5,0.0,1.0,13.5,63.99888124758569,0.0,0.0,0.0,1.0,0.0,1.5,1.0,11.0,0.0,0.0,20.957709800543924,28.54117144704177,79834.0,0,0,0,57,WEBER
315,570162,0.0,0.0,0.0,1485.0,180.5,607.75,696.75,1531.9058995802525,178.75,1.75,339.0,268.75,67.75,4.75,48.0,576.25,0.0,0.0,46.90589958025223,0.0,41462.0,0,0,0,57,WEBER
316,570163,1195.0,3250.412701028288,0.3676456222380482,265.5,4.75,19.0,241.75,366.7082049829789,4.75,0.0,8.0,11.0,19.25,33.0,66.75,122.75,0.0,0.0,46.12946370654228,55.07874127643659,43476.0,0,0,0,57,WEBER
317,570164,551.75,1262.8053720895955,0.43692402027638316,7.5,0.0,1.0,6.5,59.19710133626013,0.0,0.0,0.0,1.0,0.0,0.25,1.0,5.25,0.0,0.0,26.4107891040442,25.28631223221593,65873.0,0,0,0,57,WEBER
318,570165,124.25,272.7582669581881,0.4555315642148681,0.0,0.0,0.0,0.0,10.425044525392943,0.0,0.0,0.0,0.0,0.0,0.0,0.0,0.0,0.0,0.0,4.666627908230442,5.758416617162502,61741.0,0,0,0,57,WEBER
319,570166,0.0,0.0,0.0,3204.5,288.75,2083.5,832.25,3305.6934528394654,274.0,14.75,1600.75,482.75,116.25,254.5,50.25,411.25,0.0,0.0,101.1934528394652,0.0,41462.0,0,0,0,57,WEBER
320,570167,736.0,1778.9193455481118,0.4137343280019406,47.0,0.0,1.0,46.0,105.72607887022464,0.0,0.0,0.0,1.0,0.0,26.75,0.0,19.25,0.0,0.0,24.67827122284853,34.04780764737612,66407.0,376,0,0,57,WEBER
321,570168,529.5,1152.8406962526958,0.4593002326523844,127.25,0.0,1.0,126.25,172.5302329135381,0.0,0.0,0.0,1.0,3.5,115.5,0.0,7.25,0.0,0.0,20.745179000626795,24.5350539129113,71102.0,0,0,0,57,WEBER
322,570169,335.0,625.0406725095122,0.5359651215255945,491.5,38.5,49.25,403.75,533.8793962937053,38.25,0.25,29.0,20.25,46.0,78.75,62.0,217.0,0.0,0.0,27.10774805986477,15.271648233840558,34275.0,0,0,0,57,WEBER
323,570170,372.75,758.879175521509,0.4911849106201164,212.75,43.0,72.5,97.25,248.26560204556017,43.0,0.0,5.75,66.75,6.75,10.75,11.75,68.0,0.0,0.0,18.49126383284341,17.024338212716764,32841.0,0,0,0,57,WEBER
324,570171,597.75,1424.41970122026,0.4196445749015718,482.5,127.25,51.0,304.25,544.1560754649627,118.75,8.5,37.75,13.25,34.5,62.25,43.0,164.5,0.0,0.0,34.11668308015209,27.53939238481056,32841.0,0,0,0,57,WEBER
325,570172,512.2500000314282,1122.4314562228774,0.4563753066536585,0.0,0.0,0.0,0.0,83.98379729189229,0.0,0.0,0.0,0.0,0.0,0.0,0.0,0.0,0.0,0.0,60.45013154392416,23.53366574796813,57133.0,0,0,0,57,WEBER
326,570173,0.0,0.0,0.0,4770.75,156.25,1799.5,2815.0,4922.420544851814,154.25,2.0,1411.5,388.0,327.25,630.5,241.0,1616.25,1.006759797492347,0.0,150.66378505432218,0.0,41462.0,0,0,13,57,WEBER
327,570174,549.75,1185.2466245835983,0.4638275179169049,166.0,0.0,32.75,133.25,213.89454530475217,0.0,0.0,2.75,30.0,3.5,76.75,2.75,50.25,0.0,0.0,22.608580475195865,25.2859648295563,71102.0,693,0,0,57,WEBER
328,570175,328.0,608.6735517625052,0.5388767082949916,531.75,108.25,13.25,410.25,575.1690283534351,55.75,52.5,10.25,3.0,8.75,26.0,21.25,354.25,0.0,0.0,28.397553459861417,15.021474893573616,34275.0,0,0,0,57,WEBER
329,570176,911.0,1945.7883291803355,0.4681907000561358,381.5,65.5,35.25,280.75,464.3877600050336,63.25,2.25,24.25,11.0,15.75,132.75,24.0,108.25,0.0,0.0,40.82763030302743,42.06012970200612,46053.0,462,839,0,57,WEBER
330,570177,440.25,1177.815441421356,0.37378521669635967,170.25,27.0,9.5,133.75,209.5610625556884,27.0,0.0,4.5,5.0,9.75,82.25,9.5,32.25,0.0,0.0,19.282429364256902,20.028633191431485,55023.0,392,0,0,57,WEBER
331,570178,326.5,621.9272422145197,0.5249810232422353,412.0,0.0,1.0,411.0,450.3457076852733,0.0,0.0,1.0,0.0,0.0,409.0,0.25,1.75,0.0,0.0,23.32423279169965,15.021474893573616,67626.0,435,0,0,57,WEBER
332,570179,399.0000000708635,867.6668909484259,0.4598538958133186,143.2500000254416,3.0000000005328085,12.500000002220036,127.75000002268877,179.40476256054055,3.0000000005328085,0.0,9.250000001642826,3.2500000005772094,7.750000001376422,54.750000009723756,12.750000002264436,52.50000000932415,0.0,0.0,17.878471916638116,18.276290618460834,47967.0,0,0,0,57,WEBER
333,570180,751.75,1967.5390122435776,0.38207628683447664,1018.75,121.5,209.0,688.25,1113.2091166513276,92.75,28.75,172.5,36.5,76.25,127.0,91.25,393.75,0.0,0.0,59.65957280243355,34.79954384889399,71102.0,0,0,0,57,WEBER
334,570181,314.0,591.4840795833858,0.5308680501107775,1102.5,545.25,58.75,498.5,1164.0172334383751,259.75,285.5,31.0,27.75,50.5,56.0,117.0,275.0,0.0,0.0,47.49719020437321,14.02004323400204,31607.0,0,0,0,57,WEBER
335,570182,465.0,1102.8944358238757,0.42161786740055435,745.75,444.5,59.0,242.25,805.7753327500969,24.25,420.25,16.0,43.0,20.75,24.0,29.5,168.0,0.0,0.0,38.99526789909383,21.03006485100306,50524.0,0,0,0,57,WEBER
336,570183,272.25,753.0517033485843,0.36152896114488525,154.5,2.0,6.5,146.0,187.48847259703092,2.0,0.0,3.25,3.25,8.0,94.0,12.0,32.0,0.0,0.0,20.22042525871161,12.768047338319356,39176.0,0,0,0,57,WEBER
337,570184,346.7499999525091,949.3576328205239,0.36524697117810206,439.49999993980606,0.9999999998630399,12.999999998219518,425.49999994172344,487.35393179317225,0.9999999998630399,0.0,3.9999999994521596,8.99999999876736,10.24999999859616,300.2499999588777,72.24999999010463,42.74999999414496,0.0,0.0,31.831025302415515,16.02290655095069,62358.0,0,0,1223,57,WEBER
338,570185,692.2499995375097,1666.6179088777255,0.41536215100656154,6.99999999532332,0.0,0.0,6.99999999532332,62.132653623969496,0.0,0.0,0.0,0.0,0.0,1.9999999986638055,0.0,4.999999996659514,0.0,0.0,23.086840543765508,32.04581308488066,67311.0,0,0,0,57,WEBER
339,570186,1.0,2.196578560956806,0.455253464535505,837.5,50.0,59.75,727.75,863.9756759625695,38.25,11.75,37.75,22.0,47.25,386.75,90.0,203.75,0.0,0.0,26.475675962569547,0.0,77602.0,0,0,0,57,WEBER
340,570187,562.5,1136.800794998998,0.49480964692718726,2720.5,244.5,1756.0,720.0,2850.206991608257,168.75,75.75,1610.0,146.0,97.0,163.75,133.25,326.0,0.0,0.0,103.66976845939602,26.03722314886093,28702.0,0,0,0,57,WEBER
341,570188,89.0,173.72083584176067,0.5123162087538455,499.5,149.0,31.0,319.5,522.0913604530458,85.5,63.5,18.75,12.25,43.25,151.0,35.5,89.75,0.0,0.0,18.58563381475944,4.005726638286298,28702.0,736,324,0,57,WEBER
342,570189,239.0,627.7160436809243,0.38074540615292385,71.0,65.25,0.5,5.25,91.80730601788107,0.0,65.25,0.5,0.0,1.0,0.25,1.0,3.0,0.0,0.0,9.791557762593762,11.015748255287315,38613.0,0,0,0,57,WEBER
343,570190,152.75,402.7208458875541,0.3792949919524408,193.5,138.25,4.0,51.25,211.94091369239817,8.75,129.5,1.75,2.25,3.5,2.75,2.5,42.5,0.0,0.0,11.430892075397129,7.01002161700102,37980.0,0,0,0,57,WEBER
344,570191,390.0,764.1587979093513,0.5103651244571079,433.75,70.25,56.5,307.0,478.7927499973552,64.0,6.25,34.75,21.75,40.75,28.5,60.0,177.75,0.0,0.0,27.01698012506684,18.025769872288336,33182.0,0,0,0,57,WEBER
345,570192,243.75,468.2123332921144,0.5205971365302035,48.25,0.0,1.25,47.0,69.23782855345242,0.0,0.0,0.25,1.0,2.0,9.0,25.75,10.25,0.0,0.0,9.972080298165103,11.015748255287315,63799.0,0,0,0,57,WEBER
346,570193,422.75,659.964157925079,0.6405650896695996,127.5,44.25,1.5,81.75,164.90888606698852,2.0,42.25,1.5,0.0,1.0,67.25,2.25,11.25,0.0,0.0,17.880946958750528,19.52793910823797,44259.0,0,716,0,57,WEBER
347,570194,733.75,1163.7331002430533,0.6305139897170163,323.0,158.75,12.75,151.5,390.422378553448,158.75,0.0,8.5,4.25,18.75,14.0,35.25,83.5,0.0,0.0,33.37370212801447,34.04867642543353,44259.0,0,0,0,57,WEBER
348,570195,213.0000004954129,422.5147830400752,0.5041243739753598,288.00000066985405,94.75000022037733,7.500000017444116,185.7500004320326,320.0896098101198,1.0000000023258822,93.75000021805145,5.500000012792352,2.0000000046517643,17.000000039539998,23.50000005465823,17.250000040121467,128.00000029771292,0.0,0.0,22.325465862106707,9.764143278159047,69985.0,0,0,0,57,WEBER
349,570196,227.0,459.62147840456447,0.4938846652422797,0.0,0.0,0.0,0.0,21.700652188793526,0.0,0.0,0.0,0.0,0.0,0.0,0.0,0.0,0.0,0.0,10.935424676432786,10.765227512360742,67576.0,0,0,0,57,WEBER
350,570197,259.0,497.4130453891734,0.5206940236104176,19.0,6.0,1.0,12.0,39.79767259380661,6.0,0.0,0.0,1.0,1.0,1.0,1.0,9.0,0.0,0.0,8.780492678947716,12.017179914858891,44259.0,0,0,0,57,WEBER
351,570198,2.75,7.933188421081097,0.3466449873662831,170.0,18.75,60.75,90.5,175.42879331447978,17.75,1.0,33.75,27.0,10.25,13.5,9.5,57.25,0.0,0.0,5.428793314479762,0.0,77602.0,0,0,0,57,WEBER
352,570199,49.25,98.68714299602767,0.4990518369954473,274.0,2.0,211.5,60.5,286.2112577340252,2.0,0.0,4.25,207.25,1.0,0.0,1.25,58.25,0.0,0.0,10.20839441488203,2.002863319143149,28702.0,0,0,0,57,WEBER
353,570200,485.4999882827234,858.4640102033445,0.5655449529767974,707.7499829188414,329.9999920356307,48.49999882947906,329.24999205373155,767.8358385162063,320.49999226490803,9.499999770722702,28.499999312168107,19.999999517310954,56.49999863640345,16.749999595747923,70.24999830455472,185.74999551702547,0.0,0.0,37.80375189526111,22.282103702103896,31804.0,0,0,0,57,WEBER
354,570201,8.0,18.962547927891563,0.4218842336178351,140.5,42.5,16.75,81.25,145.1867343782312,42.5,0.0,10.0,6.75,9.75,0.5,14.5,56.5,0.0,0.0,4.68673437823118,0.0,31804.0,0,0,0,57,WEBER
355,570202,43.5,90.94225841124722,0.47832548652233786,105.0,33.5,37.75,33.75,111.69123735352083,33.5,0.0,20.25,17.5,6.0,3.5,7.5,16.75,0.0,0.0,4.688374034377695,2.002863319143149,47780.0,0,0,0,57,WEBER
356,570203,307.5,579.8060929666321,0.5303497216227023,124.75,18.5,15.75,90.5,162.572039638334,8.5,10.0,11.5,4.25,14.75,5.5,21.5,48.75,0.0,0.0,23.55182306406501,14.270216574268986,31804.0,0,0,0,57,WEBER
357,570204,50.75,132.48062979203317,0.3830748697350463,4.75,0.0,0.5,4.25,8.508007737929377,0.0,0.0,0.5,0.0,0.0,0.25,0.5,3.5,0.0,0.0,1.7551444187862282,2.002863319143149,47780.0,0,0,0,57,WEBER
358,570205,110.0,204.288452215707,0.5384543218519843,211.0,150.25,34.5,26.25,226.029134214694,25.0,125.25,34.5,0.0,6.5,0.75,7.0,12.0,0.0,0.0,10.021975916836102,5.007158297857872,31804.0,0,0,0,57,WEBER
359,570206,184.25,405.3282841853934,0.4545698072126784,70.0,12.0,5.5,52.5,89.2946687968913,12.0,0.0,3.25,2.25,7.5,1.75,7.5,35.75,0.0,0.0,10.531957201014084,8.762711595877224,47780.0,0,0,0,57,WEBER
360,570207,411.0,677.7225266476004,0.6064428786704773,205.0,31.25,6.75,167.0,243.73184080140985,0.25,31.0,6.25,0.5,1.5,2.5,22.25,140.75,0.0,0.0,19.70463926954992,19.02720153185992,30412.0,0,0,0,57,WEBER
361,570208,167.25,409.8509867374063,0.4080751429474,299.0,0.0,0.25,298.75,321.9849134375367,0.0,0.0,0.25,0.0,0.0,298.0,0.0,0.75,0.0,0.0,14.97346016096414,8.011453276572595,53605.0,0,0,0,57,WEBER
362,570209,321.0,644.92999630001,0.497728438499667,279.0,126.75,12.75,139.5,312.97206210198067,100.25,26.5,6.5,6.25,14.5,10.75,20.75,93.5,0.0,0.0,18.950587208407065,15.021474893573616,69985.0,354,0,0,57,WEBER
363,570210,280.75,664.874801157906,0.42225994955901874,0.0,0.0,0.0,0.0,30.129407857745004,0.0,0.0,0.0,0.0,0.0,0.0,0.0,0.0,0.0,0.0,17.11079628331454,13.018611574430466,57928.0,0,0,0,57,WEBER
364,570211,2.0,3.593997080876486,0.5564834792554284,681.0,226.75,360.25,94.0,702.5702014061999,149.75,77.0,86.75,273.5,13.0,5.5,8.5,67.0,0.0,0.0,21.570201406199843,0.0,60702.0,0,0,0,57,WEBER
365,570212,0.0,0.0,0.0,2698.0,526.25,1062.75,1109.0,2782.874729074448,374.0,152.25,989.0,73.75,105.25,77.0,215.5,711.25,0.0,0.0,84.87472907444831,0.0,49643.0,0,0,0,57,WEBER
366,570213,82.0,229.3143836358199,0.35758768682485403,1145.25,144.5,453.75,547.0,1187.9344651931822,136.75,7.75,366.25,87.5,55.0,51.25,81.25,359.5,0.0,0.0,38.678738554896015,4.005726638286298,49643.0,0,0,0,57,WEBER
367,570214,0.0,0.0,0.0,28.0,3.0,5.25,19.75,28.882679102573203,3.0,0.0,2.75,2.5,1.75,2.75,4.5,10.75,0.0,0.0,0.8826791025732015,0.0,31804.0,0,0,0,57,WEBER
368,570215,180.25000277406463,336.32598915986523,0.5359383710557876,131.25000201994996,14.500000223156377,49.25000075796218,67.50000103883141,149.03519048696884,14.500000223156377,0.0,8.500000130815808,40.75000062714637,8.500000130815808,7.750000119273236,20.250000311649423,31.000000477092943,0.0,0.0,9.773735067149264,8.011453399869623,31804.0,0,0,0,57,WEBER
369,570216,9.0,14.582095199153631,0.6171952574087142,1216.5,70.5,213.75,932.25,1255.1608936450823,67.25,3.25,130.0,83.75,175.5,26.5,240.5,489.75,0.0,0.0,38.66089364508257,0.0,31804.0,0,0,0,57,WEBER
370,570217,91.75,193.02665461165824,0.4753229557057172,644.0,33.0,114.0,497.0,671.480615553705,22.0,11.0,48.0,66.0,51.0,26.75,61.25,358.0,0.0,0.0,23.224368172492028,4.256247381212873,31804.0,0,0,0,57,WEBER
371,570218,8.0,13.980858225150945,0.5722109380673323,886.75,25.25,166.5,695.0,914.9785560693816,22.5,2.75,115.25,51.25,107.75,61.25,156.25,369.75,0.0,0.0,28.22855606938157,0.0,31804.0,0,0,0,57,WEBER
372,570219,293.0,541.578825447567,0.5410108117832365,1139.5,221.0,50.25,868.25,1198.7367787376272,186.75,34.25,33.0,17.25,76.5,465.75,40.75,285.25,0.0,0.0,45.21673550362517,14.02004323400204,31804.0,747,293,229,57,WEBER
373,570220,169.0,310.7346952100594,0.5438723213246416,2091.25,250.5,167.0,1673.75,2170.6191676949143,54.0,196.5,105.5,61.5,324.25,72.0,172.75,1104.75,0.0,0.0,71.35771441834208,8.011453276572595,31804.0,0,0,0,57,WEBER
374,570221,216.75,460.15786317721575,0.47103400233872644,75.5,6.0,11.0,58.5,94.66120016173316,6.0,0.0,7.75,3.25,7.75,5.5,12.25,33.0,0.0,0.0,9.146883566017424,10.014316595715744,31804.0,0,0,0,57,WEBER
375,570222,186.0,350.6594090005226,0.5304292291205076,1456.5,44.75,142.75,1269.0,1517.115931963232,39.25,5.5,98.75,44.0,201.25,313.75,299.25,454.75,0.0,0.0,51.85322036735495,8.762711595877224,30513.0,0,0,0,57,WEBER
376,570223,261.25,549.7105648128352,0.4752500983657647,225.5,10.25,39.0,176.25,252.8846278598966,10.25,0.0,26.25,12.75,23.0,10.75,42.0,100.5,0.0,0.0,15.367447945037688,12.017179914858891,30591.0,0,0,0,57,WEBER
377,570224,788.0,1308.269641673911,0.602322315598309,346.25,5.0,21.0,320.25,419.8689290929634,5.0,0.0,11.25,9.75,40.25,28.75,159.75,91.5,0.0,0.0,37.06699917466831,36.5519299182951,21759.0,0,0,0,57,WEBER
378,570225,329.0,534.3244462120547,0.6157307649544288,60.25,3.25,0.25,56.75,87.56461913396089,3.25,0.0,0.25,0.0,0.0,54.0,0.75,2.0,0.0,0.0,12.29314424038727,15.021474893573616,30412.0,707,0,0,57,WEBER
379,570226,710.5,1630.6625329675517,0.43571247001487223,48.5,1.0,6.0,41.5,105.5174538357129,1.0,0.0,3.75,2.25,6.5,5.25,7.5,22.25,0.0,0.0,23.97020906985093,33.047244765861954,32903.0,0,0,0,57,WEBER
380,570227,479.75,1177.6446306495577,0.4073809598532136,41.0,1.0,7.5,32.5,80.97362265562546,1.0,0.0,3.25,4.25,3.25,6.75,6.5,16.0,0.0,0.0,17.942126145050835,22.031496510574637,53605.0,0,0,0,57,WEBER
381,570228,388.0,888.7471321217422,0.43656962253561576,39.25,16.0,1.75,21.5,70.77082961931997,16.0,0.0,1.75,0.0,2.0,4.0,2.0,13.5,0.0,0.0,13.495059747031627,18.025769872288336,60224.0,0,0,0,57,WEBER
382,570229,161.5,402.3048814831661,0.4014368391569162,1.0,0.0,0.0,1.0,13.143355621654536,0.0,0.0,0.0,0.0,1.0,0.0,0.0,0.0,0.0,0.0,5.133334004653517,7.01002161700102,57928.0,0,0,0,57,WEBER
383,570230,0.0,0.0,0.0,1965.25,112.0,1309.75,543.5,2027.305794527887,92.5,19.5,1055.0,254.75,255.5,88.75,58.25,141.0,0.0,0.0,62.055794527887066,0.0,49643.0,0,0,0,57,WEBER
384,570231,6.0,14.771048492578286,0.4062000069267053,1036.25,149.0,547.25,340.0,1069.1533771166016,131.0,18.0,312.75,234.5,85.25,37.25,35.5,182.0,0.0,0.0,32.90337711660163,0.0,49643.0,0,0,0,57,WEBER
385,570232,8.0,22.352624806037195,0.3578998023462233,432.75,60.75,201.0,171.0,446.665163884546,54.5,6.25,172.5,28.5,20.0,26.75,26.0,98.25,0.0,0.0,13.915163884546022,0.0,49643.0,0,0,0,57,WEBER
386,570233,6.0,14.771048492578286,0.4062000069267053,788.75,47.5,644.75,96.5,813.8533786323436,40.5,7.0,148.75,496.0,8.0,16.75,8.5,63.25,0.0,0.0,25.103378632343656,0.0,49643.0,0,0,0,57,WEBER
387,570234,323.25,888.7797673123333,0.36370089856737714,417.0,29.25,220.75,167.0,459.865626312264,16.25,13.0,193.5,27.25,42.0,14.0,14.25,96.75,0.0,0.0,28.09432475895729,14.771301553306673,49643.0,0,0,0,57,WEBER
388,570235,0.0,0.0,0.0,12.25,0.25,11.75,0.25,12.63581606921619,0.25,0.0,0.0,11.75,0.0,0.0,0.0,0.25,0.0,0.0,0.3858160692161897,0.0,31804.0,0,0,0,57,WEBER
389,570236,165.5,284.298403708221,0.5821348197573938,323.0,10.75,75.5,236.75,346.4435184367674,8.0,2.75,61.5,14.0,31.0,26.5,47.0,132.25,0.0,0.0,15.432065160194837,8.011453276572595,36446.0,0,0,0,57,WEBER
390,570237,122.0,194.9535479383013,0.6257900986680706,1014.5,219.25,103.0,692.25,1056.4022098518926,36.75,182.5,67.75,35.25,119.5,59.75,127.0,386.0,0.0,0.0,35.89361989446314,6.008589957429447,31804.0,0,0,0,57,WEBER
391,570238,77.0,157.93625845514185,0.48753845857295697,539.75,2.0,20.5,517.25,563.2274278024083,2.0,0.0,16.25,4.25,32.0,397.5,17.0,70.75,0.0,0.0,19.47170116412205,4.005726638286298,35436.0,0,0,0,57,WEBER
392,570239,359.5,608.8740740689365,0.5904340738267295,1396.75,315.75,162.0,919.0,1469.2514029981808,56.75,259.0,111.75,50.25,163.75,97.75,238.75,418.75,0.0,0.0,55.47706478546407,17.024338212716764,31804.0,0,0,0,57,WEBER
393,570240,331.75,623.589634352854,0.5320005043770203,761.0,54.25,76.0,630.75,810.5294648305403,52.25,2.0,53.0,23.0,109.5,32.0,133.25,356.0,0.0,0.0,34.5079899369666,15.021474893573616,27413.0,0,0,0,57,WEBER
394,570241,22.0,39.941647898240575,0.5508035135668276,8964.5,184.25,452.75,8327.5,9249.290890224718,65.0,119.25,300.75,152.0,1093.25,5565.75,555.5,1113.0,0.0,0.0,283.7894585651472,1.0014316595715744,31804.0,0,0,0,57,WEBER
395,570242,200.75,321.7529548011984,0.6239258940886415,790.5,30.75,84.0,675.75,830.8129146168161,26.75,4.0,50.25,33.75,102.25,92.0,153.25,328.25,0.0,0.0,31.300029680671926,9.012884936144168,26719.0,0,0,0,57,WEBER
396,570243,470.5,712.4913889738418,0.6603588580595096,1573.25,173.25,143.0,1257.0,1666.5860565002902,41.5,131.75,98.5,44.5,186.75,311.75,206.5,552.0,0.0,0.0,71.55508073264217,21.78097576764806,31804.0,0,0,0,57,WEBER
397,570244,634.5,1472.5317976789825,0.430890525420303,270.25,27.0,26.5,216.75,328.1169122903581,26.75,0.25,9.0,17.5,18.0,24.25,102.25,72.25,0.0,0.0,28.825394162782377,29.041518127575657,32440.0,0,0,0,57,WEBER
398,570245,760.5,1331.2114844026444,0.5712841339715904,436.5,22.5,23.75,390.25,509.9237811639832,19.5,3.0,16.5,7.25,138.5,62.25,51.75,137.75,0.0,0.0,38.37367307897807,35.0501080850051,25250.0,426,0,0,57,WEBER
399,570246,548.5,1106.4566495344309,0.495726606397815,111.75,57.0,6.5,48.25,157.89136610190772,57.0,0.0,5.0,1.5,5.0,6.5,4.5,32.25,0.0,0.0,21.10557461261837,25.03579148928936,54074.0,0,0,0,57,WEBER
400,570247,662.0,1228.3440590690489,0.5389369493932539,444.0,31.0,39.5,373.5,509.96701206207337,30.0,1.0,22.75,16.75,35.5,82.25,53.25,202.5,0.0,0.0,35.17319485146569,30.79381721060769,32208.0,0,0,0,57,WEBER
401,570248,322.5,731.9483518538833,0.44060485850288483,75.5,12.75,2.25,60.5,103.0903686246762,0.0,12.75,0.25,2.0,1.0,37.25,1.25,21.0,0.0,0.0,12.56889373110257,15.021474893573616,83523.0,666,0,0,57,WEBER
402,570249,357.0,752.4945502108028,0.4744220405317095,86.5,2.0,1.0,83.5,117.02740975247067,2.0,0.0,0.0,1.0,2.75,8.75,57.0,15.0,0.0,0.0,14.504503199325486,16.02290655314519,62434.0,0,0,0,57,WEBER
403,570250,235.25000127372638,484.0263925031032,0.4860272185926683,18.00000009745834,0.0,0.2500000013535881,17.750000096104753,37.26871870637541,0.0,0.0,0.2500000013535881,0.0,3.0000000162430567,0.0,2.2500000121822925,12.500000067679403,0.0,0.0,8.25297029398661,11.015748314930457,80777.0,0,0,0,57,WEBER
404,570251,199.50000001747836,402.03171575189214,0.49622950677999944,38.00000000332921,0.0,0.0,38.00000000332921,56.26382017369525,0.0,0.0,0.0,0.0,0.2500000000219027,36.5000000031978,1.0000000000876108,0.2500000000219027,0.0,0.0,9.00037099729918,9.263449173066858,88144.0,0,0,0,57,WEBER
405,570252,9.75,24.50106061577342,0.397941956591181,1646.25,713.0,256.75,676.5,1698.5644073058309,577.25,135.75,191.0,65.75,87.5,6.0,50.75,532.25,0.0,0.0,52.3144073058308,0.0,49643.0,0,0,0,57,WEBER
406,570253,2.0,2.996869860059192,0.667362979839404,164.5,86.5,6.75,71.25,169.7583052615862,57.0,29.5,5.75,1.0,7.0,2.0,5.0,57.25,0.0,0.0,5.258305261586191,0.0,49643.0,0,0,0,57,WEBER
407,570254,0.0,0.0,0.0,395.5,167.5,101.5,126.5,407.9920963708878,131.75,35.75,69.25,32.25,3.25,0.5,6.25,116.5,0.0,0.0,12.49209637088779,0.0,49643.0,0,0,0,57,WEBER
408,570255,0.0,0.0,0.0,730.5,181.0,386.25,163.25,753.5766794790521,169.25,11.75,31.0,355.25,24.5,0.0,14.75,124.0,0.0,0.0,23.076679479052167,0.0,49643.0,0,0,0,57,WEBER
409,570256,109.5,262.2235863076877,0.41758257348946093,1004.0,62.25,690.75,251.0,1044.3700174348546,60.0,2.25,352.0,338.75,35.25,41.25,43.0,131.5,0.0,0.0,35.36212083849295,5.00789659636167,38386.0,0,0,0,57,WEBER
410,570257,90.0,253.4608243134876,0.35508446026627544,154.25,41.5,16.75,96.0,165.97316089594202,41.5,0.0,7.0,9.75,17.0,3.25,19.75,56.0,0.0,0.0,7.717434257655723,4.005726638286298,38386.0,0,0,0,57,WEBER
411,570258,319.5,893.4075127862408,0.35761955818301305,98.5,5.75,20.25,72.5,128.9621233819754,5.75,0.0,15.25,5.0,11.5,5.5,15.0,40.5,0.0,0.0,15.44064848840178,15.021474893573616,38386.0,0,0,0,57,WEBER
412,570259,96.0,191.6841653735813,0.5008238412020188,700.25,36.25,18.25,645.75,731.4038644432077,31.0,5.25,14.5,3.75,4.0,6.25,12.5,623.0,0.0,0.0,27.14813780492138,4.005726638286298,26382.0,0,0,0,57,WEBER
413,570260,170.75,350.7538945494946,0.48680856478959383,439.0,44.75,60.75,333.5,466.2652924875481,32.0,12.75,36.0,24.75,59.5,15.25,71.75,187.0,0.0,0.0,19.25383921097549,8.011453276572595,26382.0,0,0,0,57,WEBER
414,570261,69.5,139.07036472168036,0.49974701755538936,203.25,23.0,68.0,112.25,214.86698875788048,18.75,4.25,5.5,62.5,12.75,36.75,19.5,43.25,0.0,0.0,8.61269377916577,3.0042949787147237,26382.0,0,0,251,57,WEBER
415,570262,417.5,1120.3796690623635,0.37264153530151284,90.0,3.0,14.0,73.0,125.5575933063922,3.0,0.0,8.0,6.0,7.25,7.0,12.0,46.75,0.0,0.0,16.53039177453228,19.02720153185992,34285.0,0,0,0,57,WEBER
416,570263,429.75,899.9948475383558,0.47750273368280033,27.5,6.0,3.25,18.25,61.96972659403696,6.0,0.0,2.25,1.0,1.75,1.25,3.75,11.5,0.0,0.0,14.441093402605471,20.028633191431485,30060.0,0,0,0,57,WEBER
417,570264,382.0,872.982635103347,0.437580296147331,464.5,71.5,35.5,357.5,514.4842059351524,49.0,22.5,23.5,12.0,35.5,63.75,78.5,179.75,0.0,0.0,32.45917363924211,17.525032295910282,49860.0,0,0,0,57,WEBER
418,570265,411.0,1047.2996997343157,0.3924378094486846,134.5,2.0,1.25,131.25,170.75643500847025,2.0,0.0,0.25,1.0,1.0,34.5,11.0,84.75,0.0,0.0,17.229233476610354,19.02720153185992,56499.0,0,0,0,57,WEBER
419,570266,522.0,1007.1987768355184,0.5182690964340256,29.0,0.0,0.0,29.0,70.43737792604475,0.0,0.0,0.0,0.0,8.25,1.5,13.25,6.0,0.0,0.0,17.403018096326967,24.034359829717783,30663.0,0,0,0,57,WEBER
420,570267,150.0,337.3828594685428,0.4445987571398417,157.0,0.0,0.0,157.0,173.70644004816688,0.0,0.0,0.0,0.0,0.0,157.0,0.0,0.0,0.0,0.0,9.69641843116584,7.01002161700102,83523.0,0,0,1205,57,WEBER
421,570268,108.0,242.7552474851521,0.4448925455529266,61.0,0.0,1.25,59.75,71.34492609872767,0.0,0.0,1.25,0.0,7.0,36.0,5.25,11.5,0.0,0.0,5.337767800869795,5.007158297857872,74368.0,0,0,0,57,WEBER
422,570269,0.0,0.0,0.0,3915.25,2.5,3332.75,580.0,4038.917526041852,2.25,0.25,3263.75,69.0,428.25,60.25,56.25,35.25,0.0,0.0,123.66752604185191,0.0,49643.0,0,0,0,57,WEBER
423,570270,37.0,79.65906347475587,0.46447947522914806,724.0,157.25,188.75,378.0,750.0192144309457,147.0,10.25,78.0,110.75,55.75,15.25,59.75,247.25,0.0,0.0,24.016351111802564,2.002863319143149,36574.0,0,0,0,57,WEBER
424,570271,16.5,42.42114289196349,0.38895698878320073,485.5,156.25,126.0,203.25,502.106550900833,154.25,2.0,113.25,12.75,22.25,12.75,58.0,110.25,0.0,0.0,15.855292581528374,0.7512583193046303,36574.0,0,0,0,57,WEBER
425,570272,144.25,356.1501320346268,0.4050258220484817,746.25,196.75,68.5,481.0,783.3768883320206,183.0,13.75,40.75,27.75,54.75,22.25,86.5,317.5,0.0,0.0,30.11686671501956,7.01002161700102,36574.0,0,0,0,57,WEBER
426,570273,180.75,448.06850012745286,0.40339814101769206,611.5,76.5,69.25,465.75,645.5339803584953,76.5,0.0,37.75,31.5,76.75,15.75,191.25,182.0,0.0,0.0,26.02252708192266,8.011453276572595,36574.0,0,0,0,57,WEBER
427,570274,108.75,283.9700012774758,0.38296298732533035,466.5,63.75,42.0,360.75,489.6726310107536,31.0,32.75,24.75,17.25,47.0,75.0,82.25,156.5,0.0,0.0,18.165472712895763,5.007158297857872,36641.0,551,0,0,57,WEBER
428,570275,58.0,136.9394364332046,0.42354490065607103,360.5,28.25,53.75,278.5,376.7171539252497,28.0,0.25,29.75,24.0,42.25,14.5,56.0,165.75,0.0,0.0,13.212858946534926,3.0042949787147237,36641.0,0,0,0,57,WEBER
429,570276,151.0,374.66239028266455,0.4030295111448946,535.75,63.25,62.0,410.5,564.9428154602139,63.25,0.0,35.75,26.25,57.5,38.0,79.0,236.0,0.0,0.0,22.18279384321285,7.01002161700102,36641.0,0,0,0,57,WEBER
430,570277,385.25,985.271277740384,0.39100906390322304,0.0,0.0,0.0,0.0,30.192576413246737,0.0,0.0,0.0,0.0,0.0,0.0,0.0,0.0,0.0,0.0,12.1668065409584,18.025769872288336,46361.0,0,0,0,57,WEBER
431,570278,241.0,642.8734945690414,0.3748793534590463,46.75,0.0,4.75,42.0,66.85794739094646,0.0,0.0,0.75,4.0,2.5,6.5,4.75,28.25,0.0,0.0,9.092199135659143,11.015748255287315,37492.0,494,0,0,57,WEBER
432,570279,839.5,1542.381783970539,0.544288067146957,367.75,46.25,39.25,282.25,445.1761556128018,15.0,31.25,25.25,14.0,31.75,57.75,34.5,158.25,0.0,0.0,38.37032088951037,39.0558347232914,58206.0,0,0,0,57,WEBER
433,570280,387.24999984540176,871.4505782987102,0.444374023598,371.99999985148986,5.999999997604675,18.249999992714223,347.749999861171,415.9958647883502,5.749999997704481,0.2499999999001948,13.49999999461052,4.749999998103702,14.749999994111494,169.74999993223227,57.24999997714461,105.9999999576826,0.0,0.0,25.970095071768263,18.025769865092073,74486.0,0,871,0,57,WEBER
434,570281,56.0,148.10246859796248,0.37811658732047915,1445.75,702.5,154.5,588.75,1495.6686958993562,459.5,243.0,34.25,120.25,105.0,56.0,84.75,343.0,0.0,0.0,47.41474760117538,2.503948298180835,51729.0,0,0,0,57,WEBER
435,570282,77.0,180.6578458213797,0.4262200717046718,340.75,10.5,34.75,295.5,357.94871121325,10.5,0.0,20.75,14.0,32.25,14.25,52.5,196.5,0.0,0.0,13.192984574963624,4.005726638286298,36641.0,0,0,0,57,WEBER
436,570283,506.5,952.8340994237687,0.5315720756701596,604.5,60.0,55.0,489.5,671.12834855999,34.75,25.25,35.25,19.75,62.5,68.75,78.75,279.5,0.0,0.0,43.3452470495768,23.283101510413157,56636.0,0,0,0,57,WEBER
437,570284,239.00000006903315,662.0060082788217,0.3610239138016582,4091.750001181868,41.75000001205914,17.00000000491031,4033.000001164898,4239.79875442002,0.7500000002166312,41.00000001184251,2.2500000006498935,14.750000004260414,14.000000004043782,3934.250001136375,23.250000006715567,61.50000001776376,0.0,0.0,137.03300497968306,11.015748258469122,96760.0,33,0,0,57,WEBER
438,570285,216.5,487.6275786779298,0.44398637293440446,0.0,0.0,0.0,0.0,25.06753802077105,0.0,0.0,0.0,0.0,0.0,0.0,0.0,0.0,0.0,0.0,15.052874022395669,10.014663998375376,109652.0,0,0,0,57,WEBER
439,570286,275.5,590.4609586895069,0.4665846165535752,1756.25,12.75,58.5,1685.0,1833.435731008737,12.0,0.75,38.75,19.75,184.25,59.25,432.25,1009.25,0.0,0.0,64.16711943430704,13.018611574430466,64041.0,0,0,0,57,WEBER
440,570287,172.0,363.7662324550195,0.4728311334430091,4955.5,229.25,33.5,4692.75,5125.450319649616,167.5,61.75,16.0,17.5,30.75,26.25,4201.25,434.5,0.0,0.0,161.9388663730432,8.011453276572595,76085.0,0,0,0,57,WEBER
441,570288,319.0,735.0704131645143,0.4339720308244884,380.5,154.0,18.75,207.75,421.29260058696855,31.75,122.25,4.75,14.0,8.5,106.25,11.0,82.0,0.0,0.0,26.020995124186776,14.771605462781768,85639.0,0,0,0,57,WEBER
442,570289,265.75,575.1284242621457,0.46207071114758563,604.0,30.0,48.75,525.25,643.4880544559961,1.5,28.5,0.75,48.0,1.0,2.25,2.25,519.75,0.0,0.0,27.470874541137302,12.017179914858891,79597.0,0,0,0,57,WEBER
443,570290,466.75,1038.4526081157103,0.44946682819442835,719.25,106.25,29.0,584.0,792.2507767276028,10.25,96.0,25.75,3.25,10.75,182.0,257.25,134.0,0.0,0.0,51.46997430022172,21.53080242738112,92070.0,630,0,0,57,WEBER
444,570291,466.75,1183.3820839990503,0.3944203704881969,0.0,0.0,0.0,0.0,37.52481113685948,0.0,0.0,0.0,0.0,0.0,0.0,0.0,0.0,0.0,0.0,15.994399605322538,21.53041153153695,106185.0,0,0,0,57,WEBER
445,570292,249.75,579.4228039844364,0.43103239686560285,0.0,0.0,0.0,0.0,23.250393920131447,0.0,0.0,0.0,0.0,0.0,0.0,0.0,0.0,0.0,0.0,11.73577558131784,11.514618338813609,109367.0,0,0,0,57,WEBER
446,570293,257.25,640.5901142658546,0.40158284411681905,200.0,51.0,15.5,133.5,227.69522111270663,2.75,48.25,12.25,3.25,7.25,23.25,9.75,93.25,0.0,0.0,15.928214538114664,11.767006574591948,127550.0,0,0,0,57,WEBER
447,570294,474.5,1227.815980961867,0.3864585633005675,233.5,82.75,24.25,126.5,297.3895711660724,76.25,6.5,21.25,3.0,15.25,2.25,8.75,100.25,0.0,0.0,42.10824799576468,21.781323170307694,60702.0,0,0,0,57,WEBER
448,570295,1054.25,2753.640891351945,0.3828567491538081,696.75,93.0,153.25,450.5,805.622788129248,79.5,13.5,42.0,111.25,49.5,95.75,66.25,239.0,0.0,0.0,60.05276665732327,48.82002147192473,60702.0,0,0,0,57,WEBER
449,570296,284.25,690.1116730158608,0.4118898594452077,0.0,0.0,0.0,0.0,29.25695350221012,0.0,0.0,0.0,0.0,0.0,0.0,0.0,0.0,2.013519594984694,0.0,13.974648992528012,13.26878491469741,88528.0,0,0,0,57,WEBER
450,570297,488.5,1146.10243595783,0.42622717191220943,167.0,0.0,113.75,53.25,248.83151643722343,0.0,0.0,0.0,113.75,0.0,52.75,0.25,0.25,1.006759797492347,0.0,58.04226222614239,22.782494413588704,60702.0,0,0,0,57,WEBER
451,570298,14.0,33.34113904359188,0.4199016710765549,694.0,138.0,91.5,464.5,716.8615157970314,53.75,84.25,35.75,55.75,54.75,111.0,78.0,220.75,0.0,0.0,22.36082171383793,0.5006940831935192,60702.0,0,0,0,57,WEBER
452,570299,109.5,256.2242470424619,0.42736002257371636,2.5,0.0,0.5,2.0,27.53958528204773,0.0,0.0,0.5,0.0,0.25,0.5,0.0,1.25,2.76867910798202,0.0,17.513530320630615,4.757375853435095,88528.0,0,0,0,57,WEBER
453,570300,367.25,970.6591723291926,0.37835113546472476,626.25,194.5,209.75,222.0,675.6577194843528,135.0,59.5,168.0,41.75,35.5,12.5,13.25,160.75,1.006759797492347,0.0,31.376621474143658,17.024338212716764,60702.0,0,0,0,57,WEBER
454,570301,201.25,542.1311309579771,0.37122015045396783,326.0,15.75,228.0,82.25,352.9162665008937,3.0,12.75,215.0,13.0,1.0,30.0,9.25,42.0,1.006759797492347,0.0,16.64610102433059,9.263405679070743,60702.0,0,0,0,57,WEBER
455,570302,673.25,1823.467730017032,0.36921410174542085,827.0,140.25,101.0,585.75,905.678704748186,61.0,79.25,51.25,49.75,72.5,85.25,87.5,340.5,0.0,0.0,47.38380255854043,31.29490218964538,60702.0,0,0,0,57,WEBER
456,570303,164.0,487.7362303909373,0.3362473193113999,4.5,0.25,0.5,3.75,20.82043865168233,0.25,0.0,0.5,0.0,0.0,0.0,1.25,2.5,1.2581812616003785,0.0,7.551541689887416,7.51071570019454,95539.0,0,0,0,57,WEBER
457,570304,158.0,416.5515012736129,0.379304838698006,502.25,135.0,51.75,315.5,533.3843959848621,97.25,37.75,38.0,13.75,35.0,66.75,42.75,171.0,3.020279392477041,0.0,20.85357423245742,7.260542359927596,60702.0,0,0,0,57,WEBER
458,570305,190.0,572.9369779614218,0.33162460673430905,174.25,1.0,2.75,170.5,223.78129959188232,1.0,0.0,2.75,0.0,7.25,118.0,19.75,25.5,3.020279392477041,0.0,37.99887283963914,8.512147359766114,95539.0,865,0,0,57,WEBER
459,570306,512.5,1328.0049206541912,0.38591724475503925,692.25,196.0,276.0,220.25,802.0147674738002,69.0,127.0,91.25,184.75,22.25,6.0,12.0,180.0,2.516899748551415,17.1,66.36359424942901,23.784273475819912,60702.0,0,0,0,57,WEBER
460,570307,366.5,978.8777266950342,0.37440835561496205,269.25,45.0,5.5,218.75,306.3508117725564,0.0,45.0,0.5,5.0,0.25,168.25,1.75,48.5,0.0,0.0,20.07647355983961,17.024338212716764,95539.0,785,215,0,57,WEBER
461,570308,393.75,1033.8187686395363,0.3808694637244389,0.0,0.0,0.0,0.0,48.303316840858216,0.0,0.0,0.0,0.0,0.0,0.0,0.0,0.0,4.027039189969388,0.0,26.00063834780864,18.27563930308019,95539.0,0,0,0,57,WEBER
462,570309,1121.0,3209.992006675929,0.34922205340967155,726.75,0.75,45.25,680.75,889.7689266729302,0.75,0.0,44.75,0.5,40.75,60.75,220.25,359.0,1.006759797492347,0.0,110.1891100987,51.823056776737886,95539.0,0,0,0,57,WEBER
463,570310,434.0,1207.7097968510363,0.3593578532952244,29.75,0.0,1.0,28.75,129.136087419562,0.0,0.0,0.25,0.75,5.0,1.25,0.0,22.5,5.537000066092872,0.0,73.82249562762755,20.026591725841577,95539.0,0,0,0,57,WEBER
464,570311,429.75,1141.4011802613063,0.3765109125799356,137.25,16.0,22.0,99.25,176.44939355179673,7.25,8.75,7.5,14.5,12.25,11.5,16.0,59.5,1.006759797492347,0.0,18.1640005628729,20.028633191431485,60702.0,0,0,0,57,WEBER
465,570312,786.75,1822.3297210043372,0.43172757977431214,88.75,59.75,12.25,16.75,155.46796077392133,18.25,41.5,9.25,3.0,4.5,0.25,1.5,10.5,2.013519594984694,0.0,28.652901434359947,36.05153974457667,67067.0,0,0,0,57,WEBER
466,570313,385.75,969.0157320911712,0.39808435221948096,33.25,0.5,2.5,30.25,76.22595362885971,0.5,0.0,1.5,1.0,3.0,5.0,2.75,19.5,0.7549804380617421,0.0,24.4457240614362,17.77524912936176,95539.0,0,0,0,57,WEBER
467,570314,724.75,1951.5010462611729,0.371380789873789,28.25,2.25,1.25,24.75,85.07993062649064,2.25,0.0,1.25,0.0,6.25,1.0,5.0,12.5,0.0,0.0,23.78268586062868,33.047244765861954,74477.0,0,0,0,57,WEBER
468,570315,337.75,931.987952074129,0.3623973885588768,15.0,0.0,1.5,13.5,41.59993790965858,0.0,0.0,0.5,1.0,1.0,4.0,1.25,7.25,0.0,0.0,11.077768932891448,15.522168976767134,74477.0,0,0,0,57,WEBER
469,570316,317.75,787.3971822580303,0.4035447511874296,1.0,0.0,0.0,1.0,25.35454439263918,0.0,0.0,0.0,0.0,0.0,0.25,0.0,0.75,0.0,0.0,10.084327818370197,14.270216574268986,102334.0,0,0,0,57,WEBER
470,570317,222.75,562.0274034937166,0.3963329877072272,196.75,0.25,6.25,190.25,220.2682501497951,0.25,0.0,1.5,4.75,0.0,186.0,0.0,4.25,0.0,0.0,13.253760213812436,10.264489935982688,102334.0,691,1078,0,57,WEBER
471,570318,156.0,420.7274365984096,0.37078637243452284,99.75,0.25,0.5,99.0,117.6015277292504,0.25,0.0,0.5,0.0,0.5,95.5,0.25,2.75,0.0,0.0,10.590941876138272,7.260585853112131,74477.0,611,0,0,57,WEBER
472,570319,312.0,843.2425127460932,0.37000032052931564,59.0,1.0,14.25,43.75,84.73378809718243,1.0,0.0,1.25,13.0,4.75,14.75,3.75,20.5,0.0,0.0,11.713744863180374,14.02004323400204,74477.0,0,0,0,57,WEBER
473,570320,647.25,1749.4002499168432,0.36998394165701454,283.25,35.25,19.0,229.0,353.90580380804164,8.5,26.75,13.0,6.0,32.75,21.5,25.25,149.5,1.006759797492347,0.0,39.857874640230186,29.79116937031908,74477.0,0,0,0,57,WEBER
474,570321,173.25,469.286879230032,0.3691771657546757,0.0,0.0,0.0,0.0,13.697902161616138,0.0,0.0,0.0,0.0,0.0,0.0,0.0,0.0,0.0,0.0,5.435928142116968,8.26197401949917,74477.0,0,0,0,57,WEBER
475,570322,284.0,884.021399032072,0.3212591915885246,0.0,0.0,0.0,0.0,29.76775826956311,0.0,0.0,0.0,0.0,0.0,0.0,0.0,0.0,4.7821987029667135,0.0,11.966947992165933,13.018611574430466,94980.0,0,0,0,57,WEBER
476,570323,47.5,147.77193495498645,0.3214412805413234,0.0,0.0,0.0,0.0,12.048664437235423,0.0,0.0,0.0,0.0,0.0,0.0,0.0,0.0,7.0473185824464295,0.0,2.998482535645844,2.002863319143149,94980.0,0,0,0,57,WEBER
477,570324,111.25,346.67279872301447,0.32090778512128615,0.0,0.0,0.0,0.0,11.79323505370127,0.0,0.0,0.0,0.0,0.0,0.0,0.0,0.0,3.2720587519076463,0.0,3.514018003935752,5.007158297857872,94980.0,0,0,0,57,WEBER
478,570325,31.5,99.47882725022929,0.31665029504986847,0.0,0.0,0.0,0.0,4.5084184264529705,0.0,0.0,0.0,0.0,0.0,0.0,0.0,0.0,2.013519594984694,0.0,0.992382192859016,1.5025166386092603,94980.0,0,0,0,57,WEBER
479,570326,114.75,355.7513334078102,0.32255676711254394,38.75,3.75,0.5,34.5,51.36388238736395,3.75,0.0,0.5,0.0,4.25,21.25,1.25,7.75,1.006759797492347,0.0,6.599964292013728,5.007158297857872,94980.0,0,0,0,57,WEBER
480,570327,133.0,411.4857473706079,0.32321897137353944,71.25,5.0,10.75,55.5,89.70619396615064,2.25,2.75,1.0,9.75,5.5,5.25,17.25,27.5,1.006759797492347,0.0,11.44084421122884,6.008589957429447,94980.0,0,0,0,57,WEBER
481,570328,97.25,299.57940461531666,0.3246217814100959,9.0,0.0,7.0,2.0,19.365793968558087,0.0,0.0,7.0,0.0,1.0,0.0,0.0,1.0,1.006759797492347,0.0,4.852613449585924,4.506420721479817,94980.0,0,0,0,57,WEBER
482,570329,63.5,191.87632660507,0.3309423373040649,0.0,0.0,0.0,0.0,8.768511105635962,0.0,0.0,0.0,0.0,0.0,0.0,0.0,0.0,1.006759797492347,0.0,4.7574563294288925,3.0042949787147237,94980.0,0,0,0,57,WEBER
483,570330,113.0,347.0292361143486,0.3256209801377245,0.0,0.0,0.0,0.0,9.57553432715182,0.0,0.0,0.0,0.0,0.0,0.0,0.0,0.0,1.006759797492347,0.0,3.5616162318016014,5.007158297857872,94980.0,0,0,0,57,WEBER
484,570331,224.25,735.5609947590334,0.304869346794909,1.5,0.0,0.0,1.5,26.1960211429836,0.0,0.0,0.0,0.0,0.0,0.25,0.0,1.25,6.040558784954083,0.0,8.140408185935714,10.515054172093798,102334.0,0,0,0,57,WEBER
485,570332,253.0,829.104803056056,0.30514839507315533,23.5,1.0,1.0,21.5,45.00714116423495,1.0,0.0,0.0,1.0,1.5,1.0,1.5,17.5,1.006759797492347,0.0,8.733374792150656,11.767006574591948,102334.0,0,0,0,57,WEBER
486,570333,81.0,206.18678303043555,0.3928476831031573,0.0,0.0,0.0,0.0,11.847864039182667,0.0,0.0,0.0,0.0,0.0,0.0,0.0,0.0,5.033798987461736,0.0,2.8083384134346354,4.005726638286298,94145.0,0,0,0,57,WEBER
487,570334,112.5,287.5251149429428,0.39127016790281005,0.0,0.0,0.0,0.0,13.590334017758252,0.0,0.0,0.0,0.0,0.0,0.0,0.0,0.0,5.033798987461736,0.0,3.5493767324386445,5.007158297857872,93962.0,0,0,0,57,WEBER
488,570335,100.5,255.18948430240573,0.39382500526904574,0.0,0.0,0.0,0.0,11.203286898912276,0.0,0.0,0.0,0.0,0.0,0.0,0.0,0.0,3.020279392477041,0.0,3.175849208577363,5.007158297857872,93962.0,0,0,0,57,WEBER
489,570336,168.5,469.70612775641007,0.3587349409403154,29.5,21.0,5.0,3.5,43.76519196694289,11.5,9.5,0.0,5.0,0.0,0.5,0.0,3.0,0.0,0.0,6.253738690370299,8.011453276572595,93962.0,0,0,0,57,WEBER
490,570337,107.0,296.17817581792696,0.36126902228534674,173.0,7.75,34.25,131.0,186.8570426856889,4.75,3.0,27.25,7.0,4.75,97.5,3.25,25.5,0.0,0.0,8.849884387831011,5.007158297857872,93962.0,668,0,0,57,WEBER
491,570338,168.25,411.266133720638,0.4091024915615534,19.5,16.25,0.0,3.25,44.99630959580124,16.25,0.0,0.0,0.0,0.0,1.25,0.5,1.5,1.006759797492347,0.0,16.72818287563416,7.761366922674722,93962.0,0,0,0,57,WEBER
492,570339,165.5,423.2491499153941,0.391022640052751,0.0,0.0,0.0,0.0,14.246300353290112,0.0,0.0,0.0,0.0,0.0,0.0,0.0,0.0,1.006759797492347,0.0,5.2280872792251705,8.011453276572595,93962.0,0,0,0,57,WEBER
493,570340,98.0,255.0897238154181,0.3841785491559527,45.0,0.25,15.75,29.0,59.54099522279709,0.25,0.0,0.25,15.5,3.5,5.5,3.0,17.0,2.2652989544152997,0.0,7.518711310790866,4.756984957590928,93962.0,0,0,0,57,WEBER
494,570341,246.25,675.6557084408771,0.3644607703651896,0.0,0.0,0.0,0.0,21.114942782236582,0.0,0.0,0.0,0.0,0.0,0.0,0.0,0.0,2.013519594984694,0.0,7.835067202668924,11.266355984582964,93962.0,0,0,0,57,WEBER
495,570342,70.75,224.6453958753316,0.31494079691383114,15.0,0.0,1.5,13.5,21.725342365802057,0.0,0.0,1.5,0.0,0.75,4.5,1.25,7.0,1.006759797492347,0.0,2.7139401869353588,3.0046423813743544,102334.0,0,0,0,57,WEBER
496,570343,453.75,1463.2460373187553,0.3100982257443521,99.75,0.0,0.0,99.75,137.96342381702843,0.0,0.0,0.0,0.0,4.5,94.75,0.0,0.5,0.0,0.0,17.43318490363268,20.78023891339575,102334.0,842,0,0,57,WEBER
497,570344,671.75,1589.1248717262504,0.4227169380781793,101.0,21.75,28.5,50.75,156.45281522183956,21.75,0.0,1.25,27.25,4.25,2.75,5.75,38.0,0.0,0.0,24.40843377512075,31.04438144671881,67182.0,0,0,0,57,WEBER
498,570345,725.5,1451.3037314736127,0.49989535909436944,52.75,15.75,4.25,32.75,110.63031834011404,10.0,5.75,2.25,2.0,1.25,3.75,2.25,25.5,0.0,0.0,24.582900233985136,33.297418106128895,48340.0,0,0,0,57,WEBER
499,570346,524.75,1329.08312796769,0.39482105291818637,276.25,146.75,4.25,125.25,325.8474414216348,81.5,65.25,3.25,1.0,4.5,87.0,3.5,30.25,0.0,0.0,25.313299147494188,24.28414227414056,74238.0,550,0,0,57,WEBER
500,570347,814.0,1787.9849221224522,0.45526110982733015,259.0,116.0,9.0,134.0,332.11972741754164,41.5,74.5,4.0,5.0,20.75,12.5,12.25,88.5,0.0,0.0,35.31593208311742,37.80379533442418,71613.0,0,0,0,57,WEBER
501,570348,364.0,801.1568030014137,0.4543430182909621,51.0,0.0,0.0,51.0,81.13358189053221,0.0,0.0,0.0,0.0,0.0,51.0,0.0,0.0,0.0,0.0,13.10924367781544,17.024338212716764,70658.0,441,0,0,57,WEBER
502,570349,436.5,1168.8818798454697,0.3734337981676188,737.5,97.25,119.0,521.25,794.6013693340235,48.75,48.5,51.0,68.0,43.25,144.0,24.0,310.0,0.0,0.0,37.07273614259199,20.028633191431485,68303.0,507,0,0,57,WEBER
503,570350,729.0,1762.1863893512648,0.41369063136866907,190.75,35.75,11.25,143.75,253.59083417252688,35.75,0.0,8.0,3.25,16.0,9.0,14.5,104.25,0.0,0.0,29.042331087360303,33.79850308516658,74477.0,0,0,0,57,WEBER
504,570351,499.7500000065778,1187.6792064392887,0.4207786052808392,419.50000000552154,4.75000000006252,8.500000000111879,406.25000000534715,471.5630423329916,4.75000000006252,0.0,5.0000000000658105,3.5000000000460676,16.750000000220467,313.250000004123,11.250000000148074,65.00000000085554,0.0,0.0,29.030114157020634,23.032928170449374,58199.0,0,846,1835,57,WEBER
505,570352,747.0,1683.6924252788083,0.4436677321728176,315.25,48.75,42.75,223.75,387.3626030887594,23.5,25.25,34.0,8.75,24.0,37.25,33.75,128.75,0.0,0.0,37.563579982792,34.549023105967414,52663.0,0,0,0,57,WEBER
506,570353,635.5,2118.000270063478,0.3000471760945307,9.75,3.0,1.75,5.0,61.67145658011542,1.0,2.0,0.0,1.75,0.0,0.25,0.25,4.5,0.0,0.0,22.62976511227281,29.2916914678426,78915.0,0,0,0,57,WEBER
507,570354,107.0,322.6797571545066,0.3315981174138727,165.25,17.5,1.5,146.25,180.356705052101,11.0,6.5,1.5,0.0,4.25,94.0,4.5,43.5,0.0,0.0,10.09954675424314,5.007158297857872,79237.0,0,0,0,57,WEBER
508,570355,421.5,1147.9094415632826,0.3671892439755347,56.0,0.0,1.25,54.75,90.59614237497168,0.0,0.0,1.25,0.0,2.0,1.25,1.0,50.5,0.0,0.0,15.3184201001852,19.277722274786488,84072.0,0,0,0,57,WEBER
509,570356,429.25,1151.4629110630397,0.3727866489453082,91.5,12.75,14.0,64.75,127.97135366526598,12.75,0.0,11.0,3.0,6.75,5.75,7.5,44.75,0.0,0.0,16.4427204738345,20.028633191431485,62368.0,0,0,0,57,WEBER
510,570357,477.0,1110.1102275551964,0.42968706004132623,0.0,0.0,0.0,0.0,37.347267167467486,0.0,0.0,0.0,0.0,0.0,0.0,0.0,0.0,0.0,0.0,15.315770656892854,22.031496510574637,85552.0,0,0,0,57,WEBER
511,570358,398.5,947.687682577799,0.4204971820632329,295.0,9.0,5.0,281.0,334.9300474192682,9.0,0.0,0.0,5.0,0.5,192.75,26.0,61.75,0.0,0.0,21.904277546979863,18.025769872288336,56266.0,448,0,0,57,WEBER
512,570359,439.2500000840202,1017.7386721573268,0.4315940939464653,363.50000006953064,33.500000006407916,22.75000000435164,307.2500000587711,408.88288966420964,10.50000000200845,23.000000004399464,15.000000002869214,7.7500000014824275,23.750000004542922,31.25000000597753,48.75000000932495,203.5000000389257,0.0,0.0,25.354256399416336,20.028633195262582,56202.0,0,0,0,57,WEBER
513,570360,583.25,1340.753625145143,0.4350165377601425,0.0,0.0,0.0,0.0,45.45375960261825,0.0,0.0,0.0,0.0,0.0,0.0,0.0,0.0,0.0,0.0,18.415104794185748,27.038654808432504,79026.0,0,0,0,57,WEBER
514,570361,218.0,675.0897105287743,0.32292004543995817,339.5,113.25,11.25,215.0,371.3750279961115,16.0,97.25,7.75,3.5,20.25,26.25,25.25,143.25,0.0,0.0,21.86071140039573,10.014316595715744,79237.0,0,0,0,57,WEBER
515,570362,331.25,897.973088482706,0.36888633328612225,97.5,1.75,3.75,92.0,127.0677327599451,1.75,0.0,1.75,2.0,5.75,13.5,36.5,36.25,0.0,0.0,14.296084526104554,15.271648233840558,84072.0,0,0,0,57,WEBER
516,570363,414.75,1020.7496049605948,0.4063190404232496,668.0,13.25,21.0,633.75,721.2240064218022,13.25,0.0,13.5,7.5,31.0,184.0,111.0,307.75,0.0,0.0,34.19680488994228,19.02720153185992,70540.0,533,0,0,57,WEBER
517,570364,608.25,1540.5722854353671,0.394820811558419,138.0,0.0,1.75,136.25,189.8592564392744,0.0,0.0,0.5,1.25,2.5,117.25,2.25,14.25,0.0,0.0,23.819169971270263,28.04008646800408,52472.0,0,946,0,57,WEBER
518,570365,260.25,550.8982225127977,0.4724103098625522,607.0,166.5,40.25,400.25,651.1526586019392,39.75,126.75,23.75,16.5,30.75,38.5,48.0,283.0,0.0,0.0,32.38565202734724,11.767006574591948,45697.0,0,0,0,57,WEBER
519,570366,139.0,263.9697714696297,0.5265754454615356,1026.5,353.0,116.75,556.75,1069.8672894839494,283.75,69.25,51.0,65.75,102.25,46.75,100.25,307.5,0.0,0.0,36.85796195014197,6.509327533807501,45697.0,0,0,0,57,WEBER
520,570367,695.75,1569.2707697669537,0.44335879658506805,0.0,0.0,0.0,0.0,54.258398077581,0.0,0.0,0.0,0.0,0.0,0.0,0.0,0.0,0.0,0.0,21.96206422836405,32.29633384921695,80671.0,0,0,0,57,WEBER
521,570368,444.25,1005.9945468875704,0.4416027913615015,367.75,158.5,6.25,203.0,413.938827949203,138.0,20.5,4.25,2.0,12.5,18.25,63.25,109.0,0.0,0.0,25.65945718139344,20.52937076780954,81022.0,0,0,0,57,WEBER
522,570369,358.5,1086.8985396522548,0.329837594698305,587.0,166.25,27.25,393.5,633.6236844161148,148.0,18.25,18.75,8.5,42.75,40.0,91.25,219.5,0.0,0.0,29.84951954366499,16.77416487244982,73142.0,0,0,0,57,WEBER
523,570370,611.25,1400.0460750515674,0.43659277426100856,40.0,6.75,4.0,29.25,89.1096713261962,6.75,0.0,4.0,0.0,3.5,0.0,5.25,20.5,0.0,0.0,21.06958485819213,28.04008646800408,62309.0,0,0,0,57,WEBER
524,570371,478.0,1323.0105043596675,0.3612972069570607,3.0,1.0,1.0,1.0,40.22360486689636,1.0,0.0,0.0,1.0,0.0,0.0,0.0,1.0,0.0,0.0,15.192108356321723,22.031496510574637,66232.0,0,0,0,57,WEBER
525,570372,343.75,889.5470613569876,0.3864326182761098,57.0,0.0,0.25,56.75,85.68719693359503,0.0,0.0,0.25,0.0,0.0,56.5,0.0,0.25,0.0,0.0,12.664290380449836,16.02290655314519,57492.0,357,0,0,57,WEBER
526,570373,396.25,958.5981707902364,0.4133640268407196,1380.0,260.75,85.5,1033.75,1456.1140680813362,156.75,104.0,51.25,34.25,94.25,63.25,285.75,590.5,0.0,0.0,57.837733972936825,18.27633410839945,59752.0,0,0,0,57,WEBER
527,570374,0.0,0.0,0.0,343.25,0.0,178.0,165.25,354.09333450152155,0.0,0.0,178.0,0.0,88.25,77.0,0.0,0.0,0.0,0.0,10.843334501521538,0.0,59752.0,0,0,0,57,WEBER
528,570375,348.5,835.691293341247,0.41702002016394485,0.0,0.0,0.0,0.0,27.03092101260001,0.0,0.0,0.0,0.0,0.0,0.0,0.0,0.0,0.0,0.0,11.008014459454824,16.02290655314519,64688.0,0,0,0,57,WEBER
529,570376,313.75,674.7595200197544,0.46498047184397573,97.0,1.25,33.5,62.25,124.24236214917026,1.25,0.0,3.75,29.75,4.5,26.75,5.25,25.75,0.0,0.0,12.971798172241652,14.270563976928615,51688.0,0,0,0,57,WEBER
530,570377,666.0,1591.743197105652,0.4184092014409246,172.5,4.75,13.5,154.25,230.2804940169216,4.75,0.0,2.0,11.5,13.0,106.5,5.75,29.0,0.0,0.0,26.736112570202785,31.04438144671881,64365.0,456,0,0,57,WEBER
531,570378,310.75,670.7611457243127,0.4632796666605378,74.25,22.25,4.25,47.75,100.4307963491022,21.75,0.5,3.0,1.25,3.25,9.25,7.5,27.75,0.0,0.0,12.160753115100167,14.02004323400204,51729.0,0,0,0,57,WEBER
532,570379,0.0,0.0,0.0,2456.25,1045.0,145.25,1266.0,2533.8219683564,551.25,493.75,88.5,56.75,138.0,243.0,193.75,691.25,0.0,0.0,77.57196835639934,0.0,51729.0,0,0,0,57,WEBER
533,570380,125.5,289.7589303491813,0.43311866125666276,1030.75,438.0,91.25,501.5,1073.2536009346236,155.5,282.5,59.25,32.0,67.75,65.0,94.75,274.0,0.0,0.0,36.49501097719419,6.008589957429447,34543.0,0,0,0,57,WEBER
534,570381,3.0,5.392104134339533,0.5563690769424399,5739.25,223.25,338.0,5178.0,5940.363416739429,182.25,41.0,325.75,12.25,399.5,371.25,1443.75,2963.5,0.0,0.0,201.11341673942903,0.0,54586.0,0,0,0,57,WEBER
535,570382,312.25,741.0276899467106,0.42137426743453377,1990.75,585.5,263.75,1141.5,2079.5136568864477,474.75,110.75,65.25,198.5,133.75,238.25,167.5,602.0,0.0,0.0,74.24326697191151,14.52038991453593,63722.0,0,0,0,57,WEBER
536,570383,290.25,600.6254817085843,0.4832462305367616,1452.5,842.75,80.75,529.0,1558.6151979998406,615.25,227.5,42.0,38.75,65.5,115.75,81.75,266.0,0.0,0.0,92.59702153656453,13.51817646327602,34543.0,0,0,0,57,WEBER
537,570384,692.0,1466.2394939876535,0.47195564083327507,825.0,183.75,53.0,588.25,911.4424918366104,183.0,0.75,18.25,34.75,35.0,91.25,151.5,310.5,0.0,0.0,54.39628783447598,32.046204002134544,54586.0,487,302,252,57,WEBER
538,570385,1102.75,2024.309394203933,0.5447536839760903,2337.0,1106.0,222.75,1008.25,2560.160261501041,830.5,275.5,63.0,159.75,123.25,157.75,146.25,581.0,0.0,0.0,172.0868565098633,51.0734049911778,34543.0,0,0,0,57,WEBER
539,570386,227.5,469.2967422261009,0.4847679080848883,44.0,0.0,0.0,44.0,63.8491339756392,0.0,0.0,0.0,0.0,0.0,0.0,1.0,43.0,1.006759797492347,0.0,8.57788424216416,10.264489935982688,54586.0,0,0,0,57,WEBER
540,570387,0.0,0.0,0.0,90.0,0.0,2.0,88.0,92.8425982371496,0.0,0.0,2.0,0.0,0.0,86.75,0.0,1.25,0.0,0.0,2.842598237149595,0.0,54586.0,0,0,0,57,WEBER
541,570388,0.0,0.0,0.0,3484.0,0.0,1374.0,2110.0,3594.0382882744725,0.0,0.0,1374.0,0.0,276.25,1833.75,0.0,0.0,0.0,0.0,110.03828827447263,0.0,54586.0,0,0,0,57,WEBER
542,570389,337.5,807.7461676052317,0.4178292804540371,93.75,33.75,6.5,53.5,123.14606237889168,9.0,24.75,1.75,4.75,6.75,13.5,5.75,27.5,0.0,0.0,13.62367656867306,15.772385810218612,52605.0,0,0,0,57,WEBER
543,570390,850.75,2276.444064066361,0.37371882464808925,268.5,7.5,11.25,249.75,342.8995066375974,7.5,0.0,6.0,5.25,14.25,118.5,21.0,96.0,0.0,0.0,35.34367191430603,39.0558347232914,70637.0,534,0,0,57,WEBER
544,570391,526.75,1215.077047994554,0.4335116039508639,0.0,0.0,0.0,0.0,40.672317917973366,0.0,0.0,0.0,0.0,0.0,0.0,0.0,0.0,0.0,0.0,16.63795808825558,24.034359829717783,33647.0,0,0,0,57,WEBER
545,570392,393.0,757.3971964643888,0.5188823009044212,198.5,0.0,0.0,198.5,235.45750083547443,0.0,0.0,0.0,0.0,1.0,166.5,1.5,29.5,0.0,0.0,18.931730963186105,18.025769872288336,32690.0,0,0,1381,57,WEBER
546,570393,439.25,1136.9470391823638,0.3863416543270889,11.75,0.0,1.0,10.75,46.02491616410676,0.0,0.0,1.0,0.0,0.0,2.0,2.25,6.5,0.0,0.0,14.246282972675278,20.028633191431485,66420.0,0,0,0,57,WEBER
547,570394,426.0,1098.9786297941887,0.3876326513098614,124.5,0.0,0.0,124.5,162.41540273547167,0.0,0.0,0.0,0.0,0.0,124.25,0.25,0.0,0.0,0.0,17.886769544040177,20.028633191431485,84419.0,486,651,0,57,WEBER
548,570395,372.25,830.7173227555915,0.44810670224764426,599.5,32.75,26.75,540.0,647.4845536559385,32.0,0.75,15.75,11.0,70.75,18.75,103.0,347.5,0.0,0.0,30.709998609770345,17.274555046168242,23450.0,0,0,0,57,WEBER
549,570396,42.25,117.41016997972444,0.35984957697698716,2019.0,38.0,15.0,1966.0,2086.2285830380124,28.75,9.25,13.25,1.75,2.25,0.0,1939.75,24.0,0.0,0.0,65.22571971886924,2.002863319143149,102339.0,0,0,0,57,WEBER
550,570397,108.0,243.5525676125735,0.44343609701458325,876.75,15.5,68.0,793.25,912.8551793989312,15.5,0.0,41.5,26.5,51.75,348.25,97.25,296.0,0.0,0.0,31.098021101073325,5.007158297857872,49500.0,0,0,0,57,WEBER
551,570398,387.75,857.6104164680636,0.45212837035829,16.0,0.0,0.25,15.75,48.795097760853054,0.0,0.0,0.25,0.0,0.0,15.75,0.0,0.0,2.013519594984694,0.0,12.755808293580028,18.025769872288336,91104.0,0,0,0,57,WEBER
552,570399,405.0,811.1024156444222,0.49932042142696226,105.5,1.75,30.0,73.75,154.3979747027727,1.5,0.25,3.75,26.25,6.75,17.5,14.75,34.75,1.006759797492347,0.0,29.363969158110155,18.52724574717019,69448.0,0,0,0,57,WEBER
553,570400,65.0,192.78289934634265,0.33716683492359323,1145.0,414.75,106.0,624.25,1186.220347908745,367.25,47.5,58.25,47.75,90.0,47.5,131.75,355.0,0.0,0.0,38.21605293003023,3.0042949787147237,45635.0,0,0,0,57,WEBER
554,570401,305.5,741.8642319227516,0.4118004169148445,1597.25,490.5,133.25,973.5,1671.3498929972372,341.75,148.75,78.5,54.75,126.0,52.25,200.75,594.5,0.0,0.0,60.07984976323514,14.02004323400204,45635.0,0,0,0,57,WEBER
555,570402,133.0,266.160463478234,0.49969855876388053,379.25,55.75,36.5,287.0,402.68142589892,19.0,36.75,24.75,11.75,38.5,13.75,62.75,172.0,0.0,0.0,17.422835941490582,6.008589957429447,50734.0,0,0,0,57,WEBER
556,570403,313.0,628.7577457328183,0.49780698866015227,91.25,8.75,3.0,79.5,118.04073205960285,1.0,7.75,1.75,1.25,4.25,40.5,8.0,26.75,0.0,0.0,12.770688825600784,14.02004323400204,50602.0,0,0,0,57,WEBER
557,570404,326.0,554.8446288518153,0.5875518713673377,27.25,0.0,1.5,25.75,53.42892371295605,0.0,0.0,1.5,0.0,9.5,3.0,6.5,6.75,0.0,0.0,11.15744881938244,15.021474893573616,49995.0,0,0,0,57,WEBER
558,570405,158.5,375.1849081241283,0.4224583573803053,152.5,0.25,0.25,152.0,169.3348485978809,0.25,0.0,0.25,0.0,1.0,1.0,0.75,149.25,0.0,0.0,9.824826980879871,7.01002161700102,46017.0,0,0,0,57,WEBER
559,570406,0.0,0.0,0.0,213.75,52.0,12.0,149.75,220.4979139760173,30.5,21.5,6.5,5.5,10.5,7.75,65.75,65.75,0.0,0.0,6.747913976017296,0.0,46276.0,0,0,0,57,WEBER
560,570407,460.0,1062.013248942402,0.433139605798786,9.0,0.0,0.0,9.0,44.84450398289318,0.0,0.0,0.0,0.0,0.0,0.0,0.0,9.0,0.0,0.0,14.81443913189012,21.03006485100306,46276.0,0,0,0,57,WEBER
561,570408,553.75,1238.2902539286,0.44718917737030767,323.0,6.0,24.75,292.25,376.731459867854,6.0,0.0,12.0,12.75,22.75,110.0,29.75,129.75,0.0,0.0,27.694236718993057,26.03722314886093,61134.0,605,0,0,57,WEBER
562,570409,187.75,458.46185393908416,0.4095215302796955,159.25,4.25,13.5,141.5,194.4758730318027,4.25,0.0,6.5,7.0,13.75,8.5,19.0,100.25,0.0,0.0,26.463161435925485,8.762711595877224,96136.0,0,0,0,57,WEBER
563,570410,498.25,1120.0008930227957,0.4448657167185482,84.25,1.0,3.5,79.75,127.428305890691,1.0,0.0,1.75,1.75,11.5,28.0,6.25,34.0,0.0,0.0,20.14537772054479,23.03292817014621,83788.0,0,0,0,57,WEBER
564,570411,403.0,989.4791684715078,0.4072849766231379,8.0,0.0,0.0,8.0,46.75477415534948,0.0,0.0,0.0,0.0,2.0,0.0,1.0,5.0,0.0,0.0,20.22791930402345,18.52685485132603,108175.0,0,0,0,57,WEBER
565,570412,288.25,646.4678395153599,0.4458845164147586,194.5,0.0,2.0,192.5,223.01442063046824,0.0,0.0,2.0,0.0,1.0,168.25,2.25,21.0,0.0,0.0,15.49580905603776,13.018611574430466,46344.0,469,856,0,57,WEBER
566,570413,373.75,900.2086684092021,0.4151815163704987,420.0,52.0,134.0,234.0,463.3526062986258,33.25,18.75,131.75,2.25,3.0,1.0,105.5,124.5,0.0,0.0,26.32826808590903,17.024338212716764,108698.0,0,0,0,57,WEBER
567,570414,172.5,430.44762318230113,0.4007456208602263,0.0,0.0,0.0,0.0,16.711358506228443,0.0,0.0,0.0,0.0,0.0,0.0,0.0,0.0,0.0,0.0,8.69990522965585,8.011453276572595,110837.0,0,0,0,57,WEBER
568,570415,961.75,2312.491276534337,0.4158934607707349,536.5,74.5,20.0,442.0,713.8860673063715,15.25,59.25,10.25,9.75,21.25,74.25,58.75,287.75,0.0,85.5,47.57290094495534,44.313166361416215,69448.0,0,0,0,57,WEBER
569,570416,249.25,599.3035369050262,0.4158994310081963,1133.75,198.5,39.25,896.0,1189.4553810743826,114.0,84.5,21.5,17.75,122.0,47.5,319.25,407.25,0.0,0.0,43.93837449979058,11.767006574591948,101315.0,0,0,0,57,WEBER
570,570417,1205.75,2556.098663856838,0.4717149682245332,1048.0,73.5,40.75,933.75,1176.7602684834674,50.5,23.0,28.5,12.25,146.75,38.0,346.25,402.75,0.0,0.0,72.68009554745908,56.08017293600816,63376.0,0,0,0,57,WEBER
571,570418,424.5,1134.7578908385583,0.3740886081755333,332.25,4.5,28.75,299.0,379.399444790901,4.5,0.0,6.0,22.75,15.75,138.25,31.0,114.0,0.0,0.0,27.62068039779011,19.52876439311084,106232.0,727,0,0,57,WEBER
572,570419,929.5,1897.707636349779,0.48980147531465046,1275.5,286.75,68.0,920.75,1388.1986116456735,186.25,100.5,11.5,56.5,27.75,36.0,374.0,483.0,0.0,0.0,69.63705028409599,43.061561361577695,69448.0,0,0,0,57,WEBER
573,570420,306.75,712.2163217767479,0.43069779590947677,0.0,0.0,0.0,0.0,34.4475214564615,0.0,0.0,0.0,0.0,0.0,0.0,0.0,0.0,0.0,0.0,20.427478222459463,14.02004323400204,102669.0,0,0,0,57,WEBER
574,570421,113.25,284.6857074373786,0.39780711514964706,0.0,0.0,0.0,0.0,15.59207812577776,0.0,0.0,0.0,0.0,0.0,0.0,0.0,0.0,1.006759797492347,0.0,9.327986690160596,5.257331638124816,81308.0,0,0,0,57,WEBER
575,570422,329.25,861.9034833858498,0.38200332908111023,389.25,71.5,100.75,217.0,443.9684290417523,43.0,28.5,76.75,24.0,34.25,31.75,18.25,132.75,1.006759797492347,0.0,38.43967360775972,15.27199563650019,81308.0,0,0,0,57,WEBER
576,570423,9.0,20.363127389347905,0.44197533256644866,423.75,29.5,134.75,259.5,439.4507762412295,8.0,21.5,91.25,43.5,23.75,37.5,31.0,167.25,0.0,0.0,15.700776241229487,0.0,87939.0,0,0,0,57,WEBER
577,570424,1.0,2.795328568985072,0.35773969868704203,0.0,0.0,0.0,0.0,0.0315844248572176,0.0,0.0,0.0,0.0,0.0,0.0,0.0,0.0,0.0,0.0,0.0315844248572176,0.0,111812.0,0,0,0,57,WEBER
578,570425,3.999999999718044,7.985822933519766,0.5008876396355356,0.0,0.0,0.0,0.0,0.1263376994199654,0.0,0.0,0.0,0.0,0.0,0.0,0.0,0.0,0.0,0.0,0.1263376994199654,0.0,111812.0,0,0,0,57,WEBER
579,570426,36.8,69.1,0.532561505065123,0.0,0.0,0.0,0.0,3.108318189145769,0.0,0.0,0.0,0.0,0.0,0.0,0.0,0.0,0.0,0.0,1.1054548700026203,2.002863319143149,111812.0,0,0,0,57,WEBER
580,570427,1.9999999998540814,3.9935592522249133,0.5008063918770782,12.999999999051528,0.0,0.0,12.999999999051528,13.47376637187523,0.0,0.0,0.0,0.0,0.7499999999452805,6.249999999544005,1.7499999998723212,4.249999999689923,0.0,0.0,0.4737663728237001,0.0,111812.0,0,0,0,57,WEBER
581,570428,9.0,19.963916873170938,0.45081333774209903,0.0,0.0,0.0,0.0,0.2842598237149595,0.0,0.0,0.0,0.0,0.0,0.0,0.0,0.0,0.0,0.0,0.2842598237149595,0.0,87939.0,0,0,0,57,WEBER
3391,491172,0.0,0.0,0.0,0.0,0.0,0.0,0.0,1.0127620568823814,0.0,0.0,0.0,0.0,0.0,0.0,0.0,0.0,1.0127620568823814,0.0,0.0,0.0,75589.0,0,0,0,49,UTAH
3392,491173,0.0,0.0,0.0,0.0,0.0,0.0,0.0,2.0255241137647624,0.0,0.0,0.0,0.0,0.0,0.0,0.0,0.0,2.0255241137647624,0.0,0.0,0.0,75589.0,0,0,0,49,UTAH
3382,491163,0.0,0.0,0.0,0.0,0.0,0.0,0.0,1.0127620568823814,0.0,0.0,0.0,0.0,0.0,0.0,0.0,0.0,1.0127620568823814,0.0,0.0,0.0,75589.0,0,0,0,49,UTAH
2227,490011,0.0,0.0,0.0,0.0,0.0,0.0,0.0,0.0,0.0,0.0,0.0,0.0,0.0,0.0,0.0,0.0,0.0,0.0,0.0,0.0,66402.0,0,0,0,49,UTAH
2236,490020,0.0,0.0,0.0,0.0,0.0,0.0,0.0,4.051048227529526,0.0,0.0,0.0,0.0,0.0,0.0,0.0,0.0,4.051048227529526,0.0,0.0,0.0,66402.0,0,0,0,49,UTAH
2235,490019,0.0,0.0,0.0,302.0,0.0,3.25,298.75,312.7871684946913,0.0,0.0,2.75,0.5,297.75,1.0,0.0,0.0,0.0,0.0,10.787168494691311,0.0,66402.0,0,0,0,49,UTAH
2226,490010,0.0,0.0,0.0,0.0,0.0,0.0,0.0,0.0,0.0,0.0,0.0,0.0,0.0,0.0,0.0,0.0,0.0,0.0,0.0,0.0,66402.0,0,0,0,49,UTAH
2246,490030,0.0,0.0,0.0,0.0,0.0,0.0,0.0,5.063810271499656,0.0,0.0,0.0,0.0,0.0,0.0,0.0,0.0,5.063810271499656,0.0,0.0,0.0,81720.0,0,0,0,49,UTAH
2253,490037,27.653283006504868,71.16808975467939,0.3885629514832753,33.07526564188036,0.0,3.9276877949732922,29.147577846907062,39.51099092520053,0.0,0.0,3.9276877949732922,0.0,25.633330872457275,2.687365333402779,0.8268816410470089,0.0,2.633505418060447,0.0,2.1006642615402704,1.7015556037194624,81720.0,0,0,0,49,UTAH
2252,490036,33.34641004386472,85.81983927332823,0.3885629514832753,0.0,0.0,0.0,0.0,4.82128199791489,0.0,0.0,0.0,0.0,0.0,0.0,0.0,0.0,1.6609227558141033,0.0,1.1084954232291582,2.0518638188716283,81720.0,0,0,0,49,UTAH
2273,490057,0.00030697445225563654,0.0007900250167542014,0.38856295148327535,0.0,0.0,0.0,0.0,2.025562732224374,0.0,0.0,0.0,0.0,0.0,0.0,0.0,0.0,2.0255336391512064,0.0,0.000010204390065558425,0.00001888868310180106,81720.0,0,0,0,49,UTAH
2250,490034,2393.74997032737,6120.2308932258675,0.39112085999514734,36.999999541352565,0.7499999907030925,0.0,36.24999955064947,402.7073560852877,0.0,0.7499999907030925,0.0,0.0,30.499999621925763,5.499999931822678,0.24999999690103084,0.0,2.7852165590414515,0.0,208.79349868007523,154.12864130481842,81720.0,0,0,0,49,UTAH
2251,490035,16.000000000818197,52.90497210752689,0.30242904141975435,55.7500000028509,0.5000000000255687,7.000000000357961,48.250000002467374,61.34428699404135,0.0,0.5000000000255687,7.000000000357961,0.0,42.50000000217334,5.000000000255687,0.750000000038353,0.0,2.025524113868342,0.0,2.5679058358524447,1.0008570414696614,81720.0,0,0,0,49,UTAH
2300,490084,155.75,416.0447300575426,0.3743587858412686,0.0,0.0,0.0,0.0,15.913914418892038,0.0,0.0,0.0,0.0,0.0,0.0,0.0,0.0,0.0,0.0,5.90474559290041,10.009168825991628,66402.0,0,0,0,49,UTAH
2298,490082,7.2222712619517555,21.217752516676427,0.3403881375407361,0.0,0.0,0.0,0.0,1.6813598702937127,0.0,0.0,0.0,0.0,0.0,0.0,0.0,0.0,0.943799006273132,0.0,0.27118065519488577,0.46638020882569503,66402.0,0,0,0,49,UTAH
2264,490048,6.0,17.84102448811383,0.3363035572311086,0.0,0.0,0.0,0.0,1.2270766627371756,0.0,0.0,0.0,0.0,0.0,0.0,0.0,0.0,1.0127620568823814,0.0,0.2143146058547942,0.0,66402.0,0,0,0,49,UTAH
2295,490079,56.75,140.12104393527176,0.40500697401466257,0.0,0.0,0.0,0.0,6.64808395913065,0.0,0.0,0.0,0.0,0.0,0.0,0.0,0.0,1.0127620568823814,0.0,1.8818835925014084,3.75343830974686,66402.0,0,0,0,49,UTAH
2294,490078,0.0,0.0,0.0,80.0,1.0,9.5,69.5,88.9341004193582,0.0,1.0,9.5,0.0,65.0,2.5,2.0,0.0,6.076572341294288,0.0,2.857528078063924,0.0,66402.0,0,0,0,49,UTAH
2302,490086,3.5136591097278944,9.06454854382294,0.38762648715939485,63.714351856399155,0.0,0.0,63.714351856399155,66.35017020737979,0.0,0.0,0.0,0.0,0.2342439406485263,63.48010791575063,0.0,0.0,0.0,0.0,2.401368982336637,0.2344493686439926,66402.0,721,0,0,49,UTAH
2301,490085,269.75,702.9640769969913,0.38373226858526166,0.0,0.0,0.0,0.0,31.52502047134668,0.0,0.0,0.0,0.0,0.0,0.0,0.0,0.0,5.063810284411907,0.0,8.945164741449426,17.51604544548535,66402.0,0,0,0,49,UTAH
2309,490093,64.25,161.24146769798512,0.39847069688266595,0.0,0.0,0.0,0.0,7.277158047828097,0.0,0.0,0.0,0.0,0.0,0.0,0.0,0.0,1.0127620568823814,0.0,2.261276990128009,4.003119000817707,81720.0,0,0,0,49,UTAH
2312,490096,563.0,1595.7366069982645,0.35281511844179453,0.0,0.0,0.0,0.0,56.14070734044016,0.0,0.0,0.0,0.0,0.0,0.0,0.0,0.0,0.0,0.0,20.10985384937486,36.030853491065294,81720.0,0,0,0,49,UTAH
2344,490128,136.59106182456694,388.4892766978842,0.3515954493920034,0.7065054921960359,0.23550183073201197,0.0,0.47100366146402395,15.522896203355563,0.23550183073201197,0.0,0.0,0.0,0.23550183073201197,0.0,0.0,0.23550183073201197,0.9540292739668754,0.0,5.141358693390844,8.721002743801808,81720.0,0,0,0,49,UTAH
2290,490074,0.0,0.0,0.0,0.0,0.0,0.0,0.0,2.0255241137647624,0.0,0.0,0.0,0.0,0.0,0.0,0.0,0.0,2.0255241137647624,0.0,0.0,0.0,81720.0,0,0,0,49,UTAH
2288,490072,1.0,3.3682048976227668,0.2968940519936262,45.75,0.25,2.5,43.0,47.41762379450124,0.0,0.25,2.5,0.0,40.25,0.0,2.75,0.0,0.0,0.0,1.6676237945012375,0.0,81720.0,0,0,0,49,UTAH
2332,490116,0.0,0.0,0.0,0.0,0.0,0.0,0.0,1.6180097916446536,0.0,0.0,0.0,0.0,0.0,0.0,0.0,0.0,1.6180097916446536,0.0,0.0,0.0,81720.0,0,0,0,49,UTAH
2336,490120,0.0,0.0,0.0,0.0,0.0,0.0,0.0,2.0255241137647624,0.0,0.0,0.0,0.0,0.0,0.0,0.0,0.0,2.0255241137647624,0.0,0.0,0.0,81720.0,0,0,0,49,UTAH
2341,490125,0.0,0.0,0.0,0.0,0.0,0.0,0.0,1.0127620568823814,0.0,0.0,0.0,0.0,0.0,0.0,0.0,0.0,1.0127620568823814,0.0,0.0,0.0,81720.0,0,0,0,49,UTAH
2339,490123,0.0,0.0,0.0,0.0,0.0,0.0,0.0,1.0127620534329835,0.0,0.0,0.0,0.0,0.0,0.0,0.0,0.0,1.0127620534329835,0.0,0.0,0.0,81720.0,0,0,0,49,UTAH
2343,490127,0.0,0.0,0.0,0.0,0.0,0.0,0.0,0.0,0.0,0.0,0.0,0.0,0.0,0.0,0.0,0.0,0.0,0.0,0.0,0.0,81720.0,0,0,0,49,UTAH
2337,490121,0.0,0.0,0.0,0.0,0.0,0.0,0.0,0.0,0.0,0.0,0.0,0.0,0.0,0.0,0.0,0.0,0.0,0.0,0.0,0.0,81720.0,0,0,0,49,UTAH
2387,490169,50.83239538851782,167.5188060154449,0.30344291842571497,11.960563620827722,0.0,0.0,11.960563620827722,17.409428722080218,0.0,0.0,0.0,0.0,5.125955837497595,6.834607783330127,0.0,0.0,0.0,0.0,2.242384202455481,3.2064808987970133,81720.0,0,0,0,49,UTAH
2389,490171,0.0,0.0,0.0,0.0,0.0,0.0,0.0,0.0,0.0,0.0,0.0,0.0,0.0,0.0,0.0,0.0,0.0,0.0,0.0,0.0,81720.0,0,0,0,49,UTAH
2391,490173,0.0,0.0,0.0,0.0,0.0,0.0,0.0,5.063810284411907,0.0,0.0,0.0,0.0,0.0,0.0,0.0,0.0,5.063810284411907,0.0,0.0,0.0,81720.0,0,0,0,49,UTAH
2395,490177,0.0,0.0,0.0,0.0,0.0,0.0,0.0,4.051048227529526,0.0,0.0,0.0,0.0,0.0,0.0,0.0,0.0,4.051048227529526,0.0,0.0,0.0,81720.0,0,0,0,49,UTAH
2397,490179,0.0,0.0,0.0,0.0,0.0,0.0,0.0,0.0,0.0,0.0,0.0,0.0,0.0,0.0,0.0,0.0,0.0,0.0,0.0,0.0,81720.0,0,0,0,49,UTAH
2402,490184,0.0,0.0,0.0,0.0,0.0,0.0,0.0,0.0,0.0,0.0,0.0,0.0,0.0,0.0,0.0,0.0,0.0,0.0,0.0,0.0,81720.0,0,0,0,49,UTAH
2409,490191,0.0,0.0,0.0,0.0,0.0,0.0,0.0,2.0255241137647624,0.0,0.0,0.0,0.0,0.0,0.0,0.0,0.0,2.0255241137647624,0.0,0.0,0.0,81720.0,0,0,0,49,UTAH
2407,490189,0.0,0.0,0.0,0.0,0.0,0.0,0.0,4.051048227529526,0.0,0.0,0.0,0.0,0.0,0.0,0.0,0.0,4.051048227529526,0.0,0.0,0.0,81720.0,0,0,0,49,UTAH
2405,490187,0.0,0.0,0.0,0.0,0.0,0.0,0.0,7.089334398176669,0.0,0.0,0.0,0.0,0.0,0.0,0.0,0.0,7.089334398176669,0.0,0.0,0.0,81720.0,0,0,0,49,UTAH
2319,490103,352.5,1105.4496472989103,0.31887476816452864,0.0,0.0,0.0,0.0,35.2024234619938,0.0,0.0,0.0,0.0,0.0,0.0,0.0,0.0,0.0,0.0,12.683279658174374,22.519143803819432,62109.0,0,0,0,49,UTAH
2320,490104,0.0,0.0,0.0,0.0,0.0,0.0,0.0,0.0,0.0,0.0,0.0,0.0,0.0,0.0,0.0,0.0,0.0,0.0,0.0,0.0,62109.0,0,0,0,49,UTAH
2347,490131,463.0,1198.3178389634709,0.3863749540777002,0.0,0.0,0.0,0.0,182.0213319478077,0.0,0.0,0.0,0.0,0.0,0.0,0.0,0.0,1.0127620568823814,0.0,150.98404543351916,30.02452445740617,74211.0,0,0,0,49,UTAH
2357,490141,0.0,0.0,0.0,3055.75,333.5,110.75,2611.5,3172.08563459395,188.0,145.5,4.5,106.25,1151.25,68.75,358.5,1033.0,7.089334398176669,0.0,109.24630019577366,0.0,81720.0,0,0,0,49,UTAH
2356,490140,0.0,0.0,0.0,0.0,0.0,0.0,0.0,8.102096455059051,0.0,0.0,0.0,0.0,0.0,0.0,0.0,0.0,8.102096455059051,0.0,0.0,0.0,81720.0,0,0,0,49,UTAH
2366,490150,0.0,0.0,0.0,0.0,0.0,0.0,0.0,2.0255241137647624,0.0,0.0,0.0,0.0,0.0,0.0,0.0,0.0,2.0255241137647624,0.0,0.0,0.0,81720.0,0,0,0,49,UTAH
2367,490151,140.41922078518158,371.54364188683337,0.37793466218956634,0.0,0.0,0.0,0.0,81.10739976099553,0.0,0.0,0.0,0.0,0.0,0.0,0.0,0.0,1.4759909131306608,0.0,70.59026709740525,9.041141750459618,81720.0,0,0,0,49,UTAH
2375,490157,0.0,0.0,0.0,0.0,0.0,0.0,0.0,0.0,0.0,0.0,0.0,0.0,0.0,0.0,0.0,0.0,0.0,0.0,0.0,0.0,81720.0,0,0,0,49,UTAH
2374,490156,0.0,0.0,0.0,0.0,0.0,0.0,0.0,2.0255241137647624,0.0,0.0,0.0,0.0,0.0,0.0,0.0,0.0,2.0255241137647624,0.0,0.0,0.0,81720.0,0,0,0,49,UTAH
2417,490199,450.5,1253.9313776065874,0.35927005898830083,258.75,6.25,60.75,191.75,312.8802669468524,5.5,0.75,37.5,23.25,161.75,24.25,2.0,3.75,0.0,0.0,25.355582125185528,28.774684821666824,102760.0,0,0,0,49,UTAH
2416,490198,73.0,189.7207191243041,0.38477610846589055,0.0,0.0,0.0,0.0,7.140635231890845,0.0,0.0,0.0,0.0,0.0,0.0,0.0,0.0,0.0,0.0,2.637406854051068,4.503228377839777,81720.0,0,0,0,49,UTAH
2403,490185,0.0,0.0,0.0,0.0,0.0,0.0,0.0,2.0255241137647624,0.0,0.0,0.0,0.0,0.0,0.0,0.0,0.0,2.0255241137647624,0.0,0.0,0.0,81720.0,0,0,0,49,UTAH
2476,490258,482.85174069802656,1348.5299920562495,0.35805784338676094,996.186971129692,188.12186758273305,34.02024821102245,774.0448553359365,1082.3058266804273,140.4598366732313,47.662030909501745,0.16841707035159628,33.85183114067085,127.32330518580679,44.79894071352461,129.00747588932276,472.9151335472824,0.6822656743335496,0.0,54.25347131233696,31.18311856406488,70166.0,0,0,0,49,UTAH
2475,490257,441.8983122503645,1290.6697763169032,0.3423790657834878,833.5631381098337,176.6281530462706,16.729755519557493,640.2052295440058,908.6311359671469,121.54017872926504,55.087974317005575,0.33158294811663513,16.398172571440856,61.676708776165604,45.20106419902254,105.99253825733425,427.3349183114833,0.3304964573644715,0.0,46.370310777577714,28.367190622370828,70166.0,0,0,0,49,UTAH
2470,490252,1240.75,3767.3177338420983,0.3293457275594913,0.0,0.0,0.0,0.0,430.856833629542,0.0,0.0,0.0,0.0,0.0,0.0,0.0,0.0,2.2785936908452538,0.0,348.5088487281289,80.06939121056779,70166.0,0,0,0,49,UTAH
2474,490256,1189.5,3574.455486603709,0.3327779586171909,296.75,78.5,0.25,218.0,944.1768104501024,68.75,9.75,0.25,0.0,0.0,19.0,33.25,165.75,1.0127620568823814,0.0,569.849282510375,76.564765882845,70166.0,0,0,0,49,UTAH
2483,490265,145.25,512.5258552117286,0.28340033682787774,410.0,0.0,0.25,409.75,439.5942745558223,0.0,0.0,0.25,0.0,0.0,409.75,0.0,0.0,0.0,0.0,20.336331962406195,9.257942593416114,70166.0,1494,1528,87,49,UTAH
2482,490264,205.75,690.6540527709059,0.29790601991623805,55.25,8.0,3.5,43.75,78.11131234273935,7.0,1.0,1.75,1.75,6.25,6.5,1.25,29.75,0.0,0.0,9.59999144997468,13.261320892764678,96149.0,0,0,0,49,UTAH
2480,490262,702.25,2422.959885460828,0.28983145953587985,583.75,347.25,32.5,204.0,674.9783227419257,215.25,132.0,5.5,27.0,12.75,16.5,48.5,126.25,0.0,0.0,45.93952665744433,45.28879608448141,96415.0,0,0,0,49,UTAH
2479,490261,507.0,1636.43678555673,0.3098194836945774,3.25,0.25,0.5,2.5,54.49563963071406,0.25,0.0,0.5,0.0,2.0,0.0,0.0,0.5,0.0,0.0,18.217357263904205,33.028282366809854,96415.0,0,0,0,49,UTAH
2579,490361,733.0553191447011,1945.0642890509653,0.3768797377398631,362.72529782958526,79.54941014469524,8.405220694533838,274.7706669903562,520.0421707639684,66.9415791028945,12.607831041800756,0.5003107556270141,7.904909938906823,12.908017495176965,29.41827243086843,99.96208897427742,132.48228809003334,0.0,0.0,109.94745307978795,47.36941985459531,83312.0,0,0,0,49,UTAH
2581,490363,383.10016942738656,1040.5470316865894,0.3681718920541551,27.538210732452946,2.854570624705488,10.746618822420661,13.937021285326795,70.7519465233864,2.6866547056051653,0.16791591910032283,0.8395795955016141,9.907039226919046,3.3583183820064564,1.5952012314530668,4.113940017957909,4.869561653909362,0.0,0.0,18.5088737931208,24.704861997812646,83312.0,0,0,0,49,UTAH
2568,490350,434.4950186977791,1193.9642673031528,0.3639095663048506,66.40858616020222,7.770718889863752,19.899525343553837,38.73834192678463,112.37818897454335,6.771203871396469,0.9995150184672834,19.74042161472885,0.15910372882498847,23.221381643799422,9.745271430056013,1.749151282317746,4.02253757061144,0.0,0.0,18.168426899782137,27.801175914558996,83312.0,0,0,0,49,UTAH
2565,490347,484.75,1555.657842820929,0.3116045101029323,10.75,4.0,2.5,4.25,131.32705878280277,3.5,0.5,2.5,0.0,0.0,1.0,1.25,2.0,1.0127620568823814,0.0,88.28674126746452,31.27755545845587,83312.0,0,0,0,49,UTAH
2738,490520,224.75,680.4355756116776,0.3303031294299405,1061.5,181.5,43.5,836.5,1121.956466138993,116.75,64.75,34.0,9.5,48.25,152.0,107.25,529.0,0.0,0.0,45.944009117834696,14.512457021158308,72724.0,1171,0,0,49,UTAH
2739,490521,291.75,944.7843167546932,0.30880063822624915,145.75,0.5,0.25,145.0,180.39381042904927,0.25,0.25,0.0,0.25,11.0,103.5,1.0,29.5,0.0,0.0,15.627526642098132,19.016283786951128,71179.0,618,1414,0,49,UTAH
3112,490893,177.5,461.3001013566421,0.38478205289352524,231.75,2.25,2.0,227.5,257.8773205498462,2.25,0.0,0.0,2.0,2.0,156.25,7.0,62.25,0.0,0.0,14.617454602654014,11.50986594719222,90129.0,676,0,0,49,UTAH
3113,490894,312.75,992.625696388558,0.31507344725999886,193.5,1.25,4.25,188.0,231.60401703277225,1.25,0.0,1.25,3.0,6.75,78.25,1.0,102.0,0.0,0.0,18.086876204402607,20.01714082836961,108751.0,0,1275,0,49,UTAH
3124,490905,82.75,258.78602958101857,0.3197622380697074,0.0,0.0,0.0,0.0,7.959937157484717,0.0,0.0,0.0,0.0,0.0,0.0,0.0,0.0,0.0,0.0,2.9556519503923147,5.004285207092402,113111.0,0,0,0,49,UTAH
3128,490909,206.04284510922741,620.4135287509524,0.33210566108067174,0.0,0.0,0.0,0.0,20.716563694704796,0.0,0.0,0.0,0.0,0.0,0.0,0.0,0.0,0.0,0.0,7.3660370852718495,13.350526609432947,113111.0,0,0,0,49,UTAH
3134,490915,0.0,0.0,0.0,0.0,0.0,0.0,0.0,3.038286170647144,0.0,0.0,0.0,0.0,0.0,0.0,0.0,0.0,3.038286170647144,0.0,0.0,0.0,51304.0,0,0,0,49,UTAH
3136,490917,0.0,0.0,0.0,873.0,154.5,96.5,622.0,904.1823605304525,133.25,21.25,18.5,78.0,47.0,187.5,42.0,345.5,0.0,0.0,31.18236053045234,0.0,51304.0,0,0,0,49,UTAH
3131,490912,8.0,18.26222122303199,0.43806281296770966,0.0,0.0,0.0,0.0,3.312133962989636,0.0,0.0,0.0,0.0,0.0,0.0,0.0,0.0,2.0255241137647624,0.0,0.2857528078063923,1.0008570414184803,51304.0,0,0,0,49,UTAH
3132,490913,0.0,0.0,0.0,0.0,0.0,0.0,0.0,1.096419998819371,0.0,0.0,0.0,0.0,0.0,0.0,0.0,0.0,1.096419998819371,0.0,0.0,0.0,51304.0,0,0,0,49,UTAH
3143,490924,13.0,30.36683591590029,0.4280986019091014,0.0,0.0,0.0,0.0,2.477967410986249,0.0,0.0,0.0,0.0,0.0,0.0,0.0,0.0,1.0127620568823814,0.0,0.4643483126853875,1.0008570414184803,51304.0,0,0,0,49,UTAH
3144,490925,12.0,30.15623754844121,0.3979276254447825,0.0,0.0,0.0,0.0,1.429486253128069,0.0,0.0,0.0,0.0,0.0,0.0,0.0,0.0,0.0,0.0,0.4286292117095885,1.0008570414184803,51304.0,0,0,0,49,UTAH
3145,490926,0.0,0.0,0.0,0.0,0.0,0.0,0.0,0.8722531634800869,0.0,0.0,0.0,0.0,0.0,0.0,0.0,0.0,0.8722531634800869,0.0,0.0,0.0,51304.0,0,0,0,49,UTAH
3151,490932,17.256264674094886,39.246551739337235,0.43968868370157344,0.0,0.0,0.0,0.0,1.6032055130118985,0.0,0.0,0.0,0.0,0.0,0.0,0.0,0.0,0.0,0.0,0.6162881411462501,0.9869173718656482,51304.0,0,0,0,49,UTAH
3366,491147,20.0,53.15486856671873,0.3762590434194466,0.0,0.0,0.0,0.0,2.728001117816843,0.0,0.0,0.0,0.0,0.0,0.0,0.0,0.0,1.0127620568823814,0.0,0.7143820195159809,1.0008570414184803,75589.0,0,0,0,49,UTAH
3371,491152,7.0,19.630426120654757,0.35658930463229904,0.0,0.0,0.0,0.0,0.2500337068305933,0.0,0.0,0.0,0.0,0.0,0.0,0.0,0.0,0.0,0.0,0.2500337068305933,0.0,75589.0,0,0,0,49,UTAH
3364,491145,33.0,89.8369175429464,0.36733228279147495,143.0,0.75,4.25,138.0,153.31379996834235,0.0,0.75,2.25,2.0,114.0,21.75,2.0,0.25,2.0255241137647624,0.0,6.286561771740632,2.001714082836961,75589.0,0,0,0,49,UTAH
3387,491168,70.2499999935659,190.43716576177823,0.36888807766359566,0.0,0.0,0.0,0.0,9.539063900275906,0.0,0.0,0.0,0.0,0.0,0.0,0.0,0.0,2.025524113579247,0.0,2.5092545800625916,5.004285206634066,75571.0,0,0,0,49,UTAH
3260,491041,194.5,587.6022104978151,0.33100624287172115,0.0,0.0,0.0,0.0,20.417357281647732,0.0,0.0,0.0,0.0,0.0,0.0,0.0,0.0,1.0127620568823814,0.0,6.893722637178579,12.510872587586777,105921.0,0,0,0,49,UTAH
3261,491042,190.74999964797894,553.0860558055836,0.3448830388069481,1177.7499978265123,292.249999460665,70.99999986897251,814.4999984968747,1239.64423864925,183.49999966135852,108.74999979930648,70.2499998703566,0.7499999986159067,58.24999989250209,213.24999960645616,60.49999988834981,482.49999910956666,0.0,0.0,49.63373710254781,12.260503720189991,105921.0,0,1194,0,49,UTAH
3273,491054,1232.0,3753.683230568471,0.3282109662230133,0.0,0.0,0.0,0.0,391.8447810884534,0.0,0.0,0.0,0.0,0.0,0.0,0.0,0.0,1.0127620568823814,0.0,311.2616801018988,79.57033892967223,30043.0,0,0,0,49,UTAH
3506,491287,33.00000000163008,116.67671711228508,0.2828327777672402,0.0,0.0,0.0,0.0,3.180444415195431,0.0,0.0,0.0,0.0,0.0,0.0,0.0,0.0,0.0,0.0,1.1787303322595934,2.0017140829358384,67754.0,0,0,0,49,UTAH
2222,490006,5.999999999847086,19.814981045544414,0.3028011980458716,112.99999999712013,1.9999999999490288,2.499999999936286,108.49999999723481,127.29647620098598,0.0,1.9999999999490288,2.499999999936286,0.0,95.2499999975725,12.249999999687802,0.9999999999745144,0.0,5.0638102842828525,0.0,9.232665919583003,0.0,81720.0,0,0,0,49,UTAH
2266,490050,0.0,0.0,0.0,10.0,0.0,0.25,9.75,10.35719100975799,0.0,0.0,0.0,0.25,7.25,2.5,0.0,0.0,0.0,0.0,0.3571910097579904,0.0,66402.0,0,0,0,49,UTAH
2381,490163,0.0,0.0,0.0,1883.8647491995844,252.45932436664322,127.16190910812497,1504.243515724816,1951.5105322541008,92.86665899022475,159.5926653764185,0.7693304595732555,126.3925786485517,558.9386283774722,100.62039438483299,230.0980556703424,614.5864372921685,0.014110092846684338,0.0,67.63167296166964,0.0,81720.0,0,0,0,49,UTAH
3049,490830,23.0,81.81052966718667,0.28113740484955024,228.25,66.25,27.5,134.5,238.5772306906789,61.5,4.75,17.5,10.0,0.0,16.25,35.0,83.25,0.0,0.0,9.326373649260423,1.0008570414184803,75945.0,0,0,0,49,UTAH
3055,490836,280.0,1019.4759981658452,0.2746508995834647,68.0,0.0,0.0,68.0,98.45136266638134,0.0,0.0,0.0,0.0,0.0,68.0,0.0,0.0,0.0,0.0,12.435935920848689,18.015426745532647,75945.0,0,241,210,49,UTAH
3139,490920,95.75,296.45243929066646,0.3229860419738992,0.0,0.0,0.0,0.0,13.765336005059629,0.0,0.0,0.0,0.0,0.0,0.0,0.0,0.0,4.051048227529526,0.0,3.4598039194193,6.254483858110802,51304.0,0,0,0,49,UTAH
2555,490337,378.0,1095.5921429915702,0.3450189036294581,1306.0,248.5,44.25,1013.25,1390.441161681298,113.25,135.25,37.25,7.0,291.0,95.25,204.0,423.0,0.0,0.0,60.17035349970075,24.270808181597385,72767.0,0,0,0,49,UTAH
2552,490334,42.0,106.94599587139,0.3927215755745351,1866.25,361.75,358.5,1146.0,1937.222098938247,128.75,233.0,62.0,296.5,157.25,151.75,296.25,540.75,0.0,0.0,68.2198069009666,2.7522920372802924,75570.0,0,0,0,49,UTAH
2573,490355,1137.25,3659.4739801204273,0.31076870779187094,1113.0,339.75,4.5,768.75,1267.473062649678,266.5,73.25,4.5,0.0,9.0,54.75,120.0,585.0,1.0127620568823814,0.0,80.14720814269334,73.31309245010227,93988.0,0,0,0,49,UTAH
2572,490354,1105.5,3323.377783268749,0.3326434946895119,17.5,5.0,3.25,9.25,130.0181599840877,4.25,0.75,3.25,0.0,0.0,1.25,1.25,6.75,2.0255241137647624,0.0,39.17989116256229,71.31274470776064,93988.0,0,0,0,49,UTAH
3146,490927,0.5741245798669975,1.0273394604958763,0.5588460308824106,41.48050089539057,3.444747479201985,5.884776943636725,32.15097647255186,43.564675797962884,3.444747479201985,0.0,4.59299663893598,1.2917803047007443,9.760117857738958,3.157685189268486,1.148249159733995,18.08492426581042,0.5814515904128335,0.0,1.502723312159484,0.0,51304.0,0,0,0,49,UTAH
3365,491146,7.0,19.630426120654757,0.35658930463229904,30.0,5.0,5.0,20.0,36.38541702051647,5.0,0.0,0.0,5.0,2.0,4.0,1.0,13.0,5.063810284411907,0.0,1.3216067361045647,0.0,75589.0,0,0,0,49,UTAH
2296,490080,0.0,0.0,0.0,1231.25,82.75,183.0,965.5,1278.5745612493747,16.5,66.25,0.0,183.0,753.0,49.75,95.0,67.75,2.0255241137647624,0.0,45.29903713560998,0.0,66402.0,0,0,0,49,UTAH
2297,490081,6.247682409223782,14.21846990384745,0.4394061000567431,0.0,0.0,0.0,0.0,0.4680916144339943,0.0,0.0,0.0,0.0,0.0,0.0,0.0,0.0,0.0,0.0,0.22757581441438296,0.24051580001961131,66402.0,0,0,0,49,UTAH
2268,490052,0.0,0.0,0.0,0.0,0.0,0.0,0.0,3.038286170647144,0.0,0.0,0.0,0.0,0.0,0.0,0.0,0.0,3.038286170647144,0.0,0.0,0.0,66402.0,0,0,0,49,UTAH
2325,490109,0.0,0.0,0.0,0.0,0.0,0.0,0.0,2.0255241137647624,0.0,0.0,0.0,0.0,0.0,0.0,0.0,0.0,2.0255241137647624,0.0,0.0,0.0,81720.0,0,0,0,49,UTAH
2342,490126,0.0,0.0,0.0,0.0,0.0,0.0,0.0,0.0,0.0,0.0,0.0,0.0,0.0,0.0,0.0,0.0,0.0,0.0,0.0,0.0,81720.0,0,0,0,49,UTAH
2349,490133,8.0,27.93236190041221,0.2864061416833476,0.0,0.0,0.0,0.0,1.286609849224873,0.0,0.0,0.0,0.0,0.0,0.0,0.0,0.0,0.0,0.0,0.2857528078063923,1.0008570414184803,62109.0,0,0,0,49,UTAH
2351,490135,149.1433985108468,398.2301886598354,0.3745155509499651,0.0,0.0,0.0,0.0,16.293837487653136,0.0,0.0,0.0,0.0,0.0,0.0,0.0,0.0,1.2028240340447043,0.0,5.4070192100691745,9.683994243539257,81720.0,0,0,0,49,UTAH
2463,490245,740.5,2248.6168418381067,0.32931355232343035,0.0,0.0,0.0,0.0,75.21599622577459,0.0,0.0,0.0,0.0,0.0,0.0,0.0,0.0,1.0127620568823814,0.0,26.410380662473504,47.7928535064187,70166.0,0,0,0,49,UTAH
2484,490266,6.0,18.434236407307655,0.32548134175069465,177.75,0.0,0.0,177.75,184.3140243434567,0.0,0.0,0.0,0.0,0.0,177.75,0.0,0.0,0.0,0.0,6.56402434345671,0.0,70166.0,0,0,2401,49,UTAH
2560,490342,602.75,1694.5754530728846,0.3556938104508678,23.25,5.75,2.0,15.5,85.15011920554639,4.5,1.25,0.75,1.25,2.5,1.75,3.25,8.0,1.0127620568823814,0.0,22.10558788001026,38.78176926865376,96089.0,0,0,0,49,UTAH
2785,490567,294.0,1170.4194580624303,0.251191996147007,0.0,0.0,0.0,0.0,29.512437371713663,0.0,0.0,0.0,0.0,0.0,0.0,0.0,0.0,0.0,0.0,10.49615358476254,19.016283786951128,123157.0,0,0,0,49,UTAH
2781,490563,314.0,986.760863822097,0.3182128634325439,0.0,0.0,0.0,0.0,31.724962745543927,0.0,0.0,0.0,0.0,0.0,0.0,0.0,0.0,0.0,0.0,11.457592696524523,20.2673700490194,123157.0,0,0,0,49,UTAH
2871,490653,578.75,1739.3705545231996,0.3327353096181672,0.0,0.0,0.0,0.0,57.95409084102447,0.0,0.0,0.0,0.0,0.0,0.0,0.0,0.0,0.0,0.0,20.672161062746227,37.28192977827824,51612.0,0,0,0,49,UTAH
2872,490654,435.0,1310.848221489063,0.331846199177705,0.0,0.0,0.0,0.0,43.8160549128979,0.0,0.0,0.0,0.0,0.0,0.0,0.0,0.0,0.0,0.0,15.541828532530657,28.27422638036725,93981.0,0,0,0,49,UTAH
3137,490918,0.0,0.0,0.0,728.5,259.5,206.5,262.5,755.5393767510874,221.75,37.75,134.75,71.75,44.75,47.0,25.5,145.25,1.0127620568823814,0.0,26.02661469420505,0.0,51304.0,0,0,0,49,UTAH
3379,491160,1.0,1.789401632540922,0.5588460308824106,0.0,0.0,0.0,0.0,2.061243214740561,0.0,0.0,0.0,0.0,0.0,0.0,0.0,0.0,2.0255241137647624,0.0,0.035719100975799,0.0,75589.0,0,0,0,49,UTAH
2736,490518,322.75,717.6519821337209,0.44973052124847557,1301.5,140.75,158.0,1002.75,1380.5222410938932,125.5,15.25,39.25,118.75,106.25,162.25,292.75,441.5,0.0,0.0,58.00424322410493,21.01799786978809,70574.0,0,0,0,49,UTAH
2792,490574,95.25,246.4790604427184,0.38644256363568885,680.75,210.25,34.75,435.75,714.9455448440425,190.0,20.25,34.75,0.0,0.0,85.25,129.75,220.75,0.0,0.0,28.19034274639968,6.005202097642824,76529.0,0,0,0,49,UTAH
2796,490578,78.4840825978895,191.92177982107708,0.40893786349343914,246.43018836581587,49.48265750430611,5.898594934288146,191.0489359272216,269.80261718873754,39.815515806444985,9.667141697861128,5.734745075002364,0.16384985928578183,0.0,42.273263695731714,69.96388991502884,78.81178231646106,0.0,0.0,18.288694028261624,5.083734794660076,76529.0,0,0,0,49,UTAH
2797,490579,212.093491447062,551.474672495544,0.384593349477488,206.05953720959226,34.24269029764088,3.620372542481855,168.1964743694695,260.01358820290915,27.907038348297633,6.335651949343246,3.620372542481855,0.0,0.0,19.610351271776715,73.61424169713105,74.97188140056176,0.0,0.0,40.214989138329976,13.73906185498695,76529.0,0,0,0,49,UTAH
2793,490575,10720.000028445118,27562.203467580162,0.38893842580671895,19894.250052788648,3723.2500098795044,0.0,16171.000042909143,22254.388251242475,2400.7500063703,1322.5000035092041,0.0,0.0,0.0,1284.750003409036,5499.000014591391,9387.250024908717,0.0,0.0,1668.791712657366,691.3464857964594,76529.0,0,0,0,49,UTAH
2794,490576,1550.75,3962.746286777507,0.3913321438655779,0.0,0.0,0.0,0.0,154.37620413583664,0.0,0.0,0.0,0.0,0.0,0.0,0.0,0.0,0.0,0.0,54.29301320430834,100.08319093152828,76529.0,0,0,0,49,UTAH
2795,490577,0.0,0.0,0.0,2613.0,505.25,214.75,1893.0,2706.3517337916733,428.5,76.75,161.75,53.0,145.75,180.75,198.75,1367.75,0.0,0.0,93.35173379167315,0.0,76529.0,0,0,0,49,UTAH
2798,490580,2213.0,5933.715306346112,0.3729535182844373,1208.0,181.75,278.75,747.5,1472.0095529226237,157.5,24.25,277.5,1.25,0.0,312.75,148.25,286.5,0.0,0.0,121.39151333255872,142.61803959006497,76529.0,0,0,0,49,UTAH
3058,490839,308.0,659.6788797735642,0.4668938318985163,283.75,36.0,103.25,144.5,324.90511878026587,23.25,12.75,9.75,93.5,18.75,28.25,12.0,85.5,0.0,0.0,21.137977951896243,20.01714082836961,39576.0,0,0,0,49,UTAH
3057,490838,247.25,499.4644414871235,0.4950302353133066,157.5,67.25,32.0,58.25,187.9707323431001,15.75,51.5,1.5,30.5,5.25,5.0,18.0,30.0,0.0,0.0,14.45701968040444,16.01371266269569,47045.0,0,0,0,49,UTAH
3064,490845,266.75,570.2745212201291,0.4677571767177601,667.0,300.0,76.75,290.25,717.3657762442258,142.0,158.0,2.5,74.25,38.5,102.75,24.5,124.5,0.0,0.0,33.35120654011168,17.01456970411417,44047.0,0,0,0,49,UTAH
3065,490846,266.0,562.6150368956578,0.4727921981390842,1046.0,123.5,212.25,710.25,1109.8826458278395,109.25,14.25,20.5,191.75,125.0,139.5,136.5,309.25,0.0,0.0,46.86807612372544,17.01456970411417,56909.0,0,0,0,49,UTAH
3059,490840,337.0,826.0325328207348,0.4079742463038506,48.0,0.0,0.25,47.75,84.52025610041436,0.0,0.0,0.25,0.0,0.0,47.75,0.0,0.0,0.0,0.0,15.001859630507369,21.51839646990699,54309.0,489,0,0,49,UTAH
3066,490847,185.75,390.4049860175602,0.47578798082165136,542.25,134.75,35.75,371.75,580.2671702818374,131.75,3.0,3.5,32.25,13.0,209.75,43.5,105.5,0.0,0.0,26.006885784815594,12.010284497021765,56488.0,0,8,78,49,UTAH
3060,490841,330.0000069210722,972.7676371523592,0.33923826648581873,0.0,0.0,0.0,0.0,32.805301879825585,0.0,0.0,0.0,0.0,0.0,0.0,0.0,0.0,0.0,0.0,11.787303569228161,21.017998310597424,70276.0,0,0,0,49,UTAH
3067,490848,357.25,1037.518358554955,0.34433125645851137,56.0,0.0,5.5,50.5,93.7830305353378,0.0,0.0,2.0,3.5,23.0,20.25,0.5,6.75,0.0,0.0,14.763318582712726,23.01971195262505,53962.0,0,0,0,49,UTAH
3068,490849,285.2500008699285,861.1146771554072,0.33125669372193134,85.00000025922498,0.0,0.0,85.00000025922498,116.48715705914769,0.0,0.0,0.0,0.0,0.0,85.00000025922498,0.0,0.0,0.0,0.0,13.22150077803541,18.265656021887313,101582.0,0,1225,0,49,UTAH
3381,491162,0.0,0.0,0.0,0.0,0.0,0.0,0.0,2.0255241137647624,0.0,0.0,0.0,0.0,0.0,0.0,0.0,0.0,2.0255241137647624,0.0,0.0,0.0,75589.0,0,0,0,49,UTAH
3408,491189,173.0,536.3372190216796,0.3225582597373446,91.25,2.75,5.25,83.25,148.7759027066448,2.25,0.5,4.25,1.0,64.75,14.75,2.25,1.5,1.0127620568823814,0.0,45.504171973893925,11.008968675868475,56564.0,0,0,0,49,UTAH
3403,491184,15.0,41.05025387385044,0.3654057791236999,12.5,2.25,4.75,5.5,14.484641863588916,2.25,0.0,4.75,0.0,1.5,2.25,0.5,1.25,0.0,0.0,0.9837848221704348,1.0008570414184803,75589.0,0,0,0,49,UTAH
3405,491186,56.5,152.21076233978175,0.37119582828101494,558.75,82.0,31.5,445.25,591.670915286445,76.0,6.0,22.5,9.0,28.5,86.75,27.5,302.5,0.0,0.0,29.4178657711794,3.50304951526567,75589.0,0,0,0,49,UTAH
3404,491185,238.75,702.7613165386534,0.3397312777201905,0.0,0.0,0.0,0.0,24.835222367147004,0.0,0.0,0.0,0.0,0.0,0.0,0.0,0.0,1.0127620568823814,0.0,8.56006365384236,15.262396656422265,75589.0,0,0,0,49,UTAH
3395,491176,11.0,30.735040813523057,0.35789768644654374,0.0,0.0,0.0,0.0,2.4065292090346517,0.0,0.0,0.0,0.0,0.0,0.0,0.0,0.0,1.0127620568823814,0.0,0.3929101107337894,1.0008570414184803,75589.0,0,0,0,49,UTAH
2245,490029,0.0,0.0,0.0,0.0,0.0,0.0,0.0,0.0,0.0,0.0,0.0,0.0,0.0,0.0,0.0,0.0,0.0,0.0,0.0,0.0,66402.0,0,0,0,49,UTAH
2267,490051,224.0,581.4128119872802,0.38526842783935855,49.75,2.25,2.25,45.25,77.36501377566907,0.5,1.75,1.5,0.75,35.0,5.5,4.5,0.25,3.038286170647144,0.0,10.06372207813846,14.513005526883475,66402.0,0,0,0,49,UTAH
2241,490025,0.5514156239870148,1.8572808053387773,0.2968940519936262,3.0327859319285815,0.0,0.0,3.0327859319285815,3.7192632107681174,0.0,0.0,0.0,0.0,2.6881511669366973,0.3446347649918843,0.0,0.0,0.5584528215461708,0.0,0.1280244572933652,0.0,81720.0,0,0,0,49,UTAH
2223,490007,9.0,30.9045675586746,0.2912190886642512,221.0,2.0,2.0,217.0,234.26729849338176,0.0,2.0,2.0,0.0,181.5,33.25,2.25,0.0,4.051048227529526,0.0,8.21539322443378,1.0008570414184803,81720.0,0,0,0,49,UTAH
2229,490013,29.0,99.25505340312878,0.29217655933562614,42.0,1.0,0.25,40.75,46.5377702521187,0.0,1.0,0.25,0.0,26.75,14.0,0.0,0.0,0.0,0.0,2.536056169281732,2.001714082836961,81720.0,0,0,0,49,UTAH
2230,490014,4.0,15.049622907328043,0.26578739046360417,0.0,0.0,0.0,0.0,0.1428764039031961,0.0,0.0,0.0,0.0,0.0,0.0,0.0,0.0,0.0,0.0,0.1428764039031961,0.0,81720.0,0,0,0,49,UTAH
2224,490008,0.0,0.0,0.0,0.0,0.0,0.0,0.0,0.0,0.0,0.0,0.0,0.0,0.0,0.0,0.0,0.0,0.0,0.0,0.0,0.0,66402.0,0,0,0,49,UTAH
2221,490005,0.9999999936892996,2.5796128168455854,0.38765507255934806,0.0,0.0,0.0,0.0,42.57172522137841,0.0,0.0,0.0,0.0,0.0,0.0,0.0,0.0,42.53600612062802,0.0,0.03571910075038646,0.0,81720.0,0,0,0,49,UTAH
2308,490092,458.75,1170.7776193273558,0.39183359198783163,0.0,0.0,0.0,0.0,45.889505498933886,0.0,0.0,0.0,0.0,0.0,0.0,0.0,0.0,0.0,0.0,16.363634495186776,29.52587100374711,66402.0,0,0,0,49,UTAH
2306,490090,364.624947642545,952.1052533098297,0.38296705786990387,0.0,0.0,0.0,0.0,36.65356970233678,0.0,0.0,0.0,0.0,0.0,0.0,0.0,0.0,0.06896310761261369,0.0,13.026625348438184,23.557981246285987,66402.0,0,0,0,49,UTAH
2310,490094,153.25,452.7713098651852,0.338471092714843,12.0,10.5,0.25,1.25,29.05669662146644,0.0,10.5,0.0,0.25,1.25,0.0,0.0,0.0,0.0,0.0,6.79765762190911,10.259038999557324,66402.0,0,0,0,49,UTAH
2275,490059,0.0,0.0,0.0,0.0,0.0,0.0,0.0,6.076572341294288,0.0,0.0,0.0,0.0,0.0,0.0,0.0,0.0,6.076572341294288,0.0,0.0,0.0,81720.0,0,0,0,49,UTAH
2292,490076,0.0,0.0,0.0,994.75,18.0,140.25,836.5,1033.2710663648422,12.0,6.0,0.0,140.25,724.25,13.75,77.5,21.0,3.038286170647144,0.0,35.48278019419519,0.0,81720.0,0,0,0,49,UTAH
2271,490055,464.4999998973048,1344.2634046096175,0.3455423976465375,0.0,0.0,0.0,0.0,47.406046916842314,0.0,0.0,0.0,0.0,0.0,0.0,0.0,0.0,1.0127620566584723,0.0,16.367892787832993,30.025392072350854,81720.0,0,0,0,49,UTAH
2281,490065,0.0,0.0,0.0,45.99999978187334,0.7499999964435871,1.2499999940726452,43.99999979135711,47.64307841896881,0.0,0.7499999964435871,1.2499999940726452,0.0,27.999999867227253,15.999999924129858,0.0,0.0,0.0,0.0,1.643078637095468,0.0,81720.0,0,0,0,49,UTAH
2386,490168,86.74999922068187,246.4070681726901,0.3520597029298066,49.24999955756291,0.24999999775412643,1.9999999820330114,46.99999957777577,60.11625641252731,0.0,0.24999999775412643,1.9999999820330114,0.0,12.249999889952194,32.24999971028231,1.4999999865247586,0.9999999910165057,0.0,0.0,4.861114660400674,6.005142194563722,81720.0,96,0,0,49,UTAH
2328,490112,1.2239731257387847,4.121894382721771,0.2969443202789127,0.002258982540773271,0.0,0.0,0.002258982540773271,0.04666439770373072,0.0,0.0,0.0,0.0,0.000968135374617116,0.0012908471661561547,0.0,0.0,0.0,0.0,0.0437998095579597,0.0006056056049977488,81720.0,0,0,0,49,UTAH
2398,490180,0.0,0.0,0.0,0.0,0.0,0.0,0.0,1.0127620568823814,0.0,0.0,0.0,0.0,0.0,0.0,0.0,0.0,1.0127620568823814,0.0,0.0,0.0,81720.0,0,0,0,49,UTAH
2316,490100,448.25,1504.4772420345464,0.29794402166816364,0.0,0.0,0.0,0.0,45.29548893414051,0.0,0.0,0.0,0.0,0.0,0.0,0.0,0.0,0.0,0.0,16.020405512354785,29.275083421785723,62109.0,0,0,0,49,UTAH
2315,490099,265.0,892.9706051646251,0.2967622881059399,222.5,2.0,2.25,218.25,256.94846101794616,0.0,2.0,1.25,1.0,78.75,137.5,2.0,0.0,0.0,0.0,17.433891313831968,17.01456970411417,62109.0,0,0,0,49,UTAH
2314,490098,327.0,1124.4957890757723,0.2907969982428859,462.25,108.0,7.5,346.75,511.4618896988139,19.75,88.25,5.5,2.0,306.75,21.25,8.0,10.75,0.0,0.0,28.1938918290258,21.01799786978809,74211.0,0,0,0,49,UTAH
2311,490095,175.0511647313638,584.6578068786895,0.2994078975288277,53.936091641704444,20.72010232243917,0.0,33.21598931926527,73.53244673419857,20.72010232243917,0.0,0.0,0.0,8.477332665285687,24.73865665397958,0.0,0.0,0.0,0.0,8.179263235189783,11.417091857304364,66402.0,3,0,0,49,UTAH
2317,490101,321.75,1020.3757587905276,0.31532501358262066,39.0,0.0,0.0,39.0,72.40276293884968,0.0,0.0,0.0,0.0,0.0,39.0,0.0,0.0,0.0,0.0,12.8851038279998,20.517659110849877,74211.0,753,0,0,49,UTAH
2313,490097,443.25,1301.92644109464,0.34045702276952156,0.0,0.0,0.0,0.0,44.34050227037733,0.0,0.0,0.0,0.0,0.0,0.0,0.0,0.0,0.0,0.0,15.564800148638902,28.775702121738423,74211.0,0,0,0,49,UTAH
2355,490139,2.5,6.64905635093484,0.37599320385493595,0.0,0.0,0.0,0.0,0.0925866347758029,0.0,0.0,0.0,0.0,0.0,0.0,0.0,0.0,0.0,0.0,0.0925866347758029,0.0,62109.0,0,0,0,49,UTAH
2354,490138,229.25,573.9922924096437,0.3993956069298403,80.0,10.5,25.25,44.25,105.64064177595372,10.5,0.0,17.25,8.0,29.75,5.25,2.75,6.5,0.0,0.0,10.627636531846653,15.01300524410706,74211.0,0,0,0,49,UTAH
2353,490137,4021.0,10098.242515110322,0.3981880999573193,650.5,31.0,35.75,583.75,1075.5036428344622,15.75,15.25,0.0,35.75,501.25,23.5,22.5,36.5,1.0127620568823814,0.0,164.7588542089144,259.2320265686655,74211.0,0,0,0,49,UTAH
2360,490144,217.94339080413002,571.1637446874144,0.38157777490482303,0.0,0.0,0.0,0.0,21.45524691762294,0.0,0.0,0.0,0.0,0.0,0.0,0.0,0.0,0.03343998385672448,0.0,7.376432303526008,14.045374630240207,73924.0,0,0,0,49,UTAH
2365,490149,20.30660949991232,82.51729496245481,0.24608913209226965,0.0,0.0,0.0,0.0,2.672466059525448,0.0,0.0,0.0,0.0,0.0,0.0,0.0,0.0,0.9793220764494527,0.0,0.7253338352034882,0.9678101478725071,73829.0,0,0,0,49,UTAH
2345,490129,206.8468907531974,586.3592766967347,0.3527647621070703,0.0,0.0,0.0,0.0,20.949992731874172,0.0,0.0,0.0,0.0,0.0,0.0,0.0,0.0,0.0,0.0,7.389457768608441,13.560534963265729,81720.0,0,0,0,49,UTAH
2358,490142,562.0,2221.124972936457,0.253024934142721,148.0,0.0,1.5,146.5,209.39141518388263,0.0,0.0,1.25,0.25,30.5,105.0,1.0,10.0,0.0,0.0,25.36056169281732,36.030853491065294,79647.0,0,1307,0,49,UTAH
2364,490148,16.25185379338248,63.15963694605635,0.25731392039607404,27.086422988970796,0.0,0.0,27.086422988970796,30.675711668741748,0.0,0.0,0.0,0.0,0.0,27.086422988970796,0.0,0.0,0.6858025364974072,0.0,1.5480042845060038,1.3554818587675415,79647.0,0,0,0,49,UTAH
2368,490152,348.4450811985041,934.6727695028358,0.3727990079178689,5.767907869306265,0.0,0.0,5.767907869306265,120.91478349467997,0.0,0.0,0.0,0.0,0.027932885636606352,5.698075655214749,0.041899328454909526,0.0,2.335688080786742,0.0,90.34241817293334,22.46876937165363,79647.0,0,0,0,49,UTAH
2380,490162,0.0,0.0,0.0,0.0,0.0,0.0,0.0,1.0127620568823814,0.0,0.0,0.0,0.0,0.0,0.0,0.0,0.0,1.0127620568823814,0.0,0.0,0.0,81720.0,0,0,0,49,UTAH
2372,490155,419.10159928720765,1076.2150809545244,0.38942178631755936,0.0,0.0,0.0,0.0,43.85234252885323,0.0,0.0,0.0,0.0,0.0,0.0,0.0,0.0,1.9351832723562674,0.0,14.983833419140538,26.93332583735642,79422.0,0,0,0,49,UTAH
2379,490161,332.0,1282.04344832659,0.25896158233431865,0.0,0.0,0.0,0.0,32.87673939375337,0.0,0.0,0.0,0.0,0.0,0.0,0.0,0.0,0.0,0.0,11.858741523965282,21.01799786978809,74058.0,0,0,0,49,UTAH
2378,490160,364.0,1067.3560676541151,0.34102958799870425,70.0,24.75,1.25,44.0,108.52180177612183,24.75,0.0,0.0,1.25,1.25,28.75,0.0,14.0,0.0,0.0,15.502089823496783,23.01971195262505,69958.0,371,0,0,49,UTAH
2377,490159,151.0,597.6046231857395,0.2526754214099649,0.0,0.0,0.0,0.0,15.40215466153046,0.0,0.0,0.0,0.0,0.0,0.0,0.0,0.0,0.0,0.0,5.393584247345657,10.008570414184804,79647.0,0,0,0,49,UTAH
2371,490154,624.25,1989.8634357602464,0.31371499610549874,49.0,0.0,0.0,49.0,114.040723355672,0.0,0.0,0.0,0.0,0.0,49.0,0.0,0.0,1.0127620568823814,0.0,23.9935699424956,40.034391356294,73446.0,988,0,0,49,UTAH
2383,490165,249.69283649037308,984.8896590233826,0.2535236655220532,0.0,0.0,0.0,0.0,27.055466367122502,0.0,0.0,0.0,0.0,0.0,0.0,0.0,0.0,2.008972636923824,0.0,8.915461790904962,16.131031939293717,79568.0,0,0,0,49,UTAH
2370,490153,428.7681205870205,1698.0292949093475,0.25250925992411166,3.807887394200893,0.0,0.0,3.807887394200893,46.699400065175546,0.0,0.0,0.0,0.0,1.5231549576803571,0.0,2.2847324365205357,0.0,0.0,0.0,15.451226108789301,27.440286562185353,79647.0,0,0,0,49,UTAH
2384,490166,457.0,1537.0977410426483,0.2973135590518834,109.0,23.75,2.25,83.0,158.2418653534382,23.75,0.0,0.25,2.0,54.5,0.0,26.25,2.25,0.0,0.0,20.217011152302263,29.02485420113593,79509.0,0,0,0,49,UTAH
2385,490167,266.0,893.3765836773883,0.29774677874930355,45.75,1.0,4.5,40.25,73.90362737074649,0.5,0.5,0.75,3.75,0.5,37.25,0.5,2.0,0.0,0.0,11.13905766663232,17.01456970411417,79509.0,0,98,229,49,UTAH
2404,490186,0.0,0.0,0.0,812.2732811448908,25.39124368980994,32.54023463160109,754.3418028234798,842.9326449267024,14.544498812609577,10.846744877200363,2.2186523612455287,30.32158227035556,684.8240288377866,13.558431096500454,23.41910825759169,32.54023463160109,0.9986519683919884,0.0,29.660711813419653,0.0,81720.0,0,0,0,49,UTAH
2435,490217,908.5,2450.2997110595334,0.3707709697305379,1992.75,279.5,195.0,1518.25,2155.365400250433,199.75,79.75,1.25,193.75,611.75,111.0,99.0,696.5,0.0,0.0,104.06351819291928,58.55188205751406,91516.0,0,0,0,49,UTAH
2429,490211,46.75,134.65745757826025,0.3471772068236906,274.75,10.75,39.5,224.5,678.6691105731711,9.25,1.5,0.0,39.5,204.75,7.25,1.25,11.25,0.0,0.0,400.9163599253737,3.002750647797488,91516.0,0,0,0,49,UTAH
2434,490216,6743.5,19031.085258092568,0.35434132675815055,2541.75,318.75,210.0,2013.0,5016.666473196608,178.25,140.5,0.0,210.0,1126.25,68.25,98.5,720.0,1.772385467476553,0.0,2038.0233892519605,435.1206984771717,91516.0,0,0,0,49,UTAH
2432,490214,163.5,470.14153266019656,0.3477676160088852,0.0,0.0,0.0,0.0,16.318627374714605,0.0,0.0,0.0,0.0,0.0,0.0,0.0,0.0,0.0,0.0,5.809000107423396,10.50962726729121,91516.0,0,0,0,49,UTAH
2438,490220,750.0000011290798,2255.9604716521853,0.3324526340569285,394.75000059427236,39.00000005871215,46.50000007000295,309.25000046555726,483.5715318816605,26.750000040270514,12.250000018441638,1.0000000015054398,45.500000068497506,79.75000012005883,78.50000011817703,49.75000007489563,101.25000015242578,0.0,0.0,40.53073246933948,48.290798818048664,91516.0,0,0,0,49,UTAH
2437,490219,1787.75,4936.41886343571,0.3621552484619872,0.0,0.0,0.0,0.0,380.9698138427248,0.0,0.0,0.0,0.0,0.0,0.0,0.0,0.0,0.0,0.0,265.6231192684686,115.3466945742562,91516.0,0,0,0,49,UTAH
2436,490218,838.75,2378.1315225425205,0.35269285657643995,0.0,0.0,0.0,0.0,83.5801610274309,0.0,0.0,0.0,0.0,0.0,0.0,0.0,0.0,0.0,0.0,29.53312285290229,54.04703817452861,91516.0,0,0,0,49,UTAH
2431,490213,469.75,1351.644511304377,0.34753960532616474,616.75,36.0,103.75,477.0,686.1822449330411,22.25,13.75,46.5,57.25,375.25,36.75,20.0,45.0,0.0,0.0,38.90536711397184,30.526877819069377,91516.0,0,0,0,49,UTAH
2440,490222,654.75,2044.7539038723453,0.32020968330713906,0.0,0.0,0.0,0.0,140.39025369625404,0.0,0.0,0.0,0.0,0.0,0.0,0.0,0.0,0.0,0.0,98.1035599893892,42.286693706864845,91516.0,0,0,0,49,UTAH
2442,490224,414.5,1313.691733340734,0.31552303290051276,19.5,0.0,0.0,19.5,61.83476616510289,0.0,0.0,0.0,0.0,15.75,3.0,0.0,0.75,0.0,0.0,15.561835317743055,26.77293084735983,91516.0,0,0,0,49,UTAH
2445,490227,846.75,2396.6388418009537,0.353307300721084,49.0,0.0,0.0,49.0,136.0686059576911,0.0,0.0,0.0,0.0,0.0,49.0,0.0,0.0,0.0,0.0,32.5212290003705,54.54737695732061,104302.0,1152,0,0,49,UTAH
2444,490226,536.2732777597015,1633.4581783849471,0.32830548394568154,0.0,0.0,0.0,0.0,53.99879254082051,0.0,0.0,0.0,0.0,0.0,0.0,0.0,0.0,0.0,0.0,19.154710042869166,34.84408249795134,106764.0,0,0,0,49,UTAH
2448,490230,552.7267330166117,1815.8553280215228,0.3043891903100225,0.0,0.0,0.0,0.0,55.79422420958046,0.0,0.0,0.0,0.0,0.0,0.0,0.0,0.0,0.0,0.0,19.827475870993695,35.96674833858677,105199.0,0,0,0,49,UTAH
2450,490232,341.25,1035.136415035539,0.3296666942088826,89.0,0.0,0.0,89.0,126.39043298280316,0.0,0.0,0.0,0.0,25.25,33.0,0.0,30.75,0.0,0.0,15.371578071596597,22.018854911206567,83446.0,0,0,0,49,UTAH
2453,490235,278.75,838.3836895770131,0.3324849987726226,206.0,39.0,49.5,117.5,241.41159900539765,35.0,4.0,3.75,45.75,25.75,52.0,4.0,35.75,0.0,0.0,17.64639150565946,17.76520749973818,96951.0,888,0,0,49,UTAH
2449,490231,469.5,1634.4570338090489,0.2872513564372173,43.0,22.75,1.0,19.25,91.56509210731409,21.75,1.0,0.0,1.0,9.0,0.0,0.0,10.25,0.0,0.0,18.289031961748503,30.27606014556557,106764.0,0,0,0,49,UTAH
2452,490234,861.25,2350.0575178284416,0.3664803918483806,2.25,0.0,0.0,2.25,160.76016165808886,0.0,0.0,0.0,0.0,2.25,0.0,0.0,0.0,0.0,0.0,102.9625958315338,55.54756582655507,96951.0,0,0,0,49,UTAH
2451,490233,690.5,1874.336273746387,0.36839707456540977,2187.75,329.25,66.25,1792.25,2526.5518475117583,179.0,150.25,0.0,66.25,400.25,82.5,291.5,1018.0,0.0,0.0,294.26279160519056,44.53905590656763,96951.0,0,0,0,49,UTAH
2461,490243,746.9419090350515,2096.1332851784164,0.3563427546886524,60.51525046812564,13.383180391989326,18.03819965876822,29.093870417368098,142.49815403871108,12.801302983641964,0.581877408347362,12.99526211975775,5.04293753901047,7.370447172399919,7.370447172399919,3.491264450084172,10.86171162248409,0.7956824991017865,0.0,33.02622074862246,48.161000322861184,96951.0,0,0,0,49,UTAH
2456,490238,103.80422765236446,287.7549041741111,0.360738344148449,0.0,0.0,0.0,0.0,10.174916924253713,0.0,0.0,0.0,0.0,0.0,0.0,0.0,0.0,0.0,0.0,3.778197287374745,6.396719636878966,96951.0,0,0,0,49,UTAH
2454,490236,467.0,1336.9386099128085,0.349305492815752,0.0,0.0,0.0,0.0,269.44341259659467,0.0,0.0,0.0,0.0,0.0,0.0,0.0,0.0,0.0,0.0,239.16748211619705,30.275930480397623,96951.0,0,0,0,49,UTAH
2460,490242,1220.5580860756454,3326.6328994784203,0.3669049525323385,17.48474799490265,3.866819268103471,5.211799883095983,8.406128843703199,144.2953559806034,3.698696691229407,0.16812257687406396,3.7547375501874285,1.4570623329085544,2.1295526404048104,2.1295526404048104,1.0087354612443837,3.138288101649194,3.2553657506212152,0.0,44.858545393190454,78.69669684188908,96951.0,0,0,0,49,UTAH
2468,490250,302.5,929.9884249762744,0.32527286563563124,39.0,0.0,0.25,38.75,72.15888722410904,0.0,0.0,0.25,0.0,0.0,38.75,0.0,0.0,1.0127620568823814,0.0,12.378535380662472,19.767589786564194,70166.0,0,0,0,49,UTAH
2467,490249,1249.0,4476.270860086748,0.27902690409931874,49.0,0.0,0.0,49.0,175.6809979145057,0.0,0.0,0.0,0.0,0.0,49.0,0.0,0.0,0.0,0.0,46.36220538037748,80.31879253412822,78311.0,1349,0,0,49,UTAH
2466,490248,427.25,1495.7080018877853,0.2856506747712474,0.0,0.0,0.0,0.0,43.28497078837013,0.0,0.0,0.0,0.0,0.0,0.0,0.0,0.0,0.0,0.0,15.26097362865267,28.023997159717453,79422.0,0,0,0,49,UTAH
2473,490255,737.0,2640.842156776844,0.2790776412398349,0.0,0.0,0.0,0.0,73.36525836583247,0.0,0.0,0.0,0.0,0.0,0.0,0.0,0.0,0.0,0.0,26.324977419163893,47.04028094666858,75827.0,0,0,0,49,UTAH
2472,490254,463.0,1658.5498678424728,0.2791595290422556,157.75,55.75,8.25,93.75,209.94835543653917,53.75,2.0,1.0,7.25,5.25,6.0,3.0,79.5,0.0,0.0,22.17264419398473,30.02571124255441,78311.0,0,0,0,49,UTAH
2471,490253,595.0,1651.0222176446484,0.3603827941509038,368.5,86.25,8.25,274.0,440.9467582043899,9.25,77.0,1.5,6.75,91.5,61.0,50.25,71.25,0.0,0.0,34.41419063048764,38.032567573902256,76751.0,965,0,0,49,UTAH
2458,490240,656.0,2189.7176938543585,0.29958199718672573,59.0,0.0,0.0,59.0,244.22351638026328,0.0,0.0,0.0,0.0,0.0,59.0,0.0,0.0,0.0,0.0,142.93882730921936,42.28468907104392,96951.0,0,1266,0,49,UTAH
2459,490241,422.25,1066.789433150806,0.3958138193709582,0.0,0.0,0.0,0.0,42.10381919857933,0.0,0.0,0.0,0.0,0.0,0.0,0.0,0.0,0.0,0.0,15.080679080280357,27.02314011829897,83446.0,0,0,0,49,UTAH
2465,490247,999.4999995991717,3017.0190706152193,0.3312872660746415,41.99999998315679,0.0,0.0,41.99999998315679,143.26013149454784,0.0,0.0,0.0,0.0,0.0,41.99999998315679,0.0,0.0,0.0,0.0,37.20528088629613,64.05485062509491,83446.0,903,0,0,49,UTAH
2477,490259,495.5,1756.5664613733798,0.282084402096913,79.75,15.5,3.5,60.75,132.32654412470475,12.75,2.75,2.5,1.0,5.75,5.0,2.5,47.5,0.0,0.0,20.54911879931337,32.02742532539138,70166.0,0,0,0,49,UTAH
2478,490260,109.75,385.05446550869135,0.2850246129596509,363.75,52.0,20.0,291.75,387.6718749879074,40.5,11.5,16.0,4.0,16.25,108.5,14.5,152.5,0.0,0.0,16.91587569797803,7.005999289929363,70166.0,0,0,0,49,UTAH
2485,490267,114.75,370.1514201686872,0.3100082662055047,0.0,0.0,0.0,0.0,12.88018738577792,0.0,0.0,0.0,0.0,0.0,0.0,0.0,0.0,0.0,0.0,5.373669813368293,7.506517572409627,70166.0,0,0,0,49,UTAH
2486,490268,3054.5,9174.788765881724,0.3329231961567078,0.0,0.0,0.0,0.0,310.3855070715047,0.0,0.0,0.0,0.0,0.0,0.0,0.0,0.0,1.7723163605570094,0.0,111.44104236866394,197.17214834228375,70166.0,0,0,0,49,UTAH
2494,490276,207.5,628.787416086537,0.3300002428347624,0.0,0.0,0.0,0.0,20.66392941086916,0.0,0.0,0.0,0.0,0.0,0.0,0.0,0.0,0.0,0.0,7.4023093837624065,13.261620027106751,70166.0,0,0,0,49,UTAH
2493,490275,601.237834061518,1830.0611845807566,0.32853428023459985,196.73868630610625,28.289222867544687,4.408710057279691,164.04075338128186,264.4350865649288,26.45226034367815,1.8369625238665384,4.041317552506384,0.36739250477330765,9.919597628879307,25.35008282935823,13.409826424225729,115.3612464988186,0.0,0.0,28.90719635246747,38.78920390635508,70166.0,0,0,0,49,UTAH
2492,490274,456.01335542064555,1409.888651836627,0.3234392693540786,0.0,0.0,0.0,0.0,45.957492450130815,0.0,0.0,0.0,0.0,0.0,0.0,0.0,0.0,0.5814705996873144,0.0,16.07039446836746,29.30562738207604,70166.0,0,0,0,49,UTAH
2498,490280,2273.8609981005548,6553.658811491056,0.34696053967802104,2335.2042375416386,374.0997993923404,0.0,1961.104438149298,2932.5319785527913,222.82227017986548,151.27752921247495,0.0,0.0,0.0,197.05005579761598,742.9646177382864,1021.0897646133956,0.9516312132456088,0.0,449.80104239688563,146.57506740102102,70166.0,0,0,0,49,UTAH
2491,490273,329.0,1135.5692688506765,0.28972252862477066,0.0,0.0,0.0,0.0,32.76958209082598,0.0,0.0,0.0,0.0,0.0,0.0,0.0,0.0,0.0,0.0,11.751584221037886,21.01799786978809,96415.0,0,0,0,49,UTAH
2490,490272,268.5,918.5735221513402,0.29230104452734607,0.0,0.0,0.0,0.0,26.86074308871398,0.0,0.0,0.0,0.0,0.0,0.0,0.0,0.0,0.0,0.0,9.595944163950024,17.26479892476396,96415.0,0,0,0,49,UTAH
2495,490277,172.74999979381715,514.86758722487,0.33552315989619297,0.0,0.0,0.0,0.0,19.68037957394027,0.0,0.0,0.0,0.0,0.0,0.0,0.0,0.0,0.0,0.0,8.670533259115345,11.009846314824925,96415.0,0,0,0,49,UTAH
2496,490278,109.75,370.433783389322,0.29627427335549983,47.0,2.0,1.25,43.75,59.33227579664729,2.0,0.0,1.25,0.0,0.0,37.75,0.0,6.0,0.0,0.0,5.576455861042358,6.755819935604931,96415.0,0,0,0,49,UTAH
2510,490292,581.5,1489.3423198814482,0.39044079540174986,1139.5,257.0,15.25,867.25,1239.0504343313648,205.25,51.75,15.0,0.25,23.25,121.5,162.75,559.75,0.0,0.0,62.26834501106023,37.28208932030461,70166.0,0,0,0,49,UTAH
2511,490293,530.0,1373.5846750883038,0.38585171312131,1332.0,341.75,45.25,945.0,1432.4601099386864,101.75,240.0,18.25,27.0,80.75,334.5,160.5,369.25,0.0,0.0,66.43085084809674,34.029259090589704,70166.0,0,0,0,49,UTAH
2507,490289,0.0,0.0,0.0,1034.5,325.25,31.5,677.75,1071.43620310914,117.75,207.5,31.25,0.25,41.25,70.75,46.75,519.0,0.0,0.0,36.93620310913998,0.0,70166.0,0,0,0,49,UTAH
2487,490269,917.0,2959.376855302796,0.30986253013260623,354.5,20.0,26.0,308.5,458.96805413683,18.25,1.75,1.75,24.25,134.5,7.5,66.25,100.25,0.0,0.0,45.41748869313959,59.050565443690346,96415.0,0,0,0,49,UTAH
2501,490283,0.0,0.0,0.0,2989.0,520.0,130.5,2338.5,3091.0417956478177,207.5,312.5,0.0,130.5,466.0,167.5,495.75,1209.25,0.0,0.0,102.04179564781788,0.0,102760.0,0,0,0,49,UTAH
2418,490200,389.250000073447,1365.3670793099388,0.28508816857527813,230.75000004353984,12.500000002358606,5.500000001037786,212.75000004014345,277.68839791973073,0.0,12.500000002358606,5.250000000990614,0.2500000000471721,61.25000001155716,135.75000002561444,0.0,15.750000002971841,0.0,0.0,22.167141215523962,24.771256660666957,102760.0,1140,0,0,49,UTAH
2503,490285,649.9182600871782,2014.6826455786756,0.32259088621895715,0.0,0.0,0.0,0.0,66.85418847784736,0.0,0.0,0.0,0.0,0.0,0.0,0.0,0.0,0.19389866102817657,0.0,24.677031232102497,41.983258584716694,87096.0,0,0,0,49,UTAH
2506,490288,125.03938922994736,404.5891945363171,0.3090527154914501,103.40903281811818,20.91616102183461,3.57442596713623,78.91844582914734,119.59093514194612,17.037538701489986,3.8786223203446264,3.558013796660891,0.01641217047533923,3.652669376601402,26.13190475814326,4.951905888235485,44.181965806167184,0.0,0.0,8.175045991147341,8.006856332680604,107045.0,0,0,0,49,UTAH
2514,490296,902.0038364724134,2962.3791703589636,0.30448628774388586,117.27576511187851,15.297955357709544,4.794467696868898,97.18334205730005,211.99434466631095,13.027029382714826,2.2709259749947193,3.760462987067385,1.034004709801512,15.661304390886302,14.906072897168334,9.777901298887311,56.83806347035812,0.0,0.0,36.41056294091497,58.308016613517495,106434.0,3,0,0,49,UTAH
2512,490294,2.960610845623399,9.972671805949647,0.29687238317189113,1458.8409941809298,632.5838506815329,43.175574832007904,783.0815686673891,1511.0683900797228,528.9624710847139,103.62137959681897,41.94198697966482,1.233587852343083,67.84733187886957,103.86809716728759,71.54809543589882,539.8180441853331,0.0,0.0,52.227395898793056,0.0,107045.0,0,0,0,49,UTAH
2515,490297,137.5,454.4639461957729,0.30255425353536863,304.75,29.5,0.5,274.75,329.30338824305096,0.25,29.25,0.5,0.0,3.0,67.5,125.25,79.0,0.0,0.0,15.79587417431967,8.757514068731245,107045.0,958,0,0,49,UTAH
2519,490301,1143.996169964098,3748.3967690216414,0.30519612529243784,150.22423573352594,13.702044718646643,12.705532375472343,123.81665863940695,270.26598295476106,7.722970659600835,5.979074059045808,2.989537029522904,9.71599534594944,46.08869587181144,44.593927357049985,7.972098745394411,25.16193666515111,0.0,0.0,46.23663395227938,73.80511326895574,91670.0,966,0,0,49,UTAH
2518,490300,302.94038741147784,1025.9574889052974,0.295275769890541,0.0,0.0,0.0,0.0,30.441149138924825,0.0,0.0,0.0,0.0,0.0,0.0,0.0,0.0,0.0,0.0,10.830193571559464,19.610955567365362,91670.0,0,0,0,49,UTAH
2522,490304,345.5,1216.800796201299,0.2839413000703222,6.5,0.75,3.25,2.5,42.09323300648016,0.75,0.0,1.25,2.0,1.0,0.0,0.25,1.25,0.0,0.0,13.574378095273593,22.018854911206567,91670.0,0,0,0,49,UTAH
2521,490303,109.75,319.8389609059536,0.34314143495567195,0.0,0.0,0.0,0.0,12.735333020381988,0.0,0.0,0.0,0.0,0.0,0.0,0.0,0.0,0.0,0.0,5.479712872611199,7.255620147770787,91670.0,0,0,0,49,UTAH
2526,490308,0.0,0.0,0.0,289.75,53.75,15.0,221.0,300.10188122480207,44.0,9.75,7.0,8.0,14.0,22.5,15.0,169.5,0.0,0.0,10.351881224802089,0.0,91670.0,0,0,0,49,UTAH
2513,490295,476.66190844127385,1289.7706212503683,0.36957106991565203,561.4183088674718,370.0249026471355,38.66093185646261,152.73247436387365,629.3272845562961,136.3805811375343,233.64432150960116,15.69970674112242,22.961225115340188,19.2651167586625,6.673605915604211,56.119615266552636,70.6741364230543,0.0,0.0,37.09090045192918,30.81807523689531,107045.0,0,0,0,49,UTAH
2516,490298,687.8380971066854,1552.0019926104114,0.4431940811814078,49.831692722244355,20.72509832181664,9.589068293055703,19.51752610737202,120.67391451194504,3.3694191918283014,17.355679129988335,0.30029329622316936,9.288774996832533,1.2348832927989282,2.32639411457027,1.6303848705638542,14.325863829438969,0.0,0.0,26.34583920702588,44.49638258267478,107045.0,0,0,0,49,UTAH
2517,490299,448.25,1041.8135410121863,0.43025933370428016,94.0,14.5,4.0,75.5,211.3716047157137,12.0,2.5,4.0,0.0,6.5,25.75,4.75,38.5,0.0,0.0,88.34684027237311,29.024764443340537,107045.0,0,0,0,49,UTAH
2520,490302,528.25,1206.7443933645332,0.43774804582035987,306.75,55.75,31.5,219.5,377.1122585286429,51.25,4.5,30.75,0.75,16.5,26.75,15.25,161.0,0.0,0.0,36.58338823253438,33.77887029610851,107045.0,0,0,0,49,UTAH
2525,490307,211.25,607.3207441278597,0.34783926293076756,204.5,51.75,5.25,147.5,232.86503721717935,49.75,2.0,5.25,0.0,10.0,39.5,9.75,88.25,0.0,0.0,14.853536970090255,13.51150024708911,85040.0,0,0,0,49,UTAH
2523,490305,1159.5,2606.074884614752,0.44492198088598106,131.0,23.5,7.0,100.5,251.89373018020083,19.25,4.25,4.0,3.0,19.75,7.75,8.0,65.0,0.0,0.0,46.07963142813923,74.8140987520616,107045.0,0,0,0,49,UTAH
2527,490309,119.5,327.0974844491185,0.3653345124352027,0.0,0.0,0.0,0.0,66.70949870631038,0.0,0.0,0.0,0.0,0.0,0.0,0.0,0.0,0.0,0.0,58.95251255647949,7.756986149830888,107045.0,0,0,0,49,UTAH
2530,490312,754.5,1699.022760609164,0.44407880664852495,0.0,0.0,0.0,0.0,75.99964241006722,0.0,0.0,0.0,0.0,0.0,0.0,0.0,0.0,0.0,0.0,27.207876601211478,48.79176580885576,107045.0,0,0,0,49,UTAH
2535,490317,429.0,1241.097056870176,0.3456619267810215,45.0,0.0,0.0,45.0,89.95422374635004,0.0,0.0,0.0,0.0,0.0,45.0,0.0,0.0,0.0,0.0,16.930226586632585,28.023997159717453,85040.0,511,0,0,49,UTAH
2536,490318,0.0,0.0,0.0,2127.7500593676846,288.00000803566826,91.00000253904795,1748.7500487929683,2203.7495268375715,228.0000063615707,60.000001674097554,91.00000253904795,0.0,75.50000210657275,774.5000216098092,108.75000303430181,790.0000220422845,0.0,0.0,75.99946746988681,0.0,87096.0,0,0,0,49,UTAH
2561,490343,335.25,955.5192767532168,0.3508563439339021,0.0,0.0,0.0,0.0,33.99360438450309,0.0,0.0,0.0,0.0,0.0,0.0,0.0,0.0,0.0,0.0,11.974749473296518,22.018854911206567,96089.0,0,0,0,49,UTAH
2562,490344,234.0,631.8596358090228,0.37033541428926725,0.0,0.0,0.0,0.0,23.371868444122875,0.0,0.0,0.0,0.0,0.0,0.0,0.0,0.0,0.0,0.0,8.359012822845667,15.012855621277208,83312.0,0,0,0,49,UTAH
2578,490360,348.0,948.2976996240544,0.36697336726426943,0.0,0.0,0.0,0.0,34.70619034513214,0.0,0.0,0.0,0.0,0.0,0.0,0.0,0.0,0.0,0.0,12.437295703721892,22.26889464141025,83312.0,0,0,0,49,UTAH
2577,490359,278.75,1081.180014224652,0.25782015606337333,0.0,0.0,0.0,0.0,27.98115841729108,0.0,0.0,0.0,0.0,0.0,0.0,0.0,0.0,0.0,0.0,9.965781538083784,18.01537687920729,95907.0,0,0,0,49,UTAH
2576,490358,430.0,1317.483398268968,0.3263798242656977,72.75,45.75,11.0,16.0,118.73178743855787,45.75,0.0,11.0,0.0,8.0,0.0,0.25,7.75,0.0,0.0,17.95779027884044,28.023997159717453,95907.0,0,0,0,49,UTAH
2574,490356,341.0,1190.420166829896,0.2864534804615141,0.0,0.0,0.0,0.0,34.216006711425365,0.0,0.0,0.0,0.0,0.0,0.0,0.0,0.0,0.0,0.0,12.197151800218792,22.01885491120657,96089.0,0,0,0,49,UTAH
2591,490373,56.5,197.0130611080648,0.2867830167311032,31.0,0.0,0.0,31.0,38.12894089315392,0.0,0.0,0.0,0.0,0.0,31.0,0.0,0.0,0.0,0.0,3.1255127274800008,4.003428165673922,96089.0,850,0,0,49,UTAH
2592,490374,139.0,484.9539963592153,0.28662512535939566,75.0,1.0,0.0,74.0,91.65216139190083,1.0,0.0,0.0,0.0,2.0,0.0,71.0,1.0,0.0,0.0,7.6444480191345185,9.007713372766323,96086.0,0,0,0,49,UTAH
2597,490379,451.25,1223.475412562186,0.3688263739236069,22.0,1.0,21.0,0.0,67.92687885809357,1.0,0.0,21.0,0.0,0.0,0.0,0.0,0.0,0.0,0.0,16.90202465695764,29.02485420113593,74290.0,0,0,0,49,UTAH
2590,490372,156.75,493.6139429038049,0.31755585970258404,189.5,50.75,22.25,116.5,212.12705719020357,47.25,3.5,22.25,0.0,2.75,27.0,18.5,68.25,0.0,0.0,12.36835728801966,10.258699902183878,93988.0,0,0,0,49,UTAH
2589,490371,667.25,2452.479729256555,0.2720715657871188,0.0,0.0,0.0,0.0,66.86989928655547,0.0,0.0,0.0,0.0,0.0,0.0,0.0,0.0,0.0,0.0,23.83304650556081,43.03685278099466,93988.0,0,0,0,49,UTAH
2594,490376,182.5,665.4322439476723,0.2742578251353135,40.5,4.25,1.75,34.5,69.73718861730534,4.25,0.0,0.5,1.25,6.0,2.75,1.75,24.0,0.0,0.0,17.477133340933356,11.760055276371975,89516.0,0,0,0,49,UTAH
2595,490377,131.5,355.8848461606556,0.36950154359940773,70.25,15.25,3.5,51.5,85.99060167428095,13.25,2.0,3.5,0.0,0.0,8.5,14.5,28.5,0.0,0.0,7.23333676795889,8.507264906322067,83145.0,0,0,0,49,UTAH
2603,490385,137.75,371.8128884163335,0.37048204699605763,831.25,121.0,142.75,567.5,874.8703605759019,76.25,44.75,107.5,35.25,129.0,16.0,90.75,331.75,0.0,0.0,34.6130960080151,9.007264567886835,80705.0,0,0,0,49,UTAH
2602,490384,28.0,72.79352720510668,0.3846495845860828,1027.25,327.5,16.75,683.0,1078.6941466527337,187.5,140.0,15.25,1.5,72.0,39.5,219.0,352.5,0.0,0.0,49.44243256989645,2.001714082836961,80705.0,0,0,0,49,UTAH
2601,490383,314.25,835.8462407758973,0.37596627785068315,1070.0,116.0,396.75,557.25,1139.474943987056,110.5,5.5,362.75,34.0,111.75,69.25,72.75,303.5,0.0,0.0,49.45780315868628,20.01714082836961,80705.0,0,0,0,49,UTAH
2600,490382,182.0,409.5339658636316,0.4444075831810326,807.5,184.5,19.25,603.75,881.1046352728205,156.5,28.0,18.0,1.25,87.75,59.25,84.75,372.0,0.0,0.0,61.84457999644845,11.760055276371975,54694.0,0,0,0,49,UTAH
2599,490381,232.0,526.0690232209724,0.4410067686166529,200.25,49.25,7.25,143.75,234.96612069842303,25.25,24.0,7.0,0.25,13.0,54.5,14.75,61.5,0.0,0.0,19.703314943471177,15.012805754951849,54694.0,0,0,0,49,UTAH
2598,490380,380.25,1252.734390582535,0.3035360111916299,89.0,7.0,0.0,82.0,131.7801465307931,7.0,0.0,0.0,0.0,0.0,35.0,20.0,27.0,0.0,0.0,18.259129070305324,24.52101746048779,66552.0,783,0,0,49,UTAH
2611,490393,131.25,344.0080702403577,0.3815317469392387,967.25,215.75,44.5,707.0,1016.7624434816224,110.25,105.5,43.75,0.75,48.75,254.75,91.5,312.0,0.0,0.0,41.00519852501102,8.50724495661142,76187.0,0,0,1617,49,UTAH
2610,490392,283.0,664.6856069005453,0.4257651994596964,545.75,22.25,140.5,383.0,611.852248531115,20.0,2.25,12.0,128.5,71.75,198.25,45.25,67.75,0.0,0.0,47.83654269860722,18.265705832507795,67297.0,0,0,0,49,UTAH
2609,490391,253.25,584.025416301249,0.4336283883052272,1206.75,125.25,46.25,1035.25,1280.923577830892,51.0,74.25,46.0,0.25,32.25,304.25,114.5,584.25,0.0,0.0,57.65940672689685,16.514171103995267,70166.0,0,0,0,49,UTAH
2616,490398,277.0,701.5109093941379,0.3948619989947582,1538.5,175.0,176.0,1187.5,1622.8973602451397,149.5,25.5,175.75,0.25,445.75,287.75,88.25,365.75,0.0,0.0,66.63212282878685,17.765237416352893,81410.0,609,0,0,49,UTAH
2615,490397,280.5,706.5784107150698,0.39698354173619466,76.5,8.25,9.25,59.0,108.7611774925637,7.25,1.0,8.25,1.0,3.75,23.5,4.75,27.0,0.0,0.0,14.24575074703106,18.015426745532647,73538.0,0,0,0,49,UTAH
2608,490390,89.0,220.25786863465368,0.40407182976798056,344.0,69.25,13.0,261.75,366.24201287116045,65.5,3.75,13.0,0.0,17.25,43.25,27.0,174.25,0.0,0.0,16.2369105141196,6.005102357040848,82474.0,0,0,0,49,UTAH
2596,490378,603.0,1639.484759988518,0.36779847834890705,2044.5,309.75,5.75,1729.0,2178.117365311029,144.25,165.5,4.0,1.75,102.75,181.25,489.75,955.25,0.0,0.0,94.583940695709,39.03342461532074,74290.0,0,0,0,49,UTAH
2606,490388,161.25,533.8304655560829,0.3020621909092962,163.75,50.75,10.5,102.5,185.602146454554,28.75,22.0,2.75,7.75,1.0,81.75,2.5,17.25,0.0,0.0,11.593346819719429,10.258799634834595,77253.0,0,2002,0,49,UTAH
2614,490396,137.5,319.45996089706256,0.43041387601091485,245.5,30.5,20.75,194.25,268.1906992608399,24.75,5.75,20.75,0.0,14.0,76.75,11.5,92.0,0.0,0.0,13.682985888073592,9.007713372766323,68933.0,0,0,0,49,UTAH
2612,490394,150.75,509.3357932957197,0.29597370140541984,78.0,0.0,0.0,78.0,96.18039879325346,0.0,0.0,0.0,0.0,5.0,73.0,0.0,0.0,0.0,0.0,8.17182837906866,10.008570414184804,77253.0,477,125,0,49,UTAH
2605,490387,350.75,1174.4900797796126,0.29864024059344674,75.25,7.75,5.25,62.25,113.2342544353376,6.75,1.0,3.75,1.5,12.75,9.5,7.0,33.0,0.0,0.0,15.214771703362352,22.76948273197526,77253.0,0,0,0,49,UTAH
2539,490321,45.75,157.4493049865539,0.29056971705214596,0.0,0.0,0.0,0.0,4.63679912273836,0.0,0.0,0.0,0.0,0.0,0.0,0.0,0.0,0.0,0.0,1.6342279984829189,3.0025711242554416,112546.0,0,0,0,49,UTAH
2538,490320,231.5,803.8146330690067,0.28800172387521833,12.5,0.0,0.0,12.5,36.72731135735766,0.0,0.0,0.0,0.0,0.0,12.5,0.0,0.0,0.0,0.0,9.214455736080447,15.012855621277208,112546.0,0,0,0,49,UTAH
2537,490319,186.0,627.4711754753827,0.2964279591952304,0.0,0.0,0.0,0.0,20.65339794489621,0.0,0.0,0.0,0.0,0.0,0.0,0.0,0.0,0.0,0.0,8.643113447874441,12.010284497021765,77253.0,0,0,0,49,UTAH
2542,490324,203.75,478.2651427360784,0.4260189208738459,3.0,1.5,0.25,1.25,23.64079664357267,1.5,0.0,0.25,0.0,0.0,0.25,0.25,0.75,0.0,0.0,7.629655105132427,13.011141538440246,93596.0,0,0,0,49,UTAH
2679,490461,233.75,606.1480794231331,0.38563184135213,96.0,0.0,0.0,96.0,122.7909797237986,0.0,0.0,0.0,0.0,0.0,96.0,0.0,0.0,0.0,0.0,11.778124102521382,15.012855621277208,71196.0,0,1332,0,49,UTAH
2678,490460,260.0,725.5524626914778,0.35834762249378266,48.0,0.0,0.25,47.75,76.01663102752654,0.0,0.0,0.25,0.0,0.0,47.75,0.0,0.0,0.0,0.0,11.00206132341238,17.01456970411417,66634.0,718,0,0,49,UTAH
2686,490468,360.75,1245.0676307227054,0.2897432967481461,0.0,0.0,0.0,0.0,37.40451666237842,0.0,0.0,0.0,0.0,0.0,0.0,0.0,0.0,0.0,0.0,14.134625355428938,23.26989130694948,129697.0,0,0,0,49,UTAH
2684,490466,275.25,611.9189892926008,0.44981444409528515,0.0,0.0,0.0,0.0,27.592370930183726,0.0,0.0,0.0,0.0,0.0,0.0,0.0,0.0,0.0,0.0,9.827163430445545,17.76520749973818,86845.0,0,0,0,49,UTAH
2683,490465,187.25,675.297968359327,0.2772850042107102,0.0,0.0,0.0,0.0,18.700160280500047,0.0,0.0,0.0,0.0,0.0,0.0,0.0,0.0,0.0,0.0,6.689875783478282,12.010284497021765,89000.0,0,0,0,49,UTAH
2617,490399,465.5,1397.1880694503272,0.3331691775632854,3.0,0.0,3.0,0.0,51.01051220234957,0.0,0.0,3.0,0.0,0.0,0.0,0.0,0.0,0.0,0.0,17.98480095979515,30.02571124255441,89230.0,0,0,0,49,UTAH
2540,490322,328.5,793.8381731864642,0.41381229965472927,361.25,37.75,16.0,307.5,408.4078829936258,27.75,10.0,14.5,1.5,26.5,122.5,44.5,114.0,0.0,0.0,25.88970576951324,21.26817722411252,77804.0,0,0,0,49,UTAH
2620,490402,326.25,898.3764232077755,0.3631551224764781,0.0,0.0,0.0,0.0,32.675118012990055,0.0,0.0,0.0,0.0,0.0,0.0,0.0,0.0,0.0,0.0,11.657120143201965,21.01799786978809,96918.0,0,0,0,49,UTAH
2621,490403,293.5,1027.4448593231143,0.28566009877489607,0.0,0.0,0.0,0.0,96.76177590722298,0.0,0.0,0.0,0.0,0.0,0.0,0.0,0.0,0.0,67.26086956004349,10.484622560228352,19.016283786951128,89205.0,0,0,0,49,UTAH
2685,490467,274.7499828573884,798.3235481111755,0.3441586854195191,0.0,0.0,0.0,0.0,27.34057551344966,0.0,0.0,0.0,0.0,0.0,0.0,0.0,0.0,0.0,0.0,9.825598327181906,17.514977186267753,86845.0,0,0,0,49,UTAH
2622,490404,280.49999956323853,923.9973017293229,0.30357231459254697,0.0,0.0,0.0,0.0,59.69937248726101,0.0,0.0,0.0,0.0,0.0,0.0,0.0,0.0,0.0,0.0,41.43352705112261,18.265845436138395,103369.0,0,0,0,49,UTAH
2628,490410,238.49999982981296,730.8842770090594,0.32631704817321816,0.0,0.0,0.0,0.0,34.13187820443086,0.0,0.0,0.0,0.0,0.0,0.0,0.0,0.0,0.0,10.347826077788492,8.521017161932017,15.263034964710355,123639.0,0,0,0,49,UTAH
2627,490409,131.75,441.3924035873033,0.2984872393118589,147.0,0.25,0.0,146.75,165.71363540206448,0.25,0.0,0.0,0.0,0.0,146.75,0.0,0.0,0.0,0.0,9.956151249947933,8.757484152116534,103369.0,0,0,2989,49,UTAH
2626,490408,457.5,1636.670406406594,0.27953092950734537,122.0,1.25,0.0,120.75,172.22620536159397,1.25,0.0,0.0,0.0,35.75,34.25,1.75,49.0,0.0,0.0,20.70094258548381,29.52526277611016,132678.0,999,0,0,49,UTAH
2636,490418,87.0,264.84163315965856,0.328498200838206,1418.5,542.0,31.75,844.75,1478.0492478053195,409.5,132.5,31.25,0.5,72.0,84.75,180.0,508.0,0.0,0.0,53.79429488598871,5.754952919331127,127755.0,0,0,0,49,UTAH
2635,490417,161.0,497.2850954624329,0.32375794382150885,496.25,63.0,6.5,426.75,529.7346207519107,59.75,3.25,6.25,0.25,31.75,99.0,102.0,194.0,0.0,0.0,23.476050337726,10.008570414184804,123256.0,647,78,0,49,UTAH
2634,490416,327.25,734.7786206132636,0.44537223977321144,83.75,0.25,0.0,83.5,119.70295083496242,0.25,0.0,0.0,0.0,12.75,0.0,0.0,70.75,0.0,0.0,14.684783585705237,21.2681672492572,103369.0,0,0,0,49,UTAH
2633,490415,364.0,1304.9713654114005,0.2789333234796663,212.5,44.25,10.0,158.25,256.6190620148548,14.0,30.25,1.0,9.0,14.25,5.75,81.0,57.25,0.0,0.0,20.59890159578549,23.52016041906931,132678.0,0,0,0,49,UTAH
2625,490407,307.5,1101.050065950058,0.27927885344130005,128.25,15.25,0.25,112.75,164.084077661221,13.25,2.0,0.25,0.0,13.75,15.0,8.25,75.75,0.0,0.0,15.81693683285139,20.01714082836961,132678.0,0,0,0,49,UTAH
2644,490426,542.25,1404.848938091225,0.38598456054410923,978.5,240.5,0.25,737.75,1068.9563482148335,200.0,40.5,0.25,0.0,0.0,67.75,191.25,478.75,1.0127620568823814,0.0,54.4131309206185,35.03045523733289,152001.0,0,0,0,49,UTAH
2645,490427,0.0,0.0,0.0,1143.0,0.0,1143.0,0.0,1183.8269324153382,0.0,0.0,1138.0,5.0,0.0,0.0,0.0,0.0,0.0,0.0,40.82693241533831,0.0,152001.0,0,0,0,49,UTAH
2643,490425,79.5,186.3286877635984,0.42666537801663895,140.75,0.0,0.0,140.75,153.62742443718727,0.0,0.0,0.0,0.0,0.0,140.75,0.0,0.0,0.0,0.0,7.872939772744711,5.004484664442577,109972.0,799,0,0,49,UTAH
2642,490424,657.5,1725.3589151758024,0.3810801301785983,56.25,6.0,0.25,50.0,174.343804228128,5.25,0.75,0.25,0.0,4.0,5.75,5.0,35.25,0.0,0.0,75.557000990926,42.53680323720201,109972.0,0,0,0,49,UTAH
2632,490414,154.75,552.2148166152649,0.28023514643906466,221.0,4.25,51.5,165.25,244.4325930257133,4.25,0.0,0.25,51.25,12.0,0.0,0.25,153.0,0.0,0.0,13.424022611528503,10.008570414184804,132678.0,0,0,0,49,UTAH
2656,490438,7301.0,22639.674040931048,0.3224869751569864,0.0,0.0,0.0,0.0,736.9937104651898,0.0,0.0,0.0,0.0,0.0,0.0,0.0,0.0,0.0,0.0,266.07963142813924,470.91407903705056,128261.0,0,0,0,49,UTAH
2655,490437,405.0,1062.3631466366382,0.3812255736488973,0.0,0.0,0.0,0.0,46.890429352742245,0.0,0.0,0.0,0.0,0.0,0.0,0.0,0.0,0.0,0.0,20.617498174898444,26.2729311778438,109972.0,0,0,0,49,UTAH
2624,490406,648.75,1706.942625986435,0.3800654984669389,0.0,0.0,0.0,0.0,65.20877476088329,0.0,0.0,0.0,0.0,0.0,0.0,0.0,0.0,0.0,0.0,23.172779021307104,42.03599573957618,51324.0,0,0,0,49,UTAH
2623,490405,69.25,165.7083903737789,0.41790279806470115,1125.0,36.75,10.75,1077.5,1172.1207952315988,31.75,5.0,10.5,0.25,134.75,46.5,731.5,164.75,0.0,0.0,42.61701833213122,4.503776899467463,51324.0,0,0,0,49,UTAH
2618,490400,268.0,652.4385950474291,0.41076662544851095,3319.25,307.5,489.0,2522.75,3464.427160219286,266.75,40.75,56.5,432.5,1309.25,233.0,357.25,623.25,0.0,0.0,128.16259051517193,17.01456970411417,51324.0,0,0,0,49,UTAH
2550,490332,0.0,0.0,0.0,4563.75,450.25,223.5,3890.0,4726.828628444399,375.75,74.5,104.25,119.25,1065.5,359.0,682.5,1783.0,0.0,0.0,163.0786284443996,0.0,75570.0,0,0,0,49,UTAH
2631,490413,0.9999999998775219,0.9999999998775219,1.0,1705.249999791144,341.24999995820434,20.499999997489198,1343.4999998354506,1766.2336960911603,120.49999998524139,220.74999997296294,19.249999997642295,1.2499999998469022,208.24999997449393,130.749999983986,253.74999996892117,750.7499999080495,0.0,0.0,60.98369630001605,0.0,51324.0,698,0,0,49,UTAH
2629,490411,0.0,0.0,0.0,1002.75,372.5,18.75,611.5,1038.572669734445,77.5,295.0,17.25,1.5,44.75,38.0,115.25,413.5,0.0,0.0,35.822669734444986,0.0,51324.0,0,0,0,49,UTAH
2543,490325,283.75,777.7194437843123,0.3648487925405314,1017.0,134.5,311.0,571.5,1358.7754285593464,122.75,11.75,218.5,92.5,52.75,71.0,92.5,355.25,0.0,269.04347830440184,54.216124909293,18.51582534565155,74404.0,0,0,0,49,UTAH
2547,490329,0.0,0.0,0.0,393.25,92.5,5.75,295.0,407.2994109251785,49.0,43.5,5.5,0.25,17.75,24.0,29.75,223.5,0.0,0.0,14.04941092517851,0.0,75570.0,0,0,0,49,UTAH
2546,490328,230.5,693.0896420960158,0.33256881361396556,34.75,28.25,1.0,5.5,59.23733489185044,28.25,0.0,0.0,1.0,0.0,0.0,0.25,5.25,0.0,0.0,9.474479270573225,15.012855621277208,75570.0,0,0,0,49,UTAH
2545,490327,9.5,22.739404286500395,0.4177769953999993,283.75,0.0,0.0,283.75,294.7363897036548,0.0,0.0,0.0,0.0,0.0,283.5,0.0,0.25,0.0,0.0,10.485941237210588,0.5004484664442577,75570.0,0,0,0,49,UTAH
2544,490326,422.5,1226.3068945608898,0.34453039599951596,28.5,3.25,3.75,21.5,71.63138289078718,3.25,0.0,1.75,2.0,2.0,1.25,0.75,17.5,0.0,0.0,16.10824277248821,27.02314011829897,85040.0,0,0,0,49,UTAH
2541,490323,267.25,996.6535346398738,0.26814734580414334,49.0,0.0,0.25,48.75,77.30920686515499,0.0,0.0,0.25,0.0,0.0,48.75,0.0,0.0,0.0,0.0,11.294637161040823,17.01456970411417,93596.0,669,0,0,49,UTAH
2549,490331,1355.0,3341.0596781385398,0.4055599511933692,2651.75,165.0,67.0,2419.75,3110.172491882952,108.5,56.5,66.0,1.0,909.5,141.25,138.75,1230.25,0.0,0.0,371.0973310767113,87.32516080624072,75570.0,0,0,0,49,UTAH
2548,490330,3.5,8.625995502512112,0.40575026951738036,607.5,54.75,25.25,527.5,629.5831014460553,45.5,9.25,24.25,1.0,178.25,61.5,92.75,195.0,0.0,0.0,21.83292209173081,0.250179354324432,75570.0,0,0,0,49,UTAH
2551,490333,0.0,0.0,0.0,632.0,38.5,21.0,572.5,654.5864703522391,34.0,4.5,20.25,0.75,354.0,41.0,54.5,123.0,0.0,0.0,22.58647035223912,0.0,75570.0,0,0,0,49,UTAH
2554,490336,146.75,423.4358557174284,0.346569611473646,498.5,60.75,17.25,420.5,530.828002377824,50.25,10.5,16.75,0.5,40.0,75.5,89.5,215.5,0.0,0.0,23.070059784407825,9.257942593416114,85040.0,0,0,0,49,UTAH
2556,490338,0.0,0.0,0.0,962.0,383.5,18.25,560.25,996.377800407332,113.75,269.75,10.75,7.5,236.0,34.25,104.5,185.5,0.0,0.0,34.377800407331975,0.0,72767.0,0,0,0,49,UTAH
2557,490339,664.5,1962.8691027107143,0.3385350551813813,1422.5,323.5,149.5,949.5,1540.0958454893578,296.0,27.5,76.5,73.0,481.75,76.25,165.75,225.75,0.0,0.0,74.55899270836302,43.03685278099466,72767.0,0,0,0,49,UTAH
2558,490340,1.9999999639342683,4.368204818851514,0.4578539804962962,55.74999899466773,8.249999851228857,10.249999815163125,37.24999932827575,57.813416577964425,7.749999860245289,0.49999999098356707,9.499999828687773,0.7499999864753506,3.9999999278685365,7.999999855737073,5.249999905327455,19.999999639342683,0.0,0.0,2.0634175832966966,0.0,72767.0,0,0,0,49,UTAH
2641,490423,728.25,1825.3267953817497,0.3989696540052673,0.0,0.0,0.0,0.0,74.05160517217071,0.0,0.0,0.0,0.0,0.0,0.0,0.0,0.0,0.0,0.0,27.01126438432145,47.04034078784926,109972.0,0,0,0,49,UTAH
2649,490431,111.0,278.74764079960187,0.3982096482739399,0.0,0.0,0.0,0.0,11.720325953512177,0.0,0.0,0.0,0.0,0.0,0.0,0.0,0.0,0.0,0.0,4.714326663582812,7.005999289929363,109972.0,0,0,0,49,UTAH
2637,490419,0.0,0.0,0.0,2393.7500060726666,343.750000872054,36.500000092596274,2013.5000051080165,2479.2708088848844,84.00000021309828,259.7500006589557,35.00000008879095,1.5000000038053263,1455.7500036930692,76.75000019470586,187.75000047630002,293.2500007439413,0.0,0.0,85.52080281221791,0.0,100955.0,0,0,0,49,UTAH
2652,490434,376.0,941.7809779348504,0.399243570224255,34.0,0.0,0.0,34.0,72.92305774977507,0.0,0.0,0.0,0.0,0.0,33.75,0.0,0.25,0.0,0.0,14.65240913405782,24.27064861571725,109972.0,710,0,0,49,UTAH
2647,490429,636.250000166756,1762.329164211269,0.361027901647142,0.0,0.0,0.0,0.0,63.761258658570384,0.0,0.0,0.0,0.0,0.0,0.0,0.0,0.0,0.0,0.0,22.7261199496577,41.03513870891268,101097.0,0,0,0,49,UTAH
2651,490433,234.7499999027753,651.7522157231392,0.3601828950321449,0.0,0.0,0.0,0.0,23.398109613108048,0.0,0.0,0.0,0.0,0.0,0.0,0.0,0.0,0.0,0.0,8.385253998048606,15.012855615059443,101939.0,0,0,0,49,UTAH
2650,490432,1094.25,2681.410045399388,0.4080875291257495,175.25,34.25,5.5,135.5,291.8371769061288,24.5,9.75,5.5,0.0,1.0,15.25,28.75,90.5,1.0127620568823814,0.0,45.01600800413909,70.55840684510729,100955.0,0,0,0,49,UTAH
2653,490435,110.25,299.0991647826765,0.3686068467630357,359.25,74.0,147.5,137.75,383.1021195044855,69.75,4.25,146.0,1.5,17.75,13.5,21.0,85.5,0.0,0.0,16.846110231749535,7.006009272735946,109972.0,0,0,0,49,UTAH
2711,490493,524.5,1431.1713326837748,0.366483025492442,297.0,27.5,77.25,192.25,360.9134467774813,26.75,0.75,40.75,36.5,77.25,38.5,21.75,54.75,0.0,0.0,29.884367210433663,34.02907956704765,140614.0,927,0,0,49,UTAH
2707,490489,482.75,1287.526040988921,0.3749438726918565,387.5,97.5,26.0,264.0,449.62433795060736,70.75,26.75,2.5,23.5,13.0,13.25,54.0,183.75,0.0,0.0,31.097859424429835,31.0264785261775,127394.0,0,0,0,49,UTAH
2714,490496,202.75,509.627511311265,0.3978395897001849,0.0,0.0,0.0,0.0,20.75252519561492,0.0,0.0,0.0,0.0,0.0,0.0,0.0,0.0,0.0,0.0,7.741383657174676,13.011141538440246,141904.0,0,0,0,49,UTAH
2708,490490,107.5,338.7948189760062,0.3173011922818491,57.75,15.5,3.5,38.75,70.66049934364106,15.5,0.0,0.25,3.25,0.25,0.0,0.0,38.5,0.0,0.0,5.904500053711698,7.005999289929363,132626.0,0,0,0,49,UTAH
2709,490491,76.0,239.2097218022483,0.3177128397098687,0.0,0.0,0.0,0.0,7.718936881253129,0.0,0.0,0.0,0.0,0.0,0.0,0.0,0.0,0.0,0.0,2.714651674160727,5.004285207092402,132626.0,0,0,0,49,UTAH
2706,490488,54.75,150.3197534969437,0.36422358822663436,0.0,0.0,0.0,0.0,9.987234285424137,0.0,0.0,0.0,0.0,0.0,0.0,0.0,0.0,0.0,0.0,6.234005423785294,3.7532288616388425,152001.0,0,0,0,49,UTAH
2699,490481,350.0,1234.524054157324,0.2835100691812013,0.0,0.0,0.0,0.0,35.01968511435828,0.0,0.0,0.0,0.0,0.0,0.0,0.0,0.0,0.0,0.0,12.500381736707451,22.51930337765083,137505.0,0,0,0,49,UTAH
2702,490484,585.75,1557.5398449542429,0.37607384613470873,1220.75,454.75,80.5,685.5,1323.6054290087525,236.25,218.5,7.5,73.0,46.5,213.25,74.75,351.0,0.0,0.0,64.82277167705459,38.03265733169765,132959.0,0,0,0,49,UTAH
2690,490472,349.75,1076.394346446935,0.3249273847958121,61.0,0.0,0.25,60.75,98.1920841614574,0.0,0.0,0.25,0.0,0.0,60.75,0.0,0.0,0.0,0.0,14.672820675276617,22.51926348618079,123845.0,0,1194,0,49,UTAH
2691,490473,223.25,639.6630759989586,0.3490118601130003,96.0,16.75,26.75,52.5,121.41724018384348,14.75,2.0,2.25,24.5,3.75,7.0,3.0,38.75,0.0,0.0,11.40524160398475,14.011998579858728,111764.0,0,0,0,49,UTAH
2689,490471,152.75,469.10385191363065,0.3256208606620516,0.0,0.0,0.0,0.0,15.465302627391743,0.0,0.0,0.0,0.0,0.0,0.0,0.0,0.0,0.0,0.0,5.456732213206939,10.008570414184804,123233.0,0,0,0,49,UTAH
2703,490485,243.75,699.037123168591,0.34869392757731027,567.5,78.25,108.75,380.5,612.4914973949811,29.75,48.5,1.25,107.5,57.0,22.0,50.0,251.5,0.0,0.0,28.977784732285556,16.01371266269569,112892.0,0,0,0,49,UTAH
2704,490486,224.0,837.1655080068549,0.26756955208690447,0.0,0.0,0.0,0.0,22.013077198437717,0.0,0.0,0.0,0.0,0.0,0.0,0.0,0.0,0.0,0.0,8.001078618578985,14.011998579858728,109118.0,0,0,0,49,UTAH
2705,490487,343.0,1129.4434286807486,0.3036894024879517,88.0,0.0,0.5,87.5,125.41378743177594,0.0,0.0,0.25,0.25,30.75,2.25,0.0,54.5,0.0,0.0,15.394932520569387,22.018854911206567,85589.0,0,0,0,49,UTAH
2710,490492,122.0,381.3171968732629,0.3199436086291926,14.0,0.0,1.25,12.75,26.864654064056516,0.0,0.0,1.25,0.0,5.0,4.0,2.0,1.75,0.0,0.0,4.85779773270867,8.006856331347844,132626.0,0,0,0,49,UTAH
2698,490480,381.0,1157.1794243235831,0.32924885457819947,104.0,0.0,13.0,91.0,146.34519000872456,0.0,0.0,13.0,0.0,17.5,49.5,1.0,23.0,0.0,0.0,17.323763973262537,25.021426035462014,92729.0,0,0,0,49,UTAH
2692,490474,605.0,1667.9280000225715,0.3627254893447515,184.75,49.25,3.0,132.5,291.25063292060423,2.75,46.5,1.25,1.75,2.25,124.0,2.25,4.0,0.0,0.0,67.46686919995878,39.033763720645446,112892.0,0,0,2537,49,UTAH
2694,490476,357.5,1200.973676292023,0.2976751339827635,87.0,0.75,9.25,77.0,125.89799768350971,0.0,0.75,8.0,1.25,44.25,4.0,11.0,17.75,0.0,0.0,15.878285730884668,23.01971195262505,117955.0,0,0,0,49,UTAH
2695,490477,442.5,1289.944165795659,0.34303810330198176,0.0,0.0,0.0,0.0,44.34772876994142,0.0,0.0,0.0,0.0,0.0,0.0,0.0,0.0,0.0,0.0,15.823273168924384,28.524455601017035,85999.0,0,0,0,49,UTAH
2787,490569,2573.75,6691.306081201927,0.3846409010089238,1896.5,154.75,149.5,1592.25,2222.150432566693,126.5,28.25,39.0,110.5,79.5,403.25,680.0,429.5,2.0255241137647624,0.0,157.47891952891553,166.14598892401276,91242.0,0,0,0,49,UTAH
2677,490459,349.75,1076.0085147637153,0.3250438962156381,108.5,1.0,2.5,105.0,147.39829602924098,1.0,0.0,0.5,2.0,6.75,1.0,0.0,97.25,0.0,0.0,16.379052492770843,22.519243536470142,91242.0,0,0,0,49,UTAH
2671,490453,485.25,1415.954765664726,0.342701625621633,172.0,13.0,65.5,93.5,235.99688600852056,12.0,1.0,1.75,63.75,21.75,10.5,20.25,41.0,0.0,0.0,32.72009847875319,31.27678752976736,68889.0,0,0,0,49,UTAH
2670,490452,451.5,1168.0687330641658,0.3865354728018369,719.25,3.5,26.0,689.75,790.6020691454112,2.25,1.25,22.0,4.0,4.0,385.25,3.25,297.25,0.0,0.0,42.57748405639509,28.77458508901611,59008.0,866,0,0,49,UTAH
2783,490565,597.0,1439.684190249698,0.41467427651369615,230.75,0.0,3.5,227.25,300.84290484275664,0.0,0.0,2.25,1.25,27.25,152.5,1.0,46.5,0.0,0.0,31.810108048204604,38.28279679455205,80035.0,0,0,2393,49,UTAH
2788,490570,618.25,1865.118538490527,0.33148027175814815,374.0,0.0,0.25,373.75,467.9850743195423,0.0,0.0,0.25,0.0,0.75,373.0,0.0,0.0,0.0,0.0,54.2009620422722,39.78411227727011,117317.0,576,327,0,49,UTAH
2672,490454,345.0,889.8776174581488,0.38769376061559996,442.75,40.75,6.25,395.75,493.4043759507975,35.75,5.0,6.0,0.25,25.25,48.0,46.25,276.25,0.0,0.0,28.385291818941155,22.26908413185636,71196.0,0,0,0,49,UTAH
2661,490443,388.25,886.2209616268871,0.4380961597740444,1737.5,675.0,232.25,830.25,1838.6789006873248,214.5,460.5,178.75,53.5,86.75,78.0,180.0,485.5,0.0,0.0,75.90749475488832,25.271405932436267,36579.0,0,0,0,49,UTAH
2669,490451,538.0,1769.6664516749756,0.3040120919344926,572.0,149.75,16.75,405.5,649.6787098900674,87.25,62.5,12.5,4.25,21.25,30.25,105.25,248.75,0.0,0.0,42.64871344042057,35.029996449646816,82722.0,0,0,0,49,UTAH
2667,490449,267.0,677.5010888689874,0.3940953075746738,296.0,23.0,7.25,265.75,333.12144721294374,23.0,0.0,0.0,7.25,17.75,42.25,159.75,46.0,0.0,0.0,20.106877508829548,17.01456970411417,57297.0,0,0,0,49,UTAH
2668,490450,228.25,394.81002658101227,0.5781261483569863,621.75,30.0,200.5,391.25,667.3757236286172,28.0,2.0,24.0,176.5,24.0,77.5,125.0,164.75,0.0,0.0,30.61286800733987,15.012855621277208,38529.0,453,0,0,49,UTAH
2779,490561,777.75,2434.701599958264,0.31944366406681307,385.0,31.0,18.0,336.0,507.8729270217757,30.75,0.25,14.0,4.0,112.75,42.25,80.25,100.75,0.0,31.04347825230585,41.53636747789599,50.29308129157381,75176.0,519,22,174,49,UTAH
2664,490446,434.5,952.1792999474636,0.4563216192832311,1666.0,418.25,251.75,996.0,1770.4793811316586,221.75,196.5,40.25,211.5,167.75,87.5,141.0,599.75,0.0,0.0,76.70557330112092,27.7738078305377,36579.0,0,0,0,49,UTAH
2665,490447,50.75,131.4837820738853,0.3859791618367185,1745.0,277.0,495.5,972.5,1815.695955219218,250.5,26.5,15.25,480.25,118.5,241.0,189.75,423.25,0.0,0.0,67.44313493255345,3.25282028666462,55929.0,0,0,0,49,UTAH
2666,490448,219.0,432.333931974923,0.5065528837849878,828.0,257.5,207.0,363.5,882.3900106637734,145.75,111.75,80.75,126.25,48.75,9.75,79.0,226.0,0.0,0.0,40.3780519753847,14.011958688388692,38900.0,0,0,0,49,UTAH
2770,490552,481.75,1037.4918208956008,0.46434101001792555,1110.75,318.25,23.0,769.5,1198.6613377840597,63.75,254.5,20.25,2.75,438.75,60.0,203.75,67.0,0.0,0.0,56.8847695000866,31.02656828397289,51709.0,0,0,0,49,UTAH
2658,490440,429.5,1005.980715199334,0.4269465542536718,299.0,20.25,65.75,213.0,360.2776414067096,19.25,1.0,6.0,59.75,13.5,111.75,23.25,64.5,0.0,0.0,33.75407277167706,27.523568635032586,57339.0,743,0,0,49,UTAH
2659,490441,136.5,337.4021051981415,0.4045617911003831,1059.75,119.5,396.25,544.0,1113.4626994860168,108.5,11.0,12.0,384.25,92.0,71.5,88.25,292.25,0.0,0.0,44.9551455258156,8.75755396020128,56267.0,0,0,0,49,UTAH
2755,490537,95.5,224.7484226944741,0.4249195560754788,1007.75,58.75,238.0,711.0,1053.173157790735,5.75,53.0,213.5,24.5,531.0,58.0,22.0,100.0,0.0,0.0,39.418254906947226,6.004902883788153,67267.0,411,0,100,49,UTAH
2748,490530,48.5,127.22547459114097,0.3812129619155469,2332.5,239.5,557.0,1536.0,2420.5541556106846,176.0,63.5,133.75,423.25,746.75,73.0,119.5,596.75,0.0,0.0,85.051544594959,3.0026110157254764,60581.0,0,0,0,49,UTAH
2757,490539,649.5,1473.185418343757,0.4408813662642729,403.0,40.0,6.5,356.5,482.09133273663497,23.0,17.0,2.25,4.25,185.5,25.5,8.75,136.75,0.0,0.0,37.55544636612962,41.53588637050537,58545.0,0,0,0,49,UTAH
2663,490445,142.0,299.879362548358,0.4735237489945689,2389.25,1365.75,89.25,934.25,2489.5574257411454,758.0,607.75,17.75,71.5,95.0,67.75,243.5,528.0,0.0,0.0,91.29971236837892,9.007713372766323,36579.0,0,0,0,49,UTAH
2604,490386,363.0,1003.309849624814,0.3618024881702729,355.25,73.25,19.5,262.5,404.2776111917227,64.5,8.75,10.25,9.25,22.5,22.5,19.25,198.25,0.0,0.0,25.506902227171977,23.52070896455077,80705.0,0,0,0,49,UTAH
2588,490370,192.25,487.34415000602473,0.3944850882022967,0.0,0.0,0.0,0.0,19.417175490520016,0.0,0.0,0.0,0.0,0.0,0.0,0.0,0.0,0.0,0.0,6.906282953222592,12.510892537297424,83312.0,0,0,0,49,UTAH
2583,490365,645.4612414955906,1825.0531268152897,0.35366709714468303,17.55693592281168,0.9753853290450933,6.340004638793107,10.24154595497348,94.8324809327795,0.9753853290450933,0.0,0.0,6.340004638793107,9.266160625928388,0.0,0.0,0.9753853290450933,0.0,0.0,35.78596575120738,41.489579258760465,83312.0,0,0,0,49,UTAH
2657,490439,118.75,272.29486337101537,0.43610811650970144,820.25,438.25,91.75,290.25,861.552307813291,290.75,147.5,7.5,84.25,24.0,22.0,19.25,225.0,0.0,0.0,33.545680702592854,7.756627110698053,55929.0,0,0,0,49,UTAH
2564,490346,238.74387295000568,657.8179245130183,0.3629330610392647,0.0,0.0,0.0,0.0,39.71482751229099,0.0,0.0,0.0,0.0,0.0,0.0,0.0,0.0,0.6469317346807055,0.0,23.723893586408337,15.344002191201945,83312.0,0,0,0,49,UTAH
2571,490353,0.0,0.0,0.0,1393.5,293.25,623.5,476.75,1443.2745248707083,291.0,2.25,315.5,308.0,359.75,16.25,12.75,88.0,0.0,0.0,49.77452487070827,0.0,83312.0,0,0,0,49,UTAH
2569,490351,3.0,6.947008162704611,0.4318405750702385,354.5,0.25,229.0,125.25,367.2690427150496,0.25,0.0,63.5,165.5,122.25,2.0,1.0,0.0,0.0,0.0,12.76904271504958,0.0,83312.0,0,0,0,49,UTAH
2730,490512,0.0,0.0,0.0,1344.5,335.75,17.25,991.5,1392.524355788477,320.75,15.0,11.5,5.75,712.5,50.25,58.75,170.0,0.0,0.0,48.02435578847676,0.0,83312.0,0,0,0,49,UTAH
2729,490511,0.0,0.0,0.0,3267.0,317.25,743.25,2206.5,3383.687969018216,290.25,27.0,317.75,425.5,1233.25,26.25,30.0,917.0,0.0,0.0,116.68796901821594,0.0,83312.0,0,0,0,49,UTAH
2726,490508,0.0,0.0,0.0,203.75,0.0,171.75,32.0,211.027218676763,0.0,0.0,130.25,41.5,18.0,0.0,0.0,14.0,0.0,0.0,7.277218676763004,0.0,83312.0,0,0,0,49,UTAH
2566,490348,4.0,9.525811427786456,0.41991173458799963,791.5,29.5,513.5,248.5,819.9138261582544,26.5,3.0,135.25,378.25,137.25,59.0,11.5,40.75,0.0,0.0,28.41382615825439,0.0,83312.0,0,0,0,49,UTAH
2784,490566,387.5,1130.329515901252,0.34282038516089924,49.0,0.75,0.0,48.25,89.61462322973833,0.0,0.75,0.0,0.0,18.25,2.0,19.0,9.0,0.0,0.0,15.593197194276309,25.021426035462014,79428.0,0,0,0,49,UTAH
2786,490568,256.75,836.1701080485709,0.3070547458329927,48.0,0.0,0.0,48.0,75.4098723135481,0.0,0.0,0.0,0.0,14.25,1.0,0.0,32.75,0.0,0.0,10.895751075878186,16.51412123766991,85941.0,0,0,0,49,UTAH
2772,490554,429.25,1160.037722071302,0.3700310703979125,168.5,2.0,1.75,164.75,218.37497268472188,1.0,1.0,0.75,1.0,84.5,59.25,3.5,17.5,0.0,0.0,21.85097552500444,28.023997159717453,67702.0,820,0,0,49,UTAH
2768,490550,25.0,40.19800072547186,0.6219214774071713,665.5,47.75,122.5,495.25,692.1502469313766,44.5,3.25,51.75,70.75,267.0,18.75,92.0,117.5,0.0,0.0,24.64853284853959,2.001714082836961,29406.0,0,0,0,49,UTAH
2774,490556,408.0,1070.115169965109,0.3812673733176802,139.0,4.0,1.25,133.75,187.3134881700648,4.0,0.0,0.25,1.0,3.25,111.75,6.0,12.75,0.0,0.0,22.291205093184317,26.02228307688049,48069.0,515,0,0,49,UTAH
2773,490555,1181.25,2995.568018156453,0.3943325582461555,711.25,21.5,62.25,627.5,856.2260345454705,4.25,17.25,39.0,23.25,360.25,216.0,30.5,20.75,0.0,0.0,68.91024117648348,76.06579336898699,43534.0,159,0,0,49,UTAH
2769,490551,380.25,671.7459846161032,0.5660621852727701,1569.25,234.5,208.75,1126.0,1663.3925570108108,103.0,131.5,18.25,190.5,458.5,245.0,136.25,286.25,0.0,0.0,69.62157944179296,24.52097756901776,29406.0,0,0,0,49,UTAH
2752,490534,687.25,1633.344422233774,0.4207624495145438,708.5,209.25,102.0,397.25,802.641316248257,89.0,120.25,2.25,99.75,135.25,60.0,74.5,127.5,0.0,0.0,49.85337720519404,44.28793904306293,58854.0,0,0,0,49,UTAH
2753,490535,584.0,1635.0906149710822,0.3571667494466834,691.75,31.5,38.0,622.25,776.100774720184,23.25,8.25,5.25,32.75,21.0,197.5,16.75,387.0,0.0,0.0,46.568386500606174,37.78238821957783,77014.0,421,0,2239,49,UTAH
2754,490536,597.0,1793.5347105859746,0.3328622504355944,0.0,0.0,0.0,0.0,59.85851617066808,0.0,0.0,0.0,0.0,0.0,0.0,0.0,0.0,0.0,0.0,21.325540021791603,38.53297614887648,82451.0,0,0,0,49,UTAH
2746,490528,450.75,1356.1910001464023,0.3323646890086581,163.5,5.5,38.25,119.75,214.4606278907349,5.5,0.0,2.25,36.0,25.25,19.5,3.25,71.75,0.0,0.0,21.935773689599003,29.02485420113593,81368.0,0,0,0,49,UTAH
2747,490529,408.25,1184.4289434799712,0.3446808711044501,0.0,0.0,0.0,0.0,41.10387499635557,0.0,0.0,0.0,0.0,0.0,0.0,0.0,0.0,0.0,0.0,14.831372673680612,26.272502322674963,132651.0,0,0,0,49,UTAH
2737,490519,38.75,120.44948858528323,0.3217116191619476,559.75,112.75,11.0,436.0,583.3761707867759,45.25,67.5,1.0,10.0,41.75,164.25,0.25,229.75,0.0,0.0,21.374227483289086,2.2519433034867515,72724.0,0,0,0,49,UTAH
2766,490548,684.5,1496.2047138219457,0.45749087252338266,756.25,289.25,31.0,436.0,852.0012434307156,179.25,110.0,7.25,23.75,320.0,23.75,58.25,34.0,0.0,0.0,51.46331436250792,44.2879290682076,58545.0,0,0,0,49,UTAH
2758,490540,613.5,1564.5229019046355,0.39213232305716383,1373.25,275.0,85.5,1012.75,1483.704652298385,167.75,107.25,10.25,75.25,591.25,39.5,202.0,180.0,0.0,0.0,71.17057958210107,39.28407271628405,58545.0,0,0,0,49,UTAH
2749,490531,145.5,407.7481275846535,0.35683793537419106,818.75,112.75,364.75,341.25,862.8670171093411,84.25,28.5,215.25,149.5,51.25,30.25,95.75,164.0,0.0,0.0,34.60867575453973,9.50834135480137,52957.0,0,0,0,49,UTAH
2759,490541,676.0,1477.4397647174817,0.45754826433094264,2807.75,1960.75,479.75,367.25,2976.2242560287227,1955.5,5.25,273.25,206.5,117.5,35.25,86.75,127.75,0.0,0.0,124.43654620630991,44.037709822413134,52957.0,0,0,0,49,UTAH
2750,490532,185.0,487.603466961037,0.3794066542492054,2961.0,361.0,725.5,1874.5,3085.405559393438,320.75,40.25,138.25,587.25,181.75,280.0,382.75,1030.0,0.0,0.0,112.64576340764548,11.75979598579238,60581.0,317,167,132,49,UTAH
2741,490523,203.0,482.8974455827285,0.4203791133229813,1597.5,224.75,421.5,951.25,1680.357327743527,132.5,92.25,28.75,392.75,355.0,87.75,118.75,389.75,0.0,0.0,69.84587702432812,13.01145071919898,60581.0,0,0,0,49,UTAH
2727,490509,0.0,0.0,0.0,2818.0,271.75,994.0,1552.25,2918.6502192862263,258.0,13.75,62.5,931.5,534.25,118.0,94.75,805.25,0.0,0.0,100.65021928622636,0.0,83312.0,0,0,0,49,UTAH
2743,490525,469.0,1182.8624918527028,0.3964957915483575,7.75,0.75,0.75,6.25,58.69591667084013,0.5,0.25,0.0,0.75,1.25,0.5,2.25,2.25,0.0,0.0,20.6702255233602,30.27569114747993,60581.0,0,0,0,49,UTAH
2744,490526,107.5,289.85898547569985,0.37086999329545434,1974.0,633.25,389.5,951.25,2059.095269077098,515.75,117.5,115.0,274.5,70.0,108.75,77.75,694.75,0.0,0.0,78.33934940884248,6.755919668255649,60581.0,0,0,0,49,UTAH
2732,490514,2.25,3.2370437965937264,0.6950786400751291,1430.5,54.75,1042.25,333.5,1481.6770997985263,53.0,1.75,865.25,177.0,59.0,84.5,33.5,156.5,0.0,0.0,51.17709979852633,0.0,60581.0,0,0,0,49,UTAH
2824,490606,24.999999972702426,56.57691118636704,0.44187636702808386,4350.999995249131,888.7499990295713,550.4999993989074,2911.7499968206516,4509.341170101901,836.7499990863503,51.99999994322105,403.4999995594172,146.99999983949027,1343.4999985330285,242.74999973494056,386.2499995782525,939.2499989744302,0.0,0.0,156.3394607721191,2.0017140806512836,70574.0,0,0,0,49,UTAH
2735,490517,181.5,516.9889220262396,0.3510713523389347,283.0,54.5,47.5,181.0,311.3474040339229,22.5,32.0,5.5,42.0,36.0,25.75,11.0,108.25,0.0,0.0,16.587338782695625,11.760065251227298,61067.0,0,0,0,49,UTAH
2800,490582,0.0,0.0,0.0,1533.0,190.0,749.75,593.25,1607.015830700729,186.75,3.25,686.75,63.0,304.5,31.5,25.0,232.25,0.0,0.0,74.01583070072938,0.0,76529.0,0,0,0,49,UTAH
2791,490573,268.7019697440052,722.786160499716,0.3717585980869245,261.0775802327824,65.84700032419734,4.389800021613156,190.84077988697192,316.3966014870258,58.45365291937517,7.393347404822157,4.389800021613156,0.0,1.6172947448048467,36.273610704908705,63.305537153789714,89.64433728346864,0.0,0.0,37.976164398230985,17.34285685601248,76529.0,0,0,0,49,UTAH
2803,490585,1369.2980322429778,3777.7251214564653,0.362466296043016,89.17242169676729,5.653000162444724,0.3602000108296341,83.15922152349293,231.32904652280257,5.046347512626393,0.6066526498183311,0.3602000108296341,0.0,0.13270526714775993,70.47638956322844,5.19446331406946,7.3556633790472645,0.0,0.0,53.659013975117325,88.49761085091797,76529.0,546,0,0,49,UTAH
2805,490587,0.0,0.0,0.0,39.0,3.5,13.0,22.5,40.39445678839126,3.5,0.0,13.0,0.0,0.0,8.5,3.5,10.5,0.0,0.0,1.394456788391258,0.0,76529.0,0,0,0,49,UTAH
2810,490592,1170.5,2434.3315719202005,0.48083014388903056,0.0,0.0,0.0,0.0,116.8735771906564,0.0,0.0,0.0,0.0,0.0,0.0,0.0,0.0,0.0,0.0,41.80929908427037,75.06427810638604,76529.0,0,0,0,49,UTAH
2811,490593,508.75,1059.9574921637854,0.47997207790044805,286.25,55.5,12.0,218.75,347.4373285994228,43.25,12.25,12.0,0.0,19.0,23.5,28.75,147.5,0.0,0.0,28.409225586937318,32.778103012485424,76529.0,0,0,0,49,UTAH
2808,490590,261.25,754.8382004831375,0.34610066082080343,0.0,0.0,0.0,0.0,25.844057991893333,0.0,0.0,0.0,0.0,0.0,0.0,0.0,0.0,0.0,0.0,9.32990683760871,16.514151154284622,76529.0,0,0,0,49,UTAH
2813,490595,305.0,1039.1562348227783,0.2935073570068276,0.0,0.0,0.0,0.0,30.672919950392423,0.0,0.0,0.0,0.0,0.0,0.0,0.0,0.0,0.0,0.0,11.156177722141717,19.51674222825071,76529.0,0,0,0,49,UTAH
2809,490591,750.25,2161.298824475729,0.34712923150827596,0.0,0.0,0.0,0.0,74.83756626981696,0.0,0.0,0.0,0.0,0.0,0.0,0.0,0.0,0.0,0.0,26.79642828172991,48.04113798808706,76529.0,0,0,0,49,UTAH
2814,490596,165.75,554.9086330093917,0.29869782183978877,39.0,0.0,0.25,38.75,57.03121798558002,0.0,0.0,0.25,0.0,0.0,38.75,0.0,0.0,0.0,0.0,7.271929992831133,10.759287992748888,76529.0,0,0,0,49,UTAH
2816,490598,324.0,673.112127758722,0.48134625218955834,291.75,80.25,5.0,206.5,334.7658592673007,52.25,28.0,4.75,0.25,11.75,19.0,47.25,128.5,0.0,0.0,21.9978613975126,21.01799786978809,76529.0,0,0,0,49,UTAH
2815,490597,166.75,565.580659262863,0.2948297422640475,342.25,55.0,29.5,257.75,372.68004072133664,27.75,27.25,16.25,13.25,10.25,62.25,40.25,145.0,0.0,0.0,19.67078264520245,10.759258076134175,76529.0,576,0,0,49,UTAH
2817,490599,0.0,0.0,0.0,2660.5,399.75,622.0,1638.75,2755.5515761094757,343.0,56.75,197.5,424.5,367.75,126.25,343.75,801.0,0.0,0.0,95.0515761094754,0.0,76529.0,0,0,0,49,UTAH
2812,490594,1.0,1.789401632540922,0.5588460308824106,1799.5,258.5,1039.75,501.25,1863.8218626887856,221.75,36.75,937.0,102.75,52.0,41.0,73.25,335.0,0.0,0.0,64.32186268878566,0.0,76529.0,0,0,0,49,UTAH
2807,490589,1.0,1.789401632540922,0.5588460308824106,2698.5,224.75,625.25,1848.5,2794.9510596002533,188.75,36.0,166.5,458.75,220.75,483.75,230.0,914.0,0.0,0.0,96.45105960025344,0.0,76529.0,0,0,0,49,UTAH
2818,490600,873.5,2340.7903744411965,0.37316455567215223,269.25,0.0,0.25,269.0,366.3544881874838,0.0,0.0,0.25,0.0,0.0,0.5,0.25,268.25,0.0,0.0,40.806264647399146,56.2982235400847,76529.0,0,0,0,49,UTAH
2820,490602,221.0,683.5893566689804,0.32329350631919873,526.75,56.75,292.75,177.25,567.4713270411391,55.75,1.0,247.0,45.75,23.5,8.25,8.75,136.75,0.0,0.0,26.70932846128044,14.011998579858728,74306.0,0,0,0,49,UTAH
2930,490712,887.0,2102.8589787797,0.42180669695441525,2207.5,314.25,71.75,1821.5,2375.0927453450304,182.0,132.25,70.75,1.0,86.5,574.75,299.0,861.25,0.0,0.0,110.54399371682754,57.04875162820267,74306.0,0,0,0,49,UTAH
2823,490605,2.0,4.368204897622767,0.4578539804962963,2668.0,145.0,1185.75,1337.25,2763.3810406476973,127.75,17.25,1118.75,67.0,230.0,362.25,255.5,489.5,0.0,0.0,95.3810406476973,0.0,76529.0,0,0,0,49,UTAH
2934,490716,611.28651823378,1555.9410725115717,0.39287253806280237,18.383718687410187,2.805455829468304,1.710643798456283,13.867619059485602,80.35278216759374,2.554561405694716,0.25089442377358817,1.6650266304974488,0.045617167958834214,0.6842575193825132,5.154739979348266,1.5509837106003632,6.4776378501544585,0.012028376006366723,0.0,22.561107646221785,39.3959274579554,45886.0,0,0,0,49,UTAH
2933,490715,218.8284977145712,480.5385836874184,0.45538174278408233,0.0,0.0,0.0,0.0,30.427861433471147,0.0,0.0,0.0,0.0,0.0,0.0,0.0,0.0,1.5244794459149824,0.0,14.779438336308266,14.123943651247897,66338.0,0,0,0,49,UTAH
2936,490717,41.32700110645185,107.69136823785921,0.3837540722407056,183.11628111103423,27.944544139773214,17.039356182788545,138.13238078847246,193.7957739930375,25.44543856629756,2.4991055734756533,16.584973351247516,0.4543828315410279,6.815742473115418,51.34525996413615,15.449016272394948,64.52236207882596,0.006178835005443066,0.0,8.114789461494226,2.558524585503587,45886.0,0,0,0,49,UTAH
2833,490615,434.5,1324.550924201725,0.3280357078470673,912.25,243.75,275.75,392.75,988.3850617146009,91.0,152.75,271.75,4.0,47.0,31.25,70.0,244.5,0.0,0.0,48.11106455488349,28.023997159717453,80931.0,0,0,0,49,UTAH
2826,490608,231.25,601.2814250486722,0.38459528328399784,822.75,245.5,13.5,563.75,875.4147657298188,60.25,185.25,13.25,0.25,23.5,101.0,130.25,309.0,0.0,0.0,37.65191010854148,15.012855621277208,69686.0,0,0,0,49,UTAH
2825,490607,324.75,720.2404573453097,0.45089108323208643,88.0,0.0,0.0,88.0,124.0105086504931,0.0,0.0,0.0,0.0,0.0,88.0,0.0,0.0,0.0,0.0,14.992510780705004,21.01799786978809,69942.0,412,321,308,49,UTAH
2832,490614,533.75,1784.5580897990576,0.2990936540822275,33.0,0.0,0.0,33.0,87.27220895501122,0.0,0.0,0.0,0.0,0.0,33.0,0.0,0.0,0.0,0.0,20.24306954678289,34.02913940822834,81822.0,560,0,0,49,UTAH
2831,490613,335.5,623.2378360286286,0.5383177666777418,697.75,69.5,28.25,600.0,756.6836736397081,64.5,5.0,22.75,5.5,302.5,36.25,161.5,99.75,0.0,0.0,36.914818728501615,22.018854911206567,37361.0,0,0,0,49,UTAH
2837,490619,953.75,2100.160360449301,0.45413198818587264,2809.0,596.25,78.75,2134.0,3004.469802474576,415.0,181.25,67.5,11.25,217.5,350.0,430.0,1136.5,0.0,0.0,134.4175229480487,61.05227952652731,67968.0,0,0,0,49,UTAH
2854,490636,390.5,1046.6787847497694,0.3730848524777898,646.75,5.0,23.25,618.5,709.324428236555,5.0,0.0,1.25,22.0,12.0,48.25,550.25,8.0,0.0,0.0,37.05264349244419,25.52178474411088,66041.0,666,0,0,49,UTAH
2853,490635,830.0,2425.379558385398,0.3422144781959572,332.75,53.75,84.0,195.0,427.57930389048937,19.75,34.0,4.75,79.25,8.75,29.5,59.75,97.0,0.0,0.0,41.53365147466014,53.29565241582925,53100.0,0,0,0,49,UTAH
2843,490625,1978.25,5042.335135916921,0.39232814691526174,677.75,189.75,60.5,427.5,900.2515625986086,111.0,78.75,41.75,18.75,36.5,81.5,65.75,243.75,0.0,0.0,94.89242944584872,127.60913315275988,62461.0,0,0,0,49,UTAH
2844,490626,577.75,1660.6159224479252,0.34791307983385755,220.25,20.0,7.5,192.75,285.786508960156,18.25,1.75,1.75,5.75,31.5,87.25,31.0,43.0,0.0,0.0,28.504798427672267,37.03171053248378,48398.0,0,1031,0,49,UTAH
2838,490620,533.0,1512.6474259832844,0.35236234884908996,2917.25,401.0,78.0,2438.25,3074.5415150218023,317.25,83.75,67.25,10.75,119.0,209.75,1351.5,758.0,0.0,0.0,123.26237561357394,34.02913940822834,62831.0,0,0,0,49,UTAH
2845,490627,363.0,793.2238897348026,0.4576261566218855,1010.25,299.75,88.0,622.5,1082.3449464206271,230.0,69.75,20.75,67.25,74.25,68.75,154.75,324.75,0.0,0.0,49.07523446800208,23.01971195262505,27283.0,0,0,0,49,UTAH
2855,490637,758.0,1408.664122243425,0.538098463665573,2618.25,650.75,124.0,1843.5,2787.914536075108,400.25,250.5,61.5,62.5,160.75,201.0,464.75,1017.0,0.0,0.0,120.62254104560232,49.04199502950554,44920.0,0,0,0,49,UTAH
2827,490609,149.25,423.3687332250268,0.35252957596344603,971.0,340.5,41.75,588.75,1021.031182764806,144.75,195.75,33.25,8.5,31.75,34.75,301.5,220.75,0.0,0.0,40.02261235062119,10.008570414184804,87293.0,0,0,0,49,UTAH
2830,490612,253.5,778.5465523521983,0.3256067337709073,0.0,0.0,0.0,0.0,25.44707300650476,0.0,0.0,0.0,0.0,0.0,0.0,0.0,0.0,0.0,0.0,9.182851882869038,16.26422112363572,108177.0,0,0,0,49,UTAH
2740,490522,430.5,1207.0699012337486,0.3566487736625568,0.0,0.0,0.0,0.0,43.65163778777723,0.0,0.0,0.0,0.0,0.0,0.0,0.0,0.0,0.0,0.0,15.87785987385424,27.773777913922988,127028.0,0,0,0,49,UTAH
2834,490616,474.0,1243.2733437260022,0.3812516389834721,569.75,186.25,10.75,372.75,637.8065806584855,102.5,83.75,8.5,2.25,63.75,69.25,27.75,212.0,0.0,0.0,37.280191728837046,30.776388929648466,69546.0,571,0,0,49,UTAH
2829,490611,664.75,1980.0918198655088,0.335716754814507,7.0,0.0,7.0,0.0,74.03321792407604,0.0,0.0,7.0,0.0,0.0,0.0,0.0,0.0,0.0,0.0,23.996365143081384,43.03685278099466,111551.0,0,0,0,49,UTAH
2835,490617,283.0,722.694751217773,0.3915899479318652,252.75,0.25,0.25,252.25,290.1558426834423,0.25,0.0,0.25,0.0,0.0,252.25,0.0,0.0,0.0,0.0,19.140236583585267,18.26560609985708,105921.0,0,0,1519,49,UTAH
2828,490610,613.0,1984.5863894176343,0.3088804817309472,32.0,0.0,0.0,32.0,94.32569557987802,0.0,0.0,0.0,0.0,0.0,32.0,0.0,0.0,0.0,0.0,23.04209161023285,39.28360396964517,96584.0,689,0,0,49,UTAH
2839,490621,700.25,1606.4815002772852,0.435890484813634,1112.25,295.5,63.25,753.5,1222.0331274582995,212.75,82.75,45.75,17.5,37.25,157.75,86.25,472.25,0.0,0.0,64.74456059446791,45.03856686383162,40188.0,0,0,0,49,UTAH
2840,490622,582.25,1503.871854817662,0.38716729629240604,25.0,5.5,8.25,11.25,84.22220233866604,5.25,0.25,1.25,7.0,0.0,0.25,0.5,10.5,0.0,0.0,21.690083231208032,37.532119107458,53757.0,0,0,0,49,UTAH
2847,490629,826.5,2135.328784933816,0.3870598316434989,413.25,27.5,14.5,371.25,510.8353875711749,23.0,4.5,14.25,0.25,19.75,83.25,42.75,225.5,0.0,0.0,44.28978502167103,53.2956025495039,46709.0,379,0,0,49,UTAH
2849,490631,427.5,1215.3238288857951,0.35175809923181595,845.0,239.25,16.5,589.25,918.488466049683,227.5,11.75,15.0,1.5,65.25,66.25,140.0,317.75,0.0,0.0,45.46446888996556,28.023997159717453,82695.0,0,0,0,49,UTAH
2850,490632,86.0,269.5372596237104,0.31906534970364014,1150.5,98.75,50.75,1001.0,1200.6825955576996,84.0,14.75,31.25,19.5,101.25,201.0,346.0,352.75,0.0,0.0,44.17745330918865,6.005142248510883,90294.0,0,0,0,49,UTAH
2846,490628,369.0,759.5536445417838,0.4858116377317981,797.75,219.0,59.5,519.25,867.1951824342449,170.25,48.75,32.5,27.0,69.75,66.5,65.0,318.0,0.0,0.0,45.42461344020134,24.020568994043533,34572.0,0,0,0,49,UTAH
2856,490638,251.0,590.4427019925965,0.4251047547085225,1206.75,256.0,88.0,862.75,1274.8403285626737,109.5,146.5,87.5,0.5,123.5,263.75,209.25,266.25,0.0,0.0,52.07661589997786,16.01371266269569,54061.0,0,0,0,49,UTAH
2858,490640,523.75,1412.8212845308371,0.3707121387075679,0.0,0.0,0.0,0.0,52.744351766741865,0.0,0.0,0.0,0.0,0.0,0.0,0.0,0.0,0.0,0.0,18.71521235851353,34.02913940822834,68126.0,0,0,0,49,UTAH
2859,490641,418.5,1242.8277658663478,0.33673209715287694,55.0,0.0,0.0,55.0,98.93494140036432,0.0,0.0,0.0,0.0,0.0,55.0,0.0,0.0,0.0,0.0,16.911801282065333,27.02314011829897,93981.0,721,0,0,49,UTAH
2863,490645,641.25,1675.9591371493584,0.3826167272137095,313.75,5.25,6.25,302.25,388.8989567996575,5.25,0.0,3.25,3.0,59.5,1.5,60.25,181.0,0.0,0.0,34.11381810149976,41.0351386981577,64404.0,0,0,0,49,UTAH
2864,490646,222.5,674.8261124794622,0.3297145677758159,897.75,4.5,4.75,888.5,951.77475593014,3.5,1.0,4.75,0.0,202.5,193.75,141.75,350.5,0.0,0.0,40.01275735028138,14.011998579858728,59238.0,705,0,1244,49,UTAH
2865,490647,515.0,1308.7430564570295,0.39350734084823713,1433.25,503.75,40.5,889.0,1535.876350883205,409.75,94.0,39.0,1.5,65.25,106.25,156.5,561.0,0.0,0.0,69.59806851639522,33.028282366809854,53392.0,0,0,0,49,UTAH
2866,490648,483.75,1229.3387473039904,0.39350423230447357,1759.25,377.0,71.25,1311.0,1870.41572597494,203.25,173.75,68.0,3.25,147.25,99.25,150.75,913.75,0.0,0.0,80.13915769096701,31.02656828397289,53392.0,0,0,0,49,UTAH
2867,490649,285.0,671.017398312511,0.4247281824833814,2309.5,607.75,61.75,1640.0,2420.217466310227,429.25,178.5,57.5,4.25,122.0,249.75,229.75,1038.5,0.0,0.0,92.7020395646941,18.015426745532647,60535.0,524,0,0,49,UTAH
2873,490655,452.5,1233.4179034083331,0.3668667357183611,71.0,2.5,0.25,68.25,118.72485080304897,2.5,0.0,0.25,0.0,10.75,29.0,2.25,26.25,0.0,0.0,18.69999660191301,29.02485420113593,82881.0,0,0,0,49,UTAH
2874,490656,617.75,1317.175934483408,0.46899581432322446,1511.0,222.5,46.5,1242.0,1626.850178651949,170.75,51.75,41.75,4.75,142.75,152.25,202.25,744.75,0.0,0.0,76.0660763495338,39.7841023024148,39896.0,0,0,0,49,UTAH
2884,490666,665.0,1358.4899176990352,0.4895141225091716,41.75,2.0,0.0,39.75,110.03077924858458,2.0,0.0,0.0,0.0,1.0,0.0,26.0,12.75,0.0,0.0,25.24392646758992,43.03685278099466,39474.0,0,0,0,49,UTAH
2885,490667,23.0,49.655646646496656,0.4631900207390153,1532.5,290.0,89.0,1153.5,1592.8651085372026,239.75,50.25,53.5,35.5,212.5,129.25,344.25,467.5,0.0,0.0,58.86380302933974,1.5013055078627382,39474.0,0,0,0,49,UTAH
2896,490678,0.0,0.0,0.0,1356.75,585.0,42.5,729.25,1405.224509140854,499.0,86.0,41.75,0.75,56.5,74.75,78.5,519.5,0.0,0.0,48.474509140854,0.0,63616.0,0,0,0,49,UTAH
2883,490665,405.0,1139.9329198955986,0.3552840635895419,125.0,1.75,4.5,118.75,169.95047081132108,1.25,0.5,2.25,2.25,1.0,108.25,2.0,7.5,0.0,0.0,18.9281877344406,26.02228307688049,63616.0,464,1226,0,49,UTAH
2897,490679,22.75,48.80055305115344,0.46618324132829236,1230.5,594.0,19.0,617.5,1276.7733826597837,486.25,107.75,18.75,0.25,32.25,42.25,60.0,483.0,0.0,0.0,44.7720771519208,1.5013055078627382,39474.0,0,0,0,49,UTAH
2875,490657,85.0,192.35704814587191,0.4418865896483354,1042.25,74.5,53.0,914.75,1087.7762572605725,64.75,9.75,20.5,32.5,241.25,177.5,106.25,389.75,0.0,0.0,40.2717926991553,5.254464561416834,74162.0,748,0,0,49,UTAH
2876,490658,459.5,1061.6159475218549,0.43283072477633494,19.0,0.0,0.25,18.75,66.11720966737667,0.0,0.0,0.0,0.25,5.75,0.0,13.0,0.0,0.0,0.0,17.09149842482226,30.02571124255441,74162.0,0,0,0,49,UTAH
2877,490659,243.75,707.5204818236207,0.3445129946934384,0.0,0.0,0.0,0.0,35.06626691187074,0.0,0.0,0.0,0.0,0.0,0.0,0.0,0.0,0.0,10.347826085172416,8.70472816400264,16.01371266269569,67734.0,0,0,0,49,UTAH
2886,490668,202.5,580.0457770504372,0.3491103771666488,428.25,145.25,15.75,267.25,463.8183581982742,60.25,85.0,15.5,0.25,30.25,20.5,52.5,164.0,0.0,0.0,22.557216659833955,13.011141538440246,52442.0,0,0,0,49,UTAH
2898,490680,94.25,233.18725676044252,0.40418160627372846,2963.25,1895.75,32.0,1035.5,3078.459908786834,1046.0,849.75,10.0,22.0,252.75,44.25,109.25,629.25,0.0,0.0,109.20481640464858,6.005092382185524,52442.0,0,0,0,49,UTAH
2888,490670,297.25,726.8895317046879,0.408934214945832,1364.75,219.0,102.5,1043.25,1449.8786187703229,164.0,55.0,38.75,63.75,267.0,130.75,122.0,523.5,0.0,0.0,65.61192640839744,19.51669236192535,92203.0,0,0,0,49,UTAH
2899,490681,535.25,1250.2482795388378,0.42811496625088774,2677.75,978.25,82.25,1617.25,2826.8094258132546,833.5,144.75,79.75,2.5,189.5,153.5,213.5,1060.75,0.0,0.0,114.78010705070166,34.27931876255277,63047.0,0,0,0,49,UTAH
2900,490682,203.5,533.0755030271664,0.3817470486720702,717.5,147.25,110.75,459.5,763.4208765643863,67.5,79.75,18.25,92.5,27.5,45.25,90.75,296.0,0.0,0.0,32.909735025946034,13.011141538440246,74876.0,0,0,0,49,UTAH
2901,490683,10.75,24.954114553304887,0.43079068091303147,548.25,180.0,7.75,360.5,568.4944067082139,87.75,92.25,7.25,0.5,42.75,25.0,143.0,149.75,0.0,0.0,19.994177487564095,0.2502292206497907,74876.0,0,0,0,49,UTAH
2902,490684,0.0,0.0,0.0,3350.25,1273.5,95.75,1981.0,3469.9436388907766,628.75,644.75,83.5,12.25,128.25,190.5,247.75,1414.5,0.0,0.0,119.69363889077673,0.0,43625.0,0,0,0,49,UTAH
2905,490687,408.5,1072.7815565105452,0.3807858156405437,0.0,0.0,0.0,0.0,40.612950888665935,0.0,0.0,0.0,0.0,0.0,0.0,0.0,0.0,0.0,0.0,14.590667811785442,26.02228307688049,74787.0,0,0,0,49,UTAH
2906,490688,845.25,1614.3231859358953,0.5235940407496351,164.25,79.5,14.5,70.25,254.86058150673628,39.0,40.5,14.25,0.25,6.0,8.25,8.25,47.75,0.0,0.0,36.063902670019445,54.54667883671684,43625.0,0,0,0,49,UTAH
2904,490686,462.75,1083.0245864998992,0.4272756184561864,250.5,21.5,26.5,202.5,306.2564305375983,20.0,1.5,13.25,13.25,14.0,78.0,18.0,92.5,0.0,0.0,25.980948515693683,29.775482021904622,63047.0,0,0,0,49,UTAH
2907,490689,452.25,1304.2114561781686,0.346761253980442,106.5,4.75,0.75,101.0,155.4823537243076,3.5,1.25,0.5,0.25,4.75,59.25,3.75,33.25,0.0,0.0,19.957499523171663,29.02485420113593,61585.0,723,0,0,49,UTAH
2903,490685,204.25,446.3746553278773,0.45757526230957596,1305.0,352.5,21.25,931.25,1372.3984645100695,236.5,116.0,16.25,5.0,246.0,58.75,299.25,327.25,0.0,0.0,53.886864530329575,13.511599979739827,54433.0,0,0,0,49,UTAH
2851,490633,0.0,0.0,0.0,1924.25,71.25,27.25,1825.75,1993.004064550499,63.75,7.5,27.0,0.25,90.75,198.25,1066.0,470.75,0.0,0.0,68.75406455049887,0.0,67334.0,0,0,0,49,UTAH
2861,490643,109.5,240.3430288377403,0.4555988186115659,738.25,381.0,23.25,334.0,775.5336328621519,107.75,273.25,23.25,0.0,71.75,39.0,15.5,207.75,0.0,0.0,30.277633572222506,7.005999289929363,67334.0,0,0,0,49,UTAH
2862,490644,420.25,963.9550465129588,0.43596431339845726,171.75,19.5,4.5,147.75,225.17135699955668,18.5,1.0,2.5,2.0,7.0,59.5,11.25,70.0,0.0,0.0,26.39821688125769,27.02314011829897,68752.0,476,0,0,49,UTAH
2852,490634,3.25,7.592328869273963,0.4280636489750463,591.5,54.0,59.0,478.5,612.7603981461791,46.25,7.75,37.5,21.5,90.5,69.0,110.0,209.0,0.0,0.0,21.260398146179124,0.0,67334.0,0,0,0,49,UTAH
2842,490624,667.75,2024.006738257192,0.3299149095595296,632.5,53.5,15.75,563.25,846.0665923692055,13.5,40.0,4.0,11.75,125.5,33.5,289.0,115.25,0.0,51.73913042586207,118.79036982147986,43.03709212186361,121339.0,592,0,0,49,UTAH
2882,490664,278.25,643.3444130857669,0.43250550457940384,107.5,11.75,2.75,93.0,139.29854922377652,9.5,2.25,2.75,0.0,13.0,17.0,10.75,52.25,0.0,0.0,13.783182319424562,18.015366904351968,68752.0,0,0,0,49,UTAH
2870,490652,108.75,308.66676704431706,0.3523216996806985,490.25,74.0,1.5,414.75,632.4823658113265,5.5,68.5,1.5,0.0,282.5,7.5,79.0,45.75,0.0,113.82608694653076,21.40027957486643,7.005999289929363,119851.0,0,0,0,49,UTAH
2878,490660,569.25,1608.9070771496567,0.35381160794474503,334.5,50.5,24.0,260.0,403.5731148841776,45.5,5.0,17.25,6.75,12.75,87.0,18.75,141.5,0.0,0.0,32.2915936808736,36.78152120330402,119851.0,0,0,0,49,UTAH
2879,490661,102.25,274.5418174805947,0.372438708748722,729.0,48.75,8.75,671.5,765.4500682985474,43.5,5.25,8.25,0.5,54.75,169.25,127.0,320.5,0.0,0.0,29.694298229267837,6.755770069279572,92556.0,231,105,90,49,UTAH
2881,490663,396.5,1110.0904823542107,0.35717809160846736,0.0,0.0,0.0,0.0,40.44447050026832,0.0,0.0,0.0,0.0,0.0,0.0,0.0,0.0,0.0,0.0,14.922795463663489,25.521675036604837,90843.0,0,0,0,49,UTAH
2889,490671,399.25,1034.5268282269046,0.38592522601301915,1474.25,0.25,7.25,1466.75,1566.9498782145952,0.25,0.0,4.25,3.0,281.0,48.5,184.0,953.25,0.0,0.0,66.92782435836445,25.772053856230706,61952.0,0,0,0,49,UTAH
2890,490672,70.5,195.81691896098636,0.3600301770351421,1683.75,236.5,25.5,1421.75,1751.4130301291443,114.75,121.75,25.0,0.5,417.0,107.25,385.75,511.75,0.0,0.0,62.65874492205226,5.004285207092402,79768.0,0,0,0,49,UTAH
2880,490662,368.0,993.7907046974262,0.37029929768969094,193.75,17.5,5.0,171.25,237.57714932030933,17.5,0.0,3.0,2.0,62.75,0.75,33.25,74.5,0.0,0.0,20.05679957206027,23.770349748249064,92556.0,0,0,0,49,UTAH
2891,490673,492.5,1381.1702021911794,0.3565816864704043,804.0,186.0,24.5,593.5,882.3539644943728,163.75,22.25,18.0,6.5,163.25,150.25,92.75,187.25,0.0,0.0,46.32653916898138,32.02742532539138,79768.0,631,0,0,49,UTAH
2893,490675,320.25,853.2927541254846,0.3753108161901774,547.75,51.0,3.75,493.0,599.778810089309,50.0,1.0,2.75,1.0,201.0,137.75,22.75,131.5,0.0,0.0,31.010812219520805,21.01799786978809,66658.0,589,1238,0,49,UTAH
2894,490676,528.5,1517.4258734140285,0.34828719429367416,0.0,0.0,0.0,0.0,52.90727496559133,0.0,0.0,0.0,0.0,0.0,0.0,0.0,0.0,0.0,0.0,18.878135557362995,34.02913940822834,74414.0,0,0,0,49,UTAH
2960,490741,656.0,1627.752396297653,0.40300969698590633,560.75,99.0,361.5,100.25,646.2505254662603,16.5,82.5,357.5,4.0,24.75,1.5,16.5,57.5,0.0,0.0,43.46452972668419,42.03599573957618,35406.0,0,0,0,49,UTAH
2911,490693,350.0,906.5354625952746,0.3860852823098643,1301.75,331.25,52.5,918.0,1383.2901492711176,75.0,256.25,12.75,39.75,196.5,121.75,375.5,224.25,0.0,0.0,59.020845893466685,22.51930337765083,94314.0,0,0,0,49,UTAH
2910,490692,335.75,926.2241226398872,0.362493258157711,124.75,0.25,3.25,121.25,163.21934039918284,0.0,0.25,3.25,0.0,4.0,0.0,95.0,22.25,0.0,0.0,16.450485487976252,22.018854911206567,63478.0,0,0,0,49,UTAH
2916,490698,456.25,1421.8852912640616,0.32087679843315065,805.75,354.25,23.5,428.0,879.8614180007671,266.25,88.0,21.5,2.0,29.0,49.25,70.0,279.75,0.0,0.0,45.08656379963125,29.02485420113593,43774.0,0,0,0,49,UTAH
2915,490697,465.5,813.2317405756077,0.5724075645037143,573.5,46.75,15.0,511.75,640.6441611558483,23.5,23.25,14.75,0.25,58.0,71.0,213.5,169.25,0.0,0.0,37.11844991329397,30.02571124255441,38974.0,0,0,0,49,UTAH
2908,490690,573.75,1560.1108159795324,0.36776233721561946,788.5,154.5,26.25,607.75,874.1945624811223,79.75,74.75,25.75,0.5,25.5,134.5,153.5,294.25,0.0,0.0,48.66285194863846,37.03171053248378,45634.0,0,0,0,49,UTAH
2918,490700,145.25,349.03937096619154,0.4161421664207306,1565.75,197.75,96.0,1272.0,1660.4980040984503,185.75,12.0,94.0,2.0,33.25,34.75,75.25,1128.75,0.0,0.0,85.49051029401126,9.257493804439148,31017.0,0,0,0,49,UTAH
2917,490699,349.5,824.5229145434971,0.4238814881130419,538.5,184.75,20.25,333.5,592.4939469479705,171.0,13.75,20.0,0.25,28.75,28.25,35.75,240.75,0.0,0.0,31.72487279096942,22.26907415700104,65401.0,0,0,0,49,UTAH
2981,490762,253.25,563.2941784360293,0.4495874619246761,1867.25,582.75,66.25,1218.25,1981.4722773820756,354.75,228.0,64.25,2.0,145.0,136.5,261.5,675.25,0.0,0.0,97.95829560726008,16.263981774815512,65401.0,0,0,0,49,UTAH
2961,490742,320.25,1225.4968042782996,0.26132259087252097,25.0,0.25,0.0,24.75,58.35000521842524,0.25,0.0,0.0,0.0,0.0,24.75,0.0,0.0,0.0,0.0,12.332007348637148,21.01799786978809,60375.0,0,0,0,49,UTAH
2962,490743,349.5,1007.2685468943816,0.34697797432232064,548.75,0.0,0.25,548.5,603.3522915216688,0.0,0.0,0.25,0.0,0.0,517.75,0.25,30.5,0.0,0.0,32.08303801034334,22.519253511325463,60254.0,0,0,0,49,UTAH
2964,490745,654.75,1854.8269326888967,0.35299789347506677,1288.5,475.75,53.0,759.75,1406.073398113585,96.75,379.0,52.0,1.0,33.5,130.25,216.75,379.25,0.0,0.0,75.28717315335896,42.28622496022597,26552.0,0,0,0,49,UTAH
2965,490746,176.75,662.6230463146429,0.26674291059304817,598.5,253.25,8.75,336.5,637.4525622467573,50.25,203.0,8.75,0.0,15.5,127.0,27.5,166.5,0.0,0.0,27.692955436829564,11.259606809927718,26552.0,0,0,0,49,UTAH
2968,490749,189.5,755.3002621556619,0.2508935975464357,358.75,228.5,3.75,126.5,394.0971338455756,12.75,215.75,3.75,0.0,7.5,23.5,15.0,80.5,0.0,0.0,23.33684934855384,12.010284497021765,31913.0,0,0,0,49,UTAH
2963,490744,826.0,1908.269638213604,0.4328528754318214,17.0,0.0,0.25,16.75,100.15662531777808,0.0,0.0,0.25,0.0,0.0,16.75,0.0,0.0,0.0,0.0,30.11120212259859,53.04542319517947,19032.0,0,0,0,49,UTAH
2966,490747,2.0,9.894016325409222,0.20214237921396183,15749.75,9.5,51.75,15688.5,16312.3947247988,8.0,1.5,28.75,23.0,5.75,15638.75,7.0,37.0,0.0,0.0,562.6447247988003,0.0,40443.0,0,0,0,49,UTAH
2970,490751,496.0,1418.8127685000895,0.3495880577141625,16.25,0.75,0.0,15.5,73.33363558919697,0.75,0.0,0.0,0.0,0.0,12.75,1.0,1.75,0.0,0.0,25.3064394844554,31.777196104741584,29733.0,0,0,0,49,UTAH
2972,490753,841.5,1870.2804867939708,0.4499325133004498,2094.0,295.25,44.0,1754.75,2254.6513279852006,173.5,121.75,43.25,0.75,93.75,488.0,189.25,983.75,0.0,0.0,106.60504774860296,54.04628023659794,29586.0,0,0,0,49,UTAH
2973,490754,593.25,1707.8865506795562,0.3473591379731575,92.0,25.25,3.75,63.0,154.76507248244542,7.75,17.5,3.75,0.0,3.25,10.25,8.25,41.25,0.0,0.0,24.482275687893384,38.28279679455205,24705.0,0,0,0,49,UTAH
3004,490785,487.0,1248.967624135531,0.38992203687991955,161.5,13.0,6.0,142.5,215.9386122146124,0.5,12.5,0.25,5.75,1.0,44.0,84.5,13.0,0.0,0.0,23.16181470998972,31.276797504622685,42678.0,744,0,0,49,UTAH
2974,490755,500.25,1553.4969435337468,0.3220154388344524,152.0,21.5,8.5,122.0,213.5884494813951,18.25,3.25,7.5,1.0,6.75,12.25,15.5,87.5,0.0,0.0,29.31098442580003,32.27746505559506,50328.0,0,0,0,49,UTAH
3003,490784,407.75,1161.6255058863862,0.35101674156927504,0.0,0.0,0.0,0.0,40.58553408150847,0.0,0.0,0.0,0.0,0.0,0.0,0.0,0.0,0.0,0.0,14.563251004627976,26.02228307688049,53384.0,0,0,0,49,UTAH
2976,490757,424.0,1368.5271680024168,0.30982212842650064,0.0,0.0,0.0,0.0,43.16797206645512,0.0,0.0,0.0,0.0,0.0,0.0,0.0,0.0,0.0,0.0,16.144831948156153,27.02314011829897,26013.0,0,0,0,49,UTAH
2978,490759,314.0,1037.3020689616856,0.3027083521720018,110.25,21.75,5.75,82.75,148.680436844448,5.75,16.0,0.5,5.25,6.0,1.25,68.75,6.75,0.0,0.0,18.163066795428588,20.2673700490194,40869.0,0,0,0,49,UTAH
2980,490761,436.75,1386.402875390561,0.31502387058809583,546.25,14.0,1.0,531.25,609.3920614997542,2.5,11.5,1.0,0.0,2.75,61.25,439.0,28.25,0.0,0.0,35.118064340036696,28.023997159717453,30736.0,0,0,0,49,UTAH
2977,490758,406.0,1057.4840508315056,0.3839301402992886,441.75,78.25,14.0,349.5,499.7811023557837,42.75,35.5,12.5,1.5,111.5,58.75,29.0,150.25,0.0,0.0,31.50842067878432,26.522681676999397,33068.0,0,0,0,49,UTAH
2991,490772,392.0,851.6492624835653,0.46028337869612684,1526.5,213.5,49.5,1263.5,1629.584529361611,89.75,123.75,46.0,3.5,366.0,146.75,215.5,535.25,0.0,0.0,78.06297367688359,25.02155568472744,33951.0,0,0,0,49,UTAH
2992,490773,206.25,421.3534616816354,0.48949402047594326,62.5,12.25,5.75,44.5,87.36029182048627,11.5,0.75,5.5,0.25,3.0,9.25,12.75,19.5,0.0,0.0,11.598970927721592,13.261320892764678,30111.0,0,0,0,49,UTAH
2994,490775,116.0,249.40887589941585,0.4650997266303452,0.0,0.0,0.0,0.0,11.149415003122051,0.0,0.0,0.0,0.0,0.0,0.0,0.0,0.0,0.0,0.0,4.143415713192689,7.005999289929363,22568.0,0,0,0,49,UTAH
3002,490783,0.0,0.0,0.0,2590.75,183.0,93.75,2314.0,2683.3239125025484,156.0,27.0,90.75,3.0,88.25,295.5,1179.0,751.25,0.0,0.0,92.57391250254857,0.0,57005.0,15,13,20,49,UTAH
2913,490695,326.0000002851231,841.4778603192099,0.38741363933384637,57.000000049852815,0.0,0.0,57.000000049852815,91.69852954233217,0.0,0.0,0.0,0.0,0.0,57.000000049852815,0.0,0.0,0.0,0.0,13.680531604308706,21.017997888170658,76985.0,718,0,0,49,UTAH
2914,490696,375.75,997.4050476706024,0.37672759013757584,114.75,0.0,2.0,112.75,156.29069663057538,0.0,0.0,2.0,0.0,15.5,89.5,1.75,6.0,0.0,0.0,17.520127636531846,24.020568994043533,76440.0,0,0,0,49,UTAH
2921,490703,527.75,1356.8268825139253,0.3889589798089688,356.5,107.5,5.25,243.75,421.8640298553968,12.5,95.0,5.0,0.25,27.25,94.75,65.25,56.5,0.0,0.0,31.585139617528867,33.7788902378679,45835.0,840,374,146,49,UTAH
2982,490763,259.25,671.5392511602928,0.38605338340545997,1825.25,79.5,19.25,1726.5,1916.4457045982967,64.5,15.0,18.75,0.5,36.0,86.25,1278.5,325.75,0.0,0.0,74.43131424850759,16.764390349789736,30043.0,0,0,0,49,UTAH
2920,490702,337.25,1216.6423956841008,0.2771973105625413,0.0,0.0,0.0,0.0,34.06448217614116,0.0,0.0,0.0,0.0,0.0,0.0,0.0,0.0,0.0,0.0,12.045627264934591,22.018854911206567,71344.0,0,0,0,49,UTAH
2923,490705,0.0,0.0,0.0,311.75,27.0,15.5,269.25,322.887390685734,27.0,0.0,12.25,3.25,31.5,144.5,18.75,74.5,0.0,0.0,11.137390685733957,0.0,45835.0,0,0,190,49,UTAH
2925,490707,378.75,903.8986918153475,0.4190181968726344,0.0,0.0,0.0,0.0,38.04863034157137,0.0,0.0,0.0,0.0,0.0,0.0,0.0,0.0,0.0,0.0,14.028061347527837,24.020568994043533,31051.0,0,0,0,49,UTAH
2984,490765,345.25,659.824635305669,0.5232450889622516,325.25,13.25,6.5,305.5,373.7353024885415,10.75,2.5,6.25,0.25,5.5,13.75,250.25,36.0,0.0,0.0,26.216218356685133,22.26908413185636,30043.0,0,0,0,49,UTAH
2927,490709,498.75,1299.2039182200217,0.3838889284472864,67.25,7.25,2.0,58.0,119.4953624563975,5.5,1.75,2.0,0.0,3.0,7.75,5.25,42.0,0.0,0.0,20.21793713100612,32.02742532539138,48606.0,0,0,0,49,UTAH
2986,490767,250.0,514.4455450457222,0.4859600834482508,325.25,1.25,1.0,323.0,363.5683751670627,1.25,0.0,0.0,1.0,0.0,167.5,152.75,2.75,0.0,0.0,22.304672479222344,16.013702687840365,50388.0,629,988,0,49,UTAH
2987,490768,673.5,1435.2556487878128,0.46925438026934374,206.75,33.5,13.25,160.0,294.9807941847246,17.75,15.75,11.25,2.0,11.75,32.5,65.25,50.5,0.0,0.0,44.69348296243031,43.53731122229424,27768.0,0,0,0,49,UTAH
2969,490750,502.25,929.9393634879566,0.5400889775395603,516.25,55.25,13.25,447.75,587.1657772921639,44.75,10.5,12.5,0.75,21.5,22.25,196.0,208.0,0.0,0.0,38.638112779218616,32.27766451294523,23990.0,0,0,0,49,UTAH
2975,490756,443.75,959.7971843852248,0.46233725959951993,847.75,317.25,8.0,522.5,922.3248892967904,149.0,168.25,3.0,5.0,26.0,21.25,68.0,407.25,0.0,0.0,46.050503519760426,28.524385777029767,27768.0,0,0,0,49,UTAH
2988,490769,327.5,695.2025845715978,0.47108570547362705,378.0,124.75,10.5,242.75,425.85708360324713,120.5,4.25,10.5,0.0,9.25,60.0,43.5,130.0,0.0,0.0,26.588796671628607,21.26828693161856,49829.0,0,0,0,49,UTAH
2990,490771,108.75,269.26324809650987,0.4038798490651112,1031.25,322.0,137.25,572.0,1079.033762967699,51.5,270.5,108.75,28.5,73.5,16.25,22.5,459.75,0.0,0.0,40.77774373601029,7.006019231688751,37024.0,0,0,0,49,UTAH
2937,490718,300.50000000027285,759.2783566657665,0.3957705331149754,1.500000000001362,0.250000000000227,0.0,1.2500000000011349,31.557311532858275,0.250000000000227,0.0,0.0,0.0,0.0,0.0,0.250000000000227,1.000000000000908,0.0,0.0,10.79065893292279,19.266652599934126,65974.0,0,0,0,49,UTAH
2938,490719,300.75,867.5313529957756,0.3466733495699544,153.0,27.0,69.5,56.5,214.23042272487223,25.75,1.25,36.5,33.0,9.5,8.25,7.5,31.25,0.0,0.0,41.71378022927222,19.51664249559999,73053.0,0,0,0,49,UTAH
2940,490721,397.5,1017.1805669716592,0.3907860736893877,67.75,0.0,0.0,67.75,110.39069846122604,0.0,0.0,0.0,0.0,0.0,67.75,0.0,0.0,0.0,0.0,16.61841538434556,26.02228307688049,65974.0,791,0,0,49,UTAH
2941,490722,343.0,1051.8826660217485,0.32608199667101295,0.0,0.0,0.0,0.0,34.27050654590564,0.0,0.0,0.0,0.0,0.0,0.0,0.0,0.0,0.0,0.0,12.251651634699073,22.018854911206567,73053.0,0,0,0,49,UTAH
2943,490724,518.75,1312.300164022514,0.3952982817665031,0.0,0.0,0.0,0.0,54.81118775634676,0.0,0.0,0.0,0.0,0.0,0.0,0.0,0.0,0.0,0.0,21.532676168887114,33.27851158745965,57576.0,0,0,0,49,UTAH
2944,490725,126.25,318.46918948082657,0.39642767391663447,0.0,0.0,0.0,0.0,12.516380566285,0.0,0.0,0.0,0.0,0.0,0.0,0.0,0.0,0.0,0.0,4.509524234937158,8.006856331347844,57544.0,0,0,0,49,UTAH
2945,490726,12.523116873332638,39.091120803664566,0.32035706871210173,57.13672073458016,3.9134740229164495,0.19567370114582247,53.02757301051789,60.409293439225394,3.9134740229164495,0.0,0.19567370114582247,0.0,6.261558436666319,21.719780827186295,2.152410712604047,22.893823034061228,0.0,0.0,2.489207098196378,0.7833656064488471,55528.0,0,0,0,49,UTAH
2948,490729,2.0,4.565978096927443,0.43802225011675994,353.0,1.5,325.75,25.75,365.6791600257816,1.25,0.25,4.25,321.5,0.0,15.0,1.5,9.25,0.0,0.0,12.679160025781616,0.0,55528.0,0,0,0,49,UTAH
2950,490731,37.0,90.6793110127827,0.40803133136713243,188.25,11.75,8.0,168.5,198.2983552930821,10.75,1.0,7.75,0.25,5.0,101.5,10.0,52.0,0.0,0.0,8.046641210245122,2.001714082836961,58209.0,485,0,0,49,UTAH
2954,490735,10.950139033078862,30.8065814459833,0.35544804126608437,0.0,0.0,0.0,0.0,3.177080665910338,0.0,0.0,0.0,0.0,0.0,0.0,0.0,0.0,2.1370774646649995,0.0,0.4039148451527007,0.6360883560926378,58209.0,0,0,0,49,UTAH
2957,490738,42.75,120.31591770029426,0.35531458195323595,188.0,42.75,12.75,132.5,198.9914607268072,40.25,2.5,12.75,0.0,23.0,16.75,34.0,58.75,0.0,0.0,8.23905898202083,2.752401744786333,58209.0,0,0,0,49,UTAH
2952,490733,462.5,1119.8756816641408,0.41299227009976924,141.0,40.0,21.0,80.0,192.5854548185258,36.25,3.75,4.25,16.75,8.5,12.0,7.25,52.25,0.0,0.0,21.55974357597136,30.02571124255441,62082.0,0,0,0,49,UTAH
2953,490734,280.25,748.9513372638761,0.37418986529062065,65.0,0.0,0.25,64.75,95.34169050504455,0.0,0.0,0.25,0.0,0.0,64.75,0.0,0.0,0.0,0.0,12.326263759511903,18.015426745532647,68175.0,583,0,0,49,UTAH
2929,490711,342.0,899.5137649154343,0.38020541023310783,250.75,23.75,163.75,63.25,293.93884311655626,23.5,0.25,76.0,87.75,5.0,2.5,3.0,52.75,0.0,0.0,21.16998820534969,22.018854911206567,47376.0,0,0,0,49,UTAH
2995,490776,275.25,657.1227479857534,0.41887151349380386,178.5,22.75,6.75,149.0,212.7273541952793,20.75,2.0,6.5,0.25,10.75,20.25,20.25,97.75,0.0,0.0,16.21192744974668,18.015426745532647,52639.0,0,0,0,49,UTAH
2997,490778,285.0,645.9913828833376,0.4411823556034484,2272.5,185.5,933.0,1154.0,2400.981182197014,142.5,43.0,41.75,891.25,86.25,159.5,333.25,575.0,0.0,0.0,109.9651474112058,18.516034785808305,37024.0,0,0,0,49,UTAH
3006,490787,216.75,520.8659726333857,0.4161339219457145,285.5,44.75,37.0,203.75,317.4625150342729,43.25,1.5,29.5,7.5,16.0,113.75,13.25,60.75,0.0,0.0,17.950516454414114,14.011998579858728,52639.0,349,0,0,49,UTAH
3018,490799,297.75,754.4885184239329,0.3946382121519573,322.0,38.0,10.0,274.0,364.5550326169415,33.5,4.5,9.75,0.25,16.0,25.75,34.75,197.5,0.0,0.0,23.289247630656448,19.26578498628497,56681.0,0,0,0,49,UTAH
3008,490789,1166.25,2543.189982808226,0.4585776162550823,844.5,157.5,62.25,624.75,993.915959629359,134.0,23.5,59.75,2.5,96.0,107.0,160.25,261.5,0.0,0.0,74.35180120533434,75.06415842402467,37024.0,0,0,0,49,UTAH
3007,490788,403.75,951.7761068348452,0.42420690864228616,296.25,27.0,23.75,245.5,368.2688909812463,24.5,2.5,22.25,1.5,16.0,39.0,37.0,153.5,0.0,0.0,45.99668768730584,26.02220329394043,48426.0,0,0,0,49,UTAH
3023,490804,315.5,863.5415882076061,0.365355883617443,0.0,0.0,0.0,0.0,31.287168988645316,0.0,0.0,0.0,0.0,0.0,0.0,0.0,0.0,0.0,0.0,11.270028160275706,20.01714082836961,56681.0,0,0,0,49,UTAH
3016,490797,756.0,1432.5171990875704,0.527742354843298,0.0,0.0,0.0,0.0,76.29563536720963,0.0,0.0,0.0,0.0,0.0,0.0,0.0,0.0,0.0,0.0,27.25364033770408,49.04199502950554,29954.0,0,0,0,49,UTAH
3021,490802,582.75,1726.7921252762153,0.33747547922526233,107.5,13.25,9.0,85.25,170.1927899686994,11.5,1.75,8.5,0.5,13.0,10.0,23.0,39.25,0.0,0.0,25.160620994916027,37.53216897378336,63296.0,0,0,0,49,UTAH
3022,490803,167.0,495.39107913702367,0.33710740268257494,145.75,40.5,2.75,102.5,167.56292732077597,38.25,2.25,2.75,0.0,0.0,9.75,30.0,62.75,0.0,0.0,10.80349986517268,11.009427455603284,61242.0,0,0,0,49,UTAH
3025,490806,36.5,88.75194453501433,0.4112585948536604,1646.75,719.5,43.5,883.75,1709.3585934923594,349.5,370.0,42.5,1.0,61.75,78.0,114.75,629.25,0.0,0.0,60.10647083454824,2.502122657811184,56681.0,0,0,0,49,UTAH
2998,490779,308.0,607.3932282756333,0.5070850079682325,2271.0,198.5,47.25,2025.25,2382.8804765609098,150.0,48.5,45.5,1.75,84.0,985.5,151.25,804.5,0.0,0.0,92.11363476922604,19.76684179168381,34871.0,0,0,0,49,UTAH
2999,490780,273.75,610.4400512085327,0.4484469842010483,265.75,20.75,18.25,226.75,304.7815061501046,13.5,7.25,16.25,2.0,23.25,18.25,104.5,80.75,0.0,0.0,21.266308625221697,17.765197524882858,24843.0,0,0,0,49,UTAH
3000,490781,369.0,796.6701146171977,0.463177911697247,398.5,79.75,8.25,310.5,452.1954138879892,68.0,11.75,7.75,0.5,21.5,30.5,52.25,206.25,0.0,0.0,29.67485486880096,24.02055901918821,33291.0,0,0,0,49,UTAH
3001,490782,363.0,1042.674805617734,0.3481430624814419,53.75,5.25,2.25,46.25,91.65509913723326,3.75,1.5,2.25,0.0,6.0,12.25,3.75,24.25,0.0,0.0,14.8853871846082,23.01971195262505,38899.0,0,0,0,49,UTAH
3011,490792,366.5,779.1539131342055,0.47038203084384966,480.75,98.5,29.75,352.5,539.0794207543606,84.75,13.75,28.0,1.75,22.0,49.75,65.75,215.0,0.0,0.0,34.80927031014669,23.520150444213986,35287.0,0,0,0,49,UTAH
3012,490793,279.25,564.4221433587367,0.49475379959094495,499.25,29.75,3.5,466.0,545.074537290783,28.0,1.75,3.25,0.25,6.75,241.75,187.25,30.25,0.0,0.0,27.809110545250466,18.015426745532647,37198.0,0,0,0,49,UTAH
3020,490801,419.5,1031.4824549325615,0.4066962050531698,310.25,24.0,123.0,163.25,363.34496964833255,22.5,1.5,122.0,1.0,12.0,9.0,72.75,69.5,0.0,0.0,26.071829530033607,27.02314011829897,33097.0,0,0,0,49,UTAH
3013,490794,428.5,1236.0557000400704,0.34666722542204925,134.25,18.0,10.75,105.5,182.37511628130105,16.75,1.25,2.75,8.0,5.0,57.0,13.5,30.0,0.0,0.0,20.101119121583555,28.023997159717453,43524.0,464,0,0,49,UTAH
3027,490808,0.0,0.0,0.0,1163.5,116.75,430.0,616.75,1205.0645096670094,103.0,13.75,227.75,202.25,29.75,225.25,85.5,276.25,0.0,0.0,41.5645096670094,0.0,56681.0,0,0,0,49,UTAH
3033,490814,0.0,0.0,0.0,1450.25,127.25,334.5,988.5,1502.9221394136437,107.5,19.75,291.25,43.25,114.25,86.25,254.75,533.25,0.0,0.0,52.67213941364365,0.0,56681.0,0,0,0,49,UTAH
3034,490815,0.0,0.0,0.0,98.25,0.0,98.25,0.0,101.7593894076148,0.0,0.0,1.0,97.25,0.0,0.0,0.0,0.0,0.0,0.0,3.509389407614784,0.0,33097.0,0,0,0,49,UTAH
3028,490809,0.0,0.0,0.0,2781.25,178.75,47.25,2555.25,2880.596429213464,100.5,78.25,47.0,0.25,898.25,29.25,1461.25,166.5,0.0,0.0,99.34642921346344,0.0,56681.0,0,0,0,49,UTAH
3035,490816,477.75,1173.9985933162277,0.40694256596209866,334.0,31.25,110.75,192.0,393.7770004295306,27.75,3.5,110.5,0.25,20.75,99.5,13.5,58.25,0.0,0.0,29.0006513913522,30.776349038178427,33097.0,461,0,0,49,UTAH
3037,490818,0.0,0.0,0.0,146.0,20.0,14.25,111.75,151.2535066065388,17.5,2.5,14.0,0.25,4.0,29.0,39.75,39.0,0.0,0.0,5.253506606538797,0.0,129892.0,0,0,0,49,UTAH
3032,490813,503.75000102742035,1479.3947649136564,0.3405108717258583,351.50000071689976,0.250000000509886,2.250000004588974,349.0000007118009,414.5207794224701,0.250000000509886,0.0,0.250000000509886,2.000000004079088,85.25000017387113,231.00000047113468,23.000000046909513,9.750000019885555,0.0,0.0,30.49283503135658,32.52794367421381,60746.0,401,0,13,49,UTAH
3041,490822,0.0,0.0,0.0,1716.5,140.25,529.25,1047.0,1777.8251906217183,86.5,53.75,424.25,105.0,512.5,232.25,46.0,256.25,0.0,0.0,61.325190621718384,0.0,129892.0,0,0,0,49,UTAH
3043,490824,0.0,0.0,0.0,880.75,256.75,135.5,488.5,912.219890756984,182.0,74.75,60.0,75.5,60.75,47.75,40.5,339.5,0.0,0.0,31.469890756984167,0.0,75945.0,0,0,0,49,UTAH
3044,490825,0.0,0.0,0.0,610.75,37.0,480.25,93.5,632.5692168396038,36.5,0.5,405.5,74.75,47.25,7.25,5.25,33.75,0.0,0.0,21.81921683960372,0.0,75945.0,0,0,0,49,UTAH
3039,490820,0.0,0.0,0.0,1691.75,252.0,988.5,451.25,1752.20972828458,242.75,9.25,863.25,125.25,88.5,81.25,51.75,229.75,0.0,0.0,60.45972828457992,0.0,129892.0,0,0,0,49,UTAH
3051,490832,336.0,1054.3554856122391,0.31867809726896124,738.0,104.0,227.5,406.5,798.3772527899233,83.0,21.0,43.5,184.0,109.5,80.75,42.25,174.0,0.0,0.0,38.3583978787168,22.018854911206567,54799.0,0,0,0,49,UTAH
3045,490826,0.0,0.0,0.0,1940.25,294.0,1203.5,442.75,2009.548588259281,30.75,263.25,959.5,244.0,169.0,17.75,123.5,132.5,0.0,0.0,69.29858825928062,0.0,75945.0,0,0,0,49,UTAH
3048,490829,0.0,0.0,0.0,472.5,93.5,48.5,330.5,512.8321457384701,85.0,8.5,23.0,25.5,19.5,115.5,59.25,136.25,0.0,0.0,40.33214573847008,0.0,75945.0,0,0,0,49,UTAH
3050,490831,0.0,0.0,0.0,59.0,7.0,33.25,18.75,61.11266521827776,6.25,0.75,27.75,5.5,4.0,3.0,2.0,9.75,0.0,0.0,2.112665218277762,0.0,75945.0,0,0,0,49,UTAH
3054,490835,1.0,3.3682048976227668,0.2968940519936262,285.25,49.75,128.0,107.5,295.5536089328034,46.5,3.25,65.75,62.25,36.25,11.25,13.5,46.5,0.0,0.0,10.303608932803378,0.0,75945.0,0,0,0,49,UTAH
3056,490837,412.5,1505.423312010303,0.2740093080192562,113.0,6.0,11.75,95.25,158.7928758786703,6.0,0.0,1.0,10.75,9.25,53.0,2.0,31.0,0.0,0.0,18.76973576037129,27.02314011829897,75945.0,696,0,0,49,UTAH
3141,490922,0.0,0.0,0.0,501.75,148.25,124.5,229.0,547.1712164493717,102.0,46.25,11.5,113.0,31.25,16.5,11.0,170.25,0.0,0.0,45.4212164493718,0.0,51304.0,0,0,0,49,UTAH
3061,490842,63.75,163.7042588394658,0.3894217563546438,328.5,104.75,50.25,173.5,346.58148860255466,66.5,38.25,6.75,43.5,10.75,16.5,28.75,117.5,0.0,0.0,14.077950745277208,4.003537857277443,45247.0,0,0,0,49,UTAH
3062,490843,279.75,714.603793288183,0.3914756717323824,59.0,0.0,0.0,59.0,89.04117355735976,0.0,0.0,0.0,0.0,0.0,59.0,0.0,0.0,0.0,0.0,12.025746811827098,18.01542674553265,45247.0,558,123,0,49,UTAH
3063,490844,392.0,896.2357729972846,0.4373849067517501,514.25,37.25,49.0,428.0,571.8974014650524,34.75,2.5,5.5,43.5,19.0,35.25,203.25,170.5,0.0,0.0,32.3757462089407,25.271655256111806,45247.0,0,0,0,49,UTAH
3040,490821,0.0,0.0,0.0,1573.75,18.75,1260.75,294.25,1630.1186880534224,15.25,3.5,1191.75,69.0,0.0,7.5,13.0,273.75,0.0,0.0,56.36868805342232,0.0,129892.0,0,0,0,49,UTAH
3046,490827,233.5,729.480203102219,0.3200909346230478,412.5,22.0,220.25,170.25,450.3327516636479,9.75,12.25,196.5,23.75,17.0,104.0,3.75,45.5,0.0,0.0,23.07007540464639,14.762676259001514,54799.0,0,0,0,49,UTAH
3148,490929,280.0,669.3720041240647,0.4183025257627946,1896.75,371.75,568.75,956.25,1992.467523584435,236.75,135.0,131.75,437.0,214.5,130.5,81.75,529.5,0.0,0.0,77.70209683890218,18.015426745532647,51304.0,0,0,0,49,UTAH
3069,490850,0.0,0.0,0.0,2131.0,889.0,123.5,1118.5,2207.107749775836,615.25,273.75,33.25,90.25,118.0,99.5,64.75,836.25,0.0,0.0,76.10774977583587,0.0,55124.0,0,0,0,49,UTAH
3070,490851,548.0,1366.9350855282028,0.40089687198880053,0.0,0.0,0.0,0.0,55.395323123946845,0.0,0.0,0.0,0.0,0.0,0.0,0.0,0.0,0.0,0.0,20.11376110133096,35.28156202261589,73772.0,0,0,0,49,UTAH
3080,490861,422.5,1367.50244924894,0.3089573991125541,0.0,0.0,0.0,0.0,42.65130099392789,0.0,0.0,0.0,0.0,0.0,0.0,0.0,0.0,0.0,0.0,15.377452925533664,27.273848068394223,73772.0,0,0,0,49,UTAH
3072,490853,329.5,950.9557040072724,0.34649353130908833,714.0,69.0,173.75,471.25,772.2898324969523,50.0,19.0,58.0,115.75,71.75,120.25,115.0,164.25,0.0,0.0,37.27183462716409,21.01799786978809,73772.0,0,0,0,49,UTAH
3082,490863,90.7300450625804,279.713150969308,0.3243681777140893,108.80388277685107,7.54851939434273,42.367893923214154,58.887469459294174,124.46743016981344,7.5420982428529335,0.006421151489796497,3.589944078079037,38.77794984513512,9.763993535945417,9.763592213977304,3.020852516822296,36.33903119254916,0.0,0.0,9.660273606277979,6.003273786684404,73772.0,0,0,0,49,UTAH
3081,490862,518.25,1496.9115622322931,0.34621283786942725,0.0,0.0,0.0,0.0,51.54025459457376,0.0,0.0,0.0,0.0,0.0,0.0,0.0,0.0,0.0,0.0,18.511972227763906,33.028282366809854,73772.0,0,0,0,49,UTAH
3094,490875,118.7088622685865,316.961440854749,0.37452146213263243,230.4131643412005,61.9350585749147,14.746442517836833,153.731663248449,337.76111066336205,52.534201469793715,9.40085710512098,14.746442517836833,0.0,0.5529915944188812,27.465249189471102,30.045876630092547,95.66754583446645,0.0,0.0,99.78455347861679,7.5633928435446895,58032.0,0,0,0,49,UTAH
3073,490854,252.0,539.3421942448956,0.46723583411235203,234.5,40.75,41.25,152.5,267.8915911712205,37.75,3.0,2.5,38.75,29.25,29.0,11.0,83.25,0.0,0.0,17.377878508524812,16.01371266269569,44865.0,0,0,10,49,UTAH
3074,490855,257.0,467.7670161004473,0.5494188156798392,863.25,84.0,78.0,701.25,919.783105746952,41.25,42.75,7.0,71.0,24.0,244.25,253.5,179.5,0.0,0.0,40.01899448413751,16.514111262814588,48735.0,511,0,0,49,UTAH
3075,490856,351.5,643.5885944011111,0.5461563536984165,42.0,0.0,0.0,42.0,79.3268447883994,0.0,0.0,0.0,0.0,0.0,42.0,0.0,0.0,0.0,0.0,14.557322164954105,22.769522623445297,44214.0,481,0,0,49,UTAH
3076,490857,274.25,790.5318263599644,0.34691835401845256,364.0,0.0,0.5,363.5,404.3055524522427,0.0,0.0,0.25,0.25,2.5,356.75,4.25,0.0,0.0,0.0,22.79040462446754,17.515147827775117,71157.0,0,0,1504,49,UTAH
3078,490859,172.75000339922462,490.0988526580146,0.3524799180049654,0.0,0.0,0.0,0.0,17.179047790823432,0.0,0.0,0.0,0.0,0.0,0.0,0.0,0.0,0.0,0.0,6.169560277404329,11.009487513419105,104790.0,0,0,0,49,UTAH
3085,490866,210.50000062528696,585.4749707849317,0.35953714698183403,43.00000012773083,0.0,0.0,43.00000012773083,66.82031627152348,0.0,0.0,0.0,0.0,0.0,43.00000012773083,0.0,0.0,0.0,0.0,10.308726098772187,13.51159004502047,49443.0,676,0,0,49,UTAH
3084,490865,209.25,665.9192927575033,0.31422726789235567,20.0,1.0,6.0,13.0,41.70461297363909,1.0,0.0,0.0,6.0,1.0,1.0,0.0,11.0,0.0,0.0,8.193062860224625,13.511550113414469,63108.0,0,0,0,49,UTAH
3089,490870,207.5,576.7421544513832,0.35977949313828306,0.0,0.0,0.0,0.0,20.42350679332965,0.0,0.0,0.0,0.0,0.0,0.0,0.0,0.0,0.0,0.0,7.412365254889409,13.011141538440246,55995.0,0,0,0,49,UTAH
3092,490873,111.74999953653948,349.7436952207066,0.3195196970341935,0.0,0.0,0.0,0.0,11.23387179200957,0.0,0.0,0.0,0.0,0.0,0.0,0.0,0.0,0.0,0.0,3.9776433115241545,7.256228480485414,112744.0,0,0,0,49,UTAH
3086,490867,345.25,870.0049545947359,0.39683682049928526,0.0,0.0,0.0,0.0,34.349839545276446,0.0,0.0,0.0,0.0,0.0,0.0,0.0,0.0,0.0,0.0,12.330984634069878,22.018854911206567,62140.0,0,0,0,49,UTAH
3099,490880,88.25,277.31174148644993,0.3182339107856062,124.25,10.0,64.75,49.5,137.35465250310398,9.75,0.25,16.25,48.5,20.75,6.5,2.25,20.0,0.0,0.0,7.599918829567303,5.50473367353666,66133.0,0,0,0,49,UTAH
3111,490892,105.0,274.12645059975915,0.383034908781226,177.25,31.5,23.75,122.0,194.33537695770167,16.0,15.5,7.25,16.5,37.5,8.5,35.75,40.25,0.0,0.0,10.079377667772324,7.005999289929363,90129.0,0,0,0,49,UTAH
3108,490889,303.9563614730922,993.5352704460685,0.3059341429686987,0.0,0.0,0.0,0.0,31.025712046669586,0.0,0.0,0.0,0.0,0.0,0.0,0.0,0.0,0.0,0.0,11.351217969755423,19.674494076914165,91005.0,0,0,0,49,UTAH
3115,490896,227.75,507.594721240718,0.4486847291148119,511.0,131.25,92.75,287.0,552.1332294404903,91.75,39.5,72.75,20.0,16.75,110.5,17.0,142.75,0.0,0.0,26.37060303986285,14.762626400627417,91005.0,780,0,0,49,UTAH
3110,490891,354.20720992016174,1162.1362425827415,0.3047897457642046,7.828189071150364,2.3963844095358255,0.6390358425428868,4.792768819071651,43.510047801903866,0.1597589606357217,2.236625448900104,0.1597589606357217,0.4792768819071651,0.0,0.7987948031786085,0.4792768819071651,3.5146971339858775,0.0,0.0,12.953788595480418,22.728070135273082,91005.0,0,0,0,49,UTAH
3119,490900,347.75,789.401350935447,0.4405236950607108,323.0,46.25,19.5,257.25,369.21831211758695,42.25,4.0,13.5,6.0,26.25,45.75,18.75,166.5,0.0,0.0,23.94929780176657,22.26901431582036,91005.0,0,0,0,49,UTAH
3120,490901,163.5,512.8143433606679,0.318828835653313,305.0,37.75,13.0,254.25,332.24421527909533,36.25,1.5,3.75,9.25,13.25,36.5,66.0,138.5,0.0,0.0,16.735196398466258,10.509018880629062,113111.0,0,0,0,49,UTAH
3199,490980,293.0,1003.2369509328842,0.2920546334816983,0.0,0.0,0.0,0.0,29.22182282760929,0.0,0.0,0.0,0.0,0.0,0.0,0.0,0.0,0.0,0.0,10.45580815277799,18.766014674831304,99112.0,0,0,0,49,UTAH
3122,490903,50.0,171.56632351633633,0.2914324849727229,146.75,23.25,3.5,120.0,156.75765866336084,22.25,1.0,3.5,0.0,4.75,21.5,5.75,88.0,0.0,0.0,7.005087539105404,3.0025711242554416,99112.0,0,0,0,49,UTAH
3125,490906,76.71811790594496,219.28693514697338,0.3498526615574518,0.0,0.0,0.0,0.0,8.708960609815893,0.0,0.0,0.0,0.0,0.0,0.0,0.0,0.0,0.8030718231583449,0.0,2.945678699664755,4.960210086992793,103707.0,0,0,0,49,UTAH
3095,490876,71.38355575238809,181.28056968025757,0.3937738935744427,134.939967233681,21.446375302800806,0.1565428854219037,113.33704904545827,147.63762238213997,12.366887948330392,9.079487354470414,0.1565428854219037,0.0,0.0,12.836516604596103,18.785146250628443,81.71538619023373,0.6341627785207606,0.0,7.519586280720688,4.543906089217524,58032.0,0,0,0,49,UTAH
3103,490884,1.75,6.089525543582269,0.2873787107838507,1866.5,218.0,280.5,1368.0,1933.2727608799075,181.5,36.5,266.25,14.25,73.75,143.5,541.25,609.5,0.0,0.0,66.77276087990722,0.0,58032.0,0,0,0,49,UTAH
3097,490878,22.390461468022025,61.72172826690911,0.36276465511783523,258.7822725990105,39.48618323362028,97.98323283471005,121.3128565306802,274.9025200508581,34.437054458897336,5.049128774722938,68.9975228871917,28.98570994751834,12.640067245298857,13.210181504487258,17.181556454774494,78.28105132611958,0.011352862360829264,0.0,14.913524338943125,1.1953702505436214,58032.0,0,0,0,49,UTAH
3104,490885,142.20273670613713,399.4258807078666,0.3560178335317781,47.14606862121034,9.046948302989012,5.988824932964556,32.11029538525677,100.97526201873252,8.537261074651603,0.5096872283374091,5.733981318795852,0.25484361416870455,1.0193744566748182,6.243668547133262,4.587185055036682,20.26006732641201,0.0,0.0,44.774463517750846,9.05472987977134,58032.0,0,0,0,49,UTAH
3177,490958,5.75,16.59345202454485,0.346522230063682,2135.75,687.75,359.0,1089.0,2212.508715951721,398.0,289.75,354.5,4.5,113.5,147.25,124.5,703.75,0.0,0.0,76.50853659739684,0.250179354324432,58032.0,0,0,0,49,UTAH
3178,490959,27.5,66.14211994201438,0.4157713726761217,2578.25,1278.75,63.75,1235.75,2673.132364637787,842.5,436.25,62.75,1.0,79.75,125.75,97.25,933.0,0.0,0.0,93.13110915751558,1.7512554802710243,58032.0,0,0,0,49,UTAH
3106,490887,58.5,165.4634557107796,0.3535523886449861,0.0,0.0,0.0,0.0,6.09308696485575,0.0,0.0,0.0,0.0,0.0,0.0,0.0,0.0,0.0,0.0,2.0896587991818283,4.003428165673922,58032.0,0,0,0,49,UTAH
3179,490960,389.0,1034.789638729863,0.3759218158363783,476.25,127.5,40.0,308.75,532.6969227962755,115.25,12.25,38.0,2.0,19.75,46.0,59.5,183.5,0.0,0.0,31.17562656339405,25.27129623288149,58032.0,0,0,0,49,UTAH
3107,490888,198.75,720.553585186552,0.2758295900346446,0.0,0.0,0.0,0.0,20.359745983794184,0.0,0.0,0.0,0.0,0.0,0.0,0.0,0.0,0.0,0.0,7.849022995183486,12.5107229886107,91005.0,0,0,0,49,UTAH
3188,490969,297.25,1054.110899882205,0.28199120228546837,59.0,0.0,0.25,58.75,90.99261945057692,0.0,0.0,0.25,0.0,0.0,58.75,0.0,0.0,0.0,0.0,12.725986760614637,19.26663268996229,91005.0,667,0,0,49,UTAH
3189,490970,227.25,829.7593725432315,0.273874580414167,0.0,0.0,0.0,0.0,23.1301249733826,0.0,0.0,0.0,0.0,0.0,0.0,0.0,0.0,0.0,0.0,8.117269352105389,15.012855621277208,91005.0,0,0,0,49,UTAH
3187,490968,563.0,1414.558364044463,0.398004079796529,378.75,92.75,6.25,279.75,448.6889809252144,21.0,71.75,6.25,0.0,20.5,49.25,35.25,174.75,0.0,0.0,33.658017895860695,36.28096302935373,61129.0,0,0,0,49,UTAH
3197,490978,417.0,1303.8931509861811,0.31981148124338865,47.75,0.0,0.0,47.75,96.54695719233172,0.0,0.0,0.0,0.0,0.0,47.75,0.0,0.0,0.0,5.173913042586208,16.599904031446556,27.02314011829897,99112.0,833,0,0,49,UTAH
3198,490979,148.25,506.6307214644228,0.29261944394426265,122.0,0.0,0.0,122.0,141.1552404795916,0.0,0.0,0.0,0.0,0.0,122.0,0.0,0.0,0.0,0.0,9.647118531851037,9.508121947740548,99112.0,0,0,1602,49,UTAH
3207,490988,224.25,575.5367478511749,0.38963628445492005,333.25,53.75,137.75,141.75,375.4258063510775,31.5,22.25,6.25,131.5,8.75,9.5,5.75,117.75,0.0,0.0,27.66334932991917,14.512457021158308,99112.0,0,0,0,49,UTAH
3212,490993,354.75,1214.4193489593729,0.29211491096875447,42.5,4.0,0.25,38.25,96.72522358053357,3.0,1.0,0.25,0.0,9.0,8.5,2.5,18.25,0.0,0.0,31.45573087370297,22.769492706830583,99112.0,0,0,0,49,UTAH
3213,490994,6.0,20.99863101827752,0.28573291253022687,59.75,13.0,26.75,20.0,62.10374414378073,12.25,0.75,26.75,0.0,0.0,8.5,2.0,9.5,0.0,0.0,2.353744143780734,0.0,99112.0,0,0,0,49,UTAH
3200,490981,4.25,13.92046175454387,0.3053059643379092,218.0,31.75,7.25,179.0,225.9430469659468,30.0,1.75,7.25,0.0,14.0,36.75,11.5,116.75,0.0,0.0,7.943046965946784,0.0,99112.0,0,0,0,49,UTAH
3202,490983,350.75,1103.0236844557237,0.31798954541313784,62.0,14.25,25.0,22.75,100.24534547661663,14.25,0.0,22.25,2.75,6.0,1.5,0.5,14.75,0.0,0.0,15.225633523991592,23.01971195262505,113111.0,0,0,0,49,UTAH
3232,491013,3.0,9.109934661922988,0.32931081410925717,367.25,56.5,216.25,94.5,380.7157643974271,56.0,0.5,81.25,135.0,24.25,12.25,5.75,52.25,0.0,0.0,13.215535176777257,0.2502292206497907,69330.0,0,0,0,49,UTAH
3230,491011,145.0,431.553346438904,0.3359955407518268,43.75,10.25,10.25,23.25,59.99381780153786,0.75,9.5,1.25,9.0,1.0,1.0,2.75,18.5,0.0,0.0,6.735655962327273,9.508161839210585,78353.0,0,0,0,49,UTAH
3221,491002,539.75,1809.899554702684,0.29822096955467003,0.0,0.0,0.0,0.0,54.31236624262659,0.0,0.0,0.0,0.0,0.0,0.0,0.0,0.0,0.0,0.0,19.28236979297977,35.029996449646816,87780.0,0,0,0,49,UTAH
3209,490990,193.0,494.1494835531972,0.3905700732746446,40.5,6.75,4.75,29.0,61.34685841852413,4.75,2.0,1.75,3.0,5.0,9.5,1.5,13.0,0.0,0.0,8.33616534652814,12.510693071995988,99112.0,0,0,0,49,UTAH
3219,491000,386.25,1259.920738976663,0.30656690381469653,114.5,5.75,0.25,108.5,157.4082894696345,5.75,0.0,0.25,0.0,7.0,75.0,2.25,24.25,0.0,0.0,17.88686343417248,25.021426035462014,93258.0,740,0,0,49,UTAH
3224,491005,394.5,1334.4820829525895,0.29562030471563516,276.0,30.5,5.75,239.75,325.2260955694362,28.0,2.5,5.5,0.25,15.75,76.5,8.25,139.25,0.0,0.0,23.9544502881797,25.27164528125648,104274.0,543,0,0,49,UTAH
3225,491006,445.75,1415.9115212269144,0.31481486895010863,0.0,0.0,0.0,0.0,44.43171824464102,0.0,0.0,0.0,0.0,0.0,0.0,0.0,0.0,0.0,0.0,15.907262643623984,28.524455601017035,101106.0,0,0,0,49,UTAH
3228,491009,2.0,3.5780163252350934,0.5589689420627756,0.0,0.0,0.0,0.0,2.0973769371365854,0.0,0.0,0.0,0.0,0.0,0.0,0.0,0.0,2.0255241137647624,0.0,0.071852823371823,0.0,107346.0,0,0,0,49,UTAH
3227,491008,7.999999999015955,22.99863101544856,0.34784679112605543,0.0,0.0,0.0,0.0,2.299371905824419,0.0,0.0,0.0,0.0,0.0,0.0,0.0,0.0,1.012762056757806,0.0,0.28575280777124307,1.0008570412953692,88338.0,0,0,0,49,UTAH
3250,491031,23.75,68.54122197655833,0.3465068073651021,0.0,0.0,0.0,0.0,2.594667532382001,0.0,0.0,0.0,0.0,0.0,0.0,0.0,0.0,0.0,0.0,0.843182670194831,1.75148486218717,69330.0,0,0,0,49,UTAH
3242,491023,86.25,232.92988571195215,0.37028309929563635,14.0,1.75,5.25,7.0,23.164378375092973,1.75,0.0,5.25,0.0,4.0,0.0,0.25,2.75,0.0,0.0,3.6595848524243695,5.504793522668602,69330.0,0,0,0,49,UTAH
3222,491003,146.25,363.9348144134189,0.4018576794740622,75.75,0.0,11.0,64.75,95.43671356178452,0.0,0.0,11.0,0.0,0.0,0.0,0.0,64.75,0.0,0.0,10.178621538609942,9.508092023174576,60557.0,0,0,0,49,UTAH
3175,490956,1.25,3.621705968633646,0.3451412154453789,1788.0,1013.25,25.0,749.75,1851.9206026014,660.75,352.5,25.0,0.0,61.0,45.75,38.75,604.25,0.0,0.0,63.92060260140001,0.0,44074.0,0,0,0,49,UTAH
3181,490962,44.0,98.46871264532363,0.4468424418067133,390.0,256.75,17.5,115.75,408.506244072633,103.75,153.0,13.25,4.25,7.0,16.25,20.25,72.25,0.0,0.0,15.50367294837758,3.0025711242554416,44074.0,0,0,0,49,UTAH
3180,490961,75.25,166.42309169995306,0.452160810325946,851.25,218.5,44.0,588.75,889.3664930538233,157.75,60.75,42.0,2.0,44.25,78.5,134.25,331.75,0.0,0.0,33.11220784673093,5.004285207092402,44074.0,0,0,0,49,UTAH
3184,490965,296.5,670.2833515150401,0.442350237895394,288.5,65.75,29.0,193.75,328.4181281260671,35.75,30.0,27.0,2.0,5.0,18.25,91.0,79.5,0.0,0.0,20.90184433911593,19.016283786951128,44074.0,0,0,0,49,UTAH
3185,490966,320.0,630.2348415885824,0.5077472378286825,178.5,39.75,10.25,128.5,217.33074272387864,35.0,4.75,10.0,0.25,13.0,13.5,27.0,75.0,0.0,0.0,17.812744854090532,21.01799786978809,48351.0,0,0,0,49,UTAH
3186,490967,173.25,339.2214965067672,0.5107282462464574,404.75,149.25,76.25,179.25,436.4042755720765,54.75,94.5,76.0,0.25,4.75,8.0,4.75,161.75,0.0,0.0,20.64484811647327,11.009427455603284,48351.0,0,0,0,49,UTAH
3195,490976,266.0,701.7497011625891,0.3790525304953001,40.0,0.0,0.5,39.5,67.94461460270868,0.0,0.0,0.5,0.0,0.0,39.5,0.0,0.0,0.0,0.0,10.930044898594508,17.01456970411417,45450.0,412,0,0,49,UTAH
3194,490975,247.0,652.752439126034,0.378397666856223,1107.0,249.25,55.5,802.25,1171.3909627991673,144.0,105.25,50.25,5.25,89.75,128.5,163.25,420.75,0.0,0.0,48.37725013647156,16.01371266269569,45450.0,0,0,0,49,UTAH
3211,490992,618.25,1983.7299210433437,0.31166036940897235,546.25,109.0,13.5,423.75,627.3850578633326,62.75,46.25,11.25,2.25,22.75,115.0,23.5,262.5,0.0,0.0,41.601194756422935,39.53386310690968,75801.0,425,0,0,49,UTAH
3196,490977,223.0,557.706292197351,0.39985204240996586,116.75,27.75,0.25,88.75,142.8974594810314,27.75,0.0,0.25,0.0,0.0,83.5,0.25,5.0,0.0,0.0,12.135460901172667,14.011998579858728,62215.0,0,1212,0,49,UTAH
3215,490996,86.75,208.7107227445435,0.4156470681488644,1410.25,177.25,95.75,1137.25,1469.4810129578732,139.5,37.75,90.0,5.75,56.5,363.25,70.25,647.25,0.0,0.0,53.47605006368673,5.754962894186451,51785.0,0,0,0,49,UTAH
3206,490987,176.0,434.1343338408816,0.405404471106649,206.25,39.5,1.0,165.75,230.91571561557203,15.0,24.5,1.0,0.0,5.0,19.5,0.5,140.75,0.0,0.0,13.65628815996878,11.009427455603284,58353.0,0,0,0,49,UTAH
3208,490989,206.25,509.183358649576,0.40506037068258327,49.25,15.5,1.0,32.75,71.38660411673327,2.5,13.0,1.0,0.0,2.0,3.5,12.75,14.5,0.0,0.0,9.12546257829302,13.011141538440246,58353.0,0,0,0,49,UTAH
3210,490991,277.0,691.4358570839842,0.4006156133819867,25.75,1.25,0.0,24.5,54.57883641889976,1.25,0.0,0.0,0.0,2.0,1.25,1.0,20.25,0.0,0.0,10.81340967336711,18.015426745532647,60125.0,0,0,0,49,UTAH
3216,490997,258.25,620.7824440027969,0.4160072542238912,94.0,0.0,0.0,94.0,123.59598348368574,0.0,0.0,0.0,0.0,0.0,94.0,0.0,0.0,0.0,0.0,12.581413779571578,17.01456970411417,51785.0,0,1255,0,49,UTAH
3223,491004,239.75,713.785001443865,0.33588545502501,0.0,0.0,0.0,0.0,23.5765223434825,0.0,0.0,0.0,0.0,0.0,0.0,0.0,0.0,0.0,0.0,8.563666722205294,15.012855621277208,102351.0,0,0,0,49,UTAH
3183,490964,229.0,608.5080441591417,0.37633027566043176,837.25,183.25,22.5,631.5,895.5371941920469,73.25,110.0,21.75,0.75,57.5,46.75,185.75,341.5,0.0,5.173913042586208,38.100425528183294,15.012855621277208,58209.0,0,0,0,49,UTAH
3201,490982,326.0,1097.250299842137,0.2971063211802285,98.0,0.0,98.0,0.0,134.16527205594628,0.0,0.0,90.25,7.75,0.0,0.0,0.0,0.0,0.0,0.0,15.147274186158167,21.01799786978809,83918.0,0,0,0,49,UTAH
3191,490972,281.5,705.2106180481351,0.3991715280452369,8.0,0.0,0.0,8.0,36.35557059422789,0.0,0.0,0.0,0.0,8.0,0.0,0.0,0.0,0.0,0.0,10.340143848695243,18.015426745532647,56042.0,0,0,0,49,UTAH
3182,490963,134.5,357.3094143880038,0.376424450585413,97.0,3.25,1.25,92.5,114.27659385656622,3.25,0.0,1.25,0.0,7.75,67.25,2.0,15.5,0.0,0.0,8.268880483799894,9.007713372766323,58209.0,619,0,0,49,UTAH
3192,490973,58.5,146.9131008579031,0.3981945766469269,109.75,0.0,0.0,109.75,119.76389783610334,0.0,0.0,0.0,0.0,0.0,109.75,0.0,0.0,0.0,0.0,6.0104696704294085,4.003428165673922,56042.0,0,0,1442,49,UTAH
3203,490984,304.25,1024.1834168869502,0.297065930753674,49.0,0.0,0.0,49.0,81.63564417932184,0.0,0.0,0.0,0.0,0.0,49.0,0.0,0.0,0.0,0.0,12.618503350952231,20.01714082836961,83918.0,852,0,0,49,UTAH
3204,490985,321.5,669.0337279339954,0.4805437851284504,301.75,23.25,10.25,268.25,345.0340075181628,21.75,1.5,9.0,1.25,8.5,29.75,186.0,44.0,0.0,0.0,22.266009648374727,21.01799786978809,50048.0,0,0,0,49,UTAH
3193,490974,198.0,494.0256712095057,0.40078888919930733,765.0,159.5,89.0,516.5,812.4224002227448,143.0,16.5,29.75,59.25,50.5,85.5,66.25,314.25,0.0,0.0,34.41125868430456,13.011141538440246,56042.0,0,0,0,49,UTAH
3205,490986,145.0,300.5121216105617,0.4825096545952571,793.25,92.5,58.5,642.25,835.795033685215,45.25,47.25,45.5,13.0,81.0,244.5,103.0,213.75,0.0,0.0,33.53732031244862,9.007713372766323,50625.0,0,0,0,49,UTAH
3233,491014,129.5,385.9801153857635,0.3355095115989918,0.0,0.0,0.0,0.0,12.89668445279451,0.0,0.0,0.0,0.0,0.0,0.0,0.0,0.0,0.0,0.0,4.639928015363738,8.256756437430772,105921.0,0,0,0,49,UTAH
3214,490995,137.0,284.81919716082336,0.48100690320618683,640.5,104.75,75.25,460.5,677.2781747891329,63.5,41.25,74.25,1.0,67.75,101.75,36.5,254.5,0.0,0.0,27.7704614163665,9.007713372766323,49164.0,0,7,265,49,UTAH
3239,491020,79.25,224.2408451740896,0.35341465083434814,39.75,14.5,3.5,21.75,127.25436105199242,14.0,0.5,3.5,0.0,0.0,6.75,2.75,12.25,0.0,0.0,82.50000602886401,5.004355023128408,105921.0,0,0,0,49,UTAH
3234,491015,95.5,269.216801492031,0.3547326893073829,0.0,0.0,0.0,0.0,9.680435512901465,0.0,0.0,0.0,0.0,0.0,0.0,0.0,0.0,0.0,0.0,3.424904469909392,6.255531042992073,105921.0,0,0,0,49,UTAH
3240,491021,108.0,303.84434655729194,0.355445152176415,0.0,0.0,0.0,0.0,11.545659700457891,0.0,0.0,0.0,0.0,0.0,0.0,0.0,0.0,0.7594159765764539,0.0,3.78041397468754,7.005829749193899,105921.0,0,0,0,49,UTAH
3236,491017,293.75,854.6200476390723,0.3437199967535258,238.75,0.0,56.25,182.5,276.7862360383482,0.0,0.0,49.25,7.0,1.0,181.5,0.0,0.0,0.0,0.0,19.01995225139705,19.016283786951128,105921.0,921,438,414,49,UTAH
3237,491018,223.0,650.4594955559077,0.34283456775339355,231.25,43.0,15.0,173.25,261.49045744875616,40.25,2.75,13.75,1.25,10.75,17.75,6.75,138.0,0.0,0.0,16.22845886889742,14.011998579858728,105921.0,0,0,0,49,UTAH
3238,491019,19.75,50.50628512671216,0.39104044081742345,13.25,5.5,2.0,5.75,17.434209305686956,5.25,0.25,2.0,0.0,0.0,2.0,0.5,3.25,0.0,0.0,2.933262667739439,1.250946637947519,105921.0,0,0,0,49,UTAH
3241,491022,114.0,305.43571621757263,0.37323729330591376,138.25,23.0,76.5,38.75,155.01864878373226,21.5,1.5,76.25,0.25,8.0,5.75,4.0,21.0,0.0,0.0,9.512370406827742,7.256278376904513,105921.0,0,0,0,49,UTAH
3130,490911,18.5,44.15508755906463,0.41897776729019576,0.0,0.0,0.0,0.0,6.725562085980254,0.0,0.0,0.0,0.0,0.0,0.0,0.0,0.0,5.063810284411907,0.0,0.6608947601498666,1.0008570414184803,62476.0,0,0,0,49,UTAH
3147,490928,349.5,859.4186641829228,0.40667024648839917,97.25,2.0,92.5,2.75,135.80508497149654,2.0,0.0,53.25,39.25,0.25,0.5,0.25,1.75,0.0,0.0,16.03560208620618,22.51948288529036,51304.0,0,0,0,49,UTAH
3154,490935,0.0,0.0,0.0,1252.5,527.0,343.0,382.5,1297.2590065747502,523.25,3.75,301.5,41.5,148.0,29.0,23.75,181.75,0.0,0.0,44.759006574750245,0.0,51304.0,0,0,0,49,UTAH
3157,490938,14.25,31.81398958907383,0.4479161583963681,0.0,0.0,0.0,0.0,1.509957885678673,0.0,0.0,0.0,0.0,0.0,0.0,0.0,0.0,0.0,0.0,0.5091008442601926,1.0008570414184803,51304.0,0,0,0,49,UTAH
3152,490933,4.669610751339871,8.67177804686185,0.5384836565356644,517.2205579780269,76.0551210851409,263.83131580966847,177.33412108321755,537.4841475154401,72.76952934649617,3.2855917386447238,193.09222571686706,70.7390900928014,35.55144141299403,21.873930489054192,11.443272464525844,108.46547671664347,1.5845813569071123,0.0,18.665068510953283,0.013939669552835087,51304.0,0,0,0,49,UTAH
3158,490939,0.0,0.0,0.0,1047.24998885423,170.2499981880474,598.4999936302283,278.4999970359542,1084.699204319686,166.249998230619,3.999999957428427,546.4999941836588,51.999999446569554,57.499999388033636,27.24999970998116,20.24999978448141,173.49999815345802,0.0,0.0,37.44921546545591,0.0,51304.0,0,0,0,49,UTAH
3165,490946,0.0,0.0,0.0,1485.0,183.5,759.75,541.75,1538.058309254416,173.5,10.0,745.0,14.75,68.75,51.5,99.25,322.25,0.0,0.0,53.05830925441587,0.0,51304.0,0,0,0,49,UTAH
3155,490936,14.25,32.79975795494154,0.4344544255349642,0.0,0.0,0.0,0.0,2.5227199425610545,0.0,0.0,0.0,0.0,0.0,0.0,0.0,0.0,1.0127620568823814,0.0,0.5091008442601926,1.0008570414184803,51304.0,0,0,0,49,UTAH
3149,490930,15.0,37.10324571114582,0.4042773000717293,0.0,0.0,0.0,0.0,2.549405612937848,0.0,0.0,0.0,0.0,0.0,0.0,0.0,0.0,1.0127620568823814,0.0,0.5357865146369857,1.0008570414184803,51304.0,0,0,0,49,UTAH
3150,490931,13.0,31.94544913907036,0.40694372282593966,96.5,14.25,3.25,79.0,101.41070360134869,13.0,1.25,2.75,0.5,5.75,16.75,6.25,50.25,0.0,0.0,3.909846559930197,1.0008570414184803,51304.0,0,0,0,49,UTAH
3169,490950,9.0,23.40738339720033,0.3844940652818314,239.0,62.25,84.5,92.25,249.00763512879973,60.25,2.0,82.5,2.0,12.0,14.75,8.25,57.25,0.0,0.0,9.00677808738126,1.0008570414184803,51304.0,0,0,0,49,UTAH
3161,490942,5.5,12.999220488182877,0.4231022933259615,0.0,0.0,0.0,0.0,0.1958032529557875,0.0,0.0,0.0,0.0,0.0,0.0,0.0,0.0,0.0,0.0,0.1958032529557875,0.0,51304.0,0,0,0,49,UTAH
3168,490949,28.0,73.22811984742476,0.3823667746535033,6.75,1.5,1.0,4.25,9.741216045771347,1.0,0.5,1.0,0.0,0.0,0.75,0.75,2.75,0.0,0.0,1.239681325210079,1.7515347205612692,51304.0,0,0,0,49,UTAH
3166,490947,2.0,2.7894016325409225,0.7169996520645037,0.0,0.0,0.0,0.0,1.0842002588339794,0.0,0.0,0.0,0.0,0.0,0.0,0.0,0.0,1.0127620568823814,0.0,0.071438201951598,0.0,51304.0,0,0,0,49,UTAH
3167,490948,1.5,1.894605795314576,0.7917214249579255,110.0,32.25,11.0,66.75,114.08378312312696,28.5,3.75,11.0,0.0,0.0,9.5,11.0,46.25,0.0,0.0,4.083783123126942,0.0,51304.0,0,0,0,49,UTAH
3170,490951,3.5,7.24816259651777,0.4828809996179587,0.0,0.0,0.0,0.0,0.1244809696167176,0.0,0.0,0.0,0.0,0.0,0.0,0.0,0.0,0.0,0.0,0.1244809696167176,0.0,51304.0,0,0,0,49,UTAH
3171,490952,10.0,29.94862400889402,0.33390515694578293,0.0,0.0,0.0,0.0,1.1073582168425131,0.0,0.0,0.0,0.0,0.0,0.0,0.0,0.0,0.0,0.0,0.3567004794591122,0.7506577373834011,51304.0,0,0,0,49,UTAH
3172,490953,26.25,60.151541633472846,0.436397792760685,7.5,0.75,0.25,6.5,10.899967090882054,0.5,0.25,0.25,0.0,0.0,1.5,0.75,4.25,0.0,0.0,1.89859176698331,1.5013753238987442,51304.0,0,0,0,49,UTAH
3174,490955,29.25,84.38399460504023,0.3466297149939961,36.75,5.75,0.75,30.25,40.91800338349894,5.75,0.0,0.75,0.0,2.0,8.0,2.5,17.75,0.0,0.0,2.416398838950408,1.751604544548535,51304.0,0,0,0,49,UTAH
3341,491122,11.0,36.26005569519869,0.3033641231129313,0.0,0.0,0.0,0.0,1.39376715215227,0.0,0.0,0.0,0.0,0.0,0.0,0.0,0.0,0.0,0.0,0.3929101107337894,1.0008570414184803,76841.0,0,0,0,49,UTAH
3348,491129,12.0,37.85336227118064,0.3170127904103278,0.0,0.0,0.0,0.0,9.531582708187122,0.0,0.0,0.0,0.0,0.0,0.0,0.0,0.0,8.102096455059051,0.0,0.4286292117095885,1.0008570414184803,76841.0,0,0,0,49,UTAH
3377,491158,62.25,149.3488740437203,0.41680930237061564,87.25,13.75,1.75,71.75,96.34954837951187,12.5,1.25,1.75,0.0,5.0,13.5,4.5,48.75,0.0,0.0,5.346249717739548,3.7532986617723294,75589.0,0,0,0,49,UTAH
3375,491156,21.25,59.57228585011052,0.35670949497333376,0.0,0.0,0.0,0.0,41.780753635512006,0.0,0.0,0.0,0.0,0.0,0.0,0.0,0.0,0.0,0.0,40.5296274819737,1.2511261535383065,75589.0,0,0,0,49,UTAH
3376,491157,47.5,125.04186996290072,0.3798727579337466,31.75,10.0,8.25,13.5,37.35724194504039,9.0,1.0,8.25,0.0,0.0,3.25,1.5,8.75,0.0,0.0,2.854900041434738,2.7523419036056507,75589.0,0,0,0,49,UTAH
3370,491151,13.5,36.59145653140984,0.36893857964936977,21.25,4.25,1.5,15.5,23.49143173465892,4.0,0.25,1.5,0.0,1.0,4.75,0.75,9.0,0.0,0.0,1.2405746932404376,1.0008570414184803,75589.0,0,0,0,49,UTAH
3384,491165,9.0,23.99863101827752,0.3750213915596077,0.0,0.0,0.0,0.0,2.335091007083053,0.0,0.0,0.0,0.0,0.0,0.0,0.0,0.0,1.0127620568823814,0.0,0.3214719087821913,1.0008570414184803,75589.0,0,0,0,49,UTAH
3386,491167,41.25,110.67851457085662,0.3727010627125074,0.0,0.0,0.0,0.0,4.000005428164888,0.0,0.0,0.0,0.0,0.0,0.0,0.0,0.0,0.0,0.0,1.498162018595209,2.5018434095696795,75589.0,0,0,0,49,UTAH
3394,491175,3290.0,9019.118117060085,0.36478067559363825,0.0,0.0,0.0,0.0,1464.8491765733768,0.0,0.0,0.0,0.0,0.0,0.0,0.0,0.0,1.5190393871706256,0.0,1251.3942553695256,211.9358818166807,75589.0,0,0,0,49,UTAH
3409,491190,48.0,133.35252347542786,0.3599481940725681,0.0,0.0,0.0,0.0,41.54470663178847,0.0,0.0,0.0,0.0,0.0,0.0,0.0,0.0,0.0,0.0,38.29178660452187,3.252920027266597,56564.0,0,0,0,49,UTAH
3413,491194,10.0,24.79832958571697,0.40325296772245794,0.0,0.0,0.0,0.0,3.3839867863614583,0.0,0.0,0.0,0.0,0.0,0.0,0.0,0.0,2.0255241137647624,0.0,0.3576056311782153,1.0008570414184803,56564.0,0,0,0,49,UTAH
3414,491195,173.0,537.3557213408177,0.32194688384135545,133.0,10.75,21.0,101.25,156.2858743067955,9.75,1.0,7.75,13.25,84.25,3.25,2.5,11.25,1.0127620568823814,0.0,11.013585222925467,11.259527026987648,56564.0,0,0,0,49,UTAH
3416,491197,279.0,820.6241887661781,0.3399851038018768,0.0,0.0,0.0,0.0,50.22136678742295,0.0,0.0,0.0,0.0,0.0,0.0,0.0,0.0,0.2532077532077532,0.0,31.953520198886743,18.01463883532845,56564.0,0,0,0,49,UTAH
3417,491198,526.0,1695.1063786006905,0.31030500896009416,294.25,31.5,154.25,108.5,357.4765175321472,28.25,3.25,136.75,17.5,34.0,8.0,8.0,58.5,0.2532077532077532,0.0,28.944589258975885,34.02872051996356,56564.0,0,0,0,49,UTAH
3422,491203,0.0,0.0,0.0,870.25,640.0,126.0,104.25,901.333347674722,594.75,45.25,94.75,31.25,98.25,3.75,0.75,1.5,0.0,0.0,31.08334767472196,0.0,56564.0,0,0,0,49,UTAH
3419,491200,0.0,0.0,0.0,688.75,18.25,616.5,54.0,713.2793542648184,18.25,0.0,505.0,111.5,32.75,2.0,0.0,19.25,0.0,0.0,24.5293542648184,0.0,56564.0,0,0,0,49,UTAH
3418,491199,86.0,245.09728943353517,0.3508810733842132,134.5,15.75,27.0,91.75,148.17786633727482,13.5,2.25,3.0,24.0,23.5,22.0,12.0,34.25,0.0,0.0,7.922903435137096,5.75496290213771,56564.0,0,0,0,49,UTAH
3427,491208,94.75,276.1161261241768,0.34315272103081873,0.0,0.0,0.0,0.0,9.623412178712336,0.0,0.0,0.0,0.0,0.0,0.0,0.0,0.0,0.0,0.0,3.3680207677922738,6.255391410920061,56564.0,0,0,0,49,UTAH
3415,491196,51.25,177.1813590299847,0.28925164746776144,98.0,0.0,19.5,78.5,108.60933067873488,0.0,0.0,18.25,1.25,76.5,2.0,0.0,0.0,2.0255241137647624,0.0,5.330986278305517,3.25282028666462,57510.0,0,0,0,49,UTAH
3433,491214,217.25,683.4721412660117,0.3178622607756662,0.0,0.0,0.0,0.0,22.7042805768829,0.0,0.0,0.0,0.0,0.0,0.0,0.0,0.0,1.0127620568823814,0.0,7.930008451371183,13.761510068629338,56564.0,0,0,0,49,UTAH
3444,491225,11.25,40.06276611782029,0.28080936715440363,173.0,0.0,9.0,164.0,182.6077291653293,0.0,0.0,7.5,1.5,162.0,2.0,0.0,0.0,2.0255241137647624,0.0,6.58134801014603,1.0008570414184803,61056.0,0,0,0,49,UTAH
3446,491227,178.25,525.8552482043768,0.3389716097893199,158.0,0.5,5.75,151.75,193.0971753276617,0.5,0.0,4.0,1.75,149.75,2.0,0.0,0.0,1.0127620568823814,0.0,22.574407691515084,11.51000557926423,56564.0,0,0,0,49,UTAH
3243,491024,127.66599058686008,328.98365279816426,0.3880618064180375,41.211477663126765,8.809699935233619,2.239754220822107,30.162023507071037,60.7656925551283,7.9137982469047765,0.8959016883288426,2.0904372727672995,0.1493169480548071,1.7918033766576853,6.71926266246632,2.3890711688769137,19.261886299070117,0.0,0.0,11.48389740738976,8.07031748461178,105921.0,0,0,0,49,UTAH
3385,491166,216.5,585.4413928091819,0.3698064446060884,0.0,0.0,0.0,0.0,29.652617048703945,0.0,0.0,0.0,0.0,0.0,0.0,0.0,0.0,1.0127620568823814,0.0,14.627796570782152,14.01205842103941,75589.0,0,0,0,49,UTAH
3245,491026,343.25,879.7859188268565,0.39015173197782477,401.75,83.5,26.5,291.75,473.8661516222161,73.5,10.0,26.0,0.5,24.75,59.75,61.0,146.25,0.0,0.0,50.097635808382975,22.018515813833123,105921.0,0,0,0,49,UTAH
3246,491027,0.0,0.0,0.0,502.75,81.5,296.75,124.5,520.712077349229,79.5,2.0,159.5,137.25,24.25,12.5,7.75,80.0,0.0,0.0,17.962077349229073,0.0,105921.0,0,0,0,49,UTAH
3248,491029,150.75,439.47990218587256,0.3430190988261442,26.0,0.0,25.0,1.0,41.8218893981345,0.0,0.0,25.0,0.0,1.0,0.0,0.0,0.0,0.0,0.0,6.313727558923925,9.508161839210585,105921.0,0,0,0,49,UTAH
3256,491037,357.00000096158675,900.9850618851519,0.39623298549992314,140.75000037911298,33.50000009023293,8.000000021548162,99.25000026733188,181.37232340027893,31.25000008417251,2.2500000060604206,8.000000021548162,0.0,1.0000000026935203,22.500000060604208,22.000000059257445,53.75000014477671,0.0,0.0,17.603349026563876,23.018973994602074,105921.0,0,0,0,49,UTAH
3249,491030,162.50000016791589,459.37523825971425,0.3537413134924879,10.250000010591618,0.25000000025833213,1.5000000015499928,8.500000008783292,28.054339332918772,0.0,0.25000000025833213,1.5000000015499928,0.0,0.0,1.2500000012916606,0.0,7.250000007491632,1.0127620579288974,0.0,6.282707963934898,10.508869300463358,105921.0,0,0,0,49,UTAH
3277,491058,91.0,283.4203307568933,0.32107788371066504,323.0,26.5,62.0,234.5,343.79353213624245,23.0,3.5,57.75,4.25,15.0,132.25,28.5,58.75,0.0,0.0,14.788389887731592,6.005142248510883,85315.0,0,0,1374,49,UTAH
3285,491066,1006.0000092663807,2975.3062938372063,0.3381164525313319,0.0,0.0,0.0,0.0,102.52275958238127,0.0,0.0,0.0,0.0,0.0,0.0,0.0,0.0,1.7723163768820176,0.0,35.94439557025844,64.80604763524079,30043.0,0,0,0,49,UTAH
3290,491071,68.75000005430483,200.3492450452273,0.34315078172011604,157.75000012460492,15.000000011848329,5.750000004541859,137.00000010821475,170.05379162664516,12.75000001007108,2.2500000017772495,5.500000004344387,0.25000000019747215,6.500000005134276,22.500000017772493,16.000000012638218,92.00000007266975,0.0,0.0,8.050084246031226,4.253707256009027,75991.0,0,0,0,49,UTAH
3281,491062,110.0,318.8436029618819,0.34499672873521825,0.0,0.0,0.0,0.0,12.230928022908532,0.0,0.0,0.0,0.0,0.0,0.0,0.0,0.0,1.0127620568823814,0.0,3.962685442376118,7.255480523650034,69330.0,0,0,0,49,UTAH
3267,491048,2.267000805505454,5.845806352134562,0.387799504285268,30.937893345721488,8.401238279226094,6.801002416516361,15.735652649979032,32.937843224731736,7.734473336430372,0.6667649427957217,6.801002416516361,0.0,0.0,5.734178508043207,1.0668239084731548,8.934650233462671,0.5402193879382868,0.0,1.4597304910719662,0.0,69330.0,0,0,0,49,UTAH
3280,491061,30.0,88.2123818069422,0.3400883117027347,26.0,3.75,0.75,21.5,29.745052987027,3.75,0.0,0.75,0.0,1.0,4.75,0.5,15.25,0.0,0.0,1.993508283659148,1.7515447033678524,104591.0,0,0,0,49,UTAH
3279,491060,367.0,1037.7933777055043,0.3536349411011023,0.0,0.0,0.0,0.0,37.13330381829667,0.0,0.0,0.0,0.0,0.0,0.0,0.0,0.0,0.0,0.0,13.112734824253137,24.020568994043533,75108.0,0,0,0,49,UTAH
3265,491046,36.33929185053725,104.89200202501405,0.34644483038727075,0.0,0.0,0.0,0.0,3.870871576315966,0.0,0.0,0.0,0.0,0.0,0.0,0.0,0.0,0.0,0.0,1.3020664905686392,2.568805085747327,72269.0,0,0,0,49,UTAH
3297,491078,200.75,566.6280730396127,0.3542888352197221,0.0,0.0,0.0,0.0,20.17623951296117,0.0,0.0,0.0,0.0,0.0,0.0,0.0,0.0,0.0,0.0,7.165097974520925,13.011141538440246,75108.0,0,0,0,49,UTAH
3295,491076,244.75000003759138,621.9504092619128,0.393520120564023,76.25000001171131,5.50000000084475,2.750000000422375,68.00000001044418,103.52936739971625,4.500000000691159,1.000000000153591,1.5000000002303864,1.2500000001919886,11.500000001766296,12.750000001958284,1.750000000268784,42.00000000645082,0.0,0.0,11.765993481864761,15.513373906140185,89915.0,0,0,0,49,UTAH
3291,491072,120.5,379.2289982107811,0.3177499626044533,512.0,109.5,7.75,394.75,542.6086632915069,77.5,32.0,7.75,0.0,24.75,237.5,37.0,95.5,0.0,0.0,22.601806960159077,8.006856331347844,85315.0,528,0,0,49,UTAH
3296,491077,217.75,688.0351833327977,0.31648090864370215,37.0,0.0,5.5,31.5,60.11070862219231,0.0,0.0,5.5,0.0,23.75,0.5,3.0,4.25,0.0,0.0,9.098710042333586,14.011998579858728,85315.0,0,0,0,49,UTAH
3309,491090,42.5,135.83365443922992,0.31288269593758083,0.0,0.0,0.0,0.0,4.278344475697901,0.0,0.0,0.0,0.0,0.0,0.0,0.0,0.0,0.0,0.0,1.5261721207789734,2.7521723549189274,109773.0,0,0,0,49,UTAH
3311,491092,228.75,700.814268177172,0.3264060256578138,0.0,0.0,0.0,0.0,23.18750386446624,0.0,0.0,0.0,0.0,0.0,0.0,0.0,0.0,0.0,0.0,8.174648243189027,15.012855621277208,83427.0,0,0,0,49,UTAH
3316,491097,301.25,869.1031417776936,0.3466216902447422,196.5,20.75,31.75,144.0,233.69916520349685,19.75,1.0,2.25,29.5,15.0,26.25,12.0,90.75,0.0,0.0,17.682173635668075,19.516991567828764,109773.0,0,0,0,49,UTAH
3317,491098,249.36075243774383,774.5272984400149,0.32195218030401823,64.73788765210658,7.629043999406498,8.500934742195813,48.607908910504264,93.19800204370084,6.975125942314513,0.6539180570919856,1.0898634284866426,7.41107131370917,6.3212078852225275,8.936880113590469,0.8718907427893141,32.47793016890195,0.0,0.0,12.316294199629455,16.143820191964792,83427.0,0,0,0,49,UTAH
3318,491099,293.25,949.0386758921064,0.3089968906950414,0.0,0.0,0.0,0.0,35.035800281661054,0.0,0.0,0.0,0.0,0.0,0.0,0.0,0.0,0.0,0.0,16.26991525609518,18.76588502556588,114538.0,0,0,0,49,UTAH
3288,491069,366.75,972.4443806030632,0.37714239221842105,174.5,18.25,12.75,143.5,222.53786393263852,15.25,3.0,7.25,5.5,10.5,26.25,59.75,47.0,0.0,0.0,24.268192371185098,23.76967156145343,30043.0,0,0,0,49,UTAH
3284,491065,528.25,1637.6704657548742,0.32256184076477584,0.0,0.0,0.0,0.0,53.95302831575822,0.0,0.0,0.0,0.0,0.0,0.0,0.0,0.0,0.7594159765764539,0.0,19.167235480851232,34.02637685833053,30043.0,0,0,0,49,UTAH
3271,491052,170.5,482.6982725816056,0.35322272666964033,85.5,17.25,43.25,25.0,105.6567416051614,17.0,0.25,31.75,11.5,7.75,2.5,1.0,13.75,0.0,0.0,9.147344066172812,11.009397538988573,30043.0,0,0,0,49,UTAH
3272,491053,291.74999982852836,872.6705281173379,0.33431861215473535,59.24999996517671,21.749999987216768,7.249999995738923,30.249999982221023,133.16358877584753,20.24999998809837,1.4999999991183979,7.249999995738923,0.0,0.0,3.999999997649061,3.499999997942928,22.749999986629035,0.0,0.0,55.14750434673548,18.766084463935307,30043.0,0,0,0,49,UTAH
3270,491051,33.25,81.43889906813635,0.40828155071425004,558.25,177.75,75.25,305.25,581.4086091303542,122.5,55.25,25.5,49.75,28.5,39.25,16.75,220.75,0.0,0.0,21.156905022372563,2.001704107981637,30043.0,0,0,0,49,UTAH
3283,491064,142.75,404.6488638135852,0.35277499275461327,301.75,134.75,14.0,153.0,326.6512740527345,130.5,4.25,4.5,9.5,10.25,69.75,4.75,68.25,0.0,0.0,15.893560679968168,9.007713372766323,30043.0,454,0,0,49,UTAH
3287,491068,233.5,504.46432931690646,0.46286721662992825,383.25,100.0,67.0,216.25,420.2937371069647,51.25,48.75,24.25,42.75,22.0,51.5,12.0,130.75,0.0,0.0,22.030881485687477,15.012855621277208,56620.0,0,0,0,49,UTAH
3286,491067,206.5,451.2156010827642,0.4576526155223138,230.25,79.0,27.25,124.0,258.8724604017692,53.0,26.0,2.75,24.5,14.75,11.5,20.75,77.0,0.0,0.0,15.611318863328943,13.011141538440246,56620.0,0,0,0,49,UTAH
3292,491073,187.5,396.10486415988345,0.47335949887330253,402.25,30.0,53.25,319.0,435.32310827442296,26.75,3.25,16.25,37.0,99.0,39.5,27.0,153.5,0.0,0.0,21.062823777401185,12.010284497021765,77634.0,0,0,0,49,UTAH
3293,491074,330.75,820.5639756342711,0.4030764325771678,1869.5,129.75,170.25,1569.5,1969.212849635252,108.0,21.75,38.25,132.0,120.0,169.5,875.25,404.75,0.0,0.0,78.4447123026095,21.26813733264249,89915.0,0,0,0,49,UTAH
3301,491082,395.0,1141.4189971251894,0.34606047472037726,8.25,0.0,3.5,4.75,84.71727174692313,0.0,0.0,3.5,0.0,0.0,2.75,0.5,1.5,0.0,0.0,50.9454371364869,25.52183461043624,71171.0,0,0,0,49,UTAH
3304,491085,202.25,603.5842825092079,0.33508162134244207,80.75,8.0,15.25,57.5,148.47939150896326,8.0,0.0,1.25,14.0,5.5,10.25,1.25,40.5,1.0127620568823814,0.0,53.455488074907,13.26114137717389,82941.0,0,0,0,49,UTAH
3303,491084,666.5000001410555,1839.9792251282643,0.36223235079982713,31.000000006560718,2.000000000423272,5.250000001111089,23.750000005026354,143.09353837747452,2.000000000423272,0.0,0.0,5.250000001111089,3.250000000687817,4.000000000846544,0.0,16.500000003491994,0.0,15.52173913264928,53.53541520275194,43.036384035512576,82148.0,0,0,0,49,UTAH
3432,491213,316.25,1065.1989981919835,0.2968928815524491,48.0,16.0,30.25,1.75,81.2816154325538,16.0,0.0,29.0,1.25,1.25,0.0,0.0,0.5,0.0,0.0,13.014245383534403,20.2673700490194,77834.0,0,0,0,49,UTAH
3426,491207,411.0,962.4066657260676,0.4270543987659621,293.25,56.5,54.25,182.5,344.9380476531071,16.75,39.75,4.0,50.25,9.25,69.0,51.0,53.25,0.0,0.0,25.165316109782324,26.522731543324756,60420.0,447,0,0,49,UTAH
3431,491212,251.75,814.7929827574435,0.3089741877108724,93.75,3.0,23.75,67.0,122.09171383119914,3.0,0.0,0.75,23.0,13.25,21.75,21.5,10.5,0.0,0.0,12.32800116850346,16.01371266269569,77052.0,0,1224,1459,49,UTAH
3450,491231,158.5,489.3181958252279,0.32392010219994394,0.0,0.0,0.0,0.0,15.981365672644412,0.0,0.0,0.0,0.0,0.0,0.0,0.0,0.0,0.0,0.0,5.722556062954494,10.25880960968992,67250.0,0,0,0,49,UTAH
3442,491223,632.5,1852.7422607284057,0.3413858545825649,59.0,0.0,0.0,59.0,124.48943786775152,0.0,0.0,0.0,0.0,0.0,59.0,0.0,0.0,0.0,0.0,24.704578264520247,40.78485960323128,67250.0,631,0,0,49,UTAH
3443,491224,494.500000070509,1454.8913586817678,0.3398879216098721,0.0,0.0,0.0,0.0,49.854179741903124,0.0,0.0,0.0,0.0,0.0,0.0,0.0,0.0,0.0,0.0,17.826106189471624,32.0280735524315,67250.0,0,0,0,49,UTAH
3282,491063,447.75,1408.054147116917,0.3179920324206263,197.0,107.5,44.75,44.75,248.80397431259763,25.5,82.0,21.5,23.25,4.75,11.75,1.0,27.25,0.0,0.0,23.029349332111487,28.774624980486145,55219.0,0,0,0,49,UTAH
3421,491202,204.5,471.9056684499461,0.43334931888340056,1204.25,227.75,351.0,625.5,1268.3139135553035,169.5,58.25,18.75,332.25,70.0,221.0,63.5,271.0,0.0,0.0,51.05277201686329,13.011141538440246,54104.0,0,0,0,49,UTAH
3420,491201,299.75,768.0667575672552,0.3902655557563987,624.0,80.25,112.0,431.75,677.0118087399972,33.75,46.5,8.25,103.75,21.0,230.75,14.0,166.0,0.0,0.0,33.74530570725152,19.2665030327456,43532.0,470,0,0,49,UTAH
3425,491206,326.75,773.1650865343894,0.42261349573428597,352.75,136.75,38.25,177.75,398.0455522446607,133.5,3.25,2.75,35.5,11.5,70.75,3.0,92.5,0.0,0.0,24.27755437487257,21.01799786978809,67233.0,408,0,0,49,UTAH
3424,491205,314.0,751.9160609358255,0.4175998044372127,138.25,35.5,4.75,98.0,174.42027287802992,4.25,31.25,2.0,2.75,13.75,78.75,1.25,4.25,0.0,0.0,16.1531320496603,20.01714082836961,65557.0,0,713,0,49,UTAH
3423,491204,0.0,0.0,0.0,418.5,91.5,27.0,300.0,433.448651069082,42.0,49.5,4.0,23.0,152.75,26.25,54.0,67.0,0.0,0.0,14.948651069082011,0.0,74447.0,0,0,0,49,UTAH
3430,491211,344.25,711.1149981821467,0.48409891632158064,146.75,11.75,2.75,132.25,188.55908921588605,1.0,10.75,1.25,1.5,52.25,7.25,58.0,14.75,0.0,0.0,19.54005495035505,22.269034265531,64531.0,0,0,0,49,UTAH
3436,491217,220.75,599.2767614797808,0.36836068773116937,193.0,2.25,3.5,187.25,222.0605737724312,0.25,2.0,2.0,1.5,149.25,22.25,5.25,10.5,0.0,0.0,14.798475629139364,14.262098143291828,79681.0,0,0,0,49,UTAH
3438,491219,339.0,943.0612525184018,0.3594676370116109,0.0,0.0,0.0,0.0,88.53905744757422,0.0,0.0,0.0,0.0,0.0,0.0,0.0,0.0,0.0,0.0,66.77041181525806,21.76864563231617,76922.0,0,0,0,49,UTAH
3435,491216,298.5,800.3055756877379,0.3729825320078343,0.0,0.0,0.0,0.0,29.97783156504292,0.0,0.0,0.0,0.0,0.0,0.0,0.0,0.0,0.0,0.0,10.710909667886323,19.266921897156596,79681.0,0,0,0,49,UTAH
3440,491221,474.0,1386.5975647198916,0.3418439582329379,0.0,0.0,0.0,0.0,47.33027174841361,0.0,0.0,0.0,0.0,0.0,0.0,0.0,0.0,0.0,0.0,16.803024955112367,30.52724679330124,79681.0,0,0,0,49,UTAH
3449,491230,231.25,630.3729691611263,0.3668463137112902,0.0,0.0,0.0,0.0,58.70549847436166,0.0,0.0,0.0,0.0,0.0,0.0,0.0,0.0,0.0,0.0,43.9428521240236,14.762646350338064,79681.0,0,0,0,49,UTAH
3470,491251,7.75,20.57986589744409,0.37658165697583623,0.0,0.0,0.0,0.0,0.5270054885844937,0.0,0.0,0.0,0.0,0.0,0.0,0.0,0.0,0.0,0.0,0.2767862427900267,0.250219245794467,79681.0,0,0,0,49,UTAH
3478,491259,280.75,827.5174453202259,0.339267772042386,219.5,131.5,15.0,73.0,255.7346038091841,39.5,92.0,14.75,0.25,39.75,32.0,0.25,1.0,0.0,0.0,17.96896779271231,18.26563601647179,93711.0,320,0,0,49,UTAH
3457,491238,545.5,1659.8933572415442,0.3286355702432153,49.0,0.25,0.25,48.5,165.90942459066684,0.25,0.0,0.25,0.0,26.75,6.0,0.0,15.75,1.0127620568823814,0.0,80.61818217692414,35.278480356860314,67250.0,0,0,0,49,UTAH
3453,491234,5.0,9.53950517064366,0.5241362010460167,0.0,0.0,0.0,0.0,1.1913575617613763,0.0,0.0,0.0,0.0,0.0,0.0,0.0,0.0,1.0127620568823814,0.0,0.1785955048789952,0.0,56564.0,0,0,0,49,UTAH
3456,491237,9.75,23.950022687359517,0.40709773544999234,0.0,0.0,0.0,0.0,1.6042175813562258,0.0,0.0,0.0,0.0,0.0,0.0,0.0,0.0,1.0127620568823814,0.0,0.3412263038240536,0.2502292206497907,79681.0,0,0,0,49,UTAH
3455,491236,0.75,2.3306131714149387,0.3218037249590705,0.0,0.0,0.0,0.0,0.0274288648854844,0.0,0.0,0.0,0.0,0.0,0.0,0.0,0.0,0.0,0.0,0.0274288648854844,0.0,56564.0,0,0,0,49,UTAH
3469,491250,6.75,18.001359624658708,0.3749716766256746,0.0,0.0,0.0,0.0,0.4929775934045869,0.0,0.0,0.0,0.0,0.0,0.0,0.0,0.0,0.0,0.0,0.2427483727547962,0.2502292206497907,56564.0,0,0,0,49,UTAH
3477,491258,94.75,273.16376931152763,0.34686151914949986,377.75,231.75,2.75,143.25,401.1331153293369,173.0,58.75,2.25,0.5,133.75,7.25,1.25,1.0,0.0,0.0,16.87753458923705,6.505580740099817,47060.0,0,0,0,49,UTAH
3484,491265,276.25,736.4770301871044,0.3750965592637937,243.0,86.25,2.0,154.75,316.5383130745731,32.75,53.5,2.0,0.0,124.5,6.75,9.0,14.5,0.0,36.21739130773764,19.55572424195256,17.765197524882858,46734.0,0,0,0,49,UTAH
3486,491267,936.75,2597.3791636604096,0.36065200379903944,0.0,0.0,0.0,0.0,96.32774296094532,0.0,0.0,0.0,0.0,0.0,0.0,0.0,0.0,0.0,0.0,35.77590191805568,60.55184104288964,93711.0,0,0,0,49,UTAH
3501,491282,291.17374097600725,897.1031939573015,0.32457106711612704,0.0,0.0,0.0,0.0,29.169100759631977,0.0,0.0,0.0,0.0,0.0,0.0,0.0,0.0,0.0,0.0,10.396824296140156,18.772276463491824,74183.0,0,0,0,49,UTAH
3483,491264,327.75,718.4864693872638,0.45616725431101046,1385.75,16.5,11.0,1358.25,1467.9791578714394,0.0,16.5,8.5,2.5,947.5,362.25,40.5,8.0,0.0,0.0,61.21129962577197,21.017858245667338,52410.0,512,0,0,49,UTAH
3482,491263,133.25,342.87131618626535,0.3886297678153157,50.0,1.0,2.0,47.0,66.77602369490019,0.0,1.0,2.0,0.0,34.0,13.0,0.0,0.0,0.0,0.0,8.018290203205602,8.757733491694587,52410.0,0,0,0,49,UTAH
3489,491270,1.0,1.0,1.0,0.0,0.0,0.0,0.0,1.0484811578581803,0.0,0.0,0.0,0.0,0.0,0.0,0.0,0.0,1.0127620568823814,0.0,0.035719100975799,0.0,52410.0,0,0,0,49,UTAH
3490,491271,109.5,283.1296844212647,0.3867485679709814,0.0,0.0,0.0,0.0,11.678593942830084,0.0,0.0,0.0,0.0,0.0,0.0,0.0,0.0,1.0127620568823814,0.0,3.910201440788882,6.755630445158821,52410.0,0,0,0,49,UTAH
3497,491278,104.5,291.1935221102241,0.3588678733053825,55.0,1.0,0.0,54.0,67.70310450347174,0.0,1.0,0.0,0.0,50.0,3.0,1.0,0.0,0.0,0.0,5.697105213542363,7.005999289929363,52410.0,0,0,0,49,UTAH
3500,491281,240.0,599.5989971443064,0.40026751402694366,509.5,61.25,37.5,410.75,551.5784898206622,44.25,17.0,4.25,33.25,312.25,19.25,18.0,61.25,0.0,0.0,26.564956351024577,15.513533469637611,52410.0,0,0,0,49,UTAH
3495,491276,192.5,570.972847738305,0.3371438777912411,0.0,0.0,0.0,0.0,96.71243297270644,0.0,0.0,0.0,0.0,0.0,0.0,0.0,0.0,1.0127620568823814,0.0,83.44035398200987,12.25931693381421,52410.0,0,0,0,49,UTAH
3502,491283,795.2499988743267,1982.7647848096838,0.40108136122190563,919.4999986984513,19.499999972397827,33.24999995293476,866.7499987731188,1032.003701122667,10.499999985137292,8.999999987260535,10.499999985137292,22.749999967797464,795.749998873619,17.99999997452107,31.749999955058,21.249999969920708,0.0,0.0,61.20800887554069,51.29569354867507,52410.0,0,0,0,49,UTAH
3481,491262,2.0,5.747506691922892,0.3479769763140333,0.0,0.0,0.0,0.0,1.0846148802542044,0.0,0.0,0.0,0.0,0.0,0.0,0.0,0.0,1.0127620568823814,0.0,0.071852823371823,0.0,67754.0,0,0,0,49,UTAH
3452,491233,3.0,6.749510055835757,0.44447670648421983,0.0,0.0,0.0,0.0,0.1071573029273971,0.0,0.0,0.0,0.0,0.0,0.0,0.0,0.0,0.0,0.0,0.1071573029273971,0.0,56564.0,0,0,0,49,UTAH
3451,491232,5.0,15.64311199173682,0.31962949588554734,0.0,0.0,0.0,0.0,6.49260628375037,0.0,0.0,0.0,0.0,0.0,0.0,0.0,0.0,6.076572341294288,0.0,0.1658047218062915,0.2502292206497907,56564.0,0,0,0,49,UTAH
3468,491249,510.75,1385.0431719578646,0.3687610684929162,64.0,0.0,0.0,64.0,118.3122492311995,0.0,0.0,0.0,0.0,0.25,63.75,0.0,0.0,0.0,0.0,21.535402859654624,32.77684637154487,75166.0,661,0,0,49,UTAH
3466,491247,0.0,0.0,0.0,206.0,4.0,6.5,195.5,213.3581348010146,0.25,3.75,6.25,0.25,130.25,61.75,3.25,0.25,0.0,0.0,7.358134801014603,0.0,76443.0,0,0,0,49,UTAH
3465,491246,9.75,28.891888629324644,0.33746495859408654,0.0,0.0,0.0,0.0,2.1089103768848574,0.0,0.0,0.0,0.0,0.0,0.0,0.0,0.0,1.0127620568823814,0.0,0.3455204992337862,0.7506278207686898,74530.0,0,0,0,49,UTAH
3474,491255,218.0,614.2305232607287,0.3549156086264103,28.0,0.0,0.0,28.0,52.98023429126889,0.0,0.0,0.0,0.0,28.0,0.0,0.0,0.0,0.0,0.0,10.717826967218326,14.262407324050564,70232.0,0,0,0,49,UTAH
3467,491248,694.0,2023.929242137153,0.34289736298645296,0.0,0.0,0.0,0.0,76.60000066215198,0.0,0.0,0.0,0.0,0.0,0.0,0.0,0.0,0.0,0.0,31.81173282705491,44.78826783509708,76443.0,0,0,0,49,UTAH
3472,491253,291.25,807.3072889183746,0.3607672121853563,221.5,1.5,32.5,187.5,265.12228104961474,1.25,0.25,8.75,23.75,177.25,8.0,0.75,1.5,0.0,0.0,24.85611677580737,18.766164273807377,55079.0,0,0,0,49,UTAH
3471,491252,4.5,13.5754173008208,0.3314815228352443,47.5,4.75,2.5,40.25,50.25092684875504,4.5,0.25,2.5,0.0,32.75,1.5,0.75,5.25,1.0127620568823814,0.0,1.738164791872653,0.0,74530.0,0,0,0,49,UTAH
3473,491254,192.75,544.608426289954,0.35392401346610514,152.0,51.25,25.5,75.25,176.8182150115802,33.0,18.25,1.5,24.0,30.5,3.25,40.25,1.25,0.0,0.0,12.307521939584204,12.510693071995988,55079.0,0,0,0,49,UTAH
3459,491240,43.5,154.41072594398798,0.2817161808809803,0.0,0.0,0.0,0.0,8.608052046643333,0.0,0.0,0.0,0.0,0.0,0.0,0.0,0.0,4.051048227529526,0.0,1.5544326948583655,3.0025711242554416,74530.0,0,0,0,49,UTAH
3461,491242,104.0,372.9889930651927,0.2788286033465401,74.0,0.25,32.0,41.75,97.4916198324454,0.0,0.25,32.0,0.0,14.0,27.5,0.25,0.0,10.127620568823811,0.0,6.35799997369223,7.005999289929363,74530.0,0,0,0,49,UTAH
3479,491260,364.7500041539828,949.6514583901173,0.38408828937336636,0.0,0.0,0.0,0.0,36.98605240291561,0.0,0.0,0.0,0.0,0.0,0.0,0.0,0.0,0.0,0.0,13.216599969871554,23.769452433044062,73175.0,0,0,0,49,UTAH
3464,491245,21.25,74.93021596594926,0.2835972074290657,91.0,0.25,6.25,84.5,97.02363632989037,0.25,0.0,1.0,5.25,71.25,12.0,1.25,0.0,1.0127620568823814,0.0,4.010017231589494,1.0008570414184803,74530.0,0,0,0,49,UTAH
3505,491286,0.0,0.0,0.0,0.0,0.0,0.0,0.0,104.31449181355023,0.0,0.0,0.0,0.0,0.0,0.0,0.0,0.0,104.31449181355023,0.0,0.0,0.0,74530.0,0,0,0,49,UTAH
3508,491289,105.0,373.9880030615021,0.2807576690708253,118.0,12.0,10.0,96.0,144.11129694153777,11.0,1.0,10.0,0.0,46.25,48.75,1.0,0.0,11.140382625706197,0.0,7.964915025902192,7.005999289929363,67985.0,318,0,0,49,UTAH
3510,491291,26.0,75.1624282146317,0.3459175098196021,210.0,1.25,3.0,205.75,240.45023526121295,0.0,1.25,3.0,0.0,174.5,29.25,2.0,0.0,20.255241137647623,0.0,8.443459395052823,1.751534728512529,67754.0,0,0,0,49,UTAH
3512,491293,111.75,355.30063646088604,0.31452237494739815,0.0,0.0,0.0,0.0,32.15703673133483,0.0,0.0,0.0,0.0,0.0,0.0,0.0,0.0,12.406283328876786,0.0,12.744724195913966,7.006029206544075,67754.0,0,0,0,49,UTAH
3511,491292,308.5,838.1309646739583,0.3680809002445217,17.0,0.0,1.0,16.0,51.0247084602757,0.0,0.0,0.0,1.0,15.0,1.0,0.0,0.0,2.0255241137647624,0.0,12.23201343230901,19.76717091420193,67754.0,0,0,0,49,UTAH
3556,491342,0.0,0.0,0.0,0.0,0.0,0.0,0.0,2.02552411253024,0.0,0.0,0.0,0.0,0.0,0.0,0.0,0.0,2.02552411253024,0.0,0.0,0.0,91516.0,0,0,0,49,UTAH
2728,490510,0.0,0.0,0.0,2579.25,417.25,1204.5,957.5,2992.1583466859124,397.0,20.25,1005.0,199.5,181.75,245.75,51.5,478.5,0.0,320.78260869814994,92.1257379877625,0.0,83312.0,0,0,0,49,UTAH
3552,491341,0.0,0.0,0.0,39.999999958444754,0.2499999997402797,6.749999992987552,32.99999996571692,124.21137260421602,0.0,0.2499999997402797,6.499999993247272,0.2499999997402797,31.749999967015523,0.749999999220839,0.4999999994805594,0.0,0.0,82.78260860822361,1.4287640375476458,0.0,66402.0,0,0,0,49,UTAH
3515,491296,2289.499999858129,7152.926794112799,0.3200787685598148,0.0,0.0,0.0,0.0,230.32964067510534,0.0,0.0,0.0,0.0,0.0,0.0,0.0,0.0,0.0,0.0,82.70197050167255,147.6276701734328,109972.0,0,0,0,49,UTAH
2720,490502,2966.75,9299.16715894332,0.3190339467278827,0.0,0.0,0.0,0.0,299.1579978426504,0.0,0.0,0.0,0.0,0.0,0.0,0.0,0.0,1.772178033458835,0.0,106.23167937843508,191.15414043075648,128261.0,0,0,0,49,UTAH
3509,491290,48.0,133.453254505112,0.3596765037915305,0.0,0.0,0.0,0.0,406.024001142805,0.0,0.0,0.0,0.0,0.0,0.0,0.0,0.0,401.3069131717112,0.0,1.7145168468383545,3.0025711242554416,67754.0,0,0,0,49,UTAH
2909,490691,410.0,880.2848848838302,0.4657583096568869,1068.5,157.5,59.75,851.25,1147.3384610949847,137.0,20.5,57.5,2.25,86.25,161.25,111.25,492.5,0.0,0.0,52.81617801810413,26.02228307688049,54433.0,0,0,0,49,UTAH
2958,490739,143.0,424.4232424944324,0.336927825063388,58.75,0.0,0.0,58.75,77.96461466820477,0.0,0.0,0.0,0.0,0.0,58.75,0.0,0.0,0.0,0.0,10.206901295438453,9.007713372766323,58209.0,0,0,0,49,UTAH
3015,490796,136.25,403.0692639845329,0.3380312322827681,140.0,9.5,10.5,120.0,158.87554724577433,8.0,1.5,10.25,0.25,5.0,8.0,64.5,42.5,0.0,0.0,9.86783387300801,9.007713372766323,60368.0,0,0,0,49,UTAH
2318,490102,559.25,1797.029330391702,0.3112080535035559,0.0,0.0,0.0,0.0,56.00612117262728,0.0,0.0,0.0,0.0,0.0,0.0,0.0,0.0,0.0,0.0,19.97526768156198,36.030853491065294,70511.0,0,0,0,49,UTAH
2457,490239,627.5,2067.1214094873867,0.30356223737995636,0.0,0.0,0.0,0.0,62.96746833817919,0.0,0.0,0.0,0.0,0.0,0.0,0.0,0.0,0.0,0.0,22.683077143151543,40.284391195027645,96951.0,0,0,0,49,UTAH
2713,490495,277.25,804.3768149551531,0.34467676696456956,762.25,52.75,198.25,511.25,817.3941531315685,31.0,21.75,67.5,130.75,117.0,113.0,124.25,157.0,0.0,0.0,37.12872638603584,18.015426745532647,100384.0,648,1442,0,49,UTAH
2712,490494,82.5,241.57488335981,0.34150901307534376,0.0,0.0,0.0,0.0,8.70391159632341,0.0,0.0,0.0,0.0,0.0,0.0,0.0,0.0,0.0,0.0,3.44940714343654,5.25450445288687,100384.0,0,0,0,49,UTAH
2765,490547,956.25,2220.7112696284053,0.430605280874722,612.25,193.75,7.25,411.25,740.6085636043106,145.75,48.0,2.25,5.0,256.5,45.0,25.5,84.25,0.0,0.0,66.80582563648362,61.55273796782689,58545.0,0,0,0,49,UTAH
2764,490546,428.0,830.1777437005037,0.5155522455856224,502.5,69.75,11.0,421.75,563.508931571085,63.25,6.5,8.0,3.0,346.75,21.0,15.75,38.25,0.0,0.0,33.23520352348736,27.77372804759763,58545.0,0,0,0,49,UTAH
2848,490630,467.5,1332.6794874790382,0.35079702538556057,549.0,51.25,81.75,416.0,615.3336415006555,8.5,42.75,69.75,12.0,92.25,5.5,172.75,145.5,0.0,0.0,36.30793025810115,30.02571124255441,71786.0,0,0,0,49,UTAH
3308,491089,320.75,891.5188279958759,0.3597792777086294,8.0,0.75,3.25,4.0,40.52384781810928,0.75,0.0,1.25,2.0,3.0,0.0,0.0,1.0,0.0,0.0,11.75603927750094,20.767808540608332,97392.0,0,0,0,49,UTAH
2321,490105,14.0,39.26085224130951,0.35658930463229915,50.0,1.0,7.0,42.0,53.28687950386961,0.0,1.0,6.0,1.0,37.0,5.0,0.0,0.0,0.0,0.0,2.2860224624511387,1.0008570414184803,81720.0,0,0,0,49,UTAH
2382,490164,340.71424153066806,1042.560824172503,0.32680514520685,69.42614155302975,2.9656216075871336,1.9818967397077096,64.4786232057349,109.78872284355077,0.8164000236373145,2.149221583949819,0.47053278761281636,1.511363952094893,47.17411868715834,8.84341573201613,3.3527045078406514,5.108384278719788,2.9708809420985007,0.0,15.016959875481891,22.374740472940623,79647.0,0,0,0,49,UTAH
2441,490223,1755.25,4892.645782859076,0.35875272355692567,0.0,0.0,0.0,0.0,310.77137205916944,0.0,0.0,0.0,0.0,0.0,0.0,0.0,0.0,0.0,0.0,197.42613216585292,113.34523989331647,91516.0,0,0,0,49,UTAH
2446,490228,515.75,1569.2055733085265,0.3286694928775892,29.0,0.0,1.0,28.0,81.48678624391749,0.0,0.0,1.0,0.0,20.0,3.0,0.0,5.0,0.0,0.0,19.45850387710764,33.028282366809854,106764.0,0,0,0,49,UTAH
2607,490389,107.5,363.2674147085844,0.29592524858371133,64.75,11.5,28.25,25.0,77.91167305384782,11.25,0.25,28.0,0.25,3.0,3.75,2.5,15.75,0.0,0.0,6.155673763918455,7.005999289929363,77253.0,0,0,0,49,UTAH
2613,490395,216.25,729.3588087391149,0.29649329988054024,48.0,0.0,0.0,48.0,71.4512892894889,0.0,0.0,0.0,0.0,0.0,48.0,0.0,0.0,0.0,0.0,9.439290709630178,14.011998579858728,77253.0,903,0,0,49,UTAH
2553,490335,10.75,23.18237309498921,0.4637143900649056,4555.75,109.0,53.75,4393.0,4719.35366289231,38.0,71.0,52.75,1.0,2948.0,9.5,34.5,1401.0,0.0,0.0,163.1032144258658,0.5004484664442577,75570.0,0,0,0,49,UTAH
2648,490430,301.25,751.8001061408108,0.40070491815490167,203.0,67.75,4.5,130.75,240.2780726824413,65.75,2.0,4.5,0.0,11.5,61.75,30.25,27.25,0.0,0.0,18.26178889549019,19.016283786951128,109972.0,0,0,0,49,UTAH
2722,490504,330.00000032388266,835.0204394700972,0.39519990736190863,0.0,0.0,0.0,0.0,32.80530122399895,0.0,0.0,0.0,0.0,0.0,0.0,0.0,0.0,0.0,0.0,11.787303333582484,21.01799789041647,113023.0,0,0,0,49,UTAH
2725,490507,261.0,850.8758158291253,0.30674276450749965,0.0,0.0,0.0,0.0,26.33725505879772,0.0,0.0,0.0,0.0,0.0,0.0,0.0,0.0,0.0,0.0,9.32268535468355,17.01456970411417,145664.0,0,0,0,49,UTAH
2715,490497,237.0,592.2302695090674,0.40018217946958784,0.0,0.0,0.0,0.0,23.47828255254158,0.0,0.0,0.0,0.0,0.0,0.0,0.0,0.0,0.0,0.0,8.465426931264373,15.012855621277208,141611.0,0,0,0,49,UTAH
2700,490482,215.0,655.4851846947289,0.32800131112060044,69.0,3.25,0.5,65.25,92.9110057760041,3.25,0.0,0.0,0.5,12.0,36.25,1.5,15.5,0.0,0.0,10.149226441939849,13.76177933406426,140311.0,774,0,0,49,UTAH
2701,490483,268.5,717.4721200910391,0.3742305693577757,91.75,5.25,8.0,78.5,122.13298194700424,5.25,0.0,0.0,8.0,12.75,27.5,4.0,34.25,0.0,0.0,12.868013642771173,17.51496830423307,132959.0,0,0,0,49,UTAH
2687,490469,279.25,920.4510464266552,0.30338386933677264,35.0,0.0,0.0,35.0,64.24248034103752,0.0,0.0,0.0,0.0,0.0,34.75,0.25,0.0,0.0,0.0,11.22705359550488,18.015426745532647,127440.0,905,0,0,49,UTAH
2688,490470,343.5,1100.4133448691052,0.3121554292317852,0.0,0.0,0.0,0.0,34.183430895197404,0.0,0.0,0.0,0.0,0.0,0.0,0.0,0.0,0.0,0.0,12.164546059424868,22.01888483577254,119970.0,0,0,0,49,UTAH
2681,490463,473.75,1615.0277249943197,0.29333861745417794,0.0,0.0,0.0,0.0,47.44992018320664,0.0,0.0,0.0,0.0,0.0,0.0,0.0,0.0,0.0,0.0,16.923800365678005,30.526119817528635,105558.0,0,0,0,49,UTAH
2660,490442,618.75,1731.025763745503,0.3574470195412812,900.5,284.25,31.25,585.0,999.3094514920788,38.75,245.5,7.25,24.0,307.5,33.5,187.25,56.75,0.0,0.0,59.02539905598951,39.78405243608943,67267.0,0,0,0,49,UTAH
2763,490545,2070.75,4368.175953799542,0.47405370614679865,2482.75,401.0,231.75,1850.0,2800.399525199187,93.5,307.5,89.25,142.5,1049.5,171.5,253.75,375.25,0.0,0.0,184.0352896814348,133.61423551775198,67267.0,469,140,64,49,UTAH
2570,490352,315.0,930.6188397888624,0.33848444339625317,1532.5,124.25,199.5,1208.75,1666.3115326359543,111.5,12.75,9.25,190.25,367.0,239.25,83.25,519.25,0.7595543036746282,0.0,112.53465829494957,20.517320037330204,83312.0,0,0,0,49,UTAH
2760,490542,497.25,1538.4655226742611,0.3232116629663872,0.0,0.0,0.0,0.0,49.78713007940853,0.0,0.0,0.0,0.0,0.0,0.0,0.0,0.0,0.0,0.0,17.759585071655792,32.02754500775274,105591.0,0,0,0,49,UTAH
2782,490564,325.0,944.0633336352524,0.3442565645977802,36.0,0.0,0.25,35.75,69.89787725730976,0.0,0.0,0.25,0.0,0.0,35.75,0.0,0.0,0.0,0.0,12.87991927899171,21.01795797831805,85941.0,643,0,0,49,UTAH
2751,490533,92.0,257.18675258348946,0.35771671392808,1786.25,253.5,39.75,1493.0,1859.3655908813723,148.25,105.25,6.75,33.0,54.0,3.25,36.0,1399.75,0.0,0.0,67.1104885243314,6.005102357040848,60581.0,0,0,0,49,UTAH
2762,490544,177.75,286.4895436842869,0.6204414922587245,639.5,74.75,113.5,451.25,679.7006676806224,48.75,26.0,3.75,109.75,29.5,44.25,102.5,275.0,0.0,0.0,29.19124022501913,11.009427455603284,29406.0,0,0,0,49,UTAH
2806,490588,60.5,145.7232185931851,0.4151706267818418,802.25,221.0,10.0,571.25,836.800776464491,22.0,199.0,10.0,0.0,111.5,22.75,68.75,368.25,0.0,0.0,30.79773709329832,3.753039371192732,76529.0,0,0,0,49,UTAH
2857,490639,379.25,893.5446521171676,0.4244331820479299,235.75,24.25,10.5,201.0,281.7405200396678,20.25,4.0,10.25,0.25,12.0,43.75,41.0,104.25,0.0,0.0,21.96995104562425,24.020568994043533,54061.0,0,0,0,49,UTAH
2892,490674,585.25,1503.919326221796,0.3891498631580775,236.5,0.0,6.5,230.0,303.6400286537437,0.0,0.0,6.5,0.0,29.75,159.25,10.0,31.0,0.0,0.0,29.3576404341659,37.78238821957783,96732.0,0,0,2270,49,UTAH
2895,490677,333.75,781.9259466548458,0.4268307010757406,0.0,0.0,0.0,0.0,35.187641042110926,0.0,0.0,0.0,0.0,0.0,0.0,0.0,0.0,0.0,0.0,13.669234597348616,21.518406444762316,73742.0,0,0,0,49,UTAH
2993,490774,110.0,237.0936628390885,0.46395166653886977,68.0,0.0,0.0,68.0,81.3639992636216,0.0,0.0,0.0,0.0,0.0,68.0,0.0,0.0,0.0,0.0,6.35799997369223,7.005999289929363,22568.0,496,0,0,49,UTAH
2919,490701,345.24999881547575,904.9366236697894,0.3815184287882874,0.0,0.0,0.0,0.0,34.35018581306501,0.0,0.0,0.0,0.0,0.0,0.0,0.0,0.0,0.0,0.0,12.331330977403317,22.018854835661696,64980.0,0,0,0,49,UTAH
2983,490764,60.75,144.5159138619283,0.42036892945949916,5974.75,257.5,80.75,5636.5,6194.149288260388,97.75,159.75,19.0,61.75,151.0,229.75,4730.75,525.0,0.0,0.0,215.64592974948425,3.7533585109042713,22498.0,0,0,0,49,UTAH
2967,490748,357.0,641.3905300797287,0.5566031664914397,260.75,1.25,2.0,257.5,306.0909540662745,1.25,0.0,2.0,0.0,14.25,185.0,31.5,26.75,0.0,0.0,22.07101289299972,23.26994117327484,22498.0,0,0,1915,49,UTAH
2985,490766,110.5,190.62601623840905,0.5796690408816059,1849.5,162.0,74.0,1613.5,1926.5233435095645,130.25,31.75,69.5,4.5,81.25,455.5,124.5,952.25,0.0,0.0,70.01734421963481,7.005999289929363,23990.0,0,0,0,49,UTAH
2989,490770,347.25,713.1694874868303,0.48691090419991145,650.75,143.25,26.75,480.75,712.4133781552953,83.5,59.75,25.25,1.5,57.0,39.75,48.5,335.5,0.0,0.0,39.14407477764453,22.51930337765083,37024.0,0,0,0,49,UTAH
2946,490727,454.72688355142225,1408.2015908335923,0.3229132011434842,126.1132812011591,86.83652610975692,24.054326305510152,15.222428785892024,176.10234683715677,45.58652610971024,41.250000000046676,24.054326305510152,0.0,1.7384417754558181,6.2802199086126524,0.5975893603129375,6.606177741510617,0.0,0.0,20.7467199733213,29.242345662676396,55528.0,0,0,0,49,UTAH
2951,490732,265.5,722.7634975937298,0.3673400785788429,203.75,21.25,9.5,173.0,237.7792171176382,20.0,1.25,8.75,0.75,13.0,42.75,21.25,96.0,0.0,0.0,16.764428167729573,17.264788949908635,62082.0,0,0,0,49,UTAH
2956,490737,46.049861292432595,133.01656183705924,0.3461964484455861,0.0,0.0,0.0,0.0,5.673616045003989,0.0,0.0,0.0,0.0,0.0,0.0,0.0,0.0,0.9012087389695148,0.0,1.6551570724031128,3.117250233631361,58209.0,0,0,0,49,UTAH
2959,490740,32.25,94.3974296963562,0.34164065805326554,0.0,0.0,0.0,0.0,3.407891507803784,0.0,0.0,0.0,0.0,0.0,0.0,0.0,0.0,0.0,0.0,1.1560379621124262,2.251853545691358,58209.0,0,0,0,49,UTAH
2996,490777,270.25,617.1986330419469,0.43786551935158435,2546.0,337.5,64.0,2144.5,2675.370574524945,207.25,130.25,61.5,2.5,242.0,727.5,226.25,948.75,0.0,0.0,112.35609457862626,17.014479946318776,48358.0,0,0,0,49,UTAH
3017,490798,484.5,1231.7309821017154,0.3933488781562453,72.75,0.25,66.0,6.5,171.74446073862623,0.0,0.25,66.0,0.0,0.5,1.0,0.25,4.75,0.0,0.0,67.9678924626046,31.02656827602164,56681.0,0,0,0,49,UTAH
3024,490805,1.0,3.3682048976227668,0.2968940519936262,4549.25,932.75,184.25,3432.25,4711.824473460941,690.25,242.5,181.5,2.75,298.0,247.5,454.25,2432.5,0.0,0.0,162.57447346094062,0.0,56681.0,0,0,0,49,UTAH
3038,490819,22.0,52.78666366909597,0.41677193576603955,719.75,81.25,332.25,306.25,753.2539556034797,57.75,23.5,330.75,1.5,27.25,61.0,89.75,128.25,0.0,0.0,32.503098562061126,1.0008570414184803,129892.0,0,0,0,49,UTAH
3083,490864,43.75,124.0511957964177,0.3526769711418082,110.25,9.0,63.5,37.75,118.48420061316683,9.0,0.0,23.25,40.25,5.75,7.0,2.0,23.0,0.0,0.0,5.481848734705868,2.752351878460974,69079.0,0,0,0,49,UTAH
3077,490858,349.25,995.7709634331696,0.3507332637978047,328.0,6.75,8.25,313.0,374.4598230296035,1.0,5.75,6.25,2.0,273.25,23.5,9.75,6.5,0.0,0.0,24.19074887260243,22.26907415700104,102613.0,0,0,0,49,UTAH
3088,490869,362.25,1135.0754840228883,0.31914177083283335,0.0,0.0,0.0,0.0,36.20927259093925,0.0,0.0,0.0,0.0,0.0,0.0,0.0,0.0,0.0,0.0,13.189560638314198,23.01971195262505,114395.0,0,0,0,49,UTAH
3087,490868,206.25,597.0182939637477,0.3454668007418278,0.0,0.0,0.0,0.0,20.6363833648966,0.0,0.0,0.0,0.0,0.0,0.0,0.0,0.0,0.0,0.0,7.375012605806564,13.261370759090038,71157.0,0,0,0,49,UTAH
3101,490882,221.5,645.2124869611282,0.3432977576786182,41.0,3.0,5.75,32.25,64.39054656632777,3.0,0.0,1.25,4.5,11.5,2.0,1.0,17.75,0.0,0.0,9.378547986469036,14.011998579858728,90129.0,0,0,0,49,UTAH
3220,491001,356.75,1235.945719803295,0.28864536223870574,0.0,0.0,0.0,0.0,35.499585444208265,0.0,0.0,0.0,0.0,0.0,0.0,0.0,0.0,0.0,0.0,12.730062820762967,22.769522623445297,78865.0,0,0,0,49,UTAH
3226,491007,239.5,742.349079370875,0.32262449924902065,67.75,0.0,0.25,67.5,94.23764046001594,0.0,0.0,0.25,0.0,0.0,67.5,0.0,0.0,0.0,0.0,11.224565592944256,15.263074867071674,78783.0,432,0,0,49,UTAH
3251,491032,18.0,54.31247509688242,0.331415571982158,0.0,0.0,0.0,0.0,1.6438008589828632,0.0,0.0,0.0,0.0,0.0,0.0,0.0,0.0,0.0,0.0,0.6429438175643828,1.0008570414184803,69330.0,0,0,0,49,UTAH
3269,491050,1.5185564526905444,2.717307395550012,0.5588460308824105,0.0,0.0,0.0,0.0,3.1301141843088818,0.0,0.0,0.0,0.0,0.0,0.0,0.0,0.0,3.0758727130377768,0.0,0.054241471271104694,0.0,69330.0,0,0,0,49,UTAH
3153,490934,0.0,0.0,0.0,3028.0489056107353,343.75012739216004,297.28390377665005,2387.0148744419253,3136.2186421834895,294.78571971130003,48.964407680860006,254.81477466570004,42.46912911095001,84.68843981536502,1419.2183675253352,125.90847689364001,757.1995902075851,0.0,0.0,108.16973657275373,0.0,51304.0,0,0,0,49,UTAH
3162,490943,3.5,6.853973263490481,0.5106527068968426,0.0,0.0,0.0,0.0,0.1244809696167176,0.0,0.0,0.0,0.0,0.0,0.0,0.0,0.0,0.0,0.0,0.1244809696167176,0.0,51304.0,0,0,0,49,UTAH
3164,490945,1.0,2.7764818075983926,0.3601680361323823,1252.0,279.5,496.75,475.75,1296.7895192035762,273.25,6.25,442.0,54.75,65.0,50.75,39.25,320.75,0.0,0.0,44.789519203576106,0.0,51304.0,0,0,0,49,UTAH
3355,491136,21.0,50.20786040401413,0.4182612011548902,0.0,0.0,0.0,0.0,1.7509581619102603,0.0,0.0,0.0,0.0,0.0,0.0,0.0,0.0,0.0,0.0,0.7501011204917799,1.0008570414184803,51304.0,0,0,0,49,UTAH
3360,491141,10.0,24.80106088281669,0.4032085581842371,0.0,0.0,0.0,0.0,2.370810108058852,0.0,0.0,0.0,0.0,0.0,0.0,0.0,0.0,1.0127620568823814,0.0,0.3571910097579904,1.0008570414184803,51304.0,0,0,0,49,UTAH
3362,491143,7.5,15.985716787237443,0.469168827386445,0.0,0.0,0.0,0.0,0.7676899213516434,0.0,0.0,0.0,0.0,0.0,0.0,0.0,0.0,0.0,0.0,0.2672414549073857,0.5004484664442577,51304.0,0,0,0,49,UTAH
3410,491191,380.0,901.0063398858026,0.42175063945517055,163.0,20.75,62.25,80.0,206.41597395831977,19.5,1.25,4.5,57.75,21.75,10.75,2.0,45.5,0.0,0.0,19.39540496427624,24.020568994043533,56564.0,0,0,0,49,UTAH
3406,491187,444.25,1238.1899260773307,0.3587898678899884,106.25,11.5,5.0,89.75,166.5738777536126,10.5,1.0,2.0,3.0,17.0,10.25,1.5,61.0,0.0,0.0,31.550040667428128,28.773837086184464,75589.0,0,0,0,49,UTAH
3411,491192,34.0,81.75902482493355,0.41585623205269967,363.5,37.0,217.5,109.0,379.6986617237973,36.75,0.25,30.5,187.0,45.75,5.0,1.0,57.25,0.0,0.0,14.19694764096032,2.001714082836961,56564.0,0,0,0,49,UTAH
3247,491028,185.5000008572093,545.3080034615809,0.34017472635587037,0.0,0.0,0.0,0.0,19.560732989367718,0.0,0.0,0.0,0.0,0.0,0.0,0.0,0.0,1.0127620615624302,0.0,6.53779607483839,12.010174852966896,105921.0,0,0,0,49,UTAH
3299,491080,135.0,397.5784963816735,0.33955558771066086,64.0,0.25,0.0,63.75,94.83210064169084,0.25,0.0,0.0,0.0,0.0,63.75,0.0,0.0,0.0,0.0,22.07479600516509,8.757304636525747,104591.0,0,0,0,49,UTAH
3307,491088,268.75,759.6353285658755,0.35378817953000724,47.75,0.0,0.0,47.75,90.1535451636471,0.0,0.0,0.0,0.0,0.0,47.75,0.0,0.0,0.0,0.0,25.13865647313648,17.264888690510613,97392.0,761,0,0,49,UTAH
3313,491094,111.75,342.66108977058457,0.3261239847069239,87.5,13.0,4.5,70.0,104.16891851409828,12.5,0.5,1.75,2.75,6.25,19.5,2.5,41.75,0.0,0.0,9.663058848289666,7.005859665808611,120577.0,0,0,0,49,UTAH
3306,491087,400.5,1161.670366889086,0.34476217300138723,88.0,2.5,0.5,85.0,136.0297467587084,2.5,0.0,0.5,0.0,3.0,69.0,0.25,12.75,1.0127620568823814,0.0,20.994811340402816,26.022173361423192,89915.0,409,126,0,49,UTAH
3305,491086,9.75,24.551680408947828,0.3971214938284479,0.0,0.0,0.0,0.0,2.361149401563683,0.0,0.0,0.0,0.0,0.0,0.0,0.0,0.0,1.0127620568823814,0.0,0.3475303032628212,1.0008570414184803,89915.0,0,0,0,49,UTAH
3437,491218,319.0,857.986360380839,0.3718007823089446,0.0,0.0,0.0,0.0,31.914016754774394,0.0,0.0,0.0,0.0,0.0,0.0,0.0,0.0,0.0,0.0,11.396447409671175,20.51756934510322,62024.0,0,0,0,49,UTAH
3448,491229,270.75,715.2067752315842,0.3785618500500517,104.75,12.5,15.0,77.25,135.4762345867883,10.25,2.25,3.5,11.5,48.75,2.75,3.75,22.0,0.0,0.0,13.211435823290708,17.514798763497602,79681.0,0,0,0,49,UTAH
3441,491222,349.25,988.6936827398822,0.35324388746184093,0.0,0.0,0.0,0.0,59.65401772082035,0.0,0.0,0.0,0.0,0.0,0.0,0.0,0.0,0.0,0.0,37.13487390904966,22.51914381177069,79681.0,0,0,0,49,UTAH
3454,491235,15.0,37.29936339590094,0.40215163569382645,39.0,0.0,4.25,34.75,77.9313086142943,0.0,0.0,4.25,0.0,30.5,4.0,0.25,0.0,0.0,0.0,37.93045157287581,1.0008570414184803,56564.0,0,0,0,49,UTAH
3476,491257,328.5,876.4951886600159,0.37478813831506613,323.5,19.75,83.75,220.0,389.38180389573967,16.25,3.5,48.75,35.0,142.5,46.75,8.25,22.5,0.0,0.0,44.61315794089083,21.26864595484888,47060.0,0,0,0,49,UTAH
3475,491256,259.0,751.5762148832159,0.3446090960186185,130.75,53.0,1.0,76.75,162.42589703408285,12.0,41.0,1.0,0.0,48.5,3.25,13.0,12.0,0.0,0.0,15.161775796412936,16.51412123766991,54114.0,0,0,0,49,UTAH
2776,490558,577.7500006590241,1874.5340985876899,0.3082099179173705,0.0,0.0,0.0,0.0,60.90730922754907,0.0,0.0,0.0,0.0,0.0,0.0,0.0,0.0,0.0,0.0,23.625369431889,37.28193979566009,97527.0,0,0,0,49,UTAH
3014,490795,223.75000020738122,526.2861070954706,0.4251489773162338,0.0,0.0,0.0,0.0,22.254637764209935,0.0,0.0,0.0,0.0,0.0,0.0,0.0,0.0,0.0,0.0,7.9924598168079655,14.262177947401968,57005.0,0,0,0,49,UTAH
2352,490136,64.25,164.25663526323723,0.3911561922416901,0.0,0.0,0.0,0.0,6.501295505807361,0.0,0.0,0.0,0.0,0.0,0.0,0.0,0.0,0.0,0.0,2.247707935519655,4.253587570287706,74211.0,0,0,0,49,UTAH
2509,490291,15.0,46.74761675897234,0.3208719725187066,1948.5,1017.5,29.5,901.5,2019.6429004841957,583.0,434.5,29.25,0.25,54.25,68.75,39.5,739.0,0.0,0.0,70.14208333424679,1.0008171499484455,70166.0,0,0,0,49,UTAH
2508,490290,22.5,75.23547138984856,0.29906106234666197,1342.25,509.0,31.0,802.25,1392.5385026041288,432.25,76.75,30.5,0.5,84.75,87.25,61.25,569.0,0.0,0.0,48.78718712936188,1.5013154747668025,70166.0,0,0,0,49,UTAH
2504,490286,642.0817612127807,1935.0622057684295,0.3318145325244491,360.749999999942,87.49999999998595,1.9999999999996787,271.2499999999564,438.1550806097648,66.74999999998927,20.749999999996668,0.24999999999995984,1.749999999999719,0.0,39.499999999993655,63.99999999998972,167.74999999997306,0.059170922407032624,0.0,36.00915953189797,41.3367501555178,102760.0,0,0,0,49,UTAH
2630,490412,0.0,0.0,0.0,4322.25,501.25,147.75,3673.25,4476.942524099014,404.25,97.0,89.5,58.25,1107.75,340.5,755.5,1469.5,0.0,0.0,154.69252409901367,0.0,51324.0,0,0,0,49,UTAH
2646,490428,0.0,0.0,0.0,1678.25,266.25,18.5,1393.5,1738.2009170998317,246.75,19.5,18.25,0.25,532.75,52.5,77.0,731.25,0.0,0.0,59.950917099831415,0.0,100955.0,0,0,0,49,UTAH
2639,490421,0.0,0.0,0.0,1519.5,790.0,32.0,697.5,1574.2555076413112,373.25,416.75,18.0,14.0,58.5,107.25,193.5,338.25,0.0,0.0,54.7555076413111,0.0,109972.0,488,57,0,49,UTAH
2640,490422,37.5,114.08501902223936,0.3287022285782314,2947.25,279.5,70.25,2597.5,3056.2073828447533,234.0,45.5,54.5,15.75,1475.75,187.75,344.5,589.5,0.0,0.0,106.70556919053185,2.251813654221323,109972.0,0,0,0,49,UTAH
2717,490499,152.75,375.3694302705676,0.4069324448980762,763.5,23.0,69.5,671.0,806.2407822509275,20.0,3.0,16.25,53.25,396.25,136.25,86.5,52.0,0.0,0.0,32.73221183674275,10.008570414184804,104445.0,559,99,0,49,UTAH
2724,490506,223.0,722.2955820084067,0.3087378706926724,0.0,0.0,0.0,0.0,21.977358097461916,0.0,0.0,0.0,0.0,0.0,0.0,0.0,0.0,0.0,0.0,7.965359517603186,14.011998579858728,125256.0,0,0,0,49,UTAH
2718,490500,263.5,649.9132500790195,0.40543872581142554,79.0,0.25,1.75,77.0,108.24856909903544,0.25,0.0,0.25,1.5,24.75,47.75,0.25,4.25,0.0,0.0,12.233999394921288,17.01456970411417,93816.0,639,0,0,49,UTAH
2676,490458,278.5,802.8474907822533,0.34689029136610233,0.0,0.0,0.0,0.0,28.19957675243844,0.0,0.0,0.0,0.0,0.0,0.0,0.0,0.0,0.0,0.0,10.184150006905789,18.015426745532647,82291.0,0,0,0,49,UTAH
2693,490475,625.75,1756.9659920561016,0.3561537348071898,739.5,161.0,73.25,505.25,828.5541432155128,54.25,106.75,9.25,64.0,172.75,123.75,116.5,92.25,0.0,0.0,48.76964231297916,40.284500902533686,112636.0,1397,0,0,49,UTAH
2696,490478,230.25,855.6540439200303,0.26909239970999216,1022.75,347.5,58.0,617.25,1089.5177683233262,292.0,55.5,21.75,36.25,340.25,67.0,72.5,137.5,0.0,0.0,51.754912702049154,15.012855621277208,109118.0,0,0,0,49,UTAH
2789,490571,383.0,1075.2709136752503,0.35618930553130573,277.75,0.75,2.75,274.25,345.6149595111532,0.0,0.75,2.75,0.0,131.5,114.0,6.25,22.5,0.0,0.0,43.34404178331605,24.520917727837077,173787.0,626,27,0,49,UTAH
2780,490562,140.5,404.3618367296064,0.34746107876137494,3167.25,53.25,19.25,3094.75,3294.409263119664,36.0,17.25,10.75,8.5,1329.0,181.75,1569.5,14.5,0.0,0.0,118.15154974689732,9.007713372766323,79428.0,0,0,0,49,UTAH
2771,490553,599.75,1795.4929365686326,0.3340308323051287,809.75,20.25,4.75,784.75,899.1292112066888,17.25,3.0,0.25,4.5,86.75,8.0,470.0,220.0,0.0,0.0,50.34578659136798,39.03342461532074,51088.0,0,0,0,49,UTAH
2777,490559,410.75,1152.0122898987656,0.35655001565659955,148.0,0.0,0.25,147.75,194.9841417571456,0.0,0.0,0.25,0.0,0.0,147.75,0.0,0.0,0.0,0.0,20.711639434470637,26.272502322674963,79314.0,730,1420,0,49,UTAH
2778,490560,547.0,1596.707302304953,0.3425800077511822,0.0,0.0,0.0,0.0,54.56964828823111,0.0,0.0,0.0,0.0,0.0,0.0,0.0,0.0,0.0,0.0,19.53965183858429,35.029996449646816,83251.0,0,0,0,49,UTAH
2767,490549,168.0,301.43695303012004,0.5573304742873153,706.25,138.0,64.5,503.75,748.5119486632499,18.25,119.75,6.5,58.0,313.75,48.0,51.5,90.5,0.0,0.0,31.2524912910319,11.009457372217996,52957.0,0,0,0,49,UTAH
2761,490543,0.0,0.0,0.0,841.75,39.25,669.75,132.75,871.8151950392314,38.5,0.75,153.75,516.0,45.25,7.25,7.25,73.0,0.0,0.0,30.06519503923146,0.0,52957.0,0,0,0,49,UTAH
2836,490618,129.0,291.2167432705804,0.4429690358845242,3441.75,290.25,159.0,2992.5,3577.639331698457,232.0,58.25,75.5,83.5,782.5,552.75,646.5,1010.75,0.0,0.0,127.63224614645976,8.257085551997635,105921.0,0,0,0,49,UTAH
2926,490708,0.0,0.0,0.0,232.5,48.0,91.0,93.5,240.80641454688157,45.5,2.5,90.5,0.5,10.0,17.5,10.75,55.25,0.0,0.0,8.306414546881543,0.0,48606.0,0,0,0,49,UTAH
2947,490728,241.0,745.4276431936493,0.32330435046315065,65.5,28.5,0.75,36.25,92.46289619008536,10.0,18.5,0.75,0.0,3.0,3.25,3.5,26.5,0.0,0.0,10.949183527389676,16.01371266269569,55528.0,0,0,0,49,UTAH
3009,490790,268.0,565.2059983613641,0.47416340374479604,269.0,67.0,24.25,177.75,314.9415664319158,46.5,20.5,24.0,0.25,9.25,20.75,24.75,123.0,0.0,0.0,28.676807398621914,17.264759033293924,34038.0,0,0,0,49,UTAH
3019,490800,183.75,452.360736391181,0.40620236288832406,903.5,99.25,248.75,555.5,954.3418355531044,66.5,32.75,145.5,103.25,32.5,66.5,156.75,299.75,0.0,0.0,38.83107232663728,12.010763226467224,56681.0,0,0,0,49,UTAH
3029,490810,513.75,1479.5788051837053,0.3472271961453331,346.75,38.25,24.75,283.75,410.50968962424673,37.0,1.25,17.25,7.5,177.75,12.25,12.5,81.25,0.0,0.0,30.73140725743688,33.028282366809854,78781.0,0,0,0,49,UTAH
3030,490811,535.2500032011695,1255.972852074952,0.42616367250048465,0.0,0.0,0.0,0.0,53.3980715345621,0.0,0.0,0.0,0.0,0.0,0.0,0.0,0.0,0.0,0.0,19.118752566995013,34.27931896756708,77600.0,0,0,0,49,UTAH
3031,490812,170.0,490.09747599404807,0.3468697724982051,281.0,44.5,54.5,182.0,308.1226898054571,33.75,10.75,52.25,2.25,49.5,27.0,19.75,85.75,0.0,0.0,16.113262349853883,11.009427455603284,78781.0,0,0,0,49,UTAH
3053,490834,466.75,1463.1729230369874,0.3189985220825475,0.0,0.0,0.0,0.0,47.19738204904103,0.0,0.0,0.0,0.0,0.0,0.0,0.0,0.0,0.0,0.0,17.171670806486617,30.02571124255441,77159.0,0,0,0,49,UTAH
3052,490833,404.25,1062.011174864722,0.3806457121804702,701.75,111.5,120.25,470.0,767.5279232118003,83.5,28.0,10.5,109.75,43.25,100.5,136.75,189.5,0.0,0.0,39.50546078059539,26.27246243120493,62782.0,0,0,0,49,UTAH
3098,490879,41.000264463728854,139.44573903274514,0.2940230712542678,62.750882542218974,6.250137203170202,12.250320637070791,44.250424701977984,69.46701408603741,6.000120916255177,0.25001628691502525,7.250227914551823,5.000092722518968,14.250041664834077,6.0000500249908795,1.7500600674585638,22.250272944694455,0.0,0.0,3.713683939707114,3.0024476041113166,61179.0,0,0,0,49,UTAH
3218,490999,451.0,1444.460410496757,0.31222731805082765,0.0,0.0,0.0,0.0,45.13298105501161,0.0,0.0,0.0,0.0,0.0,0.0,0.0,0.0,0.0,0.0,16.10812685387568,29.02485420113593,98650.0,0,0,0,49,UTAH
3217,490998,190.0,563.9792201512236,0.33689184496736246,0.0,0.0,0.0,0.0,18.796797763811057,0.0,0.0,0.0,0.0,0.0,0.0,0.0,0.0,0.0,0.0,6.7865132667892905,12.010284497021765,106471.0,0,0,0,49,UTAH
3159,490940,8.0,18.26222122303199,0.43806281296770966,0.0,0.0,0.0,0.0,1.286609849224873,0.0,0.0,0.0,0.0,0.0,0.0,0.0,0.0,0.0,0.0,0.2857528078063923,1.0008570414184803,51304.0,0,0,0,49,UTAH
3142,490923,5.0,10.326906854939716,0.484172082718876,0.0,0.0,0.0,0.0,1.1913575617613763,0.0,0.0,0.0,0.0,0.0,0.0,0.0,0.0,1.0127620568823814,0.0,0.1785955048789952,0.0,51304.0,0,0,0,49,UTAH
3325,491106,7.0,17.26222122303199,0.4055098072002636,0.0,0.0,0.0,0.0,1.2627957637129748,0.0,0.0,0.0,0.0,0.0,0.0,0.0,0.0,1.0127620568823814,0.0,0.2500337068305933,0.0,51304.0,0,0,0,49,UTAH
3428,491209,358.0,926.264675717411,0.3864985995743837,127.75,21.5,34.5,71.75,169.71279531859014,19.25,2.25,6.5,28.0,30.75,6.0,4.25,30.75,0.0,0.0,18.94306340830317,23.01973191028696,56564.0,0,0,0,49,UTAH
3278,491059,142.5,399.649408734188,0.3565625192624233,264.75,59.0,21.5,184.25,288.30390817303555,31.0,28.0,10.5,11.0,69.75,24.25,9.5,80.75,0.0,0.0,14.546194800269216,9.007713372766323,75108.0,0,0,0,49,UTAH
3263,491044,106.2085854473289,301.97186433456415,0.3517168252789838,162.13915705544608,41.650425665619174,7.735079052186419,112.75365233764049,178.72277045831754,22.01522499468442,19.635200670934754,3.4212849653901465,4.313794086796272,7.140072971249001,16.065164185310255,4.61129712726498,84.93711805381625,0.0,0.0,9.735149437850353,6.84846396502112,69330.0,0,0,0,49,UTAH
3298,491079,270.25,826.9754879499839,0.32679324107892416,54.75,0.0,0.0,54.75,83.8711784587714,0.0,0.0,0.0,0.0,0.0,49.75,0.0,5.0,0.0,0.0,11.85645932489877,17.264719133872628,104591.0,731,0,0,49,UTAH
3312,491093,205.75,624.5435247622831,0.3294406103694912,70.75,23.25,5.25,42.25,94.18836301040383,22.25,1.0,5.25,0.0,0.0,5.0,3.25,34.0,0.0,0.0,10.42722147196359,13.011141538440246,83722.0,0,0,0,49,UTAH
3319,491100,327.75,1073.536126669204,0.30529946022113874,0.0,0.0,0.0,0.0,32.7245009861627,0.0,0.0,0.0,0.0,0.0,0.0,0.0,0.0,0.0,0.0,11.706503116374614,21.01799786978809,120577.0,0,0,0,49,UTAH
3314,491095,270.25,879.8677936750098,0.30714841700390755,0.0,0.0,0.0,0.0,29.17066026418504,0.0,0.0,0.0,0.0,0.0,0.0,0.0,0.0,0.0,0.0,11.655681985096647,17.51497827908839,120078.0,0,0,0,49,UTAH
3445,491226,255.389249557544,775.4196093223402,0.32935619177948755,9.512112912734072,1.1209560671572139,1.2490653319751812,7.142091513601677,37.06179892496881,1.0248741185437384,0.09608194861347548,0.16013658102245915,1.0889287509527221,0.9287921699302629,1.313119964384165,0.1281092648179673,4.772070114469282,0.0,0.0,10.915532711885463,16.634153300349272,83427.0,0,0,0,49,UTAH
3429,491210,30.25,62.814798303911424,0.481574419034891,1527.0,636.25,23.75,867.0,1584.642002459845,450.75,185.5,19.5,4.25,725.0,43.0,55.0,44.0,0.0,0.0,55.64028837700789,2.001714082836961,64873.0,0,0,0,49,UTAH
2270,490054,0.0,0.0,0.0,0.0,0.0,0.0,0.0,0.0,0.0,0.0,0.0,0.0,0.0,0.0,0.0,0.0,0.0,0.0,0.0,0.0,66402.0,0,0,0,49,UTAH
2255,490039,0.0,0.0,0.0,0.0,0.0,0.0,0.0,7.089334398176669,0.0,0.0,0.0,0.0,0.0,0.0,0.0,0.0,7.089334398176669,0.0,0.0,0.0,81720.0,0,0,0,49,UTAH
2276,490060,0.0,0.0,0.0,0.0,0.0,0.0,0.0,4.051048227529526,0.0,0.0,0.0,0.0,0.0,0.0,0.0,0.0,4.051048227529526,0.0,0.0,0.0,81720.0,0,0,0,49,UTAH
2324,490108,0.0,0.0,0.0,0.0,0.0,0.0,0.0,1.0127620568823814,0.0,0.0,0.0,0.0,0.0,0.0,0.0,0.0,1.0127620568823814,0.0,0.0,0.0,81720.0,0,0,0,49,UTAH
3344,491125,36.0,106.025951742239,0.3395395128121089,112.0,17.0,5.75,89.25,119.49405244323653,16.25,0.75,3.0,2.75,7.75,22.75,3.75,55.0,0.0,0.0,5.242049298569077,2.252003144667434,76841.0,0,0,0,49,UTAH
3358,491139,18.0,59.83828652466888,0.3008107525368283,0.0,0.0,0.0,0.0,1.6438008589828632,0.0,0.0,0.0,0.0,0.0,0.0,0.0,0.0,0.0,0.0,0.6429438175643828,1.0008570414184803,76841.0,0,0,0,49,UTAH
3494,491275,184.75000076619827,598.7915982056834,0.30853806452831545,0.0,0.0,0.0,0.0,18.609351689705235,0.0,0.0,0.0,0.0,0.0,0.0,0.0,0.0,0.0,0.0,6.599067142874218,12.010284546831015,67754.0,0,0,0,49,UTAH
2422,490204,0.0,0.0,0.0,0.0,0.0,0.0,0.0,48.612578707849345,0.0,0.0,0.0,0.0,0.0,0.0,0.0,0.0,48.612578707849345,0.0,0.0,0.0,81720.0,0,0,0,49,UTAH
3503,491284,15.999999985065742,55.46911761544528,0.2884487922809605,83.99999992159515,0.0,0.9999999990666089,82.99999992252853,768.3892452361567,0.0,0.0,0.9999999990666089,0.0,68.99999993559601,13.999999986932524,0.0,0.0,679.8164781798314,0.0,3.5719100942459154,1.0008570404842891,81240.0,0,0,0,49,UTAH
3504,491285,0.9999999996368821,1.7894016318911583,0.5588460308824106,0.0,0.0,0.0,0.0,66.87801483092836,0.0,0.0,0.0,0.0,0.0,0.0,0.0,0.0,66.84229572996554,0.0,0.03571910096282876,0.0,74530.0,0,0,0,49,UTAH
3513,491294,14.0,46.16973006158175,0.3032289766764204,0.0,0.0,0.0,0.0,13.654020084638354,0.0,0.0,0.0,0.0,0.0,0.0,0.0,0.0,12.153144682588575,0.0,0.5000183606312988,1.0008570414184803,67754.0,0,0,0,49,UTAH
2426,490208,0.25,0.4470946665136448,0.559165695152327,0.0,0.0,0.0,0.0,0.0082902360903145,0.0,0.0,0.0,0.0,0.0,0.0,0.0,0.0,0.0,0.0,0.0082902360903145,0.0,91516.0,0,0,0,49,UTAH
3557,491343,0.0,0.0,0.0,0.0,0.0,0.0,0.0,0.0,0.0,0.0,0.0,0.0,0.0,0.0,0.0,0.0,0.0,0.0,0.0,0.0,74530.0,0,0,0,49,UTAH
2654,490436,4319.9999916538945,12901.886919667999,0.33483474305361993,0.0,0.0,0.0,0.0,434.98378062181337,0.0,0.0,0.0,0.0,0.0,0.0,0.0,0.0,0.0,0.0,156.50104899402157,278.48273162779174,109972.0,0,0,0,49,UTAH
2719,490501,1229.7499998093383,3793.6565618052646,0.32415954891397564,0.0,0.0,0.0,0.0,124.9815500302028,0.0,0.0,0.0,0.0,0.0,0.0,0.0,0.0,0.0,0.0,45.91396344481168,79.06758658539113,144254.0,0,0,0,49,UTAH
3347,491128,16.25,39.93269185889047,0.40693475054029343,114.0,19.25,3.0,91.75,119.653884956155,18.25,1.0,3.0,0.0,6.5,19.75,6.25,59.25,0.0,0.0,4.653027914736517,1.0008570414184803,51304.0,0,0,0,49,UTAH
3321,491102,6.0,20.407015606973356,0.29401653409574097,0.0,0.0,0.0,0.0,0.2143146058547942,0.0,0.0,0.0,0.0,0.0,0.0,0.0,0.0,0.0,0.0,0.2143146058547942,0.0,76841.0,0,0,0,49,UTAH
2242,490026,1.3026431001884526,4.38756886990925,0.2968940519936262,7.16453705103649,0.0,0.0,7.16453705103649,8.786244619368874,0.0,0.0,0.0,0.0,6.350385113418707,0.8141519376177829,0.0,0.0,1.319267505530499,0.0,0.30244006280188507,0.0,66402.0,0,0,0,49,UTAH
3356,491137,7.25,22.643653275879387,0.32017801684513914,0.0,0.0,0.0,0.0,2.5346945783763006,0.0,0.0,0.0,0.0,0.0,0.0,0.0,0.0,2.0255241137647624,0.0,0.2589512188170711,0.250219245794467,76841.0,0,0,0,49,UTAH
3507,491288,24.0,83.99348808469166,0.28573643680329724,100.0,1.0,2.0,97.0,178.3369886424851,0.0,1.0,1.0,1.0,80.0,13.0,0.0,4.0,71.90610603864907,0.0,4.429168520999081,2.001714082836961,68506.0,0,0,0,49,UTAH
2428,490210,353.25,1111.7902023270217,0.3177308086189584,593.25,23.25,53.75,516.25,902.6482913509886,17.0,6.25,2.0,51.75,464.25,8.25,11.5,32.25,0.0,0.0,286.6279409894791,22.77035036150945,91516.0,0,0,0,49,UTAH
2575,490357,82.75,285.3958914062483,0.2899481124001504,49.0,0.0,0.0,49.0,59.19857958222842,0.0,0.0,0.0,0.0,0.0,48.75,0.25,0.0,0.0,0.0,4.693885800161793,5.504693782066625,96089.0,1041,0,0,49,UTAH
2593,490375,283.0,1051.665445348296,0.26909698445618757,45.0,0.0,45.0,0.0,75.22431398600138,0.0,0.0,44.0,1.0,0.0,0.0,0.0,0.0,0.0,0.0,11.708478665494509,18.51583532050687,95907.0,0,0,0,49,UTAH
2534,490316,396.0,1151.4227281477656,0.34392234087390716,0.0,0.0,0.0,0.0,85.91241601705042,0.0,0.0,0.0,0.0,0.0,0.0,0.0,0.0,0.0,0.0,60.39075095530091,25.521665061749516,85040.0,0,0,0,49,UTAH
2697,490479,434.0,1454.0998235772477,0.2984664415489107,0.0,0.0,0.0,0.0,43.52608698321424,0.0,0.0,0.0,0.0,0.0,0.0,0.0,0.0,0.0,0.0,15.502089823496783,28.023997159717453,87378.0,0,0,0,49,UTAH
2745,490527,192.0,561.4346350699409,0.3419810392995821,622.25,58.75,45.5,518.0,663.5861981581601,43.25,15.5,2.0,43.5,83.75,89.25,94.75,250.25,0.0,0.0,29.075684440488534,12.260513717671556,84179.0,0,0,0,49,UTAH
2734,490516,190.25,426.6708439380504,0.44589407198309283,0.0,0.0,0.0,0.0,18.80692214475633,0.0,0.0,0.0,0.0,0.0,0.0,0.0,0.0,0.0,0.0,6.796637647734572,12.010284497021765,69037.0,0,0,0,49,UTAH
2799,490581,3881.0,9731.5561532892,0.3988056934438228,2253.25,451.25,0.0,1802.0,2726.39601627713,246.75,204.5,0.0,0.0,0.0,141.5,280.25,1380.25,0.0,0.0,223.18033949081317,249.9656767863173,76529.0,0,0,0,49,UTAH
2804,490586,630.0,1739.6996137597102,0.36213148236464254,34.0,0.0,0.0,34.0,98.75206133577475,0.0,0.0,0.0,0.0,0.0,34.0,0.0,0.0,0.0,0.0,23.71692263761704,41.0351386981577,76529.0,0,0,0,49,UTAH
2868,490650,393.75,1020.9280852322293,0.385678487736415,222.75,0.0,0.75,222.0,269.7929035894532,0.0,0.0,0.5,0.25,96.0,100.75,0.5,24.75,0.0,0.0,22.021477553991215,25.021426035462014,64873.0,0,0,1299,49,UTAH
2860,490642,0.0,0.0,0.0,3412.5,34.5,242.0,3136.0,3534.397934894845,28.5,6.0,22.0,220.0,1786.0,55.75,162.25,1132.0,0.0,0.0,121.89793489484563,0.0,67334.0,0,0,0,49,UTAH
3005,490786,231.75,543.7725757139254,0.426189201792188,0.0,0.0,0.0,0.0,23.057616633693502,0.0,0.0,0.0,0.0,0.0,0.0,0.0,0.0,0.0,0.0,8.294980258210765,14.76263637548274,74472.0,0,0,0,49,UTAH
2955,490736,6.0,13.1046146928683,0.4578539804962963,399.75,14.5,349.5,35.75,414.25887585801695,13.25,1.25,299.75,49.75,3.0,8.75,4.25,19.75,0.0,0.0,14.508875858016964,0.0,58209.0,0,0,0,49,UTAH
3042,490823,147.25,386.0537752635082,0.3814235462391004,155.75,149.5,0.75,5.5,176.3153441291403,103.25,46.25,0.25,0.5,0.75,0.25,0.0,4.5,0.0,0.0,11.307461376904849,9.257882752235432,78079.0,0,0,0,49,UTAH
3047,490828,137.25,359.07422575413545,0.3822329483876059,208.75,51.75,18.25,138.75,230.08983198134837,8.0,43.75,2.5,15.75,24.5,10.5,49.5,54.25,0.0,0.0,12.332118608582034,9.007713372766323,62782.0,0,0,0,49,UTAH
3079,490860,473.25,1078.326197315001,0.4388746199233385,357.75,38.5,135.0,184.25,417.7083845844573,37.5,1.0,113.5,21.5,97.0,9.25,3.75,74.25,0.0,0.0,29.68249398757835,30.275890596878845,55124.0,0,0,0,49,UTAH
3090,490871,180.25,527.5885742090667,0.34164879379774554,61.0,2.0,10.5,48.5,81.37920700424439,2.0,0.0,1.0,9.5,14.75,11.5,1.0,21.25,0.0,0.0,8.619151727872424,11.760055276371975,87864.0,0,0,0,49,UTAH
3129,490910,562.2818822132923,1704.2476271578532,0.3299296846614954,0.0,0.0,0.0,0.0,233.01506595278644,0.0,0.0,0.0,0.0,0.0,0.0,0.0,0.0,0.20969023497219136,0.0,196.47879169661425,36.32658402119999,103707.0,0,0,0,49,UTAH
3231,491012,137.74999905590113,451.14341932116497,0.3053352729009622,2.7499999811522913,0.0,2.2499999845791474,0.49999999657314387,16.777081531487077,0.0,0.0,1.2499999914328597,0.9999999931462877,0.0,0.0,0.0,0.49999999657314387,0.0,0.0,5.019368239304736,9.007713311030049,98673.0,0,0,0,49,UTAH
3235,491016,42.25,116.89880533877336,0.36142371068343493,0.0,0.0,0.0,0.0,4.040461885788841,0.0,0.0,0.0,0.0,0.0,0.0,0.0,0.0,0.0,0.0,1.5382594450375873,2.5022024407512538,105921.0,0,0,0,49,UTAH
3363,491144,110.25,317.75427096330446,0.34696622539727284,0.0,0.0,0.0,0.0,12.241944530996198,0.0,0.0,0.0,0.0,0.0,0.0,0.0,0.0,1.0127620568823814,0.0,3.97351246001767,7.255670014096147,51304.0,0,0,0,49,UTAH
3334,491115,15.25,51.36453448386213,0.2968974634587858,14.0,0.0,0.0,14.0,22.122316741609943,0.0,0.0,0.0,0.0,12.0,2.0,0.0,0.0,6.076572341294288,0.0,1.0448873588971783,1.0008570414184803,76841.0,0,0,0,49,UTAH
3412,491193,63.0,149.8336320819623,0.4204663474054851,0.0,0.0,0.0,0.0,7.266493584031643,0.0,0.0,0.0,0.0,0.0,0.0,0.0,0.0,1.0127620568823814,0.0,2.25030336147534,4.003428165673922,60977.0,0,0,0,49,UTAH
3447,491228,322.5,906.5800634923024,0.35573250834314013,4.75,2.0,1.0,1.75,122.05813697594888,1.75,0.25,0.0,1.0,0.25,0.5,0.25,0.75,0.0,0.0,96.54042819184504,20.76770878410384,56564.0,0,0,0,49,UTAH
3498,491279,3121.0,8277.559131337348,0.37704351614770787,82.0,0.0,4.5,77.5,588.3480690755082,0.0,0.0,1.25,3.25,24.75,52.5,0.0,0.25,0.0,0.0,305.175414731036,201.1726543444722,78125.0,516,0,0,49,UTAH
3496,491277,21.0,58.89127836196427,0.3565893046322991,696.0,3.5,31.75,660.75,722.6114524410664,0.25,3.25,9.75,22.0,574.75,76.25,9.5,0.25,0.0,0.0,25.610595399647917,1.0008570414184803,52410.0,0,0,0,49,UTAH
3488,491269,489.75,1415.5540792439258,0.345977597875727,0.0,0.0,0.0,0.0,49.38311142996713,0.0,0.0,0.0,0.0,0.0,0.0,0.0,0.0,0.0,0.0,17.60510748916449,31.778003940802645,67754.0,0,0,0,49,UTAH
3480,491261,473.75,1272.666464546126,0.3722499281608356,0.0,0.0,0.0,0.0,47.70191924844567,0.0,0.0,0.0,0.0,0.0,0.0,0.0,0.0,0.0,0.0,17.176766840809492,30.525152407636178,67754.0,0,0,0,49,UTAH
3458,491239,5.0,16.445799166668124,0.3040290076102752,0.0,0.0,0.0,0.0,3.216881675526139,0.0,0.0,0.0,0.0,0.0,0.0,0.0,0.0,3.038286170647144,0.0,0.1785955048789952,0.0,74530.0,0,0,0,49,UTAH
3462,491243,52.0,184.6200347863461,0.28165957210536585,0.0,0.0,0.0,0.0,4.859964374996991,0.0,0.0,0.0,0.0,0.0,0.0,0.0,0.0,0.0,0.0,1.8573932507415505,3.0025711242554416,74530.0,0,0,0,49,UTAH
3463,491244,51.0,182.63263353412503,0.27924910796662533,108.0,1.0,2.25,104.75,117.69467023628988,0.0,1.0,2.0,0.25,92.5,11.25,1.0,0.0,1.0127620568823814,0.0,5.679337055152049,3.0025711242554416,74530.0,0,0,0,49,UTAH
3036,490817,0.0,0.0,0.0,1042.25,72.25,140.75,829.25,1079.4945879983952,51.75,20.5,138.75,2.0,188.0,406.75,74.5,160.0,0.0,0.0,37.244587998395225,0.0,56681.0,0,0,0,49,UTAH
3327,491108,11.5,36.56505563371803,0.3145079311569654,0.0,0.0,0.0,0.0,4.45056467569842,0.0,0.0,0.0,0.0,0.0,0.0,0.0,0.0,3.038286170647144,0.0,0.4114214636327961,1.0008570414184803,76841.0,0,0,0,49,UTAH
2447,490229,135.5610884705541,398.4368356081234,0.3402323187906331,15.874834911708682,0.1833726804982851,2.9339628879725614,12.757499343237834,38.45570083421236,0.052392194428081455,0.13098048607020363,2.6458058186181135,0.288157069354448,11.316713996465595,1.1788243746318328,0.1833726804982851,0.07858829164212218,0.0,0.0,13.891346423040666,8.68951949946301,106764.0,0,0,0,49,UTAH
2443,490225,820.6889174166496,2275.9755966954726,0.36058774909898933,135.6251660634005,1.5666273307653524,25.06603729224564,108.99250144038952,294.7686492953976,0.4476078087901007,1.1190195219752517,22.604194343900087,2.461842948345554,96.68328669866175,10.071175697777266,1.5666273307653524,0.671411713185151,0.0,0.0,106.28050382069094,52.86297941130616,106764.0,0,0,0,49,UTAH
2305,490089,777.9050895374235,2302.4483022557797,0.3378599592335193,0.0,0.0,0.0,0.0,79.34558151571284,0.0,0.0,0.0,0.0,0.0,0.0,0.0,0.0,0.0,0.0,29.29670935096899,50.04887216474385,66402.0,0,0,0,49,UTAH
2682,490464,365.75,1156.1410920197127,0.3163541219359789,217.5,2.75,1.25,213.5,261.86126407156286,2.0,0.75,1.25,0.0,0.0,208.25,2.25,3.0,0.0,0.0,20.84114354396357,23.520120527599275,93584.0,745,1983,0,49,UTAH
2680,490462,221.75,732.0962267899736,0.3028973403842122,0.0,0.0,0.0,0.0,22.167208017360657,0.0,0.0,0.0,0.0,0.0,0.0,0.0,0.0,0.0,0.0,7.904950300237428,14.262257717123228,116706.0,0,0,0,49,UTAH
3156,490937,19.0,45.05025387385044,0.4217512303749438,0.0,0.0,0.0,0.0,1.6795199599586623,0.0,0.0,0.0,0.0,0.0,0.0,0.0,0.0,0.0,0.0,0.6786629185401818,1.0008570414184803,51304.0,0,0,0,49,UTAH
2673,490455,394.25,1376.4676117744705,0.2864215595249302,2186.5,949.5,63.0,1174.0,2304.218291995137,690.5,259.0,47.25,15.75,238.5,96.25,205.0,634.25,0.0,0.0,92.19645738470072,25.52183461043624,105595.0,0,0,0,49,UTAH
2674,490456,563.5,1763.3965808360635,0.31955375558958654,11.0,0.0,3.25,7.75,68.30139083068642,0.0,0.0,3.25,0.0,7.75,0.0,0.0,0.0,0.0,0.0,21.020318093826663,36.28107273685976,99835.0,0,0,0,49,UTAH
2423,490205,0.0,0.0,0.0,0.0,0.0,0.0,0.0,51.650864843945264,0.0,0.0,0.0,0.0,0.0,0.0,0.0,0.0,51.650864843945264,0.0,0.0,0.0,91516.0,0,0,0,49,UTAH
3460,491241,189.0,674.085077191944,0.2803800386552434,0.0,0.0,0.0,0.0,22.81224280897731,0.0,0.0,0.0,0.0,0.0,0.0,0.0,0.0,4.051048227529526,0.0,6.750910084426019,12.010284497021765,74530.0,0,0,0,49,UTAH
2425,490207,0.0,0.0,0.0,0.0,0.0,0.0,0.0,0.0,0.0,0.0,0.0,0.0,0.0,0.0,0.0,0.0,0.0,0.0,0.0,0.0,91516.0,0,0,0,49,UTAH
2439,490221,1601.5,4243.116945740673,0.3774348009916668,298.5,30.0,29.0,239.5,650.1763954334019,13.25,16.75,0.25,28.75,167.25,21.25,16.0,35.0,0.0,0.0,248.33857908444577,103.3378163489561,91516.0,0,0,0,49,UTAH
2500,490282,0.0,0.0,0.0,7304.9999602106145,1114.249993930825,365.2499980105307,5825.499968269259,8132.7909295057825,727.7499960360403,386.4999978947847,3.9999999782125197,361.24999803231816,956.2499947914305,307.7499983237257,1562.999991486542,2998.49998366756,0.0,0.0,827.7909692951679,0.0,102760.0,0,0,0,49,UTAH
2721,490503,445.5,1599.8016584995428,0.2784720203489696,0.0,0.0,0.0,0.0,44.93899276416168,0.0,0.0,0.0,0.0,0.0,0.0,0.0,0.0,0.0,0.0,15.914138563025745,29.02485420113593,149585.0,0,0,0,49,UTAH
2723,490505,350.0,974.0341469280164,0.359330318247935,326.75,0.25,64.75,261.75,373.2008842519952,0.25,0.0,61.25,3.5,215.25,13.75,0.0,32.75,0.0,0.0,24.18180012013882,22.26908413185636,87510.0,0,0,0,49,UTAH
2716,490498,367.0,1103.7061956654857,0.3325160277629096,145.5,0.25,4.0,141.25,187.82651685204297,0.25,0.0,0.0,4.0,107.5,16.75,5.0,12.0,0.0,0.0,18.305947857999424,24.020568994043533,149909.0,0,0,0,49,UTAH
2869,490651,348.75,893.4380677848667,0.39034602685407,27.75,1.25,0.5,26.0,88.4132844859497,1.0,0.25,0.5,0.0,5.75,2.25,2.75,15.25,0.0,20.695652173556223,17.94877740118692,22.018854911206567,74224.0,0,0,0,49,UTAH
3118,490899,248.25,703.3446149619025,0.3529564238057709,0.0,0.0,0.0,0.0,55.92596172828433,0.0,0.0,0.0,0.0,0.0,0.0,0.0,0.0,0.0,31.04347825230585,8.868770813282794,16.01371266269569,103707.0,0,0,0,49,UTAH
3114,490895,266.75,841.8298368159446,0.3168692630436209,0.0,0.0,0.0,0.0,26.793694049982427,0.0,0.0,0.0,0.0,0.0,0.0,0.0,0.0,0.0,0.0,9.779124345868256,17.01456970411417,110400.0,0,0,0,49,UTAH
3333,491114,56.0,198.6858042255273,0.28185204382510726,0.0,0.0,0.0,0.0,19.169604559789622,0.0,0.0,0.0,0.0,0.0,0.0,0.0,0.0,13.165906739470955,0.0,2.0002696546447463,4.003428165673922,74530.0,0,0,0,49,UTAH
3434,491215,461.5,1258.5134132627363,0.36670248813919787,30.5,3.75,3.0,23.75,106.57664922727297,3.25,0.5,1.25,1.75,14.5,1.0,1.25,7.0,0.0,0.0,46.30124698830839,29.775402238964556,56564.0,0,0,0,49,UTAH
3439,491220,816.5,2531.8199173635653,0.32249529060117266,52.5,11.0,11.0,30.5,136.2614107908784,9.0,2.0,1.5,9.5,7.75,4.75,3.0,15.0,0.5062773302882444,0.0,30.710647412301952,52.544486048288206,56564.0,0,0,0,49,UTAH
3315,491096,11489.5,34865.66385887398,0.3295362465061941,94.0,19.5,27.0,47.5,1820.0655992942832,17.75,1.75,6.5,20.5,0.0,11.75,10.5,25.25,3.291493923854897,0.0,981.8923088685688,740.8817965018595,120577.0,0,0,0,49,UTAH
3300,491081,272.0000002777343,798.0281202635992,0.3408401200046548,0.0,0.0,0.0,0.0,29.861396024371395,0.0,0.0,0.0,0.0,0.0,0.0,0.0,0.0,0.0,0.0,12.34735520477496,17.51404081959643,120577.0,0,0,0,49,UTAH
3320,491101,478.5,1261.781442055617,0.379225739142634,0.0,0.0,0.0,0.0,48.625929689840525,0.0,0.0,0.0,0.0,0.0,0.0,0.0,0.0,0.0,0.0,17.599540929409677,31.026388760430848,109773.0,0,0,0,49,UTAH
3499,491280,522.0,1386.8885527936968,0.37638208127718886,175.75,1.25,1.5,173.0,233.8044429074233,0.0,1.25,1.5,0.0,159.75,7.5,5.75,0.0,0.0,0.0,24.52545276768704,33.52899013973623,52410.0,0,0,0,49,UTAH
3493,491274,384.75,1173.757585351861,0.32779340879374363,0.0,0.0,0.0,0.0,38.64777184806135,0.0,0.0,0.0,0.0,0.0,0.0,0.0,0.0,0.0,0.0,13.62662505288958,25.021146795171767,67754.0,0,0,0,49,UTAH
3491,491272,1050.4999881775689,2861.423142867312,0.36712500588951935,0.0,0.0,0.0,0.0,106.42398240627045,0.0,0.0,0.0,0.0,0.0,0.0,0.0,0.0,0.0,0.0,38.62346330116262,67.80051910510781,67754.0,0,0,0,49,UTAH
3487,491268,3041.749943691199,8150.251078138041,0.37320935447624265,0.0,0.0,0.0,0.0,303.87155934837136,0.0,0.0,0.0,0.0,0.0,0.0,0.0,0.0,0.0,0.0,107.46120254482504,196.41035680354636,67754.0,0,0,0,49,UTAH
2505,490287,484.8096144275221,1546.0264850335348,0.31358428792829257,124.49999999992208,25.49999999998404,3.749999999997653,95.24999999994039,177.21820682722023,20.249999999987327,5.249999999996715,3.749999999997653,0.0,7.74999999999515,12.74999999999202,4.499999999997184,70.24999999995603,0.0,0.0,21.53588185717503,31.182324970123112,91670.0,0,0,0,49,UTAH
2675,490457,296.0,853.3128041626109,0.34688334518837594,0.0,0.0,0.0,0.0,29.84216320200266,0.0,0.0,0.0,0.0,0.0,0.0,0.0,0.0,0.0,0.0,10.575700060727105,19.26646314127556,80235.0,0,0,0,49,UTAH
2775,490557,533.25,1274.106012410077,0.4185287525574999,33.0,0.0,0.0,33.0,90.00403852134394,0.0,0.0,0.0,0.0,0.0,0.0,33.0,0.0,0.0,0.0,22.724679867321147,34.2793586540228,68046.0,0,0,0,49,UTAH
2841,490623,335.5,707.7172404484957,0.47405938533783126,145.75,5.25,1.5,139.0,184.4615770487552,5.25,0.0,1.5,0.0,10.5,93.75,6.25,28.5,0.0,0.0,17.19314068737819,21.518436361377024,55597.0,710,1183,0,49,UTAH
2533,490315,0.0,0.0,0.0,695.75,101.0,33.0,561.75,720.6026485347668,81.75,19.25,33.0,0.0,27.75,232.0,35.75,266.25,0.0,0.0,24.85264853476681,0.0,87096.0,0,0,0,49,UTAH
2532,490314,0.0,0.0,0.0,0.0,0.0,0.0,0.0,0.0,0.0,0.0,0.0,0.0,0.0,0.0,0.0,0.0,0.0,0.0,0.0,0.0,87096.0,0,0,0,49,UTAH
2531,490313,0.0,0.0,0.0,644.5000007532816,145.50000017005814,273.00000031907814,226.00000026414529,667.5501666835981,142.50000016655179,3.0000000035063534,269.7500003152796,3.2500000037985495,44.500000052010904,28.500000033310357,22.000000025713256,131.00000015311076,0.0,0.0,23.050165930316624,0.0,87096.0,0,0,0,49,UTAH
3102,490883,202.25,637.6053807943099,0.3172024673757347,54.0,0.0,0.5,53.5,76.1642648188438,0.0,0.0,0.5,0.0,0.0,53.5,0.0,0.0,0.0,0.0,9.15312328040356,13.011141538440246,112744.0,571,0,0,49,UTAH
3091,490872,113.75,331.62315868828125,0.3430098200919755,0.0,0.0,0.0,0.0,11.06968656508014,0.0,0.0,0.0,0.0,0.0,0.0,0.0,0.0,0.0,0.0,4.063687275150777,7.005999289929363,87537.0,0,0,0,49,UTAH
3100,490881,179.25,465.21020021929206,0.38530969423177874,193.5,37.75,50.0,105.75,218.8235867469938,36.75,1.0,3.75,46.25,7.0,39.0,8.0,51.75,0.0,0.0,13.313302249972049,12.010284497021765,90154.0,0,0,0,49,UTAH
3117,490898,127.0,396.7797655135833,0.32007680592182897,0.0,0.0,0.0,0.0,12.542323042153104,0.0,0.0,0.0,0.0,0.0,0.0,0.0,0.0,0.0,0.0,4.53546671080526,8.006856331347844,113111.0,0,0,0,49,UTAH
3116,490897,75.75,238.7592007806482,0.3172652603641135,95.5,1.5,0.25,93.75,115.12027863234216,1.0,0.5,0.25,0.0,0.0,92.25,0.25,1.25,0.0,0.0,14.61599342524976,5.004285207092402,113111.0,0,0,0,49,UTAH
3121,490902,41.75,128.97760874488165,0.32369959721134006,0.0,0.0,0.0,0.0,4.490572314682044,0.0,0.0,0.0,0.0,0.0,0.0,0.0,0.0,0.0,0.0,1.4880011904266024,3.0025711242554416,113111.0,0,0,0,49,UTAH
3123,490904,75.0,230.9400235947756,0.3247596446582188,13.25,1.5,5.75,6.0,21.160606776654184,1.5,0.0,1.75,4.0,0.75,2.0,0.75,2.5,0.0,0.0,3.1564909490308874,4.754115827623294,113111.0,0,0,0,49,UTAH
3126,490907,122.25,380.7512305217285,0.32107578439729695,7.0,0.25,1.25,5.5,19.610125409292834,0.0,0.25,1.25,0.0,5.0,0.0,0.25,0.25,0.0,0.0,4.603308969415025,8.00681643987781,113111.0,0,0,0,49,UTAH
3190,490971,185.25,672.4991426611532,0.2754650351923801,0.0,0.0,0.0,0.0,18.384370022413748,0.0,0.0,0.0,0.0,0.0,0.0,0.0,0.0,0.0,0.0,6.624354637511811,11.76001538490194,91005.0,0,0,0,49,UTAH
2756,490538,109.5,306.8433002734856,0.3568596736588481,2238.75,310.75,251.25,1676.75,2329.636209159992,302.5,8.25,62.5,188.75,1432.5,60.5,42.0,141.75,0.0,0.0,83.88019989520738,7.006009264784687,67267.0,0,0,0,49,UTAH
2662,490444,0.0,0.0,0.0,2994.75,1364.75,81.5,1548.5,3102.613102858997,1056.75,308.0,54.0,27.5,87.75,142.75,238.5,1079.5,0.0,0.0,107.86310285899694,0.0,36579.0,0,0,0,49,UTAH
2638,490420,0.0,0.0,0.0,2134.25,913.5,61.75,1159.0,2210.50507082271,696.5,217.0,61.25,0.5,83.0,107.0,146.5,822.5,0.0,0.0,76.25507082270974,0.0,100955.0,0,0,0,49,UTAH
2822,490604,0.0,0.0,0.0,648.5,27.25,283.0,338.25,671.6667482390236,20.75,6.5,90.25,192.75,49.25,192.75,13.75,82.5,0.0,0.0,23.16674823902363,0.0,76529.0,0,0,194,49,UTAH
3026,490807,0.0,0.0,0.0,2335.75,849.5,93.25,1393.0,2419.2059520233965,652.25,197.25,84.5,8.75,105.25,146.75,170.0,971.0,0.0,0.0,83.45595202339638,0.0,56681.0,0,0,0,49,UTAH
2790,490572,0.0,0.0,0.0,2455.25,453.75,920.5,1081.0,2542.958024582419,392.75,61.0,527.5,393.0,97.75,188.75,81.75,712.75,0.0,0.0,87.70802458241896,0.0,76529.0,0,0,0,49,UTAH
3140,490921,177.0,455.1300036443666,0.3888998716470158,67.75,11.0,20.25,36.5,88.95864593254909,9.75,1.25,20.25,0.0,16.5,9.25,3.25,7.5,1.0127620568823814,0.0,8.936915337210806,11.258968538455898,51304.0,0,0,0,49,UTAH
3135,490916,0.0,0.0,0.0,0.0,0.0,0.0,0.0,1.0127620568823814,0.0,0.0,0.0,0.0,0.0,0.0,0.0,0.0,1.0127620568823814,0.0,0.0,0.0,51304.0,0,0,0,49,UTAH
3339,491120,21.0,49.4184587714732,0.4249424308659793,0.0,0.0,0.0,0.0,1.7509581619102603,0.0,0.0,0.0,0.0,0.0,0.0,0.0,0.0,0.0,0.0,0.7501011204917799,1.0008570414184803,51304.0,0,0,0,49,UTAH
3345,491126,25.75,62.2647853556164,0.4135563923160189,65.0,13.25,26.0,25.75,70.24614533076796,12.75,0.5,25.75,0.25,3.0,4.25,3.0,15.5,0.0,0.0,3.244431247931004,2.001714082836961,51304.0,0,0,0,49,UTAH
3340,491121,7.25,15.538323671756306,0.46658829827172266,0.0,0.0,0.0,0.0,1.5220085486364128,0.0,0.0,0.0,0.0,0.0,0.0,0.0,0.0,1.0127620568823814,0.0,0.2590671374295993,0.250179354324432,51304.0,0,0,0,49,UTAH
3337,491118,4.0,11.894016325409222,0.33630355723110855,0.0,0.0,0.0,0.0,1.1556384607855776,0.0,0.0,0.0,0.0,0.0,0.0,0.0,0.0,1.0127620568823814,0.0,0.1428764039031961,0.0,76841.0,0,0,0,49,UTAH
3343,491124,9.25,30.761998090068637,0.30069568215031905,0.0,0.0,0.0,0.0,2.344008519069531,0.0,0.0,0.0,0.0,0.0,0.0,0.0,0.0,1.0127620568823814,0.0,0.3303894207686692,1.0008570414184803,76841.0,0,0,0,49,UTAH
3338,491119,9.25,29.97159611923752,0.30862553876677956,0.0,0.0,0.0,0.0,2.34412443768206,0.0,0.0,0.0,0.0,0.0,0.0,0.0,0.0,1.0127620568823814,0.0,0.3305053393811973,1.0008570414184803,76841.0,0,0,0,49,UTAH
3346,491127,17.000000102836356,39.49791075205095,0.43040251444068145,0.0,0.0,0.0,0.0,1.6080817677346682,0.0,0.0,0.0,0.0,0.0,0.0,0.0,0.0,0.0,0.0,0.607224720261806,1.0008570474728622,51304.0,0,0,0,49,UTAH
3329,491110,16.0,51.3261331896114,0.3117320360154944,0.0,0.0,0.0,0.0,1.5723626570312652,0.0,0.0,0.0,0.0,0.0,0.0,0.0,0.0,0.0,0.0,0.5715056156127847,1.0008570414184803,76841.0,0,0,0,49,UTAH
3330,491111,7.0,22.984782883636772,0.30454932010619123,0.0,0.0,0.0,0.0,1.2627957637129748,0.0,0.0,0.0,0.0,0.0,0.0,0.0,0.0,1.0127620568823814,0.0,0.2500337068305933,0.0,76841.0,0,0,0,49,UTAH
3323,491104,0.0,0.0,0.0,0.0,0.0,0.0,0.0,1.0127620505750283,0.0,0.0,0.0,0.0,0.0,0.0,0.0,0.0,1.0127620505750283,0.0,0.0,0.0,76841.0,0,0,0,49,UTAH
3324,491105,8.0,28.52444244606398,0.28046122251563593,0.0,0.0,0.0,0.0,2.2993719061072544,0.0,0.0,0.0,0.0,0.0,0.0,0.0,0.0,1.0127620568823814,0.0,0.2857528078063923,1.0008570414184803,76841.0,0,0,0,49,UTAH
3331,491112,12.0,30.550200461092988,0.392796113245886,0.0,0.0,0.0,0.0,1.429486253128069,0.0,0.0,0.0,0.0,0.0,0.0,0.0,0.0,0.0,0.0,0.4286292117095885,1.0008570414184803,51304.0,0,0,0,49,UTAH
3332,491113,8.0,20.234902350241555,0.39535649154761054,0.0,0.0,0.0,0.0,1.286609849224873,0.0,0.0,0.0,0.0,0.0,0.0,0.0,0.0,0.0,0.0,0.2857528078063923,1.0008570414184803,51304.0,0,0,0,49,UTAH
3326,491107,10.0,25.787806230442925,0.38778017449948254,0.0,0.0,0.0,0.0,1.358048051176471,0.0,0.0,0.0,0.0,0.0,0.0,0.0,0.0,0.0,0.0,0.3571910097579904,1.0008570414184803,51304.0,0,0,0,49,UTAH
3322,491103,5.0,8.35511765896462,0.5984356180352831,0.0,0.0,0.0,0.0,0.1785955048789952,0.0,0.0,0.0,0.0,0.0,0.0,0.0,0.0,0.0,0.0,0.1785955048789952,0.0,51304.0,0,0,0,49,UTAH
3354,491135,18.0,44.05025387385044,0.4086242056980594,0.0,0.0,0.0,0.0,1.6438008589828632,0.0,0.0,0.0,0.0,0.0,0.0,0.0,0.0,0.0,0.0,0.6429438175643828,1.0008570414184803,51304.0,0,0,0,49,UTAH
3361,491142,15.25,35.97259645752771,0.42393381356292814,0.0,0.0,0.0,0.0,1.545561068041944,0.0,0.0,0.0,0.0,0.0,0.0,0.0,0.0,0.0,0.0,0.5447040266234635,1.0008570414184803,51304.0,0,0,0,49,UTAH
3353,491134,14.0,31.36683591590029,0.44633127923824806,0.0,0.0,0.0,0.0,1.5009244550796672,0.0,0.0,0.0,0.0,0.0,0.0,0.0,0.0,0.0,0.0,0.5000674136611866,1.0008570414184803,51304.0,0,0,0,49,UTAH
3352,491133,71.5,188.63342443929204,0.37904205054078777,59.75,5.25,7.25,47.25,69.12631413966955,5.0,0.25,7.25,0.0,3.0,29.5,2.0,12.75,0.0,0.0,4.622367852781718,4.753946286887831,76841.0,0,0,0,49,UTAH
3359,491140,21.5,71.82355047115529,0.2993447115738801,309.25,111.75,0.75,196.75,326.9549864775427,96.75,15.0,0.5,0.25,1.0,18.0,26.5,151.25,1.0127620568823814,0.0,15.691367379241854,1.0008570414184803,76841.0,0,0,0,49,UTAH
3351,491132,8.0,26.74886559163213,0.2990781038020037,0.0,0.0,0.0,0.0,1.286609849224873,0.0,0.0,0.0,0.0,0.0,0.0,0.0,0.0,0.0,0.0,0.2857528078063923,1.0008570414184803,76841.0,0,0,0,49,UTAH
3350,491131,7.0,21.40706159170117,0.3269949016596316,0.0,0.0,0.0,0.0,0.2500337068305933,0.0,0.0,0.0,0.0,0.0,0.0,0.0,0.0,0.0,0.0,0.2500337068305933,0.0,76841.0,0,0,0,49,UTAH
3349,491130,2.0,5.354533782961717,0.37351524541017156,0.0,0.0,0.0,0.0,3.109724372598742,0.0,0.0,0.0,0.0,0.0,0.0,0.0,0.0,3.038286170647144,0.0,0.071438201951598,0.0,76841.0,0,0,0,49,UTAH
3357,491138,10.0,32.89264734368675,0.3040193115352678,0.0,0.0,0.0,0.0,2.370810108058852,0.0,0.0,0.0,0.0,0.0,0.0,0.0,0.0,1.0127620568823814,0.0,0.3571910097579904,1.0008570414184803,76841.0,0,0,0,49,UTAH
3367,491148,13.0,33.52444244606398,0.3877767697677638,0.0,0.0,0.0,0.0,2.477967410986249,0.0,0.0,0.0,0.0,0.0,0.0,0.0,0.0,1.0127620568823814,0.0,0.4643483126853875,1.0008570414184803,75589.0,0,0,0,49,UTAH
3380,491161,3.0,8.525811427786454,0.3518726663626064,0.0,0.0,0.0,0.0,1.1199193598097783,0.0,0.0,0.0,0.0,0.0,0.0,0.0,0.0,1.0127620568823814,0.0,0.1071573029273971,0.0,75589.0,0,0,0,49,UTAH
3390,491171,7.0,19.630426120654757,0.35658930463229904,0.0,0.0,0.0,0.0,1.2627957637129748,0.0,0.0,0.0,0.0,0.0,0.0,0.0,0.0,1.0127620568823814,0.0,0.2500337068305933,0.0,75589.0,0,0,0,49,UTAH
3397,491178,17.0,44.62905713893228,0.3809177493281614,0.0,0.0,0.0,0.0,1.6080817580070643,0.0,0.0,0.0,0.0,0.0,0.0,0.0,0.0,0.0,0.0,0.6072247165885838,1.0008570414184803,75589.0,0,0,0,49,UTAH
3396,491177,7.0,16.472819590491067,0.4249424308659793,0.0,0.0,0.0,0.0,0.2500337068305933,0.0,0.0,0.0,0.0,0.0,0.0,0.0,0.0,0.0,0.0,0.2500337068305933,0.0,75589.0,0,0,0,49,UTAH
3402,491183,4.0,10.31521306032738,0.3877767697677637,0.0,0.0,0.0,0.0,1.1556384607855776,0.0,0.0,0.0,0.0,0.0,0.0,0.0,0.0,1.0127620568823814,0.0,0.1428764039031961,0.0,75589.0,0,0,0,49,UTAH
3401,491182,5.0,12.1046146928683,0.4130656057103462,0.0,0.0,0.0,0.0,1.1913575617613763,0.0,0.0,0.0,0.0,0.0,0.0,0.0,0.0,1.0127620568823814,0.0,0.1785955048789952,0.0,75589.0,0,0,0,49,UTAH
3378,491159,4.0,10.31521306032738,0.3877767697677637,0.0,0.0,0.0,0.0,1.1556384607855776,0.0,0.0,0.0,0.0,0.0,0.0,0.0,0.0,1.0127620568823814,0.0,0.1428764039031961,0.0,75589.0,0,0,0,49,UTAH
3388,491169,19.0,51.36546693417781,0.36989832146074947,0.0,0.0,0.0,0.0,1.6795199599586623,0.0,0.0,0.0,0.0,0.0,0.0,0.0,0.0,0.0,0.0,0.6786629185401818,1.0008570414184803,75589.0,0,0,0,49,UTAH
3389,491170,7.0,16.669556801377325,0.4199271812326542,0.0,0.0,0.0,0.0,0.2500337068305933,0.0,0.0,0.0,0.0,0.0,0.0,0.0,0.0,0.0,0.0,0.2500337068305933,0.0,75589.0,0,0,0,49,UTAH
3399,491180,7.75,21.768147083563683,0.356024790270355,0.0,0.0,0.0,0.0,41.27685832949484,0.0,0.0,0.0,0.0,0.0,0.0,0.0,0.0,0.0,0.0,41.02663908370037,0.250219245794467,75589.0,0,0,0,49,UTAH
3398,491179,56.25,156.8847442724807,0.35854346616586136,0.0,0.0,0.0,0.0,6.784447772894275,0.0,0.0,0.0,0.0,0.0,0.0,0.0,0.0,1.0127620568823814,0.0,2.018656319674485,3.753029396337408,75589.0,0,0,0,49,UTAH
3255,491036,660.75,1827.4233588812365,0.361574671128488,2.25,0.75,0.75,0.75,73.55395927851293,0.75,0.0,0.75,0.0,0.0,0.75,0.0,0.0,0.0,0.0,29.01810330842134,42.28585597009159,31028.0,0,0,0,49,UTAH
3259,491040,28.750000058667503,85.92456539566582,0.33459581583310166,0.0,0.0,0.0,0.0,2.7901000048502174,0.0,0.0,0.0,0.0,0.0,0.0,0.0,0.0,0.0,0.0,1.0388445210055655,1.7512554838446517,105921.0,0,0,0,49,UTAH
3276,491057,14.0,39.255343662382245,0.3566393436880282,62.25,5.5,5.25,51.5,66.22626406757102,4.5,1.0,5.25,0.0,2.0,21.25,1.5,26.75,0.0,0.0,2.725227671828105,1.2510363957429125,80628.0,0,0,0,49,UTAH
3289,491070,170.24999991239127,461.07043867978234,0.3692494370271946,191.7499999013276,33.49999998276128,7.749999996011938,150.4999999225544,215.8148713110044,24.499999987392577,8.999999995368702,7.749999996011938,0.0,4.749999997555704,19.49999998996552,19.249999990094167,106.999999944939,0.0,0.0,13.054855530738903,11.010015878937896,30043.0,0,0,0,49,UTAH
3294,491075,64.50000003677721,161.98826901328383,0.39817698176333927,14.500000008267744,3.5000000019956623,3.7500000021382096,7.250000004133872,21.36194057629798,3.0000000017105677,0.5000000002850946,3.7500000021382096,0.0,0.0,0.7500000004276419,1.0000000005701892,5.500000003136041,0.0,0.0,2.858642049339108,4.003298518691131,89915.0,0,0,0,49,UTAH
3302,491083,99.75,289.00291832052665,0.3451522239971623,0.0,0.0,0.0,0.0,10.067732462890742,0.0,0.0,0.0,0.0,0.0,0.0,0.0,0.0,0.0,0.0,3.562111823369631,6.505620639521111,89915.0,0,0,0,49,UTAH
3310,491091,226.0,660.914650773355,0.34195035582211863,0.0,0.0,0.0,0.0,22.86221477856513,0.0,0.0,0.0,0.0,0.0,0.0,0.0,0.0,0.0,0.0,8.099229346756143,14.762985431808987,89700.0,0,0,0,49,UTAH
3275,491056,48.5,145.97028676462,0.3322594006971242,0.0,0.0,0.0,0.0,5.028537828352495,0.0,0.0,0.0,0.0,0.0,0.0,0.0,0.0,0.0,0.0,1.7759668653634089,3.252570962989086,30043.0,0,0,0,49,UTAH
3258,491039,429.5,1285.3777437511046,0.33414301911482813,0.0,0.0,0.0,0.0,43.54220072655099,0.0,0.0,0.0,0.0,0.0,0.0,0.0,0.0,1.0127620568823814,0.0,15.00568056009243,27.52375810957617,105921.0,0,0,0,49,UTAH
3274,491055,930.75,2892.3135605791917,0.3218012087920424,44.0,6.25,15.75,22.0,379.8594401303593,6.0,0.25,15.75,0.0,0.0,14.75,0.75,6.5,1.0127620568823814,0.0,274.7939989235738,60.05267914990316,30043.0,0,0,0,49,UTAH
3369,491150,18.5,49.88425825593555,0.3708584761365826,4.25,0.5,0.75,3.0,6.318982232375568,0.25,0.25,0.75,0.0,0.0,0.75,0.5,1.75,0.0,0.0,0.8178959703072967,1.2510862620682712,75589.0,0,0,0,49,UTAH
3372,491153,26.0,69.41708978975072,0.374547536906954,0.0,0.0,0.0,0.0,2.930410708207736,0.0,0.0,0.0,0.0,0.0,0.0,0.0,0.0,0.0,0.0,0.9286966253707752,2.001714082836961,75589.0,0,0,0,49,UTAH
3368,491149,13.0,34.3138440786049,0.3788558335294663,0.0,0.0,0.0,0.0,1.465205354103868,0.0,0.0,0.0,0.0,0.0,0.0,0.0,0.0,0.0,0.0,0.4643483126853875,1.0008570414184803,75589.0,0,0,0,49,UTAH
3373,491154,26.0,70.99589305483256,0.3662183667429792,84.0,12.25,37.25,34.5,89.93779634065748,10.75,1.5,36.25,1.0,1.0,20.0,1.0,12.5,0.0,0.0,3.936082257820533,2.001714082836961,75589.0,0,0,0,49,UTAH
3374,491155,10.25,26.629493670339077,0.38491156185282005,36.25,5.5,1.25,29.5,38.913933428221625,5.25,0.25,1.25,0.0,2.75,7.25,1.75,17.75,0.0,0.0,1.6630763868031455,1.0008570414184803,75589.0,0,0,0,49,UTAH
3176,490957,37.5,90.66574213020422,0.4136071587672729,73.5,22.5,9.25,41.75,79.8613099620505,19.75,2.75,9.25,0.0,0.0,11.75,3.0,27.0,0.0,0.0,3.859017755552584,2.502292206497907,51304.0,0,0,0,49,UTAH
2587,490369,421.49792119238174,1225.8421820461285,0.34384354476106677,1282.4924074954988,273.9983792919574,30.249820815561208,978.24420738798,1392.2460353968881,225.74866564057456,48.24971365138284,8.999945331600435,21.249875483960775,92.49944339969753,112.74933083456234,371.9977941678133,400.99763898590686,0.0,0.0,82.4798944634237,27.273733437965895,83312.0,0,0,0,49,UTAH
2731,490513,420.5,1201.6096204435755,0.34994726477370575,136.5,7.0,101.75,27.75,183.41668161551803,7.0,0.0,1.75,100.0,14.75,1.0,0.0,12.0,0.0,0.0,19.89354149721905,27.02314011829897,60581.0,0,0,0,49,UTAH
2733,490515,45.75,126.0779043465856,0.3628708792163469,1356.25,131.25,908.25,316.75,1409.0833036189956,127.25,4.0,708.25,200.0,27.0,73.5,31.25,185.0,0.0,0.0,50.0809018742094,2.752401744786333,65221.0,0,0,0,49,UTAH
2742,490524,534.0,1501.6512955701917,0.35560852348030303,791.75,31.75,209.5,550.5,873.4420013922567,29.75,2.0,64.0,145.5,39.75,13.25,10.0,487.5,0.0,0.0,47.1620544943537,34.52994689790291,60581.0,0,0,0,49,UTAH
3400,491181,1987.25,5765.366826337875,0.3446875211689329,2333.5,435.0,5.75,1892.75,3191.4641742782974,166.0,269.0,5.75,0.0,0.0,32.25,366.75,1493.75,1.0127620568823814,0.0,728.585457777125,128.3659544442897,75589.0,0,0,0,49,UTAH
3257,491038,41.5,110.53273718393147,0.37545437720358016,0.0,0.0,0.0,0.0,3.935228009363157,0.0,0.0,0.0,0.0,0.0,0.0,0.0,0.0,0.0,0.0,1.433005618901256,2.5022223904619008,105921.0,0,0,0,49,UTAH
3229,491010,0.0,0.0,0.0,0.0,0.0,0.0,0.0,1.0127620568823814,0.0,0.0,0.0,0.0,0.0,0.0,0.0,0.0,1.0127620568823814,0.0,0.0,0.0,69330.0,0,0,0,49,UTAH
3252,491033,13.0,37.47145060876859,0.34693079101020724,0.0,0.0,0.0,0.0,2.477967410986249,0.0,0.0,0.0,0.0,0.0,0.0,0.0,0.0,1.0127620568823814,0.0,0.4643483126853875,1.0008570414184803,69330.0,0,0,0,49,UTAH
3253,491034,13.0,38.26085224130951,0.33977288111643655,0.0,0.0,0.0,0.0,1.465205354103868,0.0,0.0,0.0,0.0,0.0,0.0,0.0,0.0,0.0,0.0,0.4643483126853875,1.0008570414184803,69330.0,0,0,0,49,UTAH
3254,491035,20.0,59.47008162704611,0.33630355723110855,0.0,0.0,0.0,0.0,1.7152390609344614,0.0,0.0,0.0,0.0,0.0,0.0,0.0,0.0,0.0,0.0,0.7143820195159809,1.0008570414184803,69330.0,0,0,0,49,UTAH
3342,491123,12.0,38.44491867582491,0.3121348779844315,0.0,0.0,0.0,0.0,1.429486253128069,0.0,0.0,0.0,0.0,0.0,0.0,0.0,0.0,0.0,0.0,0.4286292117095885,1.0008570414184803,76841.0,0,0,0,49,UTAH
3336,491117,4.0,13.669986285596687,0.29261185171886966,0.0,0.0,0.0,0.0,1.1556384607855776,0.0,0.0,0.0,0.0,0.0,0.0,0.0,0.0,1.0127620568823814,0.0,0.1428764039031961,0.0,76841.0,0,0,0,49,UTAH
3335,491116,14.0,48.73351744001704,0.2872766164936012,0.0,0.0,0.0,0.0,1.5009244550796672,0.0,0.0,0.0,0.0,0.0,0.0,0.0,0.0,0.0,0.0,0.5000674136611866,1.0008570414184803,76841.0,0,0,0,49,UTAH
3328,491109,8.0,28.91958271698564,0.27662916433788226,0.0,0.0,0.0,0.0,3.312133962989636,0.0,0.0,0.0,0.0,0.0,0.0,0.0,0.0,2.0255241137647624,0.0,0.2857528078063923,1.0008570414184803,76841.0,0,0,0,49,UTAH
3407,491188,11.0,27.7748864055004,0.39604122369413597,0.0,0.0,0.0,0.0,2.4065292090346517,0.0,0.0,0.0,0.0,0.0,0.0,0.0,0.0,1.0127620568823814,0.0,0.3929101107337894,1.0008570414184803,56564.0,0,0,0,49,UTAH
3160,490941,6.0,13.894016325409222,0.4318405750702385,0.0,0.0,0.0,0.0,1.2270766627371756,0.0,0.0,0.0,0.0,0.0,0.0,0.0,0.0,1.0127620568823814,0.0,0.2143146058547942,0.0,51304.0,0,0,0,49,UTAH
2949,490730,2.0,2.7894016325409225,0.7169996520645037,363.75,47.25,165.0,151.5,376.82765450882295,45.25,2.0,52.0,113.0,14.0,23.75,14.75,99.0,0.0,0.0,13.07765450882297,0.0,58209.0,0,0,0,49,UTAH
2939,490720,120.25,308.32459816072907,0.3900110491259406,336.5,0.25,0.25,336.0,360.821007554988,0.25,0.0,0.25,0.0,0.0,336.0,0.0,0.0,0.0,0.0,16.314151223640163,8.006856331347844,65974.0,0,0,0,49,UTAH
2979,490760,452.25,1034.4323335472484,0.43719631080087773,25.0,1.5,1.0,22.5,71.07617518004807,1.5,0.0,1.0,0.0,5.0,4.5,3.0,10.0,0.0,0.0,17.05132097891213,29.02485420113593,24407.0,0,0,0,49,UTAH
2971,490752,569.5,1385.3383216753198,0.41109091626895244,0.0,0.0,0.0,0.0,57.12545897878248,0.0,0.0,0.0,0.0,0.0,0.0,0.0,0.0,0.0,0.0,20.34402753327385,36.78143144550863,23848.0,0,0,0,49,UTAH
2928,490710,154.0,394.3700607135184,0.39049617438345546,224.75,7.75,164.75,52.25,249.02746639440585,7.0,0.75,164.5,0.25,4.0,6.5,11.0,30.75,0.0,0.0,14.51912520087079,9.758341193535014,48606.0,0,0,0,49,UTAH
3010,490791,129.5,287.3777640814713,0.45062637470895933,110.75,0.5,84.25,26.0,127.8373620917841,0.5,0.0,40.75,43.5,1.25,21.0,1.0,2.75,0.0,0.0,8.58010716031736,8.507254931466743,31799.0,0,0,0,49,UTAH
2924,490706,124.0,307.141178749494,0.40372313639238544,854.75,34.75,83.75,736.25,897.7232426741074,30.25,4.5,83.25,0.5,440.75,179.25,53.75,62.5,0.0,0.0,34.96638634275955,8.006856331347844,45835.0,0,0,0,49,UTAH
2922,490704,287.0,755.1151680967669,0.3800744735711909,52.0,6.25,23.5,22.25,82.12897053372002,6.25,0.0,22.75,0.75,8.75,2.25,1.0,10.25,0.0,0.0,12.113543788187371,18.015426745532647,64980.0,0,0,0,49,UTAH
2912,490694,138.25,323.3720297707311,0.4275261533844422,46.25,3.75,2.25,40.25,61.85143809264338,2.75,1.0,2.25,0.0,7.0,7.25,4.75,21.25,0.0,0.0,6.593724719877056,9.007713372766323,63356.0,0,0,0,49,UTAH
2821,490603,158.0,422.2528096903227,0.3741834189709149,145.0,10.5,2.25,132.25,165.83604378304824,9.5,1.0,2.25,0.0,7.75,25.0,12.25,87.25,0.0,0.0,10.827473368863435,10.008570414184804,76529.0,0,0,0,49,UTAH
2819,490601,2.0,5.947008162704611,0.33630355723110855,123.25,2.75,60.25,60.25,127.72543731187204,2.75,0.0,60.25,0.0,1.75,36.5,3.25,18.75,0.0,0.0,4.47543731187204,0.0,76529.0,1104,0,0,49,UTAH
2887,490669,651.25,1595.5739917043688,0.4081603256169551,1273.0,653.25,22.0,597.75,1383.7940499360554,465.75,187.5,21.75,0.25,37.0,53.25,70.0,437.5,0.0,0.0,68.7581639039854,42.03588603207014,52442.0,0,0,0,49,UTAH
2932,490714,589.0,1421.818722330673,0.41425815453780196,41.5,0.0,0.0,41.5,102.05325342843344,0.0,0.0,0.0,0.0,1.0,7.75,0.0,32.75,0.0,0.0,22.520685854531184,38.032567573902256,50017.0,0,0,0,49,UTAH
2274,490058,0.0,0.0,0.0,850.0,0.0,771.0,79.0,882.386759943194,0.0,0.0,771.0,0.0,78.0,1.0,0.0,0.0,2.0255241137647624,0.0,30.361235829429187,0.0,81720.0,0,0,0,49,UTAH
2278,490062,0.0,0.0,0.0,0.0,0.0,0.0,0.0,6.076572341294288,0.0,0.0,0.0,0.0,0.0,0.0,0.0,0.0,6.076572341294288,0.0,0.0,0.0,81720.0,0,0,0,49,UTAH
2279,490063,0.0,0.0,0.0,0.0,0.0,0.0,0.0,4.051048227529526,0.0,0.0,0.0,0.0,0.0,0.0,0.0,0.0,4.051048227529526,0.0,0.0,0.0,81720.0,0,0,0,49,UTAH
2248,490032,0.0,0.0,0.0,0.0,0.0,0.0,0.0,1.0127620568823814,0.0,0.0,0.0,0.0,0.0,0.0,0.0,0.0,1.0127620568823814,0.0,0.0,0.0,81720.0,0,0,0,49,UTAH
2244,490028,0.0,0.0,0.0,0.0,0.0,0.0,0.0,5.063810284411907,0.0,0.0,0.0,0.0,0.0,0.0,0.0,0.0,5.063810284411907,0.0,0.0,0.0,66402.0,0,0,0,49,UTAH
2262,490046,0.0,0.0,0.0,0.0,0.0,0.0,0.0,1.0127620568823814,0.0,0.0,0.0,0.0,0.0,0.0,0.0,0.0,1.0127620568823814,0.0,0.0,0.0,66402.0,0,0,0,49,UTAH
2259,490043,0.0,0.0,0.0,217.99999980433233,2.9999999973073255,10.999999990126861,203.99999981689814,226.79952586604085,0.0,2.9999999973073255,4.749999995736599,6.2499999943902615,114.99999989678082,76.4999999313368,3.249999997082936,9.249999991697587,1.0127620559733685,0.0,7.786764005735118,0.0,66402.0,0,0,0,49,UTAH
2258,490042,1.0,1.789401632540922,0.5588460308824106,131.0,1.0,1.25,128.75,136.72768338568787,0.0,1.0,1.0,0.25,105.75,20.0,3.0,0.0,1.0127620568823814,0.0,4.714921328805474,0.0,66402.0,0,0,0,49,UTAH
2237,490021,3.0,8.525811427786454,0.3518726663626064,0.0,0.0,0.0,0.0,0.1071573029273971,0.0,0.0,0.0,0.0,0.0,0.0,0.0,0.0,0.0,0.0,0.1071573029273971,0.0,66402.0,0,0,0,49,UTAH
2299,490083,14.0,37.32177535823085,0.37511613168510416,0.0,0.0,0.0,0.0,1.5316805313991997,0.0,0.0,0.0,0.0,0.0,0.0,0.0,0.0,0.0,0.0,0.5307636488000368,1.0009168825991628,66402.0,0,0,0,49,UTAH
2307,490091,758.25,2001.5440646654076,0.378832529038902,0.0,0.0,0.0,0.0,75.68669284550245,0.0,0.0,0.0,0.0,0.0,0.0,0.0,0.0,0.0,0.0,26.89668226132824,48.79001058417421,66402.0,0,0,0,49,UTAH
2269,490053,7.0,18.05162285557291,0.3877767697677639,43.0,0.0,0.0,43.0,45.79871710567233,0.0,0.0,0.0,0.0,0.25,42.75,0.0,0.0,1.0127620568823814,0.0,1.7859550487899525,0.0,66402.0,0,0,0,49,UTAH
2265,490049,0.0,0.0,0.0,0.0,0.0,0.0,0.0,0.0,0.0,0.0,0.0,0.0,0.0,0.0,0.0,0.0,0.0,0.0,0.0,0.0,66402.0,0,0,0,49,UTAH
2257,490041,27.0,89.36272897073286,0.30213938530058493,0.0,0.0,0.0,0.0,2.9661298091835357,0.0,0.0,0.0,0.0,0.0,0.0,0.0,0.0,0.0,0.0,0.964415726346574,2.001714082836961,66402.0,0,0,0,49,UTAH
2234,490018,0.0,0.0,0.0,0.0,0.0,0.0,0.0,2.0255241137647624,0.0,0.0,0.0,0.0,0.0,0.0,0.0,0.0,2.0255241137647624,0.0,0.0,0.0,66402.0,0,0,0,49,UTAH
2243,490027,1.0,1.789401632540922,0.5588460308824106,102.5,0.25,10.25,92.0,106.1986206507227,0.0,0.25,10.25,0.0,76.25,14.25,1.5,0.0,0.0,0.0,3.6986206507226966,0.0,66402.0,0,0,0,49,UTAH
2233,490017,0.8463357684629779,1.5144346057654285,0.5588460308824105,0.0,0.0,0.0,0.0,1.7445038601365517,0.0,0.0,0.0,0.0,0.0,0.0,0.0,0.0,1.7142735073633923,0.0,0.03023035277315955,0.0,66402.0,0,0,0,49,UTAH
2232,490016,1.1536642744577978,3.6431720208614866,0.3166647821875277,0.0,0.0,0.0,0.0,0.35245851882626406,0.0,0.0,0.0,0.0,0.0,0.0,0.0,0.0,0.3112506681147341,0.0,0.04120785071152997,0.0,81720.0,0,0,0,49,UTAH
2240,490024,0.0,0.0,0.0,0.0,0.0,0.0,0.0,0.0,0.0,0.0,0.0,0.0,0.0,0.0,0.0,0.0,0.0,0.0,0.0,0.0,81720.0,0,0,0,49,UTAH
2287,490071,0.0,0.0,0.0,449.0,45.25,64.25,339.5,467.2495654695796,29.75,15.5,0.0,64.25,205.75,29.5,25.25,79.0,2.025524113764763,0.0,16.224041355814784,0.0,81720.0,0,0,0,49,UTAH
2350,490134,4.259713955494255,11.25159186908444,0.37858767053206976,0.0,0.0,0.0,0.0,2.268489583231008,0.0,0.0,0.0,0.0,0.0,0.0,0.0,0.0,1.8375450164160871,0.0,0.15482443949051425,0.2761201273244068,81720.0,0,0,0,49,UTAH
2348,490132,627.5,1824.2725770170964,0.34397271981473154,0.0,0.0,0.0,0.0,65.00049117264784,0.0,0.0,0.0,0.0,0.0,0.0,0.0,0.0,2.0255241137647624,0.0,22.68997745204861,40.28498960683447,62109.0,0,0,0,49,UTAH
2359,490143,2278.25,5743.876585629521,0.3966397895281914,0.0,0.0,0.0,0.0,1625.7722949196989,0.0,0.0,0.0,0.0,0.0,0.0,0.0,0.0,0.2533460803059274,0.0,1478.6399417173277,146.87900712206545,74211.0,0,0,0,49,UTAH
2376,490158,151.64823726827086,438.43915425329044,0.3458820586554235,64.11182663944113,0.683826133958075,0.8159681766862862,62.612032328796765,82.81817993269239,0.27244608974262413,0.4113800442154509,0.5414845134202774,0.2744836632660088,51.383610984136695,9.47776478923598,1.7356792190079398,0.014977336416143792,1.096718781330103,0.0,7.806828252428125,9.80280625949303,79647.0,0,0,0,49,UTAH
2340,490124,0.0,0.0,0.0,0.0,0.0,0.0,0.0,2.0255241137647624,0.0,0.0,0.0,0.0,0.0,0.0,0.0,0.0,2.0255241137647624,0.0,0.0,0.0,81720.0,0,0,0,49,UTAH
2361,490145,0.0,0.0,0.0,0.0,0.0,0.0,0.0,3.038286170647144,0.0,0.0,0.0,0.0,0.0,0.0,0.0,0.0,3.038286170647144,0.0,0.0,0.0,81720.0,0,0,0,49,UTAH
2362,490146,71.1118728044032,186.78104840152974,0.3807231697914637,0.0,0.0,0.0,0.0,11.096387584349836,0.0,0.0,0.0,0.0,0.0,0.0,0.0,0.0,3.9942959923747408,0.0,2.5356092000611468,4.566482391913949,81720.0,0,0,0,49,UTAH
2338,490122,0.0,0.0,0.0,0.0,0.0,0.0,0.0,0.0,0.0,0.0,0.0,0.0,0.0,0.0,0.0,0.0,0.0,0.0,0.0,0.0,81720.0,0,0,0,49,UTAH
2286,490070,0.0,0.0,0.0,0.0,0.0,0.0,0.0,4.051048227529526,0.0,0.0,0.0,0.0,0.0,0.0,0.0,0.0,4.051048227529526,0.0,0.0,0.0,81720.0,0,0,0,49,UTAH
2293,490077,0.0,0.0,0.0,2672.75,103.5,274.75,2294.5,2770.4221159900662,66.0,37.5,0.0,274.75,1778.5,75.25,149.25,291.5,3.038286170647144,0.0,94.63382981941908,0.0,81720.0,0,0,0,49,UTAH
2303,490087,23.480577364151255,62.594779468878954,0.3751203784626383,4.03346934381769,0.0,0.0,4.03346934381769,6.4284020162908675,0.0,0.0,0.0,0.0,0.01482893141109445,4.018640412406596,0.0,0.0,0.0,0.0,0.9833690328647353,1.4115636396084412,66402.0,46,0,0,49,UTAH
2304,490088,161.9546396629828,543.2934405209162,0.29809791096998844,3.3161109364873322,1.2799024667144088,0.0,2.036208469772923,19.926718716049365,1.2799024667144088,0.0,0.0,0.0,0.5235964636558945,1.5126120061170287,0.0,0.0,0.0,0.0,5.903310365751034,10.707297413810998,66402.0,0,0,0,49,UTAH
2261,490045,0.0,0.0,0.0,96.0,0.25,19.25,76.5,101.45866921865604,0.0,0.25,19.25,0.0,70.25,5.5,0.75,0.0,2.0255241137647624,0.0,3.433145104891272,0.0,66402.0,0,0,0,49,UTAH
2260,490044,0.0,0.0,0.0,0.0,0.0,0.0,0.0,4.051048227529526,0.0,0.0,0.0,0.0,0.0,0.0,0.0,0.0,4.051048227529526,0.0,0.0,0.0,66402.0,0,0,0,49,UTAH
2249,490033,0.14594160965249545,0.4915612443984852,0.2968940519936262,0.802678853088725,0.0,0.0,0.802678853088725,5.035415077756423,0.0,0.0,0.0,0.0,0.7114653470559154,0.09121350603280966,0.0,0.0,4.198852354571335,0.0,0.03388387009636286,0.0,81720.0,0,0,0,49,UTAH
2329,490113,0.0,0.0,0.0,0.0,0.0,0.0,0.0,0.0,0.0,0.0,0.0,0.0,0.0,0.0,0.0,0.0,0.0,0.0,0.0,0.0,81720.0,0,0,0,49,UTAH
2333,490117,0.056626707393240536,0.1907303531781641,0.2968940519936262,0.0,0.0,0.0,0.0,0.0020226550793061827,0.0,0.0,0.0,0.0,0.0,0.0,0.0,0.0,0.0,0.0,0.0020226550793061827,0.0,81720.0,0,0,0,49,UTAH
2330,490114,0.0,0.0,0.0,0.0,0.0,0.0,0.0,0.0,0.0,0.0,0.0,0.0,0.0,0.0,0.0,0.0,0.0,0.0,0.0,0.0,81720.0,0,0,0,49,UTAH
2331,490115,0.0,0.0,0.0,0.0,0.0,0.0,0.0,1.418193590894613,0.0,0.0,0.0,0.0,0.0,0.0,0.0,0.0,1.418193590894613,0.0,0.0,0.0,81720.0,0,0,0,49,UTAH
2326,490110,8.408944393442454,23.91653364110265,0.35159544939200343,0.04349453996608166,0.014498179988693885,0.0,0.02899635997738777,3.9939208156436403,0.014498179988693885,0.0,0.0,0.0,0.014498179988693885,0.0,0.0,0.014498179988693885,3.0970188496713837,0.0,0.31651704571264777,0.5368903802935274,81720.0,0,0,0,49,UTAH
2280,490064,0.0,0.0,0.0,263.25,11.0,81.0,171.25,273.7749644776357,11.0,0.0,0.5,80.5,141.75,2.5,12.0,15.0,1.0127620568823814,0.0,9.512202420753322,0.0,81720.0,0,0,0,49,UTAH
2277,490061,0.0,0.0,0.0,0.0,0.0,0.0,0.0,4.051048227529525,0.0,0.0,0.0,0.0,0.0,0.0,0.0,0.0,4.051048227529525,0.0,0.0,0.0,81720.0,0,0,0,49,UTAH
2263,490047,0.5710664496090097,1.2474174986611697,0.45779897285545923,181.45636436326282,1.713199348827029,27.696722806036966,152.04644220839882,189.78699715492942,0.0,1.713199348827029,27.696722806036966,0.0,144.33704513867718,4.9968314340788345,2.712565635642796,0.0,1.828202626899781,0.0,6.502430164766855,0.0,81720.0,0,0,0,49,UTAH
2254,490038,0.0,0.0,0.0,46.924651407600216,0.0,5.572302354652526,41.352349052947694,54.433937489938856,0.0,0.0,5.572302354652526,0.0,36.36660484089017,3.812627926867518,1.1731162851900054,0.0,5.833179720456398,0.0,1.6761063618822432,0.0,81720.0,0,0,0,49,UTAH
2231,490015,0.0,0.0,0.0,0.0,0.0,0.0,0.0,0.0,0.0,0.0,0.0,0.0,0.0,0.0,0.0,0.0,0.0,0.0,0.0,0.0,81720.0,0,0,0,49,UTAH
2247,490031,0.0,0.0,0.0,0.00008293055362145842,0.0,9.848003242548187e-6,0.00007308255037891023,3.0383752129923436,0.0,0.0,9.848003242548187e-6,0.0,0.00006427117905663028,6.738107481743497e-6,2.0732638405364605e-6,0.0,3.0382893202339036,0.0,2.962204818783791e-6,0.0,81720.0,0,0,0,49,UTAH
2239,490023,2.0,5.947008162704611,0.33630355723110855,0.0,0.0,0.0,0.0,0.071438201951598,0.0,0.0,0.0,0.0,0.0,0.0,0.0,0.0,0.0,0.0,0.071438201951598,0.0,81720.0,0,0,0,49,UTAH
2238,490022,9.0,29.919048241378555,0.30081170789225997,34.0,0.0,1.0,33.0,36.53677838337784,0.0,0.0,1.0,0.0,29.0,3.0,1.0,0.0,0.0,0.0,1.535921341959359,1.0008570414184803,81720.0,0,0,0,49,UTAH
2285,490069,0.0,0.0,0.0,0.0,0.0,0.0,0.0,0.0,0.0,0.0,0.0,0.0,0.0,0.0,0.0,0.0,0.0,0.0,0.0,0.0,81720.0,0,0,0,49,UTAH
2323,490107,0.0,0.0,0.0,0.0,0.0,0.0,0.0,1.0127620568823814,0.0,0.0,0.0,0.0,0.0,0.0,0.0,0.0,1.0127620568823814,0.0,0.0,0.0,81720.0,0,0,0,49,UTAH
2388,490170,9.387006098773838,30.98799075078109,0.30292399963160654,2.037177647415771,0.0,0.0,2.037177647415771,2.9912924217024335,0.0,0.0,0.0,0.0,0.873076134606759,1.164101512809012,0.0,0.0,0.0,0.0,0.40797234981763464,0.5461424244690278,81720.0,0,0,0,49,UTAH
2392,490174,0.0,0.0,0.0,0.0,0.0,0.0,0.0,4.051048227529526,0.0,0.0,0.0,0.0,0.0,0.0,0.0,0.0,4.051048227529526,0.0,0.0,0.0,81720.0,0,0,0,49,UTAH
2401,490183,0.0,0.0,0.0,0.0,0.0,0.0,0.0,4.051048227529526,0.0,0.0,0.0,0.0,0.0,0.0,0.0,0.0,4.051048227529526,0.0,0.0,0.0,81720.0,0,0,0,49,UTAH
2335,490119,0.0,0.0,0.0,0.0,0.0,0.0,0.0,2.0255241137647624,0.0,0.0,0.0,0.0,0.0,0.0,0.0,0.0,2.0255241137647624,0.0,0.0,0.0,81720.0,0,0,0,49,UTAH
2334,490118,0.0,0.0,0.0,0.0,0.0,0.0,0.0,0.0,0.0,0.0,0.0,0.0,0.0,0.0,0.0,0.0,0.0,0.0,0.0,0.0,81720.0,0,0,0,49,UTAH
2291,490075,0.0,0.0,0.0,0.0,0.0,0.0,0.0,0.0,0.0,0.0,0.0,0.0,0.0,0.0,0.0,0.0,0.0,0.0,0.0,0.0,81720.0,0,0,0,49,UTAH
2284,490068,0.0,0.0,0.0,0.0,0.0,0.0,0.0,1.0127620568823814,0.0,0.0,0.0,0.0,0.0,0.0,0.0,0.0,1.0127620568823814,0.0,0.0,0.0,81720.0,0,0,0,49,UTAH
3173,490954,0.0,0.0,0.0,49.25,9.0,24.0,16.25,51.00197335680571,7.75,1.25,24.0,0.0,0.0,11.5,1.0,3.75,0.0,0.0,1.7519733568057103,0.0,51304.0,0,0,0,49,UTAH
3071,490852,37.49999994280495,132.03061254614448,0.2840250394937671,1165.2499982227591,420.2499993590341,66.74999989819281,678.2499989655322,1210.2100533348023,286.2499995634111,133.999999795623,14.49999997788458,52.24999992030823,35.74999994547405,163.74999975024826,19.99999996949597,458.74999930031385,0.0,0.0,42.958341032259284,2.001714079783944,73772.0,692,0,0,49,UTAH
2481,490263,772.0,2616.9148579926145,0.295003865961534,0.0,0.0,0.0,0.0,77.10444298482653,0.0,0.0,0.0,0.0,0.0,0.0,0.0,0.0,0.0,0.0,27.56191972183918,49.54252326298735,96415.0,0,0,0,49,UTAH
2488,490270,384.4999990227599,1172.020002688981,0.32806607237128754,0.0,0.0,0.0,0.0,38.867591163143125,0.0,0.0,0.0,0.0,0.0,0.0,0.0,0.0,0.0,0.0,14.09626475407269,24.771326409070436,96415.0,0,0,0,49,UTAH
2489,490271,198.0,549.0433989613866,0.36062722978648365,0.0,0.0,0.0,0.0,19.9588498358103,0.0,0.0,0.0,0.0,0.0,0.0,0.0,0.0,0.0,0.0,7.197957475681755,12.760892360128548,96415.0,0,0,0,49,UTAH
2469,490251,479.75,1423.8863452862831,0.33692998151726966,262.75,58.75,45.0,159.0,321.5202393971158,50.25,8.5,0.0,45.0,6.25,16.5,28.5,107.75,1.0127620568823814,0.0,26.73062980801905,31.0268475322144,70166.0,0,0,0,49,UTAH
2462,490244,183.75,562.454474865302,0.3266931071070328,1.0,0.0,0.25,0.75,19.343000196816924,0.0,0.0,0.25,0.0,0.0,0.0,0.25,0.5,0.0,0.0,6.582406349818806,11.760593846998116,96951.0,0,0,0,49,UTAH
2433,490215,1958.0,5845.89959221572,0.3349356192513523,0.0,0.0,0.0,0.0,447.04214755597786,0.0,0.0,0.0,0.0,0.0,0.0,0.0,0.0,0.0,0.0,320.6860153922379,126.35613216374,91516.0,0,0,0,49,UTAH
2464,490246,541.0,1618.4498923117935,0.334270466184922,502.5,167.0,1.25,334.25,651.7355531175219,142.25,24.75,1.25,0.0,0.0,38.5,59.25,236.5,0.0,0.0,114.45594544645382,34.77960767106815,70166.0,0,0,0,49,UTAH
2559,490341,304.25,958.0438401405296,0.3175741936354097,0.0,0.0,0.0,0.0,31.62246680752431,0.0,0.0,0.0,0.0,0.0,0.0,0.0,0.0,0.0,0.0,12.105754495888316,19.516712311636,93988.0,0,0,0,49,UTAH
2346,490130,104.5,360.0684277725461,0.2902226130917878,152.0,0.0,0.0,152.0,168.16729688781072,0.0,0.0,0.0,0.0,0.25,151.75,0.0,0.0,0.0,0.0,9.161297597881347,7.005999289929363,74211.0,0,611,1379,49,UTAH
2399,490181,0.0,0.0,0.0,0.0,0.0,0.0,0.0,14.178668796353335,0.0,0.0,0.0,0.0,0.0,0.0,0.0,0.0,14.178668796353335,0.0,0.0,0.0,81720.0,0,0,0,49,UTAH
2396,490178,0.0,0.0,0.0,0.0,0.0,0.0,0.0,13.165906739470955,0.0,0.0,0.0,0.0,0.0,0.0,0.0,0.0,13.165906739470955,0.0,0.0,0.0,81720.0,0,0,0,49,UTAH
2400,490182,0.0,0.0,0.0,0.0,0.0,0.0,0.0,13.165906739470955,0.0,0.0,0.0,0.0,0.0,0.0,0.0,0.0,13.165906739470955,0.0,0.0,0.0,81720.0,0,0,0,49,UTAH
2327,490111,5.0,12.894016325409222,0.3877767697677638,0.0,0.0,0.0,0.0,0.1785955048789952,0.0,0.0,0.0,0.0,0.0,0.0,0.0,0.0,0.0,0.0,0.1785955048789952,0.0,81720.0,0,0,0,49,UTAH
2322,490106,2.0,4.368204897622767,0.4578539804962963,0.0,0.0,0.0,0.0,0.071438201951598,0.0,0.0,0.0,0.0,0.0,0.0,0.0,0.0,0.0,0.0,0.071438201951598,0.0,81720.0,0,0,0,49,UTAH
2272,490056,60.75,182.1022887284215,0.3336037148363335,299.5,3.5,2.0,294.0,317.5027440659796,0.0,3.5,2.0,0.0,266.25,16.25,11.5,0.0,1.0127620568823814,0.0,12.986314478700573,4.003667530396651,81720.0,0,0,0,49,UTAH
2289,490073,0.0,0.0,0.0,0.0,0.0,0.0,0.0,1.0127620568823814,0.0,0.0,0.0,0.0,0.0,0.0,0.0,0.0,1.0127620568823814,0.0,0.0,0.0,81720.0,0,0,0,49,UTAH
2283,490067,0.0,0.0,0.0,0.0,0.0,0.0,0.0,1.0127620518397504,0.0,0.0,0.0,0.0,0.0,0.0,0.0,0.0,1.0127620518397504,0.0,0.0,0.0,81720.0,0,0,0,49,UTAH
2282,490066,0.0,0.0,0.0,240.0,2.25,0.75,237.0,248.67209337504576,0.0,2.25,0.75,0.0,220.5,10.5,6.0,0.0,0.0,0.0,8.672093375045765,0.0,81720.0,0,0,0,49,UTAH
2228,490012,4.999999990070419,17.036906112395496,0.2934805155985794,0.0,0.0,0.0,0.0,12.579411226521165,0.0,0.0,0.0,0.0,0.0,0.0,0.0,0.0,12.153144658453447,0.0,0.17603734791485898,0.2502292201528564,81720.0,0,0,0,49,UTAH
2455,490237,97.69577332651897,295.26829922452623,0.3308711892983463,0.0,0.0,0.0,0.0,10.540829095813613,0.0,0.0,0.0,0.0,0.0,0.0,0.0,0.0,0.7595542974136136,0.0,3.4169524186884743,6.364322379711526,96951.0,0,0,0,49,UTAH
2619,490401,26.0,59.5457725873763,0.4366388892149835,292.0,49.25,120.75,122.0,304.87121075193943,49.25,0.0,119.0,1.75,17.5,10.5,11.0,83.0,0.0,0.0,11.370014951582744,1.5011958003566974,96918.0,0,0,0,49,UTAH
3485,491266,184.5,565.9508825010544,0.3260000217415621,177.0,45.75,2.5,128.75,202.6578161243212,14.25,31.5,2.0,0.5,115.75,11.0,1.0,1.0,0.0,0.0,13.647571518769498,12.01024460555173,84614.0,0,0,0,49,UTAH
3561,491336,0.0,0.0,0.0,0.0,0.0,0.0,0.0,0.0,0.0,0.0,0.0,0.0,0.0,0.0,0.0,0.0,0.0,0.0,0.0,0.0,67754.0,0,0,0,49,UTAH
3514,491295,0.9999999994942917,3.171539713724611,0.3153042653594604,0.0,0.0,0.0,0.0,102.32468679434989,0.0,0.0,0.0,0.0,0.0,0.0,0.0,0.0,102.28896769339214,0.0,0.035719100957735554,0.0,67754.0,0,0,0,49,UTAH
2217,490001,0.9999999985451298,2.5783867990433404,0.38783940365974573,0.0,0.0,0.0,0.0,1425.4984157871652,0.0,0.0,0.0,0.0,0.0,0.0,0.0,0.0,1425.4626966862413,0.0,0.03571910092383235,0.0,81720.0,0,0,0,49,UTAH
3553,491339,0.0,0.0,0.0,0.0,0.0,0.0,0.0,1.0127620570880476,0.0,0.0,0.0,0.0,0.0,0.0,0.0,0.0,1.0127620570880476,0.0,0.0,0.0,81720.0,0,0,0,49,UTAH
3554,491340,0.0,0.0,0.0,0.0,0.0,0.0,0.0,0.0,0.0,0.0,0.0,0.0,0.0,0.0,0.0,0.0,0.0,0.0,0.0,0.0,87096.0,0,0,0,49,UTAH
2219,490003,0.0,0.0,0.0,0.0,0.0,0.0,0.0,0.0,0.0,0.0,0.0,0.0,0.0,0.0,0.0,0.0,0.0,0.0,0.0,0.0,81720.0,0,0,0,49,UTAH
2528,490310,96.0,217.56854296602512,0.44124025785745635,567.25,145.5,13.25,408.5,596.9441216495268,63.0,82.5,13.25,0.0,21.5,85.25,29.75,272.0,0.0,0.0,23.68897940101592,6.005142248510883,107045.0,0,290,214,49,UTAH
2529,490311,3.0,8.525811427786454,0.3518726663626064,1528.75,247.5,114.5,1166.75,1583.648858407196,218.75,28.75,110.75,3.75,1.5,280.25,325.0,560.0,0.0,0.0,54.89885840719605,0.0,85040.0,0,0,0,49,UTAH
2524,490306,384.25,859.8642445277658,0.44687286678727833,64.25,16.25,4.5,43.5,105.43230435325547,13.25,3.0,4.5,0.0,0.0,6.25,8.5,28.75,0.0,0.0,16.160878317793482,25.021426035462014,107045.0,0,0,0,49,UTAH
2218,490002,0.0,0.0,0.0,0.0,0.0,0.0,0.0,3.0382861717915137,0.0,0.0,0.0,0.0,0.0,0.0,0.0,0.0,3.0382861717915137,0.0,0.0,0.0,81720.0,0,0,0,49,UTAH
3550,491338,0.0,0.0,0.0,0.0,0.0,0.0,0.0,0.0,0.0,0.0,0.0,0.0,0.0,0.0,0.0,0.0,0.0,0.0,0.0,0.0,81720.0,0,0,0,49,UTAH
3562,491346,1.0000000000322393,6.000000000193436,0.16666666666666666,0.0,0.0,0.0,0.0,0.0,0.0,0.0,0.0,0.0,0.0,0.0,0.0,0.0,0.0,0.0,0.0,0.0,67754.0,0,0,0,49,UTAH
3492,491273,45.49999988413538,141.98395411609567,0.3204587459716152,0.0,0.0,0.0,0.0,4.38235529399467,0.0,0.0,0.0,0.0,0.0,0.0,0.0,0.0,0.0,0.0,1.6301031551929548,2.752252138801715,67754.0,0,0,0,49,UTAH
2421,490203,0.0,0.0,0.0,0.0,0.0,0.0,0.0,16.204193142245614,0.0,0.0,0.0,0.0,0.0,0.0,0.0,0.0,16.204193142245614,0.0,0.0,0.0,87096.0,0,0,0,49,UTAH
2420,490202,0.0,0.0,0.0,0.0,0.0,0.0,0.0,23.293527190328554,0.0,0.0,0.0,0.0,0.0,0.0,0.0,0.0,23.293527190328554,0.0,0.0,0.0,87096.0,0,0,0,49,UTAH
2390,490172,7.0,19.630426120654757,0.35658930463229904,0.0,0.0,0.0,0.0,0.2500337068305933,0.0,0.0,0.0,0.0,0.0,0.0,0.0,0.0,0.0,0.0,0.2500337068305933,0.0,81720.0,0,0,0,49,UTAH
2394,490176,0.0,0.0,0.0,0.0,0.0,0.0,0.0,11.140382593192397,0.0,0.0,0.0,0.0,0.0,0.0,0.0,0.0,11.140382593192397,0.0,0.0,0.0,81720.0,0,0,0,49,UTAH
2931,490713,189.0,466.0799730218637,0.4055098072002636,6017.75,10.0,10.0,5997.75,6251.461148159195,8.5,1.5,10.0,0.0,4.0,5927.5,8.5,57.75,0.0,0.0,221.7008636621732,12.010284497021765,50017.0,0,0,606,49,UTAH
2502,490284,4613.749834576486,14544.06441629246,0.3172256188172613,0.0,0.0,0.0,0.0,468.64445452328897,0.0,0.0,0.0,0.0,0.0,0.0,0.0,0.0,4.05104808228138,0.0,166.83925491222567,297.75415152878185,87096.0,0,0,0,49,UTAH
2563,490345,156.24998794722325,431.40845465982045,0.36218573433019857,0.0,0.0,0.0,0.0,15.834956432096416,0.0,0.0,0.0,0.0,0.0,0.0,0.0,0.0,0.0,0.0,5.5761276799416155,10.258828752154802,83312.0,0,0,0,49,UTAH
2413,490195,0.0,0.0,0.0,0.0,0.0,0.0,0.0,4.051048227529526,0.0,0.0,0.0,0.0,0.0,0.0,0.0,0.0,4.051048227529526,0.0,0.0,0.0,81720.0,0,0,0,49,UTAH
2412,490194,0.0,0.0,0.0,0.0,0.0,0.0,0.0,3.038286170647144,0.0,0.0,0.0,0.0,0.0,0.0,0.0,0.0,3.038286170647144,0.0,0.0,0.0,81720.0,0,0,0,49,UTAH
2406,490188,0.0,0.0,0.0,0.0,0.0,0.0,0.0,4.051048227529526,0.0,0.0,0.0,0.0,0.0,0.0,0.0,0.0,4.051048227529526,0.0,0.0,0.0,81720.0,0,0,0,49,UTAH
2414,490196,0.0,0.0,0.0,0.0,0.0,0.0,0.0,4.051048227529526,0.0,0.0,0.0,0.0,0.0,0.0,0.0,0.0,4.051048227529526,0.0,0.0,0.0,81720.0,0,0,0,49,UTAH
2415,490197,0.0,0.0,0.0,0.0,0.0,0.0,0.0,3.038286170647144,0.0,0.0,0.0,0.0,0.0,0.0,0.0,0.0,3.038286170647144,0.0,0.0,0.0,81720.0,0,0,0,49,UTAH
2408,490190,0.0,0.0,0.0,22.0,0.0,0.25,21.75,24.81134433523234,0.0,0.0,0.0,0.25,18.5,3.0,0.25,0.0,2.0255241137647624,0.0,0.785820221467579,0.0,81720.0,0,0,0,49,UTAH
2410,490192,0.0,0.0,0.0,1924.75,273.75,119.75,1531.25,1993.8529069538013,156.0,117.75,0.0,119.75,278.5,80.0,245.75,927.0,0.0,0.0,69.10290695380137,0.0,81720.0,0,0,0,49,UTAH
2411,490193,148.25,380.7110069240523,0.3894029783845316,0.0,0.0,0.0,0.0,17.8671593850249,0.0,0.0,0.0,0.0,0.0,0.0,0.0,0.0,3.038286170647144,0.0,5.321299812118675,9.507573402259084,95747.0,0,0,0,49,UTAH
2393,490175,0.0,0.0,0.0,0.0,0.0,0.0,0.0,0.0,0.0,0.0,0.0,0.0,0.0,0.0,0.0,0.0,0.0,0.0,0.0,0.0,81720.0,0,0,0,49,UTAH
2427,490209,99.0,259.8292478751342,0.381019461086907,0.0,0.0,0.0,0.0,9.788893228659132,0.0,0.0,0.0,0.0,0.0,0.0,0.0,0.0,0.0,0.0,3.282933491764572,6.50595973689456,91516.0,0,0,0,49,UTAH
2424,490206,1.0,2.9724451005699755,0.3364233707153235,0.0,0.0,0.0,0.0,40.54620137627105,0.0,0.0,0.0,0.0,0.0,0.0,0.0,0.0,40.51048227529525,0.0,0.035719100975799,0.0,91516.0,0,0,0,49,UTAH
2430,490212,0.0,0.0,0.0,38.0,0.25,2.75,35.0,39.35732583708037,0.25,0.0,2.25,0.5,34.0,1.0,0.0,0.0,0.0,0.0,1.3573258370803638,0.0,91516.0,0,0,0,49,UTAH
3163,490944,0.25,1.0386146926941708,0.24070524108560312,223.25,9.0,165.5,48.75,231.2329818871002,9.0,0.0,165.5,0.0,6.0,11.0,3.5,28.25,0.0,0.0,7.9829818871002045,0.0,51304.0,0,0,0,49,UTAH
3383,491164,4.0,10.31521306032738,0.3877767697677637,227.0,74.25,4.75,148.0,236.3794186571731,67.75,6.5,4.75,0.0,0.0,10.0,18.5,119.5,1.0127620568823814,0.0,8.366656600290701,0.0,75589.0,0,0,0,49,UTAH
3393,491174,109.0,343.1065747033208,0.31768554739660904,0.0,0.0,0.0,0.0,88.02091143112028,0.0,0.0,0.0,0.0,0.0,0.0,0.0,0.0,0.0,0.0,80.7649721356867,7.255939295433585,75589.0,0,0,0,49,UTAH
2419,490201,339.2499999389593,1190.4077220004829,0.2849863905190811,45.74999999176828,16.249999997076166,1.9999999996401434,27.499999995051972,81.29449757675144,14.999999997301076,1.2499999997750897,1.9999999996401434,0.0,0.0,6.499999998830466,2.749999999505197,18.24999999671631,0.0,0.0,13.775961656138534,21.768535928844614,102760.0,0,0,0,49,UTAH
2225,490009,0.0,0.0,0.0,0.0,0.0,0.0,0.0,0.0,0.0,0.0,0.0,0.0,0.0,0.0,0.0,0.0,0.0,0.0,0.0,0.0,66402.0,0,0,0,49,UTAH
2220,490004,8.000000015161632,20.630426159753622,0.3877767697677638,0.0,0.0,0.0,0.0,1.2866098516632611,0.0,0.0,0.0,0.0,0.0,0.0,0.0,0.0,0.0,0.0,0.28575280834795214,1.0008570433153086,66402.0,0,0,0,49,UTAH
2942,490723,6.5,20.51275424535409,0.31687602368034895,0.0,0.0,0.0,0.0,0.2328259587538009,0.0,0.0,0.0,0.0,0.0,0.0,0.0,0.0,0.0,0.0,0.2328259587538009,0.0,55528.0,0,0,0,49,UTAH
3547,491328,5.0,25.0,0.2,0.0,0.0,0.0,0.0,0.0,0.0,0.0,0.0,0.0,0.0,0.0,0.0,0.0,0.0,0.0,0.0,0.0,87096.0,0,0,0,49,UTAH
3546,491327,0.0,0.0,0.0,0.0,0.0,0.0,0.0,0.0,0.0,0.0,0.0,0.0,0.0,0.0,0.0,0.0,0.0,0.0,0.0,0.0,87096.0,0,0,0,49,UTAH
3549,491330,0.0,0.0,0.0,0.0,0.0,0.0,0.0,0.0,0.0,0.0,0.0,0.0,0.0,0.0,0.0,0.0,0.0,0.0,0.0,0.0,109773.0,0,0,0,49,UTAH
3516,491297,1.99999999983763,4.367417957421448,0.45793647856374237,0.0,0.0,0.0,0.0,0.0714382019457983,0.0,0.0,0.0,0.0,0.0,0.0,0.0,0.0,0.0,0.0,0.0714382019457983,0.0,144534.0,0,0,0,49,UTAH
3531,491312,9.999999999835163,22.630724569249207,0.4418771466744479,0.0,0.0,0.0,0.0,1.3580480511540853,0.0,0.0,0.0,0.0,0.0,0.0,0.0,0.0,0.0,0.0,0.35719100975210255,1.0008570414019824,101715.0,0,0,0,49,UTAH
3538,491319,5.000000000051208,19.00000000019459,0.2631578947368421,0.0,0.0,0.0,0.0,0.0,0.0,0.0,0.0,0.0,0.0,0.0,0.0,0.0,0.0,0.0,0.0,0.0,87096.0,0,0,0,49,UTAH
3537,491318,0.0,0.0,0.0,0.0,0.0,0.0,0.0,0.0,0.0,0.0,0.0,0.0,0.0,0.0,0.0,0.0,0.0,0.0,0.0,0.0,87096.0,0,0,0,49,UTAH
3530,491311,2.2499999999462683,4.025956938159244,0.5588733398065151,0.0,0.0,0.0,0.0,0.08047163254868227,0.0,0.0,0.0,0.0,0.0,0.0,0.0,0.0,0.0,0.0,0.08047163254868227,0.0,68752.0,0,0,0,49,UTAH
3520,491301,0.0,0.0,0.0,0.0,0.0,0.0,0.0,0.0,0.0,0.0,0.0,0.0,0.0,0.0,0.0,0.0,0.0,0.0,0.0,0.0,92729.0,0,0,0,49,UTAH
3518,491299,1.0,1.0,1.0,5.0,0.0,0.0,5.0,5.0,0.0,0.0,0.0,0.0,0.0,5.0,0.0,0.0,0.0,0.0,0.0,0.0,77419.0,0,0,0,49,UTAH
3519,491300,0.0,0.0,0.0,0.0,0.0,0.0,0.0,0.0,0.0,0.0,0.0,0.0,0.0,0.0,0.0,0.0,0.0,0.0,0.0,0.0,77419.0,0,0,0,49,UTAH
3517,491298,0.0,0.0,0.0,0.0,0.0,0.0,0.0,0.0,0.0,0.0,0.0,0.0,0.0,0.0,0.0,0.0,0.0,0.0,0.0,0.0,77419.0,0,0,0,49,UTAH
3521,491302,0.9999999999136254,4.157665536464471,0.2405195875289164,0.0,0.0,0.0,0.0,0.03571910097271378,0.0,0.0,0.0,0.0,0.0,0.0,0.0,0.0,0.0,0.0,0.03571910097271378,0.0,72466.0,0,0,0,49,UTAH
3524,491305,0.0,0.0,0.0,0.0,0.0,0.0,0.0,0.0,0.0,0.0,0.0,0.0,0.0,0.0,0.0,0.0,0.0,0.0,0.0,0.0,108155.0,0,0,0,49,UTAH
3534,491315,31.0,76.0,0.40789473684210525,0.0,0.0,0.0,0.0,0.071438201951598,0.0,0.0,0.0,0.0,0.0,0.0,0.0,0.0,0.0,0.0,0.071438201951598,0.0,88236.0,0,0,0,49,UTAH
3533,491314,54.0,166.0,0.3253012048192771,0.0,0.0,0.0,0.0,0.0,0.0,0.0,0.0,0.0,0.0,0.0,0.0,0.0,0.0,0.0,0.0,0.0,87096.0,0,0,0,49,UTAH
3532,491313,41.0,87.0,0.47126436781609193,2.0,2.0,0.0,0.0,2.0,2.0,0.0,0.0,0.0,0.0,0.0,0.0,0.0,0.0,0.0,0.0,0.0,87096.0,0,0,0,49,UTAH
3535,491316,0.0,0.0,0.0,0.0,0.0,0.0,0.0,0.0,0.0,0.0,0.0,0.0,0.0,0.0,0.0,0.0,0.0,0.0,0.0,0.0,87096.0,0,0,0,49,UTAH
3536,491317,0.0,0.0,0.0,0.0,0.0,0.0,0.0,0.0,0.0,0.0,0.0,0.0,0.0,0.0,0.0,0.0,0.0,0.0,0.0,0.0,87096.0,0,0,0,49,UTAH
3539,491320,0.0,0.0,0.0,0.0,0.0,0.0,0.0,0.0,0.0,0.0,0.0,0.0,0.0,0.0,0.0,0.0,0.0,0.0,0.0,0.0,103837.0,0,0,0,49,UTAH
3540,491321,65.0,247.0,0.2631578947368421,8.0,7.2,0.0,0.8,16.0,7.2,0.0,0.0,0.0,0.8,0.0,0.0,0.0,0.0,0.0,8.0,0.0,98256.0,0,0,0,49,UTAH
3542,491323,1.0,6.0,0.16666666666666666,0.0,0.0,0.0,0.0,0.0,0.0,0.0,0.0,0.0,0.0,0.0,0.0,0.0,0.0,0.0,0.0,0.0,87096.0,0,0,0,49,UTAH
3541,491322,0.0,0.0,0.0,0.0,0.0,0.0,0.0,0.0,0.0,0.0,0.0,0.0,0.0,0.0,0.0,0.0,0.0,0.0,0.0,0.0,95466.0,0,0,0,49,UTAH
3543,491324,0.0,0.0,0.0,0.0,0.0,0.0,0.0,0.0,0.0,0.0,0.0,0.0,0.0,0.0,0.0,0.0,0.0,0.0,0.0,0.0,87096.0,0,0,0,49,UTAH
3544,491325,39.4,112.3,0.3508459483526269,26.3,0.0,0.0,26.3,26.3,0.0,0.0,0.0,0.0,0.0,0.0,26.3,0.0,0.0,0.0,0.0,0.0,87096.0,0,0,0,49,UTAH
3545,491326,36.5,151.5,0.24092409240924093,0.0,0.0,0.0,0.0,0.0,0.0,0.0,0.0,0.0,0.0,0.0,0.0,0.0,0.0,0.0,0.0,0.0,87096.0,0,0,0,49,UTAH
3560,491335,273.5762596170312,839.7235626700549,0.3257932393216946,0.0,0.0,0.0,0.0,27.205871154932474,0.0,0.0,0.0,0.0,0.0,0.0,0.0,0.0,0.0,0.0,9.697064868475888,17.508806286456586,74183.0,0,0,0,49,UTAH
3559,491334,3.0,6.354891238589104,0.4720773160967664,0.0,0.0,0.0,0.0,0.1071573029273971,0.0,0.0,0.0,0.0,0.0,0.0,0.0,0.0,0.0,0.0,0.1071573029273971,0.0,120577.0,0,0,0,49,UTAH
3551,491331,14.999999979716724,41.99999994320683,0.35714285714285715,0.0,0.0,0.0,0.0,0.0,0.0,0.0,0.0,0.0,0.0,0.0,0.0,0.0,0.0,0.0,0.0,0.0,109773.0,0,0,0,49,UTAH
3555,491332,5.0,9.0,0.5555555555555556,0.0,0.0,0.0,0.0,0.0,0.0,0.0,0.0,0.0,0.0,0.0,0.0,0.0,0.0,0.0,0.0,0.0,109773.0,0,0,0,49,UTAH
3558,491333,0.0,0.0,0.0,0.0,0.0,0.0,0.0,0.0,0.0,0.0,0.0,0.0,0.0,0.0,0.0,0.0,0.0,0.0,0.0,0.0,109773.0,0,0,0,49,UTAH
3527,491308,4.0,10.0,0.4,42.0,0.0,0.0,42.0,42.0,0.0,0.0,0.0,0.0,0.0,10.5,0.0,31.5,0.0,0.0,0.0,0.0,77419.0,0,0,0,49,UTAH
3522,491303,0.0,0.0,0.0,0.0,0.0,0.0,0.0,0.0,0.0,0.0,0.0,0.0,0.0,0.0,0.0,0.0,0.0,0.0,0.0,0.0,77419.0,0,0,0,49,UTAH
3525,491306,18.0,95.0,0.18947368421052632,0.0,0.0,0.0,0.0,2.0,0.0,0.0,0.0,0.0,0.0,0.0,0.0,0.0,0.0,0.0,2.0,0.0,81813.0,0,0,0,49,UTAH
3528,491309,34.0,83.0,0.40963855421686746,0.0,0.0,0.0,0.0,0.0,0.0,0.0,0.0,0.0,0.0,0.0,0.0,0.0,0.0,0.0,0.0,0.0,77419.0,0,0,0,49,UTAH
3523,491304,32.0,103.0,0.3106796116504854,388.6,271.79999999999995,0.0,116.8,388.6,115.6,156.2,0.0,0.0,0.0,0.0,0.0,116.8,0.0,0.0,0.0,0.0,77419.0,0,0,0,49,UTAH
3526,491307,0.0,0.0,0.0,0.0,0.0,0.0,0.0,0.0,0.0,0.0,0.0,0.0,0.0,0.0,0.0,0.0,0.0,0.0,0.0,0.0,77419.0,0,0,0,49,UTAH
3548,491329,2.0,5.0,0.4,0.0,0.0,0.0,0.0,0.0,0.0,0.0,0.0,0.0,0.0,0.0,0.0,0.0,0.0,0.0,0.0,0.0,87096.0,0,0,0,49,UTAH
3529,491310,6.0,17.0,0.35294117647058826,37.0,0.0,0.0,37.0,37.0,0.0,0.0,0.0,0.0,0.0,0.0,0.0,37.0,0.0,0.0,0.0,0.0,77419.0,0,0,0,49,UTAH
3093,490874,42.29114100790653,112.92047394851194,0.37452146213263254,82.08684201845212,22.06494313455993,5.253557889180936,54.76834099471125,120.33055060145556,18.71579998020708,3.3491431543528463,5.253557889180936,0.0,0.19700842084428508,9.784751568599493,10.704124199206156,34.082456806061316,0.0,0.0,35.549179235052755,2.694529347950664,58032.0,0,0,0,49,UTAH
3096,490877,51.176668977204834,132.06734882573082,0.3875043258779647,245.23858420706452,37.854887105782225,64.29194379282754,143.09175330845474,261.51068802354797,29.40058310685189,8.454303998930332,45.26102540369352,19.030918389134023,8.274610789095501,15.784297297415332,21.816606826271126,97.21623839567279,0.36724645053883925,0.0,12.7983872688088,3.106470097135781,58032.0,0,0,0,49,UTAH
3105,490886,111.86626113173944,314.2153302321982,0.3560178335317781,37.08827654009282,7.116939552288082,4.711213506444223,25.26012348136052,79.43394965862036,6.715985211314106,0.4009543409739765,4.510736335957235,0.20047717048698824,0.801908681947953,4.911690676931212,3.6085890687657884,15.937935053715565,0.0,0.0,35.22261205324673,7.123061065280814,58032.0,0,0,0,49,UTAH
3264,491045,30.910709220961113,89.2226020125854,0.3464448303872708,0.0,0.0,0.0,0.0,3.2926174296216297,0.0,0.0,0.0,0.0,0.0,0.0,0.0,0.0,0.0,0.0,1.10755594362881,2.18506148599282,72269.0,0,0,0,49,UTAH
3266,491047,1.9829992381561692,5.11346511855637,0.387799504285268,27.06210725013125,7.348761882578745,5.948997714468508,13.764347653083998,28.811510724888112,6.765526812532812,0.5832350700459321,5.948997714468508,0.0,0.0,5.015821602395016,0.9331761120734914,7.8153499386154905,0.4725426793485264,0.0,1.276860795408339,0.0,69330.0,0,0,0,49,UTAH
3268,491049,0.48144355229825014,0.8614958784587897,0.5588460308824105,0.0,0.0,0.0,0.0,0.992372255455361,0.0,0.0,0.0,0.0,0.0,0.0,0.0,0.0,0.9751755245966723,0.0,0.017196730858688565,0.0,69330.0,0,0,0,49,UTAH
3138,490919,0.0,0.0,0.0,0.0,0.0,0.0,0.0,0.931673572955217,0.0,0.0,0.0,0.0,0.0,0.0,0.0,0.0,0.931673572955217,0.0,0.0,0.0,51304.0,0,0,0,49,UTAH
3133,490914,0.0,0.0,0.0,0.0,0.0,0.0,0.0,1.010192995580179,0.0,0.0,0.0,0.0,0.0,0.0,0.0,0.0,1.010192995580179,0.0,0.0,0.0,51304.0,0,0,0,49,UTAH
3262,491043,72.29141537061533,205.53868957867843,0.3517168252789838,110.36084419323628,28.349574655143265,5.264921007383749,76.74634853070927,121.64856523578062,14.98477517486144,13.364799480281825,2.3287150609581966,2.9362059464255523,4.859927083738845,10.934835938412402,3.1387029082480042,57.81288260031001,0.0,0.0,6.626279116161147,4.661441926383213,69330.0,0,0,0,49,UTAH
2584,490366,479.42018732258344,1272.077374596078,0.37687973773986305,237.2233386628945,52.025532203310654,5.497037364878107,179.70076909470572,340.10900461673145,43.779976155993495,8.24555604731716,0.3272046050522682,5.169832759825838,8.441878810348522,19.239630777073373,65.3754800894432,86.64377941784063,0.0,0.0,71.90593557475847,30.979730379078504,83312.0,0,0,0,49,UTAH
2582,490364,550.8174571187603,1496.0877487022813,0.3681718920541552,39.594154270206744,4.104272088984845,15.451377276178242,20.03850490504366,101.72641617064309,3.8628443190445605,0.24142776994028503,1.2071388497014253,14.244238426476818,4.828555398805701,2.2935638144327077,5.9149803635369835,7.001405328268266,0.0,0.0,26.61186710540268,35.52039479503367,83312.0,0,0,0,49,UTAH
2586,490368,206.8326161544524,561.7827450120201,0.3681718920541551,14.867652443274247,1.5411590947296476,5.802010709570438,7.5244826389741615,38.19839134846856,1.4505026773926095,0.0906564173370381,0.4532820866851905,5.348728622885248,1.813128346740762,0.8612359647018619,2.221082224757433,2.629036102774105,0.0,0.0,9.992788033546846,13.337950871647463,83312.0,0,0,0,49,UTAH
2585,490367,252.3330374920895,669.5326285763194,0.376879373345322,124.86413583241377,27.383952915361267,2.893406624687638,94.58677629236486,179.01602394543147,23.043825658076177,4.340127257285089,0.17226995715639137,2.721136667531247,4.443723280919302,10.12696460440455,34.410945389158506,45.605143017882504,0.0,0.0,37.84633865869235,16.30554945432537,83312.0,0,0,0,49,UTAH
2580,490362,366.69402622467766,972.9735761962984,0.3768797377398631,181.4449692962676,39.79275878359524,4.204517909210063,137.44769260346231,260.1391087736157,33.485981919780144,6.306776863815095,0.2502689231672657,3.9542489860427974,6.456938217715455,14.71581268223522,50.00373084881968,66.27121085469194,0.0,0.0,54.99867907652125,23.69546040082683,83312.0,0,0,0,49,UTAH
2567,490349,135.29989825707105,372.8001648935605,0.36292875110637624,0.034480172017889686,0.0038960359217292033,0.010470702419058169,0.02011343367710232,22.524863526553446,0.0034110226622293943,0.000485013259499809,0.009579011875121229,0.0008916905439369393,0.012458544994249596,0.004728879280123138,0.0008487732041246658,0.002077236198604919,0.36583035526431346,0.0,13.428925495976994,8.69562750329425,83312.0,0,0,0,49,UTAH
2801,490583,41.26591956387259,100.90999941005623,0.4089378634934391,129.56981842184632,26.01734385864201,3.1014052281824918,100.45106933502181,141.85874040314192,20.93448529023182,5.082858568410194,3.0152550829552003,0.08615014522729143,0.0,22.22673746864119,36.786112012053444,41.43821985432718,0.0,0.0,9.61595971714672,2.6729622641488886,76529.0,0,0,0,49,UTAH
2802,490584,139.40652807675556,362.47773984171727,0.3845933494774881,135.44048175878243,22.507312854497517,2.3796277907838785,110.55354111350103,170.9038374390386,18.34296422062573,4.164348633871787,2.3796277907838785,0.0,0.0,12.889650533412675,48.3857650792722,49.27812550081615,0.0,0.0,26.432833813848163,9.030521866408037,76529.0,0,0,0,49,UTAH
2363,490147,88.9851908414841,233.72675450833376,0.38072316979146364,0.0,0.0,0.0,0.0,10.083431413635438,0.0,0.0,0.0,0.0,0.0,0.0,0.0,0.0,1.1962941359560975,0.0,3.1729113531783257,5.714225924501015,79647.0,0,0,0,49,UTAH
2256,490040,0.4289335593354847,0.9369474043597557,0.4577989728554592,136.29363847885026,1.286800678006454,20.80327762777101,114.2035601730728,142.3877606519166,0.0,1.286800678006454,20.80327762777101,0.0,108.41295712204376,3.7531686441854912,2.0374344068435524,0.0,1.210083692407093,0.0,4.8840384806592665,0.0,81720.0,0,0,0,49,UTAH
2497,490279,1961.1390050528307,5652.340196590555,0.3469605396780211,2014.0457656968179,322.6502011264604,0.0,1691.3955645703575,2529.223576774812,192.17773012914398,130.47247099731644,0.0,0.0,0.0,169.94994447565261,640.7853832920554,880.6602368026496,0.8207542555506643,0.0,387.9403224272837,126.41673439515944,70166.0,0,0,0,49,UTAH
2499,490281,555.2488390537586,1706.2966671449024,0.3254116647738876,71.0113173453133,10.210777657496031,1.591290024544836,59.20924966327244,129.5336497302056,9.547740147269016,0.663037510227015,1.458682522499433,0.132607502045403,3.580402555225881,9.149917641132808,4.840173824657209,41.63875564225654,0.4312914793529137,0.0,22.35364927057806,35.73739163496132,70166.0,0,0,0,49,UTAH
3109,490890,197.08643216731886,646.6674816456834,0.3047724491507751,4.421810978112924,1.3536156055447726,0.360964161478606,2.707231211089545,24.271761461264695,0.0902410403696515,1.263374565175121,0.0902410403696515,0.27072312110895447,0.0,0.4512052018482575,0.27072312110895447,1.985302888132333,0.0,0.0,7.205377188106465,12.644573295045308,91005.0,0,0,0,49,UTAH
3127,490908,191.7071555857275,577.2474788954589,0.33210566108067174,0.0,0.0,0.0,0.0,19.275182777237557,0.0,0.0,0.0,0.0,0.0,0.0,0.0,0.0,0.0,0.0,6.8535358110001585,12.421646966237399,113111.0,0,0,0,49,UTAH
3244,491025,86.08401852015673,221.83069061793518,0.3880618064180375,27.788525276682172,5.940300693203797,1.510245938950118,20.337978644528256,40.973754868152064,5.3362023176237505,0.6040983755800472,1.4095628763534434,0.10068306259667453,1.2081967511600944,4.530737816850354,1.6109290015467925,12.988115074971015,0.0,0.0,7.743487772718295,5.441741818751604,105921.0,0,0,0,49,UTAH
2369,490152,146.46342230877644,532.7587903423339,0.2749150740706947,8.161892808771675,0.0,0.0,8.161892808771675,23.556769160801807,0.0,0.0,0.0,0.0,0.37855585334522035,7.215503175408625,0.5678337800178306,0.0,0.43954960549552013,0.0,5.489948796931513,9.465377949603095,79647.0,0,0,0,49,UTAH
2373,490155,238.89840224800537,613.4695351974796,0.3894217863175594,0.0,0.0,0.0,0.0,24.996932922214835,0.0,0.0,0.0,0.0,0.0,0.0,0.0,0.0,1.1031029053796553,0.0,8.541160113612106,15.352669903223074,79422.0,0,0,0,49,UTAH
2935,490715,69.30798763065245,152.19755453286712,0.4553817427840824,0.0,0.0,0.0,0.0,9.637199294805557,0.0,0.0,0.0,0.0,0.0,0.0,0.0,0.0,0.4828374900168406,0.0,4.680985978055436,4.473375826733279,66338.0,0,0,0,49,UTAH
