;TAZID,CO_TAZID,TOTHH,HHPOP,HHSIZE,TOTEMP,RETEMP,INDEMP,OTHEMP,ALLEMP,RETL,FOOD,MANU,WSLE,OFFI,GVED,HLTH,OTHR,FM_AGRI,FM_MING,FM_CONS,HBJ,AVGINCOME,Enrol_Elem,Enrol_Midl,Enrol_High,CO_FIPS,CO_NAME
1,30001,0.0,0.0,0.0,0.0,0.0,0.0,0.0,0.0,0.0,0.0,0.0,0.0,0.0,0.0,0.0,0.0,0.0,0.0,0.0,0.0,68948.0,0,0,0,3,BOX ELDER
2,30002,19.0,45.0,0.4222222222222222,0.0,0.0,0.0,0.0,10.800000000000002,0.0,0.0,0.0,0.0,0.0,0.0,0.0,0.0,0.0,0.0,3.0,1.0,66905.0,0,0,0,3,BOX ELDER
3,30003,30.0,75.0,0.4,0.0,0.0,0.0,0.0,2.4,0.0,0.0,0.0,0.0,0.0,0.0,0.0,0.0,0.0,0.0,3.0,1.0,51492.0,0,0,0,3,BOX ELDER
4,30004,1.0,3.0,0.3333333333333333,0.0,0.0,0.0,0.0,1.0,0.0,0.0,0.0,0.0,0.0,0.0,0.0,0.0,0.0,0.0,0.0,0.0,51492.0,0,0,0,3,BOX ELDER
5,30005,78.99999999818351,221.99999999489543,0.3558558558558559,2.9999999999310196,0.0,0.0,2.9999999999310196,16.59999999961831,0.0,0.0,0.0,0.0,0.0,0.0,2.9999999999310196,0.0,0.0,0.0,9.999999999770065,4.999999999885032,68948.0,0,0,0,3,BOX ELDER
6,30006,4.0,10.0,0.4,9.0,0.0,9.0,0.0,5.599999999999999,0.0,0.0,0.0,9.0,0.0,0.0,0.0,0.0,0.0,0.0,1.0,0.0,51492.0,0,0,0,3,BOX ELDER
7,30007,48.99999996153078,122.99999990343441,0.3983739837398374,39.999999968596555,1.9999999984298278,30.99999997566233,6.999999994504397,149.49999988262962,1.9999999984298278,0.0,0.0,30.99999997566233,0.0,0.0,0.0,6.999999994504397,212.99999983277667,0.0,8.999999992934224,3.9999999968596556,51492.0,0,0,0,3,BOX ELDER
8,30008,62.0,174.0,0.3563218390804598,62.0,19.0,0.0,43.0,49.79999999999999,19.0,0.0,0.0,0.0,41.0,0.0,0.0,2.0,0.0,0.0,9.0,4.0,71055.0,0,0,0,3,BOX ELDER
9,30009,19.0,46.0,0.41304347826086957,103.0,0.0,103.0,0.0,75.7,0.0,0.0,0.0,103.0,0.0,0.0,0.0,0.0,0.0,0.0,3.0,1.0,,0,0,0,3,BOX ELDER
10,30010,27.0,68.0,0.39705882352941174,108.0,0.0,108.0,0.0,54.4,0.0,0.0,0.0,108.0,0.0,0.0,0.0,0.0,0.0,0.0,4.0,1.0,51492.0,0,0,0,3,BOX ELDER
11,30011,10.0,27.0,0.37037037037037035,0.0,0.0,0.0,0.0,1.2,0.0,0.0,0.0,0.0,0.0,0.0,0.0,0.0,0.0,0.0,0.0,0.0,71342.0,0,0,0,3,BOX ELDER
12,30012,21.0,58.0,0.3620689655172414,0.0,0.0,0.0,0.0,2.5,0.0,0.0,0.0,0.0,0.0,0.0,0.0,0.0,0.0,0.0,3.0,1.0,71342.0,0,0,0,3,BOX ELDER
13,30013,0.0,0.0,0.0,0.0,0.0,0.0,0.0,4.4,0.0,0.0,0.0,0.0,0.0,0.0,0.0,0.0,0.0,0.0,0.0,0.0,71342.0,0,0,0,3,BOX ELDER
14,30014,0.0,0.0,0.0,0.0,0.0,0.0,0.0,8.5,0.0,0.0,0.0,0.0,0.0,0.0,0.0,0.0,0.0,0.0,0.0,0.0,71342.0,0,0,0,3,BOX ELDER
15,30015,1.0,3.0,0.3333333333333333,301.0,0.0,291.0,10.0,326.6,0.0,0.0,123.0,168.0,0.0,0.0,0.0,10.0,48.0,0.0,6.0,0.0,66905.0,0,0,0,3,BOX ELDER
16,30016,1.0,3.0,0.3333333333333333,112.0,0.0,88.0,24.0,100.3,0.0,0.0,3.0,85.0,0.0,0.0,0.0,24.0,0.0,0.0,3.0,0.0,68948.0,0,0,0,3,BOX ELDER
17,30017,4.0,12.0,0.3333333333333333,0.0,0.0,0.0,0.0,112.8,0.0,0.0,0.0,0.0,0.0,0.0,0.0,0.0,0.0,0.0,1.0,0.0,71342.0,0,0,0,3,BOX ELDER
18,30018,0.0,0.0,0.0,773.0,0.0,773.0,0.0,795.2999999999998,0.0,0.0,524.0,249.0,0.0,0.0,0.0,0.0,0.0,0.0,14.0,0.0,71342.0,0,0,0,3,BOX ELDER
19,30019,301.0,849.0,0.3545347467608952,28.0,17.0,11.0,0.0,68.6,17.0,0.0,0.0,11.0,0.0,0.0,0.0,0.0,0.0,0.0,29.0,14.0,68948.0,0,0,0,3,BOX ELDER
20,30020,203.0,438.0,0.4634703196347032,42.0,14.0,2.0,26.0,156.4,14.0,0.0,0.0,2.0,0.0,0.0,0.0,26.0,0.0,0.0,26.0,12.0,79483.0,0,0,0,3,BOX ELDER
21,30021,0.0,0.0,0.0,477.0,0.0,477.0,0.0,495.3,0.0,0.0,432.0,45.0,0.0,0.0,0.0,0.0,0.0,0.0,10.0,0.0,68948.0,0,0,0,3,BOX ELDER
22,30022,3.0,7.0,0.42857142857142855,11.0,0.0,11.0,0.0,120.40000000000002,0.0,0.0,11.0,0.0,0.0,0.0,0.0,0.0,0.0,0.0,0.0,0.0,68948.0,0,0,0,3,BOX ELDER
23,30023,4.0,12.0,0.3333333333333333,53.0,0.0,53.0,0.0,180.2,0.0,0.0,22.0,31.0,0.0,0.0,0.0,0.0,0.0,0.0,1.0,0.0,68948.0,0,0,0,3,BOX ELDER
24,30024,178.0,501.0,0.35528942115768464,1.0,0.0,0.0,1.0,31.2,0.0,0.0,0.0,0.0,0.0,0.0,1.0,0.0,0.0,0.0,16.0,8.0,68948.0,0,0,0,3,BOX ELDER
25,30025,404.0,1140.0,0.3543859649122807,151.0,6.0,2.0,143.0,173.80000000000004,6.0,0.0,0.0,2.0,0.0,122.0,16.0,5.0,0.0,0.0,56.0,25.0,61738.0,0,0,0,3,BOX ELDER
26,30026,272.0,653.0,0.4165390505359878,215.0,19.0,36.0,160.0,190.7,19.0,0.0,14.0,22.0,0.0,55.0,84.0,21.0,0.0,0.0,38.0,16.0,54266.0,0,0,0,3,BOX ELDER
27,30027,0.0,0.0,0.0,0.0,0.0,0.0,0.0,67.6,0.0,0.0,0.0,0.0,0.0,0.0,0.0,0.0,0.0,0.0,0.0,0.0,71342.0,0,0,0,3,BOX ELDER
28,30028,1.0,3.0,0.3333333333333333,87.0,0.0,87.0,0.0,325.5,0.0,0.0,87.0,0.0,0.0,0.0,0.0,0.0,0.0,0.0,3.0,0.0,71342.0,0,0,0,3,BOX ELDER
29,30029,311.0,839.0,0.3706793802145411,2.0,0.0,2.0,0.0,24.8,0.0,0.0,0.0,2.0,0.0,0.0,0.0,0.0,0.0,0.0,26.0,12.0,71342.0,0,0,0,3,BOX ELDER
30,30030,388.0,764.0,0.5078534031413613,119.0,16.0,9.0,94.0,99.90000000000002,16.0,0.0,0.0,9.0,47.0,0.0,37.0,10.0,0.0,0.0,59.0,28.0,50633.0,0,0,0,3,BOX ELDER
31,30031,293.0,605.0,0.484297520661157,236.0,69.0,82.0,85.0,190.9,6.0,63.0,82.0,0.0,44.0,0.0,0.0,41.0,0.0,0.0,40.0,17.0,48874.0,0,0,0,3,BOX ELDER
32,30032,150.0,360.0,0.4166666666666667,2.0,0.0,2.0,0.0,15.0,0.0,0.0,0.0,2.0,0.0,0.0,0.0,0.0,0.0,0.0,18.0,9.0,54597.0,0,0,0,3,BOX ELDER
33,30033,218.0,449.0,0.48552338530066813,16.0,0.0,16.0,0.0,22.5,0.0,0.0,0.0,16.0,0.0,0.0,0.0,0.0,0.0,0.0,24.0,12.0,47880.0,0,0,0,3,BOX ELDER
34,30034,268.0,643.0,0.416796267496112,24.0,2.0,16.0,6.0,25.7,2.0,0.0,16.0,0.0,6.0,0.0,0.0,0.0,0.0,0.0,33.0,15.0,72580.0,0,0,0,3,BOX ELDER
35,30035,375.0,830.0,0.45180722891566266,0.0,0.0,0.0,0.0,13.800000000000002,0.0,0.0,0.0,0.0,0.0,0.0,0.0,0.0,0.0,0.0,47.0,23.0,69784.0,0,0,0,3,BOX ELDER
36,30036,105.0,225.0,0.4666666666666667,0.0,0.0,0.0,0.0,15.4,0.0,0.0,0.0,0.0,0.0,0.0,0.0,0.0,0.0,0.0,14.0,7.0,79483.0,0,0,0,3,BOX ELDER
37,30037,0.0,0.0,0.0,5.0,0.0,0.0,5.0,96.0,0.0,0.0,0.0,0.0,0.0,0.0,0.0,5.0,0.0,0.0,0.0,0.0,71342.0,0,0,0,3,BOX ELDER
38,30038,0.0,0.0,0.0,1628.0,0.0,1599.0,29.0,1232.8,0.0,0.0,1599.0,0.0,0.0,25.0,4.0,0.0,0.0,0.0,34.0,0.0,71342.0,0,0,0,3,BOX ELDER
39,30039,80.0,216.0,0.37037037037037035,145.0,19.0,0.0,126.0,190.7,19.0,0.0,0.0,0.0,0.0,0.0,4.0,122.0,0.0,0.0,14.0,5.0,63775.0,0,0,0,3,BOX ELDER
40,30040,391.0,770.0,0.5077922077922078,322.0,43.0,25.0,254.0,280.2,43.0,0.0,0.0,25.0,65.0,96.0,33.0,60.0,0.0,0.0,70.0,30.0,44064.0,0,0,0,3,BOX ELDER
41,30041,145.0,286.0,0.506993006993007,387.0,243.0,0.0,144.0,585.6,243.0,0.0,0.0,0.0,0.0,0.0,30.0,114.0,0.0,0.0,29.0,10.0,37413.0,0,0,0,3,BOX ELDER
42,30042,87.0,172.0,0.5058139534883721,84.0,0.0,0.0,84.0,87.7,0.0,0.0,0.0,0.0,3.0,0.0,0.0,81.0,0.0,0.0,13.0,5.0,37413.0,0,0,0,3,BOX ELDER
43,30043,258.0,571.0,0.45183887915936954,98.0,0.0,2.0,96.0,96.3,0.0,0.0,0.0,2.0,0.0,46.0,50.0,0.0,0.0,0.0,34.0,15.0,69838.0,0,0,0,3,BOX ELDER
44,30044,133.0,343.0,0.3877551020408163,0.0,0.0,0.0,0.0,16.0,0.0,0.0,0.0,0.0,0.0,0.0,0.0,0.0,0.0,0.0,21.0,10.0,79596.0,0,0,0,3,BOX ELDER
45,30045,120.0,309.0,0.3883495145631068,41.0,0.0,0.0,41.0,48.4,0.0,0.0,0.0,0.0,41.0,0.0,0.0,0.0,0.0,0.0,10.0,4.0,79606.0,0,0,0,3,BOX ELDER
46,30046,0.0,0.0,0.0,0.0,0.0,0.0,0.0,0.0,0.0,0.0,0.0,0.0,0.0,0.0,0.0,0.0,0.0,0.0,0.0,0.0,79606.0,0,0,0,3,BOX ELDER
47,30047,3.0,7.0,0.42857142857142855,0.0,0.0,0.0,0.0,0.0,0.0,0.0,0.0,0.0,0.0,0.0,0.0,0.0,0.0,0.0,0.0,0.0,71342.0,0,0,0,3,BOX ELDER
48,30048,11.0,30.0,0.36666666666666664,0.0,0.0,0.0,0.0,2.0,0.0,0.0,0.0,0.0,0.0,0.0,0.0,0.0,0.0,0.0,1.0,0.0,71342.0,0,0,0,3,BOX ELDER
49,30049,0.0,0.0,0.0,113.0,113.0,0.0,0.0,318.4,86.0,27.0,0.0,0.0,0.0,0.0,0.0,0.0,0.0,0.0,3.0,0.0,71342.0,0,0,0,3,BOX ELDER
50,30050,4.0,12.0,0.3333333333333333,273.0,0.0,60.0,213.0,495.6000000000001,0.0,0.0,13.0,47.0,37.0,113.0,58.0,5.0,0.0,0.0,7.0,0.0,71342.0,0,0,0,3,BOX ELDER
51,30051,7.0,16.0,0.4375,91.0,0.0,57.0,34.0,101.0,0.0,0.0,12.0,45.0,19.0,0.0,15.0,0.0,0.0,0.0,3.0,0.0,53556.0,0,0,0,3,BOX ELDER
52,30052,67.0,130.0,0.5153846153846153,1895.0,0.0,190.0,1705.0,1802.8,0.0,0.0,190.0,0.0,0.0,0.0,30.0,1675.0,0.0,0.0,63.0,4.0,36260.0,0,0,0,3,BOX ELDER
53,30053,322.0,621.0,0.5185185185185185,1508.0,373.0,81.0,1054.0,1249.0,327.0,46.0,7.0,74.0,72.0,400.0,72.0,510.0,0.0,0.0,76.0,19.0,36260.0,0,0,0,3,BOX ELDER
54,30054,188.0,495.0,0.3797979797979798,721.0,65.0,20.0,636.0,670.1,14.0,51.0,20.0,0.0,103.0,258.0,87.0,188.0,0.0,0.0,47.0,14.0,40402.0,0,0,0,3,BOX ELDER
55,30055,219.0,579.0,0.37823834196891193,256.0,0.0,1.0,255.0,218.9,0.0,0.0,1.0,0.0,3.0,235.0,0.0,17.0,0.0,0.0,34.0,13.0,40402.0,0,0,0,3,BOX ELDER
56,30056,52.0,132.0,0.3939393939393939,0.0,0.0,0.0,0.0,3.4,0.0,0.0,0.0,0.0,0.0,0.0,0.0,0.0,0.0,0.0,6.0,3.0,79606.0,0,0,0,3,BOX ELDER
57,30057,69.0,177.0,0.3898305084745763,0.0,0.0,0.0,0.0,7.599999999999999,0.0,0.0,0.0,0.0,0.0,0.0,0.0,0.0,0.0,0.0,13.0,6.0,79606.0,0,0,0,3,BOX ELDER
58,30058,0.0,0.0,0.0,0.0,0.0,0.0,0.0,0.0,0.0,0.0,0.0,0.0,0.0,0.0,0.0,0.0,0.0,0.0,0.0,0.0,79606.0,0,0,0,3,BOX ELDER
59,30059,0.0,0.0,0.0,0.0,0.0,0.0,0.0,57.5,0.0,0.0,0.0,0.0,0.0,0.0,0.0,0.0,0.0,0.0,0.0,0.0,71342.0,0,0,0,3,BOX ELDER
60,30060,0.0,0.0,0.0,0.0,0.0,0.0,0.0,60.70000000000001,0.0,0.0,0.0,0.0,0.0,0.0,0.0,0.0,0.0,0.0,0.0,0.0,71342.0,0,0,0,3,BOX ELDER
61,30061,344.0,1010.0,0.3405940594059406,0.0,0.0,0.0,0.0,25.7,0.0,0.0,0.0,0.0,0.0,0.0,0.0,0.0,0.0,0.0,36.0,17.0,52227.0,0,0,0,3,BOX ELDER
62,30062,271.0,795.0,0.34088050314465407,16.0,2.0,0.0,14.0,78.1,2.0,0.0,0.0,0.0,0.0,0.0,0.0,14.0,0.0,0.0,34.0,16.0,52635.0,0,0,0,3,BOX ELDER
63,30063,26.0,60.0,0.43333333333333335,239.0,0.0,0.0,239.0,196.2,0.0,0.0,0.0,0.0,0.0,239.0,0.0,0.0,0.0,0.0,9.0,2.0,53556.0,0,0,0,3,BOX ELDER
64,30064,296.0,871.0,0.33983926521239954,110.0,86.0,0.0,24.0,168.2,0.0,86.0,0.0,0.0,0.0,0.0,0.0,24.0,0.0,0.0,40.0,18.0,52227.0,0,0,0,3,BOX ELDER
65,30065,367.0,860.0,0.42674418604651165,82.0,49.0,0.0,33.0,83.2,49.0,0.0,0.0,0.0,0.0,6.0,1.0,26.0,0.0,0.0,50.0,23.0,53556.0,0,0,0,3,BOX ELDER
66,30066,183.0,336.0,0.5446428571428571,137.0,85.0,0.0,52.0,144.0,60.0,25.0,0.0,0.0,0.0,0.0,9.0,43.0,0.0,0.0,33.0,14.0,44338.0,0,0,0,3,BOX ELDER
67,30067,182.0,479.0,0.37995824634655534,144.0,97.0,0.0,47.0,121.09999999999998,97.0,0.0,0.0,0.0,3.0,0.0,1.0,43.0,0.0,0.0,29.0,12.0,42956.0,0,0,0,3,BOX ELDER
68,30068,228.0,600.0,0.38,41.0,0.0,0.0,41.0,45.5,0.0,0.0,0.0,0.0,0.0,0.0,22.0,19.0,0.0,0.0,33.0,16.0,44041.0,0,0,0,3,BOX ELDER
69,30069,39.0,102.0,0.38235294117647056,24.0,0.0,0.0,24.0,78.1,0.0,0.0,0.0,0.0,0.0,0.0,0.0,24.0,0.0,0.0,6.0,2.0,42956.0,0,0,0,3,BOX ELDER
70,30070,137.0,252.0,0.5436507936507936,26.0,0.0,0.0,26.0,32.4,0.0,0.0,0.0,0.0,9.0,0.0,0.0,17.0,0.0,0.0,16.0,7.0,45647.0,0,0,0,3,BOX ELDER
71,30071,0.0,0.0,0.0,0.0,0.0,0.0,0.0,0.0,0.0,0.0,0.0,0.0,0.0,0.0,0.0,0.0,0.0,0.0,0.0,0.0,44592.0,0,0,0,3,BOX ELDER
72,30072,123.0,324.0,0.37962962962962965,90.0,2.0,4.0,84.0,95.3,2.0,0.0,0.0,4.0,0.0,0.0,0.0,84.0,0.0,0.0,16.0,7.0,43896.0,0,0,0,3,BOX ELDER
73,30073,4.0,13.0,0.3076923076923077,0.0,0.0,0.0,0.0,1.1,0.0,0.0,0.0,0.0,0.0,0.0,0.0,0.0,0.0,0.0,1.0,0.0,84675.0,0,0,0,3,BOX ELDER
74,30074,0.0,0.0,0.0,0.0,0.0,0.0,0.0,160.8,0.0,0.0,0.0,0.0,0.0,0.0,0.0,0.0,0.0,0.0,0.0,0.0,71342.0,0,0,0,3,BOX ELDER
75,30075,176.0,517.0,0.3404255319148936,205.0,21.0,0.0,184.0,629.3,6.0,15.0,0.0,0.0,0.0,50.0,117.0,17.0,0.0,0.0,27.0,11.0,52227.0,0,0,0,3,BOX ELDER
76,30076,116.0,340.0,0.3411764705882353,9.0,0.0,0.0,9.0,210.7,0.0,0.0,0.0,0.0,0.0,0.0,7.0,2.0,0.0,0.0,13.0,6.0,52227.0,0,0,0,3,BOX ELDER
77,30077,103.0,302.0,0.34105960264900664,874.0,0.0,42.0,832.0,1007.2000000000002,0.0,0.0,42.0,0.0,0.0,187.0,635.0,10.0,0.0,0.0,44.0,11.0,52227.0,0,0,0,3,BOX ELDER
78,30078,564.0,1285.0,0.43891050583657587,185.0,97.0,2.0,86.0,348.8999999999999,76.0,21.0,0.0,2.0,0.0,0.0,12.0,74.0,0.0,0.0,81.0,37.0,46674.0,0,0,0,3,BOX ELDER
79,30079,54.0,124.0,0.43548387096774194,408.0,180.0,0.0,228.0,486.3999999999999,70.0,110.0,0.0,0.0,16.0,69.0,119.0,24.0,0.0,0.0,20.0,5.0,46674.0,0,0,0,3,BOX ELDER
80,30080,215.0,489.0,0.4396728016359918,286.0,119.0,0.0,167.0,416.8,23.0,96.0,0.0,0.0,25.0,142.0,0.0,0.0,0.0,0.0,33.0,13.0,46674.0,0,0,0,3,BOX ELDER
81,30081,31.0,57.0,0.543859649122807,183.0,0.0,0.0,183.0,322.1,0.0,0.0,0.0,0.0,0.0,69.0,0.0,114.0,0.0,0.0,18.0,6.0,45683.0,0,0,0,3,BOX ELDER
82,30082,451.0,828.0,0.5446859903381642,435.0,137.0,13.0,285.0,505.1000000000001,58.0,79.0,4.0,9.0,53.0,0.0,87.0,145.0,0.0,0.0,80.0,34.0,45683.0,0,0,0,3,BOX ELDER
83,30083,0.0,0.0,0.0,227.0,215.0,0.0,12.0,241.2,88.0,127.0,0.0,0.0,0.0,0.0,0.0,12.0,0.0,0.0,6.0,0.0,93342.0,0,0,0,3,BOX ELDER
84,30084,0.0,0.0,0.0,237.0,122.0,0.0,115.0,321.8,97.0,25.0,0.0,0.0,6.0,76.0,16.0,17.0,0.0,0.0,6.0,0.0,93342.0,0,0,0,3,BOX ELDER
85,30085,56.0,156.0,0.358974358974359,96.0,4.0,25.0,67.0,135.5,4.0,0.0,0.0,25.0,6.0,0.0,13.0,48.0,0.0,0.0,10.0,3.0,93342.0,0,0,0,3,BOX ELDER
86,30086,1.0,3.0,0.3333333333333333,29.0,29.0,0.0,0.0,212.5,25.0,4.0,0.0,0.0,0.0,0.0,0.0,0.0,0.0,0.0,0.0,0.0,71342.0,0,0,0,3,BOX ELDER
87,30087,0.0,0.0,0.0,0.0,0.0,0.0,0.0,24.3,0.0,0.0,0.0,0.0,0.0,0.0,0.0,0.0,0.0,0.0,0.0,0.0,93342.0,0,0,0,3,BOX ELDER
88,30088,4.0,12.0,0.3333333333333333,0.0,0.0,0.0,0.0,36.3,0.0,0.0,0.0,0.0,0.0,0.0,0.0,0.0,29.0,0.0,0.0,0.0,93342.0,0,0,0,3,BOX ELDER
89,30089,90.0,252.0,0.35714285714285715,373.0,321.0,9.0,43.0,352.0,4.0,317.0,0.0,9.0,0.0,0.0,0.0,43.0,0.0,0.0,14.0,3.0,93342.0,0,0,0,3,BOX ELDER
90,30090,72.0,200.0,0.36,950.0,668.0,22.0,260.0,730.7000000000002,592.0,76.0,22.0,0.0,187.0,63.0,0.0,10.0,0.0,0.0,29.0,4.0,93342.0,0,0,0,3,BOX ELDER
91,30091,272.0,763.0,0.3564875491480996,170.0,0.0,4.0,166.0,137.3,0.0,0.0,0.0,4.0,137.0,0.0,3.0,26.0,0.0,0.0,37.0,17.0,93342.0,0,0,0,3,BOX ELDER
92,30092,283.0,795.0,0.3559748427672956,81.0,0.0,11.0,70.0,198.7,0.0,0.0,9.0,2.0,12.0,0.0,25.0,33.0,0.0,0.0,33.0,15.0,93342.0,0,0,0,3,BOX ELDER
93,30093,0.0,0.0,0.0,0.0,0.0,0.0,0.0,41.2,0.0,0.0,0.0,0.0,0.0,0.0,0.0,0.0,0.0,0.0,0.0,0.0,71901.0,0,0,0,3,BOX ELDER
94,30094,29.0,85.0,0.3411764705882353,0.0,0.0,0.0,0.0,26.600000000000005,0.0,0.0,0.0,0.0,0.0,0.0,0.0,0.0,0.0,0.0,4.0,2.0,71901.0,0,0,0,3,BOX ELDER
95,30095,334.0,989.0,0.33771486349848334,120.0,51.0,2.0,67.0,206.7,0.0,51.0,0.0,2.0,6.0,0.0,25.0,36.0,0.0,0.0,46.0,21.0,71901.0,0,0,0,3,BOX ELDER
96,30096,331.0,927.0,0.35706580366774543,17.0,0.0,0.0,17.0,72.8,0.0,0.0,0.0,0.0,0.0,0.0,12.0,5.0,0.0,0.0,50.0,24.0,93342.0,0,0,0,3,BOX ELDER
97,30097,0.0,0.0,0.0,0.0,0.0,0.0,0.0,0.0,0.0,0.0,0.0,0.0,0.0,0.0,0.0,0.0,0.0,0.0,0.0,0.0,71342.0,0,0,0,3,BOX ELDER
98,30098,0.0,0.0,0.0,0.0,0.0,0.0,0.0,5.400000000000001,0.0,0.0,0.0,0.0,0.0,0.0,0.0,0.0,0.0,0.0,0.0,0.0,71342.0,0,0,0,3,BOX ELDER
99,30099,0.0,0.0,0.0,0.0,0.0,0.0,0.0,0.0,0.0,0.0,0.0,0.0,0.0,0.0,0.0,0.0,0.0,0.0,0.0,0.0,90006.0,0,0,0,3,BOX ELDER
100,30100,27.0,67.0,0.40298507462686567,3.0,0.0,0.0,3.0,13.9,0.0,0.0,0.0,0.0,0.0,0.0,3.0,0.0,0.0,0.0,3.0,2.0,90006.0,0,0,0,3,BOX ELDER
101,30101,606.0,1500.0,0.404,133.0,15.0,11.0,107.0,160.4,0.0,15.0,0.0,11.0,6.0,21.0,32.0,48.0,0.0,0.0,76.0,35.0,83414.0,0,0,0,3,BOX ELDER
102,30102,0.0,0.0,0.0,0.0,0.0,0.0,0.0,0.0,0.0,0.0,0.0,0.0,0.0,0.0,0.0,0.0,0.0,0.0,0.0,0.0,90006.0,0,0,0,3,BOX ELDER
103,30103,301.0,744.0,0.40456989247311825,9.0,0.0,4.0,5.0,34.9,0.0,0.0,0.0,4.0,0.0,0.0,3.0,2.0,0.0,0.0,34.0,16.0,90006.0,0,0,0,3,BOX ELDER
104,30104,90.0,223.0,0.40358744394618834,143.0,0.0,1.0,142.0,150.9,0.0,0.0,1.0,0.0,0.0,142.0,0.0,0.0,0.0,0.0,14.0,5.0,90006.0,0,0,0,3,BOX ELDER
105,30105,37.0,87.0,0.42528735632183906,5.0,5.0,0.0,0.0,55.0,0.0,5.0,0.0,0.0,0.0,0.0,0.0,0.0,0.0,0.0,6.0,2.0,80348.0,0,0,0,3,BOX ELDER
106,30106,10.0,24.0,0.4166666666666667,12.0,12.0,0.0,0.0,344.2,12.0,0.0,0.0,0.0,0.0,0.0,0.0,0.0,533.0,0.0,3.0,1.0,74493.0,0,0,0,3,BOX ELDER
107,30107,0.0,0.0,0.0,0.0,0.0,0.0,0.0,0.0,0.0,0.0,0.0,0.0,0.0,0.0,0.0,0.0,0.0,0.0,0.0,0.0,80348.0,0,0,0,3,BOX ELDER
108,30108,13.0,30.0,0.43333333333333335,0.0,0.0,0.0,0.0,23.7,0.0,0.0,0.0,0.0,0.0,0.0,0.0,0.0,0.0,0.0,1.0,1.0,80348.0,0,0,0,3,BOX ELDER
109,30109,0.0,0.0,0.0,0.0,0.0,0.0,0.0,4.8,0.0,0.0,0.0,0.0,0.0,0.0,0.0,0.0,0.0,0.0,0.0,0.0,71342.0,0,0,0,3,BOX ELDER
110,30110,3.0,6.0,0.5,0.0,0.0,0.0,0.0,4.0,0.0,0.0,0.0,0.0,0.0,0.0,0.0,0.0,0.0,0.0,0.0,0.0,80348.0,0,0,0,3,BOX ELDER
111,30111,0.0,0.0,0.0,0.0,0.0,0.0,0.0,8.1,0.0,0.0,0.0,0.0,0.0,0.0,0.0,0.0,0.0,0.0,0.0,0.0,80348.0,0,0,0,3,BOX ELDER
112,30112,0.0,0.0,0.0,0.0,0.0,0.0,0.0,7.400000000000001,0.0,0.0,0.0,0.0,0.0,0.0,0.0,0.0,0.0,0.0,0.0,0.0,80348.0,0,0,0,3,BOX ELDER
113,30113,34.0,80.0,0.425,0.0,0.0,0.0,0.0,16.0,0.0,0.0,0.0,0.0,0.0,0.0,0.0,0.0,0.0,0.0,4.0,2.0,80348.0,0,0,0,3,BOX ELDER
114,30114,44.0,108.0,0.4074074074074074,2.0,0.0,2.0,0.0,6.3,0.0,0.0,0.0,2.0,0.0,0.0,0.0,0.0,0.0,0.0,6.0,3.0,74493.0,0,0,0,3,BOX ELDER
115,30115,0.0,0.0,0.0,68.0,68.0,0.0,0.0,86.0,68.0,0.0,0.0,0.0,0.0,0.0,0.0,0.0,0.0,0.0,1.0,0.0,80348.0,0,0,0,3,BOX ELDER
116,30116,0.0,0.0,0.0,22.0,0.0,22.0,0.0,55.0,0.0,0.0,22.0,0.0,0.0,0.0,0.0,0.0,0.0,0.0,0.0,0.0,80348.0,0,0,0,3,BOX ELDER
117,30117,27.0,64.0,0.421875,25.0,25.0,0.0,0.0,35.8,25.0,0.0,0.0,0.0,0.0,0.0,0.0,0.0,0.0,0.0,4.0,2.0,80348.0,0,0,0,3,BOX ELDER
118,30118,6.0,14.0,0.42857142857142855,0.0,0.0,0.0,0.0,17.4,0.0,0.0,0.0,0.0,0.0,0.0,0.0,0.0,0.0,0.0,0.0,0.0,74493.0,0,0,0,3,BOX ELDER
119,30119,0.0,0.0,0.0,44.0,0.0,0.0,44.0,35.9,0.0,0.0,0.0,0.0,0.0,44.0,0.0,0.0,0.0,0.0,1.0,0.0,80348.0,0,0,0,3,BOX ELDER
120,30120,31.0,73.0,0.4246575342465753,2.0,2.0,0.0,0.0,32.6,2.0,0.0,0.0,0.0,0.0,0.0,0.0,0.0,0.0,0.0,4.0,2.0,80348.0,0,0,0,3,BOX ELDER
121,30121,64.0,150.0,0.4266666666666667,4.0,0.0,2.0,2.0,15.6,0.0,0.0,0.0,2.0,0.0,0.0,0.0,2.0,0.0,11.0,7.0,4.0,80348.0,0,0,0,3,BOX ELDER
122,30122,20.0,49.0,0.40816326530612246,0.0,0.0,0.0,0.0,22.100000000000005,0.0,0.0,0.0,0.0,0.0,0.0,0.0,0.0,0.0,0.0,3.0,1.0,74493.0,0,0,0,3,BOX ELDER
123,30123,0.0,0.0,0.0,0.0,0.0,0.0,0.0,0.0,0.0,0.0,0.0,0.0,0.0,0.0,0.0,0.0,0.0,0.0,0.0,0.0,80348.0,0,0,0,3,BOX ELDER
124,30124,97.0,228.0,0.42543859649122806,2.0,0.0,0.0,2.0,13.300000000000002,0.0,0.0,0.0,0.0,0.0,0.0,0.0,2.0,0.0,0.0,13.0,6.0,80348.0,0,0,0,3,BOX ELDER
125,30125,86.0,201.0,0.42786069651741293,83.0,0.0,0.0,83.0,68.8,0.0,0.0,0.0,0.0,16.0,67.0,0.0,0.0,0.0,0.0,13.0,5.0,80348.0,0,0,0,3,BOX ELDER
126,30126,251.0,608.0,0.4128289473684211,10.0,0.0,10.0,0.0,19.5,0.0,0.0,8.0,2.0,0.0,0.0,0.0,0.0,0.0,0.0,31.0,16.0,74493.0,0,0,0,3,BOX ELDER
127,30127,29.0,67.0,0.43283582089552236,0.0,0.0,0.0,0.0,8.5,0.0,0.0,0.0,0.0,0.0,0.0,0.0,0.0,0.0,0.0,17.0,8.0,80348.0,0,0,0,3,BOX ELDER
128,30128,115.0,269.0,0.4275092936802974,11.0,0.0,11.0,0.0,18.9,0.0,0.0,0.0,11.0,0.0,0.0,0.0,0.0,0.0,0.0,10.0,4.0,80348.0,0,0,0,3,BOX ELDER
129,30129,94.0,221.0,0.4253393665158371,0.0,0.0,0.0,0.0,14.4,0.0,0.0,0.0,0.0,0.0,0.0,0.0,0.0,0.0,0.0,1.0,1.0,80348.0,0,0,0,3,BOX ELDER
130,30130,64.0,156.0,0.41025641025641024,1.0,0.0,1.0,0.0,7.7,0.0,0.0,1.0,0.0,0.0,0.0,0.0,0.0,0.0,0.0,11.0,6.0,74493.0,0,0,0,3,BOX ELDER
131,30131,156.0,379.0,0.41160949868073876,0.0,0.0,0.0,0.0,11.4,0.0,0.0,0.0,0.0,0.0,0.0,0.0,0.0,0.0,0.0,10.0,5.0,74493.0,0,0,0,3,BOX ELDER
132,30132,46.0,111.0,0.4144144144144144,4.0,0.0,4.0,0.0,98.90000000000002,0.0,0.0,4.0,0.0,0.0,0.0,0.0,0.0,145.0,0.0,6.0,3.0,74493.0,0,0,0,3,BOX ELDER
133,30133,241.0,564.0,0.42730496453900707,8.0,0.0,0.0,8.0,37.8,0.0,0.0,0.0,0.0,3.0,0.0,0.0,5.0,0.0,0.0,27.0,13.0,80348.0,0,0,0,3,BOX ELDER
134,30134,3.0,6.0,0.5,0.0,0.0,0.0,0.0,1.8,0.0,0.0,0.0,0.0,0.0,0.0,0.0,0.0,0.0,0.0,1.0,0.0,80348.0,0,0,0,3,BOX ELDER
135,30135,9.0,20.0,0.45,0.0,0.0,0.0,0.0,0.1,0.0,0.0,0.0,0.0,0.0,0.0,0.0,0.0,0.0,0.0,0.0,0.0,80348.0,0,0,0,3,BOX ELDER
136,30136,213.0,517.0,0.4119922630560928,25.0,0.0,11.0,14.0,86.90000000000002,0.0,0.0,0.0,11.0,12.0,0.0,0.0,2.0,0.0,0.0,27.0,13.0,74493.0,0,0,0,3,BOX ELDER
137,30137,6.0,13.0,0.46153846153846156,63.0,0.0,63.0,0.0,31.600000000000005,0.0,0.0,0.0,63.0,0.0,0.0,0.0,0.0,0.0,0.0,1.0,0.0,80348.0,0,0,0,3,BOX ELDER
138,30138,210.0,493.0,0.4259634888438134,70.0,0.0,14.0,56.0,85.0,0.0,0.0,14.0,0.0,37.0,0.0,0.0,19.0,0.0,0.0,27.0,13.0,80348.0,0,0,0,3,BOX ELDER
139,30139,57.0,139.0,0.41007194244604317,15.0,0.0,0.0,15.0,131.3,0.0,0.0,0.0,0.0,0.0,15.0,0.0,0.0,0.0,55.0,7.0,3.0,74493.0,0,0,0,3,BOX ELDER
140,30140,4.0,9.0,0.4444444444444444,0.0,0.0,0.0,0.0,0.2,0.0,0.0,0.0,0.0,0.0,0.0,0.0,0.0,0.0,0.0,1.0,0.0,80348.0,0,0,0,3,BOX ELDER
141,30141,0.0,0.0,0.0,0.0,0.0,0.0,0.0,0.3,0.0,0.0,0.0,0.0,0.0,0.0,0.0,0.0,0.0,0.0,0.0,0.0,80348.0,0,0,0,3,BOX ELDER
142,30142,0.0,0.0,0.0,0.0,0.0,0.0,0.0,0.0,0.0,0.0,0.0,0.0,0.0,0.0,0.0,0.0,0.0,0.0,0.0,0.0,80348.0,0,0,0,3,BOX ELDER
143,30143,79.0,184.0,0.42934782608695654,123.0,47.0,76.0,0.0,113.5,47.0,0.0,0.0,76.0,0.0,0.0,0.0,0.0,0.0,0.0,13.0,5.0,80348.0,0,0,0,3,BOX ELDER
144,30144,0.0,0.0,0.0,0.0,0.0,0.0,0.0,0.0,0.0,0.0,0.0,0.0,0.0,0.0,0.0,0.0,0.0,0.0,0.0,0.0,80348.0,0,0,0,3,BOX ELDER
145,30145,20.0,43.0,0.46511627906976744,0.0,0.0,0.0,0.0,15.5,0.0,0.0,0.0,0.0,0.0,0.0,0.0,0.0,0.0,0.0,3.0,1.0,78516.0,0,0,0,3,BOX ELDER
146,30146,0.0,0.0,0.0,0.0,0.0,0.0,0.0,12.4,0.0,0.0,0.0,0.0,0.0,0.0,0.0,0.0,0.0,0.0,0.0,0.0,,0,0,0,3,BOX ELDER
147,30147,0.0,0.0,0.0,0.0,0.0,0.0,0.0,1.6000000000000003,0.0,0.0,0.0,0.0,0.0,0.0,0.0,0.0,0.0,0.0,0.0,0.0,84675.0,0,0,0,3,BOX ELDER
148,30148,0.0,0.0,0.0,0.0,0.0,0.0,0.0,0.0,0.0,0.0,0.0,0.0,0.0,0.0,0.0,0.0,0.0,0.0,0.0,0.0,79483.0,0,0,0,3,BOX ELDER
149,30149,0.0,0.0,0.0,0.0,0.0,0.0,0.0,0.0,0.0,0.0,0.0,0.0,0.0,0.0,0.0,0.0,0.0,0.0,0.0,0.0,79483.0,0,0,0,3,BOX ELDER
150,30150,627.0,1996.0,0.31412825651302606,137.0,33.0,4.0,100.0,238.7,33.0,0.0,0.0,4.0,6.0,57.0,11.0,26.0,0.0,0.0,64.0,30.0,84445.0,0,0,0,3,BOX ELDER
151,30151,46.0,146.0,0.3150684931506849,29.0,0.0,29.0,0.0,46.20000000000001,0.0,0.0,29.0,0.0,0.0,0.0,0.0,0.0,0.0,0.0,4.0,2.0,84675.0,0,0,0,3,BOX ELDER
152,30152,4.0,10.0,0.4,0.0,0.0,0.0,0.0,0.0,0.0,0.0,0.0,0.0,0.0,0.0,0.0,0.0,0.0,0.0,0.0,0.0,74493.0,0,0,0,3,BOX ELDER
153,30153,0.0,0.0,0.0,0.0,0.0,0.0,0.0,0.0,0.0,0.0,0.0,0.0,0.0,0.0,0.0,0.0,0.0,0.0,0.0,0.0,74493.0,0,0,0,3,BOX ELDER
582,110001,233.75,661.935202430402,0.3531312417616545,0.0,0.0,0.0,0.0,67.42037028993927,0.0,0.0,0.0,0.0,0.0,0.0,0.0,0.0,39.556734951066325,0.0,17.10920945762468,10.75442588124827,91175.0,0,0,0,11,DAVIS
583,110002,1322.25,3768.814965163574,0.3508397234202268,0.0,0.0,0.0,0.0,232.69522000634765,0.0,0.0,0.0,0.0,0.0,0.0,0.0,0.0,35.51973231868807,0.0,135.40137027152346,61.77411741613611,91175.0,0,0,0,11,DAVIS
584,110003,213.25,650.0930894115368,0.32802994443923955,14.75,1.5,1.25,12.0,64.51008574007628,1.25,0.25,0.5,0.75,1.25,1.5,1.75,7.5,9.574207489184458,0.0,29.93183731403976,10.254040936852055,93635.0,0,0,0,11,DAVIS
585,110004,1425.75,4448.070598041435,0.3205322327005743,36.0,4.75,1.0,30.25,248.28885791133604,3.75,1.0,0.5,0.5,2.25,0.75,4.5,22.75,4.282743140595061,0.0,141.23036164540278,66.77575312533821,93635.0,0,0,0,11,DAVIS
586,110005,161.75,407.3356282699824,0.39709268910990514,0.0,0.0,0.0,0.0,24.65679274198364,0.0,0.0,0.0,0.0,0.0,0.0,0.0,0.0,12.346443862280978,0.0,5.05755868294786,7.252790196754798,91175.0,0,0,0,11,DAVIS
587,110006,253.75,784.3993802502317,0.3234959210689981,5.0,0.0,0.0,5.0,34.60753533528863,0.0,0.0,0.0,0.0,2.75,0.5,0.0,1.75,7.810989878312424,0.0,10.042215885856326,11.75432957111988,93635.0,0,0,0,11,DAVIS
588,110007,301.0,929.7033234350664,0.3237591954472806,72.25,0.25,31.5,40.5,118.06875173309996,0.0,0.25,0.5,31.0,31.25,0.0,0.75,8.5,4.03245638205009,0.0,27.780779051849198,14.005516299200696,93635.0,0,0,0,11,DAVIS
589,110008,187.75,540.813572503649,0.3471621452302461,0.0,0.0,0.0,0.0,21.35466471624181,0.0,0.0,0.0,0.0,0.0,0.0,0.0,0.0,6.299577352827237,0.0,6.30159157791691,8.753495785497666,93635.0,0,0,0,11,DAVIS
590,110009,323.25,982.9542952369518,0.32885557504184576,0.0,0.0,0.0,0.0,42.16830032295183,0.0,0.0,0.0,0.0,0.0,0.0,0.0,0.0,4.535453983968555,0.0,22.37684901565028,15.255997323333,93635.0,0,0,0,11,DAVIS
591,110010,290.75,890.9447708194649,0.3263389713063546,0.0,0.0,0.0,0.0,36.48366436194403,0.0,0.0,0.0,0.0,0.0,0.0,0.0,0.0,2.771632534438756,0.0,20.206740060001955,13.50529176750332,93635.0,0,0,0,11,DAVIS
592,110011,227.25,552.767865534971,0.41111289958953484,0.0,0.0,0.0,0.0,32.94174471662639,0.0,0.0,0.0,0.0,0.0,0.0,0.0,0.0,2.518921691065262,0.0,19.668621692450994,10.754201333110132,91175.0,0,0,0,11,DAVIS
593,110012,356.0,1034.96657304777,0.3439724617884528,99.0,0.25,0.0,98.75,141.65116887198872,0.25,0.0,0.0,0.0,0.5,89.5,2.5,6.25,3.779141700018831,0.0,22.36532425167045,16.506702920299418,90061.0,945,0,0,11,DAVIS
594,110013,353.75,996.1286170432744,0.3551248241918866,516.5,13.25,21.75,481.5,565.8212861382249,11.0,2.25,1.75,20.0,50.25,76.75,91.75,262.75,0.7551002415354631,0.0,31.80967541564646,16.756510481042987,89302.0,0,0,0,11,DAVIS
595,110014,570.75,1585.4428278030152,0.3599940596980728,207.0,5.0,6.0,196.0,279.47632858493733,3.75,1.25,1.25,4.75,3.5,163.0,6.75,22.75,1.007811084908957,0.0,44.95828679230005,26.510230707728358,89302.0,877,1342,0,11,DAVIS
596,110015,419.25,1077.802898837619,0.38898577880255253,78.75,17.25,2.75,58.75,119.82418846206969,15.25,2.0,1.25,1.5,3.25,1.5,10.75,43.25,1.007811084908957,0.0,20.55884064654945,19.507536730611264,60058.0,0,0,0,11,DAVIS
597,110016,314.25,748.4033752704005,0.41989388394521937,0.0,0.0,0.0,0.0,53.171829289395546,0.0,0.0,0.0,0.0,0.0,0.0,0.0,0.0,5.7944575854091305,0.0,32.87185547060575,14.505516233380655,91175.0,0,0,0,11,DAVIS
598,110017,1607.0,4531.250772280989,0.3546482154178043,57.75,7.0,2.25,48.5,505.8150581814776,5.25,1.75,1.5,0.75,8.0,2.25,4.5,33.75,8.566090119847887,0.0,364.470489055989,75.02847900564068,91175.0,0,0,0,11,DAVIS
599,110018,999.5,2901.015593514306,0.3445345148211355,218.75,17.25,14.0,187.5,357.7419066603042,11.25,6.0,5.0,9.0,11.5,3.75,23.5,148.75,6.299577352827237,0.0,86.42408068868164,46.268248618795305,97179.0,0,0,0,11,DAVIS
600,110019,360.25,934.8184885132538,0.3853689292912315,1107.25,423.5,59.0,624.75,1204.029232371243,277.5,146.0,17.0,42.0,69.75,24.5,111.25,419.25,10.07811084908957,0.0,69.69457900629796,17.006542515855788,97584.0,0,0,0,11,DAVIS
601,110020,406.0,1070.719668218408,0.3791842179153686,13.0,2.0,1.0,10.0,57.346869952241256,1.75,0.25,0.5,0.5,1.5,0.5,3.25,4.75,0.7551002415354631,0.0,24.334297107322957,19.257472603382844,67768.0,0,0,0,11,DAVIS
602,110021,685.5,2248.9644015912863,0.3048069589340609,0.0,0.0,0.0,0.0,62.18927554378833,0.0,0.0,0.0,0.0,0.0,0.0,0.0,0.0,10.33234001930494,0.0,19.84401074094905,32.01292478353434,91175.0,0,0,0,11,DAVIS
603,110022,378.0,1166.1807008676292,0.32413501588456317,50.75,0.0,0.75,50.0,81.3629131092144,0.0,0.0,0.25,0.5,37.75,1.0,2.25,9.0,0.5036014405762305,0.0,12.10238429890852,18.006927369729656,93208.0,0,0,0,11,DAVIS
604,110023,600.75,1243.688492255074,0.4830389633265091,10.75,1.75,2.0,7.0,155.52091276793442,1.0,0.75,1.25,0.75,1.75,0.0,0.75,4.5,0.5036014405762305,0.0,116.25692040441012,28.01039092294808,83139.0,0,0,0,11,DAVIS
605,110024,638.0,1307.134852023211,0.4880904208257397,290.5,18.25,12.5,259.75,544.490775298745,12.5,5.75,2.75,9.75,16.5,9.0,18.0,216.25,2.518921691065262,0.0,221.71066085164244,29.76119275603729,72574.0,0,0,0,11,DAVIS
606,110025,338.5,952.1697736563518,0.3555038285873673,0.0,0.0,0.0,0.0,25.312247054219718,0.0,0.0,0.0,0.0,0.0,0.0,0.0,0.0,0.0,0.0,9.556249772017114,15.7559972822026,72495.0,0,0,0,11,DAVIS
607,110026,308.0,771.8159632724838,0.39905886202986307,12.75,1.0,5.25,6.5,38.308705730625846,1.0,0.0,0.75,4.5,0.0,0.0,0.25,6.25,0.0,0.0,11.553317776391673,14.005387954234177,60368.0,0,0,0,11,DAVIS
608,110027,258.75,800.1906051957841,0.3233604572709163,2.0,0.0,0.0,2.0,26.384410347725083,0.0,0.0,0.0,0.0,0.25,0.0,0.25,1.5,3.2752339750149866,0.0,8.854526066721222,12.254650305988877,93635.0,0,0,0,11,DAVIS
609,110028,964.25,3660.671898699544,0.2634079280206867,740.75,150.5,45.25,545.0,884.4325110649237,78.0,72.5,13.75,31.5,47.0,102.0,35.75,360.25,0.0,0.0,98.41516055640749,45.267350508516216,83139.0,734,0,0,11,DAVIS
610,110029,246.0,661.0832201699966,0.37211653918056103,2015.0,577.75,76.25,1361.0,2101.830109105471,394.75,183.0,8.5,67.75,120.25,262.5,150.0,828.25,0.0,0.0,75.32577952612752,11.504329579343429,72574.0,531,0,0,11,DAVIS
611,110030,384.5,1094.8638452761884,0.35118521965898575,190.0,30.75,6.5,152.75,224.97208301313455,30.0,0.75,0.25,6.25,16.5,59.25,9.75,67.25,0.0,0.0,16.965155643404927,18.006927369729656,72574.0,541,0,0,11,DAVIS
612,110031,464.0,1251.4096070967046,0.37078187459059814,93.25,7.75,8.0,77.5,134.4905106677011,7.5,0.25,1.0,7.0,7.25,8.0,8.75,53.5,0.0,0.0,19.232043882475985,22.00846678522513,74962.0,0,0,0,11,DAVIS
613,110032,171.0,510.773999688481,0.3347860308165494,5.25,0.0,0.25,5.0,46.72731304122895,0.0,0.0,0.0,0.25,0.0,0.0,0.75,4.25,0.0,0.0,33.47423421023799,8.003078830990958,93635.0,0,0,0,11,DAVIS
614,110033,863.75,2556.0655544208585,0.33792169316866544,359.5,100.5,12.0,247.0,439.0451306483811,35.0,65.5,4.5,7.5,15.5,6.25,133.0,92.25,0.0,0.0,39.52973649342633,40.01539415495479,81139.0,0,0,0,11,DAVIS
615,110034,181.25,507.15448524624594,0.35738617181310167,2040.5,833.0,66.0,1141.5,2111.4647122885544,680.0,153.0,6.75,59.25,112.0,44.75,166.25,818.5,0.0,0.0,62.7115051702,8.253207118354654,96912.0,0,0,0,11,DAVIS
616,110035,401.5,1135.3662522644283,0.35363038068044506,84.25,2.25,2.25,79.75,117.46778882510812,1.75,0.5,0.0,2.25,4.5,52.5,6.5,16.25,0.0,0.0,14.710572788235451,18.50721603687267,96912.0,480,0,0,11,DAVIS
617,110036,509.0,1318.948322702061,0.3859135276484814,23.25,1.75,7.0,14.5,63.53172498303877,1.5,0.25,0.75,6.25,0.0,0.25,2.25,12.0,0.0,0.0,16.522552617294316,23.75917236574445,91112.0,0,0,0,11,DAVIS
618,110037,674.0,2051.396182742739,0.32855671940407666,489.5,9.75,54.25,425.5,627.844803902155,6.5,3.25,21.5,32.75,42.75,39.5,31.25,312.0,0.5045115636616092,0.0,106.3281373367124,31.512155001781007,81139.0,0,0,0,11,DAVIS
619,110038,671.0,2094.0669114733346,0.32042911156449183,81.5,15.5,7.0,59.0,215.50294698670348,4.5,11.0,2.5,4.5,14.5,1.5,8.5,34.5,3.2752339750149866,0.0,99.46555792761504,31.26215508407347,96912.0,0,0,0,11,DAVIS
620,110039,395.25,1021.2492872314508,0.3870259739142638,0.0,0.0,0.0,0.0,40.1736382256297,0.0,0.0,0.0,0.0,0.0,0.0,0.0,0.0,1.007811084908957,0.0,20.90877148362739,18.257055657093357,94690.0,0,0,0,11,DAVIS
621,110040,577.75,1480.916950035933,0.390129912407297,9.0,0.0,4.0,5.0,52.57369704090437,0.0,0.0,3.0,1.0,0.0,0.0,2.0,3.0,0.0,0.0,16.563305986309878,27.01039105459449,65721.0,0,0,0,11,DAVIS
622,110041,559.25,1417.7447453170118,0.39446451968682844,706.0,152.75,43.5,509.75,771.4158146284921,147.25,5.5,3.25,40.25,75.0,78.0,75.5,281.25,0.0,0.0,39.15545556757365,26.260359060918415,66155.0,299,0,0,11,DAVIS
623,110042,0.0,0.0,0.0,4091.25,3.0,968.0,3120.25,4206.734264577784,0.0,3.0,968.0,0.0,1827.75,481.5,0.0,811.0,0.0,0.0,115.4842645777835,0.0,49014.0,0,0,0,11,DAVIS
624,110043,605.5,1619.0440980252777,0.3739861074435951,319.75,44.5,21.5,253.75,388.62858258360376,41.25,3.25,3.0,18.5,15.5,66.25,46.0,126.0,0.0,0.0,40.61764629535609,28.26093628824767,58909.0,333,0,0,11,DAVIS
625,110044,530.75,1384.0283744927744,0.3834820223209021,221.25,7.75,11.5,202.0,275.4826289705329,6.25,1.5,1.0,10.5,7.25,107.25,14.25,73.25,0.0,0.0,29.47316800346551,24.759460967067422,55845.0,0,964,0,11,DAVIS
626,110045,0.0,0.0,0.0,814.5,4.75,1.75,808.0,837.4913143975066,3.75,1.0,1.0,0.75,290.25,429.0,18.0,70.75,0.0,0.0,22.99131439750664,0.0,49014.0,0,0,0,11,DAVIS
627,110046,575.0,1545.213357196864,0.37211689720511754,380.25,30.25,31.75,318.25,458.9257154352241,23.5,6.75,15.5,16.25,24.5,53.75,34.25,205.75,0.0,0.0,51.66561299013807,27.01010244508596,60255.0,305,0,0,11,DAVIS
628,110047,0.0,0.0,0.0,4127.0,24.5,13.5,4089.0,4243.490658015967,20.0,4.5,6.75,6.75,1250.5,2141.25,366.5,330.75,0.0,0.0,116.49065801596724,0.0,49014.0,0,0,0,11,DAVIS
629,110048,0.0,0.0,0.0,1899.2500056658046,0.50000000149159,419.50000125144396,1479.250004412869,1952.8546906007452,0.50000000149159,0.0,418.5000012484608,1.00000000298318,0.0,1425.500004252523,2.750000008203745,51.00000015214218,0.0,0.0,53.60468493494063,0.0,49014.0,0,0,0,11,DAVIS
630,110049,0.0,0.0,0.0,5271.25,0.0,311.25,4960.0,5420.036110468057,0.0,0.0,311.25,0.0,372.25,4511.75,2.0,74.0,0.0,0.0,148.78611046805725,0.0,49014.0,0,0,0,11,DAVIS
631,110050,0.0,0.0,0.0,8305.25,0.0,251.5,8053.75,8539.685166157626,0.0,0.0,251.5,0.0,1116.75,6753.0,0.0,184.0,0.0,0.0,234.4351661576258,0.0,49014.0,0,0,0,11,DAVIS
632,110051,393.0,905.3557932466856,0.43408348732233476,45.0,0.0,0.0,45.0,75.37012112058373,0.0,0.0,0.0,0.0,0.0,1.25,0.5,43.25,0.0,0.0,12.363193750854084,18.006927369729656,49014.0,0,0,0,11,DAVIS
633,110052,0.0,0.0,0.0,516.9999931552475,0.0,0.24999999669015835,516.7499931585573,531.5928411162049,0.0,0.0,0.0,0.24999999669015835,323.9999957104452,136.2499981961363,1.9999999735212668,54.49999927845452,0.0,0.0,14.592847960957478,0.0,49014.0,0,0,0,11,DAVIS
634,110053,46.00000142560706,143.07794420725017,0.32150309176217606,14081.750436413962,305.5000094678904,31.750000983978786,13744.500425962093,14482.529423893324,250.00000774786446,55.500001720025914,16.500000511359055,15.250000472619732,743.250023034401,11804.750365846412,448.50001389966883,748.0000231816105,0.0,0.0,398.7782177096088,2.0007697697545095,49014.0,0,0,0,11,DAVIS
635,110054,267.25,806.7678102569289,0.3312601179698651,460.5,31.25,21.5,407.75,505.3827547001978,24.25,7.0,4.75,16.75,35.5,9.75,35.25,327.25,11.84102217553399,0.0,20.536889771169648,12.504842753494176,94630.0,0,0,0,11,DAVIS
636,110055,577.0,1744.8148561550126,0.33069411230915047,582.5,9.0,22.25,551.25,671.1311848255649,5.75,3.25,5.5,16.75,47.75,116.0,68.5,319.0,16.62827687979066,0.0,44.99251691586933,27.010391029904845,94630.0,817,0,0,11,DAVIS
637,110056,612.25,1615.7745359479054,0.3789204411745598,101.25,1.5,4.75,95.0,160.68919658864982,0.75,0.75,0.0,4.75,4.5,45.75,5.0,39.75,4.534543860883176,0.0,26.393491924294025,28.511160803472624,94669.0,0,0,0,11,DAVIS
638,110057,688.0,1777.0452460854403,0.38715952872644016,386.5,40.5,14.0,332.0,472.09892780158185,38.5,2.0,2.0,12.0,28.25,71.25,23.5,209.0,1.007811084908957,0.0,52.57880139270908,32.01231532396383,105552.0,370,251,0,11,DAVIS
639,110058,4.0,9.393218876280905,0.4258391135865596,125.5,43.75,2.0,79.75,237.4084074586352,1.25,42.5,1.0,1.0,5.5,1.5,13.5,59.25,0.0,108.24,3.668407458635177,0.0,105552.0,0,0,0,11,DAVIS
640,110059,0.0,0.0,0.0,0.0,0.0,0.0,0.0,0.0,0.0,0.0,0.0,0.0,0.0,0.0,0.0,0.0,0.0,0.0,0.0,0.0,105552.0,0,0,0,11,DAVIS
641,110060,187.75000249539153,546.9790970567525,0.34324895321532056,44.500000591450984,2.750000036550342,6.500000086391717,35.25000046850893,99.34238305169607,0.25000000332275835,2.5000000332275834,0.5000000066455167,6.000000079746201,7.50000009968275,1.2500000166137917,3.0000000398731004,23.500000312339285,7.306478411761462,0.0,38.782825125819514,8.75307892266411,107637.0,0,0,0,11,DAVIS
642,110061,455.25,1285.2224188570524,0.35421884439648477,17.75,0.0,0.25,17.5,52.11105698441787,0.0,0.0,0.0,0.25,8.5,0.25,1.25,7.5,0.0,0.0,13.353071305617506,21.00798567880037,107062.0,0,0,0,11,DAVIS
643,110062,682.25,1775.7309744397255,0.3842079739670374,379.75,77.5,35.25,267.0,459.2198184839309,61.5,16.0,6.75,28.5,18.25,72.0,27.75,149.0,0.0,0.0,47.95756725428223,31.5122512296486,60506.0,462,0,0,11,DAVIS
644,110063,441.25,1073.026841785442,0.41121990878232895,0.0,0.0,0.0,0.0,36.46301987354165,0.0,0.0,0.0,0.0,0.0,0.0,0.0,0.0,0.0,0.0,15.705066229554074,20.757953643987573,72140.0,0,0,0,11,DAVIS
645,110064,775.25,2332.347070150825,0.33239049621798666,426.25,90.25,18.5,317.5,515.6486033263606,36.75,53.5,7.75,10.75,47.0,15.25,45.5,209.75,0.0,0.0,52.88481278817953,36.51379053818098,46352.0,0,0,0,11,DAVIS
646,110065,871.75,1759.3249860722983,0.4955025404068103,1526.25,119.75,97.5,1309.0,1664.7233516411472,89.75,30.0,6.25,91.25,143.75,190.75,232.25,742.25,0.0,0.0,97.70760466713148,40.76574697401587,51332.0,462,0,0,11,DAVIS
647,110066,0.0,0.0,0.0,3762.0,30.25,711.5,3020.25,3868.1881916134175,30.25,0.0,711.5,0.0,1899.75,58.0,1.5,1061.0,0.0,0.0,106.18819161341835,0.0,49014.0,0,0,0,11,DAVIS
648,110067,535.0,1141.3526211951666,0.46874207853465577,0.0,0.0,0.0,0.0,52.868798658832176,0.0,0.0,0.0,0.0,0.0,0.0,0.0,0.0,1.007811084908957,0.0,26.85136622707647,25.009621346846743,70231.0,0,0,0,11,DAVIS
649,110068,276.25,638.3647660742123,0.43274631477371495,24.75,16.25,1.0,7.5,70.52419917775313,16.25,0.0,0.75,0.25,0.25,0.25,0.25,6.75,2.015622169817914,0.0,30.75370222784546,13.00487478008976,88595.0,0,0,0,11,DAVIS
650,110069,406.75,938.3639037877748,0.43346722775473756,6.25,0.25,2.75,3.25,36.91850354229511,0.0,0.25,0.0,2.75,0.0,0.0,0.0,3.25,0.0,0.0,11.661255478826858,19.007248063468253,88595.0,0,0,0,11,DAVIS
651,110070,0.0,0.0,0.0,441.5,20.25,216.25,205.0,453.965038048927,16.5,3.75,42.0,174.25,4.5,0.0,31.75,168.75,0.0,0.0,12.465038048927028,0.0,88595.0,0,0,0,11,DAVIS
652,110071,36.0,83.76851004705942,0.42975576358915707,600.75,9.25,258.75,332.75,620.723907598629,8.75,0.5,157.5,101.25,11.0,14.75,200.5,106.5,0.0,0.0,17.973137890881244,2.0007697077477395,82312.0,0,0,0,11,DAVIS
653,110072,928.75,1805.1531981310443,0.5144992685172518,501.5,51.75,26.0,423.75,725.1336091832329,49.0,2.75,4.0,22.0,51.75,2.5,113.75,255.75,0.0,0.0,180.1167397070978,43.51686947613504,35289.0,0,0,0,11,DAVIS
654,110073,682.9999993662292,1488.5119440028184,0.45884751017149783,717.2499993344478,151.99999985895582,31.24999997100243,533.9999995044896,823.545267427083,90.24999991625502,61.7499999427008,6.749999993736525,24.499999977265908,70.99999993411753,20.249999981209577,127.49999988168992,315.2499997074725,0.0,0.0,74.28298489079187,32.0122832018433,57882.0,0,0,0,11,DAVIS
655,110074,693.9999990198767,2055.4023440014685,0.33764678776652246,79.24999988807669,0.49999999929385924,0.0,78.74999988878282,133.08820518216152,0.24999999964692962,0.24999999964692962,0.0,0.0,0.24999999964692962,53.24999992479601,5.249999992585522,19.99999997175437,0.0,0.0,21.825890015331403,32.012315278753434,52244.0,528,0,0,11,DAVIS
656,110075,410.5,1369.144806233412,0.29982219421282885,0.0,0.0,0.0,0.0,33.35100111961193,0.0,0.0,0.0,0.0,0.0,0.0,0.0,0.0,1.007811084908957,0.0,13.335877811099444,19.007312223603527,87014.0,0,0,0,11,DAVIS
657,110076,1.0,1.192601897576918,0.8385027745065315,4265.0,85.0,2996.5,1183.5,4385.414755201848,78.5,6.5,2603.0,393.5,200.0,66.75,203.25,713.5,0.0,0.0,120.41475520184756,0.0,53084.0,0,0,0,11,DAVIS
658,110077,786.25,1516.068605405855,0.518611095300347,76.25,5.0,6.25,65.0,143.6196958402839,3.75,1.25,1.0,5.25,16.25,0.75,12.5,35.5,0.0,0.0,30.855616593816848,36.514079246467055,35195.0,0,0,0,11,DAVIS
659,110078,309.0000000217632,590.411622784331,0.5233636806886447,560.5000000394766,40.250000002834845,13.500000000950818,506.7500000356909,635.5464862436297,19.75000000139101,20.500000001443837,4.500000000316939,9.000000000633879,42.25000000297571,141.75000000998358,53.00000000373284,269.7500000189988,0.0,0.0,60.54074542161271,14.505740782540451,53595.0,550,988,0,11,DAVIS
660,110079,840.75,1602.5343191692314,0.5246377503078078,1986.5,64.75,47.75,1874.0,2155.216845090424,53.0,11.75,10.5,37.25,131.75,412.75,480.75,848.75,0.0,0.0,129.70206033746842,39.01478475295545,53532.0,0,0,2016,11,DAVIS
661,110080,1279.0,2650.9838598659817,0.4824623866494075,3104.25,364.25,74.25,2665.75,3464.403749893414,274.5,89.75,14.75,59.5,808.0,56.0,453.75,1348.0,0.0,0.0,300.3808832502755,59.77286664313832,60401.0,0,0,0,11,DAVIS
662,110081,933.75,1893.355174726712,0.4931721276937794,1366.75,122.75,76.0,1168.0,1475.7004281924972,118.5,4.25,3.75,72.25,75.5,32.75,85.75,974.0,0.0,0.0,65.43378328918995,43.51664490330726,59130.0,0,0,0,11,DAVIS
663,110082,291.75,624.396373535994,0.467251272373352,4852.25,107.75,3656.75,1087.75,5064.96209141722,58.5,49.25,3299.5,357.25,67.5,342.0,151.75,526.5,2.015622169817914,0.0,197.1914020280368,13.50506721936518,53084.0,0,0,0,11,DAVIS
664,110083,1283.7500005052202,2434.234865910887,0.5273731053987031,726.0000002857175,111.25000004378248,41.000000016135566,573.7500002257995,886.4912873889241,46.750000018398474,64.500000025384,8.000000003148402,33.00000001298716,33.500000013183936,49.750000019579126,104.00000004092924,386.5000001521072,0.0,0.0,100.46826000728765,60.023027095919,40944.0,0,0,0,11,DAVIS
665,110084,1025.5,2669.079040571026,0.3842149237291239,358.0,47.25,33.5,277.25,531.1025873859319,44.0,3.25,6.0,27.5,21.75,73.75,33.0,148.75,2.7704204920244946,0.0,122.56346937629591,47.76869751761146,60917.0,711,0,0,11,DAVIS
666,110085,1224.25,3601.315497212677,0.3399452230573903,546.0,103.0,21.25,421.75,661.9934973918657,78.25,24.75,3.5,17.75,34.5,60.5,165.5,161.25,0.5042096443327266,0.0,58.21699821653105,57.27228953100205,87488.0,0,0,0,11,DAVIS
667,110086,1515.25,4510.22919603231,0.3359585365047478,7.5,0.25,1.25,6.0,195.53023949240304,0.25,0.0,0.75,0.5,1.0,0.0,0.5,4.5,3.0234332547268714,0.0,114.22928907461642,70.77751716305974,94203.0,0,0,0,11,DAVIS
668,110087,1079.5,3268.019200890163,0.33032241662042844,87.75,10.0,4.25,73.5,390.29324425630455,7.25,2.75,2.5,1.75,11.0,2.5,13.5,46.5,20.661945304255013,0.0,231.61173546591596,50.26956348613364,97584.0,0,0,0,11,DAVIS
669,110088,219.25,571.3513139257142,0.38373938180617606,934.25,70.75,234.25,629.25,1050.8339762716607,31.0,39.75,59.5,174.75,50.75,314.0,62.0,202.5,2.015622169817914,0.0,104.31447350360172,10.253880598241135,67768.0,748,0,2240,11,DAVIS
670,110089,1028.0,2978.42274010288,0.34514912411812,71.5,6.75,3.25,61.5,159.10510821380586,5.0,1.75,1.25,2.0,4.75,2.25,1.75,52.75,2.015622169817914,0.0,37.57085267003935,48.01863337394862,91175.0,0,0,0,11,DAVIS
671,110090,412.0,1094.0554422710254,0.3765805498346373,288.0,45.0,35.5,207.5,333.29067933020025,5.25,39.75,4.75,30.75,14.5,3.0,124.0,66.0,4.03245638205009,0.0,22.25084653972168,19.00737640842844,97584.0,0,0,0,11,DAVIS
672,110091,374.0,1252.3242169943182,0.2986447079156793,130.75,52.25,5.75,72.75,163.01106475408315,7.5,44.75,1.25,4.5,13.0,1.75,25.5,32.5,1.007811084908957,0.0,14.24671115331843,17.006542515855788,87014.0,0,0,0,11,DAVIS
673,110092,421.25,1391.6481544385474,0.3026986373362101,12.0,0.0,0.0,12.0,52.50444085623391,0.0,0.0,0.0,0.0,4.25,0.0,0.25,7.5,1.7638214495297988,0.0,18.98295438872916,19.75766501797496,91175.0,0,0,0,11,DAVIS
674,110093,568.25,1676.5645491624605,0.33893714398522456,1489.0,660.0,93.5,735.5,1589.0968324991736,482.25,177.75,16.0,77.5,70.0,163.5,90.75,411.25,1.007811084908957,0.0,72.57869445398538,26.51032696027925,97584.0,0,1318,0,11,DAVIS
675,110094,796.5,2204.8999245002915,0.3612408849714642,486.75,51.0,5.25,430.5,635.7335894514144,42.0,9.0,1.0,4.25,21.75,242.0,88.75,78.0,0.0,0.0,111.71922157071756,37.26436788069688,80015.0,1800,0,0,11,DAVIS
676,110095,5.0,12.897152676485977,0.38768246956678853,124.75,4.0,41.0,79.75,141.5142457438497,2.25,1.75,0.75,40.25,8.25,20.5,4.25,46.75,13.101544103816442,0.0,3.66270164003324,0.0,77899.0,0,0,0,11,DAVIS
677,110096,773.0,2292.5417201717783,0.33718034145179254,284.75,31.5,21.0,232.25,383.736751977733,26.75,4.75,11.75,9.25,13.0,59.75,21.25,138.25,20.40923446088152,0.0,42.56417598443719,36.01334153241437,77899.0,929,0,0,11,DAVIS
678,110097,539.0,1561.7837680611249,0.34511819819278894,642.75,6.5,10.5,625.75,726.6531211756801,4.75,1.75,5.25,5.25,34.5,240.25,107.75,243.25,5.29176626791828,0.0,53.60179772105668,25.009557186705138,77899.0,0,0,0,11,DAVIS
679,110098,804.25,2414.522306769657,0.3330886601234141,385.75,45.0,19.5,321.25,473.3611616764918,26.25,18.75,2.25,17.25,29.5,9.5,121.25,161.0,1.007811084908957,0.0,48.83859779119204,37.76475280039079,97356.0,0,0,0,11,DAVIS
680,110099,1371.25,3625.418672087671,0.37823217786054364,1209.75,187.25,76.25,946.25,1352.615944444546,132.25,55.0,7.0,69.25,134.0,179.75,177.75,454.75,0.0,0.0,78.84147420931082,64.02447023523517,96228.0,0,0,0,11,DAVIS
681,110100,749.0,2096.532927769573,0.35725649241141877,755.75,352.5,77.0,326.25,851.0653363841853,210.0,142.5,10.0,67.0,23.75,93.5,22.5,186.5,0.0,6.56,53.99193065051803,34.76340573366738,122221.0,922,0,0,11,DAVIS
682,110101,677.25,1809.2484004350124,0.3743267092772685,22.75,0.75,12.25,9.75,94.5312296532955,0.75,0.0,1.75,10.5,3.0,0.0,0.25,6.5,1.2596118051970722,0.0,38.75933458363703,31.7622832644614,98876.0,0,0,0,11,DAVIS
683,110102,4004.25,11785.654624899307,0.33975626534484593,0.0,0.0,0.0,0.0,395.2367735455729,0.0,0.0,0.0,0.0,0.0,0.0,0.0,0.0,42.3235149507493,0.0,166.091130697011,186.8221278978126,77899.0,0,0,0,11,DAVIS
684,110103,985.0,2814.455360556116,0.3499789031315001,13.75,0.25,2.5,11.0,104.29204731450024,0.25,0.0,0.75,1.75,3.75,3.5,0.25,3.5,10.329609650048804,0.0,34.194734386253444,46.01770327819801,77899.0,0,0,0,11,DAVIS
685,110104,720.0,2122.650837569413,0.339198509362214,66.0,10.0,4.25,51.75,155.1627899157874,9.0,1.0,2.25,2.0,4.5,4.0,4.5,38.75,0.5045115636616092,0.0,54.89503285012521,33.763245502000565,84343.0,0,0,0,11,DAVIS
686,110105,407.0,1358.1346201481329,0.29967574197880925,11.0,0.0,0.0,11.0,41.80600248741752,0.0,0.0,0.0,0.0,4.0,0.0,7.0,0.0,0.0,0.0,11.798690263813992,19.007312223603527,100411.0,0,0,0,11,DAVIS
687,110106,782.0,2349.1394606506537,0.3328878566381092,13.25,0.0,4.25,9.0,126.97199514958604,0.0,0.0,3.75,0.5,7.0,0.0,0.25,1.75,3.781867704176236,0.0,73.1759198128205,36.7642076325893,122221.0,0,0,0,11,DAVIS
688,110107,574.75,1637.984640194605,0.3508885162266939,0.0,0.0,0.0,0.0,43.48775039045091,0.0,0.0,0.0,0.0,0.0,0.0,0.0,0.0,0.0,0.0,16.72739139535886,26.760358995092048,77899.0,0,0,0,11,DAVIS
689,110108,0.0,0.0,0.0,0.0,0.0,0.0,0.0,40.5642441166464,0.0,0.0,0.0,0.0,0.0,0.0,0.0,0.0,40.5642441166464,0.0,0.0,0.0,77899.0,0,0,0,11,DAVIS
690,110109,701.75,1667.907337110626,0.4207368025706188,1096.5,63.5,23.25,1009.75,1191.8597132723132,60.0,3.5,3.5,19.75,140.25,146.0,332.5,391.0,12.093733018907486,0.0,50.75350458258216,32.51247567082363,72651.0,787,0,0,11,DAVIS
691,110110,627.0,1522.0749696066946,0.411937659129903,1138.75,82.0,395.5,661.25,1388.9815414758036,70.5,11.5,294.75,100.75,110.5,28.0,143.25,379.5,11.337722654286644,0.0,209.38281848830164,29.511000333215293,72651.0,0,0,0,11,DAVIS
692,110111,618.5,1598.7175825830514,0.3868725825862803,773.5,9.75,23.5,740.25,846.5518359925641,6.5,3.25,2.0,21.5,177.75,23.25,64.5,474.75,0.0,0.0,44.040675230221794,29.011160762342225,110982.0,0,0,0,11,DAVIS
693,110112,1371.25,3347.286513909743,0.40966018125479614,2285.75,85.5,82.75,2117.5,2457.512616992152,64.0,21.5,28.75,54.0,265.0,394.75,451.0,1006.75,2.015622169817914,0.0,105.72236417440628,64.02463064792767,59691.0,0,0,0,11,DAVIS
694,110113,599.4999905216673,1276.541571153206,0.46962825502039013,1093.9999827034262,118.49999812646803,113.74999820156741,861.7499863753909,1171.8258231267148,79.99999873516829,38.49999939129974,13.499999786559648,100.24999841500775,93.99999851382273,174.99999723318064,76.49999879050468,516.2499918378828,2.0156221379501282,0.0,47.799442819731524,28.010775465606887,43124.0,516,0,0,11,DAVIS
695,110114,29.750000004093234,84.25967729006781,0.35307517143315764,209.25000002879023,2.7500000003783662,65.500000009012,141.00000001939986,297.09508994360374,2.2500000003095724,0.5000000000687939,47.25000000650102,18.250000002510976,0.0,0.25000000003439693,1.5000000002063816,139.2500000191591,12.597942664973536,0.0,74.24676239582845,1.0003848540115103,100295.0,0,0,0,11,DAVIS
696,110115,557.0,1553.9750322724983,0.3584356173248522,913.0,312.25,62.75,538.0,981.5117841679042,184.0,128.25,10.5,52.25,90.0,48.5,48.25,351.25,1.007811084908957,0.0,41.49396688227465,26.010006200720618,100295.0,0,0,0,11,DAVIS
697,110116,677.75,1685.1259299157898,0.4021954608661615,506.0,3.75,26.0,476.25,573.4406091639121,2.75,1.0,15.0,11.0,50.0,13.0,213.75,199.5,2.015622169817914,0.0,33.412671670130386,32.01231532396383,103987.0,0,0,0,11,DAVIS
698,110117,1009.25,2736.038951543416,0.368872672456171,51.75,0.25,0.25,51.25,135.47390995479373,0.0,0.25,0.25,0.0,0.25,46.25,0.75,4.0,0.0,0.0,36.7059501429924,47.01795981180133,92507.0,576,0,0,11,DAVIS
699,110118,642.4999947759497,1707.8234700115122,0.3762098402193868,72.49999941051573,8.499999930888052,1.2499999898364782,62.74999948979121,228.22725234479435,0.49999999593459127,7.99999993495346,0.0,1.2499999898364782,9.74999992072453,3.499999971542139,5.499999955280504,43.999999642244035,2.2662108292656216,0.0,123.70001005303537,29.76103205197765,92898.0,0,0,0,11,DAVIS
700,110119,590.25,1227.8071288984677,0.4807351139340144,1040.75,519.0,62.25,459.5,1156.794265650164,190.75,328.25,35.75,26.5,20.5,116.5,43.0,279.5,0.0,0.0,88.533553860707,27.510711789457147,60401.0,0,1107,0,11,DAVIS
701,110120,777.2500067615749,1740.709627477574,0.44651330382303434,866.2500075358176,63.00000054805946,60.0000005219614,743.2500064657968,949.6683111021772,40.500000352323944,22.500000195735524,8.250000071769692,51.7500004501917,41.25000035884846,154.0000013397009,311.00000270549987,237.0000020617475,1.007811093676265,0.0,46.396637419926506,36.01385505275668,61800.0,0,0,1868,11,DAVIS
702,110121,1177.5,2321.4440573558213,0.5072273855874002,693.25,122.0,109.0,462.25,834.5740627542611,99.75,22.25,11.75,97.25,33.0,56.5,44.75,328.0,0.0,0.0,86.30276747092151,55.021295283339725,61138.0,366,0,0,11,DAVIS
703,110122,1150.5,2737.653305782942,0.4202504376904541,3320.75,400.5,113.5,2806.75,3539.9764249289315,308.0,92.5,33.25,80.25,70.25,19.25,2308.5,408.75,0.0,0.0,165.45548239883288,53.77094253009869,42449.0,0,0,0,11,DAVIS
704,110123,1615.5,2970.950991231938,0.543765280803274,3844.75,1588.75,153.5,2102.5,4292.624498053027,711.5,877.25,120.25,33.25,313.5,108.25,484.0,1196.75,0.0,0.0,372.3456018377661,75.52889621526099,51122.0,0,0,0,11,DAVIS
705,110124,1728.5,4380.997899701807,0.39454481366394867,2140.75,296.0,134.75,1710.0,2334.0078634129454,225.5,70.5,18.75,116.0,243.75,36.5,435.5,994.25,2.015622169817914,0.0,110.71126051862568,80.5309807245017,71934.0,0,0,0,11,DAVIS
706,110125,124.75,312.7457972800715,0.39888625549868967,157.75,12.75,16.75,128.25,194.75570760787213,11.25,1.5,1.25,15.5,10.75,10.0,11.5,96.0,3.779443619347713,0.0,27.473954832368022,5.7523091561564055,76224.0,0,0,0,11,DAVIS
707,110126,1663.25,4091.3595720392286,0.4065274563904921,16.0,0.0,0.25,15.75,153.89066696479665,0.0,0.0,0.0,0.25,3.5,0.0,12.0,0.25,7.05892192536198,0.0,53.052817003280765,77.7789280361539,98407.0,0,0,0,11,DAVIS
708,110127,1115.5,3080.557198435222,0.36210981590168867,8.0,0.25,0.0,7.75,100.23041712274684,0.0,0.25,0.0,0.0,3.75,0.0,4.0,0.0,0.0,0.0,40.210404721305615,52.02001240144124,87834.0,0,0,0,11,DAVIS
709,110128,275.0,644.8181341824501,0.42647683962651906,396.5,8.5,142.25,245.75,435.4573680551328,7.5,1.0,47.75,94.5,58.75,14.5,26.0,146.5,1.7641233688586817,0.0,24.18849820177793,13.004746484496184,65047.0,0,0,0,11,DAVIS
710,110129,810.25,1790.8259535060483,0.45244486121820293,1127.25,465.75,129.25,532.25,1233.2038983492498,328.25,137.5,8.75,120.5,42.25,20.75,95.75,373.5,0.0,0.0,67.94036467377231,38.013533675477454,50717.0,0,0,0,11,DAVIS
711,110130,367.75,678.4545189175666,0.5420407554904683,1313.75,923.0,53.5,337.25,1402.0044263961015,437.0,486.0,7.5,46.0,19.0,18.0,43.0,257.25,0.0,0.0,71.24615165526967,17.008274740831958,51122.0,0,0,0,11,DAVIS
712,110131,180.0,430.41923875312176,0.41819692010385184,1424.25,79.5,113.0,1231.75,1515.0797968260545,55.25,24.25,9.5,103.5,161.0,146.5,259.0,665.25,4.283653263680439,0.0,78.0422627584429,8.503880803931132,76224.0,523,0,0,11,DAVIS
713,110132,828.0,2087.5090060062344,0.39664499535937675,185.75,23.25,5.5,157.0,262.5612252212483,18.5,4.75,2.0,3.5,16.75,3.75,49.75,86.75,0.5032995212473479,0.0,37.543044686283736,38.76488101371723,77278.0,0,0,0,11,DAVIS
714,110133,1261.25,3776.2310419289634,0.33399704255270674,118.75,21.5,1.0,96.25,228.48473128267145,21.5,0.0,0.75,0.25,6.5,54.5,24.0,11.25,1.007811084908957,0.0,49.95414962615568,58.77277057160679,92042.0,641,0,0,11,DAVIS
715,110134,523.0,1345.634724545131,0.3886641675190058,13.75,0.0,0.0,13.75,65.40705615753596,0.0,0.0,0.0,0.0,3.0,0.0,0.25,10.5,0.0,0.0,27.398140522854945,24.258915634681017,92898.0,0,0,0,11,DAVIS
716,110135,223.0,710.7009531186017,0.3137747304565466,146.5,19.0,1.5,126.0,180.19153642977489,14.0,5.0,0.0,1.5,4.5,0.5,108.25,12.75,1.007811084908957,0.0,22.67987680612721,10.003848538738698,122221.0,0,0,0,11,DAVIS
717,110136,747.5,1944.21808361231,0.3844733295614467,90.0,13.5,22.0,54.5,153.67718913480743,11.75,1.75,10.0,12.0,6.0,2.0,6.75,39.75,5.0390554245447845,0.0,23.624760027848826,35.01337368241383,86386.0,0,0,0,11,DAVIS
718,110137,256.0,819.9766024910887,0.3122040302397313,147.25,2.75,6.0,138.5,173.66089232217237,2.25,0.5,1.25,4.75,14.75,68.0,7.0,48.75,3.0234332547268714,0.0,11.382840820959032,12.004618246486435,104511.0,936,0,0,11,DAVIS
719,110138,0.0,0.0,0.0,1057.5,28.75,755.5,273.25,1110.310550404235,27.75,1.0,262.0,493.5,83.25,8.75,13.0,168.25,0.0,22.96,29.850550404235044,0.0,75567.0,0,0,0,11,DAVIS
720,110139,1347.25,2678.983634437581,0.5028959425811641,2735.0,1817.0,144.5,773.5,3076.22654024396,1490.0,327.0,49.25,95.25,81.25,58.25,154.5,479.5,0.0,0.0,278.4526152423775,62.77392500158197,45532.0,0,0,0,11,DAVIS
721,110140,689.0,1552.1092429415398,0.4439120526685448,321.0,21.0,14.25,285.75,424.55913914955215,17.0,4.0,2.0,12.25,17.5,129.25,24.75,114.25,0.0,0.0,71.54675966545307,32.01237948409911,59699.0,377,995,0,11,DAVIS
722,110141,338.9999999341956,648.3346113022662,0.5228781465997459,1378.7499997323664,124.74999997578436,41.74999999189577,1212.2499997646862,1455.9913584033327,73.49999998573267,51.24999999005169,4.999999999029433,36.749999992866336,134.49999997389176,357.749999930556,194.49999996224497,525.4999998979935,0.7560103644740902,0.0,60.72935102735461,15.755997279137821,28499.0,0,0,2051,11,DAVIS
723,110142,1382.7500001945834,2727.590525644857,0.5069492605997646,226.00000003180318,40.000000005628884,0.2500000000351805,185.75000002613913,343.7010499932859,3.250000000457347,36.750000005171536,0.2500000000351805,0.0,10.500000001477583,61.50000000865441,13.000000001829388,100.75000001417776,0.0,0.0,53.176002341744635,64.52504761973802,49587.0,379,0,0,11,DAVIS
724,110143,1708.75,3884.507413639259,0.4398884641075075,242.0,35.25,10.0,196.75,399.64674341543935,22.5,12.75,0.5,9.5,20.75,14.0,46.75,115.25,3.0234332547268714,0.0,74.84284266796435,79.78046749274813,80392.0,0,0,0,11,DAVIS
725,110144,216.75,692.8978869765896,0.31281665606713444,110.0,0.75,0.5,108.75,129.47779181891957,0.75,0.0,0.0,0.5,0.25,102.75,1.5,4.25,0.0,0.0,9.223782900401556,10.254008918518016,122221.0,0,1165,0,11,DAVIS
726,110145,198.25,597.7349506213567,0.3316687434688492,89.75,0.5,0.0,89.25,120.39693645150363,0.5,0.0,0.0,0.0,0.25,83.75,1.75,3.5,1.7638214495297988,0.0,19.62952302974533,9.253591972228524,86386.0,1004,0,0,11,DAVIS
727,110146,510.0,1194.747391675206,0.42686847743179196,0.0,0.0,0.0,0.0,39.18546394246671,0.0,0.0,0.0,0.0,0.0,0.0,0.0,0.0,1.007811084908957,0.0,14.41822387594284,23.759428981614917,86386.0,0,0,0,11,DAVIS
728,110147,407.25,1147.8707469677663,0.354787332176378,362.75,21.25,26.25,315.25,438.8053274815308,8.0,13.25,6.0,20.25,25.25,137.5,19.75,132.75,10.584136374494324,0.0,46.71384670873118,18.757344398305275,104511.0,742,262,0,11,DAVIS
729,110148,360.24999952227506,831.1935207545116,0.43341290629318185,1849.9999975467283,81.99999989126039,1346.7499982140846,421.2499994413834,1931.4076059590607,81.24999989225496,0.7499999990054305,482.99999935949717,863.7499988545874,110.49999985346675,6.749999991048874,80.74999989291801,223.24999970394978,2.015622167145012,0.0,62.385443751883834,17.006542493303535,75567.0,0,0,0,11,DAVIS
730,110149,1071.5,2788.683559438591,0.3842314759497886,116.0,41.25,9.5,65.25,237.85334565266027,38.75,2.5,1.0,8.5,5.0,8.25,8.0,44.0,2.7719344537676385,0.0,69.06187974754644,50.01953145134618,106475.0,0,0,0,11,DAVIS
731,110150,408.75,1212.5452004313966,0.3371008353788179,183.0,27.5,7.25,148.25,329.0173176716459,21.75,5.75,4.25,3.0,26.0,7.75,50.25,64.25,6.802876874074585,0.0,120.45706435622968,18.757376441341624,77899.0,0,0,0,11,DAVIS
732,110151,667.25,2017.650550760373,0.3307064247317454,231.5,19.75,6.0,205.75,294.43613604397177,15.5,4.25,2.0,4.0,36.25,63.5,22.75,83.25,6.2986672297418576,0.0,25.62627617337296,31.01119264085697,77899.0,0,0,0,11,DAVIS
733,110152,198.75,621.5436886330277,0.31976835037471696,202.25,26.25,23.0,153.0,256.85784297013026,23.25,3.0,2.5,20.5,14.5,19.5,13.0,106.0,6.04656459012486,0.0,39.30771847550288,9.253559904502538,104511.0,0,0,0,11,DAVIS
734,110153,276.75,877.1304257304471,0.31551750102560994,555.0,72.5,61.5,421.0,700.7879731011953,66.0,6.5,8.25,53.25,42.5,42.5,37.0,299.0,6.301393233899264,0.0,126.48157676693572,13.005003100360309,104511.0,0,0,0,11,DAVIS
735,110154,431.0,1414.877362059573,0.30462004097133394,0.0,0.0,0.0,0.0,36.92620912403997,0.0,0.0,0.0,0.0,0.0,0.0,0.0,0.0,0.5032995212473479,0.0,16.415212525315226,20.007697077477395,104511.0,0,0,0,11,DAVIS
736,110155,320.74999671288083,744.3016455082212,0.43094086738699544,7.499999923138289,0.0,2.4999999743794294,4.999999948758859,47.790837279251676,0.0,0.0,0.24999999743794296,2.2499999769414867,2.4999999743794294,0.0,0.4999999948758859,1.9999999795035437,2.770722382958382,0.0,22.51456689165502,15.005548081499986,76322.0,0,0,0,11,DAVIS
737,110156,1123.25,2566.516690675321,0.43765544330219885,759.5,41.5,51.25,666.75,884.909769946994,28.0,13.5,24.5,26.75,48.5,99.0,135.5,383.75,0.0,0.0,72.88946885371996,52.52030109327388,57395.0,533,0,0,11,DAVIS
738,110157,189.5,334.92226456917365,0.5658029341338737,1340.0,396.0,71.25,872.75,1400.6779138916088,250.25,145.75,11.0,60.25,85.5,29.75,187.5,570.0,0.0,0.0,51.674450206744,9.003463684864828,28499.0,0,0,0,11,DAVIS
739,110158,1514.25,3572.14736102111,0.42390468448287827,715.25,74.25,39.75,601.25,875.2424695599648,49.75,24.5,8.5,31.25,76.25,40.5,107.75,376.75,1.007811084908957,0.0,88.20749422979029,70.77716424526544,86529.0,0,0,0,11,DAVIS
740,110159,3.0,9.741383517348083,0.30796446876949324,0.0,0.0,0.0,0.0,25.027245688602857,0.0,0.0,0.0,0.0,0.0,0.0,0.0,0.0,24.942566279350437,0.0,0.0846794092524252,0.0,86770.0,0,0,0,11,DAVIS
741,110160,175.75,516.2930063328928,0.3404074776226599,0.0,0.0,0.0,0.0,13.713907138834651,0.0,0.0,0.0,0.0,0.0,0.0,0.0,0.0,0.0,0.0,5.710828307843696,8.003078830990958,136398.0,0,0,0,11,DAVIS
742,110161,351.75,960.4134093418376,0.3662485306624894,1135.25,10.0,9.0,1116.25,1195.2293219141768,8.5,1.5,1.25,7.75,23.0,4.75,1019.75,68.75,0.0,0.0,43.72303596483132,16.25628594934561,71381.0,0,0,0,11,DAVIS
743,110162,720.5,2309.959713697538,0.3119102016055077,294.0,14.0,14.5,265.5,371.2010983158098,13.0,1.0,0.75,13.75,19.0,131.75,20.75,94.0,3.0234332547268714,3.28,37.13464415659985,33.76302090448316,110061.0,905,1077,0,11,DAVIS
744,110163,868.5,2153.245451703727,0.40334463463643255,66.5,0.25,0.25,66.0,273.9472202853623,0.25,0.0,0.25,0.0,3.5,51.0,8.0,3.5,5.293586514089037,0.0,161.38791888967302,40.76571488160024,102528.0,697,0,0,11,DAVIS
745,110164,248.75,694.2780447379455,0.35828585087101583,7.75,2.0,2.75,3.0,31.259563991834927,2.0,0.0,0.0,2.75,1.25,0.0,0.25,1.5,0.0,0.0,12.005009839657388,11.504554152177535,95028.0,0,0,0,11,DAVIS
746,110165,138.0,452.3480626049569,0.3050748116512167,227.75,7.0,12.0,208.75,246.5816540210069,5.75,1.25,3.5,8.5,31.0,21.5,22.0,134.25,0.7560103646208418,0.0,11.82317415336355,6.252469503022536,104511.0,0,0,0,11,DAVIS
747,110166,1006.75,2276.4664282627773,0.4422424102112824,1731.25,269.0,71.75,1390.5,1909.780131347877,221.75,47.25,14.25,57.5,161.75,201.0,370.75,657.0,0.0,0.0,131.51207530822052,47.01805603965626,42073.0,688,993,0,11,DAVIS
748,110167,526.0,1396.8141027628767,0.37657122659313086,13.0,0.0,0.0,13.0,92.73405932215464,0.0,0.0,0.0,0.0,9.0,0.0,3.25,0.75,2.015622169817914,0.0,53.208944059946816,24.509493092389903,80137.0,0,0,0,11,DAVIS
749,110168,551.5,1700.6456788553892,0.32428859630019125,0.0,0.0,0.0,0.0,84.32162105541788,0.0,0.0,0.0,0.0,0.0,0.0,0.0,0.0,0.5029976019184652,0.0,58.05848892429104,25.760134529208376,117985.0,0,0,0,11,DAVIS
750,110169,478.75,1407.3455710354522,0.34017941993291706,707.25,371.25,35.25,300.75,772.2336269007101,260.0,111.25,4.75,30.5,27.75,18.5,23.75,230.75,0.0,0.0,42.474999768618815,22.50862713209127,142343.0,0,0,0,11,DAVIS
751,110170,22.5,70.0856379678368,0.3210358163583463,1900.75,301.25,569.0,1030.5,1993.515936777454,288.75,12.5,270.5,298.5,523.75,3.75,206.25,296.75,0.0,0.0,91.7653915108876,1.0005452665663734,126801.0,0,0,0,11,DAVIS
752,110171,50.25,111.50188271532954,0.45066503610787473,2785.5,329.75,177.25,2278.5,2972.36526371885,194.5,135.25,63.0,114.25,195.0,98.5,896.75,1088.25,1.007811084908957,0.0,183.60655463882992,2.2508979951114343,42073.0,0,0,0,11,DAVIS
753,110172,1.0,2.5409196789374007,0.3935582884769481,0.0,0.0,0.0,0.0,12.121959488658296,0.0,0.0,0.0,0.0,0.0,0.0,0.0,0.0,12.093733018907486,0.0,0.0282264697508083,0.0,117985.0,0,0,0,11,DAVIS
754,110173,484.5,1746.51491959788,0.27740959699992257,129.5,9.75,9.0,110.75,176.87306984637516,8.75,1.0,0.75,8.25,16.25,42.5,8.5,43.5,4.534543860883176,0.0,20.07980263375668,22.758723351735316,117985.0,0,0,0,11,DAVIS
755,110174,600.0,1989.913307189883,0.30152067320325043,0.0,0.0,0.0,0.0,49.97236226368932,0.0,0.0,0.0,0.0,0.0,0.0,0.0,0.0,3.0234332547268714,0.0,18.68789649285352,28.26103251610893,142343.0,0,0,0,11,DAVIS
756,110175,457.75,1425.4477576798913,0.321127166908628,945.5,37.0,115.25,793.25,1006.8661611330674,32.75,4.25,16.5,98.75,34.0,110.25,125.25,523.75,0.0,0.0,40.10804714221364,21.258113990853705,126801.0,0,0,0,11,DAVIS
757,110176,872.25,1671.0209079451597,0.5219862874562105,430.25,129.25,25.75,275.25,564.2740634519929,37.5,91.75,7.0,18.75,28.0,16.75,65.5,165.0,0.0,0.0,93.25838066280824,40.76568278918462,65523.0,0,0,0,11,DAVIS
758,110177,957.25,2001.6065978829968,0.47824082964776266,1119.75,73.75,44.25,1001.75,1266.950425603477,51.0,22.75,10.5,33.75,91.0,297.5,101.25,512.0,0.0,0.0,102.43320339879696,44.7672222046801,64608.0,1332,0,0,11,DAVIS
759,110178,284.25,1015.9954854045478,0.27977486522670686,13.75,0.5,2.5,10.75,42.97468443429251,0.5,0.0,1.25,1.25,10.25,0.0,0.0,0.5,7.558279034938931,0.0,8.411241919213959,13.255163480139624,118349.0,0,0,0,11,DAVIS
760,110179,620.5,1947.617211216183,0.318594432430863,203.25,2.25,3.25,197.75,283.1538221950556,2.0,0.25,0.75,2.5,13.75,118.25,6.5,59.25,18.39240024864934,0.0,32.500261184064016,29.011160762342225,96452.0,601,1057,0,11,DAVIS
761,110180,347.5,1084.828261438447,0.3203272004909111,1322.25,13.25,14.0,1295.0,1400.4095075391326,10.25,3.0,5.0,9.0,46.0,969.5,85.25,194.25,3.0234332547268714,0.0,58.87978833506027,16.25628594934561,85057.0,5,29,2765,11,DAVIS
762,110181,418.0,1426.340037314484,0.2930577485485237,391.75,6.25,8.5,377.0,440.64882461190655,4.75,1.5,2.0,6.5,34.0,218.0,16.25,108.75,4.031244339635828,0.0,25.360043541659493,19.507536730611264,141418.0,1239,946,0,11,DAVIS
763,110182,403.5,1395.8536086967756,0.28907042793457666,0.0,0.0,0.0,0.0,36.90447726266152,0.0,0.0,0.0,0.0,0.0,0.0,0.0,0.0,1.007811084908957,0.0,16.889353954149037,19.007312223603527,126801.0,0,0,0,11,DAVIS
764,110183,1321.0,3386.4063322941047,0.3900890414131416,144.75,5.75,10.0,129.0,311.1732609254076,5.0,0.75,1.25,8.75,18.25,69.5,6.25,35.0,1.5111106061563049,0.0,103.13828939553746,61.77386092371384,105493.0,604,0,0,11,DAVIS
765,110184,345.75,1195.181406740894,0.28928662883303696,235.25,5.25,48.0,182.0,268.66304673827085,4.5,0.75,4.0,44.0,14.0,71.75,11.25,85.0,1.007811084908957,0.0,16.399077991380018,16.006157661981916,126765.0,890,0,0,11,DAVIS
766,110185,214.5,456.6163117401478,0.46975982785754733,66.0,0.75,40.5,24.75,89.72318324859376,0.75,0.0,0.25,40.25,3.5,1.5,7.5,12.25,6.046866509453743,0.0,7.922500259903763,9.753816479236262,101962.0,0,0,0,11,DAVIS
767,110186,419.25,1026.9482710120262,0.40824841117541577,131.25,41.5,8.75,81.0,187.3118065814525,41.25,0.25,1.0,7.75,12.75,0.75,9.25,58.25,2.518921691065262,0.0,34.035444412333206,19.50744047805404,97322.0,0,0,0,11,DAVIS
768,110187,576.25,1458.426567489539,0.3951175964875128,18.75,0.0,10.75,8.0,72.04911088679263,0.0,0.0,10.75,0.0,1.75,0.0,3.0,3.25,0.0,0.0,26.53891227970345,26.760198607089183,113253.0,0,0,0,11,DAVIS
769,110188,616.25,1422.9214549274,0.4330878544743302,421.5,23.5,10.5,387.5,486.0533882057909,6.25,17.25,1.25,9.25,7.75,2.25,7.25,370.25,0.0,0.0,35.79225950295106,28.761128702839788,70939.0,0,0,0,11,DAVIS
770,110189,708.5,1821.6198567323995,0.38893954596591795,118.75,0.75,7.75,110.25,209.11058077570613,0.75,0.0,7.5,0.25,17.5,81.25,2.75,8.75,0.0,0.0,57.09784853836601,33.26273223734014,101843.0,0,0,0,11,DAVIS
771,110190,544.25,1547.773481004498,0.35163414199782267,1896.75,163.75,92.75,1640.25,2008.1627804758723,137.25,26.5,14.25,78.5,216.75,50.25,303.5,1069.75,0.0,0.0,86.15309500179725,25.25968547407517,96104.0,0,0,0,11,DAVIS
772,110191,369.0,1040.8408750507597,0.3545210500903941,6.0,1.5,0.75,3.75,54.845962953580354,1.25,0.25,0.25,0.5,0.0,0.25,0.25,3.25,0.0,0.0,31.33919593071683,17.506767022863528,130258.0,0,0,0,11,DAVIS
773,110192,475.5,1343.9996863523688,0.3537947254217839,15.75,3.25,0.25,12.25,60.37164764034475,3.25,0.0,0.25,0.0,0.0,2.0,6.5,3.75,0.0,0.0,22.36311672789119,22.258530912453555,124352.0,0,0,0,11,DAVIS
774,110193,261.5,777.322804313798,0.33641107471540854,1138.5,252.75,52.0,833.75,1191.776034679366,204.0,48.75,5.75,46.25,76.5,23.75,200.75,532.75,1.007811084908957,0.0,40.263605347970426,12.004618246486435,132619.0,0,0,0,11,DAVIS
775,110194,5618.25,11937.915217507252,0.4706223739770488,1415.25,363.75,46.25,1005.25,2009.2326410967144,141.75,222.0,11.5,34.75,112.5,98.5,233.0,561.25,3.7785334962623343,0.0,328.1043346882222,262.0997729122297,101962.0,0,0,0,11,DAVIS
776,110195,907.25,1934.081880771636,0.4690856209448778,268.75,25.5,3.5,239.75,352.4630378430587,25.25,0.25,0.5,3.0,34.5,36.0,56.0,113.25,0.0,0.0,41.44680985312775,42.26622798993096,101962.0,0,0,0,11,DAVIS
777,110196,1261.75,2676.3001060199213,0.47145310690751363,1123.75,205.25,80.75,837.75,1254.632698599764,117.5,87.75,29.25,51.5,75.75,83.25,187.25,491.5,0.0,0.0,71.85963935278407,59.02305924697967,124658.0,675,0,0,11,DAVIS
778,110197,897.75,3401.741634153495,0.26390893152689426,28.75,1.75,14.25,12.75,104.92903428450794,1.75,0.0,9.75,4.5,1.75,0.75,1.25,9.0,1.7638214495297988,0.0,32.64920935205491,41.76600348292322,101962.0,0,0,0,11,DAVIS
779,110198,362.5,956.136876320142,0.37912981810213603,12.0,0.0,1.25,10.75,63.32309908786579,0.0,0.0,0.25,1.0,9.5,0.25,0.0,1.0,0.0,0.0,34.56665279165405,16.75644629621174,123921.0,0,0,0,11,DAVIS
780,110199,376.0,1083.6670154623212,0.3469700513488347,4240.25,1977.5,106.25,2156.5,4409.054434496044,1368.0,609.5,23.0,83.25,123.25,88.0,569.25,1376.0,0.0,0.0,151.29766747318112,17.506767022863528,101962.0,0,0,0,11,DAVIS
781,110200,18.0,44.19600475252563,0.40727663282666676,2369.25,17.25,6.5,2345.5,2442.882365617222,16.5,0.75,5.0,1.5,18.25,39.0,10.0,2278.25,0.0,0.0,72.63198076334811,1.0003848538738698,124658.0,0,0,0,11,DAVIS
782,110201,441.75,1122.258236689846,0.3936259815770768,51.75,1.0,15.75,35.0,109.44435371015794,0.75,0.25,14.5,1.25,1.75,5.25,1.75,26.25,0.2514988009592326,0.0,36.93496541712919,20.50788949206952,77668.0,0,0,0,11,DAVIS
783,110202,30.75,76.01228564737981,0.40453986797146085,97.75,8.5,7.5,81.75,136.0141693152947,7.75,0.75,1.5,6.0,4.0,8.25,2.75,66.75,17.384287244411503,0.0,19.379304802417245,1.5005772684659855,101962.0,0,0,0,11,DAVIS
784,110203,390.0,1411.049152892555,0.2763900883257869,388.75,34.0,27.0,327.75,435.54184553012897,30.5,3.5,4.25,22.75,17.0,71.5,14.25,225.0,6.5501660307010905,0.0,21.984591774608614,18.257087724819336,101962.0,525,0,0,11,DAVIS
785,110204,1499.75,3832.591003577442,0.39131490905241223,17.75,0.0,0.0,17.75,146.60955995624602,0.0,0.0,0.0,0.0,0.0,17.0,0.0,0.75,5.799918323921403,0.0,53.03093727220757,70.02870436011703,101962.0,835,0,0,11,DAVIS
786,110205,457.4999998120105,1264.3672106896543,0.36184108219831584,906.7499996274111,9.99999999589094,37.7499999844883,858.9999996470318,978.2905285752498,9.499999996096394,0.499999999794547,6.999999997123658,30.749999987364642,35.99999998520738,688.7499997169886,23.49999999034371,110.74999995449217,2.5192236093589804,0.0,47.51303095198855,21.50827438649111,101962.0,321,139,1879,11,DAVIS
787,110206,450.9999999583658,1056.9637878155295,0.42669389922096196,2117.249999804545,56.24999999480726,107.74999999005301,1953.249999819685,2235.5049786246177,43.749999995961204,12.499999998846057,82.24999999240706,25.499999997645958,128.24999998816054,748.249999930925,261.2499999758826,815.4999999247168,0.0,0.0,97.24689689066078,21.008081929411897,90151.0,524,1242,0,11,DAVIS
788,110207,223.0,570.6716090989148,0.3907676436753441,174.25,2.5,6.25,165.5,245.21972177232948,2.25,0.25,0.75,5.5,1.75,110.5,30.75,22.5,0.0,0.0,60.46568079430904,10.504040978020452,101682.0,0,0,0,11,DAVIS
789,110208,496.5,1232.0961507530228,0.4029717970440481,3.0,0.0,0.25,2.75,53.60512679896267,0.0,0.0,0.25,0.0,0.0,2.0,0.5,0.25,0.0,0.0,27.346243100361225,23.258883698601444,92158.0,0,0,0,11,DAVIS
790,110209,342.0,893.6593788651471,0.38269614585627,32.0,0.0,4.0,28.0,70.81382963145995,0.0,0.0,0.0,4.0,2.75,3.25,1.25,20.75,0.0,0.0,22.80754362451152,16.006286006948436,101784.0,0,0,0,11,DAVIS
791,110210,0.0,0.0,0.0,179.5,13.0,59.75,106.75,193.38561759156855,11.5,1.5,11.25,48.5,2.75,0.0,10.25,93.75,8.817588920807118,0.0,5.068028670761468,0.0,80062.0,0,0,0,11,DAVIS
792,110211,83.5,193.48369571788908,0.4315609110637831,28.75,1.75,10.0,17.0,40.4214631416697,1.75,0.0,1.0,9.0,0.0,0.0,0.5,16.5,0.2518007202881152,0.0,7.418123005886103,4.001539415495479,80062.0,0,0,0,11,DAVIS
793,110212,809.0,2232.4460031674207,0.3623827850045113,2.0,0.0,0.0,2.0,77.15019819639187,0.0,0.0,0.0,0.0,0.0,0.0,2.0,0.0,1.007811084908957,0.0,36.12728145090698,38.01510566057593,110490.0,0,0,0,11,DAVIS
794,110213,232.0,716.3830810295337,0.3238490776004738,197.25,7.5,61.0,128.75,274.5436727314154,4.5,3.0,39.75,21.25,8.75,27.5,4.25,88.25,54.16363136829665,0.0,12.126449645953215,11.003591717165584,80062.0,0,0,0,11,DAVIS
795,110214,458.5,1400.386897214028,0.3274095186924083,45.25,0.5,0.75,44.0,94.7425695702576,0.25,0.25,0.5,0.25,0.0,40.75,0.5,2.75,2.015622169817914,0.0,26.21870508930911,21.258242311130584,123864.0,504,0,0,11,DAVIS
796,110215,351.75,984.6857503125756,0.3572205649247403,0.0,0.0,0.0,0.0,35.45006186257119,0.0,0.0,0.0,0.0,0.0,0.0,0.0,0.0,2.015622169817914,0.0,17.178121650992047,16.256318041761233,110490.0,0,0,0,11,DAVIS
797,110216,446.5,994.683547524716,0.44888648365716066,0.0,0.0,0.0,0.0,35.111158589437544,0.0,0.0,0.0,0.0,0.0,0.0,0.0,0.0,0.0,0.0,14.103076658086277,21.008081931351267,107834.0,0,0,0,11,DAVIS
798,110217,420.25,943.1979848849336,0.4455586279176252,56.75,1.0,0.25,55.5,92.97063998973474,1.0,0.0,0.25,0.0,0.0,51.0,0.75,3.75,0.0,0.0,16.463103292036667,19.75753669769808,107112.0,669,0,0,11,DAVIS
799,110218,546.0,1372.7090895455383,0.3977536130257313,34.75,9.5,3.75,21.5,94.4103545044079,9.25,0.25,2.0,1.75,0.75,2.0,3.25,15.5,0.0,0.0,34.400540685366224,25.259813819041685,90058.0,0,0,0,11,DAVIS
800,110219,0.0,0.0,0.0,9.75,0.0,0.25,9.5,15.064235520037958,0.0,0.0,0.25,0.0,1.0,1.75,0.25,6.5,5.0390554245447845,0.0,0.2751800954931724,0.0,80062.0,0,0,0,11,DAVIS
801,110220,104.25,307.6470385920925,0.33886235498019696,607.25,67.25,347.5,192.5,632.3310081229349,55.25,12.0,188.25,159.25,52.75,15.0,6.0,118.75,0.0,0.0,20.07924426625812,5.001763856676845,80062.0,0,0,0,11,DAVIS
802,110221,291.25,647.009543421888,0.4501479197040035,1332.25,223.0,19.0,1090.25,1391.831617676049,39.25,183.75,4.5,14.5,231.0,20.0,178.75,660.5,0.0,0.0,45.82626178131721,13.755355894731744,77766.0,0,0,0,11,DAVIS
803,110222,711.5,1610.8244847485994,0.4416992706136097,400.25,247.0,10.0,143.25,468.846643551412,168.0,79.0,6.25,3.75,18.25,5.25,10.25,109.5,0.0,0.0,35.583943324182314,33.012700227229644,77766.0,0,0,0,11,DAVIS
804,110223,272.75,591.1446893539567,0.46139296336752994,0.0,0.0,0.0,0.0,28.204061589018902,0.0,0.0,0.0,0.0,0.0,0.0,0.0,0.0,0.0,0.0,15.199058488658594,13.005003100360309,77766.0,0,0,0,11,DAVIS
805,110224,785.25,2150.5040591524635,0.3651469508546175,0.0,0.0,0.0,0.0,72.18195006411536,0.0,0.0,0.0,0.0,0.0,0.0,0.0,0.0,0.0,0.0,35.41777462270023,36.76417544141513,102651.0,0,0,0,11,DAVIS
806,110225,822.75,2220.365198198845,0.3705471517331531,1729.75,178.5,218.0,1333.25,1919.5684273625616,138.25,40.25,151.5,66.5,352.5,25.75,137.25,817.75,1.007811084908957,0.0,150.29586357599504,38.51475270165756,80062.0,0,0,0,11,DAVIS
807,110226,240.0,651.2589780479931,0.36851699260921933,2805.0,966.0,147.0,1692.0,2934.700023899557,774.0,192.0,46.25,100.75,211.75,126.75,141.75,1211.75,0.0,0.0,118.6949564498498,11.00506744970682,55206.0,0,0,0,11,DAVIS
808,110227,765.0,1927.820611971312,0.39682115402726276,1489.25,705.0,64.5,719.75,1638.6421212069458,510.25,194.75,18.0,46.5,65.75,52.75,101.25,500.0,0.0,0.0,113.62849100740128,35.76363019954472,55206.0,0,0,0,11,DAVIS
809,110228,391.0,987.9164687310446,0.39578244960551195,369.25,57.5,21.5,290.25,421.9730797466205,33.0,24.5,3.0,18.5,32.5,91.75,56.25,109.75,0.0,0.0,34.46602408952714,18.257055657093357,55206.0,385,0,0,11,DAVIS
810,110229,324.5,720.323144582965,0.45049225814876603,632.75,173.25,58.0,401.5,678.2730994762557,146.25,27.0,12.25,45.75,44.0,44.75,30.25,282.5,0.0,0.0,30.5173266681476,15.005772808108048,70467.0,0,0,0,11,DAVIS
811,110230,454.25,984.1330282009178,0.46157377812063594,0.0,0.0,0.0,0.0,36.33161670036336,0.0,0.0,0.0,0.0,0.0,0.0,0.0,0.0,0.0,0.0,15.323534769012088,21.008081931351267,70467.0,0,0,0,11,DAVIS
812,110231,307.5,674.0480572985485,0.45619892627893516,118.25,2.5,2.0,113.75,148.77207205777316,1.5,1.0,1.5,0.5,0.0,107.0,1.5,5.25,0.0,0.0,16.266555816175302,14.255516241597872,70467.0,409,1011,0,11,DAVIS
813,110232,71.25,210.8914595209021,0.3378515192690304,21.75,0.0,1.0,20.75,43.62975404390677,0.0,0.0,0.0,1.0,0.75,1.75,1.0,17.25,1.2596118051970722,0.0,17.61911599736497,3.0010262413447286,80062.0,0,0,0,11,DAVIS
814,110233,240.75,592.8513036637812,0.406088337011627,12.75,0.0,3.75,9.0,32.92435023780428,0.0,0.0,3.75,0.0,0.0,0.0,9.0,0.0,1.7638214495297988,0.0,7.156135015882588,11.254393772391886,80062.0,0,0,0,11,DAVIS
815,110234,452.25,1098.472998208053,0.4117078897139563,4.0,0.75,2.25,1.0,42.13523851525666,0.0,0.75,1.0,1.25,0.0,0.0,0.0,1.0,0.0,0.0,17.127156583905396,21.008081931351267,80062.0,0,0,0,11,DAVIS
816,110235,2.0,4.311379518406101,0.4638886443333552,107.75,0.5,53.75,53.5,111.85544018684136,0.5,0.0,1.0,52.75,2.0,1.0,1.5,49.0,1.007811084908957,0.0,3.097629101932414,0.0,86612.0,0,0,0,11,DAVIS
817,110236,108.5,261.43477990364363,0.4150174664594725,98.0,21.5,11.25,65.25,122.1781773513139,12.75,8.75,2.0,9.25,7.25,7.5,4.75,45.75,13.101544103816442,0.0,5.824709011041303,5.251924236456163,86612.0,0,0,0,11,DAVIS
818,110237,415.25,1167.986803362681,0.3555262771843642,25.75,0.5,3.25,22.0,58.703209989787,0.0,0.5,0.25,3.0,0.0,0.0,0.0,22.0,0.0,0.0,13.695865706681031,19.257344283105965,98096.0,0,0,0,11,DAVIS
819,110238,521.5,1473.5987509085116,0.3538955225623541,152.75,4.75,3.5,144.5,201.2872030312784,2.75,2.0,2.5,1.0,10.75,89.75,5.75,38.25,0.0,0.0,24.02780619143937,24.50939683983901,98096.0,663,0,0,11,DAVIS
820,110239,18.0,49.39398452467922,0.36441684495014726,32.0,20.75,6.75,4.5,42.97636240931428,1.0,19.75,2.0,4.75,0.0,0.0,0.5,4.0,8.817588920807118,0.0,1.4085490144126085,0.7502244740945524,86612.0,0,0,0,11,DAVIS
821,110240,244.0,643.4775492260569,0.37918960854729306,398.5,141.25,55.75,201.5,431.8366296317384,98.75,42.5,22.0,33.75,23.0,31.0,30.5,117.0,4.031244339635828,0.0,18.05095947667436,11.254425815428233,86612.0,0,0,0,11,DAVIS
822,110241,79.25,190.00118914513493,0.4171026526547886,127.0,80.75,11.5,34.75,146.16153236228826,5.0,75.75,1.75,9.75,4.75,0.0,1.75,28.25,0.0,9.84,5.8202816139357765,3.501250748352467,86612.0,0,0,0,11,DAVIS
823,110242,106.25,252.2537075806364,0.4212029270810052,195.75,69.75,17.5,108.5,209.27619336541196,19.5,50.25,7.75,9.75,29.0,3.75,15.25,60.5,0.0,0.0,8.524269096042575,5.001924269369349,86612.0,0,0,0,11,DAVIS
824,110243,0.0,0.0,0.0,3015.75,1423.0,174.75,1418.0,3102.385141448784,1021.25,401.75,69.25,105.5,176.25,128.75,123.5,989.5,0.0,0.0,86.63514144878381,0.0,65803.0,0,0,0,11,DAVIS
825,110244,839.0,1844.0634094463724,0.4549735088837785,1893.25,362.75,124.75,1405.75,2025.8876903982448,240.5,122.25,57.75,67.0,171.75,191.25,249.25,793.5,0.0,0.0,93.37252074207387,39.2651696561706,65836.0,432,0,0,11,DAVIS
826,110245,834.7499996871018,1930.5302468069212,0.43239415754701094,1921.2499992798375,129.49999995145814,44.2499999834133,1747.499999344966,2039.773720836565,84.24999996841967,45.249999983038464,16.49999999381513,27.749999989598173,154.74999994199342,264.74999990076094,438.2499998357261,889.7499996664856,0.0,0.0,79.75893681009165,38.76478474663572,64732.0,0,641,1455,11,DAVIS
827,110246,687.25,1835.8103552393345,0.37435784041560394,1530.0,287.0,92.0,1151.0,1650.3203275335095,198.0,89.0,27.0,65.0,91.0,168.75,141.25,750.0,0.0,0.0,88.30798014181985,32.01234739168982,56288.0,420,0,0,11,DAVIS
828,110247,769.0,2054.7042930476173,0.37426310082770564,1.75,0.75,0.0,1.0,72.75852171626966,0.75,0.0,0.0,0.0,0.0,0.0,0.0,1.0,0.5045115636616092,0.0,34.74054031637655,35.763469836231494,86966.0,0,0,0,11,DAVIS
829,110248,421.75,1157.1588540094217,0.36447027004000787,0.0,0.0,0.0,0.0,39.40399871760522,0.0,0.0,0.0,0.0,0.0,0.0,0.0,0.0,0.0,0.0,19.64630160722097,19.75769711038425,98520.0,0,0,0,11,DAVIS
830,110249,818.0,2163.793764663982,0.3780397251154054,1654.0,504.0,84.25,1065.75,1781.018077526482,315.0,189.0,26.75,57.5,203.25,101.25,157.0,604.25,0.0,0.0,88.75348520459751,38.26459232188458,54513.0,0,0,0,11,DAVIS
831,110250,793.25,2183.741462176595,0.36325270813393173,1546.75,282.0,97.75,1167.0,1739.7441596537028,193.5,88.5,36.25,61.5,130.25,272.0,203.0,561.75,0.0,26.24,129.7399521280892,37.01420752561353,56066.0,0,0,0,11,DAVIS
832,110251,881.7499895797906,2473.912088537123,0.3564192897821152,1933.749977147627,230.74999727307818,109.99999870005894,1592.99998117449,2097.0146159147007,198.49999765419727,32.24999961888092,51.24999939434564,58.7499993057133,123.49999854052072,101.74999879755453,617.249992705558,750.4999911308566,0.0,0.0,122.24886019357575,41.01577857349798,56292.0,0,0,0,11,DAVIS
833,110252,607.0000145953662,1705.4867859512628,0.35591012466086164,2874.500069117595,198.25000476693796,72.75000174927989,2603.500062601377,3036.90935022148,188.5000045324984,9.750000234439572,32.0000007694427,40.75000097983719,213.75000513963678,127.50000306574826,1446.5000347812145,815.7500196147776,0.0,0.0,134.1480554278078,28.26122567607729,55977.0,0,0,0,11,DAVIS
834,110253,365.5,961.0651531139388,0.38030720270706586,61.5,0.5,0.75,60.25,92.3031898169186,0.5,0.0,0.75,0.0,0.5,55.75,0.75,3.25,0.0,0.0,13.796711461204424,17.00647835571418,98019.0,503,0,0,11,DAVIS
835,110254,583.25,1837.5553465518296,0.3174054055538887,97.0,1.75,6.75,88.5,146.46457072540164,0.75,1.0,0.75,6.0,16.75,47.25,5.0,19.5,0.0,0.0,22.20411554357872,27.260455181822906,109178.0,476,0,0,11,DAVIS
836,110255,293.75,711.1392915457488,0.41306956807505063,1339.0,620.5,103.0,615.5,1401.3213139809577,207.5,413.0,18.0,85.0,80.75,67.25,64.0,403.5,0.0,0.0,48.56599017864141,13.755323802316118,64364.0,0,0,0,11,DAVIS
837,110256,482.75,1085.824671066338,0.4445929558092594,1852.75,571.0,95.5,1186.25,2071.0144766099797,484.5,86.5,36.5,59.0,84.25,99.75,220.25,782.0,0.0,0.0,195.75604193361065,22.50843467636875,52737.0,0,0,0,11,DAVIS
838,110257,572.5000085285724,1232.2167302383107,0.4646098324097993,469.7500069978984,38.50000057353718,17.500000260698716,413.75000616366253,541.675066484525,25.250000376151007,13.250000197386171,6.250000093106685,11.250000167592033,45.75000068154093,180.50000268892106,60.500000901272706,127.00000189192784,0.0,0.0,45.16450758777892,26.760551898847638,49784.0,0,690,0,11,DAVIS
839,110258,329.4999765772324,632.2947898181626,0.5211176525303823,123.49999122090503,1.4999998933713161,0.0,121.9999913275337,155.792195550744,1.4999998933713161,0.0,0.0,0.0,0.4999999644571054,115.24999180736279,0.9999999289142107,5.249999626799607,0.0,0.0,16.786143956848505,15.506060372990442,116123.0,0,0,1440,11,DAVIS
840,110259,477.0,1249.9624081969605,0.38161147637076587,192.25,19.5,21.0,151.75,233.1484200644849,18.75,0.75,3.5,17.5,16.0,51.75,28.0,56.0,0.0,0.0,18.889953279259764,22.00846678522513,67763.0,526,0,0,11,DAVIS
841,110260,371.75,990.2374673272618,0.37541500121519944,114.25,38.25,1.25,74.75,146.47377273093727,38.25,0.0,0.75,0.5,2.0,61.75,1.25,9.75,0.0,0.0,15.217230215081498,17.006542515855788,96735.0,482,0,0,11,DAVIS
842,110261,527.0,1279.3565351914508,0.411925827948451,22.25,3.0,4.0,15.25,68.01380455108587,0.0,3.0,4.0,0.0,5.0,0.0,5.0,5.25,0.0,0.0,21.25434355110525,24.50946099998061,126876.0,0,0,0,11,DAVIS
843,110262,183.75,480.7578435588373,0.3822090527733883,0.0,0.0,0.0,0.0,14.445648611451665,0.0,0.0,0.0,0.0,0.0,0.0,0.0,0.0,0.0,0.0,5.942441526003862,8.503207085447801,130534.0,0,0,0,11,DAVIS
844,110263,528.0,1103.346309817427,0.47854422070561803,801.5,267.0,42.25,492.25,863.7849987913698,190.25,76.75,11.0,31.25,20.25,94.25,95.5,282.25,0.0,0.0,37.52528118374873,24.75971760762119,70250.0,0,1060,0,11,DAVIS
845,110264,369.25,892.3972480166307,0.41377312718149334,958.75,83.5,33.75,841.5,1048.4915679954108,79.25,4.25,13.25,20.5,110.0,36.75,370.0,324.75,0.0,0.0,72.48476887191435,17.256799123496364,70250.0,0,0,0,11,DAVIS
846,110265,441.0,1037.5314406224784,0.4250473602375049,331.0,156.0,53.0,122.0,384.3082119705101,134.75,21.25,6.0,47.0,8.25,13.75,9.5,90.5,1.007811084908957,0.0,31.792511368842025,20.50788951675915,61472.0,0,0,0,11,DAVIS
847,110266,558.5,1605.93866327723,0.3477716881541865,775.0,194.25,64.25,516.5,839.3984130461337,168.0,26.25,19.75,44.5,60.5,42.25,44.25,369.5,0.0,0.0,38.38840684541316,26.010006200720618,75541.0,0,0,0,11,DAVIS
848,110267,958.25,2522.668756592117,0.3798556578210861,0.0,0.0,0.0,0.0,72.06515960809573,0.0,0.0,0.0,0.0,0.0,0.0,0.0,0.0,0.0,0.0,27.047841183771588,45.01731842432414,98234.0,0,0,0,11,DAVIS
849,110268,223.7500000000006,601.0899493465431,0.3722404612541662,84.00000000000023,2.0000000000000053,0.25000000000000067,81.75000000000021,123.68270757194108,1.500000000000004,0.5000000000000013,0.25000000000000067,0.0,0.0,77.2500000000002,1.0000000000000027,3.5000000000000093,0.0,0.0,29.428570333152273,10.254137238788589,114098.0,0,1130,0,11,DAVIS
850,110269,363.5,1029.5624946223068,0.3530625891081525,72.75,2.25,0.5,70.0,105.81826750371256,2.25,0.0,0.25,0.25,0.5,64.5,1.25,3.75,0.0,0.0,16.06172498785677,17.006542515855788,82709.0,493,0,0,11,DAVIS
851,110270,209.0,590.7625594042565,0.35378003678967423,3.0,0.0,0.0,3.0,19.48815106663681,0.0,0.0,0.0,0.0,0.0,0.0,3.0,0.0,0.0,0.0,6.484302527898114,10.003848538738698,78307.0,0,0,0,11,DAVIS
852,110271,522.5,1456.8766310493313,0.35864395712330405,167.0,2.5,5.0,159.5,210.72267371998944,2.5,0.0,2.25,2.75,14.0,72.75,5.0,67.75,0.0,0.0,19.463276847237225,24.25939687275219,90295.0,723,0,0,11,DAVIS
853,110272,508.25,1351.9220181528449,0.37594624037149055,0.0,0.0,0.0,0.0,121.6154269883299,0.0,0.0,0.0,0.0,0.0,0.0,0.0,0.0,0.0,0.0,98.10615833711503,23.50926865121487,130534.0,0,0,0,11,DAVIS
854,110273,311.25,699.1767829021567,0.44516638368347616,112.0,18.5,4.5,89.0,138.7030449214932,17.5,1.0,1.75,2.75,37.25,5.5,7.25,39.0,0.0,0.0,11.947400400748856,14.755644520744353,57827.0,0,0,0,11,DAVIS
855,110274,381.25,920.7643046921736,0.41405818846057246,544.25,239.25,33.25,271.75,590.8774952198735,146.75,92.5,17.75,15.5,27.75,15.0,29.5,199.5,0.0,0.0,28.87063200206178,17.7568632178116,70250.0,0,0,0,11,DAVIS
856,110275,534.5,1348.6840833784886,0.39631223248447006,331.25,43.75,29.5,258.0,387.1973065959467,37.0,6.75,10.0,19.5,21.75,36.25,20.5,179.5,0.0,0.0,31.1877493763284,24.759557219618323,80298.0,0,0,0,11,DAVIS
857,110276,696.0,1970.1480480746395,0.35327294346238486,0.0,0.0,0.0,0.0,52.15841497989216,0.0,0.0,0.0,0.0,0.0,0.0,0.0,0.0,0.0,0.0,19.64587514892058,32.512539830971576,109542.0,0,0,0,11,DAVIS
858,110277,520.5,1589.3325737148243,0.32749596189513064,5.0,0.0,0.0,5.0,48.31856524653158,0.0,0.0,0.0,0.0,0.0,4.5,0.0,0.5,0.0,0.0,18.80913628959364,24.50942895693793,153361.0,0,0,0,11,DAVIS
859,110278,0.0,0.0,0.0,0.0,0.0,0.0,0.0,4.031244339635828,0.0,0.0,0.0,0.0,0.0,0.0,0.0,0.0,4.031244339635828,0.0,0.0,0.0,86612.0,0,0,0,11,DAVIS
860,110279,96.25,229.3471242375652,0.41966953071668395,704.0,178.75,64.5,460.75,940.9741144979504,163.5,15.25,52.0,12.5,76.25,55.5,121.75,207.25,3.0234332547268714,0.0,229.44898148086187,4.501699762361611,86612.0,0,0,0,11,DAVIS
861,110280,885.75,2468.877950631545,0.35876621595385993,143.0,43.75,37.0,62.25,321.7900996081059,38.25,5.5,11.5,25.5,5.5,10.75,12.0,34.0,2.0147120467325355,0.0,135.51422801654667,41.26115954482666,86612.0,0,0,0,11,DAVIS
862,110281,294.0,868.7630402436505,0.33841218650087335,1783.25,683.5,203.25,896.5,2202.6697660591567,437.75,245.75,123.5,79.75,128.0,98.75,231.5,438.25,15.117166273634355,0.0,390.297211831288,14.005387954234177,91485.0,0,0,0,11,DAVIS
863,110282,260.5,746.4747161718062,0.34897364151318977,454.5,215.5,148.75,90.25,497.6762926741823,19.25,196.25,73.5,75.25,9.25,6.25,22.25,52.5,0.7560103646208418,0.0,29.915343303516348,12.504939006045072,75093.0,0,0,0,11,DAVIS
864,110283,376.25,891.4942844593072,0.4220442088736399,1036.75,131.5,403.75,501.5,1093.9004508992289,89.5,42.0,377.0,26.75,152.0,83.25,64.5,201.75,0.0,0.0,39.89387632387069,17.256574575358222,54577.0,561,0,0,11,DAVIS
865,110284,193.75,298.9175779261253,0.6481719855494196,2988.75,616.5,177.5,2194.75,3094.5813491112385,410.25,206.25,47.25,130.25,420.25,61.25,659.0,1054.25,0.0,0.0,96.82788542637334,9.003463684864828,44001.0,0,0,0,11,DAVIS
866,110285,601.0,1575.631696927906,0.3814343168976621,452.75,35.0,318.75,99.0,510.5039720494224,7.75,27.25,189.25,129.5,7.75,0.5,3.75,87.0,0.0,0.0,29.743196140954065,28.010775908468357,86612.0,582,0,0,11,DAVIS
867,110286,3.0,9.934138555218304,0.30198894280814415,2163.75,727.0,714.75,722.0,2225.918226985892,183.25,543.75,261.75,453.0,78.25,15.75,170.0,458.0,1.007811084908957,0.0,61.16041590098241,0.0,91485.0,0,0,0,11,DAVIS
868,110287,820.0,2555.0755584835133,0.32092984384645196,841.25,126.5,143.0,571.75,926.1545368167876,35.75,90.75,40.75,102.25,55.0,172.25,28.5,316.0,0.0,0.0,46.88991236958044,38.014624447207055,91485.0,0,0,0,11,DAVIS
869,110288,14.0,39.81006500265478,0.3516698603497983,458.75,132.25,229.0,97.5,473.0922021915316,26.5,105.75,143.75,85.25,11.0,7.75,17.0,61.75,0.0,0.0,13.341817337657664,1.0003848538738698,75093.0,0,0,0,11,DAVIS
870,110289,324.0,925.7291346250548,0.3499943859185427,330.5,81.0,78.5,171.0,368.730037733819,56.0,25.0,25.0,53.5,31.5,21.25,19.0,99.25,0.0,0.0,23.224264925711005,15.005772808108048,75093.0,0,0,0,11,DAVIS
871,110290,330.25,856.0883542884086,0.3857662568888791,441.0,139.75,33.5,267.75,479.5193788285655,77.25,62.5,11.75,21.75,27.5,72.75,22.25,145.25,0.0,0.0,23.5136060204575,15.005772808108048,66963.0,0,0,0,11,DAVIS
872,110291,107.0,180.00044150923537,0.5944429863773979,1673.75,941.0,66.75,666.0,1729.0122878060697,684.75,256.25,37.5,29.25,101.75,136.75,102.5,325.0,0.0,0.0,50.260427696842015,5.001860109227741,44001.0,0,0,1512,11,DAVIS
873,110292,319.0,757.3915366892351,0.4211824195903165,82.0,29.0,5.75,47.25,108.32424547461537,20.75,8.25,1.25,4.5,2.25,0.5,2.5,42.0,0.0,0.0,11.3184726665073,15.005772808108048,64364.0,0,0,0,11,DAVIS
874,110293,1183.75,3104.8916047800617,0.3812532450980208,89.0,9.25,8.25,71.5,184.44646277231703,3.25,6.0,2.25,6.0,7.75,1.5,5.0,57.25,0.0,0.0,40.42529580925418,55.02116696306284,85933.0,0,0,0,11,DAVIS
875,110294,0.0,0.0,0.0,0.0,0.0,0.0,0.0,0.0,0.0,0.0,0.0,0.0,0.0,0.0,0.0,0.0,0.0,0.0,0.0,0.0,86612.0,0,0,0,11,DAVIS
876,110295,1514.75,4024.9131270380326,0.3763435264787236,3784.5,657.75,807.75,2319.0,4010.643250544693,554.0,103.75,360.0,447.75,266.25,773.25,267.0,1012.5,0.0,0.0,155.61602210637855,70.5272284383139,69182.0,1258,0,0,11,DAVIS
877,110296,0.0,0.0,0.0,2573.25,488.5,1284.5,800.25,2652.44172208322,419.0,69.5,553.5,731.0,107.5,102.25,76.5,514.0,0.0,6.56,72.63172208322001,0.0,69182.0,0,0,0,11,DAVIS
878,110297,0.0,0.0,0.0,1268.75,38.75,1093.75,136.25,1304.5598240855838,7.75,31.0,126.25,967.5,3.75,3.5,8.0,121.0,0.0,0.0,35.809824085583905,0.0,69182.0,0,0,0,11,DAVIS
879,110298,138.0,256.65081527817983,0.5376955450167729,1083.25,125.75,612.25,345.25,1254.92530093052,65.5,60.25,406.25,206.0,29.0,50.25,25.5,240.5,0.0,131.2,34.472991807276586,6.002309123243219,69182.0,0,0,0,11,DAVIS
880,110299,453.5,851.4418338388527,0.5326259316568079,1218.5,411.5,90.5,716.5,1299.2039487977308,253.75,157.75,52.25,38.25,103.5,39.25,97.25,476.5,0.0,0.0,59.69586686637976,21.008081931351267,69182.0,0,0,0,11,DAVIS
881,110300,0.0,0.0,0.0,2191.25,215.5,922.5,1053.25,2253.100934898784,163.5,52.0,593.75,328.75,77.5,13.75,16.75,945.25,0.0,0.0,61.85093489878371,0.0,69182.0,0,0,0,11,DAVIS
882,110301,0.0,0.0,0.0,599.0,10.25,326.25,262.5,615.9079652876846,5.5,4.75,183.0,143.25,6.75,8.25,2.25,245.25,0.0,0.0,16.907965287684675,0.0,69182.0,0,0,0,11,DAVIS
883,110302,643.75,1755.3311840370643,0.36673990974138987,361.5,100.5,29.75,231.25,425.3852141488452,78.0,22.5,11.5,18.25,48.75,17.5,31.25,133.75,0.0,0.0,33.87366853262912,30.011545616216093,58205.0,0,0,0,11,DAVIS
884,110303,646.75,1485.581325091929,0.4353514607892493,205.0,19.25,16.0,169.75,279.2940177446014,18.0,1.25,14.0,2.0,40.0,80.75,8.5,40.5,0.0,0.0,44.03272877716259,30.261288967438784,46701.0,727,0,0,11,DAVIS
885,110304,233.5,524.7347362893867,0.44498674063618077,334.75,56.25,24.0,254.5,362.04296296987866,54.75,1.5,10.25,13.75,15.5,76.5,20.25,142.25,0.0,0.0,16.28872957726609,11.00423339261257,46701.0,470,0,0,11,DAVIS
886,110305,402.0,1023.9543793747836,0.39259561568109824,6.0,0.0,0.25,5.75,37.77347517492296,0.0,0.0,0.25,0.0,3.25,0.25,0.0,2.25,0.0,0.0,12.766162951319428,19.007312223603527,106785.0,0,0,0,11,DAVIS
887,110306,339.0,856.1708273145694,0.39594901996753806,0.0,0.0,0.0,0.0,28.324531499346584,0.0,0.0,0.0,0.0,0.0,0.0,0.0,0.0,0.0,0.0,12.318373837364666,16.006157661981916,152415.0,0,0,0,11,DAVIS
888,110307,0.0,0.0,0.0,781.0,98.5,226.75,455.75,803.043279766732,80.75,17.75,114.0,112.75,95.75,112.5,39.75,207.75,0.0,0.0,22.04327976673203,0.0,69182.0,812,305,0,11,DAVIS
889,110308,0.0,0.0,0.0,242.75,4.5,234.0,4.25,249.6018615170988,1.25,3.25,6.5,227.5,1.5,0.0,0.5,2.25,0.0,0.0,6.851861517098771,0.0,69182.0,0,0,0,11,DAVIS
890,110309,0.0,0.0,0.0,724.75,69.25,502.5,153.0,745.2059371216953,65.25,4.0,346.75,155.75,3.0,0.75,3.0,146.25,0.0,0.0,20.455937121695296,0.0,69182.0,0,0,0,11,DAVIS
891,110310,682.25,1490.454584843597,0.4577462520078013,317.5,65.0,19.0,233.5,400.7153207483211,53.25,11.75,10.75,8.25,13.75,80.5,16.5,122.75,0.0,0.0,51.45306960096495,31.76225114735614,59059.0,0,0,0,11,DAVIS
892,110311,689.5,1568.402219655086,0.43961937273439394,106.0,2.25,4.0,99.75,162.96756003233932,2.25,0.0,0.75,3.25,31.5,2.25,2.25,63.75,0.0,0.0,24.9552447083755,32.01231532396383,128611.0,0,0,0,11,DAVIS
893,110312,0.0,0.0,0.0,1046.0,142.25,528.0,375.75,1075.523814956681,102.0,40.25,418.5,109.5,62.75,49.75,53.25,210.0,0.0,0.0,29.523814956681026,0.0,69182.0,0,0,0,11,DAVIS
894,110313,1052.0,2652.245051592839,0.3966450985998478,46.75,11.0,4.5,31.25,222.65276687865685,11.0,0.0,3.75,0.75,0.25,0.0,1.0,30.0,0.0,95.12,31.76390903883722,49.01885783981962,98984.0,0,0,0,11,DAVIS
895,110314,297.25,756.6390186370286,0.3928557643451314,68.5,5.75,4.25,58.5,92.57420948717254,5.5,0.25,3.5,0.75,1.0,1.0,1.25,55.25,0.0,0.0,10.318885660166783,13.755323827005755,153599.0,0,0,0,11,DAVIS
896,110315,327.5,1000.6727017541422,0.32727983827869456,86.75,0.75,0.25,85.75,116.2169068430316,0.25,0.5,0.25,0.0,12.5,0.25,1.25,71.75,0.0,0.0,14.461262404573375,15.005644438458225,153518.0,0,0,0,11,DAVIS
897,110316,0.0,0.0,0.0,0.0,0.0,0.0,0.0,0.0,0.0,0.0,0.0,0.0,0.0,0.0,0.0,0.0,0.0,0.0,0.0,0.0,65562.0,0,0,0,11,DAVIS
898,110317,0.0,0.0,0.0,0.0,0.0,0.0,0.0,5.039055424502873,0.0,0.0,0.0,0.0,0.0,0.0,0.0,0.0,5.039055424502873,0.0,0.0,0.0,91175.0,0,0,0,11,DAVIS
899,110318,0.0,0.0,0.0,0.0,0.0,0.0,0.0,19.4002113335583,0.0,0.0,0.0,0.0,0.0,0.0,0.0,0.0,19.4002113335583,0.0,0.0,0.0,77899.0,0,0,0,11,DAVIS
900,110319,0.0,0.0,0.0,5.0,0.0,0.0,5.0,5.0,0.0,0.0,0.0,0.0,0.0,5.0,0.0,0.0,0.0,0.0,0.0,0.0,77899.0,0,0,0,11,DAVIS
901,110320,0.0,0.0,0.0,0.0,0.0,0.0,0.0,0.0,0.0,0.0,0.0,0.0,0.0,0.0,0.0,0.0,0.0,0.0,0.0,0.0,101962.0,0,0,0,11,DAVIS
902,110321,0.0,0.0,0.0,0.0,0.0,0.0,0.0,0.0,0.0,0.0,0.0,0.0,0.0,0.0,0.0,0.0,0.0,0.0,0.0,0.0,86612.0,0,0,0,11,DAVIS
903,110322,6.999999990979051,17.593735967372744,0.39786887810300325,0.0,0.0,0.0,0.0,0.19758528800102926,0.0,0.0,0.0,0.0,0.0,0.0,0.0,0.0,0.0,0.0,0.19758528800102926,0.0,92898.0,0,0,0,11,DAVIS
904,110323,15.0,38.11379518406101,0.3935582884769481,0.0,0.0,0.0,0.0,1.423781900135996,0.0,0.0,0.0,0.0,0.0,0.0,0.0,0.0,0.0,0.0,0.4233970462621261,1.0003848538738698,91692.0,0,0,0,11,DAVIS
905,110324,1.0,4.081791742096855,0.2449904510528238,0.0,0.0,0.0,0.0,0.0282264697508083,0.0,0.0,0.0,0.0,0.0,0.0,0.0,0.0,0.0,0.0,0.0282264697508083,0.0,130534.0,0,0,0,11,DAVIS
906,350001,0.0,0.0,0.0,0.0,0.0,0.0,0.0,0.0,0.0,0.0,0.0,0.0,0.0,0.0,0.0,0.0,0.0,0.0,0.0,0.0,45129.0,0,0,0,35,SALT LAKE
907,350002,0.0,0.0,0.0,1097.0,26.5,644.75,425.75,1138.190615407104,7.75,18.75,544.5,100.25,8.0,324.0,0.0,93.75,0.0,0.0,41.19061540710423,0.0,45129.0,0,0,0,35,SALT LAKE
908,350003,0.0,0.0,0.0,253.0,6.75,157.25,89.0,262.4998689750821,0.0,6.75,157.25,0.0,0.0,89.0,0.0,0.0,0.0,0.0,9.49986897508209,0.0,45129.0,0,0,0,35,SALT LAKE
909,350004,0.0,0.0,0.0,88.75,3.0,55.5,30.25,92.08237768333684,0.0,3.0,55.5,0.0,0.0,30.25,0.0,0.0,0.0,0.0,3.3323776833368397,0.0,45129.0,0,0,0,35,SALT LAKE
910,350005,0.0,0.0,0.0,0.0,0.0,0.0,0.0,0.0,0.0,0.0,0.0,0.0,0.0,0.0,0.0,0.0,0.0,0.0,0.0,0.0,79063.0,0,0,0,35,SALT LAKE
911,350006,0.0,0.0,0.0,916.75,19.75,553.25,343.75,951.1728579654236,0.0,19.75,553.25,0.0,0.0,343.75,0.0,0.0,0.0,0.0,34.42285796542368,0.0,79063.0,0,0,0,35,SALT LAKE
912,350007,0.0,0.0,0.0,0.0,0.0,0.0,0.0,0.0,0.0,0.0,0.0,0.0,0.0,0.0,0.0,0.0,0.0,0.0,0.0,0.0,79063.0,0,0,0,35,SALT LAKE
913,350008,0.0,0.0,0.0,0.0,0.0,0.0,0.0,0.0,0.0,0.0,0.0,0.0,0.0,0.0,0.0,0.0,0.0,0.0,0.0,0.0,79063.0,0,0,0,35,SALT LAKE
914,350009,0.0,0.0,0.0,13.0,0.0,12.75,0.25,13.488135559984457,0.0,0.0,12.75,0.0,0.0,0.0,0.0,0.25,0.0,0.0,0.4881355599844552,0.0,79063.0,0,0,0,35,SALT LAKE
915,350010,0.0,0.0,0.0,0.0,0.0,0.0,0.0,0.0,0.0,0.0,0.0,0.0,0.0,0.0,0.0,0.0,0.0,0.0,0.0,0.0,79063.0,0,0,0,35,SALT LAKE
916,350011,0.0,0.0,0.0,0.0,0.0,0.0,0.0,0.0,0.0,0.0,0.0,0.0,0.0,0.0,0.0,0.0,0.0,0.0,0.0,0.0,79063.0,0,0,0,35,SALT LAKE
917,350012,0.0,0.0,0.0,0.0,0.0,0.0,0.0,0.0,0.0,0.0,0.0,0.0,0.0,0.0,0.0,0.0,0.0,0.0,0.0,0.0,79063.0,0,0,0,35,SALT LAKE
918,350013,0.0,0.0,0.0,0.0,0.0,0.0,0.0,0.0,0.0,0.0,0.0,0.0,0.0,0.0,0.0,0.0,0.0,0.0,0.0,0.0,79063.0,0,0,0,35,SALT LAKE
919,350014,0.0,0.0,0.0,0.0,0.0,0.0,0.0,0.0,0.0,0.0,0.0,0.0,0.0,0.0,0.0,0.0,0.0,0.0,0.0,0.0,79063.0,0,0,0,35,SALT LAKE
920,350015,0.0,0.0,0.0,0.0,0.0,0.0,0.0,0.0,0.0,0.0,0.0,0.0,0.0,0.0,0.0,0.0,0.0,0.0,0.0,0.0,79063.0,0,0,0,35,SALT LAKE
921,350016,0.0,0.0,0.0,0.0,0.0,0.0,0.0,2.024281839391044,0.0,0.0,0.0,0.0,0.0,0.0,0.0,0.0,2.024281839391044,0.0,0.0,0.0,79063.0,0,0,0,35,SALT LAKE
922,350017,0.0,0.0,0.0,0.0,0.0,0.0,0.0,0.0,0.0,0.0,0.0,0.0,0.0,0.0,0.0,0.0,0.0,0.0,0.0,0.0,79063.0,0,0,0,35,SALT LAKE
923,350018,0.0,0.0,0.0,0.0,0.0,0.0,0.0,0.0,0.0,0.0,0.0,0.0,0.0,0.0,0.0,0.0,0.0,0.0,0.0,0.0,79063.0,0,0,0,35,SALT LAKE
924,350019,0.0,0.0,0.0,0.0,0.0,0.0,0.0,2069.9356789476938,0.0,0.0,0.0,0.0,0.0,0.0,0.0,0.0,0.0,2069.9356789476938,0.0,0.0,76192.0,0,0,0,35,SALT LAKE
925,350020,0.0,0.0,0.0,604.0,3.0,546.5,54.5,1138.3889503015955,0.0,3.0,546.5,0.0,0.0,54.5,0.0,0.0,0.0,511.7094212069331,22.679529094662385,0.0,76192.0,0,0,0,35,SALT LAKE
926,350021,364.0,904.2819827846622,0.4025293071516164,236.75,29.0,179.5,28.25,287.28506314567403,0.0,29.0,153.75,25.75,1.0,16.5,5.25,5.5,0.0,0.0,22.542841731406643,27.99222141426736,76192.0,0,0,0,35,SALT LAKE
927,350022,0.0,0.0,0.0,36.5,0.0,36.5,0.0,37.87062997731278,0.0,0.0,2.5,34.0,0.0,0.0,0.0,0.0,0.0,0.0,1.3706299773127828,0.0,76192.0,0,0,0,35,SALT LAKE
928,350023,0.0,0.0,0.0,19.0,0.0,18.0,1.0,19.713428895361897,0.0,0.0,18.0,0.0,0.0,1.0,0.0,0.0,0.0,0.0,0.7134288953618961,0.0,76192.0,0,0,0,35,SALT LAKE
929,350024,0.0,0.0,0.0,27.0,0.25,23.75,3.0,121.13078462118648,0.0,0.25,23.75,0.0,0.0,3.0,0.0,0.0,93.116964611988,0.0,1.013820009198484,0.0,76192.0,0,0,0,35,SALT LAKE
930,350025,0.0,0.0,0.0,643.0,10.0,420.25,212.75,667.1439357746158,0.0,10.0,420.25,0.0,0.0,212.75,0.0,0.0,0.0,0.0,24.14393577461575,0.0,76192.0,0,0,0,35,SALT LAKE
931,350026,57.5,126.33198494168502,0.45514997667884394,778.5,47.5,597.5,133.5,817.9413788376388,16.5,31.0,593.25,4.25,24.75,24.25,0.0,84.5,3.7952107869128495,0.0,31.397439279903686,4.248728770822265,102017.0,0,0,0,35,SALT LAKE
932,350027,2079.25,4536.402738352073,0.45834775259731975,211.5,10.0,194.5,7.0,642.7219011529326,0.0,10.0,194.5,0.0,0.0,7.0,0.0,0.0,21.25495931360596,0.0,250.261390106044,159.70555173328268,102017.0,0,0,0,35,SALT LAKE
933,350028,3556.75,7976.119501062587,0.4459248635287079,2893.25,91.5,2595.25,206.5,3408.6082154388314,0.75,90.75,2594.25,1.0,3.75,188.25,0.0,14.5,0.0,0.0,242.1843701831259,273.1738452557057,102017.0,0,0,0,35,SALT LAKE
934,350029,177.0,474.0354651374096,0.37338978413501756,21.75,1.25,19.5,1.0,67.97571120581361,0.0,1.25,19.5,0.0,0.0,1.0,0.0,0.0,1.0121409196955218,0.0,31.717320276002056,13.49625001011603,102017.0,0,0,0,35,SALT LAKE
935,350030,0.0,0.0,0.0,0.0,0.0,0.0,0.0,0.0,0.0,0.0,0.0,0.0,0.0,0.0,0.0,0.0,0.0,0.0,0.0,0.0,102017.0,0,0,0,35,SALT LAKE
936,350031,86.0,253.58368288957607,0.33913854006706345,0.0,0.0,0.0,0.0,9.727635807631756,0.0,0.0,0.0,0.0,0.0,0.0,0.0,0.0,0.0,0.0,3.229435327170111,6.4982004804616444,104129.0,0,0,0,35,SALT LAKE
937,350032,0.0,0.0,0.0,0.0,0.0,0.0,0.0,0.0,0.0,0.0,0.0,0.0,0.0,0.0,0.0,0.0,0.0,0.0,0.0,0.0,105293.0,0,0,0,35,SALT LAKE
938,350033,52.0,155.1584144676928,0.3351413468512046,0.0,0.0,0.0,0.0,5.951427695312695,0.0,0.0,0.0,0.0,0.0,0.0,0.0,0.0,0.0,0.0,1.952542239937821,3.998885455374874,103174.0,0,0,0,35,SALT LAKE
939,350034,57.5,135.97135538534422,0.4228831862199535,4750.5,759.25,299.25,3692.0,5385.557514822651,498.25,261.0,0.0,299.25,644.25,483.0,0.0,2564.75,4.048563678782087,0.0,626.7601759715155,4.248775172353816,64798.0,0,0,0,35,SALT LAKE
940,350035,0.0,0.0,0.0,549.25,40.5,112.75,396.0,569.8752531365761,33.75,6.75,0.0,112.75,36.0,96.75,0.0,263.25,0.0,0.0,20.62525313657609,0.0,56502.0,0,0,0,35,SALT LAKE
941,350036,237.0,569.3573764944271,0.41625876783967475,152.0,0.0,0.25,151.75,184.60150245949103,0.0,0.0,0.0,0.25,0.5,150.75,0.0,0.5,0.0,0.0,14.606517910304085,17.99498454918693,64725.0,0,723,0,35,SALT LAKE
942,350037,0.0,0.0,0.0,1201.75,1.5,277.75,922.5,1246.8742913958522,0.0,1.5,277.75,0.0,0.0,922.5,0.0,0.0,0.0,0.0,45.124291395852126,0.0,45129.0,0,0,0,35,SALT LAKE
943,350038,0.0,0.0,0.0,8.0,0.0,5.75,2.25,16.397518471400765,0.0,0.0,5.75,0.0,0.0,2.25,0.0,0.0,8.097127357564174,0.0,0.3003911138365878,0.0,45129.0,0,0,0,35,SALT LAKE
944,350039,0.0,0.0,0.0,1573.25,192.0,355.5,1025.75,1632.3330016115174,157.75,34.25,6.75,348.75,128.0,258.75,0.0,639.0,0.0,0.0,59.08300161151735,0.0,64798.0,0,0,0,35,SALT LAKE
945,350040,0.0,0.0,0.0,1035.0,139.25,326.0,569.75,1073.8704567629654,113.0,26.25,104.25,221.75,38.5,127.5,0.0,403.75,0.0,0.0,38.87045676296552,0.0,64798.0,0,0,0,35,SALT LAKE
946,350041,0.0,0.0,0.0,1226.0,204.75,281.75,739.5,1312.708112593084,149.5,55.25,6.0,275.75,98.75,149.75,0.0,491.0,0.0,10.660612940701256,76.04749965238287,0.0,116535.0,0,0,0,35,SALT LAKE
947,350042,0.0,0.0,0.0,3970.25,6.0,2053.0,1911.25,4121.354425562733,4.0,2.0,0.0,2053.0,17.75,485.5,0.0,1408.0,2.024281839391044,0.0,149.08014372334193,0.0,56502.0,0,0,0,35,SALT LAKE
948,350043,3.0,4.404999740005242,0.6810443080744495,917.25,72.0,159.25,686.0,958.7948754401664,55.75,16.25,2.75,156.5,112.5,95.0,1.0,477.5,0.0,0.0,41.54487544016648,0.0,64798.0,0,0,0,35,SALT LAKE
949,350044,37.0,59.4783708953251,0.6220748726476659,1005.25,180.25,136.75,688.25,1098.6386894366822,130.0,50.25,0.0,136.75,168.0,97.0,0.0,423.25,0.0,0.0,90.38952534515111,2.9991640915311555,52447.0,0,0,0,35,SALT LAKE
950,350045,0.0,0.0,0.0,458.5,27.25,166.75,264.5,477.74259579529775,20.0,7.25,37.5,129.25,17.75,55.75,0.0,191.0,2.024281839391044,0.0,17.218313955906698,0.0,56502.0,0,0,0,35,SALT LAKE
951,350046,1362.0,4336.357680946503,0.31408848167310643,74.75,17.75,0.0,57.0,233.6690497139542,17.75,0.0,0.0,0.0,0.25,56.5,0.0,0.25,0.0,0.0,53.94830651036374,104.97074320359044,64689.0,487,0,0,35,SALT LAKE
952,350047,148.75,414.0735849502297,0.35923566584881106,144.25,11.75,4.0,128.5,166.498965124944,5.75,6.0,0.0,4.0,16.0,38.5,0.0,74.0,0.0,0.0,11.00211719629256,11.246847928651444,30068.0,0,0,0,35,SALT LAKE
953,350048,0.0,0.0,0.0,422.0,37.75,65.5,318.75,437.8481647004016,31.25,6.5,0.0,65.5,16.75,176.0,0.0,126.0,0.0,0.0,15.848164700401572,0.0,64798.0,285,0,0,35,SALT LAKE
954,350049,0.0,0.0,0.0,0.0,0.0,0.0,0.0,0.0,0.0,0.0,0.0,0.0,0.0,0.0,0.0,0.0,0.0,0.0,0.0,0.0,45129.0,0,0,0,35,SALT LAKE
955,350050,0.0,0.0,0.0,39.0,1.0,26.0,12.0,40.46440667995336,0.0,1.0,26.0,0.0,0.0,12.0,0.0,0.0,0.0,0.0,1.464406679953366,0.0,45129.0,0,0,0,35,SALT LAKE
956,350051,0.0,0.0,0.0,527.0,3.25,482.75,41.0,551.8489692224629,0.0,3.25,482.75,0.0,0.0,41.0,0.0,0.0,5.060704598477609,0.0,19.788264623985228,0.0,45129.0,0,0,0,35,SALT LAKE
957,350052,0.0,0.0,0.0,14679.75,600.75,10109.75,3969.25,16073.175515891438,379.75,221.0,9164.5,945.25,535.75,1014.75,0.0,2418.75,7.084986437868653,0.0,1386.3405294535696,0.0,45129.0,0,0,0,35,SALT LAKE
958,350053,0.0,0.0,0.0,6061.75,48.5,5670.5,342.75,6293.4101869557,38.5,10.0,28.75,5641.75,26.0,69.0,0.0,247.75,4.048563678782087,0.0,227.61162327691835,0.0,56502.0,0,0,0,35,SALT LAKE
959,350054,0.0,0.0,0.0,2104.0,52.5,980.25,1071.25,2183.003078639908,30.25,22.25,537.75,442.5,125.75,238.75,174.0,532.75,0.0,0.0,79.00307863990787,0.0,56502.0,0,0,0,35,SALT LAKE
960,350055,651.75,1891.6678235386355,0.3445372342279462,687.25,184.75,41.0,461.5,787.5137717918356,146.75,38.0,0.0,41.0,53.75,167.25,6.5,234.0,0.0,0.0,50.27770359964965,49.986068192185925,53594.0,702,91,0,35,SALT LAKE
961,350056,723.0,1963.922129035654,0.36814086939130075,200.25,4.5,0.5,195.25,290.65251187384746,3.0,1.5,0.0,0.5,6.75,155.0,8.0,25.5,0.0,0.0,34.66805163867309,55.73446023517439,61390.0,337,232,160,35,SALT LAKE
962,350057,480.5,1156.2532056494208,0.41556641542898254,116.25,35.0,1.25,80.0,177.39835435864313,25.5,9.5,0.0,1.25,5.25,9.5,0.0,65.25,0.0,0.0,24.158663896425544,36.98969046221758,64537.0,0,0,0,35,SALT LAKE
963,350058,77.50000000882424,148.54525190157398,0.5217265379857157,3180.2500003621067,318.00000003620784,1085.2500001235678,1777.0000002023312,3441.0426112267783,185.7500000211497,132.25000001505813,383.0000000436088,702.250000079959,650.7500000740952,349.250000039766,0.0,777.0000000884701,0.0,0.0,254.79430591188142,5.998304952790335,52447.0,0,0,0,35,SALT LAKE
964,350059,579.5,1305.6278891274558,0.44384774929040216,0.0,0.0,0.0,0.0,72.2469939944085,0.0,0.0,0.0,0.0,0.0,0.0,0.0,0.0,0.0,0.0,27.509515201861564,44.73747879254694,116535.0,0,0,0,35,SALT LAKE
965,350060,0.0,0.0,0.0,12790.500007361832,397.5000002287892,7711.50000443851,4681.500002694532,13270.771465716825,20.2500000116553,377.2500002171339,0.0,7711.50000443851,166.75000009597633,3363.0000019356426,14.000000008057985,1137.750000654855,0.0,0.0,480.2714583549926,0.0,56502.0,0,0,0,35,SALT LAKE
966,350061,204.25,559.8886238902121,0.36480469737147425,56.75,26.75,1.0,29.0,84.54685367506534,13.75,13.0,1.0,0.0,14.25,0.25,9.0,5.5,0.0,0.0,11.80131185356584,15.995541821499495,30068.0,0,0,0,35,SALT LAKE
967,350062,334.25,838.8072114666721,0.3984825063861299,109.75,17.25,1.25,91.25,152.41438532672504,5.0,12.25,0.0,1.25,4.25,49.0,22.0,16.0,0.0,0.0,16.67162986678836,25.99275545993668,48811.0,0,0,0,35,SALT LAKE
968,350063,456.25,740.4398705477872,0.6161877799239258,27.75,19.75,0.25,7.75,80.91391012164371,6.5,13.25,0.0,0.25,1.5,2.25,0.0,4.0,0.0,0.0,18.173662387113566,34.99024773453014,49071.0,0,0,0,35,SALT LAKE
969,350064,367.0,1103.966356574599,0.33243766697631283,55.0,0.0,0.0,55.0,98.83782944250412,0.0,0.0,0.0,0.0,0.0,55.0,0.0,0.0,0.0,0.0,15.845631254880008,27.99219818762412,81295.0,326,0,0,35,SALT LAKE
970,350065,658.75,847.8087189207104,0.7770030966874361,81.0,27.0,0.0,54.0,159.76170109069022,11.5,15.5,0.0,0.0,3.25,4.5,0.0,46.25,0.0,0.0,28.27578383205993,50.48591725863031,45921.0,0,0,0,35,SALT LAKE
971,350066,567.5,1004.6224905338,0.5648888068377429,329.0,56.5,28.25,244.25,408.15086367584377,43.5,13.0,5.0,23.25,48.75,47.25,0.0,148.25,0.0,0.0,35.41303659309068,43.73782708275307,59977.0,0,0,0,35,SALT LAKE
972,350067,303.75,571.2829660293226,0.5316979816695765,621.5,70.75,126.5,424.25,690.4857676597476,42.75,28.0,102.0,24.5,123.75,25.25,88.0,187.25,0.0,0.0,45.74230978806645,23.24345787168116,52447.0,0,0,0,35,SALT LAKE
973,350068,708.75,1412.6001067803495,0.5017343525588492,0.0,0.0,0.0,0.0,82.59704367982224,0.0,0.0,0.0,0.0,0.0,0.0,0.0,0.0,0.0,0.0,28.11224096581705,54.484802714005184,60090.0,0,0,0,35,SALT LAKE
974,350069,911.7499989334171,1907.6183245419327,0.477952002873715,462.749999458666,57.99999993215047,19.99999997660361,384.74999954991193,586.5928645452726,44.49999994794303,13.499999984207438,0.9999999988301805,18.99999997777343,72.24999991548054,146.99999982803655,8.999999989471625,156.49999981692326,0.0,0.0,53.862369699410785,69.98049538719575,171320.0,349,0,0,35,SALT LAKE
975,350070,0.0,0.0,0.0,197.0,1.0,174.5,21.5,204.397131178226,0.0,1.0,174.25,0.25,0.25,21.25,0.0,0.0,0.0,0.0,7.397131178225975,0.0,45129.0,0,0,0,35,SALT LAKE
976,350071,0.0,0.0,0.0,7.75,0.25,2.75,4.75,890.8816026892439,0.0,0.25,0.0,2.75,0.0,1.5,0.0,3.25,882.8406588879407,0.0,0.2909438013032374,0.0,45129.0,0,0,0,35,SALT LAKE
977,350072,0.0,0.0,0.0,2996.25,142.0,2470.5,383.75,3108.757002108283,131.0,11.0,2195.25,275.25,183.0,21.5,0.0,179.25,0.0,0.0,112.50700210828302,0.0,45129.0,0,0,0,35,SALT LAKE
978,350073,0.0,0.0,0.0,17206.25098302298,1920.500109721504,3965.250226541627,11320.500646759847,17886.76029926804,1076.0000614737507,844.5000482477533,2195.2501254184494,1770.0001011231775,2268.250129589066,2375.0001356878793,0.0,6677.250381482902,0.0,0.0,680.5093162450595,0.0,56502.0,0,0,0,35,SALT LAKE
979,350074,0.0,0.0,0.0,4614.75,64.0,2128.25,2422.5,4871.537424118159,12.25,51.75,1814.25,314.0,1592.75,107.25,316.0,406.5,0.0,83.50813470104998,173.27928941710846,0.0,56502.0,0,0,0,35,SALT LAKE
980,350075,698.0,2236.959156376369,0.3120307306507484,192.5,102.0,19.25,71.25,307.431067941696,17.5,84.5,14.5,4.75,7.5,3.75,24.0,36.0,0.0,0.0,60.94611429413519,53.9849536475608,38829.0,0,0,0,35,SALT LAKE
981,350076,512.0,1016.3541871276376,0.5037613919287186,530.5,72.75,15.5,442.25,612.8841807243239,38.75,34.0,0.0,15.5,65.75,215.25,3.0,158.25,0.0,0.0,43.14513460804832,39.23904611627556,60653.0,452,0,0,35,SALT LAKE
982,350077,307.0,763.7903720301648,0.40194274665179397,247.0,142.5,9.5,95.0,291.295053853703,137.0,5.5,3.0,6.5,15.25,15.75,0.0,64.0,0.0,0.0,20.80161341885309,23.49344043484991,57237.0,0,0,0,35,SALT LAKE
983,350078,253.0,584.3541916524337,0.4329565931315868,0.0,0.0,0.0,0.0,28.49457488811274,0.0,0.0,0.0,0.0,0.0,0.0,0.0,0.0,0.0,0.0,9.49986897508209,18.99470591303065,211467.0,0,0,0,35,SALT LAKE
984,350079,1813.75,3739.867885997904,0.484977024667287,4074.25,308.0,43.25,3723.0,4538.611733900452,158.5,149.5,0.75,42.5,465.5,2483.75,0.0,773.75,0.0,0.0,325.1502728051692,139.21146109528348,40069.0,410,0,0,35,SALT LAKE
985,350080,1077.75,2369.6080145603146,0.45482206060143604,2561.5,345.25,23.5,2192.75,2780.8932198550538,209.25,136.0,0.0,23.5,269.75,1123.5,0.0,799.5,0.0,0.0,136.66730441039977,82.72591544465384,38845.0,0,0,0,35,SALT LAKE
986,350081,524.75,1203.7169833813791,0.43594134438970616,1179.0,135.5,38.0,1005.5,1283.2087611049042,92.5,43.0,0.0,38.0,203.0,364.5,0.0,438.0,0.0,0.0,63.970016834176526,40.23874427072768,46352.0,0,0,0,35,SALT LAKE
987,350082,516.25,1288.5394938853462,0.4006474015346989,0.0,0.0,0.0,0.0,59.37365646546469,0.0,0.0,0.0,0.0,0.0,0.0,0.0,0.0,0.0,0.0,19.384801911715947,39.98885455374874,35544.0,0,0,0,35,SALT LAKE
988,350083,647.25,1407.9068261089112,0.45972502441005336,506.0,147.75,1.75,356.5,622.2988986467128,90.75,57.0,0.0,1.75,79.5,63.25,0.5,213.25,0.0,0.0,66.31273761264875,49.986161034064025,46352.0,434,0,0,35,SALT LAKE
989,350084,438.25,1381.5347870446749,0.3172196633119078,93.25,3.75,1.75,87.75,149.1978042255144,2.75,1.0,0.0,1.75,1.5,11.75,65.0,9.5,0.0,0.0,21.95727785482796,33.99052637068643,34137.0,0,0,0,35,SALT LAKE
990,350085,759.0,1282.2294619956845,0.5919377322828623,400.0,46.5,19.5,334.0,502.4879766529925,24.0,22.5,0.0,19.5,61.5,49.25,97.75,125.5,0.0,0.0,44.00428846636076,58.4836881866317,51230.0,0,0,0,35,SALT LAKE
991,350086,454.25,770.9542461756809,0.589204874677463,365.75,8.25,251.25,106.25,431.5307388907939,6.0,2.25,3.0,248.25,19.25,8.25,20.75,58.0,0.0,0.0,30.790491156263705,34.99024773453014,51326.0,0,0,0,35,SALT LAKE
992,350087,1267.5,2073.706520609275,0.611224388505851,1019.0,108.25,64.5,846.25,1202.578403710114,84.25,24.0,8.0,56.5,325.75,52.0,190.0,278.5,0.0,0.0,85.8556461935033,97.72275751661056,51230.0,0,0,0,35,SALT LAKE
993,350088,496.5,823.6356929346406,0.6028150604194368,232.0,16.25,133.25,82.5,297.600763638512,11.75,4.5,35.25,98.0,15.5,4.0,12.5,50.5,0.0,0.0,27.36146209547171,38.23930154304025,51230.0,0,0,0,35,SALT LAKE
994,350089,420.2499999869777,711.2654722081442,0.5908483068667729,718.7499999777281,92.74999999712594,4.999999999845064,620.999999980757,797.5086730426638,37.74999999883023,54.999999998295706,0.0,4.999999999845064,43.74999999864431,361.2499999888059,43.49999999865206,172.49999999465473,0.0,0.0,46.26774035649904,32.49093270843658,51390.0,0,948,1903,35,SALT LAKE
995,350090,1216.75,2059.2833353126803,0.5908608976409987,144.25,76.25,4.0,64.0,290.08079392948264,14.75,61.5,1.0,3.0,9.0,3.25,31.75,20.0,0.0,0.0,52.35690444866735,93.47388948081527,48532.0,0,0,0,35,SALT LAKE
996,350091,730.0,1355.9804143178835,0.5383558584562753,381.0,38.25,5.5,337.25,479.2019945963993,26.5,11.75,0.0,5.5,60.0,91.25,36.0,150.0,0.0,0.0,42.21759822115105,55.98439637524824,27015.0,262,0,0,35,SALT LAKE
997,350092,536.0,808.7495965757083,0.6627514897929525,85.5,21.0,6.25,58.25,150.3265045748205,13.0,8.0,0.0,6.25,11.5,12.5,6.5,27.75,0.0,0.0,23.58803894024907,41.2384656345714,66900.0,0,0,0,35,SALT LAKE
998,350093,548.5,888.4843877053668,0.6173434306668875,305.25,26.5,9.0,269.75,379.2920179434418,19.25,7.25,0.0,9.0,64.75,51.5,27.5,126.0,0.0,0.0,32.053720662005624,41.988297281436175,54299.0,0,0,0,35,SALT LAKE
999,350094,0.0,0.0,0.0,2474.25,447.75,140.75,1885.75,2567.158230117786,328.75,119.0,0.0,140.75,290.0,970.25,0.0,625.5,0.0,0.0,92.90823011778576,0.0,66900.0,0,0,0,35,SALT LAKE
1000,350095,291.25,576.0415991316593,0.505605845895571,4042.75,310.5,123.25,3609.0,4231.731698354194,200.75,109.75,23.75,99.5,493.0,433.5,1759.0,923.5,0.0,0.0,166.9878283496327,21.99387000456181,100099.0,0,0,0,35,SALT LAKE
1001,350096,552.5,967.5423641631444,0.5710344274980387,314.0,157.5,6.25,150.25,389.0246857925164,129.75,27.75,4.0,2.25,18.5,13.75,0.0,118.0,0.0,0.0,32.53646979058593,42.48821600193041,58481.0,0,0,0,35,SALT LAKE
1002,350097,470.0,940.037909999356,0.4999798359199386,0.0,0.0,0.0,0.0,53.6379470362734,0.0,0.0,0.0,0.0,0.0,0.0,0.0,0.0,0.0,0.0,17.647977937899537,35.98996909837386,100099.0,0,0,0,35,SALT LAKE
1003,350098,645.5,1008.3632762386968,0.6401462798286192,25.0,5.25,0.0,19.75,100.16263689618609,5.0,0.25,0.0,0.0,1.75,0.25,0.0,17.75,0.0,0.0,25.176568704000157,49.986068192185925,45319.0,0,0,0,35,SALT LAKE
1004,350099,443.5,863.3630352896198,0.5136888908513735,18.25,2.25,1.25,14.75,70.07848108063112,1.5,0.75,1.0,0.25,1.25,1.75,0.0,11.75,0.0,0.0,17.8379547099447,33.99052637068643,79338.0,0,0,0,35,SALT LAKE
1005,350100,48.75,85.07646861443936,0.5730139108257021,0.0,0.0,0.0,0.0,6.329365229401153,0.0,0.0,0.0,0.0,0.0,0.0,0.0,0.0,0.0,0.0,2.5803927003968186,3.748972529004335,131360.0,0,0,0,35,SALT LAKE
1006,350101,440.5000003808249,1346.2546844500287,0.32720406136285995,422.0000003648311,41.00000003544567,19.000000016426046,362.0000003129594,490.1266946631834,25.000000021613218,16.00000001383246,0.0,19.000000016426046,45.250000039119925,46.25000003998445,159.25000013767618,111.25000009617881,0.0,0.0,34.13616789827999,33.99052640007222,183906.0,0,0,0,35,SALT LAKE
1007,350102,0.0,0.0,0.0,15528.75,4.5,0.0,15524.25,16111.837781792708,1.75,2.75,0.0,0.0,943.0,7.5,14543.0,30.75,0.0,0.0,583.0877817927061,0.0,22017.0,0,0,0,35,SALT LAKE
1008,350103,0.0,0.0,0.0,3.0,0.0,3.0,0.0,3.112646667688721,0.0,0.0,0.0,3.0,0.0,0.0,0.0,0.0,0.0,0.0,0.1126466676887203,0.0,45129.0,0,0,0,35,SALT LAKE
1009,350104,0.0,0.0,0.0,622.25,43.5,228.5,350.25,645.6158125089876,33.0,10.5,30.75,197.75,25.25,78.25,0.0,246.75,0.0,0.0,23.36581250898754,0.0,45129.0,0,0,0,35,SALT LAKE
1010,350105,0.0,0.0,0.0,1708.5,87.5,853.75,767.25,1772.655419024224,70.25,17.25,451.25,402.5,54.75,161.5,0.0,551.0,0.0,0.0,64.15541902422386,0.0,45129.0,0,0,0,35,SALT LAKE
1011,350106,1.75,5.16165647488987,0.3390384479310662,2966.0,170.75,1394.0,1401.25,3083.955832548971,137.0,33.75,87.0,1307.0,254.75,293.75,0.0,852.75,0.0,0.0,117.70591962260067,0.2499129263705389,69745.0,0,0,0,35,SALT LAKE
1012,350107,0.0,0.0,0.0,764.0,50.25,268.5,445.25,792.6902698697356,43.25,7.0,36.75,231.75,60.25,52.0,0.0,333.0,0.0,0.0,28.69026986973568,0.0,69745.0,0,0,0,35,SALT LAKE
1013,350108,0.0,0.0,0.0,0.0,0.0,0.0,0.0,0.0,0.0,0.0,0.0,0.0,0.0,0.0,0.0,0.0,0.0,0.0,0.0,0.0,56502.0,0,0,0,35,SALT LAKE
1014,350109,0.0,0.0,0.0,0.0,0.0,0.0,0.0,0.0,0.0,0.0,0.0,0.0,0.0,0.0,0.0,0.0,0.0,0.0,0.0,0.0,56502.0,0,0,0,35,SALT LAKE
1015,350110,0.0,0.0,0.0,24.25,0.75,1.0,22.5,25.160411192439653,0.5,0.25,0.0,1.0,0.0,0.75,0.0,21.75,0.0,0.0,0.9104111924396544,0.0,56502.0,0,0,0,35,SALT LAKE
1016,350111,1878.0,4315.484667172078,0.4351770762357144,422.75,103.25,2.25,317.25,653.2284251463061,63.5,39.75,0.0,2.25,59.5,43.5,0.0,214.25,0.0,0.0,86.26872868988156,144.20969645642455,38960.0,0,0,0,35,SALT LAKE
1017,350112,0.0,0.0,0.0,1853.25,158.0,278.0,1417.25,1922.8380687996687,117.25,40.75,0.0,278.0,286.0,253.5,0.0,877.75,0.0,0.0,69.58806879966914,0.0,35043.0,0,0,0,35,SALT LAKE
1018,350113,172.5,454.6821292232289,0.3793859246122033,149.75,18.0,40.5,91.25,175.3464919088254,13.75,4.25,24.75,15.75,8.0,13.5,0.0,69.75,0.0,0.0,12.600114178857035,12.99637772996834,35043.0,0,0,0,35,SALT LAKE
1019,350114,319.75,874.0805767956471,0.365812956480733,1909.5,211.75,164.75,1533.0,2017.7001227871383,147.0,64.75,16.25,148.5,702.25,339.5,0.0,491.25,0.0,0.0,83.70696098844485,24.493161798693627,32095.0,0,0,0,35,SALT LAKE
1020,350115,433.75,1204.2282237517236,0.3601891995594238,340.75,38.0,149.75,153.0,408.5763142168776,28.75,9.25,120.0,29.75,31.5,30.0,0.0,91.5,0.0,0.0,34.585665933402495,33.2406482834751,32095.0,0,0,0,35,SALT LAKE
1021,350116,689.25,1855.7113162652288,0.3714209176603892,196.5,27.75,21.75,147.0,283.49491728317633,21.0,6.75,16.0,5.75,15.75,13.25,51.0,67.0,0.0,0.0,34.00968499945927,52.98523228371708,32095.0,0,0,0,35,SALT LAKE
1022,350117,861.75,2289.5241022279947,0.3763882630287268,162.5,44.25,4.75,113.5,267.1949080118909,15.5,28.75,1.0,3.75,29.75,12.0,14.0,57.75,0.0,0.0,38.46338507183493,66.23152294005595,32095.0,0,0,0,35,SALT LAKE
1023,350118,0.0,0.0,0.0,501.5,11.25,455.25,35.0,520.3315194849799,8.5,2.75,54.0,401.25,7.75,7.75,0.0,19.5,0.0,0.0,18.831519484979967,0.0,42543.0,0,0,0,35,SALT LAKE
1024,350119,110.0,209.3452655035429,0.5254477560570311,475.75,50.5,143.0,282.25,509.49770844193455,27.5,23.0,0.0,143.0,105.5,42.25,3.0,131.5,0.0,0.0,25.000129093711635,8.747579348222928,42543.0,0,0,0,35,SALT LAKE
1025,350120,677.5,1116.2262680057822,0.6069557933002258,8.0,0.25,0.0,7.75,85.72512816073223,0.0,0.25,0.0,0.0,0.0,0.0,0.0,7.75,0.0,0.0,25.73961724085886,51.98551091987336,42543.0,0,0,0,35,SALT LAKE
1026,350121,1363.75,1801.675900422274,0.756934140974171,99.0,9.25,7.25,82.5,258.8957412426733,6.5,2.75,0.0,7.25,6.75,23.0,28.0,24.75,0.0,0.0,54.92499803908287,104.97074320359044,42543.0,0,0,0,35,SALT LAKE
1027,350122,424.0,536.1897977020609,0.7907647661651327,5201.75,788.0,88.0,4325.75,5470.85511699757,87.0,701.0,4.0,84.0,1637.25,39.5,223.0,2426.0,0.0,24.874763530522632,211.23954846020467,32.990805006842706,42543.0,0,0,0,35,SALT LAKE
1028,350123,0.0,0.0,0.0,1770.0,87.75,37.0,1645.25,1836.460922486728,56.25,31.5,0.0,37.0,137.75,51.5,200.5,1255.5,0.0,0.0,66.46092248672815,0.0,42543.0,0,0,0,35,SALT LAKE
1029,350124,0.0,0.0,0.0,1616.75,184.5,1.75,1430.5,1677.4570804261252,177.25,7.25,0.0,1.75,853.0,42.25,474.5,60.75,0.0,0.0,60.70708042612512,0.0,42543.0,0,0,0,35,SALT LAKE
1030,350125,0.0,0.0,0.0,987.0,154.25,10.0,822.75,1024.0604333864565,62.75,91.5,0.0,10.0,87.5,28.0,238.0,469.25,0.0,0.0,37.06043338645637,0.0,42543.0,0,0,0,35,SALT LAKE
1031,350126,616.5,1228.4411558632123,0.5018555402979739,0.0,0.0,0.0,0.0,70.3858415122402,0.0,0.0,0.0,0.0,0.0,0.0,0.0,0.0,0.0,0.0,23.148954831165035,47.23688668107516,42543.0,0,0,0,35,SALT LAKE
1032,350127,0.0,0.0,0.0,1733.75,114.75,14.25,1604.75,1798.850114178857,67.5,47.25,0.0,14.25,186.0,30.0,179.0,1209.75,0.0,0.0,65.10011417885704,0.0,42543.0,0,0,0,35,SALT LAKE
1033,350128,60.75,158.2855037994077,0.3838001493616709,1454.75,201.25,50.0,1203.5,1516.1538955892634,103.0,98.25,0.0,50.0,222.0,80.0,349.0,552.5,0.0,0.0,56.90504496442421,4.498850624839077,43489.0,0,0,0,35,SALT LAKE
1034,350129,468.0,849.3269977441782,0.5510245185223278,6006.5,1480.0,280.25,4246.25,6285.599822944683,1061.5,418.5,138.0,142.25,1069.75,31.75,316.0,2828.75,0.0,0.0,243.10985384630925,35.98996909837386,50921.0,0,0,0,35,SALT LAKE
1035,350130,0.0,0.0,0.0,8164.25,7.5,4.75,8152.0,8470.809048711559,0.0,7.5,0.0,4.75,3964.75,10.5,1211.25,2965.5,0.0,0.0,306.5590487115586,0.0,54475.0,0,0,0,35,SALT LAKE
1036,350131,145.0,259.600693786348,0.5585501251369357,5521.0,702.0,27.75,4791.25,5744.748223859637,292.25,409.75,3.0,24.75,3657.75,100.75,299.25,733.5,0.0,0.0,212.75128885735575,10.996935002280903,50921.0,0,0,0,35,SALT LAKE
1037,350132,228.5,491.8437361918902,0.46457844877555166,2543.75,264.25,87.5,2192.0,2665.218295457182,229.25,35.0,10.0,77.5,397.25,112.25,796.25,886.25,0.0,0.0,103.972649216881,17.495646240301156,50921.0,0,0,0,35,SALT LAKE
1038,350133,1031.25,1925.556265004928,0.535559525702751,770.75,49.75,24.75,696.25,917.6734935786382,30.5,19.25,0.0,24.75,156.75,40.25,349.0,150.25,0.0,0.0,67.6957322124018,79.22776136623631,37315.0,0,0,0,35,SALT LAKE
1039,350134,711.75,1190.6170874641734,0.5977992483846467,132.75,13.5,1.0,118.25,219.44562873181567,5.25,8.25,0.0,1.0,36.5,46.0,8.0,27.75,0.0,0.0,32.21077957746395,54.48484915435173,51794.0,0,0,0,35,SALT LAKE
1040,350135,546.25,1434.1390644249373,0.3808905381285573,559.5,29.25,9.75,520.5,643.0303651628874,21.75,7.5,0.0,9.75,128.0,23.25,138.5,230.75,0.0,0.0,41.54197506545304,41.98839009743441,39970.0,0,0,0,35,SALT LAKE
1041,350136,710.5,1500.4437114172026,0.4735265938959595,321.25,24.75,8.0,288.5,414.9757859660384,18.25,6.5,0.0,8.0,73.0,17.25,60.75,137.5,0.0,0.0,38.74111095463388,54.98467501140452,39970.0,0,0,0,35,SALT LAKE
1042,350137,361.75,706.5522221931395,0.5119932945326069,997.25,70.25,38.0,889.0,1076.271526674521,49.75,20.5,0.0,38.0,217.0,35.25,134.0,502.75,0.0,0.0,51.02932848689691,27.99219818762412,25840.0,0,0,0,35,SALT LAKE
1043,350138,627.75,968.1361921927372,0.6484108383327819,916.0,220.75,31.0,664.25,1021.953075509243,67.75,153.0,8.0,23.0,251.0,101.25,34.0,278.0,0.0,0.0,57.96645004474456,47.98662546449849,43385.0,276,47,0,35,SALT LAKE
1044,350139,470.5,951.3741496095176,0.49454780770857837,3265.5,320.25,128.75,2816.5,3443.511143438169,224.75,95.5,0.0,128.75,867.25,342.25,34.5,1572.5,0.0,0.0,142.02117433979484,35.98996909837386,25840.0,0,0,0,35,SALT LAKE
1045,350140,683.75,1042.7987008691243,0.6556874298271815,358.75,38.75,9.75,310.25,450.8798311322989,31.75,7.0,3.0,6.75,78.75,17.0,70.0,144.5,0.0,0.0,39.89440728605503,52.235423846243904,43554.0,0,0,0,35,SALT LAKE
1046,350141,498.5,773.2564897225698,0.6446761283294922,506.0,64.75,7.75,433.5,581.7068597102317,51.0,13.75,0.0,7.75,82.0,77.0,199.0,75.5,0.0,0.0,37.7174478841704,37.9894118260613,47503.0,0,426,0,35,SALT LAKE
1047,350142,500.5,919.759419374588,0.5441640383963958,133.0,48.75,4.0,80.25,195.5263842664287,6.5,42.25,0.0,4.0,27.5,2.0,19.0,31.75,0.0,0.0,23.78723365694408,38.73915060948463,70463.0,0,0,0,35,SALT LAKE
1048,350143,539.5,1020.1723637810676,0.528832204393824,1888.25,197.25,56.25,1634.75,2021.1503815135184,140.75,56.5,0.0,56.25,260.0,174.5,659.25,541.0,0.0,0.0,91.1619971584528,41.738384355065634,41532.0,0,0,0,35,SALT LAKE
1049,350144,396.0,626.4023358789868,0.6321815506072798,101.25,1.25,4.0,96.0,149.9127783245003,1.25,0.0,4.0,0.0,0.0,39.75,0.0,56.25,0.0,0.0,18.671137409188734,29.99164091531156,131360.0,444,0,0,35,SALT LAKE
1050,350145,452.0,745.6233193459997,0.6062042163547913,19.75,0.5,0.0,19.25,72.95408559995894,0.25,0.25,0.0,0.0,7.0,0.25,0.0,12.0,0.0,0.0,18.213837865428797,34.99024773453014,24327.0,0,0,0,35,SALT LAKE
1051,350146,621.0,972.4206891462892,0.6386124924441812,26851.25,345.5,32.75,26473.0,27930.78692610875,187.0,158.5,0.0,32.75,156.75,25326.5,700.5,289.25,0.0,0.0,1031.5503006442505,47.98662546449849,22017.0,0,0,0,35,SALT LAKE
1052,350147,0.0,0.0,0.0,2660.2500013024255,332.00000016254313,136.00000006658394,2192.250001073299,2760.1431582556024,205.50000010061027,126.50000006193284,0.0,136.00000006658394,475.75000023292137,849.5000004159048,0.0,867.0000004244725,0.0,0.0,99.89315695317686,0.0,22017.0,0,0,0,35,SALT LAKE
1053,350148,0.0,0.0,0.0,0.0,0.0,0.0,0.0,0.0,0.0,0.0,0.0,0.0,0.0,0.0,0.0,0.0,0.0,0.0,0.0,0.0,45129.0,0,0,0,35,SALT LAKE
1054,350149,0.0,0.0,0.0,2655.0,6.5,2490.0,158.5,2756.7178689272864,5.75,0.75,4.5,2485.5,120.0,7.25,0.0,31.25,2.024281839391044,0.0,99.69358708789542,0.0,45129.0,0,0,0,35,SALT LAKE
1055,350150,0.0,0.0,0.0,2418.0,117.25,1657.75,643.0,2508.794617104189,91.5,25.75,51.25,1606.5,71.0,145.75,0.0,426.25,0.0,0.0,90.79461710418887,0.0,45129.0,0,0,0,35,SALT LAKE
1056,350151,0.0,0.0,0.0,2182.25,173.5,886.5,1122.25,2273.0826298641014,140.75,32.75,369.75,516.75,107.5,180.75,0.0,834.0,0.0,8.883844117473016,81.94878574662812,0.0,69745.0,0,0,0,35,SALT LAKE
1057,350152,0.0,0.0,0.0,862.75,76.0,430.0,356.75,895.1454303797168,57.5,18.5,109.25,320.75,57.75,76.0,0.0,223.0,0.0,0.0,32.39543037971674,0.0,69745.0,0,0,0,35,SALT LAKE
1058,350153,0.0,0.0,0.0,1156.25,120.75,216.25,819.25,1199.666946988685,85.75,35.0,127.25,89.0,162.25,191.25,0.0,465.75,0.0,0.0,43.41694698868491,0.0,69745.0,0,0,0,35,SALT LAKE
1059,350154,1.75,3.1547997249546524,0.55471033110514,1109.75,66.25,166.0,877.5,1163.244171619468,49.25,17.0,11.75,154.25,66.0,38.0,325.0,448.5,0.0,0.0,53.494171619467984,0.0,69745.0,0,0,0,35,SALT LAKE
1060,350155,445.0,948.5534068528156,0.46913541903397477,2.25,0.5,1.0,0.75,53.53425021769687,0.5,0.0,0.0,1.0,0.0,0.0,0.0,0.75,0.0,0.0,17.293723847010433,33.99052637068643,39712.0,0,0,0,35,SALT LAKE
1061,350156,415.75,1101.1372454558496,0.3775641971204848,239.75,28.25,2.25,209.25,297.1042401491438,25.75,2.5,0.0,2.25,7.25,100.25,68.0,33.75,0.0,0.0,25.3631565061448,31.991083642998998,46000.0,408,0,0,35,SALT LAKE
1062,350157,246.25,651.2598427621407,0.3781132872489081,50.75,20.25,1.25,29.25,82.6465920182095,9.5,10.75,0.0,1.25,3.75,5.25,0.0,20.25,0.0,0.0,12.901886105178844,18.99470591303065,42301.0,0,0,0,35,SALT LAKE
1063,350158,238.75,721.2296546377494,0.3310318682333112,76.75,20.75,1.25,54.75,107.3415127751036,3.5,17.25,0.0,1.25,10.0,13.75,14.0,17.0,0.0,0.0,12.59652822591667,17.99498454918693,50879.0,0,0,0,35,SALT LAKE
1064,350159,276.0,499.779350997452,0.5522437040449218,153.5,9.25,33.5,110.75,190.6204611182121,6.25,3.0,0.0,33.5,10.0,72.0,0.0,28.75,0.0,0.0,16.126312477494018,20.994148640718088,43890.0,394,0,0,35,SALT LAKE
1065,350160,728.25,1304.4554880695723,0.5582789191816097,272.5,15.25,27.75,229.5,366.06144571192345,13.25,2.0,15.5,12.25,22.25,31.25,0.0,176.0,0.0,0.0,37.577049336675216,55.98439637524824,42543.0,0,0,0,35,SALT LAKE
1066,350161,871.0,1558.3893704451357,0.5589103830650546,1674.0,270.0,54.75,1349.25,1836.5398953563133,193.0,77.0,0.0,54.75,303.0,118.0,74.0,854.25,0.0,0.0,95.55856397878406,66.98133137752914,42543.0,0,0,0,35,SALT LAKE
1067,350162,159.0,199.1398344177813,0.7984339269180531,1006.75,358.5,5.25,643.0,1062.5189135184214,56.5,302.0,0.0,5.25,147.0,24.0,115.0,357.0,0.0,0.0,43.77225715229671,11.996656366124622,42543.0,0,0,0,35,SALT LAKE
1068,350163,0.0,0.0,0.0,0.0,0.0,0.0,0.0,0.0,0.0,0.0,0.0,0.0,0.0,0.0,0.0,0.0,0.0,0.0,0.0,0.0,42543.0,0,0,0,35,SALT LAKE
1069,350164,483.0,886.8070733333244,0.5446505948407728,862.5,214.5,73.75,574.25,951.7900048494354,114.0,100.5,7.0,66.75,212.5,18.75,226.0,117.0,0.0,1.7767688232282393,50.52354556398948,36.98969046221758,42543.0,0,0,0,35,SALT LAKE
1070,350165,347.75,472.9871317492083,0.7352208477933545,1516.75,234.0,22.0,1260.75,1632.002454997432,82.25,151.75,0.0,22.0,248.5,48.5,229.25,734.5,0.0,0.0,88.75978081700127,26.49267418043092,42543.0,0,0,0,35,SALT LAKE
1071,350166,249.0,408.3544952668827,0.609764317244174,1341.75,218.5,26.5,1096.75,1420.4756150476958,137.25,81.25,0.0,26.5,238.25,41.5,65.75,751.25,0.0,0.0,59.73090913466509,18.99470591303065,42543.0,0,0,0,35,SALT LAKE
1072,350167,387.25,670.8346219645694,0.577265971851484,969.0,235.0,10.0,724.0,1049.663825819795,42.5,192.5,1.0,9.0,315.0,23.75,136.75,248.5,0.0,0.0,50.92216748490391,29.741658334891163,42543.0,0,0,0,35,SALT LAKE
1073,350168,488.0,616.246210493166,0.7918912793142633,505.75,40.25,16.5,449.0,581.0536682581667,10.25,30.0,0.0,16.5,129.25,5.25,118.0,196.5,0.0,0.0,37.31425643210533,37.9894118260613,42543.0,0,0,0,35,SALT LAKE
1074,350169,277.5,497.6677387323567,0.5576009421604042,1139.75,173.5,7.5,958.75,1219.6215090903615,52.5,121.0,1.25,6.25,113.5,35.75,544.75,264.75,0.0,0.0,58.627331411634536,21.244177678727056,42543.0,0,0,0,35,SALT LAKE
1075,350170,201.5,359.84766446541323,0.5599591713325325,2325.0,465.5,98.75,1760.75,2435.361790509652,99.75,365.75,0.0,98.75,190.75,78.0,937.25,554.75,0.0,0.0,94.8660048868432,15.495785622808272,42543.0,0,0,0,35,SALT LAKE
1076,350171,107.5,192.19292424296805,0.5593338070245487,2975.0,270.0,91.0,2614.0,3106.223615991798,111.5,158.5,0.0,91.0,719.0,520.0,624.0,751.0,0.0,0.0,122.72599599735216,8.497619994445776,50921.0,0,0,0,35,SALT LAKE
1077,350172,357.0,558.0989890440553,0.6396714686967818,3210.0,409.75,71.0,2729.25,3370.928933601007,56.0,353.75,23.75,47.25,960.0,25.25,385.75,1358.25,0.0,0.0,133.93645677722674,26.9924768237804,50921.0,0,0,0,35,SALT LAKE
1078,350173,120.25,240.6653327364221,0.49965650903156217,1291.25,196.0,13.75,1081.5,1353.247181201829,16.0,180.0,2.0,11.75,418.5,17.5,264.25,381.25,0.0,0.0,52.99968892723571,8.997492274593466,50921.0,0,0,0,35,SALT LAKE
1079,350174,121.5,196.36884842714528,0.6187335770066282,5195.5,674.0,152.0,4369.5,5411.106390216903,157.0,517.0,0.0,152.0,1133.0,249.0,2042.5,945.0,0.0,0.0,206.3587064126744,9.247683804228291,50921.0,0,0,0,35,SALT LAKE
1080,350175,0.0,0.0,0.0,4010.0,308.5,84.25,3617.25,4160.570248073845,32.5,276.0,13.5,70.75,1260.0,12.25,142.25,2202.75,0.0,0.0,150.57024807384457,0.0,50921.0,0,0,0,35,SALT LAKE
1081,350176,105.5,213.4756125748169,0.4942016501441136,2943.5,195.75,47.25,2700.5,3066.484004435232,25.5,170.25,0.0,47.25,958.25,48.75,908.5,785.0,0.0,0.0,114.48636122708253,8.497643208149082,50921.0,0,0,0,35,SALT LAKE
1082,350177,121.0,187.4318133949944,0.6455681018515476,3981.75,99.5,162.5,3719.75,4194.55039802558,65.0,34.5,2.0,160.5,1271.5,1494.75,197.0,756.5,0.0,49.749527061045264,154.05337868994098,8.997492274593466,50921.0,0,0,0,35,SALT LAKE
1083,350178,265.0,414.9221035467759,0.6386740974625504,1819.5,210.25,10.0,1599.25,1917.7648050683588,67.0,143.25,0.0,10.0,712.75,17.75,168.5,700.25,0.0,0.0,78.27037779148439,19.99442727687437,50921.0,0,0,0,35,SALT LAKE
1084,350179,483.0,885.6043319689376,0.5453902861181364,2100.0,656.25,12.5,1431.25,2234.2144717456263,543.75,112.5,0.0,12.5,462.25,519.25,218.5,231.25,0.0,0.0,96.97491481894792,37.23955692667822,50921.0,0,0,0,35,SALT LAKE
1085,350180,246.25,357.8350513297232,0.6881662349312326,1555.5,164.0,40.5,1351.0,1654.6780039416908,96.25,67.75,5.0,35.5,253.0,440.25,179.5,478.25,0.0,0.0,80.18346058497129,18.994543356719543,39970.0,0,0,0,35,SALT LAKE
1086,350181,390.5,563.2990742060194,0.6932374255193248,2557.75,290.25,66.0,2201.5,2720.42635930261,99.75,190.5,0.0,66.0,456.25,126.5,836.25,782.5,0.0,0.0,132.43487511928913,30.24148418332053,39970.0,0,0,0,35,SALT LAKE
1087,350182,211.0,304.32468050180984,0.6933384425215725,2507.25,80.75,55.25,2371.25,2625.311704205642,49.0,31.75,2.0,53.25,1043.5,67.25,308.0,952.5,0.0,0.0,102.06616238414249,15.995541821499495,39970.0,0,0,0,35,SALT LAKE
1088,350183,365.75,531.5265282438088,0.6881124093814414,352.0,20.5,14.0,317.5,406.94095749158174,11.25,9.25,9.25,4.75,67.5,10.0,146.5,93.5,0.0,0.0,26.94875930395761,27.99219818762412,39970.0,0,0,0,35,SALT LAKE
1089,350184,411.0,583.8030795861735,0.7040045083204011,515.5,87.0,20.25,408.25,582.2807515111731,66.25,20.75,7.75,12.5,107.0,25.0,41.25,235.0,0.0,0.0,34.78966786817408,31.991083642998998,39970.0,0,0,0,35,SALT LAKE
1090,350185,689.5,1119.990872893953,0.6156300168932588,474.5,121.25,14.5,338.75,571.1921559850255,41.25,80.0,0.0,14.5,113.5,12.25,49.5,163.5,0.0,0.0,43.70692370130835,52.98523228371708,39970.0,0,0,0,35,SALT LAKE
1091,350186,727.5,1047.6190237203168,0.6944318340234922,73.0,27.75,7.25,38.0,159.04055644788536,12.0,15.75,0.0,7.25,6.5,2.5,6.25,22.75,0.0,0.0,30.056160072637123,55.98439637524824,56384.0,0,0,0,35,SALT LAKE
1092,350187,480.0,766.6004892724596,0.6261410039739772,508.75,79.0,22.0,407.75,582.6177713691636,65.25,13.75,2.0,20.0,146.75,19.75,45.75,195.5,0.0,0.0,37.12806348736635,36.73970788179719,56384.0,0,0,0,35,SALT LAKE
1093,350188,221.5,425.009946798835,0.5211642731383884,934.5,91.0,15.0,828.5,995.1481610553316,61.0,30.0,0.0,15.0,135.5,229.0,143.0,321.0,0.0,0.0,43.40291528956804,17.245245765763606,25840.0,0,0,0,35,SALT LAKE
1094,350189,808.75,1187.666795265388,0.6809569849254582,118.75,58.75,2.5,57.5,215.56225659208525,11.75,47.0,0.0,2.5,15.75,1.75,3.0,37.0,0.0,0.0,34.82957847412124,61.982678117964,56384.0,0,0,0,35,SALT LAKE
1095,350190,324.75,552.7441049319935,0.587523226575081,1072.5,117.75,35.0,919.75,1154.7100486680793,84.0,33.75,4.0,31.0,180.25,69.0,42.5,628.0,0.0,0.0,57.46692749835699,24.74312116972242,56384.0,0,0,0,35,SALT LAKE
1096,350191,518.0,909.9722917365432,0.5692481020619606,835.5,86.25,26.25,723.0,926.063001474673,58.0,28.25,0.0,26.25,238.75,50.25,74.0,360.0,0.0,0.0,50.82412950134472,39.73887197332834,25840.0,0,75,73,35,SALT LAKE
1097,350192,549.75,794.6038443449407,0.6918541911324447,850.5,67.25,6.5,776.75,949.6169007671712,40.0,27.25,0.0,6.5,78.0,31.0,515.0,152.75,0.0,3.5535376464564785,53.57506583927847,41.988297281436175,60033.0,0,0,0,35,SALT LAKE
1098,350193,627.25,1050.9251400640935,0.5968550718671983,208.75,23.75,4.25,180.75,288.1264055803233,7.0,16.75,0.0,4.25,22.5,7.25,85.25,65.75,0.0,0.0,31.38978011582484,47.98662546449849,41753.0,0,0,0,35,SALT LAKE
1099,350194,619.5,909.9102909561022,0.6808363485471198,326.5,49.5,8.75,268.25,410.0091299597525,41.0,8.5,3.0,5.75,51.5,22.0,107.0,87.75,0.0,0.0,35.52250449525398,47.98662546449849,47503.0,0,0,0,35,SALT LAKE
1100,350195,479.5,913.212687182286,0.5250693586830197,141.5,20.5,8.0,113.0,202.30738429293456,13.75,6.75,0.0,8.0,28.25,15.0,12.0,57.75,0.0,0.0,23.817693830716998,36.98969046221758,40464.0,0,0,0,35,SALT LAKE
1101,350196,308.5,688.6222817922072,0.4479959596966546,338.75,299.5,0.0,39.25,388.79957753804575,94.75,204.75,0.0,0.0,5.5,0.25,23.25,10.25,0.0,0.0,26.5561138722409,23.49346366580486,30252.0,0,0,0,35,SALT LAKE
1102,350197,372.0,816.7487598500304,0.4554644197663744,7544.25,83.5,509.5,6951.25,7870.488557321346,32.5,51.0,445.5,64.0,1587.25,230.25,4784.0,349.75,0.0,0.0,297.24663776987865,28.99191955146784,31535.0,0,0,0,35,SALT LAKE
1103,350198,0.0,0.0,0.0,0.0,0.0,0.0,0.0,0.0,0.0,0.0,0.0,0.0,0.0,0.0,0.0,0.0,0.0,0.0,0.0,0.0,45129.0,0,0,0,35,SALT LAKE
1104,350199,0.0,0.0,0.0,383.75,34.25,151.75,197.75,398.1609840179311,28.0,6.25,0.0,151.75,16.0,44.75,0.0,137.0,0.0,0.0,14.4109840179311,0.0,69745.0,0,0,0,35,SALT LAKE
1105,350200,0.0,0.0,0.0,3479.25,17.25,1603.5,1858.5,3609.8917233549982,13.75,3.5,282.25,1321.25,1787.25,15.5,0.0,55.75,0.0,0.0,130.64172335499848,0.0,69745.0,0,0,0,35,SALT LAKE
1106,350201,0.0,0.0,0.0,1552.75,92.25,1433.0,27.5,1611.0547691584577,91.5,0.75,438.25,994.75,14.5,1.25,6.0,5.75,0.0,0.0,58.30476915845755,0.0,69745.0,0,0,0,35,SALT LAKE
1107,350202,0.0,0.0,0.0,809.0,8.75,660.5,139.75,839.377146758604,7.5,1.25,304.75,355.75,7.75,9.0,0.0,123.0,0.0,0.0,30.37714675860397,0.0,69745.0,0,0,0,35,SALT LAKE
1108,350203,700.75,1201.4939956300286,0.5832322113541208,38.0,7.75,0.0,30.25,120.4748547757418,0.0,7.75,0.0,0.0,1.0,0.5,1.0,27.75,0.0,0.0,28.489901128181,53.9849536475608,38757.0,0,0,0,35,SALT LAKE
1109,350204,340.75,1024.5312329155995,0.33259112953569747,12.75,0.25,0.0,12.5,53.7659890598359,0.25,0.0,0.0,0.0,1.0,1.25,0.0,10.25,0.0,0.0,15.02323359989922,25.99275545993668,54400.0,0,0,0,35,SALT LAKE
1110,350205,237.5,433.9837814540022,0.5472554739356603,301.0,33.25,10.25,257.5,344.4656988459367,23.75,9.5,0.0,10.25,43.25,52.25,80.0,82.0,0.0,0.0,25.47071429674975,17.99498454918693,37920.0,0,0,0,35,SALT LAKE
1111,350206,248.5,469.26953737471473,0.5295464124737574,241.0,10.5,0.5,230.0,282.1226643724866,7.75,2.75,0.0,0.5,9.25,203.25,0.0,17.5,0.0,0.0,22.12795845945596,18.99470591303065,32294.0,0,0,0,35,SALT LAKE
1112,350207,115.75,217.90673693618496,0.5311905525614747,220.75,30.5,4.75,185.5,243.88776588789824,23.25,7.25,3.5,1.25,16.0,9.75,93.0,66.75,0.0,0.0,14.140273613304762,8.997492274593466,32294.0,0,0,0,35,SALT LAKE
1113,350208,84.0,155.85020356818947,0.5389790842541139,36.75,7.75,0.25,28.75,47.53479971757704,5.0,2.75,0.0,0.25,6.25,4.5,0.0,18.0,0.0,0.0,4.536488954094335,6.248310763482703,34270.0,0,0,0,35,SALT LAKE
1114,350209,1226.0,2258.7839838082687,0.5427699190309409,846.5,72.75,173.5,600.25,1018.769343700917,55.75,17.0,57.5,116.0,331.0,55.25,0.0,214.0,0.0,0.0,77.79566322377154,94.47368047714552,50921.0,0,0,0,35,SALT LAKE
1115,350210,529.25,1204.7892613018112,0.43928844404550005,673.75,70.0,229.75,374.0,759.7218348947575,43.5,26.5,125.0,104.75,141.5,36.75,0.0,195.75,0.0,0.0,45.2329628982593,40.73887199649818,50921.0,0,0,0,35,SALT LAKE
1116,350211,440.75,777.9266459414057,0.5665701288154588,111.5,7.5,17.5,86.5,177.9594203212417,6.5,1.0,3.5,14.0,9.75,20.0,43.75,13.0,0.0,0.0,32.46880106555049,33.99061925569123,50921.0,0,0,0,35,SALT LAKE
1117,350212,128.5,231.25407628787536,0.5556658808471661,195.0,33.0,7.25,154.75,216.9184070580376,22.5,10.5,0.0,7.25,37.5,9.75,0.0,107.5,0.0,0.0,12.171431398205224,9.746975659832394,50921.0,0,0,0,35,SALT LAKE
1118,350213,709.0,1222.1853697851047,0.5801084005159238,66.75,7.75,24.0,35.0,150.36385223086106,6.25,1.5,4.0,20.0,6.5,4.25,0.0,24.25,0.0,0.0,29.129095939950776,54.48475629091028,50921.0,0,0,0,35,SALT LAKE
1119,350214,0.0,0.0,0.0,356.5,63.25,113.75,179.5,369.88720626352585,55.0,8.25,83.0,30.75,43.0,27.25,0.0,109.25,0.0,0.0,13.38720626352587,0.0,50921.0,0,0,0,35,SALT LAKE
1120,350215,266.25,473.1653130655973,0.5626997428763093,408.5,75.0,30.75,302.75,457.3874247823858,51.0,24.0,19.0,11.75,109.5,33.75,0.0,159.5,0.0,0.0,28.14346767992603,20.743957102459845,50921.0,0,0,0,35,SALT LAKE
1121,350216,467.25,827.3114851051159,0.5647812322351992,164.5,71.0,3.25,90.25,226.19592765290255,24.0,47.0,0.0,3.25,15.0,3.75,0.0,71.5,0.0,0.0,25.955523279651743,35.740404373250826,50921.0,0,0,0,35,SALT LAKE
1122,350217,810.5,1313.4530590227992,0.6170757260278543,14.5,4.25,4.0,6.25,107.9579744077731,3.75,0.5,2.0,2.0,0.0,0.5,0.0,5.75,0.0,0.0,30.97530789370165,62.48266651407144,50921.0,0,0,0,35,SALT LAKE
1123,350218,0.0,0.0,0.0,637.25,154.5,68.25,414.5,661.1789412651838,126.75,27.75,16.25,52.0,50.25,118.75,75.0,170.5,0.0,0.0,23.928941265183735,0.0,50921.0,0,0,0,35,SALT LAKE
1124,350219,357.75,594.9798017651905,0.6012809156523039,686.75,73.0,21.25,592.5,762.7180715374069,44.0,29.0,0.0,21.25,180.5,33.0,34.0,345.0,0.0,0.0,48.47551349289257,27.492558044514297,50921.0,0,0,0,35,SALT LAKE
1125,350220,279.25,455.4633749354912,0.6131118666556913,260.5,47.5,20.5,192.5,302.5062629080337,20.5,27.0,0.0,20.5,31.25,8.75,0.0,152.5,0.0,0.0,20.26228262045082,21.743980287582865,50921.0,0,0,0,35,SALT LAKE
1126,350221,310.0,541.0068236030706,0.5730057117125066,671.5,146.25,11.0,514.25,732.3468806506941,66.25,80.0,0.0,11.0,167.75,13.25,0.0,333.25,0.0,0.0,36.85356791844486,23.993312732249244,50921.0,0,0,0,35,SALT LAKE
1127,350222,260.0,435.2088465669241,0.597414326595079,1293.25,364.5,13.75,915.0,1371.4931448073548,164.75,199.75,0.0,13.75,197.25,39.75,35.0,643.0,0.0,0.0,58.24871753048038,19.99442727687437,50921.0,0,0,0,35,SALT LAKE
1128,350223,743.25,1270.2860972836588,0.585104411981949,60.0,12.5,1.0,46.5,148.14469174707585,12.5,0.0,0.0,1.0,19.0,0.5,0.0,27.0,0.0,0.0,31.160574007983904,56.98411773909196,50921.0,0,0,0,35,SALT LAKE
1129,350224,117.0,210.3415116088307,0.5562382770053651,242.5,57.75,3.0,181.75,266.7074977060688,43.75,14.0,0.0,3.0,31.25,6.5,0.0,144.0,0.0,0.0,15.209448233570187,8.998049472498622,50921.0,0,0,0,35,SALT LAKE
1130,350225,442.0,716.5530900682087,0.6168419425250486,1307.0,330.5,21.0,955.5,1437.9037205645357,181.5,149.0,0.0,21.0,172.75,29.5,0.5,752.75,0.0,0.0,96.91300836776824,33.99071219676748,50921.0,0,0,0,35,SALT LAKE
1131,350226,524.5,914.668260460662,0.5734319454091932,868.0,93.0,22.0,753.0,960.5202888121128,67.75,25.25,0.0,22.0,184.75,46.5,167.5,354.25,0.0,0.0,52.28140527641207,40.23888353570068,50921.0,0,0,0,35,SALT LAKE
1132,350227,1290.0,2209.0000151062927,0.5839746451689941,604.75,95.75,28.25,480.75,775.2323742501553,66.75,29.0,7.0,21.25,187.25,31.75,0.0,261.75,0.0,0.0,71.25972124671546,99.22265300343985,50921.0,0,0,0,35,SALT LAKE
1133,350228,0.0,0.0,0.0,998.5,90.5,92.25,815.75,1035.9929493144514,49.75,40.75,0.0,92.25,277.25,43.75,0.0,494.75,0.0,0.0,37.49294931445148,0.0,50921.0,0,0,0,35,SALT LAKE
1134,350229,0.0,0.0,0.0,261.75,216.5,0.75,44.5,271.57876068254177,14.5,202.0,0.0,0.75,7.5,3.5,0.0,33.5,0.0,0.0,9.828760682541777,0.0,50921.0,0,0,0,35,SALT LAKE
1135,350230,0.0,0.0,0.0,0.0,0.0,0.0,0.0,0.0,0.0,0.0,0.0,0.0,0.0,0.0,0.0,0.0,0.0,0.0,0.0,0.0,50921.0,0,0,0,35,SALT LAKE
1136,350231,1152.0,1967.638205441032,0.5854734863423673,279.0,41.0,2.0,236.0,441.51845484118905,25.0,16.0,0.0,2.0,87.75,24.75,0.0,123.5,0.0,0.0,74.04354365060973,88.47491119057926,50921.0,0,0,0,35,SALT LAKE
1137,350232,674.25,1064.6122163085777,0.6333291969332134,326.0,99.0,7.75,219.25,417.5426649435214,81.5,17.5,0.0,7.75,44.75,14.75,0.0,159.75,0.0,0.0,39.80662579045758,51.7360391530638,50921.0,0,0,0,35,SALT LAKE
1138,350233,0.0,0.0,0.0,640.5,587.5,0.5,52.5,664.550026561514,17.5,570.0,0.0,0.5,9.5,2.5,0.5,40.0,0.0,0.0,24.05002656151397,0.0,50921.0,0,0,0,35,SALT LAKE
1139,350234,0.0,0.0,0.0,2978.0,250.75,91.75,2635.5,3089.8202159861094,174.0,76.75,0.0,91.75,745.0,584.25,267.5,1038.75,0.0,0.0,111.82021598610956,0.0,50921.0,0,0,0,35,SALT LAKE
1140,350235,357.0,574.9577764748157,0.62091516039463,1136.75,225.0,65.25,846.5,1220.3287892061053,159.5,65.5,32.5,32.75,188.0,159.5,32.0,467.0,0.0,0.0,56.08641687553405,27.492372330571328,22976.0,0,408,0,35,SALT LAKE
1141,350236,0.0,0.0,0.0,1249.0,260.25,44.75,944.0,1295.900234775261,171.75,88.5,0.0,44.75,249.25,116.5,41.0,537.25,0.0,0.0,46.90023477526107,0.0,22976.0,0,0,0,35,SALT LAKE
1142,350237,0.0,0.0,0.0,538.75,228.0,8.75,302.0,558.9794117070319,208.5,19.5,0.0,8.75,60.25,11.25,0.25,230.25,0.0,0.0,20.22941170703185,0.0,22976.0,0,0,0,35,SALT LAKE
1143,350238,0.0,0.0,0.0,613.0,28.75,10.0,574.25,636.0169574766205,23.0,5.75,0.75,9.25,21.5,505.0,12.25,35.5,0.0,0.0,23.01695747662052,0.0,50921.0,0,0,0,35,SALT LAKE
1144,350239,180.5,292.6907021203237,0.6166919505553591,234.0,49.0,33.5,151.5,263.5620096783674,38.5,10.5,0.0,33.5,38.5,17.75,0.0,95.25,0.0,0.0,15.56591058455534,13.996099093812058,33167.0,0,0,0,35,SALT LAKE
1145,350240,386.0,623.2322499404336,0.6193517746183587,654.75,53.25,23.0,578.5,723.8200002040572,40.75,12.5,0.0,23.0,96.5,178.25,66.0,237.75,0.0,0.0,39.078359288745645,29.99164091531156,22976.0,0,0,0,35,SALT LAKE
1146,350241,505.0,700.2781230816294,0.7211420482160823,394.75,12.75,2.5,379.5,467.2762790328056,5.75,7.0,0.0,2.5,2.75,362.5,0.0,14.25,0.0,0.0,33.787081982974485,38.739197049831176,22976.0,0,0,0,35,SALT LAKE
1147,350242,0.0,0.0,0.0,301.75,2.25,0.5,299.0,313.08042508524045,0.75,1.5,0.0,0.5,227.75,0.5,0.25,70.5,0.0,0.0,11.330425085240474,0.0,22976.0,0,0,0,35,SALT LAKE
1148,350243,479.0,833.8351391786002,0.5744540827001563,56.75,11.0,3.5,42.25,113.85658028719682,4.75,6.25,0.0,3.5,8.75,3.75,0.0,29.75,0.0,0.0,20.116889824979232,36.98969046221758,40130.0,0,0,0,35,SALT LAKE
1149,350244,96.25,164.68735221756694,0.5844407521522662,1.0,0.0,0.0,1.0,11.649606604246811,0.0,0.0,0.0,0.0,1.0,0.0,0.0,0.0,0.0,0.0,3.6515570573407823,6.99804954690603,40130.0,0,0,0,35,SALT LAKE
1150,350245,403.75,522.1603708257179,0.7732298783255617,90.5,6.0,3.0,81.5,143.55859217470376,3.5,2.5,0.0,3.0,52.0,5.75,0.0,23.75,0.0,0.0,22.06722989554848,30.991362279155275,22976.0,0,0,0,35,SALT LAKE
1151,350246,510.0,665.3401406143655,0.7665252235181141,989.25,26.75,226.5,736.0,1085.0366574820184,17.75,9.0,1.0,225.5,68.0,474.0,7.0,187.0,0.0,0.0,56.29760557161923,39.48905191039926,22976.0,0,0,0,35,SALT LAKE
1152,350247,311.75,448.4266206897975,0.6952085037245267,70.5,36.0,0.0,34.5,108.84688703853024,13.75,22.25,0.0,0.0,3.5,3.25,6.0,21.75,0.0,0.0,14.353574306280995,23.993312732249244,28852.0,0,0,0,35,SALT LAKE
1153,350248,433.75,677.3988632024266,0.6403169883537032,253.75,79.25,4.75,169.75,312.55525500523834,63.25,16.0,0.0,4.75,34.25,19.75,0.0,115.75,0.0,0.0,25.814449998395613,32.990805006842706,46301.0,0,0,0,35,SALT LAKE
1154,350249,251.5,413.0631136729123,0.6088657923572244,33.5,3.5,0.0,30.0,63.4464439896641,2.75,0.75,0.0,0.0,7.75,1.5,0.0,20.75,0.0,0.0,10.701755496213051,19.244688493451044,46301.0,0,0,0,35,SALT LAKE
1155,350250,432.25,708.0146554479704,0.6105099614449501,147.5,7.5,0.25,139.75,210.50591621154305,4.25,3.25,0.0,0.25,16.0,2.25,0.25,121.25,0.0,0.0,29.765128624279956,33.2407875872631,46301.0,0,0,0,35,SALT LAKE
1156,350251,532.0,795.116757837226,0.6690841247605921,67.0,63.0,0.0,4.0,130.73160812535934,3.75,59.25,0.0,0.0,0.75,0.5,0.0,2.75,0.0,0.0,22.74303220776689,40.988575917592456,43390.0,0,0,0,35,SALT LAKE
1157,350252,342.0,573.403195868222,0.5964389498774219,1295.5,672.0,16.75,606.75,1383.476246706427,419.75,252.25,0.0,16.75,148.5,45.5,11.0,401.75,0.0,0.0,61.48359573969954,26.492650966727613,46301.0,0,0,0,35,SALT LAKE
1158,350253,227.0,395.8014009077645,0.5735199508626775,1139.5,434.0,43.0,662.5,1215.8412123537,337.0,97.0,0.0,43.0,212.0,52.0,0.0,398.5,0.0,0.0,58.84542684412373,17.495785509576255,46301.0,0,0,0,35,SALT LAKE
1159,350254,652.0,1078.4877453110453,0.604550216573817,657.75,224.25,38.25,395.25,758.8923673049258,145.0,79.25,32.5,5.75,101.5,36.75,81.0,176.0,0.0,0.0,50.90627009197296,50.23609721295287,47798.0,0,0,0,35,SALT LAKE
1160,350255,567.5,960.2669769360016,0.5909814808073129,782.5,30.0,0.0,752.5,877.1797800522401,10.5,19.5,0.0,0.0,17.25,2.5,692.0,40.75,0.0,0.0,50.69204004311641,43.98774000912361,34196.0,0,0,0,35,SALT LAKE
1161,350256,521.5,872.5244550599082,0.5976909838752811,697.0,322.0,9.75,365.25,784.4909815730622,158.75,163.25,0.0,9.75,18.75,53.75,180.0,112.75,0.0,0.0,47.25219087923959,40.23879069382259,34196.0,188,0,0,35,SALT LAKE
1162,350257,450.0,871.0689941918891,0.5166066098099099,476.25,217.25,8.25,250.75,548.019947217295,82.5,134.75,4.75,3.5,22.25,178.75,2.0,47.75,0.0,0.0,37.02958919974377,34.74035801755121,59246.0,0,0,0,35,SALT LAKE
1163,350258,658.0,1214.3383880240576,0.5418588479860889,11.0,0.25,0.0,10.75,87.1059964506143,0.25,0.0,0.0,0.0,0.0,0.0,0.75,10.0,0.0,0.0,25.120206894584665,50.98578955602965,35273.0,0,0,0,35,SALT LAKE
1164,350259,444.75,809.623614672055,0.549329332717339,23.5,17.75,2.0,3.75,76.84907568885015,1.0,16.75,2.0,0.0,0.25,0.25,0.0,3.25,0.0,1.7767688232282393,17.581780494935487,33.99052637068643,39092.0,0,0,0,35,SALT LAKE
1165,350260,406.0,786.3264824791925,0.5163249732095134,270.5,9.75,1.25,259.5,326.8932813633951,9.25,0.5,0.0,1.25,11.0,230.5,1.0,17.0,0.0,0.0,25.40191908423981,30.991362279155275,61652.0,0,0,1956,35,SALT LAKE
1166,350261,224.0,529.0624144427711,0.42339049965574554,630.0,19.75,8.0,602.25,679.0627353730018,15.25,4.5,0.0,8.0,13.5,534.25,3.0,51.5,0.0,0.0,32.06747218765858,16.995263185343212,27416.0,0,0,0,35,SALT LAKE
1167,350262,0.0,0.0,0.0,3588.75,5.75,1.25,3581.75,3723.5036747884287,3.5,2.25,0.0,1.25,99.75,552.25,2804.0,125.75,0.0,0.0,134.75367478842892,0.0,25693.0,0,0,0,35,SALT LAKE
1168,350263,634.0,1470.909691051112,0.4310257821110306,0.0,0.0,0.0,0.0,72.7923425998918,0.0,0.0,0.0,0.0,0.0,0.0,0.0,0.0,0.0,0.0,23.805995771549583,48.98634682834221,25693.0,0,0,0,35,SALT LAKE
1169,350264,0.0,0.0,0.0,259.75,7.5,2.75,249.5,270.51519385970454,5.0,2.5,0.0,2.75,19.5,32.75,0.0,197.25,1.0121409196955218,0.0,9.753052940009008,0.0,31535.0,0,0,0,35,SALT LAKE
1170,350265,0.0,0.0,0.0,72.75,8.25,6.75,57.75,75.48172945166814,6.0,2.25,0.5,6.25,11.25,23.75,0.0,22.75,0.0,0.0,2.731729451668146,0.0,45129.0,0,0,0,35,SALT LAKE
1171,350266,0.0,0.0,0.0,748.5,77.75,338.75,332.0,776.6062600199895,65.0,12.75,181.75,157.0,58.5,62.25,0.0,211.25,0.0,0.0,28.10626001998947,0.0,45129.0,0,0,0,35,SALT LAKE
1172,350267,0.0,0.0,0.0,0.0,0.0,0.0,0.0,0.0,0.0,0.0,0.0,0.0,0.0,0.0,0.0,0.0,0.0,0.0,0.0,0.0,69745.0,0,0,0,35,SALT LAKE
1173,350268,0.0,0.0,0.0,1833.25,133.5,1413.0,286.75,1902.0862362334703,131.75,1.75,542.5,870.5,66.0,9.5,91.0,120.25,0.0,0.0,68.83623623347036,0.0,69745.0,0,0,0,35,SALT LAKE
1174,350269,0.0,0.0,0.0,2336.25,51.75,1597.75,686.75,2423.973394959611,42.0,9.75,700.75,897.0,253.0,50.5,8.0,375.25,0.0,0.0,87.72339495961106,0.0,69745.0,0,0,0,35,SALT LAKE
1175,350270,0.0,0.0,0.0,1336.75,104.5,733.5,498.75,1386.9431772265025,80.25,24.25,284.0,449.5,117.0,92.0,0.0,289.75,0.0,0.0,50.19317722650257,0.0,69745.0,0,0,0,35,SALT LAKE
1176,350271,0.0,0.0,0.0,426.5,65.25,351.75,9.5,442.5144825615045,64.75,0.5,346.75,5.0,0.5,0.5,0.0,8.5,0.0,0.0,16.01448256150446,0.0,69745.0,0,0,0,35,SALT LAKE
1177,350272,83.25,227.15102725473653,0.3664962514417336,1658.0,230.75,404.25,1023.0,1729.3394295707974,144.0,86.75,86.5,317.75,168.25,192.75,9.0,653.0,0.0,0.0,65.34110138773511,5.998328183062311,69745.0,574,129,0,35,SALT LAKE
1178,350273,465.75,1278.3845346492192,0.364326998157717,515.0,63.5,69.25,382.25,590.812799975556,40.25,23.25,25.5,43.75,118.5,98.5,2.0,163.25,0.0,0.0,40.07265094011122,35.74014903544478,47029.0,391,84,0,35,SALT LAKE
1179,350274,402.0,1111.8747113487327,0.36155152725109074,166.25,34.0,27.5,104.75,239.5782759203645,25.0,9.0,0.0,27.5,20.0,16.0,1.0,67.75,0.0,0.0,42.33691364120921,30.991362279155275,44639.0,0,0,0,35,SALT LAKE
1180,350275,517.5,1400.1722013482056,0.3695973963071876,0.0,0.0,0.0,0.0,73.41881674143761,0.0,0.0,0.0,0.0,0.0,0.0,0.0,0.0,0.0,0.0,33.43000862803541,39.98880811340219,59421.0,0,0,0,35,SALT LAKE
1181,350276,179.75,545.0220874427013,0.3298031476915095,92.0,0.25,0.0,91.75,117.45029934861245,0.25,0.0,0.0,0.0,0.0,91.75,0.0,0.0,0.0,0.0,11.454200254800384,13.996099093812058,56172.0,284,0,0,35,SALT LAKE
1182,350277,80.0,233.13257164958128,0.343152393652857,168.5,91.25,10.25,67.0,184.82926860326904,87.75,3.5,10.0,0.25,13.0,7.0,0.0,47.0,0.0,0.0,10.330940420206716,5.998328183062311,34780.0,0,0,0,35,SALT LAKE
1183,350278,132.5,395.8169630751273,0.3347506862025291,244.0,7.5,139.0,97.5,269.6334923287347,6.25,1.25,115.75,23.25,74.25,3.75,0.0,19.5,0.0,0.0,15.6362786902975,9.997213638437184,48701.0,0,0,0,35,SALT LAKE
1184,350279,88.5,163.96330663863617,0.5397549111097637,229.5,47.75,52.0,129.75,249.6902414125464,24.75,23.0,41.25,10.75,29.5,28.5,0.0,71.75,0.0,0.0,13.192191865640334,6.99804954690603,32294.0,0,0,0,35,SALT LAKE
1185,350280,0.0,0.0,0.0,461.0,5.75,428.5,26.75,478.31041229174167,5.25,0.5,302.0,126.5,1.5,3.5,0.0,21.75,0.0,0.0,17.310412291741684,0.0,48701.0,0,0,0,35,SALT LAKE
1186,350281,427.5,824.8860294733697,0.5182534128659301,1013.75,230.5,38.5,744.75,1108.6967401599727,183.25,47.25,23.5,15.0,263.75,65.75,0.0,415.25,0.0,0.0,61.95556368642914,32.99117647354364,19046.0,0,0,0,35,SALT LAKE
1187,350282,87.75,217.1927208784213,0.4040190649350542,677.5,92.5,88.0,497.0,726.2721873922744,72.75,19.75,71.5,16.5,145.25,81.75,0.0,270.0,0.0,0.0,41.77416102457326,6.998026367701204,48701.0,0,0,0,35,SALT LAKE
1188,350283,608.0,1363.6361019070152,0.4458667522440373,1003.75,237.75,14.5,751.5,1119.5013976939026,176.75,61.0,3.5,11.0,177.25,67.5,12.25,494.5,0.0,0.0,69.01447617366833,46.736921520234375,19046.0,0,0,0,35,SALT LAKE
1189,350284,442.99993865426256,950.1655916058972,0.4662344569913734,678.2499060773218,96.74998660225711,21.249997057343293,560.2499224177215,762.6068789872957,66.24999082583497,30.49999577642214,0.749999896141528,20.499997161201765,186.24997420847944,36.74999491093487,0.0,337.2499532983071,0.0,7.107074310071471,43.25935367501143,33.99054492489089,19046.0,0,0,0,35,SALT LAKE
1190,350285,843.0000024760735,1523.5708183955592,0.5533054271568547,138.00000040533587,69.00000020266793,8.250000024232035,60.7500001784359,241.31427402402426,7.750000022763428,61.25000017990451,7.000000020560515,1.2500000036715206,13.250000038918119,5.250000015420387,0.0,42.2500001240974,0.0,0.0,38.3323847779808,64.98188884070758,19046.0,0,0,0,35,SALT LAKE
1191,350286,445.99996686529204,860.0463043579168,0.5185766912843854,277.49997938367386,35.49999736259612,2.9999997771207987,238.99998224395696,339.13795510235195,25.249998124100056,10.249999238496061,0.0,2.9999997771207987,71.74999466947243,22.249998346979257,41.249996935410984,103.74999229209429,0.0,0.0,27.147556403599918,34.49041931507813,19046.0,0,0,0,35,SALT LAKE
1192,350287,556.0,992.9153625074082,0.5599671643672969,798.0,114.75,29.25,654.0,904.8287767141496,84.0,30.75,0.0,29.25,109.0,329.0,4.25,211.75,0.0,0.0,64.09069420032016,42.73808251382947,19046.0,0,0,258,35,SALT LAKE
1193,350288,687.25,1194.6229366887987,0.5752861249298361,393.0,104.25,15.75,273.0,491.7795840727374,80.75,23.5,13.5,2.25,66.75,22.5,2.75,181.0,0.0,0.0,46.04419506134105,52.73538901139639,19046.0,0,0,0,35,SALT LAKE
1194,350289,865.5,1655.0454098896805,0.522946376472952,545.5,138.5,4.0,403.0,665.2307545797939,96.25,42.25,0.5,3.5,84.0,93.75,14.5,210.75,0.0,0.0,52.99940578268522,66.73134879710875,70218.0,404,0,0,35,SALT LAKE
1195,350290,687.0,1250.9638609020135,0.5491765361667885,349.25,94.0,3.0,252.25,441.1453196277202,26.0,68.0,0.0,3.0,18.5,5.25,99.75,128.75,0.0,0.0,38.910087344003095,52.98523228371708,76177.0,0,0,0,35,SALT LAKE
1196,350291,0.0,0.0,0.0,74.75,0.0,0.0,74.75,77.5566932341228,0.0,0.0,0.0,0.0,0.0,44.0,0.0,30.75,0.0,0.0,2.8066932341228106,0.0,76177.0,0,0,0,35,SALT LAKE
1197,350292,694.25,1343.306254854455,0.5168218323194073,249.75,123.5,4.0,122.25,338.1791179658132,25.0,98.5,1.0,3.0,18.5,6.75,2.0,95.0,0.0,0.0,35.44388568209611,52.98523228371708,68454.0,0,0,0,35,SALT LAKE
1198,350293,636.25,1384.2539099145456,0.4596338832369834,218.25,86.5,4.75,127.0,301.32277959918946,66.0,20.5,1.0,3.75,12.25,9.5,34.0,71.25,0.0,0.0,34.086432770847225,48.98634682834221,79868.0,0,0,0,35,SALT LAKE
1199,350294,228.5,489.6099793051396,0.4666980038362167,9.0,4.5,0.0,4.5,38.41388220476193,4.5,0.0,0.0,0.0,0.0,0.0,0.0,4.5,0.0,0.0,11.418897655575003,17.99498454918693,126214.0,0,0,0,35,SALT LAKE
1200,350295,322.25,754.755730897908,0.4269593284394539,2.25,0.75,0.0,1.5,45.92841444865398,0.75,0.0,0.0,0.0,0.0,0.0,0.0,1.5,0.0,0.0,18.68538035256102,24.993034096092963,124089.0,0,0,0,35,SALT LAKE
1201,350296,313.5,655.8923147773207,0.4779748030840018,48.75,0.0,0.25,48.5,88.34535009544555,0.0,0.0,0.0,0.25,0.0,48.5,0.0,0.0,0.0,0.0,15.602037363196317,23.993312732249244,117066.0,470,0,0,35,SALT LAKE
1202,350297,146.75,307.7094675590986,0.47691090288541493,0.0,0.0,0.0,0.0,16.5073330625179,0.0,0.0,0.0,0.0,0.0,0.0,0.0,0.0,0.0,0.0,5.510398060236998,10.996935002280903,117066.0,0,0,0,35,SALT LAKE
1203,350298,529.5,1294.1624633229085,0.40914492191378266,59.0,56.5,0.0,2.5,123.08594466390088,0.75,55.75,0.0,0.0,0.25,0.25,0.0,2.0,0.0,0.0,23.097368746308423,40.988575917592456,114574.0,0,0,0,35,SALT LAKE
1204,350299,588.0,1078.507159695482,0.5451980496504285,192.25,27.5,22.0,142.75,267.7852778917333,19.5,8.0,0.0,22.0,31.75,54.5,5.0,51.5,0.0,0.0,30.547816518765977,44.98746137296733,85173.0,485,0,0,35,SALT LAKE
1205,350300,230.5,558.8415018087821,0.41246041901674974,427.25,154.0,1.0,272.25,470.442357434318,3.5,150.5,0.0,1.0,2.75,15.5,1.0,253.0,0.0,0.0,25.44735546555144,17.74500196876654,142362.0,0,0,0,35,SALT LAKE
1206,350301,930.75,1985.424056884316,0.468791539405746,0.0,0.0,0.0,0.0,106.42966670641972,0.0,0.0,0.0,0.0,0.0,0.0,0.0,0.0,0.0,0.0,34.94955436672478,71.48011233969494,143431.0,0,0,0,35,SALT LAKE
1207,350302,0.0,0.0,0.0,858.25,124.25,138.25,595.75,928.262189625441,80.5,43.75,12.25,126.0,114.0,84.5,0.0,397.25,0.0,0.0,70.01218962544105,0.0,45129.0,0,0,0,35,SALT LAKE
1208,350303,0.0,0.0,0.0,0.0,0.0,0.0,0.0,0.0,0.0,0.0,0.0,0.0,0.0,0.0,0.0,0.0,0.0,0.0,0.0,0.0,45129.0,0,0,0,35,SALT LAKE
1209,350304,0.0,0.0,0.0,43.0,4.75,2.25,36.0,44.61460223687166,3.0,1.75,0.0,2.25,6.5,17.5,0.0,12.0,0.0,0.0,1.6146022368716595,0.0,45129.0,0,0,0,35,SALT LAKE
1210,350305,0.0,0.0,0.0,718.75,69.25,228.25,421.25,745.7402442886803,56.25,13.0,0.0,228.25,30.25,65.25,0.0,325.75,0.0,0.0,26.99024428868028,0.0,45129.0,0,0,0,35,SALT LAKE
1211,350306,0.0,0.0,0.0,6091.25,517.75,4561.25,1012.25,6319.976510440993,493.25,24.5,1551.5,3009.75,290.0,135.0,0.0,587.25,0.0,0.0,228.72651044099248,0.0,69745.0,0,0,0,35,SALT LAKE
1212,350307,0.0,0.0,0.0,5974.25,375.0,3570.0,2029.25,6198.586206225496,320.5,54.5,819.75,2750.25,436.0,222.25,105.0,1266.0,0.0,0.0,224.336206225496,0.0,69745.0,0,0,0,35,SALT LAKE
1213,350308,0.0,0.0,0.0,11379.0,1416.0,3581.75,6381.25,11806.276485454157,716.75,699.25,1778.5,1803.25,976.0,943.0,222.75,4239.5,0.0,0.0,427.2764854541544,0.0,69745.0,0,0,0,35,SALT LAKE
1214,350309,0.0,0.0,0.0,2909.75,116.5,2100.0,693.25,3019.010305956553,98.5,18.0,1278.25,821.75,80.75,327.25,29.25,256.0,0.0,0.0,109.2603059565532,0.0,69745.0,0,0,0,35,SALT LAKE
1215,350310,0.0,0.0,0.0,1103.75,65.0,751.75,287.0,2060.2319227131447,59.0,6.0,393.25,358.5,20.75,25.25,0.0,241.0,0.0,915.0359440491115,41.4459786640331,0.0,69745.0,0,0,0,35,SALT LAKE
1216,350311,65.0,181.4053613325892,0.3583135554677945,2473.25,325.25,1314.5,833.5,2573.558123179804,297.5,27.75,925.25,389.25,255.25,120.25,36.0,422.0,0.0,0.0,95.30951636058532,4.998606819218592,69745.0,0,0,0,35,SALT LAKE
1217,350312,324.0,1045.514872546746,0.30989516123359945,2097.0,310.75,147.0,1639.25,2225.2340972997804,186.5,124.25,13.0,134.0,356.75,285.5,247.5,749.5,0.0,5.330306471016538,98.16060000499142,24.74319082377228,64668.0,0,0,0,35,SALT LAKE
1218,350313,291.75,1004.6314019767968,0.29040501762728926,168.75,2.25,0.0,166.5,213.28635295647183,1.5,0.75,0.0,0.0,2.5,153.5,0.0,10.5,0.0,0.0,22.29257002553946,22.243782930932348,66746.0,570,820,0,35,SALT LAKE
1219,350314,348.0,1232.679458343598,0.2823118351202363,58.5,17.75,2.25,38.5,101.00648846806293,15.25,2.5,0.0,2.25,17.5,8.25,0.0,12.75,0.0,0.0,15.5140116442825,26.9924768237804,72182.0,0,0,0,35,SALT LAKE
1220,350315,268.25,754.1435609269038,0.35570150552011465,110.0,45.75,0.0,64.25,172.70302241705687,20.0,25.75,0.0,0.0,16.5,19.25,0.0,28.5,0.0,0.0,42.20872284278317,20.494299574273704,37499.0,0,0,0,35,SALT LAKE
1221,350316,74.25,194.6720015383684,0.3814107802521663,6.5,2.0,0.0,4.5,19.530628796413424,1.5,0.5,0.0,0.0,0.0,0.25,0.0,4.25,0.0,0.0,7.032300613351112,5.998328183062311,59421.0,0,0,0,35,SALT LAKE
1222,350317,18.5,48.60490770152929,0.3806200006304697,1266.75,125.25,228.5,913.0,1323.753243456858,92.0,33.25,115.5,113.0,107.75,246.75,74.0,484.5,0.0,0.0,55.75358595294036,1.2496575039175637,37499.0,279,0,0,35,SALT LAKE
1223,350318,213.0,634.065809318007,0.33592727579665593,93.5,5.25,2.75,85.5,124.75377977167813,4.25,1.0,0.0,2.75,59.75,7.25,1.0,17.5,0.0,0.0,15.008301810104784,16.245477961573343,48701.0,0,0,0,35,SALT LAKE
1224,350319,0.0,0.0,0.0,397.75,26.75,272.25,98.75,412.68613485999646,22.5,4.25,148.5,123.75,7.5,16.25,0.0,75.0,0.0,0.0,14.936134859996455,0.0,37499.0,0,0,0,35,SALT LAKE
1225,350320,0.0,0.0,0.0,1425.0,292.0,55.0,1078.0,1478.5068926237427,262.0,30.0,0.0,55.0,85.25,75.0,0.0,917.75,0.0,0.0,53.50689262374279,0.0,37499.0,0,0,0,35,SALT LAKE
1226,350321,561.25,1447.9358210057244,0.3876207714856867,1837.75,566.25,61.25,1210.25,1976.1214564531983,451.75,114.5,10.25,51.0,301.0,129.75,0.0,779.5,0.0,0.0,95.1334784412016,43.23797801199698,52826.0,0,0,0,35,SALT LAKE
1227,350322,609.75,1257.6026197103724,0.4848510892418674,868.75,195.0,192.5,481.25,981.0034927556004,164.0,31.0,29.5,163.0,80.75,47.5,77.75,275.25,0.0,0.0,65.51657123536592,46.736921520234375,52826.0,0,0,0,35,SALT LAKE
1228,350323,698.0,1522.4776072492837,0.4584632290658792,872.75,90.0,181.0,601.75,986.4581227504702,49.25,40.75,3.25,177.75,126.5,96.75,88.5,290.0,0.0,0.0,60.22304140030876,53.485081350161465,52826.0,0,0,0,35,SALT LAKE
1229,350324,1009.5,2012.7870055138897,0.5015433810107801,614.25,71.25,2.5,540.5,758.2058739889521,9.5,61.75,0.0,2.5,52.5,38.25,370.25,79.5,0.0,0.0,66.4774799065415,77.47839408241072,52826.0,0,0,0,35,SALT LAKE
1230,350325,562.75,1011.7130112591988,0.5562348153451044,794.5,88.25,33.5,672.75,909.7303384228518,34.0,54.25,15.0,18.5,31.5,90.25,439.5,111.5,0.0,0.0,71.99245329154797,43.23788513130389,52826.0,0,0,0,35,SALT LAKE
1231,350326,674.0,1540.4219885173152,0.43754244293067873,1117.25,27.75,12.0,1077.5,1246.9851668283152,17.75,10.0,0.0,12.0,69.0,765.0,113.0,130.5,0.0,0.0,77.99968491626883,51.73548191204636,25539.0,560,0,318,35,SALT LAKE
1232,350327,731.249999974617,1417.4400774544702,0.5158948244837571,78.49999999727513,20.249999999297085,6.499999999774373,51.74999999820366,166.6397665193136,5.999999999791729,14.249999999505357,5.999999999791729,0.4999999999826441,19.2499999993318,3.2499999998871867,6.9999999997570175,22.24999999922766,0.0,0.0,32.15537014873355,55.98439637330492,72818.0,0,0,0,35,SALT LAKE
1233,350328,583.75,1139.0843067640144,0.5124730421915437,232.0,56.75,6.25,169.0,307.617907671766,7.75,49.0,6.0,0.25,26.5,107.5,32.25,2.75,0.0,0.0,30.63044629879861,44.98746137296733,61505.0,413,0,0,35,SALT LAKE
1234,350329,592.5,1200.8190865082702,0.4934132099139643,472.75,153.75,9.75,309.25,559.4861510269983,116.5,37.25,0.0,9.75,96.25,50.5,16.5,146.0,0.0,0.0,40.748968290187214,45.98718273681105,80460.0,0,0,0,35,SALT LAKE
1235,350330,687.25,1430.8395052400458,0.48031243020837827,541.0,129.25,22.75,389.0,640.8552898812014,37.25,92.0,0.0,22.75,57.5,118.25,97.0,116.25,0.0,0.0,46.87005759748432,52.98523228371708,68937.0,596,0,0,35,SALT LAKE
1236,350331,602.5,1292.7062118825734,0.46607651024015484,567.25,75.75,22.0,469.5,657.1606566084815,52.5,23.25,0.0,22.0,129.5,91.5,83.0,165.5,0.0,0.0,43.92347387167045,45.98718273681105,76947.0,0,0,0,35,SALT LAKE
1237,350332,192.75,417.3330761736806,0.46186130696188493,34.25,19.5,1.0,13.75,58.51949526391122,1.0,18.5,0.0,1.0,3.0,1.25,0.0,9.5,0.0,0.0,9.273674806255444,14.995820457655777,126214.0,0,0,0,35,SALT LAKE
1238,350333,624.25,1315.0558180450969,0.4746946794456087,73.5,40.0,0.0,33.5,149.4361578451826,5.75,34.25,0.0,0.0,2.25,3.25,5.75,22.25,0.0,0.0,27.949532380684136,47.98662546449849,95967.0,0,0,0,35,SALT LAKE
1239,350334,211.25,492.8308554217392,0.4286460510254033,0.0,0.0,0.0,0.0,23.927672251011657,0.0,0.0,0.0,0.0,0.0,0.0,0.0,0.0,0.0,0.0,7.932130429512159,15.995541821499495,124089.0,0,0,0,35,SALT LAKE
1240,350335,493.0,1146.2770965161455,0.4300879791617262,192.5,135.0,12.25,45.25,256.9800641934825,90.25,44.75,4.75,7.5,3.0,4.25,1.25,36.75,0.0,0.0,26.490652367421205,37.9894118260613,117451.0,0,0,0,35,SALT LAKE
1241,350336,358.0,934.8073179927158,0.38296662115217805,76.0,12.75,0.0,63.25,130.0337755754969,11.0,1.75,0.0,0.0,0.5,62.0,0.0,0.75,0.0,0.0,26.54142645431717,27.49234912117973,151429.0,0,755,0,35,SALT LAKE
1242,350337,389.0,1210.8621226236214,0.32125870710790655,162.75,29.25,16.75,116.75,215.71012318327269,26.0,3.25,0.0,16.75,19.5,9.5,13.0,74.75,0.0,0.0,22.96848226796111,29.99164091531156,107916.0,0,0,0,35,SALT LAKE
1243,350338,502.5,1076.5001684764798,0.466790451794508,1366.75,541.25,40.0,785.5,1478.677533227098,364.75,176.5,19.0,21.0,94.5,101.75,30.0,559.25,0.0,0.0,73.18831296356379,38.73922026353448,79751.0,0,0,0,35,SALT LAKE
1244,350339,340.25,780.5828971940388,0.4358922046884407,517.5,105.0,5.5,407.0,579.4468613047873,57.0,48.0,0.0,5.5,55.25,51.75,21.0,279.0,0.0,0.0,35.7041464781334,26.242714826653767,115751.0,0,0,0,35,SALT LAKE
1245,350340,508.75,1199.55706247111,0.42411488033088274,29.0,0.0,0.0,29.0,89.93147197577643,0.0,0.0,0.0,0.0,0.0,29.0,0.0,0.0,0.0,0.0,21.942338785871414,38.98913318990502,156479.0,418,0,0,35,SALT LAKE
1246,350341,0.0,0.0,0.0,1159.0,269.75,415.75,473.5,1202.519659976968,258.5,11.25,226.25,189.5,43.75,32.25,0.0,397.5,0.0,0.0,43.519659976968136,0.0,69745.0,0,0,0,35,SALT LAKE
1247,350342,0.0,0.0,0.0,3411.0,167.75,2414.25,829.0,3539.0782046436893,88.75,79.0,73.75,2340.5,451.0,153.0,7.0,218.0,0.0,0.0,128.07820464368947,0.0,69745.0,0,0,0,35,SALT LAKE
1248,350343,0.0,0.0,0.0,0.0,0.0,0.0,0.0,0.0,0.0,0.0,0.0,0.0,0.0,0.0,0.0,0.0,0.0,0.0,0.0,0.0,64668.0,0,0,0,35,SALT LAKE
1249,350344,237.5,665.5965996424299,0.35682273636552403,1921.75,200.25,598.75,1122.75,2038.0878187463984,149.0,51.25,423.5,175.25,260.25,113.75,0.0,748.75,0.0,0.0,97.84293870767242,18.494880038726222,37499.0,0,0,0,35,SALT LAKE
1250,350345,0.0,0.0,0.0,1397.25,427.5,474.25,495.5,1449.7162307785554,379.25,48.25,1.0,473.25,74.0,54.5,0.0,367.0,0.0,0.0,52.46623077855541,0.0,37499.0,0,0,0,35,SALT LAKE
1251,350346,0.0,0.0,0.0,496.75,81.0,140.25,275.5,515.402874140019,70.5,10.5,0.0,140.25,64.75,59.25,0.0,151.5,0.0,0.0,18.652874140018987,0.0,37499.0,0,0,0,35,SALT LAKE
1252,350347,0.0,0.0,0.0,350.5,42.0,161.25,147.25,363.6612738474264,17.75,24.25,15.0,146.25,8.0,9.0,0.0,130.25,0.0,0.0,13.161273847426386,0.0,37499.0,0,0,0,35,SALT LAKE
1253,350348,570.0,1323.4382518064808,0.43069633148502046,4355.25,915.75,57.5,3382.0,4620.947796942801,645.75,270.0,0.75,56.75,1238.0,350.0,0.0,1794.0,0.0,0.0,221.70945313586304,43.988343806937394,34686.0,0,0,0,35,SALT LAKE
1254,350349,713.5,1507.4763931219543,0.4733075776545697,916.5,259.0,53.75,603.75,1032.44733650925,221.5,37.5,36.25,17.5,121.25,64.75,14.0,403.75,0.0,0.0,61.21255123638797,54.73478527286223,34686.0,0,0,0,35,SALT LAKE
1255,350350,796.75,1450.8204454262466,0.549172023672383,527.5,68.5,13.0,446.0,654.7366621637074,44.0,24.5,0.0,13.0,119.5,116.5,25.0,185.0,0.0,0.0,66.00395496189284,61.23270720181451,34686.0,0,0,0,35,SALT LAKE
1256,350351,505.0,784.1703974555501,0.6439926853125382,361.75,55.75,16.0,290.0,444.5358348820736,33.5,22.25,0.75,15.25,49.75,38.5,64.5,137.25,0.0,0.0,44.04666106319739,38.73917381887623,34686.0,0,0,0,35,SALT LAKE
1257,350352,220.25,348.91188192051266,0.631248207391734,1987.0,222.5,45.0,1719.5,2094.979237317444,78.75,143.75,0.0,45.0,1060.5,128.0,102.25,428.75,0.0,0.0,90.98299899696116,16.996238320482618,34686.0,0,0,0,35,SALT LAKE
1258,350353,1031.5,1633.998380332615,0.6312735755527671,7639.5,265.75,26.25,7347.5,8045.064401796656,187.5,78.25,0.0,26.25,146.25,6299.25,387.25,514.75,0.0,0.0,326.5864140530018,78.97798774365376,27074.0,0,0,0,35,SALT LAKE
1259,350354,736.5,1309.093124090402,0.5626032147344313,1781.75,254.75,101.5,1425.5,1933.291491054932,176.0,78.75,1.0,100.5,339.25,322.75,117.0,646.5,0.0,0.0,94.55737331583956,56.98411773909196,60370.0,0,0,0,35,SALT LAKE
1260,350355,766.75,1494.6850791310771,0.5129843140240242,586.75,204.5,8.5,373.75,696.8047453242207,66.0,138.5,0.0,8.5,47.25,40.0,48.0,238.5,0.0,0.0,51.07118485744133,58.983560466779394,67318.0,0,0,0,35,SALT LAKE
1261,350356,726.75,1581.3252097748575,0.45958288371528055,564.5,82.5,23.25,458.75,671.7250566368416,42.5,40.0,5.25,18.0,102.0,65.5,103.25,188.0,0.0,0.0,51.490573187964,55.7344834488777,54863.0,0,0,0,35,SALT LAKE
1262,350357,492.0,874.9348650063769,0.5623275739462207,266.5,50.5,1.0,215.0,335.219608048503,31.5,19.0,0.0,1.0,43.25,16.75,58.75,96.25,0.0,0.0,30.730196222441684,37.9894118260613,59906.0,0,0,0,35,SALT LAKE
1263,350358,253.0,387.6684565274991,0.6526195147942184,757.25,47.75,9.75,699.75,815.1781689847023,19.0,28.75,0.0,9.75,45.5,428.0,114.75,111.5,0.0,0.0,38.68348049125134,19.244688493451044,60405.0,0,0,0,35,SALT LAKE
1264,350359,497.0,861.8704583058843,0.5766527848940507,514.75,178.75,6.25,329.75,595.7293759412777,27.75,151.0,1.0,5.25,50.75,28.0,140.5,110.5,0.0,0.0,42.98996411521636,37.9894118260613,92591.0,0,0,0,35,SALT LAKE
1265,350360,518.75,1231.2320995621662,0.42132592237034,60.0,11.5,1.75,46.75,123.4702958100192,9.0,2.5,0.0,1.75,5.25,4.5,0.0,37.0,0.0,0.0,23.48144125627048,39.98885455374874,116830.0,0,0,0,35,SALT LAKE
1266,350361,527.0,1130.0941625038251,0.4663328220653615,23.75,11.75,1.0,11.0,90.66807890541614,11.0,0.75,0.0,1.0,0.0,0.25,0.0,10.75,0.0,0.0,26.179485568244075,40.73859333717207,94432.0,0,0,0,35,SALT LAKE
1267,350362,488.75,1114.124604884652,0.4386852223325608,101.25,31.75,5.0,64.5,162.89266157093925,29.25,2.5,2.0,3.0,16.25,3.75,8.0,36.5,0.0,0.0,24.15314525166886,37.48951631927037,86636.0,0,0,0,35,SALT LAKE
1268,350363,666.75,1520.7230926720272,0.4384427403074869,314.0,121.75,2.0,190.25,405.31129448462974,108.5,13.25,0.0,2.0,16.75,76.75,0.0,96.75,0.0,0.0,39.82567907154733,51.48561541308244,76455.0,556,0,0,35,SALT LAKE
1269,350364,545.5,1142.576054074758,0.477429925171798,172.25,29.75,0.0,142.5,243.69308807841628,1.0,28.75,0.0,0.0,0.0,137.5,0.0,5.0,0.0,0.0,29.70477337740049,41.73831470101578,99958.0,501,591,0,35,SALT LAKE
1270,350365,444.25,992.3552984571268,0.4476723212852308,8.75,8.5,0.0,0.25,62.25041793271489,0.25,8.25,0.0,0.0,0.0,0.0,0.0,0.25,0.0,0.0,19.01008891867898,34.49032901403591,107730.0,0,0,0,35,SALT LAKE
1271,350366,326.75,541.4970950807469,0.6034196729186068,470.5,165.75,6.0,298.75,525.4463470581301,98.0,67.75,0.0,6.0,34.25,34.5,58.0,172.0,0.0,0.0,29.953382611775247,24.99296444635482,67016.0,0,0,0,35,SALT LAKE
1272,350367,446.75,827.2814873774477,0.5400217541628247,147.75,43.0,4.25,100.5,217.31254069979,22.75,20.25,0.0,4.25,29.0,12.5,5.0,54.0,0.0,0.0,35.322124612124654,34.240416087665366,63303.0,0,0,0,35,SALT LAKE
1273,350368,1401.25,2388.6866688730743,0.5866194249164862,565.25,257.25,8.25,299.75,763.815104495046,119.75,137.5,1.5,6.75,44.75,32.5,1.5,221.0,0.0,0.0,90.84511012629495,107.71999436875106,63303.0,0,0,0,35,SALT LAKE
1274,350369,417.75,836.6139725088391,0.4993342374467531,267.5,121.0,4.0,142.5,326.21308686744203,59.0,62.0,0.5,3.5,17.25,15.5,8.0,101.75,0.0,0.0,26.47195101153613,32.24113585590588,59906.0,0,0,0,35,SALT LAKE
1275,350370,316.25,678.9208559129856,0.46581276336653354,1333.0,61.25,4.25,1267.5,1520.928782969869,36.0,25.25,0.0,4.25,825.25,6.0,31.75,404.5,0.0,15.990919407722332,147.69440577080087,24.243457791345943,63303.0,0,0,0,35,SALT LAKE
1276,350371,759.25,1290.099285695301,0.5885205955995868,320.5,43.75,27.0,249.75,419.5004746772199,29.0,14.75,1.5,25.5,70.75,15.5,27.75,135.75,0.0,0.0,40.51678649058819,58.4836881866317,60405.0,0,0,0,35,SALT LAKE
1277,350372,0.0,0.0,0.0,145.74999538007378,1.9999999366047863,0.0,143.749995443469,153.22369315361703,1.2499999603779914,0.7499999762267948,0.0,0.0,0.7499999762267948,134.99999572082308,3.2499998969827777,4.749999849436367,0.0,0.0,7.473697773543245,0.0,83576.0,0,0,1832,35,SALT LAKE
1278,350373,544.5000021331088,1176.0987866869345,0.4629713152472192,105.75000041428146,5.000000019587776,0.0,100.75000039469369,174.9042630112055,1.250000004896944,3.7500000146908317,0.0,0.0,16.000000062680883,27.25000010675338,20.000000078351103,37.50000014690832,0.0,0.0,27.165965150996406,41.98829744592764,83576.0,0,0,0,35,SALT LAKE
1279,350374,315.5,807.8148340837682,0.3905597999544578,66.75,18.0,20.75,28.0,107.59976423876842,17.75,0.25,20.5,0.25,14.0,2.0,0.0,12.0,0.0,0.0,16.856451506519157,23.993312732249244,157449.0,0,0,0,35,SALT LAKE
1280,350375,784.5,1651.3200313972927,0.47507447683304727,560.75,66.5,5.75,488.5,675.2439062876571,37.0,29.5,0.0,5.75,186.75,41.25,31.0,229.5,0.0,0.0,54.51062445703393,59.98328183062311,72786.0,0,0,0,35,SALT LAKE
1281,350376,545.25,1247.0807052924367,0.437221101798813,202.0,2.75,9.5,189.75,277.130324270532,2.25,0.5,0.0,9.5,69.5,0.5,114.75,5.0,0.0,5.330306471016538,28.06186559873931,41.73815220077613,109244.0,0,0,0,35,SALT LAKE
1282,350377,368.5,679.5821472082367,0.5422449684910347,83.25,37.5,30.5,15.25,134.95419568552705,31.25,6.25,0.0,30.5,2.25,2.75,0.0,10.25,0.0,0.0,23.21219485455343,28.4920008309736,48050.0,0,0,0,35,SALT LAKE
1283,350378,283.0,470.2527587081029,0.6018040187099994,83.5,17.75,8.0,57.75,119.2559014196428,14.25,3.5,0.0,8.0,8.5,6.75,0.0,42.5,0.0,0.0,13.762031415080996,21.99387000456181,67016.0,0,0,0,35,SALT LAKE
1284,350379,579.0,1150.7914402706022,0.5031320009330721,51.75,16.0,4.0,31.75,124.92178975820484,11.75,4.25,0.0,4.0,7.75,7.0,0.0,17.0,0.0,0.0,28.684200682636853,44.487589075568,55325.0,0,0,0,35,SALT LAKE
1285,350380,214.5,335.9229265920983,0.6385393285777761,2.25,0.5,0.5,1.25,27.63335459507545,0.25,0.25,0.0,0.5,0.0,0.5,0.0,0.75,0.0,0.0,8.887986916523163,16.495367678552284,63303.0,0,0,0,35,SALT LAKE
1286,350381,546.25,907.1065296578925,0.6021894696381621,117.0,22.0,3.25,91.75,183.892383921886,14.5,7.5,0.0,3.25,18.75,2.5,0.0,70.5,0.0,0.0,24.9040866404498,41.988297281436175,73323.0,0,0,0,35,SALT LAKE
1287,350382,258.25,556.4831899896803,0.46407511429912035,223.5,62.0,5.25,156.25,268.0918068142973,50.5,11.5,1.5,3.75,36.0,14.5,2.5,103.25,0.0,0.0,24.847338886888355,19.744467927408927,63303.0,0,0,0,35,SALT LAKE
1288,350383,404.25,808.4589870247528,0.5000253649077476,1407.25,509.0,26.75,871.5,1528.2294502874572,286.0,223.0,0.0,26.75,362.25,32.75,210.0,266.5,0.0,0.0,89.98794867863896,30.99150160881833,63303.0,0,0,0,35,SALT LAKE
1289,350384,194.75,341.8626862916324,0.569673169401895,65.0,2.25,0.0,62.75,89.74940165685763,2.25,0.0,0.0,0.0,7.75,0.75,0.0,54.25,0.0,0.0,9.753581199201848,14.995820457655777,73323.0,0,0,0,35,SALT LAKE
1290,350385,777.5,1646.3253264041757,0.4722638882669551,126.25,12.75,32.25,81.25,220.9182151832091,1.0,11.75,32.25,0.0,22.75,0.0,9.0,49.5,0.0,0.0,34.68493335258597,59.98328183062311,90891.0,0,0,0,35,SALT LAKE
1291,350386,431.5,1185.927841789273,0.36385013050117176,301.75,27.5,4.25,270.0,363.7731876221833,22.75,4.75,0.0,4.25,16.25,19.0,9.0,225.75,0.0,0.0,29.032382615340552,32.990805006842706,71658.0,0,0,0,35,SALT LAKE
1292,350387,409.75,1025.8933628891318,0.3994079841262036,301.0,33.75,12.75,254.5,370.9340070496698,14.25,19.5,0.0,12.75,19.0,30.5,4.0,201.0,0.0,0.0,38.44281891346176,31.49118813620806,122892.0,0,0,0,35,SALT LAKE
1293,350388,329.5,773.263078307994,0.42611629760080016,1026.5,276.75,13.75,736.0,1104.8880474395642,215.25,61.5,0.0,13.75,122.75,107.25,81.75,424.25,0.0,0.0,53.144775403681535,25.24327203588276,72786.0,0,0,0,35,SALT LAKE
1294,350389,0.0,0.0,0.0,30.0,0.0,0.0,30.0,31.126466676887205,0.0,0.0,0.0,0.0,0.0,0.0,0.0,30.0,0.0,0.0,1.1264666768872045,0.0,47674.0,0,0,0,35,SALT LAKE
1295,350390,194.0,396.7054585129008,0.48902780598793083,45.0,0.0,0.0,45.0,71.22026525070771,0.0,0.0,0.0,0.0,0.0,45.0,0.0,0.0,0.0,0.0,11.224444793051935,14.995820457655777,74666.0,361,67,0,35,SALT LAKE
1296,350391,454.5,934.169708268518,0.4865282999193102,25.0,0.0,18.0,7.0,81.74524034840891,0.0,0.0,18.0,0.0,0.0,0.0,0.0,7.0,0.0,0.0,21.754992613878777,34.99024773453014,76749.0,0,0,0,35,SALT LAKE
1297,350392,599.25,1093.7716895816243,0.5478748496674087,549.5,80.5,11.25,457.75,642.1221037890987,62.5,18.0,0.0,11.25,131.0,50.5,61.0,215.25,0.0,0.0,46.63492105228756,45.98718273681105,70057.0,0,0,0,35,SALT LAKE
1298,350393,743.5,1735.755578124518,0.4283437192253479,275.5,124.75,6.75,144.0,371.4968839038827,73.5,51.25,4.0,2.75,22.75,22.25,0.0,99.0,0.0,0.0,39.01276616479072,56.98411773909196,84114.0,0,0,0,35,SALT LAKE
1299,350394,393.5,806.7408632893571,0.4877650530748704,167.5,24.75,5.5,137.25,227.8073727502863,21.75,3.0,2.75,2.75,16.0,88.75,0.0,32.5,0.0,0.0,30.065749254554376,30.241623495731947,81276.0,628,0,0,35,SALT LAKE
1300,350395,192.5,518.633258110428,0.37116786667586343,291.75,78.25,0.0,213.5,326.92861135971333,53.0,25.25,0.0,0.0,133.75,0.0,79.0,0.75,0.0,0.0,20.182790902057537,14.995820457655777,71658.0,0,0,0,35,SALT LAKE
1301,350396,674.75,1172.482551805033,0.5754883080871649,1906.25,708.75,12.0,1185.5,2064.151246338177,613.5,95.25,0.0,12.0,152.5,77.5,30.5,925.0,0.0,0.0,106.16571799872362,51.73552833945297,47989.0,0,0,0,35,SALT LAKE
1302,350397,2.75,9.172417658600413,0.2998119037265485,532.25,48.75,189.25,294.25,569.1334351034861,30.0,18.75,138.5,50.75,42.75,53.5,0.0,198.0,2.024281839391044,0.0,34.859153264095134,0.0,45129.0,0,0,0,35,SALT LAKE
1303,350398,409.5,1077.2286943854465,0.380142120363418,614.75,62.5,72.75,479.5,690.4765038766246,38.75,23.75,13.25,59.5,74.5,158.5,9.0,237.5,2.024281839391044,0.0,42.46087717765791,31.241344859575666,45129.0,0,0,0,35,SALT LAKE
1304,350399,303.75,751.5092883480503,0.4041866211230682,33.0,3.75,4.0,25.25,70.14992058478761,2.5,1.25,0.5,3.5,4.75,8.0,0.0,12.5,1.0121409196955218,0.0,12.644269576192327,23.49351008889976,51401.0,0,0,0,35,SALT LAKE
1305,350400,10.5,29.1621913097788,0.36005524716790027,621.75,18.5,584.0,19.25,647.4983658479107,17.25,1.25,0.0,584.0,2.0,2.5,0.0,14.75,1.0121409196955218,0.0,23.73657321410957,0.999651714105574,82805.0,0,0,0,35,SALT LAKE
1306,350401,1381.9999727082027,3913.8146334139687,0.3531081827201158,709.9999859788885,118.99999764998273,53.49999894347963,537.4999893854261,903.771626283423,58.249998849676416,60.74999880030631,28.999999427306715,24.499999516172913,84.49999833129026,200.7499960355801,7.9999998420156455,244.24999517654018,0.0,0.0,87.30137519633034,106.47026510820409,47499.0,608,0,2581,35,SALT LAKE
1307,350402,489.25,1233.8412668004728,0.3965258847831337,71.25,8.5,0.0,62.75,137.7873547461258,7.5,1.0,0.0,0.0,2.75,46.5,0.0,13.5,0.0,0.0,28.79787906013836,37.73947568598746,51401.0,448,0,0,35,SALT LAKE
1308,350403,765.25,1977.470685587508,0.38698424486259514,0.0,0.0,0.0,0.0,109.96470976112111,0.0,0.0,0.0,0.0,0.0,0.0,0.0,0.0,0.0,0.0,51.231178315108686,58.73353144601245,82805.0,0,0,0,35,SALT LAKE
1309,350404,1081.25,3309.0016804052043,0.32676018462087797,74.75,7.0,2.0,65.75,215.8796610483621,5.25,1.75,0.0,2.0,4.5,44.75,0.0,16.5,0.0,0.0,57.90301422675095,83.22664682161117,82805.0,378,102,0,35,SALT LAKE
1310,350405,1199.4999902299649,3665.285626513424,0.3272596224297478,22.749999814699205,10.249999916512829,0.24999999796372754,12.24999990022265,175.11598489979835,8.999999926694192,1.2499999898186378,0.0,0.24999999796372754,1.9999999837098204,0.24999999796372754,0.0,9.999999918549102,0.0,0.0,60.391620360616514,91.97436472448263,56753.0,0,0,0,35,SALT LAKE
1311,350406,847.75,2438.891457578052,0.34759644483804153,113.25,18.5,16.5,78.25,221.82670892871107,9.0,9.5,0.0,16.5,19.75,13.25,0.0,45.25,0.0,0.0,43.594750624819504,64.98195830389156,56215.0,0,0,0,35,SALT LAKE
1312,350407,1195.25,3002.7397913836203,0.39805313914638124,176.75,29.25,7.75,139.75,346.7399265962064,22.5,6.75,0.0,7.75,14.75,87.25,4.0,33.75,0.0,0.0,78.26561335705449,91.72431323915184,67131.0,478,0,0,35,SALT LAKE
1313,350408,1005.0,3047.317418131612,0.32979826585186883,298.5,39.75,52.5,206.25,426.1838785166118,29.75,10.0,17.5,35.0,58.75,27.25,0.0,120.25,1.0121409196955218,0.0,49.44323323148448,77.22850436543177,79063.0,0,0,0,35,SALT LAKE
1314,350409,711.5,1668.0305692444813,0.4265509356475806,187.25,31.5,28.75,127.0,298.23210595156723,6.5,25.0,20.5,8.25,7.0,85.75,0.0,34.25,0.0,0.0,56.247413520583095,54.734692430984126,79063.0,706,0,0,35,SALT LAKE
1315,350410,572.0,1641.5158786106297,0.3484584020497796,795.0,299.25,0.5,495.25,890.3419759780076,210.5,88.75,0.0,0.5,13.0,3.25,84.0,395.0,0.0,0.0,51.35446815767675,43.98750782033081,67744.0,0,0,0,35,SALT LAKE
1316,350411,1107.5,3430.383374797795,0.32285021205983483,334.75,41.75,17.0,276.0,485.8630774765106,37.0,4.75,8.25,8.75,17.25,152.25,43.75,62.75,0.0,0.0,65.88689504220726,85.22618243430341,55950.0,492,1202,0,35,SALT LAKE
1317,350412,82.0,236.136754316256,0.3472564033389655,189.0,11.25,66.5,111.25,206.1876242992477,9.5,1.75,4.5,62.0,12.75,24.75,0.0,73.75,1.0121409196955218,0.0,10.17715519648984,5.998328183062311,67744.0,0,0,0,35,SALT LAKE
1318,350413,327.5,955.0856105762192,0.3429011979380715,0.0,0.0,0.0,0.0,40.540256843207146,0.0,0.0,0.0,0.0,0.0,0.0,0.0,0.0,0.0,0.0,15.547222747114184,24.993034096092963,67744.0,0,0,0,35,SALT LAKE
1319,350414,0.0,0.0,0.0,772.5,68.0,359.75,344.75,801.5412217464523,48.75,19.25,178.25,181.5,34.0,58.25,0.0,252.5,0.0,0.0,29.041221746452223,0.0,75048.0,0,0,0,35,SALT LAKE
1320,350415,495.0,1457.552413572151,0.33961042868219077,0.0,0.0,0.0,0.0,61.58885663918751,0.0,0.0,0.0,0.0,0.0,0.0,0.0,0.0,1.0121409196955218,0.0,22.58730389343069,37.9894118260613,75048.0,0,0,0,35,SALT LAKE
1321,350416,0.0,0.0,0.0,806.5,33.25,351.25,422.0,836.7845988973703,29.0,4.25,8.0,343.25,206.25,43.25,0.0,172.5,0.0,0.0,30.28459889737035,0.0,76219.0,0,0,0,35,SALT LAKE
1322,350417,0.0,0.0,0.0,526.25,33.25,247.5,245.5,546.011775158864,25.0,8.25,0.0,247.5,20.25,38.0,0.0,187.25,0.0,0.0,19.761775158864,0.0,76219.0,0,0,0,35,SALT LAKE
1323,350418,0.0,0.0,0.0,142.5,42.25,30.0,70.25,147.85020524266054,38.5,3.75,0.0,30.0,12.75,6.0,0.0,51.5,0.0,0.0,5.350205242660525,0.0,76219.0,0,0,0,35,SALT LAKE
1324,350419,0.0,0.0,0.0,2991.5,303.25,1186.5,1501.75,3103.8296673096097,258.75,44.5,14.75,1171.75,127.5,146.25,0.0,1228.0,0.0,0.0,112.3296673096098,0.0,69745.0,0,0,0,35,SALT LAKE
1325,350420,0.0,0.0,0.0,3063.25,116.25,2210.25,736.75,3185.4072220362104,101.0,15.25,268.25,1942.0,469.5,27.75,0.0,239.5,0.0,7.107075294244778,115.05014674196588,0.0,69745.0,0,0,0,35,SALT LAKE
1326,350421,0.0,0.0,0.0,3473.75,343.25,2535.75,594.75,3604.185355246879,340.5,2.75,1757.0,778.75,172.0,5.75,149.0,268.0,0.0,0.0,130.43535524687945,0.0,69745.0,0,0,0,35,SALT LAKE
1327,350422,338.0,1305.368692453586,0.25893067755799426,3082.0,118.75,1968.5,994.75,3236.4099257257776,72.0,46.75,1286.5,682.0,185.25,112.0,4.0,693.5,0.0,0.0,128.41717026584092,25.99275545993668,44002.0,220,78,342,35,SALT LAKE
1328,350423,0.0,0.0,0.0,3620.0,242.75,2328.5,1048.75,3755.927231553415,208.5,34.25,289.5,2039.0,371.75,96.75,3.0,577.25,0.0,0.0,135.9272315534148,0.0,44002.0,0,0,0,35,SALT LAKE
1329,350424,0.0,0.0,0.0,858.25,25.5,693.75,139.0,890.4768916313999,22.5,3.0,358.5,335.25,7.75,25.0,0.0,106.25,0.0,0.0,32.226891631399866,0.0,44002.0,0,0,0,35,SALT LAKE
1330,350425,0.0,0.0,0.0,5458.25,447.0,2421.5,2589.75,5663.201462101414,255.0,192.0,1166.75,1254.75,405.25,534.0,179.0,1471.5,0.0,0.0,204.95146210141388,0.0,37336.0,0,0,0,35,SALT LAKE
1331,350426,846.25,2007.8936210019388,0.421461571045642,3080.25,128.75,355.25,2596.25,3314.6677163531035,82.75,46.0,105.5,249.75,575.25,151.5,344.0,1525.5,0.0,0.0,169.18596119998622,65.23175515311733,42499.0,0,0,197,35,SALT LAKE
1332,350427,50.5,165.70089017395105,0.30476601511908374,1577.5,95.5,900.5,581.5,1642.6332296712042,82.5,13.0,292.0,608.5,39.25,103.75,0.0,438.5,0.0,0.0,61.13434421582923,3.998885455374874,76219.0,0,0,0,35,SALT LAKE
1333,350428,65.75,185.16759025050388,0.3550837374459005,70.75,0.25,1.25,69.25,89.37437302372285,0.25,0.0,0.0,1.25,3.75,57.0,0.0,8.5,0.0,0.0,13.375783624083866,5.248589399638985,76219.0,0,0,0,35,SALT LAKE
1334,350429,292.5,967.250532107161,0.30240355553259507,897.0,275.5,32.0,589.5,964.1606299609892,209.5,66.0,0.0,32.0,88.25,74.0,16.0,411.25,0.0,0.0,44.66691088998304,22.493719071006197,76219.0,0,0,0,35,SALT LAKE
1335,350430,83.75,220.8338877580263,0.379244330887147,3582.75,798.5,1199.25,1585.0,3726.6286512521056,406.0,392.5,166.25,1033.0,291.5,224.5,0.0,1069.0,0.0,0.0,137.6302708561364,6.248380395969204,69745.0,0,0,0,35,SALT LAKE
1336,350431,15.25,40.94270651922817,0.37247171221663256,3296.5,205.5,127.75,2963.25,3494.648812603304,141.5,64.0,53.0,74.75,2106.25,145.5,39.0,672.5,0.0,0.0,196.89906223594468,1.2497503673590145,69745.0,0,0,0,35,SALT LAKE
1337,350432,0.0,0.0,0.0,4574.5,101.5,26.5,4446.5,4746.280056700216,46.75,54.75,0.0,26.5,926.75,222.75,4.0,3293.0,0.0,0.0,171.78005670021616,0.0,69745.0,0,0,0,35,SALT LAKE
1338,350433,623.0,2113.796814989547,0.29473031446642656,64.0,0.0,0.0,64.0,137.7826877051969,0.0,0.0,0.0,0.0,0.0,63.75,0.0,0.25,0.0,0.0,25.79606224069842,47.98662546449849,76219.0,706,0,0,35,SALT LAKE
1339,350434,259.5,864.6049132969225,0.30013708690420376,22.0,1.75,3.0,17.25,54.56343373363971,1.25,0.5,0.0,3.0,2.0,2.5,0.0,12.75,0.0,0.0,12.56900645676534,19.99442727687437,76219.0,0,0,0,35,SALT LAKE
1340,350435,357.0,1029.1409759192395,0.3468912504247767,0.0,0.0,0.0,0.0,40.64743900472037,0.0,0.0,0.0,0.0,0.0,0.0,0.0,0.0,0.0,0.0,13.404979600519582,27.24245940420079,78784.0,0,0,0,35,SALT LAKE
1341,350436,220.5,639.7589380523502,0.3446610697949435,963.0,249.0,23.5,690.5,1024.4057060371065,103.0,146.0,0.0,23.5,128.5,90.5,45.0,426.5,0.0,0.0,44.41044283451166,16.995263202594856,78784.0,0,0,0,35,SALT LAKE
1342,350437,996.75,2743.4345190896047,0.3633219575915982,1733.75,779.0,13.0,941.75,1942.2441940676451,271.0,508.0,0.0,13.0,116.5,256.5,80.0,488.75,0.0,0.0,132.01547490442016,76.47871916322525,69745.0,1825,131,0,35,SALT LAKE
1343,350438,0.0,0.0,0.0,2716.25,167.75,92.0,2456.5,2818.2405110922546,108.75,59.0,0.0,92.0,755.5,545.25,0.0,1155.75,0.0,0.0,101.99051109225462,0.0,69745.0,0,0,0,35,SALT LAKE
1344,350439,0.0,0.0,0.0,1709.75,39.75,169.75,1500.25,1845.154050096085,27.75,12.0,0.0,169.75,1155.5,29.5,56.0,259.25,0.0,0.0,135.40405009608494,0.0,69745.0,0,0,0,35,SALT LAKE
1345,350440,273.75,754.4244239354239,0.3628594081988948,0.0,0.0,0.0,0.0,31.27349747955803,0.0,0.0,0.0,0.0,0.0,0.0,0.0,0.0,0.0,0.0,10.279348838839946,20.994148640718088,69845.0,0,0,0,35,SALT LAKE
1346,350441,0.0,0.0,0.0,682.0,35.75,139.0,507.25,707.6089586579245,24.0,11.75,10.0,129.0,72.25,238.0,0.0,197.0,0.0,0.0,25.60895865792454,0.0,69745.0,738,592,303,35,SALT LAKE
1347,350442,624.5,1918.2052210618076,0.3255647483090015,535.5,81.0,147.25,307.25,632.541075973921,43.0,38.0,71.0,76.25,60.75,51.0,0.0,195.5,0.0,0.0,49.05445050942251,47.98662546449849,54846.0,0,0,0,35,SALT LAKE
1348,350443,611.75,1746.9022180979582,0.3501913236254737,200.5,43.0,3.0,154.5,277.9867363828177,20.5,22.5,0.0,3.0,3.75,132.5,0.0,18.25,0.0,0.0,30.499832282162902,46.98690410065477,52889.0,848,0,0,35,SALT LAKE
1349,350444,358.5,1183.7732211569978,0.3028451679702712,7.75,1.5,0.0,6.25,48.74555470012378,0.0,1.5,0.0,0.0,0.0,0.0,0.0,6.25,0.0,0.0,13.753164949972843,27.242389750150934,53656.0,0,0,0,35,SALT LAKE
1350,350445,1281.0,3904.147216976353,0.32811262711350747,1416.25,220.75,29.25,1166.25,1635.5166726896662,96.5,124.25,5.0,24.25,181.25,283.25,34.0,667.75,0.0,0.0,121.04390359774816,98.22276909191802,37336.0,343,244,224,35,SALT LAKE
1351,350446,543.0,1426.053477449217,0.380771134173218,1584.0,59.25,153.5,1371.25,1718.357658152232,42.25,17.0,66.25,87.25,431.25,120.25,298.0,521.75,0.0,0.0,92.36980193548465,41.987856216747225,37336.0,0,0,0,35,SALT LAKE
1352,350447,361.25,936.0348209661988,0.3859364971349128,603.5,62.5,47.25,493.75,689.2149698488934,58.5,4.0,5.75,41.5,45.0,211.25,40.0,197.5,0.0,0.0,57.973009609682414,27.741960239210904,37336.0,569,0,0,35,SALT LAKE
1353,350448,262.5,567.5635075307291,0.4625033084703524,307.5,38.25,13.75,255.5,352.39694832168925,22.0,16.25,0.0,13.75,56.75,68.75,12.25,117.75,0.0,0.0,24.652584904741023,20.244363416948215,41116.0,0,0,0,35,SALT LAKE
1354,350449,1086.75,3013.0579244606565,0.3606800888816402,60.5,33.5,5.0,22.0,192.30558069676303,2.0,31.5,0.0,5.0,1.0,1.25,0.0,19.75,0.0,0.0,48.32885843129006,83.47672226547301,76219.0,0,0,0,35,SALT LAKE
1355,350450,653.25,2351.970928525622,0.27774577996569977,91.5,2.25,0.0,89.25,180.9498365734169,1.5,0.75,0.0,0.0,1.75,78.5,2.0,7.0,0.0,0.0,39.46374516752769,49.98609140588923,84164.0,685,0,0,35,SALT LAKE
1356,350451,2.0,6.415209334273216,0.3117591174016742,1565.0,793.25,25.25,746.5,1628.8436266627689,511.75,281.5,0.0,25.25,51.75,215.75,193.5,285.5,0.0,0.0,63.8436266627686,0.0,84164.0,0,0,0,35,SALT LAKE
1357,350452,231.75,740.724101211413,0.31286952810227964,299.0,189.25,1.25,108.5,343.4240163783891,50.5,138.75,0.0,1.25,4.75,8.75,68.5,26.5,0.0,0.0,26.92890412660157,17.4951122517876,79849.0,0,0,0,35,SALT LAKE
1358,350453,522.75,1679.3763415448298,0.311276267902602,677.75,133.75,22.25,521.75,766.5675684416769,65.75,68.0,8.5,13.75,65.5,122.25,22.0,312.0,0.0,0.0,48.82871388792824,39.98885455374874,79849.0,537,0,0,35,SALT LAKE
1359,350454,347.0,967.56099524201,0.35863372098128765,0.0,0.0,0.0,0.0,40.0219413864424,0.0,0.0,0.0,0.0,0.0,0.0,0.0,0.0,0.0,0.0,13.029464562661998,26.9924768237804,63421.0,0,0,0,35,SALT LAKE
1360,350455,404.5,1352.8023367344704,0.29900894536922706,255.0,42.0,82.5,130.5,312.7522409126456,29.0,13.0,0.0,82.5,35.25,40.5,4.0,50.75,0.0,0.0,26.760878633490325,30.991362279155275,70922.0,0,0,0,35,SALT LAKE
1361,350456,291.0,809.6059546265697,0.3594341152471187,44.0,0.25,0.0,43.75,78.57274789646893,0.25,0.0,0.0,0.0,0.25,43.0,0.0,0.5,0.0,0.0,12.578877891907116,21.99387000456181,62388.0,608,0,0,35,SALT LAKE
1362,350457,311.25,1349.6660761985236,0.23061259780394597,0.0,0.0,0.0,0.0,35.68046459517995,0.0,0.0,0.0,0.0,0.0,0.0,0.0,0.0,0.0,0.0,11.687151862930705,23.993312732249244,71274.0,0,0,0,35,SALT LAKE
1363,350458,648.0,2088.014891794994,0.3103426141960783,1506.5,191.75,31.75,1283.0,1647.3887867958229,162.75,29.0,0.0,31.75,140.75,225.5,480.0,436.75,0.0,0.0,90.90271860363684,49.986068192185925,33328.0,0,0,0,35,SALT LAKE
1364,350459,715.2500244987567,2228.9211774680484,0.3208951629735277,762.7500261257277,205.25000703022695,18.25000062509935,539.2500184704014,873.9826575713163,122.75000420443536,82.50000282579158,0.0,18.25000062509935,85.00000291142163,74.75000256033843,9.000000308268174,370.5000126903731,0.0,0.0,56.247954550847886,54.984676894740666,36857.0,0,0,0,35,SALT LAKE
1365,350460,149.00000854182093,472.5268453586788,0.31532601799315796,233.50001338600796,87.50000501617001,0.0,146.00000836983796,262.85955631152103,33.250001906144604,54.25000311002541,0.0,0.0,0.750000042995743,1.2500000716595716,45.000002579744574,99.00000567543808,0.0,0.0,18.112694352106203,11.246848573406888,36857.0,0,0,0,35,SALT LAKE
1366,350461,670.5,2013.1755299520585,0.3330559059676069,824.25,206.0,39.0,579.25,934.611556709018,56.75,149.25,26.25,12.75,47.0,276.25,22.25,233.75,0.0,0.0,59.12583101291472,51.235725696103486,46904.0,701,918,0,35,SALT LAKE
1367,350462,616.75,1588.5342376756096,0.3882509960266559,353.5,81.25,3.5,268.75,456.1517160457349,54.25,27.0,0.0,3.5,76.75,32.5,0.0,159.5,0.0,0.0,55.41489901870953,47.23681702702531,63726.0,0,0,0,35,SALT LAKE
1368,350463,379.0,1089.874491734939,0.3477464633534831,43.25,7.5,0.25,35.5,88.0853303255688,5.5,2.0,0.0,0.25,11.5,2.75,6.0,15.25,0.0,0.0,15.843433987804282,28.99189633776453,47226.0,0,0,0,35,SALT LAKE
1369,350464,264.5,673.7098981522099,0.39260221755008573,2251.25,510.25,27.5,1713.5,2472.804826024777,218.0,292.25,0.0,27.5,480.75,147.75,0.0,1085.0,0.0,0.0,201.0610372598025,20.493788764974585,49530.0,0,0,0,35,SALT LAKE
1370,350465,590.75,1693.5861042531687,0.34881604101287,936.0,299.5,49.5,587.0,1058.1078350577334,132.75,166.75,0.0,49.5,138.0,63.0,0.0,386.0,0.0,0.0,76.62071034520461,45.48712471252881,49530.0,0,0,0,35,SALT LAKE
1371,350466,693.0,1518.072334809025,0.4564999862718532,712.0,146.0,34.75,531.25,833.7412782368247,80.5,65.5,9.0,25.75,119.5,106.0,0.0,305.75,0.0,0.0,68.25615044631662,53.48512779050802,41116.0,0,0,0,35,SALT LAKE
1372,350467,824.25,2364.4116895589955,0.34860680296912977,347.75,51.5,27.75,268.5,457.9855617190795,42.5,9.0,17.75,10.0,24.0,94.25,1.0,149.25,0.0,0.0,47.00317965685139,63.23238206222811,78175.0,536,0,0,35,SALT LAKE
1373,350468,997.5,2723.511876157839,0.366255057939094,191.0,13.5,3.25,174.25,317.8546039499444,12.0,1.5,0.0,3.25,5.0,81.0,56.5,31.75,0.0,0.0,50.12604151439848,76.72856243554594,74796.0,0,816,0,35,SALT LAKE
1374,350469,156.75,481.4828461293703,0.32555676959233276,2181.25,276.0,61.0,1844.25,2283.534293903565,190.0,86.0,0.0,61.0,549.25,312.75,0.0,982.25,0.0,0.0,90.03765495702027,12.246638946545014,60646.0,495,0,0,35,SALT LAKE
1375,350470,259.75,798.6294796874699,0.3252446930729989,554.0,338.0,29.25,186.75,604.301751328386,325.25,12.75,0.0,29.25,18.25,61.25,26.25,81.0,0.0,0.0,30.55721376849056,19.744537559895427,60646.0,483,0,0,35,SALT LAKE
1376,350471,855.75,2708.410420033525,0.315960237661989,327.5,60.25,15.25,252.0,452.9140900108767,32.0,28.25,0.0,15.25,0.25,58.75,27.0,166.0,0.0,0.0,59.9322362001942,65.48185381068248,58856.0,255,0,0,35,SALT LAKE
1377,350472,1008.75,2985.6328739738,0.3378680643535988,253.0,50.25,30.0,172.75,404.8608076682538,36.0,14.25,13.75,16.25,25.0,33.25,0.0,114.5,0.0,0.0,74.38234393179336,77.47846373646055,68968.0,0,0,0,35,SALT LAKE
1378,350473,480.75,1541.4436671946507,0.3118829511784499,571.0,148.75,23.5,398.75,647.4816006391399,104.5,44.25,0.0,23.5,43.0,118.25,12.0,225.5,0.0,0.0,39.49191017692226,36.98969046221758,64858.0,350,0,0,35,SALT LAKE
1379,350474,436.0,1083.0527247791,0.40256581237901123,1376.75,420.25,32.75,923.75,1493.8082220435715,379.25,41.0,7.0,25.75,273.0,215.25,51.0,384.5,0.0,0.0,83.56759117967587,33.4906308638955,44924.0,550,0,0,35,SALT LAKE
1380,350475,221.00000239490413,715.3219097245305,0.30895181510658737,518.0000056133952,205.25000222422656,7.25000007856586,305.5000033106028,563.4956635549482,170.75000185036143,34.50000037386512,0.0,7.25000007856586,42.00000045514015,48.50000052557851,0.0,215.0000023298841,0.0,0.0,28.50039457203773,16.995263369515275,83458.0,0,0,0,35,SALT LAKE
1381,350476,82.00000164501954,265.4388584282721,0.3089223715418362,237.5000047645383,2.750000055168338,1.0000000200612138,233.75000468930872,255.49487228984955,1.750000035107124,1.0000000200612138,0.0,1.0000000200612138,4.000000080244855,204.00000409248761,2.0000000401224276,23.750000476453828,0.0,0.0,11.996539221915198,5.998328303396055,83458.0,0,0,3170,35,SALT LAKE
1382,350477,669.75,1972.4853145383092,0.3395462541918926,1107.5,347.5,21.0,739.0,1230.2317623759402,210.75,136.75,0.0,21.0,124.0,135.25,2.0,477.75,0.0,0.0,71.49605989354002,51.235702482400185,37849.0,0,0,0,35,SALT LAKE
1383,350478,1033.5,2468.695484280243,0.4186421559811459,3017.75,248.5,74.5,2694.75,3251.3652604650865,106.0,142.5,0.0,74.5,407.0,1032.25,235.5,1020.0,0.0,0.0,154.13740042403347,79.4778600410531,51435.0,0,0,0,35,SALT LAKE
1384,350479,198.5,490.5260185693353,0.4046676271708149,2410.0,1216.75,25.0,1168.25,2537.8529706206828,712.25,504.5,0.0,25.0,339.75,99.75,0.0,728.75,0.0,0.0,112.60721403588836,15.245756584794496,47387.0,0,0,0,35,SALT LAKE
1385,350480,596.5,1281.083042585242,0.4656216499410181,220.0,43.75,4.75,171.5,296.6462389652187,28.0,15.75,0.0,4.75,24.5,17.0,0.0,130.0,0.0,0.0,30.65905622840763,45.98718273681105,52933.0,0,0,0,35,SALT LAKE
1386,350481,834.5,1855.6677843241744,0.44970333970847104,1074.25,207.25,72.75,794.25,1244.8553830811056,135.25,72.0,17.5,55.25,124.5,156.75,30.0,483.0,0.0,0.0,106.62293717459173,63.98244590651391,41157.0,840,0,0,35,SALT LAKE
1387,350482,877.75,3126.176157201345,0.28077432488186793,1145.25,316.5,83.25,745.5,1365.9154856124717,234.0,82.5,27.75,55.5,111.0,129.25,3.0,502.25,0.0,0.0,153.18428194185464,67.48120367061676,55456.0,0,0,0,35,SALT LAKE
1388,350483,879.0,2234.9217606258144,0.39330235871606783,0.0,0.0,0.0,0.0,100.98652637416794,0.0,0.0,0.0,0.0,0.0,0.0,0.0,0.0,0.0,0.0,33.00547363279509,67.98105274137285,49968.0,0,0,0,35,SALT LAKE
1389,350484,1191.75,3358.696920486994,0.3548251087291325,16.5,0.0,3.0,13.5,156.11903126605614,0.0,0.0,0.0,3.0,3.75,0.25,4.5,5.0,0.0,1.7767688232282393,46.36776926660511,91.47449317622278,58948.0,0,0,0,35,SALT LAKE
1390,350485,517.25,1532.584880507512,0.3375016983259771,163.75,30.0,12.5,121.25,229.30951560862707,9.5,20.5,0.0,12.5,23.25,34.5,0.0,63.5,0.0,0.0,25.570661054878343,39.98885455374874,70286.0,0,0,0,35,SALT LAKE
1391,350486,516.0,1614.4253390691458,0.3196183728741015,160.0,49.25,2.75,108.0,236.62176819139265,45.75,3.5,0.0,2.75,16.75,27.75,20.0,43.5,0.0,0.0,36.6329136376439,39.98885455374874,60179.0,0,0,0,35,SALT LAKE
1392,350487,246.25,745.9907145345458,0.3300979425107798,115.25,12.25,5.0,98.0,151.56663173867068,9.5,2.75,0.0,5.0,20.25,18.25,22.0,37.5,0.0,0.0,17.07201289926947,19.24461883940119,77419.0,0,0,0,35,SALT LAKE
1393,350488,260.75,789.5916816880892,0.33023397541693394,62.75,13.75,9.5,39.5,94.8917979246782,10.0,3.75,0.0,9.5,5.25,10.25,1.0,23.0,0.0,0.0,12.147370647803832,19.99442727687437,77419.0,0,0,0,35,SALT LAKE
1394,350489,425.25,995.2339909489374,0.4272864510933071,72.0,0.5,0.0,71.5,133.66188139892552,0.5,0.0,0.0,0.0,0.0,71.5,0.0,0.0,0.0,0.0,28.92105897250319,32.74082242642232,72491.0,555,0,0,35,SALT LAKE
1395,350490,415.5,1282.3189355666218,0.32402235393677775,127.5,7.25,3.25,117.0,182.63298422331164,5.5,1.75,0.0,3.25,13.5,59.25,19.0,25.25,0.0,0.0,23.14190058031263,31.991083642998998,65436.0,571,0,0,35,SALT LAKE
1396,350491,314.0,838.8276170504691,0.37433197669874496,0.0,0.0,0.0,0.0,36.53406445280548,0.0,0.0,0.0,0.0,0.0,0.0,0.0,0.0,0.0,0.0,12.540751720556234,23.993312732249244,66767.0,0,0,0,35,SALT LAKE
1397,350492,367.0,730.6670482779919,0.5022807595674823,0.0,0.0,0.0,0.0,41.77271748601985,0.0,0.0,0.0,0.0,0.0,0.0,0.0,0.0,0.0,0.0,13.780519298395731,27.99219818762412,47387.0,0,0,0,35,SALT LAKE
1398,350493,127.75,482.7868335314892,0.2646095359840994,5.0,1.25,0.0,3.75,22.231373459715627,1.25,0.0,0.0,0.0,1.0,1.0,0.0,1.75,0.0,0.0,7.484072747648979,9.747300712066648,52933.0,0,0,0,35,SALT LAKE
1399,350494,2758.75,8570.592829706286,0.32188555153827586,291.75,128.25,4.5,159.0,618.728658311629,41.25,87.0,0.0,4.5,21.0,14.5,10.0,113.5,0.0,0.0,115.0375898902243,211.94106842140468,31069.0,0,0,0,35,SALT LAKE
1400,350495,1167.5,2570.1935936189143,0.4542459380875364,550.25,137.25,5.5,407.5,729.5055673394309,104.0,33.25,0.0,5.5,92.5,48.0,0.0,267.0,0.0,0.0,89.53034860947206,89.72521872995875,59727.0,0,0,0,35,SALT LAKE
1401,350496,0.0,0.0,0.0,390.5,17.5,219.75,153.25,405.1624542601222,13.25,4.25,82.75,137.0,10.0,42.0,0.0,101.25,0.0,0.0,14.662454260122194,0.0,79063.0,0,0,0,35,SALT LAKE
1402,350497,0.75,1.9540313923984287,0.3838218786646158,35.75,6.5,1.0,28.25,37.121488918441294,4.25,2.25,0.0,1.0,14.75,0.75,0.0,12.75,0.0,0.0,1.3714889184412966,0.0,79063.0,0,0,0,35,SALT LAKE
1403,350498,0.0,0.0,0.0,490.75,53.5,79.75,357.5,509.177248340054,37.75,15.75,0.0,79.75,57.75,137.0,0.0,162.75,0.0,0.0,18.42724834005393,0.0,91680.0,0,0,0,35,SALT LAKE
1404,350499,208.0,695.2969264060803,0.2991527678327747,79.0,2.25,0.25,76.5,106.27207303038708,2.0,0.25,0.0,0.25,5.0,19.5,31.0,21.0,0.0,0.0,11.27653120888759,15.995541821499495,91680.0,0,0,0,35,SALT LAKE
1405,350500,552.2499970276687,1581.2335804278068,0.34925263658912176,55.7499996999412,5.999999967706676,0.0,49.74999973223452,121.06760710957822,5.999999967706676,0.0,0.0,0.0,0.24999999865444483,49.499999733580076,0.0,0.0,0.0,0.0,22.82946129043703,42.48814611919998,86131.0,590,0,0,35,SALT LAKE
1406,350501,290.0000002549959,818.2389846051494,0.35441968142710617,396.2500003484211,4.250000003737009,3.2500000028577127,388.7500003418264,444.5132488944945,3.2500000028577127,1.0000000008792962,0.0,3.2500000028577127,6.000000005275777,365.0000003209431,0.0,17.750000015607508,0.0,0.0,25.769506245896967,22.49374230017645,78083.0,0,0,2559,35,SALT LAKE
1407,350502,408.2500001725677,1718.0250504075045,0.23762750145915126,328.00000013864593,57.75000002441098,74.25000003138555,196.0000000828494,425.8848649303028,36.00000001521724,21.750000009193748,0.0,74.25000003138555,32.00000001352643,35.25000001490021,29.00000001225833,99.75000004216443,0.0,0.0,66.64324131129926,31.241623480357532,74436.0,0,0,0,35,SALT LAKE
1408,350503,485.25,1390.60321546139,0.3489492866151602,16.0,14.25,0.0,1.75,74.56157870361244,14.25,0.0,0.0,0.0,0.0,0.25,0.0,1.5,0.0,0.0,21.32197531502431,37.23960338858812,66802.0,0,0,0,35,SALT LAKE
1409,350504,534.5,1578.5358249352848,0.33860492207828913,10.0,0.0,0.0,10.0,71.43432952181757,0.0,0.0,0.0,0.0,1.0,0.0,1.0,8.0,0.0,0.0,20.445753604225125,40.988575917592456,53952.0,0,0,0,35,SALT LAKE
1410,350505,381.75,1229.3005727830791,0.3105424405161838,101.5,62.75,0.0,38.75,153.38783835702446,15.5,47.25,0.0,0.0,4.5,1.25,0.0,33.0,0.0,0.0,22.646005879186117,29.24183247783837,63957.0,0,0,0,35,SALT LAKE
1411,350506,354.0,1032.5636053193896,0.3428360230559373,59.25,13.5,0.5,45.25,102.01071348093248,8.25,5.25,0.0,0.5,13.25,2.25,0.0,29.75,0.0,0.0,15.518323730781526,27.242389750150934,82752.0,0,0,0,35,SALT LAKE
1412,350507,241.5,700.6996339091218,0.34465552472562255,594.25,39.0,28.75,526.5,645.1248358119019,26.75,12.25,0.0,28.75,119.75,119.5,79.0,208.25,0.0,0.0,32.13004282524187,18.744792986660112,82752.0,0,0,0,35,SALT LAKE
1413,350508,534.25,1678.6351521260867,0.318264513478907,110.25,15.5,1.75,93.0,175.43898135206632,14.25,1.25,0.0,1.75,6.75,75.0,0.0,11.25,0.0,0.0,24.200405434473875,40.988575917592456,65997.0,378,0,0,35,SALT LAKE
1414,350509,539.5,1421.5710492336293,0.3795096982953086,129.5,0.25,0.0,129.25,196.1086101155452,0.0,0.25,0.0,0.0,0.0,129.25,0.0,0.0,0.0,0.0,25.120231554603222,41.48837856094194,80130.0,0,720,0,35,SALT LAKE
1415,350510,630.4999989797099,1986.8230136537607,0.3173407971655324,80.24999987013753,16.24999997370386,0.24999999959544403,63.749999896838226,186.41070955553164,11.249999981794982,4.99999999190888,0.0,0.24999999959544403,16.74999997289475,6.499999989481545,0.0,40.49999993446193,0.0,0.0,57.67425844230476,48.48645124308935,91680.0,0,0,0,35,SALT LAKE
1416,350511,894.75,3027.578390601298,0.2955332231124481,170.5,25.0,9.25,136.25,284.9802397552962,21.25,3.75,0.0,9.25,18.5,73.5,1.0,43.25,0.0,0.0,45.499465650079685,68.98077410521657,75952.0,0,0,0,35,SALT LAKE
1417,350512,370.0,1302.0454029255686,0.28416827797912897,250.0,17.5,10.0,222.5,301.27211376122807,10.5,7.0,0.0,10.0,30.25,132.75,6.0,53.5,0.0,0.0,23.279915573603915,27.99219818762412,71522.0,501,0,0,35,SALT LAKE
1418,350513,484.0,1739.5723112011688,0.2782293077922122,273.25,27.0,13.75,232.5,338.67353907109543,22.5,4.5,3.75,10.0,8.5,166.75,0.0,57.25,0.0,0.0,28.433848608877845,36.98969046221758,51081.0,458,693,0,35,SALT LAKE
1419,350514,594.25,1615.0041890760403,0.36795570192296295,556.5,309.75,9.5,237.25,647.1960294739043,296.25,13.5,0.0,9.5,32.5,40.25,0.0,164.5,0.0,0.0,44.7088467370933,45.98718273681105,57679.0,0,0,0,35,SALT LAKE
1420,350515,434.75,1225.302947123647,0.3548102132787319,1002.75,459.75,25.25,517.75,1089.7184621386984,387.25,72.5,0.0,25.25,75.5,83.0,10.25,349.0,0.0,0.0,53.97765713185564,32.990805006842706,68359.0,0,0,0,35,SALT LAKE
1421,350516,111.75,317.2656724216747,0.35222846249648515,244.25,27.25,4.0,213.0,266.615056981888,21.75,5.5,0.0,4.0,17.75,16.0,98.0,81.25,0.0,0.0,13.367564707294491,8.997492274593466,68359.0,0,0,0,35,SALT LAKE
1422,350517,500.5,1452.213006133535,0.3446464106065014,57.0,6.5,1.75,48.75,119.92310511916364,4.5,2.0,1.0,0.75,9.75,1.25,0.0,37.75,0.0,0.0,24.433890649752865,38.48921446941078,67096.0,0,0,0,35,SALT LAKE
1423,350518,733.5,1720.5366396664435,0.42632047646611115,516.25,64.25,17.75,434.25,619.4111288789638,21.75,42.5,2.75,15.0,76.5,101.25,61.0,195.5,0.0,0.0,46.92684278673659,56.23428609222718,59173.0,369,0,0,35,SALT LAKE
1424,350519,0.0,0.0,0.0,499.75,0.75,495.5,3.5,518.5148371606871,0.75,0.0,492.5,3.0,1.0,0.25,0.0,2.25,0.0,0.0,18.76483716068706,0.0,91680.0,0,0,0,35,SALT LAKE
1425,350520,0.0,0.0,0.0,1040.0,3.0,1012.75,24.25,1079.0511698356277,2.25,0.75,991.75,21.0,2.75,4.0,0.0,17.5,0.0,0.0,39.0511698356276,0.0,91680.0,0,0,0,35,SALT LAKE
1426,350521,307.0,966.095183821074,0.31777407147995684,738.0,35.5,84.5,618.0,802.7317171755686,32.75,2.75,0.0,84.5,18.5,227.0,0.0,372.5,0.0,0.0,40.7384044433194,23.993312732249244,91680.0,414,0,0,35,SALT LAKE
1427,350522,0.0,0.0,0.0,1091.25,15.0,970.5,105.75,1132.2251282915183,11.5,3.5,719.75,250.75,36.0,23.25,2.0,44.5,0.0,0.0,40.97512829151826,0.0,91680.0,0,0,0,35,SALT LAKE
1428,350523,0.0,0.0,0.0,84.00004824398005,11.750006748413876,16.750009620079354,55.50003187548681,94.90317182945623,9.50000545616441,2.2500012922494657,0.0,16.750009620079354,5.250003015248753,5.7500033024153,0.0,44.50002555782276,0.0,0.0,10.90312358547619,0.0,91680.0,0,0,0,35,SALT LAKE
1429,350524,0.0,0.0,0.0,12.75,0.25,6.0,6.5,15.253236593307829,0.25,0.0,0.75,5.25,0.5,2.25,0.0,3.75,2.024281839391044,0.0,0.4789547539167834,0.0,79063.0,0,0,0,35,SALT LAKE
1430,350525,74.5,168.8269705798252,0.44128020389239125,0.0,0.0,0.0,0.0,15.041744788611512,0.0,0.0,0.0,0.0,0.0,0.0,0.0,0.0,0.0,0.0,9.293445604752788,5.748299183858724,79063.0,0,0,0,35,SALT LAKE
1431,350526,3.0,6.412118279841887,0.4678641080953322,0.25,0.0,0.25,0.0,0.3719861297794383,0.0,0.0,0.25,0.0,0.0,0.0,0.0,0.0,0.0,0.0,0.1219861297794383,0.0,67420.0,0,0,0,35,SALT LAKE
1432,350527,0.0,0.0,0.0,46.25,2.25,28.0,16.0,225.66349683503688,1.5,0.75,17.75,10.25,1.25,2.75,0.0,12.0,0.0,177.67688232282393,1.7366145122129484,0.0,67420.0,0,0,0,35,SALT LAKE
1433,350528,802.75,2437.2419333029784,0.3293682047034633,504.75,68.25,192.5,244.0,914.5505396093596,46.75,21.5,181.5,11.0,66.25,3.0,1.0,173.75,0.0,0.0,347.8178150510492,61.98272455831055,67420.0,0,0,0,35,SALT LAKE
1434,350529,777.5,2104.509626686357,0.36944473436513,510.5,102.5,49.75,358.25,719.8314052965267,71.75,30.75,45.0,4.75,86.0,25.0,0.0,247.25,2.024281839391044,0.0,147.3241666399269,59.98295681720866,79063.0,0,0,0,35,SALT LAKE
1435,350530,244.0,611.4747477532085,0.39903528460749865,450.5,105.75,11.75,333.0,576.565806851426,69.5,36.25,5.75,6.0,72.75,22.75,0.0,237.5,0.0,0.0,107.07135628913665,18.99445056228948,87196.0,0,0,0,35,SALT LAKE
1436,350531,622.0,2128.847332560482,0.29217689332935226,104.75,0.0,12.5,92.25,180.0253792778881,0.0,0.0,0.0,12.5,3.25,82.0,2.0,5.0,0.0,0.0,27.28875381338962,47.98662546449849,87196.0,743,0,0,35,SALT LAKE
1437,350532,514.25,1244.9924821720774,0.4130547030314699,998.0,592.5,25.0,380.5,1095.7841476002077,471.25,121.25,10.5,14.5,52.75,75.0,7.0,245.75,1.0121409196955218,0.0,56.78315212676319,39.98885455374874,99059.0,0,0,0,35,SALT LAKE
1438,350533,687.0,2451.544718682973,0.2802314780409441,0.0,0.0,0.0,0.0,78.78131918443407,0.0,0.0,0.0,0.0,0.0,0.0,0.0,0.0,0.0,0.0,25.796086900716983,52.98523228371708,87196.0,0,0,0,35,SALT LAKE
1439,350534,0.0,0.0,0.0,1865.75,23.0,1136.75,706.0,1935.806767808396,17.5,5.5,768.0,368.75,232.75,103.75,0.0,369.5,0.0,0.0,70.05676780839582,0.0,35942.0,0,0,0,35,SALT LAKE
1440,350535,0.0,0.0,0.0,1287.75,199.5,714.0,374.25,1336.109842407626,184.5,15.0,328.0,386.0,50.25,104.0,0.0,220.0,0.0,0.0,48.35984240762595,0.0,35942.0,0,0,0,35,SALT LAKE
1441,350536,0.0,0.0,0.0,385.75,30.25,172.25,183.25,400.2358470805509,23.5,6.75,64.0,108.25,17.5,37.5,0.0,128.25,0.0,0.0,14.485847080550911,0.0,35942.0,0,0,0,35,SALT LAKE
1442,350537,0.0,0.0,0.0,412.75,110.5,111.75,190.5,428.2484409223204,75.0,35.5,0.0,111.75,23.25,23.25,0.0,144.0,0.0,0.0,15.498440922320349,0.0,35942.0,0,0,0,35,SALT LAKE
1443,350538,0.0,0.0,0.0,644.5,194.75,118.5,331.25,668.7015867384956,166.25,28.5,0.0,118.5,54.25,35.0,0.0,242.0,0.0,0.0,24.201586738495656,0.0,35942.0,0,0,0,35,SALT LAKE
1444,350539,349.0,750.0013648027208,0.4653324865506084,316.75,60.25,21.5,235.0,400.9979595391824,42.0,18.25,4.5,17.0,58.25,28.75,0.0,148.0,0.0,0.0,57.50539564177252,26.74256389740986,35942.0,0,0,0,35,SALT LAKE
1445,350540,654.25,1260.7620092070667,0.5189321975298721,1163.5,212.25,21.75,929.5,1289.4925392551097,141.25,71.0,2.75,19.0,252.5,134.5,0.0,542.5,0.0,0.0,75.75660457689945,50.23593467820992,35942.0,0,0,0,35,SALT LAKE
1446,350541,246.25,443.9384561326908,0.5546940045365144,421.75,121.25,13.25,287.25,466.82720496525405,48.0,73.25,7.75,5.5,71.25,47.0,99.0,70.0,0.0,0.0,26.082499052223383,18.99470591303065,35282.0,0,0,0,35,SALT LAKE
1447,350542,79.5,145.3301337034739,0.5470303919365325,219.75,30.25,67.25,122.25,236.9858129265328,26.0,4.25,0.0,67.25,17.0,21.75,15.0,68.5,0.0,0.0,11.237484743470445,5.998328183062311,64400.0,0,0,0,35,SALT LAKE
1448,350543,0.0,0.0,0.0,586.25,43.5,391.5,151.25,609.2642099643114,28.5,15.0,276.25,115.25,99.5,0.0,0.0,51.75,0.0,0.0,23.01420996431131,0.0,35942.0,0,0,0,35,SALT LAKE
1449,350544,299.25,783.7378129771167,0.38182411904213864,689.0,62.5,27.0,599.5,763.8607112653167,48.5,14.0,3.0,24.0,200.5,70.25,0.0,328.75,0.0,0.0,51.61713731649083,23.24357394882592,35942.0,0,0,0,35,SALT LAKE
1450,350545,0.0,0.0,0.0,513.5,35.0,369.75,108.75,532.781597802822,29.0,6.0,180.0,189.75,12.5,20.5,0.0,75.75,0.0,0.0,19.281597802822056,0.0,35942.0,0,0,0,35,SALT LAKE
1451,350546,0.0,0.0,0.0,1678.25,574.25,168.25,935.75,1741.268026622124,514.75,59.5,106.75,61.5,152.0,130.25,0.0,653.5,0.0,0.0,63.01802662212413,0.0,35942.0,0,0,0,35,SALT LAKE
1452,350547,77.0,216.0835093646453,0.3563437127914326,546.75,61.25,167.25,318.25,583.1782266017161,54.5,6.75,60.0,107.25,30.0,51.0,0.0,237.25,0.0,0.0,30.429968072703677,5.998258529012457,35942.0,0,0,0,35,SALT LAKE
1453,350548,324.5,859.7626476736307,0.37742974863823286,464.25,64.0,33.75,366.5,535.9093845833471,43.5,20.5,2.75,31.0,130.5,41.25,6.5,188.25,0.0,0.0,46.66644338951064,24.992941193836515,35942.0,0,0,0,35,SALT LAKE
1454,350549,195.5,398.8072912949762,0.490211699402956,503.5,67.0,51.5,385.0,544.7437938795038,49.25,17.75,21.5,30.0,87.5,86.5,5.75,205.25,0.0,0.0,26.247973421847945,14.995820457655777,35942.0,0,0,0,35,SALT LAKE
1455,350550,608.0,1371.8663254675268,0.4431918684153107,815.75,182.0,78.25,555.5,944.9647596680954,145.25,36.75,25.75,52.5,147.0,73.25,0.0,335.25,0.0,0.0,82.47755953166168,46.73720013643379,35942.0,0,0,0,35,SALT LAKE
1456,350551,2.75,9.77358736624496,0.2813705855331764,421.0,37.0,46.75,337.25,436.9115482272715,34.25,2.75,4.0,42.75,7.25,268.75,1.0,60.25,0.0,0.0,15.911548227271483,0.0,35942.0,510,0,147,35,SALT LAKE
1457,350552,296.25,765.2827927156364,0.38711180078771285,1563.0,266.75,51.25,1245.0,1655.811365864123,182.5,84.25,0.0,51.25,278.25,255.0,68.0,643.75,0.0,0.0,69.81777449571747,22.993591368405525,55638.0,0,0,0,35,SALT LAKE
1458,350553,575.5,1042.1263041138186,0.5522363246452948,263.0,125.25,8.25,129.5,343.9902654695818,112.0,13.25,0.0,8.25,25.5,17.25,0.0,86.75,0.0,0.0,36.50265318031049,44.4876122892713,35282.0,0,0,0,35,SALT LAKE
1459,350554,425.25,1126.291875361654,0.3775664277640745,244.25,31.5,16.0,196.75,302.8797110289975,21.75,9.75,1.0,15.0,27.5,46.5,54.0,68.75,0.0,0.0,25.6389060221548,32.990805006842706,73969.0,0,0,0,35,SALT LAKE
1460,350555,484.75,872.5008605572699,0.5555868445681397,0.0,0.0,0.0,0.0,55.19145442602737,0.0,0.0,0.0,0.0,0.0,0.0,0.0,0.0,0.0,0.0,18.20176396380979,36.98969046221758,64400.0,0,0,0,35,SALT LAKE
1461,350556,0.0,0.0,0.0,526.5,63.0,222.25,241.25,546.2698409161405,55.25,7.75,36.25,186.0,108.25,39.5,0.0,93.5,0.0,0.0,19.769840916140488,0.0,35942.0,0,0,0,35,SALT LAKE
1462,350557,0.0,0.0,0.0,1161.5,185.25,288.0,688.25,1205.1146952318811,144.5,40.75,76.75,211.25,96.75,123.0,14.0,454.5,0.0,0.0,43.61469523188143,0.0,35942.0,0,0,0,35,SALT LAKE
1463,350558,0.0,0.0,0.0,532.0,97.0,158.0,277.0,551.9761273193787,87.0,10.0,64.0,94.0,62.75,33.0,0.0,181.25,0.0,0.0,19.976127319378733,0.0,35942.0,0,0,0,35,SALT LAKE
1464,350559,241.25,504.5576576435988,0.47814158866737533,432.0,39.5,291.75,100.75,488.5265121408778,37.5,2.0,40.25,251.5,14.0,9.25,0.0,77.5,0.0,0.0,38.03181781178285,18.49469432909496,35942.0,0,0,0,35,SALT LAKE
1465,350560,133.0,280.914431007068,0.4734537827878755,1059.5,154.5,107.0,798.0,1115.526526060674,129.25,25.25,58.5,48.5,271.5,140.75,11.0,374.75,0.0,0.0,45.77939949586603,10.247126564807724,35942.0,0,0,0,35,SALT LAKE
1466,350561,207.25,520.3391509734413,0.39829791706482276,783.0,112.0,19.0,652.0,837.9291178152539,90.0,22.0,9.75,9.25,83.25,165.75,45.75,357.25,0.0,0.0,38.933506339704536,15.99561147554935,35942.0,0,0,0,35,SALT LAKE
1467,350562,754.25,1711.7840344537265,0.44062217243467877,340.5,91.25,14.5,234.75,444.0855815329429,72.5,18.75,8.5,6.0,28.75,44.25,29.75,132.0,0.0,0.0,45.60169598534898,57.98388554759393,44808.0,0,0,0,35,SALT LAKE
1468,350563,647.75,1757.2116497355794,0.3686237796667645,6.25,0.0,0.0,6.25,84.04353411308145,0.0,0.0,0.0,0.0,1.0,0.0,0.25,5.0,0.0,0.0,28.057355637874466,49.73617847520698,48770.0,0,0,0,35,SALT LAKE
1469,350564,281.0,560.9735844784059,0.5009148519199424,1631.0,56.0,749.0,826.0,1726.2885566321766,43.5,12.5,139.75,609.25,42.5,70.25,204.0,509.25,0.0,0.0,73.29468662761471,21.99387000456181,35942.0,0,0,0,35,SALT LAKE
1470,350565,0.0,0.0,0.0,437.25,29.5,90.5,317.25,453.6686568490082,19.75,9.75,46.25,44.25,38.0,147.5,0.0,131.75,0.0,0.0,16.418656849008194,0.0,35942.0,0,0,0,35,SALT LAKE
1471,350566,37.75,115.4198121666042,0.3270668985798494,829.75,123.75,103.5,602.5,873.0902325781565,117.75,6.0,37.5,66.0,23.0,505.5,0.0,74.0,0.0,0.0,40.59102785334241,2.749204724814069,73990.0,0,0,0,35,SALT LAKE
1472,350567,124.25,283.6077432810417,0.43810510447478934,637.5,58.25,187.75,391.5,676.8454460989564,41.25,17.0,41.25,146.5,96.25,44.0,0.0,251.25,0.0,0.0,29.847988663522067,9.497457435434251,73990.0,0,0,0,35,SALT LAKE
1473,350568,176.0,465.4110651603363,0.37816032573133423,447.75,71.75,69.75,306.25,492.3957295486148,55.75,16.0,2.5,67.25,54.25,49.5,0.0,202.5,0.0,0.0,30.899473731435165,13.746255817179666,73990.0,0,0,0,35,SALT LAKE
1474,350569,179.5,398.6621452861782,0.45025594258804424,1438.5,222.5,218.75,997.25,1514.4846742812592,165.0,57.5,20.5,198.25,326.25,132.25,39.5,499.25,0.0,0.0,62.48847069854999,13.49620358270942,73990.0,0,0,0,35,SALT LAKE
1475,350570,276.5,801.7314251867058,0.3448785856630344,507.0,101.5,49.75,355.75,558.4217170816177,66.0,35.5,2.0,47.75,61.75,55.25,23.0,215.75,0.0,0.0,30.17765552746888,21.244061554148693,73990.0,0,0,0,35,SALT LAKE
1476,350571,554.25,1582.4306816307526,0.3502523089534798,603.75,171.5,5.5,426.75,728.9464376575905,112.5,59.0,0.0,5.5,52.75,161.5,0.0,212.5,0.0,0.0,82.70829129245831,42.48814636513221,32056.0,0,589,0,35,SALT LAKE
1477,350572,408.25,876.079000195212,0.4659967878570675,401.25,79.25,30.25,291.75,465.38983987731456,63.75,15.5,12.5,17.75,40.0,34.75,0.75,216.25,0.0,0.0,32.64867495480978,31.491164922504755,38639.0,0,0,0,35,SALT LAKE
1478,350573,526.25,1200.198168985288,0.43846925749346877,341.0,79.75,5.75,255.5,417.5546815912554,66.0,13.75,0.0,5.75,32.25,45.0,2.0,176.25,0.0,0.0,36.06593153071569,40.48875006053967,61053.0,0,0,0,35,SALT LAKE
1479,350574,44.0,111.2341723480082,0.3955618949754147,5629.75,360.0,338.5,4931.25,5845.792163587636,241.0,119.0,0.0,338.5,643.75,3023.75,120.0,1143.75,0.0,0.0,213.04299949610373,2.9991640915311555,36964.0,0,0,0,35,SALT LAKE
1480,350575,0.0,0.0,0.0,1689.0,49.25,1233.25,406.5,1752.4198397871276,45.5,3.75,877.75,355.5,20.75,5.75,0.0,380.0,0.0,0.0,63.41983978712759,0.0,33860.0,0,0,0,35,SALT LAKE
1481,350576,155.25,364.9846379984243,0.4253603681825925,990.5,187.5,365.75,437.25,1058.030305502733,160.5,27.0,239.75,126.0,75.5,63.5,0.0,298.25,0.0,0.0,55.78358531118566,11.746720191547489,73990.0,0,0,0,35,SALT LAKE
1482,350577,186.5,414.8962267245429,0.4495099930706787,443.5,148.75,62.5,232.25,500.8970632508047,144.25,4.5,6.25,56.25,65.0,13.0,1.5,152.75,0.0,0.0,42.901138282688194,14.49592496811649,73990.0,0,0,0,35,SALT LAKE
1483,350578,166.5,337.6972007235509,0.49304524776414094,710.5,154.75,47.75,508.0,775.1844084398027,83.5,71.25,13.25,34.5,83.5,52.0,131.25,241.25,0.0,0.0,51.93803650395808,12.74637193584464,73990.0,0,0,0,35,SALT LAKE
1484,350579,133.0,320.05412441239616,0.41555471357909085,1369.25,463.25,34.5,871.5,1437.8823266935206,284.25,179.0,12.75,21.75,104.25,105.0,9.5,652.75,0.0,0.0,58.38515368836629,10.247173005154272,73990.0,0,0,0,35,SALT LAKE
1485,350580,864.75,1983.638977195358,0.43594122213844533,634.75,191.75,13.0,430.0,760.7854843713544,101.75,90.0,0.5,12.5,49.75,56.75,3.0,320.5,0.0,0.0,59.30413557424567,66.73134879710875,31220.0,0,0,0,35,SALT LAKE
1486,350581,811.0,1736.6223261896785,0.4669984876789039,138.5,24.5,79.0,35.0,238.885418481136,12.75,11.75,0.0,79.0,13.5,0.0,5.0,16.5,0.0,0.0,38.152780996454894,62.232637484681085,37045.0,0,0,0,35,SALT LAKE
1487,350582,388.0,826.3278829903413,0.4695472680843026,116.25,5.75,2.25,108.25,169.17517672448236,3.5,2.25,0.0,2.25,12.75,21.0,30.5,44.0,0.0,0.0,23.18342552614972,29.74175119833261,66057.0,0,0,0,35,SALT LAKE
1488,350583,1108.25,2645.8036099847063,0.4188708473364,51.0,0.0,0.0,51.0,179.50476720030204,0.0,0.0,0.0,0.0,0.0,51.0,0.0,0.0,0.0,0.0,43.528451273585965,84.97631592671607,36964.0,0,0,0,35,SALT LAKE
1489,350584,257.25,564.7209599152318,0.4555347122915623,489.75,78.75,132.25,278.75,554.5540195487217,67.5,11.25,36.5,95.75,70.0,20.0,0.0,188.75,0.0,0.0,44.80959227184729,19.99442727687437,33860.0,0,0,0,35,SALT LAKE
1490,350585,0.0,0.0,0.0,23.0,0.0,23.0,0.0,23.86362445228019,0.0,0.0,23.0,0.0,0.0,0.0,0.0,0.0,0.0,0.0,0.86362445228019,0.0,73990.0,0,0,0,35,SALT LAKE
1491,350586,5.75,16.18663938984686,0.35523124111893867,1119.25,160.25,335.5,623.5,1169.997430583538,110.25,50.0,119.25,216.25,138.75,153.75,0.0,331.0,0.0,0.0,50.49751765716751,0.2499129263705389,73990.0,0,0,0,35,SALT LAKE
1492,350587,484.7500003732827,888.1551315723955,0.5457942910435908,252.00000019405311,27.750000021368944,38.000000029261976,186.2500001434222,319.4157393419149,23.750000018288734,4.000000003080208,8.000000006160416,30.00000002310156,32.25000002483418,39.25000003022454,5.500000004235286,109.25000008412819,0.0,0.0,30.17611251689391,37.23962663096788,73990.0,0,0,0,35,SALT LAKE
1493,350588,393.5,893.2369438693676,0.44053260750212303,1072.25,37.0,466.5,568.75,1159.5315761434983,25.75,11.25,334.75,131.75,279.0,74.0,6.0,209.75,0.0,0.0,57.040115165257774,30.24146097824064,73990.0,0,0,0,35,SALT LAKE
1494,350589,68.5,191.125335339878,0.3584035569025243,1364.75,300.0,49.75,1015.0,1450.3053513789946,204.0,96.0,8.25,41.5,118.75,148.5,216.0,531.75,0.0,0.0,80.55679098287109,4.998560396123689,73990.0,0,0,0,35,SALT LAKE
1495,350590,522.0,1044.0188646836857,0.4999909653530583,817.75,227.75,69.75,520.25,927.2581808389716,187.25,40.5,26.75,43.0,82.5,88.75,29.0,320.0,0.0,0.0,69.26934370480234,40.23883713416913,38104.0,0,0,0,35,SALT LAKE
1496,350591,366.75,785.2091777452802,0.4670729920059248,479.25,25.25,16.0,438.0,540.5104047090404,17.75,7.5,7.0,9.0,76.5,196.0,69.75,95.75,0.0,0.0,33.26820652141618,27.99219818762412,37045.0,1377,111,167,35,SALT LAKE
1497,350592,261.5,548.9017804658715,0.47640581485827227,684.0,14.0,5.0,665.0,743.9989635110625,3.25,10.75,0.0,5.0,221.5,78.75,332.25,32.5,0.0,0.0,39.75462330781764,20.24434020324491,66057.0,27,48,504,35,SALT LAKE
1498,350593,269.5,606.8769403487976,0.4440768499872595,10.0,10.0,0.0,0.0,42.489317356840274,10.0,0.0,0.0,0.0,0.0,0.0,0.0,0.0,0.0,0.0,11.495168716122183,20.994148640718088,55218.0,0,0,0,35,SALT LAKE
1499,350594,473.75,1229.7825547079467,0.38523070455533326,159.0,11.5,1.0,146.5,229.74818840511705,2.0,9.5,0.0,1.0,38.0,86.75,0.0,21.75,0.0,0.0,34.50832958976425,36.2398588153528,85912.0,0,0,0,35,SALT LAKE
1500,350595,368.0,949.8278445352,0.3874386312396237,0.0,0.0,0.0,0.0,47.80977549603825,0.0,0.0,0.0,0.0,0.0,0.0,0.0,0.0,0.0,0.0,19.567687591435188,28.24208790460306,62937.0,0,0,0,35,SALT LAKE
1501,350596,538.75,1256.0486879698535,0.42892445584317235,253.25,2.75,1.25,249.25,334.22507301236976,2.0,0.75,1.0,0.25,20.0,146.5,3.0,79.75,0.0,0.0,39.48660158798635,41.48847142438339,106825.0,406,0,0,35,SALT LAKE
1502,350597,671.75,1807.3082525162413,0.3716853497817818,388.5,128.0,5.25,255.25,489.5408666080946,58.5,69.5,0.5,4.75,32.25,71.0,12.25,139.75,0.0,0.0,49.55518154527401,51.48568506282058,96711.0,513,0,0,35,SALT LAKE
1503,350598,648.0,1686.0082836869942,0.38433974866537524,1368.5,505.5,47.75,815.25,1502.452461043514,400.25,105.25,30.25,17.5,88.5,157.75,0.0,569.0,0.0,0.0,83.96639285132801,49.986068192185925,106978.0,0,0,0,35,SALT LAKE
1504,350599,996.0,2174.310184666607,0.4580763163525905,56.0,0.0,0.0,56.0,197.23143057252088,0.0,0.0,0.0,0.0,0.0,53.0,3.0,0.0,0.0,0.0,64.75271141360733,76.47871915891353,106986.0,295,0,0,35,SALT LAKE
1505,350600,387.5,860.5478321001533,0.4502945513839857,251.75,62.75,5.75,183.25,307.74476549578094,42.5,20.25,1.0,4.75,27.25,69.75,0.0,86.25,0.0,0.0,26.50295043752221,29.49181505825877,55182.0,324,0,0,35,SALT LAKE
1506,350601,361.75,690.8940090433543,0.5235969559222213,548.75,79.5,32.25,437.0,615.1809070484738,65.75,13.75,5.0,27.25,188.75,69.25,3.0,176.0,0.0,0.0,38.43870886084976,27.99219818762412,49157.0,0,0,0,35,SALT LAKE
1507,350602,1282.0,3346.792499487848,0.38305332648982016,475.0,95.75,10.0,369.25,657.9641934976395,57.0,38.75,0.0,10.0,55.75,71.25,9.0,233.25,0.0,0.0,84.49158112908421,98.47261236855522,46273.0,0,0,0,35,SALT LAKE
1508,350603,528.5,1208.4714794049507,0.4373293114540299,260.5,63.25,6.5,190.75,353.6148158464521,59.0,4.25,0.0,6.5,30.5,33.25,29.75,97.25,0.0,0.0,52.62611222625894,40.48870362019313,90985.0,0,0,0,35,SALT LAKE
1509,350604,431.75,928.2743599681394,0.4651103365763746,22.0,0.5,2.25,19.25,79.52852725897387,0.25,0.25,0.0,2.25,11.25,2.5,1.0,4.5,0.0,0.0,24.53772225213116,32.990805006842706,106530.0,0,0,0,35,SALT LAKE
1510,350605,350.0,768.460594176704,0.45545601511938955,119.25,22.0,4.75,92.5,173.1119871286826,6.25,15.75,1.0,3.75,22.0,22.0,9.5,39.0,0.0,0.0,27.11944644497607,26.742540683706554,71881.0,0,0,0,35,SALT LAKE
1511,350606,473.75,1234.597947957186,0.3837281608833752,349.0,83.25,9.25,256.5,426.6358471608164,62.5,20.75,0.0,9.25,57.0,41.75,2.25,155.5,0.0,0.0,41.39598834977533,36.239858811041096,51794.0,0,0,0,35,SALT LAKE
1512,350607,472.75,1213.123446185823,0.38969653211004335,159.75,13.5,1.75,144.5,231.74103428703265,9.75,3.75,0.0,1.75,28.0,19.5,34.0,63.0,0.0,0.0,35.50119289125942,36.4898413957732,74894.0,0,0,0,35,SALT LAKE
1513,350608,545.5,801.789774146545,0.6803529024558221,473.75,162.25,41.5,270.0,571.034115673878,153.5,8.75,0.0,41.5,51.25,51.0,10.5,157.25,0.0,0.0,55.545777759158966,41.73833791471909,52063.0,0,0,0,35,SALT LAKE
1514,350609,284.75,610.8842945152473,0.4661275507597663,421.75,49.5,23.0,349.25,474.2711875502344,35.0,14.5,6.0,17.0,67.0,81.25,5.75,195.25,0.0,0.0,30.777300126092918,21.743887424141416,41199.0,0,0,0,35,SALT LAKE
1515,350610,358.5,780.3693587070396,0.4593978428291741,131.5,23.0,0.5,108.0,180.6383970945924,19.75,3.25,0.0,0.5,22.5,7.5,25.0,53.0,0.0,0.0,21.3960886239472,27.742308470645177,81057.0,0,0,0,35,SALT LAKE
1516,350611,266.0,578.2858746027372,0.45998010963475977,498.75,86.5,37.75,374.5,554.7161168119991,79.25,7.25,19.0,18.75,37.25,39.25,145.75,152.25,0.0,0.0,35.72177660875425,20.24434020324491,56355.0,0,0,0,35,SALT LAKE
1517,350612,287.75,752.1708619730982,0.38255935525762436,330.75,30.5,12.5,287.75,403.71827825324885,15.25,15.25,1.0,11.5,55.75,67.5,26.5,138.0,0.0,0.0,50.97440824868707,21.99387000456181,121244.0,0,0,0,35,SALT LAKE
1518,350613,233.75,577.546572069046,0.40472926566354045,47.25,1.75,1.0,44.5,82.29623608969533,1.0,0.75,0.0,1.0,0.5,1.25,0.0,42.75,0.0,0.0,17.05125154050839,17.99498454918693,76631.0,0,0,0,35,SALT LAKE
1519,350614,511.0,1508.6796886654013,0.33870675388494004,1021.0,153.5,30.75,836.75,1137.7632308351317,55.75,97.75,0.0,30.75,124.5,349.75,86.5,276.0,0.0,0.0,77.52413829576098,39.23909253937046,60917.0,0,726,0,35,SALT LAKE
1520,350615,388.0,1006.9518353748742,0.38532130968861383,246.5,68.75,4.75,173.0,317.0677818422668,61.0,7.75,0.0,4.75,29.25,33.5,15.0,95.25,0.0,0.0,40.57614092695524,29.99164091531156,60952.0,0,0,0,35,SALT LAKE
1521,350616,808.75,2358.146356954444,0.34296005318537737,664.25,88.0,53.25,523.0,795.2906898815852,41.0,47.0,5.25,48.0,86.0,142.5,88.0,206.5,0.0,0.0,68.80802918320076,62.23266069838439,86077.0,0,0,0,35,SALT LAKE
1522,350617,422.25,689.5810237096758,0.6123283348611601,1413.75,85.25,49.75,1278.75,1516.4313683308935,43.0,42.25,5.5,44.25,175.75,243.75,454.5,404.75,0.0,0.0,70.19045883084178,32.49090950005178,52063.0,0,0,0,35,SALT LAKE
1523,350618,416.25,838.319112390773,0.4965292975522307,454.75,82.75,6.5,365.5,523.9434336536355,23.75,59.0,1.0,5.5,120.75,35.75,75.25,133.75,0.0,0.0,37.20235001063649,31.991083642998998,41199.0,0,0,0,35,SALT LAKE
1524,350619,242.25,527.4429049250103,0.4592914185364615,1352.0,90.5,22.75,1238.75,1436.3593121608692,42.5,48.0,0.0,22.75,104.75,176.0,747.0,211.0,0.0,0.0,65.36460624783854,18.99470591303065,81057.0,398,0,0,35,SALT LAKE
1525,350620,556.0,1087.4514805911986,0.5112871791739414,1578.0,160.75,74.5,1342.75,1710.877739063057,117.5,43.25,2.0,72.5,214.0,409.0,248.0,471.75,0.0,0.0,90.13963334414808,42.73810571890935,49685.0,0,0,0,35,SALT LAKE
1526,350621,104.75,254.8719249762876,0.4109907358754621,193.0,42.5,1.0,149.5,241.42657034527272,10.0,32.5,1.0,0.0,14.0,83.0,5.5,47.0,0.0,0.0,40.67878201494337,7.747788330329355,121244.0,654,0,0,35,SALT LAKE
1527,350622,176.75,417.7883827526031,0.42306106942342625,0.0,0.0,0.0,0.0,31.38245063524662,0.0,0.0,0.0,0.0,0.0,0.0,0.0,0.0,0.0,0.0,17.886247048225492,13.496203587021126,76631.0,0,0,0,35,SALT LAKE
1528,350623,365.25,1098.6050159142542,0.33246707843950685,298.0,35.0,4.75,258.25,363.8962028260845,26.25,8.75,0.0,4.75,36.75,28.0,10.0,183.5,0.0,0.0,37.90400463846036,27.99219818762412,124702.0,0,0,0,35,SALT LAKE
1529,350624,539.0,1414.6528214560192,0.38101221149457637,37.75,1.25,0.0,36.5,122.144155194663,1.0,0.25,0.0,0.0,17.25,0.0,0.0,19.25,0.0,0.0,42.90575342001776,41.48840177464524,53280.0,0,0,0,35,SALT LAKE
1530,350625,859.5,2390.423115293385,0.3595597760501536,532.25,1.25,0.0,531.0,690.9884083446575,1.0,0.25,0.0,0.0,0.5,529.25,0.0,1.25,0.0,0.0,92.7567751172688,65.98163322738873,108749.0,470,840,2138,35,SALT LAKE
1531,350626,1707.250014438267,4142.12972497302,0.4121672008834507,110.75000093661625,62.250000526450215,3.5000000295996103,45.00000038056642,391.47711268911155,25.750000217768562,36.50000030868165,2.500000021142579,1.0000000084570315,4.7500000401708995,8.25000006977051,0.0,32.00000027062501,0.0,0.0,149.51376868540876,131.21334306708653,117068.0,0,0,0,35,SALT LAKE
1532,350627,535.5,1018.37614184996,0.5258371420870311,721.25,108.75,206.75,405.75,829.1812252927863,80.5,28.25,27.75,179.0,104.75,39.25,1.0,260.75,0.0,0.0,66.69282931226476,41.238395980521545,38438.0,0,0,0,35,SALT LAKE
1533,350628,0.0,0.0,0.0,420.25,18.25,307.25,94.75,436.0307832794378,16.0,2.25,145.75,161.5,25.25,11.75,0.0,57.75,0.0,0.0,15.780783279437822,0.0,38438.0,0,0,0,35,SALT LAKE
1534,350629,706.75,1584.4006067396847,0.44606774132352894,1052.25,211.0,129.75,711.5,1197.5763979387768,159.75,51.25,37.5,92.25,136.0,64.5,16.0,495.0,0.0,0.0,90.84152551034352,54.48487242843339,38438.0,0,0,0,35,SALT LAKE
1535,350630,573.0,1199.5849059281104,0.4776652300044355,581.75,100.25,71.5,410.0,681.1249770975398,71.75,28.5,7.5,64.0,77.5,39.25,0.0,293.25,0.0,0.0,55.38719066532136,43.98778643221851,38438.0,0,0,0,35,SALT LAKE
1536,350631,496.0,1015.207367055333,0.48857013463040205,893.0,104.0,141.0,648.0,991.0973187028576,79.5,24.5,29.25,111.75,172.0,97.5,4.0,374.5,0.0,0.0,59.85799394611399,38.23932475674355,49408.0,0,0,0,35,SALT LAKE
1537,350632,517.75,1039.5672059099372,0.49804379847362673,186.0,6.0,9.0,171.0,255.41053537467184,4.75,1.25,1.0,8.0,17.5,26.0,24.0,103.5,0.0,0.0,29.421680820923104,39.98885455374874,49629.0,0,0,0,35,SALT LAKE
1538,350633,804.0,1589.5354509872031,0.5058081589187989,413.75,57.25,32.25,324.25,524.7070295617392,46.5,10.75,0.0,32.25,40.0,44.5,123.0,116.75,0.0,0.0,48.97430500342863,61.98272455831055,48753.0,0,0,0,35,SALT LAKE
1539,350634,688.0,1404.293438257005,0.48992609468711806,1013.75,261.0,35.0,717.75,1133.6614858314008,260.25,0.75,16.0,19.0,84.0,84.25,231.5,318.0,0.0,1.7767688232282393,65.14948472445549,52.98523228371708,45123.0,567,0,0,35,SALT LAKE
1540,350635,560.0,1076.1974322873923,0.5203506189470773,745.75,32.5,83.0,630.25,840.5449182973343,25.75,6.75,47.25,35.75,83.5,82.75,345.5,118.5,0.0,1.7767688232282393,50.0301308288262,42.98801864527989,45123.0,0,0,0,35,SALT LAKE
1541,350636,500.75,955.1341054147504,0.5242719291052412,621.75,290.75,9.25,321.75,710.6365290378228,252.5,38.25,0.0,9.25,80.75,49.5,23.25,168.25,0.0,0.0,50.39726814531703,38.48926089250568,62849.0,0,0,0,35,SALT LAKE
1542,350637,272.0,506.4163138559727,0.5371074994186663,3617.5,63.75,14.5,3539.25,3785.292985282059,23.25,40.5,7.5,7.0,387.25,2279.0,209.75,663.25,0.0,0.0,146.79883664134113,20.994148640718088,62849.0,0,0,0,35,SALT LAKE
1543,350638,329.5,649.4148298834741,0.5073798515798028,337.5,59.75,10.0,267.75,389.7880356565268,17.5,42.25,0.0,10.0,41.75,59.75,57.25,109.0,0.0,0.0,26.79515249398949,25.492883162537343,50696.0,0,0,0,35,SALT LAKE
1544,350639,342.0,620.7710972855607,0.5509277115114731,187.5,15.25,10.5,161.75,238.37469190720643,12.75,2.5,0.0,10.5,53.75,25.75,23.75,58.5,0.0,0.0,24.881936447269748,25.99275545993668,50696.0,0,0,0,35,SALT LAKE
1545,350640,201.0,366.9787601476405,0.5477156223404728,2394.25,37.75,5.75,2350.75,2514.4862403916745,21.0,16.75,0.0,5.75,85.0,46.75,1991.5,227.5,0.0,0.0,104.74054763661948,15.49569275505511,64742.0,0,0,0,35,SALT LAKE
1546,350641,303.75,742.2768271934442,0.4092139062841038,26.0,0.25,0.0,25.75,63.12577276097045,0.25,0.0,0.0,0.0,4.25,0.25,10.0,11.25,0.0,0.0,13.882268466194382,23.243504294776063,78750.0,0,0,0,35,SALT LAKE
1547,350642,253.5,500.1583052472752,0.5068395292859751,427.0,122.75,29.75,274.5,476.021480119526,36.25,86.5,20.75,9.0,41.75,50.25,83.0,99.5,0.0,0.0,29.526948349442563,19.49453177008344,59820.0,0,0,0,35,SALT LAKE
1548,350643,708.0,1490.3245960076508,0.47506429263572686,875.75,88.0,59.5,728.25,992.9417824767752,46.5,41.5,0.0,59.5,194.75,57.5,174.0,302.0,0.0,0.0,62.70695653181499,54.48482594496013,62016.0,0,0,0,35,SALT LAKE
1549,350644,1119.75,1771.6210516458198,0.6320482582659325,2459.5,574.25,92.75,1792.5,2691.12222589157,496.75,77.5,0.0,92.75,451.5,355.0,237.0,749.0,0.0,0.0,145.6461886010104,85.97603729055979,47981.0,0,0,0,35,SALT LAKE
1550,350645,105.25,199.37802878122068,0.5278916671179038,218.25,8.75,6.25,203.25,239.14477968020887,5.5,3.25,0.0,6.25,26.75,34.75,81.0,60.75,0.0,0.0,12.89700876945913,7.997770910749748,64742.0,0,0,0,35,SALT LAKE
1551,350646,677.0,1336.8973891854612,0.5063963812604043,980.25,162.0,32.75,785.5,1098.4659482459906,113.75,48.25,0.75,32.0,173.5,77.5,278.0,256.5,0.0,0.0,66.23043732611715,51.98551091987336,55224.0,0,0,0,35,SALT LAKE
1552,350647,646.0,1577.042500319546,0.40962751471130626,1.0,0.0,0.0,1.0,79.28019952371997,0.0,0.0,0.0,0.0,0.0,0.0,1.0,0.0,0.0,0.0,28.294131331534047,49.986068192185925,78750.0,0,0,0,35,SALT LAKE
1553,350648,343.25,681.2271010033337,0.5038701477003045,474.0,18.0,33.5,422.5,534.9284370419531,13.25,4.75,23.5,10.0,89.5,81.75,103.5,147.75,0.0,0.0,34.68569900159606,26.242738040357075,59820.0,0,0,0,35,SALT LAKE
1554,350649,802.2500106462916,1949.438767223375,0.41152870463787505,224.75000298255412,0.0,0.0,224.75000298255412,358.2964131239752,0.0,0.0,0.0,0.0,0.2500000033176353,223.50000296596593,0.0,1.000000013270541,0.0,0.0,71.81357448086129,61.73283566055973,143361.0,397,603,0,35,SALT LAKE
1555,350650,658.2500053784221,1559.1780127768777,0.4221775833062747,356.50000291288643,0.750000006128092,37.7500003084473,318.000002598311,488.33744201488867,0.25000000204269734,0.5000000040853947,23.75000019405625,14.000000114391051,128.50000104994643,0.25000000204269734,116.00000094781157,73.25000059851033,0.0,0.0,81.10156205779096,50.73587704421127,146175.0,0,0,0,35,SALT LAKE
1556,350651,252.0,496.85265659613583,0.5071926186858188,74.5,2.5,12.0,60.0,105.75445672205753,2.5,0.0,0.0,12.0,16.25,4.5,6.0,33.25,0.0,0.0,12.259750809026873,18.99470591303065,59906.0,0,0,0,35,SALT LAKE
1557,350652,897.25,2414.333059622001,0.37163472389367747,680.0,88.75,22.25,569.0,807.9953955650184,57.5,31.25,0.0,22.25,214.75,65.0,0.0,289.25,0.0,0.0,59.0146214598018,68.98077410521657,66195.0,0,0,0,35,SALT LAKE
1558,350653,241.0,554.8930778002922,0.43431790671343834,1866.75,297.25,384.25,1185.25,2073.640858266785,220.75,76.5,139.25,245.0,216.75,154.75,0.0,813.75,0.0,0.0,187.8961523537542,18.99470591303065,58960.0,0,0,0,35,SALT LAKE
1559,350654,1009.5,2756.182859444921,0.36626742545061297,133.0,0.25,0.0,132.75,254.37826582657925,0.25,0.0,0.0,0.0,0.25,132.5,0.0,0.0,0.0,0.0,43.649935586843085,77.7283302397362,47504.0,724,0,0,35,SALT LAKE
1560,350655,956.75,2471.825813750678,0.3870620634664603,85.0,0.0,0.0,85.0,198.34634298409213,0.0,0.0,0.0,0.0,0.0,84.75,0.0,0.25,0.0,0.0,39.86678791670975,73.47955506738238,47848.0,637,0,0,35,SALT LAKE
1561,350656,417.25,984.826597270928,0.4236786467346125,372.75,39.25,4.5,329.0,436.9051663556724,26.75,12.5,0.0,4.5,20.75,240.25,6.0,62.0,0.0,0.0,32.16408271267335,31.991083642998998,50979.0,0,565,0,35,SALT LAKE
1562,350657,721.0,3315.4346786486494,0.21746771385460537,378.5,17.75,3.25,357.5,475.5146199987655,14.25,3.5,2.0,1.25,15.75,245.25,0.0,96.5,0.0,0.0,42.029944987361,54.98467501140452,66086.0,428,710,0,35,SALT LAKE
1563,350658,897.0,2370.932713149198,0.37833212010835904,484.0,114.0,19.25,350.75,604.8357330863954,54.0,60.0,2.5,16.75,76.75,103.0,1.0,170.0,0.0,0.0,51.85495898117876,68.98077410521657,85020.0,0,0,0,35,SALT LAKE
1564,350659,628.75,1866.4601224274377,0.3368676311081722,176.5,5.5,36.0,135.0,255.4727651970769,4.0,1.5,0.0,36.0,10.0,84.5,0.0,40.5,0.0,0.0,30.98613973257844,47.98662546449849,69902.0,342,0,0,35,SALT LAKE
1565,350660,654.0,1693.620296039331,0.3861550322285534,0.0,0.0,0.0,0.0,74.54304174832698,0.0,0.0,0.0,0.0,0.0,0.0,0.0,0.0,0.0,0.0,24.556973556141056,49.986068192185925,66698.0,0,0,0,35,SALT LAKE
1566,350661,368.00000005724576,1041.5455047002447,0.3533210967706645,368.5000000573235,34.75000000540568,0.5000000000777796,333.25000005184006,424.14715854206094,0.5000000000777796,34.2500000053279,0.2500000000388898,0.2500000000388898,0.7500000001166693,309.5000000481455,0.0,23.00000000357786,0.0,0.0,27.654960292758837,27.99219819197856,73196.0,0,0,2265,35,SALT LAKE
1567,350662,488.75,1382.66365367738,0.3534843768403861,131.5,23.0,10.75,97.75,197.27935316431933,10.0,13.0,1.5,9.25,6.25,66.5,0.0,25.0,0.0,0.0,28.039877478331867,37.73947568598746,47310.0,346,0,0,35,SALT LAKE
1568,350663,335.25,873.3374738428694,0.3838722258473911,943.25,144.75,45.0,753.5,1081.7093120085672,90.5,54.25,13.75,31.25,183.0,123.75,49.75,397.0,0.0,0.0,112.46639403976263,25.99291796880457,51187.0,0,0,0,35,SALT LAKE
1569,350664,378.75,954.7592686760388,0.3966968558736395,942.25,210.0,16.0,716.25,1043.3750005146371,138.25,71.75,0.0,16.0,202.5,68.0,0.0,445.75,0.0,0.0,71.88312161370408,29.24187890093328,37570.0,0,0,0,35,SALT LAKE
1570,350665,493.9999999667537,1825.837892641021,0.2705607118560768,810.7499999454363,209.24999998591744,26.74999999819972,574.7499999613192,897.7314758448506,150.24999998988815,58.99999999602929,1.4999999998990496,25.24999999830067,17.74999999880542,76.49999999485154,0.0,480.4999999676623,0.0,0.0,48.99206407590962,37.989411823504604,77608.0,574,0,0,35,SALT LAKE
1571,350666,832.9999998452802,2605.57267415299,0.3196993920409718,93.99999998254061,3.749999999303482,20.249999996238802,69.99999998699833,192.79003837158456,2.9999999994427857,0.7499999998606964,1.4999999997213929,18.74999999651741,2.2499999995820894,51.99999999034162,0.0,15.749999997074625,0.0,0.0,34.80787111492988,63.98216727411406,74875.0,0,0,0,35,SALT LAKE
1572,350667,442.0,1266.4710764728902,0.3490012588609333,0.0,0.0,0.0,0.0,50.58713541015791,0.0,0.0,0.0,0.0,0.0,0.0,0.0,0.0,0.0,0.0,16.596609039471478,33.99052637068643,64459.0,0,0,0,35,SALT LAKE
1573,350668,505.0,1247.9917093838346,0.4046501240375478,4487.75,302.5,121.75,4063.5,4787.780353073622,209.75,92.75,0.0,121.75,759.25,2075.0,49.0,1180.25,0.0,0.0,261.0410341223351,38.9893189512864,58856.0,0,0,0,35,SALT LAKE
1574,350669,269.25,673.6581301846243,0.3996834416979555,0.0,0.0,0.0,0.0,31.85429796158712,0.0,0.0,0.0,0.0,0.0,0.0,0.0,0.0,0.0,0.0,10.86014932086903,20.994148640718088,65114.0,0,0,0,35,SALT LAKE
1575,350670,381.0,940.1468646793684,0.4052558321618589,1088.75,270.0,28.25,790.5,1177.1784629899903,176.25,93.75,4.0,24.25,123.75,169.0,82.0,415.75,0.0,0.0,58.93667114112304,29.491791848867173,69166.0,447,0,0,35,SALT LAKE
1576,350671,520.5,1269.9101475501357,0.409871518078763,397.25,131.75,6.25,259.25,498.1766381046014,89.5,42.25,0.0,6.25,26.5,99.75,0.0,133.0,0.0,0.0,60.93776034146104,39.98887776314034,56691.0,430,0,0,35,SALT LAKE
1577,350672,1284.0,2463.306268110271,0.5212506526786953,3174.5,455.0,788.0,1931.5,3480.1899279714944,434.75,20.25,585.75,202.25,976.5,109.0,375.5,470.5,0.0,0.0,206.7175129509664,98.97241502052812,41142.0,0,0,0,35,SALT LAKE
1578,350673,597.0,1140.0908940649315,0.5236424596563781,1502.5,178.25,17.25,1307.0,1627.3181002796512,111.25,67.0,0.0,17.25,357.5,78.5,367.0,504.0,0.0,0.0,78.8309175428401,45.98718273681105,41142.0,0,0,0,35,SALT LAKE
1579,350674,320.25,805.3396074491997,0.3976583258016416,0.0,0.0,0.0,0.0,37.51864150131957,0.0,0.0,0.0,0.0,0.0,0.0,0.0,0.0,0.0,0.0,12.775497122205543,24.74314437911402,65114.0,0,0,0,35,SALT LAKE
1580,350675,177.25,536.9026111277691,0.3301343601732252,1889.5,45.0,28.25,1816.25,1982.3515355673264,27.75,17.25,0.0,28.25,1.75,1792.0,17.5,5.0,0.0,0.0,79.10541905393472,13.746116513391666,60975.0,0,0,0,35,SALT LAKE
1581,350676,774.5,2057.7701003278016,0.3763782940944776,315.25,118.25,22.0,175.0,422.6510167887414,33.5,84.75,3.75,18.25,2.0,120.5,19.5,33.0,0.0,0.0,47.91756081517108,59.48345597357032,73963.0,0,1218,0,35,SALT LAKE
1582,350677,638.0,1232.0701104020477,0.5178276744265865,831.0,63.0,30.25,737.75,1088.530307409304,6.75,56.25,0.0,30.25,79.25,55.75,548.25,54.5,0.0,0.0,208.2938386795065,49.23646872979744,35964.0,0,0,0,35,SALT LAKE
1583,350678,276.5,1008.2494214338158,0.27423769765897177,820.75,168.0,18.25,634.5,885.9425785610058,84.0,84.0,0.0,18.25,85.5,91.75,120.0,337.25,0.0,0.0,43.94844733986734,21.24413122113848,78846.0,0,0,0,35,SALT LAKE
1584,350679,204.75,745.6348516022744,0.27459821594982897,0.0,0.0,0.0,0.0,24.68390945305624,0.0,0.0,0.0,0.0,0.0,0.0,0.0,0.0,0.0,0.0,8.688367631556742,15.995541821499495,79994.0,0,0,0,35,SALT LAKE
1585,350680,736.5,2288.5027160379823,0.3218261419742079,118.75,15.75,0.25,102.75,228.5978391432268,7.0,8.75,0.0,0.25,0.25,53.5,9.0,40.0,0.0,0.0,53.36359370153415,56.48424544169262,77028.0,520,0,0,35,SALT LAKE
1586,350681,265.75,645.2711345044183,0.4118423803415622,309.75,39.0,13.0,257.75,354.60325938494606,30.25,8.75,5.75,7.25,34.75,38.5,66.0,118.5,0.0,0.0,24.60889596799783,20.244363416948215,83761.0,0,0,0,35,SALT LAKE
1587,350682,524.25,1299.7546495729482,0.403345354580766,380.25,24.75,9.0,346.5,467.4394369518493,16.25,8.5,0.0,9.0,53.5,189.25,2.0,101.75,0.0,0.0,46.95055339458525,40.23888355726404,72190.0,0,0,0,35,SALT LAKE
1588,350683,485.25,1173.6464268667971,0.41345501412673186,145.0,36.0,2.25,106.75,213.1551865004862,18.25,17.75,0.0,2.25,11.25,12.0,11.0,72.5,0.0,0.0,30.66557731777435,37.48960918271182,68224.0,0,0,0,35,SALT LAKE
1589,350684,1060.25,2607.8331225321717,0.4065635913737115,2454.75,520.5,101.75,1832.5,2730.037902542954,268.25,252.25,42.75,59.0,301.75,330.75,329.5,870.5,0.0,0.0,194.0603501960323,81.22755234692136,46164.0,606,0,0,35,SALT LAKE
1590,350685,540.5,1243.7505289042513,0.4345726795197285,343.5,36.75,13.5,293.25,424.927730233358,22.5,14.25,0.0,13.5,77.75,67.0,6.25,142.25,0.0,0.0,39.939258808974586,41.48847142438339,53461.0,0,0,0,35,SALT LAKE
1591,350686,800.5,2007.901667083856,0.3986749018255428,2.0,0.0,0.0,2.0,116.89357792675912,0.0,0.0,0.0,0.0,0.0,0.0,0.0,2.0,0.0,1.7767688232282393,51.63393361166472,61.48287549186616,75254.0,0,0,0,35,SALT LAKE
1592,350687,453.0,827.0839960115883,0.5477073697284466,1185.25,125.75,20.75,1038.75,1281.5359413860106,69.5,56.25,0.0,20.75,124.25,96.25,414.0,404.25,0.0,0.0,61.29634345404264,34.98959793196781,37528.0,0,0,0,35,SALT LAKE
1593,350688,247.0,615.884846944899,0.4010489967812087,0.0,0.0,0.0,0.0,33.518911949565506,0.0,0.0,0.0,0.0,0.0,0.0,0.0,0.0,0.0,0.0,14.524206036534858,18.99470591303065,55258.0,0,0,0,35,SALT LAKE
1594,350689,109.25,303.733073098926,0.3596908261762367,1177.25,197.75,22.25,957.25,1258.736127884159,90.0,107.75,0.0,22.25,219.0,207.5,45.75,485.0,0.0,0.0,72.98846148818161,8.497666395977326,62034.0,0,0,0,35,SALT LAKE
1595,350690,365.25,1018.7247528796698,0.3585364927744548,203.5,46.75,5.25,151.5,252.84811816675523,38.0,8.75,0.0,5.25,18.0,18.0,0.0,115.5,0.0,0.0,21.355919979131087,27.99219818762412,64390.0,0,0,0,35,SALT LAKE
1596,350691,333.0,1099.670211829893,0.3028180598307517,35.5,31.75,0.0,3.75,76.83038916476991,1.5,30.25,0.0,0.0,1.25,0.0,0.0,2.5,0.0,0.0,15.587546631203775,25.74284253356614,67650.0,0,0,0,35,SALT LAKE
1597,350692,263.25,638.7570903128678,0.4121284976595066,37.75,12.5,6.25,19.0,69.2962337606456,11.25,1.25,1.0,5.25,2.25,5.75,0.0,11.0,0.0,0.0,11.301916766792283,20.244316993853317,83761.0,0,0,0,35,SALT LAKE
1598,350693,504.75,958.329646952385,0.5266976781999511,529.75,30.25,12.25,487.25,612.0793243852683,22.5,7.75,0.0,12.25,33.5,378.75,0.5,74.5,0.0,0.0,43.3401911953632,38.98913318990502,51667.0,751,21,1876,35,SALT LAKE
1599,350694,397.0,970.5955980046851,0.4090272002223563,1552.75,306.75,57.25,1188.75,1665.450281103821,186.75,120.0,0.0,57.25,364.0,90.25,0.0,734.5,0.0,0.0,81.95890140508627,30.74137969873488,62357.0,0,0,0,35,SALT LAKE
1600,350695,918.75,2113.917362765251,0.43461963848869084,2924.75,567.5,40.25,2317.0,3176.120256789593,395.0,172.5,0.0,40.25,631.0,242.0,192.0,1252.0,0.0,0.0,180.88979615969237,70.48046062990107,51097.0,0,0,0,35,SALT LAKE
1601,350696,1025.75,2564.7081308188326,0.399948043862796,226.75,46.5,17.75,162.5,355.75953474089545,16.5,30.0,1.75,16.0,10.0,56.0,19.0,77.5,0.0,0.0,50.03154699724164,78.97798774365376,80135.0,541,0,0,35,SALT LAKE
1602,350697,624.0,1594.3787671527969,0.39137500627553146,104.0,0.5,0.0,103.5,179.3218225604396,0.5,0.0,0.0,0.0,0.0,103.0,0.0,0.5,0.0,0.0,27.33519709594114,47.98662546449849,80682.0,0,1129,0,35,SALT LAKE
1603,350698,297.5,692.8769851702317,0.4293691468578766,98.5,4.5,1.5,92.5,136.3628498921558,2.75,1.75,0.0,1.5,19.25,12.75,40.0,20.5,0.0,0.0,14.869258523750272,22.993591368405525,53825.0,0,0,0,35,SALT LAKE
1604,350699,898.25,2042.639438894773,0.43974966060873827,2981.25,921.25,43.25,2016.75,3259.016341129937,483.0,438.25,0.0,43.25,568.25,182.25,20.25,1246.0,0.0,0.0,208.78531166103943,68.98102946889769,53825.0,0,0,0,35,SALT LAKE
1605,350700,789.25,2191.336790666705,0.36016827872445567,2247.75,618.5,30.25,1599.0,2436.8168357652817,481.75,136.75,0.0,30.25,331.75,212.25,472.0,583.0,0.0,0.0,128.3336990740906,60.73313669119119,54653.0,0,0,0,35,SALT LAKE
1606,350701,417.0,1212.5706874509942,0.34389747691872435,114.0,0.25,0.0,113.75,165.92954382390252,0.0,0.25,0.0,0.0,0.0,113.75,0.0,0.0,0.0,0.0,19.93846018090352,31.991083642998998,65090.0,698,0,0,35,SALT LAKE
1607,350702,114.0,290.4148004270497,0.39254197731095336,364.5,37.5,53.75,273.25,427.9681994407354,25.25,12.25,25.5,28.25,41.5,106.75,24.0,101.0,0.0,0.0,54.47070716614197,8.997492274593466,83027.0,748,0,0,35,SALT LAKE
1608,350703,518.25,1593.3940165793683,0.32524911892951464,0.0,0.0,0.0,0.0,59.44846783117811,0.0,0.0,0.0,0.0,0.0,0.0,0.0,0.0,0.0,0.0,19.45961327742937,39.98885455374874,45908.0,0,0,0,35,SALT LAKE
1609,350704,637.75,1330.7633196393158,0.4792362327606482,165.0,10.5,5.25,149.25,246.3781539679821,8.0,2.5,0.0,5.25,17.25,66.0,30.0,36.0,0.0,0.0,32.39180713963988,48.98634682834221,80018.0,483,0,0,35,SALT LAKE
1610,350705,424.25,1176.870729130216,0.3604898902647943,1.0,0.0,0.0,1.0,49.95837158592174,0.0,0.0,0.0,0.0,1.0,0.0,0.0,0.0,0.0,0.0,15.967566579079032,32.990805006842706,104764.0,0,0,0,35,SALT LAKE
1611,350706,568.75,1473.7010336405592,0.3859330943094935,39.0,0.0,0.0,39.0,106.05814588638842,0.0,0.0,0.0,0.0,1.0,0.0,38.0,0.0,0.0,0.0,23.320388457685198,43.73775742870322,82610.0,0,0,0,35,SALT LAKE
1612,350707,252.5,737.3894611331477,0.3424242049947158,820.0,10.0,5.25,804.75,880.2722253759159,8.0,2.0,0.0,5.25,618.5,4.0,149.0,33.25,0.0,0.0,41.02756009616813,19.24466527974774,93494.0,0,0,0,35,SALT LAKE
1613,350708,464.75,901.270999069402,0.5156606619761124,902.5,59.25,62.25,781.0,1018.32642079133,38.5,20.75,18.75,43.5,164.0,186.75,140.5,289.75,0.0,0.0,80.08634140993507,35.74007938139492,91804.0,0,0,0,35,SALT LAKE
1614,350709,305.5,794.2012699217971,0.38466319756713785,765.5,80.5,59.0,626.0,837.2076334587623,44.75,35.75,7.5,51.5,184.0,84.75,116.0,241.25,0.0,0.0,48.21421623330398,23.493417225458312,88816.0,0,0,0,35,SALT LAKE
1615,350710,12.0,29.259980189409237,0.4101164772607552,2208.25,345.25,1087.0,776.0,2295.894262127655,199.75,145.5,655.0,432.0,145.5,51.5,31.5,547.5,0.0,1.7767688232282393,84.86777194058303,0.9997213638437183,38438.0,0,0,0,35,SALT LAKE
1616,350711,1.0,1.0,1.0,626.75,159.5,69.5,397.75,650.3236545731559,88.0,71.5,6.75,62.75,153.25,50.5,0.0,194.0,0.0,0.0,23.57365457315588,0.0,41809.0,0,0,0,35,SALT LAKE
1617,350712,539.5,1421.740936021842,0.3794643498903318,2132.25,301.75,112.25,1718.25,2333.5431143905275,218.0,83.75,13.25,99.0,521.75,183.25,13.75,999.5,0.0,0.0,159.80540913050555,41.48770526002177,57188.0,0,0,0,35,SALT LAKE
1618,350713,1107.75,2893.185288886354,0.38288249434117494,1407.0,224.25,111.0,1071.75,1592.0707649022706,162.0,62.25,28.5,82.5,353.75,104.0,4.5,609.5,0.0,0.0,100.09424004359178,84.97652485867886,41809.0,0,0,0,35,SALT LAKE
1619,350714,1511.0,2626.2861299592632,0.57533715872133,385.5,42.25,31.0,312.25,573.6738520178684,28.5,13.75,1.25,29.75,73.25,64.0,3.0,172.0,0.0,0.0,72.2061737990571,115.96767821881129,41809.0,0,0,0,35,SALT LAKE
1620,350715,972.5,2709.948325696032,0.3588629313624347,2047.75,476.75,43.0,1528.0,2282.942115179792,356.25,120.5,1.5,41.5,531.25,158.75,5.0,833.0,0.0,0.0,160.46320442977122,74.72891075002065,41809.0,0,0,0,35,SALT LAKE
1621,350716,353.25,651.0880220147595,0.5425533692155562,527.75,150.25,23.5,354.0,602.8383838304107,124.25,26.0,0.0,23.5,77.75,52.25,0.0,224.0,0.0,0.0,48.09588379723879,26.992500033172,41809.0,0,0,0,35,SALT LAKE
1622,350717,527.75,1354.6338891464743,0.38958865877224136,385.25,125.25,22.0,238.0,464.7740281483008,113.0,12.25,0.0,22.0,52.25,40.25,0.0,145.5,0.0,0.0,39.03527808776114,40.48875006053967,69450.0,0,0,0,35,SALT LAKE
1623,350718,425.75,600.1572240853326,0.70939744272655,373.0,102.0,7.0,264.0,443.49921065642326,54.0,48.0,0.0,7.0,42.25,24.5,5.25,192.0,0.0,0.0,37.50840564958054,32.990805006842706,35292.0,0,0,0,35,SALT LAKE
1624,350719,220.0,486.72958843034473,0.45199635532632904,1034.0,98.0,26.5,909.5,1111.0817333918812,28.75,69.25,0.0,26.5,297.0,87.0,204.0,321.5,0.0,0.0,60.08647020653805,16.995263185343212,69450.0,0,0,0,35,SALT LAKE
1625,350720,683.75,1459.6508720926877,0.4684339338075509,850.0,39.25,24.0,786.75,967.0749767785716,30.0,9.25,0.0,24.0,261.5,119.0,161.5,244.75,0.0,0.0,64.58959356129887,52.4853832172727,41906.0,0,0,0,35,SALT LAKE
1626,350721,876.75,2105.8387793785805,0.4163424135720035,395.0,21.25,5.0,368.75,573.9836167519502,14.25,7.0,0.0,5.0,81.5,164.0,37.25,86.0,0.0,0.0,111.50234344453516,67.48127330741497,57188.0,0,0,0,35,SALT LAKE
1627,350722,840.75,1991.5745814924148,0.42215340957503683,1722.0,140.0,78.25,1503.75,2074.4799977002453,82.0,58.0,11.5,66.75,237.0,123.5,662.5,480.75,0.0,72.84752176700783,214.90017520497528,64.73230072826219,41809.0,0,0,0,35,SALT LAKE
1628,350723,412.75,990.3586189876994,0.41676822121454826,536.25,86.75,20.25,429.25,620.8806565991748,63.25,23.5,0.0,20.25,76.5,119.5,43.5,189.75,0.0,0.0,52.88953232720458,31.7411242719702,41809.0,0,0,0,35,SALT LAKE
1629,350724,540.5,1210.8354932840834,0.44638598967233045,1535.0,220.5,35.0,1279.5,1659.1873652243044,141.5,79.0,0.0,35.0,200.25,490.75,56.25,532.25,0.0,0.0,82.44909696794673,41.73826825635753,33483.0,0,0,0,35,SALT LAKE
1630,350725,954.75,2064.209690926425,0.46252568438020686,494.75,34.5,22.75,437.5,642.405980696578,25.0,9.5,0.0,22.75,146.25,90.75,31.0,169.5,0.0,0.0,74.17651849263706,73.47946220394093,64843.0,0,0,0,35,SALT LAKE
1631,350726,704.5,1529.9747846119708,0.46046510510215627,227.75,3.75,0.75,223.25,335.49147651957946,2.75,1.0,0.0,0.75,11.5,52.75,94.0,65.0,0.0,0.0,53.75652287201866,53.9849536475608,81081.0,714,0,0,35,SALT LAKE
1632,350727,845.5,1996.9293418247405,0.4234000584254047,3682.25,106.5,48.5,3527.25,3935.954837167156,53.5,53.0,0.0,48.5,730.75,299.75,1531.25,965.5,0.0,0.0,188.72273953791284,64.9820976292429,59361.0,0,0,0,35,SALT LAKE
1633,350728,299.75,834.4359146752172,0.3592247106438006,2674.0,132.0,61.0,2481.0,2843.764301881792,60.25,71.75,5.75,55.25,350.75,226.75,1234.25,669.25,0.0,0.0,146.7700371564087,22.99426472538272,41809.0,0,0,0,35,SALT LAKE
1634,350729,0.0,0.0,0.0,10938.75,343.5,47.75,10547.5,11349.488351112315,331.75,11.75,0.0,47.75,143.5,77.0,10141.0,186.0,0.0,0.0,410.7383511123154,0.0,41809.0,0,0,0,35,SALT LAKE
1635,350730,58.0,144.09992302040757,0.40249848011220646,1156.0,523.25,9.75,623.0,1210.5837856817004,164.25,359.0,0.0,9.75,90.0,94.75,0.0,438.25,0.0,0.0,49.835161442902255,4.7486242387982,39710.0,0,0,0,35,SALT LAKE
1636,350731,225.5,499.4558445581608,0.4514913629642008,94.0,21.25,0.0,72.75,123.99413088345705,1.5,19.75,0.0,0.0,2.0,42.75,0.0,28.0,0.0,0.0,12.748954771743303,17.245176111713754,90223.0,493,0,0,35,SALT LAKE
1637,350732,850.0,1281.5026260876923,0.663283853420551,891.25,42.0,63.25,786.0,1027.8637259556651,30.0,12.0,0.0,63.25,152.75,138.25,167.0,328.0,0.0,0.0,71.38194758884441,65.23177836682065,59906.0,0,0,0,35,SALT LAKE
1638,350733,323.0,903.2200735879204,0.35760941263951973,0.0,0.0,0.0,0.0,37.120816964332406,0.0,0.0,0.0,0.0,0.0,0.0,0.0,0.0,0.0,0.0,12.12778286823944,24.993034096092963,54880.0,0,0,0,35,SALT LAKE
1639,350734,497.75,1302.3511840259553,0.38219337925528396,0.0,0.0,0.0,0.0,59.92930986431226,0.0,0.0,0.0,0.0,0.0,0.0,0.0,0.0,0.0,0.0,21.93989803825096,37.9894118260613,105456.0,0,0,0,35,SALT LAKE
1640,350735,531.25,1532.3372123302224,0.3466926181294841,3186.75,253.5,42.25,2891.0,3368.0962902844594,222.75,30.75,3.0,39.25,326.25,62.25,849.75,1652.75,0.0,0.0,140.35771436686738,40.988575917592456,54736.0,0,0,0,35,SALT LAKE
1641,350736,0.0,0.0,0.0,1161.0,122.75,87.75,950.5,1204.5931221722683,66.75,56.0,46.25,41.5,120.5,283.25,181.75,365.0,0.0,0.0,43.59312217226835,0.0,83071.0,0,0,0,35,SALT LAKE
1642,350737,5.0,8.813128081438052,0.5673354515896406,293.0,17.5,90.25,185.25,304.18903122374303,13.75,3.75,6.0,84.25,11.75,24.25,84.75,64.5,0.0,0.0,11.189031223743022,0.0,83071.0,0,0,0,35,SALT LAKE
1643,350738,623.25,1327.8975607128757,0.46935096383896596,2301.5,670.25,144.75,1486.5,2469.8002176932146,548.0,122.25,46.0,98.75,240.5,331.0,231.75,683.25,0.0,0.0,120.31368509215716,47.98653260105704,83071.0,0,0,1464,35,SALT LAKE
1644,350739,666.5,1534.5231705345695,0.4343368759741938,1418.25,206.25,31.25,1180.75,1567.2651151438924,102.25,104.0,1.0,30.25,267.25,391.0,153.0,369.5,0.0,0.0,97.52952294451318,51.48559219937913,40099.0,0,899,0,35,SALT LAKE
1645,350740,1090.75,1723.1521581531972,0.6329969148917298,1330.25,255.75,63.5,1011.0,1506.9111307571525,186.25,69.5,0.0,63.5,214.75,167.75,90.0,538.5,0.0,1.7767688232282393,90.90776737105188,83.97659456287235,59543.0,0,0,0,35,SALT LAKE
1646,350741,616.0,1602.8376118710642,0.384318408451194,937.5,46.25,36.75,854.5,1059.5689647095382,29.5,16.75,0.0,36.75,216.5,199.75,83.0,355.25,0.0,0.0,74.58216510209247,47.4867996074457,49716.0,329,0,0,35,SALT LAKE
1647,350742,496.25,995.1717610529844,0.49865763823012954,388.75,73.25,8.5,307.0,460.5653797539497,59.5,13.75,0.0,8.5,34.0,47.5,0.0,225.5,0.0,0.0,33.82617687710278,37.98920287684688,53257.0,0,0,0,35,SALT LAKE
1648,350743,649.75,1828.6554931280089,0.35531569639099675,110.0,1.25,0.0,108.75,194.01190017428357,1.0,0.25,0.0,0.0,14.75,91.5,1.0,1.5,0.0,0.0,33.775895842023765,50.23600433225977,100118.0,482,681,0,35,SALT LAKE
1649,350744,224.0,547.9276132060137,0.4088131253129214,2182.5,234.75,69.0,1878.75,2297.1075274741897,157.0,77.75,0.0,69.0,207.5,301.25,888.0,482.0,0.0,0.0,97.61226428884665,16.995263185343212,73990.0,0,0,0,35,SALT LAKE
1650,350745,338.5,824.793773576798,0.4104056199794792,267.25,14.0,28.0,225.25,322.73729415715087,11.5,2.5,0.0,28.0,47.5,67.75,50.0,60.0,0.0,0.0,29.49453869721419,25.99275545993668,73990.0,527,0,0,35,SALT LAKE
1651,350746,411.75,1109.5798940758636,0.3710863924250668,1219.75,255.75,56.75,907.25,1324.759630968838,170.0,85.75,0.0,56.75,235.25,106.5,162.5,403.0,0.0,0.0,73.2684602522096,31.741170716628453,51572.0,0,0,0,35,SALT LAKE
1652,350747,716.75,1787.8796845006336,0.40089386674819394,286.75,18.75,8.25,259.75,414.1526560475434,10.5,8.25,0.0,8.25,32.5,19.5,86.75,121.0,0.0,0.0,72.41800424984223,54.98465179770121,96932.0,0,0,0,35,SALT LAKE
1653,350748,822.2499997401884,1557.4004214418621,0.5279631290833595,840.7499997343427,29.999999990520706,37.999999987992894,772.7499997558292,976.1765979687519,21.2499999932855,8.749999997235205,11.999999996208283,25.999999991784613,145.4999999540254,434.74999986262924,35.99999998862485,156.4999999505497,0.0,0.0,72.4442219862056,62.98237624820346,57679.0,496,0,2210,35,SALT LAKE
1654,350749,503.25,1312.6692176495633,0.38337914322475575,16.0,0.0,10.0,6.0,74.48626445726359,0.0,0.0,2.0,8.0,2.75,0.0,0.0,3.25,0.0,0.0,19.49713126735857,38.98913318990502,88816.0,0,0,0,35,SALT LAKE
1655,350750,11.0,20.633547144766,0.5331124078096436,39.5,0.0,0.0,39.5,42.39608659595095,0.0,0.0,0.0,0.0,1.5,1.0,0.0,37.0,0.0,0.0,1.8963652321072253,0.9997213638437183,55874.0,0,0,0,35,SALT LAKE
1656,350751,256.75,708.5233045299611,0.3623734016347276,39.75,4.0,4.0,31.75,74.37844264912904,4.0,0.0,0.0,4.0,0.0,26.0,0.0,5.75,0.0,0.0,14.883905089233616,19.744537559895427,54736.0,361,0,0,35,SALT LAKE
1657,350752,12.0,28.8587075033405,0.4158190382785146,395.25,24.0,193.5,177.75,411.5424121640524,22.5,1.5,117.0,76.5,17.75,5.75,0.75,153.5,0.0,0.0,15.292690800208687,0.9997213638437183,50488.0,0,0,0,35,SALT LAKE
1658,350753,16.75,45.04888934192943,0.3718182677682549,515.75,64.5,256.75,194.5,537.2609744475924,38.0,26.5,145.5,111.25,32.75,29.25,27.5,105.0,0.0,0.0,20.01135757264604,1.499616874946359,50488.0,0,0,0,35,SALT LAKE
1659,350754,1182.75,2308.467046311999,0.5123529928181381,2091.75,585.0,63.5,1443.25,2317.974474535824,462.5,122.5,0.0,63.5,301.75,245.75,44.0,851.75,0.0,0.0,135.24994652044165,90.974528015382,50488.0,367,0,0,35,SALT LAKE
1660,350755,1057.5,2190.2985075173583,0.4828109028840304,4621.75,1880.0,119.0,2622.75,4952.42989591975,1354.75,525.25,7.5,111.5,817.5,236.5,181.0,1387.75,0.0,0.0,249.45162402563216,81.2282718941179,84106.0,0,0,0,35,SALT LAKE
1661,350756,815.75,1472.837606821428,0.5538628265749493,1435.5,137.5,88.25,1209.75,1587.7641689562754,20.25,117.25,30.5,57.75,525.75,128.0,223.0,333.0,0.0,0.0,89.28172303412114,62.98244592215427,51537.0,437,0,0,35,SALT LAKE
1662,350757,257.0,693.3227980220768,0.37067870944554837,454.0,18.25,8.75,427.0,515.4419641829703,15.25,3.0,0.0,8.75,32.25,34.75,262.0,98.0,0.0,0.0,41.69742662307488,19.744537559895427,84106.0,0,0,0,35,SALT LAKE
1663,350758,361.75,1086.272410417793,0.3330195966782096,2993.5,371.0,113.5,2509.0,3154.2335082050586,228.0,143.0,23.25,90.25,649.75,380.25,270.0,1209.0,0.0,0.0,132.74131001743433,27.99219818762412,84441.0,0,0,0,35,SALT LAKE
1664,350759,648.4999817599087,1329.6708903617266,0.48771465665724945,1170.4999670778304,130.74999632244882,22.499999367151805,1017.2499713882298,1298.066482022536,63.999998199898464,66.74999812255035,1.999999943746827,20.499999423404976,190.24999464891692,72.74999795379084,189.49999467001186,564.7499841155103,0.0,1.7767687732537973,76.05363874920181,49.736107422250164,62954.0,0,0,0,35,SALT LAKE
1665,350760,848.9999975430587,1865.9358265173444,0.4549995693730076,389.9999988713697,38.99999988713697,17.249999950079815,333.74999903415295,516.2549438995852,34.49999990015963,4.499999986977343,3.999999988424305,13.24999996165551,123.24999964332389,19.999999942121526,63.99999981478888,126.49999963391865,0.0,0.0,60.77325392452342,65.48169110369216,98114.0,0,0,0,35,SALT LAKE
1666,350761,370.0,695.934818843127,0.5316589858444817,0.0,0.0,0.0,0.0,42.385114505934354,0.0,0.0,0.0,0.0,0.0,0.0,0.0,0.0,0.0,0.0,13.893113674960752,28.4920008309736,55874.0,0,0,0,35,SALT LAKE
1667,350762,255.5,497.7447226102606,0.5133153369464435,0.0,0.0,0.0,0.0,37.08754828150094,0.0,0.0,0.0,0.0,0.0,0.0,0.0,0.0,0.0,0.0,17.34303393099711,19.74451435050383,55874.0,0,0,0,35,SALT LAKE
1668,350763,254.0,644.3559041290952,0.39419208914257375,954.5,120.25,242.0,592.25,1024.4707606462712,89.0,31.25,120.75,121.25,219.25,55.5,0.0,317.5,0.0,0.0,50.22647850181177,19.744282144459383,51755.0,0,0,0,35,SALT LAKE
1669,350764,1247.75,2318.0677877686157,0.538271575397323,1217.5,201.5,26.25,989.75,1497.5785863264914,138.75,62.75,0.0,26.25,277.0,125.0,5.0,582.75,0.0,0.0,184.10559078273872,95.97299554375252,60198.0,0,0,0,35,SALT LAKE
1670,350765,572.7500008549911,1223.8190531655225,0.468002193113042,176.5000002634761,2.0000000029855647,2.7500000041051513,171.75000025638536,261.3703047857098,2.0000000029855647,0.0,0.0,2.7500000041051513,109.50000016345966,8.250000012315454,13.000000019406171,41.00000006120408,0.0,0.0,40.88256444744591,43.98774007478774,58042.0,0,0,0,35,SALT LAKE
1671,350766,369.75,822.9287635475615,0.44930985083817665,442.25,66.25,7.75,368.25,519.4829967117118,50.5,15.75,0.0,7.75,70.0,55.75,90.0,152.5,0.0,0.0,48.99088559771726,28.242111113994657,73178.0,0,0,0,35,SALT LAKE
1672,350767,502.75,1212.2127514996369,0.41473742903466776,339.0,45.5,24.0,269.5,429.5985324594636,35.5,10.0,8.0,16.0,27.25,35.5,130.5,76.25,0.0,0.0,51.85940506368227,38.73912739578133,56575.0,0,0,0,35,SALT LAKE
1673,350768,590.5,1647.5872878382886,0.3584028623908379,71.75,0.0,0.0,71.75,160.60440055054235,0.0,0.0,0.0,0.0,0.0,71.75,0.0,0.0,0.0,0.0,43.36706690173904,45.48733364880332,81339.0,650,0,0,35,SALT LAKE
1674,350769,326.5,1025.130766103032,0.31849595270773945,368.75,41.25,162.25,165.25,427.3501941859672,26.75,14.5,150.25,12.0,39.5,18.0,51.25,56.5,0.0,0.0,33.35724716350365,25.2429470224635,110709.0,0,0,0,35,SALT LAKE
1675,350770,380.75,1050.076688945963,0.36259256491274555,34.0,0.0,0.0,34.0,88.06479356447159,0.0,0.0,0.0,0.0,0.0,34.0,0.0,0.0,0.0,0.0,24.822984296024806,29.24180926844678,166479.0,587,0,0,35,SALT LAKE
1676,350771,323.5,715.668175156466,0.4520251301230119,313.75,4.0,0.0,309.75,367.1979066351997,3.0,1.0,0.0,0.0,3.5,291.75,3.0,11.5,0.0,1.7767688232282393,26.67810371587856,24.993034096092963,62094.0,0,0,1574,35,SALT LAKE
1677,350772,474.25,1306.7508619862424,0.3629230435548723,10.0,5.25,0.0,4.75,67.42283676429619,5.0,0.25,0.0,0.0,0.0,0.0,0.0,4.75,0.0,0.0,21.18288508550193,36.239951678794256,117566.0,563,0,0,35,SALT LAKE
1678,350773,538.5,1136.9794688888587,0.47362332806788715,36.0,0.0,0.0,36.0,109.55893802309464,0.0,0.0,0.0,0.0,0.0,18.0,0.0,18.0,0.0,0.0,31.82062332207886,41.73831470101578,91816.0,0,0,0,35,SALT LAKE
1679,350774,232.75,601.8352720414905,0.3867337306610275,20.0,0.0,0.0,20.0,50.98505800038921,0.0,0.0,0.0,0.0,9.0,0.0,0.0,11.0,0.0,0.0,12.99007345120228,17.99498454918693,99320.0,0,0,0,35,SALT LAKE
1680,350775,605.0,1373.0796497492215,0.44061537151941393,242.25,122.5,20.25,99.5,327.3018185743142,86.75,35.75,13.5,6.75,9.5,39.75,0.25,50.0,0.0,0.0,38.56478677105876,46.48703180325544,121637.0,0,0,0,35,SALT LAKE
1681,350776,834.0,2125.292080206109,0.3924166507594191,44.75,13.5,4.5,26.75,190.98009892485152,9.25,4.25,1.0,3.5,0.5,1.0,0.0,25.25,0.0,0.0,82.24795485255686,63.98214407229467,129537.0,0,0,0,35,SALT LAKE
1682,350777,214.5,547.660250307673,0.3916661833308057,0.0,0.0,0.0,0.0,24.79976091660706,0.0,0.0,0.0,0.0,0.0,0.0,0.0,0.0,0.0,0.0,8.05443387133769,16.74532704526937,99320.0,0,0,0,35,SALT LAKE
1683,350778,477.0,1277.3877397543483,0.3734183327074447,62.5,0.0,0.0,62.5,129.24146784270812,0.0,0.0,0.0,0.0,5.5,42.75,0.0,14.25,0.0,0.0,30.25158002384,36.489887818868105,68371.0,528,113,0,35,SALT LAKE
1684,350779,764.75,2098.3906300205585,0.36444596590316813,152.5,25.25,3.25,124.0,270.4216684069344,10.75,14.5,0.0,3.25,34.25,19.25,23.5,47.0,0.0,0.0,59.18804408022885,58.733624326705545,92545.0,0,0,0,35,SALT LAKE
1685,350780,881.25,1818.9158407171149,0.48449190461311487,411.75,35.25,43.0,333.5,542.0257218211416,21.25,14.0,6.0,37.0,58.25,38.75,130.0,106.5,0.0,0.0,62.54460521984258,67.73111660129902,69155.0,0,0,0,35,SALT LAKE
1686,350781,557.25,1199.6952882840235,0.46449294703579186,1068.5,152.75,13.0,902.75,1180.0320102264186,87.5,65.25,2.0,11.0,164.5,319.5,136.75,282.0,0.0,0.0,68.54396836743547,42.9880418589832,43977.0,0,895,0,35,SALT LAKE
1687,350782,417.5,1123.3542512657098,0.37165480037093634,0.0,0.0,0.0,0.0,65.1683233281787,0.0,0.0,0.0,0.0,0.0,0.0,0.0,0.0,0.0,0.0,32.92725710475932,32.24106622341939,142825.0,0,0,0,35,SALT LAKE
1688,350783,939.0,2078.968335169268,0.45166633089846814,1289.5,76.25,30.0,1183.25,1454.1578697173666,36.25,40.0,1.0,29.0,185.0,468.0,62.5,467.75,0.0,0.0,92.4280185942482,72.22985112311827,74779.0,380,620,0,35,SALT LAKE
1689,350784,1098.0,2308.0251462858223,0.4757313852351006,261.5,32.25,3.0,226.25,416.6203141207125,24.5,7.75,0.0,3.0,46.25,44.25,61.25,74.5,0.0,5.330306471016538,65.31356402037927,84.47644362931673,47369.0,0,0,0,35,SALT LAKE
1690,350785,1054.75,3016.568852283388,0.3496522213314005,1577.5,315.75,22.25,1239.5,1759.560479880013,197.25,118.5,0.0,22.25,329.75,122.5,5.75,781.5,0.0,0.0,101.08339765735764,80.97708222265528,66454.0,0,0,0,35,SALT LAKE
1691,350786,207.25,544.0238284962829,0.3809575778561987,126.75,11.75,3.75,111.25,157.53751911526746,8.5,3.25,1.0,2.75,31.0,22.0,8.0,50.25,0.0,0.0,14.791977293767967,15.995541821499495,97142.0,0,0,0,35,SALT LAKE
1692,350787,331.25,955.023479163462,0.3468501112560639,0.0,0.0,0.0,0.0,45.68252726428223,0.0,0.0,0.0,0.0,0.0,0.0,0.0,0.0,0.0,0.0,20.18959766139833,25.49292960288389,93777.0,0,0,0,35,SALT LAKE
1693,350788,355.0,923.3777297780708,0.3844580484795994,12.0,5.0,0.0,7.0,59.02164587410376,0.0,5.0,0.0,0.0,0.0,0.0,7.0,0.0,0.0,0.0,19.779348987394272,27.24229688670949,125952.0,0,0,0,35,SALT LAKE
1694,350789,653.75,1742.7441057849169,0.37512678874076966,84.75,0.0,0.75,84.0,200.7160234037973,0.0,0.0,0.75,0.0,6.0,51.75,0.0,26.25,0.0,0.0,65.73006549463244,50.23595790916487,111706.0,512,0,0,35,SALT LAKE
1695,350790,367.2500038515839,817.2144746437316,0.44939243643682186,86.0000009019366,0.25000000262190875,5.000000052438175,80.75000084687653,175.51207650230722,0.25000000262190875,0.0,3.000000031462905,2.00000002097527,2.250000023597179,1.000000010487635,0.0,77.50000081279171,0.0,0.0,61.269917767087634,28.242157833283,138546.0,0,0,0,35,SALT LAKE
1696,350791,721.7499955874994,1644.5600976364797,0.43887115869148247,180.74999889496434,8.499999948034285,2.2499999862443696,169.99999896068567,292.6151481714598,5.499999966375125,2.999999981659159,0.0,2.2499999862443696,1.4999999908295796,0.9999999938863864,137.9999991563213,29.499999819648398,0.0,0.0,56.63056167640329,55.234587600092134,63565.0,0,0,0,35,SALT LAKE
1697,350792,407.25,1038.4504715681944,0.39217084603466923,584.0,160.75,16.75,406.5,658.4631578820707,112.25,48.5,9.75,7.0,32.5,101.25,5.0,267.75,0.0,0.0,43.221882676544936,31.241275205525813,97142.0,447,0,0,35,SALT LAKE
1698,350793,298.0,762.4191750877012,0.390861103363148,250.25,28.25,8.0,214.0,301.3296362846934,16.5,11.75,4.25,3.75,36.75,30.25,0.0,147.0,0.0,0.0,28.335957842658384,22.743678442034987,125952.0,0,0,0,35,SALT LAKE
1699,350794,101.75,263.5129691503507,0.38612900278902484,92.5,77.25,1.0,14.25,109.0414932722169,1.75,75.5,0.0,1.0,0.25,0.5,0.0,13.5,0.0,0.0,8.543722361467147,7.997770910749748,125952.0,0,0,0,35,SALT LAKE
1700,350795,54.25,120.68544827997005,0.44951566881658406,4107.75,256.0,421.75,3430.0,4310.796196679904,38.0,218.0,354.5,67.25,1068.5,203.0,221.0,1937.5,0.0,0.0,198.7972589943704,4.248937685533411,149495.0,0,0,0,35,SALT LAKE
1701,350796,1228.25,3098.563839374608,0.3963933175725375,83.0,14.75,7.25,61.0,226.2097414433711,14.5,0.25,0.0,7.25,4.75,45.75,1.0,9.5,0.0,0.0,49.23593324206156,93.97380820130954,80566.0,467,0,0,35,SALT LAKE
1702,350797,0.0,0.0,0.0,1025.5,51.75,272.0,701.75,1064.0070263226387,16.75,35.0,99.5,172.5,93.25,150.0,18.0,440.5,0.0,0.0,38.50702632263861,0.0,55718.0,366,89,0,35,SALT LAKE
1703,350798,387.5,1123.061439713443,0.34503900347506666,359.0,84.25,11.75,263.0,419.5195423893271,54.75,29.5,0.0,11.75,40.75,63.5,1.0,157.75,0.0,0.0,30.52790147401547,29.99164091531156,48875.0,0,0,0,35,SALT LAKE
1704,350799,622.0,1870.5483618498904,0.3325228113240917,0.0,0.0,0.0,0.0,71.34203456529319,0.0,0.0,0.0,0.0,0.0,0.0,0.0,0.0,0.0,0.0,23.355409100794702,47.98662546449849,98904.0,0,0,0,35,SALT LAKE
1705,350800,1691.0,4538.51597687375,0.37258875117253754,74.75,25.5,17.75,31.5,271.0159856786229,4.5,21.0,0.0,17.75,0.75,2.5,0.0,28.25,0.0,0.0,66.30220837893951,129.9637772996834,76350.0,0,0,0,35,SALT LAKE
1706,350801,1283.0,2426.983723440963,0.5286397216463283,1055.75,41.5,41.25,973.0,1242.5398965671095,27.5,14.0,0.0,41.25,350.5,140.5,17.0,465.0,0.0,0.0,87.81748154658129,98.97241502052812,48568.0,0,0,0,35,SALT LAKE
1707,350802,446.0,1374.0317082791248,0.3245922181509062,0.0,0.0,0.0,0.0,50.73733096707621,0.0,0.0,0.0,0.0,0.0,0.0,0.0,0.0,0.0,0.0,16.746804596389772,33.99052637068643,50508.0,0,0,0,35,SALT LAKE
1708,350803,418.25,1287.075627438074,0.3249614794062469,0.0,0.0,0.0,0.0,47.695832657489575,0.0,0.0,0.0,0.0,0.0,0.0,0.0,0.0,0.0,0.0,15.704749014490584,31.991083642998998,76385.0,0,0,0,35,SALT LAKE
1709,350804,340.5,952.4313218341656,0.3575060922442939,21.0,0.25,0.0,20.75,60.5660566223446,0.25,0.0,0.0,0.0,0.0,1.0,19.0,0.75,0.0,0.0,13.573301162407912,25.99275545993668,104764.0,0,0,0,35,SALT LAKE
1710,350805,345.5,1067.615361347105,0.32361842336555746,0.0,0.0,0.0,0.0,39.715799196033885,0.0,0.0,0.0,0.0,0.0,0.0,0.0,0.0,0.0,0.0,12.973212089232426,26.74258710680146,111155.0,0,0,0,35,SALT LAKE
1711,350806,208.75,611.7534417848008,0.3412322444659542,1415.0,338.75,57.5,1018.75,1505.2202981329788,224.75,114.0,0.0,57.5,136.75,203.0,8.0,671.0,0.0,0.0,74.22475631147921,15.995541821499495,93494.0,0,0,0,35,SALT LAKE
1712,350807,821.25,1835.5824012247317,0.4474056841316675,396.25,74.0,19.0,303.25,505.1983387396119,68.25,5.75,0.0,19.0,54.25,59.5,74.0,115.5,0.0,0.0,45.96589281745763,62.98244592215427,59644.0,0,0,0,35,SALT LAKE
1713,350808,323.75,750.8421482868519,0.43118250718700263,74.5,13.5,0.0,61.0,126.95097242201712,13.25,0.25,0.0,0.0,1.5,2.5,29.0,28.0,0.0,0.0,27.70778160255656,24.743190819460565,65595.0,0,0,0,35,SALT LAKE
1714,350809,3211.25,6862.261881874081,0.4679579496203967,2699.0,509.0,523.75,1666.25,3789.913697062569,318.75,190.25,503.5,20.25,394.5,137.5,0.0,1134.25,1.0121409196955218,0.0,843.2174830915462,246.6840730513273,79063.0,0,0,0,35,SALT LAKE
1715,350810,14.25,34.11095218572548,0.4177543893354945,0.0,0.0,0.0,0.0,1.5319082070866912,0.0,0.0,0.0,0.0,0.0,0.0,0.0,0.0,0.0,0.0,0.5323493391709242,0.999558867915767,99326.0,0,0,0,35,SALT LAKE
1716,350811,289.75,761.2216484044257,0.38063815001496143,64.0,0.5,0.0,63.5,102.32995449775588,0.5,0.0,0.0,0.0,0.0,63.5,0.0,0.0,2.7830698672173284,0.0,13.30201050457369,22.244874125964863,99326.0,723,0,0,35,SALT LAKE
1717,350812,21.75,55.06577917957856,0.39498215269177744,285.75,180.25,17.0,88.5,299.0426751853312,27.75,152.5,1.25,15.75,11.75,5.75,0.0,71.0,0.252928870292887,0.0,11.540199098453488,1.4995472165847965,99326.0,0,0,0,35,SALT LAKE
1718,350813,465.0,1483.7476105590044,0.31339561842651287,61.75,0.0,0.0,61.75,117.51878640982574,0.0,0.0,0.0,0.0,0.0,61.75,0.0,0.0,0.0,0.0,19.778817311451878,35.98996909837386,99326.0,666,0,0,35,SALT LAKE
1719,350814,688.0,2198.861310537468,0.31288921984435303,0.0,0.0,0.0,0.0,78.81886807366364,0.0,0.0,0.0,0.0,0.0,0.0,0.0,0.0,0.0,0.0,25.833635789946555,52.98523228371708,99326.0,0,0,0,35,SALT LAKE
1720,350815,535.0,1313.7117275352516,0.4072430722710771,141.0,29.75,12.0,99.25,209.87171506070732,20.25,9.5,0.0,12.0,16.75,17.25,0.0,65.25,0.0,0.0,27.88313914311486,40.988575917592456,55718.0,0,0,0,35,SALT LAKE
1721,350816,0.0,0.0,0.0,6520.0,3169.5,102.25,3248.25,6764.804428523382,1932.25,1237.25,38.5,63.75,838.25,289.5,309.0,1811.5,0.0,0.0,244.80442852338183,0.0,83407.0,0,0,0,35,SALT LAKE
1722,350817,719.0,2237.6881625908463,0.3213137612380831,303.75,18.25,4.75,280.75,398.1398680844944,17.0,1.25,1.0,3.75,8.5,90.25,165.0,17.0,0.0,0.0,39.40519307308992,54.98467501140452,80953.0,616,0,0,35,SALT LAKE
1723,350818,699.5,2165.8078389331768,0.3229741750055519,388.5,84.5,10.5,293.5,489.0894878190687,46.0,38.5,0.0,10.5,36.0,81.5,20.0,156.0,0.0,0.0,46.85442388848681,53.73506393058186,75377.0,560,0,0,35,SALT LAKE
1724,350819,739.75,1564.8230850421614,0.4727371464998989,213.5,39.25,2.75,171.5,314.0274874325828,30.25,9.0,1.0,1.75,8.25,76.25,50.0,37.0,0.0,0.0,43.54336969349082,56.98411773909196,96192.0,494,0,0,35,SALT LAKE
1725,350820,1120.75,2698.228955499864,0.41536504814224484,2412.75,439.5,67.25,1906.0,2677.154826985044,258.75,180.75,0.0,67.25,462.5,347.75,109.0,986.75,0.0,0.0,178.42920762309507,85.97561936194896,58791.0,246,1094,0,35,SALT LAKE
1726,350821,1365.5,3140.6787030783707,0.43477863515984305,1885.75,426.25,66.25,1393.25,2117.740053182514,295.75,130.5,5.25,61.0,287.0,237.0,179.5,689.75,0.0,0.0,127.01940282942516,104.97065035308891,77187.0,515,0,0,35,SALT LAKE
1727,350822,781.749997976892,1813.156304850379,0.43115422310014345,1005.4999973978446,197.99999948759148,47.99999987577975,759.4999980344734,1154.5543148918362,103.49999973215009,94.49999975544138,3.4999999909422734,44.49999988483748,140.24999963704397,250.49999935172556,1.9999999948241562,366.74999905087964,0.0,0.0,88.82084428961288,60.233473204378406,65595.0,0,0,0,35,SALT LAKE
1728,350823,961.5,2817.3593213912554,0.3412770223164848,127.75,28.0,31.25,68.5,251.93008182451388,24.0,4.0,27.25,4.0,16.0,8.0,0.0,44.5,5.060704598477609,0.0,45.139973087897815,73.97940413813848,79063.0,0,0,0,35,SALT LAKE
1729,350824,790.0,2284.002603034127,0.34588401911212535,75.75,14.75,1.0,60.0,170.2630076236336,8.75,6.0,0.0,1.0,12.0,4.75,0.0,43.25,1.0121409196955218,0.0,32.517863509471226,60.98300319446683,98769.0,0,0,0,35,SALT LAKE
1730,350825,465.5,1244.6165698212242,0.3740107686874714,1262.5,613.75,58.0,590.75,1416.9337163184168,352.0,261.75,0.25,57.75,127.75,59.75,17.0,386.25,0.5054351359570475,0.0,117.93826557473292,35.99001560772699,99326.0,0,0,0,35,SALT LAKE
1731,350826,907.25,2367.736739583493,0.3831718217793055,47.0,12.5,1.0,33.5,160.31661521750175,9.5,3.0,0.0,1.0,6.75,1.0,0.0,25.75,0.0,0.0,43.586055888515325,69.73055932898644,97427.0,0,0,0,35,SALT LAKE
1732,350827,672.25,1785.3245154038364,0.37654218838077097,242.25,36.0,2.25,204.0,338.5824238830662,25.25,10.75,0.0,2.25,28.5,93.75,0.0,81.75,0.0,0.0,44.59684910326665,51.73557477979952,97427.0,1150,0,0,35,SALT LAKE
1733,350828,523.0,1362.7220592895874,0.38379066107776205,1050.25,183.5,52.25,814.5,1167.2665342361515,133.5,50.0,8.25,44.0,135.0,173.75,0.0,505.75,0.0,0.0,77.02767968240272,39.98885455374874,97427.0,577,227,0,35,SALT LAKE
1734,350829,863.0,1858.4665382924863,0.46436133350719533,479.25,126.25,13.5,339.5,595.6216870896134,55.25,71.0,6.0,7.5,53.0,132.0,7.0,147.5,0.0,0.0,50.3900770759279,65.98161001368541,100890.0,0,1361,0,35,SALT LAKE
1735,350830,508.0,2048.564747567163,0.24797849352981946,192.25,43.0,2.0,147.25,257.5255853025258,34.25,8.75,0.0,2.0,21.25,72.75,0.0,53.25,0.0,0.0,26.286452112620815,38.98913318990502,102819.0,781,0,0,35,SALT LAKE
1736,350831,137.25,333.53328663784623,0.41150315575256935,33.0,9.75,0.0,23.25,50.38958563339911,9.75,0.0,0.0,0.0,2.25,3.25,7.0,10.75,0.0,0.0,6.39265063111821,10.996935002280903,55718.0,0,0,0,35,SALT LAKE
1737,350832,0.75,0.75,1.0,1972.0,155.5,916.25,900.25,2061.329049175048,106.75,48.75,274.5,641.75,165.75,184.75,7.0,542.75,0.0,0.0,89.3290491750481,0.0,79444.0,0,0,0,35,SALT LAKE
1738,350833,479.0,1389.1658906468442,0.34481123041176953,423.25,63.5,19.5,340.25,493.61828178340176,27.25,36.25,0.0,19.5,45.5,44.5,145.0,105.25,0.0,0.0,33.8785100416784,36.48977174172335,72021.0,0,0,0,35,SALT LAKE
1739,350834,689.5,1568.561794708406,0.43957464878084535,1008.25,145.25,69.75,793.25,1333.7842702346088,73.75,71.5,4.75,65.0,207.75,200.75,43.25,341.5,0.0,0.0,272.2991018108179,53.23516842379093,54164.0,1207,0,0,35,SALT LAKE
1740,350835,524.0,1144.7789988990476,0.4577302697760347,1309.0,252.5,95.75,960.75,1487.2309735182173,195.5,57.0,50.0,45.75,263.5,89.0,0.0,608.25,0.0,0.0,137.99183456276896,40.23913895544843,67567.0,0,0,0,35,SALT LAKE
1741,350836,716.0,1907.55190721948,0.3753502053024962,984.25,232.75,102.0,649.5,1132.5808118151003,187.75,45.0,0.0,102.0,128.0,297.0,25.0,199.5,0.0,0.0,93.09620066362189,55.23461115147836,74159.0,0,896,1795,35,SALT LAKE
1742,350837,478.75,1184.8074552780836,0.404074094796807,629.5,76.0,37.75,515.75,712.8537057609366,42.5,33.5,7.0,30.75,84.0,129.5,6.0,296.25,0.0,0.0,46.36401529871899,36.98969046221758,66291.0,0,0,0,35,SALT LAKE
1743,350838,228.5,583.1308482216228,0.39185030374719093,881.75,80.25,19.25,782.25,961.8408027435712,50.75,29.5,0.0,19.25,132.75,428.5,8.0,213.0,0.0,0.0,62.59557435857212,17.495228384998995,66291.0,0,0,0,35,SALT LAKE
1744,350839,686.2500037098066,1882.5766241957947,0.36452699714305714,1116.7500060370514,154.00000083251032,83.75000045274507,879.000004751796,1283.231910746191,105.75000057167512,48.25000026083522,14.000000075682758,69.7500003770623,135.00000072979802,347.2500018772027,0.0,396.7500021447953,0.0,0.0,113.74742082043633,52.73448388870307,57444.0,0,0,0,35,SALT LAKE
1745,350840,524.4999962515881,1418.4009096376708,0.36978261413098723,1213.7499913257673,222.49999840987292,27.99999979989412,963.2499931160004,1327.4349359027171,149.2499989333642,73.24999947650872,0.0,27.99999979989412,324.2499976827024,86.24999938360241,0.0,552.7499960496955,1.0121409124621163,0.0,72.18433238011404,40.48847128437352,81590.0,0,0,0,35,SALT LAKE
1746,350841,868.75,2789.2378376202214,0.3114650132314345,179.25,2.5,0.0,176.75,285.58530900881254,2.0,0.5,0.0,0.0,1.75,169.5,0.0,5.5,0.0,0.0,39.3539776312834,66.98133137752914,97427.0,954,1433,0,35,SALT LAKE
1747,350842,512.0,1702.5458679739982,0.3007261123656373,12.25,3.75,0.0,8.5,71.17958905524497,2.5,1.25,0.0,0.0,2.0,0.25,0.0,6.25,0.2525062656641604,0.0,19.687949599675797,38.98913318990502,97427.0,0,0,0,35,SALT LAKE
1748,350843,245.5,643.4863803169538,0.381515456285302,29.0,6.5,0.25,22.25,58.29789073957267,5.0,1.5,0.0,0.25,5.0,1.25,0.0,16.0,0.0,0.0,10.303184826542022,18.99470591303065,97427.0,0,0,0,35,SALT LAKE
1749,350844,762.9999991165688,2296.3395845497967,0.33226792946921957,69.99999991895126,0.0,0.0,69.99999991895126,160.26178500945676,0.0,0.0,0.0,0.0,0.999999998842161,64.99999992474046,3.999999995368644,0.0,0.0,0.0,31.278224692019563,58.98356039848593,92040.0,565,0,0,35,SALT LAKE
1750,350845,793.0000006543606,2502.151824665271,0.3169272115453847,0.0,0.0,0.0,0.0,90.75927242841053,0.0,0.0,0.0,0.0,0.0,0.0,0.0,0.0,0.0,0.0,29.776269183622283,60.98300324478824,92196.0,0,0,0,35,SALT LAKE
1751,350846,675.5,1965.1902680122805,0.3437326201921629,4.0,0.0,4.0,0.0,82.49996733581597,0.0,0.0,3.0,1.0,0.0,0.0,0.0,0.0,0.0,0.0,26.51445641594261,51.98551091987336,54519.0,0,0,0,35,SALT LAKE
1752,350847,229.0,564.5681129175622,0.40561979105865376,124.75,5.25,4.5,115.0,159.52719931892892,3.5,1.75,0.0,4.5,12.75,81.5,0.0,20.75,0.0,0.0,17.03212769611251,17.745071622816393,81365.0,573,0,0,35,SALT LAKE
1753,350848,429.25,1077.302588326871,0.3984488709589535,505.25,72.5,16.75,416.0,581.6467536679255,46.0,26.5,0.0,16.75,116.75,109.0,0.0,190.25,0.0,0.0,43.15608217074716,33.24067149717841,81365.0,0,0,163,35,SALT LAKE
1754,350849,1195.7500033799067,3627.829357927688,0.3296048092137803,2652.0000074961426,453.50000128186304,171.50000048476187,2027.0000057295179,2921.69513609394,293.5000008296071,160.00000045225596,58.50000016535609,113.00000031940579,481.00000135959453,199.25000056320002,121.75000034413853,1225.0000034625848,0.0,0.0,177.97081537108258,91.72431322671481,57444.0,0,0,0,35,SALT LAKE
1755,350850,108.25,260.1781588658616,0.4160610578223431,111.0,13.25,0.25,97.5,131.9925653417529,10.25,3.0,0.0,0.25,7.75,61.0,0.0,28.75,2.024281839391044,0.0,10.720669284788157,8.247614217573721,97427.0,0,0,0,35,SALT LAKE
1756,350851,268.5,888.4589768585967,0.3022086635326251,356.75,9.5,15.75,331.5,401.9841432853553,7.5,2.0,0.0,15.75,38.75,34.25,202.0,56.5,1.0121409196955218,0.0,23.4777434419206,20.744258923739142,97427.0,0,0,0,35,SALT LAKE
1757,350852,0.0,0.0,0.0,147.0,32.75,3.75,110.5,179.26689092428126,21.5,11.25,0.0,3.75,27.0,7.5,0.0,76.0,0.0,0.0,32.26689092428126,0.0,56502.0,0,0,0,35,SALT LAKE
1758,350853,383.0,1105.51603585745,0.34644454497029625,337.0,33.25,0.25,303.5,400.2808280099137,3.5,29.75,0.0,0.25,4.0,279.25,0.0,20.25,0.0,0.0,34.28890845844579,28.99191955146784,72694.0,676,0,2749,35,SALT LAKE
1759,350854,5.0,13.027955953971668,0.38379006021092,960.0,120.5,379.75,459.75,1033.4992449184217,104.25,16.25,38.25,341.5,33.0,73.25,0.0,353.5,1.0121409196955218,0.0,72.48710399872598,0.0,79444.0,0,0,0,35,SALT LAKE
1760,350855,1526.0,4203.729810605712,0.3630109613967126,3832.5,475.5,126.5,3230.5,4207.908261663915,290.75,184.75,0.0,126.5,614.75,356.5,1070.25,1189.0,0.0,0.0,258.19074019274035,117.21752147117508,71395.0,0,0,414,35,SALT LAKE
1761,350856,311.75,761.3125872665785,0.40949014270118556,526.75,45.5,259.0,222.25,619.9766420970515,38.5,7.0,238.5,20.5,37.25,47.5,27.0,110.5,0.0,0.0,69.23342222824363,23.993219868807792,71395.0,0,0,0,35,SALT LAKE
1762,350857,55.75,141.04728167156577,0.39525752881800374,492.0,144.25,13.75,334.0,516.5663387766338,104.75,39.5,0.0,13.75,35.25,92.5,12.0,194.25,0.0,0.0,20.56745332125884,3.998885455374874,73487.0,0,0,0,35,SALT LAKE
1763,350858,224.5,556.0536693538393,0.40373800655048214,1890.0,440.25,71.0,1378.75,1986.3931733824688,356.0,84.25,0.0,71.0,234.25,318.25,198.75,627.5,0.0,0.0,79.39791019712564,16.995263185343212,81365.0,0,0,0,35,SALT LAKE
1764,350859,475.25,1174.283950132759,0.4047147199331733,2349.75,579.25,106.25,1664.25,2499.560205229805,304.25,275.0,3.0,103.25,435.0,372.5,68.0,788.75,0.0,0.0,113.07049734800812,36.73970788179719,58827.0,0,0,0,35,SALT LAKE
1765,350860,476.2499976805415,1277.2446364361756,0.3728729673975342,391.749998092078,11.999999941556952,15.7499999232935,363.99999822722754,485.3425546361503,11.249999945209643,0.7499999963473095,0.0,15.7499999232935,122.49999940339389,87.24999957507033,0.0,154.24999924876332,1.0121409147661384,0.0,55.84052219955868,36.739893429747475,81590.0,719,0,0,35,SALT LAKE
1766,350861,1204.5,2634.884103420448,0.45713585597043555,9287.0,1188.75,2480.75,5617.5,9886.988671575373,759.75,429.0,2309.75,171.0,1686.25,564.5,0.0,3366.75,6.072845518173131,0.0,501.4416347869077,92.47419127029174,76192.0,0,0,0,35,SALT LAKE
1767,350862,422.0,1167.197760848776,0.3615496997639246,2512.75,96.75,1603.25,812.75,2657.199858811608,70.75,26.0,459.75,1143.5,158.5,151.75,2.0,500.5,1.0121409196955218,0.0,110.94669231902814,32.49102557288482,56502.0,0,0,0,35,SALT LAKE
1768,350863,2832.0,6253.435771915768,0.45287104614051293,1903.25,387.75,52.25,1463.25,2350.452332266379,268.25,119.5,0.0,52.25,430.0,118.25,0.0,915.0,1.0121409196955218,0.0,228.5023327486235,217.68785859806025,97427.0,0,0,0,35,SALT LAKE
1769,350864,0.0,0.0,0.0,1520.0,84.75,1110.0,325.25,1578.8517736066776,78.25,6.5,878.25,231.75,52.0,71.75,0.0,201.5,0.0,1.7767688232282393,57.07500478344939,0.0,56502.0,0,0,0,35,SALT LAKE
1770,350865,0.0,0.0,0.0,1427.7499993047643,119.74999994168833,1178.7499994260136,129.24999993706234,1484.3973491876006,117.49999994278396,2.2499999989043737,887.7499995677146,290.999999858299,2.999999998539165,11.499999994400133,0.0,114.74999994412306,3.0364227576079945,0.0,53.61092712522851,0.0,56502.0,0,0,0,35,SALT LAKE
1771,350866,771.000004252399,2094.809948363712,0.36805248364160137,129.00000071149088,14.500000079973782,47.75000026336193,66.75000036815517,221.77631206046635,8.750000048260041,5.750000031713741,1.0000000055154332,46.7500002578465,12.000000066185198,9.500000052396615,0.0,45.250000249573354,0.0,0.0,33.79275055687615,58.98356079209928,56502.0,0,0,0,35,SALT LAKE
1772,350867,314.00000008865914,882.3792817903372,0.35585604350496175,0.0,0.0,0.0,0.0,35.78366396043897,0.0,0.0,0.0,0.0,0.0,0.0,0.0,0.0,0.0,0.0,11.790351221415124,23.99331273902385,83804.0,0,0,0,35,SALT LAKE
1773,350868,492.25,1403.423005215498,0.35074955887901677,92.5,21.25,0.5,70.75,169.44025623857647,13.75,7.5,0.0,0.5,14.75,2.25,0.0,53.75,0.0,0.0,38.95084441251517,37.9894118260613,90315.0,0,0,0,35,SALT LAKE
1774,350869,151.75,421.2886343784545,0.3602043530651697,697.25,151.5,159.25,386.5,743.8758403987923,117.5,34.0,0.0,159.25,50.5,60.5,140.75,134.75,0.0,0.0,34.629184032667695,11.996656366124622,79691.0,0,0,0,35,SALT LAKE
1775,350870,333.25,926.114122536924,0.35983686231576,414.5,181.5,26.25,206.75,473.82535172620703,74.0,107.5,0.0,26.25,29.75,20.25,3.0,153.75,0.0,0.0,33.83249177306128,25.492859953145743,79691.0,0,0,0,35,SALT LAKE
1776,350871,10.25,29.717559066763076,0.34491392704806223,266.0,4.25,44.0,217.75,279.1221338445465,3.0,1.25,0.0,44.0,57.25,83.5,57.0,20.0,0.0,0.0,12.122412480702792,0.9997213638437183,79691.0,0,0,0,35,SALT LAKE
1777,350872,320.75,838.1522605547076,0.38268703085966815,346.25,48.5,2.25,295.5,396.2937380653458,10.25,38.25,0.0,2.25,16.25,3.25,229.75,46.25,0.0,0.0,25.05070396925281,24.993034096092963,73244.0,0,0,0,35,SALT LAKE
1778,350873,183.0,461.5700716028169,0.3964728461802704,175.0,0.0,0.0,175.0,202.43860143799935,0.0,0.0,0.0,0.0,1.0,90.0,74.0,10.0,0.0,0.0,13.442502344187304,13.996099093812058,73487.0,0,0,0,35,SALT LAKE
1779,350874,991.75,1997.251275465759,0.4965574498224936,706.0,155.75,14.0,536.25,849.4778778067118,125.75,30.0,0.0,14.0,63.5,50.25,26.0,396.5,0.0,0.0,67.4990541545892,75.9788236521226,49551.0,0,0,0,35,SALT LAKE
1780,350875,543.0,1344.1904142104725,0.40396062511644826,2303.5,405.75,223.75,1674.0,2458.869919684855,239.5,166.25,1.0,222.75,377.75,255.75,168.0,872.5,0.0,0.0,113.38162240341887,41.988297281436175,59740.0,0,0,0,35,SALT LAKE
1781,350876,300.75,803.9013435395427,0.3741130704867475,1040.5,213.0,53.5,774.0,1128.3489807114745,136.5,76.5,15.0,38.5,173.0,155.75,137.0,308.25,0.0,0.0,64.85538934306899,22.993591368405525,81590.0,0,0,0,35,SALT LAKE
1782,350877,9.0,22.64752512175184,0.397394415134391,1524.25,57.75,955.75,510.75,1582.8236959230237,46.25,11.5,566.75,389.0,45.0,77.5,58.0,330.25,0.0,0.0,57.57397455917989,0.9997213638437183,56502.0,0,0,0,35,SALT LAKE
1783,350878,0.0,0.0,0.0,8.75,0.75,0.0,8.0,30.65030992956552,0.5,0.25,0.0,0.0,3.25,0.75,0.0,4.0,2.024281839391044,19.54445705684245,0.331571033332026,0.0,76192.0,0,0,0,35,SALT LAKE
1784,350879,0.0,0.0,0.0,3.9999999990097144,0.24999999993810715,0.7499999998143214,2.9999999992572857,4.150195555890824,0.24999999993810715,0.0,0.0,0.7499999998143214,0.9999999997524286,0.9999999997524286,0.0,0.9999999997524286,0.0,0.0,0.15019555688110978,0.0,111741.0,0,0,0,35,SALT LAKE
1785,350880,0.0,0.0,0.0,178.25,0.25,174.5,3.5,184.9430940360785,0.25,0.0,172.0,2.5,0.0,1.0,0.0,2.5,0.0,0.0,6.693094036078499,0.0,111741.0,0,0,0,35,SALT LAKE
1786,350881,69.75,185.56186248186052,0.37588542746394543,1621.0,178.5,317.75,1124.75,1735.4874699249049,137.75,40.75,7.0,310.75,358.0,223.25,0.0,543.5,0.0,0.0,108.98880509434387,5.498664830560894,60946.0,0,0,0,35,SALT LAKE
1787,350882,977.75,2409.139641340196,0.40585028083140967,1747.5,507.25,49.25,1191.0,1936.310205822588,394.5,112.75,0.0,49.25,205.25,281.75,55.0,649.0,0.0,0.0,113.5812602576764,75.22894556491129,57679.0,552,0,0,35,SALT LAKE
1788,350883,598.75,1259.244868757777,0.4754833748821675,0.0,0.0,0.0,0.0,77.21827829017263,0.0,0.0,0.0,0.0,0.0,0.0,0.0,0.0,0.0,0.0,31.23118841680304,45.9870898733696,65378.0,0,0,0,35,SALT LAKE
1789,350884,718.25,1520.848258318538,0.47226933789837977,1200.5,428.25,7.75,764.5,1328.0284465589828,164.0,264.25,0.0,7.75,29.5,19.25,163.0,552.75,0.0,0.0,72.04382961769247,55.48461694129036,60946.0,0,0,0,35,SALT LAKE
1790,350885,0.0,0.0,0.0,4777.000003214606,216.50000014569025,840.5000005656011,3720.000002503315,4956.369896780262,142.75000009606134,73.7500000496289,0.0,840.5000005656011,1405.2500009456407,906.0000006096783,0.0,1408.7500009479959,0.0,0.0,179.36989356565525,0.0,60946.0,0,0,0,35,SALT LAKE
1791,350886,316.0,669.0320055870559,0.47232418981617974,1270.0,190.75,285.0,794.25,1356.491862318805,122.75,68.0,163.75,121.25,275.5,51.5,0.0,467.25,0.0,0.0,62.24856704494541,24.243295273859445,39291.0,0,0,0,35,SALT LAKE
1792,350887,1183.0,1817.809245114317,0.6507833553930487,1433.0,334.5,143.75,954.75,1637.1990744195948,257.25,77.25,43.25,100.5,402.5,64.75,24.0,463.5,0.0,0.0,113.22454640421276,90.974528015382,39291.0,0,0,0,35,SALT LAKE
1793,350888,386.75,709.0712704721556,0.5454317726657736,536.0,77.5,20.25,438.25,602.6400361631132,46.5,31.0,0.0,20.25,91.5,99.5,8.0,239.25,0.0,0.0,36.89830817417222,29.74172798894101,41199.0,0,0,0,35,SALT LAKE
1794,350889,632.75,1199.527046891478,0.5274995688006736,752.25,75.75,26.75,649.75,866.2419610841577,34.0,41.75,0.0,26.75,152.75,119.0,83.0,295.0,0.0,0.0,65.25548076340286,48.73648032075487,86602.0,0,0,0,35,SALT LAKE
1795,350890,720.5,1527.2942019655409,0.4717493192030438,1409.75,791.25,18.0,600.5,1557.2269357964533,474.25,317.0,0.0,18.0,190.75,30.25,12.5,367.0,0.0,0.0,92.24267285484578,55.23426294160744,63756.0,0,0,0,35,SALT LAKE
1796,350891,908.75,1812.7000116199115,0.5013239886217574,214.5,45.5,11.25,157.75,329.1647237828023,7.5,38.0,1.5,9.75,34.0,24.25,17.0,82.5,0.0,0.0,44.68422831374199,69.98049546906029,40745.0,0,0,0,35,SALT LAKE
1797,350892,1091.999999924117,2308.838800322671,0.4729650245705785,0.0,0.0,0.0,0.0,124.97998159288176,0.0,0.0,0.0,0.0,0.0,0.0,0.0,0.0,0.0,0.0,41.003387035844916,83.97659455703682,60946.0,0,0,0,35,SALT LAKE
1798,350893,0.0,0.0,0.0,1206.0,657.25,15.5,533.25,1251.2837152962234,508.0,149.25,0.0,15.5,91.5,76.0,18.0,347.75,0.0,0.0,45.28371529622327,0.0,60946.0,0,0,0,35,SALT LAKE
1799,350894,722.75,1599.588870746231,0.4518348515783477,239.25,44.0,11.75,183.5,331.14990284234926,29.75,14.25,2.0,9.75,70.5,9.0,2.0,102.0,0.0,0.0,36.165744441394125,55.73415840095515,60946.0,0,0,0,35,SALT LAKE
1800,350895,467.5,1159.900780717928,0.403051715949909,1462.25,150.25,243.0,1069.0,1593.6957423746076,116.5,33.75,195.0,48.0,78.75,46.75,490.75,452.75,0.0,0.0,95.45602866147796,35.9897137131294,60946.0,0,0,0,35,SALT LAKE
1801,350896,1015.75,1830.189200768605,0.5549972645305886,894.25,253.0,62.5,578.75,1054.450056839033,81.5,171.5,0.0,62.5,118.25,90.5,30.75,339.25,0.0,0.0,82.22176724983154,77.97828958920164,54208.0,0,0,0,35,SALT LAKE
1802,350897,597.75,1128.591820909514,0.5296423285420259,2109.25,453.25,145.75,1510.25,2275.407248593196,311.75,141.5,77.75,68.0,237.75,278.25,164.75,829.5,0.0,0.0,120.42016452689012,45.73708406630597,54208.0,0,0,0,35,SALT LAKE
1803,350898,580.5,1222.9312093759904,0.4746791933588843,687.75,97.0,34.0,556.75,789.1075405311173,74.0,23.0,9.5,24.5,70.0,88.0,177.5,221.25,0.0,0.0,56.869997878644185,44.487542652473095,64045.0,0,0,0,35,SALT LAKE
1804,350899,386.74999997279525,874.0475661258884,0.4424816393998081,104.24999999266686,25.49999999820628,6.999999999507606,71.74999999495296,154.42952855696942,23.999999998311793,1.499999999894487,2.999999999788974,3.999999999718632,28.99999999796008,7.499999999472435,13.999999999015213,21.249999998505235,0.0,0.0,20.187887651100674,29.99164091320189,52893.0,0,0,0,35,SALT LAKE
1805,350900,278.5,672.8746967588585,0.41389578377890385,545.0,146.25,12.75,386.0,603.8754788739641,30.75,115.5,0.0,12.75,19.75,169.5,41.0,155.75,0.0,0.0,37.38138828179687,21.49409059216728,44623.0,0,0,2194,35,SALT LAKE
1806,350901,1060.25,2312.008290587824,0.45858399570463193,432.25,175.25,22.25,234.75,586.7671286422407,136.75,38.5,13.5,8.75,39.0,37.5,14.75,143.5,0.0,0.0,73.03984910445509,81.47727953778558,72052.0,0,0,0,35,SALT LAKE
1807,350902,418.0,916.9351183657972,0.45586649657936357,522.0,35.5,3.5,483.0,592.2879043813068,18.5,17.0,0.5,3.0,203.0,95.5,28.0,156.5,0.0,0.0,38.04690781193735,32.24099656936953,76203.0,48,15,40,35,SALT LAKE
1808,350903,1993.2500024936996,5328.478773389033,0.3740748696322473,1103.7500013808708,73.25000009164103,45.00000005629825,985.5000012329316,1448.0193456352677,43.0000000537961,30.25000003784493,0.0,45.00000005629825,291.50000036468754,249.00000031151697,0.0,445.0000005567271,0.0,0.0,190.81226559715773,153.45707865723926,37668.0,0,0,0,35,SALT LAKE
1809,350904,1437.5,3459.7468271886128,0.415492829909786,247.25,21.0,41.25,185.0,422.4777155254468,16.25,4.75,0.0,41.25,32.5,36.0,3.5,113.0,0.0,0.0,64.75853964558502,110.4691758798618,37668.0,0,0,0,35,SALT LAKE
1810,350905,290.75,415.5822391395169,0.6996208514637486,190.25,16.25,87.25,86.75,232.5554977121117,8.25,8.0,0.0,87.25,18.0,30.0,0.0,38.75,0.0,0.0,20.06173799057096,22.243759721540748,45967.0,0,0,0,35,SALT LAKE
1811,350906,296.0,637.1876827432711,0.4645413086543626,280.25,3.75,11.25,265.25,332.38144129940247,3.5,0.25,0.0,11.25,2.0,248.75,8.0,6.5,0.0,0.0,29.387786071070767,22.74365522833168,85973.0,709,945,0,35,SALT LAKE
1812,350907,237.9999998510413,546.4777679548178,0.4355163445015368,373.74999976607853,96.99999993928995,42.499999973400236,234.24999985338837,425.70632065882114,61.99999996119564,34.999999978094316,0.0,42.499999973400236,30.99999998059782,54.99999996557678,5.999999996244739,142.24999991096902,0.0,0.0,33.96124349137691,17.99507740136568,85973.0,0,0,0,35,SALT LAKE
1813,350908,789.75,1612.6150239137862,0.4897325079381263,346.25,46.75,31.25,268.25,454.13829554057145,39.25,7.5,0.0,31.25,58.5,66.5,0.0,143.25,0.0,0.0,47.155274926525024,60.73302061404644,41529.0,0,0,0,35,SALT LAKE
1814,350909,461.0,1324.4086682698728,0.34807987220607856,610.0,115.5,61.0,433.5,698.2057139223909,88.75,26.75,9.0,52.0,69.0,138.25,0.0,226.25,0.0,0.0,52.96553004778696,35.24018387460399,57978.0,419,0,0,35,SALT LAKE
1815,350910,559.5,1136.911696304025,0.4921226528136468,305.75,36.0,117.5,152.25,389.7293319309095,33.25,2.75,90.25,27.25,27.75,31.0,3.0,90.5,0.0,0.0,40.991313285629566,42.98801864527989,45967.0,0,0,0,35,SALT LAKE
1816,350911,467.7499999271757,1048.9755547226428,0.44591124914331526,110.2499999828351,1.9999999996886186,1.2499999998053866,106.9999999833411,173.69383374190323,0.749999999883232,1.2499999998053866,0.0,1.2499999998053866,4.999999999221546,7.49999999883232,79.99999998754474,14.499999997742485,0.0,0.0,27.453864666297548,35.98996909277056,49675.0,0,0,0,35,SALT LAKE
1817,350912,276.5,719.4428025459233,0.3843252014219025,445.5,94.5,20.75,330.25,495.1054737690988,77.0,17.5,0.0,20.75,63.75,61.0,0.0,205.5,0.0,0.0,28.61132512838065,20.994148640718088,53734.0,0,0,0,35,SALT LAKE
1818,350913,207.0,496.00641434298,0.4173333126632976,491.75,38.75,124.25,328.75,535.2367760762262,30.5,8.25,22.0,102.25,61.5,88.25,0.0,179.0,0.0,0.0,27.4912342547267,15.995541821499495,81457.0,0,0,0,35,SALT LAKE
1819,350914,244.75,616.6457802265178,0.3969053350370676,0.0,0.0,0.0,0.0,39.93741188597457,0.0,0.0,0.0,0.0,0.0,0.0,0.0,0.0,0.0,0.0,20.942729186647224,18.994682699327345,81457.0,0,0,0,35,SALT LAKE
1820,350915,342.0,769.4887554327665,0.44445093912731254,70.5,5.0,5.75,59.75,113.48272418033724,3.0,2.0,0.0,5.75,18.25,4.25,0.0,37.25,0.0,0.0,16.989968720400547,25.99275545993668,48336.0,0,0,0,35,SALT LAKE
1821,350916,134.0,350.1523628583664,0.382690549068783,387.0,29.0,17.25,340.75,431.3073106978934,26.5,2.5,14.0,3.25,0.25,46.5,1.0,293.0,0.0,0.0,34.3100970594562,9.997213638437184,51003.0,409,0,0,35,SALT LAKE
1822,350917,371.75,709.9277637663301,0.5236448255351794,299.25,10.25,19.5,269.5,359.4345439531913,6.5,3.75,0.0,19.5,57.25,23.0,84.0,105.25,0.0,0.0,31.692496699122813,28.492047254068503,80568.0,0,0,0,35,SALT LAKE
1823,350918,511.5,1229.798422975348,0.4159218213684872,947.0,181.0,152.75,613.25,1044.2564554210196,139.25,41.75,10.75,142.0,124.25,136.5,92.0,260.5,0.0,0.0,58.01745572783896,39.23899969318066,88737.0,0,0,0,35,SALT LAKE
1824,350919,1022.0,2310.885783188417,0.4422546572552399,1013.0,101.0,94.25,817.75,1175.8913518279312,72.5,28.5,30.0,64.25,145.5,232.5,128.0,311.75,0.0,0.0,84.4133292451182,78.47802258281298,60734.0,254,0,0,35,SALT LAKE
1825,350920,1275.25,2675.322420872839,0.4766715181880555,399.5,68.75,37.75,293.0,570.3623329260196,22.5,46.25,26.5,11.25,53.25,38.25,33.0,168.5,0.0,0.0,72.88973213277667,97.97260079324296,108592.0,0,0,0,35,SALT LAKE
1826,350921,74.25,158.53752038240242,0.46834339165204775,8966.75,236.5,784.75,7945.5,9311.743118552542,132.5,104.0,86.25,698.5,3342.0,650.5,262.25,3690.75,0.0,0.0,339.4948716074648,5.498246945076769,149495.0,0,0,0,35,SALT LAKE
1827,350922,841.5,1872.0883780211636,0.44949800975180615,197.5,37.25,34.5,125.75,322.52145525322845,6.0,31.25,33.25,1.25,49.25,22.25,2.0,52.25,0.0,0.0,60.53922993001308,64.48222532321535,149495.0,0,0,0,35,SALT LAKE
1828,350923,2483.75,5481.1451814613765,0.45314435538045456,228.75,8.25,175.5,45.0,521.003293141697,1.5,6.75,173.0,2.5,4.5,31.75,0.0,8.75,0.0,0.0,101.8078476498111,190.44544549188595,136616.0,0,0,0,35,SALT LAKE
1829,350924,732.9999996578782,1394.3046373081634,0.5257100780163824,616.749999712137,26.99999998739797,30.999999985531,558.749999739208,732.8751166204157,21.99999998973168,4.999999997666291,0.9999999995332581,29.999999985997743,201.74999990583484,64.24999997001183,69.49999996756144,223.24999989579987,0.0,0.0,59.89064511972736,56.23447178855139,65715.0,0,0,0,35,SALT LAKE
1830,350925,98.0,253.70410989369336,0.3862767538179172,3155.25,182.0,145.5,2827.75,3285.0084564908,137.75,44.25,1.5,144.0,986.0,386.25,36.5,1419.0,0.0,0.0,122.2612543273876,7.497202163412191,57947.0,0,0,0,35,SALT LAKE
1831,350926,1238.5,3022.508154858167,0.4097590267901584,45.75,0.0,4.0,41.75,194.94580145403935,0.0,0.0,1.0,3.0,33.75,0.0,8.0,0.0,0.0,0.0,54.22227188888611,94.97352956515326,61673.0,0,0,0,35,SALT LAKE
1832,350927,944.25,2447.6929082366755,0.3857714326917915,670.5,237.5,15.5,417.5,803.8119215255149,177.5,60.0,2.5,13.0,113.0,45.75,0.0,258.75,0.0,0.0,60.58198906521297,72.72993246030197,57947.0,0,0,0,35,SALT LAKE
1833,350928,696.0,1765.12300962575,0.39430679686599823,467.0,60.25,3.0,403.75,569.6509291853683,36.25,24.0,2.75,0.25,127.5,92.5,108.5,75.25,0.0,0.0,49.1658478352069,53.485081350161465,77272.0,528,0,0,35,SALT LAKE
1834,350929,883.25,2254.423713854053,0.39178526848000494,270.0,112.0,11.75,146.25,401.2824351190168,53.0,59.0,4.0,7.75,46.5,10.75,30.5,58.5,0.0,0.0,63.30140559134725,67.98102952766955,74521.0,0,0,0,35,SALT LAKE
1835,350930,695.0,1656.145862886808,0.41964902704195023,1422.25,199.25,146.5,1076.5,1556.7368270144357,132.25,67.0,114.75,31.75,90.25,523.25,46.0,417.0,0.0,0.0,81.50159473071854,52.98523228371708,84600.0,641,950,0,35,SALT LAKE
1836,350931,791.5,1728.3608978145862,0.4579483376422173,21.0,0.0,0.5,20.5,121.49132788193825,0.0,0.0,0.5,0.0,20.5,0.0,0.0,0.0,0.0,0.0,39.5083246874714,60.98300319446683,76969.0,0,0,0,35,SALT LAKE
1837,350932,434.0,953.4137488028005,0.4552063577276632,296.75,19.5,11.25,266.0,359.92587393001475,13.0,6.5,1.5,9.75,48.0,33.75,89.75,94.5,0.0,0.0,29.685173416381144,33.49070051363364,73569.0,0,0,0,35,SALT LAKE
1838,350933,218.0,475.49690868404656,0.45846775450827265,98.0,2.25,9.0,86.75,136.60798292332646,1.5,0.75,0.5,8.5,8.0,8.25,55.5,15.0,0.0,0.0,21.8626558780571,16.74532704526937,75198.0,0,0,0,35,SALT LAKE
1839,350934,135.25,282.9663106494495,0.4779720938848913,54.0,1.0,22.0,31.0,73.85340528235464,1.0,0.0,20.75,1.25,5.5,6.0,10.0,9.5,0.0,0.0,9.106359997052682,10.747045285301962,57947.0,0,0,0,35,SALT LAKE
1840,350935,720.4999988883595,1461.0826562972313,0.49312747350947034,145.74999977512618,0.7499999988428447,0.0,144.99999977628332,237.75955825583478,0.0,0.7499999988428447,0.0,0.0,3.749999994214224,136.99999978862633,0.2499999996142816,3.9999999938285056,0.0,0.0,36.77494741445028,55.23461106625834,71040.0,0,0,2126,35,SALT LAKE
1841,350936,1139.75,2741.330488349005,0.4157652661158802,672.25,246.75,247.0,178.5,860.7603367518101,13.25,233.5,237.5,9.5,45.25,44.25,6.0,83.0,0.0,0.0,101.03472903096228,87.47560772084789,116068.0,0,0,0,35,SALT LAKE
1842,350937,876.75,1881.2484864295084,0.4660468865886061,66.0,0.0,15.0,51.0,188.63026013518464,0.0,0.0,11.0,4.0,19.75,5.25,5.0,21.0,0.0,0.0,55.14912611430602,67.48113402087861,115312.0,0,0,0,35,SALT LAKE
1843,350938,360.25,1018.9419273290696,0.3535530243066114,276.75,9.0,8.75,259.0,335.8989063121904,6.75,2.25,1.5,7.25,26.5,7.5,116.0,109.0,0.0,0.0,31.6565804219656,27.492325890224784,90282.0,0,0,0,35,SALT LAKE
1844,350939,380.74999938150154,848.5798768180264,0.4486908183696553,38.499999937459776,6.249999989847366,4.499999992690103,27.749999954922302,84.48571142167644,6.249999989847366,0.0,4.499999992690103,0.0,4.499999992690103,1.999999996751157,7.249999988222944,13.9999999772581,0.0,0.0,16.74390226327091,29.241809220945758,120720.0,0,0,0,35,SALT LAKE
1845,350940,567.5,1604.3095309836872,0.3537347307611117,0.0,0.0,0.0,0.0,72.04734058157813,0.0,0.0,0.0,0.0,0.0,0.0,0.0,0.0,0.0,0.0,28.30953671252836,43.73780386904977,91034.0,0,0,0,35,SALT LAKE
1846,350941,1066.25,2358.754522701991,0.45203940882266697,89.0,1.75,16.5,70.75,221.10684512907736,0.0,1.75,16.5,0.0,7.75,44.75,8.0,10.25,0.0,0.0,50.12960043045102,81.97724469862636,98072.0,462,0,0,35,SALT LAKE
1847,350942,690.75,1587.868362057502,0.435017169247551,120.0,0.0,41.75,78.25,244.6777108771421,0.0,0.0,0.25,41.5,22.0,0.0,32.0,24.25,0.0,0.0,71.69254824747487,52.98516262966723,102520.0,0,0,0,35,SALT LAKE
1848,350943,237.25,481.09889331106064,0.4931418535743814,0.0,0.0,0.0,0.0,31.15239613026392,0.0,0.0,0.0,0.0,0.0,0.0,0.0,0.0,0.0,0.0,12.6575625146326,18.494833615631315,102705.0,0,0,0,35,SALT LAKE
1849,350944,287.25,619.8083892332422,0.4634496805623326,1186.75,155.5,17.0,1014.25,1274.5835187709126,26.0,129.5,3.75,13.25,319.0,17.0,200.0,478.25,0.0,0.0,65.83960232600427,21.99391644490836,75198.0,0,0,0,35,SALT LAKE
1850,350945,495.75,1049.6765923978642,0.4722883253664986,126.5,14.75,7.25,104.5,189.10379553951543,12.0,2.75,0.0,7.25,25.75,26.75,6.0,46.0,0.0,0.0,24.614383713454156,37.9894118260613,59129.0,0,0,0,35,SALT LAKE
1851,350946,199.0,412.7467422223862,0.4821358466174874,137.25,45.25,1.0,91.0,165.12194660929845,3.75,41.5,0.0,1.0,4.0,73.75,0.0,13.25,0.0,0.0,12.626143571222292,15.245803038076168,41529.0,0,822,0,35,SALT LAKE
1852,350947,1143.5,2789.431546666554,0.4099401547840503,849.25,99.25,35.5,714.5,1026.3023169222324,68.0,31.25,0.0,35.5,134.75,212.25,80.0,287.5,0.0,0.0,89.07683690398518,87.97548001824723,85287.0,447,0,0,35,SALT LAKE
1853,350948,1535.75,3300.471852500151,0.46531225492398887,1084.5,107.75,24.5,952.25,1359.4290602722388,43.0,64.75,5.0,19.5,230.25,140.0,206.75,375.25,0.0,0.0,156.96226437797924,117.96679589425966,78260.0,0,0,0,35,SALT LAKE
1854,350949,679.0,1736.0795977157345,0.3911110993374967,8.0,0.0,1.0,7.0,104.53077781913112,0.0,0.0,1.0,0.0,6.0,0.0,1.0,0.0,0.0,0.0,44.295330759183926,52.235447059947205,78058.0,0,0,0,35,SALT LAKE
1855,350950,314.5,771.4926927778426,0.40765130109996095,0.0,0.0,0.0,0.0,43.05400874196589,0.0,0.0,0.0,0.0,0.0,0.0,0.0,0.0,0.0,0.0,18.810783083346102,24.243225658619775,72573.0,0,0,0,35,SALT LAKE
1856,350951,448.25,1080.0526535630925,0.41502606240651674,674.75,66.75,60.5,547.5,755.4081670670056,33.5,33.25,11.5,49.0,124.5,114.5,82.0,226.5,0.0,0.0,45.917809049454334,34.74035801755121,76309.0,0,0,0,35,SALT LAKE
1857,350952,709.75,1631.95617590326,0.43490751190494775,98.75,0.0,0.5,98.25,202.34156718957857,0.0,0.0,0.5,0.0,0.25,96.25,0.0,1.75,0.0,0.0,49.10678768496499,54.484779504613584,94243.0,572,0,0,35,SALT LAKE
1858,350953,400.0,1158.6434255890856,0.34523132066850437,230.25,39.0,12.25,179.0,301.4068023327299,37.5,1.5,10.0,2.25,51.75,56.25,33.0,38.0,0.0,0.0,40.16544005357463,30.991362279155275,137651.0,389,0,0,35,SALT LAKE
1859,350954,716.25,1795.3933386373158,0.3989376503667024,534.25,62.5,29.25,442.5,661.4718783606273,37.25,25.25,9.75,19.5,70.75,123.25,27.0,221.5,0.0,0.0,72.23762126489851,54.984257095728815,99905.0,441,0,0,35,SALT LAKE
1860,350955,807.25,2061.421367215314,0.39159873514383886,220.0,0.0,3.5,216.5,383.3017423623632,0.0,0.0,3.25,0.25,0.5,0.0,0.0,216.0,0.0,0.0,101.3190642443992,61.982678117964,98216.0,0,0,0,35,SALT LAKE
1861,350956,0.0,0.0,0.0,4443.75,343.5,786.75,3313.5,4610.609812399652,282.5,61.0,330.75,456.0,1389.75,475.75,11.0,1437.0,0.0,0.0,166.85981239965153,0.0,37668.0,0,0,0,35,SALT LAKE
1862,350957,604.75,1347.539645820554,0.448780859157395,715.75,59.5,198.0,458.25,891.3017297165836,37.75,21.75,36.25,161.75,63.75,69.0,1.0,324.5,0.0,0.0,129.06462826359004,46.48710145299358,32464.0,0,0,0,35,SALT LAKE
1863,350958,384.5,809.9818584486211,0.47470198991424656,961.5,158.25,32.75,770.5,1124.7948224736583,89.75,68.5,4.25,28.5,221.0,109.25,0.0,440.25,0.0,0.0,133.30318155834678,29.99164091531156,32464.0,0,0,0,35,SALT LAKE
1864,350959,586.0,1445.7921050566438,0.4053141512880522,234.0,31.75,30.25,172.0,316.7811089908143,22.75,9.0,0.0,30.25,25.0,35.25,0.0,111.75,0.0,0.0,37.54373469147643,45.23737429933787,74169.0,0,0,0,35,SALT LAKE
1865,350960,483.0,988.3590288656716,0.4886888123583326,200.5,36.75,8.0,155.75,276.90533121269027,30.25,6.5,0.0,8.0,43.25,33.75,0.0,78.75,0.0,0.0,39.4156407504727,36.98969046221758,73770.0,0,0,0,35,SALT LAKE
1866,350961,981.0,1879.129103135706,0.5220503468138531,905.0,107.75,86.25,711.0,1059.5464961490832,53.75,54.0,25.5,60.75,161.25,107.25,87.0,355.5,0.0,0.0,79.31741128038381,75.22908486869927,62960.0,0,0,0,35,SALT LAKE
1867,350962,287.0,734.1607852593445,0.39092254144113187,166.25,12.25,6.25,147.75,220.768882858091,9.5,2.75,0.0,6.25,44.5,29.5,6.5,67.25,0.0,0.0,32.275076713455334,22.243806144635656,82904.0,0,0,0,35,SALT LAKE
1868,350963,556.0,1622.5160121877768,0.3426776659358189,96.75,1.75,0.0,95.0,182.99837984560816,1.5,0.25,0.0,0.0,0.25,59.5,0.0,35.25,0.0,0.0,43.51029734040214,42.73808250520605,100807.0,635,0,0,35,SALT LAKE
1869,350964,354.25,1069.1398254630692,0.3313411319670616,0.0,0.0,0.0,0.0,43.793836660394405,0.0,0.0,0.0,0.0,0.0,0.0,0.0,0.0,0.0,0.0,16.801359836614008,26.9924768237804,116771.0,0,0,0,35,SALT LAKE
1870,350965,506.5,1144.7223843284023,0.4424653583559989,1810.0,186.75,478.75,1144.5,1935.974899902564,175.75,11.0,218.25,260.5,340.5,371.25,56.0,376.75,0.0,0.0,86.98576671265909,38.98913318990502,76955.0,0,0,0,35,SALT LAKE
1871,350966,0.0,0.0,0.0,775.0,230.0,307.25,237.75,804.1005492944857,222.5,7.5,179.75,127.5,83.5,12.75,2.25,139.25,0.0,0.0,29.100549294485784,0.0,45830.0,0,0,0,35,SALT LAKE
1872,350967,24.0,64.34071019525585,0.3730142226774742,4041.5,627.75,133.75,3280.0,4243.241360540901,384.5,243.25,0.5,133.25,895.25,322.75,177.25,1884.75,0.0,0.0,199.99180752588117,1.7495530150202043,45830.0,0,0,0,35,SALT LAKE
1873,350968,560.0,1528.7692155510608,0.36630774240057035,2632.25,306.75,78.5,2247.0,2804.9709353068647,203.25,103.5,3.0,75.5,541.75,248.75,93.0,1363.5,0.0,0.0,129.73280052837805,42.98813477848648,62143.0,0,0,0,35,SALT LAKE
1874,350969,188.5,468.0729062417747,0.40271504179443723,186.75,49.25,17.75,119.75,225.58682428392007,44.75,4.5,0.5,17.25,63.5,11.5,1.25,43.5,0.0,0.0,24.090986406684703,14.745837877235385,30205.0,0,0,0,35,SALT LAKE
1875,350970,147.25,354.37134336746175,0.4155245697937562,139.75,0.25,51.25,88.25,163.27271543602643,0.25,0.0,0.0,51.25,0.25,78.25,0.0,9.75,0.0,0.0,12.275844293671703,11.246871142354747,62143.0,0,0,0,35,SALT LAKE
1876,350971,187.25,475.85355453593405,0.3935034176273235,89.0,24.0,22.0,43.0,114.62083756169152,19.25,4.75,20.0,2.0,11.5,8.25,2.25,21.0,0.0,0.0,11.124935824530004,14.49590173716154,30205.0,0,0,0,35,SALT LAKE
1877,350972,512.25,1413.1876489570104,0.36247840149046107,842.25,127.75,62.75,651.75,944.3507832786548,87.25,40.5,0.0,62.75,107.5,170.0,44.0,330.25,0.0,0.0,62.611847445400336,39.4889358332545,53345.0,577,0,0,35,SALT LAKE
1878,350973,661.75,1551.0493383365178,0.4266466473011871,898.5,104.5,58.75,735.25,1018.818286976513,33.25,71.25,0.0,58.75,127.25,246.0,1.0,361.0,0.0,0.0,69.8323464869278,50.48594048958526,62143.0,0,0,60,35,SALT LAKE
1879,350974,684.75,1479.1183073648526,0.4629447127998352,941.0,164.0,40.75,736.25,1073.7758493027711,98.0,66.0,7.0,33.75,101.75,167.0,54.0,413.5,0.0,0.0,80.29044287610688,52.4854064266643,68075.0,0,0,132,35,SALT LAKE
1880,350975,498.75,1241.338987558701,0.4017838841756469,2578.5,956.0,47.25,1575.25,2734.278966977187,713.5,242.5,0.0,47.25,241.75,284.0,13.0,1036.5,0.0,0.0,117.53961899379992,38.23934798338679,82904.0,0,0,0,35,SALT LAKE
1881,350976,414.0,909.7248779494676,0.45508264095532014,686.0,106.75,13.25,566.0,770.5452313986996,50.0,56.75,0.0,13.25,97.25,53.25,175.0,240.5,0.0,0.0,52.55414775570063,31.991083642998998,62829.0,0,0,0,35,SALT LAKE
1882,350977,462.5,1156.7167263220656,0.3998386030697249,0.0,0.0,0.0,0.0,61.35598902792741,0.0,0.0,0.0,0.0,0.0,0.0,0.0,0.0,0.0,0.0,25.61600250997394,35.73998651795347,101047.0,0,0,0,35,SALT LAKE
1883,350978,1755.0,4345.813301238495,0.4038369525676241,563.0,126.0,73.0,364.0,849.7500143809873,89.5,36.5,20.75,52.25,52.5,90.5,84.0,137.0,0.0,0.0,151.78765347147697,134.9623609095104,98907.0,484,0,0,35,SALT LAKE
1884,350979,406.25,1052.9010941051392,0.3858387100882177,72.75,0.0,0.0,72.75,130.97746977544438,0.0,0.0,0.0,0.0,0.0,72.75,0.0,0.0,0.0,0.0,27.23610749628911,30.991362279155275,121548.0,0,936,0,35,SALT LAKE
1885,350980,638.0,1098.8049555251582,0.5806307996627817,1009.5,130.75,236.25,642.5,1120.3479955080509,116.0,14.75,83.75,152.5,195.0,28.0,75.5,344.0,0.0,0.0,61.861648679708544,48.98634682834221,76955.0,0,0,0,35,SALT LAKE
1886,350981,0.0,0.0,0.0,2869.5,59.0,50.0,2760.5,3003.017752539388,32.75,26.25,1.5,48.5,551.75,443.25,311.75,1453.75,0.0,0.0,133.5177525393877,0.0,45830.0,0,0,0,35,SALT LAKE
1887,350982,187.25,343.592304553893,0.544977281266873,2126.5,141.25,73.25,1912.0,2233.687490065792,78.25,63.0,0.0,73.25,358.25,283.0,187.5,1083.25,0.0,0.0,92.69156511492756,14.495924950864843,45830.0,0,0,0,35,SALT LAKE
1888,350983,11.75,30.61486428977742,0.38380049275356193,1791.0,96.75,80.5,1613.75,1943.0029587709132,66.0,30.75,0.0,80.5,263.0,442.0,0.0,908.75,0.0,37.31214528912484,113.691092117945,0.9997213638437183,53265.0,0,0,1996,35,SALT LAKE
1889,350984,272.0,691.8631090677547,0.3931413547493581,0.0,0.0,0.0,0.0,31.70760665272841,0.0,0.0,0.0,0.0,0.0,0.0,0.0,0.0,0.0,0.0,10.71345801201032,20.994148640718088,53265.0,0,0,0,35,SALT LAKE
1890,350985,546.75,1357.5781718473766,0.4027392391378752,1013.25,175.25,66.0,772.0,1123.3723637967914,125.75,49.5,28.25,37.75,141.25,139.0,56.0,435.75,0.0,0.0,68.13399689580875,41.98836690098274,83700.0,0,0,0,35,SALT LAKE
1891,350986,589.5,1574.9320184083283,0.374301870245654,871.0,40.5,98.5,732.0,978.086801639573,23.5,17.0,2.0,96.5,133.0,212.75,121.5,264.75,0.0,0.0,62.0992473643491,44.98755427522378,69002.0,310,222,91,35,SALT LAKE
1892,350987,356.25,898.5355447743002,0.39647847218941695,1007.5,14.25,1.25,992.0,1092.2004845801473,13.25,1.0,1.0,0.25,4.0,52.25,922.0,13.75,0.0,0.0,57.20813545896751,27.49234912117973,72647.0,369,0,0,35,SALT LAKE
1893,350988,297.25,772.3041165992204,0.38488724015730574,1056.0,49.0,32.0,975.0,1139.3064502013865,21.25,27.75,0.0,32.0,146.75,603.75,49.0,175.5,0.0,0.0,60.312858832980965,22.993591368405525,83356.0,420,0,0,35,SALT LAKE
1894,350989,536.0,1233.6171025558472,0.43449462470121253,945.25,365.25,29.25,550.75,1080.126565064824,194.0,171.25,17.5,11.75,78.25,85.5,0.0,387.0,0.0,0.0,93.63830838809046,41.23825667673355,117605.0,0,0,0,35,SALT LAKE
1895,350990,540.25,1479.3208951605422,0.3652013581146434,612.0,65.5,25.5,521.0,704.7491609482133,50.5,15.0,3.25,22.25,86.25,97.75,10.0,327.0,0.0,0.0,51.260689523829896,41.48847142438339,91031.0,0,0,0,35,SALT LAKE
1896,350991,393.25,987.722727530904,0.3981380493117143,0.0,0.0,0.0,0.0,73.00793717661506,0.0,0.0,0.0,0.0,0.0,0.0,0.0,0.0,0.0,0.0,43.0162962613035,29.99164091531156,122645.0,0,0,0,35,SALT LAKE
1897,350992,622.0,1314.193155128377,0.4732942015203541,7110.25,172.25,328.0,6610.0,7517.608094742833,62.0,110.25,39.0,289.0,2672.0,698.0,159.0,3081.0,0.0,0.0,359.871573742963,47.48652099986971,45830.0,0,0,0,35,SALT LAKE
1898,350993,1386.25,2839.7168726312884,0.4881648636737146,376.0,0.25,0.0,375.75,548.8906086843144,0.25,0.0,0.0,0.0,3.0,0.0,343.0,29.75,0.0,0.0,66.17040533345693,106.7202033508575,53265.0,0,0,0,35,SALT LAKE
1899,350994,312.5000004725553,688.6085910341326,0.45381368246256093,421.75000063776065,86.50000013080331,24.00000003629225,311.2500004706651,482.0635515819193,68.50000010358413,18.000000027219187,7.250000010963284,16.750000025328966,46.75000007069428,63.000000095267154,20.00000003024354,181.50000027446015,0.0,0.0,36.32023817562718,23.993312768531382,70392.0,0,0,0,35,SALT LAKE
1900,350995,201.75,564.0104974327921,0.35770610816342235,30.75,0.25,0.0,30.5,55.725977590021046,0.25,0.0,0.0,0.0,7.0,1.5,15.0,7.0,0.0,0.0,9.480238411871037,15.495739178150014,67464.0,0,0,0,35,SALT LAKE
1901,350996,502.5,1398.4197755485357,0.3593341633079326,372.0,14.5,10.5,347.0,455.074331158737,6.5,8.0,0.0,10.5,31.25,102.25,104.0,109.5,0.0,0.0,44.33513410890577,38.739197049831176,73279.0,0,722,0,35,SALT LAKE
1902,350997,130.25,342.1879721639954,0.380638744185833,461.75,62.25,28.0,371.5,502.9534946325152,50.75,11.5,14.5,13.5,56.25,68.25,160.0,87.0,0.0,0.0,31.206327404232965,9.997167228282215,83356.0,0,0,0,35,SALT LAKE
1903,350998,773.5,2100.5191705221487,0.3682422949787803,4.0,0.0,4.0,0.0,111.42728067778852,0.0,0.0,4.0,0.0,0.0,0.0,0.0,0.0,0.0,0.0,48.19378407093529,59.23349660685324,97838.0,0,0,0,35,SALT LAKE
1904,350999,999.0,2245.7404876678406,0.44484213803236133,0.0,0.0,0.0,0.0,125.7403889554845,0.0,0.0,0.0,0.0,0.0,0.0,0.0,0.0,0.0,0.0,48.76184393951819,76.97854501596632,102608.0,0,0,0,35,SALT LAKE
1905,351000,624.75,1567.0327039428505,0.39868344701935754,93.0,0.0,0.0,93.0,211.4369160107671,0.0,0.0,0.0,0.0,0.0,93.0,0.0,0.0,0.0,0.0,70.20040082928969,48.23651518147743,134555.0,773,0,0,35,SALT LAKE
1906,351001,227.5,527.5441321802663,0.43124354176734797,0.0,0.0,0.0,0.0,48.03653664713701,0.0,0.0,0.0,0.0,0.0,0.0,0.0,0.0,0.0,0.0,30.79133732171995,17.24519932541706,154331.0,0,0,0,35,SALT LAKE
1907,351002,258.5,647.8528560522961,0.3990103579617982,79.0,72.0,6.5,0.5,113.66785730658268,0.0,72.0,6.5,0.0,0.0,0.25,0.0,0.25,0.0,0.0,14.923366169782147,19.744491136800526,115747.0,0,0,0,35,SALT LAKE
1908,351003,723.5,1890.4148384459008,0.3827202290661161,2677.0,574.5,87.0,2015.5,3383.7435215904457,336.75,237.75,10.5,76.5,404.0,225.75,144.75,1241.0,0.0,191.8910329193044,459.1168676903843,55.73562098075651,78814.0,0,0,0,35,SALT LAKE
1909,351004,558.75,1425.77805673352,0.39189128866249,953.5,348.25,47.0,558.25,1099.2781378777186,214.75,133.5,13.5,33.5,83.5,87.0,0.0,387.75,0.0,0.0,102.79000315529392,42.98813472242465,86028.0,0,0,0,35,SALT LAKE
1910,351005,678.0,1691.9296332314611,0.40072588521608304,158.25,73.0,5.25,80.0,246.3855274688256,10.25,62.75,2.0,3.25,7.75,4.75,2.0,65.5,0.0,0.0,36.150016548952216,51.98551091987336,91483.0,0,0,0,35,SALT LAKE
1911,351006,688.75,1484.5216607363868,0.4639541599267405,234.25,57.75,5.0,171.5,325.3932358561516,11.75,46.0,0.0,5.0,9.0,69.25,0.0,93.25,0.0,0.0,38.158003572434495,52.98523228371708,51676.0,644,0,0,35,SALT LAKE
1912,351007,248.75,692.4969159643249,0.35920737589655166,0.0,0.0,0.0,0.0,34.08549039565951,0.0,0.0,0.0,0.0,0.0,0.0,0.0,0.0,0.0,0.0,14.840801902208469,19.244688493451044,66181.0,0,0,0,35,SALT LAKE
1913,351008,295.25,789.9725610792423,0.37374715850464,109.5,25.0,4.25,80.25,157.19531700519852,6.0,19.0,0.0,4.25,16.5,20.5,4.0,39.25,0.0,0.0,24.701725636792982,22.993591368405525,54148.0,0,0,0,35,SALT LAKE
1914,351009,349.75,1001.0214973944368,0.3493930958629418,159.5,54.75,9.5,95.25,205.62205732638805,38.0,16.75,0.0,9.5,14.5,14.5,0.0,66.25,0.0,0.0,19.129580524170976,26.99247680221705,98542.0,0,0,0,35,SALT LAKE
1915,351010,339.75,918.1628487245168,0.37003239727241205,0.0,0.0,0.0,0.0,44.4994515463026,0.0,0.0,0.0,0.0,0.0,0.0,0.0,0.0,0.0,0.0,18.50669608636592,25.99275545993668,140403.0,0,0,0,35,SALT LAKE
1916,351011,380.5,892.4843458867496,0.42633801002071914,110.75,7.0,31.75,72.0,186.9415128578619,2.25,4.75,30.5,1.25,12.0,29.25,0.0,30.75,0.0,0.0,46.94965716632024,29.24185569154168,155904.0,0,0,0,35,SALT LAKE
1917,351012,217.99998621091626,493.95727819882313,0.44133368579128196,0.0,0.0,0.0,0.0,26.93082502223258,0.0,0.0,0.0,0.0,0.0,0.0,0.0,0.0,0.0,0.0,10.435481600758305,16.49534342147427,155183.0,0,0,0,35,SALT LAKE
1918,351013,0.0,0.0,0.0,1593.5,1024.75,62.5,506.25,1653.334629321297,656.5,368.25,47.5,15.0,43.0,34.25,0.0,429.0,0.0,0.0,59.83462932129687,0.0,78814.0,0,0,0,35,SALT LAKE
1919,351014,480.5,1296.5688838741796,0.3705934994863167,1410.75,604.0,32.0,774.75,1663.7564794333616,403.75,200.25,0.0,32.0,255.75,66.5,0.0,452.5,0.0,0.0,216.01634795820988,36.99013147515161,78814.0,0,0,0,35,SALT LAKE
1920,351015,492.25,1270.15692762642,0.38755053749136514,251.5,35.75,4.75,211.0,418.651416931533,19.75,16.0,0.25,4.5,53.5,21.25,19.5,116.75,0.0,0.0,129.4119644765005,37.739452455032506,63501.0,0,0,0,35,SALT LAKE
1921,351016,233.5,629.0766858416138,0.37117891229367483,216.5,38.5,13.25,164.75,257.891990029658,33.25,5.25,0.0,13.25,17.5,68.0,0.0,79.25,0.0,0.0,23.147092554100517,18.244897475557472,74012.0,0,0,0,35,SALT LAKE
1922,351017,520.75,1405.6313644380364,0.37047408956201894,553.75,73.25,25.5,455.0,663.0845063091261,52.75,20.5,0.0,25.5,95.25,98.0,30.0,231.75,0.0,0.0,69.34565175537736,39.98885455374874,71273.0,0,0,0,35,SALT LAKE
1923,351018,417.75,1092.699655221316,0.3823099952524362,335.75,7.5,9.0,319.25,408.53336161072826,5.75,1.75,0.0,9.0,38.0,85.75,40.0,155.5,0.0,0.0,40.79227796772925,31.991083642998998,104764.0,0,0,0,35,SALT LAKE
1924,351019,399.0,1133.5540412177477,0.3519902761507203,110.75,18.0,2.0,90.75,183.1324320508167,3.5,14.5,2.0,0.0,3.0,1.5,4.0,82.25,0.0,0.0,41.64095948864035,30.74147256217633,113914.0,0,0,0,35,SALT LAKE
1925,351020,30.25,77.8184860179851,0.3887251159449278,145.5,41.5,19.25,84.75,159.8495712775912,38.75,2.75,14.75,4.5,20.75,30.75,0.0,33.25,0.0,0.0,12.100145969483377,2.249425308107829,105353.0,0,0,0,35,SALT LAKE
1926,351021,132.0,357.7861124286116,0.36893550480201415,0.0,0.0,0.0,0.0,15.70361621116047,0.0,0.0,0.0,0.0,0.0,0.0,0.0,0.0,0.0,0.0,5.706402572723286,9.997213638437184,132708.0,0,0,0,35,SALT LAKE
1927,351022,515.5,1245.444007005511,0.41390861178853383,0.0,0.0,0.0,0.0,66.84547942316948,0.0,0.0,0.0,0.0,0.0,0.0,0.0,0.0,0.0,0.0,26.856624869420745,39.98885455374874,155902.0,0,0,0,35,SALT LAKE
1928,351023,0.0,0.0,0.0,2711.25,1389.5,92.0,1229.75,2812.68894015994,965.25,424.25,58.5,33.5,348.0,103.75,0.0,778.0,0.0,0.0,101.43894015993952,0.0,78814.0,0,0,0,35,SALT LAKE
1929,351024,790.5,2128.359118223352,0.37141288480483026,1061.0,196.75,122.0,742.25,1496.2807151589527,151.5,45.25,5.25,116.75,177.75,183.75,54.0,326.75,0.0,0.0,374.7974681588652,60.48324700008732,63501.0,459,0,0,35,SALT LAKE
1930,351025,456.5,1237.0187841750294,0.3690323912942364,119.5,9.0,6.0,104.5,176.11835712518405,6.25,2.75,0.0,6.0,27.5,29.5,0.0,47.5,0.0,0.0,21.62810939065391,34.99024773453014,74012.0,0,0,0,35,SALT LAKE
1931,351026,487.5,1378.602284413656,0.3536190281356906,218.75,28.0,11.75,179.0,292.0081330341044,26.5,1.5,0.0,11.75,54.0,72.25,7.0,45.75,0.0,0.0,35.76859350544244,37.489539528661965,102767.0,483,0,0,35,SALT LAKE
1932,351027,396.75000003379,1171.0466302837729,0.33879948908409213,297.7500000253585,4.250000000361959,4.750000000404543,288.75000002459194,357.8187400665964,3.000000000255501,1.2500000001064588,0.0,4.750000000404543,18.50000000157559,165.75000001411644,64.00000000545069,40.500000003449266,0.0,0.0,29.827162983276953,30.24157705796098,111014.0,0,0,2290,35,SALT LAKE
1933,351028,466.75000006848705,1308.0775981580389,0.35682133898305274,42.000000006162736,0.0,0.0,42.000000006162736,115.84216324210782,0.0,0.0,0.0,0.0,0.0,42.000000006162736,0.0,0.0,0.0,0.0,38.10217671274743,35.73998652319766,106389.0,692,0,0,35,SALT LAKE
1934,351029,445.0,1097.876250277175,0.40532801387009987,30.5,0.0,5.0,25.5,96.09531161744496,0.0,0.0,0.0,5.0,4.75,7.75,4.0,9.0,0.0,0.0,31.60473882366363,33.99057279378133,108502.0,0,0,0,35,SALT LAKE
1935,351030,468.75,1191.6692227342485,0.39335579962740624,0.0,0.0,0.0,0.0,77.59107383749463,0.0,0.0,0.0,0.0,0.0,0.0,0.0,0.0,0.0,0.0,41.60110473912077,35.98996909837386,149525.0,0,0,0,35,SALT LAKE
1936,351031,106.0,240.2668601168209,0.44117611537630036,0.0,0.0,0.0,0.0,13.22734023392434,0.0,0.0,0.0,0.0,0.0,0.0,0.0,0.0,0.0,0.0,5.229569323174594,7.997770910749748,155809.0,0,0,0,35,SALT LAKE
1937,351032,243.74999987391132,685.2854640086741,0.3556911866305485,124.49999993559778,19.749999989783586,36.99999998086039,67.74999996495382,166.0721428905968,18.249999990559516,1.4999999992240696,1.749999999094748,35.24999998176564,11.249999994180522,9.749999994956452,10.999999994309844,35.749999981506996,0.0,0.0,22.577437051794092,18.994705903204938,81668.0,0,0,0,35,SALT LAKE
1938,351033,933.0000000060337,2884.796987656569,0.32341963888555825,312.25000000201936,19.000000000122874,9.25000000005982,284.00000000183667,434.9875939468901,2.250000000014551,16.750000000108322,1.000000000006467,8.250000000053353,38.50000000024898,138.25000000089406,63.000000000407425,44.250000000286164,0.0,0.0,50.75765574765754,71.97993819721322,110410.0,387,1202,0,35,SALT LAKE
1939,351034,727.2500003821518,1981.0174031862837,0.36710934452793664,32.75000001720932,0.0,5.250000002758745,27.500000014450567,134.02365222414062,0.0,0.0,3.0000000015764257,2.250000001182319,7.750000004072433,0.0,4.500000002364638,15.250000008013497,0.0,0.0,45.289255802264655,55.984396404666654,102567.0,0,0,0,35,SALT LAKE
1940,351035,209.25,560.6738468838164,0.37321162947584585,0.0,0.0,0.0,0.0,24.102415816529465,0.0,0.0,0.0,0.0,0.0,0.0,0.0,0.0,0.0,0.0,8.106873995029966,15.995541821499495,140424.0,0,0,0,35,SALT LAKE
1941,351036,594.25,1490.775664251258,0.39861799078834714,134.0,0.0,6.0,128.0,253.83266655374467,0.0,0.0,2.0,4.0,18.0,46.0,19.0,45.0,0.0,0.0,74.3452864602831,45.48738009346157,108053.0,688,0,0,35,SALT LAKE
1942,351037,289.5,787.8347215265012,0.3674628600261074,239.5,1.0,0.5,238.0,288.8574371148711,1.0,0.0,0.25,0.25,6.75,2.75,0.0,228.5,0.0,0.0,27.36356711030931,21.99387000456181,114582.0,0,0,0,35,SALT LAKE
1943,351038,258.0,713.1851025901935,0.36175741622052715,0.0,0.0,0.0,0.0,29.68204069810433,0.0,0.0,0.0,0.0,0.0,0.0,0.0,0.0,0.0,0.0,9.687613421229958,19.99442727687437,155809.0,0,0,0,35,SALT LAKE
1944,351039,250.5,629.0177639012302,0.3982399454768563,61.25,3.5,34.75,23.0,91.95112824347964,3.5,0.0,0.0,34.75,6.25,2.75,1.0,13.0,0.0,0.0,11.706422330449003,18.99470591303065,111741.0,0,0,0,35,SALT LAKE
1945,351040,699.25,1985.127952375472,0.35224429698007803,126.0,1.25,1.0,123.75,212.97226072005407,0.25,1.0,0.0,1.0,8.25,73.5,0.0,42.0,0.0,0.0,32.98730707249332,53.9849536475608,91525.0,859,0,0,35,SALT LAKE
1946,351041,220.75,712.2608451438518,0.3099285907754991,161.0,25.25,14.25,121.5,193.5794885874204,12.5,12.75,0.0,14.25,20.25,18.25,0.0,83.0,0.0,0.0,15.584225402077143,16.995263185343212,121008.0,0,0,0,35,SALT LAKE
1947,351042,284.0,830.7038004654705,0.34187877777959547,184.75,0.5,0.0,184.25,224.34495959114105,0.5,0.0,0.0,0.0,0.0,70.25,114.0,0.0,0.0,0.0,17.601089586579246,21.99387000456181,115611.0,777,0,0,35,SALT LAKE
1948,351043,345.0,896.5205740378535,0.3848210626624539,0.0,0.0,0.0,0.0,39.94684360798325,0.0,0.0,0.0,0.0,0.0,0.0,0.0,0.0,0.0,0.0,12.95436678420285,26.9924768237804,133486.0,0,0,0,35,SALT LAKE
1949,351044,293.25,716.1224002111906,0.40949703558151246,73.75,0.0,0.0,73.75,117.02408452123942,0.0,0.0,0.0,0.0,0.0,73.75,0.0,0.0,0.0,0.0,20.280493152833884,22.993591368405525,96995.0,806,0,0,35,SALT LAKE
1950,351045,419.0,1070.670372003183,0.3913436020612648,434.5,30.5,16.5,387.5,517.543125492536,18.5,12.0,0.0,16.5,68.25,71.5,122.0,125.75,0.0,0.0,51.05204184953705,31.991083642998998,97218.0,0,0,0,35,SALT LAKE
1951,351046,372.25,835.4631616477974,0.4455612372732334,64.0,21.0,0.5,42.5,110.62972523170998,10.25,10.75,0.0,0.5,8.0,2.25,0.0,32.25,0.0,0.0,17.637805680242156,28.99191955146784,78447.0,0,0,0,35,SALT LAKE
1952,351047,367.0,1016.661721925006,0.36098536227478006,0.0,0.0,0.0,0.0,61.02311026366492,0.0,0.0,0.0,0.0,0.0,0.0,0.0,0.0,0.0,0.0,33.0309120760408,27.99219818762412,111429.0,0,0,0,35,SALT LAKE
1953,351048,0.0,0.0,0.0,0.0,0.0,0.0,0.0,0.0,0.0,0.0,0.0,0.0,0.0,0.0,0.0,0.0,0.0,0.0,0.0,0.0,111741.0,0,0,0,35,SALT LAKE
1954,351049,745.25,2235.037639608608,0.33343957470465935,0.0,0.0,0.0,0.0,84.96711317074923,0.0,0.0,0.0,0.0,0.0,0.0,0.0,0.0,0.0,0.0,27.98299543165728,56.98411773909196,95609.0,0,0,0,35,SALT LAKE
1955,351050,280.0,901.9658720902422,0.3104330315193853,98.0,0.25,0.25,97.5,134.18735013334057,0.0,0.25,0.0,0.25,0.0,97.5,0.0,0.0,0.0,0.0,14.193480128778775,21.99387000456181,121008.0,0,1160,0,35,SALT LAKE
1956,351051,439.75,1266.4317157397104,0.34723546049472265,908.5,516.0,20.5,372.0,1012.8638301067582,408.5,107.5,12.25,8.25,52.0,36.0,1.0,283.0,0.0,0.0,70.6232631027889,33.740567003969346,108974.0,0,0,0,35,SALT LAKE
1957,351052,408.25,974.6247751203692,0.41887915269707754,1.25,0.0,0.25,1.0,61.11966094214742,0.0,0.0,0.0,0.25,0.25,0.0,0.0,0.75,0.0,0.0,28.628362527230006,31.24129841491741,126133.0,0,0,0,35,SALT LAKE
1958,351053,372.25,1108.2125984426652,0.33590125263249193,137.75,10.75,3.25,123.75,210.64159043529003,10.25,0.5,0.0,3.25,5.5,100.5,0.0,17.75,0.0,0.0,44.14958381019273,28.742006625097297,105501.0,0,1348,0,35,SALT LAKE
1959,351054,274.0,700.2844611558955,0.39126957000835527,91.25,18.25,1.5,71.5,125.95888318007488,17.0,1.25,0.0,1.5,8.25,0.5,3.0,59.75,0.0,0.0,13.714734539356794,20.994148640718088,97218.0,0,0,0,35,SALT LAKE
1960,351055,475.0,735.5067871499921,0.6458132111065524,5274.5,446.5,2993.25,1834.75,5541.650249059275,283.0,163.5,2885.0,108.25,356.75,611.5,144.0,722.5,0.0,0.0,230.41054117747728,36.73970788179719,78447.0,0,0,0,35,SALT LAKE
1961,351056,259.75,626.4264907594828,0.41465360075222507,2029.75,127.75,87.0,1815.0,2148.774951973536,84.75,43.0,8.0,79.0,330.0,305.25,344.0,835.75,0.7592120494026349,3.5535376464564785,94.7177750008022,19.99442727687437,116012.0,0,0,0,35,SALT LAKE
1962,351057,287.25,698.484194329902,0.4112476736507635,1132.0,87.25,33.0,1011.75,1218.5865200000137,46.5,40.75,2.0,31.0,296.25,136.5,91.0,488.0,2.024281839391044,1.7767688232282393,60.541616752412224,22.2438525849822,116012.0,0,0,0,35,SALT LAKE
1963,351058,335.0,510.8122353919795,0.6558182768330376,1759.75,29.5,240.5,1489.75,1864.397887625752,27.5,2.0,74.5,166.0,827.5,12.25,106.25,543.75,0.0,0.0,78.65513216581515,25.99275545993668,78814.0,0,0,0,35,SALT LAKE
1964,351059,6.0,10.6159523444037,0.5651871641231468,1045.75,39.0,211.0,795.75,1085.7425249488565,25.75,13.25,13.5,197.5,234.25,202.0,0.0,359.5,0.0,0.0,39.49265265145708,0.4998722973993342,111741.0,0,0,0,35,SALT LAKE
1965,351060,14.0,33.067878378027835,0.4233715825355881,342.75,19.5,172.25,151.0,357.1473761960784,16.75,2.75,8.5,163.75,15.25,29.0,0.0,106.75,0.0,0.0,13.397654832234624,0.9997213638437183,111741.0,0,0,0,35,SALT LAKE
1966,351061,141.0,412.3424061645743,0.34194882188208414,3305.25,538.25,119.25,2647.75,3762.244525666868,355.5,182.75,0.0,119.25,1100.25,234.25,0.0,1313.25,8.097127357564174,0.0,438.4003588181256,10.497039491178263,111741.0,0,0,0,35,SALT LAKE
1967,351062,1716.4998631971457,4539.931199715655,0.3780893999681435,406.9999675626206,50.999995935365234,9.999999203012791,345.99997242424257,618.6981922820588,34.24999727031881,16.749998665046427,0.0,9.999999203012791,76.9999938631985,157.74998742752678,0.0,111.24999113351731,0.0,0.0,79.73501520936712,131.96320951007098,111741.0,866,1286,148,35,SALT LAKE
1968,351063,679.9999695048153,2012.6405981006947,0.3378645795709991,0.0,0.0,0.0,0.0,77.51875211958807,0.0,0.0,0.0,0.0,0.0,0.0,0.0,0.0,0.0,0.0,25.53324353104966,51.98550858853843,97253.0,0,0,0,35,SALT LAKE
1969,351064,150.0,493.59651482998737,0.30389193499809347,0.0,0.0,0.0,0.0,17.628989750560645,0.0,0.0,0.0,0.0,0.0,0.0,0.0,0.0,0.0,0.0,5.632333384436023,11.996656366124622,97253.0,0,0,0,35,SALT LAKE
1970,351065,120.0,371.2750213593132,0.32321053961738566,504.5,37.75,25.75,441.0,548.9480961776504,25.75,12.0,0.0,25.75,107.75,99.0,63.0,171.25,0.0,0.0,35.45060390305701,8.997492274593466,97253.0,0,0,0,35,SALT LAKE
1971,351066,187.5,474.9008320316135,0.39481927036825737,1042.25,107.75,142.25,792.25,1111.9281062232317,78.0,29.75,3.75,138.5,156.0,296.25,12.0,328.0,0.0,0.0,55.68200712941934,13.996099093812058,97218.0,0,0,2477,35,SALT LAKE
1972,351067,583.75,939.3914850394848,0.6214129138880407,1834.25,93.0,1092.5,648.75,2007.6711212115856,59.5,33.5,1038.75,53.75,208.75,80.75,43.25,316.0,3.0364227590865656,0.0,125.39716742548217,44.987531027017184,78814.0,0,0,0,35,SALT LAKE
1973,351068,35.25,91.43414678122046,0.3855233656233991,2843.5,487.0,186.0,2170.5,2954.321407473414,348.25,138.75,0.0,186.0,418.75,327.5,161.0,1263.25,0.0,0.0,108.07245811659256,2.7489493568212486,78814.0,0,0,0,35,SALT LAKE
1974,351069,1403.75,3497.245766346091,0.4013872898233951,1395.5,178.5,148.25,1068.75,1726.839760872672,129.25,49.25,48.0,100.25,310.0,230.25,0.0,528.5,1.0121409196955218,0.0,222.6076720288837,107.7199479240928,111741.0,0,0,0,35,SALT LAKE
1975,351070,3130.2500537799965,6386.800353654141,0.49011240064660183,163.00000280045984,35.00000060132574,6.250000107379596,121.75000209175452,527.0834687024707,18.25000031354842,16.750000287777315,0.0,6.250000107379596,52.00000089339824,16.500000283482134,0.0,53.25000091487416,0.0,0.0,123.65034608709648,240.4331198149143,111741.0,0,0,0,35,SALT LAKE
1976,351071,502.99995662804935,1271.6772907137351,0.3955405670142447,0.0,0.0,0.0,0.0,57.87608548592085,0.0,0.0,0.0,0.0,0.0,0.0,0.0,0.0,0.0,0.0,18.886955657913962,38.98912982800689,111741.0,0,0,0,35,SALT LAKE
1977,351072,937.749999349476,2321.9711985691315,0.4038594449092847,440.2499996945954,131.49999990877748,23.49999998369788,285.24999980212,565.9713002612417,106.99999992577332,24.49999998300417,0.0,23.49999998369788,7.499999994797195,2.7499999980923047,0.0,274.9999998092305,0.0,0.0,53.74136241983158,71.97993814681472,98787.0,0,0,0,35,SALT LAKE
1978,351073,725.75,2354.423888040259,0.308249505828829,76.0,0.0,0.0,76.0,162.08913207927097,0.0,0.0,0.0,0.0,0.0,75.75,0.0,0.25,0.0,0.0,30.10473570402273,55.98439637524824,97253.0,957,0,0,35,SALT LAKE
1979,351074,248.0,815.5764859457969,0.3040793895773033,74.0,9.25,2.25,62.5,105.08544824495333,8.0,1.25,0.0,2.25,13.5,16.0,8.0,25.0,0.0,0.0,12.090742331922662,18.99470591303065,97253.0,0,0,0,35,SALT LAKE
1980,351075,700.0,2156.2712100504605,0.32463448787762594,507.0,178.0,10.75,318.25,622.0583730592143,58.0,120.0,0.0,10.75,32.5,22.5,0.0,263.25,0.0,0.0,61.07341941165355,53.9849536475608,97253.0,0,0,0,35,SALT LAKE
1981,351076,411.75,1043.751160354885,0.3944905794020877,1787.0,454.25,100.5,1232.25,1912.560698132632,398.5,55.75,2.0,98.5,250.5,171.25,125.0,685.5,0.0,0.0,93.56961448963268,31.991083642998998,94859.0,0,0,0,35,SALT LAKE
1982,351077,752.0,2430.8399440032717,0.3093580891062517,6.0,0.0,0.0,6.0,168.69608602591413,0.0,0.0,0.0,0.0,0.0,0.0,6.0,0.0,0.0,0.0,104.71229334607337,57.983792679840775,94859.0,0,0,0,35,SALT LAKE
1983,351078,636.75,1845.365060523562,0.3450536772487407,249.75,25.25,7.25,217.25,406.2767825166829,23.25,2.0,1.0,6.25,34.25,90.0,53.0,40.0,0.0,0.0,107.54038924799424,48.98639326868875,94026.0,900,0,0,35,SALT LAKE
1984,351079,220.0,651.7032517403352,0.337576956095436,669.0,132.25,33.5,503.25,719.3809746952138,87.0,45.25,0.0,33.5,89.5,137.0,24.0,252.75,0.0,0.0,33.385711509870546,16.995263185343212,124040.0,0,0,0,35,SALT LAKE
1985,351080,540.75,1148.4662745950832,0.4708453456246708,2479.25,685.25,73.25,1720.75,2660.654243349777,334.0,351.25,0.0,73.25,222.5,562.5,310.0,625.75,0.0,0.0,139.6659286487617,41.73831470101578,79751.0,0,0,0,35,SALT LAKE
1986,351081,344.5,731.0461820967962,0.47124245832445305,333.0,6.25,6.0,320.75,395.43290862009206,3.25,3.0,0.0,6.0,106.5,116.25,56.0,42.0,0.0,0.0,35.940280862756005,26.492627757336017,79751.0,1045,0,0,35,SALT LAKE
1987,351082,354.25,983.4525601097516,0.36021056263300216,19090.75,2152.0,766.25,16172.5,20137.200241180017,1275.5,876.5,21.25,745.0,6266.5,2283.25,215.0,7407.75,1.265069789988409,1.7767688232282393,1016.1658038631256,27.24259870367708,125200.0,0,0,0,35,SALT LAKE
1988,351083,973.75,1955.9654150758768,0.49783600082838164,1444.75,59.75,32.25,1352.75,1610.2361983518124,24.5,35.25,1.0,31.25,300.25,76.5,35.25,940.75,0.0,0.0,90.7570786137623,74.72911973805007,78814.0,0,0,0,35,SALT LAKE
1989,351084,61.5,183.1014662101887,0.3358793420550874,4553.25,1430.75,151.25,2971.25,4776.663480160976,1128.75,302.0,0.0,151.25,942.5,386.25,7.0,1635.5,0.0,0.0,218.66520414930068,4.748276011675638,78814.0,6,3,518,35,SALT LAKE
1990,351085,0.0,0.0,0.0,21.0,0.0,14.75,6.25,35.958499549558354,0.0,0.0,14.75,0.0,0.0,6.25,0.0,0.0,14.169972875737306,0.0,0.7885266738210431,0.0,111741.0,0,0,0,35,SALT LAKE
1991,351086,297.5,655.138713451068,0.4541023051940589,0.0,0.0,0.0,0.0,83.91367136909253,0.0,0.0,0.0,0.0,0.0,0.0,0.0,0.0,0.0,0.0,60.920335364368114,22.99333600472441,111741.0,0,0,0,35,SALT LAKE
1992,351087,1216.0,2840.858882072521,0.42803956496173406,0.0,0.0,0.0,0.0,199.6379754518322,0.0,0.0,0.0,0.0,0.0,0.0,0.0,0.0,1.0121409196955218,0.0,105.15203792770276,93.47379660443391,111741.0,0,0,0,35,SALT LAKE
1993,351088,467.5,1018.8125653777714,0.4588675246919957,0.0,0.0,0.0,0.0,74.54088262588213,0.0,0.0,0.0,0.0,0.0,0.0,0.0,0.0,0.0,0.0,38.55102960034132,35.98985302554082,111741.0,0,0,0,35,SALT LAKE
1994,351089,595.75,1047.7242904210675,0.5686133321969422,2377.75,337.0,179.0,1861.75,2571.129811289044,229.75,107.25,51.25,127.75,665.0,254.0,0.0,942.75,0.0,0.0,147.64251826921134,45.73729301983211,111741.0,0,0,0,35,SALT LAKE
1995,351090,241.0,414.4057829598711,0.5815555909443889,1875.25,267.25,79.75,1528.25,2726.9545440291563,169.0,98.25,0.0,79.75,574.5,254.25,0.0,699.5,0.0,0.0,833.459646553599,18.244897475557472,111741.0,0,0,0,35,SALT LAKE
1996,351091,1656.999982642728,4116.366333975505,0.40253948463387373,3606.999962216246,379.2499960273111,232.49999756453482,2995.2499686244,3931.873420383489,189.24999801758372,189.9999980097274,43.74999954171354,188.7499980228213,994.7499895798754,493.49999483052875,201.99999788402596,1304.9999863299697,0.0,0.0,197.65886371125808,127.21459445598461,103606.0,0,0,0,35,SALT LAKE
1997,351092,582.0,1890.9573347288149,0.30778060895988724,105.0,2.5,22.25,80.25,175.7835482736843,1.25,1.25,4.0,18.25,44.25,8.5,3.0,24.5,0.0,0.0,25.796086900716983,44.98746137296733,97253.0,0,0,0,35,SALT LAKE
1998,351093,470.0,1448.6078307891462,0.32444944035954987,0.0,0.0,0.0,0.0,54.3879470362734,0.0,0.0,0.0,0.0,0.0,0.0,0.0,0.0,0.0,0.0,18.397977937899537,35.98996909837386,97253.0,0,0,0,35,SALT LAKE
1999,351094,802.0,1666.809434408178,0.48115878362829184,864.25,439.5,51.75,373.0,988.3100284280667,27.0,412.5,0.0,51.75,147.5,44.75,1.0,179.75,0.0,0.0,62.57719937654719,61.482829051519616,94859.0,0,0,0,35,SALT LAKE
2000,351095,438.5,1321.374939448198,0.331851306475599,60.0,3.25,2.5,54.25,113.45903582408968,2.25,1.0,0.0,2.5,12.0,10.25,0.0,32.0,0.0,0.0,19.46850945340326,33.99052637068643,94859.0,0,0,0,35,SALT LAKE
2001,351096,51.25,148.99084671312653,0.3439808627886986,319.25,21.0,11.5,286.75,337.1612030455147,7.25,13.75,0.0,11.5,48.25,85.75,0.0,152.75,0.0,0.0,13.912317590139796,3.998885455374874,124040.0,0,0,0,35,SALT LAKE
2002,351097,295.75,817.1658356545212,0.361921640743968,15.0,0.0,0.25,14.75,49.66198260227401,0.0,0.0,0.0,0.25,13.75,0.0,0.0,1.0,0.0,0.0,11.668391233868489,22.993591368405525,126394.0,0,0,0,35,SALT LAKE
2003,351098,153.0,439.5976577868986,0.3480455304749804,13.75,5.75,0.5,7.5,74.00626827685417,0.25,5.5,0.0,0.5,6.0,0.0,0.75,0.75,0.0,0.0,48.25961191072955,11.996656366124622,78814.0,0,0,0,35,SALT LAKE
2004,351099,563.25,1307.0514767955,0.43093176512138665,232.25,45.5,28.25,158.5,305.5557195011555,28.5,17.0,24.5,3.75,33.25,11.0,0.0,114.25,0.0,0.0,30.06750932624076,43.23821017491472,111741.0,0,0,0,35,SALT LAKE
2005,351100,461.75,896.4628735635904,0.5150798918916366,0.0,0.0,0.0,0.0,103.83640490007252,0.0,0.0,0.0,0.0,0.0,0.0,0.0,0.0,0.0,0.0,68.09630227478272,35.74010262528981,111741.0,0,0,0,35,SALT LAKE
2006,351101,1282.5,3329.2251977493056,0.38522476667154365,2.75,2.0,0.0,0.75,152.73387535563364,0.0,2.0,0.0,0.0,0.5,0.0,0.0,0.25,0.0,0.0,51.51123976906338,98.47263558657023,111741.0,0,0,0,35,SALT LAKE
2007,351102,456.0,1224.2759678991706,0.37246504216078463,51.75,9.0,6.0,36.75,105.80563615062012,7.5,1.5,0.5,5.5,6.75,4.25,0.0,25.75,0.0,0.0,19.065388416089977,34.99024773453014,111741.0,0,0,0,35,SALT LAKE
2008,351103,0.0,0.0,0.0,1110.5,416.75,174.25,519.5,1152.198538997888,234.5,182.25,11.5,162.75,85.0,57.75,0.0,376.75,0.0,0.0,41.69853899788815,0.0,111741.0,0,0,0,35,SALT LAKE
2009,351104,477.499996701123,1133.3831863237874,0.42130499416523876,5271.499963581088,698.9999951708586,258.9999982106615,4313.499970199568,5525.364005801085,461.99999680820696,236.9999983626516,21.999999848009853,236.9999983626516,1674.7499884297501,517.4999964247772,14.999999896370355,2106.2499854486705,1.0121409127030014,0.0,215.8622111006253,36.98969020666902,111741.0,0,0,0,35,SALT LAKE
2010,351105,476.0000067557909,1213.7691693968252,0.39216682937525593,0.0,0.0,0.0,0.0,54.86296251415569,0.0,0.0,0.0,0.0,0.0,0.0,0.0,0.0,0.0,0.0,17.87327152694942,36.98969098720627,97253.0,0,0,0,35,SALT LAKE
2011,351106,483.0,1728.1359684610056,0.27949189694265575,103.0,0.0,2.0,101.0,161.99333955074763,0.0,0.0,2.0,0.0,0.0,80.75,0.0,20.25,0.0,0.0,22.00364908853006,36.98969046221758,97253.0,848,0,0,35,SALT LAKE
2012,351107,457.0,1470.9308369866217,0.3106876193691196,24.0,0.5,0.0,23.5,77.05126345395499,0.25,0.25,0.0,0.0,19.25,0.0,4.0,0.25,0.0,0.0,18.061015719424844,34.99024773453014,97253.0,0,0,0,35,SALT LAKE
2013,351108,163.75,516.982929906809,0.31674159924297207,1001.25,308.0,26.0,667.25,1057.7140871776344,132.25,175.75,0.0,26.0,116.25,170.75,20.0,360.25,0.0,0.0,43.717575938001744,12.74651123963264,97253.0,371,132,0,35,SALT LAKE
2014,351109,514.25,1089.2516448428669,0.4721131268745383,3647.5,1467.5,91.25,2088.75,3843.5134401673854,812.5,655.0,0.0,91.25,293.25,276.0,19.0,1500.5,0.0,0.0,156.27449854000804,39.7389416273782,94859.0,0,0,0,35,SALT LAKE
2015,351110,272.75,811.4252122937788,0.3361369549129194,341.0,217.5,12.5,111.0,385.0393188126727,3.75,213.75,12.25,0.25,9.5,73.5,1.0,27.0,0.0,0.0,23.04517017195461,20.994148640718088,94859.0,0,174,264,35,SALT LAKE
2016,351111,368.75,1208.6780219996003,0.3050853852624466,0.0,0.0,0.0,0.0,60.34081710764684,0.0,0.0,0.0,0.0,0.0,0.0,0.0,0.0,0.0,0.0,31.84872341323179,28.49209369441505,94859.0,0,0,0,35,SALT LAKE
2017,351112,166.75,493.490335533668,0.3378992211056656,28.0,0.0,0.0,28.0,54.55958542422225,0.0,0.0,0.0,0.0,8.0,0.0,20.0,0.0,0.0,0.0,13.813097411232846,12.7464880129894,124040.0,0,0,0,35,SALT LAKE
2018,351113,227.0,657.0943236856054,0.34546029666908346,670.5,34.0,37.5,599.0,780.4414600384112,21.75,12.25,0.0,37.5,181.5,153.5,54.75,209.25,0.0,0.0,92.44637099601518,17.495089042396003,95326.0,0,0,0,35,SALT LAKE
2019,351114,227.25,485.5494806944673,0.4680264505174033,916.0,106.0,33.25,776.75,976.9233966305228,53.0,53.0,0.0,33.25,138.25,193.0,26.0,419.5,0.0,0.0,43.678197305105634,17.24519932541706,79953.0,625,0,0,35,SALT LAKE
2020,351115,286.5,955.8313390821912,0.29973907350129697,0.0,0.0,0.0,0.0,37.00182865416731,0.0,0.0,0.0,0.0,0.0,0.0,0.0,0.0,0.0,0.0,15.0079586496055,21.99387000456181,126394.0,0,0,0,35,SALT LAKE
2021,351116,314.0,790.4606258943525,0.3972367373070991,256.0,11.75,7.5,236.75,301.3959947915212,7.25,4.5,0.0,7.5,34.5,150.5,1.0,50.75,0.0,0.0,21.40268205927199,23.993312732249244,100303.0,720,289,0,35,SALT LAKE
2022,351117,715.5,1688.4962131170985,0.4237498399117698,498.25,82.0,121.75,294.5,745.1062911339659,48.75,33.25,115.75,6.0,71.5,31.5,0.0,191.5,69.83772345899101,0.0,121.7836081885523,55.2349594864225,102017.0,0,0,0,35,SALT LAKE
2023,351118,1168.75,2575.261331677786,0.45383743607820876,107.25,17.5,2.0,87.75,300.1738237071002,11.75,5.75,0.0,2.0,17.0,37.75,0.0,33.0,2.024281839391044,0.0,101.17420698728256,89.7253348804266,70283.0,0,0,0,35,SALT LAKE
2024,351119,185.0,396.5357720485299,0.46654050665915414,339.75,0.0,0.0,339.75,373.9498940924038,0.0,0.0,0.0,0.0,0.5,338.5,0.0,0.75,0.0,0.0,20.203794998591704,13.996099093812058,70283.0,1677,60,2194,35,SALT LAKE
2025,351120,811.0,1745.0541376905933,0.46474202861882463,221.0,7.5,6.5,207.0,321.7409271341238,3.75,3.75,1.25,5.25,28.25,100.0,19.0,59.75,0.0,0.0,38.758202575813215,61.98272455831055,70283.0,0,1029,0,35,SALT LAKE
2026,351121,440.5,944.0535508485866,0.46660488655971405,416.75,133.5,35.75,247.5,489.67551754962943,72.25,61.25,3.5,32.25,56.25,22.5,0.0,168.75,0.0,0.0,39.18497375936338,33.74054379026604,70283.0,0,0,0,35,SALT LAKE
2027,351122,0.0,0.0,0.0,1757.25,579.25,36.5,1141.5,1921.5061466039783,330.25,249.0,5.25,31.25,222.0,96.0,0.0,823.5,1.0121409196955218,0.0,163.24400568428285,0.0,70283.0,0,0,0,35,SALT LAKE
2028,351123,769.0,2100.8378927639,0.3660444257259135,18.0,16.0,0.0,2.0,106.53453629045372,16.0,0.0,0.0,0.0,0.0,0.0,0.0,2.0,0.0,0.0,29.55097582367433,58.983560466779394,70283.0,0,0,0,35,SALT LAKE
2029,351124,1529.0,3276.083893037729,0.46671576489521577,54.0,3.25,13.75,37.0,231.4070467514692,2.5,0.75,3.25,10.5,4.0,1.75,0.0,31.25,0.0,0.0,59.43992581791042,117.9671209335588,70283.0,0,0,0,35,SALT LAKE
2030,351125,284.25,1027.0353679260738,0.2767674891021478,51.5,1.75,32.25,17.5,86.86482238563498,0.0,1.75,32.25,0.0,1.75,11.75,0.0,4.0,1.0121409196955218,0.0,12.60872438774819,21.74395707819127,76828.0,0,0,0,35,SALT LAKE
2031,351126,217.25,796.2663386239192,0.2728358458244564,119.75,18.5,36.5,64.75,150.4159406904046,9.75,8.75,32.25,4.25,13.25,17.5,0.0,34.0,1.0121409196955218,0.0,12.658536585365852,16.995263185343212,70283.0,0,0,0,35,SALT LAKE
2032,351127,482.75,1752.3711461193432,0.2754838785545279,357.5,31.75,94.75,231.0,426.03985651624623,16.0,15.75,76.25,18.5,12.25,111.75,61.0,46.0,0.0,0.0,31.55016605402861,36.98969046221758,76631.0,1008,0,0,35,SALT LAKE
2033,351128,686.75,1995.30818534924,0.34418242006048694,255.5,0.5,6.0,249.0,343.865466744043,0.0,0.5,3.5,2.5,6.5,235.0,0.0,7.5,0.0,0.0,35.380234460325894,52.98523228371708,86391.0,0,0,0,35,SALT LAKE
2034,351129,64.75,143.62018356102683,0.45084192482240176,0.0,0.0,0.0,0.0,10.926000817603285,0.0,0.0,0.0,0.0,0.0,0.0,0.0,0.0,0.0,0.0,5.927510092781091,4.998490724822192,102017.0,0,0,0,35,SALT LAKE
2035,351130,424.5,1364.1739980292712,0.3111773136075355,13.0,1.0,10.5,1.5,81.43336304641889,0.0,1.0,10.5,0.0,0.0,0.5,1.0,0.0,1.0121409196955218,0.0,34.93028939571664,32.49093273100673,102017.0,0,0,0,35,SALT LAKE
2036,351131,800.5,1819.0395090897127,0.44006740700238434,103.5,1.0,40.5,62.0,264.6802644046492,0.0,1.0,40.5,0.0,0.0,62.0,0.0,0.0,0.0,0.0,99.69755140871098,61.48271299593821,102017.0,0,0,0,35,SALT LAKE
2037,351132,150.5,404.7848018806984,0.37180249678533295,98.25,17.0,10.0,71.25,124.0855547696672,17.0,0.0,4.0,6.0,0.0,70.25,1.0,0.0,0.0,0.0,14.338701046892066,11.49685372277514,86391.0,933,0,0,35,SALT LAKE
2038,351133,193.5,568.6043847523773,0.3403069079114958,907.0,166.0,419.0,322.0,975.8173273808816,47.75,118.25,404.5,14.5,0.25,76.5,77.0,168.25,0.0,0.0,53.82150692322593,14.995820457655777,86391.0,0,0,0,35,SALT LAKE
2039,351134,1198.25,3580.142353594907,0.33469339530502423,813.5,605.75,71.5,136.25,980.7616576996948,330.25,275.5,44.5,27.0,10.5,10.0,4.0,111.75,0.0,0.0,75.53727480649313,91.7243828932017,86391.0,0,0,0,35,SALT LAKE
2040,351135,1176.0,3149.4470853122098,0.37339887546750805,359.25,76.25,115.75,167.25,507.3523815005056,51.25,25.0,113.75,2.0,28.75,17.5,0.0,121.0,0.0,0.0,57.62835257408999,90.4740289264156,86391.0,0,0,0,35,SALT LAKE
2041,351136,484.75,1602.6439692406534,0.30246892591476743,18.75,0.0,11.75,7.0,109.89539643769533,0.0,0.0,0.25,11.5,7.0,0.0,0.0,0.0,0.0,0.0,53.9058162584988,37.23958017919653,102017.0,0,0,0,35,SALT LAKE
2042,351137,256.0,962.4601239495069,0.2659850456447902,68.25,2.0,31.0,35.25,100.41974084535138,2.0,0.0,31.0,0.0,3.0,14.5,0.0,17.75,0.0,0.0,12.175313568477009,19.99442727687437,86391.0,0,0,0,35,SALT LAKE
2043,351138,372.0,1397.169975322182,0.2662525008198936,65.0,27.5,13.25,24.25,110.40078414479146,26.5,1.0,11.5,1.75,0.0,2.0,0.0,22.25,0.0,0.0,16.40886459332361,28.99191955146784,86391.0,0,0,0,35,SALT LAKE
2044,351139,852.0,2828.686801490469,0.3011998357510174,91.75,0.0,1.5,90.25,193.4184898582414,0.0,0.0,1.5,0.0,0.75,74.5,9.0,6.0,0.0,0.0,36.436734722375725,65.2317551358657,102017.0,918,0,0,35,SALT LAKE
2045,351140,298.0,784.494130810683,0.37986262522072894,83.0,1.0,40.75,41.25,120.299718164873,0.0,1.0,40.75,0.0,4.75,28.5,2.0,6.0,0.0,0.0,14.306126796467495,22.993591368405525,105639.0,0,0,0,35,SALT LAKE
2046,351141,258.5,863.807801806186,0.299256384880395,0.0,0.0,0.0,0.0,30.700776667147984,0.0,0.0,0.0,0.0,0.0,0.0,0.0,0.0,0.0,0.0,10.706349390273614,19.99442727687437,106184.0,0,0,0,35,SALT LAKE
2047,351142,663.25,1592.2860817432077,0.41653946963719307,366.75,0.25,0.0,366.5,456.6612286529144,0.25,0.0,0.0,0.0,0.75,365.0,0.0,0.75,0.0,0.0,38.92543909688476,50.98578955602965,105293.0,600,0,1499,35,SALT LAKE
2048,351143,1002.75,2884.496911046437,0.34763427763083393,0.0,0.0,0.0,0.0,128.88232821353972,0.0,0.0,0.0,0.0,0.0,0.0,0.0,0.0,0.0,0.0,51.65391669429778,77.22841151924196,105293.0,0,0,0,35,SALT LAKE
2049,351144,14.0,37.28107226651783,0.3755256796241189,95.0,0.0,1.0,94.0,100.09255028986723,0.0,0.0,1.0,0.0,0.0,94.0,0.0,0.0,0.0,0.0,4.092828926023509,0.9997213638437183,110636.0,0,1519,0,35,SALT LAKE
2050,351145,390.75,1334.4362054790145,0.2928202924917905,0.0,0.0,0.0,0.0,45.9137878997181,0.0,0.0,0.0,0.0,0.0,0.0,0.0,0.0,0.0,0.0,15.922146984406549,29.99164091531156,105293.0,0,0,0,35,SALT LAKE
2051,351146,339.0,1373.0007268715508,0.24690445778017034,0.0,0.0,0.0,0.0,38.72182890876209,0.0,0.0,0.0,0.0,0.0,0.0,0.0,0.0,0.0,0.0,12.72907344882541,25.99275545993668,105818.0,0,0,0,35,SALT LAKE
2052,351147,613.0,2147.1423828039856,0.2854957383866989,157.25,4.5,51.0,101.75,245.65715850291377,1.75,2.75,51.0,0.0,1.75,93.0,0.0,7.0,0.0,0.0,41.420254402258976,46.98690410065477,105928.0,1039,0,0,35,SALT LAKE
2053,351148,1974.5,4724.673049920903,0.4179125156677361,894.0,168.5,49.5,676.0,1153.6806030288783,135.0,33.5,6.0,43.5,154.25,230.0,3.0,288.75,0.0,0.0,107.7230950284214,151.9575080004572,105293.0,0,0,0,35,SALT LAKE
2054,351149,541.5,1347.106442618232,0.40197268966180744,0.0,0.0,0.0,0.0,65.8199141082246,0.0,0.0,0.0,0.0,0.0,0.0,0.0,0.0,0.0,0.0,24.08159940720881,41.73831470101578,105293.0,0,0,0,35,SALT LAKE
2055,351150,718.0,1942.2632829806796,0.36967181858997344,39.0,35.0,3.75,0.25,122.40918415819164,4.0,31.0,3.75,0.0,0.0,0.25,0.0,0.0,0.0,0.0,28.424509146787127,54.98467501140452,105293.0,0,0,0,35,SALT LAKE
2056,351151,1746.0,4047.405112827503,0.43138750664379394,253.0,57.5,8.0,187.5,634.5213320224399,35.5,22.0,0.0,8.0,46.5,11.25,0.0,129.75,0.0,0.0,247.3089885470555,134.2123434753844,105293.0,0,0,0,35,SALT LAKE
2057,351152,457.0,1150.615394423152,0.3971787638293435,400.0,0.25,4.25,395.5,467.1696458042746,0.0,0.25,0.75,3.5,10.25,302.0,56.0,27.25,0.0,0.0,32.17939806974447,34.99024773453014,105293.0,971,677,440,35,SALT LAKE
2058,351153,2277.25,5351.546703476806,0.4255311830728321,1437.25,285.0,78.5,1073.75,1782.3847077890875,158.0,127.0,0.25,78.25,297.5,106.75,6.0,663.5,0.0,0.0,170.18351540151858,174.95119238756897,105293.0,0,0,308,35,SALT LAKE
2059,351154,234.0,534.2369240342978,0.43800791273082673,260.0,64.25,6.5,189.25,337.0595038313237,39.0,25.25,0.0,6.5,45.0,11.25,0.0,133.0,0.0,0.0,59.0646585686731,17.99484526265058,105293.0,0,0,0,35,SALT LAKE
2060,351155,0.0,0.0,0.0,256.5,18.75,67.75,170.0,266.1311699069337,11.0,7.75,0.25,67.5,35.5,72.75,0.0,61.75,0.0,0.0,9.631169906933684,0.0,105293.0,0,0,0,35,SALT LAKE
2061,351156,1.0000000003572125,2.6055911917250834,0.38379006021092,631.2500002254903,86.75000003098819,205.00000007322856,339.5000001212736,694.2433698226397,36.75000001312756,50.00000001786062,0.0,205.00000007322856,50.75000001812853,61.50000002196857,0.0,227.25000008117652,0.0,0.0,62.993369597149375,0.0,105293.0,0,0,0,35,SALT LAKE
2062,351157,592.0,2010.737969873766,0.2944192673882643,73.75,0.0,0.0,73.75,145.2354446714533,0.0,0.0,0.0,0.0,0.0,73.75,0.0,0.0,0.0,0.0,25.998180655136476,45.487264016316814,72003.0,912,0,0,35,SALT LAKE
2063,351158,324.5,901.7141618975598,0.35987013813460006,1130.75,187.0,51.25,892.5,1216.6475410682103,44.0,143.0,7.25,44.0,171.75,67.0,354.0,299.75,1.0121409196955218,0.0,60.142255773712535,24.74314437480231,114476.0,0,0,0,35,SALT LAKE
2064,351159,403.0,1271.2230524290048,0.3170175361672075,1048.5,520.25,88.5,439.75,1142.4931422571217,277.75,242.5,12.0,76.5,113.25,81.5,24.0,221.0,0.0,0.0,63.00177997796642,30.991362279155275,114476.0,0,0,0,35,SALT LAKE
2065,351160,255.25,764.4236409644546,0.33391170330362535,29.0,0.0,0.0,29.0,75.16800155283585,0.0,0.0,0.0,0.0,0.0,29.0,0.0,0.0,0.0,0.0,26.423510416035317,19.744491136800526,114476.0,0,0,0,35,SALT LAKE
2066,351161,707.5,2120.219044676574,0.33369193705545863,462.25,85.0,20.5,356.75,561.9080604027619,17.25,67.75,4.0,16.5,35.0,210.75,18.0,93.0,0.0,0.0,45.4231241747807,54.23493622798119,114057.0,0,0,2230,35,SALT LAKE
2067,351162,491.25,1230.4206639788658,0.3992536978462497,474.75,77.5,25.75,371.5,572.5096425487603,30.25,47.25,3.5,22.25,59.0,54.75,85.0,172.75,0.0,0.0,59.77023072269898,37.9894118260613,79738.0,0,0,0,35,SALT LAKE
2068,351163,172.0,438.5286937010158,0.392220628822222,0.0,0.0,0.0,0.0,23.704424017615487,0.0,0.0,0.0,0.0,0.0,0.0,0.0,0.0,0.0,0.0,10.458063707226753,13.246360310388733,79738.0,0,0,0,35,SALT LAKE
2069,351164,1065.25,2859.478913553325,0.3725329097378338,827.5,275.25,29.25,523.0,1026.8204657757285,174.75,100.5,2.0,27.25,62.75,130.25,54.0,276.0,0.0,0.0,117.34363899277788,81.97682678295067,84793.0,641,0,0,35,SALT LAKE
2070,351165,1053.75,2456.230085945466,0.4290111117967129,233.5,28.0,13.25,192.25,382.0685599188584,23.0,5.0,5.25,8.0,63.25,12.75,24.0,92.25,0.0,0.0,67.59122231095867,80.97733760789976,88677.0,0,0,0,35,SALT LAKE
2071,351166,766.25,1950.3689480551536,0.39287438449226764,285.75,211.0,1.75,73.0,386.98759806360215,142.25,68.75,0.75,1.0,15.5,0.75,1.0,55.75,0.0,0.0,42.504020177243135,58.733577886359,123834.0,0,0,0,35,SALT LAKE
2072,351167,619.0,1546.4288545390846,0.40027706297842836,0.0,0.0,0.0,0.0,71.22938789760447,0.0,0.0,0.0,0.0,0.0,0.0,0.0,0.0,0.0,0.0,23.242762433105984,47.98662546449849,86391.0,0,0,0,35,SALT LAKE
2073,351168,278.5,689.1293972394227,0.4041331005695602,129.5,38.5,22.5,68.5,177.8091814897975,29.5,9.0,1.0,21.5,16.0,6.5,0.0,46.0,0.0,0.0,26.81523020572992,21.49395128406757,86391.0,0,0,0,35,SALT LAKE
2074,351169,664.5,1802.2715609478576,0.368701373532479,530.0,81.5,86.25,362.25,626.1104173653458,54.5,27.0,7.5,78.75,66.5,35.5,28.0,232.25,0.2525062656641604,0.0,44.871750076951145,50.98616102273057,127846.0,0,0,0,35,SALT LAKE
2075,351170,115.75,350.368038844286,0.3303668918597988,1402.25,1.25,2.0,1399.0,1468.2486529465496,1.0,0.25,0.0,2.0,20.25,68.25,1305.0,5.5,0.0,0.0,57.00106780851466,8.997585138034918,127846.0,859,0,0,35,SALT LAKE
2076,351171,113.25,352.08177006836286,0.32165823290995876,1845.5,131.5,182.0,1532.0,1939.3035428442552,96.25,35.25,19.25,162.75,574.75,327.5,120.0,509.75,0.0,0.0,85.05598670973554,8.74755613451962,127846.0,0,0,0,35,SALT LAKE
2077,351172,352.0,1102.2115772605323,0.31935792298142135,302.5,31.75,33.5,237.25,359.0694428214772,22.5,9.25,4.0,29.5,56.5,50.75,36.0,94.0,0.0,0.0,29.576965997696814,26.9924768237804,104529.0,0,0,0,35,SALT LAKE
2078,351173,278.75,893.891881972033,0.3118386078023709,270.25,10.5,7.75,252.0,311.85925566519865,8.75,1.75,0.0,7.75,12.25,188.25,2.0,49.5,0.0,0.0,20.61510702448056,20.994148640718088,88476.0,802,1304,0,35,SALT LAKE
2079,351174,788.25,1690.1983851218597,0.46636537280987217,910.0,136.25,111.5,662.25,1043.2667046645552,64.5,71.75,0.0,111.5,71.5,306.0,42.0,242.75,0.0,0.0,72.78355054947275,60.48315411508251,68984.0,0,0,0,35,SALT LAKE
2080,351175,512.0,1263.8141807942834,0.4051228477893939,311.0,90.25,8.75,212.0,398.90002335786585,79.25,11.0,0.75,8.0,27.25,22.25,16.25,146.25,0.0,0.0,48.66102368193686,39.238999675929016,113721.0,0,0,0,35,SALT LAKE
2081,351176,165.75,392.3377144086347,0.42246766984874934,205.75,12.25,4.25,189.25,234.19725878128068,8.25,4.0,0.0,4.25,51.0,25.5,59.75,53.0,0.0,0.0,15.95075334871168,12.496505432569004,113721.0,0,0,0,35,SALT LAKE
2082,351177,477.0,1165.19932875857,0.40937201749696056,2647.5,1292.0,803.75,551.75,2801.765589288946,778.25,513.75,560.5,243.25,96.0,102.5,0.0,353.25,0.0,0.0,117.27596848509047,36.98962080385602,86391.0,0,0,0,35,SALT LAKE
2083,351178,1624.25,3583.9061953034147,0.4532066163250934,5876.0,1409.5,320.5,4146.0,6326.408278625423,898.25,511.25,214.0,106.5,897.5,280.25,8.0,2960.25,2.024281839391044,0.0,323.667392651671,124.71660413436165,127846.0,0,0,0,35,SALT LAKE
2084,351179,0.0,0.0,0.0,1173.0,509.0,76.0,588.0,1226.2932649626891,341.75,167.25,11.0,65.0,101.0,98.25,21.0,367.75,0.0,0.0,53.29326496268909,0.0,127846.0,0,0,0,35,SALT LAKE
2085,351180,130.0,400.1419831905861,0.32488467959154765,16.0,0.0,0.0,16.0,34.47921895549372,0.0,0.0,0.0,0.0,16.0,0.0,0.0,0.0,0.0,0.0,8.482005317056533,9.997213638437184,127846.0,0,0,0,35,SALT LAKE
2086,351181,390.75,1213.012734922473,0.32213182001339324,0.0,0.0,0.0,0.0,54.413958122185946,0.0,0.0,0.0,0.0,0.0,0.0,0.0,0.0,0.0,0.0,24.172404280503848,30.24155384168209,104529.0,0,0,0,35,SALT LAKE
2087,351182,377.25,1056.2163778078725,0.3571711326640898,0.0,0.0,0.0,0.0,45.90735039467409,0.0,0.0,0.0,0.0,0.0,0.0,0.0,0.0,0.0,0.0,16.915430843206252,28.99191955146784,94115.0,0,0,0,35,SALT LAKE
2088,351183,481.0,1394.3765746111987,0.34495702865211986,101.5,1.25,14.25,86.0,193.61133055325632,0.75,0.5,0.0,14.25,2.0,68.75,1.0,14.25,0.0,0.0,54.8717503740598,37.23958017919653,92183.0,658,0,0,35,SALT LAKE
2089,351184,130.0,339.7297414029302,0.38265710697909106,116.25,1.5,54.0,60.75,135.50140628725595,0.0,1.5,54.0,0.0,2.0,9.75,44.0,5.0,0.0,0.0,9.254192648818757,9.997213638437184,86391.0,0,0,0,35,SALT LAKE
2090,351185,500.0,1671.2787736844662,0.29917211172239716,87.0,0.0,0.5,86.5,148.80737862704916,0.0,0.0,0.5,0.0,0.0,86.5,0.0,0.0,0.0,1.7767688232282393,22.04119797775964,37.9894118260613,110636.0,1025,0,0,35,SALT LAKE
2091,351186,523.0,1351.6853459117692,0.3869243693303594,168.25,86.25,43.75,38.25,234.19458432391733,1.0,85.25,43.75,0.0,2.0,4.0,11.0,21.25,0.0,0.0,25.955729770168627,39.98885455374874,90562.0,0,0,0,35,SALT LAKE
2092,351187,760.25,1765.135420679366,0.4307034979261788,235.25,9.5,170.25,55.5,332.116267511649,4.0,5.5,169.5,0.75,3.75,31.0,0.0,20.75,1.0121409196955218,0.0,37.3707170301494,58.48340956180407,105293.0,0,0,0,35,SALT LAKE
2093,351188,165.0,515.419711855065,0.3201274538106872,533.75,175.75,11.0,347.0,622.4900928419843,79.75,96.0,0.75,10.25,56.5,114.25,28.0,148.25,0.0,0.0,75.7437151120159,12.99637772996834,127846.0,0,1341,0,35,SALT LAKE
2094,351189,523.0,1648.5206207171316,0.3172541449754429,1238.75,593.25,57.0,588.5,1344.8909719580174,412.25,181.0,23.25,33.75,84.0,73.5,78.0,353.0,0.0,0.0,66.15211740426862,39.98885455374874,127846.0,0,0,0,35,SALT LAKE
2095,351190,323.5,1102.813693681171,0.2933405722594568,194.0,0.5,0.25,193.25,241.42452737608937,0.5,0.0,0.0,0.25,0.0,192.25,0.0,1.0,0.0,0.0,22.43149327999639,24.993034096092963,113796.0,86,52,83,35,SALT LAKE
2096,351191,172.0,470.23168076090735,0.36577714143308565,0.0,0.0,0.0,0.0,45.9591898251914,0.0,0.0,0.0,0.0,0.0,0.0,0.0,0.0,0.5054351359570475,0.0,32.20753366538197,13.246221023852378,78975.0,0,0,0,35,SALT LAKE
2097,351192,567.75,1420.9217659609042,0.3995645739271625,138.0,35.0,17.75,85.25,235.4896592382052,8.0,27.0,0.0,17.75,21.5,9.75,0.0,54.0,0.0,0.0,53.75180894606052,43.73785029214467,78975.0,0,0,0,35,SALT LAKE
2098,351193,249.0,588.9862552483858,0.4227602898729655,269.0,3.5,3.0,262.5,336.696362451268,2.0,1.5,1.0,2.0,9.5,8.5,187.0,57.5,0.0,0.0,48.45174361186676,19.24461883940119,112204.0,0,0,0,35,SALT LAKE
2099,351194,160.25,376.8063912225758,0.4252847184466728,195.5,6.25,40.25,149.0,230.61863508445504,4.25,2.0,0.0,40.25,33.75,46.75,27.0,41.5,1.0121409196955218,0.0,21.85983200882293,12.24666215593661,113721.0,0,0,0,35,SALT LAKE
2100,351195,474.0,1636.4480221350973,0.2896517295927098,0.0,0.0,0.0,0.0,53.788142593191694,0.0,0.0,0.0,0.0,0.0,0.0,0.0,0.0,0.0,0.0,17.79817349481783,35.98996909837386,110636.0,0,0,0,35,SALT LAKE
2101,351196,376.25,988.9817250952416,0.3804418124751154,350.75,26.75,24.75,299.25,416.05067550044913,19.75,7.0,2.75,22.0,65.5,103.5,4.0,126.25,1.0121409196955218,0.0,35.29668468333565,28.991849897417985,148008.0,0,0,0,35,SALT LAKE
2102,351197,331.5,874.3921734468054,0.37912050229503474,292.75,70.75,7.5,214.5,349.4295492736061,66.5,4.25,0.0,7.5,88.75,10.25,56.0,59.5,0.0,0.0,31.43657903743926,25.242970236166805,148008.0,0,0,0,35,SALT LAKE
2103,351198,348.0,753.8133085588966,0.4616527674011081,1076.75,279.25,36.0,761.5,1166.736000597821,255.75,23.5,1.0,35.0,186.5,178.25,0.0,396.75,0.0,0.0,62.99352377404055,26.9924768237804,90059.0,0,0,0,35,SALT LAKE
2104,351199,0.0,0.0,0.0,6311.75,856.25,859.75,4595.75,6572.4859617644925,723.75,132.5,207.25,652.5,1271.25,545.75,24.0,2754.75,0.0,0.0,260.7359617644927,0.0,90059.0,0,0,0,35,SALT LAKE
2105,351200,538.75,1147.068574279753,0.4696754946305476,2367.25,351.25,172.75,1843.25,2530.8576844014706,249.25,102.0,14.0,158.75,416.0,288.0,344.0,795.25,0.0,0.0,122.61910848387828,40.988575917592456,97701.0,0,0,0,35,SALT LAKE
2106,351201,305.5,690.2398094141611,0.4425997976837821,0.0,0.0,0.0,0.0,34.96529482891406,0.0,0.0,0.0,0.0,0.0,0.0,0.0,0.0,0.0,0.0,11.471807953717605,23.493486875196457,114601.0,0,0,0,35,SALT LAKE
2107,351202,284.0,642.0468355471363,0.44233533174878475,692.75,193.75,13.25,485.75,751.4201141173538,180.5,13.25,3.0,10.25,48.5,46.75,154.0,236.5,0.0,0.0,36.67624411279196,21.99387000456181,114601.0,0,0,0,35,SALT LAKE
2108,351203,643.0,1225.026806662946,0.5248864730981475,3038.25,865.0,306.75,1866.5,3233.462802304233,374.0,491.0,74.25,232.5,206.0,90.25,786.0,784.25,0.0,0.0,146.22645547589082,48.98634682834221,90770.0,0,0,0,35,SALT LAKE
2109,351204,838.25,1879.674571371396,0.4459548545088947,1421.5,228.0,39.25,1154.25,1607.2973231323008,83.75,144.25,0.0,39.25,183.0,455.0,34.0,482.25,0.0,0.0,121.56519648389732,64.23212664840337,90770.0,0,0,0,35,SALT LAKE
2110,351205,450.5,1252.2934717473483,0.35973995725731045,385.25,8.5,17.25,359.5,455.8707771139216,8.0,0.5,17.0,0.25,86.0,20.0,199.0,54.5,0.0,0.0,35.8805119598119,34.74026515410976,81668.0,0,0,0,35,SALT LAKE
2111,351206,0.0,0.0,0.0,2461.999995889349,188.49999968527308,1620.4999972943501,652.9999989097258,2554.446029512687,155.49999974037115,32.999999944901916,1610.4999973110466,9.999999983303612,73.99999987644672,83.74999986016775,0.0,495.24999917311135,0.0,0.0,92.44603362333754,0.0,90059.0,1228,526,188,35,SALT LAKE
2112,351207,200.5,522.8203496663937,0.38349693183889455,1002.75,132.75,37.5,832.5,1122.4239546250797,57.75,75.0,0.0,37.5,188.25,127.0,63.5,453.75,0.0,0.0,104.17837794716934,15.495576677910352,90770.0,0,0,0,35,SALT LAKE
2113,351208,348.75,912.2895663447906,0.38227993924923775,1052.0,279.25,32.0,740.75,1154.6189409953845,136.0,143.25,8.25,23.75,126.25,59.0,117.0,438.5,0.0,0.0,75.87681830498322,26.74212269040085,114181.0,0,0,0,35,SALT LAKE
2114,351209,130.0,345.5584176991088,0.3762026717959916,543.25,277.75,15.25,250.25,580.7763996617329,181.5,96.25,4.75,10.5,38.0,29.75,21.0,161.5,0.0,0.0,27.529186023295694,9.997213638437184,111398.0,0,0,0,35,SALT LAKE
2115,351210,221.0,607.3459457253989,0.36387828313572274,0.0,0.0,0.0,0.0,28.543327344175125,0.0,0.0,0.0,0.0,0.0,0.0,0.0,0.0,0.0,0.0,11.548064158831911,16.995263185343212,144924.0,0,0,0,35,SALT LAKE
2116,351211,262.25,606.6493219920262,0.4322925790782422,16.0,0.0,0.0,16.0,47.94235794478652,0.0,0.0,0.0,0.0,9.0,0.0,6.0,1.0,0.0,0.0,11.947930667912146,19.99442727687437,155809.0,0,0,0,35,SALT LAKE
2117,351212,421.24999992040154,946.8796606041682,0.4448822986139736,5484.499998963662,1865.4999996474994,232.74999995602008,3386.249999360142,5738.996883549902,1795.7499996606791,69.7499999868202,0.0,232.74999995602008,1126.4999997871391,582.9999998898377,3.999999999244169,1672.749999683921,0.0,0.0,222.00590543827892,32.49097914796221,90059.0,0,0,0,35,SALT LAKE
2118,351213,0.0,0.0,0.0,2486.25,387.25,1530.5,568.5,2579.605280304192,334.25,53.0,160.25,1370.25,261.0,20.75,29.0,257.75,0.0,0.0,93.35528030419172,0.0,90059.0,0,0,0,35,SALT LAKE
2119,351214,429.75,924.071348194238,0.4650614921020875,1052.5,103.25,110.5,838.75,1141.14443855659,72.75,30.5,0.0,110.5,250.75,202.25,13.0,372.75,0.0,0.0,55.65363354974728,32.990805006842706,90059.0,0,0,0,35,SALT LAKE
2120,351215,193.5,453.0038147689062,0.427148720808701,4075.5,938.5,491.0,2646.0,4266.04327108711,454.0,484.5,147.25,343.75,471.25,702.0,326.0,1146.75,0.0,0.0,175.5474506294544,14.995820457655777,60380.0,0,0,0,35,SALT LAKE
2121,351216,300.0,879.6171141125329,0.34105748420172255,1235.0,253.5,89.25,892.25,1319.9346261477635,90.5,163.0,0.0,89.25,173.0,160.5,134.0,424.75,0.0,3.5535376464564785,58.38749713290146,22.993591368405525,149201.0,0,0,0,35,SALT LAKE
2122,351217,403.0,1165.2504834171648,0.34584838687917047,720.5,193.0,63.75,463.75,799.4269831634165,174.75,18.25,4.0,59.75,98.0,75.75,101.25,188.75,0.0,0.0,47.935690533999335,30.99129262941713,149504.0,0,0,0,35,SALT LAKE
2123,351218,245.0,674.8979687390861,0.36301783580373526,777.0,23.0,45.5,708.5,853.8699609623778,14.5,8.5,14.0,31.5,129.25,452.5,29.0,97.75,0.0,0.0,58.12519118942103,18.744769772956808,149709.0,705,0,0,35,SALT LAKE
2124,351219,348.75,1115.61894352252,0.3126067390885605,63.5,0.0,0.0,63.5,116.2202969197346,0.0,0.0,0.0,0.0,0.0,59.75,0.0,3.75,0.0,0.0,25.72782009595421,26.9924768237804,114770.0,0,1609,0,35,SALT LAKE
2125,351220,123.49999092524266,385.6128377913303,0.32026939671565907,28.99999786908532,5.749999577491055,1.749999871410321,21.499998420183942,44.97141335705257,3.7499997244506877,1.9999998530403669,0.0,1.749999871410321,6.999999485641284,3.499999742820642,0.0,10.999999191722019,0.0,0.0,6.474005190747565,9.497410297219686,114770.0,0,0,0,35,SALT LAKE
2126,351221,461.2499999986845,1499.2633413082601,0.30765108923172685,1.999999999994296,0.0,0.0,1.999999999994296,59.134612626723666,0.0,0.0,0.0,0.0,0.0,0.0,1.999999999994296,0.0,0.0,0.0,21.894475175320796,35.24013745140858,114770.0,0,0,0,35,SALT LAKE
2127,351222,524.75,1153.3393365355848,0.4549831809051538,2204.0,1138.75,7.0,1058.25,2351.951178650568,1136.0,2.75,3.75,3.25,274.0,2.5,0.0,781.75,0.0,0.0,107.9623240968194,39.98885455374874,90059.0,0,0,0,35,SALT LAKE
2128,351223,1.0,1.0,1.0,5250.75,779.5,411.5,4059.75,5515.169383279676,627.0,152.5,77.75,333.75,1069.75,806.0,36.0,2148.0,0.0,0.0,264.4193832796755,0.0,90059.0,0,0,0,35,SALT LAKE
2129,351224,957.0,2250.2967002699934,0.4252772533884878,1247.0,232.75,165.5,848.75,1482.9673778142555,209.25,23.5,13.75,151.75,154.75,84.75,33.0,576.25,0.0,0.0,162.23818844532548,73.7291893689301,60380.0,513,108,0,35,SALT LAKE
2130,351225,332.5,971.3236884944616,0.342316370884942,0.0,0.0,0.0,0.0,39.727472080769374,0.0,0.0,0.0,0.0,0.0,0.0,0.0,0.0,0.0,0.0,13.984699201253086,25.742772879516288,149201.0,0,0,0,35,SALT LAKE
2131,351226,19.0,55.92859738826967,0.3397188716909431,147.0,0.0,0.0,147.0,154.23283697595292,0.0,0.0,0.0,0.0,0.25,146.75,0.0,0.0,0.0,0.0,6.233115612109199,0.9997213638437183,149201.0,0,0,2351,35,SALT LAKE
2132,351227,275.25,778.4035323967424,0.353608364484796,180.5,0.0,0.0,180.5,229.10694401128984,0.0,0.0,0.0,0.0,0.0,180.5,0.0,0.0,0.0,0.0,27.612795370571742,20.994148640718088,149709.0,0,0,0,35,SALT LAKE
2133,351228,0.0,0.0,0.0,0.0,0.0,0.0,0.0,0.0,0.0,0.0,0.0,0.0,0.0,0.0,0.0,0.0,0.0,0.0,0.0,0.0,90059.0,0,0,0,35,SALT LAKE
2134,351229,1122.25,2502.054747022044,0.4485313526155679,1101.5,132.75,37.25,931.5,1276.7303519039317,110.25,22.5,0.0,37.25,166.25,111.0,3.0,651.25,0.0,0.0,89.00447133673939,86.22588056719218,90059.0,0,0,0,35,SALT LAKE
2135,351230,637.25,2357.241460910945,0.2703371761303306,64.0,0.0,0.0,64.0,141.3176376882103,0.0,0.0,0.0,0.0,0.0,64.0,0.0,0.0,0.0,0.0,28.331290859868105,48.98634682834221,149201.0,683,0,0,35,SALT LAKE
2136,351231,579.25,1589.5719804618034,0.36440627232981043,3.0,0.0,1.0,2.0,86.1010654007473,0.0,0.0,1.0,0.0,0.0,1.0,1.0,0.0,0.0,0.0,38.86341246525314,44.23765293549416,149081.0,0,0,0,35,SALT LAKE
2137,351232,222.00000001038705,727.1596331979226,0.3052974751005764,0.0,0.0,0.0,0.0,25.330931793908828,0.0,0.0,0.0,0.0,0.0,0.0,0.0,0.0,0.0,0.0,8.33566860777043,16.995263186138395,138222.0,0,0,0,35,SALT LAKE
2138,351233,5295.5,14742.416170781464,0.3592016355158489,70.25,14.5,1.25,54.5,947.615958694739,10.75,3.75,0.0,1.25,11.0,3.25,3.25,37.0,0.0,0.0,470.4793404009541,406.886618293785,148008.0,0,0,0,35,SALT LAKE
2139,351234,0.0,0.0,0.0,2918.0,357.0,256.0,2305.0,3035.573035844377,228.0,129.0,16.75,239.25,1074.0,319.5,0.0,911.5,0.0,0.0,117.57303584437688,0.0,148008.0,0,0,0,35,SALT LAKE
2140,351235,0.0,0.0,0.0,5846.0,518.75,124.5,5202.75,6213.506442544275,292.5,226.25,0.0,124.5,948.75,407.75,2515.75,1330.5,2.024281839391044,0.0,365.48216070488434,0.0,148008.0,0,0,0,35,SALT LAKE
2141,351236,0.0,0.0,0.0,2048.5,259.75,66.75,1722.0,2125.403116432129,158.75,101.0,0.0,66.75,557.25,152.5,254.25,758.0,0.0,0.0,76.9031164321291,0.0,148008.0,0,0,0,35,SALT LAKE
2142,351237,1.75,3.1550410687865926,0.5546678987202656,3548.25,182.25,254.75,3111.25,3681.535580841483,127.5,54.75,0.0,254.75,1623.5,315.75,35.0,1137.0,0.0,0.0,133.285580841483,0.0,96451.0,0,0,0,35,SALT LAKE
2143,351238,0.0,0.0,0.0,1605.0,384.0,55.25,1165.75,1665.801377811688,263.25,120.75,2.0,53.25,268.5,87.75,17.0,792.5,0.0,0.0,60.80137781168777,0.0,60380.0,0,0,0,35,SALT LAKE
2144,351239,411.5,927.8982643685858,0.44347534185767296,237.0,5.25,11.75,220.0,295.84085499718856,4.0,1.25,0.0,11.75,75.0,14.75,24.0,106.25,0.0,0.0,27.099753934609957,31.7411010625786,96451.0,0,0,0,35,SALT LAKE
2145,351240,271.75,607.7207348857761,0.44716262651639926,0.0,0.0,0.0,0.0,32.197973053066875,0.0,0.0,0.0,0.0,0.0,0.0,0.0,0.0,0.0,0.0,11.203824412348787,20.994148640718088,96652.0,0,0,0,35,SALT LAKE
2146,351241,835.9999997950807,1958.308241885221,0.4268990866270785,172.499999957717,3.249999999203364,21.749999994668666,147.49999996384497,274.35018353120336,2.2499999994484825,0.9999999997548812,12.749999996874735,8.99999999779393,43.49999998933733,61.249999984986474,0.9999999997548812,41.74999998976629,0.0,0.0,37.86801630317156,63.982167270314754,120884.0,662,0,0,35,SALT LAKE
2147,351242,474.75,1076.8473831922315,0.4408702731789532,0.0,0.0,0.0,0.0,54.81631766319981,0.0,0.0,0.0,0.0,0.0,0.0,0.0,0.0,0.0,0.0,18.076516917961168,36.73980074523864,130577.0,0,0,0,35,SALT LAKE
2148,351243,262.99999916813425,636.2999498470738,0.41332707826134957,0.0,0.0,0.0,0.0,29.869785049774443,0.0,0.0,0.0,0.0,0.0,0.0,0.0,0.0,0.0,0.0,9.875357836142191,19.994427213632246,148614.0,0,0,0,35,SALT LAKE
2149,351244,0.0,0.0,0.0,5935.5,216.0,0.0,5719.5,6158.351948973371,0.0,216.0,0.0,0.0,0.0,337.5,5382.0,0.0,0.0,0.0,222.85194897337075,0.0,148008.0,0,0,1,35,SALT LAKE
2150,351245,392.0,875.0812129687105,0.4479584228189989,671.0,74.5,49.25,547.25,740.9054479111509,60.5,14.0,0.0,49.25,88.25,39.5,88.25,331.25,0.0,0.0,39.91380699583929,29.99164091531156,96451.0,0,0,0,35,SALT LAKE
2151,351246,403.0,906.954072483733,0.44434444061358813,22.0,8.0,0.0,14.0,68.94964020172401,7.25,0.75,0.0,0.0,0.0,0.0,0.0,14.0,0.0,0.0,15.95827792256873,30.991362279155275,95085.0,0,0,0,35,SALT LAKE
2152,351247,467.0,1052.8412122776797,0.44356166395662705,39.75,8.5,0.5,30.75,94.76718469705376,8.5,0.0,0.0,0.5,4.0,1.25,21.75,3.75,0.0,0.0,19.027215598679888,35.98996909837386,100700.0,0,0,0,35,SALT LAKE
2153,351248,0.0,0.0,0.0,470.75,91.5,41.25,338.0,488.42645387150407,89.5,2.0,0.0,41.25,8.75,293.75,0.5,35.0,0.0,0.0,17.676453871504073,0.0,96451.0,0,0,0,35,SALT LAKE
2154,351249,368.5,852.5820513063072,0.43221646460348595,2133.5,89.5,136.5,1907.5,2255.9420241837142,45.5,44.0,0.0,136.5,790.5,380.75,2.0,734.25,0.0,0.0,93.95002335274047,28.4920008309736,95085.0,0,0,0,35,SALT LAKE
2155,351250,722.75,1868.74086176894,0.3867577440971932,0.0,0.0,0.0,0.0,82.87272439330293,0.0,0.0,0.0,0.0,0.0,0.0,0.0,0.0,0.0,0.0,27.13824094442523,55.7344834488777,95085.0,0,0,0,35,SALT LAKE
2156,351251,496.0,1470.9954235192693,0.33718663706876084,92.0,6.5,2.0,83.5,156.31873924336705,0.0,6.5,0.0,2.0,14.0,1.5,3.0,65.0,0.0,0.0,26.32932741730575,37.9894118260613,145738.0,0,0,0,35,SALT LAKE
2157,351252,0.0,0.0,0.0,99.0,7.75,48.25,43.0,102.71923172454936,5.75,2.0,0.0,48.25,5.75,8.75,0.0,28.5,0.0,0.0,3.7192317245493753,0.0,95085.0,0,0,0,35,SALT LAKE
2158,351253,824.5,2048.374014308927,0.4025143817683934,2865.75,208.0,125.5,2532.25,3067.500121345782,148.25,59.75,0.0,125.5,584.5,327.5,24.0,1596.25,0.0,0.0,138.51773931805243,63.23238202772963,95085.0,0,0,0,35,SALT LAKE
2159,351254,0.4999999997920114,1.7045851702742136,0.29332649873492517,22.999999990432524,0.4999999997920114,12.249999994904279,10.249999995736234,23.882679208978573,0.2499999998960057,0.2499999998960057,0.0,12.249999994904279,0.0,3.249999998648074,0.0,6.9999999970881595,0.0,0.0,0.8826792185460495,0.0,95085.0,0,0,0,35,SALT LAKE
2160,351255,0.0,0.0,0.0,0.0,0.0,0.0,0.0,0.0,0.0,0.0,0.0,0.0,0.0,0.0,0.0,0.0,0.0,0.0,0.0,0.0,95085.0,0,0,0,35,SALT LAKE
2161,351256,0.0,0.0,0.0,436.5,96.25,34.0,306.25,523.3720985854063,58.75,37.5,0.0,34.0,61.5,24.0,0.0,220.75,0.0,0.0,86.87209858540626,0.0,95085.0,0,0,0,35,SALT LAKE
2162,351257,197.75,549.7762074641221,0.3596918115320678,0.0,0.0,0.0,0.0,22.421053212577974,0.0,0.0,0.0,0.0,0.0,0.0,0.0,0.0,0.0,0.0,7.425232754922199,14.995820457655777,141675.0,0,0,0,35,SALT LAKE
2163,351258,105.25,289.4901180950175,0.3635702686246943,0.0,0.0,0.0,0.0,15.711547684714557,0.0,0.0,0.0,0.0,0.0,0.0,0.0,0.0,1.0121409196955218,0.0,6.451746137290345,8.24766062772869,141675.0,0,0,0,35,SALT LAKE
2164,351259,80.0,223.2988637809811,0.3582642501865421,82.0,0.0,0.0,82.0,94.83154089028076,0.0,0.0,0.0,0.0,0.0,80.75,0.0,1.25,0.0,0.0,6.833212707218433,5.998328183062311,141675.0,358,171,0,35,SALT LAKE
2165,351260,113.5,318.8148880827629,0.35600595907721827,270.0,5.0,38.25,226.75,293.39777161615314,4.0,1.0,2.0,36.25,6.5,178.25,2.0,40.0,0.0,0.0,14.400279341559676,8.997492274593466,141675.0,796,0,0,35,SALT LAKE
2166,351261,171.25,532.3073537943721,0.3217126323341253,117.5,32.5,16.0,69.0,147.58789330560705,31.5,1.0,6.0,10.0,2.25,42.0,7.0,17.75,0.0,0.0,16.841579435564856,13.246313870042188,96281.0,500,0,0,35,SALT LAKE
2167,351262,735.75,1993.130982289204,0.3691428242989614,916.75,120.0,23.25,773.5,1044.2810417615715,31.75,88.25,0.0,23.25,170.5,76.0,68.0,459.0,1.0121409196955218,0.0,70.03463217353998,56.484268668335865,96281.0,0,0,0,35,SALT LAKE
2168,351263,25.0,71.35698822936563,0.35035110954573223,235.5,15.0,82.25,138.25,247.03083771842964,10.0,5.0,13.0,69.25,29.0,56.5,0.0,52.75,0.0,0.0,9.781423994257484,1.7494137241721408,96281.0,0,0,0,35,SALT LAKE
2169,351264,223.25,665.5908739470007,0.3354162575518979,0.0,0.0,0.0,0.0,29.12845773922268,0.0,0.0,0.0,0.0,0.0,0.0,0.0,0.0,0.0,0.0,12.133194553879466,16.995263185343212,90059.0,0,0,0,35,SALT LAKE
2170,351265,0.0,0.0,0.0,983.0,76.25,476.5,430.25,1020.9247181828018,71.25,5.0,25.25,451.25,81.0,65.75,74.25,209.25,1.0121409196955218,0.0,36.91257726310636,0.0,90059.0,0,0,0,35,SALT LAKE
2171,351266,158.5,439.2782878510323,0.36081910803146816,0.0,0.0,0.0,0.0,18.447974869624662,0.0,0.0,0.0,0.0,0.0,0.0,0.0,0.0,0.0,0.0,5.951446206100711,12.496528663523955,141675.0,0,0,0,35,SALT LAKE
2172,351267,174.0,638.2164698182061,0.2726347692806539,0.0,0.0,0.0,0.0,20.02988445591413,0.0,0.0,0.0,0.0,0.0,0.0,0.0,0.0,0.0,0.0,7.033506725945786,12.99637772996834,114950.0,0,0,0,35,SALT LAKE
2173,351268,177.0,645.029667895994,0.2744059828710699,0.0,0.0,0.0,0.0,20.64246343459331,0.0,0.0,0.0,0.0,0.0,0.0,0.0,0.0,0.0,0.0,6.646364340781253,13.996099093812058,114950.0,0,0,0,35,SALT LAKE
2174,351269,105.75,331.3362538887461,0.3191621766675374,65.75,17.75,0.5,47.5,85.18869204266242,10.25,7.5,0.0,0.5,13.0,2.25,0.0,32.25,0.0,0.0,11.440921131912678,7.997770910749748,96281.0,0,0,0,35,SALT LAKE
2175,351270,117.25,309.3218553807442,0.3790550132827731,59.5,13.5,0.75,45.25,92.13629950811968,9.0,4.5,0.0,0.75,8.5,3.75,0.0,33.0,0.0,0.0,23.63880723352621,8.997492274593466,96281.0,0,0,0,35,SALT LAKE
2176,351271,6.75,17.788679971829445,0.3794547999452153,0.0,0.0,0.0,0.0,4.801653755015607,0.0,0.0,0.0,0.0,0.0,0.0,0.0,0.0,4.048563678782087,0.0,0.253241009789136,0.4998490664443842,96281.0,0,0,0,35,SALT LAKE
2177,351272,392.0,1062.519837697716,0.36893428818175433,82.25,14.0,4.0,64.25,130.31463035665166,8.25,5.75,0.0,4.0,14.25,5.0,0.0,45.0,0.0,0.0,17.82333191315395,30.241298443497698,96281.0,0,0,0,35,SALT LAKE
2178,351273,716.0,1947.474377817013,0.3676556714458999,1554.25,106.75,630.75,816.75,1755.1032103073169,72.25,34.5,105.0,525.75,154.25,108.25,0.0,554.25,0.0,7.107075294244778,138.76157609606355,54.98455891700812,96281.0,0,0,542,35,SALT LAKE
2179,351274,25.25,66.58947306706786,0.3791890645322963,1230.0,162.0,131.75,936.25,1300.887111773808,76.75,85.25,0.0,131.75,246.0,166.25,18.5,505.5,0.0,0.0,68.88780835422007,1.9993034195877295,96281.0,0,0,0,35,SALT LAKE
2180,351275,190.75,696.3102434334666,0.2739439808603454,0.0,0.0,0.0,0.0,29.015744405330253,0.0,0.0,0.0,0.0,0.0,0.0,0.0,0.0,0.0,7.107075294244778,7.1627847935035405,14.745884317581933,114950.0,0,0,0,35,SALT LAKE
2181,351276,328.0,867.0781080551782,0.3782819528631521,113.0,5.0,24.25,83.75,156.55316324328416,2.75,2.25,1.0,23.25,10.25,11.75,0.0,61.75,0.0,0.0,18.560129147191198,24.993034096092963,96281.0,0,0,0,35,SALT LAKE
2182,351277,1275.75,3375.852781193369,0.37790451263369973,405.0,25.5,14.75,364.75,566.0543703482704,17.25,8.25,0.0,14.75,38.25,246.0,0.0,80.5,0.0,0.0,63.08190884587548,97.9724615023949,96281.0,348,0,0,35,SALT LAKE
2183,351278,1072.0,2837.347514278369,0.37781766054576676,90.5,0.25,3.0,87.25,216.1275892385503,0.0,0.25,0.0,3.0,0.0,87.25,0.0,0.0,0.0,0.0,43.65043740336541,81.97715183518491,96281.0,716,256,0,35,SALT LAKE
2184,351279,65.0,168.56060757837992,0.38561797405586173,387.75,18.75,212.25,156.75,409.7494501621426,16.0,2.75,0.0,212.25,11.25,30.5,0.0,115.0,0.0,0.0,17.000843342924,4.998606819218592,96281.0,0,0,0,35,SALT LAKE
2185,351280,59.99999967916487,155.54002622780084,0.3857527938904296,3188.7499829489498,378.9999979733915,632.7499966165262,2176.999988359032,3787.713998450575,253.74999864313477,125.24999933025667,196.99999894659135,435.7499976699349,685.7499963331219,271.4999985482211,0.0,1219.7499934776893,0.0,426.4245153478508,168.04064965650267,4.498850497272728,96281.0,0,0,0,35,SALT LAKE
2186,351281,488.2499998230099,1305.283529469456,0.37405666186676195,2299.4999991664336,248.499999909919,234.74999991490338,1816.2499993416113,2445.300704239766,160.24999994190955,88.24999996800948,2.4999999990937525,232.24999991580964,403.2499998538223,508.2499998157599,0.9999999996375011,903.7499996723916,1.0121409193286217,0.0,107.2992800371164,37.489284116887745,96691.0,0,0,0,35,SALT LAKE
2187,351282,29.0,54.2,0.5350553505535055,0.0,0.0,0.0,0.0,0.0,0.0,0.0,0.0,0.0,0.0,0.0,0.0,0.0,0.0,0.0,0.0,0.0,120184.0,0,0,0,35,SALT LAKE
2188,351283,425.0,1062.6,0.39996235648409567,0.0,0.0,0.0,0.0,0.0,0.0,0.0,0.0,0.0,0.0,0.0,0.0,0.0,0.0,0.0,0.0,0.0,120184.0,0,0,0,35,SALT LAKE
2189,351284,191.3,478.8,0.3995405179615706,10.0,0.0,0.0,10.0,10.0,0.0,0.0,0.0,0.0,0.0,10.0,0.0,0.0,0.0,0.0,0.0,0.0,120184.0,0,0,0,35,SALT LAKE
2190,351285,7.000000014486569,14.000000028973139,0.5,55.00000011382304,53.90000011154658,0.0,1.1000000022764609,55.00000011382304,0.0,53.90000011154658,0.0,0.0,0.0,1.1000000022764609,0.0,0.0,0.0,0.0,0.0,0.0,133856.0,0,0,0,35,SALT LAKE
2191,351286,0.0,0.0,0.0,0.0,0.0,0.0,0.0,0.0,0.0,0.0,0.0,0.0,0.0,0.0,0.0,0.0,0.0,0.0,0.0,0.0,109943.0,0,0,0,35,SALT LAKE
2192,351287,67.20000013117144,98.30000019187726,0.6836215666327569,51.00000009954975,51.00000009954975,0.0,0.0,51.00000009954975,0.0,51.00000009954975,0.0,0.0,0.0,0.0,0.0,0.0,0.0,0.0,0.0,0.0,136616.0,0,0,0,35,SALT LAKE
2193,351288,14.100000000455667,25.100000000811153,0.5617529880478087,0.0,0.0,0.0,0.0,0.0,0.0,0.0,0.0,0.0,0.0,0.0,0.0,0.0,0.0,0.0,0.0,0.0,136616.0,0,0,0,35,SALT LAKE
2194,351289,22.100000072838302,42.10000013875531,0.5249406175771972,107.80000035529271,74.70000024620005,0.0,33.10000010909266,107.80000035529271,31.300000103160126,43.40000014303992,0.0,0.0,0.0,0.0,0.0,33.10000010909266,0.0,0.0,0.0,0.0,136616.0,0,0,0,35,SALT LAKE
2195,351290,78.79999999798261,141.6999999963723,0.5561044460127028,66.09999999830775,22.79999999941629,0.0,43.29999999889146,66.09999999830775,9.899999999746548,12.899999999669744,0.0,0.0,0.0,9.699999999751666,0.0,33.5999999991398,0.0,0.0,0.0,0.0,136616.0,0,0,0,35,SALT LAKE
2196,351291,194.7,271.2,0.7179203539823009,198.4,108.4,0.0,90.0,198.4,0.0,108.4,0.0,0.0,0.0,39.6,0.0,50.4,0.0,0.0,0.0,0.0,154242.0,13,0,0,35,SALT LAKE
2197,351292,31.200004873533608,45.100007044755316,0.6917960088691796,686.8001072802206,512.9000801165189,0.0,173.90002716370176,686.8001072802206,33.300005201559905,479.60007491495895,0.0,0.0,0.0,34.40000537338321,0.0,139.50002179031856,0.0,0.0,0.0,0.0,154321.0,0,0,0,35,SALT LAKE
2198,351293,0.0,0.0,0.0,0.0,0.0,0.0,0.0,0.0,0.0,0.0,0.0,0.0,0.0,0.0,0.0,0.0,0.0,0.0,0.0,0.0,137723.0,0,0,0,35,SALT LAKE
2199,351294,19.099999999503282,53.19999999861647,0.35902255639097747,94.7999999975346,0.0,0.0,94.7999999975346,94.7999999975346,0.0,0.0,0.0,0.0,10.399999999729534,0.0,0.0,84.39999999780507,0.0,0.0,0.0,0.0,143773.0,0,0,0,35,SALT LAKE
2200,351295,1.0,2.003509937959168,0.4991240527704237,162.0,0.0,0.0,162.0,168.12046894442048,0.0,0.0,0.0,0.0,0.25,161.75,0.0,0.0,0.0,0.0,6.120468944420478,0.0,31535.0,0,0,0,35,SALT LAKE
2201,351296,0.0,0.0,0.0,0.0,0.0,0.0,0.0,0.0,0.0,0.0,0.0,0.0,0.0,0.0,0.0,0.0,0.0,0.0,0.0,0.0,120184.0,0,0,0,35,SALT LAKE
2202,351297,0.0,0.0,0.0,5.000000001661408,0.0,0.0,5.000000001661408,5.000000001661408,0.0,0.0,0.0,0.0,0.0,5.000000001661408,0.0,0.0,0.0,0.0,0.0,0.0,116535.0,0,0,0,35,SALT LAKE
2203,351298,0.0,0.0,0.0,0.0,0.0,0.0,0.0,0.0,0.0,0.0,0.0,0.0,0.0,0.0,0.0,0.0,0.0,0.0,0.0,0.0,120184.0,0,0,0,35,SALT LAKE
2204,351299,0.0,0.0,0.0,0.0,0.0,0.0,0.0,0.0,0.0,0.0,0.0,0.0,0.0,0.0,0.0,0.0,0.0,0.0,0.0,0.0,120184.0,0,0,0,35,SALT LAKE
2205,351300,0.0,0.0,0.0,0.0,0.0,0.0,0.0,10.0,0.0,0.0,0.0,0.0,0.0,0.0,0.0,0.0,0.0,0.0,10.0,0.0,120184.0,0,0,0,35,SALT LAKE
2206,351301,4.0,17.0,0.23529411764705882,15.0,4.5,0.0,10.5,15.0,0.0,4.5,0.0,0.0,0.0,0.0,0.0,10.5,0.0,0.0,0.0,0.0,110139.0,0,0,0,35,SALT LAKE
2207,351302,30.0,60.3,0.4975124378109453,0.0,0.0,0.0,0.0,0.0,0.0,0.0,0.0,0.0,0.0,0.0,0.0,0.0,0.0,0.0,0.0,0.0,109943.0,0,0,0,35,SALT LAKE
2208,351303,0.0,0.0,0.0,0.0,0.0,0.0,0.0,0.0,0.0,0.0,0.0,0.0,0.0,0.0,0.0,0.0,0.0,0.0,0.0,0.0,109943.0,0,0,0,35,SALT LAKE
2209,351304,0.0,0.0,0.0,0.0,0.0,0.0,0.0,0.0,0.0,0.0,0.0,0.0,0.0,0.0,0.0,0.0,0.0,0.0,0.0,0.0,109943.0,0,0,0,35,SALT LAKE
2210,351305,0.0,0.0,0.0,0.0,0.0,0.0,0.0,0.0,0.0,0.0,0.0,0.0,0.0,0.0,0.0,0.0,0.0,0.0,0.0,0.0,133856.0,0,0,0,35,SALT LAKE
2211,351306,1.0000000000684826,2.0035754947323285,0.49910772151966226,0.0,0.0,0.0,0.0,0.03754888923214484,0.0,0.0,0.0,0.0,0.0,0.0,0.0,0.0,0.0,0.0,0.03754888923214484,0.0,140499.0,0,0,0,35,SALT LAKE
2212,351307,2.00000005619689,3.4050042753944436,0.5873707914699182,0.0,0.0,0.0,0.0,0.07509778056927759,0.0,0.0,0.0,0.0,0.0,0.0,0.0,0.0,0.0,0.0,0.07509778056927759,0.0,136616.0,0,0,0,35,SALT LAKE
2213,351308,0.0,0.0,0.0,0.0,0.0,0.0,0.0,0.0,0.0,0.0,0.0,0.0,0.0,0.0,0.0,0.0,0.0,0.0,0.0,0.0,136616.0,0,0,0,35,SALT LAKE
2214,351309,0.0,0.0,0.0,0.0,0.0,0.0,0.0,0.0,0.0,0.0,0.0,0.0,0.0,0.0,0.0,0.0,0.0,0.0,0.0,0.0,136616.0,0,0,0,35,SALT LAKE
2215,351310,0.0,0.0,0.0,0.0,0.0,0.0,0.0,0.0,0.0,0.0,0.0,0.0,0.0,0.0,0.0,0.0,0.0,0.0,0.0,0.0,154321.0,0,0,0,35,SALT LAKE
2216,351311,0.0,0.0,0.0,0.0,0.0,0.0,0.0,0.0,0.0,0.0,0.0,0.0,0.0,0.0,0.0,0.0,0.0,0.0,0.0,0.0,155809.0,0,0,0,35,SALT LAKE
154,570001,0.0,0.0,0.0,0.0,0.0,0.0,0.0,9.052192977825923,0.0,0.0,0.0,0.0,0.0,0.0,0.0,0.0,9.052192977825923,0.0,0.0,0.0,77375.0,0,0,0,57,WEBER
155,570002,38.0,103.66167949694363,0.36657712072975235,0.0,0.0,0.0,0.0,18.118588683501844,0.0,0.0,0.0,0.0,0.0,0.0,0.0,0.0,6.034795318550616,0.0,10.33227909746419,1.7515142674870374,77375.0,0,0,0,57,WEBER
156,570003,6.0,16.77792876616491,0.3576126757731775,56.5,45.0,1.5,10.0,64.76497825202934,28.5,16.5,1.5,0.0,0.0,0.0,0.5,9.5,6.034795318550616,0.0,2.2301829334787167,0.0,77375.0,0,0,0,57,WEBER
157,570004,122.0,339.5520915013873,0.35929685916689913,0.0,0.0,0.0,0.0,100.95423726752712,0.0,0.0,0.0,0.0,0.0,0.0,0.0,0.0,68.89751174937045,0.0,26.550804799606368,5.505920718550302,77375.0,0,0,0,57,WEBER
158,570005,372.5,837.9133655542981,0.4445566991923838,0.0,0.0,0.0,0.0,69.63332947391719,0.0,0.0,0.0,0.0,0.0,0.0,0.0,0.0,7.794988276690116,0.0,45.07113051116144,16.767210686065624,77375.0,0,0,0,57,WEBER
159,570006,0.0,0.0,0.0,352.5,61.0,282.75,8.75,441.2327828629882,25.5,35.5,282.25,0.5,0.0,0.0,0.0,8.75,10.05799219758436,66.4,12.27479066540378,0.0,77375.0,0,0,0,57,WEBER
160,570007,3.0,6.45647970022748,0.464649490014551,0.0,0.0,0.0,0.0,766.0209477272903,0.0,0.0,0.0,0.0,0.0,0.0,0.0,0.0,765.9156641013383,0.0,0.1052836259520038,0.0,77375.0,0,0,0,57,WEBER
161,570008,37.0,84.57163981292882,0.4374989072204753,5.0,0.0,5.0,0.0,15.484598217673469,0.0,0.0,5.0,0.0,0.0,0.0,0.0,0.0,1.005799219758436,0.0,7.726733412317334,1.7520655855976992,83325.0,0,0,0,57,WEBER
162,570009,160.75,417.1594262644653,0.3853442829746578,20.75,19.0,1.0,0.75,129.15490118635412,7.25,11.75,1.0,0.0,0.0,0.0,0.0,0.75,84.2353751352892,0.0,16.660574977841467,7.508951073223469,77375.0,0,0,0,57,WEBER
163,570010,8.0,20.200643789897043,0.3960269822688049,0.0,0.0,0.0,0.0,1.2865555556304464,0.0,0.0,0.0,0.0,0.0,0.0,0.0,0.0,1.005799219758436,0.0,0.2807563358720104,0.0,83325.0,0,0,0,57,WEBER
164,570011,237.0,599.4139602728269,0.39538618668829134,0.0,0.0,0.0,0.0,25.64040279057405,0.0,0.0,0.0,0.0,0.0,0.0,0.0,0.0,6.537075889470207,0.0,8.33886461594376,10.764462285160086,83325.0,0,0,0,57,WEBER
165,570012,0.0,0.0,0.0,456.0,3.0,435.5,17.5,474.0147095842215,0.0,3.0,435.0,0.5,0.0,0.0,0.0,17.5,2.011598439516872,0.0,16.003111144704597,0.0,77375.0,0,0,0,57,WEBER
166,570013,123.0,339.4166123862962,0.3623865052898809,0.0,0.0,0.0,0.0,68.3042523470022,0.0,0.0,0.0,0.0,0.0,0.0,0.0,0.0,37.21457113106214,0.0,25.58279557683968,5.506885639100385,77375.0,0,0,0,57,WEBER
167,570014,17.5,43.53230491630381,0.4020003083605588,0.0,0.0,0.0,0.0,5.637821901947366,0.0,0.0,0.0,0.0,0.0,0.0,0.0,0.0,4.023196879033744,0.0,0.6135234480164605,1.001101574897162,83325.0,0,0,0,57,WEBER
168,570015,58.5,141.6743549070726,0.41291876739704564,0.0,0.0,0.0,0.0,5.555317616299772,0.0,0.0,0.0,0.0,0.0,0.0,0.0,0.0,1.005799219758436,0.0,2.04662651591434,2.502891880626996,83325.0,0,0,0,57,WEBER
169,570016,29.75,66.97116647802197,0.4442210217402007,0.0,0.0,0.0,0.0,10.313230724264171,0.0,0.0,0.0,0.0,0.0,0.0,0.0,0.0,2.011598439516872,0.0,7.050255429982275,1.2513768547650277,83325.0,0,0,0,57,WEBER
170,570017,60.25,162.3304162312249,0.3711565669503327,11.0,11.0,0.0,0.0,81.42420237985785,0.25,10.75,0.0,0.0,0.0,0.0,0.0,0.0,30.17397659275308,0.0,37.49719634228114,2.7530294448236208,77375.0,0,0,0,57,WEBER
171,570018,221.0,603.9249128732935,0.365939532033127,0.0,0.0,0.0,0.0,57.81059913204656,0.0,0.0,0.0,0.0,0.0,0.0,0.0,0.0,3.0173976592753085,0.0,44.78232389489657,10.010877577874682,77375.0,0,0,0,57,WEBER
172,570019,102.0,247.8161161426042,0.4115955071352371,88.0,0.0,2.0,86.0,111.92036630228566,0.0,0.0,1.5,0.5,0.5,79.0,0.75,5.75,2.011598439516872,0.0,17.153811154919026,4.7549567078497645,83325.0,538,0,0,57,WEBER
173,570020,299.25,845.3640239659169,0.35398951400380985,0.0,0.0,0.0,0.0,33.29044967145276,0.0,0.0,0.0,0.0,0.0,0.0,0.0,0.0,7.040594538309052,0.0,12.736638054076858,13.513217079066854,83325.0,0,0,0,57,WEBER
174,570021,312.75,858.3375896922289,0.36436712519154807,0.0,0.0,0.0,0.0,57.99876051808436,0.0,0.0,0.0,0.0,0.0,0.0,0.0,0.0,6.034795318550616,0.0,37.69812924458297,14.265835954950775,83325.0,0,0,0,57,WEBER
175,570022,2033.75,5662.481357237984,0.3591623303801943,20.0,8.75,3.5,7.75,469.97755965561646,8.75,0.0,1.0,2.5,0.5,2.25,1.0,4.0,1.005799219758436,0.0,356.3726229424138,92.59913749344425,83325.0,0,0,0,57,WEBER
176,570023,133.5,324.7106351974017,0.4111352864030499,0.0,0.0,0.0,0.0,24.709733408588047,0.0,0.0,0.0,0.0,0.0,0.0,0.0,0.0,2.011598439516872,0.0,16.69166369078514,6.006471278286033,82362.0,0,0,0,57,WEBER
177,570024,54.5,143.81162438531314,0.37896797448013425,0.0,0.0,0.0,0.0,11.45740022638672,0.0,0.0,0.0,0.0,0.0,0.0,0.0,0.0,2.011598439516872,0.0,7.1930479258651765,2.252753861004672,77375.0,0,0,0,57,WEBER
178,570025,145.75,399.8890785699456,0.364476070517406,13.0,0.0,0.25,12.75,51.40013775995676,0.0,0.0,0.0,0.25,0.0,9.0,0.0,3.75,10.05799219758436,0.0,21.584572102288888,6.75757346008351,77375.0,0,0,0,57,WEBER
179,570026,55.5,158.63248014558957,0.34986529838695873,0.0,0.0,0.0,0.0,42.47430787341667,0.0,0.0,0.0,0.0,0.0,0.0,0.0,0.0,7.040594538309052,0.0,32.931235056920045,2.5024782781875743,77375.0,0,0,0,57,WEBER
180,570027,29.0,72.10894139096955,0.40216926556672167,0.0,0.0,0.0,0.0,11.071036270259125,0.0,0.0,0.0,0.0,0.0,0.0,0.0,0.0,9.052192977825923,0.0,1.017741717536038,1.001101574897162,84402.0,0,0,0,57,WEBER
181,570028,98.75,266.63244813999097,0.37036002440390503,0.0,0.0,0.0,0.0,12.234145641031512,0.0,0.0,0.0,0.0,0.0,0.0,0.0,0.0,2.011598439516872,0.0,5.71717628432514,4.5053709171895004,87610.0,0,0,0,57,WEBER
182,570029,98.5,256.6287370160027,0.38382295430093555,9.0,0.0,2.75,6.25,21.2715605970416,0.0,0.0,1.0,1.75,1.0,2.0,1.0,2.25,4.023196879033744,0.0,3.7447849262472808,4.503578791760575,88528.0,0,0,0,57,WEBER
183,570030,20.0,48.468168843093096,0.41264195610002047,23.75,0.0,6.5,17.25,34.31466793746258,0.0,0.0,0.5,6.0,0.5,5.25,2.5,9.0,8.046393758067488,0.0,1.517172604497928,1.001101574897162,88528.0,0,0,0,57,WEBER
184,570031,103.5,260.4991525514301,0.3973141524119396,5.5,0.25,0.25,5.0,24.39539346097052,0.25,0.0,0.25,0.0,0.5,0.0,0.25,4.25,9.052192977825923,0.0,5.087692457184165,4.755508025960426,88528.0,0,0,0,57,WEBER
185,570032,61.25,155.18139324741196,0.39469938191846654,0.0,0.0,0.0,0.0,14.926432543485568,0.0,0.0,0.0,0.0,0.0,0.0,0.0,0.0,3.26880314065268,0.0,8.904462242338026,2.7531671604948613,88528.0,0,0,0,57,WEBER
186,570033,9.0,25.26603375039413,0.3562094505576922,0.0,0.0,0.0,0.0,6.571650097614448,0.0,0.0,0.0,0.0,0.0,0.0,0.0,0.0,1.005799219758436,0.0,5.565850877856012,0.0,60702.0,0,0,0,57,WEBER
187,570034,18.75,54.34846737610511,0.3449959291445197,5.0,4.5,0.0,0.5,7.847078739164837,0.0,4.5,0.0,0.0,0.5,0.0,0.0,0.0,1.005799219758436,0.0,0.8401779445092382,1.001101574897162,77375.0,0,0,0,57,WEBER
188,570035,15.25,40.646652915510536,0.37518464390411554,0.0,0.0,0.0,0.0,20.398842393370234,0.0,0.0,0.0,0.0,0.0,0.0,0.0,0.0,19.110185175410287,0.0,0.5381068096988324,0.7505504082611159,77375.0,0,0,0,57,WEBER
189,570036,72.5,175.3945358995843,0.4133538118970092,0.0,0.0,0.0,0.0,14.077914844236355,0.0,0.0,0.0,0.0,0.0,0.0,0.0,0.0,4.023196879033744,0.0,6.80113796064326,3.2535800045593524,88528.0,0,0,0,57,WEBER
190,570037,69.25,170.31226070317462,0.4066060758872258,4.0,0.0,4.0,0.0,13.846845647556922,0.0,0.0,4.0,0.0,0.0,0.0,0.0,0.0,4.023196879033744,0.0,2.8203440438316933,3.0033047246914863,88528.0,0,0,0,57,WEBER
191,570038,171.5,431.8071421321792,0.3971680485717919,0.0,0.0,0.0,0.0,19.77796502933886,0.0,0.0,0.0,0.0,0.0,0.0,0.0,0.0,2.262827372101142,0.0,9.506738660499838,8.008398996737876,88528.0,0,0,0,57,WEBER
192,570039,166.0,458.4082287507218,0.36212264437833486,0.0,0.0,0.0,0.0,54.86693889577199,0.0,0.0,0.0,0.0,0.0,0.0,0.0,0.0,3.0173976592753085,0.0,44.34169325492023,7.507847981576445,88528.0,0,0,0,57,WEBER
193,570040,231.5,578.0083380157785,0.4005132534847283,0.0,0.0,0.0,0.0,37.40480112315218,0.0,0.0,0.0,0.0,0.0,0.0,0.0,0.0,1.005799219758436,0.0,25.88715970791821,10.511842195475534,88528.0,0,0,0,57,WEBER
194,570041,0.0,0.0,0.0,0.0,0.0,0.0,0.0,70.40594538309053,0.0,0.0,0.0,0.0,0.0,0.0,0.0,0.0,70.40594538309053,0.0,0.0,0.0,77375.0,0,0,0,57,WEBER
195,570042,73.0,224.0828687673396,0.3257723377140192,0.0,0.0,0.0,0.0,33.82642080116393,0.0,0.0,0.0,0.0,0.0,0.0,0.0,0.0,2.011598439516872,0.0,28.811517636955568,3.0033047246914863,95539.0,0,0,0,57,WEBER
196,570043,100.5,300.57776403578373,0.33435607029146536,0.0,0.0,0.0,0.0,20.299717725001383,0.0,0.0,0.0,0.0,0.0,0.0,0.0,0.0,2.011598439516872,0.0,13.532748975195323,4.7553703102891856,95539.0,0,0,0,57,WEBER
197,570044,168.5,504.40166061252864,0.33405916981989947,0.0,0.0,0.0,0.0,21.686697525765062,0.0,0.0,0.0,0.0,0.0,0.0,0.0,0.0,2.011598439516872,0.0,11.91683765370694,7.758261432541251,95539.0,0,0,0,57,WEBER
198,570045,82.25,226.8434767002296,0.36258481485316063,0.0,0.0,0.0,0.0,64.36558518089875,0.0,0.0,0.0,0.0,0.0,0.0,0.0,0.0,3.0173976592753085,0.0,57.59433193324513,3.753855588378302,95539.0,0,0,0,57,WEBER
199,570046,1047.75,2665.877147823164,0.39302261203429645,54.5,45.5,1.5,7.5,380.45336141597625,23.5,22.0,1.5,0.0,0.25,0.0,0.25,7.0,2.011598439516872,0.0,276.3873690180828,47.55439395837656,77375.0,0,0,0,57,WEBER
200,570047,702.75,1855.8691805187084,0.37866354340966213,0.0,0.0,0.0,0.0,148.25268362367746,0.0,0.0,0.0,0.0,0.0,0.0,0.0,0.0,4.023196879033744,0.0,112.44189275292032,31.78759399172339,77375.0,0,0,0,57,WEBER
201,570048,51.25,147.83631893914207,0.3466671814325778,0.0,0.0,0.0,0.0,10.577185919859394,0.0,0.0,0.0,0.0,0.0,0.0,0.0,0.0,4.023196879033744,0.0,4.30151061116346,2.25247842966219,113700.0,0,0,0,57,WEBER
202,570049,204.25,410.3370339421207,0.49776155478281814,0.0,0.0,0.0,0.0,85.99988800022611,0.0,0.0,0.0,0.0,0.0,0.0,0.0,0.0,3.0173976592753085,0.0,73.72285311597054,9.259637224980263,117003.0,0,0,0,57,WEBER
203,570050,149.5,356.50239235751087,0.4193520245723263,9.0,0.0,1.0,8.0,26.605292688156343,0.0,0.0,0.0,1.0,6.75,0.0,0.0,1.25,4.023196879033744,0.0,6.823695144160247,6.758400664962353,64761.0,0,0,0,57,WEBER
204,570051,124.5,325.19727416314936,0.38284453742849994,0.0,0.0,0.0,0.0,14.897521832749778,0.0,0.0,0.0,0.0,0.0,0.0,0.0,0.0,2.514763245313667,0.0,6.87683786888581,5.505920718550302,117003.0,0,0,0,57,WEBER
205,570052,270.25,762.5481221327506,0.3544038627282236,0.0,0.0,0.0,0.0,22.993363614407777,0.0,0.0,0.0,0.0,0.0,0.0,0.0,0.0,0.7543937383810644,0.0,9.975613413064142,12.26335646296257,117003.0,0,0,0,57,WEBER
206,570053,114.5,323.9445561333216,0.3534555461178262,2.75,0.0,2.75,0.0,13.38076603021393,0.0,0.0,0.0,2.75,0.0,0.0,0.0,0.0,1.005799219758436,0.0,4.619458935969682,5.005507874485811,117003.0,0,0,0,57,WEBER
207,570054,221.0,490.7475008561179,0.4503334191502993,0.0,0.0,0.0,0.0,39.81678299626883,0.0,0.0,0.0,0.0,0.0,0.0,0.0,0.0,3.26880314065268,0.0,26.535999641520142,10.011980214096006,77375.0,0,0,0,57,WEBER
208,570055,94.0,262.17119287691537,0.3585443502335182,0.0,0.0,0.0,0.0,10.06674138885339,0.0,0.0,0.0,0.0,0.0,0.0,0.0,0.0,1.005799219758436,0.0,4.80626058963844,4.2546815794565145,117003.0,0,0,0,57,WEBER
209,570056,302.25,795.7486780484072,0.37983097972751323,27.75,0.25,7.25,20.25,111.65086619401762,0.25,0.0,1.0,6.25,0.75,7.5,3.0,9.0,2.263357763936295,0.0,67.62332764426502,14.014180785816308,117003.0,0,0,0,57,WEBER
210,570057,426.0,898.0642468786033,0.47435359049271336,0.0,0.0,0.0,0.0,101.7235230666021,0.0,0.0,0.0,0.0,0.0,0.0,0.0,0.0,3.0173976592753085,0.0,79.43588558038863,19.27023982693817,77375.0,0,0,0,57,WEBER
211,570058,55.25,139.26255653877524,0.3967326277298133,12.0,12.0,0.0,0.0,18.362966817826784,0.5,11.5,0.0,0.0,0.0,0.0,0.0,0.0,1.2572047011358078,0.0,2.352594956196114,2.7531671604948613,64761.0,0,0,0,57,WEBER
212,570059,123.5,302.03893064133,0.4088876878810558,38.5,1.0,10.75,26.75,51.19774122150002,1.0,0.0,1.25,9.5,2.0,8.25,2.75,13.75,1.005799219758436,0.0,5.685332552358608,6.006609449382973,64761.0,0,0,0,57,WEBER
213,570060,285.25,955.2650115841418,0.2986082359773255,482.25,186.25,54.5,241.5,528.4417851202537,129.5,56.75,18.0,36.5,20.5,126.25,11.5,83.25,0.5029882570036925,0.0,32.675027707697524,13.013769155552446,72451.0,696,0,0,57,WEBER
214,570061,364.0,1259.3318393977006,0.2890421639574283,0.0,0.0,0.0,0.0,31.293202235126643,0.0,0.0,0.0,0.0,0.0,0.0,0.0,0.0,2.011598439516872,0.0,12.763703468861928,16.517900326747846,74830.0,0,0,0,57,WEBER
215,570062,158.49999991304693,394.7958066854467,0.40147336225212676,48.74999997325576,0.9999999994514002,10.749999994102552,36.999999979701805,75.78079772658621,0.9999999994514002,0.0,4.999999997257001,5.749999996845551,4.499999997531301,8.999999995062602,4.999999997257001,18.499999989850902,2.0115984384133094,0.0,17.761350730422034,7.257848584495107,64761.0,0,0,0,57,WEBER
216,570063,82.25,201.8173578338912,0.40754670897880396,3.75,0.0,1.25,2.5,11.272520159262363,0.0,0.0,0.0,1.25,0.0,0.0,0.25,2.25,0.0,0.0,3.5181138596737163,4.0044062995886485,64761.0,0,0,0,57,WEBER
217,570064,168.25,552.7481083079109,0.3043881968498308,26.25,15.0,1.5,9.75,42.31259002722548,15.0,0.0,0.0,1.5,0.0,0.0,0.0,9.75,0.2512289325842696,0.0,8.303926260078482,7.507434834562723,74417.0,0,0,0,57,WEBER
218,570065,262.5,907.7020290772912,0.28919181800974914,0.0,0.0,0.0,0.0,25.97471835675624,0.0,0.0,0.0,0.0,0.0,0.0,0.0,0.0,0.0,0.0,13.961499457990294,12.013218898765944,76308.0,0,0,0,57,WEBER
219,570066,140.5,344.2511511984112,0.40813225899431194,181.0,0.0,0.75,180.25,200.28664287928325,0.0,0.0,0.25,0.5,0.0,177.25,0.0,3.0,0.0,0.0,13.02989586570366,6.256747013579599,64761.0,0,0,2020,57,WEBER
220,570067,211.75,424.25833559697566,0.49910628085137254,1.0,0.0,0.0,1.0,25.25223105006996,0.0,0.0,0.0,0.0,0.0,0.0,1.0,0.0,2.011598439516872,0.0,12.730167876742897,9.510464733810192,65849.0,0,0,0,57,WEBER
221,570068,691.75,1382.596107602843,0.5003268823021367,0.0,0.0,0.0,0.0,128.27300568322184,0.0,0.0,0.0,0.0,0.0,0.0,0.0,0.0,2.011598439516872,0.0,94.97822349391764,31.28318374978733,66478.0,0,0,0,57,WEBER
222,570069,134.5,325.6544905705938,0.4130144183313319,0.0,0.0,0.0,0.0,21.24777622556247,0.0,0.0,0.0,0.0,0.0,0.0,0.0,0.0,2.011598439516872,0.0,12.979293056794756,6.256884729250839,77375.0,0,0,0,57,WEBER
223,570070,93.5,221.1992179528055,0.42269588864436636,0.0,0.0,0.0,0.0,7.285705210522556,0.0,0.0,0.0,0.0,0.0,0.0,0.0,0.0,0.0,0.0,3.281298910933907,4.0044062995886485,83325.0,0,0,0,57,WEBER
224,570071,674.0,1794.6382674571637,0.3755631495337473,201.75,0.0,1.75,200.0,262.75922942630683,0.0,0.0,0.0,1.75,23.25,112.5,0.0,64.25,0.0,0.0,30.726044615195363,30.28318481111149,103331.0,562,0,0,57,WEBER
225,570072,28.5,75.26903351410559,0.37864176899068375,1196.0,496.25,232.75,467.0,1243.068627449243,305.25,191.0,29.75,203.0,57.5,108.75,49.75,251.0,0.0,0.0,46.06752587434575,1.001101574897162,101021.0,0,0,0,57,WEBER
226,570073,463.0,1149.2580338783878,0.402868621624962,15.0,0.0,0.0,15.0,67.31772822913211,0.0,0.0,0.0,0.0,0.0,0.0,15.0,0.0,1.005799219758436,0.0,30.28838233409385,21.023546675279828,102455.0,0,0,0,57,WEBER
227,570074,390.25,824.1945209825574,0.4734925919366297,307.25,33.0,82.0,192.25,351.4937669841853,27.5,5.5,3.75,78.25,14.25,108.75,11.0,58.25,2.011598439516872,0.0,24.464269886145036,17.76789865852337,101021.0,767,0,0,57,WEBER
228,570075,310.25,1035.9856898112753,0.2994732485701786,123.5,0.0,0.25,123.25,152.73809231975767,0.0,0.0,0.0,0.25,0.0,123.25,0.0,0.0,0.0,0.0,15.2226702711974,14.01542204856027,100927.0,0,1165,0,57,WEBER
229,570076,181.5,552.3956021134575,0.3285688722096694,38.75,1.0,1.0,36.75,60.99111629488431,1.0,0.0,0.25,0.75,1.75,6.5,1.75,26.75,0.7543937383810644,0.0,13.228048279897504,8.258674276605742,101021.0,0,0,0,57,WEBER
230,570077,26.0,70.94778295070131,0.3664667015467746,1407.25,172.0,1073.75,161.5,1458.808075264517,27.0,145.0,2.0,1071.75,1.5,0.25,0.75,159.0,0.0,0.0,50.30711201219106,1.2509632523256065,77602.0,0,0,0,57,WEBER
231,570078,35.0,78.51478935083885,0.4457758887132015,3472.5,641.75,2170.25,660.5,3597.5908478922497,399.0,242.75,1976.0,194.25,49.0,43.5,39.75,528.25,0.0,0.0,123.08864474245549,2.002203149794324,77602.0,0,0,0,57,WEBER
232,570079,107.5,350.49753139659794,0.30670686772501315,0.0,0.0,0.0,0.0,10.277247173730728,0.0,0.0,0.0,0.0,0.0,0.0,0.0,0.0,0.5026344139616414,0.0,4.769104885283276,5.005507874485811,101021.0,0,0,0,57,WEBER
233,570080,101.75,270.9361352828939,0.3755497578562537,219.0,8.25,18.75,192.0,241.25757172452677,8.0,0.25,11.5,7.25,21.25,38.5,29.25,103.0,0.0,0.0,17.25206385004095,5.005507874485811,101021.0,0,0,0,57,WEBER
234,570081,157.5,472.07066298582487,0.33363649205358337,38.75,6.25,4.25,28.25,54.420093969813394,6.25,0.0,3.25,1.0,1.0,3.25,2.75,21.25,1.005799219758436,0.0,7.656583725774823,7.007711024280136,77602.0,0,0,0,57,WEBER
235,570082,1847.5,3972.451153664025,0.4650780912172935,936.0,13.0,545.75,377.25,1321.0230386261042,13.0,0.0,516.25,29.5,43.25,72.0,71.25,190.75,1.005799219758436,0.0,299.92649969583863,84.090739710507,66478.0,0,0,0,57,WEBER
236,570083,284.5,831.6998487069482,0.34207052032330526,33.75,10.25,10.0,13.5,87.95165729682752,10.25,0.0,10.0,0.0,0.25,0.0,1.25,12.0,2.7656383348558853,0.0,38.42128488586911,13.01473407610253,77602.0,0,0,0,57,WEBER
237,570084,73.5,207.52769134631495,0.35416960273193504,260.5,7.0,17.25,236.25,276.9884444851202,6.75,0.25,8.75,8.5,20.75,79.75,25.25,110.5,1.005799219758436,0.0,11.72865241673795,3.753992848623843,77602.0,0,0,0,57,WEBER
238,570085,1001.5,2007.336668665651,0.498919795385262,387.75,47.0,120.5,220.25,527.5531658200873,46.75,0.25,8.0,112.5,15.75,97.25,19.25,88.0,0.7543937383810644,0.0,93.2503056682562,45.79846641345003,66478.0,0,0,0,57,WEBER
239,570086,9.25,27.550645092123524,0.33574531445887956,1.0,0.0,1.0,0.0,2.365489517334144,0.0,0.0,0.0,1.0,0.0,0.0,0.0,0.0,1.005799219758436,0.0,0.3596902975757077,0.0,134880.0,0,0,0,57,WEBER
240,570087,21.0,50.2815450957529,0.4176482635927152,0.0,0.0,0.0,0.0,1.7380869565611896,0.0,0.0,0.0,0.0,0.0,0.0,0.0,0.0,0.0,0.0,0.7369853816640275,1.001101574897162,97564.0,0,0,0,57,WEBER
241,570088,15.0,27.19166719367994,0.5516395847727349,0.0,0.0,0.0,0.0,1.2764611950910427,0.0,0.0,0.0,0.0,0.0,0.0,0.0,0.0,0.0,0.0,0.5248076951829037,0.751653499908139,134880.0,0,0,0,57,WEBER
242,570089,7.0,19.200643789897043,0.3645711090001704,0.0,0.0,0.0,0.0,1.251461013646445,0.0,0.0,0.0,0.0,0.0,0.0,0.0,0.0,1.005799219758436,0.0,0.2456617938880091,0.0,134880.0,0,0,0,57,WEBER
243,570090,135.0,328.788251255535,0.4105986131939906,4.75,0.0,0.25,4.5,17.418452131622402,0.0,0.0,0.0,0.25,1.0,1.5,0.0,2.0,1.005799219758436,0.0,5.6560434624809925,6.006609449382973,96635.0,0,0,0,57,WEBER
244,570091,0.0,0.0,0.0,53.5,48.0,1.25,4.25,57.42363616344545,30.75,17.25,1.25,0.0,0.0,0.0,0.0,4.25,2.011598439516872,0.0,1.912037723928579,0.0,90010.0,0,0,0,57,WEBER
245,570092,319.75,987.3488459621116,0.3238470387722214,379.75,102.75,176.5,100.5,428.0782225047242,25.5,77.25,121.25,55.25,16.25,14.0,12.5,57.75,0.2514054813773717,0.0,33.56139573316146,14.51542129018534,90010.0,0,139,38,57,WEBER
246,570093,118.5,296.2198744075667,0.40004068004213905,0.0,0.0,0.0,0.0,34.65728495649152,0.0,0.0,0.0,0.0,0.0,0.0,0.0,0.0,1.005799219758436,0.0,28.395978013721887,5.255507723011196,134880.0,0,0,0,57,WEBER
247,570094,489.0,1466.8893620870183,0.33335847449617795,0.0,0.0,0.0,0.0,39.929386123861775,0.0,0.0,0.0,0.0,0.0,0.0,0.0,0.0,0.0,0.0,17.655013911927583,22.274372211934192,134880.0,0,0,0,57,WEBER
248,570095,108.0,263.3548642580224,0.41009305183817224,0.0,0.0,0.0,0.0,8.795718408757951,0.0,0.0,0.0,0.0,0.0,0.0,0.0,0.0,0.0,0.0,3.790210534272141,5.005507874485811,97564.0,0,0,0,57,WEBER
249,570096,303.25,991.7735204969111,0.3057653725702031,0.0,0.0,0.0,0.0,24.907510748712262,0.0,0.0,0.0,0.0,0.0,0.0,0.0,0.0,0.0,0.0,10.892088700151994,14.01542204856027,104259.0,0,0,0,57,WEBER
250,570097,278.25,678.8394072532612,0.40989075917949847,263.25,2.0,23.75,237.5,295.26803897161966,2.0,0.0,4.25,19.5,11.5,120.0,33.25,72.75,0.0,0.0,19.003718497956527,13.014320473663108,97564.0,473,0,0,57,WEBER
251,570098,92.25,299.05227129809185,0.30847450045964125,202.0,0.0,1.5,200.5,216.83283488371413,0.0,0.0,0.25,1.25,0.0,200.25,0.0,0.25,0.0,0.0,10.828428584125472,4.0044062995886485,105075.0,0,0,2077,57,WEBER
252,570099,136.75,318.7712608298415,0.4289909938681595,1796.0,647.25,557.0,591.75,1919.272334463573,311.25,336.0,460.75,96.25,83.0,49.75,156.25,302.75,2.011598439516872,0.0,115.00426489724532,6.256471126811418,90010.0,0,0,0,57,WEBER
253,570100,566.25,1834.72170121224,0.3086299135317724,1218.75,194.0,538.5,486.25,1315.4086350268003,82.0,112.0,213.5,325.0,43.0,68.25,162.5,212.5,0.7545702871741664,0.0,70.12569907216803,25.778365667458356,90010.0,0,0,0,57,WEBER
254,570101,429.25,1364.6908101723036,0.3145401117970477,177.5,21.0,27.75,128.75,311.08478446684114,1.0,20.0,17.5,10.25,4.5,90.5,5.75,28.0,1.005799219758436,0.0,113.05667755942206,19.522307687660657,90010.0,404,0,0,57,WEBER
255,570102,260.0,579.2820651882258,0.44883143398461395,138.5,0.0,2.0,136.5,174.25038451869125,0.0,0.0,1.0,1.0,17.25,28.25,14.25,76.75,0.0,0.0,23.987303184121917,11.76308133456932,60933.0,0,0,0,57,WEBER
256,570103,99.25,216.58321082657432,0.45825343350123715,27.75,1.0,6.0,20.75,37.46076208717983,1.0,0.0,0.25,5.75,1.25,3.5,2.5,13.5,0.0,0.0,5.20608065919793,4.5046814279818985,60933.0,0,0,0,57,WEBER
257,570104,377.5,973.2984675274188,0.3878563591690495,688.75,380.0,120.75,188.0,751.9333557073968,190.25,189.75,34.5,86.25,18.75,18.75,22.0,128.5,0.0,0.0,46.16462893414507,17.018726773251757,63255.0,0,0,0,57,WEBER
258,570105,9.5,25.974270847862137,0.365746551872193,178.75,9.25,51.25,118.25,185.8579127816776,7.75,1.5,6.5,44.75,20.0,24.25,19.25,54.75,0.0,0.0,6.607499937613044,0.5004128440644908,90010.0,0,0,0,57,WEBER
259,570106,146.75,321.6454647763102,0.45624768905744706,274.25,7.75,18.0,248.5,295.54417302412634,7.75,0.0,12.0,6.0,27.0,57.75,41.25,122.5,0.0,0.0,14.787013015007638,6.507160009118705,60933.0,0,0,0,57,WEBER
260,570107,41.25,109.36762663428097,0.3771682834257492,0.0,0.0,0.0,0.0,11.701753672331876,0.0,0.0,0.0,0.0,0.0,0.0,0.0,0.0,0.0,0.0,9.699550522537551,2.002203149794324,93399.0,0,0,0,57,WEBER
261,570108,119.25,348.8320095131339,0.3418550957133712,0.0,0.0,0.0,0.0,17.189294552079154,0.0,0.0,0.0,0.0,0.0,0.0,0.0,0.0,0.0,0.0,11.683511549200093,5.5057830028790615,111812.0,0,0,0,57,WEBER
262,570109,438.75,854.8285892486133,0.5132607934716565,0.0,0.0,0.0,0.0,117.22141541920148,0.0,0.0,0.0,0.0,0.0,0.0,0.0,0.0,0.0,0.0,97.44538591648634,19.776029502715133,111812.0,0,0,0,57,WEBER
263,570110,428.0,1210.4257563711587,0.35359459078526106,7.75,2.0,1.25,4.5,47.809070756129,2.0,0.0,0.0,1.25,2.75,0.0,0.0,1.75,0.0,0.0,20.536349010603224,19.52272174552577,93800.0,0,0,0,57,WEBER
264,570111,782.75,2265.9458532903686,0.3454407345450787,0.0,0.0,0.0,0.0,79.75579129311382,0.0,0.0,0.0,0.0,0.0,0.0,0.0,0.0,0.0,0.0,44.21682332764865,35.53896796546517,94584.0,0,0,0,57,WEBER
265,570112,390.0,1034.803838702847,0.3768830240220938,86.75,0.0,0.25,86.5,145.49937048786438,0.0,0.0,0.25,0.0,0.0,86.5,0.0,0.0,0.0,0.0,40.979679703912105,17.769690783952292,105281.0,789,0,0,57,WEBER
266,570113,215.75,628.3377524961577,0.3433662853185307,0.0,0.0,0.0,0.0,22.582994338516308,0.0,0.0,0.0,0.0,0.0,0.0,0.0,0.0,0.0,0.0,12.571978589544685,10.011015748971625,94424.0,0,0,0,57,WEBER
267,570114,293.5,953.1578585706106,0.3079238106898085,0.0,0.0,0.0,0.0,24.563985985856505,0.0,0.0,0.0,0.0,0.0,0.0,0.0,0.0,0.0,0.0,11.299527947996774,13.264458037859733,97076.0,0,0,0,57,WEBER
268,570115,156.25,426.7001165029666,0.3661822295258588,0.0,0.0,0.0,0.0,13.241285980660464,0.0,0.0,0.0,0.0,0.0,0.0,0.0,0.0,0.0,0.0,6.233574956380329,7.007711024280136,105241.0,0,0,0,57,WEBER
269,570116,184.25,374.60074944681867,0.49185699780923053,179.25,2.0,18.5,158.75,202.0208114152836,2.0,0.0,12.5,6.0,25.75,12.5,75.5,45.0,1.005799219758436,0.0,13.254959547404493,8.510052648120631,60933.0,0,0,0,57,WEBER
270,570117,107.25,230.06159196955477,0.4661795090690016,335.5,266.0,11.25,58.25,356.04379730039176,164.0,102.0,1.5,9.75,2.25,3.0,3.25,49.75,0.0,0.0,16.03911587240986,4.5046814279818985,60933.0,0,0,0,57,WEBER
271,570118,384.5,971.3548860770454,0.3958388489225167,139.75,5.75,4.25,129.75,180.16872258562867,5.75,0.0,2.0,2.25,4.5,68.25,26.75,30.25,0.0,0.0,22.899582968312423,17.51913961731625,68928.0,554,0,0,57,WEBER
272,570119,238.5,615.0921597407123,0.3877467729397461,111.5,0.0,8.0,103.5,146.79642313073592,0.0,0.0,7.5,0.5,0.0,90.75,0.0,12.75,0.0,0.0,24.53444337106376,10.76197975967216,79703.0,0,913,0,57,WEBER
273,570120,322.0,827.9154289353083,0.3889286136557318,0.0,0.0,0.0,0.0,32.31650720281118,0.0,0.0,0.0,0.0,0.0,0.0,0.0,0.0,0.0,0.0,17.550121143550378,14.766386059260808,74199.0,0,0,0,57,WEBER
274,570121,681.2499999789973,1890.9767623735995,0.36026354925899556,0.0,0.0,0.0,0.0,59.45251032557846,0.0,0.0,0.0,0.0,0.0,0.0,0.0,0.0,0.0,0.0,28.418086073380735,31.034424252197724,82716.0,0,0,0,57,WEBER
275,570122,66.75000039333563,118.61790464547836,0.5627312385329687,12.000000070712023,0.0,1.2500000073658357,10.750000063346187,19.51855827795259,0.0,0.0,0.0,1.2500000073658357,1.0000000058926686,3.250000019151173,1.0000000058926686,5.500000032409677,0.0,0.0,4.764977428080348,2.753580779160221,111812.0,0,0,0,57,WEBER
276,570123,1113.0,2699.7087076622306,0.41226670004845983,288.0,78.0,13.0,197.0,390.4516161750951,49.75,28.25,7.25,5.75,9.5,87.75,24.0,75.75,0.0,0.0,51.64529753276828,50.80631864232683,63002.0,364,53,0,57,WEBER
277,570124,96.5,216.7652820420792,0.44518199174195755,88.75,32.5,5.25,51.0,105.26003481014912,32.5,0.0,2.75,2.5,4.25,3.25,7.25,36.25,0.0,0.0,12.255629117460792,4.254405692688334,60933.0,0,0,0,57,WEBER
278,570125,609.5,1426.1316736826218,0.42737989152580946,903.75,420.0,32.75,451.0,985.6288031964192,260.5,159.5,25.25,7.5,21.75,158.25,146.75,124.25,0.0,0.0,54.097407174287575,27.78139602213152,77863.0,0,0,0,57,WEBER
279,570126,224.75,522.5013714131026,0.4301424116690156,88.75,2.0,6.0,80.75,120.01533573765974,2.0,0.0,4.0,2.0,7.75,23.75,11.0,38.25,2.011598439516872,0.0,19.240377194780272,10.013360103362608,77863.0,0,0,0,57,WEBER
280,570127,160.25,408.5261629524956,0.39226373861062663,0.0,0.0,0.0,0.0,14.375680358982734,0.0,0.0,0.0,0.0,0.0,0.0,0.0,0.0,0.0,0.0,7.117831770505974,7.257848588476761,68585.0,0,0,0,57,WEBER
281,570128,359.0,813.866344673665,0.441104368486877,1.0,0.0,0.0,1.0,44.6564970712859,0.0,0.0,0.0,0.0,0.0,1.0,0.0,0.0,1.005799219758436,0.0,26.382521486536824,16.26817636499064,82256.0,0,0,0,57,WEBER
282,570129,920.75,2554.9419766439246,0.3603800040928767,468.5,68.0,38.5,362.0,686.7852877358637,53.75,14.25,25.0,13.5,48.5,49.75,54.0,209.75,1.005799219758436,0.0,175.48211912730275,41.79736938880245,75400.0,0,0,0,57,WEBER
283,570130,508.5,1364.9708649378242,0.37253542406061735,316.0,91.5,10.75,213.75,368.22612486432746,18.75,72.75,5.5,5.25,14.75,102.0,21.25,75.75,0.0,0.0,28.950099759385463,23.27602510494201,71576.0,515,0,0,57,WEBER
284,570131,385.0,1014.1392703019388,0.3796322766254523,7.75,0.0,0.0,7.75,41.55478810206691,0.0,0.0,0.0,0.0,2.5,0.0,4.0,1.25,0.0,0.0,16.5355101621791,17.269277939887804,71576.0,0,0,0,57,WEBER
285,570132,81.5,211.0829838017136,0.3861040740098652,5.0,0.0,0.0,5.0,24.04347379142712,0.0,0.0,0.0,0.0,0.0,0.0,1.0,4.0,2.011598439516872,0.0,13.278020218957645,3.7538551329526015,76600.0,0,0,0,57,WEBER
286,570133,252.25,654.8372873943047,0.38521019626683206,135.25,8.5,4.5,122.25,160.3641470865213,2.0,6.5,2.5,2.0,40.5,3.75,44.25,33.75,0.0,0.0,13.601754634259258,11.512392452262034,43190.0,0,0,0,57,WEBER
287,570134,146.75,378.1754085609177,0.3880474422132106,0.0,0.0,0.0,0.0,14.906952441505684,0.0,0.0,0.0,0.0,0.0,0.0,0.0,0.0,0.0,0.0,8.149792583861595,6.757159857644089,79548.0,0,0,0,57,WEBER
288,570135,989.75,2343.406250400403,0.422355278702055,630.75,169.75,94.75,366.25,732.9732231406895,120.0,49.75,37.75,57.0,12.75,224.25,14.75,114.5,0.0,0.0,57.17365227031714,45.04957087037231,63006.0,860,1052,0,57,WEBER
289,570136,114.5,323.7479622290599,0.3536701797646786,227.5,56.75,17.5,153.25,250.2645211079747,52.5,4.25,15.25,2.25,14.25,17.0,15.5,106.5,1.005799219758436,0.0,16.253214772105366,5.505507116110881,71352.0,0,0,0,57,WEBER
290,570137,120.5,359.2230940226983,0.33544613919612287,0.0,0.0,0.0,0.0,10.48481613287087,0.0,0.0,0.0,0.0,0.0,0.0,0.0,0.0,0.0,0.0,5.229170694188435,5.255645438682436,77602.0,0,0,0,57,WEBER
291,570138,1719.75,4959.173084543932,0.34678160465096086,2.0,0.0,0.0,2.0,143.1263619864073,0.0,0.0,0.0,0.0,0.0,2.0,0.0,0.0,0.0,0.0,62.79002387176105,78.33633811464625,75400.0,0,0,0,57,WEBER
292,570139,148.25,410.1539386103225,0.3614496559567329,299.5,68.25,23.0,208.25,335.7428888741823,55.0,13.25,14.75,8.25,24.75,21.25,41.5,120.75,3.0173976592753085,0.0,26.718468921459547,6.507022293447465,69984.0,0,0,0,57,WEBER
293,570140,548.75,1550.7710535129231,0.3538562309097337,222.0,18.5,21.0,182.5,274.8293024586772,18.25,0.25,8.5,12.5,22.75,49.0,21.25,89.5,1.005799219758436,0.0,27.044722452271152,24.77878078664763,75400.0,0,0,0,57,WEBER
294,570141,294.75,845.3620065212989,0.3486671955046915,1313.25,563.0,84.25,666.0,1387.1723480551432,457.5,105.5,51.0,33.25,69.25,129.25,112.75,354.75,0.0,0.0,60.65761413051521,13.264733924627912,68722.0,328,50,0,57,WEBER
295,570142,8.0,13.69363376861862,0.5842130828950175,0.0,0.0,0.0,0.0,1.2865555556304464,0.0,0.0,0.0,0.0,0.0,0.0,0.0,0.0,1.005799219758436,0.0,0.2807563358720104,0.0,66478.0,0,0,0,57,WEBER
296,570143,11.0,25.844820531137216,0.42561719423617067,0.0,0.0,0.0,0.0,2.3976384013408865,0.0,0.0,0.0,0.0,0.0,0.0,0.0,0.0,2.011598439516872,0.0,0.3860399618240143,0.0,80917.0,0,0,0,57,WEBER
297,570144,45.0,111.69619743356076,0.4028785315343161,0.0,0.0,0.0,0.0,7.604539387066905,0.0,0.0,0.0,0.0,0.0,0.0,0.0,0.0,4.023196879033744,0.0,1.5791393582388362,2.002203149794324,80917.0,0,0,0,57,WEBER
298,570145,34.0,68.56704779540442,0.49586501232270913,0.0,0.0,0.0,0.0,8.704434944028662,0.0,0.0,0.0,0.0,0.0,0.0,0.0,0.0,2.011598439516872,0.0,4.940908634585332,1.7519278699264589,66478.0,0,0,0,57,WEBER
299,570146,22.5,44.05454020429798,0.5107305602477924,288.25,69.5,73.5,145.25,307.1630239309613,50.5,19.0,10.75,62.75,19.75,24.5,21.0,80.0,1.005799219758436,0.0,16.90612313630567,1.001101574897162,66478.0,0,0,0,57,WEBER
300,570147,4.75,14.510515031917636,0.32734882184069963,977.25,162.0,206.25,609.0,1063.83757724983,150.75,11.25,204.0,2.25,43.0,154.25,45.5,366.25,1.005799219758436,0.0,85.58177803007169,0.0,77602.0,357,215,212,57,WEBER
301,570148,12.0,36.40128757979409,0.3296586686307507,0.0,0.0,0.0,0.0,2.4280352984636138,0.0,0.0,0.0,0.0,0.0,0.0,0.0,0.0,1.005799219758436,0.0,0.4211345038080156,1.001101574897162,77602.0,0,0,0,57,WEBER
302,570149,83.5,205.7083778494556,0.4059144351481307,14.5,0.0,0.0,14.5,26.212458477471728,0.0,0.0,0.0,0.0,2.75,5.5,1.5,4.75,3.0173976592753085,0.0,4.690654518607772,4.0044062995886485,80917.0,0,0,0,57,WEBER
303,570150,56.75,139.51055986860138,0.40677924347411576,150.25,51.75,8.75,89.75,162.52447549279202,16.5,35.25,4.75,4.0,8.25,7.0,11.25,63.25,1.005799219758436,0.0,8.265371548342117,3.0033047246914863,80917.0,0,0,0,57,WEBER
304,570151,75.0,180.7389408986704,0.41496314865565165,69.25,1.0,1.0,67.25,97.07005331171317,1.0,0.0,1.0,0.0,2.0,54.5,1.75,9.0,1.005799219758436,0.0,23.56067408739537,3.2535800045593524,77602.0,439,0,0,57,WEBER
305,570152,2.0,5.2536930845082885,0.38068459040697594,0.0,0.0,0.0,0.0,2.0817875234848744,0.0,0.0,0.0,0.0,0.0,0.0,0.0,0.0,2.011598439516872,0.0,0.0701890839680025,0.0,80917.0,0,0,0,57,WEBER
306,570153,28.0,69.68664092424305,0.40179867516414003,0.0,0.0,0.0,0.0,3.995347189966071,0.0,0.0,0.0,0.0,0.0,0.0,0.0,0.0,2.011598439516872,0.0,0.9826471755520364,1.001101574897162,80917.0,0,0,0,57,WEBER
307,570154,93.5,230.95974708382207,0.4048324488598704,0.0,0.0,0.0,0.0,9.29770432886635,0.0,0.0,0.0,0.0,0.0,0.0,0.0,0.0,2.011598439516872,0.0,3.28169958976083,4.0044062995886485,80917.0,0,0,0,57,WEBER
308,570155,215.75,608.5575752906053,0.3545268496525947,475.25,85.75,40.75,348.75,548.281358028827,82.5,3.25,22.25,18.5,37.75,73.5,50.5,187.0,1.005799219758436,0.0,62.26426702185408,9.761291787214418,80917.0,0,0,0,57,WEBER
309,570156,196.5,469.8009539239344,0.4182622413998235,305.75,49.25,87.0,169.5,334.39477893641305,39.5,9.75,78.5,8.5,19.25,35.75,23.0,91.5,2.011598439516872,0.0,17.623679925261133,9.00950057163504,77602.0,0,0,0,57,WEBER
310,570157,0.0,0.0,0.0,176.0,57.25,44.0,74.75,182.1759028097204,56.25,1.0,19.5,24.5,6.25,0.25,4.5,63.75,0.0,0.0,6.175902809720418,0.0,80917.0,0,0,0,57,WEBER
311,570158,24.0,58.56837922253524,0.4097774314158512,1628.75,419.25,220.0,989.5,1688.7474814979028,272.75,146.5,178.5,41.5,117.25,242.25,116.5,513.5,1.005799219758436,0.0,57.99058070324712,1.001101574897162,77602.0,0,0,494,57,WEBER
312,570159,417.75,1382.615084905418,0.3021448301560933,479.25,1.5,6.0,471.75,530.7561326236269,1.5,0.0,3.0,3.0,6.25,51.75,231.25,182.5,1.005799219758436,0.0,31.47940348082225,19.020929923046083,41462.0,0,0,0,57,WEBER
313,570160,716.0,1780.3012237870437,0.40217913150502144,76.75,17.5,1.5,57.75,137.8565622635307,0.0,17.5,0.5,1.0,1.0,44.75,1.5,10.5,0.0,0.0,28.320761458560384,32.78580080497031,43190.0,548,0,0,57,WEBER
314,570161,615.0,1544.48097750839,0.39819201981505736,14.0,0.0,1.0,13.0,64.60557931030428,0.0,0.0,0.0,1.0,0.0,1.5,1.0,10.5,0.0,0.0,22.57473521318374,28.030844097120543,79834.0,0,0,0,57,WEBER
315,570162,0.0,0.0,0.0,1475.25,180.25,606.5,688.5,1527.0245189301231,178.5,1.75,337.75,268.75,67.5,4.75,47.5,568.75,0.0,0.0,51.77451893012323,0.0,41462.0,0,0,0,57,WEBER
316,570163,1194.0,3288.8500090553844,0.36304483230080103,262.75,4.75,18.75,239.25,367.9324656101514,4.75,0.0,7.75,11.0,19.0,32.75,66.5,121.0,0.0,0.0,51.12298056570469,54.05948504444676,43476.0,0,0,0,57,WEBER
317,570164,542.25,1248.6729293083438,0.4342610360748025,7.5,0.0,1.0,6.5,51.81390128520884,0.0,0.0,0.0,1.0,0.0,0.25,1.0,5.25,0.0,0.0,19.78677475684428,24.527126528364565,65873.0,0,0,0,57,WEBER
318,570165,123.25,273.925254110591,0.44994025979890356,0.0,0.0,0.0,0.0,12.580591632108078,0.0,0.0,0.0,0.0,0.0,0.0,0.0,0.0,0.0,0.0,6.82453334936115,5.756058282746927,61741.0,0,0,0,57,WEBER
319,570166,0.0,0.0,0.0,3194.5,288.5,2081.5,824.5,3306.600208779886,273.75,14.75,1598.75,482.75,115.5,253.5,49.75,405.75,0.0,0.0,112.1002087798863,0.0,41462.0,0,0,0,57,WEBER
320,570167,720.75,1760.7514348291957,0.40934227611174284,46.75,0.0,1.0,45.75,122.19748873007111,0.0,0.0,0.0,1.0,0.0,26.75,0.0,19.0,0.0,0.0,42.66168746967512,32.785801260396006,66407.0,376,0,0,57,WEBER
321,570168,525.75,1153.668629983246,0.4557201143690932,127.25,0.0,1.0,126.25,181.69176873338975,0.0,0.0,0.0,1.0,3.5,115.5,0.0,7.25,0.0,0.0,30.665606215725735,23.776162517664027,71102.0,0,0,0,57,WEBER
322,570169,334.5,630.1591806249758,0.5308182603453487,479.25,38.5,49.0,391.75,524.8172883068796,38.25,0.25,28.75,20.25,45.25,75.0,60.25,211.25,0.0,0.0,30.55076468342224,15.01652362345743,34275.0,0,0,0,57,WEBER
323,570170,372.75,766.6328374015287,0.4862171065661904,210.5,42.75,72.0,95.75,247.98272589603388,42.75,0.0,5.25,66.75,6.5,10.5,11.5,67.25,0.0,0.0,20.46399912278212,17.018726773251757,32841.0,0,0,0,57,WEBER
324,570171,597.75,1441.020852336862,0.4148100973213858,477.75,127.25,50.0,300.5,543.5231618329332,118.75,8.5,36.75,13.25,34.5,62.25,42.5,161.25,0.0,0.0,38.743419310709776,27.02974252222338,32841.0,0,0,0,57,WEBER
325,570172,495.5000000304005,1107.3633946270493,0.4474592554120689,0.0,0.0,0.0,0.0,39.932425794595886,0.0,0.0,0.0,0.0,0.0,0.0,0.0,0.0,0.0,0.0,17.406813380861728,22.525612413734155,57133.0,0,0,0,57,WEBER
326,570173,0.0,0.0,0.0,4726.0,155.25,1791.5,2779.25,4892.854003765482,153.25,2.0,1403.5,388.0,325.75,628.0,237.5,1588.0,1.005799219758436,0.0,165.84820454572412,0.0,41462.0,0,0,13,57,WEBER
327,570174,548.0,1194.8334028050465,0.4586413459093876,164.75,0.0,32.25,132.5,214.79198753598976,0.0,0.0,2.25,30.0,3.0,76.75,2.75,50.0,0.0,0.0,25.014448163560687,25.027539372429057,71102.0,693,0,0,57,WEBER
328,570175,328.0,614.3084409362506,0.5339337344935456,525.25,108.25,12.5,404.5,573.7063562219196,55.75,52.5,9.5,3.0,8.25,24.25,20.5,351.5,0.0,0.0,33.43983259846225,15.01652362345743,34275.0,0,0,0,57,WEBER
329,570176,906.5,1952.7137078552253,0.46422575739259786,377.0,65.5,34.75,276.75,463.58984436259817,63.25,2.25,23.75,11.0,15.75,132.0,23.25,105.75,0.0,0.0,45.54467979181451,41.045164570783655,46053.0,462,839,0,57,WEBER
330,570177,440.0,1192.3730337103177,0.3690120352947333,169.25,27.0,9.5,132.75,221.1541538015896,27.0,0.0,4.5,5.0,9.5,82.25,9.0,32.0,0.0,0.0,31.882122303646337,20.02203149794325,55023.0,392,0,0,57,WEBER
331,570178,325.75,626.4992460009149,0.519952740692563,410.75,0.0,0.5,410.25,451.6129267034916,0.0,0.0,0.5,0.0,0.0,409.0,0.25,1.0,0.0,0.0,25.84640308003413,15.01652362345743,67626.0,435,0,0,57,WEBER
332,570179,396.2500000703751,872.089002699457,0.4543687614954737,141.7500000251752,3.0000000005328085,12.250000002175634,126.50000002246675,178.64905575006173,3.0000000005328085,0.0,9.000000001598426,3.2500000005772094,7.250000001287621,54.750000009723756,12.500000002220036,52.00000000923535,0.0,0.0,18.879227373537223,18.019828351349293,47967.0,0,0,0,57,WEBER
333,570180,750.75,1988.5069568893664,0.3775445679980938,999.0,121.0,206.75,671.25,1094.9386696351096,92.25,28.75,170.25,36.5,74.5,125.5,88.25,383.0,0.0,0.0,61.90121608860612,34.037453546503514,71102.0,0,0,0,57,WEBER
334,570181,314.0,597.0549359256114,0.525914754415701,1090.75,545.0,57.0,488.75,1158.0701143022886,259.5,285.5,29.25,27.75,49.5,54.75,113.75,270.75,0.0,0.0,53.30469225372836,14.01542204856027,31607.0,0,0,0,57,WEBER
335,570182,465.0,1115.7010021278422,0.41677832960010025,736.75,444.5,58.75,233.5,801.2000743399849,24.25,420.25,15.75,43.0,20.0,22.75,27.25,163.5,0.0,0.0,43.42694126714445,21.0231330728404,50524.0,0,0,0,57,WEBER
336,570183,244.0,677.5402721522761,0.360126194749884,152.5,2.0,6.5,144.0,186.1802388358928,2.0,0.0,3.25,3.25,7.5,93.75,12.0,30.75,0.0,0.0,22.668121512023998,11.012117323868784,39176.0,0,0,0,57,WEBER
337,570184,338.74999995360474,936.1639375717976,0.3618490163509688,437.2499999401142,0.9999999998630399,12.999999998219518,423.24999994203165,484.25104970442413,0.9999999998630399,0.0,3.9999999994521596,8.99999999876736,9.74999999866464,299.999999958912,71.99999999013887,41.499999994316155,0.0,0.0,31.984526142909157,15.016523621400767,62358.0,0,0,1223,57,WEBER
338,570185,691.2499995381778,1684.3607437675898,0.41039308360511,6.99999999532332,0.0,0.0,6.99999999532332,62.539315917714454,0.0,0.0,0.0,0.0,0.0,1.9999999986638055,0.0,4.999999996659514,0.0,0.0,24.505167121312933,31.0341488010782,67311.0,0,0,0,57,WEBER
339,570186,1.0,2.2208100303906675,0.45028615069074046,824.25,48.5,58.0,717.75,855.7149161688629,37.0,11.5,36.0,22.0,46.25,385.25,87.5,198.75,0.0,0.0,31.464916168862917,0.0,77602.0,0,0,0,57,WEBER
340,570187,557.75,1137.8761434307648,0.49016758389744447,2698.0,244.5,1752.0,701.5,2837.7766756011465,168.75,75.75,1606.0,146.0,95.0,161.0,128.5,317.0,0.0,0.0,114.49899866452112,25.27767693662568,28702.0,0,0,0,57,WEBER
341,570188,88.5,173.70289793336175,0.5094906363275042,493.0,149.0,29.25,314.75,517.4113184303834,85.5,63.5,17.0,12.25,42.75,150.75,34.75,86.5,0.0,0.0,20.406912130794783,4.0044062995886485,28702.0,736,324,0,57,WEBER
342,570189,239.0,635.5197559136977,0.37607013436802694,70.5,65.25,0.5,4.75,92.37382055239657,0.0,65.25,0.5,0.0,1.0,0.25,0.75,2.75,0.0,0.0,10.861703228527793,11.012117323868784,38613.0,0,0,0,57,WEBER
343,570190,152.0,404.95017794315805,0.3753548171581144,193.25,138.25,4.0,51.0,214.12145016955063,8.75,129.5,1.75,2.25,3.5,2.75,2.5,42.25,0.0,0.0,13.86373914527049,7.007711024280136,37980.0,0,0,0,57,WEBER
344,570191,386.75,762.9352212265514,0.5069237718219798,425.75,70.25,55.5,300.0,472.52941261709447,64.0,6.25,33.75,21.75,40.5,28.0,58.5,173.0,0.0,0.0,29.010135435581606,17.769277181512873,33182.0,0,0,0,57,WEBER
345,570192,241.0,464.6812607063586,0.5186350739292943,47.5,0.0,1.25,46.25,71.38695020177377,0.0,0.0,0.25,1.0,1.75,8.75,25.75,10.0,0.0,0.0,12.874832877904987,11.012117323868784,63799.0,0,0,0,57,WEBER
346,570193,421.5,661.0334282571403,0.6376379498860043,127.0,44.25,1.25,81.5,166.02101329245363,2.0,42.25,1.25,0.0,1.0,67.25,2.25,11.0,0.0,0.0,20.000083369407555,19.020929923046083,44259.0,0,716,0,57,WEBER
347,570194,733.25,1171.051244777152,0.6261468089208474,320.0,158.75,12.25,149.0,389.99690425204494,158.75,0.0,8.0,4.25,18.25,14.0,34.0,82.75,0.0,0.0,36.96055228043858,33.03635197160635,44259.0,0,0,0,57,WEBER
348,570195,210.00000048843526,420.0563446688599,0.4999329331734844,286.5000006663652,94.75000022037733,7.500000017444116,184.25000042854379,313.1839375928324,1.0000000023258822,93.75000021805145,5.500000012792352,2.0000000046517643,17.000000039539998,23.000000053495288,17.000000039539998,127.2500002959685,0.0,0.0,17.423471564217976,9.260465362249255,69985.0,0,0,0,57,WEBER
349,570196,223.5,453.4641567335842,0.4928724722366734,0.0,0.0,0.0,0.0,19.86072350663099,0.0,0.0,0.0,0.0,0.0,0.0,0.0,0.0,0.0,0.0,10.099845321855993,9.760878184774995,67576.0,0,0,0,57,WEBER
350,570197,259.0,502.199499545281,0.5157312984869814,18.75,6.0,1.0,11.75,40.510739941632224,6.0,0.0,0.0,1.0,1.0,1.0,1.0,8.75,0.0,0.0,9.747521042866271,12.013218898765944,44259.0,0,0,0,57,WEBER
351,570198,2.75,8.037259185461265,0.3421564412125121,152.25,16.25,52.25,83.75,166.42576529861583,15.5,0.75,25.25,27.0,9.75,13.5,8.5,52.0,0.0,0.0,14.175765298615833,0.0,77602.0,0,0,0,57,WEBER
352,570199,48.5,98.92952609514823,0.4902479766592005,273.25,2.0,211.25,60.0,286.5447021485609,2.0,0.0,4.0,207.25,1.0,0.0,1.25,57.75,0.0,0.0,11.292498998766574,2.002203149794324,28702.0,0,0,0,57,WEBER
353,570200,395.4999904548241,712.6583090278596,0.5549643994108866,663.7499839807573,329.74999204166437,45.49999890188242,288.4999930372105,721.319600296365,320.2499922709416,9.499999770722702,25.499999384571467,19.999999517310954,46.99999886568074,10.49999974658825,59.49999856400009,171.49999586094143,0.0,0.0,39.54785901672956,18.021757298878132,31804.0,0,0,0,57,WEBER
354,570201,8.0,19.18239389208901,0.41704909434162285,138.5,42.5,16.25,79.75,143.63958433127345,42.5,0.0,9.5,6.75,9.75,0.25,14.25,55.5,0.0,0.0,5.139584331273444,0.0,31804.0,0,0,0,57,WEBER
355,570202,43.5,91.8936116697879,0.47337349364734577,104.25,33.5,37.5,33.25,111.43521169662168,33.5,0.0,20.0,17.5,6.0,3.25,7.25,16.75,0.0,0.0,5.18300854682737,2.002203149794324,47780.0,0,0,0,57,WEBER
356,570203,300.75,572.014387375551,0.5257734886352522,100.5,18.5,13.5,68.5,152.07121350883344,8.5,10.0,9.25,4.25,10.5,2.0,15.25,40.75,0.0,0.0,37.80606674014103,13.765146768692404,31804.0,0,0,0,57,WEBER
357,570204,50.75,134.12182205070405,0.3783873438642537,4.5,0.0,0.5,4.0,8.441850914213111,0.0,0.0,0.5,0.0,0.0,0.25,0.5,3.25,0.0,0.0,1.9396477644187864,2.002203149794324,47780.0,0,0,0,57,WEBER
358,570205,110.0,206.18250506442968,0.5335079228260723,206.25,150.25,34.5,21.5,222.325900410566,25.0,125.25,34.5,0.0,5.25,0.5,6.25,9.5,0.0,0.0,11.07039253608022,5.005507874485811,31804.0,0,0,0,57,WEBER
359,570206,177.25,397.6922852358473,0.445696350118745,66.75,12.0,5.25,49.5,88.82269450065476,12.0,0.0,3.0,2.25,7.0,1.5,7.0,34.0,0.0,0.0,14.063881901477462,8.008812599177297,47780.0,0,0,0,57,WEBER
360,570207,408.25,679.10458772219,0.60115924318716,202.5,31.25,6.75,164.5,245.4536329514047,0.25,31.0,6.25,0.5,1.5,2.5,21.5,139.0,0.0,0.0,24.433391759191284,18.52024119221341,30412.0,0,0,0,57,WEBER
361,570208,166.75,414.0187258261656,0.40275956037315436,298.75,0.0,0.0,298.75,323.594357181001,0.0,0.0,0.0,0.0,0.0,298.0,0.0,0.75,0.0,0.0,16.835544581823704,8.008812599177297,53605.0,0,0,0,57,WEBER
362,570209,320.5,650.9330956814498,0.49237011011780635,274.5,126.75,12.5,135.25,310.397344148822,100.25,26.5,6.25,6.25,14.25,10.25,20.5,90.25,0.0,0.0,20.88082052536461,15.01652362345743,69985.0,354,0,0,57,WEBER
363,570210,274.0,661.3689592527144,0.4142921982755202,0.0,0.0,0.0,0.0,30.876816282605915,0.0,0.0,0.0,0.0,0.0,0.0,0.0,0.0,0.0,0.0,18.36332225544672,12.513494027159195,57928.0,0,0,0,57,WEBER
364,570211,2.0,3.625686261196603,0.5516197089099293,679.0,225.75,360.0,93.25,702.8956878940585,148.75,77.0,86.5,273.5,13.0,5.0,8.5,66.75,0.0,0.0,23.895687894058533,0.0,60702.0,0,0,0,57,WEBER
365,570212,0.0,0.0,0.0,2399.5,420.0,976.75,1002.75,2490.236203690707,276.5,143.5,903.0,73.75,87.75,76.5,196.75,641.75,0.0,0.0,90.73620369070728,0.0,49643.0,0,0,0,57,WEBER
366,570213,81.5,230.95737748425964,0.352878963589524,1093.75,139.5,438.75,515.5,1140.7095604490607,132.0,7.5,351.25,87.5,52.0,50.5,76.25,336.75,0.0,0.0,42.95515414947208,4.0044062995886485,49643.0,0,0,0,57,WEBER
367,570214,0.0,0.0,0.0,27.5,3.0,5.25,19.25,28.465205447320287,3.0,0.0,2.75,2.5,1.75,2.75,4.25,10.5,0.0,0.0,0.9652054473202856,0.0,31804.0,0,0,0,57,WEBER
368,570215,176.7500027201993,334.73617411226917,0.5280277914060105,130.25000200455986,14.500000223156377,49.00000075411465,66.75000102728885,161.0119241313952,14.500000223156377,0.0,8.250000126968283,40.75000062714637,8.500000130815808,7.750000119273236,20.000000307801898,30.500000469397897,0.0,0.0,22.753109404401634,8.008812722433683,31804.0,0,0,0,57,WEBER
369,570216,9.0,14.694041276074758,0.6124931753563294,1183.75,70.5,207.0,906.25,1225.5846805818935,67.25,3.25,123.25,83.75,171.0,23.5,232.25,479.5,0.0,0.0,41.83468058189346,0.0,31804.0,0,0,0,57,WEBER
370,570217,91.5,194.8138889324109,0.4696790382935438,629.75,32.75,111.0,486.0,661.0604907652333,21.75,11.0,45.0,66.0,49.5,24.75,59.75,352.0,0.0,0.0,27.05594690144804,4.2545438637852735,31804.0,0,0,0,57,WEBER
371,570218,8.0,14.101513608374994,0.5673149863322998,862.0,25.0,160.75,676.25,892.5181246050423,22.25,2.75,109.5,51.25,104.0,60.25,151.5,360.5,0.0,0.0,30.518124605042317,0.0,31804.0,0,0,0,57,WEBER
372,570219,293.0,546.5682383385091,0.5360721305187417,1123.5,221.0,47.5,855.0,1186.216285073053,186.75,34.25,30.25,17.25,73.75,463.75,37.25,280.25,0.0,0.0,49.70196459938997,13.014320473663108,31804.0,747,293,229,57,WEBER
373,570220,169.0,313.5827792366615,0.538932655713391,2062.25,250.5,163.75,1648.0,2148.543840273084,54.0,196.5,102.25,61.5,322.25,65.5,166.25,1094.0,0.0,0.0,78.28502767390614,8.008812599177297,31804.0,0,0,0,57,WEBER
374,570221,197.5,416.9475062008953,0.47368073213715245,65.75,6.0,9.0,50.75,106.73806082728112,6.0,0.0,5.75,3.25,7.25,3.25,10.5,29.75,0.0,0.0,31.979249744853693,9.008811082427435,31804.0,0,0,0,57,WEBER
375,570222,185.5,353.0577863127375,0.5254097408170023,1424.75,44.75,138.75,1241.25,1491.008746441006,39.25,5.5,94.75,44.0,196.25,312.25,292.5,440.25,0.0,0.0,58.24993384182882,8.008812599177297,30513.0,0,0,0,57,WEBER
376,570223,260.0,553.64309464439,0.46961662217967404,217.25,10.0,38.25,169.0,246.00797139387225,10.0,0.0,25.5,12.75,21.75,10.0,40.25,97.0,0.0,0.0,16.744752495106265,12.013218898765944,30591.0,0,0,0,57,WEBER
377,570224,772.25,1291.1581459097,0.5981064383526021,338.25,5.0,19.75,313.5,412.9930354100552,5.0,0.0,10.0,9.75,40.0,26.75,159.0,87.75,0.0,0.0,39.70434211755752,35.03869329249762,21759.0,0,0,0,57,WEBER
378,570225,328.75,538.1954402515729,0.6108375794605949,60.0,3.25,0.25,56.5,88.65955557749824,3.25,0.0,0.25,0.0,0.0,54.0,0.75,1.75,0.0,0.0,13.643031954040811,15.01652362345743,30412.0,707,0,0,57,WEBER
379,570226,709.25,1646.460285410737,0.4307726133965422,48.0,1.0,6.0,41.0,107.60837279450438,1.0,0.0,3.75,2.25,6.25,5.25,7.5,22.0,0.0,0.0,27.573122397795192,32.03525039670919,32903.0,0,0,0,57,WEBER
380,570227,477.25,1185.9010493412673,0.40243661160861455,40.5,1.0,7.25,32.25,83.19206347981878,1.0,0.0,3.0,4.25,3.25,6.75,6.5,15.75,0.0,0.0,20.918104111949077,21.773959367869704,53605.0,0,0,0,57,WEBER
381,570228,388.0,898.8002866703562,0.43168655568342384,38.25,16.0,1.5,20.75,71.22894639116,16.0,0.0,1.5,0.0,1.75,3.75,2.0,13.25,0.0,0.0,14.959118043011078,18.01982834814892,60224.0,0,0,0,57,WEBER
382,570229,161.5,407.1391996471559,0.3966702300833787,1.0,0.0,0.0,1.0,13.71091725998666,0.0,0.0,0.0,0.0,1.0,0.0,0.0,0.0,0.0,0.0,5.703206235706524,7.007711024280136,57928.0,0,0,0,57,WEBER
383,570230,0.0,0.0,0.0,1950.75,108.5,1309.25,533.0,2019.204800715984,89.25,19.25,1054.5,254.75,254.5,87.25,56.5,134.75,0.0,0.0,68.45480071598409,0.0,49643.0,0,0,0,57,WEBER
384,570231,6.0,14.947138779257832,0.4014146177813114,1027.25,146.25,545.5,335.5,1063.5031906860486,128.75,17.5,311.0,234.5,83.75,36.25,35.25,180.25,0.0,0.0,36.25319068604847,0.0,49643.0,0,0,0,57,WEBER
385,570232,8.0,22.64077254787645,0.35334483322435684,430.5,60.25,200.75,169.5,445.88503333067314,54.0,6.25,172.25,28.5,19.75,26.25,25.75,97.75,0.0,0.0,15.385033330673128,0.0,49643.0,0,0,0,57,WEBER
386,570233,6.0,14.947138779257832,0.4014146177813114,785.75,46.75,643.5,95.5,813.5365886381235,40.0,6.75,147.5,496.0,7.75,16.5,8.25,63.0,0.0,0.0,27.78658863812352,0.0,49643.0,0,0,0,57,WEBER
387,570234,313.0,873.005563711113,0.35853150656846794,408.0,25.5,219.75,162.75,453.5615149830306,12.75,12.75,192.5,27.25,42.0,13.0,13.75,94.0,0.0,0.0,31.54609293447033,14.01542204856027,49643.0,0,0,0,57,WEBER
388,570235,0.0,0.0,0.0,12.0,0.0,11.75,0.25,12.671134503808016,0.0,0.0,0.0,11.75,0.0,0.0,0.0,0.25,0.0,0.0,0.6711345038080156,0.0,31804.0,0,0,0,57,WEBER
389,570236,163.25,283.00356834928897,0.5768478501957028,315.5,10.5,74.25,230.75,343.8037286830206,7.75,2.75,60.25,14.0,30.25,25.0,46.75,128.75,0.0,0.0,21.045880094543847,7.257848588476761,36446.0,0,0,0,57,WEBER
390,570237,122.0,196.4161638201355,0.6211301434016361,992.25,219.0,100.5,672.75,1037.349415663801,36.5,182.5,65.25,35.25,116.5,54.5,122.0,379.75,0.0,0.0,39.09280621441805,6.006609449382973,31804.0,0,0,0,57,WEBER
391,570238,77.0,159.5638367218771,0.4825654833946649,538.0,2.0,20.5,515.5,562.5862104243062,2.0,0.0,16.25,4.25,31.75,396.75,17.0,70.0,0.0,0.0,21.58290569961474,3.0033047246914863,35436.0,0,0,0,57,WEBER
392,570239,357.75,611.5232452830271,0.5850145562895569,1355.5,315.75,156.25,883.5,1433.1379062073067,56.75,259.0,106.0,50.25,155.75,91.5,230.0,406.25,0.0,0.0,61.62028100895208,16.017625198354594,31804.0,0,0,0,57,WEBER
393,570240,327.25,621.6983049052054,0.5263807178144037,735.75,54.0,73.0,608.75,796.5551462569151,52.0,2.0,50.0,23.0,107.5,24.5,129.0,347.75,0.0,0.0,45.78862263345775,15.01652362345743,27413.0,0,0,0,57,WEBER
394,570241,22.0,40.30100368863889,0.5458921115208338,8868.75,184.0,437.5,8247.25,9181.720586842825,64.75,119.25,285.5,152.0,1079.0,5545.5,537.75,1085.0,0.0,0.0,311.9694852679283,1.001101574897162,31804.0,0,0,0,57,WEBER
395,570242,200.5,323.9325254845398,0.6189560609885999,776.25,30.75,82.5,663.0,819.5270726285445,26.75,4.0,48.75,33.75,101.75,89.0,150.5,321.75,0.0,0.0,34.26715845447005,9.00991417407446,26719.0,0,0,0,57,WEBER
396,570243,456.5,695.4120304023975,0.6564453590712949,1541.25,173.25,139.0,1229.0,1641.3688561179722,41.5,131.75,94.5,44.5,183.5,306.0,201.25,538.25,0.0,0.0,79.3459983249997,20.772857792972538,31804.0,0,0,0,57,WEBER
397,570244,632.5,1484.5111338363788,0.42606618810964975,265.75,27.0,26.0,212.75,326.80344874240825,26.75,0.25,8.5,17.5,17.5,23.5,101.5,70.25,0.0,0.0,32.021503070390565,29.031945672017702,32440.0,0,0,0,57,WEBER
398,570245,759.0,1339.947667685975,0.5664400321773435,426.75,22.25,23.0,381.5,505.8975339622046,19.25,3.0,15.75,7.25,137.25,61.5,50.5,132.25,0.0,0.0,44.60980528730782,34.53772867489677,25250.0,426,0,0,57,WEBER
399,570246,548.5,1117.6576319507076,0.4907585152375094,109.75,57.0,6.5,46.25,158.12857440477805,57.0,0.0,5.0,1.5,4.5,6.5,4.5,30.75,0.0,0.0,23.351035032348985,25.027539372429057,54074.0,0,0,0,57,WEBER
400,570247,660.5,1234.1401123179353,0.5351904483190836,436.25,30.75,39.0,366.5,504.7636158045492,29.75,1.0,22.25,16.75,34.5,81.0,52.0,199.0,0.0,0.0,38.48056855763434,30.033047246914865,32208.0,0,0,0,57,WEBER
401,570248,322.0,739.2620176144789,0.4355695170692798,74.75,12.75,2.25,59.75,103.68888900729382,0.0,12.75,0.25,2.0,1.0,37.0,1.25,20.5,0.0,0.0,13.922365383836388,15.01652362345743,83523.0,666,0,0,57,WEBER
402,570249,357.0,760.4346213192622,0.46946836715646656,86.0,2.0,1.0,83.0,118.3120141367016,2.0,0.0,0.0,1.0,2.75,8.75,56.75,14.75,0.0,0.0,16.29438893834699,16.017625198354594,62434.0,0,0,0,57,WEBER
403,570250,233.0000012615441,481.8900386099603,0.4835127987572561,18.00000009745834,0.0,0.2500000013535881,17.750000096104753,38.32113303851443,0.0,0.0,0.2500000013535881,0.0,3.0000000162430567,0.0,2.2500000121822925,12.500000067679403,0.0,0.0,9.809704291107396,10.511428649948689,80777.0,0,0,0,57,WEBER
404,570251,196.75000001723743,400.70593161045997,0.4910084540712636,37.750000003307306,0.0,0.0,37.750000003307306,55.74169321110121,0.0,0.0,0.0,0.0,0.2500000000219027,36.5000000031978,1.0000000000876108,0.0,0.0,0.0,8.981779032930072,9.009914174863825,88144.0,0,0,0,57,WEBER
405,570252,9.75,24.79691705047156,0.3931940402169707,1640.25,707.75,256.75,675.75,1698.151953983432,572.75,135.0,191.0,65.75,87.5,6.0,50.5,531.75,0.0,0.0,57.90195398343213,0.0,49643.0,0,0,0,57,WEBER
406,570253,2.0,3.017215158704905,0.6628629033066605,163.5,85.5,6.75,71.25,169.30701892834244,56.0,29.5,5.75,1.0,7.0,2.0,5.0,57.25,0.0,0.0,5.807018928342454,0.0,49643.0,0,0,0,57,WEBER
407,570254,0.0,0.0,0.0,394.75,167.0,101.5,126.25,408.6031337489279,131.25,35.75,69.25,32.25,3.0,0.5,6.25,116.5,0.0,0.0,13.853133748927863,0.0,49643.0,0,0,0,57,WEBER
408,570255,0.0,0.0,0.0,726.75,179.5,385.75,161.5,752.2547090553112,167.75,11.75,30.5,355.25,24.0,0.0,14.75,122.75,0.0,0.0,25.50470905531117,0.0,49643.0,0,0,0,57,WEBER
409,570256,103.0,248.62543752149617,0.4142778028941412,994.5,61.5,688.5,244.5,1039.251236861483,59.25,2.25,349.75,338.75,34.25,39.5,42.5,128.25,0.0,0.0,39.99628015363336,4.7549567078497645,38386.0,0,0,0,57,WEBER
410,570257,90.0,256.7432295444025,0.35054478421770785,150.5,41.5,16.75,92.25,163.6949533081465,41.5,0.0,7.0,9.75,16.75,3.0,18.5,54.0,0.0,0.0,9.190547008557834,4.0044062995886485,38386.0,0,0,0,57,WEBER
411,570258,319.0,903.61563117073,0.35302620826368575,95.25,5.75,19.25,70.25,125.80000718585656,5.75,0.0,14.25,5.0,11.25,5.0,14.75,39.25,0.0,0.0,16.284033970660246,14.265973215196317,38386.0,0,0,0,57,WEBER
412,570259,96.0,193.60515031917635,0.4958545774311011,690.75,35.75,16.75,638.25,723.8625971121104,31.0,4.75,13.0,3.75,3.75,5.0,10.75,618.75,0.0,0.0,29.10819081252176,4.0044062995886485,26382.0,0,0,0,57,WEBER
413,570260,169.5,351.2864807971329,0.482512163905009,429.0,44.75,59.5,324.75,458.009306322316,32.0,12.75,34.75,24.75,58.25,15.0,68.75,182.75,0.0,0.0,21.000493723138675,8.008812599177297,26382.0,0,0,0,57,WEBER
414,570261,69.25,139.8101496113904,0.4953145404141544,201.75,23.0,68.0,110.75,214.26399038054583,18.75,4.25,5.5,62.5,12.75,36.5,19.25,42.25,0.0,0.0,9.510685655854388,3.0033047246914863,26382.0,0,0,251,57,WEBER
415,570262,415.5,1128.8305695273148,0.3680800389503856,87.75,3.0,14.0,70.75,124.43301402543788,3.0,0.0,8.0,6.0,6.75,6.75,11.75,45.5,0.0,0.0,17.662084102391802,19.020929923046083,34285.0,0,0,0,57,WEBER
416,570263,427.75,904.790590213186,0.4727613269046199,27.25,6.0,3.25,18.0,62.23969985618088,6.0,0.0,2.25,1.0,1.75,1.25,3.5,11.5,0.0,0.0,15.968769933134803,19.020929923046083,30060.0,0,0,0,57,WEBER
417,570264,366.25,833.5398419010218,0.4393911143643811,454.5,71.5,33.75,349.25,521.5711425015368,49.0,22.5,21.75,12.0,34.25,62.75,78.0,174.25,0.0,0.0,50.30296689492109,16.76817560661571,49860.0,0,0,0,57,WEBER
418,570265,411.0,1060.0742496225228,0.3877086912981343,134.5,2.0,1.25,131.25,172.6650098379882,2.0,0.0,0.25,1.0,1.0,34.5,11.0,84.75,0.0,0.0,19.144079914942136,19.020929923046083,56499.0,0,0,0,57,WEBER
419,570266,522.0,1016.9402129461135,0.5133045122561793,29.0,0.0,0.0,29.0,72.36353043071662,0.0,0.0,0.0,0.0,8.25,1.5,13.25,6.0,0.0,0.0,19.33709263318472,24.02643779753189,30663.0,0,0,0,57,WEBER
420,570267,149.5,340.4419254865941,0.43913510295866015,157.0,0.0,0.0,157.0,174.76422890694676,0.0,0.0,0.0,0.0,0.0,157.0,0.0,0.0,0.0,0.0,10.756517882666616,7.007711024280136,83523.0,0,0,1205,57,WEBER
421,570268,108.0,245.46035661894447,0.439989583196363,61.0,0.0,1.25,59.75,71.93648546978204,0.0,0.0,1.25,0.0,7.0,36.0,5.25,11.5,0.0,0.0,5.930977595296221,5.005507874485811,74368.0,0,0,0,57,WEBER
422,570269,0.0,0.0,0.0,3911.0,2.5,3332.25,576.25,4048.258734544261,2.25,0.25,3263.25,69.0,427.25,59.25,55.75,34.0,0.0,0.0,137.2587345442612,0.0,49643.0,0,0,0,57,WEBER
423,570270,37.0,80.51507539189137,0.459541270003285,696.0,147.25,183.75,365.0,723.6703779068378,138.0,9.25,73.0,110.75,53.5,14.25,57.25,240.0,0.0,0.0,25.668174757043428,2.002203149794324,36574.0,0,0,0,57,WEBER
424,570271,6.5,15.042248449352911,0.43211625056489594,482.5,156.25,126.0,200.25,517.4127519455994,154.25,2.0,113.25,12.75,22.0,12.75,57.5,108.0,0.0,0.0,34.66220077896342,0.2505511666360463,36574.0,0,0,0,57,WEBER
425,570272,142.25,355.5575494343328,0.4000758814608487,730.25,196.75,66.75,466.75,768.6188972749259,183.0,13.75,39.0,27.75,53.5,21.25,83.75,308.25,0.0,0.0,32.36228782554291,6.006609449382973,36574.0,0,0,0,57,WEBER
426,570273,180.0,451.6676683883742,0.3985231013817529,596.25,76.25,66.25,453.75,633.4993360921408,76.25,0.0,34.75,31.5,75.25,13.75,187.25,177.5,0.0,0.0,29.24052349296341,8.008812599177297,36574.0,0,0,0,57,WEBER
427,570274,105.75,277.9847880876371,0.38041649950522255,456.5,63.5,41.0,352.0,480.98444626699467,31.0,32.5,23.75,17.25,46.5,72.75,80.5,152.25,0.0,0.0,19.7294895591449,4.7549567078497645,36641.0,551,0,0,57,WEBER
428,570275,58.0,138.52424901332049,0.41869925600118374,351.25,28.0,51.5,271.75,368.6114150537536,27.75,0.25,27.5,24.0,42.0,13.25,54.25,162.25,0.0,0.0,14.358110329062129,3.0033047246914863,36641.0,0,0,0,57,WEBER
429,570276,147.5,368.5326171062623,0.40023594426506354,524.25,63.25,60.5,400.5,554.8269170252652,63.25,0.0,34.25,26.25,57.0,35.25,77.25,231.0,0.0,0.0,23.56920600098498,7.007711024280136,36641.0,0,0,0,57,WEBER
430,570277,384.25,993.8747557171212,0.3866181304934624,0.0,0.0,0.0,0.0,30.50379252379435,0.0,0.0,0.0,0.0,0.0,0.0,0.0,0.0,0.0,0.0,13.485065750542592,17.018726773251757,46361.0,0,0,0,57,WEBER
431,570278,241.0,650.9416313405407,0.37023288786075603,46.25,0.0,4.75,41.5,68.34401797826236,0.0,0.0,0.75,4.0,2.5,6.5,4.5,28.0,0.0,0.0,11.081900654393582,11.012117323868784,37492.0,494,0,0,57,WEBER
432,570279,837.0,1548.9091965776888,0.5403802894639333,364.0,46.25,38.75,279.0,444.94132589883645,15.0,31.25,24.75,14.0,31.5,57.25,33.75,156.5,0.0,0.0,42.89946605274432,38.041859846092166,58206.0,0,0,0,57,WEBER
433,570280,385.7499998460006,877.4297941441355,0.4396363132645498,368.99999985268755,5.999999997604675,17.999999992814026,344.99999986226885,413.75791103061147,5.749999997704481,0.2499999999001948,13.249999994710326,4.749999998103702,14.749999994111494,169.4999999323321,56.749999977344224,103.99999995848104,0.0,0.0,27.238771567601738,17.519139610322245,74486.0,0,871,0,57,WEBER
434,570281,56.0,149.95626208616682,0.37344222389206844,1434.75,702.5,152.0,580.25,1489.577576388458,459.5,243.0,31.75,120.25,104.25,55.25,82.75,338.0,0.0,0.0,52.32537399703867,2.5022023914193934,51729.0,0,0,0,57,WEBER
435,570282,77.0,182.7389128457744,0.4213661928972154,331.75,10.5,33.75,287.5,350.34586613983834,10.5,0.0,19.75,14.0,31.5,13.25,50.25,192.5,0.0,0.0,15.592561415146871,3.0033047246914863,36641.0,0,0,0,57,WEBER
436,570283,501.0,953.2460569754536,0.5255725909736451,596.0,59.75,54.75,481.5,659.0204998893682,34.5,25.25,35.0,19.75,62.0,67.75,77.25,274.5,0.0,0.0,39.995163666733546,23.025336222634728,56636.0,0,0,0,57,WEBER
437,570284,239.00000006903315,670.4998621370203,0.3564504835352109,3977.2500011487955,41.75000001205914,16.750000004838096,3918.750001131898,4136.235758015136,0.7500000002166312,41.00000001184251,2.0000000005776832,14.750000004260414,14.000000004043782,3822.000001103953,22.750000006571145,60.0000000173305,0.0,0.0,147.97363953929084,11.012117327049541,96760.0,33,0,0,57,WEBER
438,570285,201.5,456.9048811797377,0.44101082807371833,0.0,0.0,0.0,0.0,34.32855883056569,0.0,0.0,0.0,0.0,0.0,0.0,0.0,0.0,0.0,0.0,25.31864465649123,9.00991417407446,109652.0,0,0,0,57,WEBER
439,570286,275.25,595.7203825655887,0.462045630895792,1746.0,12.75,58.0,1675.25,1829.192708094946,12.0,0.75,38.25,19.75,183.25,58.5,429.5,1004.0,0.0,0.0,70.9292139163122,12.263494178633811,64041.0,0,0,0,57,WEBER
440,570287,172.0,367.615361345602,0.4678803393046995,4851.75,229.25,33.0,4589.5,5036.058668698145,167.5,61.75,15.5,17.5,30.0,25.75,4101.75,432.0,0.0,0.0,176.29985609896852,8.008812599177297,76085.0,0,0,0,57,WEBER
441,570288,310.0,717.1677265966489,0.4322559263383458,378.25,154.0,18.75,205.5,417.8969688587118,31.75,122.25,4.75,14.0,8.5,105.75,10.5,80.75,0.0,0.0,25.3818228483943,14.265146010317476,85639.0,0,0,0,57,WEBER
442,570289,265.0,578.9608744099994,0.4577165948736226,602.0,30.0,48.75,523.25,644.4406209796227,1.5,28.5,0.75,48.0,0.75,1.75,2.0,518.75,0.0,0.0,30.427402080856847,12.013218898765944,79597.0,0,0,0,57,WEBER
443,570290,457.0,1023.7059848314448,0.4464172396874733,715.25,106.25,28.25,580.75,786.4191424121431,10.25,96.0,25.0,3.25,10.0,182.0,257.25,131.5,0.0,0.0,50.39614690349926,20.77299550864378,92070.0,630,0,0,57,WEBER
444,570291,463.5,1186.7902089746362,0.39054922807330456,0.0,0.0,0.0,0.0,38.54036996691427,0.0,0.0,0.0,0.0,0.0,0.0,0.0,0.0,0.0,0.0,17.517236894073868,21.0231330728404,106185.0,0,0,0,57,WEBER
445,570292,234.5,557.1655049911893,0.42088032711879436,0.0,0.0,0.0,0.0,66.24135383025373,0.0,0.0,0.0,0.0,0.0,0.0,0.0,0.0,0.0,0.0,55.47964950192405,10.761704328329678,109367.0,0,0,0,57,WEBER
446,570293,252.5,633.3632014894602,0.39866540936733263,197.5,51.0,15.5,131.0,260.80855283940764,2.75,48.25,12.25,3.25,7.25,22.75,9.75,91.25,0.0,0.0,51.796022671474375,11.512530167933274,127550.0,0,0,0,57,WEBER
447,570294,457.5,1206.4179086436718,0.37922182414744593,228.75,82.5,23.5,122.75,274.6241523007382,76.0,6.5,20.5,3.0,15.0,1.0,8.25,98.5,0.2514054813773717,0.0,24.599476030849186,21.023270788511645,60702.0,0,0,0,57,WEBER
448,570295,1029.25,2724.9553588991807,0.37771260972722626,689.75,92.0,152.5,445.25,862.1286385451091,78.5,13.5,41.25,111.25,49.0,93.5,66.0,236.75,0.0,0.0,125.57741569157852,46.801222853530575,60702.0,0,0,0,57,WEBER
449,570296,281.75,690.0678651835525,0.4082931755198552,0.0,0.0,0.0,0.0,24.91403926432236,0.0,0.0,0.0,0.0,0.0,0.0,0.0,0.0,2.011598439516872,0.0,10.13867151777843,12.76376930702706,88528.0,0,0,0,57,WEBER
450,570297,432.75,1042.6052033763342,0.4150660274844192,166.75,0.0,113.75,53.0,280.845090972701,0.0,0.0,0.0,113.75,0.0,52.75,0.0,0.25,1.005799219758436,0.0,93.3169846721822,19.77230708076034,60702.0,0,0,0,57,WEBER
451,570298,13.25,32.166638069236335,0.4119174646564041,682.25,138.0,90.0,454.25,708.6527068816887,53.75,84.25,34.25,55.75,54.0,109.75,76.25,214.25,0.0,0.0,25.9020181508561,0.5006887308326714,60702.0,0,0,0,57,WEBER
452,570299,96.75,229.75938548801668,0.4210927000631541,0.75,0.0,0.25,0.5,24.2014821762938,0.0,0.0,0.25,0.0,0.0,0.25,0.0,0.25,3.0173976592753085,0.0,15.678990093497488,4.755094423521005,88528.0,0,0,0,57,WEBER
453,570300,366.5,981.8214211475864,0.37328580544883844,623.5,193.5,209.25,220.75,676.5177344488162,134.0,59.5,167.5,41.75,35.5,12.25,13.0,160.0,1.005799219758436,0.0,35.243759622442155,16.76817560661571,60702.0,0,0,0,57,WEBER
454,570301,195.0,532.1574844935724,0.36643288064541973,325.75,15.5,228.0,82.25,356.78830451534384,2.75,12.75,215.0,13.0,1.0,30.0,9.25,42.0,1.005799219758436,0.0,21.022591121510917,9.00991417407446,60702.0,0,0,0,57,WEBER
455,570302,664.75,1820.3828837063588,0.36517042977604103,815.5,140.25,99.5,575.75,898.7242448533915,61.0,79.25,49.75,49.75,71.75,84.0,85.25,334.75,0.0,0.0,53.19119760647661,30.033047246914865,60702.0,0,0,0,57,WEBER
456,570303,156.25,476.3204019950456,0.32803549742054766,0.0,0.0,0.0,0.0,14.249406914448771,0.0,0.0,0.0,0.0,0.0,0.0,0.0,0.0,1.7603695069326024,0.0,5.481326383236033,7.007711024280136,95539.0,0,0,0,57,WEBER
457,570304,155.75,416.8455780921733,0.3736395638712051,497.0,134.25,51.5,311.25,529.936008086104,96.5,37.75,37.75,13.75,34.5,65.75,42.25,168.75,3.0173976592753085,0.0,22.91089940254852,7.007711024280136,60702.0,0,0,0,57,WEBER
458,570305,188.0,574.7549580634616,0.3270959168989752,161.75,1.0,1.5,159.25,203.8004372576796,1.0,0.0,1.5,0.0,7.0,118.0,17.0,17.25,3.0173976592753085,0.0,30.773675832590925,8.259363765813344,95539.0,865,0,0,57,WEBER
459,570306,508.25,1333.4397418755811,0.3811570812229647,680.75,192.75,275.25,212.75,765.4045771839059,66.0,126.75,90.5,184.75,21.25,4.5,10.0,177.0,2.514763245313667,16.6,42.26434060718646,23.275473331405657,60702.0,0,0,0,57,WEBER
460,570307,366.0,989.6559594133632,0.3698254898772632,268.25,45.0,5.5,217.75,307.52461570954256,0.0,45.0,0.5,5.0,0.25,168.25,1.75,47.5,0.0,0.0,22.25588893629084,17.018726773251757,95539.0,785,215,0,57,WEBER
461,570308,382.25,1018.9229701517625,0.375151028289279,0.0,0.0,0.0,0.0,34.979552488556834,0.0,0.0,0.0,0.0,0.0,0.0,0.0,0.0,4.023196879033744,0.0,13.436251071656756,17.52010453786633,95539.0,0,0,0,57,WEBER
462,570309,920.0,2649.9228471948268,0.34717991920930824,684.75,0.5,42.0,642.25,784.7918311219489,0.5,0.0,41.5,0.5,35.75,58.75,211.0,336.75,1.005799219758436,0.0,57.24569329943256,41.79033860275799,95539.0,0,0,0,57,WEBER
463,570310,412.25,1154.086108456753,0.35720904790307356,28.25,0.0,0.75,27.5,68.18704909798757,0.0,0.0,0.0,0.75,5.0,1.0,0.0,21.5,5.783389837173245,0.0,15.384244514102974,18.769414746711348,95539.0,0,0,0,57,WEBER
464,570311,429.0,1153.5159496224337,0.37190643106445065,128.0,15.75,21.0,91.25,168.8250562434542,7.0,8.75,6.5,14.5,11.25,10.25,14.5,55.25,1.005799219758436,0.0,20.297914256585187,19.52134276711057,60702.0,0,0,0,57,WEBER
465,570312,786.5,1842.6657572830024,0.4268272728743213,86.75,59.0,12.25,15.5,156.44918339247874,17.5,41.5,9.25,3.0,4.5,0.25,1.0,9.75,2.011598439516872,0.0,31.647928256664034,36.03965669629784,67067.0,0,0,0,57,WEBER
466,570313,371.75,952.0786367239756,0.3904614447385998,20.25,0.5,1.5,18.25,74.54322737720602,0.5,0.0,0.5,1.0,2.0,4.0,1.5,10.75,0.7543937383810644,0.0,36.5207963547808,17.018037284044155,95539.0,0,0,0,57,WEBER
467,570314,723.5,1973.8646621972855,0.36653982102025545,27.0,2.25,1.0,23.75,93.1250263044008,2.25,0.0,1.0,0.0,6.25,1.0,4.75,11.75,0.0,0.0,33.08867433279445,33.03635197160635,74477.0,0,0,0,57,WEBER
468,570315,320.25,890.4257608180175,0.3596594057496633,10.75,0.0,1.25,9.5,66.1283844734548,0.0,0.0,0.25,1.0,1.0,2.5,1.25,4.75,0.0,0.0,40.86254958083004,14.51583489262476,74477.0,0,0,0,57,WEBER
469,570316,317.75,796.8247693013851,0.3987702343623013,0.25,0.0,0.0,0.25,27.17648463815213,0.0,0.0,0.0,0.0,0.0,0.0,0.0,0.25,0.0,0.0,12.660511422955814,14.265973215196317,102334.0,0,0,0,57,WEBER
470,570317,221.5,564.1363003250938,0.3926356092886712,196.75,0.25,6.25,190.25,221.4395961000948,0.25,0.0,1.5,4.75,0.0,186.0,0.0,4.25,0.0,0.0,14.678580351123184,10.011015748971625,102334.0,691,1078,0,57,WEBER
471,570318,153.5,417.6517126773448,0.36753111585725934,97.0,0.0,0.0,97.0,118.80408393525472,0.0,0.0,0.0,0.0,0.25,95.5,0.0,1.25,0.0,0.0,14.796372910974576,7.007711024280136,74477.0,611,0,0,57,WEBER
472,570319,312.0,853.9044152941019,0.36538047398729157,58.75,1.0,14.25,43.5,85.77347447962002,1.0,0.0,1.25,13.0,4.75,14.75,3.75,20.25,0.0,0.0,13.008052431059753,14.01542204856027,74477.0,0,0,0,57,WEBER
473,570320,564.75,1523.487513041426,0.3706955227171879,275.0,35.25,17.75,222.0,376.7275631854669,8.5,26.75,11.75,6.0,31.25,21.25,24.0,145.5,1.005799219758436,0.0,74.94367372959263,25.77809023611587,74477.0,0,0,0,57,WEBER
474,570321,167.75,456.69804925402536,0.3673105244789294,0.0,0.0,0.0,0.0,13.141315284832556,0.0,0.0,0.0,0.0,0.0,0.0,0.0,0.0,0.0,0.0,5.883466696355793,7.257848588476761,74477.0,0,0,0,57,WEBER
475,570322,283.5,894.9567929724709,0.31677506917221704,0.0,0.0,0.0,0.0,28.991431056905604,0.0,0.0,0.0,0.0,0.0,0.0,0.0,0.0,4.77776716620791,0.0,11.199343417034587,13.014320473663108,94980.0,0,0,0,57,WEBER
476,570323,46.5,146.95401263169566,0.31642552093178217,0.0,0.0,0.0,0.0,10.675020302715351,0.0,0.0,0.0,0.0,0.0,0.0,0.0,0.0,7.040594538309052,0.0,1.6322226146119765,2.002203149794324,94980.0,0,0,0,57,WEBER
477,570324,111.25,351.3994049298842,0.3165913158623534,0.0,0.0,0.0,0.0,12.681585145886896,0.0,0.0,0.0,0.0,0.0,0.0,0.0,0.0,3.771437554614321,0.0,3.904639716786763,5.005507874485811,94980.0,0,0,0,57,WEBER
478,570325,30.0,96.29068721216214,0.31155660914434524,0.0,0.0,0.0,0.0,7.0655362739340735,0.0,0.0,0.0,0.0,0.0,0.0,0.0,0.0,2.011598439516872,0.0,4.052836259520039,1.001101574897162,94980.0,0,0,0,57,WEBER
479,570326,112.25,353.6187271095968,0.3174322834016945,38.75,3.75,0.5,34.5,50.06059968477884,3.75,0.0,0.5,0.0,4.25,21.25,1.25,7.75,1.005799219758436,0.0,5.299292590534593,5.005507874485811,94980.0,0,0,0,57,WEBER
480,570327,129.0,404.936433641668,0.3185685191126894,71.0,5.0,10.75,55.25,86.28039089317143,2.25,2.75,1.0,9.75,5.5,5.25,17.25,27.25,1.005799219758436,0.0,8.267982224030025,6.006609449382973,94980.0,0,0,0,57,WEBER
481,570328,96.75,301.7193104136713,0.3206622733803522,9.0,0.0,7.0,2.0,17.720092687739886,0.0,0.0,7.0,0.0,1.0,0.0,0.0,1.0,1.005799219758436,0.0,3.7098871683928,4.0044062995886485,94980.0,0,0,0,57,WEBER
482,570329,62.5,192.2353451981091,0.32512231262981484,0.0,0.0,0.0,0.0,6.20404126728669,0.0,0.0,0.0,0.0,0.0,0.0,0.0,0.0,1.005799219758436,0.0,2.1949373228367675,3.0033047246914863,94980.0,0,0,0,57,WEBER
483,570330,112.75,351.2738716401111,0.32097462721484504,0.0,0.0,0.0,0.0,9.96621775715207,0.0,0.0,0.0,0.0,0.0,0.0,0.0,0.0,1.005799219758436,0.0,3.954910662907824,5.005507874485811,94980.0,0,0,0,57,WEBER
484,570331,223.25,743.4067519443037,0.3003066617516086,0.0,0.0,0.0,0.0,23.884406341390232,0.0,0.0,0.0,0.0,0.0,0.0,0.0,0.0,6.034795318550616,0.0,7.838595273867995,10.011015748971625,102334.0,0,0,0,57,WEBER
485,570332,249.5,828.4244055750386,0.301174130458908,23.5,1.0,1.0,21.5,50.85134107989895,1.0,0.0,0.0,1.0,1.5,1.0,1.5,17.5,1.005799219758436,0.0,15.08314925640386,11.26239260373665,102334.0,0,0,0,57,WEBER
486,570333,81.0,208.70007166758904,0.3881167809516341,0.0,0.0,0.0,0.0,13.626060299084935,0.0,0.0,0.0,0.0,0.0,0.0,0.0,0.0,5.028996098792181,0.0,4.592657900704106,4.0044062995886485,94145.0,0,0,0,57,WEBER
487,570334,112.0,289.9289821898335,0.3863014975393768,0.0,0.0,0.0,0.0,16.219567943007632,0.0,0.0,0.0,0.0,0.0,0.0,0.0,0.0,5.783389837173245,0.0,5.430670231348577,5.005507874485811,93962.0,0,0,0,57,WEBER
488,570335,100.25,257.8418021996483,0.38880429451224463,0.0,0.0,0.0,0.0,12.540950294749925,0.0,0.0,0.0,0.0,0.0,0.0,0.0,0.0,3.0173976592753085,0.0,4.768182325185429,4.7553703102891856,93962.0,0,0,0,57,WEBER
489,570336,168.25,474.8921711101579,0.35429095326351895,29.25,21.0,5.0,3.25,44.19032780432386,11.5,9.5,0.0,5.0,0.0,0.25,0.0,3.0,0.0,0.0,6.931515205146569,8.008812599177297,93962.0,0,0,0,57,WEBER
490,570337,106.0,298.97573921933207,0.3545438177585278,159.5,7.75,33.5,118.25,173.82204577941843,4.75,3.0,26.5,7.0,3.75,96.75,1.0,16.75,0.0,0.0,9.31653790493262,5.005507874485811,93962.0,668,0,0,57,WEBER
491,570338,160.0,398.9678701270474,0.4010347999929157,19.5,16.25,0.0,3.25,47.34169391605223,16.25,0.0,0.0,0.0,0.0,1.25,0.5,1.5,1.005799219758436,0.0,19.577770676474547,7.258124019819242,93962.0,0,0,0,57,WEBER
492,570339,165.25,427.76670465686834,0.38630870098352965,0.0,0.0,0.0,0.0,14.063405715770529,0.0,0.0,0.0,0.0,0.0,0.0,0.0,0.0,1.005799219758436,0.0,5.79934430509591,7.258262190916182,93962.0,0,0,0,57,WEBER
493,570340,95.0,250.57385691962412,0.3791297351122822,42.25,0.25,15.5,26.5,59.08614617787164,0.25,0.0,0.0,15.5,3.0,6.0,3.0,14.5,2.263003920894244,0.0,10.318460677520878,4.2546815794565145,93962.0,0,0,0,57,WEBER
494,570341,243.75,678.346747736502,0.3593295034041832,0.0,0.0,0.0,0.0,21.60531629615562,0.0,0.0,0.0,0.0,0.0,0.0,0.0,0.0,2.011598439516872,0.0,8.58049789654864,11.013219960090108,93962.0,0,0,0,57,WEBER
495,570342,64.75,211.76053649978155,0.3057699091165024,6.5,0.0,0.5,6.0,20.012885734279664,0.0,0.0,0.5,0.0,0.0,2.25,0.5,3.25,1.005799219758436,0.0,9.75433295646579,2.75275355805544,102334.0,0,0,0,57,WEBER
496,570343,451.5,1481.4805360013493,0.30476269449927407,99.75,0.0,0.0,99.75,139.8623976758806,0.0,0.0,0.0,0.0,4.5,94.75,0.0,0.5,0.0,0.0,19.339815769676235,20.77258190620436,102334.0,842,0,0,57,WEBER
497,570344,665.5,1593.5646494477226,0.41761719565669364,98.0,21.5,28.5,48.0,158.82841830812984,21.5,0.0,1.25,27.25,4.25,2.25,5.25,36.25,0.0,0.0,30.79537106121498,30.033047246914865,67182.0,0,0,0,57,WEBER
498,570345,725.25,1465.2185649681726,0.49497734832192347,52.25,15.75,4.25,32.25,112.57332307589628,10.0,5.75,2.25,2.0,1.25,3.5,2.25,25.25,0.0,0.0,27.28697110428992,33.03635197160635,48340.0,0,0,0,57,WEBER
499,570346,512.75,1316.365464003172,0.38951948681537607,274.75,146.75,4.25,123.75,326.9116307841506,81.5,65.25,3.25,1.0,4.25,86.75,3.0,29.75,0.0,0.0,28.885743394879803,23.27588738927077,74238.0,550,0,0,57,WEBER
500,570347,766.75,1717.1656082898307,0.44652070615578304,248.75,115.75,8.25,124.75,319.4304561588242,41.25,74.5,3.25,5.0,19.5,11.75,11.25,82.25,0.0,0.0,35.64272824230241,35.03772791652184,71613.0,0,0,0,57,WEBER
501,570348,363.5,808.82317773852,0.44941837722349975,51.0,0.0,0.0,51.0,82.31480650183858,0.0,0.0,0.0,0.0,0.0,51.0,0.0,0.0,0.0,0.0,15.04663013684793,16.26817636499064,70658.0,441,0,0,57,WEBER
502,570349,436.5,1183.584450292577,0.3687949768959022,731.0,96.0,119.0,516.0,791.9926031755998,47.75,48.25,51.0,68.0,42.5,142.0,23.75,307.75,0.0,0.0,40.97057167765662,20.02203149794325,68303.0,507,0,0,57,WEBER
503,570350,724.25,1770.8560148287434,0.40898299688698353,189.5,35.75,11.25,142.5,258.85423177837987,35.75,0.0,8.0,3.25,16.0,9.0,14.25,103.25,0.0,0.0,36.31787980677355,33.03635197160635,74477.0,0,0,0,57,WEBER
504,570351,495.7500000065251,1187.7398227477138,0.417389389925193,418.75000000551165,4.75000000006252,8.500000000111879,405.50000000533726,475.6219670979138,4.75000000006252,0.0,5.0000000000658105,3.5000000000460676,16.750000000220467,312.7500000041165,11.250000000148074,64.75000000085225,0.0,0.0,34.096768433664316,22.775198658737875,58199.0,0,846,1835,57,WEBER
505,570352,738.75,1683.2481044183824,0.43888360727146786,307.75,48.75,41.75,217.25,394.2531675251116,23.5,25.25,33.0,8.75,23.25,36.0,32.75,125.25,0.0,0.0,52.96626453834388,33.536902986767785,52663.0,0,0,0,57,WEBER
506,570353,634.25,2143.6680365776137,0.29587137055632273,9.75,3.0,1.75,5.0,62.632048328622645,1.0,2.0,0.0,1.75,0.0,0.25,0.25,4.5,0.0,0.0,23.85010265660494,29.031945672017702,78915.0,0,0,0,57,WEBER
507,570354,104.25,321.20810506357964,0.32455594474916766,163.75,17.5,1.5,144.75,179.16111624864502,11.0,6.5,1.5,0.0,3.5,94.0,4.25,43.0,0.0,0.0,10.405608374159204,5.005507874485811,79237.0,0,0,0,57,WEBER
508,570355,421.0,1161.7917146995314,0.3623713223922252,55.75,0.0,1.25,54.5,91.74986593838368,0.0,0.0,1.25,0.0,2.0,1.25,1.0,50.25,0.0,0.0,16.728798451140985,19.27106748724271,84072.0,0,0,0,57,WEBER
509,570356,427.25,1161.930622735876,0.36770697977991085,90.5,12.75,13.75,64.0,128.43966833249797,12.75,0.0,10.75,3.0,6.75,5.5,7.5,44.25,0.0,0.0,18.668600845255277,19.27106748724271,62368.0,0,0,0,57,WEBER
510,570357,477.0,1122.8207446118836,0.42482293125505155,0.0,0.0,0.0,0.0,38.7643311741062,0.0,0.0,0.0,0.0,0.0,0.0,0.0,0.0,0.0,0.0,16.740096526368625,22.02423464773757,85552.0,0,0,0,57,WEBER
511,570358,398.25,958.2607766268444,0.4155966827755095,294.75,9.0,5.0,280.75,337.09136817031134,9.0,0.0,0.0,5.0,0.5,192.75,26.0,61.5,0.0,0.0,24.321539822162418,18.01982834814892,56266.0,448,0,0,57,WEBER
512,570359,430.50000008234645,1013.8839579669321,0.42460480481967267,357.0000000682873,33.500000006407916,22.000000004208182,301.50000005767123,404.1673258866307,10.50000000200845,23.000000004399464,14.250000002725754,7.7500000014824275,23.750000004542922,29.75000000569061,47.750000009133664,200.25000003830402,0.0,0.0,27.64556944505918,19.521756373284138,56202.0,0,0,0,57,WEBER
513,570360,583.25,1355.9643290123931,0.43013668392354093,0.0,0.0,0.0,0.0,46.99825951331128,0.0,0.0,0.0,0.0,0.0,0.0,0.0,0.0,0.0,0.0,20.469205721920574,26.52905379139071,79026.0,0,0,0,57,WEBER
514,570361,215.25,679.4838204836847,0.3167845848732294,334.75,113.0,11.0,210.75,363.8139358324639,15.75,97.25,7.5,3.5,20.25,26.0,24.25,140.25,0.0,0.0,19.303471250128343,9.760464582335576,79237.0,0,0,0,57,WEBER
515,570362,327.0,901.0346944770248,0.36291610301398675,97.0,1.75,3.75,91.5,132.14773215762585,1.75,0.0,1.75,2.0,5.75,13.5,36.5,35.75,0.0,0.0,20.13120853416844,15.01652362345743,84072.0,0,0,0,57,WEBER
516,570363,414.75,1032.9155094115486,0.40153332602807257,662.5,13.25,20.5,628.75,719.3250736114747,13.25,0.0,13.0,7.5,30.75,182.0,111.0,305.0,0.0,0.0,37.80414368842867,19.020929923046083,70540.0,533,0,0,57,WEBER
517,570364,607.75,1557.9753610504415,0.3900896093698386,138.0,0.0,1.75,136.25,192.4522101096725,0.0,0.0,0.5,1.25,2.5,117.25,2.25,14.25,0.0,0.0,26.42136601255196,28.030844097120543,52472.0,0,946,0,57,WEBER
518,570365,255.25,543.3985125904105,0.4697289265353511,597.0,166.5,39.25,391.25,643.1622146287343,39.75,126.75,22.75,16.5,29.5,36.25,46.0,279.5,0.0,0.0,34.399133294165004,11.76308133456932,45697.0,0,0,0,57,WEBER
519,570366,129.25,248.3994748099162,0.5203312128534351,1010.75,353.0,115.5,542.25,1060.5193888914382,283.75,69.25,49.75,65.75,100.25,45.5,97.25,299.25,0.0,0.0,44.01291700625197,5.756471885186348,45697.0,0,0,0,57,WEBER
520,570367,694.5,1584.7421578846954,0.4382416385811396,0.0,0.0,0.0,0.0,58.15165325666317,0.0,0.0,0.0,0.0,0.0,0.0,0.0,0.0,0.0,0.0,26.36667813982184,31.784975116841323,80671.0,0,0,0,57,WEBER
521,570368,441.5,1009.8510371710216,0.4371931935989392,365.75,158.5,6.25,201.0,414.1075067839657,138.0,20.5,4.25,2.0,12.25,17.75,63.25,107.75,0.0,0.0,28.335475286022483,20.02203149794325,81022.0,0,0,0,57,WEBER
522,570369,349.75,1081.602653197588,0.3233627422843492,578.0,166.25,26.75,385.0,643.5708708581597,148.0,18.25,18.25,8.5,42.25,38.75,90.5,213.5,0.0,0.0,49.803796826441136,15.767074031718549,73142.0,0,0,0,57,WEBER
523,570370,611.0,1415.429113880545,0.4316712112306921,39.75,6.75,4.0,29.0,90.6189484497058,6.75,0.0,4.0,0.0,3.5,0.0,5.25,20.25,0.0,0.0,22.83810435258525,28.030844097120543,62309.0,0,0,0,57,WEBER
524,570371,478.0,1339.9749994150193,0.3567230733473954,3.0,1.0,1.0,1.0,41.9047093420422,1.0,0.0,0.0,1.0,0.0,0.0,0.0,1.0,0.0,0.0,16.880474694304628,22.02423464773757,66232.0,0,0,0,57,WEBER
525,570372,343.5,899.8487786439008,0.38173080650024865,57.0,0.0,0.25,56.75,90.82562324443236,0.0,0.0,0.25,0.0,0.0,56.5,0.0,0.25,0.0,0.0,18.058135610274388,15.76748763415797,57492.0,357,0,0,57,WEBER
526,570373,390.25,956.981204345354,0.40779275311573115,1355.5,260.5,82.5,1012.5,1441.53204024895,156.5,104.0,48.25,34.25,90.75,59.5,282.25,580.0,0.0,0.0,68.51248702919429,17.519553219755668,59752.0,0,0,0,57,WEBER
527,570374,0.0,0.0,0.0,343.25,0.0,178.0,165.25,355.2972597836877,0.0,0.0,178.0,0.0,88.25,77.0,0.0,0.0,0.0,0.0,12.04725978368769,0.0,59752.0,0,0,0,57,WEBER
528,570375,348.5,845.472036660356,0.4121957733535306,0.0,0.0,0.0,0.0,28.24803231520883,0.0,0.0,0.0,0.0,0.0,0.0,0.0,0.0,0.0,0.0,12.23040711685424,16.017625198354594,64688.0,0,0,0,57,WEBER
529,570376,313.0,679.6285650024735,0.46054568056429596,96.0,1.0,33.5,61.5,127.6184346696934,1.0,0.0,3.75,29.75,4.25,26.75,5.25,25.25,0.0,0.0,17.60301262113315,14.01542204856027,51688.0,0,0,0,57,WEBER
530,570377,665.0,1608.515637925157,0.41342464090544445,172.0,4.75,13.5,153.75,232.4086017936004,4.75,0.0,2.0,11.5,13.0,106.5,5.75,28.5,0.0,0.0,30.375554546685528,30.033047246914865,64365.0,456,0,0,57,WEBER
531,570378,310.5,677.7386324245001,0.45814121424543347,72.5,22.25,4.0,46.25,99.95509369131511,21.75,0.5,2.75,1.25,3.25,9.25,7.5,26.25,0.0,0.0,13.439671642754842,14.01542204856027,51729.0,0,0,0,57,WEBER
532,570379,0.0,0.0,0.0,2424.0,1045.0,140.75,1238.25,2527.068555187672,551.25,493.75,84.0,56.75,134.75,240.75,185.0,677.75,0.0,0.0,103.0685551876718,0.0,51729.0,0,0,0,57,WEBER
533,570380,125.5,293.0563161585841,0.4282453340199878,1013.5,437.5,88.25,487.75,1059.470939593156,155.5,282.0,56.25,32.0,66.5,64.25,91.5,265.5,0.0,0.0,39.964330143773225,6.006609449382973,34543.0,0,0,0,57,WEBER
534,570381,3.0,5.440128757979409,0.551457535926828,4998.75,98.75,288.0,4612.0,5174.103172872537,82.25,16.5,275.75,12.25,310.25,306.0,1211.5,2784.25,0.0,0.0,175.35317287253667,0.0,54586.0,0,0,0,57,WEBER
535,570382,310.75,746.7088036499363,0.41615955039105496,1975.0,585.0,261.75,1128.25,2071.7229171831814,474.25,110.75,63.25,198.5,133.0,235.75,164.5,595.0,0.0,0.0,82.70749513462138,14.01542204856027,63722.0,0,0,0,57,WEBER
536,570383,254.25,543.4183557585793,0.46787157133307045,1436.25,842.75,77.5,516.0,1513.0542488307926,615.25,227.5,38.75,38.75,63.75,114.25,80.0,258.0,0.0,0.0,65.28978791090788,11.514460919884838,34543.0,0,0,0,57,WEBER
537,570384,669.5,1416.1770673991502,0.4727516180088666,816.25,183.75,52.0,580.5,901.4314808442128,183.0,0.75,17.25,34.75,34.25,90.5,149.0,306.75,0.0,0.0,54.89857191986937,30.28290892434331,54586.0,487,302,252,57,WEBER
538,570385,1044.0,1939.2924291901836,0.538340677396424,2318.0,1106.0,221.25,990.75,2515.61215432912,830.5,275.5,61.5,159.75,121.0,155.25,143.0,571.5,0.0,0.0,150.06148233727205,47.550671991847466,34543.0,0,0,0,57,WEBER
539,570386,225.25,465.8049082470352,0.4835715468256526,43.75,0.0,0.0,43.75,64.2075659121129,0.0,0.0,0.0,0.0,0.0,0.0,1.0,42.75,1.005799219758436,0.0,9.440750943382843,10.011015748971625,54586.0,0,0,0,57,WEBER
540,570387,0.0,0.0,0.0,90.0,0.0,2.0,88.0,93.15850877856012,0.0,0.0,2.0,0.0,0.0,86.75,0.0,1.25,0.0,0.0,3.1585087785601176,0.0,54586.0,0,0,0,57,WEBER
541,570388,0.0,0.0,0.0,3484.0,0.0,1374.0,2110.0,3606.269096398864,0.0,0.0,1374.0,0.0,276.25,1833.75,0.0,0.0,0.0,0.0,122.2690963988633,0.0,54586.0,0,0,0,57,WEBER
542,570389,336.0,813.4476094339112,0.4130567182240867,92.5,33.75,6.5,52.25,122.55433104075092,9.0,24.75,1.75,4.75,6.75,13.5,5.75,26.25,0.0,0.0,15.037807417293482,15.01652362345743,52605.0,0,0,0,57,WEBER
543,570390,851.0,2305.316739755727,0.3691466709646903,266.75,7.5,11.25,248.0,345.01718370025543,7.5,0.0,6.0,5.25,14.25,118.25,20.5,95.0,0.0,0.0,39.22422227926612,39.04296142098933,70637.0,534,0,0,57,WEBER
544,570391,526.0,1226.5216076063496,0.4288550619393727,0.0,0.0,0.0,0.0,42.48501287187545,0.0,0.0,0.0,0.0,0.0,0.0,0.0,0.0,0.0,0.0,18.45857507434356,24.02643779753189,33647.0,0,0,0,57,WEBER
545,570392,393.0,764.71294746553,0.5139183288350362,198.5,0.0,0.0,198.5,237.5282739453055,0.0,0.0,0.0,0.0,1.0,166.5,1.5,29.5,0.0,0.0,21.008445597156594,18.01982834814892,32690.0,0,0,1381,57,WEBER
546,570393,439.25,1150.9542210773277,0.3816398532244391,11.5,0.0,1.0,10.5,48.34082677490132,0.0,0.0,1.0,0.0,0.0,2.0,2.25,6.25,0.0,0.0,16.818795276958067,20.02203149794325,66420.0,0,0,0,57,WEBER
547,570394,426.0,1112.4895572448736,0.3829249427338506,124.5,0.0,0.0,124.5,162.84049929885862,0.0,0.0,0.0,0.0,0.0,124.25,0.25,0.0,0.0,0.0,19.319569375812534,19.020929923046083,84419.0,486,651,0,57,WEBER
548,570395,372.0,839.0617223107892,0.4433523662305869,591.0,32.5,26.75,531.75,649.5702015906066,31.75,0.75,15.75,11.0,69.75,18.25,101.25,342.5,0.0,0.0,41.55133710168363,17.018864488922997,23450.0,0,0,0,57,WEBER
549,570396,33.5,96.76461932396204,0.3462009175879052,2056.75,37.5,18.0,2001.25,2131.599087568028,27.25,10.25,14.5,3.5,4.75,2.25,1945.0,49.25,0.0,0.0,73.34798675150566,1.5011008165222317,102339.0,0,0,0,57,WEBER
550,570397,108.0,246.2739629521665,0.43853600561492045,870.0,15.5,67.0,787.5,909.324836249289,15.5,0.0,40.5,26.5,51.75,347.75,96.25,291.75,0.0,0.0,34.31932837480316,5.005507874485811,49500.0,0,0,0,57,WEBER
551,570398,387.5,866.5911902271789,0.4471543264805357,16.0,0.0,0.25,15.75,49.691699429949466,0.0,0.0,0.25,0.0,0.0,15.75,0.0,0.0,2.011598439516872,0.0,14.160547770676926,17.519553219755668,91104.0,0,0,0,57,WEBER
552,570399,380.75,776.9594616300701,0.4900513074403934,101.75,1.75,29.75,70.25,136.97108597469236,1.5,0.25,3.5,26.25,6.5,17.0,14.0,32.75,1.005799219758436,0.0,16.944768463153547,17.270518291780366,69448.0,0,0,0,57,WEBER
553,570400,63.75,192.06405861244104,0.33192050850408594,1122.0,414.5,102.0,605.5,1166.6091164366576,367.0,47.5,54.25,47.75,88.5,44.25,127.25,345.5,0.0,0.0,41.605811711965885,3.0033047246914863,45635.0,0,0,0,57,WEBER
554,570401,300.75,738.9656659435524,0.40698778557727133,1563.5,489.75,130.5,943.25,1647.68385603491,341.0,148.75,75.75,54.75,123.5,48.5,194.75,576.5,0.0,0.0,70.16843398634961,14.01542204856027,45635.0,0,0,0,57,WEBER
555,570402,133.0,268.8338341941871,0.49472939445534947,370.5,55.75,35.25,279.5,395.41672224090905,19.0,36.75,23.5,11.75,37.0,13.0,61.5,168.0,0.0,0.0,18.910112791526107,6.006609449382973,50734.0,0,0,0,57,WEBER
556,570403,313.0,635.0969960532819,0.4928381049589166,90.0,8.75,2.75,78.5,118.15834265888154,1.0,7.75,1.5,1.25,4.25,40.0,7.75,26.5,0.0,0.0,14.14292061032127,14.01542204856027,50602.0,0,0,0,57,WEBER
557,570404,326.0,559.4389845133634,0.5827266404817607,27.0,0.0,1.5,25.5,54.40489694380989,0.0,0.0,1.5,0.0,9.5,3.0,6.5,6.5,0.0,0.0,12.38837332035246,15.01652362345743,49995.0,0,0,0,57,WEBER
558,570405,158.5,379.5353799876752,0.41761587550848894,152.0,0.25,0.25,151.5,169.90450879479192,0.25,0.0,0.25,0.0,0.75,1.0,0.5,149.25,0.0,0.0,10.896797770511794,7.007711024280136,46017.0,0,0,0,57,WEBER
559,570406,0.0,0.0,0.0,211.5,52.0,11.75,147.75,218.9221357153596,30.5,21.5,6.25,5.5,10.5,7.5,65.25,64.5,0.0,0.0,7.422135715359568,0.0,46276.0,0,0,0,57,WEBER
560,570407,459.5,1072.786137115393,0.428323953957446,9.0,0.0,0.0,9.0,47.46528590660172,0.0,0.0,0.0,0.0,0.0,0.0,0.0,9.0,0.0,0.0,17.44215283376132,21.0231330728404,46276.0,0,0,0,57,WEBER
561,570408,553.75,1252.033192315719,0.44228060677513065,317.75,6.0,24.25,287.5,373.36194101523785,6.0,0.0,11.5,12.75,22.75,109.5,29.25,126.0,0.0,0.0,30.58440164280881,25.027539372429057,61134.0,605,0,0,57,WEBER
562,570409,177.75,428.0629043710362,0.4152427089218876,156.5,4.25,13.5,138.75,176.7478027041202,4.25,0.0,6.5,7.0,13.5,7.5,18.5,99.25,0.0,0.0,11.98830122263561,8.259501481484584,96136.0,0,0,0,57,WEBER
563,570410,496.25,1126.210611329725,0.44063694215602717,83.25,1.0,3.25,79.0,126.36036285977582,1.0,0.0,1.5,1.75,11.25,28.0,6.0,33.75,0.0,0.0,20.58543948120558,22.52492337857024,83788.0,0,0,0,57,WEBER
564,570411,393.5,968.9743744557596,0.4060994907331948,8.0,0.0,0.0,8.0,45.35713148116705,0.0,0.0,0.0,0.0,2.0,0.0,1.0,5.0,0.0,0.0,19.33730313301813,18.01982834814892,108175.0,0,0,0,57,WEBER
565,570412,288.25,653.6595428176106,0.44097879877572577,194.25,0.0,2.0,192.25,224.19675791700053,0.0,0.0,2.0,0.0,1.0,168.25,2.0,21.0,0.0,0.0,16.932437443337427,13.014320473663108,46344.0,469,856,0,57,WEBER
566,570413,370.75,901.47405012038,0.41127085128017965,419.25,51.75,134.0,233.5,467.9961144454352,33.0,18.75,131.75,2.25,3.0,1.0,105.5,124.0,0.0,0.0,31.72738767218344,17.018726773251757,108698.0,0,0,0,57,WEBER
567,570414,169.25,425.05481048876834,0.3981839419847532,0.0,0.0,0.0,0.0,14.448837470945309,0.0,0.0,0.0,0.0,0.0,0.0,0.0,0.0,0.0,0.0,6.440024871768012,8.008812599177297,110837.0,0,0,0,57,WEBER
568,570415,958.75,2332.947851299204,0.41096075056546083,533.75,74.5,19.75,439.5,713.4273726345745,15.25,59.25,10.0,9.75,21.25,74.25,58.0,286.0,0.0,83.0,52.87904090329599,43.79833173127851,69448.0,0,0,0,57,WEBER
569,570416,247.0,600.6223632319617,0.41124009880499246,1127.25,198.5,39.0,889.75,1186.7398196931572,114.0,84.5,21.25,17.75,121.5,47.0,318.75,402.5,0.0,0.0,48.227151202652365,11.262668490504833,101315.0,0,0,0,57,WEBER
570,570417,1204.5,2580.13312801033,0.4668363763573899,1040.75,73.25,39.5,928.0,1177.1028754956526,50.5,22.75,27.25,12.25,146.25,37.75,345.5,398.5,0.0,0.0,81.29228887630865,55.06058661934392,63376.0,0,0,0,57,WEBER
571,570418,395.75,1094.4243397769085,0.36160562737545765,388.25,5.0,37.0,346.25,441.030681729765,5.0,0.0,7.75,29.25,19.25,149.5,35.25,142.25,0.0,0.0,34.51071581741947,18.269965912345544,106232.0,727,0,0,57,WEBER
572,570419,929.0,1916.646842961216,0.4847006653373329,1266.75,286.75,66.75,913.25,1386.3530742593623,186.25,100.5,10.25,56.5,27.0,35.75,372.25,478.25,0.0,0.0,77.55680811368175,42.04626614568081,69448.0,0,0,0,57,WEBER
573,570420,303.5,713.8503614429567,0.425159131931395,0.0,0.0,0.0,0.0,26.41737613378829,0.0,0.0,0.0,0.0,0.0,0.0,0.0,0.0,0.0,0.0,12.401954085228027,14.01542204856027,102669.0,0,0,0,57,WEBER
574,570421,108.75,280.37830561148536,0.3878688109011284,0.0,0.0,0.0,0.0,10.079191245001637,0.0,0.0,0.0,0.0,0.0,0.0,0.0,0.0,1.2572047011358078,0.0,3.816478669380017,5.005507874485811,81308.0,0,0,0,57,WEBER
575,570422,318.75,846.4306307143702,0.3765813622918886,388.25,71.5,100.5,216.25,430.83318521912094,43.0,28.5,76.5,24.0,34.0,31.75,18.25,132.25,1.005799219758436,0.0,27.061275219969588,14.51611077939294,81308.0,0,0,0,57,WEBER
576,570423,9.0,20.591517548164173,0.4370731772900531,420.5,29.5,134.5,256.5,435.5715361121216,8.0,21.5,91.0,43.5,23.5,37.5,29.5,166.0,0.0,0.0,15.07153611212166,0.0,87939.0,0,0,0,57,WEBER
577,570424,1.0,2.8320792620428348,0.35309746213765225,0.0,0.0,0.0,0.0,0.0350945419840012,0.0,0.0,0.0,0.0,0.0,0.0,0.0,0.0,0.0,0.0,0.0350945419840012,0.0,111812.0,0,0,0,57,WEBER
578,570425,3.999999999718044,8.065612990941304,0.49593254774442397,0.0,0.0,0.0,0.0,0.14037816792611,0.0,0.0,0.0,0.0,0.0,0.0,0.0,0.0,0.0,0.0,0.14037816792611,0.0,111812.0,0,0,0,57,WEBER
579,570426,36.1,68.2,0.5293255131964809,0.0,0.0,0.0,0.0,3.23051211923437,0.0,0.0,0.0,0.0,0.0,0.0,0.0,0.0,0.0,0.0,1.2283089694400458,2.002203149794324,111812.0,0,0,0,57,WEBER
580,570427,1.9999999998540814,4.033541645188307,0.4958421595175351,12.749999999069768,0.0,0.0,12.749999999069768,13.26765650010593,0.0,0.0,0.0,0.0,0.7499999999452805,6.249999999544005,1.499999999890561,4.249999999689923,0.0,0.0,0.5176565010361609,0.0,111812.0,0,0,0,57,WEBER
581,570428,8.5,19.073689256911265,0.4456400586960419,0.0,0.0,0.0,0.0,0.298663521120719,0.0,0.0,0.0,0.0,0.0,0.0,0.0,0.0,0.0,0.0,0.298663521120719,0.0,87939.0,0,0,0,57,WEBER
3391,491172,0.0,0.0,0.0,0.0,0.0,0.0,0.0,1.0121830987300855,0.0,0.0,0.0,0.0,0.0,0.0,0.0,0.0,1.0121830987300855,0.0,0.0,0.0,75589.0,0,0,0,49,UTAH
3392,491173,0.0,0.0,0.0,0.0,0.0,0.0,0.0,2.0243661974601705,0.0,0.0,0.0,0.0,0.0,0.0,0.0,0.0,2.0243661974601705,0.0,0.0,0.0,75589.0,0,0,0,49,UTAH
3382,491163,0.0,0.0,0.0,0.0,0.0,0.0,0.0,1.0121830987300855,0.0,0.0,0.0,0.0,0.0,0.0,0.0,0.0,1.0121830987300855,0.0,0.0,0.0,75589.0,0,0,0,49,UTAH
2227,490011,0.0,0.0,0.0,0.0,0.0,0.0,0.0,0.0,0.0,0.0,0.0,0.0,0.0,0.0,0.0,0.0,0.0,0.0,0.0,0.0,66402.0,0,0,0,49,UTAH
2236,490020,0.0,0.0,0.0,0.0,0.0,0.0,0.0,4.048732394920341,0.0,0.0,0.0,0.0,0.0,0.0,0.0,0.0,4.048732394920341,0.0,0.0,0.0,66402.0,0,0,0,49,UTAH
2235,490019,0.0,0.0,0.0,302.0,0.0,3.25,298.75,314.24187531980704,0.0,0.0,2.75,0.5,297.75,1.0,0.0,0.0,0.0,0.0,12.241875319807052,0.0,66402.0,0,0,0,49,UTAH
2226,490010,0.0,0.0,0.0,0.0,0.0,0.0,0.0,0.0,0.0,0.0,0.0,0.0,0.0,0.0,0.0,0.0,0.0,0.0,0.0,0.0,66402.0,0,0,0,49,UTAH
2246,490030,0.0,0.0,0.0,0.0,0.0,0.0,0.0,5.060915480745557,0.0,0.0,0.0,0.0,0.0,0.0,0.0,0.0,5.060915480745557,0.0,0.0,0.0,81720.0,0,0,0,49,UTAH
2253,490037,27.653283006504868,71.96309719506188,0.3842703286039562,33.07526564188036,0.0,3.9276877949732922,29.147577846907062,39.82386813901726,0.0,0.0,3.9276877949732922,0.0,25.633330872457275,2.687365333402779,0.8268816410470089,0.0,2.631999941605696,0.0,2.4153746595991614,1.7012278959320457,81720.0,0,0,0,49,UTAH
2252,490036,33.34641004386472,86.7785190831968,0.38427032860395627,0.0,0.0,0.0,0.0,5.007318076215413,0.0,0.0,0.0,0.0,0.0,0.0,0.0,0.0,1.6599732684559647,0.0,1.2958761636036469,2.051468644155802,81720.0,0,0,0,49,UTAH
2273,490057,0.00030697445225563654,0.0007988502608850037,0.3842703286039562,0.0,0.0,0.0,0.0,2.0244065317929474,0.0,0.0,0.0,0.0,0.0,0.0,0.0,0.0,2.0243757174013077,0.0,0.00001192934636712281,0.000018885045272668135,81720.0,0,0,0,49,UTAH
2250,490034,1978.7499754716591,5114.525087010074,0.3868883115848449,36.999999541352565,0.7499999907030925,0.0,36.24999955064947,368.81602879650234,0.0,0.7499999907030925,0.0,0.0,30.499999621925763,5.499999931822678,0.24999999690103084,0.0,2.7836240916167676,0.0,201.93767206114921,127.09473310238374,81720.0,0,0,0,49,UTAH
2251,490035,16.000000000818197,53.57388054076839,0.2986529973060771,0.0,0.0,0.0,0.0,3.6736664973882243,0.0,0.0,0.0,0.0,0.0,0.0,0.0,0.0,2.0243661975636913,0.0,0.6485761759169838,1.0007241239075502,81720.0,0,0,0,49,UTAH
2300,490084,131.75,358.0952268371299,0.36791889454567617,0.0,0.0,0.0,0.0,13.870629915452838,0.0,0.0,0.0,0.0,0.0,0.0,0.0,0.0,0.0,0.0,5.365199530853834,8.505430384599004,66402.0,0,0,0,49,UTAH
2298,490082,7.2222712619517555,21.469693255011922,0.33639377964870437,0.0,0.0,0.0,0.0,1.9367397199125462,0.0,0.0,0.0,0.0,0.0,0.0,0.0,0.0,0.9432594717150417,0.0,0.5272295807423194,0.4662506674551853,66402.0,0,0,0,49,UTAH
2264,490048,6.0,18.055631167599245,0.3323063006939893,0.0,0.0,0.0,0.0,1.255399164686517,0.0,0.0,0.0,0.0,0.0,0.0,0.0,0.0,1.0121830987300855,0.0,0.2432160659564314,0.0,66402.0,0,0,0,49,UTAH
2295,490079,56.75,141.64457672989565,0.4006507083445736,0.0,0.0,0.0,0.0,6.967777217005954,0.0,0.0,0.0,0.0,0.0,0.0,0.0,0.0,1.0121830987300855,0.0,2.2028786946697867,3.7527154236060825,66402.0,0,0,0,49,UTAH
2294,490078,0.0,0.0,0.0,78.75,1.0,9.25,68.5,88.01766287862867,0.0,1.0,9.25,0.0,64.25,2.25,2.0,0.0,6.0730985923805125,0.0,3.194564286248153,0.0,66402.0,0,0,0,49,UTAH
2302,490086,0.4684878812970526,1.0328984340895457,0.45356626153664753,63.714351856399155,0.0,0.0,63.714351856399155,66.31822954960838,0.0,0.0,0.0,0.0,0.2342439406485263,63.48010791575063,0.0,0.0,0.0,0.0,2.603877693209229,0.0,66402.0,721,0,0,49,UTAH
2301,490085,269.75,710.8806847572355,0.37945889624518236,0.0,0.0,0.0,0.0,32.794358475492594,0.0,0.0,0.0,0.0,0.0,0.0,0.0,0.0,5.060915493650427,0.0,10.470952033254184,17.26249094858798,66402.0,0,0,0,49,UTAH
2309,490093,64.25,163.02598734421244,0.3941089457372388,0.0,0.0,0.0,0.0,7.786255049862788,0.0,0.0,0.0,0.0,0.0,0.0,0.0,0.0,1.0121830987300855,0.0,2.770706536424945,4.0033654147077575,81720.0,0,0,0,49,UTAH
2312,490096,563.0,1614.453751267824,0.3487247618941567,0.0,0.0,0.0,0.0,58.84784264774135,0.0,0.0,0.0,0.0,0.0,0.0,0.0,0.0,0.0,0.0,22.821774188911824,36.02606845882953,81720.0,0,0,0,49,UTAH
2344,490128,136.35555999383493,392.63128206956947,0.34728654139604287,0.7065054921960359,0.23550183073201197,0.0,0.47100366146402395,15.949303157088625,0.23550183073201197,0.0,0.0,0.0,0.23550183073201197,0.0,0.0,0.23550183073201197,0.9534838911477438,0.0,5.569396176367248,8.719917597377597,81720.0,0,0,0,49,UTAH
2290,490074,0.0,0.0,0.0,0.0,0.0,0.0,0.0,2.0243661974601705,0.0,0.0,0.0,0.0,0.0,0.0,0.0,0.0,2.0243661974601705,0.0,0.0,0.0,81720.0,0,0,0,49,UTAH
2288,490072,1.0,3.4111262335198487,0.2931583094678168,45.75,0.25,2.5,43.0,47.50408634359207,0.0,0.25,2.5,0.0,40.25,0.0,2.75,0.0,0.0,0.0,1.754086343592073,0.0,81720.0,0,0,0,49,UTAH
2332,490116,0.0,0.0,0.0,0.0,0.0,0.0,0.0,1.617084836021562,0.0,0.0,0.0,0.0,0.0,0.0,0.0,0.0,1.617084836021562,0.0,0.0,0.0,81720.0,0,0,0,49,UTAH
2336,490120,0.0,0.0,0.0,0.0,0.0,0.0,0.0,2.0243661974601705,0.0,0.0,0.0,0.0,0.0,0.0,0.0,0.0,2.0243661974601705,0.0,0.0,0.0,81720.0,0,0,0,49,UTAH
2341,490125,0.0,0.0,0.0,0.0,0.0,0.0,0.0,1.0121830987300855,0.0,0.0,0.0,0.0,0.0,0.0,0.0,0.0,1.0121830987300855,0.0,0.0,0.0,81720.0,0,0,0,49,UTAH
2339,490123,0.0,0.0,0.0,0.0,0.0,0.0,0.0,1.0121830952826596,0.0,0.0,0.0,0.0,0.0,0.0,0.0,0.0,1.0121830952826596,0.0,0.0,0.0,81720.0,0,0,0,49,UTAH
2343,490127,0.0,0.0,0.0,0.0,0.0,0.0,0.0,0.0,0.0,0.0,0.0,0.0,0.0,0.0,0.0,0.0,0.0,0.0,0.0,0.0,81720.0,0,0,0,49,UTAH
2337,490121,0.0,0.0,0.0,0.0,0.0,0.0,0.0,0.0,0.0,0.0,0.0,0.0,0.0,0.0,0.0,0.0,0.0,0.0,0.0,0.0,81720.0,0,0,0,49,UTAH
2387,490169,50.83239538851782,169.62772014068676,0.2996703330467342,11.960563620827722,0.0,0.0,11.960563620827722,17.679021299127125,0.0,0.0,0.0,0.0,5.125955837497595,6.834607783330127,0.0,0.0,0.0,0.0,2.5124700147673833,3.2059876635320204,81720.0,0,0,0,49,UTAH
2389,490171,0.0,0.0,0.0,0.0,0.0,0.0,0.0,0.0,0.0,0.0,0.0,0.0,0.0,0.0,0.0,0.0,0.0,0.0,0.0,0.0,81720.0,0,0,0,49,UTAH
2391,490173,0.0,0.0,0.0,0.0,0.0,0.0,0.0,5.060915493650427,0.0,0.0,0.0,0.0,0.0,0.0,0.0,0.0,5.060915493650427,0.0,0.0,0.0,81720.0,0,0,0,49,UTAH
2395,490177,0.0,0.0,0.0,0.0,0.0,0.0,0.0,4.048732394920341,0.0,0.0,0.0,0.0,0.0,0.0,0.0,0.0,4.048732394920341,0.0,0.0,0.0,81720.0,0,0,0,49,UTAH
2397,490179,0.0,0.0,0.0,0.0,0.0,0.0,0.0,0.0,0.0,0.0,0.0,0.0,0.0,0.0,0.0,0.0,0.0,0.0,0.0,0.0,81720.0,0,0,0,49,UTAH
2402,490184,0.0,0.0,0.0,0.0,0.0,0.0,0.0,0.0,0.0,0.0,0.0,0.0,0.0,0.0,0.0,0.0,0.0,0.0,0.0,0.0,81720.0,0,0,0,49,UTAH
2409,490191,0.0,0.0,0.0,0.0,0.0,0.0,0.0,2.0243661974601705,0.0,0.0,0.0,0.0,0.0,0.0,0.0,0.0,2.0243661974601705,0.0,0.0,0.0,81720.0,0,0,0,49,UTAH
2407,490189,0.0,0.0,0.0,0.0,0.0,0.0,0.0,4.048732394920341,0.0,0.0,0.0,0.0,0.0,0.0,0.0,0.0,4.048732394920341,0.0,0.0,0.0,81720.0,0,0,0,49,UTAH
2405,490187,0.0,0.0,0.0,0.0,0.0,0.0,0.0,7.085281691110597,0.0,0.0,0.0,0.0,0.0,0.0,0.0,0.0,7.085281691110597,0.0,0.0,0.0,81720.0,0,0,0,49,UTAH
2319,490103,350.5,1112.0735475267393,0.31517699596354476,0.0,0.0,0.0,0.0,36.79844632538167,0.0,0.0,0.0,0.0,0.0,0.0,0.0,0.0,0.0,0.0,14.282132200330013,22.516314125051657,62109.0,0,0,0,49,UTAH
2320,490104,0.0,0.0,0.0,0.0,0.0,0.0,0.0,0.0,0.0,0.0,0.0,0.0,0.0,0.0,0.0,0.0,0.0,0.0,0.0,0.0,62109.0,0,0,0,49,UTAH
2347,490131,303.5,804.0817965343999,0.3774491616500807,0.0,0.0,0.0,0.0,168.51724166650314,0.0,0.0,0.0,0.0,0.0,0.0,0.0,0.0,1.0121830987300855,0.0,147.73873215548517,19.76632641228789,74211.0,0,0,0,49,UTAH
2357,490141,0.0,0.0,0.0,2805.25,331.5,110.25,2363.5,3100.1581151959663,188.0,143.5,4.0,106.25,910.75,62.5,357.25,1033.0,7.085281691110597,0.0,287.82283350485534,0.0,81720.0,0,0,0,49,UTAH
2356,490140,0.0,0.0,0.0,0.0,0.0,0.0,0.0,8.097464789840682,0.0,0.0,0.0,0.0,0.0,0.0,0.0,0.0,8.097464789840682,0.0,0.0,0.0,81720.0,0,0,0,49,UTAH
2366,490150,0.0,0.0,0.0,0.0,0.0,0.0,0.0,2.0243661974601705,0.0,0.0,0.0,0.0,0.0,0.0,0.0,0.0,2.0243661974601705,0.0,0.0,0.0,81720.0,0,0,0,49,UTAH
2367,490151,113.89050806355118,302.72942448724217,0.37621221741645017,0.0,0.0,0.0,0.0,13.621556689623473,0.0,0.0,0.0,0.0,0.0,0.0,0.0,0.0,1.4751471443835353,0.0,4.708374910851702,7.438034634388236,81720.0,0,0,0,49,UTAH
2375,490157,0.0,0.0,0.0,0.0,0.0,0.0,0.0,0.0,0.0,0.0,0.0,0.0,0.0,0.0,0.0,0.0,0.0,0.0,0.0,0.0,81720.0,0,0,0,49,UTAH
2374,490156,0.0,0.0,0.0,0.0,0.0,0.0,0.0,2.0243661974601705,0.0,0.0,0.0,0.0,0.0,0.0,0.0,0.0,2.0243661974601705,0.0,0.0,0.0,81720.0,0,0,0,49,UTAH
2417,490199,450.5,1268.4911297711012,0.35514635414225765,87.5,1.25,11.75,74.5,205.97896726465976,1.0,0.25,11.75,0.0,64.5,8.25,0.5,1.25,0.0,0.0,89.70821264509897,28.77075461956079,102760.0,0,0,0,49,UTAH
2416,490198,73.0,191.8727973830002,0.3804603935298008,0.0,0.0,0.0,0.0,7.783890275163477,0.0,0.0,0.0,0.0,0.0,0.0,0.0,0.0,0.0,0.0,3.279864373063192,4.504025902100286,81720.0,0,0,0,49,UTAH
2403,490185,0.0,0.0,0.0,0.0,0.0,0.0,0.0,2.0243661974601705,0.0,0.0,0.0,0.0,0.0,0.0,0.0,0.0,2.0243661974601705,0.0,0.0,0.0,81720.0,0,0,0,49,UTAH
2476,490258,372.538559617731,1035.3841134619045,0.35980710421769285,816.4859570645388,170.26965812546385,4.884095040196292,641.3322038988787,969.635239519344,126.818053974752,43.45160415071184,0.16841707035159628,4.715677969844696,45.135774854227805,37.05175547735118,120.41820530139134,438.7264682659083,0.6818756485900861,0.0,128.53518110242592,23.932225703789427,70166.0,0,0,0,49,UTAH
2475,490257,373.46148123397677,1100.5067991602075,0.33935408806103134,679.2641324693952,153.73036054590796,2.615905495382028,522.9178664281053,798.6298909748531,104.68195993181814,49.04840061408982,0.33158294811663513,2.284322547265393,21.864230095254474,32.19824858565745,93.8318079033861,375.0235798438072,0.33030752491286963,0.0,94.934258863321,24.101192117224016,70166.0,0,0,0,49,UTAH
2470,490252,1191.25,3671.567039928781,0.3244527437589992,0.0,0.0,0.0,0.0,128.00512877883173,0.0,0.0,0.0,0.0,0.0,0.0,0.0,0.0,2.277291367528198,0.0,48.92204785750835,76.80578955379518,70166.0,0,0,0,49,UTAH
2474,490256,1008.25,3054.9776491635994,0.33003514781066945,262.25,69.75,0.25,192.25,381.5152253531037,61.0,8.75,0.25,0.0,0.0,12.25,30.25,149.75,1.0121830987300855,0.0,53.45423697630696,64.79880527806665,70166.0,0,0,0,49,UTAH
2483,490265,144.5,517.0242243134296,0.27948400327254574,410.0,0.0,0.25,409.75,442.2336984436715,0.0,0.0,0.25,0.0,0.0,409.75,0.0,0.0,0.0,0.0,22.97702161177005,9.256676831901473,70166.0,1494,1528,87,49,UTAH
2482,490264,203.75,693.2211170927249,0.2939177629996325,55.0,7.75,3.5,43.75,84.77489741926695,6.75,1.0,1.75,1.75,6.25,6.5,1.25,29.75,0.0,0.0,16.515281458952582,13.259615960314363,96149.0,0,0,0,49,UTAH
2480,490262,702.25,2454.144748334176,0.2861485657994188,582.75,347.25,31.5,204.0,680.1222840786551,215.25,132.0,4.5,27.0,12.75,16.5,48.5,126.25,0.0,0.0,52.08953878792408,45.282745290731,96415.0,0,0,0,49,UTAH
2479,490261,507.0,1656.9066681253748,0.30599188822966117,3.0,0.25,0.5,2.25,56.692105397742026,0.25,0.0,0.5,0.0,1.75,0.0,0.0,0.5,0.0,0.0,20.668209310481625,33.023896087260404,96415.0,0,0,0,49,UTAH
2579,490361,678.8216332347328,1823.3221183343771,0.3722993465657308,299.08576971382905,63.13921736012919,8.205096392283032,227.74145596141685,405.4440731579736,52.23244288746028,10.906774472668909,0.3001864533762085,7.904909938906823,11.507147379421326,16.710379237942274,88.1547551414799,111.36917420257335,0.0,0.0,62.59923209648677,43.75907134765779,83312.0,0,0,0,49,UTAH
2581,490363,378.8183134903283,1038.4671171980333,0.36478604591009745,23.424270714495034,2.3508228674045197,10.494744943770177,10.578702903320337,64.2559219952515,2.2668649078543583,0.08395795955016142,0.5877057168511299,9.907039226919046,3.3583183820064564,0.6716636764012913,3.022486543805811,3.5262343011067796,0.0,0.0,16.46623366232181,24.365417618434666,83312.0,0,0,0,49,UTAH
2568,490350,433.8361574597204,1205.4906150218744,0.3598834798492796,56.16355722091255,6.271446362162828,14.402192741983777,35.489918116765956,103.7286912879303,5.271931343695544,0.9995150184672834,14.243089013158789,0.15910372882498847,23.221381643799422,6.746726374654163,1.749151282317746,3.772658815994619,0.0,0.0,19.773959467750156,27.79117459926758,83312.0,0,0,0,49,UTAH
2565,490347,431.0,1387.647628464522,0.3105975833914808,2.25,1.25,0.25,0.75,65.40147214764455,1.0,0.25,0.25,0.0,0.0,0.0,0.5,0.25,1.0121830987300855,0.0,34.1197596200836,28.01952942883087,83312.0,0,0,0,49,UTAH
2738,490520,224.25,686.5884518536102,0.32661487299208625,1058.0,181.0,42.25,834.75,1124.4769457398056,116.25,64.75,32.75,9.5,48.25,151.25,107.25,528.0,0.0,0.0,51.96646726038187,14.510478479423757,72724.0,1171,0,0,49,UTAH
2739,490521,291.5,955.7665601591668,0.3049907918429952,145.75,0.5,0.25,145.0,182.48625207211688,0.25,0.25,0.0,0.25,11.0,103.5,1.0,29.5,0.0,0.0,17.72249371884576,19.013758353271143,71179.0,618,1414,0,49,UTAH
3112,490893,177.25,465.18411214613593,0.38103192987880363,231.75,2.25,2.0,227.5,259.81209632193577,2.25,0.0,0.0,2.0,2.0,156.25,7.0,62.25,0.0,0.0,16.553811525127493,11.508284796808312,90129.0,676,0,0,49,UTAH
3113,490894,312.75,1004.9476242154748,0.311210248637736,193.5,1.25,4.25,188.0,234.0430339883416,1.25,0.0,1.25,3.0,6.75,78.25,1.0,102.0,0.0,0.0,20.52855151121409,20.01448247712752,108751.0,0,1275,0,49,UTAH
3124,490905,82.75,261.976531045594,0.3158679888985869,0.0,0.0,0.0,0.0,8.356822139407445,0.0,0.0,0.0,0.0,0.0,0.0,0.0,0.0,0.0,0.0,3.3532015201255656,5.00362061928188,113111.0,0,0,0,49,UTAH
3128,490909,193.48083632506962,589.8259263887828,0.32803040298628217,0.0,0.0,0.0,0.0,20.369946910114063,0.0,0.0,0.0,0.0,0.0,0.0,0.0,0.0,0.0,0.0,8.058094929503874,12.31185198061019,113111.0,0,0,0,49,UTAH
3134,490915,0.0,0.0,0.0,0.0,0.0,0.0,0.0,3.0365492961902563,0.0,0.0,0.0,0.0,0.0,0.0,0.0,0.0,3.0365492961902563,0.0,0.0,0.0,51304.0,0,0,0,49,UTAH
3136,490917,0.0,0.0,0.0,870.5,154.0,95.25,621.25,905.7822313764495,132.75,21.25,17.25,78.0,47.0,186.75,42.0,345.5,0.0,0.0,35.28223137644955,0.0,51304.0,0,0,0,49,UTAH
3131,490912,8.0,18.44821367858601,0.4336463215019077,0.0,0.0,0.0,0.0,3.349378409258455,0.0,0.0,0.0,0.0,0.0,0.0,0.0,0.0,2.0243661974601705,0.0,0.3242880879419086,1.0007241238563758,51304.0,0,0,0,49,UTAH
3132,490913,0.0,0.0,0.0,0.0,0.0,0.0,0.0,1.0957932165536426,0.0,0.0,0.0,0.0,0.0,0.0,0.0,0.0,1.0957932165536426,0.0,0.0,0.0,51304.0,0,0,0,49,UTAH
3143,490924,13.0,30.68159237914556,0.42370682197173604,0.0,0.0,0.0,0.0,2.5398753654920627,0.0,0.0,0.0,0.0,0.0,0.0,0.0,0.0,1.0121830987300855,0.0,0.5269681429056016,1.0007241238563758,51304.0,0,0,0,49,UTAH
3144,490925,12.0,30.48530112365217,0.39363232632429995,0.0,0.0,0.0,0.0,1.4871562557692388,0.0,0.0,0.0,0.0,0.0,0.0,0.0,0.0,0.0,0.0,0.4864321319128629,1.0007241238563758,51304.0,0,0,0,49,UTAH
3145,490926,0.0,0.0,0.0,0.0,0.0,0.0,0.0,0.8717545290017995,0.0,0.0,0.0,0.0,0.0,0.0,0.0,0.0,0.8717545290017995,0.0,0.0,0.0,51304.0,0,0,0,49,UTAH
3151,490932,17.256264674094886,39.64507553626001,0.4352688055370719,0.0,0.0,0.0,0.0,1.6859087252867644,0.0,0.0,0.0,0.0,0.0,0.0,0.0,0.0,0.0,0.0,0.6991224197429168,0.9867863055438476,51304.0,0,0,0,49,UTAH
3366,491147,20.0,53.75576726927788,0.3720531026896952,0.0,0.0,0.0,0.0,2.823627442441233,0.0,0.0,0.0,0.0,0.0,0.0,0.0,0.0,1.0121830987300855,0.0,0.8107202198547716,1.0007241238563758,75589.0,0,0,0,49,UTAH
3371,491152,7.0,19.85933991210586,0.35247898625940427,0.0,0.0,0.0,0.0,0.28375207694917,0.0,0.0,0.0,0.0,0.0,0.0,0.0,0.0,0.0,0.0,0.28375207694917,0.0,75589.0,0,0,0,49,UTAH
3364,491145,33.0,90.86702960447636,0.3631680285318178,143.0,0.75,4.25,138.0,154.16015237989492,0.0,0.75,2.25,2.0,114.0,21.75,2.0,0.25,2.0243661974601705,0.0,7.134337934721991,2.0014482477127515,75589.0,0,0,0,49,UTAH
3387,491168,70.2499999935659,192.61534869520497,0.36471652165544544,0.0,0.0,0.0,0.0,9.874871248348994,0.0,0.0,0.0,0.0,0.0,0.0,0.0,0.0,2.0243661972747615,0.0,2.8468844322506266,5.0036206188236045,75571.0,0,0,0,49,UTAH
3260,491041,134.25,403.8828601156821,0.33239835917163574,0.0,0.0,0.0,0.0,14.735622519548102,0.0,0.0,0.0,0.0,0.0,0.0,0.0,0.0,1.0121830987300855,0.0,5.217646737536867,8.505792683281149,105921.0,0,0,0,49,UTAH
3261,491042,188.9999996512085,553.679381885746,0.3413527861693239,1164.7499978505032,291.7499994615877,62.24999988512026,810.7499985037952,1231.8527762017545,182.99999966228125,108.74999979930648,61.499999886504355,0.7499999986159067,58.24999989250209,211.4999996096857,59.99999988927254,480.9999991123349,0.0,0.0,54.843929170403925,12.258849180847411,105921.0,0,1194,0,49,UTAH
3273,491054,1141.5,3535.287989544461,0.32288741493648093,0.0,0.0,0.0,0.0,119.83719066960566,0.0,0.0,0.0,0.0,0.0,0.0,0.0,0.0,1.0121830987300855,0.0,45.52277572398568,73.3022318468899,30043.0,0,0,0,49,UTAH
3506,491287,33.00000000163008,118.1932780588352,0.27920369536754086,0.0,0.0,0.0,0.0,3.3391366106380658,0.0,0.0,0.0,0.0,0.0,0.0,0.0,0.0,0.0,0.0,1.33768836282645,2.0014482478116156,67754.0,0,0,0,49,UTAH
2222,490006,5.999999999847086,20.065269414101106,0.2990241434600681,105.99999999729853,1.9999999999490288,1.9999999999490288,101.99999999740047,115.600948721891,0.0,1.9999999999490288,1.9999999999490288,0.0,88.74999999773816,12.249999999687802,0.9999999999745144,0.0,5.060915493521446,0.0,4.540033231071016,0.0,81720.0,0,0,0,49,UTAH
2266,490050,0.0,0.0,0.0,10.0,0.0,0.25,9.75,10.405360109927386,0.0,0.0,0.0,0.25,7.25,2.5,0.0,0.0,0.0,0.0,0.4053601099273858,0.0,66402.0,0,0,0,49,UTAH
2381,490163,0.0,0.0,0.0,1848.4791971296509,250.2164660417509,125.19395494508325,1473.068776142817,1924.7691312744612,91.6227553501314,158.59371069161946,0.031347648432613846,125.16260729665063,532.0751877152582,99.3486261683551,228.34422547170533,613.3007367874983,0.014102026634855287,0.0,76.27583211817544,0.0,81720.0,0,0,0,49,UTAH
3049,490830,23.0,82.87641481721458,0.27752165740671714,210.75,61.5,24.75,124.5,221.07988075313315,56.75,4.75,14.75,10.0,0.0,13.0,32.25,79.25,0.0,0.0,9.32915662927679,1.0007241238563758,75945.0,0,0,0,49,UTAH
3055,490836,279.25,1030.9219368780718,0.270874049732271,68.0,0.0,0.0,68.0,107.84150754960126,0.0,0.0,0.0,0.0,0.0,68.0,0.0,0.0,0.0,0.0,21.82847332018651,18.013034229414764,75945.0,0,241,210,49,UTAH
3139,490920,90.0,279.5472587113662,0.32194914167598904,0.0,0.0,0.0,0.0,13.86733782098485,0.0,0.0,0.0,0.0,0.0,0.0,0.0,0.0,4.048732394920341,0.0,4.063461217825254,5.755144208239254,51304.0,0,0,0,49,UTAH
2555,490337,376.0,1102.3684433994777,0.34108378396654143,1292.75,247.25,39.25,1006.25,1384.6210286619096,112.0,135.25,32.25,7.0,291.0,92.75,202.0,420.5,0.0,0.0,67.60357522724267,24.26745343466709,72767.0,0,0,0,49,UTAH
2552,490334,40.25,104.7671342486511,0.38418536775542494,1843.75,360.25,350.5,1133.0,1922.6826616502767,127.25,233.0,54.0,296.5,157.25,145.75,293.5,536.5,0.0,0.0,76.43080870220142,2.501852948075705,75570.0,0,0,0,49,UTAH
2573,490355,1136.5,3701.5966472616833,0.30702967078834603,970.5,294.5,4.25,671.75,1127.8418158165175,228.25,66.25,4.25,0.0,9.0,39.0,104.25,519.5,1.0121830987300855,0.0,83.27728320675203,73.0523495110353,93988.0,0,0,0,49,UTAH
2572,490354,977.5,2934.405635537982,0.3331168629727598,13.0,3.0,2.5,7.5,258.0719159580737,2.5,0.5,2.5,0.0,0.0,0.5,1.25,5.75,2.0243661974601705,0.0,180.25264412158705,62.79490563902646,93988.0,0,0,0,49,UTAH
3146,490927,0.5741245798669975,1.0355535251422907,0.5544132349779889,41.33696975042382,3.3012163342352356,5.884776943636725,32.15097647255186,43.61663559038229,3.3012163342352356,0.0,4.59299663893598,1.2917803047007443,9.760117857738958,3.157685189268486,1.148249159733995,18.08492426581042,0.581119196306886,0.0,1.6985466436515757,0.0,51304.0,0,0,0,49,UTAH
3365,491146,7.0,19.85933991210586,0.35247898625940427,30.0,5.0,5.0,20.0,36.56074790038176,5.0,0.0,0.0,5.0,2.0,4.0,1.0,13.0,5.060915493650427,0.0,1.4998324067313276,0.0,75589.0,0,0,0,49,UTAH
2296,490080,0.0,0.0,0.0,1227.5,82.75,183.0,961.75,1277.5031896524688,16.5,66.25,0.0,183.0,749.5,49.5,95.0,67.75,2.0243661974601705,0.0,47.97882345500854,0.0,66402.0,0,0,0,49,UTAH
2297,490081,6.247682409223782,14.362313989580018,0.43500527935516026,0.0,0.0,0.0,0.0,0.49628099956728366,0.0,0.0,0.0,0.0,0.0,0.0,0.0,0.0,0.0,0.0,0.2558320050119141,0.24044899455536947,66402.0,0,0,0,49,UTAH
2268,490052,0.0,0.0,0.0,0.0,0.0,0.0,0.0,3.0365492961902563,0.0,0.0,0.0,0.0,0.0,0.0,0.0,0.0,3.0365492961902563,0.0,0.0,0.0,66402.0,0,0,0,49,UTAH
2325,490109,0.0,0.0,0.0,0.0,0.0,0.0,0.0,2.0243661974601705,0.0,0.0,0.0,0.0,0.0,0.0,0.0,0.0,2.0243661974601705,0.0,0.0,0.0,81720.0,0,0,0,49,UTAH
2342,490126,0.0,0.0,0.0,0.0,0.0,0.0,0.0,0.0,0.0,0.0,0.0,0.0,0.0,0.0,0.0,0.0,0.0,0.0,0.0,0.0,81720.0,0,0,0,49,UTAH
2349,490133,8.0,28.2934776683704,0.28275067822232725,0.0,0.0,0.0,0.0,1.3250122117982843,0.0,0.0,0.0,0.0,0.0,0.0,0.0,0.0,0.0,0.0,0.3242880879419086,1.0007241238563758,62109.0,0,0,0,49,UTAH
2351,490135,148.10329961071125,400.8594462393845,0.3694644120280184,0.0,0.0,0.0,0.0,16.83302363097581,0.0,0.0,0.0,0.0,0.0,0.0,0.0,0.0,1.2021364245755743,0.0,5.949145445746704,9.681741760653532,81720.0,0,0,0,49,UTAH
2463,490245,730.0,2247.564535918805,0.32479601289916943,0.0,0.0,0.0,0.0,76.46816828318316,0.0,0.0,0.0,0.0,0.0,0.0,0.0,0.0,1.0121830987300855,0.0,28.42465834545486,47.03132683899822,70166.0,0,0,0,49,UTAH
2484,490266,6.0,18.659376284710603,0.32155415639033813,177.75,0.0,0.0,177.75,185.1989217112336,0.0,0.0,0.0,0.0,0.0,177.75,0.0,0.0,0.0,0.0,7.448921711233636,0.0,70166.0,0,0,2401,49,UTAH
2560,490342,573.5,1625.0070850474026,0.3529215381748755,21.75,5.5,0.75,15.5,84.45929940901232,4.25,1.25,0.75,0.0,2.5,1.75,3.25,8.0,1.0121830987300855,0.0,24.9181388810634,36.77897742921883,96089.0,0,0,0,49,UTAH
2785,490567,293.75,1185.8544190228858,0.2477116881193921,0.0,0.0,0.0,0.0,30.92234096841605,0.0,0.0,0.0,0.0,0.0,0.0,0.0,0.0,0.0,0.0,11.908582615144912,19.013758353271143,123157.0,0,0,0,49,UTAH
2781,490563,313.25,997.4001013786572,0.314066541167391,0.0,0.0,0.0,0.0,32.95168810679491,0.0,0.0,0.0,0.0,0.0,0.0,0.0,0.0,0.0,0.0,12.687024601426987,20.264663505367924,123157.0,0,0,0,49,UTAH
2871,490653,578.75,1760.4045200281416,0.3287596648472296,0.0,0.0,0.0,0.0,60.48085046704368,0.0,0.0,0.0,0.0,0.0,0.0,0.0,0.0,0.0,0.0,23.45405788435777,37.02679258268592,51612.0,0,0,0,49,UTAH
2872,490654,434.75,1326.2707146881594,0.3277988386422458,0.0,0.0,0.0,0.0,46.14257687139248,0.0,0.0,0.0,0.0,0.0,0.0,0.0,0.0,0.0,0.0,18.12230140341396,28.02027546797852,93981.0,0,0,0,49,UTAH
3137,490918,0.0,0.0,0.0,714.75,258.75,194.25,261.75,744.7262422479428,221.0,37.75,124.25,70.0,44.75,46.5,25.25,145.25,1.0121830987300855,0.0,28.964059149212627,0.0,51304.0,0,0,0,49,UTAH
3379,491160,1.0,1.8037087445066164,0.5544132349779889,0.0,0.0,0.0,0.0,2.064902208452909,0.0,0.0,0.0,0.0,0.0,0.0,0.0,0.0,2.0243661974601705,0.0,0.0405360109927385,0.0,75589.0,0,0,0,49,UTAH
2736,490518,322.25,723.9075061650229,0.4451535551926429,1291.25,140.0,153.75,997.5,1377.6421500217264,124.75,15.25,36.25,117.5,105.75,161.0,291.25,439.5,0.0,0.0,65.37694342074246,21.01520660098389,70574.0,0,0,0,49,UTAH
2792,490574,80.5,213.16656328129116,0.3776389634511933,488.25,149.0,19.5,319.75,516.5022614101605,135.0,14.0,19.5,0.0,0.0,52.0,102.75,165.0,0.0,0.0,22.99845975174349,5.253801658417038,76529.0,0,0,0,49,UTAH
2796,490578,68.4892411814568,169.75221122872708,0.40346597364303677,202.84612579579792,41.12631468073124,4.751645919287673,156.968165195779,223.34015236342262,32.769971857156364,8.356342823574874,4.587796060001891,0.16384985928578183,0.0,26.05212762643931,60.78829779502506,70.12773977431462,0.0,0.0,16.230929210140673,4.263097357484011,76529.0,0,0,0,49,UTAH
2797,490579,192.1814424634118,500.0643520638809,0.3843134222030318,186.44918593781554,31.07486432296926,3.167825974671623,152.20649564017467,213.9247702822866,25.644305509246475,5.430558813722783,3.167825974671623,0.0,0.0,15.084885593674397,68.03283402747152,69.08877601902874,0.0,0.0,14.946178677352991,12.529405667118096,76529.0,0,0,0,49,UTAH
2793,490575,8281.750021975313,21645.36702662424,0.38261074583713883,14514.000038512355,2684.0000071218933,0.0,11830.000031390462,18241.193464254407,1663.2500044133717,1020.750002708522,0.0,0.0,0.0,686.7500018222654,4229.750011223483,6913.500018344714,0.0,0.0,3194.078385494104,533.1150402479487,76529.0,0,0,0,49,UTAH
2794,490576,1264.75,3260.562768870502,0.3878931612894925,0.0,0.0,0.0,0.0,133.82721766529397,0.0,0.0,0.0,0.0,0.0,0.0,0.0,0.0,0.0,0.0,52.26406662335497,81.563151041939,76529.0,0,0,0,49,UTAH
2795,490577,0.0,0.0,0.0,2594.0,503.0,199.5,1891.5,2699.1566726843093,426.25,76.75,146.5,53.0,145.75,180.75,198.75,1366.25,0.0,0.0,105.15667268430948,0.0,76529.0,0,0,0,49,UTAH
2798,490580,1938.5,5318.070339927541,0.364511914302061,1009.0,158.5,230.25,620.25,1824.7468372194212,136.75,21.75,229.0,1.25,0.0,232.5,137.0,250.75,0.0,0.0,690.8964638682711,124.85037335115044,76529.0,0,0,0,49,UTAH
3058,490839,307.75,665.8026120634443,0.46222408026641165,283.5,36.0,103.0,144.5,327.48336934735914,23.25,12.75,9.5,93.5,18.75,28.25,12.0,85.5,0.0,0.0,23.968886870231643,20.01448247712752,39576.0,0,0,0,49,UTAH
3057,490838,247.25,504.0352777236976,0.4905410611666306,157.5,67.25,32.0,58.25,189.9166169418993,15.75,51.5,1.5,30.5,5.25,5.0,18.0,30.0,0.0,0.0,16.405030960197315,16.011585981702012,47045.0,0,0,0,49,UTAH
3064,490845,266.75,575.7757606868581,0.4632879989282405,665.75,299.5,76.75,289.5,720.5681589094082,141.5,158.0,2.5,74.25,38.25,102.75,24.5,124.0,0.0,0.0,37.80584880384976,17.012310105558388,44047.0,0,0,0,49,UTAH
3065,490846,266.0,567.9916257530319,0.4683167637328148,1044.75,123.25,212.0,709.5,1114.8876537723725,109.25,14.0,20.25,191.75,124.75,139.0,136.5,309.25,0.0,0.0,53.12534366681423,17.012310105558388,56909.0,0,0,0,49,UTAH
3059,490840,335.75,832.0384828695666,0.4035270085610132,48.0,0.0,0.25,47.75,85.07251390988475,0.0,0.0,0.25,0.0,0.0,47.75,0.0,0.0,0.0,0.0,15.55692393047898,21.51558997940577,54309.0,489,0,0,49,UTAH
3066,490847,185.75,394.11392877397896,0.4713104167057391,542.0,134.75,35.75,371.5,583.5093877436515,131.75,3.0,3.5,32.25,13.0,209.75,43.25,105.5,0.0,0.0,29.500698257374964,12.00868948627651,56488.0,0,8,78,49,UTAH
3060,490841,330.0000069210722,984.4178930815021,0.335223495265898,0.0,0.0,0.0,0.0,34.39209094989108,0.0,0.0,0.0,0.0,0.0,0.0,0.0,0.0,0.0,0.0,13.37688390815639,21.015207041734687,70276.0,0,0,0,49,UTAH
3067,490848,357.0,1048.5936069526756,0.34045601425845035,55.75,0.0,5.5,50.25,96.50191469012984,0.0,0.0,2.0,3.5,22.75,20.25,0.5,6.75,0.0,0.0,17.735259841433194,23.016654848696646,53962.0,0,0,0,49,UTAH
3068,490849,284.7500008684037,870.8512235982782,0.32697892952580637,85.00000025922498,0.0,0.0,85.00000025922498,118.2474267800442,0.0,0.0,0.0,0.0,0.0,85.00000025922498,0.0,0.0,0.0,0.0,14.984211207466622,18.2632153133526,101582.0,0,1225,0,49,UTAH
3381,491162,0.0,0.0,0.0,0.0,0.0,0.0,0.0,2.0243661974601705,0.0,0.0,0.0,0.0,0.0,0.0,0.0,0.0,2.0243661974601705,0.0,0.0,0.0,75589.0,0,0,0,49,UTAH
3408,491189,156.25,487.37857674909367,0.32059267159877386,80.75,0.0,1.0,79.75,105.55177612933318,0.0,0.0,0.0,1.0,64.75,12.5,2.25,0.25,1.0121830987300855,0.0,13.781946784106523,10.00764624649657,56564.0,0,0,0,49,UTAH
3403,491184,15.0,41.522388568718334,0.3612508942055547,0.0,0.0,0.0,0.0,1.6087642887474545,0.0,0.0,0.0,0.0,0.0,0.0,0.0,0.0,0.0,0.0,0.6080401648910787,1.0007241238563758,75589.0,0,0,0,49,UTAH
3405,491186,49.25,131.21314663710143,0.37534348700752995,553.75,81.25,29.0,443.5,581.4321390453985,75.25,6.0,20.5,8.5,28.5,86.25,27.0,301.75,0.0,0.0,24.42976433454261,3.2523747108558503,75589.0,0,0,0,49,UTAH
3404,491185,227.0,673.6656234483895,0.3369624218585213,0.0,0.0,0.0,0.0,24.77205804723721,0.0,0.0,0.0,0.0,0.0,0.0,0.0,0.0,1.0121830987300855,0.0,9.249055383394756,14.510819565112367,75589.0,0,0,0,49,UTAH
3395,491176,11.0,31.092718612665408,0.3537805792099255,0.0,0.0,0.0,0.0,2.458803343506585,0.0,0.0,0.0,0.0,0.0,0.0,0.0,0.0,1.0121830987300855,0.0,0.4458961209201244,1.0007241238563758,75589.0,0,0,0,49,UTAH
2245,490029,0.0,0.0,0.0,0.0,0.0,0.0,0.0,0.0,0.0,0.0,0.0,0.0,0.0,0.0,0.0,0.0,0.0,0.0,0.0,0.0,66402.0,0,0,0,49,UTAH
2267,490051,214.0,560.702681962357,0.38166394933414455,48.75,2.25,2.25,44.25,76.0384983512262,0.5,1.75,1.5,0.75,34.0,5.5,4.5,0.25,3.0365492961902563,0.0,10.493164609361076,13.75878444567486,66402.0,0,0,0,49,UTAH
2241,490025,0.5514156239870148,1.880948300554823,0.29315830946781674,3.0327859319285815,0.0,0.0,3.0327859319285815,3.7362087405747273,0.0,0.0,0.0,0.0,2.6881511669366973,0.3446347649918843,0.0,0.0,0.5581335749753602,0.0,0.14528923367078533,0.0,81720.0,0,0,0,49,UTAH
2223,490007,9.0,31.30174556112619,0.2875239012605466,221.0,2.0,2.0,217.0,235.3727390471066,0.0,2.0,2.0,0.0,181.5,33.25,2.25,0.0,4.048732394920341,0.0,9.323282528329877,1.0007241238563758,81720.0,0,0,0,49,UTAH
2229,490013,29.0,100.52880309556072,0.2884745377146604,42.0,1.0,0.25,40.75,46.8795050281972,0.0,1.0,0.25,0.0,26.75,14.0,0.0,0.0,0.0,0.0,2.8780567804844392,2.0014482477127515,81720.0,0,0,0,49,UTAH
2230,490014,4.0,15.250190934999406,0.2622917979879152,0.0,0.0,0.0,0.0,0.1621440439709543,0.0,0.0,0.0,0.0,0.0,0.0,0.0,0.0,0.0,0.0,0.1621440439709543,0.0,81720.0,0,0,0,49,UTAH
2224,490008,0.0,0.0,0.0,0.0,0.0,0.0,0.0,0.0,0.0,0.0,0.0,0.0,0.0,0.0,0.0,0.0,0.0,0.0,0.0,0.0,66402.0,0,0,0,49,UTAH
2221,490005,0.9999999936892996,2.6082583436074502,0.3833976017522144,0.0,0.0,0.0,0.0,42.55222588912197,0.0,0.0,0.0,0.0,0.0,0.0,0.0,0.0,42.51168987838504,0.0,0.04053601073692788,0.0,81720.0,0,0,0,49,UTAH
2308,490092,457.75,1181.4400029211893,0.38745090640928237,0.0,0.0,0.0,0.0,46.66371361791544,0.0,0.0,0.0,0.0,0.0,0.0,0.0,0.0,0.0,0.0,17.14486698901301,29.51884662890243,66402.0,0,0,0,49,UTAH
2306,490090,363.8749476452007,959.1885204614832,0.3793570709855178,0.0,0.0,0.0,0.0,38.13727580263269,0.0,0.0,0.0,0.0,0.0,0.0,0.0,0.0,0.06892368398582134,0.0,15.013886946054651,23.054465172592217,66402.0,0,0,0,49,UTAH
2310,490094,151.75,455.2778463826408,0.33331294550286744,12.0,10.5,0.25,1.25,28.65598607314182,0.0,10.5,0.0,0.25,1.25,0.0,0.0,0.0,0.0,0.0,6.649085854898151,10.006900218243668,66402.0,0,0,0,49,UTAH
2275,490059,0.0,0.0,0.0,0.0,0.0,0.0,0.0,6.0730985923805125,0.0,0.0,0.0,0.0,0.0,0.0,0.0,0.0,6.0730985923805125,0.0,0.0,0.0,81720.0,0,0,0,49,UTAH
2292,490076,0.0,0.0,0.0,988.5,18.0,140.25,830.25,1028.5604728759597,12.0,6.0,0.0,140.25,719.25,13.25,76.75,21.0,3.0365492961902563,0.0,37.023923579769225,0.0,81720.0,0,0,0,49,UTAH
2271,490055,319.74999992930725,986.5386224614795,0.32411300748825195,0.0,0.0,0.0,0.0,34.94766998052892,0.0,0.0,0.0,0.0,0.0,0.0,0.0,0.0,1.0121830985063043,0.0,13.169566151872107,20.76592073015051,81720.0,0,0,0,49,UTAH
2281,490065,0.0,0.0,0.0,45.99999978187334,0.7499999964435871,1.2499999940726452,43.99999979135711,47.86465627869733,0.0,0.7499999964435871,1.2499999940726452,0.0,27.999999867227253,15.999999924129858,0.0,0.0,0.0,0.0,1.8646564968239903,0.0,81720.0,0,0,0,49,UTAH
2386,490168,86.74999922068187,249.30049813239955,0.3479736296981257,49.24999955756291,0.24999999775412643,1.9999999820330114,46.99999957777577,60.80415015667063,0.0,0.24999999775412643,1.9999999820330114,0.0,12.249999889952194,32.24999971028231,1.4999999865247586,0.9999999910165057,0.0,0.0,5.549805909909466,6.004344689198258,81720.0,96,0,0,49,UTAH
2328,490112,1.2239731257387847,4.174415179554316,0.29320828741080396,0.002258982540773271,0.0,0.0,0.002258982540773271,0.05256483826682421,0.0,0.0,0.0,0.0,0.000968135374617116,0.0012908471661561547,0.0,0.0,0.0,0.0,0.049700343278021995,0.0006055124480289441,81720.0,0,0,0,49,UTAH
2398,490180,0.0,0.0,0.0,0.0,0.0,0.0,0.0,1.0121830987300855,0.0,0.0,0.0,0.0,0.0,0.0,0.0,0.0,1.0121830987300855,0.0,0.0,0.0,81720.0,0,0,0,49,UTAH
2316,490100,448.25,1523.6197015362031,0.29420071133764414,0.0,0.0,0.0,0.0,47.44221914241311,0.0,0.0,0.0,0.0,0.0,0.0,0.0,0.0,0.0,0.0,18.17105983338412,29.271159309028988,62109.0,0,0,0,49,UTAH
2315,490099,265.0,904.351766546089,0.29302756936284996,222.25,2.0,2.25,218.0,259.015207198117,0.0,2.0,1.25,1.0,78.5,137.5,2.0,0.0,0.0,0.0,19.75289709255863,17.012310105558388,62109.0,0,0,0,49,UTAH
2314,490098,327.0,1138.9494814646357,0.28710667621490404,462.0,108.0,7.25,346.75,515.0269073708206,19.75,88.25,5.25,2.0,306.75,21.25,8.0,10.75,0.0,0.0,32.011700769836665,21.01520660098389,74211.0,0,0,0,49,UTAH
2311,490095,175.02169296528263,592.0172604752638,0.2956361320019242,53.936091641704444,20.72010232243917,0.0,33.21598931926527,74.64517764254846,20.72010232243917,0.0,0.0,0.0,8.477332665285687,24.73865665397958,0.0,0.0,0.0,0.0,9.29444992458239,11.414636076261639,66402.0,3,0,0,49,UTAH
2317,490101,311.0,1002.8194136518204,0.3101256275718446,39.0,0.0,0.0,39.0,72.95373949699982,0.0,0.0,0.0,0.0,0.0,39.0,0.0,0.0,0.0,0.0,14.1895019921464,19.76423750485341,74211.0,753,0,0,49,UTAH
2313,490097,439.5,1305.9360705436227,0.3365402104385164,0.0,0.0,0.0,0.0,45.79405301797552,0.0,0.0,0.0,0.0,0.0,0.0,0.0,0.0,0.0,0.0,17.524086861032693,28.269966156942814,74211.0,0,0,0,49,UTAH
2355,490139,2.5,6.723695103957898,0.3718193584549033,0.0,0.0,0.0,0.0,0.1016198766191579,0.0,0.0,0.0,0.0,0.0,0.0,0.0,0.0,0.0,0.0,0.1016198766191579,0.0,62109.0,0,0,0,49,UTAH
2354,490138,229.25,580.306267525426,0.39505001553331565,78.0,10.5,24.5,43.0,105.18071153583448,10.5,0.0,16.5,8.0,28.75,5.0,2.75,6.5,0.0,0.0,12.419391374839735,14.761320160994748,74211.0,0,0,0,49,UTAH
2353,490137,4017.0,10195.391139153528,0.3940015586624675,0.0,0.0,0.0,0.0,415.9323111516711,0.0,0.0,0.0,0.0,0.0,0.0,0.0,0.0,1.0121830987300855,0.0,156.24460165695987,258.6755263959812,74211.0,0,0,0,49,UTAH
2360,490144,186.19339077007112,492.2805575764727,0.3782261718535312,0.0,0.0,0.0,0.0,19.25443964373173,0.0,0.0,0.0,0.0,0.0,0.0,0.0,0.0,0.033420867469874355,0.0,7.4291694863645175,11.791849289897337,73924.0,0,0,0,49,UTAH
2365,490149,20.30660949991232,83.64510865952637,0.24277103377998413,0.0,0.0,0.0,0.0,2.7695927996573317,0.0,0.0,0.0,0.0,0.0,0.0,0.0,0.0,0.9787622346820496,0.0,0.8231489459136955,0.9676816190615862,73829.0,0,0,0,49,UTAH
2345,490129,206.1694446044424,592.0162425399575,0.3482496421380317,0.0,0.0,0.0,0.0,21.91606307580062,0.0,0.0,0.0,0.0,0.0,0.0,0.0,0.0,0.0,0.0,8.357329002345885,13.558734073454737,81720.0,0,0,0,49,UTAH
2358,490142,562.0,2251.194779366749,0.24964521291138037,148.0,0.0,1.5,146.5,212.8066362636739,0.0,0.0,1.25,0.25,30.5,105.0,1.0,10.0,0.0,0.0,28.78056780484439,36.02606845882953,79647.0,0,1307,0,49,UTAH
2364,490148,16.25185379338248,64.00967096802792,0.25389684945420343,27.086422988970796,0.0,0.0,27.086422988970796,30.883896187590924,0.0,0.0,0.0,0.0,0.0,27.086422988970796,0.0,0.0,0.6854104888622572,0.0,1.7567608640558197,1.3553018457020498,79647.0,0,0,0,49,UTAH
2368,490152,269.3922669625483,729.3733602119031,0.36934755456969587,5.767907869306265,0.0,0.0,5.767907869306265,37.23092717881667,0.0,0.0,0.0,0.0,0.027932885636606352,5.698075655214749,0.041899328454909526,0.0,2.334352855354073,0.0,11.550002264446094,17.578664189710242,79647.0,0,0,0,49,UTAH
2380,490162,0.0,0.0,0.0,0.0,0.0,0.0,0.0,1.0121830987300855,0.0,0.0,0.0,0.0,0.0,0.0,0.0,0.0,1.0121830987300855,0.0,0.0,0.0,81720.0,0,0,0,49,UTAH
2372,490155,336.6188377253636,875.4109940421081,0.38452662808250265,0.0,0.0,0.0,0.0,267.8556787115162,0.0,0.0,0.0,0.0,0.0,0.0,0.0,0.0,1.934077000528543,0.0,244.25013313127886,21.671468579708872,79422.0,0,0,0,49,UTAH
2379,490161,332.0,1299.262279667743,0.25552962261392015,0.0,0.0,0.0,0.0,34.473162250573104,0.0,0.0,0.0,0.0,0.0,0.0,0.0,0.0,0.0,0.0,13.45795564958921,21.01520660098389,74058.0,0,0,0,49,UTAH
2378,490160,364.0,1080.1039489613604,0.33700460066832116,70.0,24.75,1.25,44.0,110.6092836195452,24.75,0.0,0.0,1.25,1.25,28.75,0.0,14.0,0.0,0.0,17.592628770848545,23.016654848696646,69958.0,371,0,0,49,UTAH
2377,490159,151.0,605.6984831167595,0.24929895683904493,0.0,0.0,0.0,0.0,16.128178898467286,0.0,0.0,0.0,0.0,0.0,0.0,0.0,0.0,0.0,0.0,6.120937659903526,10.00724123856376,79647.0,0,0,0,49,UTAH
2371,490154,624.0,2014.1663636821725,0.3098055906659281,49.0,0.0,0.0,49.0,117.20368591213546,0.0,0.0,0.0,0.0,0.0,49.0,0.0,0.0,1.0121830987300855,0.0,27.16268706915881,40.02881574424656,73446.0,988,0,0,49,UTAH
2383,490165,246.22143657888824,988.5596956208698,0.24907088329577068,0.0,0.0,0.0,0.0,27.86727618731634,0.0,0.0,0.0,0.0,0.0,0.0,0.0,0.0,2.0078241824788905,0.0,9.97870395923399,15.880748045603458,79568.0,0,0,0,49,UTAH
2370,490153,428.7681205870205,1721.0336228799413,0.24913407552696676,3.807887394200893,0.0,0.0,3.807887394200893,48.779435598321726,0.0,0.0,0.0,0.0,1.5231549576803571,0.0,2.2847324365205357,0.0,0.0,0.0,17.534905814721768,27.43664238939907,79647.0,0,0,0,49,UTAH
2384,490166,457.0,1556.673716489905,0.2935746875912282,109.0,23.75,2.25,83.0,160.96438181372494,23.75,0.0,0.25,2.0,54.5,0.0,26.25,2.25,0.0,0.0,22.94338222189004,29.0209995918349,79509.0,0,0,0,49,UTAH
2385,490167,266.0,904.7471805579236,0.29400478466920205,45.75,1.0,4.5,40.25,75.43978016586897,0.5,0.5,0.75,3.75,0.5,37.25,0.5,2.0,0.0,0.0,12.67747006031058,17.012310105558388,79509.0,0,98,229,49,UTAH
2404,490186,0.0,0.0,0.0,750.3975319590432,23.912142115646255,32.54023463160109,693.945155211796,780.4448477534585,13.558431096500454,10.353711019145802,2.2186523612455287,30.32158227035556,633.3019906710848,10.600227948173082,21.446972825373447,28.595963767164594,0.9980810764490313,0.0,29.049234717966097,0.0,81720.0,0,0,0,49,UTAH
2435,490217,540.5,1466.1909570525836,0.36864229546643934,1523.5,195.5,126.5,1201.5,2079.605584544492,140.5,55.0,1.0,125.5,547.75,82.75,76.5,494.5,0.0,0.0,521.3328937004479,34.772690844043574,91516.0,0,0,0,49,UTAH
2429,490211,37.75,107.99647652596792,0.349548440970877,0.0,0.0,0.0,0.0,3.72041781067679,0.0,0.0,0.0,0.0,0.0,0.0,0.0,0.0,0.0,0.0,1.4687885565131402,2.2516292541636496,91516.0,0,0,0,49,UTAH
2434,490216,5668.25,16264.70493679786,0.3485000202601859,1591.5,229.0,98.5,1264.0,2819.3515069356927,123.5,105.5,0.0,98.5,617.5,29.75,79.25,537.5,1.7712343891813036,0.0,861.5617361282793,364.518536418232,91516.0,0,0,0,49,UTAH
2432,490214,160.75,468.1285879536709,0.3433885563423631,0.0,0.0,0.0,0.0,16.646913031443688,0.0,0.0,0.0,0.0,0.0,0.0,0.0,0.0,0.0,0.0,6.389917094513405,10.256995936930284,91516.0,0,0,0,49,UTAH
2438,490220,582.0000008761659,1852.6868055870068,0.31413836333322653,44.75000006736843,0.7500000011290798,2.7500000041399595,41.25000006209939,554.3170252538545,0.7500000011290798,0.0,1.0000000015054398,1.7500000026345197,3.250000004892679,35.50000005344311,0.25000000037635994,2.2500000033872394,0.0,0.0,472.03863426492535,37.52839092156066,91516.0,0,0,0,49,UTAH
2437,490219,1361.0,3887.118699167778,0.35013080518775686,0.0,0.0,0.0,0.0,344.50733926878445,0.0,0.0,0.0,0.0,0.0,0.0,0.0,0.0,0.0,0.0,256.9425928374719,87.5647464313125,91516.0,0,0,0,49,UTAH
2436,490218,783.75,2258.492131620343,0.3470235689675406,0.0,0.0,0.0,0.0,81.5911887308653,0.0,0.0,0.0,0.0,0.0,0.0,0.0,0.0,0.0,0.0,31.05515342114493,50.53603530972037,91516.0,0,0,0,49,UTAH
2431,490213,332.5,1004.484363976124,0.33101560554296827,610.0,36.0,102.25,471.75,850.8472115625157,22.25,13.75,45.5,56.75,370.75,36.0,20.0,45.0,0.0,0.0,219.58286840335072,21.26434315916493,91516.0,0,0,0,49,UTAH
2440,490222,627.5,1995.3818675209895,0.31447614625244125,0.0,0.0,0.0,0.0,65.894486292167,0.0,0.0,0.0,0.0,0.0,0.0,0.0,0.0,0.0,0.0,25.365756066991317,40.52873022517569,91516.0,0,0,0,49,UTAH
2442,490224,403.0,1300.210225122342,0.3099498774992945,19.5,0.0,0.0,19.5,63.64067560942364,0.0,0.0,0.0,0.0,15.75,3.0,0.0,0.75,0.0,0.0,18.372199927558317,25.76847568186532,91516.0,0,0,0,49,UTAH
2445,490227,806.25,2312.853276236513,0.3485953943917853,49.0,0.0,0.0,49.0,135.45047024256172,0.0,0.0,0.0,0.0,0.0,49.0,0.0,0.0,0.0,0.0,34.6637854806161,51.78668476194561,104302.0,1152,0,0,49,UTAH
2444,490226,536.2732777597015,1653.343133184467,0.32435691478440876,0.0,0.0,0.0,0.0,56.57779292009964,0.0,0.0,0.0,0.0,0.0,0.0,0.0,0.0,0.0,0.0,21.73833784675315,34.83945507334649,106764.0,0,0,0,49,UTAH
2448,490230,513.7267330258026,1735.5152437328672,0.29600819403973844,0.0,0.0,0.0,0.0,53.79894412357584,0.0,0.0,0.0,0.0,0.0,0.0,0.0,0.0,0.0,0.0,20.58954171637298,33.20940240720286,105199.0,0,0,0,49,UTAH
2450,490232,341.0,1047.2610540424332,0.32561126825421244,89.0,0.0,0.0,89.0,128.44510373973682,0.0,0.0,0.0,0.0,25.25,33.0,0.0,30.75,0.0,0.0,17.42917301489654,22.01593072484027,83446.0,0,0,0,49,UTAH
2453,490235,275.25,839.6088406371017,0.3278312312566149,88.75,19.75,0.25,68.75,153.04742475055096,17.75,2.0,0.25,0.0,0.0,48.25,2.0,18.5,0.0,0.0,46.784688644478045,17.512736106072907,96951.0,888,0,0,49,UTAH
2449,490231,469.0,1654.4698917938206,0.2834744846831257,43.0,22.75,1.0,19.25,94.49822102337956,21.75,1.0,0.0,1.0,9.0,0.0,0.0,10.25,0.0,0.0,21.226401545422664,30.271819477956907,106764.0,0,0,0,49,UTAH
2452,490234,733.0,2035.9071377523276,0.360036067661339,2.25,0.0,0.0,2.25,79.69815866708953,0.0,0.0,0.0,0.0,2.25,0.0,0.0,0.0,0.0,0.0,29.911908608487177,47.53625005860236,96951.0,0,0,0,49,UTAH
2451,490233,562.75,1557.427701672373,0.3613329847643756,2148.75,320.0,57.75,1771.0,2488.328581000991,171.75,148.25,0.0,57.75,394.25,81.25,290.5,1005.0,0.0,0.0,303.552512749162,36.02606825182921,96951.0,0,0,0,49,UTAH
2461,490243,705.4715297303638,2001.2745718311428,0.3525111144968307,59.54545478754671,13.383180391989326,17.45632225042086,28.705952145136525,136.96165393848514,12.801302983641964,0.581877408347362,12.413384711410389,5.04293753901047,7.370447172399919,7.370447172399919,3.491264450084172,10.473793350252516,0.795227637205684,0.0,31.398981284299477,45.22199022943323,96951.0,0,0,0,49,UTAH
2456,490238,103.14305422782711,289.0021721933784,0.35689369891244827,0.0,0.0,0.0,0.0,10.616157529194913,0.0,0.0,0.0,0.0,0.0,0.0,0.0,0.0,0.0,0.0,4.22020507157359,6.395952457621323,96951.0,0,0,0,49,UTAH
2454,490236,388.0,1155.7565771576517,0.3357108301768934,0.0,0.0,0.0,0.0,40.60367113038024,0.0,0.0,0.0,0.0,0.0,0.0,0.0,0.0,0.0,0.0,15.58509914737284,25.01857198300739,96951.0,0,0,0,49,UTAH
2460,490242,1101.7784649368214,3030.629618492697,0.36354771240069844,17.204543700112545,3.866819268103471,5.043677306221919,8.294047125787156,136.04410067761785,3.698696691229407,0.16812257687406396,3.5866149733133645,1.4570623329085544,2.1295526404048104,2.1295526404048104,1.0087354612443837,3.026206383733151,3.253504779895447,0.0,44.72349028923692,70.86256190837292,96951.0,0,0,0,49,UTAH
2468,490250,299.75,931.9186828509786,0.32164823553379973,39.0,0.0,0.25,38.75,73.04766298271338,0.0,0.0,0.25,0.0,0.0,38.75,0.0,0.0,1.0121830987300855,0.0,13.522339923993725,19.51313995998957,70166.0,0,0,0,49,UTAH
2467,490249,1248.75,4534.311475263689,0.2754001366717711,48.75,0.0,0.0,48.75,181.40220414054195,0.0,0.0,0.0,0.0,0.0,48.75,0.0,0.0,0.0,0.0,52.59427423203188,80.05792990851008,78311.0,1349,0,0,49,UTAH
2466,490248,427.25,1515.072028498259,0.2819997940450994,0.0,0.0,0.0,0.0,44.58795141823528,0.0,0.0,0.0,0.0,0.0,0.0,0.0,0.0,0.0,0.0,17.31824035691904,27.26971106131624,79422.0,0,0,0,49,UTAH
2473,490255,737.0,2675.3473739107985,0.27547824525032055,0.0,0.0,0.0,0.0,76.909073922898,0.0,0.0,0.0,0.0,0.0,0.0,0.0,0.0,0.0,0.0,29.875040101648334,47.03403382124967,75827.0,0,0,0,49,UTAH
2472,490254,463.0,1680.217651199756,0.275559538176138,157.75,55.75,8.25,93.75,212.93522287916227,53.75,2.0,1.0,7.25,5.25,6.0,3.0,79.5,0.0,0.0,25.16349916347099,30.02172371569128,78311.0,0,0,0,49,UTAH
2471,490253,595.0,1670.161528183316,0.35625296712899324,368.5,86.25,8.25,274.0,445.5850276446621,9.25,77.0,1.5,6.75,91.5,61.0,50.25,71.25,0.0,0.0,39.057510938119854,38.027516706542286,76751.0,965,0,0,49,UTAH
2458,490240,613.5,2081.83889556388,0.29469139101363045,59.0,0.0,0.0,59.0,126.45187210603837,0.0,0.0,0.0,0.0,0.0,59.0,0.0,0.0,0.0,0.0,27.92128693232452,39.530585173713845,96951.0,0,1266,0,49,UTAH
2459,490241,422.25,1078.472129681326,0.3915261121534677,0.0,0.0,0.0,0.0,45.13689969089936,0.0,0.0,0.0,0.0,0.0,0.0,0.0,0.0,0.0,0.0,18.11734834677721,27.01955134412215,83446.0,0,0,0,49,UTAH
2465,490247,998.9999995993722,3052.6815051504163,0.32725326828687556,41.99999998315679,0.0,0.0,41.99999998315679,148.2484501381616,0.0,0.0,0.0,0.0,0.0,41.99999998315679,0.0,0.0,0.0,0.0,42.20210625388116,64.04634390112362,83446.0,903,0,0,49,UTAH
2477,490259,495.0,1777.1144344269394,0.27854143234148065,79.5,15.5,3.25,60.75,134.81500013862092,12.75,2.75,2.25,1.0,5.75,5.0,2.5,47.5,0.0,0.0,23.29182817521689,32.023171963404025,70166.0,0,0,0,49,UTAH
2478,490260,109.0,388.4894110056292,0.28057392791697117,363.0,52.0,19.5,291.5,390.3931559465023,40.5,11.5,15.5,4.0,16.25,108.25,14.5,152.5,0.0,0.0,20.388087079507624,7.005068866994631,70166.0,0,0,0,49,UTAH
2485,490267,110.5,361.8914305498736,0.30534019507480875,0.0,0.0,0.0,0.0,15.472780319362904,0.0,0.0,0.0,0.0,0.0,0.0,0.0,0.0,0.0,0.0,8.467839340435685,7.004940978927221,70166.0,0,0,0,49,UTAH
2486,490268,2518.75,7580.880899704216,0.3322503061746128,0.0,0.0,0.0,0.0,594.666078139242,0.0,0.0,0.0,0.0,0.0,0.0,0.0,0.0,1.771509831845372,0.0,431.0304677663238,161.86410054107284,70166.0,0,0,0,49,UTAH
2494,490276,207.5,636.2842580343078,0.3261121069394928,0.0,0.0,0.0,0.0,21.03920874594313,0.0,0.0,0.0,0.0,0.0,0.0,0.0,0.0,0.0,0.0,7.780743734656449,13.258465011286685,70166.0,0,0,0,49,UTAH
2493,490275,557.150733488721,1715.7434213678964,0.32472846845860326,195.08542003462637,28.105526615158034,3.8576213001197304,163.1222721193486,263.466599761298,26.2685640912915,1.8369625238665384,3.4902287953464226,0.36739250477330765,9.919597628879307,24.798994072198266,13.409826424225729,114.9938539940453,0.0,0.0,32.530211729003184,35.850967997668484,70166.0,0,0,0,49,UTAH
2492,490274,366.0163853706787,1155.1694065980557,0.31685083008611487,0.0,0.0,0.0,0.0,284.1038230269783,0.0,0.0,0.0,0.0,0.0,0.0,0.0,0.0,0.5811381947144764,0.0,259.964574621406,23.558110210857873,70166.0,0,0,0,49,UTAH
2498,490280,2048.8910433888354,6059.659767258724,0.3381198156469625,1604.0518847285498,262.4202037359259,0.0,1341.6316809926238,2176.298288794428,152.351371478402,110.06883225752391,0.0,0.0,0.0,110.60575339048745,505.1085558354421,725.9173717666943,0.9510131749831938,0.0,439.52249974485403,131.77289114604093,70166.0,0,0,0,49,UTAH
2491,490273,328.75,1149.9376990002395,0.28588505297792793,0.0,0.0,0.0,0.0,34.340266825323155,0.0,0.0,0.0,0.0,0.0,0.0,0.0,0.0,0.0,0.0,13.325060224339255,21.01520660098389,96415.0,0,0,0,49,UTAH
2490,490272,268.5,930.3554831619632,0.2885993632105649,0.0,0.0,0.0,0.0,28.14493146027957,0.0,0.0,0.0,0.0,0.0,0.0,0.0,0.0,0.0,0.0,10.882461637527094,17.26246982275248,96415.0,0,0,0,49,UTAH
2495,490277,160.74999980813956,478.6758992873788,0.3358222129993459,0.0,0.0,0.0,0.0,17.57341528716311,0.0,0.0,0.0,0.0,0.0,0.0,0.0,0.0,0.0,0.0,7.0663022458824525,10.507113041280657,96415.0,0,0,0,49,UTAH
2496,490278,108.75,372.351980463337,0.2920623649286804,47.0,2.0,1.25,43.75,60.04154673275837,2.0,0.0,1.25,0.0,0.0,37.75,0.0,6.0,0.0,0.0,6.28668021594522,6.754866516813155,96415.0,0,0,0,49,UTAH
2510,490292,546.75,1411.8694271918778,0.3872525245393637,1079.75,240.25,14.0,825.5,1181.3908919567466,190.0,50.25,13.75,0.25,23.25,107.75,157.75,536.75,0.0,0.0,66.61616570748507,35.024726249261434,70166.0,0,0,0,49,UTAH
2511,490293,530.0,1388.884621939062,0.3816011723566005,1328.75,341.25,44.5,943.0,1438.0663414268154,101.25,240.0,17.5,27.0,80.75,333.75,160.25,368.25,0.0,0.0,75.291721237488,34.02462018932727,70166.0,0,0,0,49,UTAH
2507,490289,0.0,0.0,0.0,1020.5,322.5,26.75,671.25,1061.840844463098,115.5,207.0,26.5,0.25,41.25,69.25,46.25,514.5,0.0,0.0,41.34084446309786,0.0,70166.0,0,0,0,49,UTAH
2487,490269,917.0,2996.393627580885,0.3060345581966588,354.25,20.0,25.75,308.5,465.07609765282,18.25,1.75,1.5,24.25,134.5,7.5,66.25,100.25,0.0,0.0,51.78337434529388,59.042723307526174,96415.0,0,0,0,49,UTAH
2501,490283,0.0,0.0,0.0,2805.25,483.0,130.25,2192.0,2912.752573692169,176.5,306.5,0.0,130.25,432.25,150.25,474.5,1135.0,0.0,0.0,107.50257369216884,0.0,102760.0,0,0,0,49,UTAH
2418,490200,389.0000000733998,1382.0011678651372,0.28147588375363836,230.75000004353984,12.500000002358606,5.500000001037786,212.75000004014345,280.64221065764207,0.0,12.500000002358606,5.250000000990614,0.2500000000471721,61.25000001155716,135.75000002561444,0.0,15.750000002971841,0.0,0.0,25.124352485293524,24.767858128808694,102760.0,1140,0,0,49,UTAH
2503,490285,551.0801162012413,1716.7133899275477,0.3210088063823508,0.0,0.0,0.0,0.0,58.77728785625825,0.0,0.0,0.0,0.0,0.0,0.0,0.0,0.0,0.1937880182291375,0.0,23.120164658149132,35.46333517987997,87096.0,0,0,0,49,UTAH
2506,490288,121.78938922940638,399.3741402115094,0.30495061389028955,103.05727736112947,20.90303128545434,3.2719070215735315,78.88233905410159,120.68884730976524,17.027691399204784,3.8753398862495585,3.2554948510981925,0.01641217047533923,3.652669376601402,26.11877502176299,4.945341020045349,44.16555363569184,0.0,0.0,9.625798267498494,8.00577168113727,107045.0,0,0,0,49,UTAH
2514,490296,901.7520926411739,2998.862465350809,0.3006980490302967,117.27140553367784,15.297083442069408,4.792723865588625,97.18159822601979,216.8759947420605,13.02615746707469,2.2709259749947193,3.7587191557871127,1.034004709801512,15.661304390886302,14.906072897168334,9.777029383247175,56.83719155471799,0.0,0.0,41.305188664770284,58.299400543612364,106434.0,3,0,0,49,UTAH
2512,490294,2.960610845623399,10.09977257793772,0.2931363872579325,1451.1927494964027,631.5969803996585,39.22809370451004,780.3676753922342,1510.1358110191459,528.2223183733081,103.37466202635035,37.99450585216695,1.233587852343083,67.84733187886957,102.88122688541311,71.05466029496158,538.58445633299,0.0,0.0,58.9430615227431,0.0,107045.0,0,0,0,49,UTAH
2515,490297,128.25,428.6373727631857,0.2992039615520315,304.0,29.25,0.25,274.5,329.5289268987351,0.0,29.25,0.25,0.0,3.0,67.25,125.25,79.0,0.0,0.0,17.52313390788407,8.005792990851006,107045.0,958,0,0,49,UTAH
2519,490301,1143.4979137925109,3793.7000278556366,0.3014202244237179,148.97859530455804,13.452916632853068,12.207276203885192,123.3184024678198,274.93825588806976,7.473842573807261,5.979074059045808,2.4912808579357533,9.71599534594944,46.08869587181144,44.593927357049985,7.722970659600835,24.912808579357534,0.0,0.0,52.413657392579005,73.54600319093275,91670.0,966,0,0,49,UTAH
2518,490300,285.5477343551503,988.3915120422182,0.28890144328045725,0.0,0.0,0.0,0.0,50.94170341943454,0.0,0.0,0.0,0.0,0.0,0.0,0.0,0.0,0.0,0.0,32.65527141817711,18.286432001257438,91670.0,0,0,0,49,UTAH
2522,490304,344.5,1230.3858306007094,0.27999347150462983,6.25,0.75,3.0,2.5,42.98320864219926,0.75,0.0,1.0,2.0,1.0,0.0,0.25,1.25,0.0,0.0,14.717277917358984,22.01593072484027,91670.0,0,0,0,49,UTAH
2521,490303,88.0,257.9150286778232,0.3411976434685625,0.0,0.0,0.0,0.0,9.594046112009856,0.0,0.0,0.0,0.0,0.0,0.0,0.0,0.0,0.0,0.0,3.839264256926517,5.754781855083339,91670.0,0,0,0,49,UTAH
2526,490308,0.0,0.0,0.0,288.75,53.5,15.0,220.25,300.45423180190073,43.75,9.75,7.0,8.0,14.0,22.0,14.75,169.5,0.0,0.0,11.70423180190073,0.0,91670.0,0,0,0,49,UTAH
2513,490295,476.580817067672,1304.3124221673988,0.3653885441616275,555.6940710952875,368.5316232283048,35.67437301880128,151.48807484818144,628.3477012650357,135.1361816218421,233.39544160646273,12.713147903461095,22.961225115340188,19.2651167586625,5.678086303050437,55.87073536341419,70.6741364230543,0.0,0.0,41.83964140147215,30.813988768275944,107045.0,0,0,0,49,UTAH
2516,490298,686.9191884741282,1565.4546492173965,0.43879852336669956,49.80593048135659,20.71837773723722,9.575627123896867,19.511925620222506,124.17453584071527,3.363818704678786,17.35455903255843,0.28685212706433316,9.288774996832533,1.2348832927989282,2.3219137248506576,1.6292647731339511,14.325863829438969,0.0,0.0,29.87806081836619,44.49054454099249,107045.0,0,0,0,49,UTAH
2517,490299,433.0,1007.8020688918286,0.42964785781410775,94.0,14.5,4.0,75.5,143.17267334853443,12.0,2.5,4.0,0.0,6.5,25.75,4.75,38.5,0.0,0.0,21.40240839863625,27.770264949898163,107045.0,0,0,0,49,UTAH
2520,490302,520.0,1194.307470284935,0.43539876701595076,301.25,55.25,27.25,218.75,369.3922902628146,50.75,4.5,26.5,0.75,16.5,26.5,15.25,160.5,0.0,0.0,34.61794685309861,33.524343409716,107045.0,0,0,0,49,UTAH
2525,490307,210.0,611.0431326491316,0.343674593133157,204.25,51.75,5.0,147.5,235.31318577606268,49.75,2.0,5.0,0.0,10.0,39.5,9.75,88.25,0.0,0.0,17.55332484347421,13.509860932588474,85040.0,0,0,0,49,UTAH
2523,490305,1158.25,2628.628342550318,0.44062904643121054,130.5,23.5,6.75,100.25,257.2720762905502,19.25,4.25,3.75,3.0,19.75,7.75,7.75,65.0,0.0,0.0,52.218150379743925,74.5539259108063,107045.0,0,0,0,49,UTAH
2527,490309,64.5,182.6030187805895,0.3532252666507191,0.0,0.0,0.0,0.0,50.28202785246064,0.0,0.0,0.0,0.0,0.0,0.0,0.0,0.0,0.0,0.0,46.029035605664255,4.25299224679638,107045.0,0,0,0,49,UTAH
2530,490312,752.75,1709.367248260295,0.4403676277090893,0.0,0.0,0.0,0.0,79.55715525992872,0.0,0.0,0.0,0.0,0.0,0.0,0.0,0.0,0.0,0.0,31.0220139364008,48.53514132352792,107045.0,0,0,0,49,UTAH
2535,490317,428.75,1255.36478377947,0.3415341943153621,45.0,0.0,0.0,45.0,92.22339793467548,0.0,0.0,0.0,0.0,0.0,45.0,0.0,0.0,0.0,0.0,19.203122466696943,28.02027546797852,85040.0,511,0,0,49,UTAH
2536,490318,0.0,0.0,0.0,2122.7500592281763,287.50000802171746,89.0000024832447,1746.2500487232141,2208.7982577735534,227.75000635459529,59.75000166712215,89.0000024832447,0.0,75.50000210657275,772.2500215470307,108.75000303430181,789.750022035309,0.0,0.0,86.048198545377,0.0,87096.0,0,0,0,49,UTAH
2561,490343,335.25,966.7619020199032,0.3467761806702826,0.0,0.0,0.0,0.0,35.35585598289527,0.0,0.0,0.0,0.0,0.0,0.0,0.0,0.0,0.0,0.0,13.590084975249091,21.76577100764618,96089.0,0,0,0,49,UTAH
2562,490344,234.0,639.0703963253931,0.366156844919562,0.0,0.0,0.0,0.0,24.49787151098794,0.0,0.0,0.0,0.0,0.0,0.0,0.0,0.0,0.0,0.0,9.487009653142302,15.010861857845638,83312.0,0,0,0,49,UTAH
2578,490360,347.75,958.3386184990918,0.36286756401889647,0.0,0.0,0.0,0.0,36.439999827925696,0.0,0.0,0.0,0.0,0.0,0.0,0.0,0.0,0.0,0.0,14.173674920802837,22.26632490712286,83312.0,0,0,0,49,UTAH
2577,490359,276.75,1089.3005462654833,0.25406211439882154,0.0,0.0,0.0,0.0,28.740554211961737,0.0,0.0,0.0,0.0,0.0,0.0,0.0,0.0,0.0,0.0,11.227860727981463,17.51269348398027,95907.0,0,0,0,49,UTAH
2576,490358,430.0,1333.5685297960156,0.32244312188873664,72.75,45.75,11.0,16.0,121.15052533430637,45.75,0.0,11.0,0.0,8.0,0.0,0.25,7.75,0.0,0.0,20.38024986632784,28.02027546797852,95907.0,0,0,0,49,UTAH
2574,490356,338.25,1197.4319565590336,0.2824795163910629,0.0,0.0,0.0,0.0,35.486580706241504,0.0,0.0,0.0,0.0,0.0,0.0,0.0,0.0,0.0,0.0,13.720831009641644,21.765749696599865,96089.0,0,0,0,49,UTAH
2591,490373,56.5,199.5598475413364,0.28312308661338653,31.0,0.0,0.0,31.0,38.550180507085166,0.0,0.0,0.0,0.0,0.0,31.0,0.0,0.0,0.0,0.0,3.547284011659662,4.002896495425503,96089.0,850,0,0,49,UTAH
2592,490374,138.75,489.9705635038456,0.28318027721457395,75.0,1.0,0.0,74.0,92.9207530561331,1.0,0.0,0.0,0.0,2.0,0.0,71.0,1.0,0.0,0.0,8.914235941425721,9.006517114707382,96086.0,0,0,0,49,UTAH
2597,490379,451.0,1236.21861005252,0.36482220566218426,22.0,1.0,21.0,0.0,70.19742758422277,1.0,0.0,21.0,0.0,0.0,0.0,0.0,0.0,0.0,0.0,19.17642799238787,29.0209995918349,74290.0,0,0,0,49,UTAH
2590,490372,153.0,488.33378249924925,0.3133102920239503,78.75,17.25,7.5,54.0,268.3208590407788,16.5,0.75,7.5,0.0,2.75,10.75,8.25,32.25,0.0,0.0,179.8137348864218,9.757124154357058,93988.0,0,0,0,49,UTAH
2589,490371,666.5,2482.8795862985635,0.26843830996798657,0.0,0.0,0.0,0.0,70.05103607994212,0.0,0.0,0.0,0.0,0.0,0.0,0.0,0.0,0.0,0.0,27.019898754117964,43.03113732582416,93988.0,0,0,0,49,UTAH
2594,490376,177.25,655.8595347660887,0.27025603899044626,40.5,4.25,1.75,34.5,62.5957494251001,4.25,0.0,0.5,1.25,6.0,2.75,1.75,24.0,0.0,0.0,10.83758171249849,11.258167712601612,89516.0,0,0,0,49,UTAH
2595,490377,130.0,356.6443468683224,0.3645087918581187,67.75,14.75,3.0,50.0,84.34111867412177,12.75,2.0,3.0,0.0,0.0,7.5,14.25,28.25,0.0,0.0,8.335102022042971,8.2560166520788,83145.0,0,0,0,49,UTAH
2603,490385,137.75,376.0589583815136,0.36629894576331823,826.75,119.75,141.0,566.0,874.9424934134715,75.5,44.25,105.75,35.25,129.0,15.0,90.75,331.25,0.0,0.0,39.18565654591136,9.006836867560171,80705.0,0,0,0,49,UTAH
2602,490384,23.75,60.115734996191335,0.39507127379386936,1038.5,335.5,14.75,688.25,1083.0483488809505,192.0,143.5,13.25,1.5,72.5,40.0,219.5,356.25,0.0,0.0,43.04728401165966,1.5010648692908697,80705.0,0,0,0,49,UTAH
2601,490383,311.75,837.7753773047198,0.372116450835495,1059.25,116.0,388.0,555.25,1136.0990541225312,110.5,5.5,354.0,34.0,111.75,67.75,72.75,303.0,0.0,0.0,56.83457164540369,20.01448247712752,80705.0,0,0,0,49,UTAH
2600,490382,173.5,391.1017364490998,0.4436185877752559,804.25,183.75,18.5,602.0,857.6337346534157,155.75,28.0,17.25,1.25,87.75,58.5,84.25,371.5,0.0,0.0,42.12560957380141,11.258125079614224,54694.0,0,0,0,49,UTAH
2599,490381,225.75,515.3006344266947,0.43809377461986143,207.75,50.25,7.0,150.5,242.1132486754099,26.25,24.0,6.75,0.25,13.0,54.75,14.75,68.0,0.0,0.0,20.10290859123916,14.26034008417074,54694.0,0,0,0,49,UTAH
2598,490380,379.75,1266.842254137828,0.2997610781923639,89.0,7.0,0.0,82.0,133.26033152828228,7.0,0.0,0.0,0.0,0.0,35.0,20.0,27.0,0.0,0.0,19.74261181029477,24.517719717987514,66552.0,783,0,0,49,UTAH
2611,490393,126.5,334.669164056548,0.3779852271619075,964.0,215.75,43.25,705.0,1034.713959902099,110.25,105.5,42.5,0.75,48.75,253.5,91.5,311.25,0.0,0.0,62.45796456106662,8.255995341032484,76187.0,0,0,1617,49,UTAH
2610,490392,269.0,635.0939970116154,0.4235593491132938,544.0,22.0,140.25,381.75,614.6879703320907,19.75,2.25,11.75,128.5,71.75,197.25,45.25,67.5,0.0,0.0,53.175340792144105,17.512629539946566,67297.0,0,0,0,49,UTAH
2609,490391,247.5,569.5994545891238,0.4345158655015431,1204.5,125.0,45.25,1034.25,1281.116563135189,50.75,74.25,45.0,0.25,32.25,303.5,114.5,584.0,0.0,0.0,60.85522212576107,15.761341009427904,70166.0,0,0,0,49,UTAH
2616,490398,269.0,682.9281834633304,0.39389207608305404,1533.0,174.0,175.5,1183.5,1624.306369531911,148.5,25.5,175.25,0.25,445.75,286.0,87.5,364.25,0.0,0.0,73.79380393599834,17.51256559591286,81410.0,609,0,0,49,UTAH
2615,490397,278.0,704.7692080252274,0.394455371821592,75.75,8.25,8.75,58.75,109.855940118464,7.25,1.0,7.75,1.0,3.75,23.25,4.75,27.0,0.0,0.0,16.09290588904923,18.013034229414764,73538.0,0,0,0,49,UTAH
2608,490390,78.5,195.6558808154591,0.4012146206534957,340.5,68.75,11.5,260.25,364.7550579277519,65.25,3.5,11.5,0.0,17.25,43.0,26.75,173.25,0.0,0.0,19.00123495828853,5.253822969463355,82474.0,0,0,0,49,UTAH
2596,490378,603.0,1658.26991013911,0.3636319976097348,2038.25,308.5,5.75,1724.0,2184.3592240250773,143.25,165.25,4.0,1.75,102.75,179.0,488.25,954.0,0.0,0.0,107.0809831946784,39.02824083039866,74290.0,0,0,0,49,UTAH
2606,490388,160.5,538.6286255164935,0.2979789643487585,163.5,50.75,10.5,102.25,186.88067547349868,28.75,22.0,2.75,7.75,1.0,81.75,2.5,17.0,0.0,0.0,13.123253206694532,10.257422266804166,77253.0,0,2002,0,49,UTAH
2614,490396,137.25,321.7042505380298,0.4266340894484862,244.75,30.5,20.25,194.0,269.24185141009696,24.75,5.75,20.25,0.0,14.0,76.75,11.25,92.0,0.0,0.0,15.485334295389602,9.006517114707382,68933.0,0,0,0,49,UTAH
2612,490394,150.5,515.3835040608974,0.2920155550462031,78.0,0.0,0.0,78.0,97.2689960521989,0.0,0.0,0.0,0.0,5.0,73.0,0.0,0.0,0.0,0.0,9.261754813635136,10.00724123856376,77253.0,477,125,0,49,UTAH
2605,490387,350.75,1189.4191507950316,0.29489183839485994,75.25,7.75,5.25,62.25,115.28430859990704,6.75,1.0,3.75,1.5,12.75,9.5,7.0,33.0,0.0,0.0,17.2678134684045,22.766495131502555,77253.0,0,0,0,49,UTAH
2539,490321,45.5,158.62158608294874,0.2868462050064641,0.0,0.0,0.0,0.0,4.845020192281701,0.0,0.0,0.0,0.0,0.0,0.0,0.0,0.0,0.0,0.0,1.842847820712573,3.002172371569128,112546.0,0,0,0,49,UTAH
2538,490320,231.0,812.6831465475419,0.2842436206304255,12.5,0.0,0.0,12.5,37.38128725153171,0.0,0.0,0.0,0.0,0.0,12.5,0.0,0.0,0.0,0.0,9.870425393686071,15.010861857845638,112546.0,0,0,0,49,UTAH
2537,490319,186.0,635.4723243560397,0.29269567355035386,0.0,0.0,0.0,0.0,19.55020949685529,0.0,0.0,0.0,0.0,0.0,0.0,0.0,0.0,0.0,0.0,7.541520010578786,12.00868948627651,77253.0,0,0,0,49,UTAH
2542,490324,203.5,482.78868966197103,0.4215094602619676,3.0,1.5,0.25,1.25,24.37319794088093,1.5,0.0,0.25,0.0,0.0,0.25,0.25,0.75,0.0,0.0,8.363784330748047,13.009413610132883,93596.0,0,0,0,49,UTAH
2679,490461,233.5,612.245533455815,0.38138293746629903,96.0,0.0,0.0,96.0,124.37007402574936,0.0,0.0,0.0,0.0,0.0,96.0,0.0,0.0,0.0,0.0,13.359212167903731,15.010861857845638,71196.0,0,1332,0,49,UTAH
2678,490460,260.0,733.989326371991,0.3542285843380646,48.0,0.0,0.25,47.75,77.49397948399721,0.0,0.0,0.25,0.0,0.0,47.75,0.0,0.0,0.0,0.0,12.481669378438824,17.012310105558388,66634.0,718,0,0,49,UTAH
2686,490468,359.5,1256.8331583831196,0.2860363745196591,0.0,0.0,0.0,0.0,37.59681675011846,0.0,0.0,0.0,0.0,0.0,0.0,0.0,0.0,0.0,0.0,14.580161901421812,23.016654848696646,129697.0,0,0,0,49,UTAH
2684,490466,274.75,616.517686648368,0.4456482043421151,0.0,0.0,0.0,0.0,30.150217052164216,0.0,0.0,0.0,0.0,0.0,0.0,0.0,0.0,0.0,0.0,12.38734253994354,17.762874512220677,86845.0,0,0,0,49,UTAH
2683,490465,187.25,684.9470387344359,0.2733788007113344,0.0,0.0,0.0,0.0,20.353377095873302,0.0,0.0,0.0,0.0,0.0,0.0,0.0,0.0,0.0,0.0,8.344687609596798,12.00868948627651,89000.0,0,0,0,49,UTAH
2617,490399,464.75,1411.7185852905825,0.3292086715032782,3.0,0.0,3.0,0.0,51.98215733093393,0.0,0.0,3.0,0.0,0.0,0.0,0.0,0.0,0.0,0.0,18.96043361524265,30.02172371569128,89230.0,0,0,0,49,UTAH
2540,490322,327.75,799.115595218811,0.41014091323077817,359.0,37.5,14.75,306.75,408.11024520780376,27.5,10.0,13.25,1.5,26.5,122.5,44.25,113.5,0.0,0.0,28.09503860681987,21.01520660098389,77804.0,0,0,0,49,UTAH
2620,490402,325.75,907.8423295833996,0.3588178138262,0.0,0.0,0.0,0.0,34.21705731361462,0.0,0.0,0.0,0.0,0.0,0.0,0.0,0.0,0.0,0.0,13.201850712630726,21.01520660098389,96918.0,0,0,0,49,UTAH
2621,490403,293.0,1039.042919776588,0.28199027626596984,0.0,0.0,0.0,0.0,96.64793956758491,0.0,0.0,0.0,0.0,0.0,0.0,0.0,0.0,0.0,65.75362318334783,11.880558030965949,19.013758353271143,89205.0,0,0,0,49,UTAH
2685,490467,268.2499832629461,786.0291845784271,0.3412722943701095,0.0,0.0,0.0,0.0,27.915298722053024,0.0,0.0,0.0,0.0,0.0,0.0,0.0,0.0,0.0,0.0,10.90292573392233,17.012372988130693,86845.0,0,0,0,49,UTAH
2622,490404,265.9999995858162,886.3669103720963,0.30010145513458936,0.0,0.0,0.0,0.0,27.72700908048483,0.0,0.0,0.0,0.0,0.0,0.0,0.0,0.0,0.0,0.0,10.71469903410026,17.01231004638457,103369.0,0,0,0,49,UTAH
2628,490410,237.99999983016974,738.5069380503008,0.3222718536111562,0.0,0.0,0.0,0.0,35.03925579311757,0.0,0.0,0.0,0.0,0.0,0.0,0.0,0.0,0.0,10.11594202002292,9.66222826491111,15.261085508183541,123639.0,0,0,0,49,UTAH
2627,490409,131.75,447.0043534891051,0.294739858732072,146.75,0.0,0.0,146.75,166.04497876928292,0.0,0.0,0.0,0.0,0.0,146.75,0.0,0.0,0.0,0.0,11.289185778431923,8.005792990851006,103369.0,0,0,2989,49,UTAH
2626,490408,457.5,1658.0417181218904,0.27592791845926706,122.0,1.25,0.0,120.75,174.7615303139562,1.25,0.0,0.0,0.0,35.75,34.25,1.75,49.0,0.0,0.0,23.490371004927187,29.271159309028988,132678.0,999,0,0,49,UTAH
2636,490418,86.5,265.7520527342298,0.3254913710356394,1413.75,541.5,31.0,841.25,1482.7915115903577,409.0,132.5,30.5,0.5,72.0,83.5,179.0,506.75,0.0,0.0,63.28741181949371,5.754099770864144,127755.0,0,0,0,49,UTAH
2635,490417,161.0,503.3799251598185,0.3198379433762361,494.5,62.5,6.0,426.0,531.0818219679251,59.25,3.25,5.75,0.25,31.75,98.75,102.0,193.5,0.0,0.0,26.574580729361305,10.00724123856376,123256.0,647,78,0,49,UTAH
2634,490416,326.5,739.4054725966548,0.44157098114704585,83.75,0.25,0.0,83.5,121.39836444512952,0.25,0.0,0.0,0.0,12.75,0.0,0.0,70.75,0.0,0.0,16.633179155191943,21.015185289937577,103369.0,0,0,0,49,UTAH
2633,490415,363.5,1320.7207613507749,0.2752285044934315,211.5,43.75,9.75,158.0,257.8311750949984,13.5,30.25,0.75,9.0,14.25,5.5,81.0,57.25,0.0,0.0,23.31452024630174,23.016654848696646,132678.0,0,0,0,49,UTAH
2625,490407,307.25,1114.9814108161909,0.2755651323147049,127.75,15.25,0.25,112.25,165.64504223289555,13.25,2.0,0.25,0.0,13.75,14.75,8.25,75.5,0.0,0.0,17.880559755768026,20.01448247712752,132678.0,0,0,0,49,UTAH
2644,490426,502.0,1316.2804839175635,0.3813776821380263,672.75,169.0,0.25,503.5,1240.0887257698787,147.0,22.0,0.25,0.0,0.0,41.25,135.75,326.5,1.0121830987300855,0.0,534.053189733978,32.273352937170664,152001.0,0,0,0,49,UTAH
2645,490427,0.0,0.0,0.0,1143.0,0.0,1143.0,0.0,1189.3326605647003,0.0,0.0,1138.0,5.0,0.0,0.0,0.0,0.0,0.0,0.0,46.332660564700205,0.0,152001.0,0,0,0,49,UTAH
2643,490425,62.75,148.408372222494,0.42281981171469984,140.75,0.0,0.0,140.75,153.13842898263383,0.0,0.0,0.0,0.0,0.0,140.75,0.0,0.0,0.0,0.0,8.135692479288002,4.252736503345819,109972.0,799,0,0,49,UTAH
2642,490424,618.25,1614.3002347172985,0.3829832807453379,56.0,6.0,0.25,49.75,123.17296500852936,5.25,0.75,0.25,0.0,4.0,5.75,5.0,35.0,0.0,0.0,27.144405029522865,40.02855997900649,109972.0,0,0,0,49,UTAH
2632,490414,154.5,558.9678010601772,0.2764023253342403,221.0,4.25,51.5,165.25,246.2298490818137,4.25,0.0,0.25,51.25,12.0,0.0,0.25,153.0,0.0,0.0,15.222607843249984,10.00724123856376,132678.0,0,0,0,49,UTAH
2656,490438,6598.75,20722.386341046906,0.31843581580800834,0.0,0.0,0.0,0.0,690.4270639327933,0.0,0.0,0.0,0.0,0.0,0.0,0.0,0.0,0.0,0.0,265.88490223246885,424.5421617003245,128261.0,0,0,0,49,UTAH
2655,490437,393.0,1038.349514456911,0.37848527353099515,0.0,0.0,0.0,0.0,44.015698844266296,0.0,0.0,0.0,0.0,0.0,0.0,0.0,0.0,0.0,0.0,18.747734472469283,25.267964371797014,109972.0,0,0,0,49,UTAH
2624,490406,648.75,1726.121471570479,0.37584261054915624,0.0,0.0,0.0,0.0,68.32892067323546,0.0,0.0,0.0,0.0,0.0,0.0,0.0,0.0,0.0,0.0,26.29850747126767,42.03041320196779,51324.0,0,0,0,49,UTAH
2623,490405,66.0,158.78821014979275,0.41564798757879406,1121.75,36.25,9.5,1076.0,1174.1688045602227,31.25,5.0,9.25,0.25,134.75,46.25,730.5,164.5,0.0,0.0,48.16557783744315,4.253226722779637,51324.0,0,0,0,49,UTAH
2618,490400,268.0,659.4061585747221,0.4064262920735688,3298.75,305.0,483.0,2510.75,3460.3475265394727,264.75,40.25,50.5,432.5,1309.25,228.0,352.75,620.75,0.0,0.0,144.5852164339142,17.012310105558388,51324.0,0,0,0,49,UTAH
2550,490332,0.0,0.0,0.0,4518.5,445.5,211.0,3862.0,4701.659603410509,371.0,74.5,91.75,119.25,1065.5,345.0,675.25,1776.25,0.0,0.0,183.15960341050865,0.0,75570.0,0,0,0,49,UTAH
2631,490413,0.9999999998775219,0.9999999998775219,1.0,1695.7499997923078,340.74999995826556,17.499999997856634,1337.4999998361855,1764.529162449968,119.99999998530262,220.74999997296294,16.24999999800973,1.2499999998469022,208.24999997449393,128.99999998420031,250.999999969258,749.2499999082332,0.0,0.0,68.77916265766012,0.0,51324.0,698,0,0,49,UTAH
2629,490411,0.0,0.0,0.0,999.5,372.5,16.75,610.25,1040.0158517935067,77.5,295.0,15.25,1.5,44.75,37.5,115.0,413.0,0.0,0.0,40.5158517935067,0.0,51324.0,0,0,0,49,UTAH
2543,490325,281.5,779.4006088850598,0.36117498086470384,998.75,133.75,298.25,566.75,1331.649928141575,122.0,11.75,205.75,92.5,52.75,67.25,92.0,354.75,0.0,263.0144927961799,51.8724224270265,18.01301291836845,74404.0,0,0,0,49,UTAH
2547,490329,0.0,0.0,0.0,392.5,92.5,5.0,295.0,408.40911500405326,49.0,43.5,4.75,0.25,17.75,24.0,29.75,223.5,0.0,0.0,15.909115004053286,0.0,75570.0,0,0,0,49,UTAH
2546,490328,230.5,701.4734821264228,0.32859403223806855,34.75,28.25,1.0,5.5,60.51226843394103,28.25,0.0,0.0,1.0,0.0,0.0,0.25,5.25,0.0,0.0,10.751406576095391,15.010861857845638,75570.0,0,0,0,49,UTAH
2545,490327,8.25,21.5256756032797,0.38326323187472966,283.75,0.0,0.0,283.75,296.0793403792348,0.0,0.0,0.0,0.0,0.0,283.5,0.0,0.25,0.0,0.0,11.829020944846578,0.5003194343881767,75570.0,0,0,0,49,UTAH
2544,490326,422.5,1240.8753340209166,0.34048545282219156,28.25,3.25,3.5,21.5,73.54303538682825,3.25,0.0,1.5,2.0,2.0,1.25,0.75,17.5,0.0,0.0,18.2734840427061,27.01955134412215,85040.0,0,0,0,49,UTAH
2541,490323,267.25,1009.8740636479506,0.2646369578347398,49.0,0.0,0.25,48.75,78.83360738669538,0.0,0.0,0.25,0.0,0.0,48.75,0.0,0.0,0.0,0.0,12.821297281136989,17.012310105558388,93596.0,669,0,0,49,UTAH
2549,490331,1203.5,2979.14830653162,0.40397451760336733,2643.75,163.5,64.25,2416.0,2876.4874110165174,107.0,56.5,63.25,1.0,909.5,138.5,138.25,1229.75,0.0,0.0,155.68214369901054,77.05526731750712,75570.0,0,0,0,49,UTAH
2548,490330,0.0,0.0,0.0,600.75,54.0,22.75,524.0,625.0935489527577,45.0,9.0,21.75,1.0,178.25,60.75,91.0,194.0,0.0,0.0,24.343548952757672,0.0,75570.0,0,0,0,49,UTAH
2551,490333,0.0,0.0,0.0,625.25,37.75,18.5,569.0,650.6103695100987,33.5,4.25,17.75,0.75,354.0,39.25,53.75,122.0,0.0,0.0,25.36036951009872,0.0,75570.0,0,0,0,49,UTAH
2554,490336,146.75,428.4504520916928,0.3425133508053669,491.0,60.5,15.25,415.25,526.1140486359869,50.0,10.5,14.75,0.5,40.0,73.25,88.0,214.0,0.0,0.0,25.85737180408548,9.256676831901473,85040.0,0,0,0,49,UTAH
2556,490338,0.0,0.0,0.0,957.75,383.25,16.0,558.5,996.5819441969034,113.5,269.75,8.5,7.5,236.0,33.25,104.25,185.0,0.0,0.0,38.83194419690341,0.0,72767.0,0,0,0,49,UTAH
2557,490339,664.5,1986.4004088168567,0.3345246995774586,1416.0,323.0,147.25,945.75,1543.372612204082,295.5,27.5,74.25,73.0,481.75,74.5,165.0,224.5,0.0,0.0,84.34147487825771,43.03113732582416,72767.0,0,0,0,49,UTAH
2558,490340,1.9999999639342683,4.4111261539746005,0.4533989494116346,53.74999903073346,7.999999855737073,8.749999842212423,36.999999332783965,56.01334177133473,7.499999864753506,0.49999999098356707,7.999999855737073,0.7499999864753506,3.9999999278685365,7.749999860245289,5.249999905327455,19.999999639342683,0.0,0.0,2.263342740601275,0.0,72767.0,0,0,0,49,UTAH
2641,490423,722.5,1828.0112047680725,0.3952382775966992,0.0,0.0,0.0,0.0,82.8118057100325,0.0,0.0,0.0,0.0,0.0,0.0,0.0,0.0,0.0,0.0,36.02799555001064,46.78381016002187,109972.0,0,0,0,49,UTAH
2649,490431,110.5,280.485172935145,0.393960218444596,0.0,0.0,0.0,0.0,11.48318285341469,0.0,0.0,0.0,0.0,0.0,0.0,0.0,0.0,0.0,0.0,4.478113986420058,7.005068866994631,109972.0,0,0,0,49,UTAH
2637,490419,0.0,0.0,0.0,2381.2500060409557,343.0000008701513,31.500000079911853,2006.7500050908925,2477.7784842054957,83.25000021119561,259.7500006589557,30.000000076106527,1.5000000038053263,1455.7500036930692,73.75000018709521,186.00000047186046,291.2500007388675,0.0,0.0,96.5284781645403,0.0,100955.0,0,0,0,49,UTAH
2652,490434,373.75,945.1720742298858,0.39543064188023835,33.75,0.0,0.0,33.75,76.85032349331298,0.0,0.0,0.0,0.0,0.0,33.75,0.0,0.0,0.0,0.0,18.83261428251108,24.267709210801907,109972.0,710,0,0,49,UTAH
2647,490429,635.7500001666249,1780.6305987723717,0.35703643451085976,0.0,0.0,0.0,0.0,66.80228429032115,0.0,0.0,0.0,0.0,0.0,0.0,0.0,0.0,0.0,0.0,25.7725952014562,41.02968908886496,101097.0,0,0,0,49,UTAH
2651,490433,234.7499999027753,659.3096330859826,0.3560542545146778,0.0,0.0,0.0,0.0,24.528226867550934,0.0,0.0,0.0,0.0,0.0,0.0,0.0,0.0,0.0,0.0,9.517365015922234,15.010861851628698,101939.0,0,0,0,49,UTAH
2650,490432,1082.75,2677.126639192528,0.40444481936296367,10.5,1.75,5.5,3.25,126.22161417643684,1.75,0.0,5.5,0.0,1.0,0.25,0.0,2.0,1.0121830987300855,0.0,45.15612046017719,69.55331061752956,100955.0,0,0,0,49,UTAH
2653,490435,105.0,284.2093816017907,0.3694459324608672,315.25,63.25,134.75,117.25,339.37631324604354,60.0,3.25,133.25,1.5,17.75,11.75,17.25,70.5,0.0,0.0,17.371318841162974,6.754994404880565,109972.0,0,0,0,49,UTAH
2711,490493,523.75,1446.4475373868236,0.36209401755850446,290.75,27.5,71.5,191.75,357.8210081989912,26.75,0.75,35.0,36.5,77.25,38.5,21.75,54.25,0.0,0.0,33.046387976979645,34.024620222011535,140614.0,927,0,0,49,UTAH
2707,490489,478.75,1292.4936478929478,0.37040800995847756,387.25,97.5,25.75,264.0,455.15336080714246,70.75,26.75,2.25,23.5,13.0,13.25,54.0,183.75,0.0,0.0,37.13103005180155,30.772330755340956,127394.0,0,0,0,49,UTAH
2714,490496,202.5,514.9393807020431,0.3932501719404747,0.0,0.0,0.0,0.0,21.21675580511601,0.0,0.0,0.0,0.0,0.0,0.0,0.0,0.0,0.0,0.0,8.207342194983125,13.009413610132883,141904.0,0,0,0,49,UTAH
2708,490490,107.25,342.5361259941052,0.31310566057445777,57.5,15.5,3.25,38.75,71.18620643145911,15.5,0.0,0.0,3.25,0.25,0.0,0.0,38.5,0.0,0.0,6.6811375644644775,7.005068866994631,132626.0,0,0,0,49,UTAH
2709,490491,76.0,242.1676838286579,0.3138321298632589,0.0,0.0,0.0,0.0,8.084357454730013,0.0,0.0,0.0,0.0,0.0,0.0,0.0,0.0,0.0,0.0,3.0807368354481324,5.00362061928188,132626.0,0,0,0,49,UTAH
2706,490488,49.5,137.1489718333993,0.36092140785517346,0.0,0.0,0.0,0.0,4.965289575515172,0.0,0.0,0.0,0.0,0.0,0.0,0.0,0.0,0.0,0.0,1.963223770072384,3.002065805442788,152001.0,0,0,0,49,UTAH
2699,490481,349.75,1249.9035905591202,0.2798215819538098,0.0,0.0,0.0,0.0,36.69177094421013,0.0,0.0,0.0,0.0,0.0,0.0,0.0,0.0,0.0,0.0,14.175499473935364,22.516271470274763,137505.0,0,0,0,49,UTAH
2702,490484,576.5,1547.2174241082605,0.3726043870868802,1230.0,460.25,80.25,689.5,1346.456141148324,239.25,221.0,7.25,73.0,46.5,213.0,74.75,355.25,0.0,0.0,79.42954039773936,37.02660075058479,132959.0,0,0,0,49,UTAH
2690,490472,349.75,1089.56429152575,0.320999873729557,61.0,0.0,0.25,60.75,100.16772729109886,0.0,0.0,0.25,0.0,0.0,60.75,0.0,0.0,0.0,0.0,16.651413187836695,22.516314103262157,123845.0,0,1194,0,49,UTAH
2691,490473,223.25,647.2094267857668,0.34494244175139016,96.0,16.75,26.75,52.5,122.95254831737482,14.75,2.0,2.25,24.5,3.75,7.0,3.0,38.75,0.0,0.0,12.942410583385556,14.010137733989264,111764.0,0,0,0,49,UTAH
2689,490471,152.75,474.8372625408394,0.32168915973999074,0.0,0.0,0.0,0.0,16.199546609022498,0.0,0.0,0.0,0.0,0.0,0.0,0.0,0.0,0.0,0.0,6.19230537045874,10.00724123856376,123233.0,0,0,0,49,UTAH
2703,490485,243.75,707.2885661559204,0.34462595843273647,567.25,78.25,108.5,380.5,616.1371078780644,29.75,48.5,1.0,107.5,57.0,22.0,50.0,251.5,0.0,0.0,32.87552189636239,16.011585981702012,112892.0,0,0,0,49,UTAH
2704,490486,224.0,848.2791609021078,0.26406401374022415,0.0,0.0,0.0,0.0,23.090204196362706,0.0,0.0,0.0,0.0,0.0,0.0,0.0,0.0,0.0,0.0,9.080066462373445,14.010137733989264,109118.0,0,0,0,49,UTAH
2705,490487,343.0,1143.6967937381369,0.29990466168827434,87.75,0.0,0.25,87.5,127.22677081843952,0.0,0.0,0.25,0.0,30.75,2.25,0.0,54.5,0.0,0.0,17.46084009359926,22.01593072484027,85589.0,0,0,0,49,UTAH
2710,490492,122.0,386.017413790642,0.31604791815471606,14.0,0.0,1.25,12.75,27.51869048586345,0.0,0.0,1.25,0.0,5.0,4.0,2.0,1.75,0.0,0.0,5.512897495012448,8.005792990851006,132626.0,0,0,0,49,UTAH
2698,490480,381.0,1171.2465931301729,0.3252944360604475,104.0,0.0,13.0,91.0,147.67734430403124,0.0,0.0,13.0,0.0,17.5,49.5,1.0,23.0,0.0,0.0,19.65996533147821,24.01737897255302,92729.0,0,0,0,49,UTAH
2692,490474,572.75,1599.8816919700478,0.3579952210683356,177.75,47.25,2.0,128.5,260.1934311863715,0.75,46.5,0.25,1.75,2.25,123.0,1.25,2.0,0.0,0.0,45.416766513542576,37.026664672828986,112892.0,0,0,2537,49,UTAH
2694,490476,357.5,1216.2619196644605,0.29393339890031767,86.5,0.75,9.0,76.75,127.51772508838664,0.0,0.75,8.0,1.0,44.0,4.0,11.0,17.75,0.0,0.0,18.001070239689994,23.016654848696646,117955.0,0,0,0,49,UTAH
2695,490477,442.5,1305.3003649244667,0.33900243337908353,0.0,0.0,0.0,0.0,46.45805530378564,0.0,0.0,0.0,0.0,0.0,0.0,0.0,0.0,0.0,0.0,17.93746040141894,28.5205949023667,85999.0,0,0,0,49,UTAH
2787,490569,1906.75,5034.588125815563,0.37873008721862855,1895.0,154.75,148.75,1591.5,2172.7949050167754,126.5,28.25,38.25,110.5,79.0,403.0,680.0,429.5,2.0243661974601705,0.0,153.18221757803292,122.58832124128234,91242.0,0,0,0,49,UTAH
2677,490459,343.5,1070.470371468915,0.320886975627961,108.5,1.0,2.5,105.0,149.06884445199833,1.0,0.0,0.5,2.0,6.75,1.0,0.0,97.25,0.0,0.0,18.552935038204367,22.015909413793956,91242.0,0,0,0,49,UTAH
2671,490453,478.75,1416.676439801516,0.3379388451374793,171.75,13.0,65.25,93.5,228.88062626418048,12.0,1.0,1.5,63.75,21.75,10.5,20.25,41.0,0.0,0.0,26.358402085860646,30.77222417831986,68889.0,0,0,0,49,UTAH
2670,490452,446.0,1165.118434887719,0.3827937028933719,719.0,3.5,25.75,689.75,799.0192663561886,2.25,1.25,21.75,4.0,4.0,385.25,3.25,297.25,0.0,0.0,51.49860750978826,28.520658846400405,59008.0,866,0,0,49,UTAH
2783,490565,596.5,1453.451698713682,0.41040235497877775,230.5,0.0,3.25,227.25,302.29168530470906,0.0,0.0,2.25,1.0,27.25,152.5,1.0,46.5,0.0,0.0,33.51398756992635,38.27769773478269,80035.0,0,0,2393,49,UTAH
2788,490570,605.5,1849.2615762187493,0.3274279895211403,373.75,0.0,0.25,373.5,452.9703406234556,0.0,0.0,0.25,0.0,0.5,373.0,0.0,0.0,0.0,0.0,40.19212110410331,39.02821951935234,117317.0,576,327,0,49,UTAH
2672,490454,344.75,898.4991054528474,0.38369542930846273,442.0,40.5,6.25,395.25,496.4103767861681,35.5,5.0,6.0,0.25,25.25,47.75,46.0,276.25,0.0,0.0,32.14426503308746,22.26611175308068,71196.0,0,0,0,49,UTAH
2661,490443,386.5,890.5178090418167,0.43401714831045096,1722.25,673.5,225.25,823.5,1832.9000227434617,213.5,460.0,171.75,53.5,86.75,75.25,178.25,483.25,0.0,0.0,85.63153599374472,25.018486749716875,36579.0,0,0,0,49,UTAH
2669,490451,537.75,1792.3420153156949,0.3000264432819666,569.25,149.0,15.75,404.5,649.1464950079335,86.5,62.5,11.75,4.0,21.25,29.75,105.25,248.25,0.0,0.0,44.87115067296028,35.025344334973155,82722.0,0,0,0,49,UTAH
2667,490449,266.0,682.7330253136813,0.3896105653857691,296.0,23.0,7.25,265.75,335.8123615621538,23.0,0.0,0.0,7.25,17.75,42.25,159.75,46.0,0.0,0.0,22.800051456595355,17.012310105558388,57297.0,0,0,0,49,UTAH
2668,490450,228.25,397.82957767943776,0.5737381351366458,621.25,30.0,200.25,391.0,670.6959558308122,28.0,2.0,23.75,176.5,24.0,77.25,125.0,164.75,0.0,0.0,34.4350939729666,15.010861857845638,38529.0,453,0,0,49,UTAH
2779,490561,774.75,2458.3164256696923,0.31515470991043937,385.0,31.0,18.0,336.0,513.3969501765739,30.75,0.25,14.0,4.0,112.75,42.25,80.25,100.75,0.0,30.347826078584703,48.01291790517038,50.0362061928188,75176.0,519,22,174,49,UTAH
2664,490446,419.25,921.581266728314,0.45492461179074367,1702.0,421.75,259.5,1020.75,1819.9500566037807,223.25,198.5,39.75,219.75,177.5,88.5,148.0,606.75,0.0,0.0,90.93059051473844,27.01946608904213,36579.0,0,0,0,49,UTAH
2665,490447,47.25,123.8117375940413,0.38162779166321953,1749.5,277.0,496.0,976.5,1829.776566695949,250.5,26.5,14.5,481.5,119.75,241.0,192.5,423.25,0.0,0.0,77.2744582684137,3.0021084275354224,55929.0,0,0,0,49,UTAH
2666,490448,212.25,414.7861698157355,0.5117094431916327,834.75,262.0,208.25,364.5,898.7331318477726,147.5,114.5,81.0,127.25,49.0,9.75,78.75,227.0,0.0,0.0,50.22311119799004,13.76002064978256,38900.0,0,0,0,49,UTAH
2770,490552,481.75,1047.5638700045592,0.45987649421118665,1109.0,318.25,22.0,768.75,1204.5051115663848,63.75,254.5,19.5,2.5,438.25,59.75,203.75,67.0,0.0,0.0,64.48266372683734,31.02244783954765,51709.0,0,0,0,49,UTAH
2658,490440,424.25,999.523836999871,0.4244521083893417,301.0,20.5,67.0,213.5,360.90528502722015,19.5,1.0,6.25,60.75,13.5,111.75,23.25,65.0,0.0,0.0,32.63561658799653,27.269668439223604,57339.0,743,0,0,49,UTAH
2659,490441,125.0,309.66329830878186,0.4036642401042819,1059.75,119.5,396.5,543.75,1115.7706390599017,108.5,11.0,12.25,384.25,92.0,71.25,88.25,292.25,0.0,0.0,48.01493132413056,8.005707735770985,56267.0,0,0,0,49,UTAH
2755,490537,65.0,153.77514083358255,0.4226951095453318,1006.75,58.75,237.25,710.75,1054.3470825813165,5.75,53.0,213.0,24.25,530.75,58.0,22.0,100.0,0.0,0.0,43.59384504378123,4.003237537535101,67267.0,411,0,100,49,UTAH
2748,490530,48.5,128.65264733783383,0.37698408080668583,2329.5,239.0,556.0,1534.5,2428.94158918561,175.75,63.25,132.75,423.25,746.5,72.25,119.25,596.5,0.0,0.0,96.43945944702844,3.00212973858174,60581.0,0,0,0,49,UTAH
2757,490539,638.0,1459.3485918334115,0.43718135856660995,402.5,40.0,6.25,356.25,485.8909278895303,23.0,17.0,2.0,4.25,185.5,25.5,8.75,136.5,0.0,0.0,42.61159038250361,40.7793375070267,58545.0,0,0,0,49,UTAH
2663,490445,142.0,302.7409209411005,0.46904792242349913,2371.5,1361.5,86.0,924.0,2481.404802661441,754.75,606.75,14.5,71.5,94.75,66.5,241.25,521.5,0.0,0.0,100.89828554673352,9.006517114707382,36579.0,0,0,0,49,UTAH
2604,490386,312.75,858.453840213054,0.36431778314647717,354.25,73.25,19.25,261.75,401.3860590348549,64.5,8.75,10.25,9.0,22.5,21.75,19.25,198.25,0.0,0.0,26.87139559485549,20.264663439999403,80705.0,0,0,0,49,UTAH
2588,490370,162.25,417.7036361069696,0.3884332957026245,0.0,0.0,0.0,0.0,57.72002822157303,0.0,0.0,0.0,0.0,0.0,0.0,0.0,0.0,0.0,0.0,47.21285121282333,10.507177008749704,83312.0,0,0,0,49,UTAH
2583,490365,639.1212368567974,1825.764851125173,0.3500567099114232,17.55693592281168,0.9753853290450933,6.340004638793107,10.24154595497348,85.160569495059,0.9753853290450933,0.0,0.0,6.340004638793107,9.266160625928388,0.0,0.0,0.9753853290450933,0.0,0.0,26.364094904263904,41.23953866798341,83312.0,0,0,0,49,UTAH
2657,490439,118.75,277.0861548512656,0.4285670645064986,819.75,438.25,91.75,289.75,865.5491586156322,290.75,147.5,7.5,84.25,23.75,22.0,19.0,225.0,0.0,0.0,38.043546653021565,7.755611962610601,55929.0,0,0,0,49,UTAH
2564,490346,229.96065354381818,638.2834032210576,0.360279857479195,0.0,0.0,0.0,0.0,54.85042345436122,0.0,0.0,0.0,0.0,0.0,0.0,0.0,0.0,0.6465619080277153,0.0,39.3416177418343,14.862243804499217,83312.0,0,0,0,49,UTAH
2571,490353,0.0,0.0,0.0,1392.5,293.25,622.5,476.75,1448.9510173457595,291.0,2.25,314.75,307.75,359.75,16.25,12.75,88.0,0.0,0.0,56.45101734575957,0.0,83312.0,0,0,0,49,UTAH
2569,490351,3.0,7.018543722533082,0.42743909828024296,354.5,0.25,229.0,125.25,368.99234762810966,0.25,0.0,63.5,165.5,122.25,2.0,1.0,0.0,0.0,0.0,14.492347628109677,0.0,83312.0,0,0,0,49,UTAH
2730,490512,0.0,0.0,0.0,1344.25,335.75,17.0,991.5,1398.742026814923,320.75,15.0,11.5,5.5,712.5,50.25,58.75,170.0,0.0,0.0,54.492026814922994,0.0,83312.0,0,0,0,49,UTAH
2729,490511,0.0,0.0,0.0,3264.5,316.75,742.0,2205.75,3396.834261755964,289.75,27.0,316.5,425.5,1233.0,26.25,30.0,916.5,0.0,0.0,132.3342617559635,0.0,83312.0,0,0,0,49,UTAH
2726,490508,0.0,0.0,0.0,203.75,0.0,171.75,32.0,212.0091655982476,0.0,0.0,130.25,41.5,18.0,0.0,0.0,14.0,0.0,0.0,8.259165598247602,0.0,83312.0,0,0,0,49,UTAH
2566,490348,4.0,9.625961211546311,0.41554291691950845,791.0,29.5,513.25,248.25,823.2253626396371,26.5,3.0,135.0,378.25,137.0,59.0,11.5,40.75,0.0,0.0,32.2253626396371,0.0,83312.0,0,0,0,49,UTAH
2784,490566,387.25,1143.3417510014278,0.3387001302636034,49.0,0.75,0.0,48.25,91.71010490170224,0.0,0.75,0.0,0.0,18.25,2.0,19.0,9.0,0.0,0.0,17.692001805292843,25.0181030964094,79428.0,0,0,0,49,UTAH
2786,490568,256.75,846.6735257991828,0.3032455748012805,48.0,0.0,0.0,48.0,77.12764551128555,0.0,0.0,0.0,0.0,14.25,1.0,0.0,32.75,0.0,0.0,12.615676151161654,16.511969360123896,85941.0,0,0,0,49,UTAH
2772,490554,429.0,1173.032602297638,0.3657187354892871,167.25,1.75,1.75,163.75,219.68096435392889,0.75,1.0,0.75,1.0,84.5,59.25,3.25,16.75,0.0,0.0,24.410688885950336,28.02027546797852,67702.0,820,0,0,49,UTAH
2768,490550,25.0,40.47321592428027,0.6176924523806437,665.5,47.75,122.5,495.25,695.4910324554249,44.5,3.25,51.75,70.75,267.0,18.75,92.0,117.5,0.0,0.0,27.989584207712166,2.0014482477127515,29406.0,0,0,0,49,UTAH
2774,490556,405.5,1075.9946325954702,0.376860615951094,139.0,4.0,1.25,133.75,187.0968394433632,4.0,0.0,0.25,1.0,3.25,111.75,6.0,12.75,0.0,0.0,22.0780122230974,26.01882722026577,48069.0,515,0,0,49,UTAH
2773,490555,1136.75,2906.18637436912,0.3911483482358449,715.5,22.75,62.25,630.5,865.7161176155876,5.0,17.75,39.0,23.25,363.0,216.0,30.75,20.75,0.0,0.0,76.91437565039412,73.30174196519346,43534.0,159,0,0,49,UTAH
2769,490551,371.75,653.4568936363822,0.5688975104865314,1579.5,234.25,211.0,1134.25,1689.9970086489138,102.75,131.5,18.0,193.0,462.5,244.75,140.25,286.75,0.0,0.0,86.72976807161378,23.767240577300004,29406.0,0,0,0,49,UTAH
2752,490534,687.0,1650.0417805755278,0.4163530936534087,707.75,209.0,102.0,396.75,809.5827126395066,88.75,120.25,2.25,99.75,134.75,60.0,74.5,127.5,0.0,0.0,57.80085118982597,44.03186144968055,58854.0,0,0,0,49,UTAH
2753,490535,582.5,1649.2205888610197,0.3531971429014748,690.5,31.25,37.5,621.75,781.8747769610135,23.0,8.25,4.75,32.75,20.75,197.5,16.75,386.75,0.0,0.0,53.84764363289312,37.5271333281204,77014.0,421,0,2239,49,UTAH
2754,490536,596.25,1813.8677879434183,0.32871745336854696,0.0,0.0,0.0,0.0,62.20134800940029,0.0,0.0,0.0,0.0,0.0,0.0,0.0,0.0,0.0,0.0,24.173831302858,38.027516706542286,82451.0,0,0,0,49,UTAH
2746,490528,450.75,1372.6013350521814,0.3283910546268441,163.0,5.5,38.0,119.5,216.8953854185613,5.5,0.0,2.0,36.0,25.25,19.25,3.25,71.75,0.0,0.0,24.874385826726385,29.0209995918349,81368.0,0,0,0,49,UTAH
2747,490529,406.5,1192.7256765432107,0.3408160048823038,0.0,0.0,0.0,0.0,42.7477291537689,0.0,0.0,0.0,0.0,0.0,0.0,0.0,0.0,0.0,0.0,16.72890193350313,26.01882722026577,132651.0,0,0,0,49,UTAH
2737,490519,38.75,121.93062403510262,0.3178036716095561,558.5,112.75,10.5,435.25,584.9600388359562,45.25,67.5,0.75,9.75,41.5,163.75,0.25,229.75,0.0,0.0,24.20840956000299,2.251629275953157,72724.0,0,0,0,49,UTAH
2766,490548,684.0,1509.8118575524416,0.4530365797423485,753.0,288.75,30.0,434.25,857.7541565288202,178.75,110.0,6.5,23.5,320.0,23.25,58.0,33.0,0.0,0.0,60.72229507913967,44.03186144968055,58545.0,0,0,0,49,UTAH
2758,490540,527.5,1354.9242532420649,0.3893206566623907,1371.25,274.5,85.5,1011.25,1482.3818221532172,167.25,107.25,10.25,75.25,591.25,39.25,201.5,179.25,0.0,0.0,77.1074790292814,34.024343123935644,58545.0,0,0,0,49,UTAH
2749,490531,140.75,400.1171675296845,0.3517719593712705,816.75,112.5,364.75,339.5,864.4668790096782,84.0,28.5,215.25,149.5,51.25,30.0,95.25,163.0,0.0,0.0,38.71057504901312,9.006303960665196,52957.0,0,0,0,49,UTAH
2759,490541,676.0,1491.9650524520223,0.45309372286502564,2807.0,1960.5,479.5,367.0,2991.2192212431946,1955.25,5.25,273.0,206.5,117.5,35.0,86.75,127.75,0.0,0.0,141.18808391737048,43.03113732582416,52957.0,0,0,0,49,UTAH
2750,490532,163.0,442.9884333864956,0.36795543114731133,2945.0,359.0,724.75,1861.25,3082.78629100228,319.0,40.0,137.5,587.25,181.75,275.75,377.0,1026.75,0.0,0.0,127.52880476965268,10.257486232627375,60581.0,317,167,132,49,UTAH
2741,490523,198.75,477.285295769705,0.41641760548998535,1582.0,222.75,418.25,941.0,1667.0901962114483,130.75,92.0,25.5,392.75,355.0,84.25,117.25,384.5,0.0,0.0,72.08103838834494,13.009157823103312,60581.0,0,0,0,49,UTAH
2727,490509,0.0,0.0,0.0,2815.25,271.0,993.0,1551.25,2929.36013263728,257.25,13.75,61.5,931.5,533.25,118.0,94.75,805.25,0.0,0.0,114.11013263727986,0.0,83312.0,0,0,0,49,UTAH
2743,490525,431.25,1103.9754103395676,0.39063370067939596,7.0,0.75,0.75,5.5,58.167999123294265,0.5,0.25,0.0,0.75,1.25,0.5,1.75,2.0,0.0,0.0,23.397776730120217,27.77022239317405,60581.0,0,0,0,49,UTAH
2744,490526,96.0,265.1970080553159,0.3619950341972784,1960.25,631.0,388.25,941.0,2053.6702796878526,514.0,117.0,113.75,274.5,69.75,105.75,76.0,689.5,0.0,0.0,87.41604152173538,6.004238166117162,60581.0,0,0,0,49,UTAH
2732,490514,2.25,3.254904501695176,0.6912645206113375,1424.75,54.25,1037.75,332.75,1482.5743217215825,52.5,1.75,861.75,176.0,58.75,84.25,33.5,156.25,0.0,0.0,57.82432172158245,0.0,60581.0,0,0,0,49,UTAH
2824,490606,24.999999972702426,57.14898730062756,0.43745307053635046,4316.249995287074,886.249999032301,535.99999941474,2893.999996840033,4494.221202098142,834.24999908908,51.99999994322105,388.9999995752498,146.99999983949027,1343.4999985330285,233.49999974504067,380.749999584258,936.2499989777059,0.0,0.0,175.96975856554064,2.0014482455273646,70574.0,0,0,0,49,UTAH
2735,490517,181.0,522.1695033299534,0.34663073742479367,282.25,54.25,47.25,180.75,312.7903747898663,22.25,32.0,5.25,42.0,35.75,25.75,11.0,108.25,0.0,0.0,18.781845020783862,11.758529769082422,61067.0,0,0,0,49,UTAH
2800,490582,0.0,0.0,0.0,1518.25,189.25,738.0,591.0,1579.8156663772832,186.25,3.0,675.0,63.0,304.5,30.5,24.25,231.75,0.0,0.0,61.56566637728321,0.0,76529.0,0,0,0,49,UTAH
2791,490573,258.0740328495734,701.6366017668845,0.3678172321678813,216.25541159104807,54.7569792169641,3.003547383209001,158.494884990875,252.1430991259905,48.28780023774471,6.469178979219387,3.003547383209001,0.0,1.6172947448048467,22.642126427267854,53.832810791361325,80.40265302744095,0.0,0.0,19.00910516854597,16.878582366396436,76529.0,0,0,0,49,UTAH
2803,490585,1368.425969058864,3818.964045552553,0.3583238681318538,85.49459000724366,4.743021187717227,0.24645263898869701,80.50511618053773,233.8565793103422,4.212200119126187,0.5308210685910397,0.24645263898869701,0.0,0.13270526714775993,69.3578737401259,4.417189606489724,6.597347566774351,0.0,0.0,59.914037791351674,88.44795151174687,76529.0,546,0,0,49,UTAH
2805,490587,0.0,0.0,0.0,134.25,17.75,60.5,56.0,139.69361593257173,17.0,0.75,60.5,0.0,0.0,13.0,13.25,29.75,0.0,0.0,5.4436159325717375,0.0,76529.0,0,0,0,49,UTAH
2810,490592,1170.5,2457.236928451105,0.47634804216368876,0.0,0.0,0.0,0.0,122.50209320602372,0.0,0.0,0.0,0.0,0.0,0.0,0.0,0.0,0.0,0.0,47.44778391679554,75.05430928922819,76529.0,0,0,0,49,UTAH
2811,490593,506.25,1064.832910997735,0.47542670288585476,283.5,55.25,11.25,217.0,348.03064764010514,43.0,12.25,11.25,0.0,19.0,22.5,28.75,146.75,0.0,0.0,32.007134931266634,32.523512708838524,76529.0,0,0,0,49,UTAH
2808,490590,260.75,761.6691167402688,0.3423402554588759,0.0,0.0,0.0,0.0,27.0553896887699,0.0,0.0,0.0,0.0,0.0,0.0,0.0,0.0,0.0,0.0,10.54348427267971,16.51190541609019,76529.0,0,0,0,49,UTAH
2813,490595,304.75,1051.407448364901,0.2898495730403401,0.0,0.0,0.0,0.0,31.86499308262922,0.0,0.0,0.0,0.0,0.0,0.0,0.0,0.0,0.0,0.0,12.3509152949699,19.51407778765932,76529.0,0,0,0,49,UTAH
2809,490591,750.0,2185.8197132420546,0.3431207045376967,0.0,0.0,0.0,0.0,78.43663050522977,0.0,0.0,0.0,0.0,0.0,0.0,0.0,0.0,0.0,0.0,30.401872560123728,48.03475794510604,76529.0,0,0,0,49,UTAH
2814,490596,165.0,559.5988254309627,0.29485408564417354,39.0,0.0,0.25,38.75,57.9625900704542,0.0,0.0,0.25,0.0,0.0,38.75,0.0,0.0,0.0,0.0,8.204869691202934,10.75772037925127,76529.0,0,0,0,49,UTAH
2816,490598,324.0,679.4395573012424,0.476863609894807,288.75,79.75,4.0,205.0,334.6025787500298,51.75,28.0,3.75,0.25,11.75,18.5,46.75,128.0,0.0,0.0,24.837372149045898,21.01520660098389,76529.0,0,0,0,49,UTAH
2815,490597,166.0,571.45883870651,0.29048461368755607,340.75,55.0,28.25,257.5,372.0334243301024,27.75,27.25,15.0,13.25,10.25,62.0,40.25,145.0,0.0,0.0,20.525661317863776,10.75776301223866,76529.0,576,0,0,49,UTAH
2817,490599,0.0,0.0,0.0,2644.5,399.0,613.5,1632.0,2751.696683780536,342.5,56.5,189.0,424.5,367.75,122.25,342.75,799.25,0.0,0.0,107.1966837805362,0.0,76529.0,0,0,0,49,UTAH
2812,490594,1.0,1.8037087445066164,0.5544132349779889,1795.5,258.5,1037.25,499.75,1868.3096189337275,221.75,36.75,934.5,102.75,52.0,40.25,73.0,334.5,0.0,0.0,72.80961893372735,0.0,76529.0,0,0,0,49,UTAH
2807,490589,1.0,1.8037087445066164,0.5544132349779889,2685.5,222.5,619.5,1843.5,2794.4128799595246,186.75,35.75,160.75,458.75,220.75,480.5,228.75,913.5,0.0,0.0,108.91287995952464,0.0,76529.0,0,0,0,49,UTAH
2818,490600,873.0,2365.4785465382606,0.3690585151480593,268.75,0.0,0.0,268.75,371.3057906362149,0.0,0.0,0.0,0.0,0.0,0.5,0.0,268.25,0.0,0.0,46.26505867201739,56.290731964197455,76529.0,0,0,0,49,UTAH
2820,490602,221.0,691.973324280877,0.31937647340621256,519.0,56.5,285.5,177.0,563.0037369934743,55.5,1.0,239.75,45.75,23.5,8.0,8.75,136.75,0.0,0.0,29.993599259484977,14.010137733989264,74306.0,0,0,0,49,UTAH
2930,490712,886.75,2124.248030519957,0.4174418369510966,2199.75,313.5,68.75,1817.5,2381.7055251283477,181.25,132.25,67.75,1.0,86.5,572.0,298.25,860.75,0.0,0.0,125.1643032087068,56.79122191964043,74306.0,0,0,0,49,UTAH
2823,490605,2.0,4.411126233519848,0.4533989494116346,2644.75,142.0,1179.75,1323.0,2751.556222510967,125.5,16.5,1112.75,67.0,230.0,356.25,250.5,486.25,0.0,0.0,106.80622251096688,0.0,76529.0,0,0,0,49,UTAH
2934,490716,609.2577712481266,1567.5925532148717,0.38865824540863003,18.04158992771893,2.6914129095712185,1.5509837106003632,13.79919330754735,82.63869579803496,2.4861356537564645,0.20527725581475395,1.505366542641529,0.045617167958834214,0.6842575193825132,5.154739979348266,1.5509837106003632,6.409212098216207,0.012021499834120299,0.0,25.446014189534495,39.13907018094741,45886.0,0,0,0,49,UTAH
2933,490715,218.0758631566535,483.4727189685465,0.45106136210105574,0.0,0.0,0.0,0.0,24.308355410050044,0.0,0.0,0.0,0.0,0.0,0.0,0.0,0.0,1.5236079580889703,0.0,8.850909575141173,13.933837876819895,66338.0,0,0,0,49,UTAH
2936,490717,41.09675920366741,108.47313335513282,0.37886578853696184,179.70840987447653,26.808587060920644,15.449016272394948,137.45080654116094,191.21914521234928,24.76386431898602,2.0447227419346254,14.99463344085392,0.4543828315410279,6.815742473115418,51.34525996413615,15.449016272394948,63.84078783151442,0.0061753027967926906,0.0,8.94722796730578,2.5573320677701963,45886.0,0,0,0,49,UTAH
2833,490615,434.5,1340.6821465733335,0.32408874923153413,908.25,243.25,274.5,390.5,990.6951715486532,90.75,152.5,270.5,4.0,47.0,30.25,69.5,243.75,0.0,0.0,54.42489608067474,28.02027546797852,80931.0,0,0,0,49,UTAH
2826,490608,231.25,607.9880671919503,0.38035285966721305,820.75,245.25,13.0,562.5,878.4119456084852,60.0,185.25,12.75,0.25,23.5,100.75,129.75,308.5,0.0,0.0,42.651083750639614,15.010861857845638,69686.0,0,0,0,49,UTAH
2825,490607,324.75,727.4081240335495,0.4464481345069799,88.0,0.0,0.0,88.0,125.74639849671384,0.0,0.0,0.0,0.0,0.0,88.0,0.0,0.0,0.0,0.0,16.731191895729964,21.01520660098389,69942.0,412,321,308,49,UTAH
2832,490614,533.75,1807.227617738805,0.2953418787766344,33.0,0.0,0.0,33.0,89.9975917001384,0.0,0.0,0.0,0.0,0.0,33.0,0.0,0.0,0.0,0.0,22.972971489021635,34.024620211116776,81822.0,560,0,0,49,UTAH
2831,490613,335.5,628.4526079279789,0.5338509153556549,691.5,69.5,24.75,597.25,755.1475871672635,64.5,5.0,19.25,5.5,302.5,34.5,160.5,99.75,0.0,0.0,41.63165644242324,22.01593072484027,37361.0,0,0,0,49,UTAH
2837,490619,953.75,2120.937416811028,0.4496832355544122,2792.25,594.0,71.25,2127.0,3005.1521763616875,413.0,181.0,60.0,11.25,217.5,346.0,428.75,1134.75,0.0,0.0,151.85800480644846,61.044171555238925,67968.0,0,0,0,49,UTAH
2854,490636,389.0,1054.6657934253565,0.368837220686376,646.75,5.0,23.25,618.5,714.0300281024079,5.0,0.0,1.25,22.0,12.0,48.25,550.25,8.0,0.0,0.0,42.011701344770685,25.26832675763719,66041.0,666,0,0,49,UTAH
2853,490635,830.0,2454.2942591214605,0.33818275739157166,332.0,53.5,84.0,194.5,432.640542041129,19.5,34.0,4.75,79.25,8.75,29.25,59.75,96.75,0.0,0.0,47.60216347674105,53.03837856438792,53100.0,0,0,0,49,UTAH
2843,490625,1877.25,4830.0876133560405,0.3886575462542489,675.5,189.75,59.5,426.25,899.8808521037382,111.0,78.75,40.75,18.75,36.5,80.75,65.75,243.25,0.0,0.0,103.54326493534867,120.83758716838956,62461.0,0,0,0,49,UTAH
2844,490626,577.5,1679.7898405625444,0.34379300675291685,219.0,20.0,7.25,191.75,288.3092050633538,18.25,1.75,1.5,5.75,31.5,86.75,31.0,42.5,0.0,0.0,32.282412480667844,37.02679258268592,48398.0,0,1031,0,49,UTAH
2838,490620,533.0,1530.4025519327106,0.3482743800491488,2896.25,399.25,69.0,2428.0,3069.290724688128,315.75,83.5,58.25,10.75,119.0,204.75,1349.75,754.5,0.0,0.0,139.01610447701125,34.024620211116776,62831.0,0,0,0,49,UTAH
2845,490627,363.0,801.0212657561058,0.45317148934536017,1006.5,299.25,86.5,620.75,1085.0418754796292,229.5,69.75,19.25,67.25,74.25,67.5,154.25,324.75,0.0,0.0,55.5252206309326,23.016654848696646,27283.0,0,0,0,49,UTAH
2855,490637,758.0,1420.456613393861,0.5336312231240417,2596.25,648.5,116.75,1831.0,2781.25312679423,398.75,249.75,54.25,62.5,160.75,194.0,461.5,1014.75,0.0,0.0,135.96764472526775,49.03548206896242,44920.0,0,0,0,49,UTAH
2827,490609,149.25,428.337183537379,0.34844044770391885,965.25,340.25,37.5,587.5,1020.436998673898,144.5,195.75,29.0,8.5,31.75,34.0,301.25,220.5,0.0,0.0,45.179757435334295,10.00724123856376,87293.0,0,0,0,49,UTAH
2830,490612,227.25,701.6453704289579,0.32388156407426794,0.0,0.0,0.0,0.0,119.88955795276884,0.0,0.0,0.0,0.0,0.0,0.0,0.0,0.0,0.0,0.0,105.12936734259743,14.760190610171415,108177.0,0,0,0,49,UTAH
2740,490522,430.0,1219.640689961192,0.35256285194427406,0.0,0.0,0.0,0.0,45.2132496011751,0.0,0.0,0.0,0.0,0.0,0.0,0.0,0.0,0.0,0.0,17.443133850390666,27.770115750784434,127028.0,0,0,0,49,UTAH
2834,490616,473.5,1255.5086710617538,0.37713797675293814,568.0,185.75,10.25,372.0,640.2413841596552,102.0,83.75,8.0,2.25,63.75,68.5,27.75,212.0,0.0,0.0,42.21966044396405,30.02172371569128,69546.0,571,0,0,49,UTAH
2829,490611,664.25,2002.02408629315,0.3317892149988529,7.0,0.0,7.0,0.0,77.24448815631636,0.0,0.0,7.0,0.0,0.0,0.0,0.0,0.0,0.0,0.0,27.213350830492203,43.03113732582416,111551.0,0,0,0,49,UTAH
2835,490617,282.25,729.3121322860725,0.3870085077499952,252.5,0.0,0.25,252.25,292.949168832969,0.0,0.0,0.25,0.0,0.0,252.25,0.0,0.0,0.0,0.0,22.436134603554244,18.013034229414764,105921.0,0,0,1519,49,UTAH
2828,490610,612.25,2006.683140235273,0.305105468683121,32.0,0.0,0.0,32.0,97.40267180133766,0.0,0.0,0.0,0.0,0.0,32.0,0.0,0.0,0.0,0.0,26.12420730971121,39.27846449162645,96584.0,689,0,0,49,UTAH
2839,490621,700.25,1622.906553905526,0.4314789402475748,1106.0,295.0,60.0,751.0,1224.2419650472425,212.5,82.5,42.5,17.5,37.25,156.5,86.25,471.0,0.0,0.0,73.20937947370538,45.03258557353691,40188.0,0,0,0,49,UTAH
2840,490622,582.25,1520.5765756682847,0.3829139612676885,24.75,5.5,8.25,11.0,86.63540539375876,5.25,0.25,1.25,7.0,0.0,0.25,0.5,10.25,0.0,0.0,24.608389149845056,37.27701624391371,53757.0,0,0,0,49,UTAH
2847,490629,826.5,2159.0503525498543,0.3828071906817261,409.5,27.25,13.0,369.25,512.6513901838046,22.75,4.5,12.75,0.25,19.75,82.0,42.5,225.0,0.0,0.0,50.11301161941667,53.03837856438792,46709.0,379,0,0,49,UTAH
2849,490631,427.0,1227.8969840684754,0.347749042094062,841.5,238.75,15.75,587.0,920.1943280115212,227.0,11.75,14.25,1.5,65.25,65.25,139.25,317.25,0.0,0.0,51.42461695020496,27.26971106131624,82695.0,0,0,0,49,UTAH
2850,490632,86.0,272.8636807320478,0.31517569421212943,1140.0,98.0,46.75,995.25,1195.686579281725,83.25,14.75,27.25,19.5,101.25,197.75,344.75,351.5,0.0,0.0,49.6822345385867,6.004344743138255,90294.0,0,0,0,49,UTAH
2846,490628,369.0,766.6323626850303,0.48132588442734847,792.5,218.25,56.5,517.75,863.5829234638227,169.75,48.5,29.5,27.0,69.75,66.0,64.5,317.5,0.0,0.0,47.06554449126963,24.01737897255302,34572.0,0,0,0,49,UTAH
2856,490638,251.0,596.594760137845,0.42072109373204297,1202.25,255.25,87.0,860.0,1277.180785903511,109.25,146.0,86.5,0.5,123.5,263.0,208.25,265.25,0.0,0.0,58.91919992180897,16.011585981702012,54061.0,0,0,0,49,UTAH
2858,490640,522.5,1424.0674949402428,0.3669067666079446,0.0,0.0,0.0,0.0,54.45617104423073,0.0,0.0,0.0,0.0,0.0,0.0,0.0,0.0,0.0,0.0,21.18211523977624,33.27405580445449,68126.0,0,0,0,49,UTAH
2859,490641,418.25,1257.1175063517353,0.3327055727779959,55.0,0.0,0.0,55.0,101.20884980962325,0.0,0.0,0.0,0.0,0.0,55.0,0.0,0.0,0.0,0.0,19.18929846550108,27.01955134412215,93981.0,721,0,0,49,UTAH
2863,490645,641.0,1693.858530871315,0.3784259360020295,313.75,5.25,6.25,302.25,393.47966176874513,5.25,0.0,3.25,3.0,59.5,1.5,60.25,181.0,0.0,0.0,38.69997269063375,41.02968907811141,64404.0,0,0,0,49,UTAH
2864,490646,222.5,683.024187453339,0.3257571314269162,896.75,4.5,4.5,887.75,956.1274248502926,3.5,1.0,4.5,0.0,202.5,193.0,141.75,350.5,0.0,0.0,45.3672871163034,14.010137733989264,59238.0,705,0,1244,49,UTAH
2865,490647,514.5,1322.0263258851542,0.38917530606322825,1426.25,502.75,37.75,885.75,1537.9327710563578,408.75,94.0,36.25,1.5,65.25,104.25,156.25,560.0,0.0,0.0,78.6588749690973,33.023896087260404,53392.0,0,0,0,49,UTAH
2866,490648,483.75,1242.8516693977851,0.3892258520555374,1747.5,375.25,66.5,1305.75,1868.990458222856,201.5,173.75,63.25,3.25,147.25,95.5,150.0,913.0,0.0,0.0,90.46801038330852,31.02244783954765,53392.0,0,0,0,49,UTAH
2867,490649,285.0,678.0135760637353,0.42034556543040247,2295.5,606.75,57.0,1631.75,2418.1163970185344,428.25,178.5,52.75,4.25,122.0,245.0,228.75,1036.0,0.0,0.0,104.60336278911994,18.013034229414764,60535.0,524,0,0,49,UTAH
2873,490655,452.25,1247.1193124707197,0.36263571213890416,71.0,2.5,0.25,68.25,121.22843262639418,2.5,0.0,0.25,0.0,10.75,29.0,2.25,26.25,0.0,0.0,21.207433034559283,29.0209995918349,82881.0,0,0,0,49,UTAH
2874,490656,615.75,1325.637363152517,0.4644935463614847,1502.0,221.5,41.5,1239.0,1627.3838220609955,170.0,51.5,36.75,4.75,142.75,150.0,202.25,744.0,0.0,0.0,85.85526179620888,39.52856026478683,39896.0,0,0,0,49,UTAH
2884,490666,665.0,1371.058669191186,0.48502665490769725,41.75,2.0,0.0,39.75,113.42991645341928,2.0,0.0,0.0,0.0,1.0,0.0,26.0,12.75,0.0,0.0,28.64877912759511,43.03113732582416,39474.0,0,0,0,49,UTAH
2885,490667,18.5,39.60061495980964,0.46716446244017945,1552.0,295.75,84.0,1172.25,1616.915680918086,244.25,51.5,48.5,35.5,220.75,126.0,354.75,470.75,0.0,0.0,63.664797077035416,1.2508838410504644,39474.0,0,0,0,49,UTAH
2896,490678,0.0,0.0,0.0,1348.5,583.5,37.75,727.25,1403.1605350910984,497.5,86.0,37.0,0.75,56.5,74.25,78.25,518.25,0.0,0.0,54.660535091098296,0.0,63616.0,0,0,0,49,UTAH
2883,490665,405.0,1153.2528411356598,0.3511805785808239,125.0,1.75,4.5,118.75,172.5011433994842,1.25,0.5,2.25,2.25,1.0,108.25,2.0,7.5,0.0,0.0,21.482316179218437,26.01882722026577,63616.0,464,1226,0,49,UTAH
2897,490679,22.75,49.27204464895449,0.4617222638533783,1226.0,593.5,17.75,614.75,1278.120138593081,485.75,107.75,17.5,0.25,32.25,41.25,59.25,482.0,0.0,0.0,50.619073723790194,1.5010648692908697,39474.0,0,0,0,49,UTAH
2875,490657,85.0,194.3033044648304,0.4374603933479953,1035.25,74.25,50.75,910.25,1085.9129084029016,64.5,9.75,18.25,32.5,241.25,174.25,106.0,388.75,0.0,0.0,45.40906412239195,5.253844280509673,74162.0,748,0,0,49,UTAH
2876,490658,459.5,1072.5287274366551,0.4284267528182723,19.0,0.0,0.25,18.75,68.41782192592166,0.0,0.0,0.0,0.25,5.75,0.0,13.0,0.0,0.0,0.0,19.396098210230377,30.02172371569128,74162.0,0,0,0,49,UTAH
2877,490659,243.25,714.0202391900496,0.34067661762071505,0.0,0.0,0.0,0.0,36.48734730717892,0.0,0.0,0.0,0.0,0.0,0.0,0.0,0.0,0.0,10.11594202724138,10.359819298235529,16.011585981702012,67734.0,0,0,0,49,UTAH
2886,490668,201.0,583.5789096134042,0.34442642920929717,425.75,144.75,14.75,266.25,464.15750076614,60.0,84.75,14.5,0.25,30.25,19.75,52.5,163.75,0.0,0.0,25.398108467053405,13.009392299086567,52442.0,0,0,0,49,UTAH
2898,490680,91.75,227.77748486788275,0.4028053960347202,2953.25,1894.25,29.5,1029.5,3082.682050326802,1044.75,849.5,7.5,22.0,252.75,41.25,108.25,627.25,0.0,0.0,123.4276629506764,6.004387376125644,52442.0,0,0,0,49,UTAH
2888,490670,295.25,727.8513279423894,0.4056460277879297,1356.0,217.75,98.25,1040.0,1441.9149303562838,163.5,54.25,34.5,63.75,267.0,128.75,121.75,522.5,0.0,0.0,66.90117200301265,19.013758353271143,92203.0,0,0,0,49,UTAH
2899,490681,534.0,1259.3473571676725,0.424029158405501,2659.5,976.5,74.25,1608.75,2822.9771062258465,832.0,144.5,71.75,2.5,189.5,150.25,211.0,1058.0,0.0,0.0,129.4524860147298,34.024620211116776,63047.0,0,0,0,49,UTAH
2900,490682,203.5,539.0485964608818,0.37751698332224076,713.75,147.0,109.25,457.5,763.9422018101869,67.25,79.75,16.75,92.5,27.5,44.5,90.5,295.0,0.0,0.0,37.18278820005404,13.009413610132883,74876.0,0,0,0,49,UTAH
2901,490683,10.75,25.212141656358853,0.42638186578999726,546.25,179.5,7.25,359.5,569.0775220158621,87.25,92.25,6.75,0.5,42.75,24.5,143.0,149.25,0.0,0.0,22.57734098762167,0.2501810282404055,74876.0,0,0,0,49,UTAH
2902,490684,0.0,0.0,0.0,3329.75,1269.75,89.5,1970.5,3464.7353834522487,625.5,644.25,77.25,12.25,128.25,186.0,245.25,1411.0,0.0,0.0,134.98538345224887,0.0,43625.0,0,0,0,49,UTAH
2905,490687,408.25,1084.3697873641063,0.37648595963963266,0.0,0.0,0.0,0.0,43.31414265781931,0.0,0.0,0.0,0.0,0.0,0.0,0.0,0.0,0.0,0.0,17.29531543755354,26.01882722026577,74787.0,0,0,0,49,UTAH
2906,490688,845.25,1628.2616108046066,0.5191119132154195,162.75,79.5,13.25,70.0,258.1587733784472,39.0,40.5,13.0,0.25,6.0,8.25,8.0,47.75,0.0,0.0,40.86928731178097,54.53948606666618,43625.0,0,0,0,49,UTAH
2904,490686,461.0,1089.903340971622,0.42297328824501984,248.0,21.5,24.5,202.0,306.0102030787564,20.0,1.5,11.25,13.25,14.0,78.0,17.75,92.25,0.0,0.0,28.739043769727424,29.271159309028988,63047.0,0,0,0,49,UTAH
2907,490689,452.25,1319.6524317215276,0.3427038734813119,106.25,4.75,0.5,101.0,157.91074478107444,3.5,1.25,0.25,0.25,4.75,59.25,3.75,33.25,0.0,0.0,22.63974518923953,29.0209995918349,61585.0,723,0,0,49,UTAH
2903,490685,204.0,449.9136433931275,0.45342034631687755,1301.5,352.0,19.5,930.0,1376.0263527393945,236.0,116.0,14.5,5.0,246.0,58.5,299.0,326.5,0.0,0.0,61.0165770727809,13.509775666613695,54433.0,0,0,0,49,UTAH
2851,490633,0.0,0.0,0.0,1917.0,71.0,24.25,1821.75,1994.700700269644,63.5,7.5,24.0,0.25,90.75,196.0,1065.0,470.0,0.0,0.0,77.70070026964406,0.0,67334.0,0,0,0,49,UTAH
2861,490643,109.5,242.7144558309097,0.4511474177553093,737.75,381.0,22.75,334.0,779.0973794118596,107.75,273.25,22.75,0.0,71.75,39.0,15.5,207.75,0.0,0.0,34.34231054486497,7.005068866994631,67334.0,0,0,0,49,UTAH
2862,490644,418.5,968.0383936646872,0.4323175637855554,170.25,19.5,4.25,146.5,221.1395406503493,18.5,1.0,2.25,2.0,7.0,58.75,10.75,70.0,0.0,0.0,23.86998930622711,27.01955134412215,68752.0,476,0,0,49,UTAH
2852,490634,3.25,7.670731948620102,0.42368838094839784,584.75,53.75,56.0,475.0,608.5881143888739,46.0,7.75,34.5,21.5,90.5,66.25,109.75,208.5,0.0,0.0,23.83811438887388,0.0,67334.0,0,0,0,49,UTAH
2842,490624,626.5,1916.741443916724,0.3268568131546173,632.5,53.5,15.75,563.25,773.9322043036696,13.5,40.0,4.0,11.75,125.5,33.5,289.0,115.25,0.0,50.5797101362069,50.82395548860768,40.02853867885493,121339.0,592,0,0,49,UTAH
2882,490664,275.5,640.381614502478,0.43021222621145994,107.25,11.75,2.5,93.0,141.54139868747274,9.5,2.25,2.5,0.0,13.0,17.0,10.75,52.25,0.0,0.0,16.278321825070574,18.013076862402155,68752.0,0,0,0,49,UTAH
2870,490652,108.0,310.13176248897514,0.34823908113519747,488.75,74.0,0.75,414.0,631.2288273976017,5.5,68.5,0.75,0.0,282.5,7.25,79.0,45.25,0.0,111.27536230907349,24.198396221533574,7.005068866994631,119851.0,0,0,0,49,UTAH
2878,490660,568.0,1623.2814082897296,0.34990852300738057,332.0,50.5,22.5,259.0,405.0004186981829,45.5,5.0,15.75,6.75,12.75,86.5,18.75,141.0,0.0,0.0,36.474030804965125,36.52638789321772,119851.0,0,0,0,49,UTAH
2879,490661,101.5,275.5053696614451,0.3684138720226336,725.75,48.75,7.5,669.5,766.0391124995815,43.5,5.25,7.0,0.5,54.75,168.5,127.0,319.25,0.0,0.0,33.78444832205504,6.504664177526432,92556.0,231,105,90,49,UTAH
2881,490663,395.25,1119.570686292294,0.35303711042038605,0.0,0.0,0.0,0.0,41.61127624183584,0.0,0.0,0.0,0.0,0.0,0.0,0.0,0.0,0.0,0.0,16.092640556996084,25.51863568483976,90843.0,0,0,0,49,UTAH
2889,490671,399.0,1045.3885685181233,0.3816762608812503,1473.75,0.0,7.0,1466.75,1575.1876142424198,0.0,0.0,4.0,3.0,281.0,48.5,184.0,953.25,0.0,0.0,75.91912776758866,25.51848647483128,61952.0,0,0,0,49,UTAH
2890,490672,70.5,198.08835639489928,0.3559017868746139,1674.75,235.5,21.0,1418.25,1750.5397621220443,114.0,121.5,20.5,0.5,417.0,105.25,384.75,511.25,0.0,0.0,70.78614150276256,5.00362061928188,79768.0,0,0,0,49,UTAH
2880,490662,365.75,997.6587105843856,0.36660833621726147,193.75,17.5,5.0,171.25,239.68687089041924,17.5,0.0,3.0,2.0,62.75,0.75,33.25,74.5,0.0,0.0,22.6700350134822,23.26683587693705,92556.0,0,0,0,49,UTAH
2891,490673,492.5,1397.276551920451,0.3524713839383449,798.75,185.75,22.0,591.0,883.1186417707437,163.5,22.25,15.5,6.5,163.25,149.0,92.25,186.5,0.0,0.0,52.34546980733961,32.023171963404025,79768.0,631,0,0,49,UTAH
2893,490675,320.0,862.5030179934769,0.37101319453286846,547.0,51.0,3.75,492.25,603.1608115178196,50.0,1.0,2.75,1.0,201.0,137.5,22.5,131.25,0.0,0.0,35.145604916835794,21.01520660098389,66658.0,589,1238,0,49,UTAH
2894,490676,527.5,1532.741684197072,0.344154533956145,0.0,0.0,0.0,0.0,55.40427617059542,0.0,0.0,0.0,0.0,0.0,0.0,0.0,0.0,0.0,0.0,21.37965595947865,34.024620211116776,74414.0,0,0,0,49,UTAH
2960,490741,656.0,1645.3648594367935,0.3986957641872503,560.75,99.0,361.5,100.25,652.1066767632242,16.5,82.5,357.5,4.0,24.75,1.5,16.5,57.5,0.0,0.0,49.32626356125635,42.03041320196779,35406.0,0,0,0,49,UTAH
2911,490693,349.75,915.7685134200932,0.38191966078173967,1300.0,330.75,52.25,917.0,1389.3754652018024,74.5,256.25,12.5,39.75,196.5,121.0,375.5,224.0,0.0,0.0,66.85921504257387,22.51625015922845,94314.0,0,0,0,49,UTAH
2910,490692,335.75,936.925734154578,0.3583528424512316,124.75,0.25,3.25,121.25,165.18425912264323,0.0,0.25,3.25,0.0,4.0,0.0,95.0,22.25,0.0,0.0,18.668509426043364,21.765749696599865,63478.0,0,0,0,49,UTAH
2916,490698,456.0,1438.9357945315917,0.3169008664131807,799.25,353.0,21.0,425.25,879.1713557634641,265.0,88.0,19.0,2.0,29.0,47.5,69.5,279.25,0.0,0.0,50.900356171629305,29.0209995918349,43774.0,0,0,0,49,UTAH
2915,490697,465.5,819.5338975845341,0.5680057913064959,570.0,46.75,13.75,509.5,642.0036650379245,23.5,23.25,13.5,0.25,58.0,70.0,212.25,169.25,0.0,0.0,41.98194132223328,30.02172371569128,38974.0,0,0,0,49,UTAH
2908,490690,573.75,1577.9866151395809,0.36359623997776996,784.75,154.5,23.75,606.5,876.8435910050669,79.75,74.75,23.25,0.5,25.5,133.75,153.5,293.75,0.0,0.0,55.06679842238104,37.02679258268592,45634.0,0,0,0,49,UTAH
2918,490700,130.5,310.08629203846886,0.420850593369056,1612.5,204.25,86.75,1321.5,1697.6045900247711,191.75,12.5,84.75,2.0,34.5,35.5,77.75,1173.75,0.0,0.0,76.84810444251522,8.25648558225581,31017.0,0,0,0,49,UTAH
2917,490699,349.25,832.8820304509106,0.41932709223048187,534.75,184.25,17.75,332.75,592.8604785110035,170.75,13.5,17.5,0.25,28.75,28.0,35.75,240.25,0.0,0.0,35.84438806896908,22.26609044203436,65401.0,0,0,0,49,UTAH
2981,490762,247.75,552.9621037872055,0.44804155348653113,1852.25,581.0,63.25,1208.0,1955.1344837912989,353.5,227.5,61.25,2.0,145.5,131.0,258.75,672.75,0.0,0.0,86.87294044258421,16.011543348714625,65401.0,0,0,0,49,UTAH
2961,490742,320.25,1241.9032962070164,0.25787031967633706,25.0,0.25,0.0,24.75,60.009494056498376,0.25,0.0,0.0,0.0,0.0,24.75,0.0,0.0,0.0,0.0,13.99428745551448,21.01520660098389,60375.0,0,0,0,49,UTAH
2962,490743,349.25,1018.5381429740784,0.34289339325104523,548.25,0.0,0.0,548.25,606.89548394413,0.0,0.0,0.0,0.0,0.0,517.5,0.25,30.5,0.0,0.0,36.37939350209564,22.26609044203436,60254.0,0,0,0,49,UTAH
2964,490745,651.25,1870.669930029696,0.3481373114227916,1284.75,476.5,49.75,758.5,1405.095278435281,96.25,380.25,48.75,1.0,33.5,129.0,216.0,380.0,0.0,0.0,78.5650675834948,41.78021085178631,26552.0,0,0,0,49,UTAH
2965,490746,176.5,671.1796189489794,0.26296984446039456,596.25,253.25,7.75,335.25,638.8225551876305,50.25,203.0,7.75,0.0,15.5,126.25,27.25,166.25,0.0,0.0,31.314366163982687,11.25818902364793,26552.0,0,0,0,49,UTAH
2968,490749,188.25,762.6983787485367,0.246821030757778,364.5,237.0,2.75,124.75,398.9222403938099,12.0,225.0,2.75,0.0,7.5,22.5,14.75,80.0,0.0,0.0,22.41355090753336,12.00868948627651,31913.0,0,0,0,49,UTAH
2963,490744,826.0,1927.8846887185707,0.4284488615079084,17.0,0.0,0.25,16.75,104.21023583126654,0.0,0.0,0.25,0.0,0.0,16.75,0.0,0.0,0.0,0.0,34.171857266878625,53.03837856438792,19032.0,0,0,0,49,UTAH
2966,490747,2.0,10.037087445066163,0.19926099189094154,15739.5,9.5,46.0,15684.0,16377.594422565013,8.0,1.5,23.0,23.0,5.75,15635.0,6.75,36.5,0.0,0.0,638.0944225650106,0.0,40443.0,0,0,0,49,UTAH
2970,490751,496.0,1437.144375745,0.3451288599608366,14.5,0.5,0.0,14.0,66.97017088376452,0.5,0.0,0.0,0.0,0.0,12.75,0.75,0.5,0.0,0.0,20.697179948600898,31.772990935163623,29733.0,0,0,0,49,UTAH
2972,490753,839.25,1883.0625865842203,0.4456835401962697,2081.75,293.75,41.0,1747.0,2255.2017351386708,172.5,121.25,40.25,0.75,93.75,481.75,189.0,982.5,0.0,0.0,119.41263245042632,54.0391026882443,29586.0,0,0,0,49,UTAH
2973,490754,591.75,1724.3748986950304,0.34316783458621647,92.75,25.5,3.25,64.0,161.8309096796986,8.0,17.5,3.25,0.0,3.5,9.75,9.0,41.75,0.0,0.0,31.05339297315633,38.027516706542286,24705.0,0,0,0,49,UTAH
3004,490785,487.0,1262.777788549869,0.3856577177836286,161.25,13.0,5.75,142.5,218.79842587008204,0.5,12.5,0.0,5.75,1.0,44.0,84.5,13.0,0.0,0.0,26.275797002293988,31.272628867788058,42678.0,744,0,0,49,UTAH
2974,490755,496.5,1563.0100295103116,0.3176563109806484,150.25,21.25,7.75,121.25,210.3239505916569,18.0,3.25,6.75,1.0,6.75,12.25,15.0,87.25,0.0,0.0,28.30076782439215,31.773182767264743,50328.0,0,0,0,49,UTAH
3003,490784,407.25,1173.9859214070718,0.3468951310011398,0.0,0.0,0.0,0.0,42.52323207730842,0.0,0.0,0.0,0.0,0.0,0.0,0.0,0.0,0.0,0.0,16.504404857042655,26.01882722026577,53384.0,0,0,0,49,UTAH
2976,490757,424.0,1386.2462514304998,0.30586196324243586,0.0,0.0,0.0,0.0,45.45990136395737,0.0,0.0,0.0,0.0,0.0,0.0,0.0,0.0,0.0,0.0,18.440350019835225,27.01955134412215,26013.0,0,0,0,49,UTAH
2978,490759,312.25,1045.8430316185704,0.2985629683995263,112.5,23.75,6.25,82.5,149.9711125018538,6.0,17.75,0.5,5.75,6.0,0.75,68.5,7.25,0.0,0.0,17.20647030753221,20.26464219432161,40869.0,0,0,0,49,UTAH
2980,490761,434.5,1399.1529997792477,0.31054502264480977,548.75,14.0,1.0,533.75,616.6264870551989,2.5,11.5,1.0,0.0,2.75,63.5,439.0,28.5,0.0,0.0,39.856211587220365,28.02027546797852,30736.0,0,0,0,49,UTAH
2977,490758,392.25,1036.846823599661,0.37831046117131417,465.25,82.5,12.75,370.0,534.0669689739593,44.75,37.75,11.25,1.5,124.5,57.75,30.25,157.5,0.0,0.0,43.54868483841479,25.268284135544555,33068.0,0,0,0,49,UTAH
2991,490772,376.5,821.5696666115175,0.45826911009608823,1526.75,212.25,44.25,1270.25,1630.844343413141,88.75,123.5,40.75,3.5,366.0,141.0,214.0,549.25,0.0,0.0,80.07709232865528,24.017251084485608,33951.0,0,0,0,49,UTAH
2992,490773,205.75,422.5427342591224,0.4869329971103579,64.75,12.75,5.25,46.75,89.19773289890081,12.0,0.75,5.0,0.25,3.5,9.75,13.0,20.5,0.0,0.0,10.93791459929973,13.509818299601084,30111.0,0,0,0,49,UTAH
2994,490775,116.0,251.82677782161807,0.46063409540255007,0.0,0.0,0.0,0.0,11.707246142152307,0.0,0.0,0.0,0.0,0.0,0.0,0.0,0.0,0.0,0.0,4.702177275157675,7.005068866994631,22568.0,0,0,0,49,UTAH
3002,490783,0.0,0.0,0.0,2565.75,181.0,82.0,2302.75,2669.7267462183718,154.0,27.0,79.0,3.0,88.25,290.0,1176.5,748.0,0.0,0.0,103.97674621837145,0.0,57005.0,15,13,20,49,UTAH
2913,490695,326.0000002851231,850.8206935869749,0.38315946325980826,57.000000049852815,0.0,0.0,57.000000049852815,93.54242262226805,0.0,0.0,0.0,0.0,0.0,57.000000049852815,0.0,0.0,0.0,0.0,15.527215953051215,21.01520661936402,76985.0,718,0,0,49,UTAH
2914,490696,375.5,1008.2210519681432,0.3724381664784606,114.5,0.0,2.0,112.5,158.37891761099425,0.0,0.0,2.0,0.0,15.5,89.25,1.75,6.0,0.0,0.0,19.86153863844124,24.01737897255302,76440.0,0,0,0,49,UTAH
2921,490703,526.75,1369.4443618871942,0.3846450536143725,354.5,107.5,4.5,242.5,426.7577192005026,12.5,95.0,4.25,0.25,27.25,94.5,64.75,56.0,0.0,0.0,38.48330132867253,33.77441787183005,45835.0,840,374,146,49,UTAH
2982,490763,258.0,675.7485242956814,0.38179883599288367,1815.5,78.0,16.25,1721.25,1917.24516983452,63.0,15.0,15.75,0.5,36.0,84.5,1277.25,323.5,0.0,0.0,84.98310470123553,16.762065133284278,30043.0,0,0,0,49,UTAH
2920,490702,337.25,1232.5806182314184,0.27361293453073016,0.0,0.0,0.0,0.0,35.68627074082344,0.0,0.0,0.0,0.0,0.0,0.0,0.0,0.0,0.0,0.0,13.670340015983166,22.01593072484027,71344.0,0,0,0,49,UTAH
2923,490705,0.0,0.0,0.0,309.75,26.75,14.25,268.75,322.3046201698355,26.75,0.0,11.0,3.25,31.5,144.0,18.75,74.5,0.0,0.0,12.554620169835513,0.0,45835.0,0,0,190,49,UTAH
2925,490707,378.75,913.416607326218,0.414651974752998,0.0,0.0,0.0,0.0,39.37034649452987,0.0,0.0,0.0,0.0,0.0,0.0,0.0,0.0,0.0,0.0,15.352967521976852,24.01737897255302,31051.0,0,0,0,49,UTAH
2984,490765,343.25,659.506668417581,0.520464790482852,324.25,13.0,6.25,305.0,375.3369494504415,10.75,2.25,6.0,0.25,5.5,13.5,250.25,35.75,0.0,0.0,29.07101872560124,22.01593072484027,30043.0,0,0,0,49,UTAH
2927,490709,498.75,1313.711212240422,0.37964964853228633,67.0,7.25,1.75,58.0,123.95953970270594,5.5,1.75,1.75,0.0,3.0,7.75,5.25,42.0,0.0,0.0,24.936367739301915,32.023171963404025,48606.0,0,0,0,49,UTAH
2986,490767,247.5,512.3164814783943,0.48309982002879936,324.25,1.0,1.0,322.25,364.4915273959247,1.0,0.0,0.0,1.0,0.0,167.25,152.5,2.5,0.0,0.0,24.22994141422272,16.011585981702012,50388.0,629,988,0,49,UTAH
2987,490768,655.75,1396.950413468391,0.46941537342895656,217.25,41.25,13.0,163.0,294.8832447145569,21.0,20.25,11.0,2.0,12.0,33.0,65.75,52.25,0.0,0.0,35.35262917330236,42.28061554125451,27768.0,0,0,0,49,UTAH
2969,490750,493.5,914.063742525435,0.539896701992058,513.75,55.25,12.0,446.5,586.2081042791514,44.75,10.5,11.25,0.75,21.5,21.5,196.0,207.5,0.0,0.0,40.93542226029563,31.522682018855807,23990.0,0,0,0,49,UTAH
2975,490756,433.25,938.954777454176,0.4614173231800229,844.75,316.25,7.75,520.75,934.2189794788136,148.0,168.25,2.75,5.0,26.0,20.75,67.25,406.75,0.0,0.0,61.448746643822616,28.020232834991138,27768.0,0,0,0,49,UTAH
2988,490769,319.0,682.9123357895689,0.46711705629270683,380.25,124.75,10.0,245.5,430.8457433849899,120.5,4.25,10.0,0.0,9.75,60.25,44.75,130.75,0.0,0.0,30.08096278452048,20.51478060046938,49829.0,0,0,0,49,UTAH
2990,490771,100.25,249.7855392054335,0.40134429046170855,1030.25,322.25,137.5,570.5,1088.8359286484615,50.75,271.5,109.0,28.5,73.5,16.25,21.5,459.25,0.0,0.0,52.08134971512019,6.504578933341163,37024.0,0,0,0,49,UTAH
2937,490718,297.2500000002699,759.6648459235106,0.39129097732422846,1.500000000001362,0.250000000000227,0.0,1.2500000000011349,32.29294487510578,0.250000000000227,0.0,0.0,0.0,0.0,0.0,0.250000000000227,1.000000000000908,0.0,0.0,11.779783307376176,19.013161567728247,65974.0,0,0,0,49,UTAH
2938,490719,300.75,877.8063899580841,0.3426154143334056,130.25,21.0,66.0,43.25,167.19782321811377,20.5,0.5,33.0,33.0,9.5,5.25,5.75,22.75,0.0,0.0,17.43361754238701,19.51420567572673,73053.0,0,0,0,49,UTAH
2940,490721,397.5,1028.4115222832395,0.3865184232061946,67.75,0.0,0.0,67.75,112.62935972416092,0.0,0.0,0.0,0.0,0.0,67.75,0.0,0.0,0.0,0.0,18.86053250389518,26.01882722026577,65974.0,791,0,0,49,UTAH
2941,490722,343.0,1064.7304525669415,0.32214726194133625,0.0,0.0,0.0,0.0,35.91978249534961,0.0,0.0,0.0,0.0,0.0,0.0,0.0,0.0,0.0,0.0,13.903851770509334,22.01593072484027,73053.0,0,0,0,49,UTAH
2943,490724,517.75,1323.8730935928788,0.39108733496114084,0.0,0.0,0.0,0.0,54.01155570331946,0.0,0.0,0.0,0.0,0.0,0.0,0.0,0.0,0.0,0.0,20.98765961605905,33.023896087260404,57576.0,0,0,0,49,UTAH
2944,490725,126.25,321.9529659358893,0.39213802436328615,0.0,0.0,0.0,0.0,13.122694038955736,0.0,0.0,0.0,0.0,0.0,0.0,0.0,0.0,0.0,0.0,5.1169010481047295,8.005792990851006,57544.0,0,0,0,49,UTAH
2945,490726,12.523116873332638,39.57263919844259,0.3164589758730445,57.13672073458016,3.9134740229164495,0.19567370114582247,53.02757301051789,60.74559276630122,3.9134740229164495,0.0,0.19567370114582247,0.0,6.261558436666319,21.719780827186295,2.152410712604047,22.893823034061228,0.0,0.0,2.825610459157508,0.78326157256355,55528.0,0,0,0,49,UTAH
2948,490729,2.0,4.612492747085527,0.4336050178645224,352.75,1.5,325.5,25.75,367.1292862768997,1.25,0.25,4.0,321.5,0.0,15.0,1.5,9.25,0.0,0.0,14.379286276899728,0.0,55528.0,0,0,0,49,UTAH
2950,490731,37.0,91.6521946264499,0.4037000985170318,185.75,11.75,6.5,167.5,196.77977610959056,10.75,1.0,6.25,0.25,5.0,100.75,9.75,52.0,0.0,0.0,9.02832786187785,2.0014482477127515,58209.0,485,0,0,49,UTAH
2954,490735,9.812454503284108,28.062328305944547,0.34966644236734623,0.0,0.0,0.0,0.0,3.1366442243416963,0.0,0.0,0.0,0.0,0.0,0.0,0.0,0.0,2.1358557774860145,0.0,0.39240619727934917,0.608382249576332,58209.0,0,0,0,49,UTAH
2957,490738,42.0,120.76996189760332,0.3477685952704891,151.5,32.0,7.25,112.25,161.87027530736432,29.75,2.25,7.25,0.0,23.0,13.5,30.0,45.75,0.0,0.0,7.618326597022992,2.751948710341334,58209.0,0,0,0,49,UTAH
2952,490733,462.5,1131.7895391499987,0.4086448796366758,139.5,39.75,20.75,79.0,193.93756171078132,36.0,3.75,4.0,16.75,8.5,12.0,7.25,51.25,0.0,0.0,24.41583799509006,30.02172371569128,62082.0,0,0,0,49,UTAH
2953,490734,280.0,756.7953661465518,0.3699811237292626,64.75,0.0,0.0,64.75,96.73323309909446,0.0,0.0,0.0,0.0,0.0,64.75,0.0,0.0,0.0,0.0,13.970198869679704,18.013034229414764,68175.0,583,0,0,49,UTAH
2929,490711,342.0,909.6186357260858,0.37598174286194674,249.5,23.75,162.75,63.0,295.49578273682187,23.5,0.25,75.0,87.75,5.0,2.25,3.0,52.75,0.0,0.0,23.979852011981624,22.01593072484027,47376.0,0,0,0,49,UTAH
2995,490776,275.25,664.0438365840137,0.41450576729383715,176.5,22.5,6.5,147.5,212.83033773133792,20.5,2.0,6.25,0.25,10.75,19.25,20.25,97.25,0.0,0.0,18.31730350192316,18.013034229414764,52639.0,0,0,0,49,UTAH
2997,490778,257.75,579.8764960925323,0.4444912006898624,2273.75,184.0,934.25,1155.5,2398.9006252040226,141.25,42.75,39.25,895.0,86.75,151.5,329.5,587.75,0.0,0.0,108.388794535827,16.761830668195774,37024.0,0,0,0,49,UTAH
3006,490787,216.75,526.377817351611,0.41177647092072434,278.0,44.75,32.25,201.0,312.0736558702831,43.25,1.5,24.75,7.5,16.0,112.75,13.25,59.0,0.0,0.0,20.06351813629386,14.010137733989264,52639.0,349,0,0,49,UTAH
3018,490799,286.25,731.8708729837145,0.3911209074805872,319.75,37.75,9.25,272.75,363.28394910672176,33.25,4.5,9.0,0.25,16.0,25.0,34.75,197.0,0.0,0.0,25.01933790597529,18.51461120074647,56681.0,0,0,0,49,UTAH
3008,490789,1145.0,2513.933094891697,0.4554616041002189,863.5,169.5,62.0,632.0,1026.807414753279,145.0,24.5,59.5,2.5,97.0,103.5,161.5,270.0,0.0,0.0,89.75414901140094,73.55326574187839,37024.0,0,0,0,49,UTAH
3007,490788,388.5,926.1701816935084,0.4194693455684625,295.5,26.75,26.5,242.25,361.9622354579851,24.25,2.5,24.5,2.0,16.0,38.25,36.75,151.25,0.0,0.0,41.19384475631421,25.268390701670896,48426.0,0,0,0,49,UTAH
3023,490804,315.5,873.4745220507455,0.3612011478700814,0.0,0.0,0.0,0.0,32.80479397638298,0.0,0.0,0.0,0.0,0.0,0.0,0.0,0.0,0.0,0.0,12.79031149925546,20.01448247712752,56681.0,0,0,0,49,UTAH
3016,490797,756.0,1444.77839404217,0.5232636389895612,0.0,0.0,0.0,0.0,79.6807063794728,0.0,0.0,0.0,0.0,0.0,0.0,0.0,0.0,0.0,0.0,30.64522431051037,49.03548206896242,29954.0,0,0,0,49,UTAH
3021,490802,582.25,1745.0143429997754,0.33366487922333077,106.25,13.0,8.25,85.0,172.18256394344388,11.25,1.75,7.75,0.5,13.0,9.75,23.0,39.25,0.0,0.0,28.6556116435639,37.27695229988,63296.0,0,0,0,49,UTAH
3022,490803,167.0,501.3428377147524,0.33310538704657333,136.0,35.5,2.0,98.5,159.0661231013196,33.5,2.0,2.0,0.0,0.0,8.0,29.25,61.25,0.0,0.0,12.05815773889946,11.007965362420135,61242.0,0,0,0,49,UTAH
3025,490806,32.25,78.43044585873974,0.411192358361511,1639.75,720.25,39.75,879.75,1709.5106492813777,349.5,370.75,38.75,1.0,61.75,75.5,114.0,628.5,0.0,0.0,67.75915841157227,2.001490869805386,56681.0,0,0,0,49,UTAH
2998,490779,304.75,603.9422528373218,0.5046012239883597,2258.75,198.0,43.0,2017.75,2382.175803167931,149.5,48.5,41.25,1.75,84.0,979.5,151.0,803.25,0.0,0.0,103.91164011429689,19.514163053634093,34871.0,0,0,0,49,UTAH
2999,490780,270.75,606.708878358532,0.44626015813798825,260.0,20.0,17.5,222.5,303.2462927044563,13.0,7.0,15.5,2.0,23.25,16.5,103.0,79.75,0.0,0.0,25.98378024871646,17.262512455739866,24843.0,0,0,0,49,UTAH
3000,490781,368.25,800.6525265658322,0.4599373483269978,393.75,79.25,6.25,308.25,451.762598184635,67.5,11.75,5.75,0.5,21.5,29.5,52.25,205.0,0.0,0.0,34.245400240322425,23.767197944312613,33291.0,0,0,0,49,UTAH
3001,490782,363.0,1054.9932290201964,0.3440780376734066,53.75,5.25,2.25,46.25,93.65999078839756,3.75,1.5,2.25,0.0,6.0,12.25,3.75,24.25,0.0,0.0,16.89333593970092,23.016654848696646,38899.0,0,0,0,49,UTAH
3011,490792,356.25,757.8839030558162,0.4700588026260839,473.75,97.75,27.0,349.0,532.7825989576019,83.75,14.0,25.0,2.0,22.0,47.75,64.75,214.5,0.0,0.0,36.01592279785895,23.01667615974296,35287.0,0,0,0,49,UTAH
3012,490793,279.25,569.590273026439,0.4902646924011602,497.75,29.5,2.75,465.5,547.2591741223621,27.75,1.75,2.5,0.25,6.75,241.25,187.25,30.25,0.0,0.0,31.496139892947284,18.013034229414764,37198.0,0,0,0,49,UTAH
3020,490801,419.5,1042.5742406200227,0.4023694271887265,300.25,24.0,113.75,162.5,356.44201085439335,22.5,1.5,112.75,1.0,12.0,8.75,72.5,69.25,0.0,0.0,29.1724595102712,27.01955134412215,33097.0,0,0,0,49,UTAH
3013,490794,427.75,1247.7330906156744,0.3428217166132329,133.25,17.75,10.0,105.5,183.7596602880488,16.5,1.25,2.0,8.0,5.0,57.0,13.5,30.0,0.0,0.0,22.73954453726435,27.770115750784434,43524.0,464,0,0,49,UTAH
3027,490808,0.0,0.0,0.0,1157.5,116.0,427.0,614.5,1204.427912759511,102.25,13.75,224.75,202.25,29.75,223.5,85.25,276.0,0.0,0.0,46.927912759510846,0.0,56681.0,0,0,0,49,UTAH
3033,490814,0.0,0.0,0.0,1386.25,118.25,310.75,957.25,1442.497750570622,99.75,18.5,267.5,43.25,114.25,76.25,244.5,522.25,0.0,0.0,56.24775057062202,0.0,56681.0,0,0,0,49,UTAH
3034,490815,0.0,0.0,0.0,98.0,0.0,98.0,0.0,101.9725290772884,0.0,0.0,0.75,97.25,0.0,0.0,0.0,0.0,0.0,0.0,3.972529077288381,0.0,33097.0,0,0,0,49,UTAH
3028,490809,0.0,0.0,0.0,2777.25,178.25,45.0,2554.0,2889.831303720398,100.0,78.25,44.75,0.25,898.25,28.5,1461.0,166.25,0.0,0.0,112.58130372039808,0.0,56681.0,0,0,0,49,UTAH
3035,490816,476.75,1182.4060375533654,0.4032032862302455,327.5,31.0,105.0,191.5,390.8804677087461,27.5,3.5,104.75,0.25,20.75,99.0,13.5,58.25,0.0,0.0,32.60817958639246,30.772288122353565,33097.0,461,0,0,49,UTAH
3037,490818,0.0,0.0,0.0,134.25,18.75,11.0,104.5,140.0311775223793,16.25,2.5,10.75,0.25,4.0,26.0,37.25,37.25,0.0,0.0,5.781177522379307,0.0,129892.0,0,0,0,49,UTAH
3032,490813,502.7500010253808,1494.0763864789647,0.3364955135996717,351.50000071689976,0.250000000509886,2.250000004588974,349.0000007118009,418.36590901331857,0.250000000509886,0.0,0.250000000509886,2.000000004079088,85.25000017387113,231.00000047113468,23.000000046909513,9.750000019885555,0.0,0.0,34.59255524984622,32.2733530465726,60746.0,401,0,13,49,UTAH
3041,490822,0.0,0.0,0.0,1690.5,138.75,512.25,1039.5,1758.9206154093818,85.0,53.75,407.25,105.0,512.5,228.0,44.5,254.5,0.0,0.0,68.42061540938178,0.0,129892.0,0,0,0,49,UTAH
3043,490824,0.0,0.0,0.0,871.75,255.75,128.25,487.75,907.0874894355871,181.0,74.75,52.75,75.5,60.75,47.0,40.5,339.5,0.0,0.0,35.337489435587266,0.0,75945.0,0,0,0,49,UTAH
3044,490825,0.0,0.0,0.0,599.0,36.0,470.25,92.75,623.2835370516233,35.5,0.5,395.5,74.75,47.25,6.75,5.25,33.5,0.0,0.0,24.283537051623327,0.0,75945.0,0,0,0,49,UTAH
3039,490820,0.0,0.0,0.0,1623.5,250.75,927.0,445.75,1689.323544123312,241.75,9.0,801.75,125.25,88.5,78.5,50.5,228.25,0.0,0.0,65.82354412331185,0.0,129892.0,0,0,0,49,UTAH
3051,490832,336.0,1067.3749575010206,0.31479097166253195,734.5,103.5,225.5,405.5,799.9079862864645,82.75,20.75,41.75,183.75,109.25,80.5,41.75,174.0,0.0,0.0,43.3920555616243,22.01593072484027,54799.0,0,0,0,49,UTAH
3045,490826,0.0,0.0,0.0,1936.75,293.75,1201.5,441.5,2015.2470419644344,30.5,263.25,957.75,243.75,169.0,16.75,123.5,132.25,0.0,0.0,78.49704196443457,0.0,75945.0,0,0,0,49,UTAH
3048,490829,0.0,0.0,0.0,438.5,83.5,43.0,312.0,458.52343287357775,75.5,8.0,19.25,23.75,19.5,110.5,56.0,126.0,0.0,0.0,20.023432873577757,0.0,75945.0,0,0,0,49,UTAH
3050,490831,0.0,0.0,0.0,50.5,6.75,26.5,17.25,52.52504815072471,6.0,0.75,21.0,5.5,4.0,2.5,1.75,9.0,0.0,0.0,2.0250481507247047,0.0,75945.0,0,0,0,49,UTAH
3054,490835,1.0,3.4111262335198487,0.2931583094678168,284.0,49.75,127.25,107.0,295.5400372557249,46.5,3.25,65.0,62.25,35.75,11.25,13.5,46.5,0.0,0.0,11.540037255724906,0.0,75945.0,0,0,0,49,UTAH
3056,490837,412.5,1525.2313162592066,0.27045078054894683,113.0,6.0,11.75,95.25,160.81964171133794,6.0,0.0,1.0,10.75,9.25,53.0,2.0,31.0,0.0,0.0,21.300473745637685,26.519167965700262,75945.0,696,0,0,49,UTAH
3141,490922,0.0,0.0,0.0,493.5,146.25,123.25,224.0,513.5067434011947,100.25,46.0,10.25,113.0,31.25,15.0,10.0,167.75,0.0,0.0,20.00674340119471,0.0,51304.0,0,0,0,49,UTAH
3061,490842,55.75,145.42166465395798,0.38336791242667595,277.5,91.0,49.25,137.25,294.1658509389293,54.75,36.25,5.75,43.5,10.75,10.25,22.0,94.25,0.0,0.0,12.91345518101798,3.7523957579113247,45247.0,0,0,0,49,UTAH
3062,490843,274.25,704.755156429109,0.38914223968162864,59.0,0.0,0.0,59.0,90.22800824072108,0.0,0.0,0.0,0.0,0.0,59.0,0.0,0.0,0.0,0.0,13.465112428348847,17.76289581237224,45247.0,558,123,0,49,UTAH
3063,490844,391.5,903.6676135353272,0.43323451469990637,514.0,37.25,49.0,427.75,575.9728447503262,34.75,2.5,5.5,43.5,19.0,35.0,203.25,170.5,0.0,0.0,36.70458193672276,25.268262813603485,45247.0,0,0,0,49,UTAH
3040,490821,0.0,0.0,0.0,1573.0,18.5,1260.25,294.25,1636.775864269575,15.0,3.5,1191.25,69.0,0.0,7.5,13.0,273.75,0.0,0.0,63.77586426957507,0.0,129892.0,0,0,0,49,UTAH
3046,490827,231.0,732.1326275914793,0.31551660354207717,410.25,21.75,218.75,169.75,450.7108100130255,9.5,12.25,195.5,23.25,16.75,103.75,3.75,45.5,0.0,0.0,25.950438099728057,14.510371913297416,54799.0,0,0,0,49,UTAH
3148,490929,280.0,676.4292155402112,0.4139383597977593,1880.5,370.0,559.0,951.5,1986.0779960250488,235.75,134.25,124.0,435.0,212.25,129.25,81.75,528.25,0.0,0.0,87.56496179563395,18.013034229414764,51304.0,0,0,0,49,UTAH
3069,490850,0.0,0.0,0.0,2126.25,889.0,121.0,1116.25,2212.4264633508305,615.25,273.75,31.0,90.0,117.25,99.0,64.25,835.75,0.0,0.0,86.17646335083049,0.0,55124.0,0,0,0,49,UTAH
3070,490851,505.25,1272.6467370026255,0.3970072647103779,0.0,0.0,0.0,0.0,52.17265649298016,0.0,0.0,0.0,0.0,0.0,0.0,0.0,0.0,0.0,0.0,19.651893257748675,32.520763235231485,73772.0,0,0,0,49,UTAH
3080,490861,422.25,1383.748112388256,0.30514946775336516,0.0,0.0,0.0,0.0,44.409659895783136,0.0,0.0,0.0,0.0,0.0,0.0,0.0,0.0,0.0,0.0,17.14063087510708,27.269029020676054,73772.0,0,0,0,49,UTAH
3072,490853,329.5,962.2190545349434,0.3424376169304326,713.5,69.0,173.5,471.0,776.7965304440729,50.0,19.0,57.75,115.75,71.5,120.25,115.0,164.25,0.0,0.0,42.281323843089005,21.01520660098389,73772.0,0,0,0,49,UTAH
3082,490863,71.73523123580026,221.92890686909843,0.323235184851842,108.04104453025136,7.546713445486224,41.613082115976695,58.881248968788434,122.46678761931209,7.54069361596454,0.006019829521684216,2.8359349147777997,38.77714720119889,9.763993535945417,9.760983621184575,3.0196485509179594,36.33662326074048,0.0,0.0,9.923330160410567,4.502412928650168,73772.0,0,0,0,49,UTAH
3081,490862,518.25,1514.6487020941818,0.3421585475783644,0.0,0.0,0.0,0.0,54.031730425770064,0.0,0.0,0.0,0.0,0.0,0.0,0.0,0.0,0.0,0.0,21.007834338509657,33.023896087260404,73772.0,0,0,0,49,UTAH
3094,490875,90.3219604217506,246.87990401093705,0.3658538380578325,189.67611688567627,51.243887749482994,12.350145608688347,126.08208352750492,207.08166763146917,42.58035277025385,8.663534979229139,12.350145608688347,0.0,0.5529915944188812,18.986044741714924,26.72792706357926,79.81512012779186,0.0,0.0,11.502309522316857,5.903241223476032,58032.0,0,0,0,49,UTAH
3073,490854,252.0,544.5499830004084,0.4627674370890781,234.25,40.75,41.0,152.5,269.97034423919195,37.75,3.0,2.25,38.75,29.25,29.0,11.0,83.25,0.0,0.0,19.708758257489954,16.011585981702012,44865.0,0,0,10,49,UTAH
3074,490855,256.75,471.1369646386684,0.5449583014504299,862.75,84.0,77.75,701.0,925.3950033444742,41.25,42.75,6.75,71.0,24.0,244.0,253.5,179.5,0.0,0.0,46.1330339843503,16.511969360123896,48735.0,511,0,0,49,UTAH
3075,490856,351.5,648.8785018078557,0.5417038767977018,42.0,0.0,0.0,42.0,80.45156720659726,0.0,0.0,0.0,0.0,0.0,42.0,0.0,0.0,0.0,0.0,15.935317047368814,22.51625015922845,44214.0,481,0,0,49,UTAH
3076,490857,272.75,795.3783359125184,0.3429185680385429,363.75,0.0,0.5,363.25,407.03226569943,0.0,0.0,0.25,0.25,2.5,356.5,4.25,0.0,0.0,0.0,25.769700114411872,17.51256558501811,71157.0,0,0,1504,49,UTAH
3078,490859,164.50000323688826,476.35767974752207,0.345328752386392,0.0,0.0,0.0,0.0,17.175210335650803,0.0,0.0,0.0,0.0,0.0,0.0,0.0,0.0,0.0,0.0,6.667649455940205,10.507560879710597,104790.0,0,0,0,49,UTAH
3085,490866,209.7500006230591,590.3119597012532,0.3553206015497467,42.750000126988205,0.0,0.0,42.750000126988205,66.49029989700578,0.0,0.0,0.0,0.0,0.0,42.750000126988205,0.0,0.0,0.0,0.0,10.230566685366076,13.509733084651515,49443.0,676,0,0,49,UTAH
3084,490865,208.75,673.0943201833807,0.31013484104742894,20.0,1.0,6.0,13.0,42.78734955189813,1.0,0.0,0.0,6.0,1.0,1.0,0.0,11.0,0.0,0.0,9.277552563343356,13.509796988554768,63108.0,0,0,0,49,UTAH
3089,490870,207.25,582.5821544409669,0.3557438181381862,0.0,0.0,0.0,0.0,21.410548529900844,0.0,0.0,0.0,0.0,0.0,0.0,0.0,0.0,0.0,0.0,8.401134919767957,13.009413610132883,55995.0,0,0,0,49,UTAH
3092,490873,111.74999953653948,354.0585048471937,0.31562580196956175,0.0,0.0,0.0,0.0,11.77684925536076,0.0,0.0,0.0,0.0,0.0,0.0,0.0,0.0,0.0,0.0,4.521599390215402,7.255249865145356,112744.0,0,0,0,49,UTAH
3086,490867,345.0,879.0651255874126,0.39246238982517095,0.0,0.0,0.0,0.0,36.00504262424981,0.0,0.0,0.0,0.0,0.0,0.0,0.0,0.0,0.0,0.0,13.989111899409544,22.01593072484027,62140.0,0,0,0,49,UTAH
3099,490880,88.0,279.88492342076705,0.314414934982777,121.75,10.0,63.0,48.75,135.7499385513342,9.75,0.25,14.5,48.5,20.25,6.25,2.25,20.0,0.0,0.0,8.495977186617836,5.503961364716373,66133.0,0,0,0,49,UTAH
3111,490892,104.25,275.03664791658,0.37904039621519653,176.5,31.5,23.0,122.0,194.88537162725288,16.0,15.5,6.5,16.5,37.5,8.5,35.75,40.25,0.0,0.0,11.38030276025826,7.005068866994631,90129.0,0,0,0,49,UTAH
3108,490889,302.97347914011533,1003.2694985095532,0.301986135918823,0.0,0.0,0.0,0.0,31.947339489857193,0.0,0.0,0.0,0.0,0.0,0.0,0.0,0.0,0.0,0.0,12.275458259413721,19.671881230443468,91005.0,0,0,0,49,UTAH
3115,490896,226.5,509.408208271022,0.444633589177453,506.25,130.5,89.5,286.25,552.4527938846322,91.0,39.5,70.5,19.0,16.75,110.25,17.0,142.25,0.0,0.0,31.442113055026937,14.760680829605231,91005.0,780,0,0,49,UTAH
3110,490891,353.3912974455466,1173.8766186791431,0.30104637218448543,7.50867114987892,2.236625448900104,0.6390358425428868,4.63300985843593,46.145096160743485,0.0,2.236625448900104,0.1597589606357217,0.4792768819071651,0.0,0.7987948031786085,0.4792768819071651,3.3549381733501558,0.0,0.0,15.911386866917134,22.72503814394743,91005.0,0,0,0,49,UTAH
3119,490900,345.25,790.0836482300999,0.43697904743808996,321.75,46.25,18.5,257.0,370.7973880789802,42.25,4.0,12.5,6.0,26.25,45.75,18.5,166.5,0.0,0.0,27.03139341010619,22.015994668873976,91005.0,0,0,0,49,UTAH
3120,490901,163.25,518.2910888791886,0.31497743932474376,303.75,37.75,12.25,253.75,332.93550459336547,36.25,1.5,3.25,9.0,13.25,36.25,66.0,138.25,0.0,0.0,18.928103637607585,10.257400955757848,113111.0,0,0,0,49,UTAH
3199,490980,293.0,1016.1148686205916,0.28835322565228955,0.0,0.0,0.0,0.0,30.664414881284195,0.0,0.0,0.0,0.0,0.0,0.0,0.0,0.0,0.0,0.0,11.90075230117344,18.76366258011076,99112.0,0,0,0,49,UTAH
3122,490903,50.0,173.7701766757603,0.2877363708577885,145.0,22.5,3.25,119.25,155.8952935734112,21.5,1.0,3.25,0.0,4.75,21.25,5.75,87.5,0.0,0.0,7.893121201842089,3.002172371569128,99112.0,0,0,0,49,UTAH
3125,490906,76.51987987518025,221.35386600271468,0.34569027980853884,0.0,0.0,0.0,0.0,8.869714802687547,0.0,0.0,0.0,0.0,0.0,0.0,0.0,0.0,0.8026127370623197,0.0,3.1075794751235684,4.959522590501658,103707.0,0,0,0,49,UTAH
3095,490876,7.20097272940757,23.200821026798053,0.3103757716629986,0.0,0.0,0.0,0.0,1.3969711058077399,0.0,0.0,0.0,0.0,0.0,0.0,0.0,0.0,0.6338002514019648,0.0,0.2932421670550949,0.4699286873506801,58032.0,0,0,0,49,UTAH
3103,490884,1.75,6.168815406756211,0.28368493537403705,1845.5,216.5,266.5,1362.5,1920.3775425019976,180.25,36.25,252.25,14.25,73.75,140.0,540.25,608.5,0.0,0.0,74.8775425019979,0.0,58032.0,0,0,0,49,UTAH
3097,490878,20.76665255492957,58.339260656318444,0.3559635881789399,245.6440822499899,37.5263505511131,94.07061296759589,114.0471187312809,257.5871022057808,32.956916027993756,4.569434523119339,65.6878993809426,28.382713586653296,12.640067245298857,10.879756936124425,15.862498152276098,74.66479639758153,0.011346372354444221,0.0,10.841135679668454,1.090537903768001,58032.0,0,0,0,49,UTAH
3104,490885,138.38008249360658,394.2142717092594,0.35102758176057247,39.628182003233555,7.26304300380808,4.842028669205386,27.523110330220092,55.85030142441485,6.880777582555023,0.38226542125305685,4.587185055036682,0.25484361416870455,1.0193744566748182,5.096872283374091,3.9500760196149205,17.456787570556262,0.0,0.0,7.423713321699247,8.798406099482058,58032.0,0,0,0,49,UTAH
3177,490958,0.5,1.9055411133258089,0.2623926592312313,2130.25,686.75,357.5,1086.0,2216.6273154030573,397.0,289.75,353.0,4.5,113.5,146.0,123.75,702.75,0.0,0.0,86.3773154030575,0.0,58032.0,0,0,0,49,UTAH
3178,490959,25.5,62.244860534089,0.40967237746536,2546.0,1272.5,54.5,1219.0,2651.927571044473,837.5,435.0,53.5,1.0,79.75,120.5,95.0,923.75,0.0,0.0,104.17600541587852,1.7515656285945556,58032.0,0,0,0,49,UTAH
3106,490887,58.0,165.69697176388658,0.3500365720783862,0.0,0.0,0.0,0.0,6.353985133004341,0.0,0.0,0.0,0.0,0.0,0.0,0.0,0.0,0.0,0.0,2.3510886375788376,4.002896495425503,58032.0,0,0,0,49,UTAH
3179,490960,383.5,1033.3701370690044,0.37111581440483543,450.25,121.5,34.25,294.5,509.60795140283903,111.0,10.5,32.25,2.0,19.75,42.25,57.5,175.0,0.0,0.0,34.58968827077093,24.7682631320681,58032.0,0,0,0,49,UTAH
3107,490888,197.5,726.7480694797734,0.27175854782989106,0.0,0.0,0.0,0.0,20.494842258789134,0.0,0.0,0.0,0.0,0.0,0.0,0.0,0.0,0.0,0.0,7.98583333812445,12.509008920664687,91005.0,0,0,0,49,UTAH
3188,490969,281.75,1022.5933868298766,0.2755249580416788,59.0,0.0,0.25,58.75,91.06081564413954,0.0,0.0,0.25,0.0,0.0,58.75,0.0,0.0,0.0,0.0,13.797664330518073,18.263151313621464,91005.0,667,0,0,49,UTAH
3189,490970,227.25,840.6798763174172,0.27031692609969976,0.0,0.0,0.0,0.0,24.223823745469037,0.0,0.0,0.0,0.0,0.0,0.0,0.0,0.0,0.0,0.0,9.212961887623395,15.010861857845638,91005.0,0,0,0,49,UTAH
3187,490968,559.75,1422.5262669037547,0.3934900978794169,376.75,92.75,5.25,278.75,462.2648691193333,21.0,71.75,5.25,0.0,20.5,49.0,35.0,174.25,0.0,0.0,49.48875802751634,36.02611109181692,61129.0,0,0,0,49,UTAH
3197,490978,417.0,1319.9668619829922,0.3159170218663967,47.75,0.0,0.0,47.75,98.6665868250952,0.0,0.0,0.0,0.0,0.0,47.75,0.0,0.0,0.0,5.05797101362069,18.83906446735237,27.01955134412215,99112.0,833,0,0,49,UTAH
3198,490979,148.0,512.2752867471779,0.28890716345065875,122.0,0.0,0.0,122.0,142.45316144817644,0.0,0.0,0.0,0.0,0.0,122.0,0.0,0.0,0.0,0.0,10.946239644000851,9.506921804175583,99112.0,0,0,1602,49,UTAH
3207,490988,222.0,575.025658704188,0.38606972861050026,332.75,53.75,137.5,141.5,369.4892833635416,31.5,22.25,6.0,131.5,8.75,9.5,5.75,117.5,0.0,0.0,22.478964601312,14.260318762229668,99112.0,0,0,0,49,UTAH
3212,490993,348.25,1211.442455988764,0.2874672241165287,42.5,4.0,0.25,38.25,80.60863642238311,3.0,1.0,0.25,0.0,9.0,8.5,2.5,18.25,0.0,0.0,15.842545980348756,22.26609044203436,99112.0,0,0,0,49,UTAH
3213,490994,6.0,21.270466145625708,0.28208126511763854,50.5,12.0,20.5,18.0,52.7881629707991,11.25,0.75,20.5,0.0,0.0,7.25,2.0,8.75,0.0,0.0,2.2881629707991005,0.0,99112.0,0,0,0,49,UTAH
3200,490981,4.25,14.095700691267954,0.30151037490692484,215.0,31.5,6.75,176.75,223.8897621497933,29.75,1.75,6.75,0.0,14.0,35.5,11.25,116.0,0.0,0.0,8.889762149793311,0.0,99112.0,0,0,0,49,UTAH
3202,490983,349.25,1112.7522204433253,0.31386142717455756,59.75,14.25,22.75,22.75,98.84476820164612,14.25,0.0,20.0,2.75,6.0,1.5,0.5,14.75,0.0,0.0,16.578432787337654,22.516335414308468,113111.0,0,0,0,49,UTAH
3232,491013,3.0,9.22158836554791,0.32532356477850133,356.75,56.0,207.25,93.5,371.5424981848467,55.5,0.5,74.0,133.25,24.25,11.75,5.75,51.75,0.0,0.0,14.54231715660628,0.2501810282404055,69330.0,0,0,0,49,UTAH
3230,491011,145.0,436.7445073181072,0.33200188570291006,43.75,10.25,10.25,23.25,60.8845254102905,0.75,9.5,1.25,9.0,1.0,1.0,2.75,18.5,0.0,0.0,7.627667550148621,9.506857860141878,78353.0,0,0,0,49,UTAH
3221,491002,539.5,1832.46892018616,0.29441154174947337,0.0,0.0,0.0,0.0,56.65029051088607,0.0,0.0,0.0,0.0,0.0,0.0,0.0,0.0,0.0,0.0,21.875127204153323,34.77516330673275,87780.0,0,0,0,49,UTAH
3209,490990,190.5,493.2901333230087,0.38618246571589077,40.5,6.75,4.75,29.0,63.3768955586431,4.75,2.0,1.75,3.0,5.0,9.5,1.5,13.0,0.0,0.0,10.618025044126185,12.258870514516914,99112.0,0,0,0,49,UTAH
3219,491000,386.25,1275.7549464267518,0.3027619066513075,114.5,5.75,0.25,108.5,159.8150165630891,5.75,0.0,0.25,0.0,7.0,75.0,2.25,24.25,0.0,0.0,20.296913466679698,25.0181030964094,93258.0,740,0,0,49,UTAH
3224,491005,394.5,1351.5177001842694,0.29189406838416754,273.0,30.25,4.5,238.25,325.3249165250901,27.75,2.5,4.25,0.25,15.75,75.75,8.25,138.5,0.0,0.0,27.056653711486607,25.268262813603485,104274.0,543,0,0,49,UTAH
3225,491006,445.5,1432.643053337718,0.31096371071781687,0.0,0.0,0.0,0.0,47.071083960730775,0.0,0.0,0.0,0.0,0.0,0.0,0.0,0.0,0.0,0.0,18.55044643627144,28.52063752445933,101106.0,0,0,0,49,UTAH
3228,491009,2.0,3.606875094978507,0.5544966064348613,0.0,0.0,0.0,0.0,2.1100517775398564,0.0,0.0,0.0,0.0,0.0,0.0,0.0,0.0,2.0243661974601705,0.0,0.0856855800796858,0.0,107346.0,0,0,0,49,UTAH
3227,491008,7.999999999015955,23.27046614276331,0.34378340124070994,0.0,0.0,0.0,0.0,2.3371953102408813,0.0,0.0,0.0,0.0,0.0,0.0,0.0,0.0,1.0121830986055813,0.0,0.32428808790201935,1.0007241237332811,88338.0,0,0,0,49,UTAH
3250,491031,21.5,64.29165743031733,0.33441352827624377,0.0,0.0,0.0,0.0,2.3780087038571365,0.0,0.0,0.0,0.0,0.0,0.0,0.0,0.0,0.0,0.0,0.8768798905325614,1.501128813324575,69330.0,0,0,0,49,UTAH
3242,491023,61.0,159.326316681294,0.38286204859690837,13.75,1.75,5.0,7.0,20.52039307168661,1.75,0.0,5.0,0.0,4.0,0.0,0.25,2.75,0.0,0.0,3.0179120695900146,3.7524810020965935,69330.0,0,0,0,49,UTAH
3222,491003,142.0,354.983878298225,0.4000181661227572,75.75,0.0,11.0,64.75,94.82081327125329,0.0,0.0,11.0,0.0,0.0,0.0,0.0,64.75,0.0,0.0,9.814157750398142,9.256655520855157,60557.0,0,0,0,49,UTAH
3175,490956,1.25,3.664349086262719,0.34112470470843675,1783.25,1011.75,23.5,748.0,1855.586261376507,659.5,352.25,23.5,0.0,61.0,44.25,38.75,604.0,0.0,0.0,72.33626137650705,0.0,44074.0,0,0,0,49,UTAH
3181,490962,44.0,99.4559033709565,0.44240712223874934,387.0,256.25,15.25,115.5,407.4731238298893,103.25,153.0,11.0,4.25,7.0,16.0,20.25,72.25,0.0,0.0,17.470951458320158,3.002172371569128,44074.0,0,0,0,49,UTAH
3180,490961,75.25,168.07600908239925,0.44771410512911863,843.75,217.5,40.25,586.0,886.0183308812792,157.0,60.5,38.25,2.0,44.25,77.0,133.25,331.5,0.0,0.0,37.26471026199744,5.00362061928188,44074.0,0,0,0,49,UTAH
3184,490965,296.5,677.0576263826065,0.4379243190629793,287.5,65.5,28.75,193.25,330.1910941664866,35.5,30.0,26.75,2.0,5.0,18.0,91.0,79.25,0.0,0.0,23.67733581321544,19.013758353271143,44074.0,0,0,0,49,UTAH
3185,490966,320.0,635.8575365911001,0.5032573832741749,177.0,39.5,9.5,128.0,218.16715189026195,34.75,4.75,9.25,0.25,13.0,13.25,26.75,75.0,0.0,0.0,20.151945289278054,21.01520660098389,48351.0,0,0,0,49,UTAH
3186,490967,173.25,342.22962793400734,0.5062390449531975,403.0,149.25,74.75,179.0,437.3625645471637,54.75,94.5,74.5,0.25,4.75,7.75,4.75,161.75,0.0,0.0,23.354599184743552,11.007965362420135,48351.0,0,0,0,49,UTAH
3195,490976,266.0,709.6472269676522,0.3748341286932487,39.75,0.0,0.25,39.5,69.15662515790613,0.0,0.0,0.25,0.0,0.0,39.5,0.0,0.0,0.0,0.0,12.394315052347745,17.012310105558388,45450.0,412,0,0,49,UTAH
3194,490975,247.0,660.1062946764007,0.37418216125493103,1095.75,247.5,51.75,796.5,1166.1895959050632,142.25,105.25,46.5,5.25,89.75,124.5,162.75,419.5,0.0,0.0,54.4280099233613,16.011585981702012,45450.0,0,0,0,49,UTAH
3211,490992,618.0,2007.016899175941,0.3079196793279339,544.25,109.0,12.75,422.5,630.8741689186938,62.75,46.25,10.5,2.25,22.75,114.0,23.5,262.25,0.0,0.0,47.09560865390696,39.52856026478683,75801.0,425,0,0,49,UTAH
3196,490977,223.0,563.7725076708052,0.3955496179147013,116.75,27.75,0.25,88.75,144.53109407924865,27.75,0.0,0.25,0.0,0.0,83.5,0.25,5.0,0.0,0.0,13.770956345259382,14.010137733989264,62215.0,0,1212,0,49,UTAH
3215,490996,86.5,210.4699446020089,0.4109850466467713,1404.0,176.5,94.0,1133.5,1470.420272243043,138.75,37.75,88.25,5.75,56.5,360.25,70.0,646.75,0.0,0.0,60.91631087832671,5.503961364716373,51785.0,0,0,0,49,UTAH
3206,490987,176.0,438.8127594536635,0.40108222973991425,206.0,39.5,0.75,165.75,232.49636405617,15.0,24.5,0.75,0.0,5.0,19.5,0.5,140.75,0.0,0.0,15.488398693749891,11.007965362420135,58353.0,0,0,0,49,UTAH
3208,490989,206.25,514.6735241484683,0.40073947915087016,49.25,15.5,1.0,32.75,72.61324065847909,2.5,13.0,1.0,0.0,2.0,3.5,12.75,14.5,0.0,0.0,10.353827048346202,13.009413610132883,58353.0,0,0,0,49,UTAH
3210,490991,277.0,698.9470908659735,0.39631039834046056,25.5,1.25,0.0,24.25,55.775901252923816,1.25,0.0,0.0,0.0,2.0,1.0,1.0,20.25,0.0,0.0,12.262867023509052,18.013034229414764,60125.0,0,0,0,49,UTAH
3216,490997,258.25,627.3530101274255,0.4116502126092378,94.0,0.0,0.0,94.0,125.29069028643264,0.0,0.0,0.0,0.0,0.0,94.0,0.0,0.0,0.0,0.0,14.278380180874244,17.012310105558388,51785.0,0,1255,0,49,UTAH
3223,491004,239.75,722.37667203366,0.33189056247490306,0.0,0.0,0.0,0.0,24.73014083308323,0.0,0.0,0.0,0.0,0.0,0.0,0.0,0.0,0.0,0.0,9.719278975237591,15.010861857845638,102351.0,0,0,0,49,UTAH
3183,490964,229.0,615.3859332032367,0.372124203112668,831.25,182.0,20.25,629.0,894.3049096941509,72.25,109.75,19.5,0.75,57.5,45.5,185.75,340.25,0.0,5.05797101362069,42.9860768226846,15.010861857845638,58209.0,0,0,0,49,UTAH
3201,490982,325.75,1110.977639130644,0.29321022181409884,98.0,0.0,98.0,0.0,136.19214053531493,0.0,0.0,90.25,7.75,0.0,0.0,0.0,0.0,0.0,0.0,17.176933934331036,21.01520660098389,83918.0,0,0,0,49,UTAH
3191,490972,281.5,712.8900714409415,0.39487153949417925,8.0,0.0,0.0,8.0,37.74893311001821,0.0,0.0,0.0,0.0,8.0,0.0,0.0,0.0,0.0,0.0,11.73589888060345,18.013034229414764,56042.0,0,0,0,49,UTAH
3182,490963,134.5,361.3472822104164,0.37221810325303406,97.0,3.25,1.25,92.5,115.39022060973132,3.25,0.0,1.25,0.0,7.75,67.25,2.0,15.5,0.0,0.0,9.383703495023946,9.006517114707382,58209.0,619,0,0,49,UTAH
3192,490973,58.25,148.0647781745817,0.3934088897990176,109.75,0.0,0.0,109.75,120.562605693795,0.0,0.0,0.0,0.0,0.0,109.75,0.0,0.0,0.0,0.0,6.809709198369487,4.002896495425503,56042.0,0,0,1442,49,UTAH
3203,490984,304.25,1037.231776649433,0.2933288459237317,49.0,0.0,0.0,49.0,83.08446007318497,0.0,0.0,0.0,0.0,0.0,49.0,0.0,0.0,0.0,0.0,14.320158624297862,19.76430144888711,83918.0,852,0,0,49,UTAH
3204,490985,321.5,675.3324880352335,0.476061800218364,298.25,23.0,9.0,266.25,344.3818020716536,21.5,1.5,7.75,1.25,8.5,28.0,185.75,44.0,0.0,0.0,25.11659547066974,21.01520660098389,50048.0,0,0,0,49,UTAH
3193,490974,198.0,499.3908743787104,0.3964830159268144,753.5,158.75,83.25,511.5,805.0828019263237,142.25,16.5,24.0,59.25,50.5,83.25,65.0,312.75,0.0,0.0,38.57338831619072,13.009413610132883,56042.0,0,0,0,49,UTAH
3205,490986,145.0,303.33062266780337,0.47802624978882763,777.75,92.25,50.25,635.25,824.1524198473688,45.25,47.0,37.25,13.0,81.0,239.25,101.75,213.25,0.0,0.0,37.39590273266143,9.006517114707382,50625.0,0,0,0,49,UTAH
3233,491014,125.0,377.3174005297912,0.331286073275411,0.0,0.0,0.0,0.0,13.212648897879856,0.0,0.0,0.0,0.0,0.0,0.0,0.0,0.0,0.0,0.0,5.20651486491925,8.006134032960604,105921.0,0,0,0,49,UTAH
3214,490995,135.75,283.23276730061485,0.47928776494959346,636.25,104.75,71.5,460.0,678.2939568944793,63.5,41.25,70.5,1.0,67.75,101.5,36.5,254.25,0.0,0.0,33.28762080801228,8.756336086466977,49164.0,0,7,265,49,UTAH
3239,491020,74.25,212.23296200432597,0.349851405261387,6.25,2.5,1.0,2.75,71.73638165202749,2.25,0.25,1.0,0.0,0.0,1.0,0.0,1.75,0.0,0.0,60.732899449788135,4.753482202239354,105921.0,0,0,0,49,UTAH
3234,491015,94.25,268.09506083027094,0.35155440651578806,0.0,0.0,0.0,0.0,9.787603761043862,0.0,0.0,0.0,0.0,0.0,0.0,0.0,0.0,0.0,0.0,3.783429538960404,6.004174222083456,105921.0,0,0,0,49,UTAH
3240,491021,104.0,296.7920570490976,0.3504136904270168,0.0,0.0,0.0,0.0,11.807017946536202,0.0,0.0,0.0,0.0,0.0,0.0,0.0,0.0,0.7589133439616931,0.0,4.292854432453876,6.755250170120633,105921.0,0,0,0,49,UTAH
3236,491017,293.25,864.0841518322798,0.3393766676291505,238.75,0.0,56.25,182.5,279.3272822389053,0.0,0.0,49.25,7.0,1.0,181.5,0.0,0.0,0.0,0.0,21.56352388563413,19.013758353271143,105921.0,921,438,414,49,UTAH
3237,491018,223.0,658.2070152367155,0.33879918450854096,229.25,42.75,13.75,172.75,261.5920497345872,40.0,2.75,12.5,1.25,10.75,17.5,6.75,137.75,0.0,0.0,18.33191200059793,14.010137733989264,105921.0,0,0,0,49,UTAH
3238,491019,18.5,48.41673390281201,0.3820992972622949,7.0,2.5,1.25,3.25,9.381128337108391,2.25,0.25,1.25,0.0,0.0,1.0,0.25,2.0,0.0,0.0,1.130052663956811,1.2510756731515802,105921.0,0,0,0,49,UTAH
3241,491022,111.0,300.67542658568675,0.36916884515791026,129.75,23.0,68.0,38.75,151.23819877745788,21.5,1.5,67.75,0.25,8.0,5.75,4.0,21.0,0.0,0.0,14.48317254345064,7.005026234007243,105921.0,0,0,0,49,UTAH
3130,490911,18.5,44.62018743179988,0.4146105398655371,0.0,0.0,0.0,0.0,6.811938870667502,0.0,0.0,0.0,0.0,0.0,0.0,0.0,0.0,5.060915493650427,0.0,0.7502992531606998,1.0007241238563758,62476.0,0,0,0,49,UTAH
3147,490928,338.25,839.0625423045644,0.4031284712948387,97.25,2.0,92.5,2.75,136.51214666172467,2.0,0.0,53.25,39.25,0.25,0.5,0.25,1.75,0.0,0.0,17.496801929478593,21.76534473224607,51304.0,0,0,0,49,UTAH
3154,490935,0.0,0.0,0.0,1222.25,523.75,317.25,381.25,1271.77791477178,520.0,3.75,277.0,40.25,148.0,28.5,23.5,181.25,0.0,0.0,49.52791477177994,0.0,51304.0,0,0,0,49,UTAH
3157,490938,14.0,31.68159237914556,0.44189698019142226,0.0,0.0,0.0,0.0,1.568228277754716,0.0,0.0,0.0,0.0,0.0,0.0,0.0,0.0,0.0,0.0,0.5675041538983402,1.0007241238563758,51304.0,0,0,0,49,UTAH
3152,490933,4.669610751339871,8.744321787633174,0.5340163439483617,503.60791504455347,75.69774427626596,252.57804718060657,175.33212358768088,525.8029523246057,72.41215253762125,3.2855917386447238,181.8389570878052,70.7390900928014,35.55144141299403,21.12247776502773,11.193272464525784,107.46493194513337,1.5836755110686715,0.0,20.59742395067105,0.013937818312531198,51304.0,0,0,0,49,UTAH
3158,490939,0.0,0.0,0.0,1018.9999891548918,168.4999982066725,573.9999938909793,276.49999705724,1060.2882991568415,164.74999824658335,3.7499999600891503,521.9999944444097,51.999999446569554,57.499999388033636,25.7499997259455,19.999999787142137,173.24999815611875,0.0,0.0,41.28831000194977,0.0,51304.0,0,0,0,49,UTAH
3165,490946,0.0,0.0,0.0,1466.0,180.75,747.25,538.0,1525.4195233221988,170.75,10.0,732.5,14.75,68.75,50.25,98.75,320.25,0.0,0.0,59.41952332219878,0.0,51304.0,0,0,0,49,UTAH
3155,490936,14.0,31.68159237914556,0.44189698019142226,0.0,0.0,0.0,0.0,2.5804113764848013,0.0,0.0,0.0,0.0,0.0,0.0,0.0,0.0,1.0121830987300855,0.0,0.5675041538983402,1.0007241238563758,51304.0,0,0,0,49,UTAH
3149,490930,15.0,37.50384484618525,0.39995899251182354,0.0,0.0,0.0,0.0,2.62094738747754,0.0,0.0,0.0,0.0,0.0,0.0,0.0,0.0,1.0121830987300855,0.0,0.6080401648910787,1.0007241238563758,51304.0,0,0,0,49,UTAH
3150,490931,13.0,32.28874392305234,0.4026170863437873,95.0,14.0,3.0,78.0,100.37399975297794,12.75,1.25,2.5,0.5,5.75,16.5,5.75,50.0,0.0,0.0,4.373275629121558,1.0007241238563758,51304.0,0,0,0,49,UTAH
3169,490950,9.25,23.918173660669684,0.3867352136175187,212.0,55.5,73.0,83.5,221.996652441082,53.75,1.75,71.0,2.0,12.0,11.0,7.75,52.75,0.0,0.0,8.995928317225598,1.0007241238563758,51304.0,0,0,0,49,UTAH
3161,490942,5.5,13.13510010025963,0.4187253966866447,0.0,0.0,0.0,0.0,0.2217480294136247,0.0,0.0,0.0,0.0,0.0,0.0,0.0,0.0,0.0,0.0,0.2217480294136247,0.0,51304.0,0,0,0,49,UTAH
3168,490949,23.5,59.08025136740768,0.3977640490027443,5.75,1.25,0.75,3.75,8.105591236013849,0.75,0.5,0.75,0.0,0.0,0.75,0.75,2.25,0.0,0.0,1.1047926500434078,1.2507985859704418,51304.0,0,0,0,49,UTAH
3166,490947,2.0,2.803708744506616,0.7133408575047802,0.0,0.0,0.0,0.0,1.0932551207155623,0.0,0.0,0.0,0.0,0.0,0.0,0.0,0.0,1.0121830987300855,0.0,0.0810720219854771,0.0,51304.0,0,0,0,49,UTAH
3167,490948,1.5,1.901721399700084,0.7887590686188637,93.5,28.0,7.25,58.25,97.40971236050665,24.75,3.25,7.25,0.0,0.0,6.5,10.5,41.25,0.0,0.0,3.909712360506632,0.0,51304.0,0,0,0,49,UTAH
3170,490951,3.5,7.316476969386996,0.47837231151610443,0.0,0.0,0.0,0.0,0.1425997366802159,0.0,0.0,0.0,0.0,0.0,0.0,0.0,0.0,0.0,0.0,0.1425997366802159,0.0,51304.0,0,0,0,49,UTAH
3171,490952,10.0,30.30352508195559,0.3299946119454782,0.0,0.0,0.0,0.0,1.1250256723690049,0.0,0.0,0.0,0.0,0.0,0.0,0.0,0.0,0.0,0.0,0.3745465207867398,0.7504791515822651,51304.0,0,0,0,49,UTAH
3172,490953,25.0,56.91203132716348,0.4392744278672017,0.0,0.0,0.0,0.0,2.479704085536561,0.0,0.0,0.0,0.0,0.0,0.0,0.0,0.0,0.0,0.0,0.9786179160941282,1.501086169442433,51304.0,0,0,0,49,UTAH
3174,490955,29.25,85.37609626587485,0.3426017501305144,36.25,5.75,0.5,30.0,40.661936841398905,5.75,0.0,0.5,0.0,2.0,7.75,2.5,17.75,0.0,0.0,2.660818821040285,1.7511180203586183,51304.0,0,0,0,49,UTAH
3341,491122,11.0,36.717819332076026,0.29958206124704684,0.0,0.0,0.0,0.0,1.4466202447765002,0.0,0.0,0.0,0.0,0.0,0.0,0.0,0.0,0.0,0.0,0.4458961209201244,1.0007241238563758,76841.0,0,0,0,49,UTAH
3348,491129,12.0,38.3219384938546,0.3131365601957831,0.0,0.0,0.0,0.0,9.58462104560992,0.0,0.0,0.0,0.0,0.0,0.0,0.0,0.0,8.097464789840682,0.0,0.4864321319128629,1.0007241238563758,76841.0,0,0,0,49,UTAH
3377,491158,57.75,142.17944086584,0.40617686810635784,87.25,13.75,1.75,71.75,96.47934418005823,12.5,1.25,1.75,0.0,5.0,13.5,4.5,48.75,0.0,0.0,5.72710813934101,3.5022360407172366,75589.0,0,0,0,49,UTAH
3375,491156,14.0,36.31983763695867,0.38546427822556545,0.0,0.0,0.0,0.0,1.0691295509273038,0.0,0.0,0.0,0.0,0.0,0.0,0.0,0.0,0.0,0.0,0.568810116539127,0.5003194343881767,75589.0,0,0,0,49,UTAH
3376,491157,44.25,117.97646632318438,0.37507480414595296,22.75,7.75,5.0,10.0,30.181045097902143,6.75,1.0,5.0,0.0,0.0,2.25,1.25,6.5,0.0,0.0,4.679032443527104,2.752012654375039,75589.0,0,0,0,49,UTAH
3370,491151,13.0,35.50384484618525,0.3661575262149896,20.75,4.25,1.0,15.5,23.11555080999414,4.0,0.25,1.0,0.0,1.0,4.75,0.75,9.0,0.0,0.0,1.3648266861377656,1.0007241238563758,75589.0,0,0,0,49,UTAH
3384,491165,9.0,24.270466145625708,0.3708210607080606,0.0,0.0,0.0,0.0,2.377731321521108,0.0,0.0,0.0,0.0,0.0,0.0,0.0,0.0,1.0121830987300855,0.0,0.3648240989346472,1.0007241238563758,75589.0,0,0,0,49,UTAH
3386,491167,38.5,102.37209257315246,0.37607905662853275,0.0,0.0,0.0,0.0,3.958658774570611,0.0,0.0,0.0,0.0,0.0,0.0,0.0,0.0,0.0,0.0,1.7067097675541731,2.251949007016438,75589.0,0,0,0,49,UTAH
3394,491175,2670.75,7333.677110013375,0.3641761097380969,0.0,0.0,0.0,0.0,427.3576216200033,0.0,0.0,0.0,0.0,0.0,0.0,0.0,0.0,1.5179646344129112,0.0,254.2154062196363,171.62425076595414,75589.0,0,0,0,49,UTAH
3409,491190,43.25,120.68682745287715,0.35836553924567455,0.0,0.0,0.0,0.0,4.76167742613803,0.0,0.0,0.0,0.0,0.0,0.0,0.0,0.0,0.0,0.0,1.7596755647289473,3.0020018614090827,56564.0,0,0,0,49,UTAH
3413,491194,10.0,25.067504981868836,0.39892282886681124,0.0,0.0,0.0,0.0,3.4350639893381407,0.0,0.0,0.0,0.0,0.0,0.0,0.0,0.0,2.0243661974601705,0.0,0.4099736680215945,1.0007241238563758,56564.0,0,0,0,49,UTAH
3414,491195,150.0,469.7614562703177,0.31931099922698764,132.5,10.5,20.75,101.25,154.8861357294139,9.5,1.0,7.5,13.25,84.25,3.25,2.5,11.25,1.0121830987300855,0.0,11.617041619474165,9.756911011209626,56564.0,0,0,0,49,UTAH
3416,491197,225.75,663.0729386510016,0.34046028248307103,0.0,0.0,0.0,0.0,105.78223975784984,0.0,0.0,0.0,0.0,0.0,0.0,0.0,0.0,0.2528563656147987,0.0,91.01837201681109,14.511011375423978,56564.0,0,0,0,49,UTAH
3417,491198,453.25,1466.1970518357584,0.3091330728243563,290.0,29.75,154.25,106.0,441.9593441198882,26.5,3.25,136.75,17.5,34.0,7.25,8.0,56.75,0.5057815356828259,0.0,122.18135891406462,29.272203670140826,56564.0,0,0,0,49,UTAH
3422,491203,0.0,0.0,0.0,869.75,640.0,125.75,104.0,905.0048556053192,594.75,45.25,94.5,31.25,98.0,3.75,0.75,1.5,0.0,0.0,35.25485560531929,0.0,56564.0,0,0,0,49,UTAH
3419,491200,0.0,0.0,0.0,661.0,17.75,614.75,28.5,687.7938269333594,17.75,0.0,503.25,111.5,7.5,2.0,0.0,19.0,0.0,0.0,26.7938269333594,0.0,56564.0,0,0,0,49,UTAH
3418,491199,86.0,247.98664389828468,0.34679287016470994,56.0,2.0,26.5,27.5,67.58065638736369,2.0,0.0,2.5,24.0,23.5,1.0,0.0,3.0,0.0,0.0,5.826492672465834,5.7541637148978495,56564.0,0,0,0,49,UTAH
3427,491208,80.5,235.8406045603616,0.3413322322085408,0.0,0.0,0.0,0.0,8.49225685681174,0.0,0.0,0.0,0.0,0.0,0.0,0.0,0.0,0.0,0.0,3.2385191424284065,5.253737714383333,56564.0,0,0,0,49,UTAH
3415,491196,51.25,179.45499342932104,0.2855869263965897,98.0,0.0,19.5,78.5,109.28660164744964,0.0,0.0,18.25,1.25,76.5,2.0,0.0,0.0,2.0243661974601705,0.0,6.009988616306279,3.2522468336831936,57510.0,0,0,0,49,UTAH
3433,491214,168.25,528.2909349278525,0.3184798164726743,0.0,0.0,0.0,0.0,18.85345717333661,0.0,0.0,0.0,0.0,0.0,0.0,0.0,0.0,1.0121830987300855,0.0,7.082999488308717,10.758274586297809,56564.0,0,0,0,49,UTAH
3444,491225,11.25,40.58509797747413,0.27719533919184,173.0,0.0,9.0,164.0,183.4950037362522,0.0,0.0,7.5,1.5,162.0,2.0,0.0,0.0,2.0243661974601705,0.0,7.469913414935636,1.0007241238563758,61056.0,0,0,0,49,UTAH
3446,491227,165.0,493.189752260564,0.334556829787547,158.0,0.5,5.75,151.75,182.6214539092094,0.5,0.0,4.0,1.75,149.75,2.0,0.0,0.0,1.0121830987300855,0.0,13.10185933664112,10.507411473838207,56564.0,0,0,0,49,UTAH
3243,491024,106.01503311891305,269.68561596501013,0.39310599766161713,40.16625902674311,8.511066039124005,1.9411203247124924,29.714072662906613,52.7791033478359,7.76448129884997,0.7465847402740355,1.7918033766576853,0.1493169480548071,1.7918033766576853,6.71926266246632,2.239754220822107,18.963252402960503,0.0,0.0,5.739609286580261,6.873235034512531,105921.0,0,0,0,49,UTAH
3385,491166,164.0,444.3377440690982,0.36908860925957404,0.0,0.0,0.0,0.0,18.044204598348475,0.0,0.0,0.0,0.0,0.0,0.0,0.0,0.0,1.0121830987300855,0.0,6.524311660236988,10.507709839381402,75589.0,0,0,0,49,UTAH
3245,491026,255.75,653.4957559628864,0.39135678796133555,393.25,82.25,23.5,287.5,439.6655662682532,72.25,10.0,23.0,0.5,24.75,57.75,60.25,144.75,0.0,0.0,29.90310665601122,16.512459612241976,105921.0,0,0,0,49,UTAH
3246,491027,0.0,0.0,0.0,481.25,81.0,277.25,123.0,500.75209218492176,79.0,2.0,140.0,137.25,24.25,12.0,7.75,79.0,0.0,0.0,19.50209218492178,0.0,105921.0,0,0,0,49,UTAH
3248,491029,150.75,444.7103076970831,0.338984721943266,26.0,0.0,25.0,1.0,42.660838377385765,0.0,0.0,25.0,0.0,1.0,0.0,0.0,0.0,0.0,0.0,7.154001828290204,9.50683654909556,105921.0,0,0,0,49,UTAH
3256,491037,305.7500008235438,763.6465262085111,0.4003815775101946,128.25000034544396,30.50000008215237,6.500000017507882,91.25000024578372,165.55959882130648,28.50000007676533,2.0000000053870406,6.500000017507882,0.0,1.0000000026935203,19.250000051850265,21.000000056563927,50.000000134676014,0.0,0.0,17.54418861411758,19.765409861744953,105921.0,0,0,0,49,UTAH
3249,491030,143.00000014776597,402.21817634508204,0.35552843843904136,9.750000010074952,0.25000000025833213,1.0000000010333285,8.500000008783292,40.870555931142434,0.0,0.25000000025833213,1.0000000010333285,0.0,0.0,1.2500000012916606,0.0,7.250000007491632,1.012183099776003,0.0,20.851461503841314,9.25691131745016,105921.0,0,0,0,49,UTAH
3277,491058,88.5,279.3802791743757,0.3167725376377141,316.25,26.25,55.75,234.25,338.6695046035442,22.75,3.5,51.5,4.25,15.0,132.25,28.5,58.5,0.0,0.0,16.415159860406018,6.004344743138255,85315.0,0,0,1374,49,UTAH
3285,491066,947.5000087275306,2840.659430536694,0.33354931553639877,0.0,0.0,0.0,0.0,101.74526417963483,0.0,0.0,0.0,0.0,0.0,0.0,0.0,0.0,2.0243662161068388,0.0,38.92618227917811,60.794715684349875,30043.0,0,0,0,49,UTAH
3290,491071,67.75000005351495,198.52196661415255,0.3412720577425767,156.75000012381503,15.000000011848329,5.250000004146915,136.5000001078198,170.06682456865397,12.75000001007108,2.2500000017772495,5.000000003949443,0.25000000019747215,6.500000005134276,22.250000017575022,16.000000012638218,91.75000007247228,0.0,0.0,9.063768239754674,4.253056205084278,75991.0,0,0,0,49,UTAH
3281,491062,108.25,316.9123829015314,0.34157705990817855,0.0,0.0,0.0,0.0,12.771752239928702,0.0,0.0,0.0,0.0,0.0,0.0,0.0,0.0,1.0121830987300855,0.0,4.753647668929991,7.005921472268625,69330.0,0,0,0,49,UTAH
3267,491048,2.267000805505454,5.910680255045907,0.3835431300094656,26.00383276903315,7.201061382193795,5.467472530924918,13.335298855914434,27.82899264921666,6.667649427957217,0.5334119542365774,5.467472530924918,0.0,0.0,3.867236668215186,0.9334709199140104,8.534591267785238,0.5399105647388495,0.0,1.2852493154446656,0.0,69330.0,0,0,0,49,UTAH
3280,491061,27.25,81.68982297642906,0.33357888421257526,25.75,3.75,0.5,21.5,30.638472588268517,3.75,0.0,0.5,0.0,1.0,4.75,0.5,15.25,0.0,0.0,3.137226690737238,1.7512458975312752,104591.0,0,0,0,49,UTAH
3279,491060,363.5,1038.01849215879,0.35018643959224754,0.0,0.0,0.0,0.0,38.23838913823019,0.0,0.0,0.0,0.0,0.0,0.0,0.0,0.0,0.0,0.0,14.721414855145373,23.51697428308482,75108.0,0,0,0,49,UTAH
3265,491046,33.097124547887084,96.27735681561646,0.3437685208919096,0.0,0.0,0.0,0.0,3.4090965998808156,0.0,0.0,0.0,0.0,0.0,0.0,0.0,0.0,0.0,0.0,1.3811710439436664,2.027925555937149,72269.0,0,0,0,49,UTAH
3297,491078,200.5,572.0074333179441,0.3505199204090662,0.0,0.0,0.0,0.0,21.140315739113586,0.0,0.0,0.0,0.0,0.0,0.0,0.0,0.0,0.0,0.0,8.130902128980699,13.009413610132883,75108.0,0,0,0,49,UTAH
3295,491076,233.25000003582508,596.9743529159357,0.3907203029686448,76.00000001167291,5.50000000084475,2.5000000003839773,68.00000001044418,105.80734799995071,4.500000000691159,1.000000000153591,1.2500000001919886,1.2500000001919886,11.500000001766296,12.750000001958284,1.750000000268784,42.00000000645082,0.0,0.0,14.796571383206656,15.010776605071136,89915.0,0,0,0,49,UTAH
3291,491072,120.0,383.4177367005682,0.31297456667664425,512.75,109.5,7.25,396.0,546.4026400526507,77.5,32.0,7.25,0.0,25.0,238.75,37.0,95.25,0.0,0.0,25.646847061799654,8.005792990851006,85315.0,528,0,0,49,UTAH
3296,491077,217.75,696.5587166104548,0.31260824795876474,37.0,0.0,5.5,31.5,61.335873793276456,0.0,0.0,5.5,0.0,23.75,0.5,3.0,4.25,0.0,0.0,10.325736059287197,14.010137733989264,85315.0,0,0,0,49,UTAH
3309,491090,25.75,81.3762219103288,0.3164315004495391,0.0,0.0,0.0,0.0,2.637845103631875,0.0,0.0,0.0,0.0,0.0,0.0,0.0,0.0,0.0,0.0,1.1365031362651137,1.5013419673667618,109773.0,0,0,0,49,UTAH
3311,491092,228.25,708.26654456386,0.3222656805575265,0.0,0.0,0.0,0.0,24.76309892614205,0.0,0.0,0.0,0.0,0.0,0.0,0.0,0.0,0.0,0.0,9.752237068296411,15.010861857845638,83427.0,0,0,0,49,UTAH
3316,491097,289.75,843.594881196304,0.3434705525821883,196.0,20.75,31.75,143.5,244.6540833189004,19.75,1.0,2.25,29.5,14.75,26.0,12.0,90.75,0.0,0.0,29.89054865954132,18.763534659359088,109773.0,0,0,0,49,UTAH
3317,491098,247.39899826646788,777.8747258133061,0.318044782863719,64.51991496640925,7.629043999406498,8.500934742195813,48.38993622480693,93.73802786175058,6.975125942314513,0.6539180570919856,1.0898634284866426,7.41107131370917,6.3212078852225275,8.718907427893141,0.8718907427893141,32.47793016890195,0.0,0.0,13.294603159527243,15.923509735814097,83427.0,0,0,0,49,UTAH
3318,491099,288.0,946.845291300124,0.3041679592708793,0.0,0.0,0.0,0.0,30.304151698230108,0.0,0.0,0.0,0.0,0.0,0.0,0.0,0.0,0.0,0.0,11.790584880384976,18.51356681784513,114538.0,0,0,0,49,UTAH
3288,491069,349.5,934.0465398400474,0.3741783573866146,172.0,17.5,11.5,143.0,215.6594140093545,14.75,2.75,6.0,5.5,10.5,25.75,59.75,47.0,0.0,0.0,21.392918537597808,22.26649547175668,30043.0,0,0,0,49,UTAH
3284,491065,458.25,1427.8017497542185,0.32094791877015355,0.0,0.0,0.0,0.0,199.06649131718632,0.0,0.0,0.0,0.0,0.0,0.0,0.0,0.0,0.7589133439616931,0.0,168.7830190360656,29.524558937159007,30043.0,0,0,0,49,UTAH
3271,491052,158.0,454.9517059259352,0.3472896088573453,80.0,17.25,37.75,25.0,111.1631970305213,17.0,0.25,27.75,10.0,7.75,2.5,1.0,13.75,0.0,0.0,20.90571081968344,10.25748621083787,30043.0,0,0,0,49,UTAH
3272,491053,261.74999984616045,790.0634556498669,0.3313025023171815,53.24999996870312,19.249999988686106,5.9999999964735915,27.999999983543425,108.39451167811086,17.74999998956771,1.4999999991183979,5.9999999964735915,0.0,0.0,2.7499999983837293,3.499999997942928,21.749999987216768,0.0,0.0,38.382638407181375,16.76187330222638,30043.0,0,0,0,49,UTAH
3270,491051,32.25,80.10014629623072,0.4026209874914747,555.75,176.75,75.0,304.0,581.5838137942827,121.5,55.25,25.5,49.5,28.5,38.5,16.75,220.25,0.0,0.0,23.83240816866265,2.0014056256201176,30043.0,0,0,0,49,UTAH
3283,491064,141.25,405.6810289040513,0.3481799491131921,300.75,134.5,13.75,152.5,327.67946930495174,130.25,4.25,4.25,9.5,10.25,69.75,4.5,68.0,0.0,0.0,17.922973501290727,9.006495803661066,30043.0,454,0,0,49,UTAH
3287,491068,233.25,508.5230584247775,0.45868126555072064,379.75,99.75,63.75,216.25,419.6013995936405,51.0,48.75,21.5,42.25,22.0,51.5,12.0,130.75,0.0,0.0,24.84053773579482,15.010861857845638,56620.0,0,0,0,49,UTAH
3286,491067,205.5,453.24522055331954,0.453396948674112,230.0,79.0,27.0,124.0,260.9329571585107,53.0,26.0,2.75,24.25,14.75,11.5,20.75,77.0,0.0,0.0,17.923543548377822,13.009413610132883,56620.0,0,0,0,49,UTAH
3292,491073,186.75,398.1302178178429,0.4690676357689684,399.25,30.0,51.0,318.25,435.00972752966106,26.75,3.25,14.25,36.75,99.0,39.0,26.75,153.5,0.0,0.0,23.75103804338452,12.00868948627651,77634.0,0,0,0,49,UTAH
3293,491074,330.0,828.4957937924394,0.3983122213444501,1848.25,127.5,159.25,1561.5,1957.7495012664356,106.0,21.5,32.75,126.5,120.0,165.5,874.25,401.75,0.0,0.0,88.23400706018984,21.265494206245396,89915.0,0,0,0,49,UTAH
3301,491082,390.25,1141.5536385659912,0.341858662454292,0.0,0.0,0.0,0.0,55.61356191491937,0.0,0.0,0.0,0.0,0.0,0.0,0.0,0.0,0.0,0.0,30.34527777937482,25.268284135544555,71171.0,0,0,0,49,UTAH
3304,491085,192.25,575.4009827674591,0.33411482732502623,80.75,8.0,15.25,57.5,105.14347690298148,8.0,0.0,1.25,14.0,5.5,10.25,1.25,40.5,1.0121830987300855,0.0,11.121975703288047,12.259318100963345,82941.0,0,0,0,49,UTAH
3303,491084,586.0000001240187,1602.053563350102,0.36578052914698844,31.000000006560718,2.000000000423272,5.250000001111089,23.750000005026354,112.9090414804192,2.000000000423272,0.0,0.0,5.250000001111089,3.250000000687817,4.000000000846544,0.0,16.500000003491994,0.0,15.17391304564313,28.957643466541402,37.777484961673956,82148.0,0,0,0,49,UTAH
3432,491213,316.0,1077.918827078827,0.2931575106229138,48.0,16.0,30.25,1.75,84.76888089543066,16.0,0.0,29.0,1.25,1.25,0.0,0.0,0.5,0.0,0.0,16.504238701109045,20.26464219432161,77834.0,0,0,0,49,UTAH
3426,491207,403.0,945.29933164537,0.42631998829254,293.0,56.5,54.25,182.25,347.22543694929936,16.75,39.75,4.0,50.25,9.25,68.75,51.0,53.25,0.0,0.0,28.206609729033595,26.01882722026577,60420.0,447,0,0,49,UTAH
3431,491212,251.75,824.9974457457076,0.30515245992361284,93.75,3.0,23.75,67.0,123.76796516219105,3.0,0.0,0.75,23.0,13.25,21.75,21.5,10.5,0.0,0.0,14.006379180489038,16.011585981702012,77052.0,0,1224,1459,49,UTAH
3450,491231,155.0,486.38841388796106,0.3186753540467846,0.0,0.0,0.0,0.0,27.072364187730063,0.0,0.0,0.0,0.0,0.0,0.0,0.0,0.0,0.0,0.0,17.065186882305255,10.007177305424808,67250.0,0,0,0,49,UTAH
3442,491223,630.5,1869.834359604039,0.3371956434330987,59.0,0.0,0.0,59.0,127.69200933836464,0.0,0.0,0.0,0.0,0.0,59.0,0.0,0.0,0.0,0.0,27.91254391058626,40.77946542777837,67250.0,631,0,0,49,UTAH
3443,491224,472.50000006737207,1402.5060608626732,0.3368969398797037,0.0,0.0,0.0,0.0,85.19257341201731,0.0,0.0,0.0,0.0,0.0,0.0,0.0,0.0,0.0,0.0,54.92196881191086,30.270604600106452,67250.0,0,0,0,49,UTAH
3282,491063,446.0,1418.4856825456611,0.31441981085039483,196.5,107.5,44.75,44.25,252.07441862746555,25.5,82.0,21.5,23.25,4.75,11.25,1.0,27.25,0.0,0.0,27.053759781065125,28.520658846400405,55219.0,0,0,0,49,UTAH
3421,491202,202.5,471.7376429085791,0.4292640264013099,1206.5,227.75,351.25,627.5,1276.620552669426,169.5,58.25,17.75,333.5,70.0,220.75,63.5,273.25,0.0,0.0,57.11113905929295,13.009413610132883,54104.0,0,0,0,49,UTAH
3420,491201,299.5,776.1012360952066,0.3859032637376955,622.75,80.25,111.75,430.75,680.1377125775456,33.75,46.5,8.0,103.75,21.0,230.0,14.0,165.75,0.0,0.0,38.12379450708031,19.26391807046523,43532.0,470,0,0,49,UTAH
3425,491206,323.75,773.0309267739531,0.4188060125240886,352.5,136.5,38.25,177.75,402.1746818012047,133.25,3.25,2.75,35.5,11.5,70.75,3.0,92.5,0.0,0.0,28.65947520022078,21.01520660098389,67233.0,408,0,0,49,UTAH
3424,491205,312.25,753.6843199626029,0.4142981242007178,138.0,35.5,4.5,98.0,177.236161226991,4.25,31.25,1.75,2.75,13.75,78.75,1.25,4.25,0.0,0.0,19.22167874986345,20.01448247712752,65557.0,0,713,0,49,UTAH
3423,491204,0.0,0.0,0.0,418.5,91.5,27.0,300.0,435.4666273795082,42.0,49.5,4.0,23.0,152.75,26.25,54.0,67.0,0.0,0.0,16.9666273795082,0.0,74447.0,0,0,0,49,UTAH
3430,491211,344.0,717.1149106906494,0.4796999684035234,146.75,11.75,2.75,132.25,188.93991784671096,1.0,10.75,1.25,1.5,52.25,7.25,58.0,14.75,0.0,0.0,19.92376346064289,22.266154386068063,64531.0,0,0,0,49,UTAH
3436,491217,220.75,606.1345814604331,0.364193046811684,193.0,2.25,3.5,187.25,224.04548326337869,0.25,2.0,2.0,1.5,149.25,22.25,5.25,10.5,0.0,0.0,16.78512185726688,14.26036140611181,79681.0,0,0,0,49,UTAH
3438,491219,319.5,902.9575549667052,0.3538372299368833,0.0,0.0,0.0,0.0,33.39921578660432,0.0,0.0,0.0,0.0,0.0,0.0,0.0,0.0,0.0,0.0,12.88484013959398,20.514375647010336,76922.0,0,0,0,49,UTAH
3435,491216,266.25,723.6344773257958,0.3679343761838596,0.0,0.0,0.0,0.0,27.870392801628626,0.0,0.0,0.0,0.0,0.0,0.0,0.0,0.0,0.0,0.0,10.608455842192107,17.261936959436518,79681.0,0,0,0,49,UTAH
3440,491221,393.0,1185.0718446626556,0.3316254636965677,0.0,0.0,0.0,0.0,40.4185335555838,0.0,0.0,0.0,0.0,0.0,0.0,0.0,0.0,0.0,0.0,15.401645461183328,25.01688809440047,79681.0,0,0,0,49,UTAH
3449,491230,181.5,505.7721954869402,0.3588572120404088,0.0,0.0,0.0,0.0,22.61693494010553,0.0,0.0,0.0,0.0,0.0,0.0,0.0,0.0,0.0,0.0,10.85844779311574,11.758487146989788,79681.0,0,0,0,49,UTAH
3470,491251,7.25,18.30128868102033,0.39614696682637096,0.0,0.0,0.0,0.0,0.5432754571629269,0.0,0.0,0.0,0.0,0.0,0.0,0.0,0.0,0.0,0.0,0.2931157399688385,0.2501597171940883,79681.0,0,0,0,49,UTAH
3478,491259,257.75,773.7752615881262,0.3331070567841416,219.0,131.5,14.5,73.0,258.84834931844955,39.5,92.0,14.5,0.0,39.75,32.0,0.25,1.0,0.0,0.0,23.086241541283137,16.76210777716642,93711.0,320,0,0,49,UTAH
3457,491238,506.5,1557.3525817079708,0.32523142540047945,49.0,0.25,0.25,48.5,165.38605692378877,0.25,0.0,0.25,0.0,26.75,6.0,0.0,15.75,1.0121830987300855,0.0,82.59811249159159,32.77576133346709,67250.0,0,0,0,49,UTAH
3453,491234,5.0,9.621822013257503,0.5196520984394338,0.0,0.0,0.0,0.0,1.2148631536937784,0.0,0.0,0.0,0.0,0.0,0.0,0.0,0.0,1.0121830987300855,0.0,0.2026800549636928,0.0,56564.0,0,0,0,49,UTAH
3456,491237,9.75,24.208449060550667,0.40275194728968805,0.0,0.0,0.0,0.0,1.6528636296525585,0.0,0.0,0.0,0.0,0.0,0.0,0.0,0.0,1.0121830987300855,0.0,0.3904995026820672,0.2501810282404055,79681.0,0,0,0,49,UTAH
3455,491236,0.75,2.3588830320000054,0.31794709183358877,0.0,0.0,0.0,0.0,0.0308316995624751,0.0,0.0,0.0,0.0,0.0,0.0,0.0,0.0,0.0,0.0,0.0308316995624751,0.0,56564.0,0,0,0,49,UTAH
3469,491250,6.75,18.205223713041622,0.37077270273611207,0.0,0.0,0.0,0.0,0.5239177159637295,0.0,0.0,0.0,0.0,0.0,0.0,0.0,0.0,0.0,0.0,0.2737579987696411,0.2501597171940883,56564.0,0,0,0,49,UTAH
3477,491258,94.75,276.3936538808434,0.3428081602801483,377.75,231.75,2.75,143.25,403.3844785313293,173.0,58.75,2.25,0.5,133.75,7.25,1.25,1.0,0.0,0.0,19.1298143538029,6.504664177526432,47060.0,0,0,0,49,UTAH
3484,491265,271.5,731.2263443082365,0.3712940625202005,242.5,86.25,2.0,154.25,319.51002439773885,32.75,53.5,2.0,0.0,124.0,6.75,9.0,14.5,0.0,35.40579710476312,24.091533808995425,17.51269348398027,46734.0,0,0,0,49,UTAH
3486,491267,907.5,2550.085547287972,0.3558704142161546,0.0,0.0,0.0,0.0,198.1297057048008,0.0,0.0,0.0,0.0,0.0,0.0,0.0,0.0,0.0,0.0,139.5869395111911,58.54276619360965,93711.0,0,0,0,49,UTAH
3501,491282,291.17374097600725,908.0848928024179,0.32064594762437165,0.0,0.0,0.0,0.0,30.570352055832007,0.0,0.0,0.0,0.0,0.0,0.0,0.0,0.0,0.0,0.0,11.800576361955299,18.769775693876706,74183.0,0,0,0,49,UTAH
3483,491264,327.5,725.1232387052855,0.4516473649151755,1385.0,16.5,10.75,1357.75,1475.49105022605,0.0,16.5,8.25,2.5,947.25,362.0,40.5,8.0,0.0,0.0,69.47567310401132,21.015377122038693,52410.0,512,0,0,49,UTAH
3482,491263,129.5,337.4928477592142,0.38371183525759445,50.0,1.0,2.0,47.0,78.23722625737074,0.0,1.0,2.0,0.0,34.0,13.0,0.0,0.0,0.0,0.0,19.98140145918256,8.255824798188176,52410.0,0,0,0,49,UTAH
3489,491270,1.0,1.0,1.0,0.0,0.0,0.0,0.0,1.052719109722824,0.0,0.0,0.0,0.0,0.0,0.0,0.0,0.0,1.0121830987300855,0.0,0.0405360109927385,0.0,52410.0,0,0,0,49,UTAH
3490,491271,109.5,286.2879692756923,0.382482017239616,0.0,0.0,0.0,0.0,12.27911992147725,0.0,0.0,0.0,0.0,0.0,0.0,0.0,0.0,1.0121830987300855,0.0,4.511857151891821,6.755079670855342,52410.0,0,0,0,49,UTAH
3497,491278,104.25,294.12645946075,0.3544393802282577,55.0,1.0,0.0,54.0,68.96047525911113,0.0,1.0,0.0,0.0,50.0,3.0,1.0,0.0,0.0,0.0,6.955406392116505,7.005068866994631,52410.0,0,0,0,49,UTAH
3500,491281,238.5,603.3753846969473,0.39527631727931617,449.25,61.0,34.75,353.5,491.8619557270636,44.25,16.75,1.5,33.25,257.25,17.25,17.75,61.25,0.0,0.0,27.351445671609184,15.260510055454349,52410.0,0,0,0,49,UTAH
3495,491276,165.75,504.50559673497537,0.3285394672976662,0.0,0.0,0.0,0.0,19.091097798419653,0.0,0.0,0.0,0.0,0.0,0.0,0.0,0.0,1.0121830987300855,0.0,7.31963830900404,10.75927639068553,52410.0,0,0,0,49,UTAH
3502,491283,689.4999990240154,1738.0990457023963,0.39669776053836814,916.4999987026979,19.499999972397827,33.24999995293476,863.7499987773652,1027.465150816607,10.499999985137292,8.999999987260535,10.499999985137292,22.749999967797464,792.7499988778656,17.99999997452107,31.749999955058,21.249999969920708,0.0,0.0,66.68487885324858,44.2802732606607,52410.0,0,0,0,49,UTAH
3481,491262,2.0,5.816105331729389,0.34387272683820364,0.0,0.0,0.0,0.0,1.0978686788097711,0.0,0.0,0.0,0.0,0.0,0.0,0.0,0.0,1.0121830987300855,0.0,0.0856855800796858,0.0,67754.0,0,0,0,49,UTAH
3452,491233,3.0,6.817499100640097,0.4400440624507496,0.0,0.0,0.0,0.0,0.1216080329782157,0.0,0.0,0.0,0.0,0.0,0.0,0.0,0.0,0.0,0.0,0.1216080329782157,0.0,56564.0,0,0,0,49,UTAH
3451,491232,0.0,0.0,0.0,0.0,0.0,0.0,0.0,6.0730985923805125,0.0,0.0,0.0,0.0,0.0,0.0,0.0,0.0,6.0730985923805125,0.0,0.0,0.0,56564.0,0,0,0,49,UTAH
3468,491249,463.25,1284.5372143113384,0.3606357175477831,64.0,0.0,0.0,64.0,126.14725466449455,0.0,0.0,0.0,0.0,0.25,63.75,0.0,0.0,0.0,0.0,32.62504038911535,29.522214275379216,75166.0,661,0,0,49,UTAH
3466,491247,0.0,0.0,0.0,205.5,4.0,6.5,195.0,213.8305333088028,0.25,3.75,6.25,0.25,129.75,61.75,3.25,0.25,0.0,0.0,8.330533308802814,0.0,76443.0,0,0,0,49,UTAH
3465,491246,7.25,23.125289850225187,0.31350958396438877,0.0,0.0,0.0,0.0,1.5523771969789475,0.0,0.0,0.0,0.0,0.0,0.0,0.0,0.0,1.0121830987300855,0.0,0.2900343810547739,0.2501597171940883,74530.0,0,0,0,49,UTAH
3474,491255,207.75,594.070382774947,0.34970603824682234,28.0,0.0,0.0,28.0,72.50077446581656,0.0,0.0,0.0,0.0,28.0,0.0,0.0,0.0,0.0,0.0,31.241222482220167,13.259551983596396,70232.0,0,0,0,49,UTAH
3467,491248,690.0,2037.816985613972,0.3385976291644809,0.0,0.0,0.0,0.0,73.06563367310375,0.0,0.0,0.0,0.0,0.0,0.0,0.0,0.0,0.0,0.0,28.533324900967614,44.532308772136126,76443.0,0,0,0,49,UTAH
3472,491253,286.5,802.4643186653403,0.35702522010761445,157.0,0.75,18.75,137.5,206.66970560000885,0.5,0.25,6.0,12.75,129.75,6.0,0.5,1.25,0.0,0.0,31.40653297534108,18.263172624667785,55079.0,0,0,0,49,UTAH
3471,491252,4.5,13.74019155415039,0.3275063511498659,46.5,4.75,2.25,39.5,49.50016669011297,4.5,0.25,2.25,0.0,32.0,1.5,0.75,5.25,1.0121830987300855,0.0,1.987983591382889,0.0,74530.0,0,0,0,49,UTAH
3473,491254,192.0,549.2336896675254,0.34957797311418715,151.75,51.25,25.5,75.0,181.25852441612463,33.0,18.25,1.5,24.0,30.25,3.25,40.25,1.25,0.0,0.0,16.999430240379915,12.509094175744709,55079.0,0,0,0,49,UTAH
3459,491240,43.5,156.42107335126866,0.2780955217096213,0.0,0.0,0.0,0.0,8.815421275720034,0.0,0.0,0.0,0.0,0.0,0.0,0.0,0.0,4.048732394920341,0.0,1.764516509230566,3.002172371569128,74530.0,0,0,0,49,UTAH
3461,491242,104.0,377.8641562342446,0.275231186351342,74.0,0.25,32.0,41.75,98.34230981100296,0.0,0.25,32.0,0.0,14.0,27.5,0.25,0.0,10.121830987300855,0.0,7.215409956707468,7.005068866994631,74530.0,0,0,0,49,UTAH
3479,491260,273.5000031147753,714.6586799823855,0.3827001767074548,0.0,0.0,0.0,0.0,28.89313446544867,0.0,0.0,0.0,0.0,0.0,0.0,0.0,0.0,0.0,0.0,11.380227573505389,17.51290689194328,73175.0,0,0,0,49,UTAH
3464,491245,21.0,75.45173164075473,0.2783236321200214,91.0,0.25,6.25,84.5,97.5529404537732,0.25,0.0,1.0,5.25,71.25,12.0,1.25,0.0,1.0121830987300855,0.0,4.5400332311867215,1.0007241238563758,74530.0,0,0,0,49,UTAH
3505,491286,0.0,0.0,0.0,0.0,0.0,0.0,0.0,104.25485912388964,0.0,0.0,0.0,0.0,0.0,0.0,0.0,0.0,104.25485912388964,0.0,0.0,0.0,74530.0,0,0,0,49,UTAH
3508,491289,104.75,377.6098855217417,0.2774026952585403,118.0,12.0,10.0,96.0,145.17001584097667,11.0,1.0,10.0,0.0,46.25,48.75,1.0,0.0,11.13401408603094,0.0,9.030932887951108,7.005068866994631,67985.0,318,0,0,49,UTAH
3510,491291,26.0,76.04965618898302,0.34188188747875636,210.0,1.25,3.0,205.75,241.5548222449752,0.0,1.25,3.0,0.0,174.5,29.25,2.0,0.0,20.243661974601707,0.0,9.559956994934833,1.751203275438641,67754.0,0,0,0,49,UTAH
3512,491293,108.25,346.7547391264108,0.3121803043635895,0.0,0.0,0.0,0.0,24.013790992643383,0.0,0.0,0.0,0.0,0.0,0.0,0.0,0.0,12.905455113423082,0.0,4.353511984499779,6.75482389472052,67754.0,0,0,0,49,UTAH
3511,491292,264.75,724.9332626740468,0.36520603155030024,17.0,0.0,1.0,16.0,67.66686823179029,0.0,0.0,0.0,1.0,15.0,1.0,0.0,0.0,2.0243661974601705,0.0,31.38020272173768,17.262299312592432,67754.0,0,0,0,49,UTAH
3556,491342,0.0,0.0,0.0,0.0,0.0,0.0,0.0,2.024366196226354,0.0,0.0,0.0,0.0,0.0,0.0,0.0,0.0,2.024366196226354,0.0,0.0,0.0,91516.0,0,0,0,49,UTAH
2728,490510,0.0,0.0,0.0,2577.0,417.25,1203.0,956.75,2995.050328535576,397.0,20.25,1003.5,199.5,181.5,245.25,51.5,478.5,0.0,313.5942029009925,104.45612563458344,0.0,83312.0,0,0,0,49,UTAH
3552,491341,0.0,0.0,0.0,39.499999958964196,0.2499999997402797,6.499999993247272,32.74999996597664,122.02909158772323,0.0,0.2499999997402797,6.249999993506992,0.2499999997402797,31.499999967275244,0.749999999220839,0.4999999994805594,0.0,0.0,80.92753614641465,1.6015554823443843,0.0,66402.0,0,0,0,49,UTAH
3515,491296,2223.249999862234,7019.114648557805,0.3167422262178091,0.0,0.0,0.0,0.0,232.94730895969235,0.0,0.0,0.0,0.0,0.0,0.0,0.0,0.0,0.0,0.0,89.84667917549653,143.10062978419583,109972.0,0,0,0,49,UTAH
2720,490502,2778.25,8799.53213330714,0.3157270134265475,0.0,0.0,0.0,0.0,295.7093536644353,0.0,0.0,0.0,0.0,0.0,0.0,0.0,0.0,1.7710964426917783,0.0,115.30062409088556,178.63763313085798,128261.0,0,0,0,49,UTAH
3509,491290,48.0,135.00212091882042,0.3555499696842792,0.0,0.0,0.0,0.0,406.7845910950645,0.0,0.0,0.0,0.0,0.0,0.0,0.0,0.0,401.8366901958439,0.0,1.945728527651452,3.002172371569128,67754.0,0,0,0,49,UTAH
2909,490691,410.0,888.8085783859906,0.461291677387418,1055.5,156.75,55.0,843.75,1140.9184500635447,136.25,20.5,52.75,2.25,86.25,157.75,109.25,490.5,0.0,0.0,59.399622843278735,26.01882722026577,54433.0,0,0,0,49,UTAH
2958,490739,143.25,429.9745378986851,0.33315926263930074,58.75,0.0,0.0,58.75,75.94560831649197,0.0,0.0,0.0,0.0,0.0,58.75,0.0,0.0,0.0,0.0,8.189091201784596,9.006517114707382,58209.0,0,0,0,49,UTAH
3015,490796,136.25,407.9044008175309,0.33402434425057625,140.0,9.5,10.5,120.0,160.20271306372223,8.0,1.5,10.25,0.25,5.0,8.0,64.5,42.5,0.0,0.0,11.19619594901485,9.006517114707382,60368.0,0,0,0,49,UTAH
2318,490102,559.25,1819.46327091744,0.30737086532008184,0.0,0.0,0.0,0.0,58.69540291520066,0.0,0.0,0.0,0.0,0.0,0.0,0.0,0.0,0.0,0.0,22.66933445637113,36.02606845882953,70511.0,0,0,0,49,UTAH
2457,490239,560.5,1909.0269456087467,0.29360507523966295,0.0,0.0,0.0,0.0,58.79078170172908,0.0,0.0,0.0,0.0,0.0,0.0,0.0,0.0,0.0,0.0,22.76437220078996,36.026409500939124,96951.0,0,0,0,49,UTAH
2713,490495,277.25,813.9301581617325,0.34063119202533454,762.0,52.75,198.25,511.0,822.139994610711,31.0,21.75,67.5,130.75,117.0,112.75,124.25,157.0,0.0,0.0,42.12696038129624,18.013034229414764,100384.0,648,1442,0,49,UTAH
2712,490494,81.75,241.0915644010633,0.33908278874496967,0.0,0.0,0.0,0.0,14.310129045461611,0.0,0.0,0.0,0.0,0.0,0.0,0.0,0.0,0.0,0.0,9.056348708985643,5.253780336475968,100384.0,0,0,0,49,UTAH
2765,490547,946.75,2215.623008197831,0.4273064490199885,611.25,193.75,7.25,410.25,743.6946328894161,145.75,48.0,2.25,5.0,256.25,44.75,25.25,84.0,0.0,0.0,71.65070630645133,60.79392658296482,58545.0,0,0,0,49,UTAH
2764,490546,428.0,837.4727569772382,0.5110614004267039,502.0,69.75,10.75,421.5,567.520459400222,63.25,6.5,7.75,3.0,346.75,20.75,15.75,38.25,0.0,0.0,37.750279705403806,27.77017969481814,58545.0,0,0,0,49,UTAH
2848,490630,467.25,1347.3080489600418,0.3468026487043258,548.0,51.25,81.5,415.25,619.1754791847511,8.5,42.75,69.5,12.0,92.25,5.0,172.75,145.25,0.0,0.0,41.15375546905992,30.02172371569128,71786.0,0,0,0,49,UTAH
3308,491089,317.25,888.7000445731587,0.3569820907934968,8.0,0.75,3.25,4.0,41.67933394396497,0.75,0.0,1.25,2.0,3.0,0.0,0.0,1.0,0.0,0.0,13.164532032449276,20.514801911515693,97392.0,0,0,0,49,UTAH
2321,490105,14.0,39.71867982421172,0.35247898625940427,50.0,1.0,7.0,42.0,53.59502882739165,0.0,1.0,6.0,1.0,37.0,5.0,0.0,0.0,0.0,0.0,2.5943047035352693,1.0007241238563758,81720.0,0,0,0,49,UTAH
2382,490164,340.20636611617766,1054.1136312206736,0.32274164382279685,68.93886799399627,2.9376632886261964,1.949944375180924,64.05126033018915,110.22825247216628,0.7964297958080737,2.141233492818123,0.4585506509152719,1.4913937242656523,46.81066054066616,8.823445504186889,3.3287402344455623,5.088414050890547,2.969182600687268,0.0,16.702532070400864,21.617669807081874,79647.0,0,0,0,49,UTAH
2441,490223,1625.75,4608.780846286051,0.35275055469606403,0.0,0.0,0.0,0.0,172.04866938579366,0.0,0.0,0.0,0.0,0.0,0.0,0.0,0.0,0.0,0.0,67.46922579384015,104.5794435919535,91516.0,0,0,0,49,UTAH
2446,490228,515.75,1588.2988278447,0.3247184918595361,29.0,0.0,1.0,28.0,84.10439403762061,0.0,0.0,1.0,0.0,20.0,3.0,0.0,5.0,0.0,0.0,22.0804979503602,33.023896087260404,106764.0,0,0,0,49,UTAH
2607,490389,107.25,366.24524073194186,0.2928365697958577,65.5,11.75,26.25,27.5,79.51403525060212,11.5,0.25,26.0,0.25,3.0,4.0,3.0,17.5,0.0,0.0,7.008966383607481,7.005068866994631,77253.0,0,0,0,49,UTAH
2613,490395,216.0,737.8053417549884,0.29276014658041016,48.0,0.0,0.0,48.0,72.71736494216712,0.0,0.0,0.0,0.0,0.0,48.0,0.0,0.0,0.0,0.0,10.707227208177862,14.010137733989264,77253.0,903,0,0,49,UTAH
2553,490335,10.75,23.40603140112803,0.45928332812037137,4552.0,108.5,52.75,4390.75,4737.428742198867,38.0,70.5,51.75,1.0,2948.0,8.75,34.0,1400.0,0.0,0.0,184.9284014534332,0.5003407454344939,75570.0,0,0,0,49,UTAH
2648,490430,301.25,759.9662012860795,0.39639920760975833,202.25,67.75,4.0,130.5,241.6721500903193,65.75,2.0,4.0,0.0,11.5,61.5,30.25,27.25,0.0,0.0,20.408391737048174,19.013758353271143,109972.0,0,0,0,49,UTAH
2722,490504,330.00000032388266,844.1733050834408,0.3909149914320785,0.0,0.0,0.0,0.0,34.39209026234218,0.0,0.0,0.0,0.0,0.0,0.0,0.0,0.0,0.0,0.0,13.376883640732643,21.015206621609533,113023.0,0,0,0,49,UTAH
2725,490507,261.0,861.5675273446803,0.3029362083833318,0.0,0.0,0.0,0.0,27.59220897466316,0.0,0.0,0.0,0.0,0.0,0.0,0.0,0.0,0.0,0.0,10.57989886910477,17.012310105558388,145664.0,0,0,0,49,UTAH
2715,490497,237.0,598.6683471911981,0.39587862146369457,0.0,0.0,0.0,0.0,24.61789646312468,0.0,0.0,0.0,0.0,0.0,0.0,0.0,0.0,0.0,0.0,9.607034605279043,15.010861857845638,141611.0,0,0,0,49,UTAH
2700,490482,214.25,660.9133769112685,0.32417258824640843,69.0,3.25,0.5,65.25,94.2544804976355,3.25,0.0,0.0,0.5,12.0,36.25,1.5,15.5,0.0,0.0,11.494502480840325,13.759978016795174,140311.0,774,0,0,49,UTAH
2701,490483,268.25,724.556149846476,0.37022665539011523,91.5,5.25,8.0,78.25,123.09931544669548,5.25,0.0,0.0,8.0,12.75,27.25,4.0,34.25,0.0,0.0,14.587005341137104,17.012310105558388,132959.0,0,0,0,49,UTAH
2687,490469,278.75,930.3644096904106,0.29961378261745547,34.75,0.0,0.0,34.75,65.46866369593349,0.0,0.0,0.0,0.0,0.0,34.75,0.0,0.0,0.0,0.0,12.705629466518715,18.013034229414764,127440.0,905,0,0,49,UTAH
2688,490470,342.5,1111.3431350686913,0.3081856441924486,0.0,0.0,0.0,0.0,35.875900925202096,0.0,0.0,0.0,0.0,0.0,0.0,0.0,0.0,0.0,0.0,13.859821023037606,22.01607990216449,119970.0,0,0,0,49,UTAH
2681,490463,473.25,1634.2085709745058,0.289589718476261,0.0,0.0,0.0,0.0,50.20881432006607,0.0,0.0,0.0,0.0,0.0,0.0,0.0,0.0,0.0,0.0,19.936930887180697,30.271883432885367,105558.0,0,0,0,49,UTAH
2660,490442,616.25,1741.6468547241095,0.3538317761309992,899.25,283.75,30.75,584.75,1003.721901792718,38.25,245.5,6.75,24.0,307.25,33.5,187.25,56.75,0.0,0.0,64.94327758389724,39.52862420882055,67267.0,0,0,0,49,UTAH
2763,490545,2021.0,4286.532405015301,0.47147666436287816,2548.75,402.5,238.25,1908.0,2924.040881561584,93.5,309.0,93.0,145.25,1086.5,171.25,273.0,377.25,0.0,0.0,245.44675593475648,129.84412562682752,67267.0,469,140,64,49,UTAH
2570,490352,299.25,901.7315724658176,0.3318615086102509,1532.0,124.25,199.25,1208.5,1626.8508175209477,111.5,12.75,9.0,190.25,366.75,239.25,83.25,519.25,1.0121830987300855,0.0,74.57416217739014,19.264472244827505,83312.0,0,0,0,49,UTAH
2760,490542,495.5,1553.5755941847492,0.3189416735527552,0.0,0.0,0.0,0.0,52.83858203183962,0.0,0.0,0.0,0.0,0.0,0.0,0.0,0.0,0.0,0.0,20.81549533441037,32.02308669742925,105591.0,0,0,0,49,UTAH
2782,490564,312.25,919.4496811342814,0.33960531653542153,36.0,0.0,0.25,35.75,70.62976594834919,0.0,0.0,0.25,0.0,0.0,35.75,0.0,0.0,0.0,0.0,14.615283471221677,20.01448247712752,85941.0,643,0,0,49,UTAH
2751,490533,88.75,251.10824105586877,0.35343324307804824,1795.75,253.0,38.25,1504.5,1884.9307978330255,147.75,105.25,5.25,33.0,53.75,3.0,36.0,1411.75,0.0,0.0,83.17641045690007,6.004387376125644,60581.0,0,0,0,49,UTAH
2762,490544,177.75,288.46056794898965,0.6162020731770613,639.0,74.75,113.25,451.0,683.1149395996264,48.75,26.0,3.5,109.75,29.5,44.25,102.25,275.0,0.0,0.0,33.10697423720628,11.007965362420135,29406.0,0,0,0,49,UTAH
2806,490588,50.75,124.87383164142314,0.40641020887169776,799.25,220.25,9.0,570.0,864.0134241829387,21.25,199.0,9.0,0.0,111.5,22.5,68.75,367.25,0.0,0.0,61.51085762908706,3.25256655385172,76529.0,0,0,0,49,UTAH
2857,490639,379.25,902.8657854715844,0.42005135879848443,234.25,24.25,9.75,200.25,283.1363149996439,20.25,4.0,9.5,0.25,12.0,43.75,41.0,103.5,0.0,0.0,24.86893602709089,24.01737897255302,54061.0,0,0,0,49,UTAH
2892,490674,583.75,1516.458237732013,0.3849430109417624,236.5,0.0,6.5,230.0,307.02717077481003,0.0,0.0,6.5,0.0,29.75,159.25,10.0,31.0,0.0,0.0,33.25021847493,37.27695229988,96732.0,0,0,2270,49,UTAH
2895,490677,333.0,786.4901568255018,0.42340008595159384,0.0,0.0,0.0,0.0,34.76921677770903,0.0,0.0,0.0,0.0,0.0,0.0,0.0,0.0,0.0,0.0,13.503786515497346,21.265430262211687,73742.0,0,0,0,49,UTAH
2993,490774,110.0,239.3971078655652,0.45948758938963924,68.0,0.0,0.0,68.0,82.22047882370211,0.0,0.0,0.0,0.0,0.0,68.0,0.0,0.0,0.0,0.0,7.215409956707468,7.005068866994631,22568.0,496,0,0,49,UTAH
2919,490701,345.24999881547575,915.0799506311827,0.37728943637912427,0.0,0.0,0.0,0.0,36.0074773463126,0.0,0.0,0.0,0.0,0.0,0.0,0.0,0.0,0.0,0.0,13.99154669700717,22.015930649305428,64980.0,0,0,0,49,UTAH
2983,490764,59.5,143.1541532464729,0.4156358628139627,5965.25,256.75,79.25,5629.25,6213.143979873635,97.25,159.5,17.5,61.75,151.0,227.25,4727.75,523.25,0.0,0.0,244.1415841157227,3.7523957579113256,22498.0,0,0,0,49,UTAH
2967,490748,356.0,644.1368595200008,0.5526775789003672,263.5,1.25,2.0,260.25,311.89507314821844,1.25,0.0,2.0,0.0,14.25,185.0,31.5,29.5,0.0,0.0,25.12825858232768,23.266814565890733,22498.0,0,0,1915,49,UTAH
2985,490766,110.5,192.07804899379295,0.5752869761998198,1839.25,161.0,69.25,1609.0,1925.2973069701725,129.25,31.75,64.75,4.5,81.25,452.5,124.5,950.75,0.0,0.0,79.04223810317767,7.005068866994631,23990.0,0,0,0,49,UTAH
2989,490770,333.0,686.653913882504,0.4849604630040468,649.0,143.5,25.0,480.5,716.1260360023749,83.75,59.75,23.5,1.5,57.0,39.5,48.5,335.5,0.0,0.0,45.36035024980883,21.76568575256616,37024.0,0,0,0,49,UTAH
2946,490727,454.72688355142225,1425.4823055908441,0.31899861665623674,126.1132812011591,86.83652610975692,24.054326305510152,15.222428785892024,178.89600818926814,45.58652610971024,41.250000000046676,24.054326305510152,0.0,1.7384417754558181,6.2802199086126524,0.5975893603129375,6.606177741510617,0.0,0.0,23.54426481841403,29.238462169695033,55528.0,0,0,0,49,UTAH
2951,490732,265.5,731.0493002044936,0.36317660098400023,202.25,21.25,9.25,171.75,238.4714390810301,20.0,1.25,8.5,0.75,13.0,41.5,21.25,96.0,0.0,0.0,18.95896925827761,17.26246982275248,62082.0,0,0,0,49,UTAH
2956,490737,44.93754580227722,130.60787080863548,0.34406460747008866,0.0,0.0,0.0,0.0,5.566624581887134,0.0,0.0,0.0,0.0,0.0,0.0,0.0,0.0,0.9006935516727544,0.0,1.7719493425485158,2.893981687665864,58209.0,0,0,0,49,UTAH
2959,490740,31.5,93.5748598300873,0.33662887721336177,0.0,0.0,0.0,0.0,3.5659625954555505,0.0,0.0,0.0,0.0,0.0,0.0,0.0,0.0,0.0,0.0,1.3142267424813003,2.2517358529742504,58209.0,0,0,0,49,UTAH
2996,490777,256.75,587.4904759185274,0.43702836135101164,2539.5,334.0,58.25,2147.25,2697.004927157083,204.0,130.0,55.75,2.5,252.25,721.0,224.0,950.0,0.0,0.0,141.24309619221194,16.261830964870878,48358.0,0,0,0,49,UTAH
3017,490798,445.0,1144.693924640944,0.38875020686388556,72.5,0.25,66.0,6.25,141.6795927881497,0.0,0.25,66.0,0.0,0.5,0.75,0.25,4.75,0.0,0.0,40.65921101803568,28.52038177011402,56681.0,0,0,0,49,UTAH
3024,490805,1.0,3.4111262335198487,0.2931583094678168,4522.0,929.0,174.5,3418.5,4705.375281573939,686.5,242.5,171.75,2.75,298.0,242.25,451.0,2427.25,0.0,0.0,183.3752815739394,0.0,56681.0,0,0,0,49,UTAH
3038,490819,22.0,53.34464103575803,0.4124125605279252,701.25,80.25,322.0,299.0,731.5770756500187,57.0,23.25,320.5,1.5,27.25,56.0,88.5,127.25,0.0,0.0,29.326351526162373,1.0007241238563758,129892.0,0,0,0,49,UTAH
3083,490864,42.75,123.90814791778448,0.34501363080953706,110.25,9.0,63.5,37.75,119.20282248743844,9.0,0.0,23.25,40.25,5.75,7.0,2.0,23.0,0.0,0.0,6.200788522017099,2.7520339654213566,69079.0,0,0,0,49,UTAH
3077,490858,349.25,1007.4880471806882,0.34665423672005474,327.75,6.75,8.25,312.75,377.4589698841184,1.0,5.75,6.25,2.0,273.25,23.5,9.5,6.5,0.0,0.0,27.44287944208402,22.26609044203436,102613.0,0,0,0,49,UTAH
3088,490869,361.5,1147.5281680581425,0.3150249467180693,0.0,0.0,0.0,0.0,37.66585166586188,0.0,0.0,0.0,0.0,0.0,0.0,0.0,0.0,0.0,0.0,14.64919681716523,23.016654848696646,114395.0,0,0,0,49,UTAH
3087,490868,205.0,598.8250352944904,0.34233705659815145,0.0,0.0,0.0,0.0,21.56877284668213,0.0,0.0,0.0,0.0,0.0,0.0,0.0,0.0,0.0,0.0,8.309199519355154,13.259573327326974,71157.0,0,0,0,49,UTAH
3101,490882,221.5,652.8916321726576,0.3392599768247974,41.0,3.0,5.75,32.25,65.65141023546973,3.0,0.0,1.25,4.5,11.5,2.0,1.0,17.75,0.0,0.0,10.641272501480454,14.010137733989264,90129.0,0,0,0,49,UTAH
3220,491001,355.5,1247.6121498858329,0.28494432346826,0.0,0.0,0.0,0.0,37.146572391265714,0.0,0.0,0.0,0.0,0.0,0.0,0.0,0.0,0.0,0.0,14.380141203796864,22.76643118746885,78865.0,0,0,0,49,UTAH
3226,491007,239.5,751.4625132864494,0.3187118396000483,67.5,0.0,0.0,67.5,94.95267652211292,0.0,0.0,0.0,0.0,0.0,67.5,0.0,0.0,0.0,0.0,12.441814664267277,15.010861857845638,78783.0,432,0,0,49,UTAH
3251,491032,18.0,54.97060224730434,0.3274477495993358,0.0,0.0,0.0,0.0,1.73037232172567,0.0,0.0,0.0,0.0,0.0,0.0,0.0,0.0,0.0,0.0,0.7296481978692945,1.0007241238563758,69330.0,0,0,0,49,UTAH
3269,491050,1.5185564526905444,2.7390335527448824,0.554413234977989,0.0,0.0,0.0,0.0,3.135670572821121,0.0,0.0,0.0,0.0,0.0,0.0,0.0,0.0,3.0741143517617626,0.0,0.061556221059357964,0.0,69330.0,0,0,0,49,UTAH
3153,490934,0.0,0.0,0.0,3019.5550797885453,342.50103535948506,292.78717245902004,2384.2668719700405,3141.94882299501,293.53662767862505,48.964407680860006,250.31804334807003,42.46912911095001,84.68843981536502,1417.2198202730551,125.90847689364001,756.4501349879802,0.0,0.0,122.39374320646498,0.0,51304.0,0,0,0,49,UTAH
3162,490943,3.5,6.915084171609712,0.5061398983933497,0.0,0.0,0.0,0.0,0.1425997366802159,0.0,0.0,0.0,0.0,0.0,0.0,0.0,0.0,0.0,0.0,0.1425997366802159,0.0,51304.0,0,0,0,49,UTAH
3164,490945,1.0,2.8084099579116937,0.3560733706925004,1218.75,275.0,473.25,470.5,1268.1879559945496,269.0,6.0,418.5,54.75,65.0,48.25,38.75,318.5,0.0,0.0,49.437955994549625,0.0,51304.0,0,0,0,49,UTAH
3355,491136,21.0,50.7372235467448,0.4138973032423119,0.0,0.0,0.0,0.0,1.851980354703886,0.0,0.0,0.0,0.0,0.0,0.0,0.0,0.0,0.0,0.0,0.8512562308475102,1.0007241238563758,51304.0,0,0,0,49,UTAH
3360,491141,10.0,25.06934595608493,0.39889353386073323,0.0,0.0,0.0,0.0,2.418267332513847,0.0,0.0,0.0,0.0,0.0,0.0,0.0,0.0,1.0121830987300855,0.0,0.4053601099273858,1.0007241238563758,51304.0,0,0,0,49,UTAH
3362,491143,7.5,16.139505243654888,0.46469825975294765,0.0,0.0,0.0,0.0,0.8031607968335959,0.0,0.0,0.0,0.0,0.0,0.0,0.0,0.0,0.0,0.0,0.3028200513991019,0.5003407454344939,51304.0,0,0,0,49,UTAH
3410,491191,380.0,910.4487375590536,0.4173766015852731,162.5,20.75,62.25,79.5,208.50893951598064,19.5,1.25,4.5,57.75,21.75,10.5,2.0,45.25,0.0,0.0,21.99156054342764,24.01737897255302,56564.0,0,0,0,49,UTAH
3406,491187,298.5,819.4673716259447,0.36426099480658003,105.75,11.5,4.75,89.5,429.0437411320096,10.5,1.0,1.75,3.0,17.0,10.25,1.5,60.75,0.0,0.0,304.02952458705363,19.264216544955964,75589.0,0,0,0,49,UTAH
3411,491192,34.0,82.62468277158062,0.4114993106115084,362.75,37.0,216.75,109.0,380.83200455387663,36.75,0.25,29.75,187.0,45.75,5.0,1.0,57.25,0.0,0.0,16.080556306163867,2.0014482477127515,56564.0,0,0,0,49,UTAH
3247,491028,154.00000071164547,450.6877221516049,0.34170001342934764,0.0,0.0,0.0,0.0,17.196114008934494,0.0,0.0,0.0,0.0,0.0,0.0,0.0,0.0,1.0121831034074589,0.0,6.42689199384626,9.757038911680777,105921.0,0,0,0,49,UTAH
3299,491080,118.25,350.2459981189047,0.33761984615126256,64.0,0.25,0.0,63.75,79.25784510170607,0.25,0.0,0.0,0.0,0.0,63.75,0.0,0.0,0.0,0.0,7.501892107880621,7.755952993825445,104591.0,0,0,0,49,UTAH
3307,491088,256.75,731.8064128067375,0.3508441515499605,47.75,0.0,0.0,47.75,76.41954316465339,0.0,0.0,0.0,0.0,0.0,47.75,0.0,0.0,0.0,0.0,12.40784008784992,16.261703076803467,97392.0,761,0,0,49,UTAH
3313,491094,106.75,332.6076291378381,0.320948741544834,87.5,13.0,4.5,70.0,102.45914512538256,12.5,0.5,1.75,2.75,6.25,19.5,2.5,41.75,0.0,0.0,7.953948359425755,7.005196765956796,120577.0,0,0,0,49,UTAH
3306,491087,375.5,1094.2305740002043,0.3431635058662964,87.75,2.25,0.5,85.0,131.7341267565581,2.25,0.0,0.5,0.0,3.0,69.0,0.25,12.75,1.0121830987300855,0.0,18.95426629794231,24.017677359885724,89915.0,409,126,0,49,UTAH
3305,491086,9.75,24.81992088203264,0.3928296164335524,0.0,0.0,0.0,0.0,2.407320588652705,0.0,0.0,0.0,0.0,0.0,0.0,0.0,0.0,1.0121830987300855,0.0,0.3944133660662439,1.0007241238563758,89915.0,0,0,0,49,UTAH
3437,491218,313.75,852.6466496608093,0.36797189096422606,0.0,0.0,0.0,0.0,57.20639357735864,0.0,0.0,0.0,0.0,0.0,0.0,0.0,0.0,0.0,0.0,36.94177269408336,20.26462088327529,62024.0,0,0,0,49,UTAH
3448,491229,270.0,721.1147894084202,0.37442027811064515,102.75,12.5,15.0,75.25,135.07652600019549,10.25,2.25,3.5,11.5,46.75,2.75,3.75,22.0,0.0,0.0,15.063821701459757,17.262704298735738,79681.0,0,0,0,49,UTAH
3441,491222,334.25,961.78561033167,0.3475306725422254,0.0,0.0,0.0,0.0,35.139848907129505,0.0,0.0,0.0,0.0,0.0,0.0,0.0,0.0,0.0,0.0,13.623875285311009,21.5159736218185,79681.0,0,0,0,49,UTAH
3454,491235,15.0,37.70373290593272,0.39783859167005015,0.0,0.0,0.0,0.0,1.6087642887474545,0.0,0.0,0.0,0.0,0.0,0.0,0.0,0.0,0.0,0.0,0.6080401648910787,1.0007241238563758,56564.0,0,0,0,49,UTAH
3476,491257,313.5,843.2859560524378,0.371760015389733,322.25,19.75,83.5,219.0,374.7120804358543,16.25,3.5,48.5,35.0,141.75,46.5,8.25,22.5,0.0,0.0,32.44800296665957,20.014077469194707,47060.0,0,0,0,49,UTAH
3475,491256,257.5,758.0054563298892,0.3397073172095139,130.75,53.0,1.0,76.75,164.25925484760597,12.0,41.0,1.0,0.0,48.5,3.25,13.0,12.0,0.0,0.0,16.997264176435753,16.511990671170214,54114.0,0,0,0,49,UTAH
2776,490558,572.7500006533206,1887.2090410531914,0.30349049214690443,0.0,0.0,0.0,0.0,60.98516236880345,0.0,0.0,0.0,0.0,0.0,0.0,0.0,0.0,0.0,0.0,24.208529461361504,36.77663290744194,97527.0,0,0,0,49,UTAH
3014,490795,223.50000020714953,530.516060274734,0.4212879061406877,0.0,0.0,0.0,0.0,23.0722429912978,0.0,0.0,0.0,0.0,0.0,0.0,0.0,0.0,0.0,0.0,9.062105244323334,14.01013774697447,57005.0,0,0,0,49,UTAH
2352,490136,61.25,159.4590979534617,0.38411104029872206,0.0,0.0,0.0,0.0,6.224001740440045,0.0,0.0,0.0,0.0,0.0,0.0,0.0,0.0,0.0,0.0,2.471179707128607,3.7528220333114377,74211.0,0,0,0,49,UTAH
2509,490291,15.0,47.329246541769535,0.316928772292245,1942.75,1015.5,28.0,899.25,2023.1461207534644,581.0,434.5,27.75,0.25,54.25,67.75,39.5,737.75,0.0,0.0,79.39533268557433,1.0007880678900811,70166.0,0,0,0,49,UTAH
2508,490290,0.0,0.0,0.0,1337.25,508.25,28.0,801.0,1391.4548412319689,431.5,76.75,27.5,0.5,84.75,86.5,61.0,568.75,0.0,0.0,54.20484123196864,0.0,70166.0,0,0,0,49,UTAH
2504,490286,553.9199018594651,1675.158729767935,0.3306671135195656,353.74999999994316,85.49999999998626,1.9999999999996787,266.24999999995725,562.018616950794,65.49999999998948,19.99999999999679,0.24999999999995984,1.749999999999719,0.0,38.49999999999382,62.99999999998988,164.74999999997354,0.0591371581899817,0.0,172.61958933786653,35.5898904547943,102760.0,0,0,0,49,UTAH
2630,490412,0.0,0.0,0.0,4281.75,499.0,136.0,3646.75,4455.333038583823,402.25,96.75,77.75,58.25,1107.75,326.5,748.75,1463.75,0.0,0.0,173.5830385838225,0.0,51324.0,0,0,0,49,UTAH
2646,490428,0.0,0.0,0.0,1674.0,266.0,16.5,1391.5,1741.8599029511363,246.5,19.5,16.25,0.25,532.75,52.0,76.5,730.25,0.0,0.0,67.85990295113636,0.0,100955.0,0,0,0,49,UTAH
2639,490421,0.0,0.0,0.0,1503.0,787.5,30.0,685.5,1563.9495690869471,370.75,416.75,16.0,14.0,58.5,101.0,190.0,336.0,0.0,0.0,60.94956908694728,0.0,109972.0,488,57,0,49,UTAH
2640,490422,7.25,19.321745431313595,0.3752249001402513,2926.25,277.0,65.0,2584.25,3045.6949061430632,231.75,45.25,49.25,15.75,1475.75,181.75,340.0,586.75,0.0,0.0,118.9445867086752,0.5003194343881767,109972.0,0,0,0,49,UTAH
2717,490499,152.75,379.4029037963712,0.40260630182731083,763.25,23.0,69.5,670.75,810.3836462335906,20.0,3.0,16.25,53.25,396.25,136.25,86.5,51.75,0.0,0.0,37.12640499502682,10.00724123856376,104445.0,559,99,0,49,UTAH
2724,490506,223.0,731.3446922470165,0.30491778003453435,0.0,0.0,0.0,0.0,23.049668185369967,0.0,0.0,0.0,0.0,0.0,0.0,0.0,0.0,0.0,0.0,9.039530451380704,14.010137733989264,125256.0,0,0,0,49,UTAH
2718,490500,263.5,656.9166209883863,0.40111635416309316,78.75,0.25,1.5,77.0,109.6380200053474,0.25,0.0,0.0,1.5,24.75,47.75,0.25,4.25,0.0,0.0,13.875709899789,17.012310105558388,93816.0,639,0,0,49,UTAH
2676,490458,276.25,805.4814734412756,0.34296257469432695,0.0,0.0,0.0,0.0,36.45161730398532,0.0,0.0,0.0,0.0,0.0,0.0,0.0,0.0,0.0,0.0,18.688742791764643,17.762874512220677,82291.0,0,0,0,49,UTAH
2693,490475,620.5,1761.5618536547497,0.35224423071641536,737.75,160.5,73.0,504.25,835.836043541987,53.75,106.75,9.0,64.0,172.75,123.5,116.25,91.75,0.0,0.0,58.05707858773206,40.02896495425504,112636.0,1397,0,0,49,UTAH
2696,490478,229.0,864.5323455798971,0.26488309103853724,1022.25,347.25,57.75,617.25,1087.9833802988546,291.75,55.5,21.5,36.25,340.25,67.0,72.5,137.5,0.0,0.0,50.7225184410089,15.010861857845638,109118.0,0,0,0,49,UTAH
2789,490571,376.25,1073.235703897548,0.3505753662812518,277.75,0.75,2.75,274.25,330.82915071198846,0.0,0.75,2.75,0.0,131.5,114.0,6.25,22.5,0.0,0.0,29.061643851368057,24.017506860620436,173787.0,626,27,0,49,UTAH
2780,490562,140.0,406.6311989173276,0.3442923228044375,3167.0,53.25,19.25,3094.5,3310.062663159449,36.0,17.25,10.75,8.5,1328.75,181.75,1569.5,14.5,0.0,0.0,134.05614604474135,9.006517114707382,79428.0,0,0,0,49,UTAH
2771,490553,598.75,1815.1594444369784,0.32986082949077716,809.25,20.0,4.5,784.75,905.3544255286696,17.0,3.0,0.25,4.25,86.75,8.0,470.0,220.0,0.0,0.0,57.576525443705336,38.527900084964166,51088.0,0,0,0,49,UTAH
2777,490559,410.0,1163.488226061102,0.3523886110889345,148.0,0.0,0.25,147.75,196.8711236797687,0.0,0.0,0.25,0.0,0.0,147.75,0.0,0.0,0.0,0.0,22.602136742308826,26.26898693745986,79314.0,730,1420,0,49,UTAH
2778,490560,547.0,1615.7324785959552,0.3385461437745771,0.0,0.0,0.0,0.0,57.20094241009404,0.0,0.0,0.0,0.0,0.0,0.0,0.0,0.0,0.0,0.0,22.17559807512088,35.025344334973155,83251.0,0,0,0,49,UTAH
2767,490549,167.75,302.5921120646899,0.5543766453638997,705.0,137.75,64.5,502.75,751.493175019749,18.0,119.75,6.5,58.0,313.5,47.75,51.25,90.25,0.0,0.0,35.4852949124088,11.007880107340114,52957.0,0,0,0,49,UTAH
2761,490543,0.0,0.0,0.0,841.25,39.25,669.25,132.75,875.351987834396,38.5,0.75,153.25,516.0,45.25,7.25,7.25,73.0,0.0,0.0,34.101987834396006,0.0,52957.0,0,0,0,49,UTAH
2836,490618,128.0,290.94771412648976,0.4399415901386044,3407.5,286.0,154.0,2967.5,3559.11055538088,228.25,57.75,70.5,83.5,782.5,537.75,641.0,1006.25,0.0,0.0,143.35458136178872,8.255974019091413,105921.0,0,0,0,49,UTAH
2926,490708,0.0,0.0,0.0,230.0,48.0,88.75,93.25,239.32631300558265,45.5,2.5,88.25,0.5,10.0,17.25,10.75,55.25,0.0,0.0,9.326313005582607,0.0,48606.0,0,0,0,49,UTAH
2947,490728,241.0,754.5698877397277,0.3193872481737936,65.25,28.5,0.75,36.0,92.6766449467362,10.0,18.5,0.75,0.0,3.0,3.25,3.5,26.25,0.0,0.0,12.41578308889055,15.010861857845638,55528.0,0,0,0,49,UTAH
3009,490790,254.5,531.7757707194178,0.47858517445369375,268.0,72.5,24.0,171.5,312.3017087121537,48.5,24.0,23.75,0.25,9.75,18.25,22.25,121.25,0.0,0.0,27.789781985017218,16.511926727136508,34038.0,0,0,0,49,UTAH
3019,490800,108.0,268.55244767684906,0.4021560813698377,949.5,98.75,288.5,562.25,999.0571556020104,66.25,32.5,163.0,125.5,34.75,64.75,156.5,306.25,0.0,0.0,42.802438295205626,6.754717306804673,56681.0,0,0,0,49,UTAH
3029,490810,513.75,1497.0841973801507,0.3431670716310051,344.0,38.25,22.5,283.25,411.7907025587178,37.0,1.25,15.0,7.5,177.75,12.0,12.25,81.25,0.0,0.0,34.7668064714574,33.023896087260404,78781.0,0,0,0,49,UTAH
3030,490811,535.2500032011695,1269.0354537414964,0.4217770288632144,0.0,0.0,0.0,0.0,55.72267381776423,0.0,0.0,0.0,0.0,0.0,0.0,0.0,0.0,0.0,0.0,21.698053403156422,34.02462041460781,77600.0,0,0,0,49,UTAH
3031,490812,168.5,490.98324569566296,0.34318889998223095,273.75,44.25,48.0,181.5,302.6881272638419,33.5,10.75,45.75,2.25,49.5,26.5,19.75,85.75,0.0,0.0,17.930161901421812,11.007965362420135,78781.0,0,0,0,49,UTAH
3053,490834,466.5,1479.773965519919,0.3152508497039918,0.0,0.0,0.0,0.0,48.92864908350532,0.0,0.0,0.0,0.0,0.0,0.0,0.0,0.0,0.0,0.0,18.906925367814043,30.02172371569128,77159.0,0,0,0,49,UTAH
3052,490833,404.0,1073.484715033249,0.37634443634112386,699.5,111.5,119.25,468.75,770.5100643751952,83.5,28.0,9.5,109.75,43.25,99.5,136.75,189.25,0.0,0.0,44.7410134937016,26.26905088149357,62782.0,0,0,0,49,UTAH
3098,490879,39.50025766577714,137.73283622304473,0.28678896586294333,61.75083792507208,6.000129703628219,11.75030658168571,44.000401639758145,68.67556769798965,5.750114604753627,0.250015098874592,6.7502157817506845,5.000090799935026,14.000041665584435,6.000041735856908,1.7500560498403397,22.25026218847646,0.0,0.0,4.172594892924415,2.7521348799931595,61179.0,0,0,0,49,UTAH
3218,490999,451.0,1462.4657521400477,0.3083832898924608,0.0,0.0,0.0,0.0,47.3022642167192,0.0,0.0,0.0,0.0,0.0,0.0,0.0,0.0,0.0,0.0,18.28126462488429,29.0209995918349,98650.0,0,0,0,49,UTAH
3217,490998,190.0,570.7571533085181,0.3328911410021296,0.0,0.0,0.0,0.0,19.70860784564477,0.0,0.0,0.0,0.0,0.0,0.0,0.0,0.0,0.0,0.0,7.6999183593682625,12.00868948627651,106471.0,0,0,0,49,UTAH
3159,490940,8.0,18.44821367858601,0.4336463215019077,0.0,0.0,0.0,0.0,1.3250122117982843,0.0,0.0,0.0,0.0,0.0,0.0,0.0,0.0,0.0,0.0,0.3242880879419086,1.0007241238563758,51304.0,0,0,0,49,UTAH
3142,490923,5.0,10.423799269670898,0.47967155454998134,0.0,0.0,0.0,0.0,1.2148631536937784,0.0,0.0,0.0,0.0,0.0,0.0,0.0,0.0,1.0121830987300855,0.0,0.2026800549636928,0.0,51304.0,0,0,0,49,UTAH
3325,491106,7.0,17.448213678586008,0.40118720053222523,0.0,0.0,0.0,0.0,1.2959351756792556,0.0,0.0,0.0,0.0,0.0,0.0,0.0,0.0,1.0121830987300855,0.0,0.28375207694917,0.0,51304.0,0,0,0,49,UTAH
3428,491209,355.0,928.1569972045908,0.3824783965096246,121.25,21.0,30.75,69.5,163.56886762808867,18.75,2.25,6.0,24.75,28.75,5.75,4.25,30.75,0.0,0.0,19.552201997320807,22.766665630767847,56564.0,0,0,0,49,UTAH
3278,491059,142.25,403.8585030856742,0.3522273244543354,262.25,58.25,21.0,183.0,287.6423099199829,30.25,28.0,10.0,11.0,69.75,23.25,9.5,80.5,0.0,0.0,16.385792805275596,9.006517114707382,75108.0,0,0,0,49,UTAH
3263,491044,98.02725183443941,280.5854893554444,0.3493667903483738,161.24664793403994,41.501674145384825,7.288824491483356,112.45614929717178,195.0933918016859,21.866473474450068,19.635200670934754,2.975030404687084,4.313794086796272,7.140072971249001,15.767661144841545,4.61129712726498,84.93711805381625,0.0,0.0,27.59468137142072,6.252062496225257,69330.0,0,0,0,49,UTAH
3298,491079,270.25,837.0623592094507,0.32285527718058304,54.75,0.0,0.0,54.75,85.17813772524019,0.0,0.0,0.0,0.0,0.0,49.75,0.0,5.0,0.0,0.0,13.165625269500325,17.262512455739866,104591.0,731,0,0,49,UTAH
3312,491093,200.25,618.1964987313534,0.32392613094857026,67.0,21.25,4.75,41.0,98.1743904300294,20.25,1.0,4.75,0.0,0.0,4.75,3.25,33.0,0.0,0.0,18.415157848136925,12.75923258189248,83722.0,0,0,0,49,UTAH
3319,491100,327.5,1086.4016129886702,0.3014538970529082,0.0,0.0,0.0,0.0,34.54305698015288,0.0,0.0,0.0,0.0,0.0,0.0,0.0,0.0,0.0,0.0,13.52785037916899,21.01520660098389,120577.0,0,0,0,49,UTAH
3314,491095,268.25,885.2994054302899,0.3030048346972741,0.0,0.0,0.0,0.0,28.890124838817748,0.0,0.0,0.0,0.0,0.0,0.0,0.0,0.0,0.0,0.0,11.87781473325936,17.012310105558388,120078.0,0,0,0,49,UTAH
3445,491226,253.60100371294055,778.0231520960162,0.3259556004596166,9.48008559652958,1.1209560671572139,1.2490653319751812,7.110064197397185,36.67116285385894,1.0248741185437384,0.09608194861347548,0.16013658102245915,1.0889287509527221,0.9287921699302629,1.2810926481796732,0.1281092648179673,4.772070114469282,0.0,0.0,10.841169919190992,16.349907338138358,83427.0,0,0,0,49,UTAH
3429,491210,29.75,62.100942223042296,0.4790587539420841,1525.5,636.25,23.0,866.25,1590.5477761440866,450.75,185.5,19.0,4.0,724.5,42.75,55.0,44.0,0.0,0.0,63.046327896373896,2.0014482477127515,64873.0,0,0,0,49,UTAH
2270,490054,0.0,0.0,0.0,0.0,0.0,0.0,0.0,0.0,0.0,0.0,0.0,0.0,0.0,0.0,0.0,0.0,0.0,0.0,0.0,0.0,66402.0,0,0,0,49,UTAH
2255,490039,0.0,0.0,0.0,0.0,0.0,0.0,0.0,7.085281691110597,0.0,0.0,0.0,0.0,0.0,0.0,0.0,0.0,7.085281691110597,0.0,0.0,0.0,81720.0,0,0,0,49,UTAH
2276,490060,0.0,0.0,0.0,0.0,0.0,0.0,0.0,4.048732394920341,0.0,0.0,0.0,0.0,0.0,0.0,0.0,0.0,4.048732394920341,0.0,0.0,0.0,81720.0,0,0,0,49,UTAH
2324,490108,0.0,0.0,0.0,0.0,0.0,0.0,0.0,1.0121830987300855,0.0,0.0,0.0,0.0,0.0,0.0,0.0,0.0,1.0121830987300855,0.0,0.0,0.0,81720.0,0,0,0,49,UTAH
3344,491125,30.5,92.56697878663442,0.32949114684084124,111.0,17.0,5.25,88.75,118.46990110783764,16.25,0.75,2.5,2.75,7.75,22.5,3.75,54.75,0.0,0.0,5.71863389926006,1.7512672085775924,76841.0,0,0,0,49,UTAH
3358,491139,18.0,60.59656345885066,0.29704654806412034,0.0,0.0,0.0,0.0,1.73037232172567,0.0,0.0,0.0,0.0,0.0,0.0,0.0,0.0,0.0,0.0,0.7296481978692945,1.0007241238563758,76841.0,0,0,0,49,UTAH
3494,491275,184.75000076619827,606.2956250149878,0.3047193368113636,0.0,0.0,0.0,0.0,19.495406578851085,0.0,0.0,0.0,0.0,0.0,0.0,0.0,0.0,0.0,0.0,7.486717042771942,12.008689536079146,67754.0,0,0,0,49,UTAH
2422,490204,0.0,0.0,0.0,0.0,0.0,0.0,0.0,48.584788716552005,0.0,0.0,0.0,0.0,0.0,0.0,0.0,0.0,48.584788716552005,0.0,0.0,0.0,81720.0,0,0,0,49,UTAH
3503,491284,15.999999985065742,56.184609212665876,0.2847754965154908,83.99999992159515,0.0,0.9999999990666089,82.99999992252853,770.0006247796978,0.0,0.0,0.9999999990666089,0.0,68.99999993559601,13.999999986932524,0.0,0.0,680.9462996396902,0.0,4.053601095490262,1.0007241229223087,81240.0,0,0,0,49,UTAH
3504,491285,0.9999999996368821,1.8037087438516575,0.5544132349779889,0.0,0.0,0.0,0.0,66.8446205029059,0.0,0.0,0.0,0.0,0.0,0.0,0.0,0.0,66.80408449192788,0.0,0.04053601097801915,0.0,74530.0,0,0,0,49,UTAH
3513,491294,14.0,46.75222021100871,0.2994510193700583,0.0,0.0,0.0,0.0,13.711344103601675,0.0,0.0,0.0,0.0,0.0,0.0,0.0,0.0,12.146197184761023,0.0,0.5644227949842755,1.0007241238563758,67754.0,0,0,0,49,UTAH
2426,490208,0.25,0.4506963988886422,0.5546971322967456,0.0,0.0,0.0,0.0,0.0097043114302633,0.0,0.0,0.0,0.0,0.0,0.0,0.0,0.0,0.0,0.0,0.0097043114302633,0.0,91516.0,0,0,0,49,UTAH
3557,491343,0.0,0.0,0.0,0.0,0.0,0.0,0.0,0.0,0.0,0.0,0.0,0.0,0.0,0.0,0.0,0.0,0.0,0.0,0.0,0.0,74530.0,0,0,0,49,UTAH
2654,490436,3512.999993212993,10523.830826197925,0.3338138032842341,0.0,0.0,0.0,0.0,379.5407034044484,0.0,0.0,0.0,0.0,0.0,0.0,0.0,0.0,0.0,0.0,153.37651882311238,226.16418458133603,109972.0,0,0,0,49,UTAH
2719,490501,1225.249999810036,3824.592794861363,0.3203609025923634,0.0,0.0,0.0,0.0,129.79273766795728,0.0,0.0,0.0,0.0,0.0,0.0,0.0,0.0,0.0,0.0,50.98554241360228,78.80719525435498,144254.0,0,0,0,49,UTAH
3347,491128,16.25,40.36165359393764,0.4026098673628368,113.75,19.25,3.0,91.5,120.0200649045018,18.25,1.0,3.0,0.0,6.5,19.75,6.25,59.0,0.0,0.0,5.269340780645421,1.0007241238563758,51304.0,0,0,0,49,UTAH
3321,491102,6.0,20.668104293603225,0.29030238645820067,0.0,0.0,0.0,0.0,0.2432160659564314,0.0,0.0,0.0,0.0,0.0,0.0,0.0,0.0,0.0,0.0,0.2432160659564314,0.0,76841.0,0,0,0,49,UTAH
2242,490026,1.3026431001884526,4.443480051966455,0.2931583094678168,7.16453705103649,0.0,0.0,7.16453705103649,8.826276088412156,0.0,0.0,0.0,0.0,6.350385113418707,0.8141519376177829,0.0,0.0,1.3185133296881129,0.0,0.3432257076875522,0.0,66402.0,0,0,0,49,UTAH
3356,491137,7.25,22.92251614724859,0.3162829051325687,0.0,0.0,0.0,0.0,2.567641654623097,0.0,0.0,0.0,0.0,0.0,0.0,0.0,0.0,2.0243661974601705,0.0,0.2931157399688385,0.2501597171940883,76841.0,0,0,0,49,UTAH
3507,491288,24.0,85.08096105463233,0.28208426071479237,100.0,1.0,2.0,97.0,178.8929136206484,0.0,1.0,1.0,1.0,80.0,13.0,0.0,4.0,71.86500000983607,0.0,5.026465363099584,2.0014482477127515,68506.0,0,0,0,49,UTAH
2428,490210,244.0,781.1977123864501,0.31234090439744633,564.5,22.5,52.75,489.25,614.9045547048811,16.25,6.25,2.0,50.75,440.25,6.0,11.5,31.5,0.0,0.0,34.64364007980083,15.760914625080252,91516.0,0,0,0,49,UTAH
2575,490357,82.25,287.3704678579564,0.28621591012147823,49.0,0.0,0.0,49.0,60.342898898005714,0.0,0.0,0.0,0.0,0.0,48.75,0.25,0.0,0.0,0.0,5.838873589255633,5.504025308750078,96089.0,1041,0,0,49,UTAH
2593,490375,283.0,1065.600266657757,0.26557801161933475,45.0,0.0,45.0,0.0,76.82130602863212,0.0,0.0,44.0,1.0,0.0,0.0,0.0,0.0,0.0,0.0,13.307867109749155,18.513438918882965,95907.0,0,0,0,49,UTAH
2534,490316,390.0,1147.2632239666748,0.3399394244082634,0.0,0.0,0.0,0.0,41.15105608006953,0.0,0.0,0.0,0.0,0.0,0.0,0.0,0.0,0.0,0.0,15.882558801377542,25.26849727869199,85040.0,0,0,0,49,UTAH
2697,490479,434.0,1472.588983478245,0.2947190321734548,0.0,0.0,0.0,0.0,45.61290423882707,0.0,0.0,0.0,0.0,0.0,0.0,0.0,0.0,0.0,0.0,17.592628770848545,28.02027546797852,87378.0,0,0,0,49,UTAH
2745,490527,191.5,567.230083752889,0.3376055069805255,622.25,58.75,45.5,518.0,667.4964346915276,43.25,15.5,2.0,43.5,83.75,89.25,94.75,250.25,0.0,0.0,32.98756417701069,12.258870514516914,84179.0,0,0,0,49,UTAH
2734,490516,190.25,430.9573553116383,0.4414589927637375,0.0,0.0,0.0,0.0,19.727249506514188,0.0,0.0,0.0,0.0,0.0,0.0,0.0,0.0,0.0,0.0,7.718560020237677,12.00868948627651,69037.0,0,0,0,49,UTAH
2799,490581,2866.5,7258.265639611634,0.3949290563790081,1730.0,359.75,0.0,1370.25,2098.332055063655,193.25,166.5,0.0,0.0,0.0,81.25,221.5,1067.5,0.0,0.0,183.70222671948397,184.62982834417093,76529.0,0,0,0,49,UTAH
2804,490586,630.0,1759.812047268239,0.3579927759773839,34.0,0.0,0.0,34.0,101.69462367884434,0.0,0.0,0.0,0.0,0.0,34.0,0.0,0.0,0.0,0.0,26.915094317927014,40.77952936091732,76529.0,0,0,0,49,UTAH
2868,490650,393.75,1032.295511264098,0.38143147548693035,222.75,0.0,0.75,222.0,272.7597539044792,0.0,0.0,0.5,0.25,96.0,100.75,0.5,24.75,0.0,0.0,24.99165080806977,25.0181030964094,64873.0,0,0,1299,49,UTAH
2860,490642,0.0,0.0,0.0,3406.5,33.75,239.75,3133.0,3544.572750714356,28.0,5.75,19.75,220.0,1786.0,54.0,161.75,1131.25,0.0,0.0,138.07275071435552,0.0,67334.0,0,0,0,49,UTAH
3005,490786,229.0,542.253724700244,0.4223115297669747,0.0,0.0,0.0,0.0,24.05574847059343,0.0,0.0,0.0,0.0,0.0,0.0,0.0,0.0,0.0,0.0,9.295067640988195,14.760680829605231,74472.0,0,0,0,49,UTAH
2955,490736,6.0,13.233378700559545,0.4533989494116346,532.75,31.5,450.5,50.75,554.6181940747299,30.0,1.5,400.75,49.75,3.0,5.75,8.25,33.75,0.0,0.0,21.868194074729924,0.0,58209.0,0,0,0,49,UTAH
3042,490823,145.75,385.86285320720685,0.3777248801965729,155.75,149.5,0.75,5.5,177.23838654359156,103.25,46.25,0.25,0.5,0.75,0.25,0.0,4.5,0.0,0.0,12.231667078702715,9.25671946488886,78079.0,0,0,0,49,UTAH
3047,490828,137.25,363.0944402057468,0.3780008306440262,207.25,51.75,18.0,137.5,230.20344811687488,8.0,43.75,2.5,15.5,23.25,10.5,49.5,54.25,0.0,0.0,13.9469310021675,9.006517114707382,62782.0,0,0,0,49,UTAH
3079,490860,473.25,1089.2925245030387,0.43445630017144193,354.5,38.0,132.5,184.0,418.0738618953352,37.0,1.0,111.75,20.75,97.0,9.0,3.75,74.25,0.0,0.0,33.55213817964389,30.02172371569128,55124.0,0,0,0,49,UTAH
3090,490871,180.25,533.8834279357088,0.33762051895288653,61.0,2.0,10.5,48.5,82.53911018398806,2.0,0.0,1.0,9.5,14.75,11.5,1.0,21.25,0.0,0.0,9.780601725951948,11.758508458036104,87864.0,0,0,0,49,UTAH
3129,490910,410.2301202437489,1225.9069378171362,0.3346339820657262,0.0,0.0,0.0,0.0,43.55803719700501,0.0,0.0,0.0,0.0,0.0,0.0,0.0,0.0,0.2095703629152072,0.0,17.03608533167029,26.31238150241951,103707.0,0,0,0,49,UTAH
3231,491012,137.49999905761456,455.7702467639496,0.30168708912854486,2.7499999811522913,0.0,2.2499999845791474,0.49999999657314387,17.444088358836638,0.0,0.0,1.2499999914328597,0.9999999931462877,0.0,0.0,0.0,0.49999999657314387,0.0,0.0,5.68757132470504,9.006517052979305,98673.0,0,0,0,49,UTAH
3235,491016,40.25,111.81861098341628,0.3599579680521111,0.0,0.0,0.0,0.0,4.103128673564115,0.0,0.0,0.0,0.0,0.0,0.0,0.0,0.0,0.0,0.0,1.601446246543209,2.501682427020906,105921.0,0,0,0,49,UTAH
3363,491144,92.0,266.76335536635065,0.3448749543341695,0.0,0.0,0.0,0.0,10.767902345255996,0.0,0.0,0.0,0.0,0.0,0.0,0.0,0.0,1.0121830987300855,0.0,4.000958702488889,5.754760544037022,51304.0,0,0,0,49,UTAH
3334,491115,15.25,52.01926826565165,0.2931606019931192,14.0,0.0,0.0,14.0,22.260654427298043,0.0,0.0,0.0,0.0,12.0,2.0,0.0,0.0,6.0730985923805125,0.0,1.1868317110611557,1.0007241238563758,76841.0,0,0,0,49,UTAH
3412,491193,63.0,151.40746253742788,0.4160957389034006,0.0,0.0,0.0,0.0,7.568848286698119,0.0,0.0,0.0,0.0,0.0,0.0,0.0,0.0,1.0121830987300855,0.0,2.5537686925425307,4.002896495425503,60977.0,0,0,0,49,UTAH
3447,491228,283.0,784.4257599169317,0.3607734657132739,4.75,2.0,1.0,1.75,34.50458181023103,1.75,0.25,0.0,1.0,0.25,0.5,0.25,0.75,0.0,0.0,11.491345230634783,18.26323657959624,56564.0,0,0,0,49,UTAH
3498,491279,2736.75,7349.113411442719,0.3723918582803233,81.75,0.0,4.5,77.25,496.07867403785656,0.0,0.0,1.25,3.25,24.5,52.5,0.0,0.25,0.0,0.0,238.19899041584975,176.12968362200678,78125.0,516,0,0,49,UTAH
3496,491277,21.0,59.57801973631758,0.35247898625940427,696.0,3.5,31.75,660.75,726.06504400565,0.25,3.25,9.75,22.0,574.75,76.25,9.5,0.25,0.0,0.0,29.06431988179356,1.0007241238563758,52410.0,0,0,0,49,UTAH
3488,491269,483.5,1417.7987472261912,0.341021601934639,0.0,0.0,0.0,0.0,50.36900516364594,0.0,0.0,0.0,0.0,0.0,0.0,0.0,0.0,0.0,0.0,19.34755911759126,31.021446046054685,67754.0,0,0,0,49,UTAH
3480,491261,436.75,1187.8013002345226,0.3676961794146605,0.0,0.0,0.0,0.0,46.20450962494205,0.0,0.0,0.0,0.0,0.0,0.0,0.0,0.0,0.0,0.0,18.183253609148352,28.0212560157937,67754.0,0,0,0,49,UTAH
3458,491239,5.0,16.653334841951455,0.30024016495509886,0.0,0.0,0.0,0.0,3.239229351153949,0.0,0.0,0.0,0.0,0.0,0.0,0.0,0.0,3.0365492961902563,0.0,0.2026800549636928,0.0,74530.0,0,0,0,49,UTAH
3462,491243,52.0,187.02354881432987,0.27803985289373206,0.0,0.0,0.0,0.0,5.110044943191534,0.0,0.0,0.0,0.0,0.0,0.0,0.0,0.0,0.0,0.0,2.1078725716224063,3.002172371569128,74530.0,0,0,0,49,UTAH
3463,491244,51.0,185.01841089944125,0.27564824361030127,108.0,1.0,2.25,104.75,118.45958121814466,0.0,1.0,2.0,0.25,92.5,11.25,1.0,0.0,1.0121830987300855,0.0,6.445225747845435,3.002172371569128,74530.0,0,0,0,49,UTAH
3036,490817,0.0,0.0,0.0,1031.0,71.75,134.75,824.5,1072.8097500186857,51.25,20.5,132.75,2.0,188.0,402.75,74.25,159.5,0.0,0.0,41.80975001868536,0.0,56681.0,0,0,0,49,UTAH
3327,491108,11.5,37.01922846594782,0.31064936997750475,0.0,0.0,0.0,0.0,4.504637577509563,0.0,0.0,0.0,0.0,0.0,0.0,0.0,0.0,3.0365492961902563,0.0,0.4673641574629311,1.0007241238563758,76841.0,0,0,0,49,UTAH
2447,490229,124.00860959916213,371.56199532979485,0.3337494446629109,13.045656412592283,0.13098048607020363,1.9647072910530545,10.949968635469023,26.601719899713224,0.0,0.13098048607020363,1.9647072910530545,0.0,9.744948163623151,0.9692555969195069,0.1833726804982851,0.052392194428081455,0.0,0.0,5.627587048835381,7.928476438285559,106764.0,0,0,0,49,UTAH
2443,490225,721.9913955784324,2031.9000456722301,0.3553282048082095,111.45434438873508,1.1190195219752517,16.785292829628776,93.55003203713105,191.16753084525303,0.0,1.1190195219752517,16.785292829628776,0.0,83.25505243495873,8.280744462616862,1.5666273307653524,0.4476078087901007,0.0,0.0,33.35297553335305,46.360210923164885,106764.0,0,0,0,49,UTAH
2305,490089,774.1550895791921,2321.300438513873,0.33350060023889727,0.0,0.0,0.0,0.0,81.6630085693942,0.0,0.0,0.0,0.0,0.0,0.0,0.0,0.0,0.0,0.0,31.87105746588721,49.79195110350698,66402.0,0,0,0,49,UTAH
2682,490464,365.5,1170.2161912425554,0.3123354494111946,216.5,2.25,1.25,213.0,263.65695273442884,1.5,0.75,1.25,0.0,0.0,207.75,2.25,3.0,0.0,0.0,23.639914507310287,23.51703822711853,93584.0,745,1983,0,49,UTAH
2680,490462,221.25,740.0376755008429,0.29897126501061233,0.0,0.0,0.0,0.0,23.18887445909217,0.0,0.0,0.0,0.0,0.0,0.0,0.0,0.0,0.0,0.0,8.928619640896207,14.260254818195962,116706.0,0,0,0,49,UTAH
3156,490937,19.0,45.522388568718334,0.4173770445133507,0.0,0.0,0.0,0.0,1.7709083327184088,0.0,0.0,0.0,0.0,0.0,0.0,0.0,0.0,0.0,0.0,0.7701842088620331,1.0007241238563758,51304.0,0,0,0,49,UTAH
2673,490455,394.0,1393.4167868141817,0.28275818386027646,2178.75,947.75,60.25,1170.75,2308.5774951160897,689.25,258.5,44.5,15.75,238.5,95.25,204.75,632.25,0.0,0.0,104.30900864125842,25.51848647483128,105595.0,0,0,0,49,UTAH
2674,490456,562.25,1780.6734505746108,0.31575132420745977,11.0,0.0,3.25,7.75,71.25642773562416,0.0,0.0,3.25,0.0,7.75,0.0,0.0,0.0,0.0,0.0,23.980199559600536,36.27622817602362,99835.0,0,0,0,49,UTAH
2423,490205,0.0,0.0,0.0,0.0,0.0,0.0,0.0,51.621337978210796,0.0,0.0,0.0,0.0,0.0,0.0,0.0,0.0,51.621337978210796,0.0,0.0,0.0,91516.0,0,0,0,49,UTAH
3460,491241,189.0,682.8769882822921,0.2767701990887266,0.0,0.0,0.0,0.0,23.71872795882444,0.0,0.0,0.0,0.0,0.0,0.0,0.0,0.0,4.048732394920341,0.0,7.661306077627592,12.00868948627651,74530.0,0,0,0,49,UTAH
2425,490207,0.0,0.0,0.0,0.0,0.0,0.0,0.0,0.0,0.0,0.0,0.0,0.0,0.0,0.0,0.0,0.0,0.0,0.0,0.0,0.0,91516.0,0,0,0,49,UTAH
2439,490221,1395.0,3758.732144777159,0.3711357836281,298.0,30.0,29.0,239.0,456.4489432606608,13.25,16.75,0.25,28.75,166.75,21.25,16.0,35.0,0.0,0.0,68.63523195713293,89.81371130352784,91516.0,0,0,0,49,UTAH
2500,490282,0.0,0.0,0.0,5871.999968015979,895.2499951236896,364.99999801189244,4611.749974880397,6099.233791296902,567.9999969061778,327.24999821751175,3.749999979574237,361.24999803231816,740.9999959638693,206.49999887522134,1255.4999931614545,2408.749986879852,0.0,0.0,227.2338232809234,0.0,102760.0,0,0,0,49,UTAH
2721,490503,445.5,1620.7226436607962,0.27487738370442577,0.0,0.0,0.0,0.0,47.08065187173578,0.0,0.0,0.0,0.0,0.0,0.0,0.0,0.0,0.0,0.0,18.05965227990088,29.0209995918349,149585.0,0,0,0,49,UTAH
2723,490505,348.5,980.6233919323504,0.35538617869727684,326.5,0.0,64.75,261.75,376.3818286860708,0.0,0.0,61.25,3.5,215.25,13.75,0.0,32.75,0.0,0.0,27.615738244036496,22.26609044203436,87510.0,0,0,0,49,UTAH
2716,490498,367.0,1117.0585041844752,0.3285414314695484,145.5,0.25,4.0,141.25,190.2917015565365,0.25,0.0,0.0,4.0,107.5,16.75,5.0,12.0,0.0,0.0,20.774322583983487,24.01737897255302,149909.0,0,0,0,49,UTAH
2869,490651,348.75,903.3095631927685,0.38608026994348993,27.5,1.25,0.5,25.75,84.99761183075117,1.0,0.25,0.5,0.0,5.75,2.25,2.5,15.25,0.0,20.23188405762219,15.249797048288707,22.01593072484027,74224.0,0,0,0,49,UTAH
3118,490899,248.0,710.9393817138964,0.3488342415384758,0.0,0.0,0.0,0.0,57.15897166082255,0.0,0.0,0.0,0.0,0.0,0.0,0.0,0.0,0.0,30.347826078584703,10.799559600535838,16.011585981702012,103707.0,0,0,0,49,UTAH
3114,490895,266.0,851.1010795272273,0.31253632077139254,0.0,0.0,0.0,0.0,27.798395839720392,0.0,0.0,0.0,0.0,0.0,0.0,0.0,0.0,0.0,0.0,10.786085734162004,17.012310105558388,110400.0,0,0,0,49,UTAH
3333,491114,56.0,201.2714573527664,0.2782312044466861,0.0,0.0,0.0,0.0,19.43129339450997,0.0,0.0,0.0,0.0,0.0,0.0,0.0,0.0,13.158380283491107,0.0,2.2700166155933608,4.002896495425503,74530.0,0,0,0,49,UTAH
3434,491215,447.75,1230.4145717351266,0.36390173709385154,30.25,3.75,3.0,23.5,78.7770706584257,3.25,0.5,1.25,1.75,14.25,1.0,1.25,7.0,0.0,0.0,19.50622021123076,29.020850447194945,56564.0,0,0,0,49,UTAH
3439,491220,672.75,2098.9954755345525,0.32051045742662704,50.25,10.5,10.75,29.0,124.22901697863144,8.5,2.0,1.25,9.5,7.0,4.0,3.0,15.0,0.5057815356828259,0.0,29.94000965889164,43.53322578405699,56564.0,0,0,0,49,UTAH
3315,491096,9928.5,30563.919572094423,0.32484380730621193,86.75,18.0,25.75,43.0,1131.4334312346375,16.25,1.75,5.25,20.5,0.0,9.75,9.75,23.5,3.542537470083922,0.0,402.186106719254,638.9547870452999,120577.0,0,0,0,49,UTAH
3300,491081,219.2500002238722,650.2209512539679,0.3371930722949529,0.0,0.0,0.0,0.0,23.240514869338778,0.0,0.0,0.0,0.0,0.0,0.0,0.0,0.0,0.0,0.0,9.229716336975708,14.010798532363069,120577.0,0,0,0,49,UTAH
3320,491101,477.0,1271.46301703443,0.37515837551654346,0.0,0.0,0.0,0.0,49.88936448958607,0.0,0.0,0.0,0.0,0.0,0.0,0.0,0.0,0.0,0.0,19.36717212949814,30.52219236008793,109773.0,0,0,0,49,UTAH
3499,491280,520.75,1400.4941435180624,0.3718330436511988,174.25,1.25,1.5,171.5,236.058014111404,0.0,1.25,1.5,0.0,158.25,7.5,5.75,0.0,0.0,0.0,28.284118309923937,33.52389580148005,52410.0,0,0,0,49,UTAH
3493,491274,384.5,1187.6487000420475,0.32374893349050704,0.0,0.0,0.0,0.0,40.76149797088885,0.0,0.0,0.0,0.0,0.0,0.0,0.0,0.0,0.0,0.0,15.742798088919296,25.018699881969557,67754.0,0,0,0,49,UTAH
3491,491272,1040.2499882929233,2865.952265937135,0.3629683580765337,0.0,0.0,0.0,0.0,113.07799266144086,0.0,0.0,0.0,0.0,0.0,0.0,0.0,0.0,0.0,0.0,46.02031161376573,67.05768104767513,67754.0,0,0,0,49,UTAH
3487,491268,3006.9999443344905,8160.142870813725,0.3684984432183887,0.0,0.0,0.0,0.0,318.26703444952875,0.0,0.0,0.0,0.0,0.0,0.0,0.0,0.0,0.0,0.0,125.11630511257258,193.15072933695618,67754.0,0,0,0,49,UTAH
2505,490287,434.2022673782819,1409.6646768617932,0.30801812268213064,123.74999999992255,25.49999999998404,3.4999999999978098,94.7499999999407,193.32686367065926,20.249999999987327,5.249999999996715,3.4999999999978098,0.0,7.74999999999515,12.74999999999202,4.24999999999734,69.99999999995619,0.0,0.0,41.57925069367386,27.99761297706287,91670.0,0,0,0,49,UTAH
2675,490457,295.0,860.4074913544805,0.3428607990565049,0.0,0.0,0.0,0.0,31.23834599373232,0.0,0.0,0.0,0.0,0.0,0.0,0.0,0.0,0.0,0.0,11.974363979233384,19.263982014498936,80235.0,0,0,0,49,UTAH
2775,490557,531.25,1282.7192564653735,0.41415921474812667,33.0,0.0,0.0,33.0,90.1408706069055,0.0,0.0,0.0,0.0,0.0,0.0,33.0,0.0,0.0,0.0,22.86609067859463,34.27477992831086,68046.0,0,0,0,49,UTAH
2841,490623,334.75,711.6975893795626,0.47035426984068524,145.75,5.25,1.5,139.0,186.7255862309646,5.25,0.0,1.5,0.0,10.5,93.75,6.25,28.5,0.0,0.0,19.460060195592558,21.51552603537207,55597.0,710,1183,0,49,UTAH
2533,490315,0.0,0.0,0.0,695.0,100.75,32.5,561.75,723.1734803056349,81.5,19.25,32.5,0.0,27.75,232.0,35.75,266.25,0.0,0.0,28.17348030563493,0.0,87096.0,0,0,0,49,UTAH
2532,490314,0.0,0.0,0.0,0.0,0.0,0.0,0.0,0.0,0.0,0.0,0.0,0.0,0.0,0.0,0.0,0.0,0.0,0.0,0.0,0.0,87096.0,0,0,0,49,UTAH
2531,490313,0.0,0.0,0.0,611.5000007147116,144.00000016830495,243.500000284599,224.0000002618077,636.3005716531862,141.0000001647986,3.0000000035063534,240.25000028080046,3.2500000037985495,44.500000052010904,27.000000031557178,22.000000025713256,130.50000015252635,0.0,0.0,24.800570938474657,0.0,87096.0,0,0,0,49,UTAH
3102,490883,202.25,645.4956634134978,0.31332511039728045,53.75,0.0,0.25,53.5,77.13773917227462,0.0,0.0,0.25,0.0,0.0,53.5,0.0,0.0,0.0,0.0,10.378325562141743,13.009413610132883,112744.0,571,0,0,49,UTAH
3091,490872,113.75,335.572338318298,0.33897311253380347,0.0,0.0,0.0,0.0,11.616469808736566,0.0,0.0,0.0,0.0,0.0,0.0,0.0,0.0,0.0,0.0,4.611400941741935,7.005068866994631,87537.0,0,0,0,49,UTAH
3100,490881,179.25,470.39310406473805,0.3810642597671471,193.5,37.75,50.0,105.75,220.6195476902976,36.75,1.0,3.75,46.25,7.0,39.0,8.0,51.75,0.0,0.0,15.110858204021088,12.00868948627651,90154.0,0,0,0,49,UTAH
3117,490898,126.75,401.2180070439072,0.31591303923238206,0.0,0.0,0.0,0.0,13.140655265405002,0.0,0.0,0.0,0.0,0.0,0.0,0.0,0.0,0.0,0.0,5.134862274553995,8.005792990851006,113111.0,0,0,0,49,UTAH
3116,490897,75.75,242.11702037711095,0.3128652412871061,92.0,0.0,0.0,92.0,103.80238307379022,0.0,0.0,0.0,0.0,0.0,92.0,0.0,0.0,0.0,0.0,6.798762454508346,5.00362061928188,113111.0,0,0,0,49,UTAH
3121,490902,41.5,130.10759451419062,0.31896677634351056,0.0,0.0,0.0,0.0,4.678076024124997,0.0,0.0,0.0,0.0,0.0,0.0,0.0,0.0,0.0,0.0,1.6759036525558693,3.002172371569128,113111.0,0,0,0,49,UTAH
3123,490904,74.5,232.4582159236304,0.32048770444179747,12.75,1.25,5.75,5.75,21.02661850488983,1.25,0.0,1.75,4.0,0.75,1.75,0.75,2.5,0.0,0.0,3.5232428578820585,4.753375647007768,113111.0,0,0,0,49,UTAH
3126,490907,120.25,379.2255615941716,0.3170936038554426,6.25,0.25,0.5,5.5,19.145832124330564,0.0,0.25,0.5,0.0,5.0,0.0,0.25,0.25,0.0,0.0,5.140177539627328,7.755654584703236,113111.0,0,0,0,49,UTAH
3190,490971,184.75,680.0295080784884,0.2716793871519415,0.0,0.0,0.0,0.0,19.281328578298588,0.0,0.0,0.0,0.0,0.0,0.0,0.0,0.0,0.0,0.0,7.522756176228778,11.758572402069811,91005.0,0,0,0,49,UTAH
2756,490538,105.5,299.9987278024196,0.3516681579712656,2238.25,310.75,250.75,1676.75,2340.029397276296,302.5,8.25,62.0,188.75,1432.5,60.5,42.0,141.75,0.0,0.0,95.02450943754204,6.754887838754225,67267.0,0,0,0,49,UTAH
2662,490444,0.0,0.0,0.0,2981.25,1361.75,77.75,1541.75,3102.148597160976,1054.0,307.75,51.25,26.5,87.75,140.25,237.75,1076.0,0.0,0.0,120.89859716097578,0.0,36579.0,0,0,0,49,UTAH
2638,490420,0.0,0.0,0.0,2123.75,912.0,58.25,1153.5,2209.8455025785797,695.0,217.0,57.75,0.5,83.0,104.5,145.75,820.25,0.0,0.0,86.09550257857912,0.0,100955.0,0,0,0,49,UTAH
2822,490604,0.0,0.0,0.0,647.75,27.25,282.5,338.0,674.0055530002932,20.75,6.5,89.75,192.75,49.25,192.5,13.75,82.5,0.0,0.0,26.25555300029321,0.0,76529.0,0,0,194,49,UTAH
3026,490807,0.0,0.0,0.0,2318.0,846.5,85.25,1386.25,2411.9561848527883,649.5,197.0,76.5,8.75,105.25,143.0,169.75,968.25,0.0,0.0,93.95618485278814,0.0,56681.0,0,0,0,49,UTAH
2790,490572,0.0,0.0,0.0,2432.25,452.0,902.5,1077.75,2530.8266818257607,391.0,61.0,509.75,392.75,97.75,187.25,81.25,711.5,0.0,0.0,98.57668182576047,0.0,76529.0,0,0,0,49,UTAH
3140,490921,174.5,450.86245994357057,0.38703599324246296,57.25,9.75,16.25,31.25,79.41081474124738,8.5,1.25,16.25,0.0,14.25,7.0,3.0,7.0,1.0121830987300855,0.0,9.889717879873285,11.25891376264402,51304.0,0,0,0,49,UTAH
3135,490916,0.0,0.0,0.0,0.0,0.0,0.0,0.0,1.0121830987300855,0.0,0.0,0.0,0.0,0.0,0.0,0.0,0.0,1.0121830987300855,0.0,0.0,0.0,51304.0,0,0,0,49,UTAH
3339,491120,21.0,49.93351480223818,0.42055921925725753,0.0,0.0,0.0,0.0,1.851980354703886,0.0,0.0,0.0,0.0,0.0,0.0,0.0,0.0,0.0,0.0,0.8512562308475102,1.0007241238563758,51304.0,0,0,0,49,UTAH
3345,491126,25.5,62.47489938429484,0.4081639226522753,42.5,6.75,20.25,15.5,47.25581918364785,6.75,0.0,20.0,0.25,3.0,2.5,1.5,8.5,0.0,0.0,2.7543709359351016,2.0014482477127515,51304.0,0,0,0,49,UTAH
3340,491121,7.25,15.688670620302108,0.4621169106972042,0.0,0.0,0.0,0.0,1.557446229178786,0.0,0.0,0.0,0.0,0.0,0.0,0.0,0.0,1.0121830987300855,0.0,0.2950394692209068,0.2502236612277936,51304.0,0,0,0,49,UTAH
3337,491118,4.0,12.037087445066163,0.3323063006939893,0.0,0.0,0.0,0.0,1.1743271427010398,0.0,0.0,0.0,0.0,0.0,0.0,0.0,0.0,1.0121830987300855,0.0,0.1621440439709543,0.0,76841.0,0,0,0,49,UTAH
3343,491124,9.25,31.15155236122923,0.29693544298332997,0.0,0.0,0.0,0.0,2.387094984540777,0.0,0.0,0.0,0.0,0.0,0.0,0.0,0.0,1.0121830987300855,0.0,0.3741877619543157,1.0007241238563758,76841.0,0,0,0,49,UTAH
3338,491119,9.25,30.347218944789997,0.30480552490916263,0.0,0.0,0.0,0.0,2.3890187137928454,0.0,0.0,0.0,0.0,0.0,0.0,0.0,0.0,1.0121830987300855,0.0,0.376111491206384,1.0007241238563758,76841.0,0,0,0,49,UTAH
3346,491127,16.750000101324055,39.45446591609396,0.42454002892715687,0.0,0.0,0.0,0.0,1.6796556766224304,0.0,0.0,0.0,0.0,0.0,0.0,0.0,0.0,0.0,0.0,0.6789315467124769,1.0007241299099534,51304.0,0,0,0,49,UTAH
3329,491110,16.0,51.96618419307765,0.3078925314306864,0.0,0.0,0.0,0.0,1.649300299740193,0.0,0.0,0.0,0.0,0.0,0.0,0.0,0.0,0.0,0.0,0.6485761758838173,1.0007241238563758,76841.0,0,0,0,49,UTAH
3330,491111,7.0,23.274618254745956,0.3007568125665228,0.0,0.0,0.0,0.0,1.2959351756792556,0.0,0.0,0.0,0.0,0.0,0.0,0.0,0.0,1.0121830987300855,0.0,0.28375207694917,0.0,76841.0,0,0,0,49,UTAH
3323,491104,0.0,0.0,0.0,0.0,0.0,0.0,0.0,1.012183092426338,0.0,0.0,0.0,0.0,0.0,0.0,0.0,0.0,1.012183092426338,0.0,0.0,0.0,76841.0,0,0,0,49,UTAH
3324,491105,8.0,28.896427357172023,0.27685083353442375,0.0,0.0,0.0,0.0,2.3371953105283696,0.0,0.0,0.0,0.0,0.0,0.0,0.0,0.0,1.0121830987300855,0.0,0.3242880879419086,1.0007241238563758,76841.0,0,0,0,49,UTAH
3331,491112,12.0,30.886631264613108,0.3885176048236905,0.0,0.0,0.0,0.0,1.4871562557692388,0.0,0.0,0.0,0.0,0.0,0.0,0.0,0.0,0.0,0.0,0.4864321319128629,1.0007241238563758,51304.0,0,0,0,49,UTAH
3332,491113,8.0,20.456905361993933,0.391065992555398,0.0,0.0,0.0,0.0,1.3250122117982843,0.0,0.0,0.0,0.0,0.0,0.0,0.0,0.0,0.0,0.0,0.3242880879419086,1.0007241238563758,51304.0,0,0,0,49,UTAH
3326,491107,10.0,26.07411223331597,0.38352216599047184,0.0,0.0,0.0,0.0,1.4060842337837616,0.0,0.0,0.0,0.0,0.0,0.0,0.0,0.0,0.0,0.0,0.4053601099273858,1.0007241238563758,51304.0,0,0,0,49,UTAH
3322,491103,5.0,8.415859978837906,0.594116348486399,0.0,0.0,0.0,0.0,0.2026800549636928,0.0,0.0,0.0,0.0,0.0,0.0,0.0,0.0,0.0,0.0,0.2026800549636928,0.0,51304.0,0,0,0,49,UTAH
3354,491135,18.0,44.522388568718334,0.4042909776104622,0.0,0.0,0.0,0.0,1.73037232172567,0.0,0.0,0.0,0.0,0.0,0.0,0.0,0.0,0.0,0.0,0.7296481978692945,1.0007241238563758,51304.0,0,0,0,49,UTAH
3361,491142,15.25,36.34784361672261,0.41955721392462214,0.0,0.0,0.0,0.0,1.618127951767123,0.0,0.0,0.0,0.0,0.0,0.0,0.0,0.0,0.0,0.0,0.6174038279107472,1.0007241238563758,51304.0,0,0,0,49,UTAH
3353,491134,14.0,31.68159237914556,0.44189698019142226,0.0,0.0,0.0,0.0,1.568228277754716,0.0,0.0,0.0,0.0,0.0,0.0,0.0,0.0,0.0,0.0,0.5675041538983402,1.0007241238563758,51304.0,0,0,0,49,UTAH
3352,491133,36.25,105.93596156405712,0.3421878601449276,59.0,5.25,6.75,47.0,65.07719801854394,5.0,0.25,6.75,0.0,3.0,29.25,2.0,12.75,0.0,0.0,3.8255687534855376,2.251629265058403,76841.0,0,0,0,49,UTAH
3359,491140,22.0,74.24106839293005,0.29633194236325205,225.25,81.75,0.75,142.75,238.2944044082844,70.5,11.25,0.5,0.25,1.0,10.75,22.0,109.0,1.0121830987300855,0.0,11.03149718569794,1.0007241238563758,76841.0,0,0,0,49,UTAH
3351,491132,8.0,27.08875017075372,0.29532554841297826,0.0,0.0,0.0,0.0,1.3250122117982843,0.0,0.0,0.0,0.0,0.0,0.0,0.0,0.0,0.0,0.0,0.3242880879419086,1.0007241238563758,76841.0,0,0,0,49,UTAH
3350,491131,7.0,21.668219103414103,0.3230537759744667,0.0,0.0,0.0,0.0,0.28375207694917,0.0,0.0,0.0,0.0,0.0,0.0,0.0,0.0,0.0,0.0,0.28375207694917,0.0,76841.0,0,0,0,49,UTAH
3349,491130,2.0,5.415563908828087,0.36930595477596245,0.0,0.0,0.0,0.0,3.117621318175733,0.0,0.0,0.0,0.0,0.0,0.0,0.0,0.0,3.0365492961902563,0.0,0.0810720219854771,0.0,76841.0,0,0,0,49,UTAH
3357,491138,10.0,33.30755359069187,0.30023219726334394,0.0,0.0,0.0,0.0,2.418267332513847,0.0,0.0,0.0,0.0,0.0,0.0,0.0,0.0,1.0121830987300855,0.0,0.4053601099273858,1.0007241238563758,76841.0,0,0,0,49,UTAH
3367,491148,13.0,33.896427357172016,0.38352124437826274,0.0,0.0,0.0,0.0,2.5398753654920627,0.0,0.0,0.0,0.0,0.0,0.0,0.0,0.0,1.0121830987300855,0.0,0.5269681429056016,1.0007241238563758,75589.0,0,0,0,49,UTAH
3380,491161,3.0,8.625961211546313,0.34778732786142585,0.0,0.0,0.0,0.0,1.1337911317083011,0.0,0.0,0.0,0.0,0.0,0.0,0.0,0.0,1.0121830987300855,0.0,0.1216080329782157,0.0,75589.0,0,0,0,49,UTAH
3390,491171,7.0,19.85933991210586,0.35247898625940427,0.0,0.0,0.0,0.0,1.2959351756792556,0.0,0.0,0.0,0.0,0.0,0.0,0.0,0.0,1.0121830987300855,0.0,0.28375207694917,0.0,75589.0,0,0,0,49,UTAH
3397,491178,17.0,45.12980605773157,0.37669118228101905,0.0,0.0,0.0,0.0,1.6898363107329315,0.0,0.0,0.0,0.0,0.0,0.0,0.0,0.0,0.0,0.0,0.689112186876556,1.0007241238563758,75589.0,0,0,0,49,UTAH
3396,491177,7.0,16.644504934079393,0.42055921925725753,0.0,0.0,0.0,0.0,0.28375207694917,0.0,0.0,0.0,0.0,0.0,0.0,0.0,0.0,0.0,0.0,0.28375207694917,0.0,75589.0,0,0,0,49,UTAH
3402,491183,4.0,10.42966995605293,0.3835212443782627,0.0,0.0,0.0,0.0,1.1743271427010398,0.0,0.0,0.0,0.0,0.0,0.0,0.0,0.0,1.0121830987300855,0.0,0.1621440439709543,0.0,75589.0,0,0,0,49,UTAH
3401,491182,5.0,12.233378700559545,0.4087178303219947,0.0,0.0,0.0,0.0,1.2148631536937784,0.0,0.0,0.0,0.0,0.0,0.0,0.0,0.0,1.0121830987300855,0.0,0.2026800549636928,0.0,75589.0,0,0,0,49,UTAH
3378,491159,4.0,10.42966995605293,0.3835212443782627,0.0,0.0,0.0,0.0,1.1743271427010398,0.0,0.0,0.0,0.0,0.0,0.0,0.0,0.0,1.0121830987300855,0.0,0.1621440439709543,0.0,75589.0,0,0,0,49,UTAH
3388,491169,19.0,51.95205852477126,0.36572179312087527,0.0,0.0,0.0,0.0,1.7709083327184088,0.0,0.0,0.0,0.0,0.0,0.0,0.0,0.0,0.0,0.0,0.7701842088620331,1.0007241238563758,75589.0,0,0,0,49,UTAH
3389,491170,7.0,16.844967919774568,0.4155543681257233,0.0,0.0,0.0,0.0,0.28375207694917,0.0,0.0,0.0,0.0,0.0,0.0,0.0,0.0,0.0,0.0,0.28375207694917,0.0,75589.0,0,0,0,49,UTAH
3399,491180,4.0,10.42966995605293,0.3835212443782627,0.0,0.0,0.0,0.0,0.1621440439709543,0.0,0.0,0.0,0.0,0.0,0.0,0.0,0.0,0.0,0.0,0.1621440439709543,0.0,75589.0,0,0,0,49,UTAH
3398,491179,46.25,129.62748537058647,0.3567916161281526,0.0,0.0,0.0,0.0,5.917572689382371,0.0,0.0,0.0,0.0,0.0,0.0,0.0,0.0,1.0121830987300855,0.0,1.9031319531083808,3.002257637543904,75589.0,0,0,0,49,UTAH
3255,491036,629.0,1763.9938071908696,0.35657721554117694,1.5,0.75,0.5,0.25,141.64451449280867,0.75,0.0,0.5,0.0,0.0,0.25,0.0,0.0,0.0,0.0,99.8648143250562,40.27970016775247,31028.0,0,0,0,49,UTAH
3259,491040,28.50000005815735,85.92639423408234,0.33167922746201944,0.0,0.0,0.0,0.0,3.0383283537725925,0.0,0.0,0.0,0.0,0.0,0.0,0.0,0.0,0.0,0.0,1.2867627216037765,1.7515656321688158,105921.0,0,0,0,49,UTAH
3276,491057,14.0,39.71488306596864,0.3525126833873643,62.25,5.5,5.25,51.5,66.6095025159288,4.5,1.0,5.25,0.0,2.0,21.25,1.5,26.75,0.0,0.0,3.108554730844636,1.2509477850841697,80628.0,0,0,0,49,UTAH
3289,491070,146.74999992448411,402.86925699229033,0.3642620958970132,189.49999990248543,33.249999982889925,6.999999996397879,149.24999992319763,212.20012927358505,24.249999987521225,8.999999995368702,6.999999996397879,0.0,4.749999997555704,19.249999990094167,18.999999990222815,106.24999994532494,0.0,0.0,13.443772307708883,9.256357063390713,30043.0,0,0,0,49,UTAH
3294,491075,61.25000003492409,156.69268125143415,0.39089253911381067,11.250000006414629,2.7500000015680204,2.2500000012829258,6.250000003563683,18.342521261073884,2.500000001425473,0.2500000001425473,2.2500000012829258,0.0,0.0,0.5000000002850946,1.0000000005701892,4.750000002708399,0.0,0.0,3.0894755469427757,4.0030457077164785,89915.0,0,0,0,49,UTAH
3302,491083,94.75,276.59429127848296,0.34255949232373356,0.0,0.0,0.0,0.0,16.126173014335894,0.0,0.0,0.0,0.0,0.0,0.0,0.0,0.0,0.0,0.0,10.12180696015132,6.0043660541845725,89915.0,0,0,0,49,UTAH
3310,491091,204.25,601.9505790809909,0.3393135700805077,0.0,0.0,0.0,0.0,21.124668189933917,0.0,0.0,0.0,0.0,0.0,0.0,0.0,0.0,0.0,0.0,8.115616932956943,13.00905125697697,89700.0,0,0,0,49,UTAH
3275,491056,39.5,120.27916314156624,0.32840268395872746,0.0,0.0,0.0,0.0,33.19146056697272,0.0,0.0,0.0,0.0,0.0,0.0,0.0,0.0,0.0,0.0,30.689543674863312,2.50191689210941,30043.0,0,0,0,49,UTAH
3258,491039,401.5,1216.391119524986,0.330074754374062,0.0,0.0,0.0,0.0,175.486710160459,0.0,0.0,0.0,0.0,0.0,0.0,0.0,0.0,1.0121830987300855,0.0,148.45569989593693,26.018827165792004,105921.0,0,0,0,49,UTAH
3274,491055,719.0,2246.4492590360296,0.32006064553112984,24.25,3.0,8.75,12.5,198.31737064455103,3.0,0.0,8.75,0.0,0.0,7.75,0.25,4.5,1.0121830987300855,0.0,127.02283695445948,46.03235059136148,30043.0,0,0,0,49,UTAH
3369,491150,17.25,47.995350901182846,0.3594098110776574,4.0,0.5,0.5,3.0,5.861581465476425,0.25,0.25,0.5,0.0,0.0,0.75,0.5,1.75,0.0,0.0,0.8608573416200491,1.0007241238563758,75589.0,0,0,0,49,UTAH
3372,491153,26.0,70.2039809478639,0.3703493683543184,0.0,0.0,0.0,0.0,3.055384533523955,0.0,0.0,0.0,0.0,0.0,0.0,0.0,0.0,0.0,0.0,1.0539362858112031,2.0014482477127515,75589.0,0,0,0,49,UTAH
3368,491149,13.0,34.70013610167864,0.3746383000316566,0.0,0.0,0.0,0.0,1.5276922667619774,0.0,0.0,0.0,0.0,0.0,0.0,0.0,0.0,0.0,0.0,0.5269681429056016,1.0007241238563758,75589.0,0,0,0,49,UTAH
3373,491154,26.0,71.81139843687713,0.3620595137532969,15.0,3.25,6.5,5.25,18.665007779256506,3.25,0.0,5.5,1.0,1.0,0.25,0.25,3.75,0.0,0.0,1.6635595315437552,2.0014482477127515,75589.0,0,0,0,49,UTAH
3374,491155,10.0,26.074174890132326,0.3835212443782627,36.0,5.5,1.25,29.25,38.86936377245669,5.25,0.25,1.25,0.0,2.75,7.0,1.75,17.75,0.0,0.0,1.8686396486003232,1.0007241238563758,75589.0,0,0,0,49,UTAH
3176,490957,23.0,57.20327872205518,0.4020748550402963,51.0,16.25,6.75,28.0,55.41725710787669,14.75,1.5,6.75,0.0,0.0,6.0,2.5,19.5,0.0,0.0,2.9162988047121594,1.5009583031645302,51304.0,0,0,0,49,UTAH
2587,490369,404.2479898253713,1188.416590514946,0.3401568044840311,1123.7433345923955,231.49862791666945,9.999944447483422,882.2447622282425,1240.9008461799644,186.74889402754135,44.74973388912811,7.749952835793797,2.2499916116896244,92.49944244917594,83.24950251555268,344.99795117988896,361.497866083625,0.0,0.0,90.88906053062978,26.268451056939348,83312.0,0,0,0,49,UTAH
2731,490513,420.25,1215.5167295135102,0.34573773424591026,136.25,7.0,101.5,27.75,185.8281397086073,7.0,0.0,1.5,100.0,14.75,1.0,0.0,12.0,0.0,0.0,22.55858836448517,27.01955134412215,60581.0,0,0,0,49,UTAH
2733,490515,44.5,124.47721441539208,0.3574951464731477,1354.25,131.25,907.0,316.0,1413.6979172729489,127.25,4.0,707.25,199.75,27.0,73.25,31.0,184.75,0.0,0.0,56.69596856260744,2.751948710341334,65221.0,0,0,0,49,UTAH
2742,490524,532.5,1514.2633865446458,0.3516561284725351,791.25,31.75,209.25,550.25,878.8341028810781,29.75,2.0,63.75,145.5,39.75,13.0,10.0,487.5,0.0,0.0,53.3096853386074,34.274417542470694,60581.0,0,0,0,49,UTAH
3400,491181,1448.75,4165.93171992185,0.3477613406556691,2222.0,411.5,2.5,1808.0,2548.6851540315324,148.25,263.25,2.5,0.0,0.0,20.0,358.75,1429.25,1.0121830987300855,0.0,232.3600504217141,93.31292051108808,75589.0,0,0,0,49,UTAH
3257,491038,36.5,98.35701165606224,0.3710970817986449,0.0,0.0,0.0,0.0,3.944129787131736,0.0,0.0,0.0,0.0,0.0,0.0,0.0,0.0,0.0,0.0,1.6925218331196497,2.251607954012086,105921.0,0,0,0,49,UTAH
3229,491010,0.0,0.0,0.0,0.0,0.0,0.0,0.0,1.0121830987300855,0.0,0.0,0.0,0.0,0.0,0.0,0.0,0.0,1.0121830987300855,0.0,0.0,0.0,69330.0,0,0,0,49,UTAH
3252,491033,13.0,37.91497107970511,0.3428724756949257,0.0,0.0,0.0,0.0,2.5398753654920627,0.0,0.0,0.0,0.0,0.0,0.0,0.0,0.0,1.0121830987300855,0.0,0.5269681429056016,1.0007241238563758,69330.0,0,0,0,49,UTAH
3253,491034,13.0,38.71867982421172,0.3357552493789003,0.0,0.0,0.0,0.0,1.5276922667619774,0.0,0.0,0.0,0.0,0.0,0.0,0.0,0.0,0.0,0.0,0.5269681429056016,1.0007241238563758,69330.0,0,0,0,49,UTAH
3254,491035,20.0,60.185437225330816,0.3323063006939893,0.0,0.0,0.0,0.0,1.8114443437111476,0.0,0.0,0.0,0.0,0.0,0.0,0.0,0.0,0.0,0.0,0.8107202198547716,1.0007241238563758,69330.0,0,0,0,49,UTAH
3342,491123,12.0,38.92420515714775,0.3082914590433559,0.0,0.0,0.0,0.0,1.4871562557692388,0.0,0.0,0.0,0.0,0.0,0.0,0.0,0.0,0.0,0.0,0.4864321319128629,1.0007241238563758,76841.0,0,0,0,49,UTAH
3336,491117,4.0,13.845276900615826,0.28890718681271615,0.0,0.0,0.0,0.0,1.1743271427010398,0.0,0.0,0.0,0.0,0.0,0.0,0.0,0.0,1.0121830987300855,0.0,0.1621440439709543,0.0,76841.0,0,0,0,49,UTAH
3335,491116,14.0,49.36319766912256,0.28361209688725686,0.0,0.0,0.0,0.0,1.568228277754716,0.0,0.0,0.0,0.0,0.0,0.0,0.0,0.0,0.0,0.0,0.5675041538983402,1.0007241238563758,76841.0,0,0,0,49,UTAH
3328,491109,7.75,28.646276221876445,0.27054127175110876,0.0,0.0,0.0,0.0,3.089038047793297,0.0,0.0,0.0,0.0,0.0,0.0,0.0,0.0,2.0243661974601705,0.0,0.3141074436708387,0.7505644066622875,76841.0,0,0,0,49,UTAH
3407,491188,11.0,28.078813446721053,0.3917544457807045,0.0,0.0,0.0,0.0,2.458803343506585,0.0,0.0,0.0,0.0,0.0,0.0,0.0,0.0,1.0121830987300855,0.0,0.4458961209201244,1.0007241238563758,56564.0,0,0,0,49,UTAH
3160,490941,6.0,14.037087445066163,0.42743909828024296,0.0,0.0,0.0,0.0,1.255399164686517,0.0,0.0,0.0,0.0,0.0,0.0,0.0,0.0,1.0121830987300855,0.0,0.2432160659564314,0.0,51304.0,0,0,0,49,UTAH
2949,490730,2.0,2.803708744506616,0.7133408575047802,357.5,47.0,159.5,151.0,372.0798508621136,45.0,2.0,46.5,113.0,14.0,23.5,14.75,98.75,0.0,0.0,14.579850862113572,0.0,58209.0,0,0,0,49,UTAH
2939,490720,120.25,311.73332164489705,0.38574637887758334,336.5,0.25,0.25,336.0,363.0205693702615,0.25,0.0,0.25,0.0,0.0,336.0,0.0,0.0,0.0,0.0,18.514776379410463,8.005792990851006,65974.0,0,0,0,49,UTAH
2979,490760,451.5,1042.22509925214,0.4332077593640556,25.0,1.5,1.0,22.5,73.34586491353923,1.5,0.0,1.0,0.0,5.0,4.5,3.0,10.0,0.0,0.0,19.324865321704333,29.0209995918349,24407.0,0,0,0,49,UTAH
2971,490752,569.5,1400.1271478851777,0.4067487733954744,0.0,0.0,0.0,0.0,59.63015584971598,0.0,0.0,0.0,0.0,0.0,0.0,0.0,0.0,0.0,0.0,23.10370401246457,36.526451837251415,23848.0,0,0,0,49,UTAH
2928,490710,150.75,392.06004613169824,0.3845074281028908,225.25,9.0,162.5,53.75,250.24349754323825,8.0,1.0,162.25,0.25,4.0,6.0,11.25,32.5,0.0,0.0,15.486639683096364,9.506857860141878,48606.0,0,0,0,49,UTAH
3010,490791,127.5,285.4277858443518,0.44669792614208814,110.75,0.5,84.25,26.0,128.65888688384842,0.5,0.0,40.75,43.5,1.25,21.0,1.0,2.75,0.0,0.0,9.652934175803326,8.255952708045095,31799.0,0,0,0,49,UTAH
2924,490706,124.0,310.46042872553494,0.3994067795017548,851.5,34.25,81.5,735.75,899.053631526379,29.75,4.5,81.0,0.5,440.75,178.75,53.75,62.5,0.0,0.0,39.54783853552805,8.005792990851006,45835.0,0,0,0,49,UTAH
2922,490704,287.0,763.5992854924234,0.37585158269879976,49.75,6.25,21.5,22.0,81.41086586573451,6.25,0.0,20.75,0.75,8.75,2.0,1.0,10.25,0.0,0.0,13.647831636319731,18.013034229414764,64980.0,0,0,0,49,UTAH
2912,490694,138.25,326.72615825444825,0.42313722518762475,46.0,3.75,2.0,40.25,62.47363750014316,2.75,1.0,2.0,0.0,7.0,7.25,4.75,21.25,0.0,0.0,7.467120385435771,9.006517114707382,63356.0,0,0,0,49,UTAH
2821,490603,158.0,427.04196642402127,0.36998705612721355,143.5,10.5,2.25,130.75,165.72536574627648,9.5,1.0,2.25,0.0,7.75,24.0,12.0,87.0,0.0,0.0,12.21812450771274,10.00724123856376,76529.0,0,0,0,49,UTAH
2819,490601,2.0,6.018543722533082,0.3323063006939893,123.0,2.75,60.25,60.0,128.06637095893245,2.75,0.0,60.25,0.0,1.75,36.25,3.25,18.75,0.0,0.0,5.066370958932462,0.0,76529.0,1104,0,0,49,UTAH
2887,490669,645.5,1595.885823639264,0.4044775575034556,1267.5,652.25,20.25,595.0,1386.6369816144663,464.75,187.5,20.0,0.25,37.0,51.75,69.75,436.5,0.0,0.0,77.6068238919584,41.53015772250807,52442.0,0,0,0,49,UTAH
2932,490714,589.0,1436.91272545448,0.4099065931883272,41.5,0.0,0.0,41.5,105.08316485841686,0.0,0.0,0.0,0.0,1.0,7.75,0.0,32.75,0.0,0.0,25.55564815187457,38.027516706542286,50017.0,0,0,0,49,UTAH
2274,490058,0.0,0.0,0.0,850.0,0.0,771.0,79.0,886.4799755412879,0.0,0.0,771.0,0.0,78.0,1.0,0.0,0.0,2.0243661974601705,0.0,34.455609343827795,0.0,81720.0,0,0,0,49,UTAH
2278,490062,0.0,0.0,0.0,0.0,0.0,0.0,0.0,6.0730985923805125,0.0,0.0,0.0,0.0,0.0,0.0,0.0,0.0,6.0730985923805125,0.0,0.0,0.0,81720.0,0,0,0,49,UTAH
2279,490063,0.0,0.0,0.0,0.0,0.0,0.0,0.0,4.048732394920341,0.0,0.0,0.0,0.0,0.0,0.0,0.0,0.0,4.048732394920341,0.0,0.0,0.0,81720.0,0,0,0,49,UTAH
2248,490032,0.0,0.0,0.0,0.0,0.0,0.0,0.0,1.0121830987300855,0.0,0.0,0.0,0.0,0.0,0.0,0.0,0.0,1.0121830987300855,0.0,0.0,0.0,81720.0,0,0,0,49,UTAH
2244,490028,0.0,0.0,0.0,0.0,0.0,0.0,0.0,5.060915493650427,0.0,0.0,0.0,0.0,0.0,0.0,0.0,0.0,5.060915493650427,0.0,0.0,0.0,66402.0,0,0,0,49,UTAH
2262,490046,0.0,0.0,0.0,0.0,0.0,0.0,0.0,1.0121830987300855,0.0,0.0,0.0,0.0,0.0,0.0,0.0,0.0,1.0121830987300855,0.0,0.0,0.0,66402.0,0,0,0,49,UTAH
2259,490043,0.0,0.0,0.0,217.74999980455672,2.9999999973073255,10.999999990126861,203.74999981712253,227.58966962785246,0.0,2.9999999973073255,4.749999995736599,6.2499999943902615,114.74999989700521,76.4999999313368,3.249999997082936,9.249999991697587,1.0121830978215922,0.0,8.827486725474161,0.0,66402.0,0,0,0,49,UTAH
2258,490042,1.0,1.8037087445066164,0.5544132349779889,131.0,1.0,1.25,128.75,137.36293654977158,0.0,1.0,1.0,0.25,105.75,20.0,3.0,0.0,1.0121830987300855,0.0,5.350753451041493,0.0,66402.0,0,0,0,49,UTAH
2237,490021,3.0,8.625961211546313,0.34778732786142585,0.0,0.0,0.0,0.0,0.1216080329782157,0.0,0.0,0.0,0.0,0.0,0.0,0.0,0.0,0.0,0.0,0.1216080329782157,0.0,66402.0,0,0,0,49,UTAH
2299,490083,0.0,0.0,0.0,0.0,0.0,0.0,0.0,0.0,0.0,0.0,0.0,0.0,0.0,0.0,0.0,0.0,0.0,0.0,0.0,0.0,66402.0,0,0,0,49,UTAH
2307,490091,758.0,2023.444582670688,0.3746087273611106,0.0,0.0,0.0,0.0,80.72270519880773,0.0,0.0,0.0,0.0,0.0,0.0,0.0,0.0,0.0,0.0,31.934270954907923,48.78843424389981,66402.0,0,0,0,49,UTAH
2269,490053,7.0,18.25192242309263,0.3835212443782626,43.0,0.0,0.0,43.0,46.038983648367015,0.0,0.0,0.0,0.0,0.25,42.75,0.0,0.0,1.0121830987300855,0.0,2.026800549636929,0.0,66402.0,0,0,0,49,UTAH
2265,490049,0.0,0.0,0.0,0.0,0.0,0.0,0.0,0.0,0.0,0.0,0.0,0.0,0.0,0.0,0.0,0.0,0.0,0.0,0.0,0.0,66402.0,0,0,0,49,UTAH
2257,490041,27.0,90.49299081602268,0.298365649720789,0.0,0.0,0.0,0.0,3.095920544516693,0.0,0.0,0.0,0.0,0.0,0.0,0.0,0.0,0.0,0.0,1.094472296803942,2.0014482477127515,66402.0,0,0,0,49,UTAH
2234,490018,0.0,0.0,0.0,0.0,0.0,0.0,0.0,2.0243661974601705,0.0,0.0,0.0,0.0,0.0,0.0,0.0,0.0,2.0243661974601705,0.0,0.0,0.0,66402.0,0,0,0,49,UTAH
2243,490027,1.0,1.8037087445066164,0.5544132349779889,48.0,0.0,0.0,48.0,49.98626453864419,0.0,0.0,0.0,0.0,38.75,8.25,1.0,0.0,0.0,0.0,1.9862645386441908,0.0,66402.0,0,0,0,49,UTAH
2233,490017,0.8463357684629779,1.5265432263654002,0.5544132349779889,0.0,0.0,0.0,0.0,1.7476005973918929,0.0,0.0,0.0,0.0,0.0,0.0,0.0,0.0,1.71329352137793,0.0,0.03430707601396306,0.0,66402.0,0,0,0,49,UTAH
2232,490016,1.1536642744577978,3.688291849094694,0.3127909399959684,0.0,0.0,0.0,0.0,0.3578376854716766,0.0,0.0,0.0,0.0,0.0,0.0,0.0,0.0,0.3110727377603256,0.0,0.04676494771135097,0.0,81720.0,0,0,0,49,UTAH
2240,490024,0.0,0.0,0.0,0.0,0.0,0.0,0.0,0.0,0.0,0.0,0.0,0.0,0.0,0.0,0.0,0.0,0.0,0.0,0.0,0.0,81720.0,0,0,0,49,UTAH
2287,490071,0.0,0.0,0.0,448.5,45.25,64.25,339.0,470.773947932956,29.75,15.5,0.0,64.25,205.25,29.5,25.25,79.0,2.024366197460171,0.0,20.24958173549585,0.0,81720.0,0,0,0,49,UTAH
2350,490134,4.227258992023822,11.319464088591854,0.3734504530372776,0.0,0.0,0.0,0.0,2.2820778487795796,0.0,0.0,0.0,0.0,0.0,0.0,0.0,0.0,1.836494560723918,0.0,0.16953224748166798,0.27605104057399377,81720.0,0,0,0,49,UTAH
2348,490132,627.5,1845.911636448343,0.3399404324723538,0.0,0.0,0.0,0.0,67.7611223742897,0.0,0.0,0.0,0.0,0.0,0.0,0.0,0.0,2.0243661974601705,0.0,25.458313546020594,40.27844263080894,62109.0,0,0,0,49,UTAH
2359,490143,1471.25,3751.423960109457,0.3921844120111321,0.0,0.0,0.0,0.0,520.9624963848614,0.0,0.0,0.0,0.0,0.0,0.0,0.0,0.0,0.7590512904512183,0.0,425.3885220170985,94.81492307731163,74211.0,0,0,0,49,UTAH
2376,490158,151.3775125768497,442.9199819779564,0.34177169406726743,64.11039799593622,0.683744162609433,0.8158744951449811,62.61077933818181,83.77300034293448,0.2723875387793085,0.4113566238301246,0.5414493828422879,0.2744251123026932,51.38254535660435,9.477706238272665,1.7356089578519611,0.01491878545282814,1.0960918282615986,0.0,8.765395459495359,9.801115059241315,79647.0,0,0,0,49,UTAH
2340,490124,0.0,0.0,0.0,0.0,0.0,0.0,0.0,2.0243661974601705,0.0,0.0,0.0,0.0,0.0,0.0,0.0,0.0,2.0243661974601705,0.0,0.0,0.0,81720.0,0,0,0,49,UTAH
2361,490145,0.0,0.0,0.0,0.0,0.0,0.0,0.0,3.0365492961902563,0.0,0.0,0.0,0.0,0.0,0.0,0.0,0.0,3.0365492961902563,0.0,0.0,0.0,81720.0,0,0,0,49,UTAH
2362,490146,71.1118728044032,188.88605821787732,0.3764802626267773,0.0,0.0,0.0,0.0,11.466178312511868,0.0,0.0,0.0,0.0,0.0,0.0,0.0,0.0,3.9920126028937144,0.0,2.90836779215289,4.565797917465263,81720.0,0,0,0,49,UTAH
2338,490122,0.0,0.0,0.0,0.0,0.0,0.0,0.0,0.0,0.0,0.0,0.0,0.0,0.0,0.0,0.0,0.0,0.0,0.0,0.0,0.0,81720.0,0,0,0,49,UTAH
2286,490070,0.0,0.0,0.0,0.0,0.0,0.0,0.0,4.048732394920341,0.0,0.0,0.0,0.0,0.0,0.0,0.0,0.0,4.048732394920341,0.0,0.0,0.0,81720.0,0,0,0,49,UTAH
2293,490077,0.0,0.0,0.0,2235.25,96.75,274.75,1863.75,2671.0223892460563,66.0,30.75,0.0,274.75,1357.25,70.5,144.5,291.5,3.0365492961902563,0.0,432.73583994986575,0.0,81720.0,0,0,0,49,UTAH
2303,490087,23.055219821877177,62.36069469270589,0.3697075527379246,4.03346934381769,0.0,0.0,4.03346934381769,6.707058697130726,0.0,0.0,0.0,0.0,0.01482893141109445,4.018640412406596,0.0,0.0,0.0,0.0,1.2772092156373624,1.396380137675674,66402.0,46,0,0,49,UTAH
2304,490088,161.9546396629828,550.2047575720907,0.2943533974108951,3.3161109364873322,1.2799024667144088,0.0,2.036208469772923,20.720633004461273,1.2799024667144088,0.0,0.0,0.0,0.5235964636558945,1.5126120061170287,0.0,0.0,0.0,0.0,6.698646623345431,10.70587544462851,66402.0,0,0,0,49,UTAH
2261,490045,0.0,0.0,0.0,81.0,0.25,16.25,64.5,86.30737315991122,0.0,0.25,16.25,0.0,59.75,4.0,0.75,0.0,2.0243661974601705,0.0,3.2830069624510587,0.0,66402.0,0,0,0,49,UTAH
2260,490044,0.0,0.0,0.0,0.0,0.0,0.0,0.0,4.048732394920341,0.0,0.0,0.0,0.0,0.0,0.0,0.0,0.0,4.048732394920341,0.0,0.0,0.0,66402.0,0,0,0,49,UTAH
2249,490033,0.14594160965249545,0.4978252532477408,0.29315830946781674,0.802678853088725,0.0,0.0,0.802678853088725,5.037584170470528,0.0,0.0,0.0,0.0,0.7114653470559154,0.09121350603280966,0.0,0.0,4.196452027876188,0.0,0.03845328950561487,0.0,81720.0,0,0,0,49,UTAH
2329,490113,0.0,0.0,0.0,0.0,0.0,0.0,0.0,0.0,0.0,0.0,0.0,0.0,0.0,0.0,0.0,0.0,0.0,0.0,0.0,0.0,81720.0,0,0,0,49,UTAH
2333,490117,0.056626707393240536,0.19316084710693515,0.2931583094678168,0.0,0.0,0.0,0.0,0.0022954208333749847,0.0,0.0,0.0,0.0,0.0,0.0,0.0,0.0,0.0,0.0,0.0022954208333749847,0.0,81720.0,0,0,0,49,UTAH
2330,490114,0.0,0.0,0.0,0.0,0.0,0.0,0.0,0.0,0.0,0.0,0.0,0.0,0.0,0.0,0.0,0.0,0.0,0.0,0.0,0.0,81720.0,0,0,0,49,UTAH
2331,490115,0.0,0.0,0.0,0.0,0.0,0.0,0.0,1.4173828627128031,0.0,0.0,0.0,0.0,0.0,0.0,0.0,0.0,1.4173828627128031,0.0,0.0,0.0,81720.0,0,0,0,49,UTAH
2326,490110,8.39444621345376,24.171527579817145,0.3472865413960429,0.04349453996608166,0.014498179988693885,0.0,0.02899635997738777,5.030617847420391,0.014498179988693885,0.0,0.0,0.0,0.014498179988693885,0.0,0.0,0.014498179988693885,4.107431449591759,0.0,0.3428682823497897,0.5368235755127603,81720.0,0,0,0,49,UTAH
2280,490064,0.0,0.0,0.0,262.75,11.0,81.0,170.75,275.62523237632547,11.0,0.0,0.5,80.5,141.25,2.5,12.0,15.0,1.0121830987300855,0.0,11.863049277595396,0.0,81720.0,0,0,0,49,UTAH
2277,490061,0.0,0.0,0.0,0.0,0.0,0.0,0.0,4.048732394920341,0.0,0.0,0.0,0.0,0.0,0.0,0.0,0.0,4.048732394920341,0.0,0.0,0.0,81720.0,0,0,0,49,UTAH
2263,490047,0.5710664496090097,1.2595804567564923,0.45337830270846347,175.46016664236822,1.713199348827029,26.269056682014444,147.47791061152674,184.42633687067791,0.0,1.713199348827029,26.269056682014444,0.0,140.48234660381638,4.282998372067572,2.712565635642796,0.0,1.8271575119019396,0.0,7.139012716407781,0.0,81720.0,0,0,0,49,UTAH
2254,490038,0.0,0.0,0.0,46.924651407600216,0.0,5.572302354652526,41.352349052947694,54.65663470288099,0.0,0.0,5.572302354652526,0.0,36.36660484089017,3.812627926867518,1.1731162851900054,0.0,5.829845109991861,0.0,1.9021381852889083,0.0,81720.0,0,0,0,49,UTAH
2231,490015,0.0,0.0,0.0,0.0,0.0,0.0,0.0,0.0,0.0,0.0,0.0,0.0,0.0,0.0,0.0,0.0,0.0,0.0,0.0,0.0,81720.0,0,0,0,49,UTAH
2247,490031,0.0,0.0,0.0,0.00008293055362145842,0.0,9.848003242548187e-6,0.00007308255037891023,3.0366387362039697,0.0,0.0,9.848003242548187e-6,0.0,0.00006427117905663028,6.738107481743497e-6,2.0732638405364605e-6,0.0,3.036552443976515,0.0,3.361673833233335e-6,0.0,81720.0,0,0,0,49,UTAH
2239,490023,2.0,6.018543722533082,0.3323063006939893,0.0,0.0,0.0,0.0,0.0810720219854771,0.0,0.0,0.0,0.0,0.0,0.0,0.0,0.0,0.0,0.0,0.0810720219854771,0.0,81720.0,0,0,0,49,UTAH
2238,490022,9.0,30.298148756872106,0.29704785174238263,34.0,0.0,1.0,33.0,36.74377259654413,0.0,0.0,1.0,0.0,29.0,3.0,1.0,0.0,0.0,0.0,1.743048472687759,1.0007241238563758,81720.0,0,0,0,49,UTAH
2285,490069,0.0,0.0,0.0,0.0,0.0,0.0,0.0,0.0,0.0,0.0,0.0,0.0,0.0,0.0,0.0,0.0,0.0,0.0,0.0,0.0,81720.0,0,0,0,49,UTAH
2323,490107,0.0,0.0,0.0,0.0,0.0,0.0,0.0,1.0121830987300855,0.0,0.0,0.0,0.0,0.0,0.0,0.0,0.0,1.0121830987300855,0.0,0.0,0.0,81720.0,0,0,0,49,UTAH
2388,490170,9.387006098773838,31.378480306573763,0.2991542613619586,2.037177647415771,0.0,0.0,2.037177647415771,3.0407221894566847,0.0,0.0,0.0,0.0,0.873076134606759,1.164101512809012,0.0,0.0,0.0,0.0,0.4574861276477165,0.5460584143931974,81720.0,0,0,0,49,UTAH
2392,490174,0.0,0.0,0.0,0.0,0.0,0.0,0.0,4.048732394920341,0.0,0.0,0.0,0.0,0.0,0.0,0.0,0.0,4.048732394920341,0.0,0.0,0.0,81720.0,0,0,0,49,UTAH
2401,490183,0.0,0.0,0.0,0.0,0.0,0.0,0.0,4.048732394920341,0.0,0.0,0.0,0.0,0.0,0.0,0.0,0.0,4.048732394920341,0.0,0.0,0.0,81720.0,0,0,0,49,UTAH
2335,490119,0.0,0.0,0.0,0.0,0.0,0.0,0.0,2.0243661974601705,0.0,0.0,0.0,0.0,0.0,0.0,0.0,0.0,2.0243661974601705,0.0,0.0,0.0,81720.0,0,0,0,49,UTAH
2334,490118,0.0,0.0,0.0,0.0,0.0,0.0,0.0,0.0,0.0,0.0,0.0,0.0,0.0,0.0,0.0,0.0,0.0,0.0,0.0,0.0,81720.0,0,0,0,49,UTAH
2291,490075,0.0,0.0,0.0,0.0,0.0,0.0,0.0,0.0,0.0,0.0,0.0,0.0,0.0,0.0,0.0,0.0,0.0,0.0,0.0,0.0,81720.0,0,0,0,49,UTAH
2284,490068,0.0,0.0,0.0,0.0,0.0,0.0,0.0,1.0121830987300855,0.0,0.0,0.0,0.0,0.0,0.0,0.0,0.0,1.0121830987300855,0.0,0.0,0.0,81720.0,0,0,0,49,UTAH
3173,490954,0.0,0.0,0.0,0.0,0.0,0.0,0.0,0.0,0.0,0.0,0.0,0.0,0.0,0.0,0.0,0.0,0.0,0.0,0.0,0.0,51304.0,0,0,0,49,UTAH
3071,490852,37.49999994280495,133.74394856834826,0.28038651725345926,1163.749998225047,420.2499993590341,66.24999989895541,677.2499989670573,1214.4466370723067,286.2499995634111,133.999999795623,13.99999997864718,52.24999992030823,35.49999994585535,163.24999975101088,19.749999969877273,458.74999930031385,0.0,0.0,48.69519060259985,2.00144824466014,73772.0,692,0,0,49,UTAH
2481,490263,764.75,2630.001162084261,0.29077933919768306,0.0,0.0,0.0,0.0,79.84885671326157,0.0,0.0,0.0,0.0,0.0,0.0,0.0,0.0,0.0,0.0,30.813694353572927,49.03516235968865,96415.0,0,0,0,49,UTAH
2488,490270,370.4999990583421,1150.5844910001208,0.322010249535254,0.0,0.0,0.0,0.0,103.11423595525045,0.0,0.0,0.0,0.0,0.0,0.0,0.0,0.0,0.0,0.0,79.34716594851656,23.767070006733892,96415.0,0,0,0,49,UTAH
2489,490271,188.0,526.6961268637032,0.35694205901888104,0.0,0.0,0.0,0.0,19.57999019285203,0.0,0.0,0.0,0.0,0.0,0.0,0.0,0.0,0.0,0.0,7.571620394059781,12.008369798792248,96415.0,0,0,0,49,UTAH
2469,490251,479.75,1441.0301371885648,0.33292155911186383,262.25,58.5,45.0,158.75,324.1294600317385,50.0,8.5,0.0,45.0,6.25,16.5,28.25,107.75,1.0121830987300855,0.0,29.844765225690352,31.02251170731808,70166.0,0,0,0,49,UTAH
2462,490244,173.25,533.3286131237722,0.32484662502027245,1.0,0.0,0.25,0.75,19.480000865339864,0.0,0.0,0.25,0.0,0.0,0.0,0.25,0.5,0.0,0.0,7.222238160671063,11.2577627046688,96951.0,0,0,0,49,UTAH
2433,490215,1791.25,5473.554550624783,0.3272553481348855,0.0,0.0,0.0,0.0,441.4391297782631,0.0,0.0,0.0,0.0,0.0,0.0,0.0,0.0,0.0,0.0,326.1004314879868,115.33869829027633,91516.0,0,0,0,49,UTAH
2464,490246,492.75,1489.1489889601266,0.3308936873697826,364.0,124.5,0.0,239.5,429.64496486966607,108.5,16.0,0.0,0.0,0.0,19.75,44.0,175.75,0.0,0.0,33.87156893746443,31.77339593220168,70166.0,0,0,0,49,UTAH
2559,490341,292.0,934.3219870514924,0.31252609276753246,0.0,0.0,0.0,0.0,30.62200351247229,0.0,0.0,0.0,0.0,0.0,0.0,0.0,0.0,0.0,0.0,11.858298310268896,18.763705202203397,93988.0,0,0,0,49,UTAH
2346,490130,104.25,364.2493172734144,0.28620506630008974,152.0,0.0,0.0,152.0,169.39199199256598,0.0,0.0,0.0,0.0,0.25,151.75,0.0,0.0,0.0,0.0,10.38692312557134,7.005068866994631,74211.0,0,611,1379,49,UTAH
2399,490181,0.0,0.0,0.0,0.0,0.0,0.0,0.0,14.170563382221196,0.0,0.0,0.0,0.0,0.0,0.0,0.0,0.0,14.170563382221196,0.0,0.0,0.0,81720.0,0,0,0,49,UTAH
2396,490178,0.0,0.0,0.0,0.0,0.0,0.0,0.0,13.158380283491107,0.0,0.0,0.0,0.0,0.0,0.0,0.0,0.0,13.158380283491107,0.0,0.0,0.0,81720.0,0,0,0,49,UTAH
2400,490182,0.0,0.0,0.0,0.0,0.0,0.0,0.0,13.158380283491107,0.0,0.0,0.0,0.0,0.0,0.0,0.0,0.0,13.158380283491107,0.0,0.0,0.0,81720.0,0,0,0,49,UTAH
2327,490111,5.0,13.037087445066163,0.3835212443782627,0.0,0.0,0.0,0.0,0.2026800549636928,0.0,0.0,0.0,0.0,0.0,0.0,0.0,0.0,0.0,0.0,0.2026800549636928,0.0,81720.0,0,0,0,49,UTAH
2322,490106,2.0,4.411126233519848,0.4533989494116346,0.0,0.0,0.0,0.0,0.0810720219854771,0.0,0.0,0.0,0.0,0.0,0.0,0.0,0.0,0.0,0.0,0.0810720219854771,0.0,81720.0,0,0,0,49,UTAH
2272,490056,60.75,184.28419491377576,0.3296538806728605,292.25,3.25,1.75,287.25,310.68475720169795,0.0,3.25,1.75,0.0,260.0,15.75,11.5,0.0,1.0121830987300855,0.0,13.420018627862454,4.002555475105414,81720.0,0,0,0,49,UTAH
2289,490073,0.0,0.0,0.0,0.0,0.0,0.0,0.0,1.0121830987300855,0.0,0.0,0.0,0.0,0.0,0.0,0.0,0.0,1.0121830987300855,0.0,0.0,0.0,81720.0,0,0,0,49,UTAH
2283,490067,0.0,0.0,0.0,0.0,0.0,0.0,0.0,1.0121830936903373,0.0,0.0,0.0,0.0,0.0,0.0,0.0,0.0,1.0121830936903373,0.0,0.0,0.0,81720.0,0,0,0,49,UTAH
2282,490066,0.0,0.0,0.0,239.5,2.25,0.75,236.5,250.31332179632383,0.0,2.25,0.75,0.0,220.0,10.5,6.0,0.0,0.0,0.0,10.813321796323873,0.0,81720.0,0,0,0,49,UTAH
2228,490012,4.999999990070419,17.255138438162128,0.2897687554341626,0.0,0.0,0.0,0.0,12.59733947767618,0.0,0.0,0.0,0.0,0.0,0.0,0.0,0.0,12.146197160639693,0.0,0.2009612892929155,0.25018102774356693,81720.0,0,0,0,49,UTAH
2455,490237,96.8569467466065,295.5925292087848,0.3276704827617408,0.0,0.0,0.0,0.0,10.88052193284237,0.0,0.0,0.0,0.0,0.0,0.0,0.0,0.0,0.759326726856148,0.0,3.7581921114126478,6.363003094573575,96951.0,0,0,0,49,UTAH
2619,490401,22.75,51.08131524144608,0.44536832876106586,277.5,48.5,108.0,121.0,290.91511440847233,48.5,0.0,106.25,1.75,17.5,10.0,10.75,82.75,0.0,0.0,12.164187934434525,1.2509264740378525,96918.0,0,0,0,49,UTAH
3485,491266,180.75,562.2941375594354,0.32145097721367305,177.0,45.75,2.5,128.75,216.78240460581617,14.25,31.5,2.0,0.5,115.75,11.0,1.0,1.0,0.0,0.0,28.023810892700062,11.758593713116127,84614.0,0,0,0,49,UTAH
3561,491336,0.0,0.0,0.0,0.0,0.0,0.0,0.0,0.0,0.0,0.0,0.0,0.0,0.0,0.0,0.0,0.0,0.0,0.0,0.0,0.0,67754.0,0,0,0,49,UTAH
3514,491295,0.9999999994942917,3.210738813848766,0.31145479513345253,0.0,0.0,0.0,0.0,102.27102893101207,0.0,0.0,0.0,0.0,0.0,0.0,0.0,0.0,102.23049292003984,0.0,0.040536010972239106,0.0,67754.0,0,0,0,49,UTAH
2217,490001,0.9999999985451298,2.607088883297457,0.38356958404898167,0.0,0.0,0.0,0.0,1427.2187031439953,0.0,0.0,0.0,0.0,0.0,0.0,0.0,0.0,1427.1781671330614,0.0,0.04053601093376386,0.0,81720.0,0,0,0,49,UTAH
3553,491339,0.0,0.0,0.0,0.0,0.0,0.0,0.0,1.012183098935634,0.0,0.0,0.0,0.0,0.0,0.0,0.0,0.0,1.012183098935634,0.0,0.0,0.0,81720.0,0,0,0,49,UTAH
3554,491340,0.0,0.0,0.0,0.0,0.0,0.0,0.0,0.0,0.0,0.0,0.0,0.0,0.0,0.0,0.0,0.0,0.0,0.0,0.0,0.0,87096.0,0,0,0,49,UTAH
2219,490003,0.0,0.0,0.0,0.0,0.0,0.0,0.0,0.0,0.0,0.0,0.0,0.0,0.0,0.0,0.0,0.0,0.0,0.0,0.0,0.0,81720.0,0,0,0,49,UTAH
2528,490310,96.0,219.77179714761436,0.4368167401184765,561.25,144.25,11.75,405.25,593.824740527722,61.75,82.5,11.75,0.0,21.5,84.0,29.0,270.75,0.0,0.0,26.57039578458372,6.004344743138255,107045.0,0,290,214,49,UTAH
2529,490311,3.0,8.625961211546313,0.34778732786142585,1480.0,238.0,97.0,1145.0,1540.1231410945593,210.0,28.0,93.25,3.75,1.5,270.25,323.5,549.75,0.0,0.0,60.1231410945594,0.0,85040.0,0,0,0,49,UTAH
2524,490306,384.25,868.4842344573874,0.44243750750417726,62.75,15.5,4.25,43.0,105.89863669267922,12.75,2.75,4.25,0.0,0.0,6.0,8.5,28.5,0.0,0.0,18.130533596269828,25.0181030964094,107045.0,0,0,0,49,UTAH
2218,490002,0.0,0.0,0.0,0.0,0.0,0.0,0.0,3.036549297333972,0.0,0.0,0.0,0.0,0.0,0.0,0.0,0.0,3.036549297333972,0.0,0.0,0.0,81720.0,0,0,0,49,UTAH
3550,491338,0.0,0.0,0.0,0.0,0.0,0.0,0.0,0.0,0.0,0.0,0.0,0.0,0.0,0.0,0.0,0.0,0.0,0.0,0.0,0.0,81720.0,0,0,0,49,UTAH
3562,491346,1.0000000000322393,6.000000000193436,0.16666666666666666,0.0,0.0,0.0,0.0,0.0,0.0,0.0,0.0,0.0,0.0,0.0,0.0,0.0,0.0,0.0,0.0,0.0,67754.0,0,0,0,49,UTAH
3492,491273,45.49999988413538,143.73949731924745,0.31654486576559565,0.0,0.0,0.0,0.0,4.651487367056309,0.0,0.0,0.0,0.0,0.0,0.0,0.0,0.0,0.0,0.0,1.8993681426683797,2.7521192243879296,67754.0,0,0,0,49,UTAH
2421,490203,0.0,0.0,0.0,0.0,0.0,0.0,0.0,16.448061623581196,0.0,0.0,0.0,0.0,0.0,0.0,0.0,0.0,16.448061623581196,0.0,0.0,0.0,87096.0,0,0,0,49,UTAH
2420,490202,0.0,0.0,0.0,0.0,0.0,0.0,0.0,24.29239424649723,0.0,0.0,0.0,0.0,0.0,0.0,0.0,0.0,24.29239424649723,0.0,0.0,0.0,87096.0,0,0,0,49,UTAH
2390,490172,7.0,19.85933991210586,0.35247898625940427,0.0,0.0,0.0,0.0,1.2959351756792556,0.0,0.0,0.0,0.0,0.0,0.0,0.0,0.0,1.0121830987300855,0.0,0.28375207694917,0.0,81720.0,0,0,0,49,UTAH
2394,490176,0.0,0.0,0.0,0.0,0.0,0.0,0.0,11.134014053535727,0.0,0.0,0.0,0.0,0.0,0.0,0.0,0.0,11.134014053535727,0.0,0.0,0.0,81720.0,0,0,0,49,UTAH
2931,490713,189.0,471.1017693218223,0.4011872005322252,6013.5,9.5,8.5,5995.5,6276.933475754552,8.0,1.5,8.5,0.0,4.0,5925.75,8.25,57.5,0.0,0.0,251.4247862682757,12.00868948627651,50017.0,0,0,606,49,UTAH
2502,490284,3264.9998829351885,10338.720155687795,0.3158031007483035,0.0,0.0,0.0,0.0,872.527576875336,0.0,0.0,0.0,0.0,0.0,0.0,0.0,0.0,4.048732249755228,0.0,658.5765619114034,209.9022827141774,87096.0,0,0,0,49,UTAH
2563,490345,155.9999879665077,434.91882135217,0.35868759940418554,0.0,0.0,0.0,0.0,16.472438192215805,0.0,0.0,0.0,0.0,0.0,0.0,0.0,0.0,0.0,0.0,6.215208537837897,10.257229654377905,83312.0,0,0,0,49,UTAH
2413,490195,0.0,0.0,0.0,0.0,0.0,0.0,0.0,4.048732394920341,0.0,0.0,0.0,0.0,0.0,0.0,0.0,0.0,4.048732394920341,0.0,0.0,0.0,81720.0,0,0,0,49,UTAH
2412,490194,0.0,0.0,0.0,0.0,0.0,0.0,0.0,3.0365492961902563,0.0,0.0,0.0,0.0,0.0,0.0,0.0,0.0,3.0365492961902563,0.0,0.0,0.0,81720.0,0,0,0,49,UTAH
2406,490188,0.0,0.0,0.0,0.0,0.0,0.0,0.0,4.048732394920341,0.0,0.0,0.0,0.0,0.0,0.0,0.0,0.0,4.048732394920341,0.0,0.0,0.0,81720.0,0,0,0,49,UTAH
2414,490196,0.0,0.0,0.0,0.0,0.0,0.0,0.0,4.048732394920341,0.0,0.0,0.0,0.0,0.0,0.0,0.0,0.0,4.048732394920341,0.0,0.0,0.0,81720.0,0,0,0,49,UTAH
2415,490197,0.0,0.0,0.0,0.0,0.0,0.0,0.0,3.0365492961902563,0.0,0.0,0.0,0.0,0.0,0.0,0.0,0.0,3.0365492961902563,0.0,0.0,0.0,81720.0,0,0,0,49,UTAH
2408,490190,0.0,0.0,0.0,22.0,0.0,0.25,21.75,24.91615843930042,0.0,0.0,0.0,0.25,18.5,3.0,0.25,0.0,2.0243661974601705,0.0,0.8917922418402489,0.0,81720.0,0,0,0,49,UTAH
2410,490192,0.0,0.0,0.0,1912.5,272.75,118.25,1521.5,1991.5172186991545,156.0,116.75,0.0,118.25,270.75,80.0,245.25,925.5,0.0,0.0,79.01721869915427,0.0,81720.0,0,0,0,49,UTAH
2411,490193,148.0,384.6725868567004,0.38474277881187696,0.0,0.0,0.0,0.0,18.650025525669488,0.0,0.0,0.0,0.0,0.0,0.0,0.0,0.0,3.0365492961902563,0.0,6.106192039463472,9.50728419001576,95747.0,0,0,0,49,UTAH
2393,490175,0.0,0.0,0.0,0.0,0.0,0.0,0.0,0.0,0.0,0.0,0.0,0.0,0.0,0.0,0.0,0.0,0.0,0.0,0.0,0.0,81720.0,0,0,0,49,UTAH
2427,490209,0.0,0.0,0.0,0.0,0.0,0.0,0.0,0.0,0.0,0.0,0.0,0.0,0.0,0.0,0.0,0.0,0.0,0.0,0.0,0.0,91516.0,0,0,0,49,UTAH
2424,490206,1.0,3.0083109284906,0.3324124479718403,0.0,0.0,0.0,0.0,40.52785996019615,0.0,0.0,0.0,0.0,0.0,0.0,0.0,0.0,40.48732394920341,0.0,0.0405360109927385,0.0,91516.0,0,0,0,49,UTAH
2430,490212,0.0,0.0,0.0,38.0,0.25,2.75,35.0,39.54036841772407,0.25,0.0,2.25,0.5,34.0,1.0,0.0,0.0,0.0,0.0,1.5403684177240662,0.0,91516.0,0,0,0,49,UTAH
3163,490944,0.0,0.0,0.0,222.75,9.0,165.25,48.5,231.7828566172032,9.0,0.0,165.25,0.0,6.0,10.75,3.5,28.25,0.0,0.0,9.032856617203176,0.0,51304.0,0,0,0,49,UTAH
3383,491164,4.0,10.42966995605293,0.3835212443782627,209.0,67.75,3.75,137.5,219.5474190804012,61.75,6.0,3.75,0.0,0.0,7.25,17.5,112.75,1.0121830987300855,0.0,9.535235981671102,0.0,75589.0,0,0,0,49,UTAH
3393,491174,81.0,260.03892378858984,0.31149182906883793,0.0,0.0,0.0,0.0,8.745033733280628,0.0,0.0,0.0,0.0,0.0,0.0,0.0,0.0,0.0,0.0,3.490891032753992,5.254142700526637,75589.0,0,0,0,49,UTAH
2419,490201,339.2499999389593,1205.8389921993444,0.28133938455597385,0.0,0.0,0.0,0.0,35.562794782019395,0.0,0.0,0.0,0.0,0.0,0.0,0.0,0.0,0.0,0.0,13.796917201268414,21.765877580750978,102760.0,0,0,0,49,UTAH
2225,490009,0.0,0.0,0.0,0.0,0.0,0.0,0.0,0.0,0.0,0.0,0.0,0.0,0.0,0.0,0.0,0.0,0.0,0.0,0.0,0.0,66402.0,0,0,0,49,UTAH
2220,490004,8.000000015161632,20.859339951638564,0.3835212443782627,0.0,0.0,0.0,0.0,1.3250122143094527,0.0,0.0,0.0,0.0,0.0,0.0,0.0,0.0,0.0,0.0,0.3242880885565007,1.0007241257529522,66402.0,0,0,0,49,UTAH
2942,490723,6.25,20.51663592817816,0.3046308382075476,0.0,0.0,0.0,0.0,0.2533967102275013,0.0,0.0,0.0,0.0,0.0,0.0,0.0,0.0,0.0,0.0,0.2533967102275013,0.0,55528.0,0,0,0,49,UTAH
3547,491328,5.0,25.0,0.2,0.0,0.0,0.0,0.0,0.0,0.0,0.0,0.0,0.0,0.0,0.0,0.0,0.0,0.0,0.0,0.0,0.0,87096.0,0,0,0,49,UTAH
3546,491327,0.0,0.0,0.0,0.0,0.0,0.0,0.0,0.0,0.0,0.0,0.0,0.0,0.0,0.0,0.0,0.0,0.0,0.0,0.0,0.0,87096.0,0,0,0,49,UTAH
3549,491330,0.0,0.0,0.0,0.0,0.0,0.0,0.0,0.0,0.0,0.0,0.0,0.0,0.0,0.0,0.0,0.0,0.0,0.0,0.0,0.0,109773.0,0,0,0,49,UTAH
3516,491297,1.99999999983763,4.41058383912705,0.4534547064031036,0.0,0.0,0.0,0.0,0.08107202197889526,0.0,0.0,0.0,0.0,0.0,0.0,0.0,0.0,0.0,0.0,0.08107202197889526,0.0,144534.0,0,0,0,49,UTAH
3531,491312,9.999999999835163,22.859478136193193,0.4374553058585471,0.0,0.0,0.0,0.0,1.4060842337605841,0.0,0.0,0.0,0.0,0.0,0.0,0.0,0.0,0.0,0.0,0.405360109920704,1.00072412383988,101715.0,0,0,0,49,UTAH
3538,491319,5.000000000051208,19.00000000019459,0.2631578947368421,0.0,0.0,0.0,0.0,0.0,0.0,0.0,0.0,0.0,0.0,0.0,0.0,0.0,0.0,0.0,0.0,0.0,87096.0,0,0,0,49,UTAH
3537,491318,0.0,0.0,0.0,0.0,0.0,0.0,0.0,0.0,0.0,0.0,0.0,0.0,0.0,0.0,0.0,0.0,0.0,0.0,0.0,0.0,87096.0,0,0,0,49,UTAH
3530,491311,2.2499999999462683,4.0582090765342915,0.5544317598017319,0.0,0.0,0.0,0.0,0.09235941425500829,0.0,0.0,0.0,0.0,0.0,0.0,0.0,0.0,0.0,0.0,0.09235941425500829,0.0,68752.0,0,0,0,49,UTAH
3520,491301,0.0,0.0,0.0,0.0,0.0,0.0,0.0,0.0,0.0,0.0,0.0,0.0,0.0,0.0,0.0,0.0,0.0,0.0,0.0,0.0,92729.0,0,0,0,49,UTAH
3518,491299,1.0,1.0,1.0,5.0,0.0,0.0,5.0,5.0,0.0,0.0,0.0,0.0,0.0,5.0,0.0,0.0,0.0,0.0,0.0,0.0,77419.0,0,0,0,49,UTAH
3519,491300,0.0,0.0,0.0,0.0,0.0,0.0,0.0,0.0,0.0,0.0,0.0,0.0,0.0,0.0,0.0,0.0,0.0,0.0,0.0,0.0,77419.0,0,0,0,49,UTAH
3517,491298,0.0,0.0,0.0,0.0,0.0,0.0,0.0,0.0,0.0,0.0,0.0,0.0,0.0,0.0,0.0,0.0,0.0,0.0,0.0,0.0,77419.0,0,0,0,49,UTAH
3521,491302,0.9999999999136254,4.214930166391733,0.23725185482009858,0.0,0.0,0.0,0.0,0.04053601098923722,0.0,0.0,0.0,0.0,0.0,0.0,0.0,0.0,0.0,0.0,0.04053601098923722,0.0,72466.0,0,0,0,49,UTAH
3524,491305,0.0,0.0,0.0,0.0,0.0,0.0,0.0,0.0,0.0,0.0,0.0,0.0,0.0,0.0,0.0,0.0,0.0,0.0,0.0,0.0,108155.0,0,0,0,49,UTAH
3534,491315,31.0,76.0,0.40789473684210525,0.0,0.0,0.0,0.0,0.0810720219854771,0.0,0.0,0.0,0.0,0.0,0.0,0.0,0.0,0.0,0.0,0.0810720219854771,0.0,88236.0,0,0,0,49,UTAH
3533,491314,54.0,166.0,0.3253012048192771,0.0,0.0,0.0,0.0,0.0,0.0,0.0,0.0,0.0,0.0,0.0,0.0,0.0,0.0,0.0,0.0,0.0,87096.0,0,0,0,49,UTAH
3532,491313,41.0,87.0,0.47126436781609193,2.0,2.0,0.0,0.0,2.0,2.0,0.0,0.0,0.0,0.0,0.0,0.0,0.0,0.0,0.0,0.0,0.0,87096.0,0,0,0,49,UTAH
3535,491316,0.0,0.0,0.0,0.0,0.0,0.0,0.0,0.0,0.0,0.0,0.0,0.0,0.0,0.0,0.0,0.0,0.0,0.0,0.0,0.0,87096.0,0,0,0,49,UTAH
3536,491317,0.0,0.0,0.0,0.0,0.0,0.0,0.0,0.0,0.0,0.0,0.0,0.0,0.0,0.0,0.0,0.0,0.0,0.0,0.0,0.0,87096.0,0,0,0,49,UTAH
3539,491320,0.0,0.0,0.0,0.0,0.0,0.0,0.0,0.0,0.0,0.0,0.0,0.0,0.0,0.0,0.0,0.0,0.0,0.0,0.0,0.0,103837.0,0,0,0,49,UTAH
3540,491321,65.0,247.0,0.2631578947368421,8.0,7.2,0.0,0.8,16.0,7.2,0.0,0.0,0.0,0.8,0.0,0.0,0.0,0.0,0.0,8.0,0.0,98256.0,0,0,0,49,UTAH
3542,491323,1.0,6.0,0.16666666666666666,0.0,0.0,0.0,0.0,0.0,0.0,0.0,0.0,0.0,0.0,0.0,0.0,0.0,0.0,0.0,0.0,0.0,87096.0,0,0,0,49,UTAH
3541,491322,0.0,0.0,0.0,0.0,0.0,0.0,0.0,0.0,0.0,0.0,0.0,0.0,0.0,0.0,0.0,0.0,0.0,0.0,0.0,0.0,95466.0,0,0,0,49,UTAH
3543,491324,0.0,0.0,0.0,0.0,0.0,0.0,0.0,0.0,0.0,0.0,0.0,0.0,0.0,0.0,0.0,0.0,0.0,0.0,0.0,0.0,87096.0,0,0,0,49,UTAH
3544,491325,38.5,110.2,0.34936479128856623,25.7,0.0,0.0,25.7,25.7,0.0,0.0,0.0,0.0,0.0,0.0,25.7,0.0,0.0,0.0,0.0,0.0,87096.0,0,0,0,49,UTAH
3545,491326,35.6,148.5,0.23973063973063974,0.0,0.0,0.0,0.0,0.0,0.0,0.0,0.0,0.0,0.0,0.0,0.0,0.0,0.0,0.0,0.0,0.0,87096.0,0,0,0,49,UTAH
3560,491335,273.5762596170312,849.9661370402589,0.3218672458760239,0.0,0.0,0.0,0.0,28.512811075166788,0.0,0.0,0.0,0.0,0.0,0.0,0.0,0.0,0.0,0.0,11.00633724374533,17.506473831421456,74183.0,0,0,0,49,UTAH
3559,491334,3.0,6.415797322021556,0.467595818481175,0.0,0.0,0.0,0.0,0.1216080329782157,0.0,0.0,0.0,0.0,0.0,0.0,0.0,0.0,0.0,0.0,0.1216080329782157,0.0,120577.0,0,0,0,49,UTAH
3551,491331,14.999999979716724,41.99999994320683,0.35714285714285715,0.0,0.0,0.0,0.0,0.0,0.0,0.0,0.0,0.0,0.0,0.0,0.0,0.0,0.0,0.0,0.0,0.0,109773.0,0,0,0,49,UTAH
3555,491332,5.0,9.0,0.5555555555555556,0.0,0.0,0.0,0.0,0.0,0.0,0.0,0.0,0.0,0.0,0.0,0.0,0.0,0.0,0.0,0.0,0.0,109773.0,0,0,0,49,UTAH
3558,491333,0.0,0.0,0.0,0.0,0.0,0.0,0.0,0.0,0.0,0.0,0.0,0.0,0.0,0.0,0.0,0.0,0.0,0.0,0.0,0.0,109773.0,0,0,0,49,UTAH
3527,491308,4.0,10.0,0.4,42.0,0.0,0.0,42.0,42.0,0.0,0.0,0.0,0.0,0.0,10.5,0.0,31.5,0.0,0.0,0.0,0.0,77419.0,0,0,0,49,UTAH
3522,491303,0.0,0.0,0.0,0.0,0.0,0.0,0.0,0.0,0.0,0.0,0.0,0.0,0.0,0.0,0.0,0.0,0.0,0.0,0.0,0.0,77419.0,0,0,0,49,UTAH
3525,491306,18.0,95.0,0.18947368421052632,0.0,0.0,0.0,0.0,2.0,0.0,0.0,0.0,0.0,0.0,0.0,0.0,0.0,0.0,0.0,2.0,0.0,81813.0,0,0,0,49,UTAH
3528,491309,34.0,83.0,0.40963855421686746,0.0,0.0,0.0,0.0,0.0,0.0,0.0,0.0,0.0,0.0,0.0,0.0,0.0,0.0,0.0,0.0,0.0,77419.0,0,0,0,49,UTAH
3523,491304,32.0,103.0,0.3106796116504854,387.0,270.5,0.0,116.5,387.0,115.0,155.5,0.0,0.0,0.0,0.0,0.0,116.5,0.0,0.0,0.0,0.0,77419.0,0,0,0,49,UTAH
3526,491307,0.0,0.0,0.0,0.0,0.0,0.0,0.0,0.0,0.0,0.0,0.0,0.0,0.0,0.0,0.0,0.0,0.0,0.0,0.0,0.0,77419.0,0,0,0,49,UTAH
3548,491329,2.0,5.0,0.4,0.0,0.0,0.0,0.0,0.0,0.0,0.0,0.0,0.0,0.0,0.0,0.0,0.0,0.0,0.0,0.0,0.0,87096.0,0,0,0,49,UTAH
3529,491310,6.0,17.0,0.35294117647058826,37.0,0.0,0.0,37.0,37.0,0.0,0.0,0.0,0.0,0.0,0.0,0.0,37.0,0.0,0.0,0.0,0.0,77419.0,0,0,0,49,UTAH
3093,490874,32.17804207123323,87.95327183678928,0.3658538380578325,67.57388834958978,18.25611366490375,4.399854732189033,44.917919952496995,73.77477838293139,15.169648405009951,3.0864652598937994,4.399854732189033,0.0,0.19700842084428508,6.763955782320454,9.522073674140445,28.434882075191812,0.0,0.0,4.097805207030567,2.103084826311041,58032.0,0,0,0,49,UTAH
3096,490877,13.807690199173779,40.31725631159337,0.3424759386516917,160.2615836050797,24.450153344411838,61.66487704345868,74.1465532172092,168.44040632289764,21.458605241002296,2.9915481034095412,43.030157560995846,18.634719482462838,8.274610789095501,7.002798791752119,10.310320588330258,48.55882304803132,0.36703650949198,0.0,7.078022847884365,0.73376336044158,58032.0,0,0,0,49,UTAH
3105,490886,108.85910357443461,310.1155271857948,0.35102758176057247,31.174200010726672,5.713599358879165,3.8090662392527763,21.651534412594728,43.93561297164763,5.412883603148682,0.30071575573048237,3.6085890687657884,0.20047717048698824,0.801908681947953,4.009543409739765,3.1073961425483176,13.732686178358694,0.0,0.0,5.839993464602147,6.9214194963188165,58032.0,0,0,0,49,UTAH
3264,491045,28.15287642801291,81.89486447150567,0.3437685208919097,0.0,0.0,0.0,0.0,2.8998251847751724,0.0,0.0,0.0,0.0,0.0,0.0,0.0,0.0,0.0,0.0,1.174843381630806,1.7249818031443664,72269.0,0,0,0,49,UTAH
3266,491047,1.9829992381561692,5.170211856244772,0.3835431300094656,22.746167731791353,6.298938756496067,4.782527574376643,11.664701400918641,24.342678259325172,5.832350700459321,0.4665880560367457,4.782527574376643,0.0,0.0,3.382763406266406,0.816529098064305,7.465408896587931,0.47227254438972005,0.0,1.1242379831441036,0.0,69330.0,0,0,0,49,UTAH
3268,491049,0.48144355229825014,0.8683839452666821,0.554413234977989,0.0,0.0,0.0,0.0,0.9941338543860704,0.0,0.0,0.0,0.0,0.0,0.0,0.0,0.0,0.9746180532577254,0.0,0.019515801128344962,0.0,69330.0,0,0,0,49,UTAH
3138,490919,0.0,0.0,0.0,0.0,0.0,0.0,0.0,0.9311409700534047,0.0,0.0,0.0,0.0,0.0,0.0,0.0,0.0,0.9311409700534047,0.0,0.0,0.0,51304.0,0,0,0,49,UTAH
3133,490914,0.0,0.0,0.0,0.0,0.0,0.0,0.0,1.0096155060640495,0.0,0.0,0.0,0.0,0.0,0.0,0.0,0.0,1.0096155060640495,0.0,0.0,0.0,51304.0,0,0,0,49,UTAH
3262,491043,66.72274892049789,190.981944374177,0.34936679034837387,109.75335330776892,28.248326174232037,4.9611755646500715,76.54385156888681,132.79131214672037,14.883526693950214,13.364799480281825,2.0249696182245187,2.9362059464255523,4.859927083738845,10.73233897658995,3.1387029082480042,57.81288260031001,0.0,0.0,18.78246061407577,4.25549822487569,69330.0,0,0,0,49,UTAH
2584,490366,443.9512081349176,1192.457661368837,0.3722993465657308,195.60291290024597,41.29322115759626,5.366155522857199,148.94353621979252,265.16153477887497,34.16016076745681,7.133060390139448,0.19632276303136095,5.169832759825838,7.5257059162021696,10.92863380874576,57.65345141020967,72.83574508463491,0.0,0.0,40.94006931559212,28.61855256303686,83312.0,0,0,0,49,UTAH
2582,490364,544.6610489852831,1493.097269185336,0.3647860459100974,33.67917390666976,3.37998877916399,15.089235621267814,15.209949506237956,92.3864993616359,3.259274894193848,0.12071388497014252,0.8449971947909976,14.244238426476818,4.828555398805701,0.9657110797611401,4.345699858925131,5.069983168745986,0.0,0.0,23.674980274114844,35.03234518085131,83312.0,0,0,0,49,UTAH
2586,490368,204.52087751235794,560.6598163646937,0.3647860459100974,12.646570218516814,1.2691898427185333,5.666026083564881,5.7113542922334,34.69124137835533,1.2238616340500144,0.04532820866851905,0.3172974606796333,5.348728622885248,1.813128346740762,0.3626256693481524,1.6318155120666857,1.9037847640778,0.0,0.0,8.889983503998588,13.154687655839934,83312.0,0,0,0,49,UTAH
2585,490367,233.66474765462115,627.6266126633687,0.3722989799031174,102.95733767728372,21.7350206956204,2.8243983349649198,78.3979186466984,139.5684369942727,17.980448030450198,3.754572665170199,0.1033761317185424,2.721022203246377,3.9615192166697604,5.752507157848922,30.34649133071056,38.33740094146916,0.0,0.0,21.548301198341484,15.062798118647493,83312.0,0,0,0,49,UTAH
2580,490362,339.5648749533461,912.0748614942697,0.3722993465657308,149.61076226939142,31.583938103708928,4.104410339943157,113.92241382573933,202.81405197181672,26.128075578662536,5.455862525046392,0.1501613539003594,3.9542489860427974,5.756185232847111,8.358982033786674,44.09738426207221,55.70986229703334,0.0,0.0,31.313822922418026,21.88946678000727,83312.0,0,0,0,49,UTAH
2567,490349,130.33198301720228,361.75936576809875,0.3602725882175223,0.029508786108016646,0.0031685160324794893,0.007803129491809218,0.018537140583727938,31.078380133285023,0.00268350277297968,0.000485013259499809,0.006911438947872279,0.0008916905439369393,0.012458544994249596,0.003273839501623711,0.0008487732041246658,0.001955982883729967,0.3656212237461071,0.0,22.260086858290357,8.423163265140545,83312.0,0,0,0,49,UTAH
2801,490583,36.01076070500782,89.25352584222641,0.4034659736430367,106.6538797913868,21.62368645205015,2.4983542115914514,82.53183912774519,117.42937494767739,17.230029045458288,4.393657406591863,2.41220406636416,0.08615014522729143,0.0,13.697873091139337,31.96170387932512,36.87226215728073,0.0,0.0,8.534013484800372,2.2414816714902095,76529.0,0,0,0,49,UTAH
2802,490584,126.31857522744421,328.68634798997584,0.3843134222030318,122.55083122536975,20.425138537561622,2.0821743169358937,100.04351837087222,140.61020586345853,16.855696851385808,3.569441686175818,2.0821743169358937,0.0,0.0,9.915115794932827,44.71717223514705,45.41123034079235,0.0,0.0,9.823945389407081,8.235429248681712,76529.0,0,0,0,49,UTAH
2363,490147,88.9851908414841,236.36083926582714,0.3764802626267773,0.0,0.0,0.0,0.0,10.548339076985242,0.0,0.0,0.0,0.0,0.0,0.0,0.0,0.0,1.1956102593852398,0.0,3.639359403932417,5.7133694136675865,79647.0,0,0,0,49,UTAH
2256,490040,0.4289335593354847,0.9460831203722215,0.45337830270846347,131.78983610582767,1.286800678006454,19.730943729432298,110.77209169838893,138.36140985953946,0.0,1.286800678006454,19.730943729432298,0.0,105.51765559652924,3.2170016950161355,2.0374344068435524,0.0,1.2093919328630633,0.0,5.362181820848762,0.0,81720.0,0,0,0,49,UTAH
2497,490279,1767.1089594525624,5226.2803825068795,0.3381198156469624,1383.448117495946,226.32979662799787,0.0,1157.1183208679481,1876.994004624614,131.39862873287856,94.93116789511932,0.0,0.0,0.0,95.39424676290038,435.6414448650414,626.0826292400064,0.8202212155169729,0.0,379.07537820824973,113.6502877049011,70166.0,0,0,0,49,UTAH
2499,490281,472.58290542880184,1476.1028295170654,0.3201558156916589,70.41458358610899,10.14447390647333,1.3923787714767315,58.87773090815893,305.8232503263043,9.481436396246314,0.663037510227015,1.2597712694313286,0.132607502045403,3.580402555225881,8.951006388064704,4.840173824657209,41.50614814021114,0.431044926160789,0.0,204.56384299568845,30.413778818346042,70166.0,0,0,0,49,UTAH
3109,490890,196.63522696547062,653.2033607728071,0.3010321727874009,4.24132889737362,1.263374565175121,0.360964161478606,2.6169901707198933,25.751121725319344,0.0,1.263374565175121,0.0902410403696515,0.27072312110895447,0.0,0.4512052018482575,0.27072312110895447,1.8950618477626815,0.0,0.0,8.866906472096659,12.642886355849063,91005.0,0,0,0,49,UTAH
3127,490908,180.0191643275153,548.7880473537799,0.32803040298628217,0.0,0.0,0.0,0.0,18.952682290424075,0.0,0.0,0.0,0.0,0.0,0.0,0.0,0.0,0.0,0.0,7.497442862216519,11.455239428207557,113111.0,0,0,0,49,UTAH
3244,491025,71.48497444363892,181.8465626799535,0.39310599766161713,27.08374383850545,5.738934568010448,1.308879813756769,20.03592945673823,35.58847026672428,5.235519255027076,0.5034153129833727,1.2081967511600944,0.10068306259667453,1.2081967511600944,4.530737816850354,1.510245938950118,12.786748949777666,0.0,0.0,3.8701664386356347,4.634559989583197,105921.0,0,0,0,49,UTAH
2369,490152,130.29494608748018,495.81370007368923,0.2627901287683567,8.161892808771675,0.0,0.0,8.161892808771675,22.752418373058063,0.0,0.0,0.0,0.0,0.37855585334522035,7.215503175408625,0.5678337800178306,0.0,0.43929833144184605,0.0,5.7020009887284395,8.449226244116106,79647.0,0,0,0,49,UTAH
2373,490155,191.88116350770645,499.0061792717697,0.38452662808250265,0.0,0.0,0.0,0.0,152.68444163913617,0.0,0.0,0.0,0.0,0.0,0.0,0.0,0.0,1.1024723027464398,0.0,139.22868978110859,12.353279555281159,79422.0,0,0,0,49,UTAH
2935,490715,69.06961106098554,153.12686225053167,0.45106136210105563,0.0,0.0,0.0,0.0,7.69901184570015,0.0,0.0,0.0,0.0,0.0,0.0,0.0,0.0,0.48256146990019066,0.0,2.803285393632991,4.413164982166967,66338.0,0,0,0,49,UTAH
