;TAZID,CO_TAZID,TOTHH,HHPOP,HHSIZE,TOTEMP,RETEMP,INDEMP,OTHEMP,ALLEMP,RETL,FOOD,MANU,WSLE,OFFI,GVED,HLTH,OTHR,FM_AGRI,FM_MING,FM_CONS,HBJ,AVGINCOME,Enrol_Elem,Enrol_Midl,Enrol_High,CO_FIPS,CO_NAME
1,30001,0.0,0.0,0.0,0.0,0.0,0.0,0.0,0.0,0.0,0.0,0.0,0.0,0.0,0.0,0.0,0.0,0.0,0.0,0.0,0.0,68948.0,0,0,0,3,BOX ELDER
2,30002,15.0,40.0,0.375,0.0,0.0,0.0,0.0,3.2000000000000006,0.0,0.0,0.0,0.0,0.0,0.0,0.0,0.0,0.0,0.0,3.0,1.0,66905.0,0,0,0,3,BOX ELDER
3,30003,24.0,67.0,0.3582089552238806,0.0,0.0,0.0,0.0,2.6,0.0,0.0,0.0,0.0,0.0,0.0,0.0,0.0,0.0,0.0,3.0,1.0,51492.0,0,0,0,3,BOX ELDER
4,30004,1.0,3.0,0.3333333333333333,0.0,0.0,0.0,0.0,0.8000000000000002,0.0,0.0,0.0,0.0,0.0,0.0,0.0,0.0,0.0,0.0,0.0,0.0,51492.0,0,0,0,3,BOX ELDER
5,30005,61.9999999985744,197.9999999954473,0.3131313131313131,1.999999999954013,0.0,0.0,1.999999999954013,15.099999999652798,0.0,0.0,0.0,0.0,0.0,0.0,1.999999999954013,0.0,0.0,0.0,8.999999999793058,3.999999999908026,68948.0,0,0,0,3,BOX ELDER
6,30006,3.0,9.0,0.3333333333333333,9.0,0.0,9.0,0.0,5.8,0.0,0.0,0.0,9.0,0.0,0.0,0.0,0.0,0.0,0.0,1.0,0.0,51492.0,0,0,0,3,BOX ELDER
7,30007,37.999999970166726,108.99999991442562,0.34862385321100914,37.999999970166726,1.9999999984298278,29.999999976447416,5.999999995289484,134.49999989440593,1.9999999984298278,0.0,0.0,29.999999976447416,0.0,0.0,0.0,5.999999995289484,213.99999983199157,0.0,6.999999994504397,2.999999997644742,51492.0,0,0,0,3,BOX ELDER
8,30008,49.0,155.0,0.3161290322580645,56.0,17.0,0.0,39.0,48.9,17.0,0.0,0.0,0.0,37.0,0.0,0.0,2.0,0.0,0.0,7.0,3.0,71055.0,0,0,0,3,BOX ELDER
9,30009,15.0,41.0,0.36585365853658536,100.0,0.0,100.0,0.0,73.2,0.0,0.0,0.0,100.0,0.0,0.0,0.0,0.0,0.0,0.0,3.0,1.0,,0,0,0,3,BOX ELDER
10,30010,22.0,61.0,0.36065573770491804,104.0,0.0,104.0,0.0,54.20000000000001,0.0,0.0,0.0,104.0,0.0,0.0,0.0,0.0,0.0,0.0,4.0,1.0,51492.0,0,0,0,3,BOX ELDER
11,30011,8.0,24.0,0.3333333333333333,0.0,0.0,0.0,0.0,2.0,0.0,0.0,0.0,0.0,0.0,0.0,0.0,0.0,0.0,0.0,0.0,0.0,71342.0,0,0,0,3,BOX ELDER
12,30012,17.0,52.0,0.3269230769230769,0.0,0.0,0.0,0.0,3.2000000000000006,0.0,0.0,0.0,0.0,0.0,0.0,0.0,0.0,0.0,0.0,3.0,1.0,71342.0,0,0,0,3,BOX ELDER
13,30013,0.0,0.0,0.0,0.0,0.0,0.0,0.0,0.0,0.0,0.0,0.0,0.0,0.0,0.0,0.0,0.0,0.0,0.0,0.0,0.0,71342.0,0,0,0,3,BOX ELDER
14,30014,0.0,0.0,0.0,0.0,0.0,0.0,0.0,0.0,0.0,0.0,0.0,0.0,0.0,0.0,0.0,0.0,0.0,0.0,0.0,0.0,71342.0,0,0,0,3,BOX ELDER
15,30015,1.0,3.0,0.3333333333333333,277.0,0.0,269.0,8.0,293.3,0.0,0.0,106.0,163.0,0.0,0.0,0.0,8.0,49.0,0.0,5.0,0.0,66905.0,0,0,0,3,BOX ELDER
16,30016,1.0,3.0,0.3333333333333333,106.0,0.0,85.0,21.0,74.2,0.0,0.0,2.0,83.0,0.0,0.0,0.0,21.0,0.0,0.0,3.0,0.0,68948.0,0,0,0,3,BOX ELDER
17,30017,3.0,10.0,0.3,0.0,0.0,0.0,0.0,2.7000000000000006,0.0,0.0,0.0,0.0,0.0,0.0,0.0,0.0,0.0,0.0,1.0,0.0,71342.0,0,0,0,3,BOX ELDER
18,30018,0.0,0.0,0.0,692.0,0.0,692.0,0.0,719.0,0.0,0.0,451.0,241.0,0.0,0.0,0.0,0.0,0.0,0.0,12.0,0.0,71342.0,0,0,0,3,BOX ELDER
19,30019,238.0,755.0,0.3152317880794702,27.0,16.0,11.0,0.0,61.29999999999999,16.0,0.0,0.0,11.0,0.0,0.0,0.0,0.0,0.0,0.0,25.0,11.0,68948.0,0,0,0,3,BOX ELDER
20,30020,161.0,389.0,0.4138817480719794,37.0,12.0,2.0,23.0,127.3,12.0,0.0,0.0,2.0,0.0,0.0,0.0,23.0,0.0,0.0,22.0,9.0,79483.0,0,0,0,3,BOX ELDER
21,30021,0.0,0.0,0.0,415.0,0.0,415.0,0.0,424.0,0.0,0.0,371.0,44.0,0.0,0.0,0.0,0.0,0.0,0.0,9.0,0.0,68948.0,0,0,0,3,BOX ELDER
22,30022,2.0,6.0,0.3333333333333333,9.0,0.0,9.0,0.0,52.20000000000001,0.0,0.0,9.0,0.0,0.0,0.0,0.0,0.0,0.0,0.0,0.0,0.0,68948.0,0,0,0,3,BOX ELDER
23,30023,3.0,10.0,0.3,49.0,0.0,49.0,0.0,131.9,0.0,0.0,19.0,30.0,0.0,0.0,0.0,0.0,0.0,0.0,1.0,0.0,68948.0,0,0,0,3,BOX ELDER
24,30024,140.0,446.0,0.31390134529147984,1.0,0.0,0.0,1.0,26.399999999999995,0.0,0.0,0.0,0.0,0.0,0.0,1.0,0.0,0.0,0.0,14.0,6.0,68948.0,0,0,0,3,BOX ELDER
25,30025,319.0,1015.0,0.3142857142857143,136.0,5.0,2.0,129.0,169.7,5.0,0.0,0.0,2.0,0.0,112.0,13.0,4.0,0.0,0.0,48.0,20.0,61738.0,0,0,0,3,BOX ELDER
26,30026,215.0,581.0,0.37005163511187605,192.0,17.0,34.0,141.0,187.7,17.0,0.0,12.0,22.0,0.0,51.0,71.0,19.0,0.0,0.0,33.0,13.0,54266.0,0,0,0,3,BOX ELDER
27,30027,0.0,0.0,0.0,0.0,0.0,0.0,0.0,0.0,0.0,0.0,0.0,0.0,0.0,0.0,0.0,0.0,0.0,0.0,0.0,0.0,71342.0,0,0,0,3,BOX ELDER
28,30028,1.0,3.0,0.3333333333333333,75.0,0.0,75.0,0.0,217.5,0.0,0.0,75.0,0.0,0.0,0.0,0.0,0.0,0.0,0.0,3.0,0.0,71342.0,0,0,0,3,BOX ELDER
29,30029,246.0,747.0,0.3293172690763052,2.0,0.0,2.0,0.0,27.0,0.0,0.0,0.0,2.0,0.0,0.0,0.0,0.0,0.0,0.0,22.0,10.0,71342.0,0,0,0,3,BOX ELDER
30,30030,307.0,680.0,0.4514705882352941,104.0,14.0,9.0,81.0,101.7,14.0,0.0,0.0,9.0,42.0,0.0,31.0,8.0,0.0,0.0,50.0,21.0,50633.0,0,0,0,3,BOX ELDER
31,30031,232.0,539.0,0.43042671614100186,212.0,67.0,70.0,75.0,194.7,5.0,62.0,70.0,0.0,40.0,0.0,0.0,35.0,0.0,0.0,34.0,13.0,48874.0,0,0,0,3,BOX ELDER
32,30032,119.0,320.0,0.371875,2.0,0.0,2.0,0.0,18.2,0.0,0.0,0.0,2.0,0.0,0.0,0.0,0.0,0.0,0.0,16.0,7.0,54597.0,0,0,0,3,BOX ELDER
33,30033,172.0,400.0,0.43,15.0,0.0,15.0,0.0,26.8,0.0,0.0,0.0,15.0,0.0,0.0,0.0,0.0,0.0,0.0,21.0,9.0,47880.0,0,0,0,3,BOX ELDER
34,30034,212.0,572.0,0.3706293706293706,22.0,2.0,14.0,6.0,26.7,2.0,0.0,14.0,0.0,6.0,0.0,0.0,0.0,0.0,0.0,28.0,12.0,72580.0,0,0,0,3,BOX ELDER
35,30035,297.0,739.0,0.401894451962111,0.0,0.0,0.0,0.0,15.300000000000002,0.0,0.0,0.0,0.0,0.0,0.0,0.0,0.0,0.0,0.0,41.0,18.0,69784.0,0,0,0,3,BOX ELDER
36,30036,83.0,200.0,0.415,0.0,0.0,0.0,0.0,17.2,0.0,0.0,0.0,0.0,0.0,0.0,0.0,0.0,0.0,0.0,12.0,6.0,79483.0,0,0,0,3,BOX ELDER
37,30037,0.0,0.0,0.0,4.0,0.0,0.0,4.0,35.9,0.0,0.0,0.0,0.0,0.0,0.0,0.0,4.0,0.0,0.0,0.0,0.0,71342.0,0,0,0,3,BOX ELDER
38,30038,0.0,0.0,0.0,1403.0,0.0,1377.0,26.0,1205.2,0.0,0.0,1377.0,0.0,0.0,23.0,3.0,0.0,0.0,0.0,30.0,0.0,71342.0,0,0,0,3,BOX ELDER
39,30039,63.0,193.0,0.32642487046632124,125.0,17.0,0.0,108.0,178.9,17.0,0.0,0.0,0.0,0.0,0.0,3.0,105.0,0.0,0.0,12.0,4.0,63775.0,0,0,0,3,BOX ELDER
40,30040,309.0,685.0,0.4510948905109489,289.0,38.0,24.0,227.0,277.4,38.0,0.0,0.0,24.0,59.0,88.0,28.0,52.0,0.0,0.0,60.0,23.0,44064.0,0,0,0,3,BOX ELDER
41,30041,114.0,254.0,0.44881889763779526,342.0,217.0,0.0,125.0,515.4,217.0,0.0,0.0,0.0,0.0,0.0,26.0,99.0,0.0,0.0,25.0,7.0,37413.0,0,0,0,3,BOX ELDER
42,30042,69.0,154.0,0.44805194805194803,73.0,0.0,0.0,73.0,89.40000000000002,0.0,0.0,0.0,0.0,3.0,0.0,0.0,70.0,0.0,0.0,11.0,4.0,37413.0,0,0,0,3,BOX ELDER
43,30043,204.0,508.0,0.4015748031496063,86.0,0.0,2.0,84.0,103.40000000000002,0.0,0.0,0.0,2.0,0.0,42.0,42.0,0.0,0.0,0.0,30.0,12.0,69838.0,0,0,0,3,BOX ELDER
44,30044,105.0,305.0,0.3442622950819672,0.0,0.0,0.0,0.0,21.7,0.0,0.0,0.0,0.0,0.0,0.0,0.0,0.0,0.0,0.0,18.0,8.0,79596.0,0,0,0,3,BOX ELDER
45,30045,95.0,275.0,0.34545454545454546,37.0,0.0,0.0,37.0,63.1,0.0,0.0,0.0,0.0,37.0,0.0,0.0,0.0,0.0,0.0,9.0,3.0,79606.0,0,0,0,3,BOX ELDER
46,30046,0.0,0.0,0.0,0.0,0.0,0.0,0.0,0.0,0.0,0.0,0.0,0.0,0.0,0.0,0.0,0.0,0.0,0.0,0.0,0.0,79606.0,0,0,0,3,BOX ELDER
47,30047,2.0,6.0,0.3333333333333333,0.0,0.0,0.0,0.0,0.0,0.0,0.0,0.0,0.0,0.0,0.0,0.0,0.0,0.0,0.0,0.0,0.0,71342.0,0,0,0,3,BOX ELDER
48,30048,9.0,27.0,0.3333333333333333,0.0,0.0,0.0,0.0,2.1,0.0,0.0,0.0,0.0,0.0,0.0,0.0,0.0,0.0,0.0,1.0,0.0,71342.0,0,0,0,3,BOX ELDER
49,30049,0.0,0.0,0.0,104.0,104.0,0.0,0.0,215.5,77.0,27.0,0.0,0.0,0.0,0.0,0.0,0.0,0.0,0.0,3.0,0.0,71342.0,0,0,0,3,BOX ELDER
50,30050,3.0,10.0,0.3,248.0,0.0,57.0,191.0,405.3999999999999,0.0,0.0,11.0,46.0,34.0,104.0,49.0,4.0,0.0,0.0,6.0,0.0,71342.0,0,0,0,3,BOX ELDER
51,30051,6.0,14.0,0.42857142857142855,83.0,0.0,54.0,29.0,94.09999999999998,0.0,0.0,10.0,44.0,17.0,0.0,12.0,0.0,0.0,0.0,3.0,0.0,53556.0,0,0,0,3,BOX ELDER
52,30052,53.0,115.0,0.4608695652173913,1640.0,0.0,164.0,1476.0,1803.0,0.0,0.0,164.0,0.0,0.0,0.0,26.0,1450.0,0.0,0.0,54.0,3.0,36260.0,0,0,0,3,BOX ELDER
53,30053,255.0,552.0,0.46195652173913043,1350.0,337.0,78.0,935.0,1256.3,292.0,45.0,6.0,72.0,65.0,367.0,61.0,442.0,0.0,0.0,65.0,14.0,36260.0,0,0,0,3,BOX ELDER
54,30054,148.0,441.0,0.3356009070294785,646.0,62.0,17.0,567.0,657.1,12.0,50.0,17.0,0.0,93.0,237.0,74.0,163.0,0.0,0.0,41.0,11.0,40402.0,0,0,0,3,BOX ELDER
55,30055,173.0,515.0,0.3359223300970874,234.0,0.0,1.0,233.0,221.9,0.0,0.0,1.0,0.0,3.0,216.0,0.0,14.0,0.0,0.0,30.0,10.0,40402.0,0,0,0,3,BOX ELDER
56,30056,41.0,117.0,0.3504273504273504,0.0,0.0,0.0,0.0,4.2,0.0,0.0,0.0,0.0,0.0,0.0,0.0,0.0,0.0,0.0,5.0,2.0,79606.0,0,0,0,3,BOX ELDER
57,30057,54.0,158.0,0.34177215189873417,0.0,0.0,0.0,0.0,10.2,0.0,0.0,0.0,0.0,0.0,0.0,0.0,0.0,0.0,0.0,11.0,5.0,79606.0,0,0,0,3,BOX ELDER
58,30058,0.0,0.0,0.0,0.0,0.0,0.0,0.0,0.0,0.0,0.0,0.0,0.0,0.0,0.0,0.0,0.0,0.0,0.0,0.0,0.0,79606.0,0,0,0,3,BOX ELDER
59,30059,0.0,0.0,0.0,0.0,0.0,0.0,0.0,0.0,0.0,0.0,0.0,0.0,0.0,0.0,0.0,0.0,0.0,0.0,0.0,0.0,71342.0,0,0,0,3,BOX ELDER
60,30060,0.0,0.0,0.0,0.0,0.0,0.0,0.0,0.0,0.0,0.0,0.0,0.0,0.0,0.0,0.0,0.0,0.0,0.0,0.0,0.0,71342.0,0,0,0,3,BOX ELDER
61,30061,272.0,898.0,0.3028953229398664,0.0,0.0,0.0,0.0,26.3,0.0,0.0,0.0,0.0,0.0,0.0,0.0,0.0,0.0,0.0,31.0,13.0,52227.0,0,0,0,3,BOX ELDER
62,30062,214.0,708.0,0.3022598870056497,14.0,2.0,0.0,12.0,66.6,2.0,0.0,0.0,0.0,0.0,0.0,0.0,12.0,0.0,0.0,30.0,13.0,52635.0,0,0,0,3,BOX ELDER
63,30063,20.0,54.0,0.37037037037037035,220.0,0.0,0.0,220.0,196.6,0.0,0.0,0.0,0.0,0.0,220.0,0.0,0.0,0.0,0.0,7.0,1.0,53556.0,0,0,0,3,BOX ELDER
64,30064,234.0,775.0,0.30193548387096775,107.0,86.0,0.0,21.0,156.6,0.0,86.0,0.0,0.0,0.0,0.0,0.0,21.0,0.0,0.0,34.0,14.0,52227.0,0,0,0,3,BOX ELDER
65,30065,290.0,766.0,0.3785900783289817,72.0,43.0,0.0,29.0,83.7,43.0,0.0,0.0,0.0,0.0,5.0,1.0,23.0,0.0,0.0,43.0,18.0,53556.0,0,0,0,3,BOX ELDER
66,30066,145.0,299.0,0.48494983277591974,123.0,78.0,0.0,45.0,139.1,54.0,24.0,0.0,0.0,0.0,0.0,8.0,37.0,0.0,0.0,28.0,11.0,44338.0,0,0,0,3,BOX ELDER
67,30067,144.0,427.0,0.3372365339578454,128.0,87.0,0.0,41.0,121.90000000000002,87.0,0.0,0.0,0.0,3.0,0.0,1.0,37.0,0.0,0.0,25.0,9.0,42956.0,0,0,0,3,BOX ELDER
68,30068,180.0,534.0,0.33707865168539325,36.0,0.0,0.0,36.0,46.5,0.0,0.0,0.0,0.0,0.0,0.0,19.0,17.0,0.0,0.0,28.0,12.0,44041.0,0,0,0,3,BOX ELDER
69,30069,31.0,91.0,0.34065934065934067,21.0,0.0,0.0,21.0,63.5,0.0,0.0,0.0,0.0,0.0,0.0,0.0,21.0,0.0,0.0,5.0,2.0,42956.0,0,0,0,3,BOX ELDER
70,30070,109.0,225.0,0.48444444444444446,22.0,0.0,0.0,22.0,32.4,0.0,0.0,0.0,0.0,8.0,0.0,0.0,14.0,0.0,0.0,14.0,6.0,45647.0,0,0,0,3,BOX ELDER
71,30071,0.0,0.0,0.0,0.0,0.0,0.0,0.0,0.0,0.0,0.0,0.0,0.0,0.0,0.0,0.0,0.0,0.0,0.0,0.0,0.0,44592.0,0,0,0,3,BOX ELDER
72,30072,97.0,289.0,0.3356401384083045,78.0,2.0,4.0,72.0,97.90000000000002,2.0,0.0,0.0,4.0,0.0,0.0,0.0,72.0,0.0,0.0,14.0,5.0,43896.0,0,0,0,3,BOX ELDER
73,30073,3.0,11.0,0.2727272727272727,0.0,0.0,0.0,0.0,0.2,0.0,0.0,0.0,0.0,0.0,0.0,0.0,0.0,0.0,0.0,1.0,0.0,84675.0,0,0,0,3,BOX ELDER
74,30074,0.0,0.0,0.0,0.0,0.0,0.0,0.0,0.0,0.0,0.0,0.0,0.0,0.0,0.0,0.0,0.0,0.0,0.0,0.0,0.0,71342.0,0,0,0,3,BOX ELDER
75,30075,139.0,461.0,0.30151843817787416,179.0,20.0,0.0,159.0,543.3,5.0,15.0,0.0,0.0,0.0,46.0,99.0,14.0,0.0,0.0,23.0,8.0,52227.0,0,0,0,3,BOX ELDER
76,30076,92.0,303.0,0.30363036303630364,8.0,0.0,0.0,8.0,176.4,0.0,0.0,0.0,0.0,0.0,0.0,6.0,2.0,0.0,0.0,11.0,5.0,52227.0,0,0,0,3,BOX ELDER
77,30077,82.0,269.0,0.3048327137546468,754.0,0.0,36.0,718.0,979.9,0.0,0.0,36.0,0.0,0.0,172.0,538.0,8.0,0.0,0.0,38.0,9.0,52227.0,0,0,0,3,BOX ELDER
78,30078,446.0,1144.0,0.38986013986013984,165.0,89.0,2.0,74.0,326.9,68.0,21.0,0.0,2.0,0.0,0.0,10.0,64.0,0.0,0.0,70.0,29.0,46674.0,0,0,0,3,BOX ELDER
79,30079,43.0,110.0,0.39090909090909093,371.0,172.0,0.0,199.0,525.6,63.0,109.0,0.0,0.0,14.0,63.0,101.0,21.0,0.0,0.0,17.0,4.0,46674.0,0,0,0,3,BOX ELDER
80,30080,170.0,435.0,0.39080459770114945,269.0,116.0,0.0,153.0,450.8,21.0,95.0,0.0,0.0,23.0,130.0,0.0,0.0,0.0,0.0,28.0,10.0,46674.0,0,0,0,3,BOX ELDER
81,30081,25.0,50.0,0.5,162.0,0.0,0.0,162.0,292.8,0.0,0.0,0.0,0.0,0.0,63.0,0.0,99.0,0.0,0.0,16.0,5.0,45683.0,0,0,0,3,BOX ELDER
82,30082,357.0,737.0,0.4843962008141113,390.0,130.0,12.0,248.0,475.3,52.0,78.0,3.0,9.0,48.0,0.0,74.0,126.0,0.0,0.0,69.0,26.0,45683.0,0,0,0,3,BOX ELDER
83,30083,0.0,0.0,0.0,214.0,204.0,0.0,10.0,224.7,78.0,126.0,0.0,0.0,0.0,0.0,0.0,10.0,0.0,0.0,5.0,0.0,93342.0,0,0,0,3,BOX ELDER
84,30084,0.0,0.0,0.0,214.0,111.0,0.0,103.0,228.5,87.0,24.0,0.0,0.0,6.0,70.0,13.0,14.0,0.0,0.0,5.0,0.0,93342.0,0,0,0,3,BOX ELDER
85,30085,44.0,139.0,0.31654676258992803,85.0,3.0,24.0,58.0,123.3,3.0,0.0,0.0,24.0,6.0,0.0,11.0,41.0,0.0,0.0,9.0,3.0,93342.0,0,0,0,3,BOX ELDER
86,30086,1.0,3.0,0.3333333333333333,27.0,27.0,0.0,0.0,87.3,23.0,4.0,0.0,0.0,0.0,0.0,0.0,0.0,0.0,0.0,0.0,0.0,71342.0,0,0,0,3,BOX ELDER
87,30087,0.0,0.0,0.0,0.0,0.0,0.0,0.0,0.0,0.0,0.0,0.0,0.0,0.0,0.0,0.0,0.0,0.0,0.0,0.0,0.0,93342.0,0,0,0,3,BOX ELDER
88,30088,3.0,10.0,0.3,0.0,0.0,0.0,0.0,11.5,0.0,0.0,0.0,0.0,0.0,0.0,0.0,0.0,29.0,0.0,0.0,0.0,93342.0,0,0,0,3,BOX ELDER
89,30089,71.0,225.0,0.31555555555555553,363.0,317.0,9.0,37.0,382.3,3.0,314.0,0.0,9.0,0.0,0.0,0.0,37.0,0.0,0.0,12.0,2.0,93342.0,0,0,0,3,BOX ELDER
90,30090,57.0,178.0,0.3202247191011236,860.0,605.0,19.0,236.0,723.2000000000002,529.0,76.0,19.0,0.0,170.0,58.0,0.0,8.0,0.0,0.0,25.0,3.0,93342.0,0,0,0,3,BOX ELDER
91,30091,215.0,679.0,0.3166421207658321,154.0,0.0,4.0,150.0,154.2,0.0,0.0,0.0,4.0,125.0,0.0,2.0,23.0,0.0,0.0,32.0,13.0,93342.0,0,0,0,3,BOX ELDER
92,30092,224.0,708.0,0.3163841807909605,71.0,0.0,10.0,61.0,180.2,0.0,0.0,8.0,2.0,11.0,0.0,21.0,29.0,0.0,0.0,28.0,12.0,93342.0,0,0,0,3,BOX ELDER
93,30093,0.0,0.0,0.0,0.0,0.0,0.0,0.0,0.0,0.0,0.0,0.0,0.0,0.0,0.0,0.0,0.0,0.0,0.0,0.0,0.0,71901.0,0,0,0,3,BOX ELDER
94,30094,23.0,75.0,0.30666666666666664,0.0,0.0,0.0,0.0,10.6,0.0,0.0,0.0,0.0,0.0,0.0,0.0,0.0,0.0,0.0,4.0,1.0,71901.0,0,0,0,3,BOX ELDER
95,30095,264.0,880.0,0.3,110.0,50.0,2.0,58.0,202.6,0.0,50.0,0.0,2.0,6.0,0.0,21.0,31.0,0.0,0.0,39.0,16.0,71901.0,0,0,0,3,BOX ELDER
96,30096,262.0,825.0,0.31757575757575757,14.0,0.0,0.0,14.0,60.4,0.0,0.0,0.0,0.0,0.0,0.0,10.0,4.0,0.0,0.0,43.0,19.0,93342.0,0,0,0,3,BOX ELDER
97,30097,0.0,0.0,0.0,0.0,0.0,0.0,0.0,0.0,0.0,0.0,0.0,0.0,0.0,0.0,0.0,0.0,0.0,0.0,0.0,0.0,71342.0,0,0,0,3,BOX ELDER
98,30098,0.0,0.0,0.0,0.0,0.0,0.0,0.0,0.0,0.0,0.0,0.0,0.0,0.0,0.0,0.0,0.0,0.0,0.0,0.0,0.0,71342.0,0,0,0,3,BOX ELDER
99,30099,0.0,0.0,0.0,0.0,0.0,0.0,0.0,0.0,0.0,0.0,0.0,0.0,0.0,0.0,0.0,0.0,0.0,0.0,0.0,0.0,90006.0,0,0,0,3,BOX ELDER
100,30100,22.0,60.0,0.36666666666666664,2.0,0.0,0.0,2.0,40.8,0.0,0.0,0.0,0.0,0.0,0.0,2.0,0.0,0.0,0.0,3.0,1.0,90006.0,0,0,0,3,BOX ELDER
101,30101,479.0,1335.0,0.3588014981273408,119.0,15.0,11.0,93.0,174.4,0.0,15.0,0.0,11.0,6.0,19.0,27.0,41.0,0.0,0.0,65.0,27.0,83414.0,0,0,0,3,BOX ELDER
102,30102,0.0,0.0,0.0,0.0,0.0,0.0,0.0,0.0,0.0,0.0,0.0,0.0,0.0,0.0,0.0,0.0,0.0,0.0,0.0,0.0,90006.0,0,0,0,3,BOX ELDER
103,30103,238.0,663.0,0.358974358974359,8.0,0.0,4.0,4.0,45.79999999999999,0.0,0.0,0.0,4.0,0.0,0.0,2.0,2.0,0.0,0.0,30.0,13.0,90006.0,0,0,0,3,BOX ELDER
104,30104,71.0,199.0,0.35678391959798994,131.0,0.0,1.0,130.0,139.8,0.0,0.0,1.0,0.0,0.0,130.0,0.0,0.0,0.0,0.0,12.0,4.0,90006.0,0,0,0,3,BOX ELDER
105,30105,29.0,77.0,0.37662337662337664,5.0,5.0,0.0,0.0,54.1,0.0,5.0,0.0,0.0,0.0,0.0,0.0,0.0,0.0,0.0,5.0,2.0,80348.0,0,0,0,3,BOX ELDER
106,30106,8.0,22.0,0.36363636363636365,10.0,10.0,0.0,0.0,265.6,10.0,0.0,0.0,0.0,0.0,0.0,0.0,0.0,534.0,0.0,3.0,1.0,74493.0,0,0,0,3,BOX ELDER
107,30107,0.0,0.0,0.0,0.0,0.0,0.0,0.0,0.0,0.0,0.0,0.0,0.0,0.0,0.0,0.0,0.0,0.0,0.0,0.0,0.0,80348.0,0,0,0,3,BOX ELDER
108,30108,10.0,27.0,0.37037037037037035,0.0,0.0,0.0,0.0,80.5,0.0,0.0,0.0,0.0,0.0,0.0,0.0,0.0,0.0,0.0,1.0,1.0,80348.0,0,0,0,3,BOX ELDER
109,30109,0.0,0.0,0.0,0.0,0.0,0.0,0.0,0.0,0.0,0.0,0.0,0.0,0.0,0.0,0.0,0.0,0.0,0.0,0.0,0.0,71342.0,0,0,0,3,BOX ELDER
110,30110,2.0,5.0,0.4,0.0,0.0,0.0,0.0,7.3,0.0,0.0,0.0,0.0,0.0,0.0,0.0,0.0,0.0,0.0,0.0,0.0,80348.0,0,0,0,3,BOX ELDER
111,30111,0.0,0.0,0.0,0.0,0.0,0.0,0.0,0.0,0.0,0.0,0.0,0.0,0.0,0.0,0.0,0.0,0.0,0.0,0.0,0.0,80348.0,0,0,0,3,BOX ELDER
112,30112,0.0,0.0,0.0,0.0,0.0,0.0,0.0,19.5,0.0,0.0,0.0,0.0,0.0,0.0,0.0,0.0,0.0,0.0,0.0,0.0,80348.0,0,0,0,3,BOX ELDER
113,30113,27.0,71.0,0.38028169014084506,0.0,0.0,0.0,0.0,41.5,0.0,0.0,0.0,0.0,0.0,0.0,0.0,0.0,0.0,0.0,4.0,1.0,80348.0,0,0,0,3,BOX ELDER
114,30114,35.0,96.0,0.3645833333333333,2.0,0.0,2.0,0.0,38.7,0.0,0.0,0.0,2.0,0.0,0.0,0.0,0.0,0.0,0.0,5.0,2.0,74493.0,0,0,0,3,BOX ELDER
115,30115,0.0,0.0,0.0,61.0,61.0,0.0,0.0,72.8,61.0,0.0,0.0,0.0,0.0,0.0,0.0,0.0,0.0,0.0,1.0,0.0,80348.0,0,0,0,3,BOX ELDER
116,30116,0.0,0.0,0.0,19.0,0.0,19.0,0.0,23.5,0.0,0.0,19.0,0.0,0.0,0.0,0.0,0.0,0.0,0.0,0.0,0.0,80348.0,0,0,0,3,BOX ELDER
117,30117,22.0,57.0,0.38596491228070173,23.0,23.0,0.0,0.0,31.2,23.0,0.0,0.0,0.0,0.0,0.0,0.0,0.0,0.0,0.0,4.0,1.0,80348.0,0,0,0,3,BOX ELDER
118,30118,5.0,12.0,0.4166666666666667,0.0,0.0,0.0,0.0,10.5,0.0,0.0,0.0,0.0,0.0,0.0,0.0,0.0,0.0,0.0,0.0,0.0,74493.0,0,0,0,3,BOX ELDER
119,30119,0.0,0.0,0.0,40.0,0.0,0.0,40.0,35.9,0.0,0.0,0.0,0.0,0.0,40.0,0.0,0.0,0.0,0.0,1.0,0.0,80348.0,0,0,0,3,BOX ELDER
120,30120,25.0,65.0,0.38461538461538464,2.0,2.0,0.0,0.0,27.7,2.0,0.0,0.0,0.0,0.0,0.0,0.0,0.0,0.0,0.0,4.0,1.0,80348.0,0,0,0,3,BOX ELDER
121,30121,51.0,134.0,0.3805970149253731,4.0,0.0,2.0,2.0,13.699999999999998,0.0,0.0,0.0,2.0,0.0,0.0,0.0,2.0,0.0,10.0,6.0,3.0,80348.0,0,0,0,3,BOX ELDER
122,30122,16.0,43.0,0.37209302325581395,0.0,0.0,0.0,0.0,19.7,0.0,0.0,0.0,0.0,0.0,0.0,0.0,0.0,0.0,0.0,3.0,1.0,74493.0,0,0,0,3,BOX ELDER
123,30123,0.0,0.0,0.0,0.0,0.0,0.0,0.0,0.0,0.0,0.0,0.0,0.0,0.0,0.0,0.0,0.0,0.0,0.0,0.0,0.0,80348.0,0,0,0,3,BOX ELDER
124,30124,77.0,203.0,0.3793103448275862,2.0,0.0,0.0,2.0,12.199999999999998,0.0,0.0,0.0,0.0,0.0,0.0,0.0,2.0,0.0,0.0,11.0,5.0,80348.0,0,0,0,3,BOX ELDER
125,30125,68.0,179.0,0.37988826815642457,76.0,0.0,0.0,76.0,70.0,0.0,0.0,0.0,0.0,14.0,62.0,0.0,0.0,0.0,0.0,11.0,4.0,80348.0,0,0,0,3,BOX ELDER
126,30126,198.0,541.0,0.3659889094269871,9.0,0.0,9.0,0.0,19.4,0.0,0.0,7.0,2.0,0.0,0.0,0.0,0.0,0.0,0.0,27.0,12.0,74493.0,0,0,0,3,BOX ELDER
127,30127,23.0,60.0,0.38333333333333336,0.0,0.0,0.0,0.0,8.0,0.0,0.0,0.0,0.0,0.0,0.0,0.0,0.0,0.0,0.0,15.0,6.0,80348.0,0,0,0,3,BOX ELDER
128,30128,91.0,239.0,0.3807531380753138,11.0,0.0,11.0,0.0,19.6,0.0,0.0,0.0,11.0,0.0,0.0,0.0,0.0,0.0,0.0,9.0,3.0,80348.0,0,0,0,3,BOX ELDER
129,30129,75.0,197.0,0.38071065989847713,0.0,0.0,0.0,0.0,13.800000000000002,0.0,0.0,0.0,0.0,0.0,0.0,0.0,0.0,0.0,0.0,1.0,1.0,80348.0,0,0,0,3,BOX ELDER
130,30130,51.0,139.0,0.3669064748201439,1.0,0.0,1.0,0.0,7.7,0.0,0.0,1.0,0.0,0.0,0.0,0.0,0.0,0.0,0.0,10.0,4.0,74493.0,0,0,0,3,BOX ELDER
131,30131,123.0,337.0,0.3649851632047478,0.0,0.0,0.0,0.0,11.1,0.0,0.0,0.0,0.0,0.0,0.0,0.0,0.0,0.0,0.0,9.0,4.0,74493.0,0,0,0,3,BOX ELDER
132,30132,36.0,99.0,0.36363636363636365,3.0,0.0,3.0,0.0,73.4,0.0,0.0,3.0,0.0,0.0,0.0,0.0,0.0,145.0,0.0,5.0,2.0,74493.0,0,0,0,3,BOX ELDER
133,30133,190.0,502.0,0.3784860557768924,7.0,0.0,0.0,7.0,24.100000000000005,0.0,0.0,0.0,0.0,3.0,0.0,0.0,4.0,0.0,0.0,23.0,10.0,80348.0,0,0,0,3,BOX ELDER
134,30134,2.0,5.0,0.4,0.0,0.0,0.0,0.0,0.2,0.0,0.0,0.0,0.0,0.0,0.0,0.0,0.0,0.0,0.0,1.0,0.0,80348.0,0,0,0,3,BOX ELDER
135,30135,7.0,18.0,0.3888888888888889,0.0,0.0,0.0,0.0,0.1,0.0,0.0,0.0,0.0,0.0,0.0,0.0,0.0,0.0,0.0,0.0,0.0,80348.0,0,0,0,3,BOX ELDER
136,30136,169.0,461.0,0.3665943600867679,24.0,0.0,11.0,13.0,45.9,0.0,0.0,0.0,11.0,11.0,0.0,0.0,2.0,0.0,0.0,23.0,10.0,74493.0,0,0,0,3,BOX ELDER
137,30137,5.0,11.0,0.45454545454545453,61.0,0.0,61.0,0.0,30.8,0.0,0.0,0.0,61.0,0.0,0.0,0.0,0.0,0.0,0.0,1.0,0.0,80348.0,0,0,0,3,BOX ELDER
138,30138,166.0,439.0,0.37813211845102507,63.0,0.0,12.0,51.0,67.6,0.0,0.0,12.0,0.0,34.0,0.0,0.0,17.0,0.0,0.0,23.0,10.0,80348.0,0,0,0,3,BOX ELDER
139,30139,45.0,124.0,0.3629032258064516,14.0,0.0,0.0,14.0,62.70000000000001,0.0,0.0,0.0,0.0,0.0,14.0,0.0,0.0,0.0,51.0,6.0,2.0,74493.0,0,0,0,3,BOX ELDER
140,30140,3.0,8.0,0.375,0.0,0.0,0.0,0.0,0.2,0.0,0.0,0.0,0.0,0.0,0.0,0.0,0.0,0.0,0.0,1.0,0.0,80348.0,0,0,0,3,BOX ELDER
141,30141,0.0,0.0,0.0,0.0,0.0,0.0,0.0,0.0,0.0,0.0,0.0,0.0,0.0,0.0,0.0,0.0,0.0,0.0,0.0,0.0,80348.0,0,0,0,3,BOX ELDER
142,30142,0.0,0.0,0.0,0.0,0.0,0.0,0.0,0.0,0.0,0.0,0.0,0.0,0.0,0.0,0.0,0.0,0.0,0.0,0.0,0.0,80348.0,0,0,0,3,BOX ELDER
143,30143,62.0,164.0,0.3780487804878049,116.0,42.0,74.0,0.0,99.3,42.0,0.0,0.0,74.0,0.0,0.0,0.0,0.0,0.0,0.0,11.0,4.0,80348.0,0,0,0,3,BOX ELDER
144,30144,0.0,0.0,0.0,0.0,0.0,0.0,0.0,0.0,0.0,0.0,0.0,0.0,0.0,0.0,0.0,0.0,0.0,0.0,0.0,0.0,80348.0,0,0,0,3,BOX ELDER
145,30145,16.0,38.0,0.42105263157894735,0.0,0.0,0.0,0.0,2.5,0.0,0.0,0.0,0.0,0.0,0.0,0.0,0.0,0.0,0.0,3.0,1.0,78516.0,0,0,0,3,BOX ELDER
146,30146,0.0,0.0,0.0,0.0,0.0,0.0,0.0,0.0,0.0,0.0,0.0,0.0,0.0,0.0,0.0,0.0,0.0,0.0,0.0,0.0,,0,0,0,3,BOX ELDER
147,30147,0.0,0.0,0.0,0.0,0.0,0.0,0.0,0.1,0.0,0.0,0.0,0.0,0.0,0.0,0.0,0.0,0.0,0.0,0.0,0.0,84675.0,0,0,0,3,BOX ELDER
148,30148,0.0,0.0,0.0,0.0,0.0,0.0,0.0,0.0,0.0,0.0,0.0,0.0,0.0,0.0,0.0,0.0,0.0,0.0,0.0,0.0,79483.0,0,0,0,3,BOX ELDER
149,30149,0.0,0.0,0.0,0.0,0.0,0.0,0.0,0.0,0.0,0.0,0.0,0.0,0.0,0.0,0.0,0.0,0.0,0.0,0.0,0.0,79483.0,0,0,0,3,BOX ELDER
150,30150,496.0,1776.0,0.27927927927927926,125.0,30.0,4.0,91.0,203.4,30.0,0.0,0.0,4.0,6.0,53.0,9.0,23.0,0.0,0.0,55.0,23.0,84445.0,0,0,0,3,BOX ELDER
151,30151,36.0,130.0,0.27692307692307694,25.0,0.0,25.0,0.0,39.0,0.0,0.0,25.0,0.0,0.0,0.0,0.0,0.0,0.0,0.0,4.0,1.0,84675.0,0,0,0,3,BOX ELDER
152,30152,3.0,9.0,0.3333333333333333,0.0,0.0,0.0,0.0,0.0,0.0,0.0,0.0,0.0,0.0,0.0,0.0,0.0,0.0,0.0,0.0,0.0,74493.0,0,0,0,3,BOX ELDER
153,30153,0.0,0.0,0.0,0.0,0.0,0.0,0.0,0.0,0.0,0.0,0.0,0.0,0.0,0.0,0.0,0.0,0.0,0.0,0.0,0.0,74493.0,0,0,0,3,BOX ELDER
582,110001,68.25,205.11114291405448,0.3327464272801506,0.0,0.0,0.0,0.0,52.56782836001649,0.0,0.0,0.0,0.0,0.0,0.0,0.0,0.0,35.26027995268405,0.0,14.305462467485311,3.002085939847124,91175.0,0,0,0,11,DAVIS
583,110002,322.5,1029.079174521111,0.31338696573087055,0.0,0.0,0.0,0.0,139.66520499295729,0.0,0.0,0.0,0.0,0.0,0.0,0.0,0.0,41.514361757771326,0.0,83.14053636585496,15.010306869331002,91175.0,0,0,0,11,DAVIS
584,110003,61.75,214.83697229764104,0.287427249321173,0.0,0.0,0.0,0.0,26.329820943107443,0.0,0.0,0.0,0.0,0.0,0.0,0.0,0.0,10.753808209477674,0.0,13.074417711799336,2.5015950218304326,93635.0,0,0,0,11,DAVIS
585,110004,40.0,139.04151531957797,0.2876838612414614,0.0,0.0,0.0,0.0,119.84723726216453,0.0,0.0,0.0,0.0,0.0,0.0,0.0,0.0,6.000891197463607,0.0,111.59483276885256,2.251513295848361,93635.0,0,0,0,11,DAVIS
586,110005,93.0,245.16855945429108,0.37933085794933996,0.0,0.0,0.0,0.0,29.889726695149083,0.0,0.0,0.0,0.0,0.0,0.0,0.0,0.0,11.753524555205962,0.0,13.633093701823205,4.5031084381199165,91175.0,0,0,0,11,DAVIS
587,110006,169.25,599.0763860160644,0.2825182296460297,4.5,0.0,0.0,4.5,26.104019827156264,0.0,0.0,0.0,0.0,3.0,0.25,0.0,1.25,8.000901256125726,0.0,5.847678734055155,7.755439836975386,93635.0,0,0,0,11,DAVIS
588,110007,184.0,645.1399882802848,0.2852094170917524,71.5,0.0,31.25,40.25,111.11777111608713,0.0,0.0,0.25,31.0,35.0,0.0,0.25,5.0,4.751468564669151,0.0,25.8600447318766,9.006257819541371,93635.0,0,0,0,11,DAVIS
589,110008,78.25,272.1668651417389,0.2875074449611969,0.0,0.0,0.0,0.0,18.63889617383057,0.0,0.0,0.0,0.0,0.0,0.0,0.0,0.0,7.251478623331268,0.0,7.884963482360224,3.502454068139081,93635.0,0,0,0,11,DAVIS
590,110009,156.25,535.2629389704138,0.2919126071021267,0.0,0.0,0.0,0.0,20.764731365938797,0.0,0.0,0.0,0.0,0.0,0.0,0.0,0.0,6.000313830258065,0.0,7.25930500413688,7.505112531543846,93635.0,0,0,0,11,DAVIS
591,110010,194.5,667.4684426561574,0.29139954426309195,0.0,0.0,0.0,0.0,21.05983731568658,0.0,0.0,0.0,0.0,0.0,0.0,0.0,0.0,3.250303771595948,0.0,8.803275724549259,9.006257819541371,93635.0,0,0,0,11,DAVIS
592,110011,168.0,428.95518608392194,0.39164930382059077,0.0,0.0,0.0,0.0,28.420491127853687,0.0,0.0,0.0,0.0,0.0,0.0,0.0,0.0,3.0008811388014904,0.0,17.664251998500006,7.755357990552191,91175.0,0,0,0,11,DAVIS
593,110012,250.0,809.7730846821082,0.30872846323132885,99.5,0.0,0.0,99.5,157.78522912885902,0.0,0.0,0.0,0.0,0.0,99.5,0.0,0.0,4.251468564669151,0.0,42.52500729162326,11.5087532725666,90061.0,945,0,0,11,DAVIS
594,110013,313.75,996.642210574237,0.31480705580313134,474.5,10.25,21.0,443.25,520.0731033453648,8.5,1.75,1.25,19.75,49.75,81.5,76.75,235.25,1.00029371293383,0.0,29.81258444890209,14.760225183528814,89302.0,0,0,0,11,DAVIS
595,110014,527.5,1640.221324391583,0.32160293989329075,189.75,0.0,6.0,183.75,242.1893092575038,0.0,0.0,0.0,6.0,1.0,174.5,1.25,7.0,1.2511647930732028,0.0,26.17076163237124,25.017382832059365,89302.0,877,1342,0,11,DAVIS
596,110015,399.5,1144.0971405697394,0.3491836364533315,33.25,9.0,1.0,23.25,67.84668497374949,9.0,0.0,0.0,1.0,1.0,0.5,3.0,18.75,1.00029371293383,0.0,14.583180308450546,19.01321095236512,60058.0,0,0,0,11,DAVIS
597,110016,251.75,646.7753289335844,0.38923871820387806,0.0,0.0,0.0,0.0,32.99712115676373,0.0,0.0,0.0,0.0,0.0,0.0,0.0,0.0,5.501468564669151,0.0,15.48743162243082,12.008220969663762,91175.0,0,0,0,11,DAVIS
598,110017,665.25,2017.098135207546,0.32980547073459576,5.5,0.0,0.0,5.5,71.36625073802477,0.0,0.0,0.0,0.0,3.5,0.0,0.0,2.0,10.753808209477674,0.0,23.84064231760525,31.27180021094184,91175.0,0,0,0,11,DAVIS
599,110018,485.0,1539.3099851299014,0.3150762384998569,111.5,1.25,6.75,103.5,162.5983832290836,1.25,0.0,0.0,6.75,7.0,4.25,11.75,80.5,7.251478623331268,0.0,21.08111707668407,22.76578752906828,97179.0,0,0,0,11,DAVIS
600,110019,346.5,1005.9674657347324,0.3444445390159069,709.75,385.25,45.5,279.0,769.8545493329975,239.5,145.75,8.0,37.5,41.25,16.75,36.75,184.25,8.501772336265098,0.0,35.59165198421438,16.011125012517994,97584.0,0,0,0,11,DAVIS
601,110020,397.75,1177.60563684471,0.33776163051132796,0.0,0.0,0.0,0.0,33.417790949309165,0.0,0.0,0.0,0.0,0.0,0.0,0.0,0.0,1.00029371293383,0.0,13.404286284010215,19.01321095236512,67768.0,0,0,0,11,DAVIS
602,110021,453.25,1825.5336108175768,0.24828356887770975,0.0,0.0,0.0,0.0,82.80783556752056,0.0,0.0,0.0,0.0,0.0,0.0,0.0,0.0,12.254101922411504,0.0,49.28917312992184,21.26456051518721,91175.0,0,0,0,11,DAVIS
603,110022,377.0,1325.2596942101632,0.28447254651073267,49.25,0.0,0.25,49.0,82.37669577332065,0.0,0.0,0.0,0.25,41.5,1.0,1.25,5.25,0.7494226327944573,0.0,14.364757501443446,18.012515639082743,93208.0,0,0,0,11,DAVIS
604,110023,361.25,860.1975455615939,0.4199616725994633,7.5,0.0,4.5,3.0,38.94516426541365,0.0,0.0,2.5,2.0,2.0,0.0,0.0,1.0,1.7511647930732028,0.0,13.182629121255232,16.51137035108522,83139.0,0,0,0,11,DAVIS
605,110024,47.5,127.99791339849963,0.37109979951092537,208.75,5.75,12.5,190.5,269.63993135902496,4.25,1.5,1.5,11.0,15.0,7.0,6.0,162.5,4.00117485173532,0.0,54.6372023083196,2.251554198970016,72574.0,0,0,0,11,DAVIS
606,110025,323.25,1043.9551213896762,0.3096397473195026,0.0,0.0,0.0,0.0,25.903233164691187,0.0,0.0,0.0,0.0,0.0,0.0,0.0,0.0,0.0,0.0,10.892803465455565,15.01042969923562,72495.0,0,0,0,11,DAVIS
607,110026,306.75,862.9944088786535,0.3554484210373748,9.25,1.0,5.0,3.25,34.9086315651367,1.0,0.0,0.0,5.0,0.0,0.0,0.0,3.25,0.0,0.0,11.648897179183455,14.009734385953244,60368.0,0,0,0,11,DAVIS
608,110027,255.5,893.3955552212266,0.2859875432632211,0.0,0.0,0.0,0.0,35.11953897370144,0.0,0.0,0.0,0.0,0.0,0.0,0.0,0.0,3.0008811388014904,0.0,20.11031407551145,12.008343759388495,93635.0,0,0,0,11,DAVIS
609,110028,897.0,4042.4015297186434,0.2218977984758561,864.25,193.75,55.5,615.0,965.6337858686768,95.25,98.5,15.75,39.75,59.5,116.5,24.75,414.25,0.0,0.0,59.3545827108172,42.02920315785973,83139.0,734,0,0,11,DAVIS
610,110029,184.0,595.036247098926,0.3092248596570112,1867.0,577.0,70.75,1219.25,1953.1308642206936,376.25,200.75,4.25,66.5,120.5,274.5,107.5,716.75,0.0,0.0,77.12460640115238,9.006257819541371,72574.0,531,0,0,11,DAVIS
611,110030,376.5,1218.5217736816207,0.30898093750302824,179.5,27.25,6.25,146.0,216.24971809621096,27.0,0.25,0.0,6.25,15.75,65.25,5.5,59.5,0.0,0.0,18.737202457128237,18.012515639082743,72574.0,541,0,0,11,DAVIS
612,110031,466.75,1416.4016323912083,0.3295322381209204,77.5,4.75,7.75,65.0,117.85622864261848,4.75,0.0,0.25,7.5,6.75,6.0,4.75,47.5,0.0,0.0,18.34093175040625,22.015296892212245,74962.0,0,0,0,11,DAVIS
613,110032,172.75,592.136811010494,0.29174001140918515,0.0,0.0,0.0,0.0,15.827105235171326,0.0,0.0,0.0,0.0,0.0,0.0,0.0,0.0,0.0,0.0,7.821542728912329,8.005562506258997,93635.0,0,0,0,11,DAVIS
614,110033,861.75,2902.085342046221,0.29694164658589667,351.5,107.25,10.5,233.75,438.1643697541687,32.25,75.0,4.25,6.25,16.5,7.25,130.25,79.75,0.0,0.0,46.63655722287368,40.02781253129498,81139.0,0,0,0,11,DAVIS
615,110034,180.0,573.407152979559,0.3139130704328983,1882.25,828.5,58.5,995.25,1961.2562068476616,661.25,167.25,2.5,56.0,113.25,43.75,118.25,720.0,0.0,0.0,71.00064434140273,8.005562506258997,96912.0,0,0,0,11,DAVIS
616,110035,395.5,1261.1813059668125,0.3135948797598237,80.75,1.0,2.0,77.75,114.81183379790323,1.0,0.0,0.0,2.0,4.0,56.75,3.25,13.75,0.0,0.0,16.049318158820483,18.012515639082743,96912.0,480,0,0,11,DAVIS
617,110036,504.0,1469.8887883295304,0.34288308340168766,19.5,1.0,7.5,11.0,61.15863310243423,1.0,0.0,0.25,7.25,0.0,0.25,1.5,9.25,0.0,0.0,17.64194558365724,24.01668751877699,91112.0,0,0,0,11,DAVIS
618,110037,396.75,1337.3563449718883,0.2966673777648543,475.75,7.5,57.25,411.0,532.6653521714171,4.0,3.5,23.0,34.25,47.75,41.75,24.0,297.5,1.00029371293383,0.0,37.40209284468545,18.512965613797896,81139.0,0,0,0,11,DAVIS
619,110038,1.0,1.0,1.0,48.25,14.25,3.0,31.0,74.91082774546035,0.0,14.25,0.5,2.5,18.5,0.0,0.5,12.0,5.750891197463607,0.0,20.90993654799674,0.0,96912.0,0,0,0,11,DAVIS
620,110039,365.5,1044.2202973531537,0.35002192633724344,0.0,0.0,0.0,0.0,30.32896855150496,0.0,0.0,0.0,0.0,0.0,0.0,0.0,0.0,1.00029371293383,0.0,12.316854512770758,17.011820325800368,94690.0,0,0,0,11,DAVIS
621,110040,550.75,1567.9021723831816,0.3512655379275803,9.0,0.0,4.0,5.0,54.63161988021236,0.0,0.0,3.0,1.0,0.0,0.0,2.0,3.0,0.0,0.0,19.613541734870623,26.01807814534174,65721.0,0,0,0,11,DAVIS
622,110041,513.25,1421.8444214149893,0.3609747960253095,784.75,178.0,47.0,559.75,853.011035766704,173.25,4.75,1.25,45.75,90.25,86.0,66.75,316.75,0.0,0.0,44.24434824792711,24.01668751877699,66155.0,299,0,0,11,DAVIS
623,110042,0.0,0.0,0.0,1189.0,3.0,399.25,786.75,1229.0695784548902,0.0,3.0,399.25,0.0,253.25,533.5,0.0,0.0,0.0,0.0,40.06957845489015,0.0,49014.0,0,0,0,11,DAVIS
624,110043,539.75,1584.506116112866,0.3406424213269197,302.5,38.0,23.75,240.75,360.1511573334016,36.75,1.25,1.75,22.0,15.75,66.25,44.5,114.25,0.0,0.0,32.63377450134226,25.017382832059365,58909.0,333,0,0,11,DAVIS
625,110044,509.25,1465.164354107036,0.34757192841370294,201.5,1.25,14.5,185.75,249.468791226493,1.25,0.0,0.25,14.25,5.5,111.25,9.5,59.5,0.0,0.0,23.952103707716027,24.01668751877699,55845.0,0,964,0,11,DAVIS
626,110045,0.0,0.0,0.0,814.75,0.0,0.25,814.5,842.2069012982065,0.0,0.0,0.0,0.25,315.75,457.0,2.5,39.25,0.0,0.0,27.45690129820656,0.0,49014.0,0,0,0,11,DAVIS
627,110046,388.75,1097.1613265405583,0.3543234623715378,396.5,23.0,41.0,332.5,441.9784332526684,17.0,6.0,19.0,22.0,27.25,52.25,23.75,229.25,0.0,0.0,27.465917613585635,18.012515639082743,60255.0,305,0,0,11,DAVIS
628,110047,0.0,0.0,0.0,4116.5,0.25,1.75,4114.5,4255.224994196463,0.25,0.0,0.0,1.75,1383.5,2320.5,270.0,140.5,0.0,0.0,138.72499419646311,0.0,49014.0,0,0,0,11,DAVIS
629,110048,0.0,0.0,0.0,1550.2500046246746,0.50000000149159,431.00000128575056,1118.7500033374326,1602.4920092923999,0.50000000149159,0.0,430.00000128276736,1.00000000298318,0.0,1064.500003175595,2.750000008203745,51.50000015363376,0.0,0.0,52.242004667725205,0.0,49014.0,0,0,0,11,DAVIS
630,110049,0.0,0.0,0.0,4477.25,0.0,317.75,4159.5,4628.130263361528,0.0,0.0,317.75,0.0,422.25,3659.75,2.0,75.5,0.0,0.0,150.88026336152762,0.0,49014.0,0,0,0,11,DAVIS
631,110050,0.0,0.0,0.0,8072.0,0.0,259.5,7812.5,8344.026495378004,0.0,0.0,259.5,0.0,1248.25,6374.25,0.0,190.0,0.0,0.0,272.02649537800374,0.0,49014.0,0,0,0,11,DAVIS
632,110051,393.0,1010.018294177846,0.3891018630706107,45.0,0.0,0.0,45.0,77.77309295707491,0.0,0.0,0.0,0.0,0.0,1.0,0.25,43.75,0.0,0.0,14.760577317992157,18.012515639082743,49014.0,0,0,0,11,DAVIS
633,110052,0.0,0.0,0.0,438.49999419453775,0.0,0.24999999669015835,438.24999419784757,453.2772058904927,0.0,0.0,0.0,0.24999999669015835,357.7499952636166,22.99999969549457,1.9999999735212668,55.49999926521515,0.0,0.0,14.77721169595496,0.0,49014.0,0,0,0,11,DAVIS
634,110053,46.00000142560706,162.90873447194988,0.28236669798406344,14003.000433973384,259.2500080345354,2.500000077478645,13741.25042586137,14478.454561342573,213.50000661667625,45.750001417859195,0.0,2.500000077478645,769.250023840179,12407.000384511017,255.5000079183175,309.5000095918562,0.0,0.0,473.4527366805972,2.0013906885907624,49014.0,0,0,0,11,DAVIS
635,110054,257.75,884.7462082132416,0.2913264816591077,283.5,7.75,12.5,263.25,327.9999111750471,6.5,1.25,0.25,12.25,24.25,8.0,8.5,222.5,10.25235976213276,0.0,22.239207653525877,12.008343759388495,94630.0,0,0,0,11,DAVIS
636,110055,512.0,1753.9301601285956,0.2919158422832873,555.75,7.0,22.25,526.5,650.2523478655668,4.0,3.0,4.0,18.25,50.0,125.0,58.0,293.5,14.75440569400745,0.0,55.98141826536747,23.766523906191843,94630.0,817,0,0,11,DAVIS
637,110056,581.0,1711.3496608015366,0.3394981243797248,95.25,0.25,5.75,89.25,149.05972411526534,0.25,0.0,0.0,5.75,5.5,48.25,3.0,32.5,4.00117485173532,0.0,22.78977580490592,27.01877345862412,94669.0,0,0,0,11,DAVIS
638,110057,682.5,1979.1667159724088,0.3448420966723223,363.0,37.75,12.5,312.75,431.25566363011336,36.75,1.0,1.25,11.25,31.0,75.75,18.0,188.0,1.00029371293383,0.0,35.2331198921435,32.02225002503599,105552.0,370,251,0,11,DAVIS
639,110058,4.0,10.49492941239838,0.38113643673244013,96.0,45.75,0.0,50.25,209.9858586615556,0.0,45.75,0.0,0.0,3.5,1.0,9.0,36.75,0.0,110.616,3.369858661555586,0.0,105552.0,0,0,0,11,DAVIS
640,110059,0.0,0.0,0.0,0.0,0.0,0.0,0.0,0.0,0.0,0.0,0.0,0.0,0.0,0.0,0.0,0.0,0.0,0.0,0.0,0.0,105552.0,0,0,0,11,DAVIS
641,110060,99.25000131913507,325.8802946713037,0.30455968937686984,37.250000495090994,1.0000000132910334,6.000000079746201,30.25000040205376,82.09776634490134,0.0,1.0000000132910334,0.0,6.000000079746201,7.250000096359992,1.0000000132910334,1.5000000199365502,20.500000272466185,6.001762357372604,0.0,34.34281314804259,4.503190344395164,107637.0,0,0,0,11,DAVIS
642,110061,446.25,1425.591967690418,0.3130278579802631,17.5,0.0,0.25,17.25,54.391806254146914,0.0,0.0,0.0,0.25,9.25,0.25,1.0,6.75,0.0,0.0,16.12745013422539,20.764356119921523,107062.0,0,0,0,11,DAVIS
643,110062,623.0,1787.9123306040694,0.34845108976317163,416.75,96.0,43.0,277.75,484.3115306544355,75.25,20.75,5.75,37.25,21.75,80.25,17.0,158.75,0.0,0.0,38.54136656924661,29.020164085188867,60506.0,462,0,0,11,DAVIS
644,110063,438.5,1194.2305059992157,0.3671820455072917,0.0,0.0,0.0,0.0,36.291615726452086,0.0,0.0,0.0,0.0,0.0,0.0,0.0,0.0,0.0,0.0,15.777464122237369,20.51415160421472,72140.0,0,0,0,11,DAVIS
645,110064,823.25,2803.274264486653,0.29367444007508015,430.5,110.25,23.0,297.25,530.019927895766,33.75,76.5,10.25,12.75,49.5,13.5,29.75,204.5,0.0,0.0,61.49350599103577,38.02642190473024,46352.0,0,0,0,11,DAVIS
646,110065,867.0,1914.075697163544,0.45296014221631964,1960.0,161.0,148.75,1650.25,2097.8119215301767,107.0,54.0,5.0,143.75,192.25,214.0,208.25,1035.75,0.0,0.0,97.28374087059008,40.52818065958694,51332.0,462,0,0,11,DAVIS
647,110066,0.0,0.0,0.0,224.5,30.25,0.0,194.25,232.0653604740448,30.25,0.0,0.0,0.0,160.25,2.25,1.5,30.25,0.0,0.0,7.565360474044797,0.0,49014.0,0,0,0,11,DAVIS
648,110067,538.5,1272.8911309579214,0.4230526766218795,0.0,0.0,0.0,0.0,44.16536242186297,0.0,0.0,0.0,0.0,0.0,0.0,0.0,0.0,1.00029371293383,0.0,18.14768587686978,25.017382832059365,70231.0,0,0,0,11,DAVIS
649,110068,224.0,576.5819121966698,0.3884964048674397,23.5,16.25,0.75,6.5,43.8481188885823,16.25,0.0,0.75,0.0,0.0,0.0,0.25,6.25,2.00058742586766,0.0,8.340578329890894,10.006953132823748,88595.0,0,0,0,11,DAVIS
650,110069,390.25,1006.5726574757208,0.3877017690691773,5.0,0.0,3.0,2.0,36.33239319933536,0.0,0.0,0.0,3.0,0.0,0.0,0.0,2.0,0.0,0.0,13.319877560252618,18.012515639082743,88595.0,0,0,0,11,DAVIS
651,110070,0.0,0.0,0.0,333.75,7.5,195.5,130.75,344.99614808840425,7.5,0.0,28.25,167.25,3.0,0.0,12.5,115.25,0.0,0.0,11.246148088404237,0.0,88595.0,0,0,0,11,DAVIS
652,110071,36.0,93.52651765267134,0.38491757101117463,573.5,6.25,261.75,305.5,596.0426946961834,6.25,0.0,158.0,103.75,10.75,15.0,192.25,87.5,0.0,0.0,20.541304069618636,2.001390626564749,82312.0,0,0,0,11,DAVIS
653,110072,796.5,1649.4242906504646,0.48289576218493385,730.75,107.0,48.25,575.5,847.2379976493582,103.75,3.25,3.75,44.5,74.5,7.0,106.25,387.75,0.0,0.0,79.46227105791037,37.02572659144786,35289.0,0,0,0,11,DAVIS
654,110073,587.7499994546138,1409.5916265056292,0.41696473531957845,625.4999994195847,141.499999868699,32.24999997007451,451.74999958081116,707.6619683029412,67.49999993736525,73.99999993133376,3.249999996984253,28.999999973090258,91.99999991463116,17.9999999832974,114.24999989398489,227.4999997888977,0.0,0.0,54.892949991027656,27.269018892328933,57882.0,0,0,0,11,DAVIS
655,110074,693.4999990205828,2333.0053488374183,0.2972560690296605,79.74999988737055,0.0,0.0,79.74999988737055,137.83102552219114,0.0,0.0,0.0,0.0,0.0,58.74999991702846,4.249999993997804,16.749999976344284,0.0,0.0,26.058775655009033,32.022249979811555,52244.0,528,0,0,11,DAVIS
656,110075,409.75,1568.863083937899,0.2611763921243616,0.0,0.0,0.0,0.0,33.821903871256055,0.0,0.0,0.0,0.0,0.0,0.0,0.0,0.0,1.00029371293383,0.0,13.808399205957109,19.01321095236512,87014.0,0,0,0,11,DAVIS
657,110076,0.0,0.0,0.0,3927.0,43.75,2984.25,899.0,4059.339826846269,40.5,3.25,2602.5,381.75,200.0,69.25,101.75,528.0,0.0,0.0,132.33982684626878,0.0,53084.0,0,0,0,11,DAVIS
658,110077,585.25,1207.374679742711,0.484729396615072,103.25,28.5,6.0,68.75,167.71636288489017,15.75,12.75,0.5,5.5,20.25,1.25,9.0,38.25,0.0,0.0,36.94713945155088,27.51922343333927,35195.0,0,0,0,11,DAVIS
659,110078,228.2500000160759,490.3649293765981,0.4654696662468308,551.2500000388251,42.0000000029581,17.250000001214936,492.00000003465203,588.0267363429383,15.000000001056465,27.000000001901636,8.500000000598664,8.750000000616271,45.0000000031694,152.75000001075833,33.25000000234183,261.0000000183825,0.0,0.0,26.269537831982156,10.507198472131002,53595.0,550,988,0,11,DAVIS
660,110079,467.75,981.0509820698518,0.476784599932948,2058.5,47.75,50.25,1960.5,2256.8911621926045,41.5,6.25,7.25,43.0,148.0,487.75,456.25,868.5,0.0,0.0,176.62692930399226,21.76423288861218,53532.0,0,0,2016,11,DAVIS
661,110080,1152.25,2655.1425466357523,0.4339691672900876,2841.5,334.25,64.5,2442.75,3089.374800824423,241.25,93.0,6.5,58.0,911.5,57.75,343.25,1130.25,0.5002937129338301,0.0,193.58667359122865,53.78783352026048,60401.0,0,0,0,11,DAVIS
662,110081,920.25,2060.1090127213024,0.4466996621622441,1293.0,113.25,76.75,1103.0,1410.8699439682662,111.0,2.25,1.5,75.25,72.5,30.75,53.25,946.5,0.0,0.0,74.58992282784033,43.28002114042573,59130.0,0,0,0,11,DAVIS
663,110082,204.75,526.4802792931305,0.3889034557474859,4664.5,71.75,3718.75,874.0,4841.609485032535,21.75,50.0,3369.25,349.5,59.5,366.75,80.25,367.5,1.5011647930732028,0.0,166.10185802465463,9.506462214807057,53084.0,0,0,0,11,DAVIS
664,110083,951.2500003743647,1976.7495779835876,0.48121927580968615,697.0000002743045,108.00000004250343,46.000000018103314,543.0000002136978,883.3359596363945,33.00000001298716,75.00000002951627,5.500000002164526,40.50000001593879,35.50000001397103,52.75000002075978,74.25000002922111,380.5000001497459,0.0,0.0,141.80520210817622,44.53075725391373,40944.0,0,0,0,11,DAVIS
665,110084,840.5,2589.497096846095,0.3245803986510338,333.0,42.0,34.75,256.25,455.835694194874,40.0,2.0,5.0,29.75,21.75,78.5,22.0,134.0,3.2517522189408634,0.0,80.30645650918744,39.27748546674569,60917.0,711,0,0,11,DAVIS
666,110085,1166.5,3988.321909316469,0.2924788987757306,524.0,100.5,21.25,402.25,646.5116517679251,74.75,25.75,1.5,19.75,35.25,63.0,155.5,148.5,0.7502937129338301,0.0,67.47332009928513,54.288037955706045,87488.0,0,0,0,11,DAVIS
667,110086,514.75,1649.9551071810763,0.3119781852001069,0.0,0.0,0.0,0.0,45.86397767371617,0.0,0.0,0.0,0.0,0.0,0.0,0.0,0.0,4.502045931874694,0.0,17.345326069487683,24.016605672353798,94203.0,0,0,0,11,DAVIS
668,110087,90.25,260.9741831111965,0.34581964746124355,4.25,0.0,0.0,4.25,171.44574774897666,0.0,0.0,0.0,0.0,2.0,1.25,0.0,1.0,21.50819378616089,0.0,141.68477270968626,4.002781253129498,97584.0,0,0,0,11,DAVIS
669,110088,195.0,577.2729882725903,0.33779512286467894,838.25,60.0,230.25,548.0,952.828334587338,18.75,41.25,53.5,176.75,42.25,338.5,19.0,148.25,1.00029371293383,0.0,104.57178305486276,9.006257819541371,67768.0,748,0,2240,11,DAVIS
670,110089,936.0,3072.126356474048,0.30467496821135615,31.75,0.0,1.0,30.75,111.13507297466644,0.0,0.0,0.0,1.0,2.0,0.0,0.0,28.75,1.7497163457282874,0.0,33.855008303522006,43.78034832541614,91175.0,0,0,0,11,DAVIS
671,110090,348.0,1009.5549530057206,0.3447063470531337,266.75,46.25,29.75,190.75,322.72871599708645,3.0,43.25,1.0,28.75,15.0,2.75,119.0,54.0,4.250597484529777,0.0,35.71699350003869,16.011125012517994,97584.0,0,0,0,11,DAVIS
672,110091,374.0,1431.7456471620217,0.26121958236180814,117.5,53.5,4.25,59.75,152.0753435730822,4.0,49.5,0.0,4.25,14.0,1.25,19.5,25.0,1.00029371293383,0.0,16.56322953434801,17.011820325800368,87014.0,0,0,0,11,DAVIS
673,110092,306.5,1235.2909221570558,0.248119689461323,12.0,0.0,0.0,12.0,40.23964897226496,0.0,0.0,0.0,0.0,5.0,0.0,0.0,7.0,3.000303771595948,0.0,10.72907899357742,14.510266207091592,91175.0,0,0,0,11,DAVIS
674,110093,394.0,1287.9795226866602,0.30590548456712724,1316.5,633.25,80.5,602.75,1408.9098858575137,445.25,188.0,5.25,75.25,65.25,166.25,43.75,327.5,1.00029371293383,0.0,73.397076505497,18.012515639082743,97584.0,0,1318,0,11,DAVIS
675,110094,762.75,2442.6163724857943,0.31226761950496834,480.75,45.5,5.0,430.25,565.1833460060208,36.25,9.25,0.0,5.0,23.5,261.75,86.25,58.75,0.0,0.0,48.908641912845766,35.524704093175075,80015.0,1800,0,0,11,DAVIS
676,110095,5.0,14.51038382403002,0.34458082299103043,115.25,3.25,43.5,68.5,130.30580419004983,2.25,1.0,0.0,43.5,9.5,8.75,4.0,46.25,11.003230842272131,0.0,4.052573347777692,0.0,77899.0,0,0,0,11,DAVIS
677,110096,539.25,1793.6423900112836,0.30064521389718474,75.75,1.0,6.75,68.0,207.2147606456273,0.0,1.0,3.75,3.0,0.0,61.25,0.25,6.5,19.0047094656034,0.0,87.19303679740003,25.267014382623927,77899.0,929,0,0,11,DAVIS
678,110097,361.25,1151.310483873183,0.31377287452877195,615.25,4.5,7.5,603.25,690.1724670743291,3.25,1.25,2.5,5.0,35.25,260.25,93.75,214.0,6.001762277602981,0.0,51.90888447092577,17.011820325800368,77899.0,0,0,0,11,DAVIS
679,110098,676.75,2350.121751109633,0.2879638042924652,358.0,39.5,17.5,301.0,434.39294500144746,20.5,19.0,0.0,17.5,33.0,8.25,112.25,147.5,0.4994226327944573,0.0,43.87127234361701,32.02225002503599,97356.0,0,0,0,11,DAVIS
680,110099,1316.25,3965.949213830435,0.3318877597851853,1072.0,171.0,74.25,826.75,1216.7787787747209,111.5,59.5,2.25,72.0,138.5,189.25,107.75,391.25,0.0,0.0,83.73636466449605,61.04241411022485,96228.0,0,0,0,11,DAVIS
681,110100,721.0,2310.401790651308,0.31206693265102964,748.5,379.0,69.25,300.25,838.7528711561811,211.25,167.75,3.75,65.5,23.5,102.0,11.0,163.75,0.0,6.704,49.525230504580335,34.023640651600736,122221.0,922,0,0,11,DAVIS
682,110101,686.75,2068.3137207075247,0.33203376892219133,17.75,0.0,10.0,7.75,84.51437860800036,0.0,0.0,0.0,10.0,3.25,0.0,0.0,4.5,1.00029371293383,0.0,33.74183487003054,32.02225002503599,98876.0,0,0,0,11,DAVIS
683,110102,1274.75,4373.762655891143,0.2914538579918148,0.0,0.0,0.0,0.0,691.8975022224414,0.0,0.0,0.0,0.0,0.0,0.0,0.0,0.0,60.77313291113776,0.0,571.8323633490277,59.29200596227604,77899.0,0,0,0,11,DAVIS
684,110103,779.0,2489.709984561446,0.3128878483158825,13.25,0.0,1.75,11.5,100.71530516569106,0.0,0.0,0.25,1.5,4.0,4.0,0.25,3.25,9.502066049198929,0.0,41.68812611234458,36.27511300414756,77899.0,0,0,0,11,DAVIS
685,110104,406.5,1293.5222633283174,0.3142582169046313,0.5,0.0,0.0,0.5,45.47933820200409,0.0,0.0,0.0,0.0,0.5,0.0,0.0,0.0,1.25029371293383,0.0,24.71583353670514,19.01321095236512,84343.0,0,0,0,11,DAVIS
686,110105,407.0,1550.1075765821147,0.2625624222142106,11.0,0.0,0.0,11.0,44.09978930606539,0.0,0.0,0.0,0.0,4.0,0.0,7.0,0.0,0.0,0.0,14.086578353700276,19.01321095236512,100411.0,0,0,0,11,DAVIS
687,110106,585.75,2143.605519108521,0.2732545679596872,12.5,0.0,3.5,9.0,64.93134523101227,0.0,0.0,3.5,0.0,8.0,0.0,0.0,1.0,4.251468564669151,0.0,21.161103207719,27.01877345862412,122221.0,0,0,0,11,DAVIS
688,110107,511.0,1629.055705991435,0.3136786532962714,0.0,0.0,0.0,0.0,41.48736105643451,0.0,0.0,0.0,0.0,0.0,0.0,0.0,0.0,0.0,0.0,17.470673537657515,24.01668751877699,77899.0,0,0,0,11,DAVIS
689,110108,0.0,0.0,0.0,0.0,0.0,0.0,0.0,34.00998623975022,0.0,0.0,0.0,0.0,0.0,0.0,0.0,0.0,34.00998623975022,0.0,0.0,0.0,77899.0,0,0,0,11,DAVIS
690,110109,646.75,1672.4683180736956,0.38670388730885463,984.25,48.75,20.0,915.5,1109.7302186499137,47.75,1.0,1.25,18.75,147.0,157.5,288.5,322.5,10.50235976213276,0.0,84.95712227903405,30.020736608746507,72651.0,787,0,0,11,DAVIS
691,110110,521.0,1329.1547883141411,0.3919784246203712,962.75,52.75,387.0,523.0,1060.023225817156,50.75,2.0,291.75,95.25,110.25,20.0,116.5,276.25,10.0029371293383,0.0,63.25360116904066,24.01668751877699,72651.0,0,0,0,11,DAVIS
692,110111,616.0,1791.5822236441063,0.3438301585439078,748.25,8.5,22.5,717.25,823.2439328425177,5.75,2.75,1.0,21.5,196.75,24.25,47.0,449.25,0.0,0.0,45.97376875732883,29.020164085188867,110982.0,0,0,0,11,DAVIS
693,110112,1366.0,3739.431674581877,0.36529615162783763,2041.25,63.0,76.25,1902.0,2245.12364281192,43.5,19.5,24.5,51.75,266.0,410.0,355.25,870.75,2.00058742586766,0.0,137.82855533598013,64.04450005007197,59691.0,0,0,0,11,DAVIS
694,110113,597.999990545383,1412.6496953919873,0.42331796233421315,947.7499850156968,102.74999837548177,102.99999837152917,741.9999882686858,1028.8648408901345,65.24999896837163,37.49999940711013,5.749999909090221,97.24999846243895,95.74999848615454,180.99999713831824,42.99999932015295,422.2499933240601,1.00029369711879,0.0,52.095093848411416,28.01946832890758,43124.0,516,0,0,11,DAVIS
695,110114,30.00000000412763,96.80498825513106,0.30990138571229575,206.00000002834307,2.0000000002751754,65.2500000089776,138.7500000190903,226.45703287495868,2.0000000002751754,0.0,47.00000000646662,18.250000002510976,0.0,0.25000000003439693,0.5000000000687939,138.0000000189871,11.502653476649211,0.0,7.95368405654638,1.000695313420058,100295.0,0,0,0,11,DAVIS
696,110115,557.0,1757.634094234786,0.3169032745933953,847.75,314.75,58.75,474.25,922.1081429013052,174.75,140.0,7.5,51.25,97.0,46.75,28.0,302.5,1.00029371293383,0.0,47.33977104302951,26.01807814534174,100295.0,0,0,0,11,DAVIS
697,110116,668.25,1860.301588123412,0.3592159487828532,495.5,2.5,25.5,467.5,567.7407561637283,1.5,1.0,14.5,11.0,54.75,13.75,209.0,190.0,2.00058742586766,0.0,39.21861402610699,31.021554711753613,103987.0,0,0,0,11,DAVIS
698,110117,970.75,2957.718669137705,0.32820903831364495,51.5,0.0,0.0,51.5,131.48016271657633,0.0,0.0,0.0,0.0,0.0,51.5,0.0,0.0,0.0,0.0,34.44871012672544,45.531452589850886,92507.0,576,0,0,11,DAVIS
699,110118,335.2499972741434,926.9578856982686,0.3616669132941275,70.99999942271197,9.999999918691826,0.9999999918691825,59.99999951215095,104.94807290799092,0.0,9.999999918691826,0.0,0.9999999918691825,10.499999914626416,2.9999999756075475,4.999999959345913,41.49999966257108,2.5005874055358404,0.0,15.937302326949698,15.510183752793433,92898.0,0,0,0,11,DAVIS
700,110119,569.25,1319.4134060391189,0.43144172811529136,998.75,549.5,59.75,389.5,1077.857532872173,180.0,369.5,32.75,27.0,20.5,116.0,24.75,228.25,0.0,0.0,52.83933205754728,26.268200814625352,60401.0,0,1107,0,11,DAVIS
701,110120,770.5000067028542,1923.1181454781183,0.4006514152625269,784.75000682682,57.25000049803816,52.00000045236654,675.5000058764153,874.1847847718243,35.00000030447748,22.250000193560684,3.250000028272909,48.750000424093635,38.500000334925225,164.25000142886933,278.5000024227708,194.25000168985002,1.0002937216357417,0.0,52.40945263180843,36.02503159156008,61800.0,0,0,1868,11,DAVIS
702,110121,1101.0,2395.580629826009,0.45959630257987416,739.25,132.5,114.75,492.0,855.0319096099527,107.0,25.5,8.5,106.25,38.25,65.25,27.75,360.75,0.0,0.0,64.49591669097208,51.285992918980575,61138.0,366,0,0,11,DAVIS
703,110122,1025.0,2741.75220298724,0.37384851879875386,3421.25,488.75,124.0,2808.5,3618.877770406853,369.5,119.25,32.25,91.75,76.75,20.5,2306.0,405.25,0.0,0.0,149.84451803858312,47.783252368270375,42449.0,0,0,0,11,DAVIS
704,110123,1146.0,2255.462844338469,0.5080997024076996,3989.0,1805.25,146.25,2037.5,4242.835116000271,739.0,1066.25,115.25,31.0,358.5,109.0,519.0,1051.0,0.0,0.0,200.2981009041613,53.53701509610988,51122.0,0,0,0,11,DAVIS
705,110124,1699.5,4866.70274794065,0.34920973973993896,1875.5,267.75,130.25,1477.5,2077.034962238002,197.5,70.25,14.25,116.0,243.75,40.5,330.5,862.75,2.00058742586766,0.0,120.479445062827,79.05492974930759,71934.0,0,0,0,11,DAVIS
706,110125,113.0,323.6212823734903,0.3491735746525689,131.75,10.0,15.0,106.75,149.00260455533092,9.0,1.0,0.25,14.75,10.25,8.75,7.0,80.75,4.00117485173532,0.0,8.247953137183707,5.003476566411874,76224.0,0,0,0,11,DAVIS
707,110126,989.75,2830.829124077891,0.3496325481399021,16.0,0.0,0.0,16.0,257.426031392438,0.0,0.0,0.0,0.0,4.0,0.0,12.0,0.0,7.500901256125725,0.0,187.89314572532305,46.03198441098924,98407.0,0,0,0,11,DAVIS
708,110127,1105.25,3455.9508982009293,0.3198106780323071,8.0,0.0,0.0,8.0,97.5529143754568,0.0,0.0,0.0,0.0,4.0,0.0,4.0,0.0,0.0,0.0,37.51675808477331,52.03615629068348,87834.0,0,0,0,11,DAVIS
709,110128,161.25,417.7896376547369,0.3859597880530911,366.25,6.5,139.25,220.5,394.2750621058179,5.5,1.0,43.5,95.75,61.5,15.75,17.0,126.25,2.500010058662117,0.0,17.769816846328297,7.755235200827458,65047.0,0,0,0,11,DAVIS
710,110129,519.25,1389.5740848519802,0.3736756504460224,1413.75,648.0,142.75,623.0,1503.1641731518582,439.25,208.75,2.75,140.0,51.5,27.75,102.75,441.0,0.0,0.0,65.1472811173743,24.2668920344838,50717.0,0,0,0,11,DAVIS
711,110130,0.0,0.0,0.0,1406.0,1096.5,54.75,254.75,1453.3831115588598,472.75,623.75,3.0,51.75,14.5,12.25,18.5,209.5,0.0,0.0,47.38311155885977,0.0,51122.0,0,0,0,11,DAVIS
712,110131,94.0,269.8341457661074,0.3483621382798578,1370.25,71.5,116.0,1182.75,1427.603504468968,47.0,24.5,7.5,108.5,175.0,159.0,223.75,625.0,3.5011748517353203,0.0,49.34905744608663,4.50327217114619,76224.0,523,0,0,11,DAVIS
713,110132,806.0,2287.7717530857444,0.35230787289547916,44.25,3.0,1.0,40.25,118.43006663938418,3.0,0.0,0.0,1.0,2.75,0.0,15.0,22.5,0.7502937129338301,0.0,35.40335102172011,38.02642190473024,77278.0,0,0,0,11,DAVIS
714,110133,900.75,3080.781936886148,0.2923770712932766,118.75,21.75,0.75,96.25,320.6108305211265,21.75,0.0,0.25,0.5,8.0,57.5,22.0,8.75,1.2497163457282874,0.0,158.83158359176434,41.77953058363387,92042.0,641,0,0,11,DAVIS
715,110134,377.75,1006.5792092481304,0.37528094811551127,14.0,0.0,0.0,14.0,44.713496732769045,0.0,0.0,0.0,0.0,3.75,0.0,0.25,10.0,0.0,0.0,13.201635704549378,17.511861028219663,92898.0,0,0,0,11,DAVIS
716,110135,221.25,808.3449507866962,0.27370740645398406,143.5,19.75,2.0,121.75,166.79904347196813,13.75,6.0,0.0,2.0,5.0,0.25,105.25,11.25,1.00029371293383,0.0,12.29179662621056,10.006953132823748,122221.0,0,0,0,11,DAVIS
717,110136,323.25,1105.4227697132867,0.2924220568424163,49.0,3.5,18.0,27.5,141.05211669728624,3.5,0.0,7.0,11.0,2.75,1.5,1.75,21.5,6.000313830258065,0.0,70.79125049850893,15.260552368519232,86386.0,0,0,0,11,DAVIS
718,110137,256.0,935.1840471250875,0.2737429073849013,141.75,2.25,5.5,134.0,169.16297639927274,2.25,0.0,1.0,4.5,15.75,73.75,3.5,41.0,2.00058742586766,0.0,13.404045214016584,12.008343759388495,104511.0,936,0,0,11,DAVIS
719,110138,0.0,0.0,0.0,1059.75,23.5,779.75,256.5,1118.927893072065,23.5,0.0,261.75,518.0,90.5,8.0,6.75,151.25,0.0,23.464,35.71389307206505,0.0,75567.0,0,0,0,11,DAVIS
720,110139,592.25,1507.3687338767425,0.3929032005837188,2852.25,2042.75,132.75,676.75,3083.355466961827,1639.0,403.75,36.25,96.5,92.0,57.25,117.25,410.25,0.0,0.0,203.33554785388185,27.769919107945007,45532.0,0,0,0,11,DAVIS
721,110140,577.0,1500.672413392577,0.3844943072522893,487.75,30.5,32.75,424.5,551.403012242917,24.25,6.25,3.25,29.5,37.5,145.5,38.75,202.75,0.0,0.0,36.63423878429296,27.01877345862412,59699.0,377,995,0,11,DAVIS
722,110141,184.24999996423463,362.85606659479504,0.5077770965587532,1246.9999997579407,127.49999997525056,37.49999999272075,1081.9999997899695,1308.4857173777577,56.4999999890326,70.99999998621796,2.249999999563245,35.24999999315751,130.24999997471676,385.7499999251208,118.99999997690053,446.99999991323136,1.2502937126911315,0.0,51.47953433801698,8.755889569108659,28499.0,0,0,2051,11,DAVIS
723,110142,1283.0000001805465,2733.457948682638,0.4693688449821865,262.2500000369044,80.50000001132813,0.0,181.75000002557624,414.36632108976346,1.000000000140722,79.50000001118741,0.0,0.0,11.500000001618304,67.00000000942838,9.50000000133686,93.7500000131927,0.0,0.0,92.07460224746745,60.04171880539168,49587.0,379,0,0,11,DAVIS
724,110143,1418.25,3317.792501708192,0.42746796228811856,656.75,172.0,33.5,451.25,819.2376663727986,102.25,69.75,1.75,31.75,53.0,24.75,77.5,296.0,3.0008811388014904,0.0,93.19085377467992,66.29593145931726,80392.0,0,0,0,11,DAVIS
725,110144,212.0,773.3474706430027,0.27413291960951497,111.25,0.0,0.0,111.25,132.90104584100166,0.0,0.0,0.0,0.0,0.0,111.25,0.0,0.0,0.7502937129338301,0.0,10.893798995244076,10.006953132823748,122221.0,0,1165,0,11,DAVIS
726,110145,191.75,659.8485093194395,0.2905970041483747,90.0,0.0,0.0,90.0,110.75169646653272,0.0,0.0,0.0,0.0,0.0,90.0,0.0,0.0,2.25058742586766,0.0,9.494851221123684,9.006257819541371,86386.0,1004,0,0,11,DAVIS
727,110146,42.0,141.2796353038038,0.29728276060229325,0.0,0.0,0.0,0.0,4.417082164511526,0.0,0.0,0.0,0.0,0.0,0.0,0.0,0.0,1.00029371293383,0.0,1.4153978250129464,2.001390626564749,86386.0,0,0,0,11,DAVIS
728,110147,267.25,935.7635729478204,0.28559564373521756,350.75,19.0,25.0,306.75,443.0998229960355,4.25,14.75,5.0,20.0,28.25,149.25,13.25,116.0,12.253524555205962,0.0,67.58754560984755,12.508752830981992,104511.0,742,262,0,11,DAVIS
729,110148,349.749999536199,903.4426460824668,0.38713027445936354,1867.9999975228586,76.4999998985539,1399.99999814347,391.4999994808347,1960.749898896648,76.4999998985539,0.0,486.24999935518736,913.7499987882827,121.24999983921126,5.999999992043444,71.99999990452132,192.24999974505866,2.0005874232146956,0.0,74.73818895928869,16.011124991285755,75567.0,0,0,0,11,DAVIS
730,110149,919.5,2588.0025329428563,0.3552933153254772,271.5,116.75,23.0,131.75,367.6707080925122,110.5,6.25,2.0,21.0,7.5,16.5,12.25,95.5,3.5008811388014904,0.0,49.63992848256856,43.02989847114211,106475.0,0,0,0,11,DAVIS
731,110150,220.0,720.5731545656256,0.3053125121385072,11.75,0.0,0.0,11.75,60.06903034347234,0.0,0.0,0.0,0.0,11.75,0.0,0.0,0.0,7.00205599053681,0.0,31.310021220111786,10.006953132823748,77899.0,0,0,0,11,DAVIS
732,110151,286.0,935.4929412398378,0.30572117371720126,136.0,3.25,2.0,130.75,169.23255672672994,3.25,0.0,0.0,2.0,27.75,62.75,0.75,39.5,6.001762277602981,0.0,14.221755376456096,13.00903907267087,77899.0,0,0,0,11,DAVIS
733,110152,140.75,512.5842832275769,0.27458898878783977,341.5,34.5,45.0,262.0,377.7618507871259,31.5,3.0,2.5,42.5,28.75,36.0,15.5,181.75,7.752927070676183,0.0,21.504056523473075,7.004867192976623,104511.0,0,0,0,11,DAVIS
734,110153,274.75,1003.806091990981,0.27370824125509347,462.5,44.75,59.75,358.0,566.8593807833099,41.5,3.25,5.5,54.25,44.25,40.0,24.0,249.75,9.000617601854012,0.0,82.34972410878507,13.00903907267087,104511.0,0,0,0,11,DAVIS
735,110154,431.25,1617.0385412921612,0.2666912315246314,0.0,0.0,0.0,0.0,35.29788429157885,0.0,0.0,0.0,0.0,0.0,0.0,0.0,0.0,0.7508710801393728,0.0,14.53310694579199,20.01390626564749,104511.0,0,0,0,11,DAVIS
736,110155,267.249997261161,691.2757106006592,0.3866040613938883,10.24999989495566,0.0,3.2499999666932586,6.999999928262403,34.361938112211526,0.0,0.0,0.0,3.2499999666932586,4.749999951320916,0.0,0.24999999743794296,1.9999999795035437,2.5014584803715154,0.0,9.352013433839804,12.258466303044548,76322.0,0,0,0,11,DAVIS
737,110156,695.5,1790.3355836419923,0.3884746560112369,791.25,50.25,86.0,655.0,941.6185797268538,27.0,23.25,53.0,33.0,56.0,114.0,114.25,370.75,0.0,0.0,118.0964116285022,32.27216809835156,57395.0,533,0,0,11,DAVIS
738,110157,165.5,297.7180654516898,0.555895053761376,1155.75,380.75,68.25,706.75,1208.2815266374248,222.5,158.25,4.0,64.25,78.75,27.75,115.75,484.5,0.0,0.0,44.525964131165885,8.005562506258997,28499.0,0,0,0,11,DAVIS
739,110158,1522.75,4019.5857563419568,0.37883256940033194,851.5,129.75,51.5,670.25,1005.5580798046798,79.25,50.5,11.5,40.0,93.0,49.25,136.5,391.5,1.00029371293383,0.0,82.00841884869733,71.0493672430486,86529.0,0,0,0,11,DAVIS
740,110159,2.0,6.63923529457027,0.3012395119714539,0.0,0.0,0.0,0.0,21.073567868039618,0.0,0.0,0.0,0.0,0.0,0.0,0.0,0.0,21.00616797161043,0.0,0.0673998964291878,0.0,86770.0,0,0,0,11,DAVIS
741,110160,175.0,584.1805529810979,0.2995649189398169,0.0,0.0,0.0,0.0,13.90305344381294,0.0,0.0,0.0,0.0,0.0,0.0,0.0,0.0,0.0,0.0,5.897490937553943,8.005562506258997,136398.0,0,0,0,11,DAVIS
742,110161,353.0,1089.710564777759,0.32393922882815457,986.0,10.5,10.0,965.5,1047.1354747187695,8.5,2.0,1.25,8.75,25.75,4.75,864.5,70.5,0.0,0.0,45.12434970625175,16.011125012517994,71381.0,0,0,0,11,DAVIS
743,110162,669.0,2442.115729584757,0.27394279144737865,279.0,9.25,14.75,255.0,349.5710619123047,9.25,0.0,0.0,14.75,19.25,145.5,11.0,79.25,3.0008811388014904,3.352,33.19662606174963,31.021554711753613,110061.0,905,1077,0,11,DAVIS
744,110163,933.25,2596.880195081386,0.35937352896279917,65.0,0.0,0.0,65.0,257.1744806017279,0.0,0.0,0.0,0.0,2.75,56.0,6.25,0.0,8.50264341640447,0.0,140.14157058588938,43.53026659943407,102528.0,697,0,0,11,DAVIS
745,110164,161.0,472.7566117951221,0.34055578702254585,7.75,2.0,3.0,2.75,37.44242448922338,2.0,0.0,0.0,3.0,1.75,0.0,0.0,1.0,0.25,0.0,21.436861982964388,8.005562506258997,95028.0,0,0,0,11,DAVIS
746,110165,138.0,517.4894470958482,0.26667210466697683,220.75,5.5,11.75,203.5,239.84383559637803,4.5,1.0,2.0,9.75,33.75,24.25,17.25,128.25,1.00029371293383,0.0,12.089370003749975,6.0041718796942485,104511.0,0,0,0,11,DAVIS
747,110166,773.25,1950.224330016235,0.3964928485911992,1961.75,398.25,94.25,1469.25,2164.4314187819973,326.25,72.0,14.25,80.0,191.75,246.25,332.75,698.5,0.0,0.0,166.65630561722847,36.02511316476857,42073.0,688,993,0,11,DAVIS
748,110167,428.0,1427.2886097687012,0.2998692745606366,13.75,0.0,0.0,13.75,56.651112669973614,0.0,0.0,0.0,0.0,10.75,0.0,3.0,0.0,2.00058742586766,0.0,20.88661897845846,20.01390626564749,80137.0,0,0,0,11,DAVIS
749,110168,213.75,754.4522301860982,0.28331813658669286,0.0,0.0,0.0,0.0,61.963122085012586,0.0,0.0,0.0,0.0,0.0,0.0,0.0,0.0,3.753200666285778,0.0,48.20296828590306,10.006953132823748,117985.0,0,0,0,11,DAVIS
750,110169,468.5,1559.4154133801844,0.3004330956204163,662.5,371.75,32.5,258.25,722.6302076665529,250.25,121.5,2.75,29.75,25.25,17.75,14.75,200.5,0.0,0.0,38.11491077434063,22.015296892212245,142343.0,0,0,0,11,DAVIS
751,110170,14.25,49.5090120051193,0.2878263860027449,1987.5,288.75,655.0,1043.75,2060.711281113367,277.75,11.0,303.75,351.25,609.0,2.75,176.25,255.75,0.0,0.0,72.21058580008453,1.0006953132823746,126801.0,0,0,0,11,DAVIS
752,110171,57.0,144.44925673009726,0.39460223811676803,2856.5,364.5,234.75,2257.25,2987.199610427208,186.25,178.25,86.75,148.0,229.0,109.0,866.0,1053.25,1.5011647930732028,0.0,126.19635969428752,3.002085939847124,42073.0,0,0,0,11,DAVIS
753,110172,1.0,2.8556941178281083,0.3501775605997143,0.0,0.0,0.0,0.0,10.036637077552896,0.0,0.0,0.0,0.0,0.0,0.0,0.0,0.0,10.0029371293383,0.0,0.0336999482145939,0.0,117985.0,0,0,0,11,DAVIS
754,110173,459.75,1912.2944004770595,0.24041800252372558,117.5,6.75,7.75,103.0,169.9682618325378,6.75,0.0,0.25,7.5,16.5,46.75,4.75,35.0,4.00117485173532,0.0,27.452485401872607,21.01460157892987,117985.0,0,0,0,11,DAVIS
755,110174,511.25,2041.7343023101864,0.2503998681030777,0.0,0.0,0.0,0.0,53.99695791716622,0.0,0.0,0.0,0.0,0.0,0.0,0.0,0.0,3.0008811388014904,0.0,26.97938925958774,24.01668751877699,142343.0,0,0,0,11,DAVIS
756,110175,453.0,1611.8810804306097,0.2810381023139637,883.75,31.0,102.0,750.75,949.8140499453086,27.75,3.25,4.5,97.5,36.0,119.5,110.5,484.75,0.0,0.0,45.049448366378776,21.01460157892987,126801.0,0,0,0,11,DAVIS
757,110176,691.0,1451.8305556104633,0.4759508589550586,663.75,227.5,41.0,395.25,759.9333272121694,53.5,174.0,9.0,32.0,46.25,25.75,73.25,250.0,0.0,0.0,64.16103624383189,32.02229096833753,65523.0,0,0,0,11,DAVIS
758,110177,694.75,1697.983231166879,0.40916187347890215,1310.25,108.75,59.5,1142.0,1432.8327011816707,60.0,48.75,6.5,53.0,117.75,335.0,96.25,593.0,0.0,0.0,90.31045127707574,32.272249904594865,64608.0,1332,0,0,11,DAVIS
759,110178,276.0,1147.248388320297,0.24057562669937207,13.25,0.0,2.0,11.25,98.00649709134863,0.0,0.0,1.0,1.0,11.25,0.0,0.0,0.0,7.750030175986352,0.0,63.99742784269141,13.00903907267087,118349.0,0,0,0,11,DAVIS
760,110179,604.25,2211.281340037752,0.27325785690828647,201.0,1.0,2.5,197.5,273.1604086337588,1.0,0.0,0.25,2.25,15.25,128.5,3.0,50.75,15.503828326801909,0.0,28.637111535050387,28.01946877190649,96452.0,601,1057,0,11,DAVIS
761,110180,323.0,1198.6559172294767,0.26946848996213085,1315.5,4.25,7.0,1304.25,1388.7277583945006,3.25,1.0,1.25,5.75,47.5,1055.25,63.75,137.75,2.00058742586766,0.0,56.21674126939721,15.01042969923562,85057.0,5,29,2765,11,DAVIS
762,110181,395.25,1576.862540883789,0.2506559638219784,388.25,4.0,7.5,376.75,438.41804884917497,3.0,1.0,1.25,6.25,39.25,234.0,12.0,91.5,4.00117485173532,0.0,27.90423568907328,18.262638308366355,141418.0,1239,946,0,11,DAVIS
763,110182,396.25,1582.7342809968295,0.25035788050944086,0.0,0.0,0.0,0.0,32.86715079882686,0.0,0.0,0.0,0.0,0.0,0.0,0.0,0.0,1.00029371293383,0.0,13.35401426181987,18.51284282407316,126801.0,0,0,0,11,DAVIS
764,110183,1144.0,3439.502049800711,0.3326062852808257,140.0,3.5,9.75,126.75,301.5504272102855,3.5,0.0,1.0,8.75,19.75,75.75,4.25,27.0,4.00117485173532,0.0,104.01203266647224,53.53721969207793,105493.0,604,0,0,11,DAVIS
765,110184,338.25,1350.7630111262376,0.25041402319565614,225.25,3.0,46.0,176.25,261.25003486464146,2.0,1.0,1.25,44.75,14.5,79.5,7.75,74.5,1.00029371293383,0.0,18.98861613918965,16.011125012517994,126765.0,890,0,0,11,DAVIS
766,110185,189.75,442.588316766802,0.4287279912541806,66.5,0.0,41.5,25.0,89.14305593582034,0.0,0.0,0.0,41.5,4.0,2.0,7.25,11.75,5.001468564669151,0.0,8.635329551609813,9.006257819541371,101962.0,0,0,0,11,DAVIS
767,110186,229.0,666.7073748861892,0.3434790263705897,123.5,40.25,7.25,76.0,160.6347999572402,40.25,0.0,0.0,7.25,13.25,1.25,6.25,55.25,2.750010058662117,0.0,23.62734596817876,10.757443930399315,97322.0,0,0,0,11,DAVIS
768,110187,528.0,1558.8368566198992,0.3387140852859277,19.0,0.0,11.0,8.0,73.20033868444561,0.0,0.0,11.0,0.0,2.0,0.0,3.0,3.0,0.0,0.0,29.43316036809305,24.76717831635256,113253.0,0,0,0,11,DAVIS
769,110188,591.0,1536.7085548493478,0.384588214944856,425.0,21.75,8.5,394.75,487.7579942356697,1.75,20.0,0.0,8.5,8.0,2.0,4.25,380.5,0.0,0.0,34.98864813304683,27.76934610262288,70939.0,0,0,0,11,DAVIS
770,110189,656.5,1927.88290233751,0.3405289808857219,117.75,0.0,7.5,110.25,176.61371264533736,0.0,0.0,7.5,0.0,19.25,89.0,2.0,0.0,0.0,0.0,27.84215793358373,31.021554711753613,101843.0,0,0,0,11,DAVIS
771,110190,543.0,1764.0467295308952,0.307814975028693,1639.25,113.25,84.25,1441.75,1737.8169219717074,92.75,20.5,7.5,76.75,221.5,51.0,222.0,947.25,0.0,0.0,73.54953913964798,25.017382832059365,96104.0,0,0,0,11,DAVIS
772,110191,291.75,991.8100544683108,0.29415914739481164,0.0,0.0,0.0,0.0,39.59172124912668,0.0,0.0,0.0,0.0,0.0,0.0,0.0,0.0,0.0,0.0,25.58198686317343,14.009734385953244,130258.0,0,0,0,11,DAVIS
773,110192,450.25,1464.8506372469665,0.30736922151066387,28.75,9.0,0.75,19.0,90.40707617729537,9.0,0.0,0.75,0.0,0.0,2.5,6.25,10.25,0.0,0.0,40.64247459836549,21.01460157892987,124352.0,0,0,0,11,DAVIS
774,110193,254.25,865.7013156713175,0.29369251888318904,1022.25,237.75,48.25,736.25,1093.7810034106203,186.0,51.75,2.5,45.75,79.75,22.5,169.25,464.75,1.00029371293383,0.0,58.522365938298,12.008343759388495,132619.0,0,0,0,11,DAVIS
775,110194,2199.0,5130.059067066688,0.4286500352631153,1328.25,368.75,38.75,920.75,2031.1492920847088,124.25,244.5,6.5,32.25,115.75,103.5,208.5,493.0,10.25235976213276,0.0,590.0759697858941,102.57096253668183,101962.0,0,0,0,11,DAVIS
776,110195,890.25,2102.711199761632,0.4233819651985117,262.5,23.25,3.25,236.0,342.6235302466007,23.25,0.0,0.25,3.0,37.75,40.0,53.5,104.75,0.0,0.0,38.84489973273969,41.278630513860975,101962.0,0,0,0,11,DAVIS
777,110196,462.0,1182.2657060197737,0.39077510042592145,1032.0,195.5,74.25,762.25,1211.921664709095,100.75,94.75,23.75,50.5,80.5,91.25,169.0,421.5,1.2511647930732028,0.0,156.9052847899715,21.76521512605029,124658.0,675,0,0,11,DAVIS
778,110197,843.75,3787.810980275178,0.22275398756532014,14.75,0.0,13.75,1.0,95.45738491764932,0.0,0.0,9.75,4.0,1.0,0.0,0.0,0.0,1.7511647930732028,0.0,39.42877572157309,39.52744440300303,101962.0,0,0,0,11,DAVIS
779,110198,260.5,840.8707899196748,0.30979789418643566,11.0,0.0,0.75,10.25,57.90763007316043,0.0,0.0,0.0,0.75,10.25,0.0,0.0,0.0,0.0,0.0,34.89928631377194,12.008343759388495,123921.0,0,0,0,11,DAVIS
780,110199,350.0,1171.6105653237246,0.29873407628693793,4047.0,1993.5,92.25,1961.25,4216.699396158967,1323.0,670.5,11.0,81.25,132.25,92.5,515.5,1221.0,0.0,0.0,153.43798474413845,16.26141141482788,101962.0,0,0,0,11,DAVIS
781,110200,8.5,22.65006613155867,0.3752748424940281,2358.75,13.0,2.25,2343.5,2441.2762437952347,13.0,0.0,0.5,1.75,18.75,41.25,4.0,2279.5,0.0,0.0,82.2760392795281,0.2502045157068063,124658.0,0,0,0,11,DAVIS
782,110201,301.25,922.9091411579892,0.3264134968064318,49.75,0.0,16.0,33.75,112.09214525715151,0.0,0.0,14.75,1.25,2.0,5.75,1.5,24.5,0.2508710801393728,0.0,48.3316624603425,13.759611716669632,77668.0,0,0,0,11,DAVIS
783,110202,6.5,25.75278472990535,0.25239988871773905,91.5,7.0,8.0,76.5,120.55642325183211,6.0,1.0,1.25,6.75,4.75,9.25,2.0,60.5,15.503828326801909,0.0,13.552594925030208,0.0,101962.0,0,0,0,11,DAVIS
784,110203,325.25,1462.5555979325372,0.22238470828717358,358.5,24.25,26.25,308.0,431.5526789891916,22.25,2.0,2.5,23.75,17.75,77.0,10.75,202.5,6.001762277602981,0.0,51.790364343069385,15.260552368519232,101962.0,525,0,0,11,DAVIS
785,110204,701.5,2264.0048314983023,0.30984916208670465,18.0,0.0,0.0,18.0,243.2846243592705,0.0,0.0,0.0,0.0,0.0,18.0,0.0,0.0,10.252653475066587,0.0,182.5089843215219,32.52298656268204,101962.0,835,0,0,11,DAVIS
786,110205,316.7499998698455,1087.31879589949,0.29131290755239125,899.4999996303901,1.999999999178188,32.74999998654283,864.7499996446691,967.5012658557447,1.999999999178188,0.0,1.999999999178188,30.749999987364642,38.49999998418012,751.4999996912042,10.999999995480035,63.74999997380474,3.5008811373629576,0.0,49.49003724134722,15.010347846644583,101962.0,321,139,1879,11,DAVIS
787,110206,324.49999997004363,887.0047016259326,0.36583797061640794,2120.749999804222,40.24999999628431,106.99999999012225,1973.4999998178157,2225.4192016141997,28.749999997345935,11.499999998938373,80.2499999925917,26.749999997530562,140.74999998700662,814.999999924763,232.49999997853666,785.2499999275093,0.0,0.0,89.65877211212717,15.010429697849927,90151.0,524,1242,0,11,DAVIS
788,110207,224.25,650.3630041443673,0.344807436110282,236.25,4.0,25.0,207.25,275.7747556811489,3.0,1.0,0.0,25.0,3.75,123.75,48.5,31.25,0.0,0.0,29.01743442003321,10.507321261115704,101682.0,0,0,0,11,DAVIS
789,110208,497.75,1381.5241389437765,0.36029048350942844,2.75,0.0,0.0,2.75,44.1327935935816,0.0,0.0,0.0,0.0,0.0,2.75,0.0,0.0,0.0,0.0,18.366801388086976,23.01599220549462,92158.0,0,0,0,11,DAVIS
790,110209,350.5,1012.055143620446,0.3463250023572323,31.5,0.0,4.0,27.5,92.63471802684528,0.0,0.0,0.0,4.0,3.0,4.0,1.25,19.25,0.0,0.0,45.12359301432729,16.011125012517994,101784.0,0,0,0,11,DAVIS
791,110210,0.0,0.0,0.0,141.0,8.0,51.25,81.75,152.75565195127513,6.75,1.25,5.0,46.25,2.75,0.0,6.75,72.25,7.00205599053681,0.0,4.75359596073833,0.0,80062.0,0,0,0,11,DAVIS
792,110211,40.75,108.25096544972126,0.37644006065633595,22.25,1.0,9.25,12.0,27.124077406596424,1.0,0.0,0.0,9.25,0.0,0.0,0.5,11.5,0.7494226327944573,0.0,2.123264147237219,2.001390626564749,80062.0,0,0,0,11,DAVIS
793,110212,617.0,1846.6287785593863,0.33412237866310157,2.0,0.0,0.0,2.0,80.63075699277036,0.0,0.0,0.0,0.0,0.0,0.0,2.0,0.0,1.00029371293383,0.0,48.61029919464765,29.020164085188867,110490.0,0,0,0,11,DAVIS
794,110213,0.0,0.0,0.0,187.25,5.25,59.0,123.0,242.82953174090517,3.25,2.0,38.5,20.5,10.75,27.75,3.75,80.75,49.26844356285859,0.0,6.31108817804656,0.0,80062.0,0,0,0,11,DAVIS
795,110214,379.5,1312.4476509410915,0.2891543900649136,45.0,0.0,0.0,45.0,84.8163142521785,0.0,0.0,0.0,0.0,0.0,45.0,0.0,0.0,1.7497163457282874,0.0,20.054082267367452,18.012515639082743,123864.0,504,0,0,11,DAVIS
796,110215,324.5,1024.556270104301,0.3167224772993342,0.0,0.0,0.0,0.0,27.696069670273484,0.0,0.0,0.0,0.0,0.0,0.0,0.0,0.0,2.00058742586766,0.0,10.935298004178549,14.760184240227275,110490.0,0,0,0,11,DAVIS
797,110216,443.0,1091.5652856400618,0.40583921624095787,0.0,0.0,0.0,0.0,35.943709887808986,0.0,0.0,0.0,0.0,0.0,0.0,0.0,0.0,0.0,0.0,14.929108308879115,21.01460157892987,107834.0,0,0,0,11,DAVIS
798,110217,394.0,967.4096594490552,0.40727317135161234,56.25,0.0,0.0,56.25,89.43589035113803,0.0,0.0,0.0,0.0,0.0,56.25,0.0,0.0,0.0,0.0,15.173374712055288,18.012515639082743,107112.0,669,0,0,11,DAVIS
799,110218,504.25,1396.84357752224,0.3609924605119012,41.25,11.0,5.75,24.5,83.64917653009817,11.0,0.0,3.0,2.75,1.0,3.25,3.75,16.5,0.0,0.0,18.882693406586867,23.516483123511307,90058.0,0,0,0,11,DAVIS
800,110219,0.0,0.0,0.0,9.0,0.0,0.0,9.0,14.304663188510675,0.0,0.0,0.0,0.0,1.0,2.25,0.0,5.75,5.001468564669151,0.0,0.3031946238415247,0.0,80062.0,0,0,0,11,DAVIS
801,110220,62.25,214.88540202483773,0.28968929212234146,583.5,52.75,354.5,176.25,607.7574231573361,49.25,3.5,186.5,168.0,57.75,16.25,1.25,101.0,0.0,0.0,21.75558255605622,2.501840601279901,80062.0,0,0,0,11,DAVIS
802,110221,257.5,606.1388259567233,0.4248201715070218,1342.5,270.75,15.5,1056.25,1408.430643329034,21.75,249.0,2.0,13.5,250.25,20.25,156.75,629.0,0.0,0.0,53.92229956964543,12.008343759388495,77766.0,0,0,0,11,DAVIS
803,110222,568.25,1344.3951090040243,0.4226807998587408,568.5,379.25,19.0,170.25,635.5694437170084,238.5,140.75,2.25,16.75,23.0,4.5,4.5,138.25,0.0,0.0,40.55103838667627,26.51840533033216,77766.0,0,0,0,11,DAVIS
804,110223,261.5,612.9222693243777,0.4266446384600296,0.0,0.0,0.0,0.0,20.82085752418752,0.0,0.0,0.0,0.0,0.0,0.0,0.0,0.0,0.0,0.0,8.81251376479902,12.008343759388495,77766.0,0,0,0,11,DAVIS
805,110224,739.75,2287.168146994747,0.3234348996036884,0.0,0.0,0.0,0.0,62.45412293899449,0.0,0.0,0.0,0.0,0.0,0.0,0.0,0.0,0.0,0.0,27.679909643394986,34.7742132955995,102651.0,0,0,0,11,DAVIS
806,110225,530.5,1556.7213896591345,0.3407803114442722,1639.25,128.75,238.0,1272.5,1757.6246113436448,105.25,23.5,164.0,74.0,383.5,26.0,89.5,773.5,1.00029371293383,0.0,92.6066072523378,24.767710378373152,80062.0,0,0,0,11,DAVIS
807,110226,67.25,182.53568275164872,0.36842111627838736,2924.0,1027.25,145.0,1751.75,3027.8080818863,791.25,236.0,28.0,117.0,252.75,141.75,108.75,1248.5,0.0,0.0,100.80599594645273,3.002085939847124,55206.0,0,0,0,11,DAVIS
808,110227,624.0,1676.1765008925308,0.37227583113576185,1433.0,708.75,64.75,659.5,1536.346104776482,483.75,225.0,8.5,56.25,74.75,53.25,86.25,445.25,0.0,0.0,74.07577707870787,29.270327697774015,55206.0,0,0,0,11,DAVIS
809,110228,313.25,849.3135333382854,0.3688272795662978,395.0,65.0,35.75,294.25,442.62945587430414,29.0,36.0,3.75,32.0,39.75,100.25,56.0,98.25,0.0,0.0,32.869148844352125,14.760307029952008,55206.0,385,0,0,11,DAVIS
810,110229,316.0,771.5747215281904,0.40955203842620264,538.5,132.25,49.5,356.75,582.3088051553341,121.75,10.5,5.0,44.5,47.5,45.0,20.25,244.0,0.0,0.0,28.79837545609848,15.01042969923562,70467.0,0,0,0,11,DAVIS
811,110230,445.0,1068.2801360132603,0.4165574038104892,0.0,0.0,0.0,0.0,39.01038359808452,0.0,0.0,0.0,0.0,0.0,0.0,0.0,0.0,0.0,0.0,17.99578201915465,21.01460157892987,70467.0,0,0,0,11,DAVIS
812,110231,299.0,722.1004183496326,0.41406983350510634,120.0,1.0,1.0,118.0,148.1304181914068,0.0,1.0,0.0,1.0,0.0,117.75,0.25,0.0,0.0,0.0,14.12068380545354,14.009734385953244,70467.0,409,1011,0,11,DAVIS
813,110232,30.75,107.52279105811223,0.2859858798064563,21.75,0.0,1.0,20.75,27.02137691790273,0.0,0.0,0.0,1.0,1.0,2.0,1.0,16.75,2.00058742586766,0.0,1.769848840185475,1.5009406518495974,80062.0,0,0,0,11,DAVIS
814,110233,233.5,642.9130850756601,0.3631906169284468,12.75,0.0,3.75,9.0,37.05718126515596,0.0,0.0,3.75,0.0,0.0,0.0,9.0,0.0,2.00058742586766,0.0,11.298945393182183,11.00764844610612,80062.0,0,0,0,11,DAVIS
815,110234,442.5,1197.765043628435,0.3694380649643255,3.25,0.0,2.25,1.0,39.03623991823225,0.0,0.0,0.25,2.0,0.0,0.0,0.0,1.0,0.0,0.0,15.021883798310723,20.764356119921523,80062.0,0,0,0,11,DAVIS
816,110235,2.0,4.783541176742163,0.4181002997787724,107.25,0.25,55.25,51.75,111.93184992390876,0.25,0.0,0.0,55.25,2.0,0.75,0.25,48.75,1.00029371293383,0.0,3.681556210974935,0.0,86612.0,0,0,0,11,DAVIS
817,110236,95.0,254.3551433463586,0.37349352857644913,87.5,15.25,11.5,60.75,109.905541613454,11.0,4.25,1.75,9.75,8.25,7.0,3.5,42.0,11.003230842272131,0.0,7.149406848768757,4.25290392241311,86612.0,0,0,0,11,DAVIS
818,110237,394.25,1252.0440113732795,0.3148850970243248,25.0,0.0,3.0,22.0,57.39200214427534,0.0,0.0,0.0,3.0,0.0,0.0,0.0,22.0,0.0,0.0,14.12924104618425,18.26276109809109,98096.0,0,0,0,11,DAVIS
819,110238,497.0,1583.2756324191555,0.313906176425271,149.25,2.0,2.0,145.25,199.294262126507,1.0,1.0,1.0,1.0,10.75,98.25,4.5,31.75,0.0,0.0,27.028269921012377,23.01599220549462,98096.0,663,0,0,11,DAVIS
820,110239,8.75,24.99089884173124,0.35012746261806105,28.25,17.5,6.25,4.5,37.24789149494072,1.0,16.5,1.25,5.0,0.0,0.0,0.5,4.0,7.501478623331268,0.0,1.2462083559026431,0.2502045157068063,86612.0,0,0,0,11,DAVIS
821,110240,84.25,221.80036616382748,0.3798460816686424,194.5,68.5,35.25,90.75,227.6515912889549,42.0,26.5,4.75,30.5,14.0,12.75,4.5,59.5,4.00117485173532,0.0,24.897512514806458,4.25290392241311,86612.0,0,0,0,11,DAVIS
822,110241,75.5,198.2047837723817,0.3809191612988725,108.5,63.0,11.0,34.5,128.00749313719902,4.0,59.0,1.0,10.0,4.75,0.0,1.25,28.5,0.0,10.056,6.199284528068286,3.252208609130736,86612.0,0,0,0,11,DAVIS
823,110242,104.0,274.7238588401859,0.37856195104080687,179.0,56.75,16.75,105.5,193.53971370190516,17.0,39.75,7.5,9.25,32.25,3.25,10.5,59.5,0.0,0.0,9.53623713549324,5.003476566411874,86612.0,0,0,0,11,DAVIS
824,110243,0.0,0.0,0.0,2762.5,1355.5,147.25,1259.75,2855.596038862864,926.0,429.5,41.75,105.5,190.5,110.0,80.5,878.75,0.0,0.0,93.09603886286392,0.0,65803.0,0,0,0,11,DAVIS
825,110244,792.25,1895.928501579144,0.4178691334299392,1771.5,327.0,120.25,1324.25,1895.921543454422,210.75,116.25,48.75,71.5,183.25,192.75,208.75,739.5,0.0,0.0,87.39569407324957,37.02584938117259,65836.0,432,0,0,11,DAVIS
826,110245,810.749999696098,2076.328708536144,0.3904728554602003,1859.9999993027964,106.99999995989205,37.74999998584977,1715.2499993570545,1988.7805818487743,60.249999977415854,46.749999982476204,9.999999996251594,27.749999989598173,168.99999993665193,279.99999989504465,386.4999998551241,879.7499996702339,0.0,0.0,90.75416065550138,38.02642189047639,64732.0,0,641,1455,11,DAVIS
827,110246,629.25,1894.83313630958,0.33208728934598514,1484.75,274.0,82.5,1128.25,1588.013248105893,176.0,98.0,16.0,66.5,100.25,179.5,127.75,720.75,0.0,0.0,73.99296135142053,29.27028675447248,56288.0,420,0,0,11,DAVIS
828,110247,729.0,2188.71846727746,0.333071617432278,0.0,0.0,0.0,0.0,59.334471376742925,0.0,0.0,0.0,0.0,0.0,0.0,0.0,0.0,0.7494226327944573,0.0,24.561612728495664,34.02343601545281,86966.0,0,0,0,11,DAVIS
829,110248,374.75,1140.6887829109137,0.3285295740733759,0.0,0.0,0.0,0.0,29.88977633415068,0.0,0.0,0.0,0.0,0.0,0.0,0.0,0.0,0.0,0.0,12.62771054934197,17.262065784808712,98520.0,0,0,0,11,DAVIS
830,110249,764.5,2265.7587458804733,0.33741456427785543,1620.25,497.5,81.75,1041.0,1739.3895298525788,283.25,214.25,14.75,67.0,237.25,99.75,121.25,582.75,0.0,0.0,83.11449857441326,36.025031278165486,54513.0,0,0,0,11,DAVIS
831,110250,427.25,1284.8065356015345,0.3325403383007898,1983.25,399.25,133.25,1450.75,2148.814726392651,238.75,160.5,27.25,106.0,177.25,325.5,216.5,731.5,0.0,26.816,118.98502464271048,19.763701749940687,56066.0,0,0,0,11,DAVIS
832,110251,618.2499926937404,1963.860638038084,0.31481357725636694,2045.2499758299596,229.24999729080466,118.74999859665454,1697.2499799425004,2183.528292994389,182.249997846234,46.99999944457064,43.4999994859324,75.24999911072214,148.249998248034,127.99999848734132,605.9999928385065,814.9999903686186,0.0,0.0,109.25815342219062,29.020163742238843,56292.0,0,0,0,11,DAVIS
833,110252,431.7500103814652,1380.2468642039635,0.31280636933775646,3113.250074858359,167.0000040155291,75.50000181540386,2870.750069027426,3252.8878600926537,161.00000387125857,6.000000144270507,25.75000061916092,49.75000119624295,259.75000624571067,144.00000346249215,1633.5000392776453,833.5000200415778,0.0,0.0,119.37383769871805,20.263947535576346,55977.0,0,0,0,11,DAVIS
834,110253,347.0,1022.7034222711192,0.3392968014416306,61.75,0.0,0.0,61.75,94.03570522335008,0.0,0.0,0.0,0.0,0.0,61.5,0.0,0.25,0.0,0.0,16.27458021083208,16.011125012517994,98019.0,503,0,0,11,DAVIS
835,110254,566.75,2041.0979482147984,0.27766918314512806,96.0,1.0,6.0,89.0,146.10376494128684,0.0,1.0,0.0,6.0,18.5,51.5,3.25,15.75,0.0,0.0,23.585359610954697,26.51840533033216,109178.0,476,0,0,11,DAVIS
836,110255,262.5,695.3349082449031,0.37751592345992957,1315.75,627.25,102.25,586.25,1380.942503377486,193.25,434.0,10.25,92.0,89.75,63.5,36.5,396.5,0.0,0.0,53.18415961809751,12.008343759388495,64364.0,0,0,0,11,DAVIS
837,110256,349.0,772.0993271436962,0.45201438173905734,2120.0,660.0,101.75,1358.25,2219.467966712025,538.0,122.0,24.0,77.75,109.25,119.0,195.0,935.0,0.0,0.0,83.20659624049858,16.26137047152634,52737.0,0,0,0,11,DAVIS
838,110257,518.000007716682,1180.4793873861504,0.43880478833573855,471.5000070239683,40.75000060705558,15.000000223456043,415.75000619345667,528.862243935676,22.500000335184065,18.25000027187152,4.000000059588278,11.000000163867766,50.500000752302014,197.00000293472272,58.50000087147857,109.75000163495339,0.0,0.0,33.345549035152516,24.016687876555256,49784.0,0,690,0,11,DAVIS
839,110258,315.49997757243347,642.5652067158466,0.49100071755356184,123.49999122090503,0.0,0.0,123.49999122090503,153.30459115757392,0.0,0.0,0.0,0.0,0.0,123.24999123867647,0.0,0.2499999822285527,0.0,0.0,14.79417130446151,15.010428632207379,116123.0,0,0,1440,11,DAVIS
840,110259,474.5,1398.4028740584645,0.3393156641783061,171.5,12.25,22.25,137.0,216.5357045088336,12.25,0.0,2.75,19.5,16.5,54.0,19.0,47.5,0.0,0.0,23.02040761662133,22.015296892212245,67763.0,526,0,0,11,DAVIS
841,110260,367.5,1102.818921058395,0.33323693761737755,114.0,37.25,1.0,75.75,147.23756823801517,37.25,0.0,0.0,1.0,2.0,66.75,0.75,6.25,0.0,0.0,16.22574791221481,17.011820325800368,96735.0,482,0,0,11,DAVIS
842,110261,503.75,1361.3127157532049,0.3700472302730814,26.5,4.0,4.0,18.5,68.6352673431758,0.0,4.0,4.0,0.0,7.5,0.0,6.0,5.0,0.0,0.0,18.61894795269076,23.51631939048504,126876.0,0,0,0,11,DAVIS
843,110262,176.25,516.3016993612365,0.341370172164947,0.0,0.0,0.0,0.0,14.200614818818543,0.0,0.0,0.0,0.0,0.0,0.0,0.0,0.0,0.0,0.0,5.944929643275933,8.25568517554261,130534.0,0,0,0,11,DAVIS
844,110263,480.75,1069.7009726801657,0.44942466378755125,846.25,278.0,39.5,528.75,912.9838119605748,189.25,88.75,5.25,34.25,21.5,96.0,90.0,321.25,0.0,0.0,44.71851506836269,22.015296892212245,70250.0,0,1060,0,11,DAVIS
845,110264,244.5,614.0067468944745,0.39820409341857066,986.0,158.25,30.25,797.5,1067.7079172438,155.0,3.25,9.0,21.25,117.25,37.0,341.75,301.5,0.0,0.0,70.45022797483348,11.257689268966535,70250.0,0,0,0,11,DAVIS
846,110265,430.75,1120.8361340331785,0.3843113073540946,304.5,149.0,53.5,102.0,350.2916149939681,127.25,21.75,3.0,50.5,7.75,10.0,6.5,77.75,1.00029371293383,0.0,24.77741501538681,20.01390626564749,61472.0,0,0,0,11,DAVIS
847,110266,554.5,1807.789047970174,0.3067282660123453,693.5,159.5,59.0,475.0,761.5771990731934,132.0,27.5,12.5,46.5,65.5,40.5,31.0,338.0,0.0,0.0,42.05912092785162,26.01807814534174,75541.0,0,0,0,11,DAVIS
848,110267,957.25,2837.300011210878,0.33738060699174116,0.0,0.0,0.0,0.0,77.29043264447147,0.0,0.0,0.0,0.0,0.0,0.0,0.0,0.0,0.0,0.0,32.259143546764605,45.03128909770686,98234.0,0,0,0,11,DAVIS
849,110268,199.00000000000054,597.2785694750659,0.3331778673641296,84.75000000000023,0.0,0.0,84.75000000000023,120.56501418715621,0.0,0.0,0.0,0.0,0.0,84.75000000000023,0.0,0.0,0.0,0.0,26.80871542431302,9.006298762842937,114098.0,0,1130,0,11,DAVIS
850,110269,355.0,1138.1029637675647,0.3119225687848238,68.5,0.0,0.0,68.5,99.7835895414598,0.0,0.0,0.0,0.0,0.0,68.25,0.25,0.0,0.0,0.0,14.271769215659432,17.011820325800368,82709.0,493,0,0,11,DAVIS
851,110270,208.0,665.4286000446286,0.31258049321302084,3.0,0.0,0.0,3.0,20.117642206103078,0.0,0.0,0.0,0.0,0.0,0.0,3.0,0.0,0.0,0.0,7.110689073279326,10.006953132823748,78307.0,0,0,0,11,DAVIS
852,110271,518.0,1635.1278589325211,0.31679479813778705,166.5,1.0,4.0,161.5,213.8342793783493,1.0,0.0,1.0,3.0,14.75,79.75,3.5,63.5,0.0,0.0,23.317591859572264,24.01668751877699,90295.0,723,0,0,11,DAVIS
853,110272,364.75,1061.3287919866586,0.3436729529566791,0.0,0.0,0.0,0.0,30.302922015671264,0.0,0.0,0.0,0.0,0.0,0.0,0.0,0.0,0.0,0.0,13.291101689870896,17.011820325800368,130534.0,0,0,0,11,DAVIS
854,110273,311.0,777.4751547386616,0.4000127825364898,102.0,11.25,3.25,87.5,130.9284034017731,11.25,0.0,0.25,3.0,41.25,5.25,4.0,37.0,0.0,0.0,13.917973702537486,15.01042969923562,57827.0,0,0,0,11,DAVIS
855,110274,366.5,984.4480208058516,0.37228984390662867,454.25,211.75,24.5,218.0,498.92095479523806,113.25,98.5,11.0,13.5,30.75,10.25,11.0,166.0,0.0,0.0,27.659134469437685,17.011820325800368,70250.0,0,0,0,11,DAVIS
856,110275,524.75,1479.9695295395272,0.3545681107118935,311.0,36.0,27.75,247.25,363.430467697724,29.5,6.5,6.75,21.0,24.25,38.5,14.25,170.25,0.0,0.0,28.163575663240103,24.2668920344838,80298.0,0,0,0,11,DAVIS
857,110276,692.75,2220.681795332333,0.3119537438709572,0.0,0.0,0.0,0.0,55.36776582553718,0.0,0.0,0.0,0.0,0.0,0.0,0.0,0.0,0.0,0.0,23.34551580050119,32.02225002503599,109542.0,0,0,0,11,DAVIS
858,110277,425.75,1499.9856436444293,0.28383604990083744,4.75,0.0,0.0,4.75,39.269939694295445,0.0,0.0,0.0,0.0,0.0,4.75,0.0,0.0,0.0,0.0,14.5059106791031,20.014029015192342,153361.0,0,0,0,11,DAVIS
859,110278,0.0,0.0,0.0,0.0,0.0,0.0,0.0,4.00117485173532,0.0,0.0,0.0,0.0,0.0,0.0,0.0,0.0,4.00117485173532,0.0,0.0,0.0,86612.0,0,0,0,11,DAVIS
860,110279,97.0,258.9097033018618,0.37464799025669615,65.5,1.25,2.25,62.0,78.98065323321617,1.25,0.0,1.0,1.25,27.0,19.0,1.0,15.0,3.0008811388014904,0.0,5.47629552800281,5.003476566411874,86612.0,0,0,0,11,DAVIS
861,110280,18.75,54.71264768602291,0.3426995547281829,53.0,0.0,52.75,0.25,99.66978764576622,0.0,0.0,0.25,52.5,0.0,0.0,0.25,0.0,2.7508811388014904,0.0,43.1681701299397,0.750736377025037,86612.0,0,0,0,11,DAVIS
862,110281,294.0,986.1739059498844,0.2981218608870194,468.0,275.0,89.0,104.0,520.6929526279027,128.75,146.25,22.0,67.0,9.75,7.75,9.75,76.75,13.003818268139792,0.0,25.67939997380968,14.009734385953244,91485.0,0,0,0,11,DAVIS
863,110282,250.0,811.3474706430027,0.3081293885120169,353.75,156.5,152.5,44.75,387.1045431514552,7.25,149.25,70.75,81.75,2.5,2.0,4.75,35.5,1.00029371293383,0.0,20.345905679132866,12.008343759388495,75093.0,0,0,0,11,DAVIS
864,110283,374.0,988.9306166925776,0.37818628899449164,927.5,93.25,409.25,425.0,988.3741351334504,53.25,40.0,381.5,27.75,157.5,80.5,30.75,156.25,0.0,0.0,43.86231480764996,17.011820325800368,54577.0,561,0,0,11,DAVIS
865,110284,194.0,321.3471075369555,0.6037085613963077,2718.0,520.75,158.5,2038.75,2825.1422145995607,337.5,183.25,25.5,133.0,441.75,50.5,563.5,983.0,0.0,0.0,98.13595678001916,9.006257819541371,44001.0,0,0,0,11,DAVIS
866,110285,601.0,1774.7265295262785,0.33864372341378296,432.0,12.75,325.0,94.25,494.831824055506,3.75,9.0,187.25,137.75,8.5,0.5,1.25,84.0,0.0,0.0,34.8123552835995,28.01946877190649,86612.0,582,0,0,11,DAVIS
867,110286,3.0,11.350623530226487,0.2643026607314619,1630.0,365.75,641.25,623.0,1686.0407726386543,133.5,232.25,177.75,463.5,82.75,15.75,142.25,382.25,1.00029371293383,0.0,55.04047892572069,0.0,91485.0,0,0,0,11,DAVIS
868,110287,820.0,2909.5115766744498,0.2818342455049634,766.5,69.0,129.25,568.25,857.9929920441937,25.75,43.25,25.75,103.5,59.75,189.25,20.25,299.0,0.0,0.0,53.46657013946346,38.02642190473024,91485.0,0,0,0,11,DAVIS
869,110288,12.0,37.05187059067946,0.32387028802315443,381.25,73.0,225.75,82.5,395.5056603134908,18.0,55.0,137.25,88.5,11.0,7.5,9.25,54.75,0.0,0.0,13.254965000208331,1.0006953132823746,75093.0,0,0,0,11,DAVIS
870,110289,324.0,1048.6485530118762,0.308969100342935,288.25,57.75,78.25,152.25,323.8949631246319,41.75,16.0,22.25,56.0,31.25,20.0,12.25,88.75,0.0,0.0,20.63453342539628,15.01042969923562,75093.0,0,0,0,11,DAVIS
871,110290,332.75,972.0362550924756,0.342322622491425,383.75,121.0,27.0,235.75,423.90593012724247,53.5,67.5,4.75,22.25,28.0,73.75,14.25,119.75,0.0,0.0,24.64517324301641,15.510756884226035,66963.0,0,0,0,11,DAVIS
872,110291,96.75,162.6245675986303,0.5949285610940795,1600.75,931.25,55.75,613.75,1662.2088528453362,656.25,275.0,26.75,29.0,104.75,141.25,73.75,294.0,0.0,0.0,57.205948922923085,4.25290392241311,44001.0,0,0,1512,11,DAVIS
873,110292,318.5,845.9818892671844,0.3764856009812391,75.75,25.5,5.25,45.0,104.04674347117744,19.0,6.5,1.0,4.25,2.0,0.5,2.0,40.5,0.0,0.0,13.286313771941836,15.01042969923562,64364.0,0,0,0,11,DAVIS
874,110293,1184.0,3498.050564931651,0.33847423815702743,82.25,5.5,6.5,70.25,179.96130221231644,1.75,3.75,0.5,6.0,7.75,1.5,4.0,57.0,0.0,0.0,42.67305998178583,55.03824223053061,85933.0,0,0,0,11,DAVIS
875,110294,0.0,0.0,0.0,0.0,0.0,0.0,0.0,0.0,0.0,0.0,0.0,0.0,0.0,0.0,0.0,0.0,0.0,0.0,0.0,0.0,86612.0,0,0,0,11,DAVIS
876,110295,1500.25,4492.559148538315,0.33394106797416717,3531.75,517.75,770.75,2243.25,3771.381980957689,433.0,84.75,296.75,474.0,272.25,833.0,185.75,952.25,0.0,0.0,169.58330902792247,70.04867192976623,69182.0,1258,0,0,11,DAVIS
877,110296,0.0,0.0,0.0,2452.0,413.0,1314.25,724.75,2541.340408414236,351.25,61.75,537.5,776.75,110.75,104.5,43.5,466.0,0.0,6.704,82.63640841423563,0.0,69182.0,0,0,0,11,DAVIS
878,110297,0.0,0.0,0.0,1275.0,4.25,1144.75,126.0,1317.9672583794145,2.5,1.75,115.75,1029.0,2.75,3.75,3.25,116.25,0.0,0.0,42.96725837941441,0.0,69182.0,0,0,0,11,DAVIS
879,110298,138.0,280.88844707276434,0.491298241127913,1009.0,74.25,612.75,322.0,1187.7376493887566,47.25,27.0,398.5,214.25,30.5,54.5,13.75,223.25,0.0,134.08,38.65347750906245,6.0041718796942485,69182.0,0,0,0,11,DAVIS
880,110299,449.5,920.6142980720064,0.4882609372256807,1145.5,393.5,85.5,666.5,1220.2684609309574,217.0,176.5,44.5,41.0,110.75,35.75,69.5,450.5,0.0,0.0,53.75385935202767,21.01460157892987,69182.0,0,0,0,11,DAVIS
881,110300,0.0,0.0,0.0,2159.25,177.0,929.75,1052.5,2232.017119689764,134.75,42.25,583.25,346.5,85.5,13.0,8.25,945.75,0.0,0.0,72.76711968976376,0.0,69182.0,0,0,0,11,DAVIS
882,110301,0.0,0.0,0.0,592.75,2.25,330.0,260.5,612.7268624889138,2.25,0.0,179.0,151.0,7.25,8.0,0.0,245.25,0.0,0.0,19.97686248891376,0.0,69182.0,0,0,0,11,DAVIS
883,110302,626.0,1930.321288257099,0.3242983454662202,320.25,83.25,23.5,213.5,381.1581654958948,59.0,24.25,4.75,18.75,55.0,18.0,19.0,121.5,0.0,0.0,31.88800141070589,29.020164085188867,58205.0,0,0,0,11,DAVIS
884,110303,598.75,1502.2425951537346,0.39857077806978697,215.75,14.0,15.25,186.5,279.96759110451165,14.0,0.0,12.25,3.0,55.5,89.5,5.0,36.5,0.0,0.0,36.198122332605166,28.01946877190649,46701.0,727,0,0,11,DAVIS
885,110304,232.0,578.7828127613402,0.400841204826282,300.5,43.0,20.5,237.0,329.45258999407315,42.5,0.5,7.75,12.75,15.75,81.25,9.75,130.25,0.0,0.0,17.944941547966977,11.00764844610612,46701.0,470,0,0,11,DAVIS
886,110305,400.25,1145.0796102584438,0.34953901581538405,6.0,0.0,0.0,6.0,38.70381919279226,0.0,0.0,0.0,0.0,4.0,0.0,0.0,2.0,0.0,0.0,13.690608240427142,19.01321095236512,106785.0,0,0,0,11,DAVIS
887,110306,336.25,952.107707457439,0.3531638252335343,0.0,0.0,0.0,0.0,27.343037471372405,0.0,0.0,0.0,0.0,0.0,0.0,0.0,0.0,0.0,0.0,11.331912458854411,16.011125012517994,152415.0,0,0,0,11,DAVIS
888,110307,0.0,0.0,0.0,716.5,69.25,212.75,434.5,740.6480266486509,55.0,14.25,96.75,116.0,102.5,119.25,23.0,189.75,0.0,0.0,24.1480266486509,0.0,69182.0,812,305,0,11,DAVIS
889,110308,0.0,0.0,0.0,247.25,0.0,245.25,2.0,255.58263418074893,0.0,0.0,1.0,244.25,2.0,0.0,0.0,0.0,0.0,0.0,8.332634180748924,0.0,69182.0,0,0,0,11,DAVIS
890,110309,0.0,0.0,0.0,720.5,59.5,513.25,147.75,744.780126308772,59.5,0.0,347.5,165.75,2.75,0.25,0.5,144.25,0.0,0.0,24.280126308771973,0.0,69182.0,0,0,0,11,DAVIS
891,110310,569.75,1298.799411373474,0.4386743595745029,422.5,85.0,31.25,306.25,500.4520953576616,63.25,21.75,16.0,15.25,20.25,96.5,15.5,174.0,0.0,0.0,51.18364920446903,26.768446153192578,59059.0,0,0,0,11,DAVIS
892,110311,683.75,1728.274357518524,0.39562584321492567,106.5,1.0,3.25,102.25,165.15374328995702,1.0,0.0,0.25,3.0,36.25,2.0,1.0,63.0,0.0,0.0,26.63149326492104,32.02225002503599,128611.0,0,0,0,11,DAVIS
893,110312,0.0,0.0,0.0,953.25,108.5,500.25,344.5,985.3750751483622,69.75,38.75,391.5,108.75,67.0,52.75,42.75,182.0,0.0,0.0,32.125075148362214,0.0,69182.0,0,0,0,11,DAVIS
894,110313,1050.5,2974.1601714284207,0.35320895293123,44.75,9.75,4.5,30.5,228.40235139083015,9.75,0.0,3.5,1.0,0.0,0.0,0.5,30.0,0.0,97.208,37.41028103999381,49.03407035083636,98984.0,0,0,0,11,DAVIS
895,110314,282.75,798.8657023284369,0.35393934071255606,66.0,4.75,4.25,57.0,92.01078831821108,4.75,0.0,3.25,1.0,0.75,1.0,1.0,54.25,0.0,0.0,13.001749245540209,13.00903907267087,153599.0,0,0,0,11,DAVIS
896,110315,277.5,977.5549873086604,0.28387149940689743,85.5,0.0,0.0,85.5,113.25090591396024,0.0,0.0,0.0,0.0,14.0,0.25,0.25,71.0,0.0,0.0,14.741989631014103,13.008916282946135,153518.0,0,0,0,11,DAVIS
897,110316,0.0,0.0,0.0,0.0,0.0,0.0,0.0,0.0,0.0,0.0,0.0,0.0,0.0,0.0,0.0,0.0,0.0,0.0,0.0,0.0,65562.0,0,0,0,11,DAVIS
898,110317,0.0,0.0,0.0,0.0,0.0,0.0,0.0,4.001174851702041,0.0,0.0,0.0,0.0,0.0,0.0,0.0,0.0,4.001174851702041,0.0,0.0,0.0,91175.0,0,0,0,11,DAVIS
899,110318,0.0,0.0,0.0,0.0,0.0,0.0,0.0,16.50412203973574,0.0,0.0,0.0,0.0,0.0,0.0,0.0,0.0,16.50412203973574,0.0,0.0,0.0,77899.0,0,0,0,11,DAVIS
900,110319,0.0,0.0,0.0,5.0,0.0,0.0,5.0,5.0,0.0,0.0,0.0,0.0,0.0,5.0,0.0,0.0,0.0,0.0,0.0,0.0,77899.0,0,0,0,11,DAVIS
901,110320,0.0,0.0,0.0,0.0,0.0,0.0,0.0,0.0,0.0,0.0,0.0,0.0,0.0,0.0,0.0,0.0,0.0,0.0,0.0,0.0,101962.0,0,0,0,11,DAVIS
902,110321,0.0,0.0,0.0,0.0,0.0,0.0,0.0,0.0,0.0,0.0,0.0,0.0,0.0,0.0,0.0,0.0,0.0,0.0,0.0,0.0,86612.0,0,0,0,11,DAVIS
903,110322,6.999999990979051,19.75766467731969,0.35429288356201954,0.0,0.0,0.0,0.0,0.23589963719815218,0.0,0.0,0.0,0.0,0.0,0.0,0.0,0.0,0.0,0.0,0.23589963719815218,0.0,92898.0,0,0,0,11,DAVIS
904,110323,15.0,42.835411767421625,0.3501775605997143,0.0,0.0,0.0,0.0,1.506194536501284,0.0,0.0,0.0,0.0,0.0,0.0,0.0,0.0,0.0,0.0,0.5054992232189094,1.0006953132823746,91692.0,0,0,0,11,DAVIS
905,110324,1.0,4.711431619541023,0.21224971107559398,0.0,0.0,0.0,0.0,0.0336999482145939,0.0,0.0,0.0,0.0,0.0,0.0,0.0,0.0,0.0,0.0,0.0336999482145939,0.0,130534.0,0,0,0,11,DAVIS
906,350001,0.0,0.0,0.0,0.0,0.0,0.0,0.0,0.0,0.0,0.0,0.0,0.0,0.0,0.0,0.0,0.0,0.0,0.0,0.0,0.0,45129.0,0,0,0,35,SALT LAKE
907,350002,0.0,0.0,0.0,1061.75,25.5,628.5,407.75,1104.739094376636,4.5,21.0,537.25,91.25,6.5,322.5,0.0,78.75,0.0,0.0,42.9890943766362,0.0,45129.0,0,0,0,35,SALT LAKE
908,350003,0.0,0.0,0.0,251.75,7.0,155.25,89.5,261.94274105866896,0.0,7.0,155.25,0.0,0.0,89.5,0.0,0.0,0.0,0.0,10.19274105866897,0.0,45129.0,0,0,0,35,SALT LAKE
909,350004,0.0,0.0,0.0,88.5,3.25,55.0,30.25,92.08307273184036,0.0,3.25,55.0,0.0,0.0,30.25,0.0,0.0,0.0,0.0,3.583072731840377,0.0,45129.0,0,0,0,35,SALT LAKE
910,350005,0.0,0.0,0.0,0.0,0.0,0.0,0.0,0.0,0.0,0.0,0.0,0.0,0.0,0.0,0.0,0.0,0.0,0.0,0.0,0.0,79063.0,0,0,0,35,SALT LAKE
911,350006,0.0,0.0,0.0,912.5,21.25,547.0,344.25,949.4447672981964,0.0,21.25,547.0,0.0,0.0,344.25,0.0,0.0,0.0,0.0,36.94476729819629,0.0,79063.0,0,0,0,35,SALT LAKE
912,350007,0.0,0.0,0.0,0.0,0.0,0.0,0.0,0.0,0.0,0.0,0.0,0.0,0.0,0.0,0.0,0.0,0.0,0.0,0.0,0.0,79063.0,0,0,0,35,SALT LAKE
913,350008,0.0,0.0,0.0,0.0,0.0,0.0,0.0,0.0,0.0,0.0,0.0,0.0,0.0,0.0,0.0,0.0,0.0,0.0,0.0,0.0,79063.0,0,0,0,35,SALT LAKE
914,350009,0.0,0.0,0.0,13.0,0.0,12.75,0.25,13.526338196674276,0.0,0.0,12.75,0.0,0.0,0.0,0.0,0.25,0.0,0.0,0.5263381966742765,0.0,79063.0,0,0,0,35,SALT LAKE
915,350010,0.0,0.0,0.0,0.0,0.0,0.0,0.0,0.0,0.0,0.0,0.0,0.0,0.0,0.0,0.0,0.0,0.0,0.0,0.0,0.0,79063.0,0,0,0,35,SALT LAKE
916,350011,0.0,0.0,0.0,0.0,0.0,0.0,0.0,0.0,0.0,0.0,0.0,0.0,0.0,0.0,0.0,0.0,0.0,0.0,0.0,0.0,79063.0,0,0,0,35,SALT LAKE
917,350012,0.0,0.0,0.0,0.0,0.0,0.0,0.0,0.0,0.0,0.0,0.0,0.0,0.0,0.0,0.0,0.0,0.0,0.0,0.0,0.0,79063.0,0,0,0,35,SALT LAKE
918,350013,0.0,0.0,0.0,0.0,0.0,0.0,0.0,0.0,0.0,0.0,0.0,0.0,0.0,0.0,0.0,0.0,0.0,0.0,0.0,0.0,79063.0,0,0,0,35,SALT LAKE
919,350014,0.0,0.0,0.0,0.0,0.0,0.0,0.0,0.0,0.0,0.0,0.0,0.0,0.0,0.0,0.0,0.0,0.0,0.0,0.0,0.0,79063.0,0,0,0,35,SALT LAKE
920,350015,0.0,0.0,0.0,0.0,0.0,0.0,0.0,0.0,0.0,0.0,0.0,0.0,0.0,0.0,0.0,0.0,0.0,0.0,0.0,0.0,79063.0,0,0,0,35,SALT LAKE
921,350016,0.0,0.0,0.0,0.0,0.0,0.0,0.0,2.01957585644372,0.0,0.0,0.0,0.0,0.0,0.0,0.0,0.0,2.01957585644372,0.0,0.0,0.0,79063.0,0,0,0,35,SALT LAKE
922,350017,0.0,0.0,0.0,0.0,0.0,0.0,0.0,0.0,0.0,0.0,0.0,0.0,0.0,0.0,0.0,0.0,0.0,0.0,0.0,0.0,79063.0,0,0,0,35,SALT LAKE
923,350018,0.0,0.0,0.0,0.0,0.0,0.0,0.0,0.0,0.0,0.0,0.0,0.0,0.0,0.0,0.0,0.0,0.0,0.0,0.0,0.0,79063.0,0,0,0,35,SALT LAKE
924,350019,0.0,0.0,0.0,0.0,0.0,0.0,0.0,2101.231554843198,0.0,0.0,0.0,0.0,0.0,0.0,0.0,0.0,0.0,2101.231554843198,0.0,0.0,76192.0,0,0,0,35,SALT LAKE
925,350020,0.0,0.0,0.0,601.0,3.0,543.0,55.0,1144.7789064605306,0.0,3.0,543.0,0.0,0.0,55.0,0.0,0.0,0.0,519.4460840914502,24.332822369080358,0.0,76192.0,0,0,0,35,SALT LAKE
926,350021,314.75,877.2912549680858,0.3587748062203698,138.5,34.5,77.0,27.0,186.35142180638923,0.0,34.5,51.0,26.0,1.0,10.0,10.0,6.0,0.0,0.0,26.35181716345685,21.49960464293237,76192.0,0,0,0,35,SALT LAKE
927,350022,0.0,0.0,0.0,37.0,0.0,37.0,0.0,38.498039482842174,0.0,0.0,2.0,35.0,0.0,0.0,0.0,0.0,0.0,0.0,1.4980394828421717,0.0,76192.0,0,0,0,35,SALT LAKE
928,350023,0.0,0.0,0.0,19.0,0.0,18.0,1.0,19.76926351821625,0.0,0.0,18.0,0.0,0.0,1.0,0.0,0.0,0.0,0.0,0.7692635182162503,0.0,76192.0,0,0,0,35,SALT LAKE
929,350024,0.0,0.0,0.0,26.5,0.0,23.5,3.0,121.48312173387292,0.0,0.0,23.5,0.0,0.0,3.0,0.0,0.0,93.91027732463296,0.0,1.0728444092399818,0.0,76192.0,0,0,0,35,SALT LAKE
930,350025,0.0,0.0,0.0,641.0,10.0,417.5,213.5,666.9527044326048,0.0,10.0,417.5,0.0,0.0,213.5,0.0,0.0,0.0,0.0,25.95270443260488,0.0,76192.0,0,0,0,35,SALT LAKE
931,350026,13.0,29.409462553492133,0.4420345994543296,283.25,0.0,282.75,0.5,300.28243573356286,0.0,0.0,282.25,0.5,0.0,0.0,0.0,0.5,4.039151712887439,0.0,11.993315022589275,0.9999689980861683,102017.0,0,0,0,35,SALT LAKE
932,350027,0.0,0.0,0.0,0.0,0.0,0.0,0.0,25.24469820554649,0.0,0.0,0.0,0.0,0.0,0.0,0.0,0.0,25.24469820554649,0.0,0.0,0.0,102017.0,0,0,0,35,SALT LAKE
933,350028,1138.25,2889.861491288235,0.3938770087879173,594.25,18.25,489.5,86.5,1081.9338117411185,0.25,18.0,488.5,1.0,0.5,80.75,0.0,5.25,4.039151712887439,0.0,405.1459932348859,78.49866679334514,102017.0,0,0,0,35,SALT LAKE
934,350029,169.75,512.6664100301082,0.3311119993019063,0.0,0.0,0.0,0.0,19.882363586785523,0.0,0.0,0.0,0.0,0.0,0.0,0.0,0.0,1.0097879282218598,0.0,6.872761664261994,11.999813994301668,102017.0,0,0,0,35,SALT LAKE
935,350030,0.0,0.0,0.0,0.0,0.0,0.0,0.0,0.0,0.0,0.0,0.0,0.0,0.0,0.0,0.0,0.0,0.0,0.0,0.0,0.0,102017.0,0,0,0,35,SALT LAKE
936,350031,79.75,264.4510126224758,0.30156814000878596,0.0,0.0,0.0,0.0,8.97889600702515,0.0,0.0,0.0,0.0,0.0,0.0,0.0,0.0,0.0,0.0,3.229035593725247,5.749860413299903,104129.0,0,0,0,35,SALT LAKE
937,350032,0.0,0.0,0.0,0.0,0.0,0.0,0.0,0.0,0.0,0.0,0.0,0.0,0.0,0.0,0.0,0.0,0.0,0.0,0.0,0.0,105293.0,0,0,0,35,SALT LAKE
938,350033,51.5,171.7428886515041,0.29986685564898335,0.0,0.0,0.0,0.0,5.835020805188664,0.0,0.0,0.0,0.0,0.0,0.0,0.0,0.0,0.0,0.0,2.0850207222802606,3.7500000829084033,103174.0,0,0,0,35,SALT LAKE
939,350034,55.5,143.63123087886106,0.38640621305270884,1413.25,78.0,263.5,1071.75,1493.256964170623,58.5,19.5,0.0,263.5,80.25,285.75,0.0,705.75,4.039151712887439,0.0,71.96787445963514,3.999937998100556,64798.0,0,0,0,35,SALT LAKE
940,350035,0.0,0.0,0.0,445.5,22.5,103.5,319.5,463.5373064536278,18.25,4.25,0.0,103.5,27.0,91.5,0.0,201.0,0.0,0.0,18.037306453627803,0.0,56502.0,0,0,0,35,SALT LAKE
941,350036,237.0,625.1539672361447,0.37910660800537793,152.0,0.0,0.0,152.0,183.7494103390402,0.0,0.0,0.0,0.0,0.0,152.0,0.0,0.0,0.0,0.0,15.749658346637965,15.999751992402224,64725.0,0,723,0,35,SALT LAKE
942,350037,0.0,0.0,0.0,1199.5,1.0,274.0,924.5,1248.064686427078,0.0,1.0,274.0,0.0,0.0,924.5,0.0,0.0,0.0,0.0,48.56468642707803,0.0,45129.0,0,0,0,35,SALT LAKE
943,350038,0.0,0.0,0.0,7.0,0.0,4.75,2.25,15.36179317720361,0.0,0.0,4.75,0.0,0.0,2.25,0.0,0.0,8.078303425774878,0.0,0.2834897514287322,0.0,45129.0,0,0,0,35,SALT LAKE
944,350039,0.0,0.0,0.0,1281.0,112.25,335.25,833.5,1332.8642227325954,88.75,23.5,6.75,328.5,105.0,247.25,0.0,481.25,0.0,0.0,51.86422273259541,0.0,64798.0,0,0,0,35,SALT LAKE
945,350040,0.0,0.0,0.0,752.75,58.75,298.5,395.5,783.2253220224507,48.75,10.0,104.25,194.25,22.5,105.75,0.0,267.25,0.0,0.0,30.475322022450623,0.0,64798.0,0,0,0,35,SALT LAKE
946,350041,0.0,0.0,0.0,704.75,69.75,266.0,369.0,744.1066923388433,53.75,16.0,6.0,260.0,29.0,122.75,0.0,217.25,0.0,10.821793417445248,28.534898921398103,0.0,116535.0,0,0,0,35,SALT LAKE
947,350042,0.0,0.0,0.0,3504.75,6.0,1900.0,1598.75,3648.668328744453,4.0,2.0,0.0,1900.0,17.75,159.0,0.0,1422.0,2.01957585644372,0.0,141.89875288800908,0.0,56502.0,0,0,0,35,SALT LAKE
948,350043,5.25,9.234642549767456,0.5685114471628578,684.5,31.5,154.5,498.5,712.4285908437586,23.25,8.25,2.75,151.75,71.25,72.25,0.25,354.75,0.0,0.0,27.92859084375854,0.0,64798.0,0,0,0,35,SALT LAKE
949,350044,38.0,65.18952910591352,0.5829157001312487,682.5,84.5,137.75,460.25,716.1725965536943,64.0,20.5,0.0,137.75,135.5,90.0,0.0,234.75,0.0,0.0,30.67264305511893,2.999953498575417,52447.0,0,0,0,35,SALT LAKE
950,350045,0.0,0.0,0.0,402.0,20.0,158.75,223.25,420.29472298532,14.25,5.75,37.5,121.25,13.5,51.75,0.0,158.0,2.01957585644372,0.0,16.27514712887625,0.0,56502.0,0,0,0,35,SALT LAKE
951,350046,1362.0,4835.696735772744,0.2816553796528252,74.5,17.75,0.0,56.75,226.6588379269669,17.75,0.0,0.0,0.0,0.0,56.75,0.0,0.0,0.0,0.0,58.16029497160382,93.99854295536304,64689.0,487,0,0,35,SALT LAKE
952,350047,148.0,456.46051985674296,0.32423395575689395,135.5,9.0,4.0,122.5,156.9784474734137,4.25,4.75,0.0,4.0,14.5,38.0,0.0,70.0,0.0,0.0,11.478602478162326,9.99984499525139,30068.0,0,0,0,35,SALT LAKE
953,350048,0.0,0.0,0.0,338.75,16.0,56.5,266.25,352.4660098662489,13.25,2.75,0.0,56.5,10.25,172.25,0.0,83.75,0.0,0.0,13.716009866248973,0.0,64798.0,285,0,0,35,SALT LAKE
954,350049,0.0,0.0,0.0,0.0,0.0,0.0,0.0,0.0,0.0,0.0,0.0,0.0,0.0,0.0,0.0,0.0,0.0,0.0,0.0,0.0,45129.0,0,0,0,35,SALT LAKE
955,350050,0.0,0.0,0.0,38.75,1.0,25.75,12.0,40.3188921439289,0.0,1.0,25.75,0.0,0.0,12.0,0.0,0.0,0.0,0.0,1.5688921439289003,0.0,45129.0,0,0,0,35,SALT LAKE
956,350051,0.0,0.0,0.0,524.5,3.25,480.0,41.25,550.7845028560761,0.0,3.25,480.0,0.0,0.0,41.25,0.0,0.0,5.048939641109299,0.0,21.23556321496672,0.0,45129.0,0,0,0,35,SALT LAKE
957,350052,0.0,0.0,0.0,4928.75,128.25,3012.75,1787.75,5135.520762962351,70.5,57.75,2465.0,547.75,236.75,708.25,0.0,842.75,7.068515497553019,0.0,199.7022474647982,0.0,45129.0,0,0,0,35,SALT LAKE
958,350053,0.0,0.0,0.0,6087.75,26.75,5802.5,258.5,6338.268021542099,19.75,7.0,28.75,5773.75,16.75,60.75,0.0,181.0,4.039151712887439,0.0,246.47886982921108,0.0,56502.0,0,0,0,35,SALT LAKE
959,350054,0.0,0.0,0.0,2046.5,49.0,992.0,1005.5,2129.356481735702,27.0,22.0,537.75,454.25,122.25,235.25,120.5,527.5,0.0,0.0,82.85648173570203,0.0,56502.0,0,0,0,35,SALT LAKE
960,350055,652.0,2100.545602366772,0.31039554640725936,628.0,170.25,42.5,415.25,724.8220519936929,133.75,36.5,0.0,42.5,43.75,166.0,6.0,199.5,0.0,0.0,51.82274951506157,44.99930247863125,53594.0,702,91,0,35,SALT LAKE
961,350056,720.75,2164.3733194543083,0.3330063226715984,194.5,1.75,0.25,192.5,281.55550854957704,1.5,0.25,0.0,0.25,6.0,156.25,8.0,22.25,0.0,0.0,37.05628357332008,49.99922497625695,61390.0,337,232,160,35,SALT LAKE
962,350057,481.0,1270.4339140406614,0.3786107995733221,97.75,27.5,1.0,69.25,154.1813292391999,20.25,7.25,0.0,1.0,3.0,9.5,0.0,56.75,0.0,0.0,23.43184075487032,32.99948848432959,64537.0,0,0,0,35,SALT LAKE
963,350058,25.750000002931923,50.59530664370672,0.508940486995444,2728.2500003106416,167.0000000190148,1213.250000138142,1348.0000001534847,2841.75363107103,78.75000000896657,88.25000001004824,429.75000004893184,783.5000000892102,555.5000000632499,320.5000000364925,0.0,472.00000005374244,0.0,0.0,111.50366176111001,1.9999689992779968,52447.0,0,0,0,35,SALT LAKE
964,350059,547.5,1331.5427567520992,0.41117718317619983,0.0,0.0,0.0,0.0,67.66613782262777,0.0,0.0,0.0,0.0,0.0,0.0,0.0,0.0,0.0,0.0,29.6667268406725,37.99941098195528,116535.0,0,0,0,35,SALT LAKE
965,350060,0.0,0.0,0.0,10436.00000600665,199.75000011497016,7916.250004556358,2320.000001335323,10858.528131820414,19.000000010935835,180.7500001040343,0.0,7916.250004556358,163.75000009424963,1271.7500007319816,14.000000008057985,870.5000005010339,0.0,0.0,422.52812581376094,0.0,56502.0,0,0,0,35,SALT LAKE
966,350061,203.25,620.000185690972,0.32782248246181384,48.25,25.25,1.0,22.0,72.4323372563485,11.75,13.5,1.0,0.0,12.5,0.25,9.0,0.25,0.0,0.0,10.182554262996554,13.999782993351946,30068.0,0,0,0,35,SALT LAKE
967,350062,330.0,910.8249374657034,0.36230892065625503,102.5,14.75,1.25,86.5,143.01041389252777,2.5,12.25,0.0,1.25,3.25,48.75,22.0,12.5,0.0,0.0,17.51077040344955,22.9996434890782,48811.0,0,0,0,35,SALT LAKE
968,350063,456.0,787.8997690859787,0.5787538185586643,27.25,20.75,0.25,6.25,77.81526931059165,6.0,14.75,0.0,0.25,1.0,1.75,0.0,3.5,0.0,0.0,19.56574982531234,30.999519485279308,49071.0,0,0,0,35,SALT LAKE
969,350064,367.0,1227.6892316975382,0.2989355860786898,55.0,0.0,0.0,55.0,97.0853601032473,0.0,0.0,0.0,0.0,0.0,55.0,0.0,0.0,0.0,0.0,17.08574761511882,24.999612488128477,81295.0,326,0,0,35,SALT LAKE
970,350065,653.0,867.7035229397999,0.7525611948510025,65.5,24.5,0.0,41.0,139.5895029129823,9.5,15.0,0.0,0.0,1.0,3.5,0.0,36.5,0.0,0.0,29.090200434351072,44.99930247863125,45921.0,0,0,0,35,SALT LAKE
971,350066,535.5,988.815336851898,0.5415571341205903,272.75,35.25,28.0,209.5,347.4731929610702,26.5,8.75,5.0,23.0,37.75,43.25,0.0,128.5,0.0,0.0,37.72376647864006,36.99942648243014,59977.0,0,0,0,35,SALT LAKE
972,350067,239.0,462.3751888465088,0.5168962473878308,639.5,81.75,158.0,399.75,698.3181535287918,42.0,39.75,129.75,28.25,116.5,21.0,89.5,172.75,0.0,0.0,42.31847138348505,16.499682145306675,52447.0,0,0,0,35,SALT LAKE
973,350068,699.25,1498.2939926998731,0.4666974595152558,0.0,0.0,0.0,0.0,76.3102094423371,0.0,0.0,0.0,0.0,0.0,0.0,0.0,0.0,0.0,0.0,28.31095346513042,47.99925597720667,60090.0,0,0,0,35,SALT LAKE
974,350069,898.7499989486248,2032.0377285571171,0.44229001574040533,379.74999955576106,34.49999995964123,18.749999978065887,326.49999961805395,494.2625155964797,25.499999970169604,8.999999989471625,0.9999999988301805,17.749999979235703,55.24999993536748,138.49999983798,8.999999989471625,123.74999985523485,0.0,0.0,52.513477142687634,61.99903889803093,171320.0,349,0,0,35,SALT LAKE
975,350070,0.0,0.0,0.0,195.5,1.0,173.0,21.5,203.41542577799495,0.0,1.0,172.75,0.25,0.25,21.25,0.0,0.0,0.0,0.0,7.915425777994983,0.0,45129.0,0,0,0,35,SALT LAKE
976,350071,0.0,0.0,0.0,6.5,0.0,2.5,4.0,894.3665928414338,0.0,0.0,0.0,2.5,0.0,1.5,0.0,2.5,887.6035889070148,0.0,0.2630039344190279,0.0,45129.0,0,0,0,35,SALT LAKE
977,350072,0.0,0.0,0.0,2980.5,137.75,2474.25,368.5,3101.173062442772,126.75,11.0,2195.25,279.0,180.75,20.25,0.0,167.5,0.0,0.0,120.67306244277177,0.0,45129.0,0,0,0,35,SALT LAKE
978,350073,0.0,0.0,0.0,15429.500881514163,1606.0000917535724,3923.250224142094,9900.250565618497,16054.204450459738,788.5000450483759,817.5000467051964,2195.2501254184494,1728.0000987236444,1925.25010999288,2119.750121105003,0.0,5855.250334520613,0.0,0.0,624.7035689455747,0.0,56502.0,0,0,0,35,SALT LAKE
979,350074,0.0,0.0,0.0,4583.75,59.25,2131.5,2393.0,4854.105471905403,4.25,55.0,1814.25,317.25,1586.5,104.25,316.0,386.25,0.0,84.77071510219449,185.58475680320905,0.0,56502.0,0,0,0,35,SALT LAKE
980,350075,698.0,2495.3216308978003,0.2797234598366641,214.75,141.25,25.0,48.5,299.7043343086616,17.0,124.25,19.0,6.0,1.0,0.25,24.0,23.25,0.0,0.0,36.9550783314549,47.99925597720667,38829.0,0,0,0,35,SALT LAKE
981,350076,503.75,1067.4635818352126,0.4719130549952245,488.75,59.5,15.5,413.75,566.1835877104533,27.25,32.25,0.0,15.5,58.0,211.0,3.0,141.75,0.0,0.0,42.43413022707336,34.999457483379864,60653.0,452,0,0,35,SALT LAKE
982,350077,277.0,774.8496536289682,0.35748870597371357,234.0,139.5,10.25,84.25,274.1888453756357,135.0,4.5,3.0,7.25,11.75,15.5,0.0,57.0,0.0,0.0,21.189139884658097,18.99970549097764,57237.0,0,0,0,35,SALT LAKE
983,350078,247.0,621.3247894960398,0.3975376553064029,0.0,0.0,0.0,0.0,27.000162228738617,0.0,0.0,0.0,0.0,0.0,0.0,0.0,0.0,0.0,0.0,10.000425736811254,16.99973649192736,211467.0,0,0,0,35,SALT LAKE
984,350079,1770.0,3951.256622017214,0.44795875573790783,3275.5,201.75,48.0,3025.75,3601.778023602514,85.25,116.5,3.0,45.0,219.5,2405.75,0.0,400.5,0.0,0.0,204.279914660447,121.99810894206696,40069.0,410,0,0,35,SALT LAKE
985,350080,760.0,1437.6459732844944,0.5286419703619233,1814.5,169.0,22.0,1623.5,2162.2239896670244,87.75,81.25,0.0,22.0,85.0,1110.0,6.0,422.5,0.0,0.0,295.4744307378889,52.24955892913573,38845.0,0,0,0,35,SALT LAKE
986,350081,412.25,992.6077652303544,0.41532014400907813,983.0,107.0,37.5,838.5,1081.7409173531323,63.25,43.75,0.0,37.5,146.25,344.5,0.0,347.75,0.0,0.0,70.241297019808,28.49962033332458,46352.0,0,0,0,35,SALT LAKE
987,350082,516.0,1417.0047403718238,0.36414839364941076,0.0,0.0,0.0,0.0,56.89101963551475,0.0,0.0,0.0,0.0,0.0,0.0,0.0,0.0,0.0,0.0,20.891577652609744,35.999441982905005,35544.0,0,0,0,35,SALT LAKE
988,350083,499.75,1206.2104322415337,0.41431410858493484,482.75,220.75,2.0,260.0,567.526154583865,117.25,103.5,0.0,2.0,23.75,59.75,0.0,176.5,0.0,0.0,50.526743684818165,34.24941089904688,46352.0,434,0,0,35,SALT LAKE
989,350084,419.5,1503.5650106979742,0.27900356620114664,88.25,0.5,2.0,85.75,137.80720067299723,0.5,0.0,0.0,2.0,1.25,11.5,65.0,8.0,0.0,0.0,20.55765018676821,28.999550486229037,34137.0,0,0,0,35,SALT LAKE
990,350085,508.0,908.5794368269394,0.5591145687537288,491.25,66.0,27.5,397.75,566.4555212731941,26.5,39.5,0.0,27.5,75.5,59.0,95.75,167.5,0.0,0.0,40.45600170500643,34.74951956818771,51230.0,0,0,0,35,SALT LAKE
991,350086,428.5,765.5585687352481,0.5597220349945394,358.25,4.5,257.0,96.75,419.6029934988126,3.25,1.25,3.0,254.0,18.0,8.0,20.0,50.75,0.0,0.0,31.85338866596288,29.49960483284972,51326.0,0,0,0,35,SALT LAKE
992,350087,1220.75,2114.9572937921357,0.5771984160546264,1145.75,124.0,67.0,954.75,1325.3128871339854,92.0,32.0,9.0,58.0,350.0,80.0,229.75,295.0,0.0,0.0,95.81418141158608,83.74870572239938,51230.0,0,0,0,35,SALT LAKE
993,350088,430.0,755.8041292626626,0.5689304719987356,205.25,6.5,143.5,55.25,262.9706603055388,4.0,2.5,38.0,105.5,9.5,3.25,8.25,34.25,0.0,0.0,27.97117190363556,29.74948840190324,51230.0,0,0,0,35,SALT LAKE
994,350089,363.4999999887362,644.7720196287172,0.5637651587270374,697.2499999783943,84.74999999737385,5.999999999814078,606.4999999812063,777.446837481891,28.499999999116866,56.249999998256975,0.0,5.999999999814078,39.74999999876826,363.4999999887362,39.24999999878376,163.9999999949181,0.0,0.0,54.94717843229974,25.24965907119699,51390.0,0,948,1903,35,SALT LAKE
995,350090,1115.25,1881.713345021428,0.5926779458469006,138.25,86.5,4.0,47.75,269.001168481746,15.0,71.5,1.0,3.0,10.0,3.25,14.25,20.25,0.0,0.0,54.25240083987354,76.49876764187246,48532.0,0,0,0,35,SALT LAKE
996,350091,703.0,1390.9424860118486,0.5054127018692645,354.75,37.5,5.5,311.75,448.5740695645859,26.5,11.0,0.0,5.5,56.25,89.75,20.0,145.75,0.0,0.0,45.07476700304623,48.74930256153966,27015.0,262,0,0,35,SALT LAKE
997,350092,526.75,823.9596802267098,0.6392909903735416,64.75,9.0,5.25,50.5,124.69735726248076,6.5,2.5,0.0,5.25,8.5,11.5,6.25,24.25,0.0,0.0,23.947915279575756,35.999441982905005,66900.0,0,0,0,35,SALT LAKE
998,350093,533.25,890.2296593190465,0.5990027342021979,308.75,23.75,14.25,270.75,381.34021464293136,16.75,7.0,0.0,14.25,65.0,50.25,20.75,134.75,0.0,0.0,35.59078816050123,36.99942648243014,54299.0,0,0,0,35,SALT LAKE
999,350094,0.0,0.0,0.0,2009.5,262.5,132.5,1614.5,2090.860978655845,188.25,74.25,0.0,132.5,203.5,920.5,0.0,490.5,0.0,0.0,81.3609786558454,0.0,66900.0,0,0,0,35,SALT LAKE
1000,350095,289.0,619.9621991168094,0.4661574534894319,3740.75,234.25,121.25,3385.25,3923.902765625796,138.0,96.25,23.75,97.5,416.5,408.75,1759.0,801.0,0.0,0.0,163.15307563529336,19.99968999050278,100099.0,0,0,0,35,SALT LAKE
1001,350096,526.5,951.6869829755996,0.5532281195586123,272.5,144.75,6.0,121.75,341.09918558636514,117.75,27.0,4.0,2.0,13.25,12.5,0.0,96.0,0.0,0.0,32.34973584069034,36.24944974567476,58481.0,0,0,0,35,SALT LAKE
1002,350097,466.5,1007.2435996784792,0.46314516185450155,0.0,0.0,0.0,0.0,50.88702349559664,0.0,0.0,0.0,0.0,0.0,0.0,0.0,0.0,0.0,0.0,18.887519510792192,31.99950398480445,100099.0,0,0,0,35,SALT LAKE
1003,350098,645.0,1067.8440560954136,0.6040207802986246,23.0,5.0,0.0,18.0,94.04500377744586,5.0,0.0,0.0,0.0,1.25,0.25,0.0,16.5,0.0,0.0,27.045685798339747,43.99931797910611,45319.0,0,0,0,35,SALT LAKE
1004,350099,423.0,871.8607886912934,0.48516919843928774,14.5,1.0,1.25,12.25,61.213398206640925,0.0,1.0,1.0,0.25,0.75,1.25,0.0,10.25,0.0,0.0,17.71384772041189,28.999550486229037,79338.0,0,0,0,35,SALT LAKE
1005,350100,44.75,76.62737895176068,0.583994919468295,0.0,0.0,0.0,0.0,4.811770964046291,0.0,0.0,0.0,0.0,0.0,0.0,0.0,0.0,0.0,0.0,1.8118174654708743,2.999953498575417,131360.0,0,0,0,35,SALT LAKE
1006,350101,440.750000381041,1497.156954116258,0.2943913122597136,359.2500003105819,37.75000003263596,19.250000016642176,302.2500002613038,421.63906359750746,24.25000002096482,13.500000011671137,0.0,19.250000016642176,44.500000038471526,43.75000003782313,102.75000008883032,111.25000009617881,0.0,0.0,32.38952827523585,29.999535011689623,183906.0,0,0,0,35,SALT LAKE
1007,350102,0.0,0.0,0.0,14543.5,3.0,0.0,14540.5,15132.330337788955,1.25,1.75,0.0,0.0,940.5,6.5,13567.0,26.5,0.0,0.0,588.8303377889554,0.0,22017.0,0,0,0,35,SALT LAKE
1008,350103,0.0,0.0,0.0,3.0,0.0,3.0,0.0,3.121462660770987,0.0,0.0,0.0,3.0,0.0,0.0,0.0,0.0,0.0,0.0,0.1214626607709868,0.0,45129.0,0,0,0,35,SALT LAKE
1009,350104,0.0,0.0,0.0,541.0,27.75,216.0,297.25,562.9045263321907,20.5,7.25,30.75,185.25,20.25,74.5,0.0,202.5,0.0,0.0,21.904526332190716,0.0,45129.0,0,0,0,35,SALT LAKE
1010,350105,0.0,0.0,0.0,1510.75,52.5,824.5,633.75,1571.9184203499794,41.25,11.25,451.25,373.25,41.5,152.25,0.0,440.0,0.0,0.0,61.168420349979336,0.0,45129.0,0,0,0,35,SALT LAKE
1011,350106,0.0,0.0,0.0,2752.5,113.75,1394.0,1244.75,2863.942406097663,88.25,25.5,87.0,1307.0,231.75,284.5,0.0,728.5,0.0,0.0,111.4424060976631,0.0,69745.0,0,0,0,35,SALT LAKE
1012,350107,0.0,0.0,0.0,657.25,25.25,253.0,379.0,683.8597510374868,21.25,4.0,36.75,216.25,52.75,47.75,0.0,278.5,0.0,0.0,26.6097510374868,0.0,69745.0,0,0,0,35,SALT LAKE
1013,350108,0.0,0.0,0.0,0.0,0.0,0.0,0.0,0.0,0.0,0.0,0.0,0.0,0.0,0.0,0.0,0.0,0.0,0.0,0.0,0.0,56502.0,0,0,0,35,SALT LAKE
1014,350109,0.0,0.0,0.0,0.0,0.0,0.0,0.0,0.0,0.0,0.0,0.0,0.0,0.0,0.0,0.0,0.0,0.0,0.0,0.0,0.0,56502.0,0,0,0,35,SALT LAKE
1015,350110,0.0,0.0,0.0,23.25,0.25,1.0,22.0,24.19139229150393,0.0,0.25,0.0,1.0,0.0,0.5,0.0,21.5,0.0,0.0,0.9413922915039336,0.0,56502.0,0,0,0,35,SALT LAKE
1016,350111,1249.25,2846.4000175183583,0.4388877151178358,256.25,29.25,60.5,166.5,447.2034459756069,12.75,16.5,28.25,32.25,26.5,52.0,6.0,82.0,0.0,0.0,104.9548876851037,85.99855829050317,38960.0,0,0,0,35,SALT LAKE
1017,350112,0.0,0.0,0.0,1747.25,120.5,280.5,1346.25,1817.9910567813815,90.0,30.5,0.0,280.5,261.5,242.25,0.0,842.5,0.0,0.0,70.74105678138166,0.0,35043.0,0,0,0,35,SALT LAKE
1018,350113,31.0,88.89761944322619,0.3487157495797502,125.0,10.25,39.75,75.0,133.56549761669172,7.5,2.75,25.25,14.5,6.25,12.5,0.0,56.25,0.0,0.0,6.315536356310651,2.2499612603810637,35043.0,0,0,0,35,SALT LAKE
1019,350114,147.0,462.023509640929,0.3181656277929321,1756.25,167.25,172.0,1417.0,1843.3083516320091,112.25,55.0,17.0,155.0,670.75,318.75,0.0,427.5,0.0,0.0,77.05850663675812,9.99984499525139,32095.0,0,0,0,35,SALT LAKE
1020,350115,203.5,643.2214276734334,0.31637627610770136,355.0,45.25,160.5,149.25,406.8617960472217,32.5,12.75,129.25,31.25,23.5,38.0,0.0,87.75,0.0,0.0,37.86201305386969,13.999782993351946,32095.0,0,0,0,35,SALT LAKE
1021,350116,501.0,1571.704904791491,0.31876212797494885,167.5,18.0,21.5,128.0,228.56597441224375,13.75,4.25,16.0,5.5,12.0,13.0,51.0,52.0,0.0,0.0,27.06650142838904,33.99947298385472,32095.0,0,0,0,35,SALT LAKE
1022,350117,595.25,1854.40619643776,0.3209922406123596,308.5,111.25,13.0,184.25,397.1012216453427,32.75,78.5,2.0,11.0,39.75,29.0,14.25,101.25,0.0,0.0,47.60158550497431,40.9996361403684,32095.0,0,0,0,35,SALT LAKE
1023,350118,0.0,0.0,0.0,496.5,7.75,463.75,25.0,516.602050709527,5.75,2.0,54.0,409.75,5.0,6.25,0.0,13.75,0.0,0.0,20.102050709527035,0.0,42543.0,0,0,0,35,SALT LAKE
1024,350119,40.5,84.33016302509552,0.48025520818627787,526.5,68.0,203.0,255.5,558.2030506336168,22.5,45.5,0.0,203.0,94.25,40.25,2.25,118.75,0.0,0.0,28.953213566469856,2.7498370671468817,42543.0,0,0,0,35,SALT LAKE
1025,350120,611.5,1059.1899580878244,0.5773279810015878,8.0,0.0,0.0,8.0,91.33066805193948,0.0,0.0,0.0,0.0,0.0,0.0,0.0,8.0,0.0,0.0,41.081272488032695,42.24939556390677,42543.0,0,0,0,35,SALT LAKE
1026,350121,1303.25,1772.9736513622604,0.7350645053290277,111.0,9.0,9.0,93.0,309.25529262535184,6.0,3.0,0.0,9.0,9.75,25.75,18.0,39.5,0.0,0.0,108.50639274452496,89.74889988082688,42543.0,0,0,0,35,SALT LAKE
1027,350122,421.75,550.1966205407128,0.7665441485000757,5158.75,858.0,90.0,4210.75,5438.94200910075,87.0,771.0,4.0,86.0,1637.25,35.25,97.25,2441.0,0.0,25.25085130962551,225.94160730489548,28.999550486229037,42543.0,0,0,0,35,SALT LAKE
1028,350123,0.0,0.0,0.0,1685.75,85.0,38.0,1562.75,1754.002041855025,56.25,28.75,0.0,38.0,137.75,48.5,114.5,1262.0,0.0,0.0,68.25204185502503,0.0,42543.0,0,0,0,35,SALT LAKE
1029,350124,0.0,0.0,0.0,1601.25,185.25,2.0,1414.0,1666.0809617224684,177.25,8.0,0.0,2.0,853.0,41.75,458.25,61.0,0.0,0.0,64.83096172246833,0.0,42543.0,0,0,0,35,SALT LAKE
1030,350125,0.0,0.0,0.0,901.0,158.75,10.0,732.25,937.4795829941396,62.75,96.0,0.0,10.0,87.5,24.75,148.0,472.0,0.0,0.0,36.47958299413956,0.0,42543.0,0,0,0,35,SALT LAKE
1031,350126,351.5,839.7580524609006,0.4185729436829258,0.0,0.0,0.0,0.0,184.71479812772617,0.0,0.0,0.0,0.0,0.0,0.0,0.0,0.0,0.0,0.0,160.7147819046926,24.000016223033576,42543.0,0,0,0,35,SALT LAKE
1032,350127,0.0,0.0,0.0,1667.75,113.0,15.0,1539.75,1735.2739809429152,67.5,45.5,0.0,15.0,186.0,27.25,109.5,1217.0,0.0,0.0,67.52398094291523,0.0,42543.0,0,0,0,35,SALT LAKE
1033,350128,44.25,141.5204371926713,0.31267568753872893,1293.0,202.0,51.0,1040.0,1350.1397485845082,103.0,99.0,0.0,51.0,221.75,74.75,186.5,557.0,0.0,0.0,54.139895983625344,2.999852600882898,43489.0,0,0,0,35,SALT LAKE
1034,350129,456.25,883.7816562658306,0.5162474201238293,5913.25,1516.0,285.0,4112.25,6202.384656558098,1061.5,454.5,138.0,147.0,1069.75,27.25,170.25,2845.0,0.0,0.0,257.8851293100489,31.249527248049063,50921.0,0,0,0,35,SALT LAKE
1035,350130,0.0,0.0,0.0,7324.0,5.25,5.0,7313.75,7620.530310539054,0.0,5.25,0.0,5.0,3173.75,8.25,1145.75,2986.0,0.0,0.0,296.53031053905386,0.0,54475.0,0,0,0,35,SALT LAKE
1036,350131,139.0,261.11896656837325,0.5323244106957786,5462.75,741.5,28.0,4693.25,5699.301206345858,292.25,449.25,3.0,25.0,3657.75,98.25,198.25,739.0,0.0,0.0,226.80140793445747,9.74979841140046,50921.0,0,0,0,35,SALT LAKE
1037,350132,161.25,356.0395273993893,0.4528991518942135,2008.75,256.25,90.25,1662.25,2134.352591301776,239.75,16.5,10.0,80.25,398.5,83.75,288.75,891.25,0.0,0.0,114.60243577740468,11.000155524371351,50921.0,0,0,0,35,SALT LAKE
1038,350133,843.75,1451.5300732639373,0.5812831683898413,535.25,39.25,26.25,469.75,664.8294253767011,27.75,11.5,0.0,26.25,153.0,36.0,133.25,147.5,0.0,0.0,71.58032440424302,57.99910097245807,37315.0,0,0,0,35,SALT LAKE
1039,350134,617.75,948.4775136120892,0.6513069536539893,166.5,12.5,2.0,152.0,241.98919674996003,3.25,9.25,0.25,1.75,53.0,46.5,13.75,38.75,0.0,0.0,32.73987103314879,42.74932571681122,51794.0,0,0,0,35,SALT LAKE
1040,350135,0.0,0.0,0.0,940.75,44.25,23.25,873.25,978.83631989737,32.5,11.75,1.0,22.25,213.75,44.0,187.25,428.25,0.0,0.0,38.08631989737015,0.0,39970.0,0,0,0,35,SALT LAKE
1041,350136,578.5,1230.573468805838,0.4701060234635017,284.75,18.75,7.5,258.5,359.7011422655927,13.75,5.0,0.0,7.5,63.75,14.0,59.0,121.75,0.0,0.0,34.95187097686435,39.999271288728295,39970.0,0,0,0,35,SALT LAKE
1042,350137,353.5,744.9355137150803,0.47453771969744635,911.5,46.25,38.0,827.25,986.7156735474184,31.25,15.0,0.0,38.0,197.25,28.25,134.0,467.75,0.0,0.0,51.21604555881517,23.999627988603336,25840.0,0,0,0,35,SALT LAKE
1043,350138,621.75,1004.9824821322624,0.6186675002342713,824.5,200.25,30.0,594.25,927.0537296368644,43.25,157.0,8.0,22.0,227.75,93.5,34.0,239.0,0.0,0.0,59.554396157283406,42.999333479580976,43385.0,276,47,0,35,SALT LAKE
1044,350139,379.75,848.5338194985052,0.44753667004626557,2711.75,226.75,134.25,2350.75,2863.66455335168,143.75,83.0,0.0,134.25,713.5,281.75,35.75,1319.75,0.0,0.0,125.66490978017497,26.249643571504546,25840.0,0,0,0,35,SALT LAKE
1045,350140,671.5,1076.7636823477944,0.6236280169998394,333.0,28.25,9.75,295.0,419.6682300183119,23.75,4.5,3.0,6.75,74.5,15.25,70.0,135.25,0.0,0.0,40.668943040155504,45.99928697815639,43554.0,0,0,0,35,SALT LAKE
1046,350141,488.75,801.42961115045,0.6098476936713141,476.25,61.0,6.5,408.75,549.3196030420748,46.0,15.0,0.0,6.5,73.5,73.25,199.0,63.0,0.0,0.0,39.07013005822007,33.99947298385472,47503.0,0,426,0,35,SALT LAKE
1047,350142,499.5,988.6768284689688,0.5052207006545392,131.0,50.25,4.0,76.75,190.52685158451396,3.5,46.75,0.0,4.0,27.0,2.0,19.0,28.75,0.0,0.0,25.52737860065921,33.99947298385472,70463.0,0,0,0,35,SALT LAKE
1048,350143,515.5,1052.9607743897882,0.4895718934057563,1671.0,147.0,55.5,1468.5,1795.025752551678,97.75,49.25,0.0,55.5,207.5,156.0,659.0,446.0,0.0,0.0,88.52631056925524,35.49944198242295,41532.0,0,0,0,35,SALT LAKE
1049,350144,396.0,665.0825811516269,0.5954147818971658,102.0,1.0,4.0,97.0,149.16238317516255,1.0,0.0,4.0,0.0,0.0,40.0,0.0,57.0,0.0,0.0,20.162801687983823,26.99958148717875,131360.0,444,0,0,35,SALT LAKE
1050,350145,433.0,746.3831280107825,0.5801310128137633,28.0,0.25,0.0,27.75,76.66443841677074,0.0,0.25,0.0,0.0,7.0,0.25,0.5,20.0,0.0,0.0,18.664903431016565,29.999534985754167,24327.0,0,0,0,35,SALT LAKE
1051,350146,605.25,984.73064425179,0.6146350817180836,24964.5,336.25,32.5,24595.75,26041.25608038596,174.0,162.25,0.0,32.5,136.5,23596.5,608.5,254.25,0.0,0.0,1035.2566770838623,41.49940330209393,22017.0,0,0,0,35,SALT LAKE
1052,350147,0.0,0.0,0.0,2332.5000011419634,233.25000011419633,130.0000000636464,1969.2500009641205,2426.9363084902106,138.2500000676855,95.00000004651083,0.0,130.0000000636464,401.25000019644705,810.2500003966884,0.0,757.750000370985,0.0,0.0,94.4363073482475,0.0,22017.0,0,0,0,35,SALT LAKE
1053,350148,0.0,0.0,0.0,0.0,0.0,0.0,0.0,0.0,0.0,0.0,0.0,0.0,0.0,0.0,0.0,0.0,0.0,0.0,0.0,0.0,45129.0,0,0,0,35,SALT LAKE
1054,350149,0.0,0.0,0.0,2692.5,1.75,2549.25,141.5,2803.532620288197,1.25,0.5,4.5,2544.75,118.25,5.75,0.0,17.5,2.01957585644372,0.0,109.01304443175374,0.0,45129.0,0,0,0,35,SALT LAKE
1055,350150,0.0,0.0,0.0,2325.5,87.25,1681.75,556.5,2419.6539856241325,67.5,19.75,51.25,1630.5,56.25,139.75,0.0,360.5,0.0,0.0,94.15398562413256,0.0,45129.0,0,0,0,35,SALT LAKE
1056,350151,0.0,0.0,0.0,1863.0,91.25,852.5,919.25,1947.448405380358,72.25,19.0,369.75,482.75,87.5,164.5,0.0,667.25,0.0,9.0181611814297,75.43024419892839,0.0,69745.0,0,0,0,35,SALT LAKE
1057,350152,0.0,0.0,0.0,786.25,48.25,433.0,305.0,818.0829258432026,35.5,12.75,109.25,323.75,51.0,72.75,0.0,181.25,0.0,0.0,31.83292584320256,0.0,69745.0,0,0,0,35,SALT LAKE
1058,350153,0.0,0.0,0.0,1050.25,89.25,212.5,748.5,1092.7728422127743,57.25,32.0,127.25,85.25,144.75,187.25,0.0,416.5,0.0,0.0,42.52284221277437,0.0,69745.0,0,0,0,35,SALT LAKE
1059,350154,4.0,8.687849845847158,0.4604131138283914,1013.25,37.5,163.5,812.25,1054.4370208101388,27.5,10.0,11.75,151.75,56.0,33.75,325.0,397.5,0.0,0.0,41.18702081013888,0.0,69745.0,0,0,0,35,SALT LAKE
1060,350155,442.0,1020.4806709775394,0.43312922289512756,1.0,0.0,1.0,0.0,48.9355212262699,0.0,0.0,0.0,1.0,0.0,0.0,0.0,0.0,0.0,0.0,17.93598624051573,29.999534985754167,39712.0,0,0,0,35,SALT LAKE
1061,350156,419.0,1223.4350335473723,0.34247834050092696,231.25,26.0,2.0,203.25,286.57661382543336,24.75,1.25,0.0,2.0,6.25,99.75,68.0,29.25,0.0,0.0,26.3270633392043,28.999550486229037,46000.0,408,0,0,35,SALT LAKE
1062,350157,246.75,722.0980284680007,0.3417126072529286,41.75,17.0,1.25,23.5,70.43049222710499,6.25,10.75,0.0,1.25,2.75,4.75,0.0,16.0,0.0,0.0,11.680755735177632,16.99973649192736,42301.0,0,0,0,35,SALT LAKE
1063,350158,238.0,798.667005550506,0.297996534658335,74.5,21.5,1.5,51.5,103.90217572356582,3.25,18.25,0.0,1.5,9.0,13.5,14.0,15.0,0.0,0.0,13.40242373116359,15.999751992402224,50879.0,0,0,0,35,SALT LAKE
1064,350159,277.0,539.5195913674409,0.5134197245700177,141.25,4.5,34.25,102.5,177.6832639505963,2.75,1.75,0.0,34.25,9.5,71.25,0.0,21.75,0.0,0.0,17.433558459618666,18.99970549097764,43890.0,394,0,0,35,SALT LAKE
1065,350160,565.25,1080.9080995870686,0.5229399245097139,281.5,19.25,27.0,235.25,416.787114814408,12.25,7.0,15.5,11.5,20.25,33.5,0.5,181.0,0.0,0.0,96.28820837731983,38.99890643708818,42543.0,0,0,0,35,SALT LAKE
1066,350161,755.25,1461.240192015675,0.5168554794254512,1550.5,191.0,57.75,1301.75,1712.60426966542,130.0,61.0,0.0,57.75,305.75,106.25,62.25,827.5,0.0,0.0,110.10487385423431,51.99939581118581,42543.0,0,0,0,35,SALT LAKE
1067,350162,157.75,202.98768967715097,0.7771407234147998,950.0,379.25,5.75,565.0,1005.8502625417,49.75,329.5,0.0,5.75,142.0,21.0,59.75,342.25,0.0,0.0,44.85043304692337,10.999829494776527,42543.0,0,0,0,35,SALT LAKE
1068,350163,0.0,0.0,0.0,0.0,0.0,0.0,0.0,0.0,0.0,0.0,0.0,0.0,0.0,0.0,0.0,0.0,0.0,0.0,0.0,0.0,42543.0,0,0,0,35,SALT LAKE
1069,350164,477.75,944.8948084789324,0.5056118371198057,772.25,186.25,73.0,513.0,857.6610854135332,88.5,97.75,7.0,66.0,204.75,11.75,207.0,89.5,0.0,1.8036322360155488,50.60796469318807,32.99948848432959,42543.0,0,0,0,35,SALT LAKE
1070,350165,328.25,441.4617497905831,0.7435525278366981,1423.25,239.0,22.0,1162.25,1537.413559802805,80.75,158.25,0.0,22.0,246.0,44.0,137.75,734.5,0.0,0.0,91.41396289757743,22.749596905227264,42543.0,0,0,0,35,SALT LAKE
1071,350166,244.25,426.3733416128342,0.5728547640339807,1157.5,172.25,24.75,960.5,1231.2529505388738,97.75,74.5,0.0,24.75,206.25,33.5,57.75,663.0,0.0,0.0,56.7532140469467,16.99973649192736,42543.0,0,0,0,35,SALT LAKE
1072,350167,340.0,621.2704037701003,0.547265728315325,909.5,252.0,11.25,646.25,1022.0889734294816,34.75,217.25,1.0,10.25,311.0,19.25,79.25,236.75,0.0,0.0,89.33946187278895,23.249511556692745,42543.0,0,0,0,35,SALT LAKE
1073,350168,481.75,628.7140673146278,0.7662465738322943,486.25,41.75,17.0,427.5,558.4416665270866,10.0,31.75,0.0,17.0,127.5,4.5,100.75,194.75,0.0,0.0,39.19217804275695,32.99948848432959,42543.0,0,0,0,35,SALT LAKE
1074,350169,98.75,180.31850879889947,0.547642062136456,569.5,183.75,9.25,376.5,669.5650595048728,14.0,169.75,2.0,7.25,33.5,6.75,115.25,221.0,0.0,0.0,93.31558714957792,6.7494723552948175,42543.0,0,0,0,35,SALT LAKE
1075,350170,154.25,292.53789029761714,0.527282123498846,1985.75,497.5,102.75,1385.5,2094.645157066687,101.0,396.5,0.0,102.75,191.75,64.0,566.0,563.75,0.0,0.0,98.39539744358858,10.499759623098385,42543.0,0,0,0,35,SALT LAKE
1076,350171,58.5,111.93991658887956,0.5226017830159038,2789.5,324.75,93.0,2371.75,2920.811671396239,110.25,214.5,0.0,93.0,718.5,507.25,387.25,758.75,0.0,0.0,127.31169460067568,3.999976795563245,50921.0,0,0,0,35,SALT LAKE
1077,350172,347.25,570.6250506308259,0.6085432099696906,3108.75,438.5,72.75,2597.5,3272.673697716777,56.0,382.5,23.75,49.0,960.0,20.25,251.25,1366.0,0.0,0.0,139.92406972817366,23.999627988603336,50921.0,0,0,0,35,SALT LAKE
1078,350173,60.5,140.66071793866837,0.4301129760078399,1239.75,226.5,14.0,999.25,1312.3919177936643,16.0,210.5,2.0,12.0,418.5,15.75,181.0,384.0,0.0,0.0,68.14183230534167,4.500085488322565,50921.0,0,0,0,35,SALT LAKE
1079,350174,77.5,123.6754516967256,0.6266401208709058,4434.0,799.5,156.75,3477.75,4631.655813384078,154.25,645.25,0.0,156.75,1133.25,224.0,1178.75,941.75,0.0,0.0,192.65589088645237,4.999922497625695,50921.0,0,0,0,35,SALT LAKE
1080,350175,0.0,0.0,0.0,3977.25,339.25,86.5,3551.5,4138.279239247271,32.5,306.75,13.5,73.0,1260.0,9.5,67.0,2215.0,0.0,0.0,161.02923924727122,0.0,50921.0,0,0,0,35,SALT LAKE
1081,350176,49.0,117.67801905232815,0.41639042188678466,2821.5,207.5,48.0,2566.0,2944.4726096414447,26.75,180.75,0.0,48.0,980.0,42.0,738.5,805.5,0.0,0.0,119.72260955901834,3.2500000824263484,50921.0,0,0,0,35,SALT LAKE
1082,350177,117.25,192.490350787357,0.6091214417782709,3868.0,92.0,164.25,3611.75,4087.853273943707,58.5,33.5,2.0,162.25,1256.0,1494.75,121.25,739.75,0.0,50.50170261925102,161.35169532825492,7.999875996201112,50921.0,0,0,0,35,SALT LAKE
1083,350178,259.5,430.6066018592306,0.6026382291389788,1760.25,222.5,10.0,1527.75,1860.0240480493003,67.0,155.5,0.0,10.0,712.5,14.25,98.5,702.5,0.0,0.0,81.77432705784804,17.999720991452502,50921.0,0,0,0,35,SALT LAKE
1084,350179,459.0,907.8621221155818,0.5055833796991078,1966.0,661.5,13.0,1291.5,2095.68511476135,543.75,117.75,0.0,13.0,462.25,512.25,84.0,233.0,0.0,0.0,98.18574274171074,31.499372019639896,50921.0,0,0,0,35,SALT LAKE
1085,350180,173.75,251.09956227452935,0.6919566024971306,1419.25,139.25,44.5,1235.5,1497.4940103487177,66.25,73.0,5.0,39.5,225.0,430.25,155.5,424.75,0.0,0.0,66.2441963544162,11.999813994301668,39970.0,0,0,0,35,SALT LAKE
1086,350181,360.0,537.1998154766437,0.6701417044988766,1908.25,278.25,67.0,1563.0,2025.0855315305243,85.5,192.75,0.0,67.0,428.0,75.75,306.5,752.75,0.0,0.0,91.8359190423959,24.999612488128477,39970.0,0,0,0,35,SALT LAKE
1087,350182,206.75,309.6483302183189,0.6676929271804244,2345.0,76.0,55.25,2213.75,2462.3143743546525,46.0,30.0,2.0,53.25,1034.75,56.75,174.5,947.75,0.0,0.0,103.31459136130076,13.999782993351946,39970.0,0,0,0,35,SALT LAKE
1088,350183,321.75,474.10480648801126,0.6786474121268714,390.5,31.75,16.5,342.25,443.335973944541,20.0,11.75,10.75,5.75,67.5,10.75,154.75,109.25,0.0,0.0,30.586377039795835,22.24959690474521,39970.0,0,0,0,35,SALT LAKE
1089,350184,398.5,586.718278558389,0.6792016109999922,409.25,57.0,18.75,333.5,468.95228969495895,43.5,13.5,7.75,11.0,87.0,17.5,33.5,195.5,0.0,0.0,32.702708207780155,26.99958148717875,39970.0,0,0,0,35,SALT LAKE
1090,350185,584.5,993.7433150382268,0.5881800573194454,431.75,110.75,15.0,306.0,513.1444404452221,26.25,84.5,0.0,15.0,106.5,9.5,46.5,143.5,0.0,0.0,41.14505270144678,40.24938774377532,39970.0,0,0,0,35,SALT LAKE
1091,350186,657.5,969.7133532676968,0.6780354192137149,188.0,82.0,16.25,89.75,274.7330378223712,33.75,48.25,0.0,16.25,15.0,4.75,18.5,51.5,0.0,0.0,41.73373534374,44.99930247863125,56384.0,0,0,0,35,SALT LAKE
1092,350187,332.5,535.718853165579,0.6206613749642137,635.75,202.25,24.75,408.75,710.4524521794762,145.75,56.5,2.0,22.75,142.5,20.0,49.0,197.25,0.0,0.0,51.70275436787779,22.999697811598345,56384.0,0,0,0,35,SALT LAKE
1093,350188,214.25,445.595466449475,0.480817279644144,799.0,48.25,14.25,736.5,855.0236986721184,31.75,16.5,0.0,14.25,111.75,221.5,144.25,259.0,0.0,0.0,41.0239311792412,14.999767492877083,25840.0,0,0,0,35,SALT LAKE
1094,350189,645.0,931.1919509216928,0.6926606263741646,385.0,254.5,12.75,117.75,488.9455485044494,38.5,216.0,0.0,12.75,21.5,1.5,4.5,90.25,0.0,0.0,59.6963624813472,44.249186023102176,56384.0,0,0,0,35,SALT LAKE
1095,350190,228.5,407.1069026494252,0.5612776362005578,1118.5,142.0,36.25,940.25,1230.7920585436975,94.75,47.25,4.0,32.25,171.5,67.25,45.0,656.5,0.0,0.0,96.5423298391226,15.74972870457501,56384.0,0,0,0,35,SALT LAKE
1096,350191,361.0,674.6185945892544,0.5351171801301994,1193.75,144.0,51.0,998.75,1313.204168314676,61.0,83.0,0.0,51.0,325.75,89.0,94.5,489.5,0.0,0.0,94.45441613139256,24.99975218328368,25840.0,0,75,73,35,SALT LAKE
1097,350192,532.25,803.4426531267957,0.6624617176205639,843.75,67.25,7.25,769.25,941.0664788574052,35.75,31.5,0.0,7.25,73.25,28.25,523.5,144.25,0.0,3.607264472031097,56.95978014065616,36.74943424471784,60033.0,0,0,0,35,SALT LAKE
1098,350193,613.75,1095.661334105039,0.5601639675468925,208.0,25.0,4.0,179.0,284.02015143097697,5.5,19.5,0.0,4.0,21.0,6.25,90.0,61.75,0.0,0.0,33.77086453572895,42.24928689524799,41753.0,0,0,0,35,SALT LAKE
1099,350194,612.75,947.6960258006044,0.6465680801841021,297.75,38.25,8.25,251.25,377.6133155155295,32.5,5.75,3.0,5.25,42.75,20.25,112.25,76.0,0.0,0.0,37.86396653547361,41.99934898005584,47503.0,0,0,0,35,SALT LAKE
1100,350195,465.75,957.2722180956416,0.4865387203302986,121.75,14.75,7.5,99.5,178.53578256116526,9.25,5.5,0.0,7.5,24.0,13.25,12.0,50.25,0.0,0.0,24.786278576360807,31.99950398480445,40464.0,0,0,0,35,SALT LAKE
1101,350196,292.0,711.0925824223236,0.4106356995108955,399.25,381.0,0.0,18.25,448.7367066076106,115.0,266.0,0.0,0.0,5.75,0.0,1.5,11.0,0.0,0.0,29.237024379395507,20.24968222821508,30252.0,0,0,0,35,SALT LAKE
1102,350197,372.0,891.4137629198651,0.41731462478377895,7486.5,73.0,509.75,6903.75,7830.671631209961,22.5,50.5,445.5,64.25,1575.0,229.5,4784.0,315.25,0.0,0.0,318.17203422230705,25.99959698765361,31535.0,0,0,0,35,SALT LAKE
1103,350198,0.0,0.0,0.0,0.0,0.0,0.0,0.0,0.0,0.0,0.0,0.0,0.0,0.0,0.0,0.0,0.0,0.0,0.0,0.0,0.0,45129.0,0,0,0,35,SALT LAKE
1104,350199,0.0,0.0,0.0,318.25,16.75,146.5,155.0,331.1347263958882,12.75,4.0,0.0,146.5,10.5,41.25,0.0,103.25,0.0,0.0,12.884726395888215,0.0,69745.0,0,0,0,35,SALT LAKE
1105,350200,0.0,0.0,0.0,3461.75,5.75,1632.75,1823.25,3601.907811077874,5.0,0.75,282.25,1350.5,1779.5,12.0,0.0,31.75,0.0,0.0,140.15781107787433,0.0,69745.0,0,0,0,35,SALT LAKE
1106,350201,0.0,0.0,0.0,1564.0,89.0,1460.25,14.75,1627.322328239821,88.75,0.25,438.25,1022.0,13.5,0.0,0.25,1.0,0.0,0.0,63.3223282398211,0.0,69745.0,0,0,0,35,SALT LAKE
1107,350202,0.0,0.0,0.0,804.25,6.25,668.5,129.5,836.8117726781643,5.0,1.25,304.75,363.75,6.0,8.25,0.0,115.25,0.0,0.0,32.561772678164246,0.0,69745.0,0,0,0,35,SALT LAKE
1108,350203,706.0,1294.7941137499358,0.5452604336880312,37.25,8.25,0.0,29.0,117.3415128362495,0.0,8.25,0.0,0.0,0.75,0.25,1.0,27.0,0.0,0.0,31.34226459722998,48.74924823901952,38757.0,0,0,0,35,SALT LAKE
1109,350204,339.0,1138.74734051863,0.2976955360840678,12.5,0.25,0.0,12.25,50.480896998275206,0.25,0.0,0.0,0.0,1.0,1.25,0.0,10.0,0.0,0.0,14.981253509197012,22.9996434890782,54400.0,0,0,0,35,SALT LAKE
1110,350205,239.5,465.9229636877634,0.5140334747709496,271.0,25.5,10.0,235.5,309.6698167680568,18.25,7.25,0.0,10.0,36.75,51.5,80.0,67.25,0.0,0.0,22.170134622750165,16.499682145306675,37920.0,0,0,0,35,SALT LAKE
1111,350206,253.75,508.3004962909714,0.49921257573343664,225.0,8.25,0.75,216.0,262.3831529825521,7.0,1.25,0.0,0.75,2.25,203.5,0.0,10.25,0.0,0.0,20.13336990677376,17.249783075778293,32294.0,0,0,0,35,SALT LAKE
1112,350207,125.25,249.24372850319844,0.502520166714617,191.0,22.5,5.5,163.0,213.8041408237684,18.0,4.5,4.0,1.5,8.25,9.0,93.0,52.75,0.0,0.0,13.80428032804214,8.999860495726251,32294.0,0,0,0,35,SALT LAKE
1113,350208,88.25,175.67843931789216,0.5023382513110252,9.5,1.5,0.0,8.0,19.45725952850881,1.25,0.25,0.0,0.0,1.25,2.0,0.0,4.75,0.0,0.0,3.9573525313579783,5.999906997150834,34270.0,0,0,0,35,SALT LAKE
1114,350209,496.5,1057.3908485655572,0.46955201160814425,743.75,38.0,226.0,479.75,890.7263223800647,29.0,9.0,77.5,148.5,290.5,46.5,0.0,142.75,0.0,0.0,112.97700472102828,33.99931765903647,50921.0,0,0,0,35,SALT LAKE
1115,350210,253.0,738.4127749627153,0.3426267916515593,387.25,14.25,285.25,87.75,469.93737664425146,3.5,10.75,157.5,127.75,18.0,2.5,0.0,67.25,0.0,0.0,65.43758588523741,17.24979075901403,50921.0,0,0,0,35,SALT LAKE
1116,350211,289.0,544.2573685468824,0.5309987823804824,258.5,14.75,40.5,203.25,321.4254902676153,12.25,2.5,8.75,31.75,17.5,22.75,131.25,31.75,0.0,0.0,43.17581574673653,19.7496745208788,50921.0,0,0,0,35,SALT LAKE
1117,350212,47.0,91.2993401626935,0.5147901388580355,113.25,3.5,7.25,102.5,126.49218108319928,3.5,0.0,0.0,7.25,33.0,3.0,0.0,66.5,0.0,0.0,9.742600141672032,3.499580941527248,50921.0,0,0,0,35,SALT LAKE
1118,350213,464.0,833.872569583468,0.5564399368980023,42.0,1.75,23.0,17.25,117.73335594415693,1.75,0.0,4.0,19.0,1.0,2.5,0.0,13.75,0.0,0.0,43.7335647744573,31.99979116969961,50921.0,0,0,0,35,SALT LAKE
1119,350214,0.0,0.0,0.0,285.5,41.75,111.0,132.75,297.05942657833214,37.25,4.5,83.0,28.0,31.25,20.5,0.0,81.0,0.0,0.0,11.55942657833214,0.0,50921.0,0,0,0,35,SALT LAKE
1120,350215,122.75,237.6020015940599,0.5166202270034612,266.0,40.25,62.5,163.25,299.24256614660646,29.75,10.5,41.25,21.25,49.75,19.25,0.0,94.25,0.0,0.0,24.742705674980748,8.49986047162571,50921.0,0,0,0,35,SALT LAKE
1121,350216,327.5,629.8692995621317,0.5199491390160931,77.5,65.0,4.75,7.75,122.89416283364989,2.0,63.0,0.0,4.75,0.75,0.5,0.0,6.5,0.0,0.0,22.89446497529663,22.49969785835326,50921.0,0,0,0,35,SALT LAKE
1122,350217,567.0,938.9807285169612,0.6038462587997172,123.0,57.5,16.0,49.5,189.93576438748957,20.0,37.5,4.0,12.0,4.0,4.0,0.0,41.5,0.0,0.0,27.93636890600912,38.99939548148042,50921.0,0,0,0,35,SALT LAKE
1123,350218,0.0,0.0,0.0,535.0,121.5,66.25,347.25,556.6618194560178,99.0,22.5,16.25,50.0,33.5,110.75,75.0,128.0,0.0,0.0,21.661819456017835,0.0,50921.0,0,0,0,35,SALT LAKE
1124,350219,254.0,431.4360378276437,0.5887315331350961,601.75,48.0,41.75,512.0,687.8956754445104,20.75,27.25,0.0,41.75,143.0,22.75,48.5,297.75,0.0,0.0,68.64595445353994,17.499720990970445,50921.0,0,0,0,35,SALT LAKE
1125,350220,201.5,344.7145266217962,0.5845416553073665,350.25,54.75,37.75,257.75,391.09687499919056,22.0,32.75,1.25,36.5,39.0,9.25,0.0,209.5,0.0,0.0,26.84699883861881,13.999876160571755,50921.0,0,0,0,35,SALT LAKE
1126,350221,149.0,272.5260009944943,0.5467368231151278,714.0,158.75,19.0,536.25,792.4414014504247,64.0,94.75,0.0,19.0,179.0,13.25,0.0,344.0,0.0,0.0,68.19160301492361,10.249798435501,50921.0,0,0,0,35,SALT LAKE
1127,350222,220.5,391.84009518435386,0.5627295488897293,879.75,297.5,11.5,570.75,939.2963347946428,102.25,195.25,0.0,11.5,95.25,16.5,2.25,456.75,0.0,0.0,44.54656730176554,14.999767492877083,50921.0,0,0,0,35,SALT LAKE
1128,350223,444.25,771.228306565124,0.576029168299837,484.5,236.0,4.0,244.5,575.101357590152,211.5,24.5,0.25,3.75,52.25,8.25,0.0,184.0,0.0,0.0,60.1017682577772,30.499589332374857,50921.0,0,0,0,35,SALT LAKE
1129,350224,36.5,67.90876734440347,0.5374858273437363,287.5,60.75,4.5,222.25,364.859206267538,47.5,13.25,0.0,4.5,34.75,6.75,0.0,180.75,0.0,0.0,74.85913637031312,2.500069897224852,50921.0,0,0,0,35,SALT LAKE
1130,350225,273.0,449.733132661359,0.6070266568631139,1253.75,312.5,22.25,919.0,1334.063789652089,146.75,165.75,0.0,22.25,151.5,24.75,0.25,742.5,0.0,0.0,61.81397549293493,18.49981415915436,50921.0,0,0,0,35,SALT LAKE
1131,350226,62.5,112.19113396097016,0.5570850190509968,2236.75,496.5,51.5,1688.75,2353.3352348428743,230.25,266.25,0.0,51.5,307.5,63.0,225.25,1093.0,0.0,0.0,112.33505624324758,4.2501785996268415,50921.0,0,0,0,35,SALT LAKE
1132,350227,454.5,809.5997146757719,0.5613885377689615,323.75,115.75,37.25,170.75,534.0059498447747,107.5,8.25,9.5,27.75,22.25,7.5,0.0,141.0,0.0,0.0,178.75685726268222,31.499092582092505,50921.0,0,0,0,35,SALT LAKE
1133,350228,0.0,0.0,0.0,932.5,78.75,95.0,758.75,970.255216777428,38.75,40.0,0.0,95.0,258.0,36.25,0.0,464.5,0.0,0.0,37.75521677742802,0.0,50921.0,0,0,0,35,SALT LAKE
1134,350229,0.0,0.0,0.0,239.75,218.25,0.75,20.75,249.45652250759497,4.25,214.0,0.0,0.75,3.0,2.0,0.0,15.75,0.0,0.0,9.706522507594968,0.0,50921.0,0,0,0,35,SALT LAKE
1135,350230,0.0,0.0,0.0,0.0,0.0,0.0,0.0,0.0,0.0,0.0,0.0,0.0,0.0,0.0,0.0,0.0,0.0,0.0,0.0,0.0,50921.0,0,0,0,35,SALT LAKE
1136,350231,352.75,621.8214977509158,0.5672849865690905,420.0,213.25,15.75,191.0,663.8002891800078,76.5,136.75,9.0,6.75,25.25,16.5,27.0,122.25,0.0,0.0,219.5518410500204,24.248448129987445,50921.0,0,0,0,35,SALT LAKE
1137,350232,451.75,723.4128033586732,0.6244705621777877,331.25,127.25,13.25,190.75,411.94798438508496,109.25,18.0,0.0,13.25,27.0,12.0,0.0,151.75,0.0,0.0,49.698371732585805,30.99961265249912,50921.0,0,0,0,35,SALT LAKE
1138,350233,0.0,0.0,0.0,649.25,628.5,0.0,20.75,675.5366341292317,3.0,625.5,0.0,0.0,3.0,0.25,0.0,17.5,0.0,0.0,26.2866341292318,0.0,50921.0,0,0,0,35,SALT LAKE
1139,350234,0.0,0.0,0.0,2751.5,217.0,93.5,2441.0,2862.8995896041283,144.5,72.5,0.0,93.5,703.75,564.5,197.25,975.5,0.0,0.0,111.39958960412824,0.0,50921.0,0,0,0,35,SALT LAKE
1140,350235,253.75,412.66858836608753,0.6149002060096047,1062.5,207.25,67.25,788.0,1201.7943419928863,140.25,67.0,33.0,34.25,168.5,153.25,32.0,434.25,0.0,0.0,121.79462874926384,17.499713243622672,22976.0,0,408,0,35,SALT LAKE
1141,350236,0.0,0.0,0.0,973.25,156.25,42.75,774.25,1012.6546816291734,92.5,63.75,0.0,42.75,201.25,97.0,41.0,435.0,0.0,0.0,39.40468162917345,0.0,22976.0,0,0,0,35,SALT LAKE
1142,350237,0.0,0.0,0.0,480.5,210.25,8.0,262.25,499.9547361632962,195.0,15.25,0.0,8.0,53.5,9.0,0.0,199.75,0.0,0.0,19.45473616329624,0.0,22976.0,0,0,0,35,SALT LAKE
1143,350238,0.0,0.0,0.0,581.5,16.25,9.75,555.5,605.0434261843411,13.25,3.0,0.75,9.0,16.5,503.0,8.75,27.25,0.0,0.0,23.54342618434112,0.0,50921.0,0,0,0,35,SALT LAKE
1144,350239,180.0,310.322225714551,0.5800422434633234,185.75,31.5,33.5,120.75,212.557760017532,24.0,7.5,0.0,33.5,31.0,14.5,0.0,75.25,0.0,0.0,14.807946023230368,11.999813994301668,33167.0,0,0,0,35,SALT LAKE
1145,350240,214.5,359.35497500131464,0.5969028256787464,601.5,39.25,22.5,539.75,836.2866892782799,29.25,10.0,0.0,22.5,82.75,172.25,66.0,218.75,0.0,0.0,220.03687522565247,14.749814052627476,22976.0,0,0,0,35,SALT LAKE
1146,350241,391.0,514.7620968235703,0.7595741846820774,590.5,23.25,9.25,558.0,658.2505545845961,13.25,10.0,0.5,8.75,55.0,373.75,44.25,85.0,0.0,0.0,41.00068588070721,26.749868703888907,22976.0,0,0,0,35,SALT LAKE
1147,350242,0.0,0.0,0.0,297.25,1.0,0.25,296.0,309.28527472293644,0.0,1.0,0.0,0.25,227.5,0.5,0.25,67.75,0.0,0.0,12.035274722936451,0.0,22976.0,0,0,0,35,SALT LAKE
1148,350243,469.0,871.4515401294148,0.538182536151524,48.75,9.25,3.75,35.75,101.96229571971894,2.25,7.0,0.0,3.75,7.25,3.0,0.0,25.5,0.0,0.0,20.96285381972234,32.2494418999966,40130.0,0,0,0,35,SALT LAKE
1149,350244,94.0,171.11504869032876,0.5493380080796645,1.0,0.0,0.0,1.0,11.096175030142184,0.0,0.0,0.0,0.0,1.0,0.0,0.0,0.0,0.0,0.0,3.8463301177991966,6.249844912342986,40130.0,0,0,0,35,SALT LAKE
1150,350245,381.5,490.2579283548544,0.7781618163324547,150.25,3.5,9.0,137.75,200.5273168016838,3.0,0.5,0.75,8.25,99.0,8.5,0.0,30.25,0.0,0.0,23.7777741360683,26.49954266561552,22976.0,0,0,0,35,SALT LAKE
1151,350246,472.75,627.448485466693,0.7534483084270591,1054.5,33.5,270.25,750.75,1150.8437135239117,12.75,20.75,1.25,269.0,75.0,475.25,7.5,193.0,0.0,0.0,63.84417071754413,32.49954280636768,22976.0,0,0,0,35,SALT LAKE
1152,350247,287.25,427.1822230929262,0.6724296669468702,53.0,26.0,0.0,27.0,86.52516037767609,6.0,20.0,0.0,0.0,2.25,2.5,6.0,16.25,0.0,0.0,13.775408302365456,19.749752075310624,28852.0,0,0,0,35,SALT LAKE
1153,350248,425.75,703.03631994654,0.6055874894662266,184.75,49.5,4.25,131.0,239.96806483807265,38.25,11.25,0.0,4.25,26.5,16.75,0.0,87.75,0.0,0.0,26.218514351843588,28.999550486229037,46301.0,0,0,0,35,SALT LAKE
1154,350249,193.5,322.8828725303759,0.5992885236791123,45.0,7.25,1.25,36.5,76.40605810077841,1.0,6.25,0.0,1.25,1.5,1.5,1.75,31.75,0.0,0.0,18.1563993339218,13.249658766856609,46301.0,0,0,0,35,SALT LAKE
1155,350250,338.75,568.925788782778,0.5954203635675556,535.75,36.25,10.75,488.75,599.4078597763375,24.75,11.5,0.0,10.75,115.0,27.5,15.0,331.25,0.0,0.0,40.40820850087104,23.24965127546644,46301.0,0,0,0,35,SALT LAKE
1156,350251,530.25,836.8355673700989,0.633637025809506,71.25,71.0,0.0,0.25,132.10255582802415,3.0,68.0,0.0,0.0,0.0,0.25,0.0,0.0,0.0,0.0,24.60306726126821,36.249488566755936,43390.0,0,0,0,35,SALT LAKE
1157,350252,227.75,390.6525823418144,0.5829988339888218,1152.25,578.0,16.5,557.75,1237.36983332256,330.0,248.0,0.0,16.5,184.25,35.5,22.75,315.25,0.0,0.0,69.37007356787011,15.749759754689926,46301.0,0,0,0,35,SALT LAKE
1158,350253,69.0,114.00430604881193,0.6052402965415803,1550.75,792.5,47.0,711.25,1628.079627217507,616.75,175.75,0.0,47.0,185.0,47.75,0.0,478.5,0.0,0.0,72.57971248265136,4.749914734855938,46301.0,0,0,0,35,SALT LAKE
1159,350254,629.75,1106.0350276479176,0.5693761809146495,737.75,281.75,44.5,411.5,836.3660570538563,173.5,108.25,37.5,7.0,100.0,36.75,81.0,193.75,0.0,0.0,55.36673133656305,43.24932571729328,47798.0,0,0,0,35,SALT LAKE
1160,350255,560.25,1015.205378723604,0.5518587782743924,774.0,27.0,0.0,747.0,866.519916950839,5.5,21.5,0.0,0.0,14.75,1.75,692.0,38.5,0.0,0.0,54.02056029092187,38.49935665991719,34196.0,0,0,0,35,SALT LAKE
1161,350256,487.5,874.7164155156689,0.5573234837631412,658.75,322.0,9.75,327.0,739.4086667652543,145.25,176.75,0.0,9.75,11.0,49.25,180.0,86.75,0.0,0.0,47.15923260296276,33.49943416229149,34196.0,188,0,0,35,SALT LAKE
1162,350257,439.75,909.9423826741884,0.48327235698994336,502.5,251.0,10.0,241.5,570.6488893278234,85.75,165.25,6.75,3.25,20.0,178.5,2.0,41.0,0.0,0.0,38.14935434206932,29.999534985754167,59246.0,0,0,0,35,SALT LAKE
1163,350258,627.5,1219.5758527349562,0.5145231422816398,10.5,0.0,0.0,10.5,79.33055242876438,0.0,0.0,0.0,0.0,0.0,0.0,0.5,10.0,0.0,0.0,25.831218949183395,42.999333479580976,35273.0,0,0,0,35,SALT LAKE
1164,350259,428.25,819.4515736097319,0.5226056228234864,29.75,24.75,2.0,3.0,79.59714034878661,1.5,23.25,2.0,0.0,0.0,0.0,0.0,3.0,0.0,1.8036322360155488,18.543957626059967,29.499550486711087,39092.0,0,0,0,35,SALT LAKE
1165,350260,398.0,823.4229649947379,0.4833481903222646,267.0,8.75,1.5,256.75,321.1736461082064,8.75,0.0,0.0,1.5,10.25,230.25,1.0,15.25,0.0,0.0,26.92405685825796,27.249589249948507,61652.0,0,0,1956,35,SALT LAKE
1166,350261,189.25,465.5988411909617,0.40646578826509705,609.75,12.0,7.5,590.25,656.0988867203592,8.75,3.25,0.0,7.5,10.25,533.75,3.0,43.25,0.0,0.0,33.34908822653248,12.999798493826804,27416.0,0,0,0,35,SALT LAKE
1167,350262,0.0,0.0,0.0,3584.5,4.25,1.25,3579.0,3729.6275017400126,2.25,2.0,0.0,1.25,97.5,553.75,2804.0,123.75,0.0,0.0,145.1275017400126,0.0,25693.0,0,0,0,35,SALT LAKE
1168,350263,616.75,1562.521804958375,0.3947144916908408,0.0,0.0,0.0,0.0,67.46981349606662,0.0,0.0,0.0,0.0,0.0,0.0,0.0,0.0,0.0,0.0,24.97048001696769,42.49933347909892,25693.0,0,0,0,35,SALT LAKE
1169,350264,0.0,0.0,0.0,257.5,7.0,2.5,248.0,268.93540873863526,4.5,2.5,0.0,2.5,18.5,32.75,0.0,196.75,1.0097879282218598,0.0,10.425620810413443,0.0,31535.0,0,0,0,35,SALT LAKE
1170,350265,0.0,0.0,0.0,68.0,6.25,6.5,55.25,70.75283206784883,4.0,2.25,0.5,6.0,10.5,23.25,0.0,21.5,0.0,0.0,2.7528320678488227,0.0,45129.0,0,0,0,35,SALT LAKE
1171,350266,0.0,0.0,0.0,720.5,70.25,341.0,309.25,749.6709341019133,58.0,12.25,181.75,159.25,54.25,61.25,0.0,193.75,0.0,0.0,29.170934101913257,0.0,45129.0,0,0,0,35,SALT LAKE
1172,350267,0.0,0.0,0.0,0.0,0.0,0.0,0.0,0.0,0.0,0.0,0.0,0.0,0.0,0.0,0.0,0.0,0.0,0.0,0.0,0.0,69745.0,0,0,0,35,SALT LAKE
1173,350268,0.0,0.0,0.0,1809.75,132.75,1434.25,242.75,1883.0222040365547,131.0,1.75,542.5,891.75,65.75,8.5,51.25,117.25,0.0,0.0,73.27220403655468,0.0,69745.0,0,0,0,35,SALT LAKE
1174,350269,0.0,0.0,0.0,2311.5,41.0,1618.25,652.25,2405.086657775557,32.25,8.75,700.75,917.5,246.25,48.75,3.5,353.75,0.0,0.0,93.58665777555692,0.0,69745.0,0,0,0,35,SALT LAKE
1175,350270,0.0,0.0,0.0,1307.75,92.25,744.75,470.75,1360.6974521342097,69.5,22.75,284.0,460.75,111.25,90.5,0.0,269.0,0.0,0.0,52.947452134209534,0.0,69745.0,0,0,0,35,SALT LAKE
1176,350271,0.0,0.0,0.0,419.25,63.25,351.25,4.75,436.2242601686062,63.0,0.25,346.75,4.5,0.0,0.5,0.0,4.25,0.0,0.0,16.97426016860619,0.0,69745.0,0,0,0,35,SALT LAKE
1177,350272,83.0,250.82502448132823,0.3309079712904748,1411.25,178.75,398.0,834.5,1477.7490139966003,96.75,82.0,86.5,311.5,116.25,170.25,9.0,539.0,0.0,0.0,60.49910699944951,5.999906997150834,69745.0,574,129,0,35,SALT LAKE
1178,350273,465.25,1415.2429082646572,0.32874215251887773,470.0,48.75,70.25,351.0,541.1163530381964,30.0,18.75,25.5,44.75,110.25,100.0,2.0,138.75,0.0,0.0,39.11684905339196,31.99950398480445,47029.0,391,84,0,35,SALT LAKE
1179,350274,402.0,1223.546200227582,0.328553184117794,65.0,12.5,26.0,26.5,113.15767925019875,11.0,1.5,0.0,26.0,4.25,8.75,1.0,12.5,0.0,0.0,20.15811326349488,27.99956598670389,44639.0,0,0,0,35,SALT LAKE
1180,350275,511.5,1534.1546270550127,0.33340837421445807,0.0,0.0,0.0,0.0,55.95885911090092,0.0,0.0,0.0,0.0,0.0,0.0,0.0,0.0,0.0,0.0,20.709463712328898,35.24939539857202,59421.0,0,0,0,35,SALT LAKE
1181,350276,173.25,585.077309597531,0.2961147136592547,92.0,0.0,0.0,92.0,114.73913814183275,0.0,0.0,0.0,0.0,0.0,92.0,0.0,0.0,0.0,0.0,10.739324147531104,11.999813994301668,56172.0,284,0,0,35,SALT LAKE
1182,350277,66.5,220.73035215563252,0.30127256786648077,134.5,83.5,11.0,40.0,149.13804599624402,82.5,1.0,10.75,0.25,4.75,6.25,0.0,29.0,0.0,0.0,10.138162320181538,4.499883676062464,34780.0,0,0,0,35,SALT LAKE
1183,350278,129.25,427.8658258950349,0.3020806808527586,224.0,1.75,138.0,84.25,248.05163856895916,1.5,0.25,116.5,21.5,73.25,3.25,0.0,7.75,0.0,0.0,15.051778073232908,8.999860495726251,48701.0,0,0,0,35,SALT LAKE
1184,350279,92.5,182.0376580482195,0.5081366184984533,199.5,44.5,52.75,102.25,218.82271468423136,18.5,26.0,41.5,11.25,23.25,26.0,0.0,53.0,0.0,0.0,13.322807687080529,5.999906997150834,32294.0,0,0,0,35,SALT LAKE
1185,350280,0.0,0.0,0.0,450.5,3.5,429.5,17.5,468.740025643736,3.25,0.25,302.0,127.5,1.0,3.0,0.0,13.5,0.0,0.0,18.240025643736026,0.0,48701.0,0,0,0,35,SALT LAKE
1186,350281,80.75,199.11622810351705,0.40554203325918514,563.0,205.0,123.25,234.75,668.810493337962,190.5,14.5,86.5,36.75,50.0,25.75,0.0,159.0,0.0,0.0,99.81053201829106,5.99996131967098,19046.0,0,0,0,35,SALT LAKE
1187,350282,0.25,0.9530476432275138,0.2623163718797628,649.5,75.0,111.75,462.75,677.3073581254813,59.75,15.25,90.5,21.25,126.5,91.5,0.0,244.75,0.0,0.0,27.807358125481336,0.0,48701.0,0,0,0,35,SALT LAKE
1188,350283,301.75,719.9133849558174,0.41914764512750247,1277.5,313.0,49.25,915.25,1407.4546535052405,237.0,76.0,19.5,29.75,221.5,90.0,47.75,556.0,0.0,0.0,109.454606434546,20.50004707069457,19046.0,0,0,0,35,SALT LAKE
1189,350284,185.49997431233794,493.7351626037327,0.3757074406734497,394.74994533582424,35.24999511865182,41.24999428778404,318.24995592938836,462.9667556626822,26.99999626109501,8.249998857556808,3.2499995499466214,37.99999473783742,27.249996226475517,20.999997091962783,0.0,269.9999626109501,0.0,7.2145279463608825,48.252151860400076,12.75013052009699,19046.0,0,0,0,35,SALT LAKE
1190,350285,754.7500022168641,1464.0238636372433,0.5155312156878042,214.50000063003293,118.75000034879446,32.75000009619384,63.00000018504464,328.24589955048776,7.750000022763428,111.00000032603103,29.75000008738219,3.000000008811649,10.000000029372165,4.750000013951778,0.0,48.2500001417207,0.0,0.0,61.74654177761689,51.99935714283801,19046.0,0,0,0,35,SALT LAKE
1191,350286,335.499975074676,717.5608825880049,0.46755611017233617,95.99999286786556,15.749998829884193,1.9999998514138657,78.24999418656749,178.47032396809325,14.499998922750526,1.249999907133666,0.0,1.9999998514138657,9.749999275642596,7.499999442801997,41.249996935410984,19.749998532711924,0.0,0.0,59.22064275458937,23.24968834563834,19046.0,0,0,0,35,SALT LAKE
1192,350287,302.25,590.5517332127175,0.5118095215057631,1155.75,212.25,102.0,841.5,1291.5363400893425,159.5,52.75,0.0,102.0,194.5,346.0,10.25,290.75,0.0,0.0,114.78678976941228,20.99955031993017,19046.0,0,0,258,35,SALT LAKE
1193,350288,317.75,601.8329229046096,0.5279704514443178,946.0,381.75,45.75,518.5,1101.920501271731,302.5,79.25,29.5,16.25,82.75,46.0,8.5,381.25,0.0,0.0,133.92087335591117,21.99962791581965,19046.0,0,0,0,35,SALT LAKE
1194,350289,681.25,1455.918054089473,0.4679178186481463,933.0,320.0,9.25,603.75,1054.6091530512078,209.0,111.0,0.5,8.75,74.0,94.0,25.75,410.0,0.0,0.0,74.60982722738773,46.999325823820165,70218.0,404,0,0,35,SALT LAKE
1195,350290,676.5,1326.4697420234031,0.5100003253508548,340.75,95.0,2.5,243.25,429.4356047821678,21.75,73.25,0.0,2.5,17.25,5.0,99.5,121.5,0.0,0.0,41.93637988833718,46.7492248938306,76177.0,0,0,0,35,SALT LAKE
1196,350291,0.0,0.0,0.0,75.0,0.0,0.0,75.0,78.03656651927467,0.0,0.0,0.0,0.0,0.0,44.0,0.0,31.0,0.0,0.0,3.036566519274672,0.0,76177.0,0,0,0,35,SALT LAKE
1197,350292,673.5,1388.395638669134,0.485092275747562,264.5,142.75,4.25,117.5,348.47622357443095,19.5,123.25,1.0,3.25,17.0,5.25,2.0,93.25,0.0,0.0,37.97693659627451,45.99928697815639,68454.0,0,0,0,35,SALT LAKE
1198,350293,605.0,1410.606909519162,0.42889340461704406,207.5,85.5,4.5,117.5,285.1450010423911,65.0,20.5,1.0,3.5,10.25,9.25,34.0,64.0,0.0,0.0,35.89558997752741,41.749411064863686,79868.0,0,0,0,35,SALT LAKE
1199,350294,228.0,525.678492260844,0.4337251825149152,12.0,6.0,0.0,6.0,38.46676485408118,6.0,0.0,0.0,0.0,0.0,0.0,0.0,6.0,0.0,0.0,10.46701286167895,15.999751992402224,126214.0,0,0,0,35,SALT LAKE
1200,350295,328.5,841.8197989217643,0.39022603224675356,9.0,3.0,0.0,6.0,49.41417317774293,3.0,0.0,0.0,0.0,0.0,0.0,0.0,6.0,0.0,0.0,17.41452968866473,22.9996434890782,124089.0,0,0,0,35,SALT LAKE
1201,350296,306.0,685.7158375136198,0.446248990120375,53.75,5.0,0.0,48.75,90.31471852916346,0.0,5.0,0.0,0.0,0.0,48.75,0.0,0.0,0.0,0.0,15.565044039135524,20.99967449002792,117066.0,470,0,0,35,SALT LAKE
1202,350297,143.75,324.2322054742467,0.4433550941978151,0.0,0.0,0.0,0.0,15.819797277035963,0.0,0.0,0.0,0.0,0.0,0.0,0.0,0.0,0.0,0.0,5.819952281784573,9.99984499525139,117066.0,0,0,0,35,SALT LAKE
1203,350298,508.75,1350.4533108696892,0.3767253528168005,60.75,60.5,0.0,0.25,119.5571203684649,0.0,60.5,0.0,0.0,0.25,0.0,0.0,0.0,0.0,0.0,23.80766288508504,34.999457483379864,114574.0,0,0,0,35,SALT LAKE
1204,350299,581.25,1130.900127654293,0.5139711153854281,185.5,25.75,22.5,137.25,260.29355999920875,18.0,7.75,0.0,22.5,30.25,53.25,5.0,48.75,0.0,0.0,34.79418001820321,39.99937998100556,85173.0,485,0,0,35,SALT LAKE
1205,350300,213.25,553.5879528345287,0.38521430769600207,428.75,163.75,1.0,264.0,469.742654204672,0.0,163.75,0.0,1.0,0.0,15.0,1.0,248.0,0.0,0.0,25.99288671179488,14.999767492877083,142362.0,0,0,0,35,SALT LAKE
1206,350301,926.0,2147.6536698277696,0.4311682153455684,0.0,0.0,0.0,0.0,101.4904825942535,0.0,0.0,0.0,0.0,0.0,0.0,0.0,0.0,0.0,0.0,37.49147462464462,63.9990079696089,143431.0,0,0,0,35,SALT LAKE
1207,350302,0.0,0.0,0.0,270.5,11.0,125.5,134.0,293.9518263611566,8.25,2.75,12.25,113.25,15.75,49.5,0.0,68.75,0.0,0.0,23.45182636115661,0.0,45129.0,0,0,0,35,SALT LAKE
1208,350303,0.0,0.0,0.0,0.0,0.0,0.0,0.0,0.0,0.0,0.0,0.0,0.0,0.0,0.0,0.0,0.0,0.0,0.0,0.0,0.0,45129.0,0,0,0,35,SALT LAKE
1209,350304,0.0,0.0,0.0,41.0,4.0,2.25,34.75,42.66003551410337,2.25,1.75,0.0,2.25,6.0,17.25,0.0,11.5,0.0,0.0,1.6600355141033682,0.0,45129.0,0,0,0,35,SALT LAKE
1210,350305,0.0,0.0,0.0,579.25,42.0,210.25,327.0,602.7021045229345,33.5,8.5,0.0,210.25,22.25,58.0,0.0,246.75,0.0,0.0,23.452104522934533,0.0,45129.0,0,0,0,35,SALT LAKE
1211,350306,0.0,0.0,0.0,5927.5,461.0,4598.75,867.75,6167.488427200206,449.75,11.25,1551.5,3047.25,275.25,126.5,0.0,466.0,0.0,0.0,239.98842720020647,0.0,69745.0,0,0,0,35,SALT LAKE
1212,350307,0.0,0.0,0.0,5676.25,297.75,3546.0,1832.5,5906.0664379368045,255.5,42.25,819.75,2726.25,413.0,199.0,105.0,1115.5,0.0,0.0,229.81643793680493,0.0,69745.0,0,0,0,35,SALT LAKE
1213,350308,0.0,0.0,0.0,10739.75,1285.75,3584.5,5869.5,11174.576370422945,568.5,717.25,1778.5,1806.0,901.75,917.5,139.0,3911.25,0.0,0.0,434.8263704229432,0.0,69745.0,0,0,0,35,SALT LAKE
1214,350309,0.0,0.0,0.0,2883.25,102.75,2115.75,664.75,2999.9862626519853,87.0,15.75,1278.25,837.5,75.5,325.25,27.5,236.5,0.0,0.0,116.73626265198511,0.0,69745.0,0,0,0,35,SALT LAKE
1215,350310,0.0,0.0,0.0,1028.5,42.0,745.0,241.5,1999.0128468081216,38.5,3.5,393.25,351.75,14.5,21.25,0.0,205.75,0.0,928.8706016358848,41.64224517223722,0.0,69745.0,0,0,0,35,SALT LAKE
1216,350311,65.0,200.9476455295676,0.3234673381153692,2405.25,304.5,1317.5,783.25,2509.264163716516,276.5,28.0,925.25,392.25,246.25,114.25,36.0,386.75,0.0,0.0,100.01422571841586,3.999937998100556,69745.0,0,0,0,35,SALT LAKE
1217,350312,276.75,1012.0393283900112,0.2734577523190368,2089.5,342.0,148.5,1599.0,2219.7158271802305,183.25,158.75,13.0,135.5,334.75,287.5,247.5,729.25,0.0,5.410896709398603,105.80522497985427,18.99970549097764,64668.0,0,0,0,35,SALT LAKE
1218,350313,287.0,1132.4533091722597,0.25343208207831186,166.0,1.25,0.0,164.75,205.3399161646853,1.25,0.0,0.0,0.0,2.25,154.0,0.0,8.5,0.0,0.0,19.34022617418247,19.99968999050278,66746.0,570,820,0,35,SALT LAKE
1219,350314,342.75,1364.935838221011,0.25111070454910406,52.5,14.0,2.25,36.25,92.25223169868651,12.75,1.25,0.0,2.25,17.25,8.0,0.0,11.0,0.0,0.0,16.002595947795506,23.74963575089104,72182.0,0,0,0,35,SALT LAKE
1220,350315,267.75,844.1204865429129,0.3171940549583952,86.5,40.25,0.0,46.25,124.34226782849515,16.25,24.0,0.0,0.0,11.25,17.0,0.0,18.0,0.0,0.0,19.592554599330352,18.2497132291648,37499.0,0,0,0,35,SALT LAKE
1221,350316,53.75,159.22667399988524,0.337569068358727,5.5,1.5,0.0,4.0,12.898869692138389,1.25,0.25,0.0,0.0,0.0,0.25,0.0,3.75,0.0,0.0,3.398931694037831,3.999937998100556,59421.0,0,0,0,35,SALT LAKE
1222,350317,28.0,88.2389030418976,0.31732035456860835,1253.25,102.0,302.25,849.0,1311.3734218635846,75.0,27.0,146.75,155.5,85.25,237.5,84.0,442.25,0.0,0.0,56.12345286453436,1.999968999050278,37499.0,279,0,0,35,SALT LAKE
1223,350318,216.25,717.615232852356,0.3013453311748356,87.25,2.25,2.5,82.5,116.28813580034932,2.25,0.0,0.0,2.5,59.0,6.75,1.0,15.75,0.0,0.0,14.038368307472238,14.999767492877083,48701.0,0,0,0,35,SALT LAKE
1224,350319,0.0,0.0,0.0,346.0,13.25,267.5,65.25,360.00932639890834,10.5,2.75,148.5,119.0,4.75,13.25,0.0,47.25,0.0,0.0,14.009326398908357,0.0,37499.0,0,0,0,35,SALT LAKE
1225,350320,0.0,0.0,0.0,1330.5,260.75,51.25,1018.5,1384.368188039421,235.0,25.75,0.0,51.25,75.75,70.5,0.0,872.25,0.0,0.0,53.86818803942107,0.0,37499.0,0,0,0,35,SALT LAKE
1226,350321,187.25,485.1618201905048,0.3859537008218701,1385.5,500.0,141.0,744.5,1534.422155273004,394.25,105.75,26.0,115.0,96.25,100.0,0.0,548.25,0.0,0.0,135.92236455014324,12.999790722860546,52826.0,0,0,0,35,SALT LAKE
1227,350322,508.75,1054.416188807253,0.4824944887990517,962.0,217.5,230.25,514.25,1071.289327692788,180.0,37.5,35.5,194.75,74.0,64.25,97.0,279.0,0.0,0.0,74.04002543781738,35.249302254970694,52826.0,0,0,0,35,SALT LAKE
1228,350323,492.75,1135.9291077099442,0.43378587330453555,925.0,101.0,261.0,563.0,1075.1522114981483,44.0,57.0,4.0,257.0,115.75,98.5,57.5,291.25,0.0,0.0,116.40266088081016,33.749550617338514,52826.0,0,0,0,35,SALT LAKE
1229,350324,345.75,872.895818605585,0.39609537888762186,434.0,112.5,5.25,316.25,544.3132264794109,5.75,106.75,1.0,4.25,51.5,57.25,125.0,82.5,0.0,0.0,86.56362954960099,23.74959692980986,52826.0,0,0,0,35,SALT LAKE
1230,350325,232.75,460.34758912288856,0.5055962179436287,1312.25,274.5,65.25,972.5,1468.3015305365618,122.75,151.75,25.0,40.25,98.75,102.5,382.0,389.25,0.0,0.0,140.05165435044333,15.99987618611846,52826.0,0,0,0,35,SALT LAKE
1231,350326,586.0,1516.5378095804344,0.38640645574284943,1327.0,85.25,21.25,1220.5,1460.4527226813557,27.25,58.0,0.75,20.5,84.25,781.75,149.5,205.0,0.0,0.0,93.20338928371883,40.24933339763668,25539.0,560,0,318,35,SALT LAKE
1232,350327,725.7499999748079,1524.5595839263272,0.47603911819944916,74.24999999742265,20.249999999297085,6.249999999783052,47.74999999834251,156.63954205808665,4.999999999826441,15.249999999470646,5.999999999791729,0.24999999999132205,18.24999999936651,2.9999999998958646,4.999999999826441,21.499999999253696,0.0,0.0,32.39031708614262,49.99922497452138,72818.0,0,0,0,35,SALT LAKE
1233,350328,578.5,1221.2039787356396,0.47371283591701346,231.25,58.75,6.25,166.25,304.03424252344195,6.25,52.5,6.0,0.25,25.75,108.0,32.25,0.25,0.0,0.0,32.7848625424364,39.99937998100556,61505.0,413,0,0,35,SALT LAKE
1234,350329,587.25,1290.8964313881506,0.454916433046846,421.75,137.75,9.75,274.25,503.10136239418,102.25,35.5,0.0,9.75,89.75,47.0,16.0,121.5,0.0,0.0,41.3519824131744,39.99937998100556,80460.0,0,0,0,35,SALT LAKE
1235,350330,674.0,1514.999623572146,0.444884598988089,496.75,122.5,22.5,351.75,590.1509870768601,26.5,96.0,0.0,22.5,51.5,114.25,80.75,105.25,0.0,0.0,47.40170009870367,45.99928697815639,68937.0,596,0,0,35,SALT LAKE
1236,350331,559.0,1262.881079176551,0.4426386690063409,508.0,64.0,22.25,421.75,589.6991882307111,43.25,20.75,0.0,22.25,118.0,87.0,69.75,147.0,0.0,0.0,43.1997229021351,38.499465328575965,76947.0,0,0,0,35,SALT LAKE
1237,350332,189.5,437.0186990713616,0.4336198894982665,33.5,20.5,1.0,12.0,55.52852294447017,0.5,20.0,0.0,1.0,2.25,1.25,0.0,8.5,0.0,0.0,9.028724450643358,12.999798493826804,126214.0,0,0,0,35,SALT LAKE
1238,350333,606.25,1375.9948616443037,0.44059030807392385,85.25,49.75,0.0,35.5,155.24612978514284,4.0,45.75,0.0,0.0,2.25,2.75,5.25,25.25,0.0,0.0,27.996780805087013,41.99934898005584,95967.0,0,0,0,35,SALT LAKE
1239,350334,213.0,545.8373390551483,0.39022614387045385,0.0,0.0,0.0,0.0,23.623616407617156,0.0,0.0,0.0,0.0,0.0,0.0,0.0,0.0,0.0,0.0,8.62384891474007,14.999767492877083,124089.0,0,0,0,35,SALT LAKE
1240,350335,464.75,1165.8185671822455,0.39864693622378067,193.25,139.75,12.75,40.75,252.6403447918408,88.0,51.75,4.75,8.0,2.5,3.75,1.25,33.25,0.0,0.0,27.390840807036376,31.99950398480445,117451.0,0,0,0,35,SALT LAKE
1241,350336,332.0,937.4370663670016,0.3541571076196637,89.75,26.25,0.0,63.5,132.82897489096433,22.25,4.0,0.0,0.0,0.0,62.75,0.0,0.75,0.0,0.0,20.329323639598428,22.749651251365897,151429.0,0,755,0,35,SALT LAKE
1242,350337,395.25,1372.4324030187518,0.2879923259831396,147.25,24.25,17.0,106.0,196.96369175387085,21.0,3.25,0.0,17.0,17.0,8.0,13.0,68.0,0.0,0.0,22.71411026669211,26.99958148717875,107916.0,0,0,0,35,SALT LAKE
1243,350338,445.25,1001.6971968475726,0.4444956034630426,1185.25,484.75,39.75,660.75,1286.5132827107393,314.25,170.5,19.0,20.75,71.25,92.25,30.0,467.25,0.0,0.0,70.51370114065205,30.749581570087155,79751.0,0,0,0,35,SALT LAKE
1244,350339,299.5,747.4231882788367,0.4007100725489765,510.25,106.5,6.25,397.5,567.5342112572422,49.0,57.5,0.0,6.25,52.25,52.5,21.0,271.75,0.0,0.0,36.534583351065216,20.749627906176983,115751.0,0,0,0,35,SALT LAKE
1245,350340,502.75,1302.7321854118256,0.3859196891194243,29.0,0.0,0.0,29.0,85.52848514923704,0.0,0.0,0.0,0.0,0.0,29.0,0.0,0.0,0.0,0.0,21.52902766585718,34.999457483379864,156479.0,418,0,0,35,SALT LAKE
1246,350341,0.0,0.0,0.0,1129.0,255.0,420.5,453.5,1174.7102403688416,246.75,8.25,226.25,194.25,39.25,31.5,0.0,382.75,0.0,0.0,45.71024036884149,0.0,69745.0,0,0,0,35,SALT LAKE
1247,350342,0.0,0.0,0.0,3411.0,156.25,2466.0,788.75,3549.1019861883497,77.25,79.0,73.75,2392.25,438.5,147.75,7.0,195.5,0.0,0.0,138.10198618834966,0.0,69745.0,0,0,0,35,SALT LAKE
1248,350343,0.0,0.0,0.0,0.0,0.0,0.0,0.0,0.0,0.0,0.0,0.0,0.0,0.0,0.0,0.0,0.0,0.0,0.0,0.0,0.0,64668.0,0,0,0,35,SALT LAKE
1249,350344,46.5,140.25893523124552,0.3315296806106167,1982.25,164.75,735.25,1082.25,2217.6411715611,135.0,29.75,518.0,217.25,199.75,129.0,0.0,753.5,0.0,0.0,232.3912025374669,2.9999690236328744,37499.0,0,0,0,35,SALT LAKE
1250,350345,0.0,0.0,0.0,1287.5,391.75,476.25,419.5,1339.6278365294197,347.75,44.0,1.0,475.25,63.0,51.0,0.0,305.5,0.0,0.0,52.1278365294196,0.0,37499.0,0,0,0,35,SALT LAKE
1251,350346,0.0,0.0,0.0,449.5,68.0,141.0,240.5,467.6994181425314,60.25,7.75,0.0,141.0,56.75,55.0,0.0,128.75,0.0,0.0,18.1994181425314,0.0,37499.0,0,0,0,35,SALT LAKE
1252,350347,0.0,0.0,0.0,326.0,37.5,159.25,129.25,339.19936769246186,11.0,26.5,15.0,144.25,4.5,7.5,0.0,117.25,0.0,0.0,13.199367692461866,0.0,37499.0,0,0,0,35,SALT LAKE
1253,350348,91.0,202.8047048597577,0.44870753892483795,2276.5,1186.5,86.25,1003.75,2402.1090594920083,914.0,272.5,1.5,84.75,185.25,155.5,6.5,656.5,0.0,0.0,119.35925340074652,6.249806091261811,34686.0,0,0,0,35,SALT LAKE
1254,350349,477.75,1044.9820286668105,0.4571848959063096,935.75,271.5,167.25,497.0,1110.4545617723415,234.25,37.25,135.75,31.5,78.0,67.5,0.25,351.25,0.0,0.0,141.70539149940353,32.999170272937995,34686.0,0,0,0,35,SALT LAKE
1255,350350,499.0,940.586319035778,0.5305201552490569,543.25,37.5,54.5,451.25,681.9429943206459,25.25,12.25,8.0,46.5,98.0,144.5,32.25,176.5,0.0,0.0,104.19387841601883,34.49911590462704,34686.0,0,0,0,35,SALT LAKE
1256,350351,435.0,687.909219085676,0.6323508799288569,398.0,69.75,17.25,311.0,472.97417181389307,34.25,35.5,1.0,16.25,50.75,41.75,55.0,163.5,0.0,0.0,44.97463682813892,29.999534985754167,34686.0,0,0,0,35,SALT LAKE
1257,350352,112.25,176.4731424337533,0.6360741269291887,2556.5,299.75,71.5,2185.25,2673.0481231704066,93.0,206.75,0.0,71.5,1402.0,169.25,91.25,522.75,0.0,0.0,108.79829375805656,7.74982941235018,34686.0,0,0,0,35,SALT LAKE
1258,350353,1005.5,1680.550189013135,0.5983159601978071,7426.75,234.75,24.25,7167.75,7838.1498250808145,167.0,67.75,0.0,24.25,131.0,6314.25,237.0,485.5,0.0,0.0,342.4008946135799,68.99893046723459,27074.0,0,0,0,35,SALT LAKE
1259,350354,722.25,1374.7986785302676,0.5253496466639925,1633.5,211.5,101.25,1320.75,1796.8777062026536,135.5,76.0,1.0,100.25,301.75,314.25,115.0,589.75,0.0,0.0,113.37848122639656,49.99922497625695,60370.0,0,0,0,35,SALT LAKE
1260,350355,764.5,1613.938392067505,0.47368598687379376,544.5,199.75,8.0,336.75,650.4984267001568,49.5,150.25,0.0,8.0,41.0,37.75,48.0,210.0,0.0,0.0,52.99924822532442,52.99917847483236,67318.0,0,0,0,35,SALT LAKE
1261,350356,636.25,1503.9714002946116,0.4230466083832216,631.25,130.25,28.0,473.0,731.0664242129774,43.75,86.5,9.0,19.0,88.0,68.75,105.5,210.75,0.0,0.0,56.06715281772218,43.74927139525518,54863.0,0,0,0,35,SALT LAKE
1262,350357,456.75,817.9484133227322,0.5584092988756534,258.0,52.75,1.25,204.0,319.18835202999753,31.0,21.75,0.0,1.25,42.75,16.5,46.75,98.0,0.0,0.0,29.68890239181377,31.49944963818376,59906.0,0,0,0,35,SALT LAKE
1263,350358,244.0,382.9944106914815,0.6370850153125407,719.25,50.75,10.0,658.5,775.9997447286734,19.0,31.75,0.0,10.0,45.5,428.5,72.5,112.0,0.0,0.0,39.75000823674604,16.99973649192736,60405.0,0,0,0,35,SALT LAKE
1264,350359,483.0,883.1077093880181,0.5469321520641153,494.5,186.5,6.0,302.0,567.0760879917722,23.25,163.25,1.0,5.0,48.0,25.0,124.0,105.0,0.0,0.0,39.57659950744258,32.99948848432959,92591.0,0,0,0,35,SALT LAKE
1265,350360,510.0,1314.6695936779852,0.3879301707839751,54.5,9.5,2.0,43.0,113.10471142912442,8.0,1.5,0.0,2.0,4.5,4.5,0.0,34.0,0.0,0.0,23.605253945744558,34.999457483379864,116830.0,0,0,0,35,SALT LAKE
1266,350361,481.25,1056.6822271546623,0.4554349336373965,22.75,10.75,1.0,11.0,78.65546465542327,10.75,0.0,0.0,1.0,0.0,0.25,0.0,10.75,0.0,0.0,22.905976171093688,32.99948848432959,94432.0,0,0,0,35,SALT LAKE
1267,350362,466.0,1149.9569372938763,0.40523256557468096,92.25,28.75,5.25,58.25,150.8515445699978,26.75,2.0,2.0,3.25,15.75,3.25,8.0,31.25,0.0,0.0,26.60204058519335,31.99950398480445,86636.0,0,0,0,35,SALT LAKE
1268,350363,632.5,1581.555789263899,0.39992266115024844,310.75,118.75,2.25,189.75,394.4389488076663,107.25,11.5,0.0,2.25,19.75,77.25,0.5,92.25,0.0,0.0,40.189630829042216,43.49931797862406,76455.0,556,0,0,35,SALT LAKE
1269,350364,508.75,1171.6105386885024,0.4342313279031216,184.75,41.25,0.0,143.5,252.32748332067945,0.0,41.25,0.0,0.0,0.0,138.5,0.0,5.0,0.0,0.0,32.57802583729956,34.999457483379864,99958.0,501,591,0,35,SALT LAKE
1270,350365,433.0,1051.092814657159,0.41195220247151454,9.0,9.0,0.0,0.0,58.14504619939751,0.0,9.0,0.0,0.0,0.0,0.0,0.0,0.0,0.0,0.0,19.145511213643346,29.999534985754167,107730.0,0,0,0,35,SALT LAKE
1271,350366,304.75,536.5642534474399,0.5679655289035246,483.75,174.75,7.25,301.75,536.9234116935652,92.75,82.0,0.0,7.25,32.5,37.0,58.0,174.25,0.0,0.0,31.92379928834514,21.24961240522007,67016.0,0,0,0,35,SALT LAKE
1272,350367,312.5,574.0866140112678,0.544342948212108,467.25,189.5,16.5,261.25,520.3191387714102,81.25,108.25,0.0,16.5,68.25,36.75,9.75,146.5,0.0,0.0,31.56923139490667,21.49990737650348,63303.0,0,0,0,35,SALT LAKE
1273,350368,1275.75,2165.2632659571345,0.5891893240224839,772.75,383.25,12.75,376.75,981.4389979124612,153.25,230.0,2.0,10.75,63.25,40.75,10.75,262.0,0.0,0.0,120.94029989305956,87.74869801940159,63303.0,0,0,0,35,SALT LAKE
1274,350369,314.5,607.49132439962,0.5177028664743788,575.75,278.5,11.5,285.75,656.2922195951786,113.0,165.5,2.5,9.0,39.0,30.75,22.5,193.5,0.0,0.0,58.79249852081769,21.749721074360902,59906.0,0,0,0,35,SALT LAKE
1275,350370,149.75,241.86597617651185,0.6191445459476849,2369.25,727.0,6.75,1635.5,2497.97204655475,476.25,250.75,0.0,6.75,823.5,5.25,29.5,777.25,0.0,16.232690122787982,101.98956575874844,10.499790673213298,63303.0,0,0,0,35,SALT LAKE
1276,350371,667.5,1096.20373859831,0.6089196528863481,694.25,139.5,70.75,484.0,806.6374085142604,83.0,56.5,3.0,67.75,88.5,30.75,48.0,316.75,0.0,0.0,66.63807497635368,45.74933353790679,60405.0,0,0,0,35,SALT LAKE
1277,350372,0.0,0.0,0.0,134.99999572082308,0.0,0.0,134.99999572082308,141.21580273177332,0.0,0.0,0.0,0.0,0.0,134.74999572874748,0.0,0.24999999207559828,0.0,0.0,6.215807010950251,0.0,83576.0,0,0,1832,35,SALT LAKE
1278,350373,502.75000196955085,1127.6401357699733,0.44584259288204914,105.50000041330208,4.750000018608387,0.0,100.75000039469369,167.6260181517984,1.0000000039175552,3.7500000146908317,0.0,0.0,16.000000062680883,27.500000107732767,20.000000078351103,37.25000014592893,0.0,0.0,27.626490272867127,34.49952746562922,83576.0,0,0,0,35,SALT LAKE
1279,350374,288.25,811.1798432291575,0.3553466008875786,98.75,26.5,26.0,46.25,137.1686196119607,25.75,0.75,25.75,0.25,27.25,2.0,0.0,17.0,0.0,0.0,18.66886753665009,19.749752075310624,157449.0,0,0,0,35,SALT LAKE
1280,350375,760.25,1732.0428345147222,0.43893256266552105,602.5,79.5,6.75,516.25,709.9236060840587,38.75,40.75,0.0,6.75,182.5,43.25,31.0,259.5,0.0,0.0,55.17440434598177,52.24920173807698,72786.0,0,0,0,35,SALT LAKE
1281,350376,518.25,1277.210075533796,0.4057672343239252,268.25,3.25,14.25,250.75,346.2539446946668,2.5,0.75,0.0,14.25,90.25,0.25,153.0,7.25,0.0,5.410896709398603,36.843598263693934,35.749449721574216,109244.0,0,0,0,35,SALT LAKE
1282,350377,350.5,697.8691274575034,0.5022431659600011,81.0,36.0,31.0,14.0,125.71997964961182,30.5,5.5,0.0,31.0,2.25,2.5,0.0,9.25,0.0,0.0,20.72035166100848,23.999627988603336,48050.0,0,0,0,35,SALT LAKE
1283,350378,273.0,481.37530481953536,0.5671250628495494,65.25,12.0,8.0,45.25,97.94445254050656,8.75,3.25,0.0,8.0,6.25,5.25,0.0,33.75,0.0,0.0,13.694747049528926,18.99970549097764,67016.0,0,0,0,35,SALT LAKE
1284,350379,541.0,1130.9662106437577,0.47835204527645186,40.75,10.25,3.25,27.25,104.0535317796188,7.0,3.25,0.0,3.25,7.0,6.0,0.0,14.25,0.0,0.0,26.30410529718866,36.99942648243014,55325.0,0,0,0,35,SALT LAKE
1285,350380,207.25,334.2907194502316,0.6199693498546401,3.75,0.5,1.0,2.25,27.042557101964427,0.0,0.5,0.0,1.0,0.0,1.0,0.0,1.25,0.0,0.0,9.29277410861248,13.999782993351946,63303.0,0,0,0,35,SALT LAKE
1286,350381,524.25,898.8090222693859,0.5832718486473701,114.5,21.25,3.25,90.0,176.3609639207917,13.25,8.0,0.0,3.25,18.75,2.5,0.0,68.75,0.0,0.0,25.861521937886696,35.999441982905005,73323.0,0,0,0,35,SALT LAKE
1287,350382,170.0,323.5274398192668,0.5254577481742125,251.5,79.5,8.5,163.5,316.0665601630261,64.25,15.25,2.5,6.0,28.25,17.5,11.5,106.25,0.0,0.0,52.81673840643674,11.74982175658937,63303.0,0,0,0,35,SALT LAKE
1288,350383,280.25,515.8138126215063,0.5433161988735687,1348.75,573.0,27.0,748.75,1446.4508920157778,294.75,278.25,0.0,27.0,319.25,18.75,210.0,200.75,0.0,0.0,78.70110890625622,18.999783109521506,63303.0,0,0,0,35,SALT LAKE
1289,350384,176.75,301.4468058995344,0.5863389378851368,64.75,2.25,0.0,62.5,86.5275385382948,2.25,0.0,0.0,0.0,7.75,0.5,0.0,54.25,0.0,0.0,9.777724543993148,11.999813994301668,73323.0,0,0,0,35,SALT LAKE
1290,350385,762.0,1733.3227373975108,0.4396180720181986,126.5,14.0,32.25,80.25,214.72215882455436,0.0,14.0,32.25,0.0,22.25,0.0,9.0,49.0,0.0,0.0,35.97291826539619,52.24924055915816,90891.0,0,0,0,35,SALT LAKE
1291,350386,429.25,1304.940351204249,0.32894223832060343,290.75,24.25,4.5,262.0,350.40108871061665,20.75,3.5,0.0,4.5,13.25,18.5,9.0,221.25,0.0,0.0,29.65155372486248,29.999534985754167,71658.0,0,0,0,35,SALT LAKE
1292,350387,358.5,972.3736122112776,0.36868544713459894,322.75,54.0,15.75,253.0,384.83195880110657,19.0,35.0,0.0,15.75,16.25,30.5,4.0,202.25,0.0,0.0,37.332354075747865,24.74960472535872,122892.0,0,0,0,35,SALT LAKE
1293,350388,234.5,534.5227363572836,0.4387091213333466,1433.25,436.0,22.5,974.75,1521.271344278964,333.5,102.5,0.0,22.5,146.5,146.0,102.5,579.75,0.0,0.0,72.02159228656188,15.999751992402224,72786.0,0,0,0,35,SALT LAKE
1294,350389,0.0,0.0,0.0,30.0,0.0,0.0,30.0,31.214626607709867,0.0,0.0,0.0,0.0,0.0,0.0,0.0,30.0,0.0,0.0,1.2146266077098689,0.0,47674.0,0,0,0,35,SALT LAKE
1295,350390,181.25,372.5141359505605,0.48655871685915086,45.0,0.0,0.0,45.0,68.41022075157932,0.0,0.0,0.0,0.0,0.0,45.0,0.0,0.0,0.0,0.0,10.910461079315748,12.499759672263576,74666.0,361,67,0,35,SALT LAKE
1296,350391,387.0,774.4502209764155,0.4997093286539141,25.0,0.0,18.0,7.0,71.93086377875116,0.0,0.0,18.0,0.0,0.0,0.0,0.0,7.0,0.0,0.0,20.181328875423333,26.74953490332782,76749.0,0,0,0,35,SALT LAKE
1297,350392,539.5,973.1271486607654,0.554398262079595,495.25,62.25,11.25,421.75,575.6442597089147,47.75,14.5,0.0,11.25,123.25,47.5,61.0,190.0,0.0,0.0,43.39483322648444,36.99942648243014,70057.0,0,0,0,35,SALT LAKE
1298,350393,735.0,1879.0695447781825,0.3911510364491401,241.25,114.0,6.5,120.75,333.5252916129482,63.25,50.75,4.0,2.5,18.25,20.75,0.0,81.75,0.0,0.0,41.52602005235825,50.74927156058993,84114.0,0,0,0,35,SALT LAKE
1299,350394,349.25,756.8593588826188,0.4614463650361825,151.75,18.75,5.25,127.75,201.2832109182217,17.25,1.5,2.75,2.5,13.0,88.0,0.0,26.75,0.0,0.0,25.533582929618376,23.999627988603336,81276.0,628,0,0,35,SALT LAKE
1300,350395,172.5,523.8550248084863,0.32928957790003727,293.75,79.25,0.0,214.5,325.8777174472829,52.5,26.75,0.0,0.0,134.5,0.0,80.0,0.0,0.0,0.0,20.12790345298122,11.999813994301668,71658.0,0,0,0,35,SALT LAKE
1301,350396,599.75,993.0605321579662,0.6039410293516707,2007.0,730.75,13.75,1262.5,2163.039336935116,628.0,102.75,0.0,13.75,146.75,81.5,32.0,1002.25,0.0,0.0,114.78996469181529,41.249372243300456,47989.0,0,0,0,35,SALT LAKE
1302,350397,3.0,11.438129722524884,0.26228064139648277,417.25,23.25,186.75,207.25,436.2844768164365,13.25,10.0,139.0,47.75,28.25,49.0,0.0,130.0,2.01957585644372,0.0,17.01490095999275,0.0,45129.0,0,0,0,35,SALT LAKE
1303,350398,377.0,1113.6957843127675,0.3385125501149641,586.5,53.25,83.0,450.25,659.7794694630503,34.0,19.25,14.0,69.0,66.25,157.5,9.0,217.5,2.01957585644372,0.0,45.26029661895302,25.99959698765361,45129.0,0,0,0,35,SALT LAKE
1304,350399,289.0,784.2725881862001,0.3684943275505459,30.5,3.25,4.0,23.25,64.44472079290972,2.25,1.0,0.5,3.5,4.0,7.5,0.0,11.75,1.0097879282218598,0.0,12.935242874185075,19.99968999050278,51401.0,0,0,0,35,SALT LAKE
1305,350400,1.0,1.0,1.0,632.0,18.0,599.0,15.0,666.8884093509,17.0,1.0,0.0,599.0,1.0,2.0,0.0,12.0,1.0097879282218598,0.0,33.87862142267823,0.0,82805.0,0,0,0,35,SALT LAKE
1306,350401,1302.7499742732352,4159.759477144061,0.31317915889878706,671.4999867391882,106.99999788695926,57.99999885461343,506.49998999761556,849.929438424991,43.49999914096007,63.499998745999186,31.499999377936604,26.499999476676827,72.49999856826679,206.24999592696585,10.249999797582547,217.49999570480037,0.0,0.0,88.68078641609306,89.7486652697097,47499.0,608,0,2581,35,SALT LAKE
1307,350402,416.5,1121.3169390716375,0.37143824862293556,54.0,4.0,0.0,50.0,108.54966482780398,4.0,0.0,0.0,0.0,1.25,45.25,0.0,3.5,0.0,0.0,25.800160925425875,28.749503902378105,51401.0,448,0,0,35,SALT LAKE
1308,350403,642.75,1792.2115996692332,0.35863510766174295,0.0,0.0,0.0,0.0,90.0224364090127,0.0,0.0,0.0,0.0,0.0,0.0,0.0,0.0,0.0,0.0,45.5231339308635,44.4993024781492,82805.0,0,0,0,35,SALT LAKE
1309,350404,973.25,3356.080918174025,0.2899959875012565,64.75,3.25,2.25,59.25,175.52514378864038,2.75,0.5,0.0,2.25,2.25,44.5,0.0,12.5,0.0,0.0,44.026190106844325,66.74895368179607,82805.0,378,102,0,35,SALT LAKE
1310,350405,1001.2499918447288,3625.273680787295,0.2761860427672012,16.749999863569744,8.999999926694192,0.24999999796372754,7.499999938911826,150.96504756118438,8.999999926694192,0.0,0.0,0.24999999796372754,0.24999999796372754,0.0,0.0,7.249999940948099,0.0,0.0,65.21604794480548,68.99899975280914,56753.0,0,0,0,35,SALT LAKE
1311,350406,769.5,2461.346262345377,0.31263378573429806,126.75,35.5,20.25,71.0,235.28756291259896,6.75,28.75,1.25,19.0,9.75,15.75,4.0,41.5,0.0,0.0,55.53838443776658,52.99917847483236,56215.0,0,0,0,35,SALT LAKE
1312,350407,1039.25,2860.0105609116417,0.36337278407417284,177.75,32.0,6.5,139.25,313.02317529770966,25.0,7.0,0.0,6.5,14.0,87.5,4.0,33.75,0.0,0.0,63.774260305885285,71.49891499182438,67131.0,478,0,0,35,SALT LAKE
1313,350408,958.75,3263.766822770396,0.29375566701366873,145.5,14.5,46.5,84.5,258.465215504547,9.75,4.75,18.0,28.5,15.5,17.75,0.0,51.25,1.0097879282218598,0.0,45.95645060766594,65.99897696865918,79063.0,0,0,0,35,SALT LAKE
1314,350409,668.25,1704.9694259434552,0.39194251218330195,218.5,57.0,32.25,129.25,300.4022969654038,8.25,48.75,22.25,10.0,4.5,86.5,0.0,38.25,0.0,0.0,35.903064309767544,45.99923265563625,79063.0,706,0,0,35,SALT LAKE
1315,350410,481.75,1555.267686973718,0.3097537510969589,1150.0,523.75,0.75,625.5,1256.5646033938008,347.25,176.5,0.0,0.75,7.0,1.75,84.0,532.75,0.0,0.0,73.56511490947129,32.99948848432959,67744.0,0,0,0,35,SALT LAKE
1316,350411,1009.25,3548.189437824668,0.28444084446030965,450.75,73.75,19.5,357.5,584.6115176407202,64.5,9.25,8.25,11.25,25.75,168.5,53.25,110.0,0.0,0.0,64.36253282686496,69.49898481385527,55950.0,492,1202,0,35,SALT LAKE
1317,350412,82.0,262.0134340805309,0.31296105212222425,162.75,9.25,61.5,92.0,179.66945931325208,7.5,1.75,4.5,57.0,10.5,24.0,0.0,57.5,1.0097879282218598,0.0,9.909764387879353,5.999906997150834,67744.0,0,0,0,35,SALT LAKE
1318,350413,328.0,1060.242145921326,0.30936329145355335,0.0,0.0,0.0,0.0,36.279561066706094,0.0,0.0,0.0,0.0,0.0,0.0,0.0,0.0,0.0,0.0,13.2799175776279,22.9996434890782,67744.0,0,0,0,35,SALT LAKE
1319,350414,0.0,0.0,0.0,580.25,22.5,347.0,210.75,603.7416240872656,18.0,4.5,178.25,168.75,11.5,53.0,0.0,146.25,0.0,0.0,23.491624087265578,0.0,75048.0,0,0,0,35,SALT LAKE
1320,350415,487.0,1595.6769591263558,0.3051996190172702,0.0,0.0,0.0,0.0,54.72669951056679,0.0,0.0,0.0,0.0,0.0,0.0,0.0,0.0,1.0097879282218598,0.0,19.717438598490205,33.99947298385472,75048.0,0,0,0,35,SALT LAKE
1321,350416,0.0,0.0,0.0,746.75,18.75,351.25,376.75,776.984656658105,15.5,3.25,8.0,343.25,201.5,38.0,0.0,137.25,0.0,0.0,30.234656658105028,0.0,76219.0,0,0,0,35,SALT LAKE
1322,350417,0.0,0.0,0.0,474.5,19.5,248.75,206.25,493.71020330348426,14.25,5.25,0.0,248.75,16.25,35.75,0.0,154.25,0.0,0.0,19.21020330348428,0.0,76219.0,0,0,0,35,SALT LAKE
1323,350418,0.0,0.0,0.0,120.0,36.5,28.75,54.75,124.85869553280078,35.0,1.5,0.0,28.75,10.5,5.75,0.0,38.5,0.0,0.0,4.858695532800782,0.0,76219.0,0,0,0,35,SALT LAKE
1324,350419,0.0,0.0,0.0,2911.75,267.0,1217.75,1427.0,3029.639773290429,232.25,34.75,14.75,1203.0,110.75,142.0,0.0,1174.25,0.0,0.0,117.88977329042903,0.0,69745.0,0,0,0,35,SALT LAKE
1325,350420,0.0,0.0,0.0,2888.25,74.25,2223.75,590.25,3012.4028346879363,64.5,9.75,268.25,1955.5,450.25,18.0,0.0,122.0,0.0,7.214528945414152,116.93830574252206,0.0,69745.0,0,0,0,35,SALT LAKE
1326,350421,0.0,0.0,0.0,3465.25,334.75,2554.5,576.0,3605.549220906784,334.0,0.75,1757.0,797.5,169.25,4.5,149.0,253.25,0.0,0.0,140.29922090678338,0.0,69745.0,0,0,0,35,SALT LAKE
1327,350422,338.0,1467.7718128491651,0.2302810266834947,3046.0,103.0,1982.25,960.75,3206.0089590772573,58.25,44.75,1286.5,695.75,178.25,110.5,4.0,668.0,0.0,0.0,137.00931558817916,22.9996434890782,44002.0,220,78,342,35,SALT LAKE
1328,350423,0.0,0.0,0.0,3561.5,206.5,2376.5,978.5,3705.697263718644,181.5,25.0,289.5,2087.0,359.25,92.25,3.0,524.0,0.0,0.0,144.19726371864374,0.0,44002.0,0,0,0,35,SALT LAKE
1329,350424,0.0,0.0,0.0,846.5,21.0,698.25,127.25,880.7729065623529,19.0,2.0,358.5,339.75,7.0,23.25,0.0,97.0,0.0,0.0,34.27290656235285,0.0,44002.0,0,0,0,35,SALT LAKE
1330,350425,0.0,0.0,0.0,5390.25,424.0,2441.5,2524.75,5608.487757449793,222.75,201.25,1166.75,1274.75,391.75,529.0,179.0,1425.0,0.0,0.0,218.2377574497936,0.0,37336.0,0,0,0,35,SALT LAKE
1331,350426,817.25,2111.0950743691847,0.387121361762545,2990.25,108.25,355.0,2527.0,3205.6551518618767,59.75,48.5,108.75,246.25,553.75,147.75,344.0,1481.5,0.0,0.0,159.15602765075647,56.24912421112008,42499.0,0,0,197,35,SALT LAKE
1332,350427,47.75,177.36912485370607,0.2692125816112819,1401.25,58.0,875.75,467.5,1462.9158130785288,50.75,7.25,292.0,583.75,30.25,90.0,0.0,347.25,0.0,0.0,58.665859579953406,2.999953498575417,76219.0,0,0,0,35,SALT LAKE
1333,350428,7.0,22.23463288864582,0.31482417699707427,68.5,0.0,1.25,67.25,80.30771221560312,0.0,0.0,0.0,1.25,3.0,57.0,0.0,7.25,0.0,0.0,11.3076966900636,0.5000155255395125,76219.0,0,0,0,35,SALT LAKE
1334,350429,281.0,1054.7299495640614,0.2664189066747771,790.75,250.25,31.0,509.5,853.1418458163016,190.0,60.25,0.0,31.0,71.0,69.5,16.0,353.0,0.0,0.0,43.39214032532401,18.99970549097764,76219.0,0,0,0,35,SALT LAKE
1335,350430,28.5,88.27158718178909,0.3228671978142442,3055.25,695.75,1219.75,1139.75,3192.6012899508783,317.25,378.5,166.25,1053.5,183.25,204.25,0.0,752.25,0.0,0.0,135.60111137728003,1.7501785735980802,69745.0,0,0,0,35,SALT LAKE
1336,350431,3.75,11.954085120929834,0.31370029258318605,2131.25,21.25,64.75,2045.25,2290.446522617084,14.75,6.5,53.0,11.75,1840.25,50.75,39.0,115.25,0.0,0.0,158.94658470189157,0.2499379151921525,69745.0,0,0,0,35,SALT LAKE
1337,350432,0.0,0.0,0.0,4442.75,81.25,24.5,4337.0,4622.626561549771,26.5,54.75,0.0,24.5,880.75,207.0,4.0,3245.25,0.0,0.0,179.87656154977122,0.0,69745.0,0,0,0,35,SALT LAKE
1338,350433,499.5,1942.6547355122875,0.25712237530889887,64.0,0.0,0.0,64.0,120.81417725721585,0.0,0.0,0.0,0.0,0.0,64.0,0.0,0.0,0.0,0.0,22.81470427336113,33.99947298385472,76219.0,706,0,0,35,SALT LAKE
1339,350434,244.25,922.1130336104002,0.2648807587543519,19.75,1.25,2.75,15.75,47.43851498935269,1.0,0.25,0.0,2.75,2.0,2.5,0.0,11.25,0.0,0.0,10.688778497425329,16.99973649192736,76219.0,0,0,0,35,SALT LAKE
1340,350435,358.0,1146.496344071492,0.31225568389398733,0.0,0.0,0.0,0.0,39.49415667346624,0.0,0.0,0.0,0.0,0.0,0.0,0.0,0.0,0.0,0.0,14.494544185337766,24.999612488128477,78784.0,0,0,0,35,SALT LAKE
1341,350436,198.75,639.4070414622122,0.31083486279020867,798.75,220.75,22.0,556.0,863.3861127343315,74.75,146.0,0.0,22.0,90.0,83.25,43.5,339.25,0.0,0.0,51.13627541894149,13.499837315390035,78784.0,0,0,0,35,SALT LAKE
1342,350437,947.5,2893.660886152569,0.3274398892192935,1521.5,760.0,10.5,751.0,1698.2135888754417,223.5,536.5,0.0,10.5,75.5,242.25,78.0,355.25,0.0,0.0,111.71459640630768,64.99899246913404,69745.0,1825,131,0,35,SALT LAKE
1343,350438,0.0,0.0,0.0,2221.5,94.5,72.0,2055.0,2311.438910285362,60.5,34.0,0.0,72.0,634.75,488.0,0.0,932.25,0.0,0.0,89.93891028536206,0.0,69745.0,0,0,0,35,SALT LAKE
1344,350439,0.0,0.0,0.0,1484.25,6.5,172.25,1305.5,1544.344075480168,6.0,0.5,0.0,172.25,1091.25,1.75,56.0,156.5,0.0,0.0,60.09407548016797,0.0,69745.0,0,0,0,35,SALT LAKE
1345,350440,265.25,809.040681383424,0.3278574317751663,0.0,0.0,0.0,0.0,28.739119784494648,0.0,0.0,0.0,0.0,0.0,0.0,0.0,0.0,0.0,0.0,10.739398793042144,17.999720991452502,69845.0,0,0,0,35,SALT LAKE
1346,350441,0.0,0.0,0.0,665.0,31.5,140.5,493.0,691.9242334335013,20.0,11.5,10.0,130.5,67.75,236.75,0.0,188.5,0.0,0.0,26.924233433501318,0.0,69745.0,738,592,303,35,SALT LAKE
1347,350442,619.75,2117.51793202232,0.29267756868916445,509.75,74.0,146.25,289.5,598.4799414338066,36.75,37.25,71.25,75.0,60.0,50.5,0.0,179.0,0.0,0.0,45.73060795422566,42.999333479580976,54846.0,0,0,0,35,SALT LAKE
1348,350443,596.75,1890.5965845624796,0.31564110761265307,195.75,42.75,3.0,150.0,268.83592187074515,18.5,24.25,0.0,3.0,3.0,132.5,0.0,14.5,0.0,0.0,32.086557390214466,40.9993644805307,52889.0,848,0,0,35,SALT LAKE
1349,350444,345.0,1270.381559570229,0.27157195206510537,8.0,2.0,0.0,6.0,46.29173440598946,0.0,2.0,0.0,0.0,0.0,0.0,0.0,6.0,0.0,0.0,14.292106417386124,23.999627988603336,53656.0,0,0,0,35,SALT LAKE
1350,350445,907.25,3202.189461577224,0.2833217743315969,1400.0,203.5,74.75,1121.75,1555.915600585614,77.75,125.75,30.5,44.25,200.5,286.0,34.0,601.25,0.0,0.0,93.41656159095494,62.49903899465916,37336.0,343,244,224,35,SALT LAKE
1351,350446,300.5,813.1166836178061,0.36956565527961266,1656.25,50.0,249.25,1357.0,1768.7223234828025,34.75,15.25,113.75,135.5,417.5,122.25,298.0,519.25,0.0,0.0,91.72258690796671,20.749736574835765,37336.0,0,0,0,35,SALT LAKE
1352,350447,197.75,523.5529108107283,0.377707765379017,702.0,82.5,88.5,531.0,756.677810797098,80.25,2.25,11.75,76.75,55.0,214.0,44.0,218.0,0.0,0.0,41.17802782784651,13.499782969251402,37336.0,569,0,0,35,SALT LAKE
1353,350448,227.5,492.128909362922,0.46227725230469935,288.0,33.0,13.25,241.75,330.1214063291177,16.75,16.25,0.0,13.25,51.75,68.5,12.75,108.75,0.0,0.0,26.121654336715437,15.999751992402224,41116.0,0,0,0,35,SALT LAKE
1354,350449,1051.75,3228.552411793613,0.3257651931429242,58.0,35.0,5.0,18.0,175.18011275875037,1.0,34.0,0.0,5.0,0.0,1.0,0.0,17.0,0.0,0.0,44.93123655522807,72.2488762035223,76219.0,0,0,0,35,SALT LAKE
1355,350450,598.5,2455.122728708334,0.24377600068688918,79.0,0.0,0.0,79.0,152.92985320785732,0.0,0.0,0.0,0.0,0.0,79.0,0.0,0.0,0.0,0.0,32.93048872732664,40.9993644805307,84164.0,685,0,0,35,SALT LAKE
1356,350451,1.0,5.687849845847158,0.17581336130561273,1518.75,822.25,26.0,670.5,1580.280732329091,516.5,305.75,0.0,26.0,47.25,215.75,128.0,279.5,0.0,0.0,61.53073232909095,0.0,84164.0,0,0,0,35,SALT LAKE
1357,350452,221.5,792.7147877958599,0.2794195382880138,317.5,236.5,2.0,79.0,354.32284338900075,57.5,179.0,0.0,2.0,4.75,9.5,32.25,32.5,0.0,0.0,21.823075896123648,14.999767492877083,79849.0,0,0,0,35,SALT LAKE
1358,350453,526.0,1888.0541652558463,0.27859370227798674,579.0,107.75,21.5,449.75,664.7378154726632,42.75,65.0,8.5,13.0,48.0,119.25,22.0,260.5,0.0,0.0,49.73837348975829,35.999441982905005,79849.0,537,0,0,35,SALT LAKE
1359,350454,347.0,1071.7415861679706,0.32377207759633936,0.0,0.0,0.0,0.0,40.04880908444749,0.0,0.0,0.0,0.0,0.0,0.0,0.0,0.0,0.0,0.0,16.049181095844148,23.999627988603336,63421.0,0,0,0,35,SALT LAKE
1360,350455,405.0,1513.207703558268,0.26764336386052834,235.75,37.75,83.5,114.5,289.6917762900495,25.25,12.5,0.0,83.5,31.25,39.75,4.0,39.5,0.0,0.0,25.94221030334563,27.99956598670389,70922.0,0,0,0,35,SALT LAKE
1361,350456,292.75,901.936303857254,0.3245794617070126,43.75,0.0,0.0,43.75,77.37371959885922,0.0,0.0,0.0,0.0,0.0,43.75,0.0,0.0,0.0,0.0,13.624029608356452,19.99968999050278,62388.0,608,0,0,35,SALT LAKE
1362,350457,313.0,1531.840959920261,0.2043293058414452,0.0,0.0,0.0,0.0,34.672263263326016,0.0,0.0,0.0,0.0,0.0,0.0,0.0,0.0,0.0,0.0,12.672604273772963,21.99965898955305,71274.0,0,0,0,35,SALT LAKE
1363,350458,649.75,2337.8451568612754,0.2779268755644775,1391.75,163.5,29.25,1199.0,1524.4060951171768,140.5,23.0,0.0,29.25,119.5,217.75,480.0,381.75,0.0,0.0,87.6567926385455,44.99930247863125,33328.0,0,0,0,35,SALT LAKE
1364,350459,718.0000245929498,2491.8824670205677,0.28813558989859994,668.0000228803489,175.00000599410336,16.500000565158317,476.5000163210872,773.1143552347845,96.75000331388286,78.2500026802205,0.0,16.500000565158317,72.00000246614539,72.2500024747084,9.000000308268174,323.2500110719652,0.0,0.0,56.11509019938084,48.99924215505474,36857.0,0,0,0,35,SALT LAKE
1365,350460,159.75000915809326,555.170116625137,0.2877496543387618,233.25001337167606,90.00000515948915,0.0,143.2500082121869,260.911199561663,31.500001805821206,58.50000335366795,0.0,0.0,0.2500000143319143,1.0000000573276573,45.000002579744574,97.00000556078275,0.0,0.0,16.661356064615944,10.999830125370982,36857.0,0,0,0,35,SALT LAKE
1366,350461,674.75,2257.368107958001,0.29891004379005515,802.25,206.0,39.25,557.0,909.5497133670434,47.0,159.0,27.0,12.25,40.5,274.75,23.0,218.75,0.0,0.0,61.30042638888699,45.99928697815639,46904.0,701,918,0,35,SALT LAKE
1367,350462,553.5,1560.9198410837269,0.35459860617551764,330.5,92.5,5.25,232.75,437.53939600359655,59.5,33.0,0.0,5.25,42.25,29.5,0.0,161.0,0.0,0.0,69.03996949658381,37.999426507012735,63726.0,0,0,0,35,SALT LAKE
1368,350463,350.5,1160.560280250856,0.3020093018556857,78.75,25.25,1.25,52.25,120.12883404865195,22.5,2.75,0.0,1.25,4.5,5.5,6.0,36.25,0.0,0.0,17.379206060048624,23.999627988603336,47226.0,0,0,0,35,SALT LAKE
1369,350464,27.0,76.45633407240388,0.3531427490942882,1964.75,606.25,29.5,1329.0,2089.887937412502,7.75,598.5,0.0,29.5,170.25,1.5,1.0,1156.25,0.0,0.0,123.1379684134517,1.999968999050278,49530.0,0,0,0,35,SALT LAKE
1370,350465,451.75,1534.6429232958271,0.29436815114607473,850.0,344.5,53.25,452.25,954.9476207654516,134.25,210.25,0.0,53.25,62.0,70.0,0.0,320.25,0.0,0.0,73.69827203363887,31.24934873181268,49530.0,0,0,0,35,SALT LAKE
1371,350466,569.5,1243.145069701184,0.458112262100586,906.75,199.25,44.5,663.0,1010.770482489908,103.5,95.75,15.0,29.5,130.5,128.0,0.0,404.5,0.0,0.0,64.7710404245768,39.24944206533135,41116.0,0,0,0,35,SALT LAKE
1372,350467,798.75,2556.458812756367,0.3124439150024052,304.5,36.75,26.25,241.5,404.6681049283437,31.25,5.5,17.75,8.5,19.75,92.25,1.0,128.5,0.0,0.0,45.168957454461086,54.99914747388264,78175.0,536,0,0,35,SALT LAKE
1373,350468,981.25,2959.288209050965,0.3315831141417226,185.5,12.25,3.5,169.75,301.7377800288508,10.25,2.0,0.0,3.5,4.25,81.75,56.25,27.5,0.0,0.0,48.23883406114136,67.99894596770945,74796.0,0,816,0,35,SALT LAKE
1374,350469,142.75,494.3377134193237,0.2887701992482047,399.25,47.0,28.25,324.0,701.1957577159446,34.25,12.75,0.0,28.25,19.75,129.25,0.0,175.0,0.0,0.0,291.9459127206933,9.99984499525139,60646.0,495,0,0,35,SALT LAKE
1375,350470,237.5,819.2616096709589,0.28989519000577535,528.0,332.75,27.75,167.5,574.9919428707551,320.25,12.5,0.0,27.75,16.0,60.75,20.5,70.25,0.0,0.0,30.99219087835287,15.999751992402224,60646.0,483,0,0,35,SALT LAKE
1376,350471,812.0,2884.263187795908,0.2815277064297704,316.0,61.0,16.0,239.0,419.4190859025416,32.75,28.25,0.0,16.0,0.0,57.75,0.0,181.25,0.0,0.0,47.41995392913378,55.999131973407785,58856.0,255,0,0,35,SALT LAKE
1377,350472,966.0,3195.775922542605,0.3022740090085655,202.0,36.75,29.25,136.0,317.7889830560208,25.75,11.0,13.75,15.5,17.75,29.0,0.0,89.25,0.0,0.0,49.28996726579842,66.4990157902224,68968.0,0,0,0,35,SALT LAKE
1378,350473,481.0,1720.467499241989,0.2795751737315126,515.5,131.0,22.25,362.25,588.845235852346,89.75,41.25,0.0,22.25,37.75,115.5,12.0,197.0,0.0,0.0,40.34574736801644,32.99948848432959,64858.0,350,0,0,35,SALT LAKE
1379,350474,435.5,1189.7750672463571,0.36603557427701966,1293.75,398.25,32.25,863.25,1393.7629847340531,361.5,36.75,7.0,25.25,259.25,209.5,51.0,343.5,0.0,0.0,70.01344974829877,29.999534985754167,44924.0,550,0,0,35,SALT LAKE
1380,350475,222.0000024057408,804.2309595694026,0.27604010982691213,470.50000509865333,189.500002053549,7.750000083984194,273.2500029611201,513.5365921707238,155.7500016878114,33.75000036573762,0.0,7.750000083984194,34.75000037657429,46.250000501196,0.0,192.25000208334984,0.0,0.0,28.036819416645848,14.999767655424618,83458.0,0,0,0,35,SALT LAKE
1381,350476,82.50000165505014,297.6724843040295,0.2771502439936245,236.00000473444646,2.0000000401224276,1.0000000200612138,233.0000046742628,254.89520934050307,1.0000000200612138,1.0000000200612138,0.0,1.0000000200612138,3.500000070214248,204.75000410753353,2.0000000401224276,22.750000456392613,0.0,0.0,12.895297488540338,5.999907117516251,83458.0,0,0,3170,35,SALT LAKE
1382,350477,679.25,2221.7869484981243,0.3057223828140484,1066.5,348.75,20.75,697.0,1187.4293917822215,200.5,148.25,0.0,20.75,111.5,134.25,2.0,449.25,0.0,0.0,73.93012030453995,46.99927147768153,37849.0,0,0,0,35,SALT LAKE
1383,350478,932.5,2398.391215469327,0.38880229129655336,2926.25,233.75,75.75,2616.75,3171.229521160917,86.0,147.75,0.0,75.75,373.5,1031.5,240.5,971.25,0.0,0.0,180.73052095359557,64.24900020732119,51435.0,0,0,0,35,SALT LAKE
1384,350479,73.75,200.08731359856156,0.36858908580264027,1924.25,1241.75,19.5,663.0,2133.6471781966657,670.25,571.5,0.0,19.5,175.25,63.5,0.0,424.25,0.0,0.0,204.39701510619224,5.000163090473422,47387.0,0,0,0,35,SALT LAKE
1385,350480,577.5,1343.7291282482556,0.4297741173125081,198.75,38.0,4.75,156.0,269.928443105209,22.0,16.0,0.0,4.75,21.75,14.75,0.0,119.5,0.0,0.0,31.42905536191576,39.74938774329326,52933.0,0,0,0,35,SALT LAKE
1386,350481,511.25,1288.7314472609687,0.3967079418187517,1421.5,242.5,101.25,1077.75,1541.9987736179892,155.75,86.75,24.0,77.25,161.25,224.5,72.5,619.5,0.0,0.0,85.4991919408931,34.9995816770961,41157.0,840,0,0,35,SALT LAKE
1387,350482,710.0,2979.151986191336,0.23832285270805925,1333.0,378.0,96.75,858.25,1464.9600465648855,263.0,115.0,31.5,65.25,120.0,165.0,3.0,570.25,0.0,0.0,82.96074401154243,48.99930255334316,55456.0,0,0,0,35,SALT LAKE
1388,350483,879.0,2462.55567792717,0.3569462440499574,0.0,0.0,0.0,0.0,95.5876295774075,0.0,0.0,0.0,0.0,0.0,0.0,0.0,0.0,0.0,0.0,35.58855960589916,59.99906997150834,49968.0,0,0,0,35,SALT LAKE
1389,350484,1183.75,3696.2031149420495,0.3202610795966929,16.0,0.0,3.0,13.0,151.62699097759844,0.0,0.0,0.0,3.0,3.5,0.25,4.5,4.75,0.0,1.8036322360155488,52.82461428004662,80.99874446153626,58948.0,0,0,0,35,SALT LAKE
1390,350485,497.5,1652.1171293016366,0.3011287705795395,152.5,25.25,12.5,114.75,214.316546866094,6.75,18.5,0.0,12.5,20.5,33.75,0.0,60.5,0.0,0.0,27.81707388223924,33.99947298385472,70286.0,0,0,0,35,SALT LAKE
1391,350486,515.0,1794.783007916274,0.2869427656315457,155.25,49.25,2.75,103.25,217.38592303387597,46.75,2.5,0.0,2.75,17.0,27.25,20.0,39.0,0.0,0.0,27.13646555049606,34.999457483379864,60179.0,0,0,0,35,SALT LAKE
1392,350487,237.75,803.8078589463101,0.29577964105956867,96.0,6.0,5.5,84.5,125.5125493217746,4.5,1.5,0.0,5.5,19.0,18.0,23.0,24.5,0.0,0.0,13.512797329372372,15.999751992402224,77419.0,0,0,0,35,SALT LAKE
1393,350488,260.75,878.3742604682462,0.2968552378356336,50.5,9.5,8.5,32.5,82.10138543190976,6.75,2.75,0.0,8.5,4.25,10.0,1.0,17.25,0.0,0.0,13.601664440457249,17.999720991452502,77419.0,0,0,0,35,SALT LAKE
1394,350489,430.5,1101.3311425327545,0.39089060807812087,71.75,0.0,0.0,71.75,126.58451726988622,0.0,0.0,0.0,0.0,0.0,71.75,0.0,0.0,0.0,0.0,24.83498228413205,29.999534985754167,72491.0,555,0,0,35,SALT LAKE
1395,350490,417.5,1435.9354195846192,0.2907512373507525,108.25,5.0,2.75,100.5,158.535744464344,3.5,1.5,0.0,2.75,7.75,57.75,19.0,16.0,0.0,0.0,21.28619397811497,28.999550486229037,65436.0,571,0,0,35,SALT LAKE
1396,350491,317.25,937.687030763453,0.33833250284127214,0.0,0.0,0.0,0.0,36.34425904748483,0.0,0.0,0.0,0.0,0.0,0.0,0.0,0.0,0.0,0.0,14.34460005793178,21.99965898955305,66767.0,0,0,0,35,SALT LAKE
1397,350492,366.0,787.9064861262443,0.4645221310455829,0.0,0.0,0.0,0.0,39.81805710218888,0.0,0.0,0.0,0.0,0.0,0.0,0.0,0.0,0.0,0.0,14.8184446140604,24.999612488128477,47387.0,0,0,0,35,SALT LAKE
1398,350493,122.5,529.8743311364386,0.23118689244159135,4.75,1.25,0.0,3.5,19.65194283568796,1.25,0.0,0.0,0.0,1.0,1.0,0.0,1.5,0.0,0.0,6.652128924294694,8.249813911393264,52933.0,0,0,0,35,SALT LAKE
1399,350494,2591.5,9012.448311566752,0.2875467254191093,297.0,150.0,5.0,142.0,592.1967718324529,36.75,113.25,0.0,5.0,14.75,14.0,10.0,103.25,0.0,0.0,116.94959300178598,178.24717883066688,31069.0,0,0,0,35,SALT LAKE
1400,350495,779.25,1711.6656536832256,0.45525830253308,686.75,203.25,24.25,459.25,815.3517992760426,183.75,19.5,0.0,24.25,54.75,77.75,0.0,326.75,0.0,0.0,75.102581979647,53.49921729639559,59727.0,0,0,0,35,SALT LAKE
1401,350496,0.0,0.0,0.0,349.0,12.75,202.25,134.0,363.1288503355788,9.5,3.25,73.75,128.5,8.5,40.0,0.0,85.5,0.0,0.0,14.128850335578765,0.0,79063.0,0,0,0,35,SALT LAKE
1402,350497,1.0,2.8751399383388634,0.34780915762234466,10.75,0.0,0.0,10.75,11.22569713759347,0.0,0.0,0.0,0.0,10.75,0.0,0.0,0.0,0.0,0.0,0.4756971375934699,0.0,79063.0,0,0,0,35,SALT LAKE
1403,350498,0.0,0.0,0.0,443.75,39.5,77.25,327.0,461.7168479551592,25.25,14.25,0.0,77.25,51.25,133.25,0.0,142.5,0.0,0.0,17.966847955159153,0.0,91680.0,0,0,0,35,SALT LAKE
1404,350499,208.0,777.104971285845,0.26766010730291767,78.5,2.0,0.0,76.5,104.09939133607745,2.0,0.0,0.0,0.0,5.0,19.5,31.0,21.0,0.0,0.0,11.59960834272551,13.999782993351946,91680.0,0,0,0,35,SALT LAKE
1405,350500,532.9999971312764,1689.961152577721,0.3153918634864974,55.7499996999412,5.999999967706676,0.0,49.74999973223452,116.58656187655974,5.999999967706676,0.0,0.0,0.0,0.0,49.74999973223452,0.0,0.0,0.0,0.0,23.837135893327478,36.99942628329106,86131.0,590,0,0,35,SALT LAKE
1406,350501,261.50000022993595,830.8390633855862,0.3147420622765973,392.75000034534355,3.7500000032973606,3.2500000028577127,385.7500003391885,437.23883033845556,2.2500000019784165,1.5000000013189443,0.0,3.2500000028577127,4.750000004176657,365.50000032138274,0.0,15.50000001362909,0.0,0.0,26.489108985832424,17.99972100727959,78083.0,0,0,2559,35,SALT LAKE
1407,350502,379.7500001605207,1869.3143325859783,0.20314935457386712,320.0000001352643,52.000000021980455,88.00000003719768,180.00000007608617,374.3374073794943,30.250000012786703,21.750000009193748,0.0,88.00000003719768,27.2500000115186,36.00000001521724,29.00000001225833,87.75000003709201,0.0,0.0,28.33781024558627,25.999596998643668,74436.0,0,0,0,35,SALT LAKE
1408,350503,487.5,1547.4231098133416,0.31503988592932725,15.25,14.0,0.0,1.25,69.35459775598396,14.0,0.0,0.0,0.0,0.0,0.25,0.0,1.0,0.0,0.0,20.355117009841532,33.749480746142424,66802.0,0,0,0,35,SALT LAKE
1409,350504,533.0,1749.965819981922,0.3045773774058662,10.0,0.0,0.0,10.0,68.98416808197877,0.0,0.0,0.0,0.0,1.0,0.0,1.0,8.0,0.0,0.0,21.984741599548624,36.99942648243014,53952.0,0,0,0,35,SALT LAKE
1410,350505,364.0,1315.164629109231,0.27677143373794916,103.5,69.0,0.0,34.5,147.4276380851896,13.5,55.5,0.0,0.0,3.5,1.5,0.0,29.5,0.0,0.0,18.92802559706113,24.999612488128477,63957.0,0,0,0,35,SALT LAKE
1411,350506,349.0,1131.8709242564753,0.3083390451338413,0.5,0.25,0.0,0.25,42.40011625604499,0.0,0.25,0.0,0.0,0.0,0.0,0.0,0.25,0.0,0.0,17.900488267441652,23.999627988603336,82752.0,0,0,0,35,SALT LAKE
1412,350507,240.75,779.6182929172071,0.308804965439115,555.25,29.5,28.75,497.0,604.4777189833509,20.25,9.25,0.0,28.75,112.25,116.0,79.0,189.75,0.0,0.0,32.22798249142349,16.99973649192736,82752.0,0,0,0,35,SALT LAKE
1413,350508,534.0,1870.03720606644,0.2855558158242482,108.0,14.75,2.0,91.25,170.99243588742132,13.75,1.0,0.0,2.0,6.0,75.25,0.0,10.0,0.0,0.0,25.99300940499119,36.99942648243014,65997.0,378,0,0,35,SALT LAKE
1414,350509,539.0,1567.5142561788664,0.34385652179899256,129.75,0.0,0.0,129.75,193.82544632886976,0.0,0.0,0.0,0.0,0.0,129.75,0.0,0.0,0.0,0.0,27.0760198464396,36.99942648243014,80130.0,0,720,0,35,SALT LAKE
1415,350510,628.7499989825417,2206.9146632614975,0.28490000517434644,0.0,0.0,0.0,0.0,68.45588213102702,0.0,0.0,0.0,0.0,0.0,0.0,0.0,0.0,0.0,0.0,25.456548721028593,42.99933340999843,91680.0,0,0,0,35,SALT LAKE
1416,350511,886.0,3368.685278360655,0.2630106189175277,165.0,24.5,9.25,131.25,268.55160628359806,20.75,3.75,0.0,9.25,16.5,73.25,1.0,40.5,0.0,0.0,42.55255181256461,60.99905447103348,75952.0,0,0,0,35,SALT LAKE
1417,350512,369.75,1458.2685573769484,0.25355411945868567,241.5,15.0,10.25,216.25,291.24809950083915,8.75,6.25,0.0,10.25,27.5,132.0,6.0,50.75,0.0,0.0,24.74848701271067,24.999612488128477,71522.0,501,0,0,35,SALT LAKE
1418,350513,484.0,1950.359431780991,0.24815938647679436,261.25,22.5,13.75,225.0,324.4233262108229,18.75,3.75,3.75,10.0,6.5,167.25,0.0,51.25,0.0,0.0,30.173837726493357,32.99948848432959,51081.0,458,693,0,35,SALT LAKE
1419,350514,593.25,1780.6820432536429,0.3331588602511092,525.5,299.25,9.25,217.0,613.2948706148474,288.5,10.75,0.0,9.25,27.75,39.75,0.0,149.5,0.0,0.0,46.79550613431662,40.9993644805307,57679.0,0,0,0,35,SALT LAKE
1420,350515,435.0,1358.50641963189,0.32020459654351174,942.25,446.5,24.0,471.75,1028.0106388058198,371.75,74.75,0.0,24.0,64.25,81.75,11.0,314.75,0.0,0.0,55.761103820065536,29.999534985754167,68359.0,0,0,0,35,SALT LAKE
1421,350516,112.0,352.0179121073745,0.31816562779293206,232.0,23.0,3.75,205.25,253.92721228057752,18.0,5.0,0.0,3.75,16.0,16.0,98.0,75.25,0.0,0.0,13.927336284376402,7.999875996201112,68359.0,0,0,0,35,SALT LAKE
1422,350517,503.5,1620.848961058999,0.3106396784010232,25.0,0.25,1.0,23.75,85.39721784349041,0.0,0.25,1.0,0.0,0.0,0.0,0.0,23.75,0.0,0.0,25.39776036011053,34.999457483379864,67096.0,0,0,0,35,SALT LAKE
1423,350518,637.0,1653.325846579664,0.3852840027377548,501.25,63.25,17.25,420.75,591.3340310246017,16.75,46.5,2.75,14.5,71.25,101.0,61.0,187.5,0.0,0.0,46.08471304549567,43.99931797910611,59173.0,369,0,0,35,SALT LAKE
1424,350519,0.0,0.0,0.0,496.75,0.0,495.25,1.5,516.8624097904709,0.0,0.0,492.5,2.75,0.0,0.25,0.0,1.25,0.0,0.0,20.112409790470902,0.0,91680.0,0,0,0,35,SALT LAKE
1425,350520,0.0,0.0,0.0,1026.5,1.0,1010.5,15.0,1068.0605031896798,1.0,0.0,991.75,18.75,1.25,3.5,0.0,10.25,0.0,0.0,41.56050318967991,0.0,91680.0,0,0,0,35,SALT LAKE
1426,350521,307.0,1076.7449446881033,0.28511858961077136,709.0,27.0,81.75,600.25,771.1351318971277,25.5,1.5,0.0,81.75,15.25,226.5,0.0,358.5,0.0,0.0,41.1354574070998,20.99967449002792,91680.0,414,0,0,35,SALT LAKE
1427,350522,0.0,0.0,0.0,1082.0,9.75,974.75,97.5,1125.8074065163644,6.75,3.0,719.75,255.0,34.75,23.25,2.0,37.5,0.0,0.0,43.80740651636435,0.0,91680.0,0,0,0,35,SALT LAKE
1428,350523,0.0,0.0,0.0,48.500027855155146,3.500002010165835,14.500008327829889,30.50001751715942,50.46388185143901,2.2500012922494657,1.2500007179163697,0.0,14.500008327829889,2.2500012922494657,4.500002584498931,0.0,23.750013640411023,0.0,0.0,1.9638539962838684,0.0,91680.0,0,0,0,35,SALT LAKE
1429,350524,0.0,0.0,0.0,11.5,0.0,6.0,5.5,13.985181607339808,0.0,0.0,0.75,5.25,0.25,2.25,0.0,3.0,2.01957585644372,0.0,0.4656057508960893,0.0,79063.0,0,0,0,35,SALT LAKE
1430,350525,12.5,33.12687520151401,0.3773371295650822,0.0,0.0,0.0,0.0,1.2561892188554262,0.0,0.0,0.0,0.0,0.0,0.0,0.0,0.0,0.0,0.0,0.5061271094649821,0.7500621093904442,79063.0,0,0,0,35,SALT LAKE
1431,350526,2.0,3.875139938338864,0.5161103939016276,0.25,0.0,0.25,0.0,0.3410975532745869,0.0,0.0,0.25,0.0,0.0,0.0,0.0,0.0,0.0,0.0,0.0910975532745869,0.0,67420.0,0,0,0,35,SALT LAKE
1432,350527,0.0,0.0,0.0,43.5,2.25,27.25,14.0,225.624279545534,1.25,1.0,17.75,9.5,1.0,2.5,0.0,10.5,0.0,180.3632236015549,1.7610559439791444,0.0,67420.0,0,0,0,35,SALT LAKE
1433,350528,791.75,2683.7655650353017,0.2950145908104255,278.75,1.5,267.75,9.5,376.5914014890405,1.25,0.25,259.5,8.25,2.0,1.25,1.0,5.25,0.0,0.0,43.34223851420083,54.49916297483956,67420.0,0,0,0,35,SALT LAKE
1434,350529,551.25,1869.7081619661255,0.2948321086753577,15.0,1.5,2.75,10.75,118.94149472077706,1.25,0.25,1.75,1.0,2.75,1.0,0.0,7.0,2.01957585644372,0.0,64.17243027251274,37.74948859182059,79063.0,0,0,0,35,SALT LAKE
1435,350530,130.25,442.4596967400752,0.2943770945910943,0.25,0.0,0.25,0.0,28.034235098953136,0.0,0.0,0.0,0.25,0.0,0.0,0.0,0.0,0.0,0.0,18.784289230591824,8.999945868361312,87196.0,0,0,0,35,SALT LAKE
1436,350531,622.0,2381.818832131023,0.2611449668669779,105.0,0.0,13.0,92.0,177.43378493975013,0.0,0.0,0.0,13.0,3.0,82.0,2.0,5.0,0.0,0.0,29.434451460169157,42.999333479580976,87196.0,743,0,0,35,SALT LAKE
1437,350532,395.25,1062.5602250206584,0.37197891535260086,964.5,590.25,24.5,349.75,1047.5600657289065,462.75,127.5,10.5,14.0,49.25,72.0,7.0,221.5,1.0097879282218598,0.0,55.050253932016645,27.00002386866809,99059.0,0,0,0,35,SALT LAKE
1438,350533,687.0,2747.7787922344105,0.2500201260529245,0.0,0.0,0.0,0.0,74.81422079423753,0.0,0.0,0.0,0.0,0.0,0.0,0.0,0.0,0.0,0.0,27.814949316556,46.99927147768153,87196.0,0,0,0,35,SALT LAKE
1439,350534,0.0,0.0,0.0,1841.75,15.0,1142.0,684.75,1916.3184411820828,10.0,5.0,768.0,374.0,228.25,100.5,0.0,356.0,0.0,0.0,74.56844118208286,0.0,35942.0,0,0,0,35,SALT LAKE
1440,350535,0.0,0.0,0.0,1187.25,171.25,704.75,311.25,1235.3174677016596,160.25,11.0,328.0,376.75,40.75,98.25,0.0,172.25,0.0,0.0,48.06746770165957,0.0,35942.0,0,0,0,35,SALT LAKE
1441,350536,0.0,0.0,0.0,335.5,19.0,166.75,149.75,349.08376187292623,15.25,3.75,64.0,102.75,12.75,34.5,0.0,102.5,0.0,0.0,13.583761872926228,0.0,35942.0,0,0,0,35,SALT LAKE
1442,350537,0.0,0.0,0.0,340.0,83.75,111.5,144.75,353.7651353640573,50.75,33.0,0.0,111.5,13.0,19.75,0.0,112.0,0.0,0.0,13.765135364057311,0.0,35942.0,0,0,0,35,SALT LAKE
1443,350538,0.0,0.0,0.0,578.5,174.0,117.25,287.25,601.9218905940479,148.25,25.75,0.0,117.25,45.25,33.75,0.0,208.25,0.0,0.0,23.42189059404785,0.0,35942.0,0,0,0,35,SALT LAKE
1444,350539,193.0,498.1862379483277,0.38740532214384077,319.25,60.75,54.5,204.0,356.9880363996186,33.5,27.25,14.0,40.5,39.75,34.75,0.0,129.5,0.0,0.0,24.48808262966354,13.249953769955004,35942.0,0,0,0,35,SALT LAKE
1445,350540,477.75,1029.0376763495442,0.46426871530573344,1350.75,249.0,96.75,1005.0,1485.0301276173625,161.25,87.75,30.75,66.0,262.75,164.75,1.0,576.5,0.0,0.0,101.53053825076223,32.74958936660012,35942.0,0,0,0,35,SALT LAKE
1446,350541,241.75,467.0012814562682,0.5176645324101501,410.0,129.25,12.75,268.0,453.13745664214383,43.25,86.0,7.75,5.0,64.5,45.25,99.0,59.25,0.0,0.0,26.387712387928776,16.749744254215063,35282.0,0,0,0,35,SALT LAKE
1447,350542,74.75,144.13044442372976,0.5186274162885541,186.5,17.75,67.25,101.5,202.0775896932745,14.25,3.5,0.0,67.25,14.25,20.0,15.0,52.25,0.0,0.0,10.577667195648802,4.999922497625695,64400.0,0,0,0,35,SALT LAKE
1448,350543,0.0,0.0,0.0,580.25,42.0,393.0,145.25,603.7427247224559,27.5,14.5,276.25,116.75,97.5,0.0,0.0,47.75,0.0,0.0,23.49272472245598,0.0,35942.0,0,0,0,35,SALT LAKE
1449,350544,51.75,152.53920234757393,0.33925705132561984,1057.0,44.0,60.5,952.5,1147.8930794098667,32.5,11.5,9.75,50.75,312.5,105.0,0.0,535.0,0.0,0.0,87.39290857349168,3.5001708363750303,35942.0,0,0,0,35,SALT LAKE
1450,350545,0.0,0.0,0.0,496.25,28.0,376.25,92.0,516.3418285644861,23.25,4.75,180.0,196.25,10.25,19.75,0.0,62.0,0.0,0.0,20.09182856448617,0.0,35942.0,0,0,0,35,SALT LAKE
1451,350546,0.0,0.0,0.0,1515.5,518.0,164.75,832.75,1576.8581924048965,466.5,51.5,106.75,58.0,130.5,125.5,0.0,576.75,0.0,0.0,61.35819240489647,0.0,35942.0,0,0,0,35,SALT LAKE
1452,350547,21.75,46.12681919840522,0.4715261181666734,667.75,63.75,218.0,386.0,699.4165006909806,59.75,4.0,77.75,140.25,34.5,54.75,0.0,296.75,0.0,0.0,29.916539454699954,1.7499612362805217,35942.0,0,0,0,35,SALT LAKE
1453,350548,96.5,314.4887668232332,0.3068472078503217,363.75,28.0,152.75,183.0,418.3785285689582,25.0,3.0,20.5,132.25,13.5,12.75,36.0,120.75,0.0,0.0,48.12873021636559,6.499798352592596,35942.0,0,0,0,35,SALT LAKE
1454,350549,184.0,391.9061928011748,0.46950010839289913,460.25,43.5,52.5,364.25,499.0832219397844,30.75,12.75,21.5,31.0,84.75,85.0,7.0,187.5,0.0,0.0,26.08336136114974,12.749860578634657,35942.0,0,0,0,35,SALT LAKE
1455,350550,328.0,863.8297089236904,0.3797044679195852,812.75,196.0,111.0,505.75,940.7014463417188,167.0,29.0,37.25,73.75,105.0,85.5,0.0,315.25,0.0,0.0,105.4515078736428,22.499938468076053,35942.0,0,0,0,35,SALT LAKE
1456,350551,0.75,4.49958743054674,0.16668194841785047,410.75,33.0,47.5,330.25,428.16055031073125,30.5,2.5,4.0,43.5,6.5,268.75,1.0,54.0,0.0,0.0,17.410550310731246,0.0,35942.0,510,0,147,35,SALT LAKE
1457,350552,294.0,836.8530121491009,0.35131617587775194,1379.5,209.25,49.0,1121.25,1467.256058539586,130.25,79.0,0.0,49.0,245.25,243.5,68.0,564.5,0.0,0.0,67.75636854908345,19.99968999050278,55638.0,0,0,0,35,SALT LAKE
1458,350553,557.5,1085.118473707677,0.5137687851678641,317.5,159.75,9.0,148.75,391.1760912778142,145.25,14.5,0.0,9.0,27.25,21.75,0.0,99.75,0.0,0.0,35.42674238066671,38.24934889714744,35282.0,0,0,0,35,SALT LAKE
1459,350554,419.0,1236.7952928181082,0.33877877966796327,220.5,23.75,15.25,181.5,276.1416724504733,16.5,7.25,1.0,14.25,23.75,43.5,54.0,60.25,0.0,0.0,26.64212196424428,28.999550486229037,73969.0,0,0,0,35,SALT LAKE
1460,350555,472.0,914.2993908070416,0.5162422776891178,0.0,0.0,0.0,0.0,51.60903549710591,0.0,0.0,0.0,0.0,0.0,0.0,0.0,0.0,0.0,0.0,19.10947716568077,32.499558331425135,64400.0,0,0,0,35,SALT LAKE
1461,350556,0.0,0.0,0.0,484.5,55.25,219.5,209.75,504.1160116508773,48.0,7.25,36.25,183.25,102.75,36.75,0.0,70.25,0.0,0.0,19.616011650877283,0.0,35942.0,0,0,0,35,SALT LAKE
1462,350557,0.0,0.0,0.0,1019.75,135.0,282.5,602.25,1061.0374953839903,103.0,32.0,76.75,205.75,82.75,116.25,14.0,389.25,0.0,0.0,41.28749538399023,0.0,35942.0,0,0,0,35,SALT LAKE
1463,350558,0.0,0.0,0.0,483.25,81.5,156.25,245.5,502.81668040601664,73.0,8.5,64.0,92.25,56.25,31.0,0.0,158.25,0.0,0.0,19.566680406016665,0.0,35942.0,0,0,0,35,SALT LAKE
1464,350559,203.0,426.1416526623247,0.47636742086054074,519.25,42.25,313.75,163.25,562.4922782881107,41.5,0.75,44.5,269.25,43.25,12.0,2.0,106.0,0.0,0.0,29.242495294758815,13.999782993351946,35942.0,0,0,0,35,SALT LAKE
1465,350560,116.0,243.97847748820064,0.4754517742476282,975.25,130.5,111.25,733.5,1027.4325076502907,108.75,21.75,61.25,50.0,250.5,134.75,11.0,337.25,0.0,0.0,44.18263165408961,7.999875996201112,35942.0,0,0,0,35,SALT LAKE
1466,350561,92.75,200.80506551887717,0.4618907384648661,1089.0,168.5,30.75,889.75,1150.845264395728,132.25,36.25,17.25,13.5,117.75,186.75,63.0,522.25,0.0,0.0,55.34541172061506,6.499852675112742,35942.0,0,0,0,35,SALT LAKE
1467,350562,596.5,1332.726143145283,0.4475788241027807,515.0,132.0,38.5,344.5,611.5035065341987,104.0,28.0,29.5,9.0,45.0,56.0,48.0,195.5,0.0,0.0,55.50414205366789,40.9993644805307,44808.0,0,0,0,35,SALT LAKE
1468,350563,540.75,1584.7330402352122,0.3412246645149392,10.0,0.0,0.0,10.0,73.79796682807145,0.0,0.0,0.0,0.0,4.0,0.0,1.0,5.0,0.0,0.0,26.79854034564132,36.99942648243014,48770.0,0,0,0,35,SALT LAKE
1469,350564,277.0,598.5862055381855,0.46275707230999563,1572.5,38.5,752.0,782.0,1666.3822333620672,30.75,7.75,139.75,612.25,35.75,65.5,204.0,476.75,0.0,0.0,74.88252787108942,18.99970549097764,35942.0,0,0,0,35,SALT LAKE
1470,350565,0.0,0.0,0.0,422.25,24.5,90.5,307.25,439.34522622223017,15.25,9.25,46.25,44.25,35.25,146.25,0.0,125.75,0.0,0.0,17.095226222230153,0.0,35942.0,0,0,0,35,SALT LAKE
1471,350566,5.5,14.641137606815562,0.3756538697812462,878.25,168.0,112.5,597.75,919.5305745893857,164.0,4.0,40.5,72.0,21.5,509.25,0.0,67.0,0.0,0.0,41.03058235167336,0.2499922377122985,73990.0,0,0,0,35,SALT LAKE
1472,350567,76.5,152.67773365755974,0.5010553809475685,661.5,51.5,203.25,406.75,708.1279579101425,36.5,15.0,42.5,160.75,100.75,45.0,0.0,261.0,0.0,0.0,41.62803541251684,4.999922497625695,73990.0,0,0,0,35,SALT LAKE
1473,350568,74.25,155.3498811900878,0.4779533748670647,515.5,64.0,102.5,349.0,549.1267003028009,50.25,13.75,4.75,97.75,64.0,66.25,0.0,218.75,0.0,0.0,28.376770042405514,5.249930260395451,73990.0,0,0,0,35,SALT LAKE
1474,350569,149.75,332.1071525537727,0.45090868669488654,1438.75,224.5,227.5,986.75,1513.0643709773803,157.5,67.0,20.5,207.0,318.0,129.5,41.0,498.25,0.0,0.0,64.314525982129,9.99984499525139,73990.0,0,0,0,35,SALT LAKE
1475,350570,58.0,145.89467817342145,0.39754705741258645,835.5,161.5,82.25,591.75,906.925935175554,90.25,71.25,4.25,78.0,84.5,98.5,40.75,368.0,0.0,0.0,67.4260515235921,3.9998836519619223,73990.0,0,0,0,35,SALT LAKE
1476,350571,438.75,1367.1786788154682,0.3209163562879255,855.0,279.75,12.5,562.75,944.6333469312324,158.75,121.0,0.0,12.5,74.5,191.75,0.0,296.5,0.0,0.0,59.63381194547823,29.999534985754167,32056.0,0,589,0,35,SALT LAKE
1477,350572,382.75,854.5816659674963,0.44787995722641416,355.0,58.0,29.25,267.75,412.6192616354023,46.25,11.75,12.5,16.75,37.75,32.5,1.0,196.5,0.0,0.0,31.61966464774869,25.99959698765361,38639.0,0,0,0,35,SALT LAKE
1478,350573,493.5,1185.1922195933705,0.4163881536189258,305.75,68.25,5.75,231.75,381.359708959765,57.0,11.25,0.0,5.75,28.0,43.0,2.0,158.75,0.0,0.0,41.61023597591026,33.99947298385472,61053.0,0,0,0,35,SALT LAKE
1479,350574,41.75,114.4118862303937,0.364909638111613,5470.5,326.5,343.75,4800.25,5696.676625523703,210.25,116.25,0.0,343.75,598.0,3013.75,120.0,1068.5,0.0,0.0,223.1766720251276,2.999953498575417,36964.0,0,0,0,35,SALT LAKE
1480,350575,0.0,0.0,0.0,1676.25,39.75,1237.5,399.0,1744.1177293556257,37.5,2.25,877.75,359.75,19.75,5.0,0.0,374.25,0.0,0.0,67.86772935562563,0.0,33860.0,0,0,0,35,SALT LAKE
1481,350576,32.25,84.99075400646652,0.37945304023948606,1039.25,171.25,449.5,418.5,1098.1279882299646,150.75,20.5,290.0,159.5,70.75,73.5,0.0,274.25,0.0,0.0,56.62793382598226,2.2500544039823853,73990.0,0,0,0,35,SALT LAKE
1482,350577,97.5,220.55546885057143,0.4420656649691024,474.5,147.75,91.0,235.75,512.6605029536652,145.75,2.0,8.75,82.25,66.5,12.5,2.0,154.75,0.0,0.0,31.66059595603225,6.4999069976328885,73990.0,0,0,0,35,SALT LAKE
1483,350578,81.5,187.21191339760287,0.43533554313346146,904.75,189.5,87.5,627.75,956.935140096553,89.0,100.5,30.75,56.75,102.5,68.25,183.5,273.5,0.0,0.0,46.68516325230663,5.499976844246382,73990.0,0,0,0,35,SALT LAKE
1484,350579,40.25,136.58666097169066,0.2946847057659776,1378.75,464.5,51.75,862.5,1458.2010466920588,261.0,203.5,19.5,32.25,81.75,113.75,10.25,656.75,0.0,0.0,76.45114751600332,2.999899176055271,73990.0,0,0,0,35,SALT LAKE
1485,350580,801.5,1986.1181852598083,0.40355101018077333,636.5,191.25,19.5,425.75,751.220465064964,92.25,99.0,1.0,18.5,45.75,57.25,3.0,319.75,0.0,0.0,59.721317591081245,54.99914747388264,31220.0,0,0,0,35,SALT LAKE
1486,350581,778.0,1783.3080595765475,0.43626786511845783,148.0,29.5,84.5,34.0,240.9909458476414,13.0,16.5,0.0,84.5,12.75,0.0,5.0,16.25,0.0,0.0,39.49176737232701,53.49917847531442,37045.0,0,0,0,35,SALT LAKE
1487,350582,358.5,790.0164085854561,0.4537880430128067,125.5,7.0,3.0,115.5,173.5954303492977,4.5,2.5,0.0,3.0,14.5,21.25,31.5,48.25,0.0,0.0,23.34575577636136,24.74967457293632,66057.0,0,0,0,35,SALT LAKE
1488,350583,1087.0,2842.834272551981,0.3823648851060924,51.0,0.0,0.0,51.0,172.0737295630122,0.0,0.0,0.0,0.0,0.0,51.0,0.0,0.0,0.0,0.0,46.07489209862679,74.99883746438542,36964.0,0,0,0,35,SALT LAKE
1489,350584,309.5,757.4242951959915,0.4086216958751153,321.0,39.0,146.25,135.75,374.0265467829597,38.5,0.5,44.0,102.25,46.5,7.25,0.0,82.0,0.0,0.0,31.776825709080875,21.24972107387885,33860.0,0,0,0,35,SALT LAKE
1490,350585,0.0,0.0,0.0,23.0,0.0,23.0,0.0,23.931213732577564,0.0,0.0,23.0,0.0,0.0,0.0,0.0,0.0,0.0,0.0,0.931213732577566,0.0,73990.0,0,0,0,35,SALT LAKE
1491,350586,3.75,7.031628376877261,0.5333046342908939,1153.25,168.0,383.25,602.0,1213.5947093664158,110.25,57.75,135.0,248.25,127.5,159.0,0.0,315.5,0.0,0.0,60.34470936641576,0.0,73990.0,0,0,0,35,SALT LAKE
1492,350587,483.75000037251266,950.6597615262272,0.5088571326463646,266.00000020483384,27.750000021368944,42.000000032342186,196.25000015112272,337.60499391080197,24.250000018673763,3.500000002695182,8.750000006737956,33.25000002560423,34.500000026566795,43.500000033497265,7.000000005390364,111.25000008566829,0.0,0.0,38.605505196227206,32.999488509740914,73990.0,0,0,0,35,SALT LAKE
1493,350588,290.25,635.5089915687101,0.4567205245728119,1249.0,59.0,571.5,618.5,1338.8254053064777,31.75,27.25,414.0,157.5,289.25,86.25,6.0,237.0,0.0,0.0,69.82569981453594,19.99970549194175,73990.0,0,0,0,35,SALT LAKE
1494,350589,10.75,39.10940408398588,0.27486995140388243,1358.0,281.75,60.0,1016.25,1435.413158058993,181.75,100.0,11.5,48.5,106.75,151.0,216.0,542.5,0.0,0.0,76.66316582079861,0.7499922381943533,73990.0,0,0,0,35,SALT LAKE
1495,350590,432.75,827.9359330416507,0.5226853706061212,1034.0,296.25,86.0,651.75,1131.6319077314597,245.5,50.75,32.0,54.0,87.25,119.0,42.5,403.0,0.0,0.0,67.63237274570557,29.999534985754167,38104.0,0,0,0,35,SALT LAKE
1496,350591,360.0,822.6915197182537,0.43758807690553175,470.5,22.75,16.75,431.0,532.3760235456855,15.25,7.5,7.0,9.75,73.0,196.25,69.25,92.5,0.0,0.0,36.87641105755701,24.999612488128477,37045.0,1377,111,167,35,SALT LAKE
1497,350592,257.25,567.8199386159642,0.4530485502623162,690.25,17.25,5.0,668.0,750.3619200585038,4.0,13.25,0.0,5.0,222.25,81.0,326.75,38.0,0.0,0.0,42.11219906705123,17.999720991452502,66057.0,27,48,504,35,SALT LAKE
1498,350593,233.25,535.8508432020442,0.43528904164111276,10.0,10.0,0.0,0.0,41.84843408521565,10.0,0.0,0.0,0.0,0.0,0.0,0.0,0.0,0.0,0.0,15.598674330043668,16.24975975517198,55218.0,0,0,0,35,SALT LAKE
1499,350594,427.0,1241.5135731392884,0.34393502353767164,157.0,11.5,1.0,144.5,213.1441275092386,1.75,9.75,0.0,1.0,37.5,86.25,0.0,20.75,0.0,0.0,26.64464687010514,29.49948063913348,85912.0,0,0,0,35,SALT LAKE
1500,350595,315.5,926.7943509185172,0.34042071975009097,0.0,0.0,0.0,0.0,43.02321948123694,0.0,0.0,0.0,0.0,0.0,0.0,0.0,0.0,0.0,0.0,21.27349840687604,21.749721074360902,62937.0,0,0,0,35,SALT LAKE
1501,350596,485.75,1217.5249429630353,0.39896513234287606,287.75,2.0,2.25,283.5,361.3169075732843,2.0,0.0,1.0,1.25,19.75,149.0,3.0,111.75,0.0,0.0,40.06736474233399,33.49954283095028,106825.0,406,0,0,35,SALT LAKE
1502,350597,577.75,1719.4780669104634,0.3360031227604397,424.25,140.25,10.25,273.75,519.0660885355909,56.5,83.75,3.0,7.25,31.25,75.75,15.0,151.75,0.0,0.0,55.31663870748981,39.49944982810111,96711.0,513,0,0,35,SALT LAKE
1503,350598,449.75,1208.008897909799,0.37230686030392335,1801.75,667.5,66.5,1067.75,1945.913577114718,518.25,149.25,43.75,22.75,148.0,211.25,23.0,685.5,0.0,0.0,113.16408867955352,30.99948843516439,106978.0,0,0,0,35,SALT LAKE
1504,350599,795.5,1840.425112673935,0.4322370926813893,56.0,0.0,0.0,56.0,172.47323063935744,0.0,0.0,0.0,0.0,0.0,53.0,3.0,0.0,0.0,0.0,61.723966734528304,54.74926390482912,106986.0,295,0,0,35,SALT LAKE
1505,350600,313.25,691.3244885045626,0.45311572960131385,246.0,65.25,6.0,174.75,292.6430851623127,41.25,24.0,1.0,5.0,26.5,70.0,0.0,78.25,0.0,0.0,25.143410671802734,21.49967449050997,55182.0,324,0,0,35,SALT LAKE
1506,350601,308.75,526.4989206497379,0.5864209552775153,517.25,67.25,30.0,420.0,576.6928916047991,57.75,9.5,5.0,25.0,186.5,67.0,3.0,163.5,0.0,0.0,38.19320935200146,21.24968225279768,49157.0,0,0,0,35,SALT LAKE
1507,350602,368.5,613.2056549892335,0.6009403158659227,933.25,216.25,48.0,669.0,1057.702991688334,106.5,109.75,0.0,48.0,100.5,122.25,12.5,433.75,0.0,0.0,99.20337143743572,25.249620250898232,46273.0,0,0,0,35,SALT LAKE
1508,350603,470.25,1132.17377353657,0.41535143366824384,312.75,81.5,25.25,206.0,382.9535885468304,76.0,5.5,5.0,20.25,33.25,35.0,33.0,104.75,0.0,0.0,37.95409232431364,32.24949622251675,90985.0,0,0,0,35,SALT LAKE
1509,350604,387.0,928.4446028086272,0.41682616154942437,20.0,0.0,2.25,17.75,71.72887581179168,0.0,0.0,0.0,2.25,11.0,2.0,1.0,3.75,0.0,0.0,25.22933314617616,26.49954266561552,106530.0,0,0,0,35,SALT LAKE
1510,350605,297.25,666.1839275929937,0.446198095883222,123.0,24.5,4.75,93.75,165.51438408280666,5.0,19.5,1.0,3.75,21.0,21.75,13.0,38.0,0.0,0.0,22.26464750845296,20.24973657435371,71881.0,0,0,0,35,SALT LAKE
1511,350606,381.5,1074.1302118207493,0.3551710917369343,427.75,89.5,15.0,323.25,497.2637217148871,68.25,21.25,0.0,15.0,82.5,54.25,5.5,181.0,0.0,0.0,43.26407814338253,26.249643571504546,51794.0,0,0,0,35,SALT LAKE
1512,350607,383.0,1069.3001830240871,0.3581781861449214,271.0,35.25,3.25,232.5,330.98074101724984,20.5,14.75,0.0,3.25,36.0,29.75,49.75,117.0,0.0,0.0,33.48114402911415,26.499596988135668,74894.0,0,0,0,35,SALT LAKE
1513,350608,532.75,767.8455859831217,0.6938243961093898,559.5,207.5,43.75,308.25,648.2213125000319,197.0,10.5,0.0,43.75,62.75,64.25,8.5,172.75,0.0,0.0,51.971932601452686,36.74937989857921,52063.0,0,0,0,35,SALT LAKE
1514,350609,276.75,606.0711874708475,0.456629527555807,390.75,36.0,24.25,330.5,439.27624051156266,25.25,10.75,6.0,18.25,58.75,79.25,6.0,186.5,0.0,0.0,29.526535020585,18.99970549097764,41199.0,0,0,0,35,SALT LAKE
1515,350610,375.75,890.0069476756312,0.42218771547943523,353.0,77.25,6.75,269.0,428.7534166070336,56.0,21.25,0.0,6.75,39.75,38.0,30.0,161.25,0.0,0.0,49.75381961937997,25.99959698765361,81057.0,0,0,0,35,SALT LAKE
1516,350611,252.75,565.663946641802,0.4468200625132824,668.0,131.0,42.0,495.0,725.2862316260696,121.75,9.25,20.0,22.0,44.0,47.75,205.25,198.0,0.0,0.0,40.28649513414227,16.99973649192736,56355.0,0,0,0,35,SALT LAKE
1517,350612,223.0,594.5122089595218,0.3750974271668545,382.0,59.25,14.25,308.5,438.7460369741341,16.5,42.75,1.0,13.25,53.25,71.25,27.0,157.0,0.0,0.0,41.49626171848724,15.24977525564684,121244.0,0,0,0,35,SALT LAKE
1518,350613,239.0,632.0763663252949,0.3781188678030715,49.75,0.75,1.0,48.0,82.44014184409315,0.0,0.75,0.0,1.0,0.25,1.0,0.0,46.75,0.0,0.0,16.440382088921165,16.24975975517198,76631.0,0,0,0,35,SALT LAKE
1519,350614,441.75,1421.979625848201,0.3106584594955073,1150.25,252.75,33.25,864.25,1261.196562446731,60.25,192.5,0.0,33.25,121.0,362.0,90.5,290.75,0.0,0.0,80.69708954578464,30.24947290094632,60917.0,0,726,0,35,SALT LAKE
1520,350615,360.0,929.5743944852734,0.3872740064008973,231.5,60.75,5.0,165.75,298.6984779510187,52.25,8.5,0.0,5.0,24.75,35.25,19.5,86.25,0.0,0.0,42.44885770060252,24.74962025041617,60952.0,0,0,0,35,SALT LAKE
1521,350616,702.75,2290.76067533642,0.3067758267226211,625.5,81.0,55.5,489.0,742.5282087349105,28.25,52.75,5.25,50.25,73.0,140.25,90.5,185.25,0.0,0.0,68.77890617385299,48.2493025610576,86077.0,0,0,0,35,SALT LAKE
1522,350617,429.0,740.0388273322247,0.5796993132732069,1355.75,95.0,51.5,1209.25,1458.5094235085949,43.75,51.25,6.5,45.0,175.75,238.5,383.0,412.0,0.0,0.0,73.00982643803289,29.74959707056201,52063.0,0,0,0,35,SALT LAKE
1523,350618,422.25,930.4132875702884,0.45383057791734405,404.0,78.0,6.0,320.0,468.4524248017211,16.25,61.75,1.0,5.0,118.0,33.0,52.25,116.75,0.0,0.0,35.45287431549208,28.999550486229037,41199.0,0,0,0,35,SALT LAKE
1524,350619,257.5,608.6197830459784,0.4230884489348699,1268.0,72.25,20.5,1175.25,1348.511826262558,25.0,47.25,0.0,20.5,80.75,169.0,748.75,176.75,0.0,0.0,62.51210527110563,17.999720991452502,81057.0,398,0,0,35,SALT LAKE
1525,350620,576.25,1225.9858506831097,0.47002989445507715,1551.25,159.25,73.0,1319.0,1684.1369581786134,115.75,43.5,2.0,71.0,199.75,408.75,262.0,448.5,0.0,0.0,92.88757819760778,39.99937998100556,49685.0,0,0,0,35,SALT LAKE
1526,350621,169.75,436.48921802579736,0.38889849505965907,220.5,48.75,1.75,170.0,265.55264307043257,8.0,40.75,1.0,0.75,17.0,84.5,8.5,60.0,0.0,0.0,33.55286789769413,11.499775172738438,121244.0,654,0,0,35,SALT LAKE
1527,350622,221.25,585.0266566932867,0.37818789531840985,0.0,0.0,0.0,0.0,36.45769110529425,0.0,0.0,0.0,0.0,0.0,0.0,0.0,0.0,0.0,0.0,21.45792361241717,14.999767492877083,76631.0,0,0,0,35,SALT LAKE
1528,350623,356.75,1200.3291984260422,0.2972101324101723,310.25,38.5,4.5,267.25,369.5049160135501,28.5,10.0,0.0,4.5,33.5,30.75,10.0,193.0,0.0,0.0,35.005350109754644,24.24956590379549,124702.0,0,0,0,35,SALT LAKE
1529,350624,392.0,1074.7852547980046,0.3647240211475292,111.75,34.25,2.5,75.0,189.3882982433285,33.5,0.75,0.0,2.5,23.25,8.0,0.0,43.75,0.0,0.0,50.63871675614976,26.99958148717875,53280.0,0,0,0,35,SALT LAKE
1530,350625,686.0,2081.808077251196,0.3295212500596065,531.75,0.0,0.0,531.75,640.3022945813151,0.0,0.0,0.0,0.0,0.0,531.75,0.0,0.0,0.0,0.0,61.30297651978261,47.24931806153246,108749.0,470,840,2138,35,SALT LAKE
1531,350626,981.0000082963479,2930.924488056599,0.3347066812174398,363.7500030762452,197.00000166603522,15.500000131083988,151.25000127912602,624.6986656848856,80.00000067656252,117.00000098947268,11.000000093027346,4.500000038056642,31.75000026851075,22.75000019239747,5.500000046513673,91.25000077170412,0.0,0.0,193.4496694549059,67.49899315373443,117068.0,0,0,0,35,SALT LAKE
1532,350627,512.25,1023.2231996300534,0.5006239109758303,635.25,89.25,202.75,343.25,717.4595402841148,64.25,25.0,27.75,175.0,92.25,32.0,1.0,218.0,0.0,0.0,46.96009056302277,35.24944972109216,38438.0,0,0,0,35,SALT LAKE
1533,350628,0.0,0.0,0.0,408.0,14.0,308.5,85.5,424.5190526231977,12.5,1.5,145.75,162.75,23.25,10.5,0.0,51.75,0.0,0.0,16.519052623197695,0.0,38438.0,0,0,0,35,SALT LAKE
1534,350629,528.25,1165.3311889158451,0.4533046099036038,922.0,145.5,181.5,595.0,1117.2114959697788,121.0,24.5,58.25,123.25,75.25,70.5,20.25,429.0,0.0,0.0,158.71196081917185,36.49953515060687,38438.0,0,0,0,35,SALT LAKE
1535,350630,535.25,1176.7827413752586,0.4548418167439088,728.75,107.0,91.0,530.75,826.921991157201,83.5,23.5,9.25,81.75,51.75,68.25,2.25,408.5,0.0,0.0,61.4225569124832,36.74943424471784,38438.0,0,0,0,35,SALT LAKE
1536,350631,481.5,1047.557996016135,0.45964042261253835,1054.75,185.75,161.75,707.25,1164.2033659668505,160.75,25.0,35.25,126.5,133.75,124.75,4.0,444.75,0.0,0.0,76.45387748252094,32.99948848432959,49408.0,0,0,0,35,SALT LAKE
1537,350632,517.75,1123.8893826866429,0.46067700965581276,192.25,5.0,8.5,178.75,259.99566667637333,3.75,1.25,1.0,7.5,16.25,25.75,24.0,112.75,0.0,0.0,31.99621693118061,35.749449745192706,49629.0,0,0,0,35,SALT LAKE
1538,350633,821.5,1756.9604700108553,0.46756885770738166,392.25,49.75,33.0,309.5,501.6409992346971,40.0,9.75,0.0,33.0,35.25,43.0,120.75,110.5,0.0,0.0,52.89181291466868,56.49918632002847,48753.0,0,0,0,35,SALT LAKE
1539,350634,670.25,1455.464839305759,0.46050579986508094,1007.25,260.25,35.25,711.75,1125.7209532950817,259.25,1.0,16.0,19.25,81.5,83.5,231.5,315.25,0.0,1.8036322360155488,70.66803408090955,45.99928697815639,45123.0,567,0,0,35,SALT LAKE
1540,350635,563.0,1173.3581040283989,0.47981941580076537,725.75,39.75,84.25,601.75,818.7310522849639,32.75,7.0,47.25,37.0,83.25,81.25,318.25,119.0,0.0,1.8036322360155488,52.17802456746787,38.99939548148042,45123.0,0,0,0,35,SALT LAKE
1541,350636,479.5,965.1609220796169,0.49680834463006335,601.75,285.0,10.75,306.0,690.0274283849121,244.0,41.0,0.0,10.75,79.25,51.5,22.75,152.5,0.0,0.0,55.27793990058248,32.99948848432959,62849.0,0,0,0,35,SALT LAKE
1542,350637,272.0,545.770430997474,0.49837804423167603,3767.0,81.25,16.0,3669.75,3949.528307591623,27.5,53.75,8.0,8.0,388.0,2289.25,178.5,814.0,0.0,0.0,163.5286021006448,18.99970549097764,62849.0,0,0,0,35,SALT LAKE
1543,350638,297.0,583.4277499416987,0.5090604621217947,344.0,70.0,9.5,264.5,395.951758003094,14.5,55.5,0.0,9.5,41.0,58.75,57.75,107.0,0.0,0.0,31.452029191027982,20.49972881206601,50696.0,0,0,0,35,SALT LAKE
1544,350639,363.5,711.5726183703076,0.5108403423848892,176.0,14.25,10.25,151.5,229.0926324636104,11.5,2.75,0.0,10.25,52.25,24.0,18.75,56.5,0.0,0.0,28.09301997548195,24.999612488128477,50696.0,0,0,0,35,SALT LAKE
1545,350640,227.5,458.37676537621206,0.4963166049947573,2610.0,0.0,1.0,2609.0,2743.883115075559,0.0,0.0,0.0,1.0,16.0,0.0,2445.0,148.0,0.0,0.0,118.1333553208693,15.749759754689926,64742.0,0,0,0,35,SALT LAKE
1546,350641,323.25,868.6811258842883,0.3721158321138177,24.25,0.0,0.0,24.25,63.5693902519854,0.0,0.0,0.0,0.0,4.0,0.25,10.0,10.0,0.0,0.0,17.319731262432338,21.99965898955305,78750.0,0,0,0,35,SALT LAKE
1547,350642,265.0,565.9597961162017,0.4682311390641443,483.25,178.75,31.25,273.25,536.7955806194536,41.25,137.5,20.75,10.5,39.25,53.25,83.0,97.75,0.0,0.0,35.5458596280011,17.999720991452502,59820.0,0,0,0,35,SALT LAKE
1548,350643,691.25,1559.205019786972,0.44333489902081175,1096.75,130.75,83.75,882.25,1227.6326365733337,60.0,70.75,0.0,83.75,214.25,72.5,179.0,416.5,0.0,0.0,83.38343494274775,47.49920163058599,62016.0,0,0,0,35,SALT LAKE
1549,350644,1125.75,1858.4610083373304,0.6057431363637543,2381.5,582.25,91.25,1708.0,2605.747234617732,507.75,74.5,0.0,91.25,418.75,346.25,237.0,706.0,0.0,0.0,147.24842815429622,76.9988064634357,47981.0,0,0,0,35,SALT LAKE
1550,350645,109.5,223.18029201940143,0.49063471962157384,204.25,6.25,6.5,191.5,224.95275820524148,3.75,2.5,0.0,6.5,22.75,33.5,81.0,54.25,0.0,0.0,12.702882209040377,7.999875996201112,64742.0,0,0,0,35,SALT LAKE
1551,350646,689.25,1471.4179135364377,0.4684257230112427,1048.75,219.5,39.25,790.0,1173.1164157616956,146.25,73.25,1.0,38.25,167.25,77.25,299.5,246.0,0.0,0.0,77.11709770016321,47.24931806153246,55224.0,0,0,0,35,SALT LAKE
1552,350647,651.25,1747.034851768102,0.37277447518628304,1.0,0.0,0.0,1.0,72.40729733890171,0.0,0.0,0.0,0.0,0.0,0.0,1.0,0.0,0.0,0.0,26.407994860270463,44.99930247863125,78750.0,0,0,0,35,SALT LAKE
1553,350648,361.5,771.6870102180542,0.4684541727582684,466.25,15.75,34.0,416.5,528.7618733994146,11.5,4.25,24.0,10.0,86.0,81.5,106.0,143.0,0.0,0.0,37.51226091128612,24.999612488128477,59820.0,0,0,0,35,SALT LAKE
1554,350649,655.0000086922045,1806.3377811634066,0.3626121401670174,224.50000297923648,0.0,0.0,224.50000297923648,320.3580860030086,0.0,0.0,0.0,0.0,0.0,224.50000297923648,0.0,0.0,0.0,0.0,50.85877994797577,44.99930307579634,143361.0,397,603,0,35,SALT LAKE
1555,350650,465.75000380554513,1167.2861413719934,0.39900242733809593,354.00000289245946,0.25000000204269734,37.7500003084473,316.00000258196945,433.9393713504092,0.0,0.25000000204269734,23.75000019405625,14.000000114391051,127.75000104381834,0.0,116.00000094781157,72.25000059033954,0.0,0.0,47.68987197192909,32.24949648602059,146175.0,0,0,0,35,SALT LAKE
1556,350651,252.0,537.9588405966766,0.4684373245367515,72.75,1.75,12.0,59.0,102.89806896269036,1.75,0.0,0.0,12.0,15.5,4.25,6.0,33.25,0.0,0.0,13.148332470762984,16.99973649192736,59906.0,0,0,0,35,SALT LAKE
1557,350652,897.0,2669.007241730226,0.3360800173095468,24.5,0.25,16.25,8.0,123.80832071943944,0.25,0.0,0.0,16.25,0.25,2.0,0.0,5.75,0.0,0.0,37.30928174888084,61.999038970558615,66195.0,0,0,0,35,SALT LAKE
1558,350653,241.0,607.5898579452477,0.3966491488436225,840.0,81.0,324.25,434.75,900.7669186873773,56.5,24.5,209.0,115.25,73.0,119.0,0.0,242.75,0.0,0.0,43.76718219544974,16.99973649192736,58960.0,0,0,0,35,SALT LAKE
1559,350654,1008.0,3048.1522529126837,0.33069214276839304,132.75,0.0,0.0,132.75,247.93507560830943,0.0,0.0,0.0,0.0,0.0,132.75,0.0,0.0,0.0,0.0,46.18614514107487,68.99893046723459,47504.0,724,0,0,35,SALT LAKE
1560,350655,955.75,2724.475773887682,0.3508014309248915,85.0,0.0,0.0,85.0,193.13636675070117,0.0,0.0,0.0,0.0,0.0,85.0,0.0,0.0,0.0,0.0,42.13738978204197,65.99897696865918,47848.0,637,0,0,35,SALT LAKE
1561,350656,416.75,1077.502425832423,0.38677407123055,340.0,29.25,4.0,306.75,399.63868868921816,19.75,9.5,0.0,4.0,15.5,238.75,6.0,46.5,0.0,0.0,30.63913820298912,28.999550486229037,50979.0,0,565,0,35,SALT LAKE
1562,350657,721.0,3751.226140355603,0.19220382163674402,341.5,8.25,2.25,331.0,434.5172495505888,8.25,0.0,2.0,0.25,3.0,244.0,0.0,84.0,0.0,0.0,43.01802457433183,49.99922497625695,66086.0,428,710,0,35,SALT LAKE
1563,350658,897.0,2618.3784633950763,0.3425784364407428,475.25,116.0,19.0,340.25,592.8081595880949,50.75,65.25,2.5,16.5,73.25,102.75,1.0,163.25,0.0,0.0,55.55912061753631,61.999038970558615,85020.0,0,0,0,35,SALT LAKE
1564,350659,629.0,2074.732892459264,0.3031715563416075,175.0,4.5,37.5,133.0,250.55130803352685,3.5,1.0,0.0,37.5,9.25,85.0,0.0,38.75,0.0,0.0,32.55197455394588,42.999333479580976,69902.0,342,0,0,35,SALT LAKE
1565,350660,654.0,1868.153110074414,0.35007837230961725,0.0,0.0,0.0,0.0,71.4781625267064,0.0,0.0,0.0,0.0,0.0,0.0,0.0,0.0,0.0,0.0,26.47886004807514,44.99930247863125,66698.0,0,0,0,35,SALT LAKE
1566,350661,368.00000005724576,1154.6212043127648,0.3187192463490923,368.7500000573624,36.500000005677904,0.2500000000388898,332.00000005164566,423.57892503969157,0.0,36.500000005677904,0.2500000000388898,0.0,0.0,311.00000004837887,0.0,21.00000000326674,0.0,0.0,29.82931249031171,24.999612492017395,73196.0,0,0,2265,35,SALT LAKE
1567,350662,487.75,1538.297685759883,0.31707126943967473,105.75,20.75,9.5,75.5,163.27886719126397,2.5,18.25,1.5,8.0,1.0,65.25,0.0,9.25,0.0,0.0,24.02932436031371,33.49954283095028,47310.0,346,0,0,35,SALT LAKE
1568,350663,262.75,732.9410320606714,0.3584872295405206,676.5,113.0,50.0,513.5,743.0282153280032,62.75,50.25,14.75,35.25,76.0,121.0,66.25,250.25,0.0,0.0,48.52849433655069,17.999720991452502,51187.0,0,0,0,35,SALT LAKE
1569,350664,353.25,978.842279806182,0.36088551474293296,487.25,199.25,18.5,269.5,561.0309866540736,135.5,63.75,0.75,17.75,37.75,48.5,0.0,183.25,0.0,0.0,49.2813586649882,24.49962798908539,37570.0,0,0,0,35,SALT LAKE
1570,350665,493.9999999667537,2049.4285787141607,0.24104279851347443,807.9999999456214,211.24999998578284,26.999999998182897,569.7499999616557,894.7144960963525,147.99999999003958,63.249999995743266,1.4999999998990496,25.499999998283847,15.499999998956847,75.74999999490201,0.0,478.4999999677969,0.0,0.0,52.715023169164475,33.999472981566555,77608.0,574,0,0,35,SALT LAKE
1571,350666,832.9999998452802,2903.154491386879,0.28692927032186427,87.49999998374791,2.9999999994427857,16.99999999684245,67.49999998746267,181.7682159088625,2.2499999995820894,0.7499999998606964,1.4999999997213929,15.49999999712106,1.9999999996285238,52.99999999015588,0.0,12.499999997678273,0.0,0.0,37.26909946276855,56.99911646234602,74875.0,0,0,0,35,SALT LAKE
1572,350667,442.0,1404.8843583370062,0.3146166425564062,0.0,0.0,0.0,0.0,47.89503367267957,0.0,0.0,0.0,0.0,0.0,0.0,0.0,0.0,0.0,0.0,17.8954986869254,29.999534985754167,64459.0,0,0,0,35,SALT LAKE
1573,350668,278.75,727.3764836883836,0.3832265769529878,3615.25,207.5,105.5,3302.25,3880.4135603220834,124.0,83.5,0.0,105.5,454.0,2014.0,49.0,785.25,0.0,0.0,245.91384706833617,19.249713253747395,58856.0,0,0,0,35,SALT LAKE
1574,350669,270.25,742.3163929210424,0.36406309031726525,0.0,0.0,0.0,0.0,29.94146740646039,0.0,0.0,0.0,0.0,0.0,0.0,0.0,0.0,0.0,0.0,10.941761915482749,18.99970549097764,65114.0,0,0,0,35,SALT LAKE
1575,350670,381.5,1024.9069342837945,0.3722289187813842,1014.75,255.5,28.25,731.0,1098.5310251501865,158.0,97.5,4.0,24.25,109.5,166.75,75.25,379.5,0.0,0.0,57.78142816253296,25.99959698765361,69166.0,447,0,0,35,SALT LAKE
1576,350671,507.0,1359.9543370699355,0.3728066348847767,452.0,161.0,8.75,282.25,525.8278963591739,102.25,58.75,0.0,8.75,29.25,107.0,0.0,146.0,0.0,0.0,38.82843887579399,34.999457483379864,56691.0,430,0,0,35,SALT LAKE
1577,350672,1267.25,2616.8816305527425,0.48425958025939797,2786.75,438.0,793.75,1555.0,3037.884884664305,433.75,4.25,585.75,208.0,955.25,87.75,67.0,445.0,0.0,0.0,164.136233205618,86.99865145868709,41142.0,0,0,0,35,SALT LAKE
1578,350673,595.25,1226.0000045831214,0.48552202102348585,464.0,44.75,29.25,390.0,547.8851312804038,28.75,16.0,0.0,29.25,78.0,144.5,0.25,167.25,0.0,0.0,42.885766799873146,40.9993644805307,41142.0,0,0,0,35,SALT LAKE
1579,350674,310.25,856.6187625297557,0.36217978588721733,0.0,0.0,0.0,0.0,36.06093854912383,0.0,0.0,0.0,0.0,0.0,0.0,0.0,0.0,0.0,0.0,15.061264059095906,20.99967449002792,65114.0,0,0,0,35,SALT LAKE
1580,350675,153.75,528.3093387393428,0.29102268070233217,1909.5,58.75,33.0,1817.75,2004.535552605576,34.0,24.75,0.0,33.0,2.0,1798.0,11.75,6.0,0.0,0.0,84.03572311079932,10.999829494776527,60975.0,0,0,0,35,SALT LAKE
1581,350676,744.25,2173.575147444189,0.342408221254798,314.75,134.75,22.75,157.25,413.8751999444941,35.5,99.25,3.75,19.0,1.0,120.75,4.0,31.5,0.0,0.0,48.12599046871203,50.99920947578209,73963.0,0,1218,0,35,SALT LAKE
1582,350677,864.0,1787.0248868680349,0.48348515252871416,233.0,29.25,31.0,172.75,652.6638770355444,6.75,22.5,0.0,31.0,79.0,27.75,11.0,55.0,0.0,0.0,360.16486928284024,59.49900775270402,35964.0,0,0,0,35,SALT LAKE
1583,350678,280.5,1149.627543391566,0.24399206648484154,720.75,140.75,16.75,563.25,780.2872393131161,56.0,84.75,0.0,16.75,70.75,88.0,120.0,284.5,0.0,0.0,40.53753382213845,18.99970549097764,78846.0,0,0,0,35,SALT LAKE
1584,350679,205.75,848.219693361781,0.24256687460832618,0.0,0.0,0.0,0.0,22.33017346316221,0.0,0.0,0.0,0.0,0.0,0.0,0.0,0.0,0.0,0.0,8.330390469810267,13.999782993351946,79994.0,0,0,0,35,SALT LAKE
1585,350680,746.0,2587.387410588793,0.28832172443408394,118.75,16.75,0.0,102.0,206.7609102883371,7.0,9.75,0.0,0.0,0.25,53.5,9.0,39.25,0.0,0.0,37.011700812555,50.99920947578209,77028.0,520,0,0,35,SALT LAKE
1586,350681,271.75,725.7682981446214,0.37443079381492805,297.5,36.25,13.0,248.25,339.5475053874692,27.75,8.5,5.75,7.25,32.0,37.25,66.0,113.0,0.0,0.0,23.047799896491554,18.99970549097764,83761.0,0,0,0,35,SALT LAKE
1587,350682,504.0,1389.0660508959434,0.3628337181481914,344.75,14.5,9.75,320.5,414.11335314851766,10.25,4.25,0.0,9.75,30.0,188.75,2.0,99.75,0.0,0.0,34.36389566513783,34.999457483379864,72190.0,0,0,0,35,SALT LAKE
1588,350683,466.25,1244.1981897584956,0.3747393332010081,131.0,31.0,2.0,98.0,188.43066040335745,13.25,17.75,0.0,2.0,8.75,12.25,11.0,66.0,0.0,0.0,25.431156418552995,31.99950398480445,68224.0,0,0,0,35,SALT LAKE
1589,350684,845.5,2274.584821959409,0.3717161883071285,2711.5,789.75,132.5,1789.25,2934.013415555473,355.5,434.25,53.75,78.75,244.75,386.0,216.5,942.0,0.0,0.0,164.5143146066336,57.999100948839576,46164.0,606,0,0,35,SALT LAKE
1590,350685,475.5,1170.943405741204,0.4060828197747181,259.75,26.5,11.75,221.5,328.51763424780614,15.75,10.75,0.0,11.75,48.5,60.0,6.25,106.75,0.0,0.0,36.01813800118884,32.749496246617284,53461.0,0,0,0,35,SALT LAKE
1591,350686,785.75,2152.961970903098,0.3649623219635427,22.25,5.25,0.0,17.0,118.01656777047728,0.0,5.25,0.0,0.0,13.0,0.0,2.0,2.0,0.0,1.8036322360155488,39.96377256010422,53.9991629743575,75254.0,0,0,0,35,SALT LAKE
1592,350687,365.5,966.0112210925254,0.3783599941899558,426.75,13.75,18.0,395.0,483.82554139399895,7.75,6.0,0.0,18.0,51.0,67.25,98.75,178.0,0.0,0.0,32.07585905829282,24.99968233570608,37528.0,0,0,0,35,SALT LAKE
1593,350688,245.0,669.7191960337525,0.3658249628365923,0.0,0.0,0.0,0.0,26.91918712155796,0.0,0.0,0.0,0.0,0.0,0.0,0.0,0.0,0.0,0.0,9.919450629630596,16.99973649192736,55258.0,0,0,0,35,SALT LAKE
1594,350689,79.75,243.59040213452036,0.3273938517329548,802.0,169.75,16.5,615.75,845.9535284139316,40.25,129.5,0.0,16.5,66.75,196.75,68.0,284.25,0.0,0.0,38.45366023834397,5.499868175587603,62034.0,0,0,0,35,SALT LAKE
1595,350690,366.0,1130.119524873087,0.32385954931723,178.5,38.0,4.5,136.0,225.54525281276608,30.75,7.25,0.0,4.5,16.25,17.25,0.0,102.5,0.0,0.0,22.045640324637617,24.999612488128477,64390.0,0,0,0,35,SALT LAKE
1596,350691,332.0,1226.4417505876377,0.27070180857829196,31.75,31.5,0.0,0.25,69.47694696374951,1.0,30.5,0.0,0.0,0.0,0.0,0.0,0.25,0.0,0.0,14.72730347467132,22.9996434890782,67650.0,0,0,0,35,SALT LAKE
1597,350692,262.5,700.3452892074404,0.37481511483723023,37.0,12.25,7.0,17.75,67.12569859024885,11.25,1.0,1.0,6.0,1.75,5.5,0.0,10.5,0.0,0.0,12.125977598796336,17.999720991452502,83761.0,0,0,0,35,SALT LAKE
1598,350693,509.0,1032.8670741453425,0.49280300702893237,583.5,41.0,15.0,527.5,663.7327590251614,30.75,10.25,0.0,15.0,31.75,390.75,23.25,81.75,0.0,0.0,45.23330154178158,34.999457483379864,51667.0,751,21,1876,35,SALT LAKE
1599,350694,386.5,1034.5946785758883,0.3735762497174394,387.5,90.0,60.75,236.75,445.0826610992119,43.0,47.0,0.0,60.75,27.0,33.5,13.0,163.25,0.0,0.0,31.333071873845995,26.24958922536591,62357.0,0,0,0,35,SALT LAKE
1600,350695,855.25,2132.4557739320867,0.40106341733080064,994.5,139.0,22.75,832.75,1175.8933378232057,112.0,27.0,0.0,22.75,236.5,126.25,192.0,278.0,0.0,0.0,122.64442310517089,58.74891471803452,51097.0,0,0,0,35,SALT LAKE
1601,350696,1026.75,2824.7747615117537,0.36348030787789515,225.25,49.25,19.75,156.25,346.9394495505056,13.5,35.75,2.0,17.75,8.75,55.0,19.0,73.5,0.0,0.0,50.690550084220725,70.99889946628487,80135.0,541,0,0,35,SALT LAKE
1602,350697,622.5,1750.8654308458615,0.355538460599604,103.5,0.0,0.0,103.5,175.89328485944185,0.0,0.0,0.0,0.0,0.0,103.5,0.0,0.0,0.0,0.0,29.39395137986088,42.999333479580976,80682.0,0,1129,0,35,SALT LAKE
1603,350698,297.0,756.4092848930214,0.3926445721009421,94.75,3.5,1.25,90.0,130.61063672895727,2.25,1.25,0.0,1.25,18.75,12.25,40.0,19.0,0.0,0.0,15.860946738454484,19.99968999050278,53825.0,0,0,0,35,SALT LAKE
1604,350699,577.0,1479.8767804960082,0.389897326321052,2724.0,1329.5,37.5,1357.0,3117.4087286826866,615.25,714.25,0.0,37.5,164.0,184.0,56.0,953.0,0.0,0.0,353.65932543795464,39.74940324473223,53825.0,0,0,0,35,SALT LAKE
1605,350700,766.0,2370.1822172488974,0.3231819032416447,2012.0,680.25,25.75,1306.0,2177.4730266345373,525.75,154.5,0.0,25.75,211.25,167.75,472.0,455.0,0.0,0.0,112.473848159705,52.99917847483236,54653.0,0,0,0,35,SALT LAKE
1606,350701,409.25,1323.3806658410967,0.309245865957921,113.75,0.0,0.0,113.75,162.92458757384247,0.0,0.0,0.0,0.0,0.0,113.75,0.0,0.0,0.0,0.0,21.175021587138595,27.99956598670389,65090.0,698,0,0,35,SALT LAKE
1607,350702,125.0,350.954362569833,0.3561716659815775,236.25,8.0,50.25,178.0,259.8755618203323,6.0,2.0,25.5,24.75,15.5,98.25,24.0,40.25,0.0,0.0,14.625701324606045,8.999860495726251,83027.0,748,0,0,35,SALT LAKE
1608,350703,518.0,1773.4061887178689,0.2920932628381667,0.0,0.0,0.0,0.0,56.97199474269541,0.0,0.0,0.0,0.0,0.0,0.0,0.0,0.0,0.0,0.0,20.972552759790403,35.999441982905005,45908.0,0,0,0,35,SALT LAKE
1609,350704,634.0,1435.1534818526216,0.4417645973178962,159.25,7.75,5.25,146.25,235.3662530035349,5.5,2.25,0.0,5.25,15.75,66.0,30.0,34.5,0.0,0.0,32.11693502442881,43.99931797910611,80018.0,483,0,0,35,SALT LAKE
1610,350705,416.5,1281.4080929448662,0.32503306502678714,1.0,0.0,0.0,1.0,46.90314881169856,0.0,0.0,0.0,0.0,1.0,0.0,0.0,0.0,0.0,0.0,16.903598325469527,28.999550486229037,104764.0,0,0,0,35,SALT LAKE
1611,350706,565.0,1613.2032255314246,0.3502348563764349,39.0,0.0,0.0,39.0,102.4538778500391,0.0,0.0,0.0,0.0,1.0,0.0,38.0,0.0,0.0,0.0,24.45448236855869,38.99939548148042,82610.0,0,0,0,35,SALT LAKE
1612,350707,231.75,749.9916030669742,0.3090034595751397,786.0,3.5,4.5,778.0,843.2060066341519,3.25,0.25,0.0,4.5,609.5,2.25,149.0,17.25,0.0,0.0,41.2062546417496,15.999751992402224,93494.0,0,0,0,35,SALT LAKE
1613,350708,479.0,1002.1640427965428,0.4779656618524733,869.75,49.75,63.25,756.75,957.3573833367752,30.25,19.5,18.75,44.5,153.75,187.0,147.0,269.0,0.0,0.0,54.607894852445554,32.99948848432959,91804.0,0,0,0,35,SALT LAKE
1614,350709,307.5,882.2301306842693,0.3485485128030018,667.0,64.75,57.25,545.0,728.2052308959512,25.25,39.5,7.5,49.75,164.5,79.25,116.0,185.25,0.0,0.0,40.20555640592332,20.99967449002792,88816.0,0,0,0,35,SALT LAKE
1615,350710,7.25,19.203889227526503,0.37752769317206764,2162.5,331.0,1097.25,734.25,2252.4016468023665,180.25,150.75,655.0,442.25,137.5,48.0,28.25,520.5,0.0,1.8036322360155488,87.84807665115869,0.2499379151921525,38438.0,0,0,0,35,SALT LAKE
1616,350711,1.0,1.0,1.0,551.0,139.25,64.25,347.5,573.3496028515615,63.75,75.5,6.75,57.5,143.75,45.5,0.0,158.25,0.0,0.0,22.34960285156148,0.0,41809.0,0,0,0,35,SALT LAKE
1617,350712,260.25,682.3914125221345,0.3813793597403431,1123.25,240.5,266.5,616.25,1266.7504424471354,225.5,15.0,49.5,217.0,67.25,75.25,3.75,470.0,0.0,0.0,125.75057399824009,17.749868448895413,57188.0,0,0,0,35,SALT LAKE
1618,350713,287.75,631.599032173053,0.45558967848633247,694.75,102.25,206.5,386.0,857.5290399426038,89.25,13.0,60.5,146.0,31.25,46.75,16.25,291.75,0.0,0.0,143.0292723658543,19.7497675767496,41809.0,0,0,0,35,SALT LAKE
1619,350714,1447.5,2607.741919939123,0.5550779350257911,387.75,32.5,60.75,294.5,572.0544170641246,19.5,13.0,2.25,58.5,68.25,63.75,3.0,159.5,0.0,0.0,84.80593608559626,99.49848097852828,41809.0,0,0,0,35,SALT LAKE
1620,350715,305.0,821.5979754590567,0.3712277891502659,1423.25,429.0,51.75,942.5,1649.9623800222564,330.0,99.0,6.75,45.0,306.5,104.75,5.5,525.75,0.0,0.0,205.71260465815445,20.99977536410195,41809.0,0,0,0,35,SALT LAKE
1621,350716,307.75,553.3933319223911,0.5561143986519148,524.25,152.25,25.75,346.25,581.1830869190031,128.5,23.75,0.0,25.75,59.5,63.25,0.0,223.5,0.0,0.0,35.933412428975224,20.99967449002792,41809.0,0,0,0,35,SALT LAKE
1622,350717,288.5,679.9352917202639,0.42430508242936366,849.5,320.25,54.5,474.75,933.0824454360215,296.75,23.5,0.0,54.5,91.75,87.25,0.0,295.75,0.0,0.0,63.58275544551873,19.99968999050278,69450.0,0,0,0,35,SALT LAKE
1623,350718,429.0,631.5151133405972,0.6793186591064623,584.5,201.5,15.5,367.5,674.274448911758,98.25,103.25,0.75,14.75,35.0,46.0,6.0,280.5,0.0,0.0,59.77491392600381,29.999534985754167,35292.0,0,0,0,35,SALT LAKE
1624,350719,255.75,605.6984905137143,0.422239784324193,1001.0,94.25,26.25,880.5,1075.8819715587583,22.5,71.75,0.0,26.25,287.25,84.75,204.0,304.5,0.0,0.0,56.88225056730588,17.999720991452502,69450.0,0,0,0,35,SALT LAKE
1625,350720,709.25,1655.9611187363412,0.42830111889416006,812.0,30.25,23.5,758.25,925.8401895969788,21.5,8.75,0.0,23.5,251.75,116.25,161.75,228.5,0.0,0.0,64.84094912024688,48.99924047673181,41906.0,0,0,0,35,SALT LAKE
1626,350721,769.0,1991.3566082000148,0.3861689045715917,448.5,46.0,15.25,387.25,561.5453009117558,41.25,4.75,0.0,15.25,90.25,171.75,27.5,97.75,0.0,0.0,60.29616902077444,52.74913189098143,57188.0,0,0,0,35,SALT LAKE
1627,350722,408.25,907.039050801504,0.45009087496205413,1059.75,89.75,155.0,815.0,1253.121857853018,59.5,30.25,32.75,122.25,130.25,96.0,213.5,375.25,0.0,73.94892169150901,91.17326149746788,28.24967466404123,41809.0,0,0,0,35,SALT LAKE
1628,350723,322.5,801.8338474037716,0.4022030262805828,568.5,70.0,40.0,458.5,644.5757771056936,51.25,18.75,0.0,40.0,74.0,137.5,31.5,215.5,0.0,0.0,53.82616467589091,22.249612429802667,41809.0,0,0,0,35,SALT LAKE
1629,350724,342.5,626.113805406057,0.5470251526843056,1453.0,200.0,42.0,1211.0,1568.944782732961,113.75,86.25,1.0,41.0,167.75,497.25,65.0,481.0,0.0,0.0,92.4451547684582,23.499627964502796,33483.0,0,0,0,35,SALT LAKE
1630,350725,925.25,2131.1993493135783,0.43414521513344434,611.0,47.5,29.0,534.5,745.1984177037954,35.75,11.75,0.0,29.0,178.5,106.5,37.0,212.5,0.0,0.0,70.19940973418647,63.9990079696089,64843.0,0,0,0,35,SALT LAKE
1631,350726,694.0,1631.5699626164555,0.4253571810595678,217.5,0.0,1.0,216.5,304.1534959108734,0.0,0.0,0.0,1.0,10.0,52.0,94.0,60.5,0.0,0.0,38.65423993366674,47.99925597720667,81081.0,714,0,0,35,SALT LAKE
1632,350727,336.0,827.2890819692452,0.40614581688930224,4043.5,139.0,110.0,3794.5,4333.590214526296,86.0,53.0,11.25,98.75,907.75,331.0,1279.0,1276.75,0.0,0.0,267.0905166910794,22.99969783521683,59361.0,0,0,0,35,SALT LAKE
1633,350728,49.0,150.49449206367763,0.3255933112772459,2399.75,154.25,130.0,2115.5,2535.8839653424707,92.75,61.5,14.25,115.75,506.5,229.75,404.5,974.75,0.0,0.0,132.8841204802572,3.249844862213683,41809.0,0,0,0,35,SALT LAKE
1634,350729,0.0,0.0,0.0,8466.0,333.75,43.0,8089.25,8808.767188887807,324.75,9.0,0.0,43.0,134.0,73.5,7715.0,166.75,0.0,0.0,342.7671888878059,0.0,41809.0,0,0,0,35,SALT LAKE
1635,350730,31.75,76.5184161247463,0.41493279145034406,1117.5,536.75,10.5,570.25,1171.7796298244216,146.5,390.25,0.0,10.5,81.0,93.5,0.0,395.75,0.0,0.0,52.02966858765888,2.2499612367625765,39710.0,0,0,0,35,SALT LAKE
1636,350731,217.75,503.47495926221137,0.4324942005439343,298.5,60.25,1.0,237.25,337.9007709001444,0.0,60.25,0.0,1.0,34.25,42.0,68.0,93.0,0.0,0.0,24.40100340726728,14.999767492877083,90223.0,493,0,0,35,SALT LAKE
1637,350732,847.5,1325.895147096135,0.6391908152436668,843.5,32.75,64.0,746.75,970.7139568362662,21.75,11.0,0.0,64.0,138.0,133.5,167.0,308.25,0.0,0.0,69.21485586380814,57.99910097245807,59906.0,0,0,0,35,SALT LAKE
1638,350733,321.75,995.159677218868,0.32331494871172994,0.0,0.0,0.0,0.0,36.02648521343056,0.0,0.0,0.0,0.0,0.0,0.0,0.0,0.0,0.0,0.0,14.026826223877505,21.99965898955305,54880.0,0,0,0,35,SALT LAKE
1639,350734,493.75,1429.444641779398,0.34541386603497376,0.0,0.0,0.0,0.0,55.24027888767973,0.0,0.0,0.0,0.0,0.0,0.0,0.0,0.0,0.0,0.0,21.24080590382501,33.99947298385472,105456.0,0,0,0,35,SALT LAKE
1640,350735,521.25,1685.477438888709,0.3092595533902117,3164.5,255.0,43.25,2866.25,3349.7262800814246,223.25,31.75,3.0,40.25,325.75,58.75,817.25,1664.5,0.0,0.0,149.22683809851972,35.999441982905005,54736.0,0,0,0,35,SALT LAKE
1641,350736,0.0,0.0,0.0,1071.0,123.0,88.0,860.0,1114.3616870160054,65.75,57.25,46.25,41.75,120.25,282.0,92.25,365.5,0.0,0.0,43.36168701600537,0.0,83071.0,0,0,0,35,SALT LAKE
1642,350737,5.0,9.453380737522636,0.5289113110777242,243.5,15.0,90.25,138.25,253.5612098338511,11.75,3.25,6.0,84.25,11.0,22.5,44.0,60.75,0.0,0.0,10.061209833851104,0.0,83071.0,0,0,0,35,SALT LAKE
1643,350738,570.25,1348.1978541583635,0.4229720424499479,2172.0,640.5,146.0,1385.5,2329.2764629733774,517.5,123.0,47.0,99.0,221.75,326.75,214.0,623.0,0.0,0.0,118.27706749189709,38.99939548148042,83071.0,0,0,1464,35,SALT LAKE
1644,350739,614.75,1427.3883464399207,0.4306816722535678,1352.75,195.0,30.0,1127.75,1495.91008517319,86.75,108.25,1.0,29.0,252.75,387.5,153.0,334.5,0.0,0.0,100.91072843036449,42.2493567428256,40099.0,0,899,0,35,SALT LAKE
1645,350740,1092.0,1825.6485279246297,0.5981436094062254,1534.75,312.5,72.5,1149.75,1739.6603727895929,215.75,96.75,0.0,72.5,219.5,191.75,90.0,648.5,0.0,1.8036322360155488,128.1079030891916,74.99883746438542,59543.0,0,0,0,35,SALT LAKE
1646,350741,443.0,1189.3048174422336,0.3724865093481531,1427.0,114.0,61.25,1251.75,1538.6920289425238,62.5,51.5,0.0,61.25,258.5,268.0,101.0,624.25,0.0,0.0,81.19249395628759,30.499534986236224,49716.0,329,0,0,35,SALT LAKE
1647,350742,441.0,887.2833053246494,0.49702276302678977,660.0,114.5,17.25,528.25,734.5746944354297,91.0,23.5,0.0,17.25,53.25,92.25,0.0,382.75,0.0,0.0,44.57515944967554,29.999534985754167,53257.0,0,0,0,35,SALT LAKE
1648,350743,624.0,1974.1006960977645,0.3160932981957154,109.75,1.0,0.0,108.75,184.20701324999536,1.0,0.0,0.0,0.0,14.75,92.0,1.0,1.0,0.0,0.0,31.45767977041443,42.999333479580976,100118.0,482,681,0,35,SALT LAKE
1649,350744,209.0,562.9325164179957,0.37127007928035677,2054.0,210.75,67.75,1775.5,2167.622966488472,134.0,76.75,0.0,67.75,169.75,287.25,888.0,430.5,0.0,0.0,99.37317573234968,14.2497907561217,73990.0,0,0,0,35,SALT LAKE
1650,350745,342.75,917.949217475158,0.3733866683199996,250.25,9.0,28.5,212.75,300.2587014507685,7.5,1.5,0.0,28.5,42.5,66.5,50.0,53.75,0.0,0.0,26.009073462165198,23.999627988603336,73990.0,527,0,0,35,SALT LAKE
1651,350746,415.0,1235.6081560898692,0.3358669963083474,1544.5,384.75,71.75,1088.0,1654.081501263798,253.25,131.5,0.0,71.75,258.5,131.0,190.0,508.5,0.0,0.0,80.83195854033877,28.749542723459275,51572.0,0,0,0,35,SALT LAKE
1652,350747,602.0,1547.305315926581,0.38906348592197604,379.75,26.75,10.0,343.0,470.4992533252794,8.25,18.5,0.0,10.0,38.75,24.5,107.0,172.75,0.0,0.0,49.49988108197896,41.249372243300456,96932.0,0,0,0,35,SALT LAKE
1653,350748,696.2499997800014,1206.0544577978387,0.5772956563265804,815.7499997422422,21.2499999932855,38.499999987834904,755.9999997611218,928.2164770785637,14.49999999541834,6.7499999978671585,11.999999996208283,26.499999991626623,137.49999995655324,434.2499998627872,35.99999998862485,148.24999995315648,0.0,0.0,64.71721361191469,47.749263724406724,57679.0,496,0,2210,35,SALT LAKE
1654,350749,499.0,1435.6321737525936,0.3475820681112668,16.0,0.0,10.0,6.0,70.85056308287415,0.0,0.0,2.0,8.0,2.75,0.0,0.0,3.25,0.0,0.0,20.851090099019416,33.99947298385472,88816.0,0,0,0,35,SALT LAKE
1655,350750,11.0,22.25083963003318,0.4943633670862782,39.0,0.0,0.0,39.0,42.02436217904159,0.0,0.0,0.0,0.0,1.0,1.0,0.0,37.0,0.0,0.0,2.024377679516448,0.999984499525139,55874.0,0,0,0,35,SALT LAKE
1656,350751,235.5,762.4146849263373,0.30888701995916235,39.25,4.0,4.0,31.25,68.62360485391645,4.0,0.0,0.0,4.0,0.0,26.0,0.0,5.25,0.0,0.0,13.373852861514216,15.999751992402224,54736.0,361,0,0,35,SALT LAKE
1657,350752,12.0,31.688969352558065,0.3786806653915777,387.5,22.0,192.75,172.75,404.67473375924754,21.0,1.0,117.0,75.75,17.5,5.25,0.25,149.75,0.0,0.0,16.174749259722446,0.999984499525139,50488.0,0,0,0,35,SALT LAKE
1658,350753,13.75,43.04904144351624,0.3194031629726551,456.5,54.25,253.25,149.0,476.29450647346783,29.25,25.0,145.5,107.75,23.0,23.75,27.0,75.25,0.0,0.0,19.044529736712413,0.7499767367553828,50488.0,0,0,0,35,SALT LAKE
1659,350754,745.25,1750.5570014975217,0.4257216413761292,1928.25,617.25,65.75,1245.25,2210.990873344618,491.25,126.0,0.0,65.75,195.5,240.5,51.0,758.25,0.0,0.0,231.4917647983439,51.24910854627458,50488.0,367,0,0,35,SALT LAKE
1660,350755,375.75,988.9446371839368,0.3799504905248939,3550.25,2649.25,52.0,849.0,3820.431243502952,1841.75,807.5,7.5,44.5,161.25,104.75,193.0,390.0,0.0,0.0,244.43274851292412,25.748494990027822,84106.0,0,0,0,35,SALT LAKE
1661,350756,800.25,1521.9441338939698,0.5258077364196809,1408.5,137.25,88.5,1182.75,1554.6765275159723,13.25,124.0,30.5,58.0,517.5,126.25,223.0,316.0,0.0,0.0,91.17738004208977,54.99914747388264,51537.0,437,0,0,35,SALT LAKE
1662,350757,246.25,718.785952880764,0.34259155874300906,438.75,16.0,9.0,413.75,489.9832478991343,12.75,3.25,0.0,9.0,27.75,33.25,262.0,90.75,0.0,0.0,34.23351140720688,16.99973649192736,84106.0,0,0,0,35,SALT LAKE
1663,350758,350.75,1173.7018971461384,0.2988407881531505,2856.0,331.0,116.0,2409.0,3012.082201710912,184.5,146.5,23.25,92.75,623.75,372.25,275.0,1138.0,0.0,0.0,132.08257372230906,23.999627988603336,84441.0,0,0,0,35,SALT LAKE
1664,350759,594.9999832646811,1254.814537305606,0.4741736452482386,1100.4999690466916,112.74999682872738,23.249999346056864,964.4999728719073,1212.950276975026,45.24999872727196,67.49999810145542,3.999999887493654,19.24999945856321,171.74999516925877,67.49999810145542,190.999994627822,534.2499849733712,0.0,1.8036321852855306,69.6473124156907,40.99936332735853,62954.0,0,0,0,35,SALT LAKE
1665,350760,778.7499977463568,1789.215184967028,0.43524669603153837,380.49999889886203,36.249999895095264,17.249999950079815,326.9999990536869,489.68436737242916,31.99999990739444,4.249999987700824,3.999999988424305,13.24999996165551,121.74999964766478,19.999999942121526,63.99999981478888,121.24999964911174,0.0,0.0,55.685135806936806,53.49923266663035,98114.0,0,0,0,35,SALT LAKE
1666,350761,371.0,752.5909774519587,0.4929636563755943,0.0,0.0,0.0,0.0,41.02047936966565,0.0,0.0,0.0,0.0,0.0,0.0,0.0,0.0,0.0,0.0,15.020882382012044,25.99959698765361,55874.0,0,0,0,35,SALT LAKE
1667,350762,243.5,494.5341790295957,0.4923825497315679,0.0,0.0,0.0,0.0,31.358513019397595,0.0,0.0,0.0,0.0,0.0,0.0,0.0,0.0,0.0,0.0,14.358776527470232,16.99973649192736,55874.0,0,0,0,35,SALT LAKE
1668,350763,136.25,444.00858241073615,0.30686343777463315,534.5,48.75,301.25,184.5,579.9052849488171,45.0,3.75,148.25,153.0,71.75,19.75,0.0,93.0,0.0,0.0,35.90566506233158,9.499619886485515,51755.0,0,0,0,35,SALT LAKE
1669,350764,723.5,1519.262257958877,0.47621797764661083,546.5,85.0,27.0,434.5,777.4152346119496,61.5,23.5,5.75,21.25,59.75,86.25,9.5,279.0,0.0,0.0,181.41582337259055,49.49941123935905,60198.0,0,0,0,35,SALT LAKE
1670,350765,530.2500007915478,1186.0797432224954,0.44706100396833,173.50000025899774,2.0000000029855647,2.500000003731956,169.00000025228022,239.49240181061535,2.0000000029855647,0.0,0.0,2.500000003731956,108.50000016196688,8.000000011942259,13.000000019406171,39.5000000589649,0.0,0.0,29.49295951374486,36.49944203787278,58042.0,0,0,0,35,SALT LAKE
1671,350766,380.25,887.7095213719764,0.4283495792771429,437.25,54.0,9.5,373.75,513.3483644958869,41.0,13.0,0.0,9.5,68.0,57.25,93.0,155.5,0.0,0.0,50.09876750823332,25.99959698765361,73178.0,0,0,0,35,SALT LAKE
1672,350767,459.0,1136.160976017462,0.4039920483881727,342.5,38.25,26.0,278.25,423.1997642033584,30.5,7.75,8.5,17.5,29.25,36.75,146.25,66.0,0.0,0.0,48.95025245626631,31.74951174709215,56575.0,0,0,0,35,SALT LAKE
1673,350768,497.5,1492.4954292471489,0.33333435416345036,72.0,0.0,0.0,72.0,142.05746997195126,0.0,0.0,0.0,0.0,0.0,72.0,0.0,0.0,0.0,0.0,36.05799698809653,33.99947298385472,81339.0,650,0,0,35,SALT LAKE
1674,350769,332.25,1156.8439899078749,0.2872038087231267,480.5,59.5,229.5,191.5,544.6418239685391,34.5,25.0,214.5,15.0,41.25,24.5,52.0,73.75,0.0,0.0,41.14218047946099,22.9996434890782,110709.0,0,0,0,35,SALT LAKE
1675,350770,326.75,967.5781037564856,0.3376988366432014,34.0,0.0,0.0,34.0,78.35569161065843,0.0,0.0,0.0,0.0,0.0,34.0,0.0,0.0,0.0,0.0,22.10604038339307,22.249651227265357,166479.0,587,0,0,35,SALT LAKE
1676,350771,281.75,663.3400496426406,0.42474444314313065,392.5,14.0,2.5,376.0,442.3502689000164,9.75,4.25,0.0,2.5,7.5,311.75,13.5,43.25,0.0,1.8036322360155488,28.54691564748374,19.49972101651715,62094.0,0,0,1574,35,SALT LAKE
1677,350772,447.5,1376.6315192597208,0.32506883195631153,40.25,12.0,1.0,27.25,92.50013758443052,11.5,0.5,0.0,1.0,0.5,2.0,0.0,24.75,0.0,0.0,21.250618099151204,30.999519485279308,117566.0,563,0,0,35,SALT LAKE
1678,350773,507.0,1129.546591808314,0.44885266679290625,36.0,0.0,0.0,36.0,96.23427372843952,0.0,0.0,0.0,0.0,0.0,18.0,0.0,18.0,0.0,0.0,25.23481624505967,34.999457483379864,91816.0,0,0,0,35,SALT LAKE
1679,350774,212.75,602.7790728957386,0.3529485504165784,20.0,0.0,0.0,20.0,58.17298004384499,0.0,0.0,0.0,0.0,9.0,0.0,0.0,11.0,0.0,0.0,23.42322031373766,14.749759730107328,99320.0,0,0,0,35,SALT LAKE
1680,350775,483.25,1063.6064303240378,0.4543503933619255,461.25,142.75,48.5,270.0,550.7336520420706,100.0,42.75,31.25,17.25,104.25,50.5,11.75,103.5,0.0,0.0,55.9842178797792,33.49943416229149,121637.0,0,0,0,35,SALT LAKE
1681,350776,588.75,1493.503032390614,0.39420743529231556,220.0,26.5,15.75,177.75,341.9892870504004,10.75,15.75,7.0,8.75,77.25,5.75,13.5,81.25,0.0,0.0,81.48990706891274,40.499379981487614,129537.0,0,0,0,35,SALT LAKE
1682,350777,213.5,601.8882921045633,0.3547169845312585,0.0,0.0,0.0,0.0,23.64389235920156,0.0,0.0,0.0,0.0,0.0,0.0,0.0,0.0,0.0,0.0,8.644124866324475,14.999767492877083,99320.0,0,0,0,35,SALT LAKE
1683,350778,472.0,1379.8017939907313,0.34207811734673726,82.0,0.25,0.0,81.75,141.17984362669313,0.25,0.0,0.0,0.0,10.5,43.25,0.0,28.0,0.0,0.0,26.93040172669653,32.2494418999966,68371.0,528,113,0,35,SALT LAKE
1684,350779,497.0,1377.8480287147202,0.36070741449157495,750.5,178.5,17.5,554.5,862.7549883433269,67.0,111.5,2.5,15.0,127.75,67.25,83.75,275.75,0.0,0.0,78.25551535947218,33.99947298385472,92545.0,0,0,0,35,SALT LAKE
1685,350780,744.0,1517.4918240742631,0.4902827074233977,599.5,99.5,63.25,436.75,714.8996772993389,63.75,35.75,9.75,53.5,64.5,62.5,142.75,167.0,0.0,0.0,64.4004678471754,50.9992094521636,69155.0,0,0,0,35,SALT LAKE
1686,350781,444.5,920.3174313329216,0.4829855274567799,1222.75,200.25,21.75,1000.75,1344.7520905041854,111.25,89.0,2.0,19.75,179.5,341.25,157.0,323.0,0.0,0.0,91.50267968804695,30.49941081613847,43977.0,0,895,0,35,SALT LAKE
1687,350782,350.5,1021.5647875322412,0.3431010977254715,0.0,0.0,0.0,0.0,43.94067639595985,0.0,0.0,0.0,0.0,0.0,0.0,0.0,0.0,0.0,0.0,19.94104840735651,23.999627988603336,142825.0,0,0,0,35,SALT LAKE
1688,350783,905.5,2127.387629607324,0.4256394027106091,1274.0,74.5,29.5,1170.0,1425.741652840141,32.25,42.25,1.0,28.5,177.25,466.75,65.0,461.0,0.0,0.0,89.7426138695821,61.999038970558615,74779.0,380,620,0,35,SALT LAKE
1689,350784,940.0,1928.198278287476,0.48750173184204815,494.5,106.75,8.75,379.0,641.9882425175308,76.75,30.0,0.75,8.0,61.5,64.75,62.75,190.0,0.0,5.410896709398603,77.32839992284914,64.74894588528309,47369.0,0,0,0,35,SALT LAKE
1690,350785,167.75,385.9654780185193,0.43462436293836376,420.25,48.5,19.0,352.75,522.5495658981324,28.5,20.0,0.0,19.0,68.0,80.0,28.5,176.25,0.0,0.0,90.54956564892515,11.750000249207265,66454.0,0,0,0,35,SALT LAKE
1691,350786,178.75,507.6022806971961,0.35214577790014134,109.5,6.75,3.75,99.0,133.67042703471802,4.5,2.25,1.0,2.75,25.75,21.75,8.0,43.5,0.0,0.0,12.17061304041634,11.999813994301668,97142.0,0,0,0,35,SALT LAKE
1692,350787,288.5,920.4222243979084,0.3134431050800859,0.0,0.0,0.0,0.0,33.43060977420583,0.0,0.0,0.0,0.0,0.0,0.0,0.0,0.0,0.0,0.0,13.430919783703049,19.99968999050278,93777.0,0,0,0,35,SALT LAKE
1693,350788,333.75,960.0470780755592,0.34763920189102715,12.0,5.0,0.0,7.0,48.99810888033049,0.0,5.0,0.0,0.0,0.0,0.0,7.0,0.0,0.0,0.0,13.9984653912523,22.9996434890782,125952.0,0,0,0,35,SALT LAKE
1694,350789,523.75,1515.698956869503,0.345550148745727,84.75,0.0,0.75,84.0,152.13587630240565,0.0,0.0,0.75,0.0,6.0,51.75,0.0,26.25,0.0,0.0,31.386434319500637,35.999441982905005,111706.0,512,0,0,35,SALT LAKE
1695,350790,292.2500030650113,707.3577772065837,0.4131572628198583,399.50000418981017,11.75000012322971,211.2500022155129,176.50000185106757,448.7569843887518,0.0,11.75000012322971,203.0000021289899,8.250000086522988,14.750000154692616,73.75000077346309,10.00000010487635,78.00000081803553,0.0,0.0,29.257289998689377,19.99969020025223,138546.0,0,0,0,35,SALT LAKE
1696,350791,557.749996590132,1185.2174547125962,0.4705887467084097,244.74999850369306,20.49999987467092,26.49999983798924,197.7499987910329,330.74251964907165,15.749999903710586,4.749999970960335,7.749999952619494,18.749999885369746,5.499999966375125,7.2499999556763015,137.9999991563213,46.99999971266016,0.0,0.0,47.743102634495706,38.249418510882876,63565.0,0,0,0,35,SALT LAKE
1697,350792,272.25,789.089464660373,0.3450179126611168,942.0,240.0,58.0,644.0,1043.4125387595077,166.75,73.25,30.75,27.25,49.75,133.25,50.0,411.0,0.0,0.0,82.91276342143448,18.499775338073192,97142.0,447,0,0,35,SALT LAKE
1698,350793,250.0,717.6129171344709,0.3483772296049033,258.5,24.25,8.25,226.0,297.83742090322085,12.75,11.5,4.25,4.0,46.5,35.25,1.0,143.25,0.0,0.0,22.087692173581186,17.24972872963966,125952.0,0,0,0,35,SALT LAKE
1699,350794,100.5,286.6074991067484,0.35065376974860063,95.0,82.0,1.0,12.0,109.91528398448902,0.0,82.0,0.0,1.0,0.0,0.0,0.0,12.0,0.0,0.0,7.915392487813047,6.999891496675973,125952.0,0,0,0,35,SALT LAKE
1700,350795,7.75,19.93996031468744,0.3886667715327136,4289.0,292.75,422.75,3573.5,4463.463210688326,32.0,260.75,351.5,71.25,1096.5,206.75,227.0,2043.25,0.0,0.0,173.96322618928315,0.4999844990430842,149495.0,0,0,0,35,SALT LAKE
1701,350796,1189.25,3318.0004447885167,0.35842370119869005,81.5,14.5,7.0,60.0,214.6995284008238,14.5,0.0,0.0,7.0,4.0,45.5,1.0,9.5,0.0,0.0,51.45077617603573,81.74875222478806,80566.0,467,0,0,35,SALT LAKE
1702,350797,0.0,0.0,0.0,1010.75,50.25,272.5,688.0,1051.6720196364026,11.0,39.25,99.5,173.0,91.0,148.0,18.0,431.0,0.0,0.0,40.92201963640257,0.0,55718.0,366,89,0,35,SALT LAKE
1703,350798,383.5,1235.2823694587528,0.3104553335186295,312.25,72.25,10.5,229.5,366.668912781388,45.5,26.75,0.0,10.5,31.75,62.25,1.0,134.5,0.0,0.0,28.16930803096467,26.24960475042337,48875.0,0,0,0,35,SALT LAKE
1704,350799,615.0,2060.9669794941174,0.2984036164184237,0.0,0.0,0.0,0.0,67.14938049211003,0.0,0.0,0.0,0.0,0.0,0.0,0.0,0.0,0.0,0.0,24.90002374928443,42.2493567428256,98904.0,0,0,0,35,SALT LAKE
1705,350800,1691.0,5016.560680643974,0.337083533450437,74.25,26.75,18.0,29.5,261.7188564779407,4.0,22.75,0.0,18.0,0.0,2.5,0.0,27.0,0.0,0.0,71.47065453302454,115.99820194491612,76350.0,0,0,0,35,SALT LAKE
1706,350801,1283.0,2619.03720606644,0.48987467494856685,1022.0,36.0,40.0,946.0,1203.323298457543,21.5,14.5,0.0,40.0,342.0,137.75,17.0,449.25,0.0,0.0,93.32466249933076,87.99863595821222,48568.0,0,0,0,35,SALT LAKE
1707,350802,446.0,1529.830884359863,0.29153549229503406,0.0,0.0,0.0,0.0,49.05696838656603,0.0,0.0,0.0,0.0,0.0,0.0,0.0,0.0,0.0,0.0,18.057448901286715,30.999519485279308,50508.0,0,0,0,35,SALT LAKE
1708,350803,408.75,1405.6213491711776,0.29079666457899117,0.0,0.0,0.0,0.0,44.5488529590545,0.0,0.0,0.0,0.0,0.0,0.0,0.0,0.0,0.0,0.0,16.549286972350615,27.99956598670389,76385.0,0,0,0,35,SALT LAKE
1709,350804,337.0,1039.4743399745207,0.3242023271187824,20.5,0.25,0.0,20.25,57.97374767430614,0.25,0.0,0.0,0.0,0.0,1.0,19.0,0.25,0.0,0.0,14.474104185227946,22.9996434890782,104764.0,0,0,0,35,SALT LAKE
1710,350805,344.0,1184.062692375811,0.2905251573375453,0.0,0.0,0.0,0.0,37.9273464236765,0.0,0.0,0.0,0.0,0.0,0.0,0.0,0.0,0.0,0.0,13.927718435073162,23.999627988603336,111155.0,0,0,0,35,SALT LAKE
1711,350806,209.0,680.597694492224,0.30708302671511306,1297.75,307.25,57.0,933.5,1375.2550563984091,194.0,113.25,0.0,57.0,118.0,196.75,8.0,610.75,0.0,0.0,63.50527340505709,13.999782993351946,93494.0,0,0,0,35,SALT LAKE
1712,350807,822.0,2007.0884410301612,0.4095484699110215,380.25,70.5,19.0,290.75,485.9248836571876,64.75,5.75,0.0,19.0,51.0,57.25,74.0,108.5,0.0,0.0,48.67576718425464,56.999116472932926,59644.0,0,0,0,35,SALT LAKE
1713,350808,317.75,800.8329960605007,0.3967743606508377,63.5,12.0,0.0,51.5,100.93557041295888,12.0,0.0,0.0,0.0,0.0,1.0,29.0,21.5,0.0,0.0,15.435911423405813,21.99965898955305,65595.0,0,0,0,35,SALT LAKE
1714,350809,549.25,1460.8164603336515,0.37598837014374203,0.0,0.0,0.0,0.0,263.49421135017013,0.0,0.0,0.0,0.0,0.0,0.0,0.0,0.0,2.01957585644372,0.0,223.724921682273,37.74971381145342,79063.0,0,0,0,35,SALT LAKE
1715,350810,11.75,28.8574926518695,0.4071732822303531,0.0,0.0,0.0,0.0,1.2257316795515638,0.0,0.0,0.0,0.0,0.0,0.0,0.0,0.0,0.0,0.0,0.475754966414668,0.7499767131368957,99326.0,0,0,0,35,SALT LAKE
1716,350811,205.0,650.8141145968228,0.3149900953315937,63.75,0.0,0.0,63.75,92.66104599246611,0.0,0.0,0.0,0.0,0.0,63.75,0.0,0.0,3.02936378466558,0.0,11.381883688909085,14.499798518891458,99326.0,723,0,0,35,SALT LAKE
1717,350812,14.0,48.69008885926897,0.287532849661967,199.25,160.0,14.5,24.75,209.38909675525252,5.0,155.0,1.25,13.25,0.75,3.25,0.0,20.75,0.5048939641109299,0.0,8.634218291616502,0.999984499525139,99326.0,0,0,0,35,SALT LAKE
1718,350813,465.0,1654.7762908760087,0.28100475125482816,62.0,0.0,0.0,62.0,115.3364447269078,0.0,0.0,0.0,0.0,0.0,62.0,0.0,0.0,0.0,0.0,21.33694074210336,31.99950398480445,99326.0,666,0,0,35,SALT LAKE
1719,350814,688.0,2452.5066819768704,0.28052930703757756,0.0,0.0,0.0,0.0,74.85470834782785,0.0,0.0,0.0,0.0,0.0,0.0,0.0,0.0,0.0,0.0,27.85543687014632,46.99927147768153,99326.0,0,0,0,35,SALT LAKE
1720,350815,535.0,1444.4428700943486,0.3703850190800933,123.75,26.0,12.25,85.5,187.4206454384775,17.0,9.0,0.0,12.25,14.0,16.75,0.0,54.75,0.0,0.0,26.671218956047348,36.99942648243014,55718.0,0,0,0,35,SALT LAKE
1721,350816,0.0,0.0,0.0,5850.25,3132.5,88.75,2629.0,6087.111902200996,1825.0,1307.5,38.5,50.25,635.5,232.25,309.0,1452.25,0.0,0.0,236.8619022009958,0.0,83407.0,0,0,0,35,SALT LAKE
1722,350817,720.0,2494.819951637734,0.28859798059870145,292.0,15.5,5.0,271.5,382.9725981502733,14.5,1.0,1.0,4.0,5.5,89.5,165.0,11.5,0.0,0.0,40.97337317401636,49.99922497625695,80953.0,616,0,0,35,SALT LAKE
1723,350818,691.75,2394.8459183761297,0.28884948075033323,367.0,80.75,9.75,276.5,457.8649834603453,40.25,40.5,0.0,9.75,32.0,80.75,20.0,143.75,0.0,0.0,42.86572748313869,47.99925597720667,75377.0,560,0,0,35,SALT LAKE
1724,350819,740.0,1702.8843583370062,0.43455681319585626,196.0,35.25,2.25,158.5,284.89543917391904,26.25,9.0,1.0,1.25,5.25,75.75,50.0,27.5,0.0,0.0,37.896229698136985,50.99920947578209,96192.0,494,0,0,35,SALT LAKE
1725,350820,980.75,2568.053897288636,0.3819039783532116,1553.0,341.25,61.75,1150.0,1728.083155037191,179.0,162.25,0.0,61.75,124.75,340.25,129.0,556.0,0.0,0.0,107.33427117839008,67.74888385880107,58791.0,246,1094,0,35,SALT LAKE
1726,350821,1175.75,2866.1867356109638,0.41021402597112155,1471.0,423.0,86.75,961.25,1687.410257533005,300.0,123.0,9.0,77.75,112.25,208.0,191.0,450.0,0.0,0.0,135.66155965531962,80.74869787768533,77187.0,515,0,0,35,SALT LAKE
1727,350822,739.4999980862318,1859.4275704509332,0.3977030403539162,1111.2499971241718,284.74999926308925,61.74999984019583,764.7499980208868,1237.1818192238643,130.2499996629232,154.49999960016606,4.749999987707371,56.99999985248845,132.9999996558064,273.49999929220337,1.9999999948241562,356.24999907805284,0.0,0.0,74.93261275589238,50.99920934380012,65595.0,0,0,0,35,SALT LAKE
1728,350823,831.0,2817.708442974969,0.29492050608423515,44.0,15.0,11.5,17.5,144.97294857191753,15.0,0.0,8.25,3.25,1.25,4.0,0.0,12.25,5.048939641109299,0.0,38.67500888882177,57.24900004198644,79063.0,0,0,0,35,SALT LAKE
1729,350824,790.0,2534.817712624312,0.3116594917518184,0.0,0.0,0.0,0.0,86.99411823893925,0.0,0.0,0.0,0.0,0.0,0.0,0.0,0.0,1.0097879282218598,0.0,31.98516733635988,53.9991629743575,98769.0,0,0,0,35,SALT LAKE
1730,350825,321.0,1024.411368952701,0.31335068091656565,713.0,498.25,52.25,162.5,778.1239639832629,259.25,239.0,0.25,52.0,21.0,21.5,17.0,103.0,1.0097879282218598,0.0,41.86450930271826,22.249666752322813,99326.0,0,0,0,35,SALT LAKE
1731,350826,855.5,2491.558604961314,0.3433593728425598,0.0,0.0,0.0,0.0,94.13730777805088,0.0,0.0,0.0,0.0,0.0,0.0,0.0,0.0,0.0,0.0,35.38819904234099,58.74910873570988,97427.0,0,0,0,35,SALT LAKE
1732,350827,628.75,1861.185523740185,0.33782231377798494,81.0,0.0,0.0,81.0,152.98603924068416,0.0,0.0,0.0,0.0,0.0,81.0,0.0,0.0,0.0,0.0,28.736697998333437,43.24934124235073,97427.0,1150,0,0,35,SALT LAKE
1733,350828,482.5,1393.3492583862517,0.3462879081435917,620.5,80.25,48.25,492.0,705.9083186879283,55.75,24.5,8.25,40.0,66.5,151.0,0.0,274.5,0.0,0.0,52.40883020359863,32.99948848432959,97427.0,577,227,0,35,SALT LAKE
1734,350829,863.0,2025.5867617700949,0.42604938790469393,360.75,101.75,13.0,246.0,476.79545440544814,35.5,66.25,6.0,7.0,29.5,125.25,7.0,84.25,0.0,0.0,57.04636893346493,58.9990854719832,100890.0,0,1361,0,35,SALT LAKE
1735,350830,508.0,2307.196770836139,0.22018061329719113,85.75,18.5,1.0,66.25,144.78772077234,18.0,0.5,0.0,1.0,0.5,64.25,0.0,1.5,0.0,0.0,24.038263288960152,34.999457483379864,102819.0,781,0,0,35,SALT LAKE
1736,350831,136.75,364.8139950810053,0.37484855801553135,32.5,9.75,0.0,22.75,48.35234620840384,9.75,0.0,0.0,0.0,2.0,3.25,7.0,10.5,0.0,0.0,6.852485712677588,8.999860495726251,55718.0,0,0,0,35,SALT LAKE
1737,350832,1.0,1.0,1.0,1794.75,106.75,929.0,759.0,1867.4543459474523,71.75,35.0,280.25,648.75,137.0,176.5,7.0,438.5,0.0,0.0,72.7043459474523,0.0,79444.0,0,0,0,35,SALT LAKE
1738,350833,465.5,1503.3893205505788,0.30963370142174634,414.25,65.75,20.25,328.25,481.8688522042259,24.75,41.0,0.0,20.25,41.5,44.0,145.0,97.75,0.0,0.0,35.619348219421425,31.99950398480445,72021.0,0,0,0,35,SALT LAKE
1739,350834,684.0,1701.2634165488334,0.4020541400858168,416.75,50.0,107.5,259.25,508.31510881842064,12.0,38.0,7.75,99.75,5.25,151.25,43.0,59.75,0.0,0.0,44.56583734073908,46.99927147768153,54164.0,1207,0,0,35,SALT LAKE
1740,350835,479.0,1100.608889559333,0.43521363905372806,459.75,73.5,160.5,225.75,542.0097839020905,67.0,6.5,112.75,47.75,20.25,22.25,0.0,183.25,0.0,0.0,49.260295417760894,32.99948848432959,67567.0,0,0,0,35,SALT LAKE
1741,350836,713.0,2097.7908444632503,0.339881357515616,927.75,219.0,104.0,604.75,1043.179071293968,174.0,45.0,0.0,104.0,117.75,295.5,25.0,166.5,0.0,0.0,66.42983081723621,48.99924047673181,74159.0,0,896,1795,35,SALT LAKE
1742,350837,477.0,1296.2010347114167,0.3679984718621971,593.75,69.75,36.75,487.25,671.3510252552231,35.25,34.5,7.0,29.75,77.5,127.25,6.0,276.5,0.0,0.0,44.60153677089354,32.99948848432959,66291.0,0,0,0,35,SALT LAKE
1743,350838,112.0,294.3637894713099,0.380481580975557,719.5,70.25,48.5,600.75,778.9283631842809,32.0,38.25,0.0,48.5,17.5,429.25,8.0,146.0,0.0,0.0,51.42809904138003,8.00026414290083,66291.0,0,0,0,35,SALT LAKE
1744,350839,90.75000049058644,274.7470538602738,0.3303038166033931,1008.25000545051,164.75000089062388,175.00000094603448,668.5000036138517,1226.2294178761958,119.25000064465492,45.50000024596896,45.25000024461748,129.75000070141698,29.75000016082586,332.750001798817,0.0,306.00000165420886,0.0,0.0,211.729264793221,6.250147632464862,57444.0,0,0,0,35,SALT LAKE
1745,350840,175.9999987421916,521.232435825321,0.3376612556037743,28.4999997963208,1.2499999910667017,6.74999995176019,20.499999853493907,153.30242188228038,0.9999999928533614,0.24999999821334035,0.0,6.74999995176019,2.4999999821334034,10.499999924960294,0.0,7.4999999464002105,1.0097879210052705,0.0,111.79269626177515,11.99993790317915,81590.0,0,0,0,35,SALT LAKE
1746,350841,857.25,3085.853309885266,0.27779998396355177,170.0,0.0,0.0,170.0,270.5899855149516,0.0,0.0,0.0,0.0,0.0,169.75,0.0,0.25,0.0,0.0,41.59090004296836,58.9990854719832,97427.0,954,1433,0,35,SALT LAKE
1747,350842,512.0,1902.416264278267,0.269131424922001,0.0,0.0,0.0,0.0,56.73887284985016,0.0,0.0,0.0,0.0,0.0,0.0,0.0,0.0,1.0097879282218598,0.0,20.72962743824843,34.999457483379864,97427.0,0,0,0,35,SALT LAKE
1748,350843,241.25,699.7220581198675,0.34477975533347,0.0,0.0,0.0,0.0,26.767174541301163,0.0,0.0,0.0,0.0,0.0,0.0,0.0,0.0,0.0,0.0,9.7674380493738,16.99973649192736,97427.0,0,0,0,35,SALT LAKE
1749,350844,762.9999991165688,2553.758638156773,0.29877529838421985,69.99999991895126,0.0,0.0,69.99999991895126,156.7253104341137,0.0,0.0,0.0,0.0,0.999999998842161,64.99999992474046,3.999999995368644,0.0,0.0,0.0,33.726132101694596,52.999178413467845,92040.0,565,0,0,35,SALT LAKE
1750,350845,793.0000006543606,2789.0864666631933,0.28432248699807783,0.0,0.0,0.0,0.0,87.10577754289068,0.0,0.0,0.0,0.0,0.0,0.0,0.0,0.0,0.0,0.0,32.10663002362433,54.99914751926634,92196.0,0,0,0,35,SALT LAKE
1751,350846,670.5,2165.455159772847,0.30963467286495766,4.0,0.0,4.0,0.0,77.30807864064748,0.0,0.0,3.0,1.0,0.0,0.0,0.0,0.0,0.0,0.0,27.30879166249109,45.99928697815639,54519.0,0,0,0,35,SALT LAKE
1752,350847,225.25,610.5908752551657,0.368904956049119,126.25,5.75,4.25,116.25,161.9814948210379,3.5,2.25,0.0,4.25,12.75,82.75,0.0,20.75,0.0,0.0,19.98178941248663,15.749705408551293,81365.0,573,0,0,35,SALT LAKE
1753,350848,406.5,1115.5322968752648,0.3644000278061456,187.0,7.0,13.75,166.25,255.7732374944102,4.5,2.5,0.0,13.75,39.5,86.75,0.0,40.0,0.0,0.0,40.77394319116252,27.999294303247694,81365.0,0,0,163,35,SALT LAKE
1754,350849,708.7500020033526,2801.4054639426367,0.2529980080091203,1199.5000033905064,78.75000022259474,289.50000081830063,831.2500023496111,1349.4940074089614,69.5000001964487,9.250000026146049,123.75000034979173,165.75000046850892,104.25000029467303,126.00000035615157,130.00000036745797,471.0000013313285,0.0,0.0,100.99460041204263,48.99940360641244,57444.0,0,0,0,35,SALT LAKE
1755,350850,28.5,90.14451791636463,0.31615899290117755,61.0,0.0,0.0,61.0,71.15416603103183,0.0,0.0,0.0,0.0,0.0,61.0,0.0,0.0,3.02936378466558,0.0,5.124856543339698,1.99994570302656,97427.0,0,0,0,35,SALT LAKE
1756,350851,265.0,985.0537363221234,0.26902085665846565,345.5,8.25,14.75,322.5,389.2273195445276,6.0,2.25,0.0,14.75,35.75,33.5,202.0,51.25,1.0097879282218598,0.0,24.71781062485328,17.999720991452502,97427.0,0,0,0,35,SALT LAKE
1757,350852,0.0,0.0,0.0,7.0,1.25,2.5,3.25,7.283335998835873,1.25,0.0,0.0,2.5,0.0,1.0,0.0,2.25,0.0,0.0,0.2833359988358732,0.0,56502.0,0,0,0,35,SALT LAKE
1758,350853,383.0,1226.8129722524884,0.3121910255780825,316.5,29.0,0.0,287.5,370.8206854255959,0.0,29.0,0.0,0.0,1.0,278.5,0.0,8.0,0.0,0.0,28.321088437942294,25.99959698765361,72694.0,676,0,2749,35,SALT LAKE
1759,350854,5.0,14.375699691694315,0.3478091576223447,823.0,80.0,378.5,364.5,857.5338232679808,75.5,4.5,40.25,338.25,16.75,68.75,0.0,279.0,1.0097879282218598,0.0,33.52403533975891,0.0,79444.0,0,0,0,35,SALT LAKE
1760,350855,1326.5,4071.012832795741,0.3258402895008894,2296.75,201.75,110.25,1984.75,2588.9515518315225,111.5,90.25,0.0,110.25,228.75,271.5,992.25,492.25,0.0,0.0,201.2024966263661,90.99905520515615,71395.0,0,0,414,35,SALT LAKE
1761,350856,318.75,841.211148517568,0.3789179453478715,516.0,39.5,258.25,218.25,576.2968308341586,32.5,7.0,238.5,19.75,34.25,46.0,36.0,102.0,0.0,0.0,38.29717184460554,21.99965898955305,71395.0,0,0,0,35,SALT LAKE
1762,350857,56.0,156.31998670112918,0.3582395391772093,456.75,136.75,13.75,306.25,481.50997636074527,96.25,40.5,0.0,13.75,31.0,91.0,12.0,172.25,0.0,0.0,20.760038362644707,3.999937998100556,73487.0,0,0,0,35,SALT LAKE
1763,350858,227.75,620.8261797550815,0.3668498646269207,1812.0,425.25,70.5,1316.25,1910.5845048488368,337.5,87.75,0.0,70.5,216.5,312.0,199.0,588.75,0.0,0.0,82.58475285643489,15.999751992402224,81365.0,0,0,0,35,SALT LAKE
1764,350859,478.0,1303.0615728690996,0.36682840623373825,2208.5,558.5,104.25,1545.75,2350.269813169995,272.25,286.25,3.0,101.25,404.0,362.5,68.0,711.25,0.0,0.0,108.77032468566516,32.99948848432959,58827.0,0,0,0,35,SALT LAKE
1765,350860,450.99999780351544,1329.7374943734196,0.3391646845425152,370.24999819678845,7.249999964690659,14.749999928163755,348.24999830393403,460.51050678718616,7.249999964690659,0.0,0.0,14.749999928163755,118.24999942409247,86.24999957994059,0.0,143.749999299901,1.0097879233039362,0.0,58.25118580773256,30.999534859361155,81590.0,719,0,0,35,SALT LAKE
1766,350861,198.5,477.4424512768416,0.4157569136744005,212.25,13.0,98.75,100.5,534.7035921176681,8.0,5.0,84.25,14.5,8.0,36.75,0.0,55.75,7.068515497553019,0.0,301.3846337324952,14.000442887619894,76192.0,0,0,0,35,SALT LAKE
1767,350862,390.5,1216.733521805787,0.3209412685700057,2236.75,38.0,1598.25,600.5,2379.130884413829,30.0,8.0,459.75,1138.5,115.0,137.25,2.0,346.25,1.0097879282218598,0.0,114.37151499842815,26.99958148717875,56502.0,0,0,0,35,SALT LAKE
1768,350863,555.25,1330.1301511456522,0.4174403531276684,0.0,0.0,0.0,0.0,506.2578334044291,0.0,0.0,0.0,0.0,0.0,0.0,0.0,0.0,2.01957585644372,0.0,466.2390873410823,37.99917020690309,97427.0,0,0,0,35,SALT LAKE
1769,350864,0.0,0.0,0.0,1504.75,78.25,1113.25,313.25,1567.477508572256,73.25,5.0,878.25,235.0,50.25,70.75,0.0,192.25,0.0,1.8036322360155488,60.92387633624045,0.0,56502.0,0,0,0,35,SALT LAKE
1770,350865,0.0,0.0,0.0,1413.7499993115814,116.74999994314916,1179.7499994255265,117.24999994290569,1474.0186969955664,114.99999994400132,1.749999999147846,887.7499995677146,291.99999985781204,1.4999999992695825,11.249999994521868,0.0,104.49999994911424,3.0293637831904463,0.0,57.23933390079463,0.0,56502.0,0,0,0,35,SALT LAKE
1771,350866,771.000004252399,2317.0528919399435,0.3327502824533635,84.00000046329639,3.7500000206828745,46.7500002578465,33.50000018476701,177.8661043559361,2.0000000110308664,1.750000009652008,1.0000000055154332,45.75000025233107,3.250000017925158,8.000000044123466,0.0,22.25000012271839,0.0,0.0,40.86692512549393,52.99917876714579,56502.0,0,0,0,35,SALT LAKE
1772,350867,314.00000008865914,977.7995384480431,0.32112921692214935,0.0,0.0,0.0,0.0,34.71275082671763,0.0,0.0,0.0,0.0,0.0,0.0,0.0,0.0,0.0,0.0,12.713091830952882,21.99965899576474,83804.0,0,0,0,35,SALT LAKE
1773,350868,493.0,1558.0794849764743,0.3164151795551328,0.0,0.0,0.0,0.0,53.959836903886895,0.0,0.0,0.0,0.0,0.0,0.0,0.0,0.0,0.0,0.0,19.960363920032176,33.99947298385472,90315.0,0,0,0,35,SALT LAKE
1774,350869,152.0,467.023509640929,0.3254654141862477,674.0,149.25,162.75,362.0,717.4423358627591,114.5,34.75,0.0,162.75,47.5,58.25,131.5,124.75,0.0,0.0,33.44249086750782,9.99984499525139,79691.0,0,0,0,35,SALT LAKE
1775,350870,330.0,1015.3636474628546,0.3250067114620356,373.5,179.25,26.5,167.75,424.982320754149,63.5,115.75,0.0,26.5,20.75,19.25,1.5,126.25,0.0,0.0,28.48267726507084,22.9996434890782,79691.0,0,0,0,35,SALT LAKE
1776,350871,9.0,27.75139938338863,0.3243079700473483,246.0,4.25,45.25,196.5,257.324406074034,3.0,1.25,0.0,45.25,57.25,83.5,35.75,20.0,0.0,0.0,10.324421574508918,0.999984499525139,79691.0,0,0,0,35,SALT LAKE
1777,350872,320.0,925.6702000834528,0.3456954755280561,289.75,37.5,2.0,250.25,336.43702110985623,2.0,35.5,0.0,2.0,12.25,1.0,212.0,25.0,0.0,0.0,24.687362120303167,21.99965898955305,73244.0,0,0,0,35,SALT LAKE
1778,350873,183.0,508.3367793017928,0.3599975595929787,175.0,0.0,0.0,175.0,202.49434267916456,0.0,0.0,0.0,0.0,1.0,90.0,74.0,10.0,0.0,0.0,14.494544185337766,12.999798493826804,73487.0,0,0,0,35,SALT LAKE
1779,350874,993.75,2171.103502309288,0.45771654780299537,618.5,130.0,13.25,475.25,753.7749486885813,109.75,20.25,0.0,13.25,52.25,46.25,26.0,350.75,0.0,0.0,67.27600272087177,67.99894596770945,49551.0,0,0,0,35,SALT LAKE
1780,350875,546.5,1489.929798586556,0.36679580508990783,2164.5,366.75,227.0,1570.75,2317.763022719593,202.5,164.25,1.0,226.0,354.25,250.25,168.0,798.25,0.0,0.0,115.26361173763767,37.99941098195528,59740.0,0,0,0,35,SALT LAKE
1781,350876,304.75,902.4509419012792,0.33769148642911734,941.5,194.75,53.0,693.75,1012.9575711614216,119.5,75.25,15.0,38.0,151.75,149.0,137.0,256.0,0.0,0.0,50.45789667139364,20.99967449002792,81590.0,0,0,0,35,SALT LAKE
1782,350877,9.0,24.938689475880334,0.3608850420429841,1450.75,40.5,937.25,473.0,1510.8508520348023,31.5,9.0,566.75,370.5,42.25,75.75,58.0,297.0,0.0,0.0,59.100867535277295,0.999984499525139,56502.0,0,0,0,35,SALT LAKE
1783,350878,0.0,0.0,0.0,0.0,0.0,0.0,0.0,21.85953045396671,0.0,0.0,0.0,0.0,0.0,0.0,0.0,0.0,2.01957585644372,19.83995459752299,0.0,0.0,76192.0,0,0,0,35,SALT LAKE
1784,350879,0.0,0.0,0.0,3.9999999990097144,0.0,0.9999999997524286,2.9999999992572857,4.161950213330935,0.0,0.0,0.0,0.9999999997524286,0.9999999997524286,0.9999999997524286,0.0,0.9999999997524286,0.0,0.0,0.16195021432122156,0.0,111741.0,0,0,0,35,SALT LAKE
1785,350880,0.0,0.0,0.0,177.25,0.0,174.5,2.75,184.4262160869141,0.0,0.0,172.0,2.5,0.0,1.0,0.0,1.75,0.0,0.0,7.176216086914144,0.0,111741.0,0,0,0,35,SALT LAKE
1786,350881,1.25,5.000543129017368,0.2499728464987025,1624.0,179.5,401.5,1043.0,1706.3043381568634,144.75,34.75,9.0,392.5,331.5,216.0,0.0,495.5,0.0,0.0,82.30433815686334,0.0,60946.0,0,0,0,35,SALT LAKE
1787,350882,626.5,1827.997431105,0.34272477047261996,1770.0,492.0,149.25,1128.75,1913.775809126955,378.5,113.5,2.0,147.25,188.75,277.75,55.0,607.25,0.0,0.0,100.77647564737391,42.999333479580976,57679.0,552,0,0,35,SALT LAKE
1788,350883,555.25,1189.0476190813451,0.4669703644240797,0.0,0.0,0.0,0.0,60.48011091317845,0.0,0.0,0.0,0.0,0.0,0.0,0.0,0.0,0.0,0.0,22.48069993122317,37.99941098195528,65378.0,0,0,0,35,SALT LAKE
1789,350884,699.75,1597.4740392475924,0.43803528746519166,1172.75,442.75,7.5,722.5,1296.5619247447012,152.75,290.0,0.0,7.5,19.25,17.5,163.0,522.75,0.0,0.0,75.8126687674945,47.99925597720667,60946.0,0,0,0,35,SALT LAKE
1790,350885,0.0,0.0,0.0,4644.250003125275,189.50000012752102,856.500000576368,3598.2500024213855,4832.284699858133,120.50000008108857,69.00000004643246,0.0,856.500000576368,1358.500000914181,891.2500005997525,0.0,1348.5000009074517,0.0,0.0,188.03469673285827,0.0,60946.0,0,0,0,35,SALT LAKE
1791,350886,58.0,178.24295374282258,0.3253985573179244,939.5,153.5,347.75,438.25,1018.8840020569158,66.5,87.0,205.0,142.75,111.0,45.5,0.0,281.75,0.0,0.0,75.38415720241667,3.9998448544992335,39291.0,0,0,0,35,SALT LAKE
1792,350887,1011.0,1597.9230855993696,0.6326962850159844,1433.0,336.0,166.0,931.0,1622.203763280983,250.75,85.25,49.25,116.75,406.25,66.0,24.0,434.75,0.0,0.0,119.70563997457592,69.49812330640677,39291.0,0,0,0,35,SALT LAKE
1793,350888,332.25,585.1607660839319,0.5677926806739194,511.5,73.0,21.0,417.5,568.41059512876,41.75,31.25,0.0,21.0,85.5,98.0,8.0,226.0,0.0,0.0,34.160959402451525,22.74963572630844,41199.0,0,0,0,35,SALT LAKE
1794,350889,571.5,1084.584917722484,0.5269296950948671,1156.0,266.75,34.75,854.5,1265.691262758673,59.5,207.25,0.0,34.75,179.0,149.5,87.5,438.5,0.0,0.0,70.69186727719259,38.99939548148042,86602.0,0,0,0,35,SALT LAKE
1795,350890,394.75,707.9072997676884,0.5576295090184037,2105.0,1219.25,26.75,859.0,2251.950664665649,694.25,525.0,0.0,26.75,301.0,36.0,15.5,506.5,0.0,0.0,119.70095892883865,27.24970573681052,63756.0,0,0,0,35,SALT LAKE
1796,350891,727.5,1404.2012694370756,0.5180881230022278,532.75,179.5,26.0,327.25,634.0377421254057,15.25,164.25,7.5,18.5,72.75,55.75,39.5,159.25,0.0,0.0,51.0382143832805,50.2495277421251,40745.0,0,0,0,35,SALT LAKE
1797,350892,1084.9999999246033,2495.8091243396316,0.4347287576375395,0.0,0.0,0.0,0.0,118.92792851060307,0.0,0.0,0.0,0.0,0.0,0.0,0.0,0.0,0.0,0.0,43.92909105142932,74.99883745917376,60946.0,0,0,0,35,SALT LAKE
1798,350893,0.0,0.0,0.0,1193.5,667.75,14.75,511.0,1241.8215845302927,503.0,164.75,0.0,14.75,82.5,73.5,18.0,337.0,0.0,0.0,48.32158453029269,0.0,60946.0,0,0,0,35,SALT LAKE
1799,350894,603.75,1380.7603145892847,0.4372590909665513,130.75,31.75,66.75,32.25,210.98525432296395,30.25,1.5,28.25,38.5,6.5,5.0,2.0,18.75,0.0,0.0,38.73594416447134,41.499310158492605,60946.0,0,0,0,35,SALT LAKE
1800,350895,248.5,523.6763313977765,0.4745297526369264,1407.5,97.0,306.5,1004.0,1518.2982137300028,77.75,19.25,249.5,57.0,23.5,28.5,557.75,394.25,0.0,0.0,93.54846947530557,17.24974425469712,60946.0,0,0,0,35,SALT LAKE
1801,350896,969.5,1873.7871055524795,0.5174013617273486,940.0,281.0,62.75,596.25,1086.307584146121,73.25,207.75,0.0,62.75,121.0,91.0,33.75,350.5,0.0,0.0,79.55861491564886,66.74896923047201,54208.0,0,0,0,35,SALT LAKE
1802,350897,515.25,999.5033865243944,0.515506007229946,2129.0,421.25,165.25,1542.5,2278.8122912322,275.5,145.75,82.5,82.75,224.0,298.0,222.0,798.5,0.0,0.0,114.31288807085798,35.499403161341775,54208.0,0,0,0,35,SALT LAKE
1803,350898,506.0,1070.416671544371,0.4727131157906534,652.5,87.5,34.5,530.5,738.9043843273471,68.25,19.25,10.0,24.5,64.5,90.75,181.0,194.25,0.0,0.0,51.4049268439672,34.999457483379864,64045.0,0,0,0,35,SALT LAKE
1804,350899,355.49999997499344,843.5051896543052,0.4214556167943536,96.74999999319442,22.74999999839972,6.749999999525192,67.2499999952695,141.8099904508767,21.49999999848765,1.2499999999120726,2.999999999788974,3.7499999997362177,27.249999998083183,7.24999999949002,13.999999999015213,18.749999998681087,0.0,0.0,20.56043231789787,24.49955813978444,52893.0,0,0,0,35,SALT LAKE
1805,350900,212.0,522.8044410033233,0.40550535414953065,840.0,282.5,25.75,531.75,898.594364633628,46.5,236.0,0.0,25.75,30.25,182.25,82.75,236.5,0.0,0.0,43.59459714075089,14.999767492877083,44623.0,0,0,2194,35,SALT LAKE
1806,350901,975.75,2208.419729095336,0.441831770992061,725.25,295.5,39.0,390.75,865.115931155586,236.75,58.75,19.75,19.25,49.75,54.5,40.0,246.5,0.0,0.0,72.86696968740176,66.9989614681843,72052.0,0,0,0,35,SALT LAKE
1807,350902,382.75,868.4114358157941,0.44074730503800996,527.25,39.5,3.5,484.25,595.5932352338856,21.0,18.5,0.5,3.0,202.25,95.25,28.0,158.75,0.0,0.0,42.34363824623203,25.99959698765361,76203.0,48,15,40,35,SALT LAKE
1808,350903,669.7500008379055,1960.995324997066,0.34153574580240653,969.0000012122889,44.50000005567271,44.25000005535994,880.2500011012562,1379.6176367851715,23.250000029087428,21.250000026585283,0.0,44.25000005535994,263.75000032997025,239.250000299319,0.0,377.250000471967,0.0,0.0,364.36917141363466,46.24846415924824,37668.0,0,0,0,35,SALT LAKE
1809,350904,1284.5,3292.3025823581206,0.3901524747096524,250.25,22.5,43.25,184.5,417.1395528649375,17.75,4.75,0.0,43.25,31.25,36.0,4.0,113.25,0.0,0.0,78.39123514125333,88.49831772368421,37668.0,0,0,0,35,SALT LAKE
1810,350905,281.0,381.5539201804276,0.7364620965422709,172.0,12.25,85.0,74.75,209.3405590306506,4.25,8.0,0.0,85.0,17.0,29.75,0.0,28.0,0.0,0.0,18.34085353967297,18.99970549097764,45967.0,0,0,0,35,SALT LAKE
1811,350906,266.25,631.1993359538496,0.4218160331199508,276.5,1.25,9.75,265.5,319.97420414755413,1.25,0.0,0.0,9.75,2.0,250.25,8.0,5.25,0.0,0.0,25.224436572250674,18.249767575303437,85973.0,709,945,0,35,SALT LAKE
1812,350907,212.24999986715764,501.9592528946808,0.42284308665128073,346.99999978282074,78.49999995086867,47.74999997011438,220.7499998618377,386.89388864425575,46.74999997074026,31.74999998012841,0.0,47.74999997011438,24.74999998450955,55.49999996526384,13.999999991237726,126.49999992082658,0.0,0.0,25.144129140559247,14.749759720875796,85973.0,0,0,0,35,SALT LAKE
1813,350908,761.0,1660.5989026662137,0.4582683986952891,334.0,44.25,31.5,258.25,430.8328452883344,37.0,7.25,0.0,31.5,54.5,66.25,0.0,137.5,0.0,0.0,44.33359696640643,52.49924832192792,41529.0,0,0,0,35,SALT LAKE
1814,350909,406.0,1284.0339554550703,0.3161910152571556,541.5,91.75,60.5,389.25,613.1107064602894,70.75,21.0,9.0,51.5,60.25,135.5,0.0,193.5,0.0,0.0,43.61114047358544,27.99956598670389,57978.0,419,0,0,35,SALT LAKE
1815,350910,541.75,1172.0314217138848,0.46223163471828105,294.75,32.5,118.25,144.0,365.6175381603514,31.5,1.0,91.5,26.75,25.0,30.25,3.0,85.75,0.0,0.0,33.86811167792126,36.99942648243014,45967.0,0,0,0,35,SALT LAKE
1816,350911,455.74999992904395,1116.5024437159848,0.4081943595324341,110.2499999828351,1.9999999996886186,1.2499999998053866,106.9999999833411,167.16532326957196,0.749999999883232,1.2499999998053866,0.0,1.2499999998053866,4.999999999221546,7.49999999883232,79.99999998754474,14.499999997742485,0.0,0.0,25.915803806283872,30.99951948045297,49675.0,0,0,0,35,SALT LAKE
1817,350912,283.0,813.4298990608611,0.3479095129484856,410.25,88.0,20.5,301.75,457.8176464628192,71.0,17.0,0.0,20.5,56.5,57.0,0.0,188.25,0.0,0.0,28.067940971359462,19.499705491459693,53734.0,0,0,0,35,SALT LAKE
1818,350913,207.0,544.5251889009953,0.380147703392352,438.5,25.0,126.0,287.5,478.6343379619631,19.25,5.75,22.5,103.5,53.0,86.75,0.0,147.75,0.0,0.0,26.13455496861113,13.999782993351946,81457.0,0,0,0,35,SALT LAKE
1819,350914,201.0,533.836305102891,0.3765199145855386,0.0,0.0,0.0,0.0,25.887677790885864,0.0,0.0,0.0,0.0,0.0,0.0,0.0,0.0,0.0,0.0,11.887894797533916,13.999782993351946,81457.0,0,0,0,35,SALT LAKE
1820,350915,346.0,849.7096326931162,0.4071979258412885,64.25,3.75,5.0,55.5,104.85972805820384,2.0,1.75,0.0,5.0,17.75,3.75,0.0,34.0,0.0,0.0,16.610100069600506,23.999627988603336,48336.0,0,0,0,35,SALT LAKE
1821,350916,145.25,416.44194324037846,0.3487881140640986,393.75,28.75,17.0,348.0,430.8225039061065,25.75,3.0,14.0,3.0,0.0,46.0,1.0,301.0,0.0,0.0,27.07265891085507,9.99984499525139,51003.0,409,0,0,35,SALT LAKE
1822,350917,329.5,627.1802402425493,0.52536731685388,357.5,23.0,21.75,312.75,411.3168163833868,17.75,5.25,0.0,21.75,58.0,28.25,92.75,133.75,0.0,0.0,31.31717289479067,22.499643488596146,80568.0,0,0,0,35,SALT LAKE
1823,350918,419.5,1097.363559762351,0.38227987093980814,1110.0,271.25,192.0,646.75,1208.6729768096611,207.25,64.0,13.25,178.75,114.75,142.5,98.75,290.75,0.0,0.0,69.92347290728307,28.749503902378105,88737.0,0,0,0,35,SALT LAKE
1824,350919,864.0,2193.470669390984,0.3938963087388304,1238.75,190.75,142.5,905.5,1386.6331241099433,143.5,47.25,50.25,92.25,149.0,256.5,130.25,369.75,0.0,0.0,88.63410074638647,59.24902336355687,60734.0,254,0,0,35,SALT LAKE
1825,350920,1180.75,2728.9115438967297,0.43268166849921286,514.0,113.5,42.0,358.5,666.8700434923882,28.25,85.25,28.5,13.5,66.75,46.5,38.5,206.75,0.0,0.0,71.62138441168355,81.2486590807047,108592.0,0,0,0,35,SALT LAKE
1826,350921,4.25,8.000560304926788,0.5312127948567337,8955.5,235.75,818.0,7901.75,9321.256785534351,93.0,142.75,81.75,736.25,3309.25,633.0,270.0,3689.5,0.0,0.0,365.7567855343521,0.0,149495.0,0,0,0,35,SALT LAKE
1827,350922,440.0,1077.0780473001366,0.4085126431672508,75.5,36.25,10.5,28.75,236.120117980464,0.0,36.25,10.5,0.0,9.0,10.0,2.0,7.75,0.0,0.0,130.12052864808916,30.499589332374857,149495.0,0,0,0,35,SALT LAKE
1828,350923,1843.25,4429.758466521486,0.4161062084830623,181.75,6.0,145.5,30.25,508.25393178589707,0.0,6.0,143.0,2.5,0.0,30.25,0.0,0.0,0.0,0.0,199.7569327661876,126.74699901970948,136616.0,0,0,0,35,SALT LAKE
1829,350924,635.9999997031522,1216.5832662066941,0.5227755611715751,840.7499996075868,35.49999998343066,42.24999998028016,762.999999643876,973.2891242477386,29.749999986114428,5.749999997316234,0.9999999995332581,41.2499999807469,267.99999987491316,93.49999995635963,99.99999995332581,301.49999985927735,0.0,0.0,88.5397523826805,43.99937225747142,65715.0,0,0,0,35,SALT LAKE
1830,350925,0.75,1.4530476432275137,0.5161565097301957,3465.75,169.0,166.0,3130.75,3606.1012979052575,123.0,46.0,2.0,164.0,1047.25,442.0,42.0,1599.5,0.0,0.0,140.3512979052582,0.0,57947.0,0,0,0,35,SALT LAKE
1831,350926,1142.25,3031.451351577784,0.37679971324807554,45.75,0.0,4.0,41.75,175.09863996895112,0.0,0.0,1.0,3.0,33.75,0.0,8.0,0.0,0.0,0.0,50.84983348045077,78.49880648850035,61673.0,0,0,0,35,SALT LAKE
1832,350927,18.25,51.53428443269346,0.3541331795115052,2523.0,1334.0,50.0,1139.0,2626.8888704521664,965.5,368.5,17.75,32.25,154.5,174.75,0.0,809.75,0.0,0.0,102.88888595264146,0.999984499525139,57947.0,0,0,0,35,SALT LAKE
1833,350928,556.25,1657.194300989164,0.3356576833917299,1005.5,160.25,16.5,828.75,1118.4882097674486,92.0,68.25,11.5,5.0,303.0,108.75,252.75,164.25,0.0,0.0,74.73882204922005,38.24938771822861,77272.0,528,0,0,35,SALT LAKE
1834,350929,764.5,2276.096346731464,0.3358820908868127,600.0,168.25,42.75,389.0,721.9929376921059,80.25,88.0,14.25,28.5,107.75,42.5,76.25,162.5,0.0,0.0,69.49370489523545,52.49923279687046,74521.0,0,0,0,35,SALT LAKE
1835,350930,676.75,1786.128805112911,0.3788920474619516,1389.0,172.0,140.75,1076.25,1520.635618076171,107.25,64.75,110.5,30.25,75.75,526.5,102.0,372.0,0.0,0.0,84.88628451368191,46.749333562489376,84600.0,641,950,0,35,SALT LAKE
1836,350931,770.25,1836.9694605246104,0.4193047388931705,20.75,0.0,0.25,20.5,111.27503293427532,0.0,0.0,0.25,0.0,20.5,0.0,0.0,0.0,0.0,0.0,37.52585445944295,52.99917847483236,76969.0,0,0,0,35,SALT LAKE
1837,350932,385.5,881.0052639554618,0.4375683276501836,336.5,31.75,16.75,288.0,396.73147914457087,12.5,19.25,2.0,14.75,46.5,38.75,96.0,106.75,0.0,0.0,33.48183557258427,26.7496435719866,73569.0,0,0,0,35,SALT LAKE
1838,350933,186.75,427.70527575905055,0.43663244431243897,107.75,2.0,10.5,95.25,134.1734670238285,1.0,1.0,0.5,10.0,8.0,8.5,62.0,16.75,0.0,0.0,13.42366853000166,12.999798493826804,75198.0,0,0,0,35,SALT LAKE
1839,350934,125.5,283.2462093973241,0.4430774211137091,52.75,1.0,22.0,29.75,68.96681106701323,1.0,0.0,20.75,1.25,5.0,6.25,10.0,8.5,0.0,0.0,7.2169505712869775,8.999860495726251,57947.0,0,0,0,35,SALT LAKE
1840,350935,706.7499989095741,1545.641189451435,0.45725360046881736,160.99999975159736,2.249999996528534,0.0,158.7499997550688,244.88114125008525,0.0,2.249999996528534,0.0,0.0,10.249999984185546,137.74999978746916,0.7499999988428447,9.999999984571264,0.0,0.0,35.13190885973975,48.749232638748154,71040.0,0,0,2126,35,SALT LAKE
1841,350936,1003.0,2695.548452218127,0.3720949624090957,759.0,304.5,245.75,208.75,905.341160269628,15.25,289.25,234.25,11.5,56.25,52.0,7.5,93.0,0.0,0.0,77.3421909813122,68.99896928831576,116068.0,0,0,0,35,SALT LAKE
1842,350937,830.75,1941.3020779802537,0.4279344309280908,66.0,0.0,15.0,51.0,161.0556909869033,0.0,0.0,11.0,4.0,19.75,5.25,5.0,21.0,0.0,0.0,37.80652793011944,57.24916305678386,115312.0,0,0,0,35,SALT LAKE
1843,350938,341.75,1081.2584998186967,0.3160668795272398,335.25,7.5,8.75,319.0,388.159614596545,5.25,2.25,1.5,7.25,33.0,7.5,172.0,106.5,0.0,0.0,29.40998660842372,23.49962798812128,90282.0,0,0,0,35,SALT LAKE
1844,350939,349.99999943145247,854.8812348264579,0.4094135947462959,77.74999987370123,7.499999987816839,8.999999985380207,61.249999900504186,122.81806365161277,7.499999987816839,0.0,8.749999985786312,0.24999999959389463,13.49999997807031,1.999999996751157,21.74999996466883,23.999999961013884,0.0,0.0,21.068435828293705,23.999627949617825,120720.0,0,0,0,35,SALT LAKE
1845,350940,525.75,1731.9327947398506,0.3035625871839742,2.5,1.5,0.5,0.5,63.13708590288227,1.5,0.0,0.5,0.0,0.0,0.0,0.0,0.5,0.0,0.0,24.637643919977265,35.999441982905005,91034.0,0,0,0,35,SALT LAKE
1846,350941,857.75,2083.154276487806,0.41175538925814215,474.75,146.25,153.25,175.25,606.1961773787286,140.25,6.0,146.0,7.25,30.75,74.0,24.0,46.5,0.0,0.0,72.44706861072177,58.99910876800692,98072.0,462,0,0,35,SALT LAKE
1847,350942,610.5,1552.0533153960837,0.39334988942966853,143.0,0.0,42.0,101.0,215.50656797316856,0.0,0.0,0.0,42.0,22.0,0.0,55.0,24.0,0.0,0.0,30.50721899311271,41.99934898005584,102520.0,0,0,0,35,SALT LAKE
1848,350943,110.0,233.7581165974366,0.47057189543255523,0.0,0.0,0.0,0.0,35.95354002644015,0.0,0.0,0.0,0.0,0.0,0.0,0.0,0.0,0.0,0.0,28.20365629156983,7.749883734870326,102705.0,0,0,0,35,SALT LAKE
1849,350944,263.25,607.1037195826852,0.43361618700171106,1213.0,170.75,18.25,1024.0,1293.769989907483,21.75,149.0,4.25,14.0,315.75,17.0,200.0,491.25,0.0,0.0,62.77026891603049,17.999720991452502,75198.0,0,0,0,35,SALT LAKE
1850,350945,476.25,1081.4513285431017,0.44038042899405333,119.0,13.0,7.5,98.5,179.59974461281183,10.25,2.75,0.0,7.5,24.75,25.75,6.0,42.0,0.0,0.0,27.60025612848225,32.99948848432959,59129.0,0,0,0,35,SALT LAKE
1851,350946,191.0,421.8773437613478,0.4527382255161988,137.0,46.75,1.0,89.25,163.27910775343943,3.0,43.75,0.0,1.0,3.25,74.0,0.0,12.0,0.0,0.0,13.279309259612624,12.999798493826804,41529.0,0,822,0,35,SALT LAKE
1852,350947,1095.0,2875.6795414583303,0.3807795633044347,797.0,90.0,36.25,670.75,958.3516324390578,58.0,32.0,0.0,36.25,119.75,210.5,80.0,260.5,0.0,0.0,86.10278721190264,75.24884522715517,85287.0,447,0,0,35,SALT LAKE
1853,350948,1305.5,2773.500028573324,0.47070488067438143,2242.25,377.25,68.5,1796.5,2487.890820230475,120.25,257.0,11.75,56.75,348.0,266.0,278.0,904.5,0.0,0.0,155.89222303598223,89.74859719449275,78260.0,0,0,0,35,SALT LAKE
1854,350949,638.5,1797.1025914346053,0.3552941290292688,8.0,0.0,1.0,7.0,82.92462819555406,0.0,0.0,1.0,0.0,6.0,0.0,1.0,0.0,0.0,0.0,30.925310216447954,43.99931797910611,78058.0,0,0,0,35,SALT LAKE
1855,350950,276.75,733.8156496250048,0.37713831824304245,0.0,0.0,0.0,0.0,30.954424454047995,0.0,0.0,0.0,0.0,0.0,0.0,0.0,0.0,0.0,0.0,11.704726725358055,19.249697728689934,72573.0,0,0,0,35,SALT LAKE
1856,350951,405.75,1043.064011334958,0.38899817805112824,621.25,53.25,56.5,511.5,692.3309376588869,23.25,30.0,11.5,45.0,116.75,113.0,82.0,199.75,0.0,0.0,43.081371672183,27.99956598670389,76309.0,0,0,0,35,SALT LAKE
1857,350952,663.5,1713.3428933081482,0.3872546485536846,104.75,0.0,2.0,102.75,184.35407598199043,0.0,0.0,2.0,0.0,0.0,96.75,0.0,6.0,0.0,0.0,33.85483558768497,45.74924039430546,94243.0,572,0,0,35,SALT LAKE
1858,350953,389.0,1276.4102318420112,0.3047609540379717,226.5,38.25,12.25,176.0,278.4192483313931,37.0,1.25,10.0,2.25,50.25,55.5,33.0,37.25,0.0,0.0,24.9196668442143,26.99958148717875,137651.0,389,0,0,35,SALT LAKE
1859,350954,585.25,1700.7228704035056,0.34411838059256905,893.25,143.75,68.0,681.5,995.1108643387385,81.0,62.75,30.5,37.5,100.0,182.0,38.0,361.5,0.0,0.0,61.86148435773286,39.99937998100556,99905.0,441,0,0,35,SALT LAKE
1860,350955,643.5,2019.146930430583,0.31869894671943144,262.5,2.5,16.25,243.75,352.42786901545713,2.5,0.0,14.0,2.25,8.25,4.25,13.0,218.25,0.0,0.0,45.67868299235492,44.249186023102176,98216.0,0,0,0,35,SALT LAKE
1861,350956,0.0,0.0,0.0,4229.25,292.0,775.25,3162.0,4400.484099476555,239.75,52.25,330.75,444.5,1349.0,464.5,11.0,1337.5,0.0,0.0,171.23409947655475,0.0,37668.0,0,0,0,35,SALT LAKE
1862,350957,618.0,1443.999142838269,0.42797809338396353,768.25,59.25,195.75,513.25,881.8785455455902,32.25,27.0,36.25,159.5,51.5,67.5,1.0,393.25,0.0,0.0,70.62921206600929,42.999333479580976,32464.0,0,0,0,35,SALT LAKE
1863,350958,488.75,1141.2986687888158,0.4282402261265036,445.75,119.25,26.25,300.25,517.5852221433635,48.75,70.5,6.5,19.75,43.0,50.5,0.0,206.75,0.0,0.0,37.83574915950871,33.99947298385472,32464.0,0,0,0,35,SALT LAKE
1864,350959,553.0,1459.8639859236202,0.37880241264403164,255.75,30.25,34.0,191.5,331.2436802658938,22.0,8.25,0.0,34.0,27.5,41.25,0.0,122.75,0.0,0.0,37.49426928393848,37.99941098195528,74169.0,0,0,0,35,SALT LAKE
1865,350960,423.75,845.4223986357109,0.5012287356992444,182.25,29.5,8.0,144.75,242.53445575678555,23.0,6.5,0.0,8.0,40.25,33.5,0.0,71.0,0.0,0.0,31.284905270556514,28.999550486229037,73770.0,0,0,0,35,SALT LAKE
1866,350961,991.0,2043.18817197395,0.4850263003639955,871.0,105.25,85.5,680.25,1014.6372378450424,47.5,57.75,25.5,60.0,152.5,104.75,87.0,336.0,0.0,0.0,75.63829187733288,67.99894596770945,62960.0,0,0,0,35,SALT LAKE
1867,350962,248.75,667.375403001616,0.3727287503872804,185.5,12.0,8.5,165.0,223.33178022586412,8.75,3.25,0.75,7.75,51.0,36.75,8.0,69.25,0.0,0.0,20.58199715008587,17.249783075778293,82904.0,0,0,0,35,SALT LAKE
1868,350963,465.5,1575.581847039489,0.2954464097658096,166.5,14.5,0.0,152.0,234.0903897850661,14.5,0.0,0.0,0.0,5.25,59.75,6.75,80.25,0.0,0.0,35.59088580026166,31.99950398480445,100807.0,635,0,0,35,SALT LAKE
1869,350964,350.0,1188.1875524374718,0.2945662907190056,0.0,0.0,0.0,0.0,38.17027174521847,0.0,0.0,0.0,0.0,0.0,0.0,0.0,0.0,0.0,0.0,14.170643756615137,23.999627988603336,116771.0,0,0,0,35,SALT LAKE
1870,350965,503.75,1244.8991606428826,0.40465124881268033,1731.0,169.25,474.5,1087.25,1856.4800355794007,161.25,8.0,218.25,256.25,327.0,368.0,55.25,337.0,0.0,0.0,90.48057809602123,34.999457483379864,76955.0,0,0,0,35,SALT LAKE
1871,350966,0.0,0.0,0.0,754.5,225.0,307.0,222.5,785.0472476913087,218.5,6.5,179.75,127.25,80.75,11.25,2.0,128.5,0.0,0.0,30.547247691308723,0.0,45830.0,0,0,0,35,SALT LAKE
1872,350967,23.5,46.93827550325158,0.5006575070780364,2920.0,404.75,217.75,2297.5,3154.912293898569,230.25,174.5,12.25,205.5,444.0,267.0,213.5,1373.0,0.0,0.0,233.41247238974088,1.4998215088282685,45830.0,0,0,0,35,SALT LAKE
1873,350968,160.0,453.9249668867548,0.35248116246471367,2841.75,266.25,117.0,2458.5,3184.2782891662537,166.5,99.75,26.25,90.75,557.75,280.5,103.5,1516.75,0.0,0.0,331.52795517288246,11.000333993370765,62143.0,0,0,0,35,SALT LAKE
1874,350969,184.75,504.6957147984821,0.36606215306141066,197.5,50.25,24.75,122.5,228.72659901219268,46.25,4.0,2.75,22.0,77.75,10.0,2.5,32.25,0.0,0.0,18.226800518365884,12.999798493826804,30205.0,0,0,0,35,SALT LAKE
1875,350970,139.25,356.297427983255,0.3908251619670529,140.0,0.0,52.25,87.75,162.80599489304709,0.0,0.0,0.0,52.25,0.0,78.75,0.0,9.0,0.0,0.0,12.80614989779571,9.99984499525139,62143.0,0,0,0,35,SALT LAKE
1876,350971,153.25,423.2702100099084,0.3620618611369143,84.25,19.0,24.75,40.5,108.8660981265675,17.75,1.25,20.0,4.75,6.5,10.5,6.0,17.5,0.0,0.0,14.366245368546338,10.249852758021143,30205.0,0,0,0,35,SALT LAKE
1877,350972,435.25,1311.1753569845068,0.33195407287169065,766.5,106.25,60.25,600.0,850.6540395248876,71.25,35.0,0.0,60.25,93.75,163.75,44.0,298.5,0.0,0.0,54.15450453913346,29.999534985754167,53345.0,577,0,0,35,SALT LAKE
1878,350973,614.75,1559.5858463268885,0.3941751596732231,1015.5,174.25,65.0,776.25,1133.0073391385172,46.0,128.25,0.0,65.0,131.0,257.75,1.0,386.5,0.0,0.0,75.50799015846125,41.99934898005584,62143.0,0,0,60,35,SALT LAKE
1879,350974,542.75,1121.4645099816971,0.4839653820243121,1426.75,248.25,64.25,1114.25,1548.7364880584432,136.0,112.25,7.75,56.5,157.25,227.5,90.5,639.0,0.0,0.0,84.737069338301,37.24941872014244,68075.0,0,0,132,35,SALT LAKE
1880,350975,451.75,1206.0237313556077,0.3745780354522702,2423.0,924.5,46.5,1452.0,2580.142505237927,677.25,247.25,0.0,46.5,212.75,279.25,13.0,947.0,0.0,0.0,125.89299351493528,31.24951172299161,82904.0,0,0,0,35,SALT LAKE
1881,350976,400.0,909.1004932590012,0.4399953613115472,675.25,108.25,13.25,553.75,746.7840952841233,44.75,63.5,0.0,13.25,92.75,52.5,175.0,233.5,0.0,0.0,43.53452929741929,27.99956598670389,62829.0,0,0,0,35,SALT LAKE
1882,350977,454.0,1243.1995648262523,0.3651867430177635,0.0,0.0,0.0,0.0,49.38086881528866,0.0,0.0,0.0,0.0,0.0,0.0,0.0,0.0,0.0,0.0,18.38134933000935,30.999519485279308,101047.0,0,0,0,35,SALT LAKE
1883,350978,1524.0,4155.285186837944,0.3667618301692841,946.25,273.0,153.75,519.5,1156.0145661381218,180.0,93.0,38.75,115.0,63.25,115.75,84.0,256.5,0.0,0.0,104.76613938908054,104.99842674904124,98907.0,484,0,0,35,SALT LAKE
1884,350979,395.0,1144.5872897483025,0.3451025566489223,73.0,0.0,0.0,73.0,119.19804763313158,0.0,0.0,0.0,0.0,0.0,73.0,0.0,0.0,0.0,0.0,18.948528230760672,27.249519402370908,121548.0,0,936,0,35,SALT LAKE
1885,350980,635.25,1169.195883557852,0.543322131845812,995.75,129.0,238.75,628.0,1105.7847212296006,114.25,14.75,83.75,155.0,194.0,27.5,62.5,344.0,0.0,0.0,66.03540325049454,43.99931797910611,76955.0,0,0,0,35,SALT LAKE
1886,350981,0.0,0.0,0.0,2734.5,52.0,116.25,2566.25,2870.213519966559,33.75,18.25,56.25,60.0,552.25,437.25,113.25,1463.5,0.0,0.0,135.7135199665588,0.0,45830.0,0,0,0,35,SALT LAKE
1887,350982,216.75,422.077822366624,0.513530890546832,2403.5,111.75,749.5,1542.25,2563.293907528542,54.75,57.0,675.25,74.25,258.5,265.25,59.25,959.25,0.0,0.0,144.7941400356651,14.999767492877083,45830.0,0,0,0,35,SALT LAKE
1888,350983,7.5,23.438666965926835,0.3199840678184843,1935.75,104.0,84.5,1747.25,2053.053533694379,69.0,35.0,0.0,84.5,281.5,476.0,0.0,989.75,0.0,37.87627695767848,78.67727999994509,0.7499767367553828,53265.0,0,0,1996,35,SALT LAKE
1889,350984,252.75,697.8617503484534,0.36217775207453046,0.0,0.0,0.0,0.0,27.483099335328,0.0,0.0,0.0,0.0,0.0,0.0,0.0,0.0,0.0,0.0,10.23335508063088,17.24974425469712,53265.0,0,0,0,35,SALT LAKE
1890,350985,479.0,1331.954713927591,0.3596218362316182,1110.5,196.0,80.25,834.25,1210.8525607219651,139.0,57.0,35.0,45.25,147.25,157.0,60.25,469.75,0.0,0.0,67.35307223763562,32.99948848432959,83700.0,0,0,0,35,SALT LAKE
1891,350986,328.75,902.7762300605772,0.36415447045824473,1892.75,275.25,118.25,1499.25,2015.690753638045,132.5,142.75,2.0,116.25,221.5,303.75,160.5,813.5,0.0,0.0,100.19104806415876,22.749705573886043,69002.0,310,222,91,35,SALT LAKE
1892,350987,343.0,924.2933808850476,0.37109429440202624,1005.25,14.0,1.25,990.0,1083.836818921868,13.0,1.0,1.0,0.25,3.0,52.0,922.0,13.0,0.0,0.0,54.58719093326451,23.999627988603336,72647.0,369,0,0,35,SALT LAKE
1893,350988,280.25,802.2415864853517,0.34933367294979684,1032.75,42.75,32.25,957.75,1105.4099592788514,15.5,27.25,0.0,32.25,140.25,604.5,49.0,164.0,0.0,0.0,53.66025378787359,18.99970549097764,83356.0,420,0,0,35,SALT LAKE
1894,350989,481.5,1216.3193238966255,0.39586643946217737,1194.25,478.5,44.25,671.5,1295.097475389276,241.0,237.5,24.5,19.75,88.25,107.5,0.0,475.75,0.0,0.0,67.84798690494657,32.99948848432959,117605.0,0,0,0,35,SALT LAKE
1895,350990,519.5,1615.2853476381913,0.32161500180732344,619.25,69.0,27.75,522.5,701.3542756830022,54.5,14.5,3.75,24.0,85.25,98.25,10.0,329.0,0.0,0.0,46.10483370009733,35.999441982905005,91031.0,0,0,0,35,SALT LAKE
1896,350991,320.0,920.5130123889708,0.3476322395155683,0.0,0.0,0.0,0.0,37.70480506222568,0.0,0.0,0.0,0.0,0.0,0.0,0.0,0.0,0.0,0.0,15.45515383496032,22.249651227265357,122645.0,0,0,0,35,SALT LAKE
1897,350992,554.75,1146.5829983707445,0.48382890797114636,7961.25,201.0,403.5,7356.75,8369.54467207391,42.5,158.5,50.5,353.0,2961.5,703.75,105.25,3586.25,0.0,0.0,370.045625910332,38.24904616357632,45830.0,0,0,0,35,SALT LAKE
1898,350993,1198.25,2522.3334485100568,0.4750561432342765,377.0,0.5,0.5,376.0,523.2916818494286,0.5,0.0,0.0,0.5,3.0,0.0,343.0,30.0,0.0,0.0,63.79365921561467,82.49802263381406,53265.0,0,0,0,35,SALT LAKE
1899,350994,299.250000452519,692.7950388843808,0.43194593444896223,393.5000005950417,78.75000011908395,24.750000037426382,290.00000043853134,444.0480439082725,61.250000092620844,17.5000000264631,7.750000011719372,17.00000002570701,42.500000064267525,61.50000009299889,20.00000003024354,166.0000002510214,0.0,0.0,29.548368791447725,20.999674521783145,70392.0,0,0,0,35,SALT LAKE
1900,350995,197.0,606.7178547235279,0.3246978780437736,29.5,0.25,0.0,29.25,52.17036949300059,0.25,0.0,0.0,0.0,6.5,1.25,15.0,6.5,0.0,0.0,9.17057099869173,13.49979849430886,67464.0,0,0,0,35,SALT LAKE
1901,350996,474.0,1442.9795754464333,0.328486977962493,353.25,11.0,9.75,332.5,420.24283624831895,3.75,7.25,0.0,9.75,24.75,101.0,104.0,102.75,0.0,0.0,34.24328567918148,32.74955056913743,73279.0,0,722,0,35,SALT LAKE
1902,350997,90.5,267.94135050695235,0.3377604831384612,392.0,42.25,27.25,322.5,417.53336915676095,38.0,4.25,14.75,12.5,42.75,67.5,163.0,49.25,0.0,0.0,19.53326032373157,6.000108833029421,83356.0,0,0,0,35,SALT LAKE
1903,350998,765.5,2341.320453370929,0.3269522541853966,4.0,0.0,4.0,0.0,88.15427520168676,0.0,0.0,4.0,0.0,0.0,0.0,0.0,0.0,0.0,0.0,31.1550967268544,52.99917847483236,97838.0,0,0,0,35,SALT LAKE
1904,350999,996.25,2456.2808813520214,0.40559286503570785,0.0,0.0,0.0,0.0,109.33457941299972,0.0,0.0,0.0,0.0,0.0,0.0,0.0,0.0,0.0,0.0,40.33564894576514,68.99893046723459,102608.0,0,0,0,35,SALT LAKE
1905,351000,514.0,1496.338876374254,0.34350507636710087,93.0,0.0,0.0,93.0,154.5750252980419,0.0,0.0,0.0,0.0,0.0,93.0,0.0,0.0,0.0,0.0,26.32557557694974,35.24944972109216,134555.0,773,0,0,35,SALT LAKE
1906,351001,181.25,463.9269452502309,0.3906865118650053,0.0,0.0,0.0,0.0,20.338494480615086,0.0,0.0,0.0,0.0,0.0,0.0,0.0,0.0,0.0,0.0,7.838734808351512,12.499759672263576,154331.0,0,0,0,35,SALT LAKE
1907,351002,218.75,614.8724115796858,0.3557648641902851,78.75,78.25,0.25,0.25,109.54502398481442,0.0,78.25,0.25,0.0,0.0,0.0,0.0,0.25,0.0,0.0,15.545318576745194,15.249705408069236,115747.0,0,0,0,35,SALT LAKE
1908,351003,21.75,60.8936018314483,0.35718038259919915,4082.5,884.5,176.5,3021.5,4444.964868247988,487.75,396.75,20.0,156.5,674.0,415.0,170.0,1762.5,0.0,194.79228150049488,166.172633273983,1.4999534735107656,78814.0,0,0,0,35,SALT LAKE
1909,351004,353.75,964.3429849633025,0.3668300651489281,1373.0,528.0,71.25,773.75,1466.9122105448223,301.25,226.75,19.75,51.5,107.0,126.25,0.0,540.5,0.0,0.0,69.91258255621922,23.999627988603336,86028.0,0,0,0,35,SALT LAKE
1910,351005,671.0,1839.212181585112,0.3648301195035058,156.25,79.25,5.25,71.75,235.742526840438,9.0,70.25,2.0,3.25,4.0,4.25,2.0,61.5,0.0,0.0,33.493239862281605,45.99928697815639,91483.0,0,0,0,35,SALT LAKE
1911,351006,665.75,1527.1424813239255,0.4359449155149174,220.75,55.25,5.0,160.5,303.8919278574016,7.5,47.75,0.0,5.0,7.0,68.75,0.0,84.75,0.0,0.0,37.14264087924519,45.99928697815639,51676.0,644,0,0,35,SALT LAKE
1912,351007,226.5,699.0361478851455,0.32401757861199315,0.0,0.0,0.0,0.0,27.42003500735976,0.0,0.0,0.0,0.0,0.0,0.0,0.0,0.0,0.0,0.0,11.67029077772729,15.749744229632466,66181.0,0,0,0,35,SALT LAKE
1913,351008,262.0,757.0369437214599,0.34608614833518464,188.0,86.25,4.5,97.25,224.21898934875705,19.5,66.75,0.0,4.5,19.25,23.5,4.0,50.5,0.0,0.0,18.219268357304557,17.999720991452502,54148.0,0,0,0,35,SALT LAKE
1914,351009,222.0,689.144858495433,0.3221383679545673,601.25,183.5,49.5,368.25,654.0785098842978,126.75,56.75,0.0,49.5,44.5,61.75,2.5,259.5,0.0,0.0,37.57864925601591,15.249860628281905,98542.0,0,0,0,35,SALT LAKE
1915,351010,331.75,993.2053761647622,0.3340195371082709,0.0,0.0,0.0,0.0,39.43172516877036,0.0,0.0,0.0,0.0,0.0,0.0,0.0,0.0,0.0,0.0,16.432081679692168,22.9996434890782,140403.0,0,0,0,35,SALT LAKE
1916,351011,284.0,746.9246521274213,0.38022576867840635,138.5,7.0,44.25,87.25,181.8557115482425,2.0,5.0,41.25,3.0,14.0,36.25,0.0,37.0,0.0,0.0,23.856075904360395,19.49963564388209,155904.0,0,0,0,35,SALT LAKE
1917,351012,135.99999139763585,339.2184397759518,0.4009215757476557,0.0,0.0,0.0,0.0,16.005424515443117,0.0,0.0,0.0,0.0,0.0,0.0,0.0,0.0,0.0,0.0,6.755518020947325,9.249906494495793,155183.0,0,0,0,35,SALT LAKE
1918,351013,0.0,0.0,0.0,1552.5,1035.75,62.0,454.75,1615.3572043385686,635.25,400.5,47.5,14.5,33.0,33.0,0.0,388.75,0.0,0.0,62.85720433856869,0.0,78814.0,0,0,0,35,SALT LAKE
1919,351014,19.75,59.12980151302773,0.3340109301000883,1551.25,1260.0,14.5,276.75,1663.3544541751164,841.0,419.0,0.0,14.5,39.5,32.5,0.0,204.75,0.0,0.0,110.85458608291933,1.2498680921971452,78814.0,0,0,0,35,SALT LAKE
1920,351015,294.75,808.3044283000459,0.36465221478483306,675.25,247.75,23.5,404.0,747.0250710892025,107.0,140.75,3.75,19.75,65.5,60.5,40.25,237.75,0.0,0.0,51.5253345148488,20.24973657435371,63501.0,0,0,0,35,SALT LAKE
1921,351016,217.25,650.4072716571784,0.3340214807968964,184.5,30.5,12.75,141.25,215.76583892880276,27.25,3.25,0.0,12.75,12.5,67.0,0.0,61.75,0.0,0.0,16.266071435925667,14.999767492877083,74012.0,0,0,0,35,SALT LAKE
1922,351017,497.5,1462.025118426346,0.3402814313720446,514.5,61.5,25.5,427.5,590.4727655063994,45.5,16.0,0.0,25.5,87.25,97.5,30.0,212.75,0.0,0.0,41.97329252254466,33.99947298385472,71273.0,0,0,0,35,SALT LAKE
1923,351018,396.25,1148.4161159114003,0.3450404383131893,336.25,7.0,9.25,320.0,392.9072721026421,4.75,2.25,0.0,9.25,37.25,88.0,40.75,154.0,0.0,0.0,29.65769061546339,26.99958148717875,104764.0,0,0,0,35,SALT LAKE
1924,351019,305.25,983.8158691915656,0.31027147412333783,113.0,18.5,2.0,92.5,150.93373933792955,3.25,15.25,2.0,0.0,2.0,1.25,4.0,85.25,0.0,0.0,16.93406484790162,20.99967449002792,113914.0,0,0,0,35,SALT LAKE
1925,351020,21.0,57.799494159809626,0.36332497896845206,140.5,40.75,19.25,80.5,148.53897245102053,38.5,2.25,14.75,4.5,19.75,30.5,0.0,30.25,0.0,0.0,6.5389879510133255,1.499984500007194,105353.0,0,0,0,35,SALT LAKE
1926,351021,132.0,396.3947313057797,0.33300139879552265,0.0,0.0,0.0,0.0,14.344217569649674,0.0,0.0,0.0,0.0,0.0,0.0,0.0,0.0,0.0,0.0,5.344357073923423,8.999860495726251,132708.0,0,0,0,35,SALT LAKE
1927,351022,501.25,1331.4686101081502,0.3764640008744069,0.0,0.0,0.0,0.0,54.79418537657675,0.0,0.0,0.0,0.0,0.0,0.0,0.0,0.0,0.0,0.0,20.29476671476011,34.499418661816634,155902.0,0,0,0,35,SALT LAKE
1928,351023,0.0,0.0,0.0,1745.75,1255.25,265.5,225.0,1816.4309906540389,854.0,401.25,257.5,8.0,26.5,24.25,0.0,174.25,0.0,0.0,70.68099065403882,0.0,78814.0,0,0,0,35,SALT LAKE
1929,351024,675.25,1998.395032840296,0.337896156116979,1392.25,362.5,158.5,871.25,1522.207564639875,269.75,92.75,9.0,149.5,192.0,208.0,54.0,417.25,0.0,0.0,83.70826989894886,46.24929474092615,63501.0,459,0,0,35,SALT LAKE
1930,351025,455.25,1363.9897423161426,0.3337635070678436,115.5,8.75,5.75,101.0,169.60786701555963,5.0,3.75,0.0,5.75,25.75,29.5,0.0,45.75,0.0,0.0,23.108347530280337,30.999519485279308,74012.0,0,0,0,35,SALT LAKE
1931,351026,486.25,1518.5145360555443,0.32021425442727136,214.5,26.5,12.0,176.0,276.12104646303226,25.5,1.0,0.0,12.0,52.0,72.5,7.0,44.5,0.0,0.0,28.37151139485176,33.24953506818052,102767.0,483,0,0,35,SALT LAKE
1932,351027,393.7500000335345,1298.505099876965,0.3032333104204541,295.25000002514554,3.5000000002980842,4.750000000404543,287.0000000244429,350.1455309941722,2.250000000191626,1.2500000001064588,0.0,4.750000000404543,17.500000001490424,165.75000001411644,64.00000000545069,39.75000000338539,0.0,0.0,27.895949479548356,26.999581489478224,111014.0,0,0,2290,35,SALT LAKE
1933,351028,450.50000006610264,1443.8549408349961,0.31201195308828866,42.000000006162736,0.0,0.0,42.000000006162736,92.9398816823681,0.0,0.0,0.0,0.0,0.0,42.000000006162736,0.0,0.0,0.0,0.0,19.94036218637744,30.99951948982792,106389.0,692,0,0,35,SALT LAKE
1934,351029,405.25,1114.5219390369805,0.36360881361398983,33.0,0.0,5.0,28.0,84.49338619638398,0.0,0.0,0.0,5.0,4.75,8.0,4.0,11.25,0.0,0.0,23.49382020968009,27.99956598670389,108502.0,0,0,0,35,SALT LAKE
1935,351030,399.25,1160.0880893550222,0.3441548996697072,0.0,0.0,0.0,0.0,47.91420052863487,0.0,0.0,0.0,0.0,0.0,0.0,0.0,0.0,0.0,0.0,20.414564694835423,27.49963583379944,149525.0,0,0,0,35,SALT LAKE
1936,351031,100.0,250.0112789193164,0.39998195454322677,0.0,0.0,0.0,0.0,11.048856721134166,0.0,0.0,0.0,0.0,0.0,0.0,0.0,0.0,0.0,0.0,4.048965224458193,6.999891496675973,155809.0,0,0,0,35,SALT LAKE
1937,351032,233.99999987895487,730.442731475759,0.3203536564819942,122.49999993663236,18.99999999017155,37.49999998060174,65.99999996585906,152.93361324492642,17.49999999094748,1.4999999992240696,1.749999999094748,35.749999981506996,10.24999999469781,9.499999995085775,10.999999994309844,35.24999998176564,0.0,0.0,14.433861324168285,15.999751984125762,81668.0,0,0,0,35,SALT LAKE
1938,351033,929.0000000060079,3204.482315194934,0.2899064212652693,308.5000000019951,18.750000000121258,8.750000000056586,281.0000000018172,422.60225472603435,1.2500000000080838,17.50000000011317,1.000000000006467,7.75000000005012,37.00000000023928,138.25000000089406,63.000000000407425,42.750000000276465,0.0,0.0,50.10324675401648,63.99900797002278,110410.0,387,1202,0,35,SALT LAKE
1939,351034,719.0000003778167,2179.7340131113706,0.3298567605280931,44.00000002312091,0.0,7.000000003678327,37.00000001944258,123.89124393125458,0.0,0.0,4.000000002101901,3.0000000015764257,10.000000005254751,0.0,6.000000003152851,21.00000001103498,0.0,0.0,30.89200340565398,48.9992405024797,102567.0,0,0,0,35,SALT LAKE
1940,351035,206.0,613.8429365887027,0.3355907313111718,0.0,0.0,0.0,0.0,22.340219032959716,0.0,0.0,0.0,0.0,0.0,0.0,0.0,0.0,0.0,0.0,8.340436039607766,13.999782993351946,140424.0,0,0,0,35,SALT LAKE
1941,351036,524.75,1532.8724907397032,0.3423311483310504,134.0,0.0,6.0,128.0,200.1704658310304,0.0,0.0,2.0,4.0,18.0,46.0,19.0,45.0,0.0,0.0,30.171023848125387,35.999441982905005,108053.0,688,0,0,35,SALT LAKE
1942,351037,286.5,868.0275569879241,0.3300586458270538,239.75,1.0,0.5,238.25,281.05626562510975,1.0,0.0,0.25,0.25,6.5,3.0,0.0,228.75,0.0,0.0,21.306575634606965,19.99968999050278,114582.0,0,0,0,35,SALT LAKE
1943,351038,258.0,789.6021725190677,0.32674682134789806,0.0,0.0,0.0,0.0,28.445509817757376,0.0,0.0,0.0,0.0,0.0,0.0,0.0,0.0,0.0,0.0,10.445788826304872,17.999720991452502,155809.0,0,0,0,35,SALT LAKE
1944,351039,250.0,690.6578855096329,0.36197371411393686,56.0,1.5,34.25,20.25,85.38917482135054,1.25,0.25,0.0,34.25,5.75,3.0,1.0,10.5,0.0,0.0,12.389438329423166,16.99973649192736,111741.0,0,0,0,35,SALT LAKE
1945,351040,700.0,2202.924660578599,0.3177593916517076,125.5,1.0,1.0,123.5,206.92180722692697,0.0,1.0,0.0,1.0,7.75,73.75,0.0,42.0,0.0,0.0,33.42255124972029,47.99925597720667,91525.0,859,0,0,35,SALT LAKE
1946,351041,213.75,773.713713785114,0.2762649752636612,148.75,21.75,14.75,112.25,178.4269117581113,8.0,13.75,0.0,14.75,17.25,18.5,0.0,76.5,0.0,0.0,14.677144265234205,14.999767492877083,121008.0,0,0,0,35,SALT LAKE
1947,351042,284.0,922.4851490043828,0.3078640347831233,185.0,0.0,0.0,185.0,223.98835262436708,0.0,0.0,0.0,0.0,0.0,71.0,114.0,0.0,0.0,0.0,18.98866263386428,19.99968999050278,115611.0,777,0,0,35,SALT LAKE
1948,351043,345.0,989.1105688193994,0.34879821414889073,0.0,0.0,0.0,0.0,37.96783397726683,0.0,0.0,0.0,0.0,0.0,0.0,0.0,0.0,0.0,0.0,13.968205988663492,23.999627988603336,133486.0,0,0,0,35,SALT LAKE
1949,351044,295.0,790.9745136906292,0.37295765526445546,74.0,0.0,0.0,74.0,108.93959726533416,0.0,0.0,0.0,0.0,0.0,74.0,0.0,0.0,0.0,0.0,14.939907274831386,19.99968999050278,96995.0,806,0,0,35,SALT LAKE
1950,351045,435.25,1226.3245479474865,0.3549223578117905,381.25,17.75,16.25,347.25,444.30795994144734,9.5,8.25,0.0,16.25,58.5,69.0,122.0,97.75,0.0,0.0,33.05842495569317,29.999534985754167,97218.0,0,0,0,35,SALT LAKE
1951,351046,378.0,926.2439782687392,0.4080998191281386,0.0,0.0,0.0,0.0,44.05404376660543,0.0,0.0,0.0,0.0,0.0,0.0,0.0,0.0,0.0,0.0,18.05444677895182,25.99959698765361,78447.0,0,0,0,35,SALT LAKE
1952,351047,360.5,1111.259239110792,0.32440675164911575,0.0,0.0,0.0,0.0,40.34507362921981,0.0,0.0,0.0,0.0,0.0,0.0,0.0,0.0,0.0,0.0,15.34546114109134,24.999612488128477,111429.0,0,0,0,35,SALT LAKE
1953,351048,0.0,0.0,0.0,0.0,0.0,0.0,0.0,0.0,0.0,0.0,0.0,0.0,0.0,0.0,0.0,0.0,0.0,0.0,0.0,0.0,111741.0,0,0,0,35,SALT LAKE
1954,351049,746.0,2487.0674327476345,0.29995165799579565,0.0,0.0,0.0,0.0,81.20292445416749,0.0,0.0,0.0,0.0,0.0,0.0,0.0,0.0,0.0,0.0,30.20371497838541,50.99920947578209,95609.0,0,0,0,35,SALT LAKE
1955,351050,278.0,1001.3352285106575,0.2776293014413216,98.0,0.25,0.25,97.5,132.22302564094133,0.0,0.25,0.0,0.25,0.0,97.5,0.0,0.0,0.0,0.0,15.22332014996369,18.99970549097764,121008.0,0,1160,0,35,SALT LAKE
1956,351051,426.0,1387.0092183986674,0.3071356659704298,892.5,520.25,20.5,351.75,974.882762693636,404.25,116.0,12.25,8.25,47.25,35.75,1.0,267.75,0.0,0.0,53.38321220740676,28.999550486229037,108974.0,0,0,0,35,SALT LAKE
1957,351052,365.0,921.682437728599,0.3960149234258046,0.0,0.0,0.0,0.0,42.02749267230212,0.0,0.0,0.0,0.0,0.0,0.0,0.0,0.0,0.0,0.0,17.02788018417364,24.999612488128477,126133.0,0,0,0,35,SALT LAKE
1958,351053,367.0,1218.313532005844,0.30123608608021235,137.0,10.0,3.25,123.75,183.4054599600652,9.5,0.5,0.0,3.25,5.25,101.0,0.0,17.5,0.0,0.0,21.40584747193672,24.999612488128477,105501.0,0,1348,0,35,SALT LAKE
1959,351054,274.0,771.8496536289682,0.3549914140814179,72.5,13.5,1.0,58.0,108.02861286602275,13.25,0.25,0.0,1.0,4.5,0.0,3.0,50.5,0.0,0.0,16.52890737504513,18.99970549097764,97218.0,0,0,0,35,SALT LAKE
1960,351055,492.0,809.6014954306385,0.6077063873730844,4397.5,380.5,2465.5,1551.5,4653.463648114922,234.75,145.75,2362.0,103.5,274.25,595.0,144.0,538.25,0.0,0.0,221.9641751310672,33.99947298385472,78447.0,0,0,0,35,SALT LAKE
1961,351056,267.25,713.7675572281707,0.37442161288169606,1948.75,111.0,86.5,1751.25,2062.587152336936,69.75,41.25,8.0,78.5,311.5,300.0,344.0,795.75,1.0097879282218598,3.607264472031097,91.22037894522975,17.999720991452502,116012.0,0,0,0,35,SALT LAKE
1962,351057,286.75,762.8012194696526,0.37591707076630876,1107.75,83.75,32.25,991.75,1189.0326181640116,41.5,42.25,2.0,30.25,289.25,135.0,91.0,476.5,2.01957585644372,1.8036322360155488,57.45972008104958,19.99968999050278,116012.0,0,0,0,35,SALT LAKE
1963,351058,335.0,540.3278232481055,0.6199939843671092,1724.75,27.5,244.0,1453.25,1831.144178476716,26.0,1.5,74.5,169.5,824.75,11.5,74.0,543.0,0.0,0.0,83.39453498763802,22.9996434890782,78814.0,0,0,0,35,SALT LAKE
1964,351059,1.25,2.1877574208642625,0.571361334706932,1015.75,35.0,206.75,774.0,1056.92596023299,22.25,12.75,13.5,193.25,227.75,200.0,0.0,346.25,0.0,0.0,41.17596023299009,0.0,111741.0,0,0,0,35,SALT LAKE
1965,351060,2.5,5.312789161005286,0.47056262242617397,308.0,12.25,164.25,131.5,320.8212357105982,9.75,2.5,8.5,155.75,11.25,27.25,0.0,93.0,0.0,0.0,12.57122794782845,0.2500077627697562,111741.0,0,0,0,35,SALT LAKE
1966,351061,0.0,0.0,0.0,0.0,0.0,0.0,0.0,9.088091353996738,0.0,0.0,0.0,0.0,0.0,0.0,0.0,0.0,9.088091353996738,0.0,0.0,0.0,111741.0,0,0,0,35,SALT LAKE
1967,351062,1214.2499032258281,3361.9880738170878,0.36117019946689155,142.24998866285696,0.9999999203012792,1.4999998804519188,139.74998886210375,280.91972306595227,0.0,0.9999999203012792,0.0,1.4999998804519188,0.7499999402259594,136.2499891410493,0.0,2.7499997808285177,0.0,0.0,54.920981032844885,83.74875337025047,111741.0,866,1286,148,35,SALT LAKE
1968,351063,679.9999695048153,2236.3660485294936,0.3040646990468955,0.0,0.0,0.0,0.0,74.53080457670707,0.0,0.0,0.0,0.0,0.0,0.0,0.0,0.0,0.0,0.0,27.53153520674827,46.99926936995879,97253.0,0,0,0,35,SALT LAKE
1969,351064,150.0,551.2799468045167,0.2720940619543156,0.0,0.0,0.0,0.0,16.072978033800734,0.0,0.0,0.0,0.0,0.0,0.0,0.0,0.0,0.0,0.0,6.073133038549344,9.99984499525139,97253.0,0,0,0,35,SALT LAKE
1970,351065,120.0,413.45940035003207,0.2902340590113776,443.25,23.75,24.75,394.75,474.0545722799186,15.25,8.5,0.0,24.75,93.75,94.25,63.0,143.75,0.0,0.0,22.804696283717465,7.999875996201112,97253.0,0,0,0,35,SALT LAKE
1971,351066,192.5,540.807146984849,0.3559494379340977,910.5,75.75,146.5,688.25,979.4068034001818,52.75,23.0,3.75,142.75,119.25,291.75,12.0,265.25,0.0,0.0,55.90700490635506,12.999798493826804,97218.0,0,0,2477,35,SALT LAKE
1972,351067,541.0,871.0246291476399,0.6211075805392636,1895.25,35.0,1240.75,619.5,2033.9041641810463,24.5,10.5,1177.75,63.0,171.5,97.0,88.0,263.0,3.02936378466558,0.0,98.62537391395072,36.99942648243014,78814.0,0,0,0,35,SALT LAKE
1973,351068,10.5,29.48490754950832,0.3561143945379301,2473.0,422.75,185.75,1864.5,2585.301576526194,304.25,118.5,0.0,185.75,365.75,309.0,62.25,1127.5,0.0,0.0,111.8015610006548,0.5000155255395125,78814.0,0,0,0,35,SALT LAKE
1974,351069,556.5,1673.6157654994597,0.33251359808619085,384.25,22.25,83.75,278.25,461.34761540261377,16.0,6.25,48.0,35.75,32.25,135.25,0.0,110.75,1.0097879282218598,0.0,38.08841649243661,37.99941098195528,111741.0,0,0,0,35,SALT LAKE
1975,351070,827.0000142084681,2299.2198214452346,0.35968723237982336,0.2500000042951838,0.0,0.0,0.2500000042951838,90.99306646428636,0.0,0.0,0.0,0.0,0.0,0.0,0.0,0.2500000042951838,0.0,0.0,33.49401108828526,57.24905537170592,111741.0,0,0,0,35,SALT LAKE
1976,351071,493.99995740408826,1370.3935256868172,0.36048036432199587,0.0,0.0,0.0,0.0,54.00016827942157,0.0,0.0,0.0,0.0,0.0,0.0,0.0,0.0,0.0,0.0,20.000698227223843,33.999470052197736,111741.0,0,0,0,35,SALT LAKE
1977,351072,920.9999993610955,2513.6975239111316,0.3663925315596787,405.99999971835484,126.99999991189917,23.999999983351024,254.99999982310464,522.9758123806872,102.99999992854815,23.999999983351024,0.0,23.999999983351024,0.49999999965314634,0.0,0.0,254.49999982345147,0.0,0.0,53.726742652274055,63.24907001005835,98787.0,0,0,0,35,SALT LAKE
1978,351073,713.25,2592.3757603448807,0.27513372517613405,76.0,0.0,0.0,76.0,156.95449727101771,0.0,0.0,0.0,0.0,0.0,76.0,0.0,0.0,0.0,0.0,31.95525679428589,48.99924047673181,97253.0,957,0,0,35,SALT LAKE
1979,351074,248.0,910.861968202788,0.2722695739392063,73.25,9.25,2.25,61.75,103.25624317810596,8.0,1.25,0.0,2.25,13.5,15.75,8.0,24.5,0.0,0.0,13.006506686178602,16.99973649192736,97253.0,0,0,0,35,SALT LAKE
1980,351075,700.0,2400.751924073349,0.2915753156254112,421.0,160.25,10.0,250.75,514.3855130350685,38.0,122.25,0.0,10.0,17.25,16.5,0.0,217.0,0.0,0.0,45.38625705786176,47.99925597720667,97253.0,0,0,0,35,SALT LAKE
1981,351076,401.25,1115.912822538621,0.3595710990103916,1538.75,397.75,98.0,1043.0,1645.2952198676526,355.5,42.25,2.0,96.0,208.25,160.75,125.0,549.0,0.0,0.0,78.5456538809488,27.99956598670389,94859.0,0,0,0,35,SALT LAKE
1982,351077,614.5,2277.046200393007,0.2698671638256353,6.0,0.0,0.0,6.0,77.12199532987319,0.0,0.0,0.0,0.0,0.0,0.0,6.0,0.0,0.0,0.0,29.122646349817344,41.99934898005584,94859.0,0,0,0,35,SALT LAKE
1983,351078,640.25,2043.089316097327,0.3133734756261142,248.25,25.5,7.25,215.5,338.47246241182086,23.25,2.25,1.0,6.25,34.0,89.75,53.0,38.75,0.0,0.0,46.22314443271471,43.99931797910611,94026.0,900,0,0,35,SALT LAKE
1984,351079,225.0,738.7883431048485,0.3045527208163707,627.25,119.5,31.75,476.0,676.755667748628,77.5,42.0,0.0,31.75,83.25,135.25,24.0,233.5,0.0,0.0,34.505900255750966,14.999767492877083,124040.0,0,0,0,35,SALT LAKE
1985,351080,553.25,1279.398027677491,0.43242993035116867,2421.0,695.75,76.75,1648.5,2580.9195897056165,312.0,383.75,0.0,76.75,208.5,562.25,321.5,556.25,0.0,0.0,121.9201787236613,37.99941098195528,79751.0,0,0,0,35,SALT LAKE
1986,351081,357.5,825.5819541173977,0.4330278759329126,327.5,5.0,6.25,316.25,382.4837196866327,2.0,3.0,0.0,6.25,104.5,116.5,56.0,39.25,0.0,0.0,29.984107198504205,24.999612488128477,79751.0,1045,0,0,35,SALT LAKE
1987,351082,361.0,1097.2261045322043,0.32901149408390185,8047.5,668.75,397.75,6981.0,8447.67623524756,252.5,416.25,21.25,376.5,2883.25,1226.5,215.0,2656.25,0.7573409461663949,1.8036322360155488,372.615649577249,24.999612488128477,125200.0,0,0,0,35,SALT LAKE
1988,351083,856.0,1727.940071327571,0.4953875508786238,2004.75,55.5,47.5,1901.75,2179.574080015139,18.0,37.5,1.0,46.5,420.25,104.75,57.0,1319.75,0.0,0.0,115.82499454315574,58.9990854719832,78814.0,0,0,0,35,SALT LAKE
1989,351084,0.0,0.0,0.0,2156.75,1067.75,101.5,987.5,2305.070369438652,891.5,176.25,0.0,101.5,212.5,226.75,7.0,541.25,0.0,0.0,148.32036943865202,0.0,78814.0,6,3,518,35,SALT LAKE
1990,351085,0.0,0.0,0.0,20.5,0.0,14.25,6.25,35.467101604611514,0.0,0.0,14.25,0.0,0.0,6.25,0.0,0.0,14.137030995106038,0.0,0.8300706095054795,0.0,111741.0,0,0,0,35,SALT LAKE
1991,351086,70.25,176.18696676395422,0.3987241581502289,0.0,0.0,0.0,0.0,20.09604374224058,0.0,0.0,0.0,0.0,0.0,0.0,0.0,0.0,0.0,0.0,15.346183400760252,4.749860341480331,111741.0,0,0,0,35,SALT LAKE
1992,351087,475.75,1363.8708327076793,0.3488233552553494,0.0,0.0,0.0,0.0,106.01245092730846,0.0,0.0,0.0,0.0,0.0,0.0,0.0,0.0,1.0097879282218598,0.0,72.25293382598227,32.74972917310434,111741.0,0,0,0,35,SALT LAKE
1993,351088,103.0,251.3700712984624,0.4097544288703476,0.0,0.0,0.0,0.0,12.18159869932266,0.0,0.0,0.0,0.0,0.0,0.0,0.0,0.0,1.0097879282218598,0.0,4.172253010873877,6.999557760226924,111741.0,0,0,0,35,SALT LAKE
1994,351089,0.0,0.0,0.0,437.75,34.5,106.25,297.0,456.4827628212471,23.5,11.0,51.25,55.0,51.5,80.5,0.0,165.0,1.0097879282218598,0.0,17.72297489302526,0.0,111741.0,0,0,0,35,SALT LAKE
1995,351090,0.0,0.0,0.0,0.0,0.0,0.0,0.0,1.0097879282218598,0.0,0.0,0.0,0.0,0.0,0.0,0.0,0.0,1.0097879282218598,0.0,0.0,0.0,111741.0,0,0,0,35,SALT LAKE
1996,351091,1529.7499839756867,4222.921476066892,0.3622492136416546,2426.4999745821237,196.99999793640157,179.24999812233492,2050.249978523387,2703.924862560453,59.99999937149286,136.9999985649087,43.74999954171354,135.49999858062137,640.7499932880675,396.2499958492341,201.99999788402596,811.2499915020597,0.0,0.0,172.17645452177163,105.2484334565581,103606.0,0,0,0,35,SALT LAKE
1997,351092,570.75,2073.907892605648,0.2752050860286338,102.5,2.25,22.25,78.0,168.75772866609475,1.25,1.0,4.0,18.25,42.75,8.5,3.0,23.75,0.0,0.0,27.258333184614308,38.99939548148042,97253.0,0,0,0,35,SALT LAKE
1998,351093,470.0,1612.897792417537,0.2914009816428153,0.0,0.0,0.0,0.0,51.27865417225906,0.0,0.0,0.0,0.0,0.0,0.0,0.0,0.0,0.0,0.0,19.27915018745461,31.99950398480445,97253.0,0,0,0,35,SALT LAKE
1999,351094,756.5,1667.3489653808035,0.45371425880677835,811.0,460.0,51.5,299.5,926.4633857514654,8.0,452.0,0.0,51.5,129.75,40.25,1.0,128.5,0.0,0.0,63.46419177615819,51.99919397530723,94859.0,0,0,0,35,SALT LAKE
2000,351095,431.25,1444.763139507903,0.29849183454866307,59.25,3.0,2.25,54.0,109.10875578271424,2.0,1.0,0.0,2.25,12.0,10.25,0.0,31.75,0.0,0.0,19.85922079696009,29.999534985754167,94859.0,0,0,0,35,SALT LAKE
2001,351096,51.0,167.25867617700953,0.3049169177091106,322.0,27.25,11.75,283.0,341.1016772556677,4.75,22.5,0.0,11.75,47.0,85.75,0.0,150.25,0.0,0.0,15.101739257567166,3.999937998100556,124040.0,0,0,0,35,SALT LAKE
2002,351097,298.25,909.0768015757358,0.32808009123435167,15.0,0.0,0.25,14.75,50.68240597384301,0.0,0.0,0.0,0.25,13.75,0.0,0.0,1.0,0.0,0.0,14.93273924658484,20.749666727258163,126394.0,0,0,0,35,SALT LAKE
2003,351098,160.75,510.9323636053143,0.31462089985001684,20.0,8.75,1.5,9.75,42.067854549585206,0.0,8.75,0.0,1.5,8.0,0.0,1.0,0.75,0.0,0.0,11.06802505480868,10.999829494776527,78814.0,0,0,0,35,SALT LAKE
2004,351099,357.25,1007.2271442769368,0.3546866285622801,0.0,0.0,0.0,0.0,40.7037520653501,0.0,0.0,0.0,0.0,0.0,0.0,0.0,0.0,0.0,0.0,16.203697132102306,24.5000549332478,111741.0,0,0,0,35,SALT LAKE
2005,351100,61.25,155.0066494297906,0.39514433880943184,0.0,0.0,0.0,0.0,22.478931892695872,0.0,0.0,0.0,0.0,0.0,0.0,0.0,0.0,0.0,0.0,18.22896283580184,4.24996905689403,111741.0,0,0,0,35,SALT LAKE
2006,351101,1097.75,3250.4066642247867,0.3377269718531698,3.0,3.0,0.0,0.0,158.31733455089525,0.0,3.0,0.0,0.0,0.0,0.0,0.0,0.0,0.0,0.0,79.81863680480147,75.49869774609378,111741.0,0,0,0,35,SALT LAKE
2007,351102,452.75,1348.5984796954883,0.33571890137547117,50.5,8.0,6.0,36.5,101.87458863962632,7.0,1.0,0.5,5.5,6.75,4.25,0.0,25.5,0.0,0.0,20.37506915434701,30.999519485279308,111741.0,0,0,0,35,SALT LAKE
2008,351103,0.0,0.0,0.0,1080.75,423.0,173.5,484.25,1124.5068026942397,226.25,196.75,11.5,162.0,76.0,56.5,0.0,351.75,0.0,0.0,43.75680269423963,0.0,111741.0,0,0,0,35,SALT LAKE
2009,351104,284.99999803103674,823.1651693396464,0.346224559355041,638.9999955853772,44.49999969256539,83.99999941967398,510.49999647313774,696.9192544796443,27.999999806557994,16.49999988600739,21.999999848009853,61.999999571664134,123.49999914678259,135.24999906560603,14.999999896370355,236.74999836437877,1.0097879212455956,0.0,37.409781117717245,19.49968985530433,111741.0,0,0,0,35,SALT LAKE
2010,351105,476.0000067557909,1337.6268206514283,0.3558541137235701,0.0,0.0,0.0,0.0,52.27156473520802,0.0,0.0,0.0,0.0,0.0,0.0,0.0,0.0,0.0,0.0,19.27207578252203,32.99948895268599,97253.0,0,0,0,35,SALT LAKE
2011,351106,483.0,1937.1710221817884,0.2493326580200487,103.0,0.0,2.0,101.0,159.72519488826237,0.0,0.0,2.0,0.0,0.0,81.0,0.0,20.0,0.0,0.0,23.72570640393277,32.99948848432959,97253.0,848,0,0,35,SALT LAKE
2012,351107,457.0,1641.150871060992,0.27846312490731145,23.5,0.0,0.0,23.5,73.95372575124658,0.0,0.0,0.0,0.0,19.25,0.0,4.0,0.25,0.0,0.0,19.454206265967272,30.999519485279308,97253.0,0,0,0,35,SALT LAKE
2013,351108,133.0,472.1638508770327,0.2816818774943397,895.0,304.0,22.75,568.25,945.871415345914,117.5,186.5,0.0,22.75,85.0,164.5,20.0,298.75,0.0,0.0,41.62154708741795,9.249868258496008,97253.0,371,132,0,35,SALT LAKE
2014,351109,454.0,1017.9457086801514,0.4459962806745829,3445.5,1454.75,90.5,1900.25,3641.384204836136,754.25,700.5,0.0,90.5,256.0,266.75,19.0,1358.5,0.0,0.0,164.8846543243603,30.999550511775738,94859.0,0,0,0,35,SALT LAKE
2015,351110,256.0,856.9818309030074,0.2987227859081342,342.75,236.0,12.25,94.5,384.2417758081345,0.0,236.0,12.25,0.0,5.0,72.5,1.0,16.0,0.0,0.0,24.242047078494814,17.24972872963966,94859.0,0,174,264,35,SALT LAKE
2016,351111,346.0,1281.2261379723554,0.2700538099757886,0.0,0.0,0.0,0.0,38.00801625645683,0.0,0.0,0.0,0.0,0.0,0.0,0.0,0.0,0.0,0.0,14.00838826785349,23.999627988603336,94859.0,0,0,0,35,SALT LAKE
2017,351112,122.0,401.8647664461122,0.3035847135316341,28.0,0.0,0.0,28.0,44.32288857233954,0.0,0.0,0.0,0.0,8.0,0.0,20.0,0.0,0.0,0.0,8.32301257613842,7.999875996201112,124040.0,0,0,0,35,SALT LAKE
2018,351113,180.5,590.6871120545786,0.3055763302032601,645.5,28.25,41.25,576.0,695.1924964467106,16.25,12.0,0.0,41.25,172.0,151.0,55.0,198.0,0.0,0.0,37.44263586855801,12.2498605781526,95326.0,0,0,0,35,SALT LAKE
2019,351114,227.0,526.0848201650487,0.43148935551644174,894.0,102.75,33.5,757.75,955.3865257344796,47.75,55.0,0.0,33.5,133.5,190.25,26.0,408.0,0.0,0.0,45.38677374207728,15.999751992402224,79953.0,625,0,0,35,SALT LAKE
2020,351115,284.0,1057.7299054707908,0.2684995465582425,0.0,0.0,0.0,0.0,31.24800845229692,0.0,0.0,0.0,0.0,0.0,0.0,0.0,0.0,0.0,0.0,11.4983262245639,19.749682227733025,126394.0,0,0,0,35,SALT LAKE
2021,351116,281.25,787.7724318599498,0.3570193480063296,253.25,12.25,7.25,233.75,299.6403220591035,7.25,5.0,0.0,7.25,32.5,150.5,1.0,49.75,0.0,0.0,27.14060880535608,19.249713253747395,100303.0,720,289,0,35,SALT LAKE
2022,351117,334.25,931.7208935545884,0.35874477250886794,5.5,0.0,4.75,0.75,192.1826637385687,0.0,0.0,4.75,0.0,0.0,0.75,0.0,0.0,70.68515497553018,0.0,92.9973762531866,23.000132509851944,102017.0,0,0,0,35,SALT LAKE
2023,351118,384.5,918.4483255625456,0.41864086339805284,38.5,0.25,0.0,38.25,196.91928231651875,0.25,0.0,0.0,0.0,0.5,35.0,0.0,2.75,3.53425774877651,0.0,128.63579236810568,26.249232199636573,70283.0,0,0,0,35,SALT LAKE
2024,351119,172.25,406.4080720673171,0.42383508556756383,339.75,0.0,0.0,339.75,376.4795558890004,0.0,0.0,0.0,0.0,0.0,339.25,0.0,0.5,0.0,0.0,24.72974189469869,11.999813994301668,70283.0,1677,60,2194,35,SALT LAKE
2025,351120,805.75,1889.581918047744,0.42641707792826217,197.0,4.0,6.5,186.5,292.8477645307221,1.0,3.0,1.25,5.25,22.0,99.0,19.0,46.5,0.0,0.0,40.59860929406968,55.2491552366524,70283.0,0,1029,0,35,SALT LAKE
2026,351121,427.5,1004.1060803912836,0.4257518287643575,235.75,97.25,31.5,107.0,300.6022150389206,42.5,54.75,3.5,28.0,13.25,13.5,0.0,80.25,0.0,0.0,35.60272663749943,29.249488401421186,70283.0,0,0,0,35,SALT LAKE
2027,351122,0.0,0.0,0.0,675.5,317.25,17.75,340.5,703.859449295,146.5,170.75,4.75,13.0,51.0,47.5,0.0,242.0,1.0097879282218598,0.0,27.349661366778182,0.0,70283.0,0,0,0,35,SALT LAKE
2028,351123,769.0,2324.4285788520874,0.3308339980829906,18.0,16.0,0.0,2.0,102.86288315042124,16.0,0.0,0.0,0.0,0.0,0.0,0.0,2.0,0.0,0.0,31.86370467558889,52.99917847483236,70283.0,0,0,0,35,SALT LAKE
2029,351124,1519.25,3551.667504479252,0.42775682072828314,35.75,0.0,13.25,22.5,203.45671485485744,0.0,0.0,3.25,10.0,0.5,0.0,0.0,22.0,0.0,0.0,62.95838898856877,104.74832586628868,70283.0,0,0,0,35,SALT LAKE
2030,351125,276.5,1132.0326905929537,0.24425089690225335,44.75,2.25,24.75,17.75,80.76590469640307,0.0,2.25,24.75,0.0,1.75,12.0,0.0,4.0,1.0097879282218598,0.0,16.00641127720357,18.99970549097764,76828.0,0,0,0,35,SALT LAKE
2031,351126,217.0,892.9879477711602,0.24300439949006913,63.0,4.0,35.0,24.0,90.34607042639104,1.0,3.0,32.0,3.0,3.0,15.0,0.0,6.0,1.0097879282218598,0.0,11.336515005292108,14.999767492877083,70283.0,0,0,0,35,SALT LAKE
2032,351127,477.25,1950.8756457727893,0.2446337371805929,354.0,32.5,93.25,228.25,424.9043416783938,15.0,17.5,75.25,18.0,12.25,110.75,61.0,44.25,0.0,0.0,38.15479110925632,32.74955056913743,76631.0,1008,0,0,35,SALT LAKE
2033,351128,636.75,2093.0315994436887,0.3042237872420288,255.5,0.0,5.25,250.25,347.8729113348614,0.0,0.0,3.25,2.0,5.75,236.5,0.0,8.0,0.0,0.0,48.37363990730916,43.99927142755223,86391.0,0,0,0,35,SALT LAKE
2034,351129,14.0,39.548791599601216,0.3539931166984421,0.0,0.0,0.0,0.0,4.316949244879272,0.0,0.0,0.0,0.0,0.0,0.0,0.0,0.0,0.0,0.0,3.316964745354132,0.999984499525139,102017.0,0,0,0,35,SALT LAKE
2035,351130,357.5,1368.435210388663,0.2612472971215516,1.0,0.0,0.0,1.0,46.02442090020408,0.0,0.0,0.0,0.0,0.0,0.0,1.0,0.0,1.0097879282218598,0.0,19.26506706770468,24.749565904277546,102017.0,0,0,0,35,SALT LAKE
2036,351131,370.75,984.1513750177844,0.37672050195865475,64.0,0.0,3.0,61.0,175.85311674202703,0.0,0.0,3.0,0.0,0.0,61.0,0.0,0.0,0.0,0.0,86.35361294569375,25.499503796333265,102017.0,0,0,0,35,SALT LAKE
2037,351132,118.25,387.8013095979304,0.3049241894582583,94.0,17.0,6.0,71.0,117.343665626627,17.0,0.0,0.0,6.0,0.0,70.0,1.0,0.0,0.0,0.0,15.093851715233724,8.249813911393264,86391.0,933,0,0,35,SALT LAKE
2038,351133,180.5,606.8596802935535,0.29743284298058414,905.5,178.25,405.5,321.75,961.7192606025,47.25,131.0,390.5,15.0,0.0,76.5,77.0,168.25,0.0,0.0,43.96945437048609,12.249806232013968,86391.0,0,0,0,35,SALT LAKE
2039,351134,1177.25,3921.749825558313,0.3001848798023221,809.25,634.5,42.75,132.0,970.930860374698,329.75,304.75,14.75,28.0,10.0,8.0,4.0,110.0,0.0,0.0,80.68226340290181,80.9985969717963,86391.0,0,0,0,35,SALT LAKE
2040,351135,859.0,2710.7105665910512,0.3168910803635762,90.5,31.25,17.25,42.0,297.6983064226745,27.25,4.0,16.25,1.0,1.25,5.0,0.0,35.75,0.0,0.0,148.19933731946082,58.998969103213625,86391.0,0,0,0,35,SALT LAKE
2041,351136,431.5,1664.8737939705911,0.259178804761475,19.0,0.0,12.0,7.0,69.7391134019991,0.0,0.0,0.0,12.0,7.0,0.0,0.0,0.0,0.0,0.0,20.98958617901469,29.74952722298441,102017.0,0,0,0,35,SALT LAKE
2042,351137,256.0,1081.0615728690996,0.23680427315586194,67.75,2.0,30.25,35.5,98.85756590862516,2.0,0.0,30.25,0.0,3.0,14.5,0.0,18.0,0.0,0.0,13.107844917172654,17.999720991452502,86391.0,0,0,0,35,SALT LAKE
2043,351138,372.0,1569.2768506293642,0.2370518623599195,64.5,27.5,12.0,25.0,108.17241301443951,26.5,1.0,10.0,2.0,0.0,2.0,0.0,23.0,0.0,0.0,17.672816026785895,25.99959698765361,86391.0,0,0,0,35,SALT LAKE
2044,351139,769.5,2971.3832261938023,0.2589702981482103,120.75,0.0,1.0,119.75,227.5450977658369,0.0,0.0,1.0,0.0,3.0,74.75,36.0,6.0,0.0,0.0,53.796097807240926,52.99899995859599,102017.0,918,0,0,35,SALT LAKE
2045,351140,298.0,866.1674013166755,0.3440443493336337,82.0,1.0,39.75,41.25,118.3849137949564,0.0,1.0,39.75,0.0,4.75,28.5,2.0,6.0,0.0,0.0,15.385239304928456,20.99967449002792,105639.0,0,0,0,35,SALT LAKE
2046,351141,258.25,963.537019247439,0.2680229143678398,0.0,0.0,0.0,0.0,28.4556758499658,0.0,0.0,0.0,0.0,0.0,0.0,0.0,0.0,0.0,0.0,10.455954858513294,17.999720991452502,106184.0,0,0,0,35,SALT LAKE
2047,351142,622.0,1649.811699615715,0.3770127222063465,366.75,0.0,0.0,366.75,466.0306187002503,0.0,0.0,0.0,0.0,0.0,366.75,0.0,0.0,0.0,0.0,56.28128522066929,42.999333479580976,105293.0,600,0,1499,35,SALT LAKE
2048,351143,878.25,2898.0087717711385,0.30305291293623354,0.0,0.0,0.0,0.0,106.80645679421924,0.0,0.0,0.0,0.0,0.0,0.0,0.0,0.0,0.0,0.0,46.30734800114765,60.49910879307157,105293.0,0,0,0,35,SALT LAKE
2049,351144,14.0,41.18952910591352,0.33989220813864657,95.0,0.0,0.5,94.5,100.413127840871,0.0,0.0,0.5,0.0,0.0,94.5,0.0,0.0,0.0,0.0,4.413143341345856,0.999984499525139,110636.0,0,1519,0,35,SALT LAKE
2050,351145,348.75,1391.3275417738896,0.25065988383681176,0.0,0.0,0.0,0.0,43.869902670356055,0.0,0.0,0.0,0.0,0.0,0.0,0.0,0.0,0.0,0.0,19.87027468175272,23.999627988603336,105293.0,0,0,0,35,SALT LAKE
2051,351146,339.0,1546.5901202902278,0.2191918825502289,0.0,0.0,0.0,0.0,36.72492415619971,0.0,0.0,0.0,0.0,0.0,0.0,0.0,0.0,0.0,0.0,13.72528066712152,22.9996434890782,105818.0,0,0,0,35,SALT LAKE
2052,351147,613.0,2404.6962110827835,0.25491785497677444,97.5,0.25,4.75,92.5,180.7664513820283,0.0,0.25,4.75,0.0,0.0,92.5,0.0,0.0,0.0,0.0,41.26710240197242,41.99934898005584,105928.0,1039,0,0,35,SALT LAKE
2053,351148,1790.75,4749.486446274661,0.3770407643556083,549.75,110.5,30.75,408.5,810.0111163341312,101.25,9.25,4.0,26.75,64.5,190.75,3.0,150.25,0.0,0.0,137.0130384257931,123.24807790833812,105293.0,0,0,0,35,SALT LAKE
2054,351149,500.25,1385.0819609522684,0.3611699625746835,0.0,0.0,0.0,0.0,57.25333588697177,0.0,0.0,0.0,0.0,0.0,0.0,0.0,0.0,0.0,0.0,23.003855140347287,34.24948074662448,105293.0,0,0,0,35,SALT LAKE
2055,351150,718.0,2147.794202983383,0.33429646052804574,39.0,39.0,0.0,0.0,118.64831854461085,4.0,35.0,0.0,0.0,0.0,0.0,0.0,0.0,0.0,0.0,30.649078067879024,48.99924047673181,105293.0,0,0,0,35,SALT LAKE
2056,351151,1010.5,2686.1713604937704,0.376185977879777,4.0,0.75,1.0,2.25,199.574576927397,0.5,0.25,0.0,1.0,0.0,0.25,0.0,2.0,0.0,0.0,126.0758870289096,69.4986898984874,105293.0,0,0,0,35,SALT LAKE
2057,351152,457.0,1267.060453362389,0.3606773447843491,399.25,0.0,4.0,395.25,464.9169752779769,0.0,0.0,0.0,4.0,9.75,302.5,56.0,27.0,0.0,0.0,34.667455792697574,30.999519485279308,105293.0,971,677,440,35,SALT LAKE
2058,351153,1731.0,4571.835655158215,0.37862253382773803,322.0,104.25,28.75,189.0,743.8852580194625,36.5,67.75,0.25,28.5,28.5,19.0,6.0,135.5,0.0,0.0,302.6367222624145,119.24853575704807,105293.0,0,0,308,35,SALT LAKE
2059,351154,75.5,194.3417355197789,0.38849092192199797,0.0,0.0,0.0,0.0,23.307813529205863,0.0,0.0,0.0,0.0,0.0,0.0,0.0,0.0,0.0,0.0,17.80801517757738,5.499798351628487,105293.0,0,0,0,35,SALT LAKE
2060,351155,0.0,0.0,0.0,251.75,17.0,69.25,165.5,261.9424918971011,9.5,7.5,0.25,69.0,33.75,71.75,0.0,60.0,0.0,0.0,10.192491897101077,0.0,105293.0,0,0,0,35,SALT LAKE
2061,351156,1.0000000003572125,2.875139939365899,0.34780915762234466,484.25000017298015,67.25000002402254,148.50000005304605,268.50000009591156,503.8965070103197,16.500000005894005,50.75000001812853,0.0,148.50000005304605,42.750000015270835,55.000000019646684,0.0,170.75000006099404,0.0,0.0,19.64650683733963,0.0,105293.0,0,0,0,35,SALT LAKE
2062,351157,578.75,2207.7779754723592,0.26214139575161544,74.0,0.0,0.0,74.0,140.42738035303194,0.0,0.0,0.0,0.0,0.0,74.0,0.0,0.0,0.0,0.0,26.42800037202636,39.99937998100556,72003.0,912,0,0,35,SALT LAKE
2063,351158,173.5,603.3784973129573,0.2875475357054527,990.0,166.75,47.75,775.5,1067.3656082854693,20.5,146.25,7.25,40.5,148.0,57.5,354.0,216.0,1.0097879282218598,0.0,64.35588216922943,11.999938188017904,114476.0,0,0,0,35,SALT LAKE
2064,351159,390.75,1385.2774080860145,0.28207346609361406,1023.5,532.5,86.75,404.25,1109.0089597089475,269.0,263.5,12.0,74.75,105.25,79.75,24.0,195.25,0.0,0.0,58.5093782217689,26.99958148717875,114476.0,0,0,0,35,SALT LAKE
2065,351160,246.0,839.0126839460816,0.2932017652498433,29.0,0.0,0.0,29.0,57.13399854125723,0.0,0.0,0.0,0.0,0.0,29.0,0.0,0.0,0.0,0.0,11.134262049329871,16.99973649192736,114476.0,0,0,0,35,SALT LAKE
2066,351161,693.75,2326.2930434127115,0.2982212417152127,456.25,86.75,20.75,348.75,556.3102310637954,14.25,72.5,4.0,16.75,33.0,210.75,18.0,87.0,0.0,0.0,52.06097508658879,47.99925597720667,114057.0,0,0,2230,35,SALT LAKE
2067,351162,456.75,1268.9193798956758,0.35995194591286933,452.5,74.5,25.25,352.75,523.3134779904076,23.5,51.0,3.5,21.75,53.5,53.5,85.0,160.75,0.0,0.0,39.31395850464621,31.49951948576136,79738.0,0,0,0,35,SALT LAKE
2068,351163,162.75,453.3966904425238,0.358957185684688,0.0,0.0,0.0,0.0,18.58914722450967,0.0,0.0,0.0,0.0,0.0,0.0,0.0,0.0,0.0,0.0,7.589317729733143,10.999829494776527,79738.0,0,0,0,35,SALT LAKE
2069,351164,910.25,2680.3818997356534,0.3395971298305556,1108.5,413.5,47.0,648.0,1266.2317818674376,256.0,157.5,4.25,42.75,71.5,161.5,64.0,351.0,0.0,0.0,94.98269631254608,62.7490855548916,84793.0,641,0,0,35,SALT LAKE
2070,351165,941.75,2303.80383061027,0.4087804645027149,206.75,22.25,12.75,171.75,324.4973895232133,19.25,3.0,5.25,7.5,52.0,10.0,24.0,85.75,0.0,0.0,52.99840481684909,64.74898470636427,88677.0,0,0,0,35,SALT LAKE
2071,351166,699.75,1921.637895123461,0.3641424858324011,310.0,228.0,1.75,80.25,401.3825831966806,149.25,78.75,0.75,1.0,23.75,0.0,1.0,55.5,0.0,0.0,43.13331945670423,48.24926373997643,123834.0,0,0,0,35,SALT LAKE
2072,351167,611.0,1682.4078873752358,0.3631699569319278,0.0,0.0,0.0,0.0,66.73714006322913,0.0,0.0,0.0,0.0,0.0,0.0,0.0,0.0,0.0,0.0,24.73779108317329,41.99934898005584,86391.0,0,0,0,35,SALT LAKE
2073,351168,269.75,741.3472578938523,0.36386456836213643,72.5,29.25,20.25,23.0,105.85705835361736,24.0,5.25,1.0,19.25,3.0,3.75,0.0,16.25,0.0,0.0,14.607399446490664,18.749658907126708,86391.0,0,0,0,35,SALT LAKE
2074,351169,451.25,1483.2852639620369,0.3042233419043454,300.5,18.0,81.5,201.0,362.9370759218699,13.0,5.0,7.5,74.0,34.5,30.5,28.0,108.0,1.0097879282218598,0.0,30.42738038528752,30.999907608360537,127846.0,0,0,0,35,SALT LAKE
2075,351170,108.5,375.9421787897674,0.28860821190450897,1201.0,0.0,2.0,1199.0,1268.0175827349474,0.0,0.0,0.0,2.0,19.0,68.0,1111.0,1.0,0.0,0.0,59.76764465442045,7.249938080526904,127846.0,859,0,0,35,SALT LAKE
2076,351171,108.5,384.3798065449062,0.2822728929890447,1608.0,77.0,177.75,1353.25,1684.996858011964,57.5,19.5,19.25,158.5,524.75,311.75,120.0,396.75,0.0,0.0,69.49692769372483,7.499930318239203,127846.0,0,0,0,35,SALT LAKE
2077,351172,351.0,1227.6279211734186,0.2859172506149089,280.25,26.25,33.0,221.0,329.8073198738984,17.25,9.0,5.0,28.0,52.5,49.0,36.0,83.5,0.0,0.0,25.55769188529507,23.999627988603336,104529.0,0,0,0,35,SALT LAKE
2078,351173,279.0,998.116166352954,0.27952658157962346,264.25,9.75,7.5,247.0,305.24462564945264,8.75,1.0,0.0,7.5,11.0,188.25,3.0,44.75,0.0,0.0,21.994920158474997,18.99970549097764,88476.0,802,1304,0,35,SALT LAKE
2079,351174,664.75,1429.1046289639426,0.4651513867685976,1173.75,231.75,150.0,792.0,1295.6861073268228,84.75,147.0,0.0,150.0,74.0,334.75,67.75,315.5,0.0,0.0,76.18675826385866,45.74934906296424,68984.0,0,0,0,35,SALT LAKE
2080,351175,338.0,827.4112055725303,0.40850304869405246,300.25,100.0,11.0,189.25,371.3413381568212,95.25,4.75,2.25,8.75,14.25,21.25,23.0,130.75,0.0,0.0,47.8416713799158,23.24966677690541,113721.0,0,0,0,35,SALT LAKE
2081,351176,131.25,314.77940273877323,0.4169586664757756,243.5,6.25,5.0,232.25,274.1722986617873,3.75,2.5,0.0,5.0,61.5,30.5,90.0,50.25,0.0,0.0,21.672438166061035,8.999860495726251,113721.0,0,0,0,35,SALT LAKE
2082,351177,393.75,1073.0195225026596,0.3669551128777567,2233.5,1241.75,779.0,212.75,2367.125929193693,718.25,523.5,539.5,239.5,4.5,74.75,0.0,133.5,0.0,0.0,106.37638651891774,27.249542674776134,86391.0,0,0,0,35,SALT LAKE
2083,351178,596.25,1426.506923512684,0.4179790438953999,366.75,37.25,84.5,245.0,651.259366292082,23.0,14.25,58.0,26.5,33.5,43.25,8.0,160.25,3.281810766721045,0.0,240.22854001617148,40.99901550918946,127846.0,0,0,0,35,SALT LAKE
2084,351179,0.0,0.0,0.0,1076.0,498.25,72.0,505.75,1120.0639852740708,322.5,175.75,11.0,61.0,75.5,91.25,21.0,318.0,0.0,0.0,44.06398527407086,0.0,127846.0,0,0,0,35,SALT LAKE
2085,351180,123.5,435.7108116935149,0.28344488290290953,16.0,0.0,0.0,16.0,30.39798027492637,0.0,0.0,0.0,0.0,16.0,0.0,0.0,0.0,0.0,0.0,5.648166363051056,8.749813911875318,127846.0,0,0,0,35,SALT LAKE
2086,351181,372.75,1300.94444258927,0.2865226121863556,0.0,0.0,0.0,0.0,41.84133203075238,0.0,0.0,0.0,0.0,0.0,0.0,0.0,0.0,0.0,0.0,15.841735043098772,25.99959698765361,104529.0,0,0,0,35,SALT LAKE
2087,351182,362.0,1118.3841477610017,0.3236812688419465,0.0,0.0,0.0,0.0,39.65605077499512,0.0,0.0,0.0,0.0,0.0,0.0,0.0,0.0,0.0,0.0,14.656438286866646,24.999612488128477,94115.0,0,0,0,35,SALT LAKE
2088,351183,354.75,1104.80442002135,0.32109755679031815,99.5,0.25,14.25,85.0,158.39095442094072,0.25,0.0,0.0,14.25,2.0,68.75,1.0,13.25,0.0,0.0,34.39132643185534,24.49962798908539,92183.0,658,0,0,35,SALT LAKE
2089,351184,128.0,371.76786374530377,0.3443008728901112,88.75,0.25,28.5,60.0,106.52561405503012,0.0,0.25,28.5,0.0,2.0,9.0,44.0,5.0,0.0,0.0,8.775753559303885,8.999860495726251,86391.0,0,0,0,35,SALT LAKE
2090,351185,500.0,1867.914585018201,0.2676781925738473,87.0,0.0,0.0,87.0,146.56929917739336,0.0,0.0,0.0,0.0,0.0,87.0,0.0,0.0,0.0,1.8036322360155488,23.7661939575231,33.99947298385472,110636.0,1025,0,0,35,SALT LAKE
2091,351186,514.0,1472.4308198125457,0.3490826143298447,168.5,95.5,35.25,37.75,231.38249890956675,1.0,94.5,35.25,0.0,2.0,3.75,11.0,21.0,0.0,0.0,27.6330491884746,35.24944972109216,90562.0,0,0,0,35,SALT LAKE
2092,351187,457.5,1209.6610457393992,0.37820511920374805,165.25,3.0,124.25,38.0,264.7391898963802,0.0,3.0,124.25,0.0,0.0,28.0,0.0,10.0,2.01957585644372,0.0,65.97033518751638,31.499278852420083,105293.0,0,0,0,35,SALT LAKE
2093,351188,160.75,564.6085994302796,0.2847105059366885,293.75,116.5,7.5,169.75,336.15181616360303,38.5,78.0,0.5,7.0,12.25,98.75,28.0,30.75,0.0,0.0,31.401986668826524,10.999829494776527,127846.0,0,1341,0,35,SALT LAKE
2094,351189,514.5,1815.8471063198613,0.2833388329938891,1205.0,599.0,57.25,548.75,1310.1175226584878,402.5,196.5,23.25,34.0,79.25,71.25,78.0,320.25,0.0,0.0,69.61806517462588,35.49945748386192,127846.0,0,0,0,35,SALT LAKE
2095,351190,315.0,1224.911561353086,0.25716142286389926,193.75,0.0,0.0,193.75,237.34767026154003,0.0,0.0,0.0,0.0,0.0,193.25,0.0,0.5,0.0,0.0,21.59801127198696,21.99965898955305,113796.0,86,52,83,35,SALT LAKE
2096,351191,42.75,118.22182370893348,0.36160836179665173,0.0,0.0,0.0,0.0,30.740733607626,0.0,0.0,0.0,0.0,0.0,0.0,0.0,0.0,1.0097879282218598,0.0,26.98098444215951,2.749961237244632,78975.0,0,0,0,35,SALT LAKE
2097,351192,539.25,1458.537014895276,0.3697197907855075,105.75,30.25,17.5,58.0,169.61391708087092,3.25,27.0,0.0,17.5,14.5,8.0,0.0,35.5,0.0,0.0,26.86449059844078,36.99942648243014,78975.0,0,0,0,35,SALT LAKE
2098,351193,201.25,479.7083149307633,0.41952576958989457,267.0,2.5,3.0,261.5,301.9579660632696,1.25,1.25,1.0,2.0,9.0,8.5,187.0,57.0,0.0,0.0,20.958183069917617,13.999782993351946,112204.0,0,0,0,35,SALT LAKE
2099,351194,123.5,296.01226742314094,0.41721243877862785,191.0,5.5,40.5,145.0,214.9929800525911,3.5,2.0,0.0,40.5,32.0,46.75,27.0,39.25,1.0097879282218598,0.0,14.483316127686036,8.499875996683166,113721.0,0,0,0,35,SALT LAKE
2100,351195,474.0,1831.6013153573367,0.2587899429999726,0.0,0.0,0.0,0.0,52.19058888614552,0.0,0.0,0.0,0.0,0.0,0.0,0.0,0.0,0.0,0.0,19.191100401815927,32.99948848432959,110636.0,0,0,0,35,SALT LAKE
2101,351196,362.0,1045.4885075245156,0.3462496214876006,338.0,25.25,25.0,287.75,393.350885268288,18.5,6.75,2.75,22.25,62.5,101.75,4.0,119.5,1.0097879282218598,0.0,29.341484851937626,24.999612488128477,148008.0,0,0,0,35,SALT LAKE
2102,351197,307.25,885.496455115726,0.3469804969008547,257.0,60.0,7.5,189.5,303.0945029460636,58.75,1.25,0.0,7.5,82.0,8.75,56.0,42.75,0.0,0.0,25.09482845603568,20.99967449002792,148008.0,0,0,0,35,SALT LAKE
2103,351198,339.5,792.580674076353,0.42834756272052926,1025.25,270.25,35.5,719.5,1103.5050605223944,248.0,22.25,1.0,34.5,174.75,174.75,0.0,370.0,0.0,0.0,55.25541703331626,22.9996434890782,90059.0,0,0,0,35,SALT LAKE
2104,351199,0.0,0.0,0.0,5905.0,757.0,860.75,4287.25,6144.076267635216,651.25,105.75,207.25,653.5,1192.5,525.5,24.0,2545.25,0.0,0.0,239.07626763521645,0.0,90059.0,0,0,0,35,SALT LAKE
2105,351200,504.5,1140.1726213327545,0.442476858820103,2248.0,326.0,172.5,1749.5,2394.4403401262225,223.0,103.0,14.0,158.5,388.75,280.25,344.0,736.5,0.0,0.0,111.44088264284233,34.999457483379864,97701.0,0,0,0,35,SALT LAKE
2106,351201,301.75,744.0485923813551,0.4055514694735702,0.0,0.0,0.0,0.0,33.216888637188376,0.0,0.0,0.0,0.0,0.0,0.0,0.0,0.0,0.0,0.0,12.217214147160451,20.99967449002792,114601.0,0,0,0,35,SALT LAKE
2107,351202,284.0,702.1562062495665,0.4044684038569307,670.75,189.5,13.25,468.0,729.4059535897137,176.0,13.5,3.0,10.25,42.75,46.5,154.0,224.75,0.0,0.0,38.65626359921092,19.99968999050278,114601.0,0,0,0,35,SALT LAKE
2108,351203,643.0,1322.738227647838,0.4861128124673739,2985.0,886.5,310.5,1788.0,3175.888193979013,352.0,534.5,74.25,236.25,188.25,85.0,786.0,728.75,0.0,0.0,146.88887599990665,43.99931797910611,90770.0,0,0,0,35,SALT LAKE
2109,351204,629.0,1340.6102611986057,0.46918930744094633,1319.5,256.25,38.5,1024.75,1469.6438135727806,72.25,184.0,0.0,38.5,142.75,444.25,34.0,403.75,0.0,0.0,106.89447235404828,43.24934121873224,90770.0,0,0,0,35,SALT LAKE
2110,351205,375.75,1163.5439754157148,0.3229357961015189,566.5,7.25,25.0,534.25,630.3995087739154,7.25,0.0,24.75,0.25,130.0,18.5,311.0,74.75,0.0,0.0,38.14995837011269,25.74955040380268,81668.0,0,0,0,35,SALT LAKE
2111,351206,0.0,0.0,0.0,2452.4999959052107,186.99999968777752,1617.7499972989417,647.7499989184914,2551.7958941487695,151.99999974621488,34.99999994156264,1610.4999973110466,7.2499999878951185,72.24999987936859,83.24999986100256,0.0,492.2499991781203,0.0,0.0,99.29589824355875,0.0,90059.0,1228,526,188,35,SALT LAKE
2112,351207,93.0,215.3509625869318,0.4318531892443166,1236.25,220.0,47.25,969.0,1305.067902709034,65.25,154.75,0.0,47.25,206.25,146.75,69.75,546.25,0.0,0.0,62.3179957114009,6.4999069976328885,90770.0,0,0,0,35,SALT LAKE
2113,351208,75.5,235.3546087503528,0.3207925283506343,1622.5,539.5,73.5,1009.5,1706.2489083356838,233.5,306.0,19.0,54.5,122.25,100.25,117.0,670.0,0.0,0.0,78.49915659152465,5.249751744159068,114181.0,0,0,0,35,SALT LAKE
2114,351209,41.25,128.68005572524214,0.3205624971757633,578.0,277.75,15.25,285.0,612.8210233698538,175.75,102.0,4.75,10.5,33.75,28.5,69.0,153.75,0.0,0.0,32.071007786470595,2.7500155833832647,111398.0,0,0,0,35,SALT LAKE
2115,351210,214.0,656.7672250153571,0.3258384277549722,0.0,0.0,0.0,0.0,25.664072901810933,0.0,0.0,0.0,0.0,0.0,0.0,0.0,0.0,0.0,0.0,10.66430540893385,14.999767492877083,144924.0,0,0,0,35,SALT LAKE
2116,351211,249.75,632.5126399361739,0.39485376928625804,16.0,0.0,0.0,16.0,44.00954645646817,0.0,0.0,0.0,0.0,9.0,0.0,6.0,1.0,0.0,0.0,11.009809964540809,16.99973649192736,155809.0,0,0,0,35,SALT LAKE
2117,351212,373.4999999294243,896.899105870924,0.41643480017380685,5411.9999989773605,1857.7499996489637,231.99999995616182,3322.2499993722354,5672.489937816257,1786.499999662427,71.24999998653676,0.0,231.99999995616182,1102.9999997915795,576.2499998911131,3.999999999244169,1638.9999996902982,0.0,0.0,234.49034185615562,25.999596982740787,90059.0,0,0,0,35,SALT LAKE
2118,351213,0.0,0.0,0.0,2492.0,385.5,1559.5,547.0,2592.8948941440854,328.75,56.75,160.25,1399.25,259.5,19.0,29.0,239.5,0.0,0.0,100.8948941440854,0.0,90059.0,0,0,0,35,SALT LAKE
2119,351214,429.0,1005.6055310392004,0.4266086320713333,787.5,49.0,110.0,628.5,866.7525350489026,39.25,9.75,0.0,110.0,182.5,190.25,13.0,242.75,0.0,0.0,49.253000063148384,29.999534985754167,90059.0,0,0,0,35,SALT LAKE
2120,351215,189.0,480.5842604116932,0.3932713065510986,3905.25,930.25,484.0,2491.0,4084.015682200582,416.75,513.5,147.25,336.75,428.0,693.75,326.0,1043.25,0.0,0.0,165.76588370675535,12.999798493826804,60380.0,0,0,0,35,SALT LAKE
2121,351216,284.75,924.4072115463858,0.3080352429571148,1213.0,259.25,89.75,864.0,1297.2473202838817,83.0,176.25,0.0,89.75,166.25,157.75,134.0,406.0,0.0,3.607264472031097,60.64036582134772,19.99968999050278,149201.0,0,0,0,35,SALT LAKE
2122,351217,183.75,574.7208980105022,0.3197204080034031,1029.75,245.75,94.75,689.25,1115.1347963351,224.75,21.0,4.0,90.75,139.5,115.5,174.25,260.0,0.0,0.0,72.63507542800191,12.749720907097933,149504.0,0,0,0,35,SALT LAKE
2123,351218,136.5,431.8351460339058,0.3160928452759207,880.25,22.75,143.75,713.75,935.6656512614808,13.0,9.75,73.0,70.75,132.0,454.5,33.5,93.75,0.0,0.0,46.165658809268535,9.249992452212243,149709.0,705,0,0,35,SALT LAKE
2124,351219,326.75,1193.7670581643058,0.2737133662428699,65.0,0.0,0.0,65.0,104.11071039696884,0.0,0.0,0.0,0.0,0.0,60.0,0.0,5.0,0.0,0.0,16.611121254511335,22.499589142457506,114770.0,0,1609,0,35,SALT LAKE
2125,351220,106.99999213765963,382.87974110517604,0.27946109613636366,2.7499997979305046,0.9999999265201834,0.4999999632600917,1.2499999081502293,21.69281701475941,0.4999999632600917,0.4999999632600917,0.0,0.4999999632600917,0.0,0.4999999632600917,0.0,0.7499999448901375,0.0,0.0,11.442887449683212,7.499929767145699,114770.0,0,0,0,35,SALT LAKE
2126,351221,444.99999999873086,1635.2448550660856,0.27213049997992317,1.999999999994296,0.0,0.0,1.999999999994296,51.09758892913949,0.0,0.0,0.0,0.0,0.0,0.0,1.999999999994296,0.0,0.0,0.0,18.098069443954294,30.999519485190895,114770.0,0,0,0,35,SALT LAKE
2127,351222,510.0,1214.8178657802523,0.4198160188173044,2162.0,1129.0,6.0,1027.0,2305.1825119571,1128.75,0.25,3.75,2.25,264.5,0.5,0.0,762.0,0.0,0.0,108.18305447371998,34.999457483379864,90059.0,0,0,0,35,SALT LAKE
2128,351223,1.0,1.0,1.0,4438.25,637.5,381.75,3419.0,4617.985741677798,525.5,112.0,77.75,304.0,862.25,745.25,36.0,1775.5,0.0,0.0,179.7357416777977,0.0,90059.0,0,0,0,35,SALT LAKE
2129,351224,1058.25,2698.9973485443147,0.3920900480212623,913.0,156.5,164.0,592.5,1065.8096805329917,156.25,0.25,13.75,150.25,91.0,60.5,33.0,408.0,0.0,0.0,79.81081206765663,72.99886846533514,60380.0,513,108,0,35,SALT LAKE
2130,351225,329.25,1067.3520050915586,0.3084736791886727,0.0,0.0,0.0,0.0,36.33009419009392,0.0,0.0,0.0,0.0,0.0,0.0,0.0,0.0,0.0,0.0,13.330450701015728,22.9996434890782,149201.0,0,0,0,35,SALT LAKE
2131,351226,19.0,62.12821858179385,0.30581916613279153,147.0,0.0,0.0,147.0,154.72091839551976,0.0,0.0,0.0,0.0,0.0,147.0,0.0,0.0,0.0,0.0,6.720933895994607,0.999984499525139,149201.0,0,0,2351,35,SALT LAKE
2132,351227,266.5,829.5105276390088,0.321273800778062,181.0,0.0,0.0,181.0,217.1180538603249,0.0,0.0,0.0,0.0,0.0,181.0,0.0,0.0,0.0,0.0,18.118332868872372,17.999720991452502,149709.0,0,0,0,35,SALT LAKE
2133,351228,0.0,0.0,0.0,0.0,0.0,0.0,0.0,0.0,0.0,0.0,0.0,0.0,0.0,0.0,0.0,0.0,0.0,0.0,0.0,0.0,90059.0,0,0,0,35,SALT LAKE
2134,351229,1019.5,2417.182930457409,0.4217719673401292,1051.5,119.25,38.5,893.75,1206.5997900863729,101.25,18.0,0.0,38.5,155.75,108.5,3.0,626.5,0.0,0.0,84.85093720442093,70.24885288195188,90059.0,0,0,0,35,SALT LAKE
2135,351230,630.75,2624.9616706464462,0.2402892229068876,64.0,0.0,0.0,64.0,135.12806077876567,0.0,0.0,0.0,0.0,0.0,64.0,0.0,0.0,0.0,0.0,28.1287272991847,42.999333479580976,149201.0,683,0,0,35,SALT LAKE
2136,351231,538.5,1623.5032017499148,0.331690137364417,3.0,0.0,1.0,2.0,62.17342534026802,0.0,0.0,1.0,0.0,0.0,1.0,1.0,0.0,0.0,0.0,22.17399885783788,36.99942648243014,149081.0,0,0,0,35,SALT LAKE
2137,351232,218.750000010235,801.9190236367007,0.2727831533640446,0.0,0.0,0.0,0.0,23.85628629505253,0.0,0.0,0.0,0.0,0.0,0.0,0.0,0.0,0.0,0.0,8.856518801473628,14.9997674935789,138222.0,0,0,0,35,SALT LAKE
2138,351233,619.25,2064.511779709604,0.2999498506552984,0.0,0.0,0.0,0.0,336.32157130303216,0.0,0.0,0.0,0.0,0.0,0.0,0.0,0.0,0.0,0.0,294.07223008526404,42.24934121776813,148008.0,0,0,0,35,SALT LAKE
2139,351234,0.0,0.0,0.0,2655.25,297.0,253.75,2104.5,2762.7530650991225,187.75,109.25,16.75,237.0,1019.0,305.25,0.0,780.25,0.0,0.0,107.50306509912237,0.0,148008.0,0,0,0,35,SALT LAKE
2140,351235,0.0,0.0,0.0,558.0,14.5,0.0,543.5,655.6122576105411,1.0,13.5,0.0,0.0,0.0,62.25,479.25,2.0,2.01957585644372,0.0,95.59268175409744,0.0,148008.0,0,0,0,35,SALT LAKE
2141,351236,0.0,0.0,0.0,0.0,0.0,0.0,0.0,0.0,0.0,0.0,0.0,0.0,0.0,0.0,0.0,0.0,0.0,0.0,0.0,0.0,148008.0,0,0,0,35,SALT LAKE
2142,351237,2.0,3.640827647119191,0.5493256462119271,3271.25,136.25,214.5,2920.5,3403.776215846676,93.5,42.75,0.0,214.5,1573.25,300.5,35.0,1011.75,0.0,0.0,132.5262158466757,0.0,96451.0,0,0,0,35,SALT LAKE
2143,351238,0.0,0.0,0.0,1257.0,329.25,42.75,885.0,1348.1428890112195,223.25,106.0,2.0,40.75,157.25,63.25,17.0,647.5,0.0,0.0,91.14288901121982,0.0,60380.0,0,0,0,35,SALT LAKE
2144,351239,405.5,995.9350528866796,0.40715506380127275,232.75,4.0,11.5,217.25,286.5908347956567,3.0,1.0,0.0,11.5,74.25,14.75,24.0,104.25,0.0,0.0,25.84126880895279,27.99956598670389,96451.0,0,0,0,35,SALT LAKE
2145,351240,266.0,651.5758941413757,0.4082410082873395,0.0,0.0,0.0,0.0,29.519246197954587,0.0,0.0,0.0,0.0,0.0,0.0,0.0,0.0,0.0,0.0,11.519525206502086,17.999720991452502,96652.0,0,0,0,35,SALT LAKE
2146,351241,835.9999997950807,2146.722816372663,0.38943080747037356,172.24999995777827,2.9999999992646433,21.999999994607386,147.24999996390625,271.07079783356994,1.9999999995097624,0.9999999997548812,12.749999996874735,9.249999997732651,42.999999989459894,61.249999984986474,0.9999999997548812,41.99999998970501,0.0,0.0,40.82169691755028,57.9991009582414,120884.0,662,0,0,35,SALT LAKE
2147,351242,469.25,1164.4585214417996,0.40297699863021996,0.0,0.0,0.0,0.0,50.998122785451855,0.0,0.0,0.0,0.0,0.0,0.0,0.0,0.0,0.0,0.0,18.998618800647407,31.99950398480445,130577.0,0,0,0,35,SALT LAKE
2148,351243,262.99999916813425,698.9700334529522,0.37626791790901126,0.0,0.0,0.0,0.0,28.647947495095917,0.0,0.0,0.0,0.0,0.0,0.0,0.0,0.0,0.0,0.0,10.648226560576306,17.99972093451961,148614.0,0,0,0,35,SALT LAKE
2149,351244,0.0,0.0,0.0,548.5,16.5,0.0,532.0,643.7084881727191,0.0,16.5,0.0,0.0,0.0,65.75,466.25,0.0,0.0,0.0,95.20848817271909,0.0,148008.0,0,0,1,35,SALT LAKE
2150,351245,378.0,916.165192056362,0.41258934881772463,622.25,61.5,47.5,513.25,688.7472522606125,51.0,10.5,0.0,47.5,81.5,38.0,87.5,306.25,0.0,0.0,40.497655272958895,25.99959698765361,96451.0,0,0,0,35,SALT LAKE
2151,351246,397.0,972.1986501387572,0.4083527578888719,22.0,8.0,0.0,14.0,65.96367133360462,7.0,1.0,0.0,0.0,0.0,0.0,0.0,14.0,0.0,0.0,16.96408984642587,26.99958148717875,95085.0,0,0,0,35,SALT LAKE
2152,351247,453.5,1106.9864116051417,0.40967079202211737,50.75,8.25,0.5,42.0,102.16534388746314,8.25,0.0,0.0,0.5,7.0,1.25,30.0,3.75,0.0,0.0,20.41582440218384,30.999519485279308,100700.0,0,0,0,35,SALT LAKE
2153,351248,0.0,0.0,0.0,464.75,90.0,39.5,335.25,483.5666543229875,88.0,2.0,0.0,39.5,8.25,294.75,0.25,32.0,0.0,0.0,18.81665432298752,0.0,96451.0,0,0,0,35,SALT LAKE
2154,351249,330.0,817.0651115675512,0.40388458071216654,2086.5,85.75,139.5,1861.25,2207.087423023207,40.0,45.75,0.0,139.5,773.0,375.75,2.0,710.5,0.0,0.0,97.83777179545962,22.74965122774741,95085.0,0,0,0,35,SALT LAKE
2155,351250,718.0,2049.818130450056,0.35027497773295463,0.0,0.0,0.0,0.0,79.06940591830558,0.0,0.0,0.0,0.0,0.0,0.0,0.0,0.0,0.0,0.0,29.82022752638161,49.24917839192396,95085.0,0,0,0,35,SALT LAKE
2156,351251,460.0,1522.9696921953448,0.30204146698212675,91.75,6.75,2.0,83.0,152.08860052358648,0.0,6.75,0.0,2.0,13.75,1.0,3.0,65.25,0.0,0.0,28.33909653878203,31.99950398480445,145738.0,0,0,0,35,SALT LAKE
2157,351252,0.0,0.0,0.0,73.0,4.5,45.25,23.25,75.95556035269746,3.5,1.0,0.0,45.25,1.0,5.75,0.0,16.5,0.0,0.0,2.9555603526974656,0.0,95085.0,0,0,0,35,SALT LAKE
2158,351253,624.25,1667.2980437700598,0.3744081643546218,2384.75,111.5,113.25,2160.0,2575.081350419044,83.0,28.5,0.0,113.25,464.5,302.0,24.0,1369.5,0.0,0.0,147.33234292182092,42.999007497223126,95085.0,0,0,0,35,SALT LAKE
2159,351254,0.0,0.0,0.0,21.9999999908485,0.4999999997920114,11.999999995008274,9.499999996048215,22.890649293168817,0.2499999998960057,0.2499999998960057,0.0,11.999999995008274,0.0,3.249999998648074,0.0,6.249999997400142,0.0,0.0,0.8906493023203177,0.0,95085.0,0,0,0,35,SALT LAKE
2160,351255,0.0,0.0,0.0,0.0,0.0,0.0,0.0,0.0,0.0,0.0,0.0,0.0,0.0,0.0,0.0,0.0,0.0,0.0,0.0,0.0,95085.0,0,0,0,35,SALT LAKE
2161,351256,0.0,0.0,0.0,50.5,3.5,26.75,20.25,52.5447282766119,2.5,1.0,0.0,26.75,2.25,3.25,0.0,14.75,0.0,0.0,2.044728276611897,0.0,95085.0,0,0,0,35,SALT LAKE
2162,351257,191.75,594.9049785446578,0.32232038210385544,0.0,0.0,0.0,0.0,20.763381746051067,0.0,0.0,0.0,0.0,0.0,0.0,0.0,0.0,0.0,0.0,7.763583252224263,12.999798493826804,141675.0,0,0,0,35,SALT LAKE
2163,351258,88.75,277.2011806568008,0.32016458151338195,0.0,0.0,0.0,0.0,11.103000269785364,0.0,0.0,0.0,0.0,0.0,0.0,0.0,0.0,1.0097879282218598,0.0,4.093305344412672,5.999906997150834,141675.0,0,0,0,35,SALT LAKE
2164,351259,77.25,238.9807926321775,0.32324773530606615,81.5,0.0,0.0,81.5,92.92732107239408,0.0,0.0,0.0,0.0,0.0,80.5,0.0,1.0,0.0,0.0,6.427398574768375,4.999922497625695,141675.0,358,171,0,35,SALT LAKE
2165,351260,113.0,352.080342138205,0.32094947225324827,267.75,4.25,38.25,225.25,291.1654095382902,3.25,1.0,2.0,36.25,6.0,178.75,2.0,38.5,0.0,0.0,15.415533542089085,7.999875996201112,141675.0,796,0,0,35,SALT LAKE
2166,351261,140.75,492.8072447438761,0.28560862589013114,119.5,34.75,15.75,69.0,142.03680803931115,33.75,1.0,6.0,9.75,2.0,42.25,7.0,17.75,0.0,0.0,13.03700186562298,9.49980617368816,96281.0,500,0,0,35,SALT LAKE
2167,351262,590.5,1731.7569096436896,0.34098319268233546,788.75,98.5,21.75,668.5,959.601984443248,12.5,86.0,0.0,21.75,141.25,66.25,68.0,393.0,1.0097879282218598,0.0,129.34287085605874,40.49932565896747,96281.0,0,0,0,35,SALT LAKE
2168,351263,18.5,54.83053336013317,0.3374032471741593,229.25,13.5,83.75,132.0,243.78091279453244,9.25,4.25,13.0,70.75,26.25,56.25,0.0,49.5,0.0,0.0,13.530928295007296,0.999984499525139,96281.0,0,0,0,35,SALT LAKE
2169,351264,222.0,735.5539037496325,0.30181336659123253,0.0,0.0,0.0,0.0,23.98800438993011,0.0,0.0,0.0,0.0,0.0,0.0,0.0,0.0,0.0,0.0,8.988236897053028,14.999767492877083,90059.0,0,0,0,35,SALT LAKE
2170,351265,0.0,0.0,0.0,952.25,70.0,474.75,407.5,991.8144468033844,65.5,4.5,25.25,449.5,77.75,64.75,72.75,192.25,1.0097879282218598,0.0,38.5546588751625,0.0,90059.0,0,0,0,35,SALT LAKE
2171,351266,150.5,469.5079656204832,0.320548342137508,0.0,0.0,0.0,0.0,19.34322292598859,0.0,0.0,0.0,0.0,0.0,0.0,0.0,0.0,0.0,0.0,9.3433779307372,9.99984499525139,141675.0,0,0,0,35,SALT LAKE
2172,351267,174.0,715.9154421799315,0.243045462841502,0.0,0.0,0.0,0.0,19.044648319018908,0.0,0.0,0.0,0.0,0.0,0.0,0.0,0.0,0.0,0.0,7.04483432471724,11.999813994301668,114950.0,0,0,0,35,SALT LAKE
2173,351268,176.0,722.6032920257786,0.24356379488196583,0.0,0.0,0.0,0.0,19.125623426199567,0.0,0.0,0.0,0.0,0.0,0.0,0.0,0.0,0.0,0.0,7.125809431897897,11.999813994301668,114950.0,0,0,0,35,SALT LAKE
2174,351269,103.5,360.8638000696357,0.28681181093816466,0.0,0.0,0.0,0.0,11.189895381674525,0.0,0.0,0.0,0.0,0.0,0.0,0.0,0.0,0.0,0.0,4.190003884998552,6.999891496675973,96281.0,0,0,0,35,SALT LAKE
2175,351270,109.75,318.59370069275667,0.3444826428186036,7.0,0.0,0.0,7.0,19.726753734061177,0.0,0.0,0.0,0.0,0.0,0.0,0.0,7.0,0.0,0.0,4.7268777378600655,7.999875996201112,96281.0,0,0,0,35,SALT LAKE
2176,351271,5.0,12.500559753355454,0.39998208869469853,0.0,0.0,0.0,0.0,4.241589480839084,0.0,0.0,0.0,0.0,0.0,0.0,0.0,0.0,4.039151712887439,0.0,0.2024377679516447,0.0,96281.0,0,0,0,35,SALT LAKE
2177,351272,313.0,922.6530781830204,0.3392391001571149,17.25,0.5,7.0,9.75,52.37249238958337,0.25,0.25,0.0,7.0,0.75,2.25,0.0,6.75,0.0,0.0,13.372794611246178,21.74969777833719,96281.0,0,0,0,35,SALT LAKE
2178,351273,420.0,1241.3078293794515,0.33835281632756986,1685.5,122.5,717.75,845.25,1846.7097365422487,79.5,43.0,117.0,600.75,156.5,108.75,0.0,580.0,0.0,7.214528945414152,124.9956338382001,28.999573758634263,96281.0,0,0,542,35,SALT LAKE
2179,351274,7.0,21.06406640372033,0.3323194992759642,1182.25,153.75,136.25,892.25,1241.149253166703,67.25,86.5,0.0,136.25,233.25,162.75,16.25,480.0,0.0,0.0,58.39937733631869,0.499875830384305,96281.0,0,0,0,35,SALT LAKE
2180,351275,187.0,768.2933808850476,0.24339660428231522,0.0,0.0,0.0,0.0,27.78549996063247,0.0,0.0,0.0,0.0,0.0,0.0,0.0,0.0,0.0,7.214528945414152,7.5711725213915155,12.999798493826804,114950.0,0,0,0,35,SALT LAKE
2181,351276,322.0,940.5621151999984,0.3423484688531505,108.75,4.25,24.0,80.5,148.1894001566725,2.25,2.0,1.0,23.0,9.0,11.5,0.0,60.0,0.0,0.0,17.439741167119458,21.99965898955305,96281.0,0,0,0,35,SALT LAKE
2182,351277,1198.75,3504.930140375444,0.34201822917691344,273.25,6.75,6.75,259.75,585.3540344606076,4.0,2.75,0.0,6.75,4.75,240.0,0.0,15.0,0.0,0.0,229.6052512001625,82.49878326044511,96281.0,348,0,0,35,SALT LAKE
2183,351278,1072.0,3133.71636220358,0.34208584188716634,91.0,0.0,3.0,88.0,212.08587779041287,0.0,0.0,0.0,3.0,0.0,88.0,0.0,0.0,0.0,0.0,47.087024825552575,73.99885296486028,96281.0,716,256,0,35,SALT LAKE
2184,351279,62.5,179.22758721192076,0.34871863741656733,372.25,14.75,211.75,145.75,393.8526754463292,12.5,2.25,0.0,211.75,10.0,29.25,0.0,106.5,0.0,0.0,17.602737448228616,3.999937998100556,96281.0,0,0,0,35,SALT LAKE
2185,351280,0.0,0.0,0.0,1068.7499942851243,39.74999978744673,533.9999971445674,494.99999735311025,1544.8900184746863,27.999999850276943,11.749999937169788,196.99999894659135,336.999998197976,126.99999932089898,99.7499994666116,0.0,268.24999856559964,0.0,432.8717343831356,43.26828980642647,0.0,96281.0,0,0,0,35,SALT LAKE
2186,351281,356.24999987085977,1042.0822858163997,0.3418635982203291,1538.7499994422049,92.9999999662876,222.24999991943463,1223.4999995564826,1669.6522435364575,51.749999981240684,41.24999998504692,2.4999999990937525,219.74999992034085,251.4999999088315,471.9999998289005,0.9999999996375011,498.99999981911304,1.0097879278558128,0.0,105.64283594887175,24.249620217525173,96691.0,0,0,0,35,SALT LAKE
2187,351282,26.4,51.6,0.5116279069767441,0.0,0.0,0.0,0.0,0.0,0.0,0.0,0.0,0.0,0.0,0.0,0.0,0.0,0.0,0.0,0.0,0.0,120184.0,0,0,0,35,SALT LAKE
2188,351283,392.0,1008.9,0.3885419764099514,0.0,0.0,0.0,0.0,0.0,0.0,0.0,0.0,0.0,0.0,0.0,0.0,0.0,0.0,0.0,0.0,0.0,120184.0,0,0,0,35,SALT LAKE
2189,351284,176.6,454.8,0.38830255057167984,10.0,0.0,0.0,10.0,10.0,0.0,0.0,0.0,0.0,0.0,10.0,0.0,0.0,0.0,0.0,0.0,0.0,120184.0,0,0,0,35,SALT LAKE
2190,351285,7.000000014486569,12.700000026282774,0.5511811023622047,55.00000011382304,53.90000011154658,0.0,1.1000000022764609,55.00000011382304,0.0,53.90000011154658,0.0,0.0,0.0,1.1000000022764609,0.0,0.0,0.0,0.0,0.0,0.0,133856.0,0,0,0,35,SALT LAKE
2191,351286,0.0,0.0,0.0,0.0,0.0,0.0,0.0,0.0,0.0,0.0,0.0,0.0,0.0,0.0,0.0,0.0,0.0,0.0,0.0,0.0,109943.0,0,0,0,35,SALT LAKE
2192,351287,62.000000121021266,93.1000001817271,0.6659505907626209,51.00000009954975,51.00000009954975,0.0,0.0,51.00000009954975,0.0,51.00000009954975,0.0,0.0,0.0,0.0,0.0,0.0,0.0,0.0,0.0,0.0,136616.0,0,0,0,35,SALT LAKE
2193,351288,12.800000000413656,23.800000000769142,0.5378151260504201,0.0,0.0,0.0,0.0,0.0,0.0,0.0,0.0,0.0,0.0,0.0,0.0,0.0,0.0,0.0,0.0,0.0,136616.0,0,0,0,35,SALT LAKE
2194,351289,20.800000068553697,39.5000001301861,0.5265822784810127,103.50000034112055,71.50000023565333,0.0,32.00000010546722,103.50000034112055,29.100000095909255,42.400000139744066,0.0,0.0,0.0,0.0,0.0,32.00000010546722,0.0,0.0,0.0,0.0,136616.0,0,0,0,35,SALT LAKE
2195,351290,72.4999999981439,134.59999999655406,0.5386329866270431,63.59999999837176,21.599999999447014,0.0,41.99999999892474,63.59999999837176,8.899999999772149,12.699999999674862,0.0,0.0,0.0,9.499999999756788,0.0,32.499999999167954,0.0,0.0,0.0,0.0,136616.0,0,0,0,35,SALT LAKE
2196,351291,179.7,257.6,0.6975931677018633,192.4,106.2,0.0,86.2,192.4,0.0,106.2,0.0,0.0,0.0,37.7,0.0,48.5,0.0,0.0,0.0,0.0,154242.0,13,0,0,35,SALT LAKE
2197,351292,28.60000446740581,42.50000663862751,0.6729411764705883,667.5001042655027,500.3000781483611,0.0,167.20002611714165,667.5001042655027,30.700004795432108,469.600073352929,0.0,0.0,0.0,32.60000509221781,0.0,134.60002102492385,0.0,0.0,0.0,0.0,154321.0,0,0,0,35,SALT LAKE
2198,351293,0.0,0.0,0.0,0.0,0.0,0.0,0.0,0.0,0.0,0.0,0.0,0.0,0.0,0.0,0.0,0.0,0.0,0.0,0.0,0.0,137723.0,0,0,0,35,SALT LAKE
2199,351294,17.79999999953709,50.59999999868408,0.35177865612648224,90.89999999763603,0.0,0.0,90.89999999763603,90.89999999763603,0.0,0.0,0.0,0.0,9.49999999975294,0.0,0.0,81.39999999788309,0.0,0.0,0.0,0.0,143773.0,0,0,0,35,SALT LAKE
2200,351295,1.0,2.1719724011959984,0.46041100681083663,162.0,0.0,0.0,162.0,168.59947123522363,0.0,0.0,0.0,0.0,0.0,162.0,0.0,0.0,0.0,0.0,6.5994712352236204,0.0,31535.0,0,0,0,35,SALT LAKE
2201,351296,0.0,0.0,0.0,0.0,0.0,0.0,0.0,0.0,0.0,0.0,0.0,0.0,0.0,0.0,0.0,0.0,0.0,0.0,0.0,0.0,120184.0,0,0,0,35,SALT LAKE
2202,351297,0.0,0.0,0.0,5.000000001661408,0.0,0.0,5.000000001661408,5.000000001661408,0.0,0.0,0.0,0.0,0.0,5.000000001661408,0.0,0.0,0.0,0.0,0.0,0.0,116535.0,0,0,0,35,SALT LAKE
2203,351298,0.0,0.0,0.0,0.0,0.0,0.0,0.0,0.0,0.0,0.0,0.0,0.0,0.0,0.0,0.0,0.0,0.0,0.0,0.0,0.0,120184.0,0,0,0,35,SALT LAKE
2204,351299,0.0,0.0,0.0,0.0,0.0,0.0,0.0,0.0,0.0,0.0,0.0,0.0,0.0,0.0,0.0,0.0,0.0,0.0,0.0,0.0,120184.0,0,0,0,35,SALT LAKE
2205,351300,0.0,0.0,0.0,0.0,0.0,0.0,0.0,10.0,0.0,0.0,0.0,0.0,0.0,0.0,0.0,0.0,0.0,0.0,10.0,0.0,120184.0,0,0,0,35,SALT LAKE
2206,351301,4.0,15.7,0.25477707006369427,15.0,4.5,0.0,10.5,15.0,0.0,4.5,0.0,0.0,0.0,0.0,0.0,10.5,0.0,0.0,0.0,0.0,110139.0,0,0,0,35,SALT LAKE
2207,351302,27.4,57.7,0.47487001733102246,0.0,0.0,0.0,0.0,0.0,0.0,0.0,0.0,0.0,0.0,0.0,0.0,0.0,0.0,0.0,0.0,0.0,109943.0,0,0,0,35,SALT LAKE
2208,351303,0.0,0.0,0.0,0.0,0.0,0.0,0.0,0.0,0.0,0.0,0.0,0.0,0.0,0.0,0.0,0.0,0.0,0.0,0.0,0.0,109943.0,0,0,0,35,SALT LAKE
2209,351304,0.0,0.0,0.0,0.0,0.0,0.0,0.0,0.0,0.0,0.0,0.0,0.0,0.0,0.0,0.0,0.0,0.0,0.0,0.0,0.0,109943.0,0,0,0,35,SALT LAKE
2210,351305,0.0,0.0,0.0,0.0,0.0,0.0,0.0,0.0,0.0,0.0,0.0,0.0,0.0,0.0,0.0,0.0,0.0,0.0,0.0,0.0,133856.0,0,0,0,35,SALT LAKE
2211,351306,0.7500000000513619,1.4531306140528801,0.5161270382705384,0.0,0.0,0.0,0.0,0.030441983794914047,0.0,0.0,0.0,0.0,0.0,0.0,0.0,0.0,0.0,0.0,0.030441983794914047,0.0,140499.0,0,0,0,35,SALT LAKE
2212,351307,1.5000000421476674,2.4375700376613576,0.615366951091502,0.0,0.0,0.0,0.0,0.06076350688209561,0.0,0.0,0.0,0.0,0.0,0.0,0.0,0.0,0.0,0.0,0.06076350688209561,0.0,136616.0,0,0,0,35,SALT LAKE
2213,351308,0.0,0.0,0.0,0.0,0.0,0.0,0.0,0.0,0.0,0.0,0.0,0.0,0.0,0.0,0.0,0.0,0.0,0.0,0.0,0.0,136616.0,0,0,0,35,SALT LAKE
2214,351309,0.0,0.0,0.0,0.0,0.0,0.0,0.0,0.0,0.0,0.0,0.0,0.0,0.0,0.0,0.0,0.0,0.0,0.0,0.0,0.0,136616.0,0,0,0,35,SALT LAKE
2215,351310,0.0,0.0,0.0,0.0,0.0,0.0,0.0,0.0,0.0,0.0,0.0,0.0,0.0,0.0,0.0,0.0,0.0,0.0,0.0,0.0,154321.0,0,0,0,35,SALT LAKE
2216,351311,0.0,0.0,0.0,0.0,0.0,0.0,0.0,0.0,0.0,0.0,0.0,0.0,0.0,0.0,0.0,0.0,0.0,0.0,0.0,0.0,155809.0,0,0,0,35,SALT LAKE
154,570001,0.0,0.0,0.0,0.0,0.0,0.0,0.0,9.044423486712171,0.0,0.0,0.0,0.0,0.0,0.0,0.0,0.0,9.044423486712171,0.0,0.0,0.0,77375.0,0,0,0,57,WEBER
155,570002,15.0,43.1692405675515,0.3474696289022714,0.0,0.0,0.0,0.0,7.594585742552665,0.0,0.0,0.0,0.0,0.0,0.0,0.0,0.0,6.029615657808115,0.0,0.5637856151850883,1.0011844695594616,77375.0,0,0,0,57,WEBER
156,570003,6.0,18.33861355012565,0.32717849599698284,0.0,0.0,0.0,0.0,7.260065846850169,0.0,0.0,0.0,0.0,0.0,0.0,0.0,0.0,7.034551600776133,0.0,0.2255142460740353,0.0,77375.0,0,0,0,57,WEBER
157,570004,59.75,169.86595438256217,0.3517479427657089,0.0,0.0,0.0,0.0,77.3543413719703,0.0,0.0,0.0,0.0,0.0,0.0,0.0,0.0,72.35538789369738,0.0,2.245636699977882,2.7533167782950434,77375.0,0,0,0,57,WEBER
158,570005,122.5,322.7115038899307,0.37959601230014367,0.0,0.0,0.0,0.0,24.15808013567772,0.0,0.0,0.0,0.0,0.0,0.0,0.0,0.0,9.044423486712171,0.0,10.107734301168238,5.005922347797308,77375.0,0,0,0,57,WEBER
159,570006,0.0,0.0,0.0,311.5,30.75,280.5,0.25,398.0492950860854,2.5,28.25,280.0,0.5,0.0,0.0,0.0,0.25,10.049359429680193,64.80000000000001,11.699935656405204,0.0,77375.0,0,0,0,57,WEBER
160,570007,3.0,6.957518780718138,0.43118820006840824,0.0,0.0,0.0,0.0,802.8052588987898,0.0,0.0,0.0,0.0,0.0,0.0,0.0,0.0,802.6925017757528,0.0,0.1127571230370176,0.0,77375.0,0,0,0,57,WEBER
161,570008,31.5,77.59351611957372,0.405961755251014,5.0,0.0,5.0,0.0,8.874587587627891,0.0,0.0,5.0,0.0,0.0,0.0,0.0,0.0,1.0049359429680191,0.0,1.3678744495606538,1.5017771950992185,83325.0,0,0,0,57,WEBER
162,570009,62.0,171.6498521766256,0.3612004275785962,0.0,0.0,0.0,0.0,93.26612733700142,0.0,0.0,0.0,0.0,0.0,0.0,0.0,0.0,88.43436298118567,0.0,2.329099390746587,2.502664965069161,77375.0,0,0,0,57,WEBER
163,570010,8.0,21.96811057280997,0.3641642267542861,0.0,0.0,0.0,0.0,1.3056216044000664,0.0,0.0,0.0,0.0,0.0,0.0,0.0,0.0,1.0049359429680191,0.0,0.3006856614320471,0.0,83325.0,0,0,0,57,WEBER
164,570011,19.75,61.88390842836526,0.31914597027855696,0.0,0.0,0.0,0.0,9.278131733584514,0.0,0.0,0.0,0.0,0.0,0.0,0.0,0.0,7.788336227954679,0.0,0.7378400659521848,0.7519554396776488,83325.0,0,0,0,57,WEBER
165,570012,0.0,0.0,0.0,456.0,3.0,435.0,18.0,475.14895458756274,0.0,3.0,435.0,0.0,0.0,0.0,0.0,18.0,2.0098718859360383,0.0,17.139082701626684,0.0,77375.0,0,0,0,57,WEBER
166,570013,36.5,105.87514420502696,0.34474569337367644,0.0,0.0,0.0,0.0,47.8152733323055,0.0,0.0,0.0,0.0,0.0,0.0,0.0,0.0,39.192501775752746,0.0,6.871054430659721,1.7517171258930402,77375.0,0,0,0,57,WEBER
167,570014,15.0,39.21240201681846,0.382532036511469,0.0,0.0,0.0,0.0,5.586035916415955,0.0,0.0,0.0,0.0,0.0,0.0,0.0,0.0,4.0197437718720765,0.0,0.5651076749844168,1.0011844695594616,83325.0,0,0,0,57,WEBER
168,570015,53.75,137.79023562546007,0.39008569624703066,0.0,0.0,0.0,0.0,5.774306900708499,0.0,0.0,0.0,0.0,0.0,0.0,0.0,0.0,1.0049359429680191,0.0,2.517061106307683,2.2523098514327966,83325.0,0,0,0,57,WEBER
169,570016,20.0,50.72984326018194,0.39424525515335235,0.0,0.0,0.0,0.0,4.767706452043637,0.0,0.0,0.0,0.0,0.0,0.0,0.0,0.0,3.0148078289040576,0.0,0.7517141535801178,1.0011844695594616,83325.0,0,0,0,57,WEBER
170,570017,29.75,80.03441108337675,0.37171511100403554,10.75,10.75,0.0,0.0,52.17902709808012,0.0,10.75,0.0,0.0,0.0,0.0,0.0,0.0,32.15795017497661,0.0,8.019951541230169,1.2511253818733354,77375.0,0,0,0,57,WEBER
171,570018,75.25,212.14221858957612,0.35471487241105676,0.0,0.0,0.0,0.0,20.359122371858337,0.0,0.0,0.0,0.0,0.0,0.0,0.0,0.0,4.0197437718720765,0.0,13.336121890897394,3.0032567090888653,77375.0,0,0,0,57,WEBER
172,570019,83.75,212.023832932106,0.3950027638016445,79.0,0.0,0.0,79.0,93.1366832214684,0.0,0.0,0.0,0.0,0.0,79.0,0.0,0.0,3.0148078289040576,0.0,7.117137514326503,4.004737878237846,83325.0,538,0,0,57,WEBER
173,570020,100.5,275.80078397680654,0.3643934529513576,0.0,0.0,0.0,0.0,34.317171771466604,0.0,0.0,0.0,0.0,0.0,0.0,0.0,0.0,7.034551600776133,0.0,23.028060844911828,4.254559325778645,83325.0,0,0,0,57,WEBER
174,570021,133.0,385.8095375231261,0.34472968411784727,0.0,0.0,0.0,0.0,17.019512487725194,0.0,0.0,0.0,0.0,0.0,0.0,0.0,0.0,6.029615657808115,0.0,4.979174793396739,6.010722036520342,83325.0,0,0,0,57,WEBER
175,570022,400.5,1192.4250097797978,0.33587017775982353,19.75,8.75,3.25,7.75,451.44841445966017,8.75,0.0,1.0,2.25,0.5,2.25,1.0,4.0,2.0098718859360383,0.0,412.6746255001709,17.013917073553188,83325.0,0,0,0,57,WEBER
176,570023,20.0,53.75484930173357,0.3720594562127255,0.0,0.0,0.0,0.0,3.2600837164312337,0.0,0.0,0.0,0.0,0.0,0.0,0.0,0.0,2.0098718859360383,0.0,0.749323386885971,0.5008884436092241,82362.0,0,0,0,57,WEBER
177,570024,27.0,74.49174766966625,0.3624562564934244,0.0,0.0,0.0,0.0,4.025870462828659,0.0,0.0,0.0,0.0,0.0,0.0,0.0,0.0,2.0098718859360383,0.0,1.0148141073331591,1.0011844695594616,77375.0,0,0,0,57,WEBER
178,570025,37.75,105.03033700232469,0.359419964530481,13.0,0.0,0.0,13.0,32.7163806021385,0.0,0.0,0.0,0.0,0.0,9.0,0.0,4.0,11.054295372648207,0.0,7.159893833068585,1.5021913964217082,77375.0,0,0,0,57,WEBER
179,570026,6.0,18.80391546039449,0.3190824811267326,0.0,0.0,0.0,0.0,7.260065846850169,0.0,0.0,0.0,0.0,0.0,0.0,0.0,0.0,7.034551600776133,0.0,0.2255142460740353,0.0,77375.0,0,0,0,57,WEBER
180,570027,29.0,78.35399069059523,0.3701151625386306,0.0,0.0,0.0,0.0,12.140529421930824,0.0,0.0,0.0,0.0,0.0,0.0,0.0,0.0,10.049359429680193,0.0,1.0899855226911708,1.0011844695594616,84402.0,0,0,0,57,WEBER
181,570028,39.0,104.18451600644651,0.3743358561802681,0.0,0.0,0.0,0.0,5.478083424536191,0.0,0.0,0.0,0.0,0.0,0.0,0.0,0.0,2.0098718859360383,0.0,1.4658425994812296,2.002368939118923,87610.0,0,0,0,57,WEBER
182,570029,43.0,112.84055286404984,0.3810686752997953,9.0,0.0,2.75,6.25,17.981505453267324,0.0,0.0,1.0,1.75,1.0,2.0,1.0,2.25,5.024679714840096,0.0,1.9544567993083064,2.002368939118923,88528.0,0,0,0,57,WEBER
183,570030,20.0,52.592258003223264,0.38028410947433067,10.0,0.0,0.0,10.0,21.17317918664181,0.0,0.0,0.0,0.0,0.0,5.0,1.0,4.0,9.044423486712171,0.0,1.1275712303701766,1.0011844695594616,88528.0,0,0,0,57,WEBER
184,570031,91.0,240.92438681482705,0.37771186720895145,0.0,0.0,0.0,0.0,24.221928735223564,0.0,0.0,0.0,0.0,0.0,0.0,0.0,0.0,9.546891458196182,0.0,10.670299398789536,4.004737878237846,88528.0,0,0,0,57,WEBER
185,570032,45.0,118.56538235013252,0.37953742574802823,0.0,0.0,0.0,0.0,7.713469556546265,0.0,0.0,0.0,0.0,0.0,0.0,0.0,0.0,4.0197437718720765,0.0,1.691356845555265,2.002368939118923,88528.0,0,0,0,57,WEBER
186,570033,9.0,26.69294005889263,0.3371678046758169,0.0,0.0,0.0,0.0,1.3432073120790722,0.0,0.0,0.0,0.0,0.0,0.0,0.0,0.0,1.0049359429680191,0.0,0.338271369111053,0.0,60702.0,0,0,0,57,WEBER
187,570034,14.0,40.07380640257861,0.3493553833982476,5.0,4.5,0.0,0.5,7.720248858428593,0.0,4.5,0.0,0.0,0.5,0.0,0.0,0.0,1.0049359429680191,0.0,0.7141284459011119,1.0011844695594616,77375.0,0,0,0,57,WEBER
188,570035,3.75,9.802686180468436,0.382548204743284,0.0,0.0,0.0,0.0,20.239728852724948,0.0,0.0,0.0,0.0,0.0,0.0,0.0,0.0,20.098718859360385,0.0,0.1410099933645667,0.0,77375.0,0,0,0,57,WEBER
189,570036,65.25,170.94220506047566,0.3817079578265412,0.0,0.0,0.0,0.0,11.979714408828912,0.0,0.0,0.0,0.0,0.0,0.0,0.0,0.0,4.77336305914556,0.0,4.202797941004967,3.0035534086783846,88528.0,0,0,0,57,WEBER
190,570037,69.0,184.46971406856247,0.3740451398669949,4.0,0.0,4.0,0.0,13.767053841117892,0.0,0.0,4.0,0.0,0.0,0.0,0.0,0.0,4.0197437718720765,0.0,2.7437566605674304,3.0035534086783846,88528.0,0,0,0,57,WEBER
191,570038,140.0,372.8018428801662,0.37553462428832934,0.0,0.0,0.0,0.0,25.283913721321653,0.0,0.0,0.0,0.0,0.0,0.0,0.0,0.0,3.0148078289040576,0.0,16.261999075060825,6.007106817356769,88528.0,0,0,0,57,WEBER
192,570039,27.0,83.80813462639969,0.3221644309393203,0.0,0.0,0.0,0.0,32.045064311139484,0.0,0.0,0.0,0.0,0.0,0.0,0.0,0.0,4.0197437718720765,0.0,26.77336577322904,1.251954766038367,88528.0,0,0,0,57,WEBER
193,570040,200.0,533.6064721867598,0.37480804754932007,0.0,0.0,0.0,0.0,16.785874528279237,0.0,0.0,0.0,0.0,0.0,0.0,0.0,0.0,1.0049359429680191,0.0,7.521107715199163,8.259830870112056,88528.0,0,0,0,57,WEBER
194,570041,0.0,0.0,0.0,0.0,0.0,0.0,0.0,73.3603238366654,0.0,0.0,0.0,0.0,0.0,0.0,0.0,0.0,73.3603238366654,0.0,0.0,0.0,77375.0,0,0,0,57,WEBER
195,570042,72.0,242.4109489882817,0.2970162870138367,0.0,0.0,0.0,0.0,13.47321553477633,0.0,0.0,0.0,0.0,0.0,0.0,0.0,0.0,2.763491173209521,0.0,7.706170952888423,3.0035534086783846,95539.0,0,0,0,57,WEBER
196,570043,89.5,302.5137737610243,0.2958542974334186,0.0,0.0,0.0,0.0,10.132277067854986,0.0,0.0,0.0,0.0,0.0,0.0,0.0,0.0,2.763491173209521,0.0,3.364048016407617,4.004737878237846,95539.0,0,0,0,57,WEBER
197,570044,138.25,463.70687797413,0.2981409303308046,0.0,0.0,0.0,0.0,13.21299141115278,0.0,0.0,0.0,0.0,0.0,0.0,0.0,0.0,2.0098718859360383,0.0,5.196012707859972,6.007106817356769,95539.0,0,0,0,57,WEBER
198,570045,27.0,87.52820572515631,0.30847199227162936,0.0,0.0,0.0,0.0,6.036456160519467,0.0,0.0,0.0,0.0,0.0,0.0,0.0,0.0,4.0197437718720765,0.0,1.0155279190879294,1.0011844695594616,95539.0,0,0,0,57,WEBER
199,570046,79.25,218.70303982689416,0.3623635046990076,0.0,0.0,0.0,0.0,58.76011321687312,0.0,0.0,0.0,0.0,0.0,0.0,0.0,0.0,3.0148078289040576,0.0,52.74175296081073,3.0035524271583327,77375.0,0,0,0,57,WEBER
200,570047,178.25,528.8716049884091,0.33703832521677274,0.0,0.0,0.0,0.0,167.01913177600068,0.0,0.0,0.0,0.0,0.0,0.0,0.0,0.0,5.024679714840096,0.0,154.23509641485532,7.75935564630527,77375.0,0,0,0,57,WEBER
201,570048,28.75,97.19191450765912,0.2958064993949099,0.0,0.0,0.0,0.0,6.350178771807,0.0,0.0,0.0,0.0,0.0,0.0,0.0,0.0,4.0197437718720765,0.0,1.0785987171495788,1.2518362827853444,113700.0,0,0,0,57,WEBER
202,570049,39.5,116.32811271990222,0.3395567853413826,0.0,0.0,0.0,0.0,12.263633211089184,0.0,0.0,0.0,0.0,0.0,0.0,0.0,0.0,3.768427116177541,0.0,6.993014698489936,1.5021913964217082,117003.0,0,0,0,57,WEBER
203,570050,79.75,213.6083211243582,0.3733468789053927,9.0,0.0,1.0,8.0,26.354730629788605,0.0,0.0,0.0,1.0,6.75,0.0,0.0,1.25,4.0197437718720765,0.0,9.831255906540928,3.5037309513756,64761.0,0,0,0,57,WEBER
204,570051,92.75,292.027805635476,0.3176067422695196,0.0,0.0,0.0,0.0,10.504920609118455,0.0,0.0,0.0,0.0,0.0,0.0,0.0,0.0,3.0148078289040576,0.0,3.4853749019765545,4.004737878237846,117003.0,0,0,0,57,WEBER
205,570052,249.75,786.5909763318932,0.31750936320762063,0.0,0.0,0.0,0.0,23.65509314399152,0.0,0.0,0.0,0.0,0.0,0.0,0.0,0.0,1.0049359429680191,0.0,11.887068948183298,10.763088252840202,117003.0,0,0,0,57,WEBER
206,570053,107.5,337.27560149150656,0.31873043743636204,1.5,0.0,1.5,0.0,12.1099504428575,0.0,0.0,0.0,1.5,0.0,0.0,0.0,0.0,1.0049359429680191,0.0,4.599092152092172,5.005922347797308,117003.0,0,0,0,57,WEBER
207,570054,40.0,113.10319807174328,0.35365931894010033,0.0,0.0,0.0,0.0,26.030700085580506,0.0,0.0,0.0,0.0,0.0,0.0,0.0,0.0,4.0197437718720765,0.0,20.259120704562363,1.7518356091460627,77375.0,0,0,0,57,WEBER
208,570055,77.75,246.99705232212548,0.3147810845070369,0.0,0.0,0.0,0.0,7.932853455963457,0.0,0.0,0.0,0.0,0.0,0.0,0.0,0.0,1.0049359429680191,0.0,3.924364104317053,3.0035534086783846,117003.0,0,0,0,57,WEBER
209,570056,121.5,372.47776137455634,0.32619397075312095,0.0,0.0,0.0,0.0,25.87269013750588,0.0,0.0,0.0,0.0,0.0,0.0,0.0,0.0,3.0148078289040576,0.0,17.349709448454746,5.508172860147075,117003.0,0,0,0,57,WEBER
210,570057,56.0,131.66124351012158,0.42533397457768163,0.0,0.0,0.0,0.0,26.38722808164423,0.0,0.0,0.0,0.0,0.0,0.0,0.0,0.0,4.0197437718720765,0.0,19.86339754287897,2.504086766893179,77375.0,0,0,0,57,WEBER
211,570058,13.5,40.03733095222008,0.33718531377905003,12.0,12.0,0.0,0.0,15.465118463043163,0.0,12.0,0.0,0.0,0.0,0.0,0.0,0.0,2.0098718859360383,0.0,0.9546538515673696,0.5005927255397568,64761.0,0,0,0,57,WEBER
212,570059,122.75,326.21897241168114,0.37628099645011515,38.0,1.0,10.75,26.25,51.05320240835324,1.0,0.0,1.25,9.5,2.0,8.0,2.25,14.0,1.0049359429680191,0.0,7.042344117587919,5.005922347797308,64761.0,0,0,0,57,WEBER
213,570060,255.0,977.3837858596012,0.26090058346499945,481.5,192.5,49.25,239.75,523.44740330811,130.0,62.5,16.75,32.5,20.75,126.75,11.25,81.0,1.0049359429680191,0.0,29.92943819998793,11.013029165154077,72451.0,696,0,0,57,WEBER
214,570061,353.75,1360.617139338988,0.259992315084211,0.0,0.0,0.0,0.0,32.071938488976485,0.0,0.0,0.0,0.0,0.0,0.0,0.0,0.0,2.0098718859360383,0.0,15.044299559648522,15.017767043391924,74830.0,0,0,0,57,WEBER
215,570062,136.49999992511613,365.57673311137694,0.3733826241166445,48.999999973118605,0.9999999994514002,10.249999994376852,37.74999997929036,66.48863129183475,0.9999999994514002,0.0,4.999999997257001,5.2499999971198505,4.499999997531301,9.249999994925451,4.999999997257001,18.999999989576605,2.009871884833423,0.0,9.471652619821446,6.007106814061271,64761.0,0,0,0,57,WEBER
216,570063,80.0,213.16265412745508,0.3753002622690468,3.75,0.0,1.5,2.25,9.901420016363424,0.0,0.0,0.0,1.5,0.0,0.0,0.25,2.0,0.0,0.0,3.147866607685038,3.0035534086783846,64761.0,0,0,0,57,WEBER
217,570064,154.0,571.4091104214738,0.2695091786100662,26.5,15.5,1.0,10.0,40.28820563100699,15.5,0.0,0.0,1.0,0.0,0.0,0.0,10.0,0.5024679714840096,0.0,6.777149980897995,6.5085876786249806,74417.0,0,0,0,57,WEBER
218,570065,254.25,978.2640898364176,0.2598991444554761,0.0,0.0,0.0,0.0,22.81961533530267,0.0,0.0,0.0,0.0,0.0,0.0,0.0,0.0,0.0,0.0,11.806586170148591,11.013029165154077,76308.0,0,0,0,57,WEBER
219,570066,125.0,334.75456965404226,0.3734078974013211,181.0,0.0,0.0,181.0,199.75743643301237,0.0,0.0,0.0,0.0,0.0,179.0,0.0,2.0,0.0,0.0,13.751514085215048,5.005922347797308,64761.0,0,0,2020,57,WEBER
220,570067,169.0,355.9388220072684,0.4748006948130793,1.0,0.0,0.0,1.0,19.154851420638707,0.0,0.0,0.0,0.0,0.0,0.0,1.0,0.0,2.0098718859360383,0.0,8.886036434560554,7.258943100142114,65849.0,0,0,0,57,WEBER
221,570068,336.0,723.3887988646553,0.46448051245380834,0.0,0.0,0.0,0.0,83.16702122117981,0.0,0.0,0.0,0.0,0.0,0.0,0.0,0.0,3.0148078289040576,0.0,65.63462389158104,14.517589500694708,66478.0,0,0,0,57,WEBER
222,570069,112.5,301.3028906093598,0.3733784291696578,0.0,0.0,0.0,0.0,16.995062157670073,0.0,0.0,0.0,0.0,0.0,0.0,0.0,0.0,2.0098718859360383,0.0,10.22950455432007,4.755685717413967,77375.0,0,0,0,57,WEBER
223,570070,93.0,238.26834995722368,0.3903162128612394,0.0,0.0,0.0,0.0,7.500208692385394,0.0,0.0,0.0,0.0,0.0,0.0,0.0,0.0,0.0,0.0,3.495470814147548,4.004737878237846,83325.0,0,0,0,57,WEBER
224,570071,667.0,1940.891684240269,0.34365647780138053,201.0,0.0,0.5,200.5,261.6575513700927,0.0,0.0,0.0,0.5,23.0,113.25,0.0,64.25,0.0,0.0,32.62438622242776,28.033165147664924,103331.0,562,0,0,57,WEBER
225,570072,28.25,81.56170621599816,0.34636352414190696,930.25,278.0,213.25,439.0,967.2799812443368,149.75,128.25,11.75,201.5,55.25,109.0,45.5,229.25,0.0,0.0,36.02879677477731,1.0011844695594616,101021.0,0,0,0,57,WEBER
226,570073,372.25,1069.032215651794,0.34821214417101304,15.0,0.0,0.0,15.0,47.09089508505031,0.0,0.0,0.0,0.0,0.0,0.0,15.0,0.0,1.0049359429680191,0.0,15.315407274847686,15.770551867234603,102455.0,0,0,0,57,WEBER
227,570074,193.75,506.8680332023632,0.38224939690100124,307.75,30.5,84.5,192.75,365.115634440802,24.75,5.75,3.25,81.25,14.25,109.5,11.0,58.0,2.763656513114584,0.0,46.0884724428448,8.513505484842526,101021.0,767,0,0,57,WEBER
228,570075,310.0,1140.4043310997629,0.2718334116646573,124.0,0.0,0.0,124.0,153.32759523696157,0.0,0.0,0.0,0.0,0.0,124.0,0.0,0.0,0.0,0.0,16.312197132688556,13.015398104273,100927.0,0,1165,0,57,WEBER
229,570076,148.0,535.380996088557,0.27643865038407045,37.5,1.0,0.75,35.75,55.73114074355524,1.0,0.0,0.0,0.75,1.75,6.5,1.25,26.25,1.0049359429680191,0.0,11.21909798323045,6.007106817356769,101021.0,0,0,0,57,WEBER
230,570077,10.25,33.30571789270618,0.3077549636678064,1417.75,165.25,1095.5,157.0,1471.9372493461676,9.0,156.25,0.0,1095.5,1.5,0.0,0.0,155.5,0.0,0.0,53.6865391188949,0.5007102272727273,77602.0,0,0,0,57,WEBER
231,570078,8.0,17.315441572810577,0.46201536162738877,3476.0,646.5,2169.75,659.75,3607.20782902432,383.0,263.5,1969.5,200.25,48.75,43.25,38.25,529.5,0.0,0.0,130.95747391068306,0.2503551136363636,77602.0,0,0,0,57,WEBER
232,570079,102.5,375.3436964934813,0.2730830461722704,0.0,0.0,0.0,0.0,8.861933889973082,0.0,0.0,0.0,0.0,0.0,0.0,0.0,0.0,1.0049359429680191,0.0,3.8522600687672166,4.004737878237846,101021.0,0,0,0,57,WEBER
233,570080,61.75,218.19273671389712,0.2830066707535229,194.0,8.25,16.5,169.25,206.36367914758085,8.0,0.25,8.5,8.0,19.0,34.0,25.5,90.75,0.0,0.0,9.610777552128363,2.752901595452502,101021.0,0,0,0,57,WEBER
234,570081,155.5,512.6181253505173,0.3033447166810039,24.75,0.0,2.0,22.75,39.537691871068176,0.0,0.0,1.0,1.0,0.5,3.25,2.75,16.25,1.0049359429680191,0.0,6.774464641183922,7.008291286916231,77602.0,0,0,0,57,WEBER
235,570082,541.75,1353.9853822201317,0.4001151025070092,886.0,12.5,540.25,333.25,1193.9594339753487,12.5,0.0,509.5,30.75,38.75,68.5,60.5,165.5,3.0148078289040576,0.0,281.9177417408964,23.026884405548397,66478.0,0,0,0,57,WEBER
236,570083,259.0,850.5484498489071,0.3045094021933838,35.75,11.75,11.0,13.0,66.10283873117646,11.75,0.0,11.0,0.0,0.0,0.0,0.0,13.0,3.0148078289040576,0.0,16.075060824804456,11.26297007746795,77602.0,0,0,0,57,WEBER
237,570084,56.5,176.6232600432317,0.3198899170254847,242.0,6.75,13.75,221.5,266.72199469245135,6.75,0.0,5.25,8.5,20.25,76.25,21.25,103.75,1.0049359429680191,0.0,21.4644531799811,2.2526055695022644,77602.0,0,0,0,57,WEBER
238,570085,549.5,1194.118570726074,0.46017205784336895,376.25,46.75,121.5,208.0,487.05795883606606,46.5,0.25,5.0,116.5,15.0,97.25,16.25,79.5,1.0049359429680191,0.0,86.2726992138017,23.530323679296345,66478.0,0,0,0,57,WEBER
239,570086,9.0,29.486562173454622,0.3052237811602968,1.0,0.0,1.0,0.0,2.3807930197580776,0.0,0.0,0.0,1.0,0.0,0.0,0.0,0.0,1.0049359429680191,0.0,0.3758570767900588,0.0,134880.0,0,0,0,57,WEBER
240,570087,21.0,54.52346537474393,0.3851552694911338,0.0,0.0,0.0,0.0,1.7904843308185854,0.0,0.0,0.0,0.0,0.0,0.0,0.0,0.0,0.0,0.0,0.7892998612591238,1.0011844695594616,97564.0,0,0,0,57,WEBER
241,570088,1.0,1.9312073715206648,0.5178107823876953,0.0,0.0,0.0,0.0,0.0375857076790058,0.0,0.0,0.0,0.0,0.0,0.0,0.0,0.0,0.0,0.0,0.0375857076790058,0.0,134880.0,0,0,0,57,WEBER
242,570089,7.0,20.96811057280997,0.3338402845451,0.0,0.0,0.0,0.0,1.2680358967210603,0.0,0.0,0.0,0.0,0.0,0.0,0.0,0.0,1.0049359429680191,0.0,0.2630999537530412,0.0,134880.0,0,0,0,57,WEBER
243,570090,133.0,353.69614705039754,0.3760289760268411,4.5,0.0,0.0,4.5,16.68019670237534,0.0,0.0,0.0,0.0,1.0,1.5,0.0,2.0,1.0049359429680191,0.0,5.16815394205055,6.007106817356769,96635.0,0,0,0,57,WEBER
244,570091,0.0,0.0,0.0,4.0,4.0,0.0,0.0,6.160214716652061,0.0,4.0,0.0,0.0,0.0,0.0,0.0,0.0,2.0098718859360383,0.0,0.1503428307160235,0.0,90010.0,0,0,0,57,WEBER
245,570092,275.5,978.0940628814092,0.28167025080225183,366.0,92.5,173.25,100.25,402.6254799710443,12.0,80.5,120.25,53.0,16.0,14.0,12.5,57.75,1.0049359429680191,0.0,24.107041602155512,11.51350242592076,90010.0,0,139,38,57,WEBER
246,570093,50.25,156.64245045284335,0.32079426652692455,0.0,0.0,0.0,0.0,11.648608811848966,0.0,0.0,0.0,0.0,0.0,0.0,0.0,0.0,1.0049359429680191,0.0,8.391067299378681,2.2526055695022644,134880.0,0,0,0,57,WEBER
247,570094,476.25,1572.5135288789872,0.3028590795905641,0.0,0.0,0.0,0.0,38.92381844712503,0.0,0.0,0.0,0.0,0.0,0.0,0.0,0.0,0.0,0.0,18.64989242555245,20.27392602157257,134880.0,0,0,0,57,WEBER
248,570095,108.0,285.86060796044694,0.3778065147575122,0.0,0.0,0.0,0.0,9.065178777129944,0.0,0.0,0.0,0.0,0.0,0.0,0.0,0.0,0.0,0.0,4.0592564293326365,5.005922347797308,97564.0,0,0,0,57,WEBER
249,570096,303.0,1090.8014363064824,0.2777774120154955,0.0,0.0,0.0,0.0,24.403867531011784,0.0,0.0,0.0,0.0,0.0,0.0,0.0,0.0,0.0,0.0,11.388469426738784,13.015398104273,104259.0,0,0,0,57,WEBER
250,570097,276.5,732.7919488308861,0.37732401460078097,263.5,2.0,23.5,238.0,295.8110457180385,2.0,0.0,4.0,19.5,11.5,120.25,33.0,73.25,0.0,0.0,20.296832083324954,12.014213634713538,97564.0,473,0,0,57,WEBER
251,570098,91.0,326.59546499472816,0.2786321604357516,202.0,0.0,0.0,202.0,217.01735022818656,0.0,0.0,0.0,0.0,0.0,202.0,0.0,0.0,0.0,0.0,11.012612349948723,4.004737878237846,105075.0,0,0,2077,57,WEBER
252,570099,75.25,222.38035123550253,0.3383842123727454,1205.0,363.25,497.75,344.0,1309.0798691045593,66.75,296.5,411.75,86.0,56.75,31.5,81.25,174.5,2.0098718859360383,0.0,99.0664438099451,3.0035534086783846,90010.0,0,0,0,57,WEBER
253,570100,530.0,1903.3002193411207,0.2784636888149332,1196.0,172.5,541.0,482.5,1297.0903637514616,57.0,115.5,211.0,330.0,42.75,68.25,161.75,209.75,1.0049359429680191,0.0,77.55907345223494,22.52635435625839,90010.0,0,0,0,57,WEBER
254,570101,337.75,1215.412734267381,0.2778891404355631,179.25,23.75,26.25,129.25,214.70292723937905,1.0,22.75,17.0,9.25,4.25,91.25,5.5,28.25,1.0049359429680191,0.0,20.43140872257857,14.016582573832462,90010.0,404,0,0,57,WEBER
255,570102,239.5,561.2320484880472,0.42673970712330184,137.75,0.0,2.0,135.75,176.6901518558303,0.0,0.0,1.0,1.0,17.0,28.25,14.0,76.5,0.0,0.0,28.928307160235654,10.011844695594617,60933.0,0,0,0,57,WEBER
256,570103,81.0,192.51110986284576,0.4207549375083252,29.75,1.0,6.5,22.25,43.16477154134897,1.0,0.0,0.25,6.25,1.5,3.5,2.25,15.0,0.0,0.0,10.161277220356704,3.2534943209922584,60933.0,0,0,0,57,WEBER
257,570104,375.0,1051.9877590955232,0.35646802613218337,481.5,228.75,99.75,153.0,529.6162933181914,88.0,140.75,12.75,87.0,17.0,19.0,17.75,99.25,0.0,0.0,32.097341805239985,16.018951512951386,63255.0,0,0,0,57,WEBER
258,570105,1.0,3.793622114561994,0.26360031911493076,170.5,6.5,50.75,113.25,176.94828584641988,6.0,0.5,4.5,46.25,19.75,23.0,18.5,52.0,0.0,0.0,6.448285846419882,0.0,90010.0,0,0,0,57,WEBER
259,570106,145.5,342.22235643082604,0.4251621709273402,254.5,7.5,16.5,230.5,275.8019112905733,7.5,0.0,10.25,6.25,26.0,57.25,37.5,109.75,0.0,0.0,15.04444935958016,6.2574619309931325,60933.0,0,0,0,57,WEBER
260,570107,0.0,0.0,0.0,0.0,0.0,0.0,0.0,5.5,0.0,0.0,0.0,0.0,0.0,0.0,0.0,0.0,0.0,0.0,5.5,0.0,93399.0,0,0,0,57,WEBER
261,570108,86.0,291.5644832556561,0.29496048023308635,0.0,0.0,0.0,0.0,7.238044736862903,0.0,0.0,0.0,0.0,0.0,0.0,0.0,0.0,0.0,0.0,3.233306858625057,4.004737878237846,111812.0,0,0,0,57,WEBER
262,570109,153.5,376.2774493170375,0.40794366039902263,0.0,0.0,0.0,0.0,12.21475016480048,0.0,0.0,0.0,0.0,0.0,0.0,0.0,0.0,0.0,0.0,5.709833510948465,6.504916653852016,111812.0,0,0,0,57,WEBER
263,570110,357.25,1137.1363854281176,0.3141663608499343,8.0,2.0,1.25,4.75,38.49653968932118,2.0,0.0,0.0,1.25,2.75,0.0,0.0,2.0,0.0,0.0,15.47877264592926,15.017767043391924,93800.0,0,0,0,57,WEBER
264,570111,749.75,2393.799477098697,0.3132050145272413,0.0,0.0,0.0,0.0,60.22406714228425,0.0,0.0,0.0,0.0,0.0,0.0,0.0,0.0,0.0,0.0,28.18616411638148,32.03790302590277,94584.0,0,0,0,57,WEBER
265,570112,350.0,1038.628114675522,0.33698298270054394,87.0,0.0,0.0,87.0,119.19327123577928,0.0,0.0,0.0,0.0,0.0,87.0,0.0,0.0,0.0,0.0,17.175504192387347,15.017767043391924,105281.0,789,0,0,57,WEBER
266,570113,213.0,680.4661005033736,0.313020736583988,0.0,0.0,0.0,0.0,17.51641596166341,0.0,0.0,0.0,0.0,0.0,0.0,0.0,0.0,0.0,0.0,8.505755735628254,9.010660226035156,94424.0,0,0,0,57,WEBER
267,570114,290.0,1041.717571642257,0.27838639559743433,0.0,0.0,0.0,0.0,22.91539092142457,0.0,0.0,0.0,0.0,0.0,0.0,0.0,0.0,0.0,0.0,10.901177286711036,12.014213634713538,97076.0,0,0,0,57,WEBER
268,570115,152.75,452.1327981478644,0.33784321912883,0.0,0.0,0.0,0.0,12.24903742612796,0.0,0.0,0.0,0.0,0.0,0.0,0.0,0.0,0.0,0.0,5.741042165161965,6.507995260965993,105241.0,0,0,0,57,WEBER
269,570116,114.5,265.35516235747707,0.43149716396227356,175.0,2.0,17.5,155.5,193.8912033332924,2.0,0.0,11.25,6.25,25.5,12.25,75.25,42.5,1.0049359429680191,0.0,12.880345042527097,5.005922347797308,60933.0,0,0,0,57,WEBER
270,570117,83.25,188.0115679476164,0.44279190322584316,339.25,275.75,10.75,52.75,358.6379738790768,165.25,110.5,1.0,9.75,1.5,2.25,2.0,47.0,0.0,0.0,15.883116843946675,3.5048570351301507,60933.0,0,0,0,57,WEBER
271,570118,367.5,1014.9215774173116,0.3620969424407978,133.0,5.75,3.75,123.5,168.33125119324416,5.75,0.0,1.5,2.25,4.0,68.25,25.5,25.75,0.0,0.0,19.312299680292764,16.018951512951386,68928.0,554,0,0,57,WEBER
272,570119,209.0,591.4948241813258,0.3533420605823086,112.0,0.0,7.0,105.0,134.5773724694148,0.0,0.0,7.0,0.0,0.0,92.0,0.0,13.0,0.0,0.0,13.566712243379648,9.010660226035156,79703.0,0,913,0,57,WEBER
273,570120,307.0,877.8301187421675,0.3497259816510929,0.0,0.0,0.0,0.0,24.554210361727808,0.0,0.0,0.0,0.0,0.0,0.0,0.0,0.0,0.0,0.0,11.538812257454808,13.015398104273,74199.0,0,0,0,57,WEBER
274,570121,610.2499999811861,1905.792016296978,0.3202080787214775,0.0,0.0,0.0,0.0,53.967197590269485,0.0,0.0,0.0,0.0,0.0,0.0,0.0,0.0,0.0,0.0,27.936401382526014,26.030796207743478,82716.0,0,0,0,57,WEBER
275,570122,27.750000163521552,57.082920850000654,0.48613490252962827,11.500000067765688,0.0,1.0000000058926686,10.50000006187302,31.473453939779795,0.0,0.0,0.0,1.0000000058926686,1.0000000058926686,3.250000019151173,1.0000000058926686,5.25000003093651,0.0,0.0,18.722032764697094,1.2514211073170125,111812.0,0,0,0,57,WEBER
276,570123,768.75,2067.784785120736,0.37177466704065787,276.0,79.5,11.0,185.5,351.8051854585853,49.25,30.25,4.75,6.25,9.25,86.75,21.0,68.5,0.0,0.0,42.76609796312307,33.039087495462226,63002.0,364,53,0,57,WEBER
277,570124,59.25,153.30895043991228,0.3864745002166222,84.25,32.5,3.75,48.0,93.66157694554326,32.5,0.0,1.25,2.5,4.0,3.0,6.0,35.0,0.0,0.0,6.658676331610802,2.75290061393245,60933.0,0,0,0,57,WEBER
278,570125,495.75,1187.6367703238454,0.41742560721222755,892.25,433.75,29.25,429.25,966.4470468495414,262.25,171.5,21.5,7.75,20.25,156.5,140.5,112.0,1.0049359429680191,0.0,52.16723704582471,21.02487386074869,77863.0,0,0,0,57,WEBER
279,570126,110.75,271.3822078556565,0.4080960239622858,82.25,2.0,5.5,74.75,98.76824331181028,2.0,0.0,3.5,2.0,7.25,24.0,9.25,34.25,2.0098718859360383,0.0,9.502449078076932,5.005922347797308,77863.0,0,0,0,57,WEBER
280,570127,147.25,405.4271945679331,0.36319714605460907,0.0,0.0,0.0,0.0,11.541390894327794,0.0,0.0,0.0,0.0,0.0,0.0,0.0,0.0,0.0,0.0,5.534284076971025,6.007106817356769,68585.0,0,0,0,57,WEBER
281,570128,321.5,780.816377955312,0.4117485353494983,1.0,0.0,0.0,1.0,29.891138844177007,0.0,0.0,0.0,0.0,0.0,1.0,0.0,0.0,1.0049359429680191,0.0,14.369916353326763,13.516286547882224,82256.0,0,0,0,57,WEBER
282,570129,664.25,2072.407233755904,0.32052098119545447,430.0,68.5,30.0,331.5,643.3079362737076,53.5,15.0,16.25,13.75,46.75,48.0,47.25,189.5,1.0049359429680191,0.0,184.02629139605492,28.27670893468464,75400.0,0,0,0,57,WEBER
283,570130,475.25,1374.8042120497062,0.3456855862344545,300.5,95.5,8.5,196.5,349.9447852604607,18.5,77.0,3.25,5.25,13.5,102.0,17.25,63.75,0.0,0.0,29.17074075563509,20.2740445048256,71576.0,515,0,0,57,WEBER
284,570131,374.5,1077.5621690490848,0.347543752701048,7.5,0.0,0.0,7.5,42.37722569709472,0.0,0.0,0.0,0.0,2.5,0.0,4.0,1.0,0.0,0.0,18.85827418414333,16.018951512951386,71576.0,0,0,0,57,WEBER
285,570132,51.25,141.34655481747023,0.36258400543389524,8.5,0.0,0.0,8.5,25.512519530672503,0.0,0.0,0.0,0.0,0.0,0.0,1.0,7.5,2.0098718859360383,0.0,12.74992359198118,2.252724052755287,76600.0,0,0,0,57,WEBER
286,570133,205.0,555.13397169177,0.36928022865410814,129.25,9.25,3.25,116.75,150.823997446794,2.0,7.25,1.25,2.0,40.0,3.75,42.5,30.5,0.0,0.0,12.563337220758854,9.010660226035156,43190.0,0,0,0,57,WEBER
287,570134,129.0,357.14593940517415,0.361196882750086,0.0,0.0,0.0,0.0,9.854478638389068,0.0,0.0,0.0,0.0,0.0,0.0,0.0,0.0,0.0,0.0,4.84855629059176,5.005922347797308,79548.0,0,0,0,57,WEBER
288,570135,983.0,2516.6985408945347,0.39059107955401073,410.5,25.25,72.25,313.0,504.9319798410156,23.25,2.0,14.0,58.25,8.25,224.5,8.0,72.25,0.0,0.0,52.38223211951823,42.04974772149738,63006.0,860,1052,0,57,WEBER
289,570136,46.0,133.76617555911366,0.34388364478336886,221.5,56.75,17.25,147.5,238.81174861160252,52.5,4.25,15.0,2.25,14.0,16.25,14.5,102.75,1.0049359429680191,0.0,14.304443729515611,2.002368939118923,71352.0,0,0,0,57,WEBER
290,570137,119.0,389.0501377409928,0.30587317277657244,0.0,0.0,0.0,0.0,9.47862156159901,0.0,0.0,0.0,0.0,0.0,0.0,0.0,0.0,0.0,0.0,4.472699213801701,5.005922347797308,77602.0,0,0,0,57,WEBER
291,570138,430.0,1315.3458961467782,0.3269102076188914,2.0,0.0,0.0,2.0,36.25834616940085,0.0,0.0,0.0,0.0,0.0,2.0,0.0,0.0,0.0,0.0,16.237025717330546,18.02132045207031,75400.0,0,0,0,57,WEBER
292,570139,134.75,405.49946781918953,0.33230623143526405,273.75,70.5,17.5,185.75,304.6252371606455,55.5,15.0,9.25,8.25,21.75,19.25,37.25,107.5,3.0148078289040576,0.0,22.10326342669857,5.757165905042896,69984.0,0,0,0,57,WEBER
293,570140,402.25,1209.1372445791988,0.33267522095061275,207.0,18.75,20.0,168.25,301.6702413157037,18.5,0.25,7.5,12.5,22.0,47.25,18.75,80.25,1.0049359429680191,0.0,76.64374660688074,17.02155876585492,75400.0,0,0,0,57,WEBER
294,570141,190.0,566.6734167903778,0.33529012367679895,1216.25,576.25,63.75,576.25,1284.112663194665,461.0,115.25,30.5,33.25,62.5,118.0,92.25,303.5,0.7537846271785454,0.0,59.0994028110108,8.009475756475693,68722.0,328,50,0,57,WEBER
295,570142,8.0,14.518451600644656,0.5510229479047738,0.0,0.0,0.0,0.0,1.3056216044000664,0.0,0.0,0.0,0.0,0.0,0.0,0.0,0.0,1.0049359429680191,0.0,0.3006856614320471,0.0,66478.0,0,0,0,57,WEBER
296,570143,11.0,27.994752109303523,0.3929307877794838,0.0,0.0,0.0,0.0,2.423314670405103,0.0,0.0,0.0,0.0,0.0,0.0,0.0,0.0,2.0098718859360383,0.0,0.4134427844690648,0.0,80917.0,0,0,0,57,WEBER
297,570144,43.75,116.6171243800056,0.37515931071527164,0.0,0.0,0.0,0.0,7.666698800710099,0.0,0.0,0.0,0.0,0.0,0.0,0.0,0.0,4.0197437718720765,0.0,1.6445860897191,2.002368939118923,80917.0,0,0,0,57,WEBER
298,570145,30.0,64.91978457031296,0.46210874232812293,0.0,0.0,0.0,0.0,4.137782070815308,0.0,0.0,0.0,0.0,0.0,0.0,0.0,0.0,2.0098718859360383,0.0,1.1267257153198078,1.0011844695594616,66478.0,0,0,0,57,WEBER
299,570146,19.75,41.16780122601203,0.47974386320931045,271.75,71.25,71.5,129.0,284.7116036932465,50.25,21.0,7.25,64.25,19.0,23.5,16.75,69.75,1.0049359429680191,0.0,10.95548328071904,1.0011844695594616,66478.0,0,0,0,57,WEBER
300,570147,5.0,16.174488458247975,0.30912878715804537,500.25,100.0,21.0,379.25,520.2459710705493,90.75,9.25,19.0,2.0,22.0,155.0,16.0,186.25,1.0049359429680191,0.0,18.991035127581284,0.0,77602.0,357,215,212,57,WEBER
301,570148,12.0,39.93622114561994,0.30047910532757344,0.0,0.0,0.0,0.0,2.4571489046755515,0.0,0.0,0.0,0.0,0.0,0.0,0.0,0.0,1.0049359429680191,0.0,0.4510284921480707,1.0011844695594616,77602.0,0,0,0,57,WEBER
302,570149,81.0,215.7922211706772,0.3753610744658605,14.5,0.0,0.0,14.5,24.10752135259662,0.0,0.0,0.0,0.0,2.75,5.75,1.0,5.0,3.0148078289040576,0.0,3.589160115014176,3.0035534086783846,80917.0,0,0,0,57,WEBER
303,570150,57.0,151.98318357614454,0.3750414924782954,144.75,56.5,6.5,81.75,155.3401945127145,16.5,40.0,2.5,4.0,8.25,6.25,9.5,57.75,1.0049359429680191,0.0,7.582889630627551,2.002368939118923,80917.0,0,0,0,57,WEBER
304,570151,74.0,194.12581428823924,0.38119608291828894,65.5,1.0,0.0,64.5,74.75181470905497,1.0,0.0,0.0,0.0,2.0,55.0,1.0,6.5,1.0049359429680191,0.0,5.243325357408562,3.0035534086783846,77602.0,439,0,0,57,WEBER
305,570152,2.0,5.724689445007051,0.3493639295568,0.0,0.0,0.0,0.0,3.0899792442620693,0.0,0.0,0.0,0.0,0.0,0.0,0.0,0.0,3.0148078289040576,0.0,0.0751714153580117,0.0,80917.0,0,0,0,57,WEBER
306,570153,27.25,73.3449332831531,0.3715321397157664,0.0,0.0,0.0,0.0,4.035597404698242,0.0,0.0,0.0,0.0,0.0,0.0,0.0,0.0,2.0098718859360383,0.0,1.0245410492027425,1.0011844695594616,80917.0,0,0,0,57,WEBER
307,570154,92.75,247.33028363135475,0.3750046239313083,0.0,0.0,0.0,0.0,9.500895530164271,0.0,0.0,0.0,0.0,0.0,0.0,0.0,0.0,2.0098718859360383,0.0,3.486285765990388,4.004737878237846,80917.0,0,0,0,57,WEBER
308,570155,50.25,135.45477095953063,0.37097253676663056,434.5,87.5,33.75,313.25,456.2254068792953,84.0,3.5,14.75,19.0,36.75,68.75,43.0,164.75,1.0049359429680191,0.0,18.467450183982464,2.2530207523448063,80917.0,0,0,0,57,WEBER
309,570156,186.75,489.62545350564864,0.38141399443778207,287.5,49.75,84.0,153.75,315.3447985502596,39.75,10.0,75.25,8.75,18.25,34.5,20.0,81.0,2.0098718859360383,0.0,17.82545090784791,8.009475756475693,77602.0,0,0,0,57,WEBER
310,570157,0.0,0.0,0.0,175.75,57.25,43.75,74.75,182.3549715480667,56.25,1.0,18.75,25.0,6.25,0.0,4.25,64.25,0.0,0.0,6.604971548066676,0.0,80917.0,0,0,0,57,WEBER
311,570158,24.0,63.57627827935935,0.3774992913951654,1548.0,434.75,202.5,910.75,1609.094490307768,273.25,161.5,159.0,43.5,110.0,232.5,98.0,470.25,1.0049359429680191,0.0,59.08836989524058,1.0011844695594616,77602.0,0,0,494,57,WEBER
312,570159,414.0,1508.1686615367812,0.27450510712651044,474.75,1.0,5.5,468.25,528.1857838567163,1.0,0.0,2.5,3.0,5.25,50.75,230.25,182.0,2.0098718859360383,0.0,33.40459151870991,18.02132045207031,41462.0,0,0,0,57,WEBER
313,570160,713.0,1925.4319977199052,0.3703065082767576,74.5,18.75,1.0,54.75,134.13376564329562,0.0,18.75,0.0,1.0,1.0,44.25,1.0,8.5,0.0,0.0,29.598231556511774,30.035534086783848,43190.0,548,0,0,57,WEBER
314,570161,597.75,1633.01984447427,0.36603964245911413,14.0,0.0,1.25,12.75,62.52248568586285,0.0,0.0,0.0,1.25,0.0,1.5,1.0,10.25,0.0,0.0,23.49287394687632,25.02961173898654,79834.0,0,0,0,57,WEBER
315,570162,0.0,0.0,0.0,1430.5,180.5,595.75,654.25,1484.2680081635935,178.25,2.25,319.75,276.0,65.0,4.25,45.5,539.5,0.0,0.0,53.76800816359359,0.0,41462.0,0,0,0,57,WEBER
316,570163,1190.0,3581.107885768397,0.33229939950403425,245.25,4.75,16.25,224.25,350.00583620186745,4.75,0.0,5.25,11.0,18.0,31.0,61.75,113.5,0.0,0.0,53.94608006756077,50.80975613430665,43476.0,0,0,0,57,WEBER
317,570164,516.75,1263.5782102579983,0.40895766942236966,7.0,0.0,1.0,6.0,48.71179214889944,0.0,0.0,0.0,1.0,0.0,0.0,1.0,5.0,0.0,0.0,19.68573381859128,22.026058330308157,65873.0,0,0,0,57,WEBER
318,570165,119.75,290.1613424776512,0.41270142665273674,0.0,0.0,0.0,0.0,9.5082698836387,0.0,0.0,0.0,0.0,0.0,0.0,0.0,0.0,0.0,0.0,4.502347535841393,5.005922347797308,61741.0,0,0,0,57,WEBER
319,570166,0.0,0.0,0.0,3138.25,290.25,2075.5,772.5,3256.204770474333,274.25,16.0,1578.75,496.75,113.25,253.0,42.5,363.75,0.0,0.0,117.95477047433296,0.0,41462.0,0,0,0,57,WEBER
320,570167,663.5,1723.2117800276685,0.3850368293033295,47.0,0.0,1.0,46.0,101.73718784880386,0.0,0.0,0.0,1.0,0.0,27.0,0.0,19.0,0.0,0.0,26.7030151006374,28.03417274816645,66407.0,376,0,0,57,WEBER
321,570168,515.75,1216.4835503985323,0.4239679195259443,131.5,0.0,1.5,130.0,177.85471736957786,0.0,0.0,0.0,1.5,3.5,116.0,0.0,10.5,0.0,0.0,24.3286590392697,22.026058330308157,71102.0,0,0,0,57,WEBER
322,570169,333.0,668.2346537474393,0.4983279423366422,398.25,39.25,38.75,320.25,439.74265077804296,39.0,0.25,18.0,20.75,41.25,56.0,48.0,175.0,0.0,0.0,27.47606820421048,14.016582573832462,34275.0,0,0,0,57,WEBER
323,570170,367.0,805.5986719862331,0.45556182347613366,194.75,43.25,70.5,81.0,231.88020862593476,43.0,0.25,3.0,67.5,6.0,8.0,8.0,59.0,0.0,0.0,21.11125711298333,16.018951512951386,32841.0,0,0,0,57,WEBER
324,570171,464.5,1111.248033569775,0.4179984899571335,442.75,128.5,43.75,270.5,587.9105783810913,119.5,9.0,30.0,13.75,31.5,62.0,34.5,142.5,0.0,0.0,125.13606156877728,20.02451681231416,32841.0,0,0,0,57,WEBER
325,570172,466.2500000286059,1141.375306083008,0.40849841199797016,0.0,0.0,0.0,0.0,37.54810979845543,0.0,0.0,0.0,0.0,0.0,0.0,0.0,0.0,0.0,0.0,17.524420406037677,20.023689392417754,57133.0,0,0,0,57,WEBER
326,570173,0.0,0.0,0.0,4444.75,155.75,1715.25,2573.75,4612.819138786151,154.0,1.75,1318.25,397.0,316.0,608.75,216.0,1433.0,1.0049359429680191,0.0,167.06420284318258,0.0,41462.0,0,0,13,57,WEBER
327,570174,514.5,1199.169280432799,0.4290470147920307,164.25,0.0,32.75,131.5,212.79222424130543,0.0,0.0,1.25,31.5,2.75,77.0,2.25,49.5,1.0049359429680191,0.0,25.51122996802928,22.026058330308157,71102.0,693,0,0,57,WEBER
328,570175,328.0,655.784994775274,0.500163929661733,496.0,114.25,6.25,375.5,541.9837241096336,56.25,58.0,3.0,3.25,5.5,20.25,10.5,339.25,0.0,0.0,31.967141535801176,14.016582573832462,34275.0,0,0,0,57,WEBER
329,570176,881.5,2015.246540407476,0.4374154637287027,353.0,66.75,32.25,254.0,436.69564530948674,63.75,3.0,20.25,12.0,13.75,129.0,18.0,93.25,0.0,0.0,46.40146482215028,37.29418048733644,46053.0,462,839,0,57,WEBER
330,570177,440.0,1301.366818656615,0.3381060541056415,161.75,27.25,8.25,126.25,204.6395137487667,27.25,0.0,3.25,5.0,8.75,82.5,7.0,28.0,0.0,0.0,23.86700882713691,19.02250492162977,55023.0,392,0,0,57,WEBER
331,570178,315.0,635.3353358031087,0.4958011655401124,413.0,0.0,0.0,413.0,453.3777932945893,0.0,0.0,0.0,0.0,0.0,413.0,0.0,0.0,0.0,0.0,27.36239519031629,13.015398104273,67626.0,435,0,0,57,WEBER
332,570179,390.7500000693983,929.685700362244,0.42030333468305037,123.00000002184515,3.0000000005328085,10.000000001776028,110.00000001953632,159.3310472769698,3.0000000005328085,0.0,6.750000001198819,3.2500000005772094,6.000000001065617,52.50000000932415,9.500000001687226,42.00000000745932,0.0,0.0,19.310911269590978,17.020135985533667,47967.0,0,0,0,57,WEBER
333,570180,668.5,1949.385429741386,0.3429285916478232,930.75,125.0,194.0,611.75,1019.1589218955154,92.75,32.25,157.0,37.0,70.0,117.75,74.0,350.0,0.0,0.0,60.12498743289164,28.283934462623776,71102.0,0,0,0,57,WEBER
334,570181,314.0,638.0601652891913,0.4921166013516674,1044.75,568.75,43.75,432.25,1110.0843613681018,260.0,308.75,15.25,28.5,42.75,49.5,98.75,241.25,0.0,0.0,52.31896326382885,13.015398104273,31607.0,0,0,0,57,WEBER
335,570182,465.0,1209.965897216532,0.38430835205331815,738.75,489.25,52.75,196.75,804.0193884240246,24.5,464.75,8.0,44.75,16.5,19.25,21.5,139.5,0.0,0.0,45.24569903283534,20.023689391189237,50524.0,0,0,0,57,WEBER
336,570183,214.0,633.9745245558198,0.33755299576104314,143.75,2.0,5.75,136.0,166.70676442244397,2.0,0.0,2.25,3.5,6.5,94.25,9.75,25.5,0.0,0.0,13.946104196408823,9.010660226035156,39176.0,0,0,0,57,WEBER
337,570184,327.9999999550771,983.5699894158382,0.33347906451464915,423.99999994192893,0.9999999998630399,11.749999998390718,411.24999994367516,467.27848104802786,0.9999999998630399,0.0,2.24999999969184,9.499999998698879,8.49999999883584,299.4999999589804,69.99999999041279,33.249999995446075,0.0,0.0,29.261898534186244,14.01658257191275,62358.0,0,0,1223,57,WEBER
338,570185,659.4999995593898,1748.7747022245983,0.3771211916094433,6.99999999532332,0.0,0.0,6.99999999532332,68.33379647353524,0.0,0.0,0.0,0.0,0.0,1.9999999986638055,0.0,4.999999996659514,0.0,0.0,33.300631349275875,28.033165128936044,67311.0,0,0,0,57,WEBER
339,570186,2.0,5.026406452307709,0.3978985820141477,762.75,48.75,42.75,671.25,791.4994983210344,36.5,12.25,20.5,22.25,42.5,374.75,79.5,174.5,0.0,0.0,28.749498321034324,0.0,77602.0,0,0,0,57,WEBER
340,570187,405.25,827.5527113775016,0.48969690320443965,2599.25,252.75,1733.5,613.0,2729.1993328940184,170.0,82.75,1583.25,150.25,85.25,147.5,103.75,276.5,0.0,0.0,112.92919691150745,17.020135982510844,28702.0,0,0,0,57,WEBER
341,570188,84.5,171.33543835596467,0.4931846021512707,464.25,155.0,23.5,285.75,488.8789320752499,85.75,69.25,11.25,12.25,39.5,147.5,26.0,72.75,0.0,0.0,20.624194197012045,4.004737878237846,28702.0,736,324,0,57,WEBER
342,570189,235.5,683.1783931925646,0.3447123069854181,73.0,71.0,0.0,2.0,94.60785237661123,0.0,71.0,0.0,0.0,1.0,0.0,0.0,1.0,0.0,0.0,11.59600768101663,10.011844695594617,38613.0,0,0,0,57,WEBER
343,570190,145.5,419.9736253450362,0.3464503273996363,197.5,150.5,2.75,44.25,216.39939865577392,8.75,141.75,0.5,2.25,2.25,1.75,1.5,38.75,0.0,0.0,12.892291838417147,6.007106817356769,37980.0,0,0,0,57,WEBER
344,570191,370.75,773.9623901093291,0.4790284447124469,369.5,69.75,50.5,249.25,414.34403143976056,63.75,6.0,27.75,22.75,38.0,25.0,46.5,139.75,0.0,0.0,28.82507992680916,16.018951512951386,33182.0,0,0,0,57,WEBER
345,570192,234.25,476.59732950667393,0.49150506202473326,46.25,0.0,1.0,45.25,66.8061422445058,0.0,0.0,0.0,1.0,1.75,9.0,25.0,9.5,0.0,0.0,10.544297548911183,10.011844695594617,63799.0,0,0,0,57,WEBER
346,570193,407.5,651.7093890998468,0.6252787006227525,129.0,49.25,1.0,78.75,166.1849792455354,2.25,47.0,1.0,0.0,1.0,67.5,1.5,8.75,0.0,0.0,20.16484326302455,17.020135982510844,44259.0,0,716,0,57,WEBER
347,570194,715.5,1183.1946182088427,0.6047187749071632,299.25,159.5,9.75,130.0,375.42011132384897,159.5,0.0,5.5,4.25,16.75,13.5,29.25,70.5,0.0,0.0,45.63439969436793,30.535711629481064,44259.0,0,0,0,57,WEBER
348,570195,197.0000004581988,420.9559040310267,0.46798250973973476,284.5000006617135,104.00000024189174,4.75000001104794,175.7500004087738,310.86019453122566,1.0000000023258822,103.00000023956586,2.500000005814705,2.2500000052332347,16.000000037214114,22.50000005233235,14.750000034306762,122.50000028492056,0.0,0.0,18.100362980188713,8.25983088932345,69985.0,0,0,0,57,WEBER
349,570196,206.5,429.9883820711321,0.4802455336242995,0.0,0.0,0.0,0.0,16.770731003989432,0.0,0.0,0.0,0.0,0.0,0.0,0.0,0.0,0.0,0.0,7.760070777954276,9.010660226035156,67576.0,0,0,0,57,WEBER
350,570197,259.0,537.4310040846788,0.4819223268317274,18.25,6.0,1.0,11.25,39.68345524039587,6.0,0.0,0.0,1.0,1.0,1.0,1.0,8.25,0.0,0.0,10.42042607524179,11.013029165154077,44259.0,0,0,0,57,WEBER
351,570198,4.0,12.61388576561754,0.3171108470716495,119.25,15.0,44.0,60.25,123.88301530171114,15.0,0.0,11.25,32.75,8.5,13.5,5.75,32.5,0.0,0.0,4.633015301711138,0.0,77602.0,0,0,0,57,WEBER
352,570199,42.5,91.38620455585666,0.4650592527236793,276.0,2.0,215.75,58.25,289.7185903440919,2.0,0.0,1.5,214.25,1.0,0.0,1.25,56.0,0.0,0.0,11.966576518609374,1.7520138254825597,28702.0,0,0,0,57,WEBER
353,570200,118.24999714610101,244.2007686821802,0.4842326983007975,604.2499854167572,330.7499920175299,34.499999167361395,238.99999423186588,639.9250865401444,320.49999226490803,10.249999752621864,13.999999662117668,20.49999950524373,41.999998986353,9.249999776756315,45.999998889815195,141.7499965789414,0.0,0.0,30.418823788810897,5.256277334576294,31804.0,0,0,0,57,WEBER
354,570201,2.0,5.724549403931443,0.3493724761334861,121.5,43.25,11.5,66.75,126.14190376611104,43.25,0.0,4.75,6.75,8.5,0.0,9.5,48.75,0.0,0.0,4.641903766111033,0.0,31804.0,0,0,0,57,WEBER
355,570202,24.75,66.88809473242006,0.37002100447037994,105.5,38.25,36.25,31.0,112.39908123830456,38.25,0.0,18.5,17.75,5.0,2.25,6.25,17.5,0.0,0.0,5.897896768745099,1.0011844695594616,47780.0,0,0,0,57,WEBER
356,570203,268.5,544.8349413461505,0.4928098027938587,72.5,19.5,9.25,43.75,99.0761246898753,8.5,11.0,4.5,4.75,6.5,0.25,7.75,29.25,0.0,0.0,15.062917982024008,11.513206707851293,31804.0,0,0,0,57,WEBER
357,570204,50.0,143.58627414652116,0.3482226995386621,2.5,0.0,0.25,2.25,6.475885517648271,0.0,0.0,0.25,0.0,0.0,0.0,0.25,2.0,0.0,0.0,1.9735165785293467,2.002368939118923,47780.0,0,0,0,57,WEBER
358,570205,107.75,216.70099065551568,0.49722892209241243,189.75,160.75,29.0,0.0,205.6849632086648,25.0,135.75,29.0,0.0,0.0,0.0,0.0,0.0,0.0,0.0,11.179395974503851,4.755567234160944,31804.0,0,0,0,57,WEBER
359,570206,127.25,337.9340896608663,0.3765527180986734,59.25,12.0,4.75,42.5,76.75935490549755,12.0,0.0,2.5,2.25,6.5,1.25,5.75,29.0,0.0,0.0,12.253491645386363,5.255863260111182,47780.0,0,0,0,57,WEBER
360,570207,376.0,659.3179563121848,0.5702863032930431,182.5,34.0,2.75,145.75,224.0023426040483,0.0,34.0,2.25,0.5,0.0,1.0,14.0,130.75,0.0,0.0,25.73374620473328,15.768596399315022,30412.0,0,0,0,57,WEBER
361,570208,161.75,437.3878904779895,0.36980904940746107,300.0,0.0,0.0,300.0,324.3644833525467,0.0,0.0,0.0,0.0,0.0,300.0,0.0,0.0,0.0,0.0,17.356192065630466,7.008291286916231,53605.0,0,0,0,57,WEBER
362,570209,310.5,670.8772778010697,0.4628268243302619,258.25,129.5,11.25,117.5,293.39349916393155,100.75,28.75,4.75,6.5,12.0,8.25,17.75,79.5,0.0,0.0,22.128101059658576,13.015398104273,69985.0,354,0,0,57,WEBER
363,570210,255.0,686.1487145678084,0.37163955070675825,0.0,0.0,0.0,0.0,23.097712373486573,0.0,0.0,0.0,0.0,0.0,0.0,0.0,0.0,0.0,0.0,12.084683208332494,11.013029165154077,57928.0,0,0,0,57,WEBER
364,570211,1.25,1.9483530132371456,0.6415675144634866,680.5,227.25,364.5,88.75,706.1247682625219,144.25,83.0,83.25,281.25,13.0,4.0,7.5,64.25,0.0,0.0,25.624768262521865,0.0,60702.0,0,0,0,57,WEBER
365,570212,0.25,0.25,1.0,899.5,203.25,341.25,355.0,933.280875877184,91.5,111.75,263.75,77.5,27.5,73.25,78.0,176.25,0.0,0.0,33.780875877184165,0.0,49643.0,0,0,0,57,WEBER
366,570213,71.0,220.45773937280143,0.32205718974527187,785.5,130.0,309.25,346.25,823.9353461820884,123.75,6.25,220.75,88.5,41.5,46.0,44.25,214.5,0.0,0.0,35.43179277341001,3.0035534086783846,49643.0,0,0,0,57,WEBER
367,570214,0.0,0.0,0.0,23.75,3.0,3.75,17.0,24.642798544226167,3.0,0.0,1.25,2.5,1.75,2.5,3.25,9.5,0.0,0.0,0.8927985442261677,0.0,31804.0,0,0,0,57,WEBER
368,570215,96.25000148129664,198.91315238134246,0.48387952394808376,109.25000168136788,14.500000223156377,46.500000715639416,48.250000742572084,150.97410862914603,14.500000223156377,0.0,4.500000069255427,42.00000064638399,6.500000100035617,4.750000073102951,14.250000219308854,22.75000035012466,0.0,0.0,37.71936900790699,4.004737939871143,31804.0,0,0,0,57,WEBER
369,570216,4.5,7.060627715202868,0.6373371011065557,964.5,70.25,156.75,737.5,1000.9116823839302,66.75,3.5,69.75,87.0,151.75,11.25,181.75,392.75,0.0,0.0,36.41168238393018,0.0,31804.0,0,0,0,57,WEBER
370,570217,42.25,98.81910632849556,0.42754889787762385,570.5,34.5,95.5,440.5,603.5268014085054,22.0,12.5,28.0,67.5,44.0,16.0,44.75,335.75,0.0,0.0,31.024432469386525,2.002368939118923,31804.0,0,0,0,57,WEBER
371,570218,0.0,0.0,0.0,735.5,25.25,134.0,576.25,763.1414915649568,22.25,3.0,81.0,53.0,89.5,57.0,120.25,309.5,0.0,0.0,27.641491564956866,0.0,31804.0,0,0,0,57,WEBER
372,570219,292.25,581.3895921288544,0.5026749772555752,1059.5,227.25,29.5,802.75,1122.3180400678666,189.5,37.75,12.0,17.5,66.25,458.75,24.5,253.25,0.0,0.0,50.80382643315304,12.014213634713538,31804.0,747,293,229,57,WEBER
373,570220,168.75,333.807747855299,0.5055305069586065,1906.75,270.75,129.5,1506.5,1991.7550238387428,54.25,216.5,65.5,64.0,310.25,37.0,135.0,1024.25,0.0,0.0,77.99673255182675,7.008291286916231,31804.0,0,0,0,57,WEBER
374,570221,145.0,302.6054030801247,0.4791718803566984,50.75,6.0,6.5,38.25,64.36404731686855,6.0,0.0,3.25,3.25,6.5,0.0,8.25,23.5,0.0,0.0,7.355577785373897,6.2584695314946615,31804.0,0,0,0,57,WEBER
375,570222,179.5,364.8103369531501,0.4920364962768362,1223.75,44.25,95.5,1084.0,1284.4999730118193,38.25,6.0,51.0,44.5,180.25,305.5,246.75,351.5,0.0,0.0,52.74049725534353,8.009475756475693,30513.0,0,0,0,57,WEBER
376,570223,144.0,314.4123994441826,0.45799720448227493,164.0,10.0,26.25,127.75,220.086474491288,10.0,0.0,12.5,13.75,19.0,7.5,31.75,69.5,0.0,0.0,50.07924919067822,6.007225300609791,30591.0,0,0,0,57,WEBER
377,570224,713.5,1237.0641494939218,0.5767687959366458,308.75,5.0,16.5,287.25,380.6817636042852,5.0,0.0,6.5,10.0,37.5,21.5,152.0,76.25,0.0,0.0,41.39533911085195,30.536424493433174,21759.0,0,0,0,57,WEBER
378,570225,321.5,553.369453429252,0.5809861711875349,59.0,3.0,0.0,56.0,93.31792273026784,3.0,0.0,0.0,0.0,0.0,54.25,0.25,1.5,0.0,0.0,20.30134015643537,14.016582573832462,30412.0,707,0,0,57,WEBER
379,570226,699.25,1753.1445254351286,0.3988547377897706,39.75,1.0,4.5,34.25,97.81097795705108,1.0,0.0,2.25,2.25,5.75,3.75,6.0,18.75,0.0,0.0,28.025443870267225,30.035534086783848,32903.0,0,0,0,57,WEBER
380,570227,464.5,1258.354375935245,0.3691328999867548,37.0,1.0,6.75,29.25,76.12395983536112,1.0,0.0,2.5,4.25,2.75,6.5,5.75,14.25,0.0,0.0,19.10027044417188,20.023689391189237,53605.0,0,0,0,57,WEBER
381,570228,388.0,972.7982293149776,0.39884941019395237,35.5,16.0,1.0,18.5,67.43597743135567,16.0,0.0,1.0,0.0,1.75,3.5,2.0,11.25,0.0,0.0,15.917025918404278,16.018951512951386,60224.0,0,0,0,57,WEBER
382,570229,157.75,433.3871085464298,0.3639932911920011,1.0,0.0,0.0,1.0,13.975233759721007,0.0,0.0,0.0,0.0,1.0,0.0,0.0,0.0,0.0,0.0,5.966942472804777,7.008291286916231,57928.0,0,0,0,57,WEBER
383,570230,0.0,0.0,0.0,1902.0,102.25,1307.5,492.25,1973.480451611606,83.25,19.0,1042.25,265.25,250.25,80.25,43.25,118.5,0.0,0.0,71.48045161160597,0.0,49643.0,0,0,0,57,WEBER
384,570231,6.0,16.24328108672731,0.3693834988118695,1004.5,142.25,546.0,316.25,1042.4817495425573,123.5,18.75,303.75,242.25,82.25,34.5,28.5,171.0,0.0,0.0,37.98174954255725,0.0,49643.0,0,0,0,57,WEBER
385,570232,8.0,24.76173268737196,0.3230791682069913,411.25,59.25,198.0,154.0,427.0079001869986,53.25,6.0,168.75,29.25,17.75,24.0,21.0,91.25,0.0,0.0,15.757900186998572,0.0,49643.0,0,0,0,57,WEBER
386,570233,6.0,16.24328108672731,0.3693834988118695,786.0,46.25,653.0,86.75,815.7670430096716,39.25,7.0,144.0,509.0,6.75,15.25,7.0,57.75,0.0,0.0,29.76704300967165,0.0,49643.0,0,0,0,57,WEBER
387,570234,300.0,913.6661213420256,0.32834751447208005,361.75,20.5,209.0,132.25,404.8905202565662,7.0,13.5,179.5,29.5,40.5,10.75,6.5,74.5,0.0,0.0,30.125122152293244,13.015398104273,49643.0,0,0,0,57,WEBER
388,570235,0.0,0.0,0.0,12.0,0.0,12.0,0.0,12.45102849214807,0.0,0.0,0.0,12.0,0.0,0.0,0.0,0.0,0.0,0.0,0.4510284921480707,0.0,31804.0,0,0,0,57,WEBER
389,570236,111.75,186.709565812636,0.5985231635755701,260.75,10.75,65.25,184.75,287.7453506777497,7.75,3.0,50.25,15.0,26.25,17.0,33.75,107.75,0.0,0.0,22.239783443588763,4.755567234160944,36446.0,0,0,0,57,WEBER
390,570237,121.25,205.52310168938743,0.5899580096024843,881.5,237.75,76.0,567.75,924.189776126978,37.0,200.75,39.25,36.75,106.0,46.25,91.75,323.75,0.0,0.0,37.68385377918082,5.005922347797308,31804.0,0,0,0,57,WEBER
391,570238,75.75,169.3378997604291,0.4473304564847406,520.25,2.0,16.0,502.25,545.6547749316109,2.0,0.0,11.75,4.25,30.5,397.0,12.25,62.5,0.0,0.0,22.40122152293246,3.0035534086783846,35436.0,0,0,0,57,WEBER
392,570239,2.0,3.163896666156144,0.632131896529296,1182.75,342.5,112.25,728.0,1227.2764964912633,57.5,285.0,61.25,51.0,140.0,76.75,181.75,329.5,0.0,0.0,44.52649649126335,0.0,31804.0,0,0,0,57,WEBER
393,570240,219.5,422.0297186968022,0.520105552466306,609.25,54.5,50.5,504.25,654.3818208287856,52.0,2.5,27.0,23.5,97.0,8.0,105.75,293.5,0.0,0.0,35.62139726137575,9.51042356740988,27413.0,0,0,0,57,WEBER
394,570241,4.0,9.586749038179873,0.4172425901700077,8362.25,195.5,306.5,7860.25,8678.661688416141,64.75,130.75,149.5,157.0,1019.75,5510.0,395.75,934.75,0.0,0.0,316.41168841614217,0.0,31804.0,0,0,0,57,WEBER
395,570242,171.5,271.14011577252586,0.6325142980461093,653.75,30.75,66.5,556.5,694.5252363577009,26.5,4.25,31.75,34.75,92.5,74.0,120.0,270.0,0.0,0.0,33.26635332676492,7.508883030935936,26719.0,0,0,0,57,WEBER
396,570243,414.75,646.1546384401781,0.641874212961172,1378.75,182.5,104.0,1092.25,1482.1704191597637,41.25,141.25,58.0,46.0,169.75,295.5,160.0,467.0,0.0,0.0,85.89897955080127,17.521439608962613,31804.0,0,0,0,57,WEBER
397,570244,568.25,1431.9448521202926,0.39683790835840327,241.5,27.5,24.5,189.5,297.71474252543743,27.5,0.0,6.25,18.25,15.0,21.75,94.25,58.5,0.0,0.0,31.935663442784467,24.27907908265296,32440.0,0,0,0,57,WEBER
398,570245,711.25,1291.8579578775502,0.5505636247877774,374.5,22.25,15.25,337.0,450.590094439065,19.25,3.0,7.75,7.5,135.0,60.5,34.75,106.75,0.0,0.0,46.05456035228118,30.035534086783848,25250.0,426,0,0,57,WEBER
399,570246,546.0,1194.1203305783824,0.45724035176215466,101.0,57.25,4.0,39.75,148.34449794232836,57.25,0.0,2.5,1.5,4.5,5.5,3.5,26.25,0.0,0.0,24.317255142460738,23.02724279986761,54074.0,0,0,0,57,WEBER
400,570247,492.0,865.6489543736303,0.5683597230889088,395.0,31.0,31.0,333.0,449.3687742890357,29.75,1.25,13.25,17.75,33.0,76.75,43.25,180.0,0.0,0.0,33.34390042828705,21.02487386074869,32208.0,0,0,0,57,WEBER
401,570248,322.0,799.709381590101,0.4026462705236142,75.5,15.0,2.25,58.25,104.4571763445682,0.0,15.0,0.0,2.25,1.0,37.5,1.0,18.75,0.0,0.0,14.940593770735727,14.016582573832462,83523.0,666,0,0,57,WEBER
402,570249,357.0,818.8788562742498,0.43596192191881133,83.0,2.0,1.0,80.0,114.55485408821126,2.0,0.0,0.0,1.0,2.0,8.25,56.75,13.0,0.0,0.0,16.537087044819334,15.017767043391924,62434.0,0,0,0,57,WEBER
403,570250,226.0000012236436,499.77544675987167,0.4522030897853019,18.00000009745834,0.0,0.0,18.00000009745834,37.182741484693814,0.0,0.0,0.0,0.0,3.0000000162430567,0.0,2.0000000108287046,13.00000007038658,0.0,0.0,9.170896637433206,10.01184474980227,80777.0,0,0,0,57,WEBER
404,570251,188.00000001647084,409.6274178198795,0.458953653583652,38.00000000332921,0.0,0.0,38.00000000332921,54.75570965023997,0.0,0.0,0.0,0.0,0.0,37.0000000032416,1.0000000000876108,0.0,0.0,0.0,8.746233889733348,8.009475757177409,88144.0,0,0,0,57,WEBER
405,570252,10.0,27.227167980252105,0.3672802109735765,1635.25,708.0,252.75,674.5,1697.0876661371724,564.25,143.75,184.75,68.0,87.0,6.0,50.0,531.5,0.0,0.0,61.8376661371725,0.0,49643.0,0,0,0,57,WEBER
406,570253,1.75,2.448658117960793,0.7146771479300567,161.75,84.25,6.5,71.0,167.89529990147386,53.5,30.75,5.5,1.0,7.0,2.0,4.75,57.25,0.0,0.0,6.14529990147387,0.0,49643.0,0,0,0,57,WEBER
407,570254,0.0,0.0,0.0,395.75,167.25,102.0,126.5,410.6242213419661,128.75,38.5,69.0,33.0,3.0,0.0,5.25,118.25,0.0,0.0,14.874221341966098,0.0,49643.0,0,0,0,57,WEBER
408,570255,0.0,0.0,0.0,733.0,177.5,395.25,160.25,760.5496340458046,165.25,12.25,29.25,366.0,22.75,0.0,14.0,123.5,0.0,0.0,27.549634045804595,0.0,49643.0,0,0,0,57,WEBER
409,570256,20.5,57.51654590293448,0.35641917778922283,948.75,61.5,682.5,204.75,995.6620173169646,59.25,2.25,333.25,349.25,29.5,31.25,34.0,110.0,0.0,0.0,45.91083284740514,1.0011844695594616,38386.0,0,0,0,57,WEBER
410,570257,88.0,277.03509641869493,0.3176492839268345,134.25,41.5,15.5,77.25,146.60726839117694,41.5,0.0,5.5,10.0,15.5,1.5,14.25,46.0,0.0,0.0,8.352530512939094,4.004737878237846,38386.0,0,0,0,57,WEBER
411,570258,314.0,975.157233779672,0.32199935469170243,79.5,5.75,16.25,57.5,107.8047794003943,5.75,0.0,11.0,5.25,10.75,3.0,9.5,34.25,0.0,0.0,15.289381296121288,13.015398104273,38386.0,0,0,0,57,WEBER
412,570259,96.0,207.74488458247976,0.46210524120937224,662.0,36.0,8.0,618.0,694.4922733174834,31.0,5.0,4.25,3.75,1.5,3.0,4.5,609.0,0.0,0.0,28.48753543924557,4.004737878237846,26382.0,0,0,0,57,WEBER
413,570260,165.0,363.3471701339016,0.4541111464806339,363.25,46.0,48.5,268.75,390.1104457919732,32.0,14.0,23.25,25.25,51.0,10.0,53.5,154.25,0.0,0.0,19.852154505057005,7.008291286916231,26382.0,0,0,0,57,WEBER
414,570261,68.0,146.22141920773583,0.4650481466288659,191.0,24.25,68.5,98.25,203.73771784677783,19.25,5.0,3.25,65.25,11.75,35.75,15.75,35.0,0.0,0.0,9.734164438099452,3.0035534086783846,26382.0,0,0,251,57,WEBER
415,570262,415.0,1229.8064500805815,0.33745147455748636,79.25,3.0,12.0,64.25,116.34915911050636,3.0,0.0,5.75,6.25,6.5,7.0,10.5,40.25,0.0,0.0,19.077838658436047,18.02132045207031,34285.0,0,0,0,57,WEBER
416,570263,425.0,966.9626902250268,0.4395205774703635,24.5,6.0,2.5,16.0,59.6662151899707,6.0,0.0,1.5,1.0,1.75,1.25,2.75,10.25,0.0,0.0,17.144894737900387,18.02132045207031,30060.0,0,0,0,57,WEBER
417,570264,360.0,882.407335423093,0.4079748496508007,398.0,73.25,22.75,302.0,444.00700356642494,49.25,24.0,10.25,12.5,29.75,61.0,68.25,143.0,0.0,0.0,30.989236523033,15.017767043391924,49860.0,0,0,0,57,WEBER
418,570265,411.0,1154.1034824734904,0.35612057864961916,133.75,2.0,1.0,130.75,171.24500578726827,2.0,0.0,0.0,1.0,1.0,34.25,10.25,85.25,0.0,0.0,20.474869804757404,17.020135982510844,56499.0,0,0,0,57,WEBER
419,570266,521.0,1084.380459770002,0.48045867601718356,28.5,0.0,0.0,28.5,71.179129731591,0.0,0.0,0.0,0.0,8.25,1.25,13.0,6.0,0.0,0.0,20.65307140128285,22.026058330308157,30663.0,0,0,0,57,WEBER
420,570267,149.0,365.97131756431486,0.4071357312689269,157.0,0.0,0.0,157.0,174.50833336713256,0.0,0.0,0.0,0.0,0.0,157.0,0.0,0.0,0.0,0.0,11.501226549775804,6.007106817356769,83523.0,0,0,1205,57,WEBER
421,570268,108.0,265.37377902176974,0.40697313953968417,60.75,0.0,1.0,59.75,72.09872189739215,0.0,0.0,1.0,0.0,7.0,36.25,5.25,11.25,0.0,0.0,6.342799549594837,5.005922347797308,74368.0,0,0,0,57,WEBER
422,570269,0.0,0.0,0.0,3891.5,1.5,3328.5,561.5,4037.769055757746,1.25,0.25,3258.25,70.25,427.0,57.25,50.25,27.0,0.0,0.0,146.26905575774637,0.0,49643.0,0,0,0,57,WEBER
423,570270,37.0,86.81932428190082,0.4261724023543612,562.0,124.0,143.75,294.25,586.5026132437055,121.5,2.5,31.25,112.5,46.75,10.25,44.5,192.75,0.0,0.0,22.50024430458649,2.002368939118923,36574.0,0,0,0,57,WEBER
424,570271,0.0,0.0,0.0,465.25,156.75,122.0,186.5,482.73770534655057,154.75,2.0,109.0,13.0,20.5,11.25,54.25,100.5,0.0,0.0,17.48770534655058,0.0,36574.0,0,0,0,57,WEBER
425,570272,142.0,385.9763313384142,0.36789820636825016,657.0,200.25,51.25,405.5,693.0367983702492,184.5,15.75,23.25,28.0,48.0,17.5,69.25,270.75,0.0,0.0,30.029691552892444,6.007106817356769,36574.0,0,0,0,57,WEBER
426,570273,179.0,489.09205471638137,0.36598427284573243,544.5,76.25,53.5,414.75,579.9475510786964,76.25,0.0,20.75,32.75,70.75,9.75,177.75,156.5,0.0,0.0,27.43807532222066,8.009475756475693,36574.0,0,0,0,57,WEBER
427,570274,75.25,191.88380747940332,0.39216440922498,407.25,67.0,32.75,307.5,428.38556635782686,31.0,36.0,14.5,18.25,43.25,68.25,68.0,128.0,0.0,0.0,18.132012949148454,3.0035534086783846,36641.0,551,0,0,57,WEBER
428,570275,58.0,150.18952978054585,0.3861787175494092,301.25,28.0,43.25,230.0,316.75146511268576,27.75,0.25,18.5,24.75,38.75,10.25,41.25,139.75,0.0,0.0,13.499096173566848,2.002368939118923,36641.0,0,0,0,57,WEBER
429,570276,120.0,309.03509641869493,0.3883054105848822,452.75,64.0,47.75,341.0,479.2790287359098,64.0,0.0,21.0,26.75,52.5,27.0,62.5,199.0,0.0,0.0,21.52310638811252,5.005922347797308,36641.0,0,0,0,57,WEBER
430,570277,384.0,1081.4743212689775,0.3550708439840006,0.0,0.0,0.0,0.0,31.20186326168965,0.0,0.0,0.0,0.0,0.0,0.0,0.0,0.0,0.0,0.0,15.182911748738263,16.018951512951386,46361.0,0,0,0,57,WEBER
431,570278,241.0,710.328515246415,0.33927963586875914,44.0,0.0,4.25,39.75,64.72439571805455,0.0,0.0,0.0,4.25,2.5,6.75,3.25,27.25,0.0,0.0,10.712551022459936,10.011844695594617,37492.0,494,0,0,57,WEBER
432,570279,786.5,1487.0008294228603,0.528916988099636,333.75,49.0,31.5,253.25,409.14608206378665,15.0,34.0,17.5,14.0,30.25,56.0,28.0,139.0,0.0,0.0,42.10663945468804,33.28944260909859,58206.0,0,0,0,57,WEBER
433,570280,377.99999984909454,926.9464934110289,0.40779052786327424,354.49999985847626,5.749999997704481,16.249999993512663,332.4999998672591,399.0520048593621,5.749999997704481,0.0,10.999999995608572,5.249999997904091,13.49999999461052,170.24999993203267,53.99999997844208,94.74999996217383,0.0,0.0,28.533053494329558,16.018951506556288,74486.0,0,871,0,57,WEBER
434,570281,0.75,1.4486581179607931,0.5177204964382757,1408.75,732.75,143.75,532.25,1461.7260491022057,463.25,269.5,20.75,123.0,98.5,50.25,66.75,316.75,0.0,0.0,52.97604910220578,0.0,51729.0,0,0,0,57,WEBER
435,570282,77.0,198.0569582976864,0.388777050106295,297.75,10.75,26.25,260.75,314.8390087401484,10.75,0.0,12.25,14.0,29.25,11.5,43.5,176.5,0.0,0.0,14.085455331470053,3.0035534086783846,36641.0,0,0,0,57,WEBER
436,570283,488.75,990.9043328604794,0.49323631332714807,540.0,62.25,43.75,434.0,603.4418495107195,34.75,27.5,23.25,20.5,58.25,62.25,65.25,248.25,0.0,0.0,42.41697564997085,21.02487386074869,56636.0,0,0,0,57,WEBER
437,570284,232.7500000672279,721.1678881163983,0.32274038251362275,3556.250001027193,45.00000001299787,16.000000004621466,3495.2500010095737,3713.674041895577,1.0000000002888416,44.00000001270903,1.0000000002888416,15.000000004332625,14.250000004115993,3398.000000981484,22.000000006354515,61.000000017619335,0.0,0.0,147.41219616989866,10.011844698486454,96760.0,33,0,0,57,WEBER
438,570285,181.0,437.7800300787309,0.4134496495133612,0.0,0.0,0.0,0.0,15.061822286948416,0.0,0.0,0.0,0.0,0.0,0.0,0.0,0.0,0.0,0.0,7.052346530472724,8.009475756475693,109652.0,0,0,0,57,WEBER
439,570286,273.25,635.4895908425365,0.42998343944190065,1687.25,13.0,48.25,1626.0,1773.200250069274,12.0,1.0,28.0,20.25,180.0,55.0,405.25,985.75,0.0,0.0,73.93603643456055,12.014213634713538,64041.0,0,0,0,57,WEBER
440,570287,171.75,395.2392673155511,0.4345469041234667,4423.75,235.25,28.25,4160.25,4603.482085347198,169.0,66.25,10.5,17.75,26.75,22.0,3689.5,422.0,0.0,0.0,172.7237940602819,7.008291286916231,76085.0,0,0,0,57,WEBER
441,570288,265.0,628.1728173173346,0.42185843241626564,375.5,165.5,18.0,192.0,412.0889445533269,32.0,133.5,3.75,14.25,7.75,104.0,9.75,70.5,0.0,0.0,25.575915388172845,11.013029165154077,85639.0,0,0,0,57,WEBER
442,570289,260.0,612.2287006041853,0.4246779018092681,606.5,32.25,49.25,525.0,650.0807699006818,1.5,30.75,0.0,49.25,0.75,0.5,1.5,522.25,0.0,0.0,32.56774073552772,11.013029165154077,79597.0,0,0,0,57,WEBER
443,570290,426.25,1009.187021673902,0.42236968059002045,707.25,115.25,25.25,566.75,772.3764568805987,10.75,104.5,22.0,3.25,9.5,181.25,254.25,121.75,0.0,0.0,47.10513642852834,18.02132045207031,92070.0,630,0,0,57,WEBER
444,570291,459.0,1277.5312795666644,0.35928670189249046,0.0,0.0,0.0,0.0,39.02552921585294,0.0,0.0,0.0,0.0,0.0,0.0,0.0,0.0,0.0,0.0,19.001839824663705,20.023689391189237,106185.0,0,0,0,57,WEBER
445,570292,183.5,502.43899824343146,0.36521846560782756,0.0,0.0,0.0,0.0,15.40711414547294,0.0,0.0,0.0,0.0,0.0,0.0,0.0,0.0,0.0,0.0,7.397638388997246,8.009475756475693,109367.0,0,0,0,57,WEBER
446,570293,239.25,645.4893000223301,0.37064905644713764,195.0,55.75,13.75,125.5,221.3333173596205,2.75,53.0,10.5,3.25,7.0,21.75,9.0,87.75,0.0,0.0,16.321472664025897,10.011844695594617,127550.0,0,0,0,57,WEBER
447,570294,436.0,1265.4741124988454,0.344534902526817,228.5,83.0,22.25,123.25,273.7589850828813,76.0,7.0,19.25,3.0,15.0,1.0,8.0,99.25,1.0049359429680191,0.0,25.481485130597388,18.772564009315897,60702.0,0,0,0,57,WEBER
448,570295,681.25,2039.432951958675,0.33403892947092295,642.25,91.0,149.0,402.25,748.057474469914,76.5,14.5,33.5,115.5,46.5,86.5,56.75,212.5,0.0,0.0,76.77419218627472,29.03328228363938,60702.0,0,0,0,57,WEBER
449,570296,277.75,739.3969039132085,0.37564398569973284,0.0,0.0,0.0,0.0,24.46499899862195,0.0,0.0,0.0,0.0,0.0,0.0,0.0,0.0,2.0098718859360383,0.0,10.440913477972371,12.014213634713538,88528.0,0,0,0,57,WEBER
450,570297,263.75,746.3532460887818,0.35338494390178593,169.0,0.0,116.0,53.0,198.5498017119905,0.0,0.0,0.0,116.0,0.0,53.0,0.0,0.0,1.0049359429680191,0.0,17.532310538274388,11.012555230748111,60702.0,0,0,0,57,WEBER
451,570298,0.0,0.0,0.0,617.0,144.5,82.0,390.5,641.6942332053164,53.75,90.75,24.0,58.0,49.75,103.0,61.75,176.0,0.0,0.0,24.694233205316397,0.0,60702.0,0,0,0,57,WEBER
452,570299,72.25,186.79020394277237,0.386797586141806,0.0,0.0,0.0,0.0,13.989837136210664,0.0,0.0,0.0,0.0,0.0,0.0,0.0,0.0,3.0148078289040576,0.0,7.721120784991856,3.2539085223147484,88528.0,0,0,0,57,WEBER
453,570300,361.0,1061.966773223613,0.3399353059834256,615.25,193.25,208.0,214.0,667.9655226433282,126.75,66.5,164.0,44.0,34.75,12.0,12.0,155.25,1.0049359429680191,0.0,36.69281965696821,15.017767043391924,60702.0,0,0,0,57,WEBER
454,570301,178.0,524.4091422056872,0.3394296278881112,326.0,15.0,229.0,82.0,356.4576083696627,2.0,13.0,215.0,14.0,1.0,30.0,9.0,42.0,1.0049359429680191,0.0,21.44319667021897,8.009475756475693,60702.0,0,0,0,57,WEBER
455,570302,529.75,1558.036497769655,0.34001129033776967,747.0,148.75,85.25,513.0,818.7611633753554,60.5,88.25,34.75,50.5,64.25,78.25,72.5,298.0,0.0,0.0,49.23451330102749,22.52665007432786,60702.0,0,0,0,57,WEBER
456,570303,153.0,513.3772527784972,0.2980264496954907,0.0,0.0,0.0,0.0,14.768776447740173,0.0,0.0,0.0,0.0,0.0,0.0,0.0,0.0,2.0098718859360383,0.0,5.750613274887901,7.008291286916231,95539.0,0,0,0,57,WEBER
457,570304,143.5,421.4658355570213,0.34047836833641876,456.5,129.5,45.25,281.75,489.0771180172947,91.25,38.25,31.25,14.0,32.25,63.75,34.5,151.25,4.0197437718720765,0.0,22.55026742806587,6.007106817356769,60702.0,0,0,0,57,WEBER
458,570305,184.0,618.8738425001504,0.29731423008067315,158.0,1.0,1.0,156.0,181.87914554826156,1.0,0.0,1.0,0.0,6.75,119.0,15.75,14.5,3.0148078289040576,0.0,12.854861962881788,8.009475756475693,95539.0,865,0,0,57,WEBER
459,570306,446.25,1306.688108826493,0.34151225298955773,674.5,186.75,278.0,209.75,754.8706326789517,52.75,134.0,87.25,190.75,21.0,4.0,9.25,175.5,3.0148078289040576,16.200000000000003,42.13331992841775,19.02250492162977,60702.0,0,0,0,57,WEBER
460,570307,365.5,1078.8047765642914,0.3388008729105011,271.75,49.75,5.0,217.0,311.7203801418296,0.0,49.75,0.0,5.0,0.0,170.0,0.0,47.0,0.0,0.0,23.95142862887821,16.018951512951386,95539.0,785,215,0,57,WEBER
461,570308,273.75,812.2160868699433,0.33704084962778436,0.0,0.0,0.0,0.0,32.065872352993935,0.0,0.0,0.0,0.0,0.0,0.0,0.0,0.0,4.0197437718720765,0.0,16.531795789516018,11.514332791605844,95539.0,0,0,0,57,WEBER
462,570309,309.25,910.810228767572,0.33953285792414717,258.0,0.0,6.5,251.5,353.6393602321007,0.0,0.0,6.0,0.5,1.5,34.0,103.75,112.25,2.0098718859360383,0.0,80.6140902418917,13.015398104273,95539.0,0,0,0,57,WEBER
463,570310,133.5,396.1230399788791,0.3370164987300867,29.0,0.0,1.0,28.0,47.4374202365624,0.0,0.0,0.0,1.0,5.0,1.0,0.0,22.0,6.532083629292124,0.0,6.148527134900368,5.756809472369903,95539.0,0,0,0,57,WEBER
464,570311,427.5,1252.782648887666,0.3412403583172015,116.75,15.25,19.75,81.75,156.2321408178562,6.0,9.25,4.75,15.0,11.0,10.75,12.25,47.75,1.0049359429680191,0.0,20.45588442281785,18.02132045207031,60702.0,0,0,0,57,WEBER
465,570312,785.75,1993.7583200296413,0.3941049384502723,75.5,50.0,11.0,14.5,143.16923186429906,6.0,44.0,8.0,3.0,4.5,0.0,1.0,9.0,2.0098718859360383,0.0,32.370331570586934,33.2890284077761,67067.0,0,0,0,57,WEBER
466,570313,331.75,952.1661302030568,0.3484160898784036,18.25,0.75,1.0,16.5,82.1746837516981,0.75,0.0,0.0,1.0,1.75,3.5,1.25,10.0,1.0049359429680191,0.0,48.65251342167173,14.267234387058345,95539.0,0,0,0,57,WEBER
467,570314,718.0,2139.0224489405346,0.3356673513901773,26.0,2.0,1.0,23.0,85.25087113109247,2.0,0.0,1.0,0.0,6.0,1.0,4.0,12.0,0.0,0.0,28.21415257474916,31.03671855634331,74477.0,0,0,0,57,WEBER
468,570315,261.0,772.232846964845,0.33798096134582284,5.25,0.0,1.0,4.25,57.0200124559268,0.0,0.0,0.0,1.0,0.75,0.0,1.25,2.25,0.0,0.0,40.75698329077272,11.013029165154077,74477.0,0,0,0,57,WEBER
469,570316,311.0,854.8251049680682,0.36381711088330443,0.0,0.0,0.0,0.0,24.704553192443832,0.0,0.0,0.0,0.0,0.0,0.0,0.0,0.0,0.0,0.0,11.689155088170832,13.015398104273,102334.0,0,0,0,57,WEBER
470,570317,217.0,599.7262296949932,0.36183176465428424,197.0,0.0,6.0,191.0,221.5711432051436,0.0,0.0,1.0,5.0,0.0,188.0,0.0,3.0,0.0,0.0,15.56048297910844,9.010660226035156,102334.0,691,1078,0,57,WEBER
471,570318,148.5,442.7616627831413,0.3353948918398866,96.0,0.0,0.0,96.0,111.19707927025524,0.0,0.0,0.0,0.0,0.0,96.0,0.0,0.0,0.0,0.0,9.189972452898475,6.007106817356769,74477.0,611,0,0,57,WEBER
472,570319,305.75,910.1035841169114,0.33595077014961355,56.75,1.0,14.25,41.5,83.39078768463212,1.0,0.0,1.25,13.0,4.75,14.5,3.0,19.25,0.0,0.0,13.625389580359116,13.015398104273,74477.0,0,0,0,57,WEBER
473,570320,351.5,1046.8791655748714,0.3357598580223738,257.75,38.0,14.75,205.0,301.16779879799407,8.0,30.0,8.75,6.0,30.25,20.0,20.5,134.25,1.0049359429680191,0.0,27.395095811634125,15.017767043391924,74477.0,0,0,0,57,WEBER
474,570321,147.0,434.9763006249661,0.33794944641534047,0.0,0.0,0.0,0.0,11.533527905969963,0.0,0.0,0.0,0.0,0.0,0.0,0.0,0.0,0.0,0.0,5.526421088613194,6.007106817356769,74477.0,0,0,0,57,WEBER
475,570322,281.25,978.0258982352028,0.2875690720537167,0.0,0.0,0.0,0.0,28.859818087655096,0.0,0.0,0.0,0.0,0.0,0.0,0.0,0.0,5.024679714840096,0.0,11.820924738101462,12.014213634713538,94980.0,0,0,0,57,WEBER
476,570323,45.0,156.74488458247976,0.2870907087007412,0.0,0.0,0.0,0.0,10.728277385450324,0.0,0.0,0.0,0.0,0.0,0.0,0.0,0.0,7.034551600776133,0.0,1.691356845555265,2.002368939118923,94980.0,0,0,0,57,WEBER
477,570324,110.25,383.09382321762826,0.28778850850166043,0.0,0.0,0.0,0.0,13.169426801711491,0.0,0.0,0.0,0.0,0.0,0.0,0.0,0.0,4.0197437718720765,0.0,4.143760682042105,5.005922347797308,94980.0,0,0,0,57,WEBER
478,570325,29.25,102.582527991849,0.2851362758609745,0.0,0.0,0.0,0.0,4.110382758487477,0.0,0.0,0.0,0.0,0.0,0.0,0.0,0.0,2.0098718859360383,0.0,1.0993264029919771,1.0011844695594616,94980.0,0,0,0,57,WEBER
479,570326,111.75,387.3876170543026,0.2884707592094646,37.0,3.75,0.0,33.25,52.85218195915452,3.75,0.0,0.0,0.0,4.25,21.25,1.25,6.5,1.0049359429680191,0.0,9.841323668389196,5.005922347797308,94980.0,0,0,0,57,WEBER
480,570327,127.0,440.1183978066156,0.28855871654745674,72.25,5.5,12.0,54.75,85.74959916704466,2.25,3.25,1.0,11.0,6.0,5.0,17.0,26.75,1.0049359429680191,0.0,7.488740876279332,5.005922347797308,94980.0,0,0,0,57,WEBER
481,570328,95.0,326.8708322533303,0.29063468081597876,9.0,0.0,7.0,2.0,17.918743251966127,0.0,0.0,7.0,0.0,1.0,0.0,0.0,1.0,1.0049359429680191,0.0,3.90906943076026,4.004737878237846,94980.0,0,0,0,57,WEBER
482,570329,60.0,205.26834995722368,0.2923002986700265,0.0,0.0,0.0,0.0,6.263631812386757,0.0,0.0,0.0,0.0,0.0,0.0,0.0,0.0,1.0049359429680191,0.0,2.255142460740353,3.0035534086783846,94980.0,0,0,0,57,WEBER
483,570330,111.0,381.5156430544107,0.29094481974929004,0.0,0.0,0.0,0.0,10.68287184313498,0.0,0.0,0.0,0.0,0.0,0.0,0.0,0.0,1.0049359429680191,0.0,4.672013552369654,5.005922347797308,94980.0,0,0,0,57,WEBER
484,570331,215.0,788.6237408567295,0.27262684200507653,0.0,0.0,0.0,0.0,23.12120303482953,0.0,0.0,0.0,0.0,0.0,0.0,0.0,0.0,6.029615657808115,0.0,8.080927150986266,9.010660226035156,102334.0,0,0,0,57,WEBER
485,570332,239.25,879.4549695481146,0.2720434908940619,22.5,1.0,1.0,20.5,43.35436131939829,1.0,0.0,0.0,1.0,1.5,1.0,1.0,17.0,1.0049359429680191,0.0,9.83758068083566,10.011844695594617,102334.0,0,0,0,57,WEBER
486,570333,81.0,227.1995573287444,0.35651477913224,0.0,0.0,0.0,0.0,11.07267544551796,0.0,0.0,0.0,0.0,0.0,0.0,0.0,0.0,5.024679714840096,0.0,3.044442321999477,3.0035534086783846,94145.0,0,0,0,57,WEBER
487,570334,111.0,312.1407922484636,0.35560875975365686,0.0,0.0,0.0,0.0,15.207551557975076,0.0,0.0,0.0,0.0,0.0,0.0,0.0,0.0,6.029615657808115,0.0,4.172013552369654,5.005922347797308,93962.0,0,0,0,57,WEBER
488,570335,99.0,277.7918153319676,0.3563819901666027,0.0,0.0,0.0,0.0,12.240530767363488,0.0,0.0,0.0,0.0,0.0,0.0,0.0,0.0,3.0148078289040576,0.0,5.220985060221583,4.004737878237846,93962.0,0,0,0,57,WEBER
489,570336,167.5,517.400945611374,0.3237334632275899,29.5,21.5,5.0,3.0,43.91306176124917,11.5,10.0,0.0,5.0,0.0,0.0,0.0,3.0,0.0,0.0,7.4047704743329374,7.008291286916231,93962.0,0,0,0,57,WEBER
490,570337,105.0,324.7656449314344,0.3233100595420675,158.75,7.75,33.0,118.0,172.66725170205703,4.75,3.0,26.0,7.0,3.75,97.0,1.0,16.25,0.0,0.0,9.912513823819197,4.004737878237846,93962.0,668,0,0,57,WEBER
491,570338,58.0,180.2206198796567,0.3218277688686778,18.5,16.25,0.0,2.25,24.38180270043693,16.25,0.0,0.0,0.0,0.0,1.25,0.0,1.0,1.0049359429680191,0.0,2.874497818349989,2.002368939118923,93962.0,0,0,0,57,WEBER
492,570339,165.0,464.848773629654,0.3549541471555131,0.0,0.0,0.0,0.0,14.214868996920222,0.0,0.0,0.0,0.0,0.0,0.0,0.0,0.0,1.0049359429680191,0.0,6.201641767035972,7.008291286916231,93962.0,0,0,0,57,WEBER
493,570340,83.0,233.62371850430856,0.3552721467296964,41.75,0.0,16.0,25.75,52.70852492902428,0.0,0.0,0.0,16.0,3.0,5.5,3.0,14.25,3.0148078289040576,0.0,4.689808577805481,3.2539085223147484,93962.0,0,0,0,57,WEBER
494,570341,87.5,243.0245306044205,0.36004595825113145,0.0,0.0,0.0,0.0,38.83126219565461,0.0,0.0,0.0,0.0,0.0,0.0,0.0,0.0,2.0098718859360383,0.0,33.066771560131095,3.754618749587476,93962.0,0,0,0,57,WEBER
495,570342,58.75,216.82640027856831,0.27095409011320015,0.0,0.0,0.0,0.0,5.722027048327469,0.0,0.0,0.0,0.0,0.0,0.0,0.0,0.0,1.0049359429680191,0.0,2.2137152393782804,2.5033758659811696,102334.0,0,0,0,57,WEBER
496,570343,431.0,1582.6747056419035,0.27232380631571057,99.5,0.0,0.0,99.5,151.21568457380994,0.0,0.0,0.0,0.0,4.25,95.0,0.0,0.25,0.0,0.0,33.44400900810327,18.271675565706676,102334.0,842,0,0,57,WEBER
497,570344,647.0,1679.941962757312,0.3851323523927398,95.5,22.0,29.25,44.25,152.9410607153773,22.0,0.0,1.25,28.0,4.25,2.25,4.25,33.5,0.0,0.0,29.90807311040959,27.53298760496771,67182.0,0,0,0,57,WEBER
498,570345,725.0,1571.4675007122842,0.46135220720211273,50.25,16.0,4.0,30.25,110.42537699239182,10.0,6.0,2.0,2.0,1.25,3.25,2.0,23.75,0.0,0.0,29.138658436048495,31.03671855634331,48340.0,0,0,0,57,WEBER
499,570346,499.75,1398.129329788889,0.35744189707790475,273.75,152.5,3.0,118.25,324.0936453282272,81.5,71.0,2.0,1.0,4.25,88.0,2.5,23.5,0.0,0.0,29.068830555164578,21.27481477306257,74238.0,550,0,0,57,WEBER
500,570347,640.75,1598.9644943939722,0.4007280976197363,245.75,121.5,7.5,116.75,315.1072260726188,41.5,80.0,2.5,5.0,18.5,11.5,9.75,77.0,0.0,0.0,41.82465365049364,27.532572422125163,71613.0,0,0,0,57,WEBER
501,570348,363.0,872.3704322218035,0.41610763798526573,51.0,0.0,0.0,51.0,81.57825002250037,0.0,0.0,0.0,0.0,0.0,51.0,0.0,0.0,0.0,0.0,15.56048297910844,15.017767043391924,70658.0,441,0,0,57,WEBER
502,570349,434.0,1285.1235375698875,0.3377107237648725,715.5,92.5,120.25,502.75,816.9759401211029,42.25,50.25,48.75,71.5,41.0,138.5,21.25,302.0,0.0,0.0,83.45461966903264,18.02132045207031,68303.0,507,0,0,57,WEBER
503,570350,683.25,1792.7864825740517,0.3811106379042983,182.0,35.5,10.0,136.5,244.30975327274487,35.5,0.0,6.75,3.25,15.5,9.25,13.25,98.5,0.0,0.0,33.27540365552048,29.034349617224382,74477.0,0,0,0,57,WEBER
504,570351,485.00000000638363,1248.8236926588693,0.3883654697275727,410.7500000054063,4.50000000005923,7.500000000098716,398.7500000052484,466.9434022480648,4.50000000005923,0.0,3.5000000000460676,4.0000000000526486,16.750000000220467,314.2500000041362,8.750000000115168,59.000000000776566,0.0,0.0,35.669121107179315,20.524281135479082,58199.0,0,846,1835,57,WEBER
505,570352,679.0,1691.9162510361336,0.40132010055709244,262.0,50.75,34.25,177.0,326.3958561774698,23.5,27.25,25.25,9.0,20.0,33.0,23.75,100.25,0.0,0.0,35.361209860655904,29.034646316813905,52663.0,0,0,0,57,WEBER
506,570353,626.25,2341.534315126825,0.26745283891604227,9.5,3.0,2.0,4.5,60.92784760750848,1.0,2.0,0.0,2.0,0.0,0.0,0.25,4.25,0.0,0.0,24.395866929403013,27.031980678105462,78915.0,0,0,0,57,WEBER
507,570354,90.25,315.83490488367306,0.28575055702991564,162.25,18.0,1.25,143.0,177.24432024809286,11.0,7.0,1.25,0.0,3.25,94.0,3.5,42.25,0.0,0.0,10.989582369855023,4.004737878237846,79237.0,0,0,0,57,WEBER
508,570355,411.0,1241.4043627807996,0.3310766518327213,55.25,0.0,1.0,54.25,89.79440859827906,0.0,0.0,1.0,0.0,2.0,1.0,1.0,50.25,0.0,0.0,17.524272615768204,17.020135982510844,84072.0,0,0,0,57,WEBER
509,570356,421.0,1252.8012722104231,0.33604691289720207,85.0,12.5,13.5,59.0,122.04038626350336,12.5,0.0,10.5,3.0,6.0,4.25,6.25,42.5,0.0,0.0,19.01906581143305,18.02132045207031,62368.0,0,0,0,57,WEBER
510,570357,477.0,1216.3786529874078,0.3921476251071121,0.0,0.0,0.0,0.0,37.95207195407504,0.0,0.0,0.0,0.0,0.0,0.0,0.0,0.0,0.0,0.0,17.92838256288581,20.023689391189237,85552.0,0,0,0,57,WEBER
511,570358,393.75,1024.410473303495,0.3843674096090058,293.0,9.0,5.0,279.0,335.8321018804056,9.0,0.0,0.0,5.0,0.0,193.0,26.0,60.0,0.0,0.0,25.81196589789476,17.020135982510844,56266.0,448,0,0,57,WEBER
512,570359,409.25000007828174,1057.602313211475,0.38696019757707295,327.5000000626445,35.7500000068383,18.750000003586518,273.0000000522197,372.70842618820717,10.75000000205627,25.000000004782024,10.00000000191281,8.750000001673708,22.50000000430382,25.750000004925486,42.0000000080338,182.7500000349566,0.0,0.0,27.686986513248463,17.521439612314133,56202.0,0,0,0,57,WEBER
513,570360,568.5,1429.4026538277742,0.3977185843874174,0.0,0.0,0.0,0.0,45.398894564784285,0.0,0.0,0.0,0.0,0.0,0.0,0.0,0.0,0.0,0.0,21.37046729535721,24.02842726942708,79026.0,0,0,0,57,WEBER
514,570361,208.25,730.1916267065259,0.28519910717039565,330.0,123.5,10.0,196.5,359.2430994514991,15.75,107.75,6.0,4.0,19.75,26.0,21.75,129.0,0.0,0.0,20.232439225463978,9.010660226035156,79237.0,0,0,0,57,WEBER
515,570362,306.0,927.115183421672,0.33005607660383296,92.25,1.75,3.5,87.0,120.23361236844369,1.75,0.0,1.5,2.0,5.75,12.5,36.25,32.5,0.0,0.0,14.968214264170673,13.015398104273,84072.0,0,0,0,57,WEBER
516,570363,413.25,1119.5706929260818,0.3691146995996655,642.5,13.25,17.25,612.0,700.2021832594618,13.25,0.0,9.75,7.5,29.5,177.75,108.25,296.5,0.0,0.0,39.68086280739147,18.02132045207031,70540.0,533,0,0,57,WEBER
517,570364,605.0,1688.9253804500538,0.3582159442939886,135.25,0.0,1.25,134.0,189.6035688142605,0.0,0.0,0.0,1.25,2.5,117.5,2.25,11.75,0.0,0.0,28.322772605714515,26.030796208546,52472.0,0,946,0,57,WEBER
518,570365,222.5,504.1875322696858,0.44130405009893536,550.5,176.5,30.5,343.5,594.8001637695769,39.5,137.0,13.75,16.75,26.25,29.25,36.75,251.25,0.0,0.0,34.78932600084451,9.510837768732369,45697.0,0,0,0,57,WEBER
519,570366,62.75,145.62486165622073,0.43090169691034674,912.5,359.75,96.25,456.5,958.1372620565936,286.0,73.75,28.75,67.5,93.25,38.25,75.0,250.0,0.0,0.0,42.884359479621175,2.752902576972554,45697.0,0,0,0,57,WEBER
520,570367,680.75,1679.2378618809937,0.4053922410000092,0.0,0.0,0.0,0.0,54.62181166455714,0.0,0.0,0.0,0.0,0.0,0.0,0.0,0.0,0.0,0.0,25.58746204733276,29.034349617224382,80671.0,0,0,0,57,WEBER
521,570368,435.0,1073.3424147639976,0.40527607408083854,358.75,162.25,5.5,191.0,406.8545009685717,139.25,23.0,3.5,2.0,11.5,15.75,61.75,102.0,0.0,0.0,29.832528703275493,18.271972265296192,81022.0,0,0,0,57,WEBER
522,570369,310.75,1084.815012940776,0.2864543689873925,552.75,169.25,22.0,361.5,599.7167123501882,149.25,20.0,13.5,8.5,40.25,33.75,87.0,200.5,0.0,0.0,33.70137333360143,13.265339016586877,73142.0,0,0,0,57,WEBER
523,570370,611.0,1531.9640904339376,0.398834413819015,38.75,6.75,3.0,29.0,89.20217336254836,6.75,0.0,3.0,0.0,3.5,0.0,5.25,20.25,0.0,0.0,24.42137715400237,26.030796208546,62309.0,0,0,0,57,WEBER
524,570371,477.75,1464.364206796912,0.32625080412543683,3.0,1.0,1.0,1.0,41.0932297366339,1.0,0.0,0.0,1.0,0.0,0.0,0.0,1.0,0.0,0.0,18.069540345444672,20.023689391189237,66232.0,0,0,0,57,WEBER
525,570372,339.0,969.42739051949,0.34969096532164107,57.0,0.0,0.0,57.0,90.1505228147188,0.0,0.0,0.0,0.0,0.0,57.0,0.0,0.0,0.0,0.0,19.13394024088633,14.016582573832462,57492.0,357,0,0,57,WEBER
526,570373,362.75,984.0973508915064,0.36861190579507214,1251.25,270.75,65.0,915.5,1331.6730616835473,157.25,113.5,30.25,34.75,84.25,41.75,258.75,530.75,0.0,0.0,65.15505800977218,15.268003673775263,59752.0,0,0,0,57,WEBER
527,570374,0.0,0.0,0.0,343.5,0.0,178.0,165.5,356.4112038284439,0.0,0.0,178.0,0.0,88.5,77.0,0.0,0.0,0.0,0.0,12.91120382844389,0.0,59752.0,0,0,0,57,WEBER
528,570375,348.25,916.9847545977324,0.37977730627896,0.0,0.0,0.0,0.0,28.106778363843134,0.0,0.0,0.0,0.0,0.0,0.0,0.0,0.0,0.0,0.0,13.08901132045121,15.017767043391924,64688.0,0,0,0,57,WEBER
529,570376,306.0,716.6624508406131,0.4269792559120066,91.5,0.75,32.5,58.25,119.4569117873406,0.75,0.0,2.5,30.0,4.0,27.0,4.5,22.75,0.0,0.0,14.94151368306758,13.015398104273,51688.0,0,0,0,57,WEBER
530,570377,662.25,1739.4243795958491,0.38072939977642034,169.5,4.75,12.75,152.0,229.04591322238397,4.75,0.0,2.0,10.75,12.75,106.75,5.25,27.25,0.0,0.0,31.512748074719,28.033165147664924,64365.0,456,0,0,57,WEBER
531,570378,308.5,727.3105645275901,0.4241654322735982,63.0,21.5,3.25,38.25,89.97952755554279,21.5,0.0,2.0,1.25,2.75,9.0,6.75,19.75,0.0,0.0,13.96412945126978,13.015398104273,51729.0,0,0,0,57,WEBER
532,570379,0.0,0.0,0.0,2327.5,1090.0,111.5,1126.0,2414.983226429132,554.0,536.0,54.0,57.5,123.75,228.0,151.5,622.75,0.0,0.0,87.48322642913156,0.0,51729.0,0,0,0,57,WEBER
533,570380,123.0,311.1038890471743,0.3953663208027235,953.0,466.25,73.75,413.0,998.4485942155712,156.0,310.25,41.5,32.25,59.75,55.75,74.75,222.75,0.0,0.0,40.44267186777391,5.005922347797308,34543.0,0,0,0,57,WEBER
534,570381,3.0,5.793622114561994,0.5178107823876954,2636.0,39.5,40.0,2556.5,2735.1615758148514,23.0,16.5,29.5,10.5,58.75,97.0,312.25,2088.5,0.0,0.0,99.16157581485128,0.0,54586.0,0,0,0,57,WEBER
535,570382,304.5,794.0822614010872,0.38346153138182054,1891.75,595.0,252.0,1044.75,1987.310376287773,476.25,118.75,47.0,205.0,127.0,225.5,145.25,547.0,0.0,0.0,82.5449781834999,13.015398104273,63722.0,0,0,0,57,WEBER
536,570383,184.25,450.5646418398859,0.4089313339094098,1376.75,868.0,63.25,445.5,1443.3955686549446,618.75,249.25,22.75,40.5,55.75,107.75,64.25,217.75,0.0,0.0,58.64178010576478,8.00378854917962,34543.0,0,0,0,57,WEBER
537,570384,622.5,1384.9254810677326,0.44948266784727847,785.75,184.0,47.5,554.25,866.7109274762929,183.5,0.5,11.25,36.25,31.5,89.5,140.5,292.75,0.0,0.0,54.67989463736352,26.28103283892934,54586.0,487,302,252,57,WEBER
538,570385,522.5,1123.596249735757,0.4650246920305043,2254.75,1139.25,207.75,907.75,2439.402239500885,838.25,301.0,43.5,164.25,115.0,143.0,127.5,522.25,0.0,0.0,162.38388293487222,22.2683565660125,34543.0,0,0,0,57,WEBER
539,570386,225.0,499.7061745985961,0.4502645983526979,44.0,0.0,0.0,44.0,66.13227194718324,0.0,0.0,0.0,0.0,0.0,0.0,1.0,43.0,2.0098718859360383,0.0,10.110555365652584,10.011844695594617,54586.0,0,0,0,57,WEBER
540,570387,0.0,0.0,0.0,90.0,0.0,2.0,88.0,93.38271369111052,0.0,0.0,2.0,0.0,0.0,87.0,0.0,1.0,0.0,0.0,3.3827136911105304,0.0,54586.0,0,0,0,57,WEBER
541,570388,0.0,0.0,0.0,3492.25,0.0,1374.0,2118.25,3623.50814851306,0.0,0.0,1374.0,0.0,276.25,1842.0,0.0,0.0,0.0,0.0,131.25814851305972,0.0,54586.0,0,0,0,57,WEBER
542,570389,329.75,861.470076051356,0.3827759189401515,91.5,37.25,5.75,48.5,121.3504262993266,9.0,28.25,1.0,4.75,6.25,13.0,4.5,24.75,0.0,0.0,15.833843725494138,14.016582573832462,52605.0,0,0,0,57,WEBER
543,570390,851.0,2515.9987802789483,0.33823545808939137,251.25,7.25,10.5,233.5,328.7222037698435,7.25,0.0,5.0,5.5,13.25,117.0,17.5,85.75,0.0,0.0,41.429562865702856,36.04264090414062,70637.0,534,0,0,57,WEBER
544,570391,523.75,1323.6570621157132,0.3956840597086726,0.0,0.0,0.0,0.0,49.711381958482605,0.0,0.0,0.0,0.0,0.0,0.0,0.0,0.0,0.0,0.0,27.68532362817445,22.026058330308157,33647.0,0,0,0,57,WEBER
545,570392,393.0,818.5617687849438,0.4801103777218439,197.75,0.0,0.0,197.75,236.97371006812804,0.0,0.0,0.0,0.0,1.0,167.25,1.25,28.25,0.0,0.0,22.203574085617195,17.020135982510844,32690.0,0,0,1381,57,WEBER
546,570393,439.0,1253.8064500805815,0.3501337865758991,10.5,0.0,1.0,9.5,46.91700555501203,0.0,0.0,1.0,0.0,0.0,2.0,2.0,5.5,0.0,0.0,17.39450063338226,19.02250492162977,66420.0,0,0,0,57,WEBER
547,570394,426.0,1211.939021563441,0.3515028334102536,125.0,0.0,0.0,125.0,164.23104538320257,0.0,0.0,0.0,0.0,0.0,125.0,0.0,0.0,0.0,0.0,21.209724931132246,18.02132045207031,84419.0,486,651,0,57,WEBER
548,570395,349.0,836.2490227929994,0.4173398000925253,568.75,32.0,23.75,513.0,631.2525384712533,31.0,1.0,12.25,11.5,69.0,16.25,93.5,334.25,0.0,0.0,47.73471135865522,14.767827112598102,23450.0,0,0,0,57,WEBER
549,570396,2.0,6.656036857603324,0.30047910532757344,2136.75,30.75,19.25,2086.75,2217.1245269740416,17.5,13.25,10.5,8.75,13.5,7.75,1954.75,110.75,0.0,0.0,80.37452697404139,0.0,102339.0,0,0,0,57,WEBER
550,570397,108.0,266.305253158513,0.4055496416952583,822.0,15.5,58.0,748.5,861.9610748622243,15.5,0.0,31.0,27.0,47.5,346.0,87.75,267.25,0.0,0.0,34.95515251442704,5.005922347797308,49500.0,0,0,0,57,WEBER
551,570398,357.0,867.3016395933242,0.4116214978763288,16.0,0.0,0.0,16.0,47.04710789359716,0.0,0.0,0.0,0.0,0.0,16.0,0.0,0.0,2.0098718859360383,0.0,14.019468964269198,15.017767043391924,91104.0,0,0,0,57,WEBER
552,570399,63.75,142.91326711840813,0.4460747506890394,94.25,2.0,29.5,62.75,144.23343938009177,1.75,0.25,2.75,26.75,6.25,16.5,12.25,27.75,1.0049359429680191,0.0,45.97358795970482,3.004915477418929,69448.0,0,0,0,57,WEBER
553,570400,29.25,94.67643372383378,0.30894699820781935,1011.5,419.0,81.75,510.75,1051.8761229287284,368.0,51.0,32.75,49.0,80.0,30.0,98.5,302.25,0.0,0.0,39.12345726177789,1.2526656669503762,45635.0,0,0,0,57,WEBER
554,570401,271.25,709.8499107692357,0.3821230317632319,1413.0,503.75,99.25,810.0,1491.0721162400066,342.0,161.75,43.75,55.5,110.0,39.25,164.0,496.75,0.0,0.0,66.55808014799027,11.514036092016324,45635.0,0,0,0,57,WEBER
555,570402,133.0,288.511631043951,0.46098661436543326,323.25,57.5,26.25,239.5,347.15402737312456,18.5,39.0,14.0,12.25,35.0,11.0,48.75,144.75,0.0,0.0,17.8969205557678,6.007106817356769,50734.0,0,0,0,57,WEBER
556,570403,313.0,681.7581191221833,0.4591071103091693,86.0,9.0,2.25,74.75,114.012087425247,1.0,8.0,1.0,1.25,3.75,39.0,7.25,24.75,0.0,0.0,14.996689320974,13.015398104273,50602.0,0,0,0,57,WEBER
557,570404,326.0,593.2565156264308,0.5495093461481336,23.75,0.0,1.0,22.75,50.91185331961493,0.0,0.0,1.0,0.0,9.25,2.75,5.5,5.25,0.0,0.0,13.145270745782478,14.016582573832462,49995.0,0,0,0,57,WEBER
558,570405,158.0,411.0557224174496,0.3843761110313466,153.0,0.0,0.0,153.0,171.69744637508705,0.0,0.0,0.0,0.0,0.0,1.0,0.0,152.0,0.0,0.0,11.689155088170832,7.008291286916231,46017.0,0,0,0,57,WEBER
559,570406,0.0,0.0,0.0,200.0,54.5,9.5,136.0,207.51916936440597,30.5,24.0,4.0,5.5,9.0,6.5,63.25,57.25,0.0,0.0,7.519169364405927,0.0,46276.0,0,0,0,57,WEBER
560,570407,459.0,1160.1991507550604,0.39562173416631247,9.0,0.0,0.0,9.0,49.61380058496399,0.0,0.0,0.0,0.0,0.0,0.0,0.0,9.0,0.0,0.0,20.59011119377476,20.023689391189237,46276.0,0,0,0,57,WEBER
561,570408,552.75,1351.0275017309557,0.40913304821094226,295.5,6.0,21.0,268.5,351.41182818514534,6.0,0.0,7.75,13.25,22.5,107.5,26.0,112.5,0.0,0.0,32.383696941668504,23.52813124347684,61134.0,605,0,0,57,WEBER
562,570409,148.0,356.823095517299,0.4147713582985406,146.25,5.0,11.75,129.5,163.3168840276598,5.0,0.0,4.25,7.5,13.25,7.25,16.25,92.75,0.0,0.0,11.059777210303018,6.007106817356769,96136.0,0,0,0,57,WEBER
563,570410,494.0,1211.0296760709118,0.40791733659470936,79.0,1.0,3.25,74.75,121.56163215001337,1.0,0.0,1.25,2.0,11.25,26.75,5.75,31.0,0.0,0.0,21.536758289264675,21.02487386074869,83788.0,0,0,0,57,WEBER
564,570411,367.25,970.2070431540852,0.378527452043733,8.0,0.0,0.0,8.0,39.873868771109954,0.0,0.0,0.0,0.0,2.0,0.0,1.0,5.0,0.0,0.0,15.854917258158569,16.018951512951386,108175.0,0,0,0,57,WEBER
565,570412,288.0,706.1121098127785,0.4078672437389036,195.0,0.0,2.0,193.0,225.16811044367336,0.0,0.0,2.0,0.0,1.0,169.0,2.0,21.0,0.0,0.0,18.153896808959846,12.014213634713538,46344.0,469,856,0,57,WEBER
566,570413,366.0,963.8351325162668,0.37973299338496874,418.75,53.0,133.75,232.0,464.7640131420508,33.0,20.0,131.5,2.25,2.75,1.0,105.25,123.0,0.0,0.0,29.99506162909939,16.018951512951386,108698.0,0,0,0,57,WEBER
567,570414,167.0,454.74307779988544,0.3672403344938659,0.0,0.0,0.0,0.0,14.785104469310216,0.0,0.0,0.0,0.0,0.0,0.0,0.0,0.0,0.0,0.0,7.776813182393984,7.008291286916231,110837.0,0,0,0,57,WEBER
568,570415,946.25,2499.039140633574,0.37864553004163837,525.0,81.5,19.0,424.5,701.3467574645413,15.5,66.0,8.75,10.25,20.5,73.0,55.5,275.5,0.0,81.0,55.299378682162754,40.04737878237847,69448.0,0,0,0,57,WEBER
569,570416,207.0,546.8906906050427,0.37850342592408964,1098.5,206.75,34.25,857.5,1176.07633392358,114.75,92.0,16.0,18.25,118.0,44.5,310.75,384.25,0.0,0.0,68.5656736975449,9.010660226035156,101315.0,0,0,0,57,WEBER
570,570417,1179.5,2716.691456359077,0.4341678173423387,1014.0,75.75,35.25,903.0,1154.5022462194124,50.5,25.25,23.0,12.25,144.75,37.0,340.25,381.0,0.0,0.0,90.44302274143928,50.05922347797308,63376.0,0,0,0,57,WEBER
571,570418,380.75,1158.7736472162444,0.3285801337601065,379.5,5.0,37.25,337.25,424.09351970710816,5.0,0.0,7.25,30.0,18.75,150.0,34.0,134.5,0.0,0.0,28.5745681941568,16.018951512951386,106232.0,727,0,0,57,WEBER
572,570419,908.0,2022.887797986368,0.44886325425653634,1263.0,300.25,66.5,896.25,1394.3886224338137,188.25,112.0,8.5,58.0,25.0,34.0,368.5,468.75,0.0,0.0,92.84272414694468,38.54589828686876,69448.0,0,0,0,57,WEBER
573,570420,301.0,764.7412393362542,0.39359718623419404,0.0,0.0,0.0,0.0,24.3290902201719,0.0,0.0,0.0,0.0,0.0,0.0,0.0,0.0,0.0,0.0,11.3136921158989,13.015398104273,102669.0,0,0,0,57,WEBER
574,570421,98.0,283.7755371618444,0.3453433688475695,0.0,0.0,0.0,0.0,9.698009116716465,0.0,0.0,0.0,0.0,0.0,0.0,0.0,0.0,2.0098718859360383,0.0,3.6833993525425774,4.004737878237846,81308.0,0,0,0,57,WEBER
575,570422,306.5,891.7639313730801,0.3437008262131338,389.25,74.0,98.75,216.5,429.42035817608905,43.25,30.75,76.25,22.5,34.0,32.0,18.25,132.25,1.0049359429680191,0.0,26.15002412884805,13.015398104273,81308.0,0,0,0,57,WEBER
576,570423,8.5,20.605930913954488,0.4125025962425089,416.5,30.75,132.75,253.0,432.4642551223534,8.0,22.75,90.0,42.75,23.5,37.75,27.25,164.5,0.0,0.0,15.964255122353366,0.0,87939.0,0,0,0,57,WEBER
577,570424,1.0,3.0955358665474377,0.32304584508508244,0.0,0.0,0.0,0.0,0.0375857076790058,0.0,0.0,0.0,0.0,0.0,0.0,0.0,0.0,0.0,0.0,0.0375857076790058,0.0,111812.0,0,0,0,57,WEBER
578,570425,3.999999999718044,8.656036856993168,0.46210524120937224,0.0,0.0,0.0,0.0,0.150342830705426,0.0,0.0,0.0,0.0,0.0,0.0,0.0,0.0,0.0,0.0,0.150342830705426,0.0,111812.0,0,0,0,57,WEBER
579,570426,33.5,64.3,0.52099533437014,0.0,0.0,0.0,0.0,2.2976244591036274,0.0,0.0,0.0,0.0,0.0,0.0,0.0,0.0,0.0,0.0,1.2964399895441658,1.0011844695594616,111812.0,0,0,0,57,WEBER
580,570427,1.9999999998540814,4.32795173718025,0.46211236199161565,11.749999999142728,0.0,0.0,11.749999999142728,12.26701485845393,0.0,0.0,0.0,0.0,0.7499999999452805,5.999999999562244,0.9999999999270407,3.999999999708163,0.0,0.0,0.5170148593112022,0.0,111812.0,0,0,0,57,WEBER
581,570428,8.0,19.17448845824798,0.4172210391646078,0.0,0.0,0.0,0.0,0.3006856614320471,0.0,0.0,0.0,0.0,0.0,0.0,0.0,0.0,0.0,0.0,0.3006856614320471,0.0,87939.0,0,0,0,57,WEBER
3391,491172,0.0,0.0,0.0,0.0,0.0,0.0,0.0,1.0096597039631057,0.0,0.0,0.0,0.0,0.0,0.0,0.0,0.0,1.0096597039631057,0.0,0.0,0.0,75589.0,0,0,0,49,UTAH
3392,491173,0.0,0.0,0.0,0.0,0.0,0.0,0.0,2.019319407926212,0.0,0.0,0.0,0.0,0.0,0.0,0.0,0.0,2.019319407926212,0.0,0.0,0.0,75589.0,0,0,0,49,UTAH
3382,491163,0.0,0.0,0.0,0.0,0.0,0.0,0.0,1.0096597039631057,0.0,0.0,0.0,0.0,0.0,0.0,0.0,0.0,1.0096597039631057,0.0,0.0,0.0,75589.0,0,0,0,49,UTAH
2227,490011,0.0,0.0,0.0,0.0,0.0,0.0,0.0,0.0,0.0,0.0,0.0,0.0,0.0,0.0,0.0,0.0,0.0,0.0,0.0,0.0,66402.0,0,0,0,49,UTAH
2236,490020,0.0,0.0,0.0,0.0,0.0,0.0,0.0,4.038638815852423,0.0,0.0,0.0,0.0,0.0,0.0,0.0,0.0,4.038638815852423,0.0,0.0,0.0,66402.0,0,0,0,49,UTAH
2235,490019,0.0,0.0,0.0,300.0,0.0,3.0,297.0,311.0488437795589,0.0,0.0,2.5,0.5,296.0,1.0,0.0,0.0,0.0,0.0,11.048843779558918,0.0,66402.0,0,0,0,49,UTAH
2226,490010,0.0,0.0,0.0,0.0,0.0,0.0,0.0,0.0,0.0,0.0,0.0,0.0,0.0,0.0,0.0,0.0,0.0,0.0,0.0,0.0,66402.0,0,0,0,49,UTAH
2246,490030,0.0,0.0,0.0,0.0,0.0,0.0,0.0,5.048298506942831,0.0,0.0,0.0,0.0,0.0,0.0,0.0,0.0,5.048298506942831,0.0,0.0,0.0,81720.0,0,0,0,49,UTAH
2253,490037,26.97328424404983,77.0029541776055,0.35028895361386503,0.0,0.0,0.0,0.0,5.252685584193598,0.0,0.0,0.0,0.0,0.0,0.0,0.0,0.0,2.625438307759338,0.0,0.9265433428863532,1.7007039335479068,81720.0,0,0,0,49,UTAH
2252,490036,32.52641635426149,92.85595797039156,0.3502889536138651,0.0,0.0,0.0,0.0,4.823967430890183,0.0,0.0,0.0,0.0,0.0,0.0,0.0,0.0,1.6558349185228318,0.0,1.1172957014917042,2.0508368108756465,81720.0,0,0,0,49,UTAH
2273,490057,0.00029942590015098974,0.0008547968671631498,0.3502889536138651,0.0,0.0,0.0,0.0,2.019358068764882,0.0,0.0,0.0,0.0,0.0,0.0,0.0,0.0,2.0193289041339257,0.0,0.00001028540210241003,0.000018879228854203976,81720.0,0,0,0,49,UTAH
2250,490034,1199.999985124948,3370.933202289998,0.35598450432353396,36.74999954445153,0.9999999876041233,0.0,35.749999556847406,530.3449779989011,0.0,0.9999999876041233,0.0,0.0,29.9999996281237,5.499999931822678,0.24999999690103084,0.0,3.0289790743424656,0.0,412.0043597293354,78.56163965077167,81720.0,0,0,0,49,UTAH
2251,490035,16.000000000818197,59.0822052470538,0.2708091198342001,0.0,0.0,0.0,0.0,3.6093028208492726,0.0,0.0,0.0,0.0,0.0,0.0,0.0,0.0,2.0193194080294745,0.0,0.589195821735125,1.0007875910846737,81720.0,0,0,0,49,UTAH
2300,490084,0.0,0.0,0.0,0.0,0.0,0.0,0.0,0.0,0.0,0.0,0.0,0.0,0.0,0.0,0.0,0.0,0.0,0.0,0.0,0.0,66402.0,0,0,0,49,UTAH
2298,490082,0.0,0.0,0.0,0.0,0.0,0.0,0.0,0.9409079050688329,0.0,0.0,0.0,0.0,0.0,0.0,0.0,0.0,0.9409079050688329,0.0,0.0,0.0,66402.0,0,0,0,49,UTAH
2264,490048,6.0,19.82325546312113,0.3026748059198604,0.0,0.0,0.0,0.0,1.2306081371024788,0.0,0.0,0.0,0.0,0.0,0.0,0.0,0.0,1.0096597039631057,0.0,0.2209484331393731,0.0,66402.0,0,0,0,49,UTAH
2295,490079,51.75,139.7614223322321,0.37027385051207584,0.0,0.0,0.0,0.0,6.286560180977258,0.0,0.0,0.0,0.0,0.0,0.0,0.0,0.0,1.0096597039631057,0.0,1.7754448296967018,3.50145564731745,66402.0,0,0,0,49,UTAH
2294,490078,0.0,0.0,0.0,0.0,0.0,0.0,0.0,6.057958223778634,0.0,0.0,0.0,0.0,0.0,0.0,0.0,0.0,6.057958223778634,0.0,0.0,0.0,66402.0,0,0,0,49,UTAH
2302,490086,0.4684878812970526,1.1152829350385833,0.420061911268144,63.714351856399155,0.0,0.0,63.714351856399155,66.31046526985875,0.0,0.0,0.0,0.0,0.0,63.714351856399155,0.0,0.0,0.0,0.0,2.596113413459594,0.0,66402.0,721,0,0,49,UTAH
2301,490085,232.0,670.6747332999212,0.3459202926260399,0.0,0.0,0.0,0.0,28.26412311819269,0.0,0.0,0.0,0.0,0.0,0.0,0.0,0.0,5.048298519815528,0.0,7.959482135065406,15.256342463311748,66402.0,0,0,0,49,UTAH
2309,490093,41.0,116.7029801538726,0.35131922034845725,0.0,0.0,0.0,0.0,5.12731108469504,0.0,0.0,0.0,0.0,0.0,0.0,0.0,0.0,1.0096597039631057,0.0,1.365690130286196,2.7519612504457385,81720.0,0,0,0,49,UTAH
2312,490096,562.75,1767.6766984415,0.318355726754874,0.0,0.0,0.0,0.0,57.750797617263466,0.0,0.0,0.0,0.0,0.0,0.0,0.0,0.0,0.0,0.0,20.7216567490241,37.02914086823937,81720.0,0,0,0,49,UTAH
2344,490128,133.52953802505078,421.95832694354397,0.3164519562684597,0.0,0.0,0.0,0.0,14.35166027648085,0.0,0.0,0.0,0.0,0.0,0.0,0.0,0.0,0.9511068347986106,0.0,4.915810286640575,8.484743155041665,81720.0,0,0,0,49,UTAH
2290,490074,0.0,0.0,0.0,0.0,0.0,0.0,0.0,2.019319407926212,0.0,0.0,0.0,0.0,0.0,0.0,0.0,0.0,2.019319407926212,0.0,0.0,0.0,81720.0,0,0,0,49,UTAH
2288,490072,1.0,3.764651092624226,0.2656288658354604,0.0,0.0,0.0,0.0,0.0368247388565621,0.0,0.0,0.0,0.0,0.0,0.0,0.0,0.0,0.0,0.0,0.0368247388565621,0.0,81720.0,0,0,0,49,UTAH
2332,490116,0.0,0.0,0.0,0.0,0.0,0.0,0.0,1.6130534078954661,0.0,0.0,0.0,0.0,0.0,0.0,0.0,0.0,1.6130534078954661,0.0,0.0,0.0,81720.0,0,0,0,49,UTAH
2336,490120,0.0,0.0,0.0,0.0,0.0,0.0,0.0,2.019319407926212,0.0,0.0,0.0,0.0,0.0,0.0,0.0,0.0,2.019319407926212,0.0,0.0,0.0,81720.0,0,0,0,49,UTAH
2341,490125,0.0,0.0,0.0,0.0,0.0,0.0,0.0,1.0096597039631057,0.0,0.0,0.0,0.0,0.0,0.0,0.0,0.0,1.0096597039631057,0.0,0.0,0.0,81720.0,0,0,0,49,UTAH
2339,490123,0.0,0.0,0.0,0.0,0.0,0.0,0.0,1.0096597005242742,0.0,0.0,0.0,0.0,0.0,0.0,0.0,0.0,1.0096597005242742,0.0,0.0,0.0,81720.0,0,0,0,49,UTAH
2343,490127,0.0,0.0,0.0,0.0,0.0,0.0,0.0,0.0,0.0,0.0,0.0,0.0,0.0,0.0,0.0,0.0,0.0,0.0,0.0,0.0,81720.0,0,0,0,49,UTAH
2337,490121,0.0,0.0,0.0,0.0,0.0,0.0,0.0,0.0,0.0,0.0,0.0,0.0,0.0,0.0,0.0,0.0,0.0,0.0,0.0,0.0,81720.0,0,0,0,49,UTAH
2387,490169,50.61881389528875,186.04598779120383,0.27207689075293234,11.746982127598656,0.0,0.0,11.746982127598656,17.312055175566424,0.0,0.0,0.0,0.0,4.912374344268529,6.834607783330127,0.0,0.0,0.0,0.0,2.358684508167424,3.2063885398003418,81720.0,0,0,0,49,UTAH
2389,490171,0.0,0.0,0.0,0.0,0.0,0.0,0.0,0.0,0.0,0.0,0.0,0.0,0.0,0.0,0.0,0.0,0.0,0.0,0.0,0.0,81720.0,0,0,0,49,UTAH
2391,490173,0.0,0.0,0.0,0.0,0.0,0.0,0.0,5.048298519815528,0.0,0.0,0.0,0.0,0.0,0.0,0.0,0.0,5.048298519815528,0.0,0.0,0.0,81720.0,0,0,0,49,UTAH
2395,490177,0.0,0.0,0.0,0.0,0.0,0.0,0.0,5.048298519815528,0.0,0.0,0.0,0.0,0.0,0.0,0.0,0.0,5.048298519815528,0.0,0.0,0.0,81720.0,0,0,0,49,UTAH
2397,490179,0.0,0.0,0.0,0.0,0.0,0.0,0.0,0.0,0.0,0.0,0.0,0.0,0.0,0.0,0.0,0.0,0.0,0.0,0.0,0.0,81720.0,0,0,0,49,UTAH
2402,490184,0.0,0.0,0.0,0.0,0.0,0.0,0.0,0.0,0.0,0.0,0.0,0.0,0.0,0.0,0.0,0.0,0.0,0.0,0.0,0.0,81720.0,0,0,0,49,UTAH
2409,490191,0.0,0.0,0.0,0.0,0.0,0.0,0.0,2.019319407926212,0.0,0.0,0.0,0.0,0.0,0.0,0.0,0.0,2.019319407926212,0.0,0.0,0.0,81720.0,0,0,0,49,UTAH
2407,490189,0.0,0.0,0.0,0.0,0.0,0.0,0.0,4.038638815852423,0.0,0.0,0.0,0.0,0.0,0.0,0.0,0.0,4.038638815852423,0.0,0.0,0.0,81720.0,0,0,0,49,UTAH
2405,490187,0.0,0.0,0.0,0.0,0.0,0.0,0.0,7.06761792774174,0.0,0.0,0.0,0.0,0.0,0.0,0.0,0.0,7.06761792774174,0.0,0.0,0.0,81720.0,0,0,0,49,UTAH
2319,490103,250.25,937.267623652852,0.2669995139965363,0.0,0.0,0.0,0.0,25.22803527530664,0.0,0.0,0.0,0.0,0.0,0.0,0.0,0.0,0.0,0.0,9.2154338187707,16.01260145653594,62109.0,0,0,0,49,UTAH
2320,490104,0.0,0.0,0.0,0.0,0.0,0.0,0.0,0.0,0.0,0.0,0.0,0.0,0.0,0.0,0.0,0.0,0.0,0.0,0.0,0.0,62109.0,0,0,0,49,UTAH
2347,490131,227.75,662.5035444887083,0.34377174566781776,0.0,0.0,0.0,0.0,23.890800132431664,0.0,0.0,0.0,0.0,0.0,0.0,0.0,0.0,1.0096597039631057,0.0,7.869847779804907,15.011292648663652,74211.0,0,0,0,49,UTAH
2357,490141,0.0,0.0,0.0,166.0,33.5,41.5,91.0,410.12164101554515,23.0,10.5,0.0,41.5,0.0,14.5,16.75,59.75,7.06761792774174,0.0,237.0540230878034,0.0,81720.0,0,0,0,49,UTAH
2356,490140,0.0,0.0,0.0,0.0,0.0,0.0,0.0,8.077277631704845,0.0,0.0,0.0,0.0,0.0,0.0,0.0,0.0,8.077277631704845,0.0,0.0,0.0,81720.0,0,0,0,49,UTAH
2366,490150,0.0,0.0,0.0,0.0,0.0,0.0,0.0,2.019319407926212,0.0,0.0,0.0,0.0,0.0,0.0,0.0,0.0,2.019319407926212,0.0,0.0,0.0,81720.0,0,0,0,49,UTAH
2367,490151,0.0,0.0,0.0,0.0,0.0,0.0,0.0,1.4714695700500646,0.0,0.0,0.0,0.0,0.0,0.0,0.0,0.0,1.4714695700500646,0.0,0.0,0.0,81720.0,0,0,0,49,UTAH
2375,490157,0.0,0.0,0.0,0.0,0.0,0.0,0.0,0.0,0.0,0.0,0.0,0.0,0.0,0.0,0.0,0.0,0.0,0.0,0.0,0.0,81720.0,0,0,0,49,UTAH
2374,490156,0.0,0.0,0.0,0.0,0.0,0.0,0.0,2.019319407926212,0.0,0.0,0.0,0.0,0.0,0.0,0.0,0.0,2.019319407926212,0.0,0.0,0.0,81720.0,0,0,0,49,UTAH
2417,490199,438.75,1360.0727839335927,0.3225930297134911,0.0,0.0,0.0,0.0,44.93223827523781,0.0,0.0,0.0,0.0,0.0,0.0,0.0,0.0,0.0,0.0,16.159576430761483,28.772661844476325,102760.0,0,0,0,49,UTAH
2416,490198,29.75,88.20191172488026,0.33729427648684435,0.0,0.0,0.0,0.0,3.501752125815996,0.0,0.0,0.0,0.0,0.0,0.0,0.0,0.0,0.0,0.0,1.7505040573505253,1.75124806846547,81720.0,0,0,0,49,UTAH
2403,490185,0.0,0.0,0.0,0.0,0.0,0.0,0.0,2.019319407926212,0.0,0.0,0.0,0.0,0.0,0.0,0.0,0.0,2.019319407926212,0.0,0.0,0.0,81720.0,0,0,0,49,UTAH
2476,490258,86.56637416072049,234.39230412559965,0.3693225956528577,100.0397397888482,23.409972778871882,0.6736682814063851,75.95609872856993,113.72748073693275,11.452360783908548,11.957611994963337,0.0,0.6736682814063851,0.0,8.084019376876622,16.33645582410484,51.53562352758846,0.680175717574105,0.0,7.276699862835218,5.730865367675239,70166.0,0,0,0,49,UTAH
2475,490257,111.93363533194719,365.20821831604354,0.30649265191256503,48.46027118127298,11.340029788210343,0.3263317924664847,36.79390960059615,62.19014419054274,5.54764047193024,5.7923893162801035,0.0,0.3263317924664847,0.0,3.9159815095978163,7.9135459673122535,24.96438212368608,0.32948406097546057,0.0,6.119751375694079,7.280637572600224,70166.0,0,0,0,49,UTAH
2470,490252,480.75,1613.4731774921254,0.2979597099638468,0.0,0.0,0.0,0.0,355.43835447346567,0.0,0.0,0.0,0.0,0.0,0.0,0.0,0.0,3.028979111889317,0.0,320.88616466898407,31.52321069259226,70166.0,0,0,0,49,UTAH
2474,490256,521.5,1753.7381677770368,0.29736480027747303,0.0,0.0,0.0,0.0,54.21081125476382,0.0,0.0,0.0,0.0,0.0,0.0,0.0,0.0,1.0096597039631057,0.0,19.17310947378901,34.0280420770117,70166.0,0,0,0,49,UTAH
2483,490265,139.0,551.3935707775861,0.2520885395960991,410.0,0.0,0.0,410.0,440.7217757524965,0.0,0.0,0.0,0.0,0.0,410.0,0.0,0.0,0.0,0.0,21.714687433195014,9.007088319301467,70166.0,1494,1528,87,49,UTAH
2482,490264,185.5,708.7026403766836,0.26174588527200154,53.5,7.5,3.0,43.0,75.05355668650104,6.5,1.0,1.25,1.75,6.0,6.5,1.25,29.25,0.0,0.0,9.293927298604014,12.259629387897023,96149.0,0,0,0,49,UTAH
2480,490262,701.0,2706.7595936780394,0.25898125627309837,585.25,352.25,31.75,201.25,678.9016857749151,215.25,137.0,4.25,27.5,10.5,16.75,48.25,125.75,0.0,0.0,47.61545658737433,46.036229187540826,96415.0,0,0,0,49,UTAH
2479,490261,506.25,1822.6848848104996,0.2777496012716612,0.0,0.0,0.0,0.0,51.66763574436905,0.0,0.0,0.0,0.0,0.0,0.0,0.0,0.0,0.0,0.0,18.641645240263674,33.02599050410538,96415.0,0,0,0,49,UTAH
2579,490361,430.2672498392322,1275.6689847712382,0.3372875369517514,0.10006215112540283,0.0,0.0,0.10006215112540283,200.81805563067252,0.0,0.0,0.0,0.0,0.0,0.0,0.0,0.10006215112540283,0.0,0.0,172.57856991181595,28.139423567731164,83312.0,0,0,0,49,UTAH
2581,490363,343.63992843881067,1023.0406169809485,0.3359005720153241,13.181399649375342,0.9235375550517756,10.326829024669854,1.9310330696537126,50.01899101768869,0.9235375550517756,0.0,0.33583183820064566,9.990997186469208,0.7556216359514527,0.08395795955016142,0.08395795955016142,1.007495514601937,0.0,0.0,14.403154670040635,22.434436698272716,83312.0,0,0,0,49,UTAH
2568,490350,399.4834790589493,1196.358833984983,0.33391610251942494,0.43447556717593,0.024477496742305916,0.15298435463941198,0.2570137157942121,43.00986084729915,0.024477496742305916,0.0,0.0,0.15298435463941198,0.2325362190519062,0.0,0.0,0.024477496742305916,0.0,0.0,16.42365034618045,26.15173493394277,83312.0,0,0,0,49,UTAH
2565,490347,166.5,577.9155507157468,0.28810437752330803,0.0,0.0,0.0,0.0,132.91272230529532,0.0,0.0,0.0,0.0,0.0,0.0,0.0,0.0,1.0096597039631057,0.0,121.14413111787256,10.75893148345966,83312.0,0,0,0,49,UTAH
2738,490520,215.5,726.4999600385605,0.2966276832122081,1001.25,172.0,27.0,802.25,1068.3170575384706,105.25,66.75,19.5,7.5,46.75,144.75,97.75,513.0,0.0,0.0,53.05603126400159,14.011026274468948,72724.0,1171,0,0,49,UTAH
2739,490521,290.75,1049.1855645876635,0.27711971057690504,145.75,0.25,0.25,145.25,180.8402210536285,0.0,0.25,0.0,0.25,10.75,103.5,1.0,30.0,0.0,0.0,16.075256823992106,19.014964229636437,71179.0,618,1414,0,49,UTAH
3112,490893,171.0,487.3240698533373,0.35089586289358404,232.0,2.0,2.0,228.0,270.6119279867651,2.0,0.0,0.0,2.0,2.0,157.0,7.0,62.0,0.0,0.0,27.353011825031697,11.25891616173348,90129.0,676,0,0,49,UTAH
3113,490894,309.75,1098.5982259418538,0.28195020953583294,194.0,1.0,4.0,189.0,232.5668431762145,1.0,0.0,1.0,3.0,6.75,78.25,1.0,103.0,0.0,0.0,18.55109135554456,20.01575182066993,108751.0,0,1275,0,49,UTAH
3124,490905,82.25,287.064612457684,0.28652086126472454,0.0,0.0,0.0,0.0,8.032143569568367,0.0,0.0,0.0,0.0,0.0,0.0,0.0,0.0,0.0,0.0,3.028205614400885,5.003937955167482,113111.0,0,0,0,49,UTAH
3128,490909,84.82593560436452,294.27738061555016,0.28825163329553627,0.0,0.0,0.0,0.0,20.860613371148595,0.0,0.0,0.0,0.0,0.0,0.0,0.0,0.0,0.0,0.0,15.287569335225097,5.573044035923497,113111.0,0,0,0,49,UTAH
3134,490915,0.0,0.0,0.0,0.0,0.0,0.0,0.0,3.028979111889317,0.0,0.0,0.0,0.0,0.0,0.0,0.0,0.0,3.028979111889317,0.0,0.0,0.0,51304.0,0,0,0,49,UTAH
3136,490917,0.0,0.0,0.0,851.5,150.5,90.5,610.5,882.8511661771295,129.25,21.25,13.25,77.25,43.75,183.75,39.75,343.25,0.0,0.0,31.351166177129485,0.0,51304.0,0,0,0,49,UTAH
3131,490912,8.0,19.98015473470498,0.4003972995316308,0.0,0.0,0.0,0.0,3.314704909812205,0.0,0.0,0.0,0.0,0.0,0.0,0.0,0.0,2.019319407926212,0.0,0.2945979108524975,1.0007875910334962,51304.0,0,0,0,49,UTAH
3132,490913,0.0,0.0,0.0,0.0,0.0,0.0,0.0,1.0930613799207125,0.0,0.0,0.0,0.0,0.0,0.0,0.0,0.0,1.0930613799207125,0.0,0.0,0.0,51304.0,0,0,0,49,UTAH
3143,490924,13.0,33.274108012577656,0.3906941696254031,0.0,0.0,0.0,0.0,2.4891689001319106,0.0,0.0,0.0,0.0,0.0,0.0,0.0,0.0,1.0096597039631057,0.0,0.4787216051353084,1.0007875910334962,51304.0,0,0,0,49,UTAH
3144,490925,12.0,33.19565837678573,0.361493056224238,0.0,0.0,0.0,0.0,1.4426844573122426,0.0,0.0,0.0,0.0,0.0,0.0,0.0,0.0,0.0,0.0,0.4418968662787462,1.0007875910334962,51304.0,0,0,0,49,UTAH
3145,490926,0.0,0.0,0.0,0.0,0.0,0.0,0.0,0.8695812257532727,0.0,0.0,0.0,0.0,0.0,0.0,0.0,0.0,0.8695812257532727,0.0,0.0,0.0,51304.0,0,0,0,49,UTAH
3151,490932,17.009746607322104,42.68110506798356,0.3985310731816466,0.0,0.0,0.0,0.0,1.6132706877368936,0.0,0.0,0.0,0.0,0.0,0.0,0.0,0.0,0.0,0.0,0.6264217989698168,0.9868488887670767,51304.0,0,0,0,49,UTAH
3366,491147,20.0,58.70511529673916,0.34068581415614596,0.0,0.0,0.0,0.0,2.7469420721278457,0.0,0.0,0.0,0.0,0.0,0.0,0.0,0.0,1.0096597039631057,0.0,0.7364947771312438,1.0007875910334962,75589.0,0,0,0,49,UTAH
3371,491152,7.0,21.7448058273292,0.3219159580262747,0.0,0.0,0.0,0.0,0.2577731719959353,0.0,0.0,0.0,0.0,0.0,0.0,0.0,0.0,0.0,0.0,0.2577731719959353,0.0,75589.0,0,0,0,49,UTAH
3364,491145,33.0,99.3516262229814,0.33215359682121287,142.5,1.0,3.75,137.75,152.98514422174216,0.0,1.0,2.0,1.75,113.5,22.0,2.0,0.25,2.019319407926212,0.0,6.464249631748951,2.001575182066993,75589.0,0,0,0,49,UTAH
3387,491168,69.74999999361168,208.44408096360635,0.33462211865728053,0.0,0.0,0.0,0.0,9.592661703331261,0.0,0.0,0.0,0.0,0.0,0.0,0.0,0.0,2.019319407741265,0.0,2.569404340880816,5.003937954709177,75571.0,0,0,0,49,UTAH
3260,491041,16.5,52.67122262722123,0.31326404015297277,0.0,0.0,0.0,0.0,2.6170468223467465,0.0,0.0,0.0,0.0,0.0,0.0,0.0,0.0,1.0096597039631057,0.0,0.6065995273501446,1.0007875910334962,105921.0,0,0,0,49,UTAH
3261,491042,183.99999966043578,594.780980055416,0.30935757166157607,1094.249997980608,283.99999947589004,27.999999948327186,782.2499985563908,1153.3075042617122,173.24999968027447,110.74999979561557,27.249999949711277,0.7499999986159067,58.24999989250209,204.99999962168118,55.24999989803846,463.749999144169,0.0,0.0,47.048055210865144,12.009451070239024,105921.0,0,1194,0,49,UTAH
3273,491054,308.75,1018.918918456244,0.3030172415169057,0.0,0.0,0.0,0.0,691.5299219124013,0.0,0.0,0.0,0.0,0.0,0.0,0.0,0.0,1.0096597039631057,0.0,670.2560417331665,20.26422047527176,30043.0,0,0,0,49,UTAH
3506,491287,33.00000000163008,130.6849922517413,0.2525156059087601,0.0,0.0,0.0,0.0,3.2167915644924423,0.0,0.0,0.0,0.0,0.0,0.0,0.0,0.0,0.0,0.0,1.2152163823265796,2.001575182165863,67754.0,0,0,0,49,UTAH
2222,490006,5.999999999847086,22.12740991801276,0.27115690548864474,105.99999999729853,1.9999999999490288,1.9999999999490288,101.99999999740047,116.18232897275263,0.0,1.9999999999490288,1.9999999999490288,0.0,88.74999999773816,12.249999999687802,0.9999999999745144,0.0,6.057958223624243,0.0,4.1243707518298525,0.0,81720.0,0,0,0,49,UTAH
2266,490050,0.0,0.0,0.0,10.0,0.0,0.25,9.75,10.368247388565624,0.0,0.0,0.0,0.25,7.25,2.5,0.0,0.0,0.0,0.0,0.3682473885656218,0.0,66402.0,0,0,0,49,UTAH
2381,490163,0.0,0.0,0.0,632.2052748771497,114.63332999717967,51.65879677984492,465.9131481001251,653.2777930694286,17.957581737755614,96.67574825942407,0.0,51.65879677984492,148.08855076888878,36.40715201627166,88.557937336877,192.8595079780877,0.01406686997173885,0.0,21.058451322307196,0.0,81720.0,0,0,0,49,UTAH
3049,490830,23.0,91.65599236292412,0.25093831191013055,44.5,10.75,10.5,23.25,48.99488479993515,7.75,3.0,0.5,10.0,0.0,2.5,4.75,16.0,0.0,0.0,2.493309617868156,2.001575182066993,75945.0,0,0,0,49,UTAH
3055,490836,276.5,1134.6932283813871,0.2436781969646727,68.0,0.0,0.0,68.0,98.69879121226631,0.0,0.0,0.0,0.0,0.0,68.0,0.0,0.0,0.0,0.0,12.684614573663389,18.014176638602937,75945.0,0,241,210,49,UTAH
3139,490920,28.75,95.01887016509212,0.3025714781711026,0.0,0.0,0.0,0.0,6.997713746781939,0.0,0.0,0.0,0.0,0.0,0.0,0.0,0.0,4.038638815852423,0.0,0.957648566968979,2.001426363960537,51304.0,0,0,0,49,UTAH
2555,490337,348.5,1130.9118668797057,0.3081584075702954,1178.25,236.25,21.0,921.0,1272.005612782653,97.5,138.75,14.0,7.0,291.0,79.5,161.25,389.25,0.0,0.0,70.7374238240126,23.01818895864037,72767.0,0,0,0,49,UTAH
2552,490334,10.5,29.86554466321986,0.35157570767262797,1671.75,349.75,322.75,999.25,1734.45160122475,111.0,238.75,22.75,300.0,157.25,120.0,226.75,495.25,0.0,0.0,61.9508432436548,0.7507579810950598,75570.0,0,0,0,49,UTAH
2573,490355,1045.5,3754.626498859052,0.2784564590692854,143.25,30.25,2.75,110.25,257.8508009287525,25.0,5.25,2.75,0.0,9.0,11.5,4.5,85.25,1.0096597039631057,0.0,45.53758503451164,68.05355619027776,93988.0,0,0,0,49,UTAH
2572,490354,305.75,947.8684189269758,0.32256586873747833,0.0,0.0,0.0,0.0,187.41971412182613,0.0,0.0,0.0,0.0,0.0,0.0,0.0,0.0,2.776648264792886,0.0,164.6324433566925,20.01062250034073,93988.0,0,0,0,49,UTAH
3146,490927,0.5741245798669975,1.1032092955442372,0.5204131094488008,37.174566546388085,3.014154044301737,2.8706228993349874,31.289789602751362,39.15016511625097,3.014154044301737,0.0,1.578842594634243,1.2917803047007443,9.760117857738958,2.8706228993349874,1.0047180147672456,17.654330830910173,0.5796704533464551,0.0,1.3959281165164228,0.0,51304.0,0,0,0,49,UTAH
3365,491146,7.0,21.7448058273292,0.3219159580262747,30.0,5.0,5.0,20.0,36.41081385750833,5.0,0.0,0.0,5.0,2.0,4.0,1.0,13.0,5.048298519815528,0.0,1.362515337692801,0.0,75589.0,0,0,0,49,UTAH
2296,490080,0.0,0.0,0.0,503.75,64.5,174.75,264.5,527.2718422570618,10.25,54.25,0.0,174.75,121.25,39.25,52.25,51.75,2.019319407926212,0.0,21.50252284913567,0.0,66402.0,0,0,0,49,UTAH
2297,490081,1.6820683409448642,4.78261352921548,0.3517048431092411,0.0,0.0,0.0,0.0,0.3015499630832389,0.0,0.0,0.0,0.0,0.0,0.0,0.0,0.0,0.0,0.0,0.3015499630832389,0.0,66402.0,0,0,0,49,UTAH
2268,490052,0.0,0.0,0.0,0.0,0.0,0.0,0.0,3.028979111889317,0.0,0.0,0.0,0.0,0.0,0.0,0.0,0.0,3.028979111889317,0.0,0.0,0.0,66402.0,0,0,0,49,UTAH
2325,490109,0.0,0.0,0.0,0.0,0.0,0.0,0.0,2.019319407926212,0.0,0.0,0.0,0.0,0.0,0.0,0.0,0.0,2.019319407926212,0.0,0.0,0.0,81720.0,0,0,0,49,UTAH
2342,490126,0.0,0.0,0.0,0.0,0.0,0.0,0.0,0.0,0.0,0.0,0.0,0.0,0.0,0.0,0.0,0.0,0.0,0.0,0.0,0.0,81720.0,0,0,0,49,UTAH
2349,490133,8.0,31.269536114076782,0.2558400601407897,0.0,0.0,0.0,0.0,1.2953855018859937,0.0,0.0,0.0,0.0,0.0,0.0,0.0,0.0,0.0,0.0,0.2945979108524975,1.0007875910334962,62109.0,0,0,0,49,UTAH
2351,490135,105.72483488286005,314.80381100940957,0.3358435672803844,0.0,0.0,0.0,0.0,12.12797130156476,0.0,0.0,0.0,0.0,0.0,0.0,0.0,0.0,1.1991394719819422,0.0,3.907605200918205,7.021226628664611,81720.0,0,0,0,49,UTAH
2463,490245,118.75,450.1858483954144,0.26377994871064364,0.0,0.0,0.0,0.0,13.16715840333416,0.0,0.0,0.0,0.0,0.0,0.0,0.0,0.0,1.0096597039631057,0.0,4.4003353793351865,7.757163320035866,70166.0,0,0,0,49,UTAH
2484,490266,5.0,16.98015473470498,0.2944613920261117,178.0,0.0,0.0,178.0,184.7389272107509,0.0,0.0,0.0,0.0,0.0,178.0,0.0,0.0,0.0,0.0,6.73892721075088,0.0,70166.0,0,0,2401,49,UTAH
2560,490342,199.75,596.5084199567897,0.334865348613972,10.75,3.0,0.0,7.75,78.35922100573273,2.0,1.0,0.0,0.0,0.0,1.5,2.25,4.0,1.0096597039631057,0.0,53.59177577537712,13.00778552639251,96089.0,0,0,0,49,UTAH
2785,490567,285.5,1291.3740708332762,0.2210823389196419,0.0,0.0,0.0,0.0,31.53050578807089,0.0,0.0,0.0,0.0,0.0,0.0,0.0,0.0,0.0,0.0,12.765719853929523,18.764785934141365,123157.0,0,0,0,49,UTAH
2781,490563,301.75,1059.0391898406515,0.28492807716152874,0.0,0.0,0.0,0.0,31.883504276407,0.0,0.0,0.0,0.0,0.0,0.0,0.0,0.0,0.0,0.0,12.11793075123214,19.76557352517486,123157.0,0,0,0,49,UTAH
2871,490653,576.25,1926.5518257632016,0.299109524225604,0.0,0.0,0.0,0.0,59.75022714528284,0.0,0.0,0.0,0.0,0.0,0.0,0.0,0.0,0.0,0.0,21.72029868600997,38.02992845927286,51612.0,0,0,0,49,UTAH
2872,490654,431.5,1448.2012123491572,0.2979558339825271,0.0,0.0,0.0,0.0,52.16201320537651,0.0,0.0,0.0,0.0,0.0,0.0,0.0,0.0,0.0,0.0,24.13996065643861,28.022052548937896,93981.0,0,0,0,49,UTAH
3137,490918,0.0,0.0,0.0,618.5,244.5,134.25,239.75,642.3217791900807,205.25,39.25,65.75,68.5,41.5,44.5,19.25,134.5,1.0096597039631057,0.0,22.81211948611774,0.0,51304.0,0,0,0,49,UTAH
3379,491160,1.0,1.9215503642080751,0.5204131094488008,0.0,0.0,0.0,0.0,2.0561441467827737,0.0,0.0,0.0,0.0,0.0,0.0,0.0,0.0,2.019319407926212,0.0,0.0368247388565621,0.0,75589.0,0,0,0,49,UTAH
2736,490518,320.0,775.2458799187891,0.4127722678558725,1210.75,131.25,140.5,939.0,1288.1396059106685,117.0,14.25,26.25,114.25,92.75,149.75,273.25,423.25,0.0,0.0,56.3730664989648,21.016539411703427,70574.0,0,0,0,49,UTAH
2792,490574,8.5,22.563074100671564,0.376721716290734,0.0,0.0,0.0,0.0,22.31497487815524,0.0,0.0,0.0,0.0,0.0,0.0,0.0,0.0,0.0,0.0,21.8144695574252,0.50050532073004,76529.0,0,0,0,49,UTAH
2796,490578,5.2431954971450185,13.249150641515199,0.3957382355300473,12.288739446433636,3.6046969042872004,0.16384985928578183,8.520192682860655,13.330350818113626,1.4746487335720364,2.1300481707151637,0.0,0.16384985928578183,0.0,1.4746487335720364,1.8023484521436002,5.2431954971450185,0.0,0.0,0.7136779146165076,0.3279334570634815,76529.0,0,0,0,49,UTAH
2797,490579,28.661282627981354,76.76305386035467,0.37337340278464176,0.0,0.0,0.0,0.0,63.32543426059323,0.0,0.0,0.0,0.0,0.0,0.0,0.0,0.0,0.0,0.0,61.36295555377802,1.9624787068151945,76529.0,0,0,0,49,UTAH
2793,490575,356.0000009446327,985.8412885672818,0.36111289420836257,0.0,0.0,0.0,0.0,604.6942240118182,0.0,0.0,0.0,0.0,0.0,0.0,0.0,0.0,0.0,0.0,581.4207265361159,23.273497475702204,76529.0,0,0,0,49,UTAH
2794,490576,0.0,0.0,0.0,0.0,0.0,0.0,0.0,0.0,0.0,0.0,0.0,0.0,0.0,0.0,0.0,0.0,0.0,0.0,0.0,0.0,76529.0,0,0,0,49,UTAH
2795,490577,0.0,0.0,0.0,2424.75,468.0,121.25,1835.5,2514.043645802524,392.25,75.75,68.25,53.0,145.75,170.75,181.75,1337.25,0.0,0.0,89.29364580252373,0.0,76529.0,0,0,0,49,UTAH
2798,490580,0.0,0.0,0.0,95.25,12.5,5.25,77.5,162.75430114296927,8.0,4.5,4.0,1.25,0.0,44.0,18.5,15.0,0.0,0.0,67.50430114296927,0.0,76529.0,0,0,0,49,UTAH
3058,490839,305.0,711.4037106157612,0.42872984136673226,284.25,36.25,103.25,144.75,325.9638503860283,23.25,13.0,9.0,94.25,17.75,28.0,12.0,87.0,0.0,0.0,21.698098565358336,20.01575182066993,39576.0,0,0,0,49,UTAH
3057,490838,245.5,535.3285171873575,0.45859690286979127,158.75,68.75,32.5,57.5,189.6497171356846,15.75,53.0,1.25,31.25,4.5,5.0,18.0,30.0,0.0,0.0,14.887115679148645,16.01260145653594,47045.0,0,0,0,49,UTAH
3064,490845,264.25,613.5175880348604,0.4307129985407772,669.5,304.5,76.75,288.25,720.8972735616977,141.25,163.25,2.25,74.5,35.25,103.75,24.25,125.0,0.0,0.0,34.38388451412825,17.01338904756944,44047.0,0,0,0,49,UTAH
3065,490846,266.0,612.270192513838,0.4344487176615055,1042.5,122.25,213.25,707.0,1107.6973952382868,108.25,14.0,20.0,193.25,123.0,138.5,135.25,310.25,0.0,0.0,48.18400619071743,17.01338904756944,56909.0,0,0,0,49,UTAH
3059,490840,329.0,882.6206696008107,0.37275356371248275,48.0,0.0,0.0,48.0,85.14965027821333,0.0,0.0,0.0,0.0,0.0,48.0,0.0,0.0,0.0,0.0,15.38242725028479,21.76722302792853,54309.0,489,0,0,49,UTAH
3066,490847,181.75,412.82904117259807,0.4402548800437052,542.25,134.5,35.75,372.0,580.9191399019627,131.5,3.0,3.0,32.75,11.5,210.0,43.25,107.25,0.0,0.0,26.65968880956076,12.009451092401957,56488.0,0,8,78,49,UTAH
3060,490841,328.5000068896128,1076.3364849239154,0.3052019619244199,0.0,0.0,0.0,0.0,33.615480114252065,0.0,0.0,0.0,0.0,0.0,0.0,0.0,0.0,0.0,0.0,12.098434930542782,21.51704518370928,70276.0,0,0,0,49,UTAH
3067,490848,353.0,1138.16091030528,0.3101494672711239,55.75,0.0,5.25,50.5,93.82110540726114,0.0,0.0,2.0,3.25,22.75,20.25,0.5,7.0,0.0,0.0,15.052990813490728,23.018114593770413,53962.0,0,0,0,49,UTAH
3068,490849,280.75000085620485,941.7326780874881,0.29812069538285985,85.00000025922498,0.0,0.0,85.00000025922498,116.48437611297192,0.0,0.0,0.0,0.0,0.0,85.00000025922498,0.0,0.0,0.0,0.0,13.470199160206063,18.014176693540872,101582.0,0,1225,0,49,UTAH
3381,491162,0.0,0.0,0.0,0.0,0.0,0.0,0.0,2.019319407926212,0.0,0.0,0.0,0.0,0.0,0.0,0.0,0.0,2.019319407926212,0.0,0.0,0.0,75589.0,0,0,0,49,UTAH
3408,491189,19.0,48.4896116546584,0.39183650583381546,80.25,0.0,0.75,79.5,85.91300169804921,0.0,0.0,0.0,0.75,64.75,12.25,2.25,0.25,1.0096597039631057,0.0,3.652554403052604,1.0007875910334962,56564.0,0,0,0,49,UTAH
3403,491184,15.0,45.41116201886648,0.3303152646428232,0.0,0.0,0.0,0.0,1.5531586738819292,0.0,0.0,0.0,0.0,0.0,0.0,0.0,0.0,0.0,0.0,0.5523710828484328,1.0007875910334962,75589.0,0,0,0,49,UTAH
3405,491186,14.0,41.64651092624226,0.336162614553584,508.25,70.0,17.0,421.25,528.4801263644281,64.25,5.75,14.0,3.0,25.75,80.75,23.5,291.25,0.0,0.0,19.22933877339456,1.0007875910334962,75589.0,0,0,0,49,UTAH
3404,491185,23.0,66.54883190153916,0.3456108746435871,0.0,0.0,0.0,0.0,3.3930826295781524,0.0,0.0,0.0,0.0,0.0,0.0,0.0,0.0,1.0096597039631057,0.0,0.8821300138515106,1.501292911763536,75589.0,0,0,0,49,UTAH
3395,491176,11.0,34.03875910520188,0.32316101671047565,0.0,0.0,0.0,0.0,2.415519422418786,0.0,0.0,0.0,0.0,0.0,0.0,0.0,0.0,1.0096597039631057,0.0,0.405072127422184,1.0007875910334962,75589.0,0,0,0,49,UTAH
2245,490029,0.0,0.0,0.0,0.0,0.0,0.0,0.0,0.0,0.0,0.0,0.0,0.0,0.0,0.0,0.0,0.0,0.0,0.0,0.0,0.0,66402.0,0,0,0,49,UTAH
2267,490051,0.0,0.0,0.0,27.75,1.5,1.0,25.25,31.876735855349384,0.0,1.5,1.0,0.0,18.75,4.25,2.25,0.0,3.028979111889317,0.0,1.0977567434600664,0.0,66402.0,0,0,0,49,UTAH
2241,490025,0.5514156239870148,2.0758874313327844,0.26562886583546047,2.8949320259318276,0.0,0.0,2.8949320259318276,3.5781692568043595,0.0,0.0,0.0,0.0,2.5502972609399435,0.3446347649918843,0.0,0.0,0.5567421356753607,0.0,0.1264950951971711,0.0,81720.0,0,0,0,49,UTAH
2223,490007,9.0,34.572280239879774,0.26032416541672976,220.0,2.0,2.0,216.0,234.48195130900172,0.0,2.0,2.0,0.0,180.75,33.0,2.25,0.0,5.048298519815528,0.0,8.432865198152742,1.0007875910334962,81720.0,0,0,0,49,UTAH
2229,490013,29.0,111.01627593495505,0.26122295812725005,41.5,1.0,0.25,40.25,46.09478918644208,0.0,1.0,0.25,0.0,26.25,14.0,0.0,0.0,0.0,0.0,2.5932140043750858,2.001575182066993,81720.0,0,0,0,49,UTAH
2230,490014,4.0,16.900856399378732,0.23667439717120123,0.0,0.0,0.0,0.0,0.1472989554262487,0.0,0.0,0.0,0.0,0.0,0.0,0.0,0.0,0.0,0.0,0.1472989554262487,0.0,81720.0,0,0,0,49,UTAH
2224,490008,0.0,0.0,0.0,0.0,0.0,0.0,0.0,0.0,0.0,0.0,0.0,0.0,0.0,0.0,0.0,0.0,0.0,0.0,0.0,0.0,66402.0,0,0,0,49,UTAH
2221,490005,0.9999999936892996,2.8433078547125197,0.3517030320975944,0.0,0.0,0.0,0.0,43.45219173505634,0.0,0.0,0.0,0.0,0.0,0.0,0.0,0.0,43.41536699643217,0.0,0.03682473862417221,0.0,81720.0,0,0,0,49,UTAH
2308,490092,221.5,633.4241017292575,0.34968672552133967,0.0,0.0,0.0,0.0,23.969361618458603,0.0,0.0,0.0,0.0,0.0,0.0,0.0,0.0,0.0,0.0,9.454707317287449,14.514654301171156,66402.0,0,0,0,49,UTAH
2306,490090,356.0261732894515,1025.121419165477,0.34730146754643226,0.0,0.0,0.0,0.0,37.20250990217362,0.0,0.0,0.0,0.0,0.0,0.0,0.0,0.0,0.06875185572302087,0.0,14.115643534184743,23.018114512265853,66402.0,0,0,0,49,UTAH
2310,490094,86.5,323.7990061182993,0.26714102997708833,12.0,11.0,0.0,1.0,21.630704010469643,0.0,11.0,0.0,0.0,1.0,0.0,0.0,0.0,0.0,0.0,3.6259784642686665,6.004725546200978,66402.0,0,0,0,49,UTAH
2275,490059,0.0,0.0,0.0,0.0,0.0,0.0,0.0,6.057958223778634,0.0,0.0,0.0,0.0,0.0,0.0,0.0,0.0,6.057958223778634,0.0,0.0,0.0,81720.0,0,0,0,49,UTAH
2292,490076,0.0,0.0,0.0,0.0,0.0,0.0,0.0,3.028979111889317,0.0,0.0,0.0,0.0,0.0,0.0,0.0,0.0,3.028979111889317,0.0,0.0,0.0,81720.0,0,0,0,49,UTAH
2271,490055,135.99999996993208,540.330182704641,0.2516979512215651,0.0,0.0,0.0,0.0,15.024912504435209,0.0,0.0,0.0,0.0,0.0,0.0,0.0,0.0,1.0096597037398825,0.0,5.008164483385214,9.007088317310112,81720.0,0,0,0,49,UTAH
2281,490065,0.0,0.0,0.0,45.74999978305881,0.9999999952581161,0.9999999952581161,43.74999979254258,47.433266535258404,0.0,0.9999999952581161,0.9999999952581161,0.0,27.749999868412722,15.999999924129858,0.0,0.0,0.0,0.0,1.6832667521995903,0.0,81720.0,0,0,0,49,UTAH
2386,490168,86.74999922068187,273.1344207496513,0.31760917932857285,43.749999606972125,0.0,1.9999999820330114,41.749999624939115,54.55156541820934,0.0,0.0,1.9999999820330114,0.0,7.499999932623793,32.24999971028231,0.9999999910165057,0.9999999910165057,0.0,0.0,4.7968403189796565,6.004725492257561,81720.0,96,0,0,49,UTAH
2328,490112,1.2239327867648422,4.6068269345252215,0.265678047853773,0.002218643566830891,0.0,0.0,0.002218643566830891,0.04798866301817884,0.0,0.0,0.0,0.0,0.0009277964006747362,0.0012908471661561547,0.0,0.0,0.0,0.0,0.045164431290123555,0.0006055881612243968,81720.0,0,0,0,49,UTAH
2398,490180,0.0,0.0,0.0,0.0,0.0,0.0,0.0,1.0096597039631057,0.0,0.0,0.0,0.0,0.0,0.0,0.0,0.0,1.0096597039631057,0.0,0.0,0.0,81720.0,0,0,0,49,UTAH
2316,490100,444.0,1670.3516621581002,0.26581228974643006,0.0,0.0,0.0,0.0,45.373024192285,0.0,0.0,0.0,0.0,0.0,0.0,0.0,0.0,0.0,0.0,16.35018405231361,29.022840139971397,62109.0,0,0,0,49,UTAH
2315,490099,264.0,995.7103355419816,0.26513735026793755,214.0,2.0,2.0,210.0,248.61561422100613,0.0,2.0,1.0,1.0,70.75,137.25,2.0,0.0,0.0,0.0,17.60222517343673,17.01338904756944,62109.0,0,0,0,49,UTAH
2314,490098,327.0,1257.9961354878253,0.2599372055091378,457.25,108.0,6.25,343.0,509.8893533329109,19.0,89.0,5.0,1.25,303.25,21.25,7.75,10.75,0.0,0.0,31.62281392120745,21.016539411703427,74211.0,0,0,0,49,UTAH
2311,490095,173.6630453297353,649.4064254537368,0.26741811987523506,53.936091641704444,20.72010232243917,0.0,33.21598931926527,73.62916840037832,20.72010232243917,0.0,0.0,0.0,8.476405495543297,24.73958382372197,0.0,0.0,0.0,0.0,8.382301509996735,11.310775248677157,66402.0,3,0,0,49,UTAH
2317,490101,297.0,1063.7303143061574,0.2792061070420138,39.0,0.0,0.0,39.0,70.63740440897396,0.0,0.0,0.0,0.0,0.0,39.0,0.0,0.0,0.0,0.0,12.622440179337527,19.014964229636437,74211.0,753,0,0,49,UTAH
2313,490097,258.0,906.7774388583052,0.2845240617420297,0.0,0.0,0.0,0.0,26.28083433801216,0.0,0.0,0.0,0.0,0.0,0.0,0.0,0.0,0.0,0.0,9.26967544124236,17.0111588967698,74211.0,0,0,0,49,UTAH
2355,490139,1.0,3.304742215030222,0.3025954628024912,0.0,0.0,0.0,0.0,0.0368247388565621,0.0,0.0,0.0,0.0,0.0,0.0,0.0,0.0,0.0,0.0,0.0368247388565621,0.0,62109.0,0,0,0,49,UTAH
2354,490138,0.0,0.0,0.0,0.0,0.0,0.0,0.0,0.0,0.0,0.0,0.0,0.0,0.0,0.0,0.0,0.0,0.0,0.0,0.0,0.0,74211.0,0,0,0,49,UTAH
2353,490137,494.25,1365.3753244721354,0.3619883786834077,0.0,0.0,0.0,0.0,216.15456868230496,0.0,0.0,0.0,0.0,0.0,0.0,0.0,0.0,1.0096597039631057,0.0,182.864843445717,32.280065532624846,74211.0,0,0,0,49,UTAH
2360,490144,19.693390591463064,71.0154291562472,0.27731143535208286,0.0,0.0,0.0,0.0,1.792373710124001,0.0,0.0,0.0,0.0,0.0,0.0,0.0,0.0,0.03333754851089627,0.0,0.7252039657309063,1.0338321958821983,73924.0,0,0,0,49,UTAH
2365,490149,20.30660949991232,92.93196344269572,0.21851049679407566,0.0,0.0,0.0,0.0,2.6918507414036474,0.0,0.0,0.0,0.0,0.0,0.0,0.0,0.0,0.9763221588655171,0.0,0.747785591896456,0.9677429906416742,73829.0,0,0,0,49,UTAH
2345,490129,205.7178138386057,647.9298667864701,0.3175001252201906,0.0,0.0,0.0,0.0,21.13460800100643,0.0,0.0,0.0,0.0,0.0,0.0,0.0,0.0,0.0,0.0,7.5750140156574455,13.559593985348986,81720.0,0,0,0,49,UTAH
2358,490142,561.0,2496.027697892508,0.22475712127460518,147.75,0.0,1.25,146.5,210.88189718707596,0.0,0.0,1.0,0.25,29.75,105.5,1.0,10.25,0.0,0.0,26.10275631883659,37.02914086823937,79647.0,0,1307,0,49,UTAH
2364,490148,16.25185379338248,71.01154298200603,0.22886214143383166,27.086422988970796,0.0,0.0,27.086422988970796,30.721433260028288,0.0,0.0,0.0,0.0,0.0,27.086422988970796,0.0,0.0,0.6837017454115929,0.0,1.5959207250035718,1.3553878006423201,79647.0,0,0,0,49,UTAH
2368,490152,47.79165135788841,156.2443695938272,0.3058775908669706,5.767907869306265,0.0,0.0,5.767907869306265,13.174449317807419,0.0,0.0,0.0,0.0,0.027932885636606352,5.698075655214749,0.041899328454909526,0.0,2.3285332622519204,0.0,1.8687252956364295,3.2092828906128044,79647.0,0,0,0,49,UTAH
2380,490162,0.0,0.0,0.0,0.0,0.0,0.0,0.0,1.0096597039631057,0.0,0.0,0.0,0.0,0.0,0.0,0.0,0.0,1.0096597039631057,0.0,0.0,0.0,81720.0,0,0,0,49,UTAH
2372,490155,126.43110556004669,361.6685032398143,0.3495773185319736,0.0,0.0,0.0,0.0,15.53832951824073,0.0,0.0,0.0,0.0,0.0,0.0,0.0,0.0,2.5723404052692174,0.0,4.677498095323137,8.288491017648374,79422.0,0,0,0,49,UTAH
2379,490161,328.75,1432.7684811707195,0.22945088778849837,0.0,0.0,0.0,0.0,33.62472851386658,0.0,0.0,0.0,0.0,0.0,0.0,0.0,0.0,0.0,0.0,12.107683781433115,21.51704473243346,74058.0,0,0,0,49,UTAH
2378,490160,362.5,1181.9887853096466,0.3066864969493222,70.0,24.75,1.25,44.0,109.94710970268936,24.75,0.0,0.0,1.25,1.0,29.0,0.0,14.0,0.0,0.0,15.928207517885436,24.018902184803917,69958.0,371,0,0,49,UTAH
2377,490159,150.5,670.4850979568052,0.22446434746816055,0.0,0.0,0.0,0.0,15.54941287161223,0.0,0.0,0.0,0.0,0.0,0.0,0.0,0.0,0.0,0.0,5.541536961277267,10.007875910334963,79647.0,0,0,0,49,UTAH
2371,490154,554.5,2015.5546949893655,0.275110371044992,49.0,0.0,0.0,49.0,165.65482585453674,0.0,0.0,0.0,0.0,0.0,49.0,0.0,0.0,1.0096597039631057,0.0,79.36581678521958,36.27934936535404,73446.0,988,0,0,49,UTAH
2383,490165,245.22960803274972,1095.4987830832836,0.22385201318302744,0.0,0.0,0.0,0.0,28.8983708169586,0.0,0.0,0.0,0.0,0.0,0.0,0.0,0.0,2.002818632552757,0.0,11.013796961874217,15.881755222531632,79568.0,0,0,0,49,UTAH
2370,490153,428.0065431081804,1908.8723895745338,0.2242195682884691,3.807887394200893,0.0,0.0,3.807887394200893,47.91238776573666,0.0,0.0,0.0,0.0,1.5231549576803571,0.0,2.2847324365205357,0.0,0.0,0.0,15.90394062548421,28.200559746051557,79647.0,0,0,0,49,UTAH
2384,490166,456.75,1716.5096440223497,0.2660923004951395,108.5,23.75,2.0,82.75,159.33910393891225,23.75,0.0,0.0,2.0,54.5,0.0,26.25,2.0,0.0,0.0,20.815476207907366,30.02362773100489,79509.0,0,0,0,49,UTAH
2385,490167,265.5,996.9809734030068,0.26630397879486684,45.0,1.0,4.25,39.75,73.42085663708446,0.5,0.5,0.25,4.0,0.0,37.25,0.5,2.0,0.0,0.0,11.407467589515022,17.01338904756944,79509.0,0,98,229,49,UTAH
2404,490186,0.0,0.0,0.0,0.0,0.0,0.0,0.0,0.9955928383343138,0.0,0.0,0.0,0.0,0.0,0.0,0.0,0.0,0.9955928383343138,0.0,0.0,0.0,81720.0,0,0,0,49,UTAH
2435,490217,0.0,0.0,0.0,0.0,0.0,0.0,0.0,0.0,0.0,0.0,0.0,0.0,0.0,0.0,0.0,0.0,0.0,0.0,0.0,0.0,91516.0,0,0,0,49,UTAH
2429,490211,2.0,4.7653278578703375,0.4196982998130617,0.0,0.0,0.0,0.0,0.0736494777131243,0.0,0.0,0.0,0.0,0.0,0.0,0.0,0.0,0.0,0.0,0.0736494777131243,0.0,91516.0,0,0,0,49,UTAH
2434,490216,442.75,1602.5654450797288,0.2762757685555693,0.0,0.0,0.0,0.0,532.2212973619934,0.0,0.0,0.0,0.0,0.0,0.0,0.0,0.0,2.019319407926212,0.0,501.189916876294,29.01206107777316,91516.0,0,0,0,49,UTAH
2432,490214,0.0,0.0,0.0,0.0,0.0,0.0,0.0,0.0,0.0,0.0,0.0,0.0,0.0,0.0,0.0,0.0,0.0,0.0,0.0,0.0,91516.0,0,0,0,49,UTAH
2438,490220,413.25000062212297,1468.6460399563982,0.28138161910979703,37.25000005607763,0.25000000037635994,0.7500000011290798,36.25000005457219,84.95627197444044,0.25000000037635994,0.0,0.0,0.7500000011290798,0.0,35.25000005306675,0.25000000037635994,0.7500000011290798,0.0,0.0,20.684486851705078,27.02178506665772,91516.0,0,0,0,49,UTAH
2437,490219,369.75,1237.3563621669962,0.29882256341451435,0.0,0.0,0.0,0.0,38.02549975075512,0.0,0.0,0.0,0.0,0.0,0.0,0.0,0.0,0.0,0.0,13.75433811449606,24.27116163625906,91516.0,0,0,0,49,UTAH
2436,490218,412.5,1385.9446030630388,0.2976309436093945,0.0,0.0,0.0,0.0,141.35784271236528,0.0,0.0,0.0,0.0,0.0,0.0,0.0,0.0,0.0,0.0,114.33434742692816,27.023495285437136,91516.0,0,0,0,49,UTAH
2431,490213,169.75,594.4931751575245,0.28553734019742255,207.5,18.25,22.75,166.5,231.7077202185516,9.75,8.5,0.0,22.75,114.0,12.75,13.75,26.0,0.0,0.0,12.949918955484817,11.257801263066764,91516.0,0,0,0,49,UTAH
2440,490222,489.0,1799.018255229468,0.2718149182636433,0.0,0.0,0.0,0.0,130.47062992058122,0.0,0.0,0.0,0.0,0.0,0.0,0.0,0.0,0.0,0.0,98.44572433443932,32.0249055861419,91516.0,0,0,0,49,UTAH
2442,490224,370.5,1342.5259462775527,0.27597231995947075,19.5,0.0,0.0,19.5,58.38013059720004,0.0,0.0,0.0,0.0,15.75,3.0,0.0,0.75,0.0,0.0,14.86100536196955,24.01912523523049,91516.0,0,0,0,49,UTAH
2445,490227,589.5,1930.814382517657,0.30531158527591357,49.0,0.0,0.0,49.0,188.0011901062609,0.0,0.0,0.0,0.0,0.0,49.0,0.0,0.0,0.0,0.0,100.22243644557938,38.778753660681545,104302.0,1152,0,0,49,UTAH
2444,490226,534.934268327093,1814.3519262288103,0.29483489977546495,0.0,0.0,0.0,0.0,54.544102320863665,0.0,0.0,0.0,0.0,0.0,0.0,0.0,0.0,0.0,0.0,19.702437685647713,34.84166463521595,106764.0,0,0,0,49,UTAH
2448,490230,419.8157424533103,1640.548611388601,0.2558996054971927,0.0,0.0,0.0,0.0,42.89822473007435,0.0,0.0,0.0,0.0,0.0,0.0,0.0,0.0,0.0,0.0,15.440879723589436,27.457345006484903,105199.0,0,0,0,49,UTAH
2450,490232,336.75,1138.9612577917012,0.29566413931665664,89.0,0.0,0.0,89.0,126.69793217904352,0.0,0.0,0.0,0.0,25.0,33.0,0.0,31.0,0.0,0.0,15.680605176306596,22.01732700273692,83446.0,0,0,0,49,UTAH
2453,490235,188.5,646.5733594531134,0.2915369110775576,45.0,0.0,0.0,45.0,66.02039434984184,0.0,0.0,0.0,0.0,0.0,45.0,0.0,0.0,0.0,0.0,8.510883905013191,12.509510444828654,96951.0,888,0,0,49,UTAH
2449,490231,441.25,1751.2395469776657,0.2519643876027815,42.75,22.75,1.0,19.0,110.34490933260884,21.75,1.0,0.0,1.0,9.0,0.0,0.0,10.0,0.0,0.0,38.8222474881325,28.772661844476325,106764.0,0,0,0,49,UTAH
2452,490234,139.25,464.9659943304708,0.2994842670172331,3.0,0.0,0.0,3.0,65.42482733118294,0.0,0.0,0.0,0.0,3.0,0.0,0.0,0.0,0.0,0.0,53.16763512543963,9.257192205743308,96951.0,0,0,0,49,UTAH
2451,490233,119.25,378.23435516212,0.3152807204646619,360.25,72.0,42.75,245.5,858.4564753047977,24.0,48.0,0.0,42.75,0.0,24.5,65.25,155.75,0.0,0.0,490.4528060290676,7.753669275729959,96951.0,0,0,0,49,UTAH
2461,490243,201.90063688274398,637.5007146311004,0.3167065263598597,0.0,0.0,0.0,0.0,290.9845833346498,0.0,0.0,0.0,0.0,0.0,0.0,0.0,0.0,0.7932451171845533,0.0,276.9017223730902,13.28961584437502,96951.0,0,0,0,49,UTAH
2456,490238,2.203911415124511,7.687771035493713,0.28667755646588067,0.0,0.0,0.0,0.0,1.8444320030643746,0.0,0.0,0.0,0.0,0.0,0.0,0.0,0.0,0.0,0.0,1.8444320030643746,0.0,96951.0,0,0,0,49,UTAH
2454,490236,100.0,343.4460577592621,0.2911665390845593,0.0,0.0,0.0,0.0,9.835587220155151,0.0,0.0,0.0,0.0,0.0,0.0,0.0,0.0,0.0,0.0,3.330951537283405,6.504635682871746,96951.0,0,0,0,49,UTAH
2460,490242,468.09936373225554,1436.7546682102407,0.32580326627047956,0.0,0.0,0.0,0.0,129.64536890030118,0.0,0.0,0.0,0.0,0.0,0.0,0.0,0.0,3.245393720793362,0.0,95.65121953060877,30.748755648899035,96951.0,0,0,0,49,UTAH
2468,490250,199.75,705.8302030864791,0.283000074418077,39.0,0.0,0.0,39.0,62.00980162963698,0.0,0.0,0.0,0.0,0.0,39.0,0.0,0.0,1.0096597039631057,0.0,8.988341889252341,13.011800036421535,70166.0,0,0,0,49,UTAH
2467,490249,1242.5,4998.049442784932,0.24859698052680215,49.0,0.0,0.0,49.0,177.87646929878764,0.0,0.0,0.0,0.0,0.0,49.0,0.0,0.0,0.0,0.0,47.812674425074455,81.0637948737132,78311.0,1349,0,0,49,UTAH
2466,490248,424.5,1667.6752489366768,0.2545459616736919,0.0,0.0,0.0,0.0,43.66077227987304,0.0,0.0,0.0,0.0,0.0,0.0,0.0,0.0,0.0,0.0,15.638719730935138,28.022052548937896,79422.0,0,0,0,49,UTAH
2473,490255,735.25,2953.652064706409,0.2489291168670821,0.0,0.0,0.0,0.0,75.11373693061451,0.0,0.0,0.0,0.0,0.0,0.0,0.0,0.0,0.0,0.0,27.07593256100668,48.03780436960783,75827.0,0,0,0,49,UTAH
2472,490254,461.25,1853.250724021284,0.24888699301255618,158.0,55.75,8.25,94.0,210.8241246136829,53.75,2.0,1.0,7.25,5.0,6.0,3.0,80.0,0.0,0.0,22.800496882678,30.02362773100489,78311.0,0,0,0,49,UTAH
2471,490253,591.25,1817.3763545335476,0.325331623538016,369.75,88.75,7.5,273.5,443.9253932949763,9.25,79.5,1.0,6.5,90.5,61.25,50.25,71.5,0.0,0.0,35.39485554016499,38.78053775481129,76751.0,965,0,0,49,UTAH
2458,490240,453.75,1744.4529637936782,0.2601101946671154,59.0,0.0,0.0,59.0,107.52085512047736,0.0,0.0,0.0,0.0,0.0,59.0,0.0,0.0,0.0,0.0,18.74718320892353,29.77367191155383,96951.0,0,1266,0,49,UTAH
2459,490241,419.25,1163.1707101956908,0.3604372052400337,0.0,0.0,0.0,0.0,42.46217384249174,0.0,0.0,0.0,0.0,0.0,0.0,0.0,0.0,0.0,0.0,15.44090888458734,27.0212649579044,83446.0,0,0,0,49,UTAH
2465,490247,988.9999996033825,3322.1393247682868,0.2976997358990546,41.99999998315679,0.0,0.0,41.99999998315679,145.02051504498002,0.0,0.0,0.0,0.0,0.0,41.99999998315679,0.0,0.0,0.0,0.0,37.9693216707334,65.05119339108985,83446.0,903,0,0,49,UTAH
2477,490259,491.25,1953.0590040070924,0.25152849913499903,76.0,14.25,3.0,58.75,129.41592349911085,11.5,2.75,2.0,1.0,5.25,4.75,2.0,46.75,0.0,0.0,21.390720586038967,32.02520291307188,70166.0,0,0,0,49,UTAH
2478,490260,100.25,401.3636062383637,0.2497735181810756,356.0,51.5,17.25,287.25,380.8086097405395,40.0,11.5,13.25,4.0,16.0,105.75,14.5,151.0,0.0,0.0,17.803096603305036,7.005513137234474,70166.0,0,0,0,49,UTAH
2485,490267,82.75,315.9087759582813,0.2619427071912934,0.0,0.0,0.0,0.0,34.04597980378008,0.0,0.0,0.0,0.0,0.0,0.0,0.0,0.0,0.0,0.0,28.541685213439187,5.504294590340891,70166.0,0,0,0,49,UTAH
2486,490268,897.75,2871.29839146261,0.3126634287363966,0.0,0.0,0.0,0.0,94.2593767764734,0.0,0.0,0.0,0.0,0.0,0.0,0.0,0.0,2.019319407926212,0.0,33.69015334764363,58.54990402090357,70166.0,0,0,0,49,UTAH
2494,490276,119.25,373.9618533900402,0.31888279223930066,0.0,0.0,0.0,0.0,12.83394366702604,0.0,0.0,0.0,0.0,0.0,0.0,0.0,0.0,0.0,0.0,5.076111195710424,7.757832471315617,70166.0,0,0,0,49,UTAH
2493,490275,93.5013924648068,304.4118019873837,0.3071542951172503,185.71691116290702,27.00334910083811,2.7554437857998075,155.9581182762691,202.16198047130956,24.98269032458492,2.020658776253192,2.3880512810264998,0.36739250477330765,9.919597628879307,22.227246538785113,11.940256405132498,111.87101770347218,0.0,0.0,10.19395880173617,6.251110506666385,70166.0,0,0,0,49,UTAH
2492,490274,168.22400143311194,635.917865845453,0.2645373097191696,0.0,0.0,0.0,0.0,18.265162052122935,0.0,0.0,0.0,0.0,0.0,0.0,0.0,0.0,0.5796894043905968,0.0,6.623451988363516,11.062020659368825,70166.0,0,0,0,49,UTAH
2498,490280,416.78502946294117,1311.2474721289946,0.3178538287560868,0.0,0.0,0.0,0.0,44.1225631728469,0.0,0.0,0.0,0.0,0.0,0.0,0.0,0.0,1.0842152643189888,0.0,15.7684884790963,27.269859429431616,70166.0,0,0,0,49,UTAH
2491,490273,326.0,1261.6062137545152,0.25840075646887506,0.0,0.0,0.0,0.0,33.025842326377536,0.0,0.0,0.0,0.0,0.0,0.0,0.0,0.0,0.0,0.0,12.009302914674109,21.016539411703427,96415.0,0,0,0,49,UTAH
2490,490272,263.75,1014.1218664387465,0.26007722417642065,0.0,0.0,0.0,0.0,26.727965200129333,0.0,0.0,0.0,0.0,0.0,0.0,0.0,0.0,0.0,0.0,9.714576152559893,17.01338904756944,96415.0,0,0,0,49,UTAH
2495,490277,55.2499999340573,179.68188655274884,0.3074878664402139,0.0,0.0,0.0,0.0,9.07919362893432,0.0,0.0,0.0,0.0,0.0,0.0,0.0,0.0,0.0,0.0,5.576771551770665,3.5024220771636556,96415.0,0,0,0,49,UTAH
2496,490278,97.25,374.86915415715,0.25942385208688457,47.0,2.0,1.0,44.0,66.32427199915647,2.0,0.0,1.0,0.0,0.0,38.0,0.0,6.0,0.0,0.0,13.069293792590468,6.254978206565998,96415.0,0,0,0,49,UTAH
2510,490292,268.25,720.8020933930027,0.37215485701113543,533.0,97.0,7.5,428.5,579.8320802899832,74.25,22.75,7.25,0.25,23.25,76.5,70.75,258.0,0.0,0.0,29.31818574495064,17.51389454503258,70166.0,0,0,0,49,UTAH
2511,490293,509.75,1445.3525785235888,0.3526821120149824,1316.5,347.5,37.25,931.75,1416.996320551409,98.25,249.25,10.0,27.25,80.75,332.0,156.75,362.25,0.0,0.0,67.22052344360853,33.27579710780051,70166.0,0,0,0,49,UTAH
2507,490289,0.0,0.0,0.0,974.25,317.25,17.5,639.5,1010.121527238864,105.75,211.5,17.25,0.25,41.25,63.25,40.25,494.75,0.0,0.0,35.871527238863884,0.0,70166.0,0,0,0,49,UTAH
2487,490269,913.5,3290.4082331365425,0.2776251259039724,354.25,20.25,25.25,308.75,460.9796810284429,18.25,2.0,1.25,24.0,134.5,7.5,66.25,100.5,0.0,0.0,46.68242556643308,60.04725546200978,96415.0,0,0,0,49,UTAH
2501,490283,0.0,0.0,0.0,1134.75,252.0,74.75,808.0,1177.222421437336,24.25,227.75,0.0,74.75,181.25,75.25,235.25,316.25,0.0,0.0,42.47242143733583,0.0,102760.0,0,0,0,49,UTAH
2418,490200,378.0000000713242,1497.683462525151,0.2523897803037779,230.75000004353984,13.00000000245295,5.000000000943442,212.75000004014345,278.1852845647537,0.0,13.00000000245295,5.000000000943442,0.0,60.750000011462824,136.00000002566162,0.0,16.000000003019014,0.0,0.0,22.41559474065552,25.019689780558334,102760.0,1140,0,0,49,UTAH
2503,490285,4.98021655239217,14.164467164890718,0.35159928675160956,0.0,0.0,0.0,0.0,1.9178137018656025,0.0,0.0,0.0,0.0,0.0,0.0,0.0,0.0,0.7735883030708364,0.0,0.952485023190143,0.19174037560462276,87096.0,0,0,0,49,UTAH
2506,490288,113.02625949156966,414.8969242967304,0.2724200949022566,101.30231751909741,20.567687998940965,2.5290068984552847,78.20562262170115,116.43819506491322,16.629981864885117,3.9377061340558477,2.5125947279799457,0.01641217047533923,3.652669376601402,26.02686686710109,4.856715299478518,43.66937107852014,0.0,0.0,7.880186111878537,7.255691433937268,107045.0,0,0,0,49,UTAH
2514,490296,900.2337824129768,3303.3953145852743,0.2725177269696518,107.0030953069139,12.792723864278226,3.0383642876745935,91.1720071549611,203.40872664108596,10.522669804923645,2.270054059354583,2.003487662232945,1.0348766254416482,15.661304390886302,13.406072897414033,6.772669805537893,55.33196006112287,0.0,0.0,37.097382766944655,59.308248567227395,106434.0,3,0,0,49,UTAH
2512,490294,1.9737405637489327,7.430444569874174,0.26562886583546047,1394.447708288621,625.1823235674744,20.97099348983241,748.2943912313141,1445.8595667099473,517.1200277022203,108.06229586525407,19.737405637489328,1.233587852343083,67.84733187886957,95.97313491229185,64.39328589230892,520.0806385478438,0.0,0.0,51.41185842132643,0.0,107045.0,0,0,0,49,UTAH
2515,490297,127.75,471.7192347927752,0.2708178733820769,305.75,31.0,0.25,274.5,329.72133298500995,0.0,31.0,0.25,0.0,3.0,67.25,125.25,79.0,0.0,0.0,15.965032256741996,8.00630072826797,107045.0,958,0,0,49,UTAH
2519,490301,1138.2662239908457,4162.804710148777,0.27343733450089336,143.746905502893,12.207276203885192,10.961635774917315,120.57799352409046,265.7503270574586,6.477330230632959,5.729945973252233,0.9965123431743014,9.965123431743013,46.08869587181144,44.593927357049985,6.477330230632959,23.41804006459608,0.0,0.0,47.20613250252415,74.79728905204153,91670.0,966,0,0,49,UTAH
2518,490300,238.21329882210685,939.5972438409246,0.25352703020746276,0.0,0.0,0.0,0.0,24.632547032562623,0.0,0.0,0.0,0.0,0.0,0.0,0.0,0.0,0.0,0.0,8.768530608733649,15.864016423828975,91670.0,0,0,0,49,UTAH
2522,490304,342.25,1353.65108828466,0.2528347245180422,5.5,0.75,2.5,2.25,40.58154369895773,0.75,0.0,0.25,2.25,1.0,0.0,0.25,1.0,0.0,0.0,12.813964035855792,22.267579663101937,91670.0,0,0,0,49,UTAH
2521,490303,14.25,40.95829385547273,0.3479148826433832,0.0,0.0,0.0,0.0,5.252987142821394,0.0,0.0,0.0,0.0,0.0,0.0,0.0,0.0,0.0,0.0,4.50237789146624,0.7506092513551542,91670.0,0,0,0,49,UTAH
2526,490308,0.0,0.0,0.0,280.5,51.5,13.75,215.25,290.83612901525424,41.5,10.0,5.75,8.0,14.0,21.75,13.75,165.75,0.0,0.0,10.336129015254231,0.0,91670.0,0,0,0,49,UTAH
2513,490295,475.4860835240467,1421.966275179711,0.33438632956604675,545.4697222232109,373.0317343281972,27.710216118371086,144.72777177664253,613.9041703662278,132.14962278418076,240.88211154401648,4.7489910030308975,22.961225115340188,19.2651167586625,4.911173750234638,54.35718310118306,66.19429816656232,0.0,0.0,37.63879738026179,30.79565076275529,107045.0,0,0,0,49,UTAH
2516,490298,674.5139219346071,1652.2260668684355,0.4082455394333866,49.53027932859129,20.968266649114753,9.539784006139971,19.022228673336564,120.90971035850376,3.35037753551995,17.617889113594803,0.2510090093074365,9.288774996832533,1.2348832927989282,2.0888262744216695,1.3928170304152538,14.305702075700715,0.0,0.0,27.116012107861533,44.26341892205091,107045.0,0,0,0,49,UTAH
2517,490299,396.5,971.54673387641,0.40811212283941306,91.75,14.0,3.25,74.5,136.01259254818513,11.5,2.5,3.25,0.0,6.5,25.5,4.5,38.0,0.0,0.0,18.242115181314222,26.020477366870907,107045.0,0,0,0,49,UTAH
2520,490302,488.75,1199.726805321778,0.40738441271128606,267.25,50.5,12.0,204.75,336.5912692011892,46.25,4.25,11.25,0.75,16.5,24.5,11.25,152.5,0.0,0.0,37.31606628811728,32.02520291307188,107045.0,0,0,0,49,UTAH
2525,490307,202.25,648.5107726702482,0.3118683737006157,196.5,50.25,2.75,143.5,224.9499205525987,47.75,2.5,2.75,0.0,10.0,37.75,9.25,86.5,0.0,0.0,15.439681869163255,13.010238683435452,85040.0,0,0,0,49,UTAH
2523,490305,1145.25,2804.73563378937,0.40832725416359367,125.75,23.25,5.0,97.5,247.6182497602768,19.0,4.25,2.0,3.0,19.75,7.75,6.75,63.25,0.0,0.0,46.809180432764535,75.05906932751222,107045.0,0,0,0,49,UTAH
2527,490309,7.75,24.34683006407753,0.3183165931500347,0.0,0.0,0.0,0.0,0.8313133645628964,0.0,0.0,0.0,0.0,0.0,0.0,0.0,0.0,0.0,0.0,0.3308080438328564,0.50050532073004,107045.0,0,0,0,49,UTAH
2530,490312,744.5,1827.088956642106,0.4074787914915049,0.0,0.0,0.0,0.0,76.70494662666763,0.0,0.0,0.0,0.0,0.0,0.0,0.0,0.0,0.0,0.0,27.666354666026315,49.03859196064132,107045.0,0,0,0,49,UTAH
2535,490317,427.5,1373.4724117134583,0.3112548867775784,45.0,0.0,0.0,45.0,90.4211554220282,0.0,0.0,0.0,0.0,0.0,45.0,0.0,0.0,0.0,0.0,17.399102873090293,28.022052548937896,85040.0,511,0,0,49,UTAH
2536,490318,0.0,0.0,0.0,2078.750058000505,282.0000078682585,71.50000199496625,1725.2500481372801,2155.2915700093654,221.0000061662593,61.00000170199918,71.50000199496625,0.0,75.50000210657275,760.750021226162,101.50000283201503,787.5000219725304,0.0,0.0,76.5415120088605,0.0,87096.0,0,0,0,49,UTAH
2561,490343,331.0,1045.201412585883,0.3166853737607268,0.0,0.0,0.0,0.0,34.206315564259,0.0,0.0,0.0,0.0,0.0,0.0,0.0,0.0,0.0,0.0,12.188988561522084,22.01732700273692,96089.0,0,0,0,49,UTAH
2562,490344,232.0,690.9329255349082,0.33577789019156906,0.0,0.0,0.0,0.0,23.55582535669224,0.0,0.0,0.0,0.0,0.0,0.0,0.0,0.0,0.0,0.0,8.544011491189794,15.011813865502443,83312.0,0,0,0,49,UTAH
2578,490360,329.0,979.152262005057,0.3360049430170247,0.0,0.0,0.0,0.0,34.132666086545875,0.0,0.0,0.0,0.0,0.0,0.0,0.0,0.0,0.0,0.0,12.11533908380896,22.01732700273692,83312.0,0,0,0,49,UTAH
2577,490359,258.5,1151.9444094849978,0.2244031898341068,0.0,0.0,0.0,0.0,26.53409200441305,0.0,0.0,0.0,0.0,0.0,0.0,0.0,0.0,0.0,0.0,9.52070295684361,17.01338904756944,95907.0,0,0,0,49,UTAH
2576,490358,428.75,1463.189624663294,0.2930242210394726,73.0,45.75,11.0,16.25,119.4974002277117,45.75,0.0,11.0,0.0,8.0,0.0,0.25,8.0,0.0,0.0,18.475347678773804,28.022052548937896,95907.0,0,0,0,49,UTAH
2574,490356,330.5,1294.6749180668933,0.2552764368784379,0.0,0.0,0.0,0.0,33.93965163993688,0.0,0.0,0.0,0.0,0.0,0.0,0.0,0.0,0.0,0.0,12.172428612008352,21.76722302792853,96089.0,0,0,0,49,UTAH
2591,490373,56.0,219.11441446482928,0.2555742402286762,31.0,0.0,0.0,31.0,38.206902644654896,0.0,0.0,0.0,0.0,0.0,31.0,0.0,0.0,0.0,0.0,3.20375228052091,4.003150364133985,96089.0,850,0,0,49,UTAH
2592,490374,137.75,538.3944539917156,0.2558533041689162,75.0,1.0,0.0,74.0,91.842430316906,1.0,0.0,0.0,0.0,2.0,0.0,71.0,1.0,0.0,0.0,7.835341997604537,9.007088319301467,96086.0,0,0,0,49,UTAH
2597,490379,446.75,1336.0463528954783,0.33438211109352894,22.0,1.0,21.0,0.0,68.28070445959281,1.0,0.0,21.0,0.0,0.0,0.0,0.0,0.0,0.0,0.0,17.25786431962141,29.022840139971397,74290.0,0,0,0,49,UTAH
2590,490372,120.75,433.5812922630079,0.2784944880111519,36.75,5.75,1.25,29.75,50.266519019007816,5.75,0.0,1.25,0.0,3.75,5.25,3.5,17.25,0.0,0.0,5.760470995288143,7.756048023719675,93988.0,0,0,0,49,UTAH
2589,490371,662.25,2734.3546364071312,0.2421960894107645,0.0,0.0,0.0,0.0,67.4176542901223,0.0,0.0,0.0,0.0,0.0,0.0,0.0,0.0,0.0,0.0,24.38378787568196,43.03386641444034,93988.0,0,0,0,49,UTAH
2594,490376,163.5,680.7134680221855,0.2401891657514132,40.0,4.25,1.5,34.25,61.24662175000573,4.25,0.0,0.25,1.25,6.0,2.75,1.5,24.0,0.0,0.0,10.48806222344566,10.75855952656007,89516.0,0,0,0,49,UTAH
2595,490377,127.25,380.9079175296624,0.33407024150420994,25.75,6.0,0.5,19.25,39.55068376499936,4.25,1.75,0.5,0.0,0.0,3.25,6.0,10.0,0.0,0.0,5.794383036731395,8.00630072826797,83145.0,0,0,0,49,UTAH
2603,490385,82.0,236.4123528557775,0.34685158795413623,790.5,109.75,127.0,553.75,830.6475326842032,65.5,44.25,96.75,30.25,126.75,13.5,89.75,323.75,0.0,0.0,34.64219725078262,5.50533543342058,80705.0,0,0,0,49,UTAH
2602,490384,19.5,56.13315922189186,0.34738825090740705,1021.75,338.0,10.5,673.25,1061.355982282973,188.25,149.75,9.0,1.5,74.0,35.5,215.0,348.75,0.0,0.0,38.35494203157441,1.2510402513985164,80705.0,0,0,0,49,UTAH
2601,490383,296.5,869.4750136539204,0.34101037447180366,970.25,105.75,345.0,519.5,1035.9128276414422,100.5,5.25,311.0,34.0,111.75,60.75,58.0,289.0,0.0,0.0,46.6478634118057,19.014964229636437,80705.0,0,0,0,49,UTAH
2600,490382,148.0,353.96278618832395,0.4181230507131827,770.75,174.0,11.25,585.5,824.0871922659129,146.0,28.0,10.0,1.25,88.5,55.25,80.75,361.0,0.0,0.0,43.57942033038635,9.757771935526574,54694.0,0,0,0,49,UTAH
2599,490381,184.25,436.062966053658,0.4225307222657561,202.0,50.75,2.5,148.75,233.4930990619696,25.75,25.0,2.25,0.25,13.0,53.25,11.25,71.25,0.0,0.0,19.483647969567677,12.009451092401957,54694.0,0,0,0,49,UTAH
2598,490380,370.25,1364.142995442327,0.2714158275466902,89.0,7.0,0.0,82.0,129.9307064245961,7.0,0.0,0.0,0.0,0.0,35.0,20.0,27.0,0.0,0.0,16.911804239792197,24.018902184803917,66552.0,783,0,0,49,UTAH
2611,490393,110.5,317.3873925172931,0.34815497592261585,924.5,211.5,37.25,675.75,1007.1398201053564,103.25,108.25,36.5,0.75,48.75,245.75,83.5,297.75,0.0,0.0,75.38412867262701,7.255691432729542,76187.0,0,0,1617,49,UTAH
2610,490392,233.0,586.875766723268,0.39701758568243534,537.25,19.75,137.0,380.5,584.147865057523,17.75,2.0,7.75,129.25,73.75,194.75,45.5,66.5,0.0,0.0,31.886051192020595,15.011813865502443,67297.0,0,0,0,49,UTAH
2609,490391,217.75,525.3298773312724,0.4145014578386279,1198.25,124.5,41.25,1032.5,1268.190958807414,48.0,76.5,41.0,0.25,33.25,299.0,116.0,584.25,0.0,0.0,55.429427212215096,14.511531595198988,70166.0,0,0,0,49,UTAH
2616,490398,220.5,600.8777229803827,0.3669631799733052,1501.0,169.25,167.25,1164.5,1588.6769329873923,143.5,25.75,167.0,0.25,457.25,278.5,79.0,349.75,0.0,0.0,73.16555007775003,14.511382909642355,81410.0,609,0,0,49,UTAH
2615,490397,254.0,695.4168161677956,0.365248573365981,66.25,7.75,5.25,53.25,101.0548651611554,6.75,1.0,4.25,1.0,3.75,20.25,3.25,26.0,0.0,0.0,18.04172877395096,16.76313638720442,73538.0,0,0,0,49,UTAH
2608,490390,58.5,142.1232317845596,0.4116146196891893,317.5,64.0,5.25,248.25,337.5714525144859,60.75,3.25,5.25,0.0,17.75,41.0,23.5,166.0,0.0,0.0,16.068302150351855,4.003150364133985,82474.0,0,0,0,49,UTAH
2596,490378,600.25,1801.7226581937389,0.3331533836632559,1946.0,296.25,3.5,1646.25,2078.7681223036925,129.75,166.5,1.75,1.75,102.75,167.25,443.5,932.75,0.0,0.0,93.737406253386,39.03071605030636,74290.0,0,0,0,49,UTAH
2606,490388,146.5,549.9086979147698,0.26640786107861486,162.0,50.5,9.5,102.0,182.61115988801757,27.5,23.0,1.5,8.0,1.0,82.0,2.5,16.5,0.0,0.0,11.353967593907678,9.257192294109856,77253.0,0,2002,0,49,UTAH
2614,490396,133.5,336.0123223705592,0.39730685785021386,237.5,30.75,18.25,188.5,260.1639552130197,24.5,6.25,18.25,0.0,14.0,74.75,10.75,89.0,0.0,0.0,13.656866893718208,9.007088319301467,68933.0,0,0,0,49,UTAH
2612,490394,149.5,566.0403226673071,0.2641154596469788,78.0,0.0,0.0,78.0,96.38466811424792,0.0,0.0,0.0,0.0,5.0,73.0,0.0,0.0,0.0,0.0,8.376792203912977,10.007875910334963,77253.0,477,125,0,49,UTAH
2605,490387,347.25,1301.285554309312,0.2668514983894608,73.0,7.25,4.25,61.5,112.24500336291874,6.25,1.0,2.75,1.5,12.75,9.5,6.75,32.5,0.0,0.0,16.22688876914832,23.018114593770413,77253.0,0,0,0,49,UTAH
2539,490321,43.5,168.13969556163002,0.2587134457136892,0.0,0.0,0.0,0.0,4.603652676725602,0.0,0.0,0.0,0.0,0.0,0.0,0.0,0.0,0.0,0.0,1.601289903625113,3.002362773100489,112546.0,0,0,0,49,UTAH
2538,490320,229.25,891.6134622322843,0.25711814559869833,13.0,0.0,0.0,13.0,37.4317280476337,0.0,0.0,0.0,0.0,0.0,13.0,0.0,0.0,0.0,0.0,9.419914182131258,15.011813865502443,112546.0,0,0,0,49,UTAH
2537,490319,183.75,693.3674328690491,0.26501100468429906,0.0,0.0,0.0,0.0,19.276204684862986,0.0,0.0,0.0,0.0,0.0,0.0,0.0,0.0,0.0,0.0,7.266753592461029,12.009451092401957,77253.0,0,0,0,49,UTAH
2542,490324,201.25,516.1916161071691,0.38987460028451426,3.25,1.5,0.25,1.5,23.79482756005744,1.5,0.0,0.25,0.0,0.0,0.25,0.25,1.0,0.0,0.0,7.534588876621989,13.010238683435452,93596.0,0,0,0,49,UTAH
2679,490461,230.5,657.6388723553782,0.3504963129299955,96.0,0.0,0.0,96.0,123.0365990645923,0.0,0.0,0.0,0.0,0.0,96.0,0.0,0.0,0.0,0.0,12.02478519908984,15.011813865502443,71196.0,0,1332,0,49,UTAH
2678,490460,257.0,794.2638623333078,0.3235700529607522,48.0,0.0,0.0,48.0,76.2449343988209,0.0,0.0,0.0,0.0,0.0,48.0,0.0,0.0,0.0,0.0,11.231545351251468,17.01338904756944,66634.0,718,0,0,49,UTAH
2686,490468,351.75,1358.0788864016356,0.25900557288832937,0.0,0.0,0.0,0.0,38.71673551921531,0.0,0.0,0.0,0.0,0.0,0.0,0.0,0.0,0.0,0.0,15.6986209254449,23.018114593770413,129697.0,0,0,0,49,UTAH
2684,490466,270.0,653.135098161369,0.41339073762851364,0.0,0.0,0.0,0.0,27.955683656604045,0.0,0.0,0.0,0.0,0.0,0.0,0.0,0.0,0.0,0.0,9.941507018001108,18.014176638602937,86845.0,0,0,0,49,UTAH
2683,490465,183.5,743.5706030308302,0.24678221442865683,0.0,0.0,0.0,0.0,18.768549382487144,0.0,0.0,0.0,0.0,0.0,0.0,0.0,0.0,0.0,0.0,6.759098290085188,12.009451092401957,89000.0,0,0,0,49,UTAH
2617,490399,460.75,1536.8890493415431,0.2997939247451866,3.0,0.0,3.0,0.0,50.1003074096967,0.0,0.0,3.0,0.0,0.0,0.0,0.0,0.0,0.0,0.0,17.076679678691807,30.02362773100489,89230.0,0,0,0,49,UTAH
2540,490322,317.0,830.3044136473675,0.3817876850822459,339.25,36.25,7.25,295.75,392.1757834647784,25.0,11.25,5.75,1.5,26.5,120.25,41.5,107.5,0.0,0.0,31.909244053075007,21.016539411703427,77804.0,0,0,0,49,UTAH
2620,490402,323.0,983.2923820282824,0.32848825629436185,0.0,0.0,0.0,0.0,32.91110174203706,0.0,0.0,0.0,0.0,0.0,0.0,0.0,0.0,0.0,0.0,11.894562330333637,21.016539411703427,96918.0,0,0,0,49,UTAH
2621,490403,290.5,1140.399536043474,0.25473528427402453,0.0,0.0,0.0,0.0,93.70621198224836,0.0,0.0,0.0,0.0,0.0,0.0,0.0,0.0,0.0,63.995169077202895,10.696078675409028,19.014964229636437,89205.0,0,0,0,49,UTAH
2685,490467,256.74998398047126,822.3477009323776,0.31221584700652555,0.0,0.0,0.0,0.0,26.715253015201412,0.0,0.0,0.0,0.0,0.0,0.0,0.0,0.0,0.0,0.0,9.701865029156705,17.013387986044705,86845.0,0,0,0,49,UTAH
2622,490404,226.24999964771024,843.2266514889114,0.268314573843478,0.0,0.0,0.0,0.0,23.063375037870905,0.0,0.0,0.0,0.0,0.0,0.0,0.0,0.0,0.0,0.0,8.302036861961403,14.761338175909504,103369.0,0,0,0,49,UTAH
2628,490410,235.24999983213206,803.6146170746733,0.2927398218420811,0.0,0.0,0.0,0.0,40.266950271024506,0.0,0.0,0.0,0.0,0.0,0.0,0.0,0.0,0.0,9.845410619296425,15.159547501621102,15.261992150106973,123639.0,0,0,0,49,UTAH
2627,490409,131.0,491.32619240535735,0.2666253133354663,147.0,0.0,0.0,147.0,166.24436572142574,0.0,0.0,0.0,0.0,0.0,147.0,0.0,0.0,0.0,0.0,10.237277402124288,9.007088319301467,103369.0,0,0,2989,49,UTAH
2626,490408,455.0,1826.727380242817,0.2490793125022954,120.75,1.25,0.0,119.5,171.9697397173935,1.25,0.0,0.0,0.0,35.75,34.0,1.25,48.5,0.0,0.0,21.196111986388622,30.02362773100489,132678.0,999,0,0,49,UTAH
2636,490418,76.5,261.97676941620944,0.2920106243407499,1376.25,536.5,21.0,818.75,1437.01431674516,401.0,135.5,20.5,0.5,72.0,79.75,169.0,498.0,0.0,0.0,56.01040839993089,4.7539083452290445,127755.0,0,0,0,49,UTAH
2635,490417,161.0,553.5804551526401,0.2908339673148451,477.75,59.5,2.5,415.75,512.270046338966,56.25,3.25,2.25,0.25,31.75,96.25,95.75,192.0,0.0,0.0,23.511382837597623,11.008663501368458,123256.0,647,78,0,49,UTAH
2634,490416,316.75,766.9285153700658,0.4130111133593184,84.0,0.0,0.0,84.0,119.53664603856085,0.0,0.0,0.0,0.0,12.75,0.0,0.0,71.25,0.0,0.0,14.770284922352472,20.76636111620836,103369.0,0,0,0,49,UTAH
2633,490415,362.0,1454.9587319507773,0.24880430767588727,206.75,44.5,9.5,152.75,251.71771199448477,12.75,31.75,0.25,9.25,14.25,4.5,78.75,55.25,0.0,0.0,20.948809809680828,24.018902184803917,132678.0,0,0,0,49,UTAH
2625,490407,304.5,1223.9769470112956,0.24877919534638906,123.75,14.5,0.25,109.0,160.04678667200778,12.5,2.0,0.25,0.0,13.75,13.75,7.5,74.0,0.0,0.0,16.281034851337857,20.01575182066993,132678.0,0,0,0,49,UTAH
2644,490426,139.5,377.4994745266905,0.3695369382299282,0.0,0.0,0.0,0.0,14.799384511899708,0.0,0.0,0.0,0.0,0.0,0.0,0.0,0.0,1.0096597039631057,0.0,4.785981714834588,9.003743093102015,152001.0,0,0,0,49,UTAH
2645,490427,0.0,0.0,0.0,1143.0,0.0,1143.0,0.0,1185.0906765130503,0.0,0.0,1138.0,5.0,0.0,0.0,0.0,0.0,0.0,0.0,42.09067651305058,0.0,152001.0,0,0,0,49,UTAH
2643,490425,25.75,65.86023277634422,0.3909794866265478,141.0,0.0,0.0,141.0,190.25621801768636,0.0,0.0,0.0,0.0,0.0,141.0,0.0,0.0,0.0,0.0,47.504449395131175,1.7517686225551397,109972.0,799,0,0,49,UTAH
2642,490424,520.0,1425.652523572713,0.3647452597333254,56.0,6.0,0.0,50.0,111.48917182945344,5.0,1.0,0.0,0.0,4.0,5.75,4.75,35.5,0.0,0.0,21.462393734314556,34.02677809513888,109972.0,0,0,0,49,UTAH
2632,490414,153.25,614.7168086991526,0.24930178877702008,222.0,4.0,52.0,166.0,246.576402086176,4.0,0.0,0.0,52.0,12.0,0.0,0.0,154.0,0.0,0.0,14.568526175840974,10.007875910334963,132678.0,0,0,0,49,UTAH
2656,490438,572.0,2005.0531118218232,0.28527922608507444,0.0,0.0,0.0,0.0,632.0913574362843,0.0,0.0,0.0,0.0,0.0,0.0,0.0,0.0,0.0,0.0,594.8039341365062,37.287423299778105,128261.0,0,0,0,49,UTAH
2655,490437,287.5,796.8989381890746,0.3607734760612605,0.0,0.0,0.0,0.0,132.07857814407478,0.0,0.0,0.0,0.0,0.0,0.0,0.0,0.0,0.0,0.0,113.31416390173337,18.764414242341427,109972.0,0,0,0,49,UTAH
2624,490406,648.5,1883.3766347990388,0.3443283664125931,0.0,0.0,0.0,0.0,65.91241400946514,0.0,0.0,0.0,0.0,0.0,0.0,0.0,0.0,0.0,0.0,23.87933518605829,42.033078823406846,51324.0,0,0,0,49,UTAH
2623,490405,17.25,49.25120783603806,0.3502452174863789,1094.5,34.0,5.75,1054.75,1136.4281886461858,29.0,5.0,5.5,0.25,134.75,43.25,720.25,156.5,0.0,0.0,40.92740109933554,1.0007875468502214,51324.0,0,0,0,49,UTAH
2618,490400,268.0,716.7950273693326,0.3738865223208524,3092.75,279.5,458.75,2354.5,3234.539700902174,241.5,38.0,21.0,437.75,1309.25,194.0,276.25,575.0,0.0,0.0,123.77552426357111,18.014176638602937,51324.0,0,0,0,49,UTAH
2550,490332,0.0,0.0,0.0,4070.25,385.75,156.0,3528.5,4220.1052022964805,319.25,66.5,34.5,121.5,1065.5,277.0,511.75,1674.25,0.0,0.0,149.85520229648088,0.0,75570.0,0,0,0,49,UTAH
2631,490413,0.9999999998775219,0.9999999998775219,1.0,1613.249999802412,336.99999995872486,6.999999999142653,1269.2499998445446,1672.6846754999342,110.49999998646616,226.4999999722587,5.749999999295751,1.2499999998469022,208.24999997449393,115.99999998579254,207.99999997452454,736.9999999097336,0.0,0.0,59.434675697522316,0.0,51324.0,698,0,0,49,UTAH
2629,490411,0.0,0.0,0.0,966.5,376.0,9.0,581.5,1002.0796315439602,72.0,304.0,7.5,1.5,44.75,34.0,98.75,404.0,0.0,0.0,35.57963154396024,0.0,51324.0,0,0,0,49,UTAH
2543,490325,274.25,829.4864097778723,0.330626272796249,839.75,114.75,219.25,505.75,1154.8046733049405,104.25,10.5,125.75,93.5,52.75,54.5,71.5,327.0,0.0,255.98067636992104,41.05982029641647,18.014176638602937,74404.0,0,0,0,49,UTAH
2547,490329,0.0,0.0,0.0,377.0,90.0,3.75,283.25,390.8899569958914,45.5,44.5,3.5,0.25,17.75,21.75,26.25,217.5,0.0,0.0,13.8899569958914,0.0,75570.0,0,0,0,49,UTAH
2546,490328,230.25,770.0484976477271,0.29900714137271406,34.25,28.0,1.0,5.25,59.002793179018056,28.0,0.0,0.0,1.0,0.0,0.0,0.25,5.0,0.0,0.0,9.740979313515618,15.011813865502443,75570.0,0,0,0,49,UTAH
2545,490327,4.0,12.530061339751605,0.3192322760073013,284.0,0.0,0.0,284.0,294.8564641697111,0.0,0.0,0.0,0.0,0.0,284.0,0.0,0.0,0.0,0.0,10.606211509346108,0.2502526603650199,75570.0,0,0,0,49,UTAH
2544,490326,421.25,1357.0851384789946,0.3104079383494923,27.5,3.25,3.0,21.25,72.04686154158459,3.0,0.25,1.0,2.0,2.0,1.25,0.5,17.5,0.0,0.0,16.524808992646694,28.022052548937896,85040.0,0,0,0,49,UTAH
2541,490323,265.0,1110.0602736491524,0.2387257757895013,49.0,0.0,0.0,49.0,77.5733411236854,0.0,0.0,0.0,0.0,0.0,49.0,0.0,0.0,0.0,0.0,11.559952076115955,17.01338904756944,93596.0,669,0,0,49,UTAH
2549,490331,499.25,1320.1652343339572,0.3781723582895886,2583.25,155.75,55.5,2372.0,2729.024358025112,98.0,57.75,54.5,1.0,909.5,131.25,120.25,1211.0,0.0,0.0,113.2488732835694,32.52548474154259,75570.0,0,0,0,49,UTAH
2548,490330,0.0,0.0,0.0,536.5,47.25,10.0,479.25,556.2578075811397,38.5,8.75,9.0,1.0,178.25,49.25,69.25,182.5,0.0,0.0,19.757807581139687,0.0,75570.0,0,0,0,49,UTAH
2551,490333,0.0,0.0,0.0,572.5,29.5,7.25,535.75,593.5770618398203,25.75,3.75,6.5,0.75,354.0,31.25,37.75,112.75,0.0,0.0,21.07706183982031,0.0,75570.0,0,0,0,49,UTAH
2554,490336,146.5,469.27316967119793,0.312184905228328,422.5,52.25,7.25,363.0,453.4520265755296,42.5,9.75,6.75,0.5,40.0,61.0,67.0,195.0,0.0,0.0,20.94415066519464,10.007875910334963,85040.0,0,0,0,49,UTAH
2556,490338,0.0,0.0,0.0,924.75,383.25,11.25,530.25,958.8091826290928,105.5,277.75,3.75,7.5,236.0,27.25,91.25,175.75,0.0,0.0,34.05918262909286,0.0,72767.0,0,0,0,49,UTAH
2557,490339,664.25,2179.7403175658737,0.3047381353856734,1346.75,315.75,132.5,898.5,1463.855421693096,287.5,28.25,58.25,74.25,481.75,63.75,142.5,210.5,0.0,0.0,74.0715552786555,43.03386641444034,72767.0,0,0,0,49,UTAH
2558,490340,1.9999999639342683,4.764651006703911,0.41975791324910233,45.74999917499639,7.249999869261723,3.749999932376753,34.74999937335791,47.506243304753475,6.749999878278155,0.49999999098356707,2.9999999459014024,0.7499999864753506,3.9999999278685365,7.249999869261723,3.9999999278685365,19.499999648359115,0.0,0.0,1.7562441297570879,0.0,72767.0,0,0,0,49,UTAH
2641,490423,701.0,1921.3629634699037,0.36484517154115553,0.0,0.0,0.0,0.0,73.09710555182677,0.0,0.0,0.0,0.0,0.0,0.0,0.0,0.0,0.0,0.0,27.060876364285942,46.036229187540826,109972.0,0,0,0,49,UTAH
2649,490431,107.25,292.4820912900224,0.3666891177061912,0.0,0.0,0.0,0.0,10.95710349857441,0.0,0.0,0.0,0.0,0.0,0.0,0.0,0.0,0.0,0.0,3.951590361339936,7.005513137234474,109972.0,0,0,0,49,UTAH
2637,490419,0.0,0.0,0.0,2272.0000057638013,338.75000085936955,13.000000032979495,1920.250004871452,2355.675592542161,71.75000018202145,267.0000006773481,11.500000029174169,1.5000000038053263,1455.7500036930692,60.000000152213055,141.50000035896912,263.00000066720054,0.0,0.0,83.67558677835987,0.0,100955.0,0,0,0,49,UTAH
2652,490434,352.75,965.3506048853252,0.36541127981362115,34.0,0.0,0.0,34.0,71.50936735016245,0.0,0.0,0.0,0.0,0.0,34.0,0.0,0.0,0.0,0.0,14.491252756392049,23.018114593770413,109972.0,710,0,0,49,UTAH
2647,490429,633.0000001659042,1938.6061971735007,0.3265232521637566,0.0,0.0,0.0,0.0,64.34377306803145,0.0,0.0,0.0,0.0,0.0,0.0,0.0,0.0,0.0,0.0,23.31148182490388,41.03229124312759,101097.0,0,0,0,49,UTAH
2651,490433,231.49999990412132,709.3252944861795,0.3263664805183849,0.0,0.0,0.0,0.0,23.534482892504304,0.0,0.0,0.0,0.0,0.0,0.0,0.0,0.0,0.0,0.0,8.522669033219193,15.011813859285109,101939.0,0,0,0,49,UTAH
2650,490432,528.25,1400.5633535456266,0.37716965724020785,7.0,1.5,2.25,3.25,433.6542284999015,1.5,0.0,2.25,0.0,1.0,0.25,0.0,2.0,1.0096597039631057,0.0,391.3699916393102,34.274577156628204,100955.0,0,0,0,49,UTAH
2653,490435,22.5,60.53946273132472,0.37165840238548903,179.5,36.75,76.0,66.75,188.4554377260468,36.75,0.0,74.5,1.5,17.75,6.5,3.5,39.0,0.0,0.0,7.453921763856635,1.5015159621901195,109972.0,0,0,0,49,UTAH
2711,490493,467.75,1383.0828453833988,0.33819376876902624,257.25,24.0,49.0,184.25,315.2455343098316,23.0,1.0,12.25,36.75,77.25,37.75,19.75,49.5,0.0,0.0,27.221297283288283,30.77423702654332,140614.0,927,0,0,49,UTAH
2707,490489,378.5,1151.6444601414296,0.3286604617136071,389.0,99.75,26.0,263.25,478.9761513319307,70.75,29.0,2.0,24.0,12.0,13.25,54.0,184.0,0.0,0.0,65.20701163175481,24.76913970017585,127394.0,0,0,0,49,UTAH
2714,490496,201.25,557.6600149205192,0.3608829656339683,0.0,0.0,0.0,0.0,20.421260298234607,0.0,0.0,0.0,0.0,0.0,0.0,0.0,0.0,0.0,0.0,7.411021614799153,13.010238683435452,141904.0,0,0,0,49,UTAH
2708,490490,105.0,369.9457473147973,0.28382540078411156,57.75,15.5,3.25,39.0,70.74869646622396,15.5,0.0,0.0,3.25,0.0,0.0,0.0,39.0,0.0,0.0,5.993183328989484,7.005513137234474,132626.0,0,0,0,49,UTAH
2709,490491,75.75,265.8196824147319,0.28496761154734523,0.0,0.0,0.0,0.0,7.791946881045793,0.0,0.0,0.0,0.0,0.0,0.0,0.0,0.0,0.0,0.0,2.7880089258783114,5.003937955167482,132626.0,0,0,0,49,UTAH
2706,490488,20.75,59.22577928722073,0.3503541911938552,0.0,0.0,0.0,0.0,2.2664518046454605,0.0,0.0,0.0,0.0,0.0,0.0,0.0,0.0,0.0,0.0,1.2656642136119645,1.0007875910334962,152001.0,0,0,0,49,UTAH
2699,490481,346.5,1370.3456438258763,0.25285591380624567,0.0,0.0,0.0,0.0,35.53582284167557,0.0,0.0,0.0,0.0,0.0,0.0,0.0,0.0,0.0,0.0,12.767812222713548,22.768010618962023,137505.0,0,0,0,49,UTAH
2702,490484,484.5,1429.3587981541082,0.3389631774930755,1252.75,479.5,79.5,693.75,1366.5434669167205,245.5,234.0,6.5,73.0,43.25,213.25,74.0,363.25,0.0,0.0,82.26839754421209,31.52506937250833,132959.0,0,0,0,49,UTAH
2690,490472,347.0,1189.067144327039,0.29182540418807645,61.0,0.0,0.0,61.0,99.0426080472478,0.0,0.0,0.0,0.0,0.0,61.0,0.0,0.0,0.0,0.0,15.024493453477373,23.018114593770413,123845.0,0,1194,0,49,UTAH
2691,490473,221.0,703.6649377896123,0.31406993319038506,96.0,16.75,26.5,52.75,121.9363149546185,14.75,2.0,2.0,24.5,3.75,7.0,3.0,39.0,0.0,0.0,11.675036019784525,14.261278934833967,111764.0,0,0,0,49,UTAH
2689,490471,150.0,513.3207320571232,0.2922149654834275,0.0,0.0,0.0,0.0,15.531586738819293,0.0,0.0,0.0,0.0,0.0,0.0,0.0,0.0,0.0,0.0,5.523710828484328,10.007875910334963,123233.0,0,0,0,49,UTAH
2703,490485,241.25,769.2990892521932,0.3135971475470094,568.25,78.75,109.5,380.0,614.0758297224029,29.75,49.0,1.0,108.5,55.25,22.0,49.75,253.0,0.0,0.0,29.813228265867007,16.01260145653594,112892.0,0,0,0,49,UTAH
2704,490486,224.0,939.812003696404,0.23834554051127096,0.0,0.0,0.0,0.0,23.260555369372373,0.0,0.0,0.0,0.0,0.0,0.0,0.0,0.0,0.0,0.0,8.24874150386993,15.011813865502443,109118.0,0,0,0,49,UTAH
2705,490487,342.5,1260.134053427119,0.27179647996062095,88.0,0.0,0.25,87.75,125.87188504290924,0.0,0.0,0.25,0.0,30.5,2.25,0.0,55.0,0.0,0.0,15.854558040172307,22.01732700273692,85589.0,0,0,0,49,UTAH
2710,490492,121.25,422.5962616610906,0.28691687788104203,14.0,0.0,1.0,13.0,26.98688957853402,0.0,0.0,1.0,0.0,5.0,4.0,2.0,2.0,0.0,0.0,4.980588850266049,8.00630072826797,132626.0,0,0,0,49,UTAH
2698,490480,379.5,1281.9301703727688,0.29603796585085934,103.75,0.0,13.0,90.75,146.5676315965643,0.0,0.0,13.0,0.0,17.5,49.25,1.0,23.0,0.0,0.0,17.797941820726898,25.01968977583741,92729.0,0,0,0,49,UTAH
2692,490474,398.25,1244.9277117320005,0.3198980922723106,171.25,47.0,0.75,123.5,224.180188725566,0.0,47.0,0.0,0.75,0.0,123.0,0.25,0.25,0.0,0.0,26.91008305049505,26.020105675070965,112892.0,0,0,2537,49,UTAH
2694,490476,355.0,1335.527371666623,0.26581259772833454,87.0,1.0,9.0,77.0,126.29524327518274,0.0,1.0,8.0,1.0,44.0,4.0,11.0,18.0,0.0,0.0,16.277128681412325,23.018114593770413,117955.0,0,0,0,49,UTAH
2695,490477,439.5,1423.7284959164444,0.3086964974435641,0.0,0.0,0.0,0.0,50.97824556410533,0.0,0.0,0.0,0.0,0.0,0.0,0.0,0.0,0.0,0.0,22.205435034072373,28.77281053003296,85999.0,0,0,0,49,UTAH
2787,490569,394.25,1209.630275861473,0.32592603530795683,1897.5,154.75,147.75,1595.0,2143.4749380542585,125.75,29.0,36.0,111.75,76.75,404.5,679.75,434.0,2.019319407926212,0.0,218.18658284989704,25.76903579643541,91242.0,0,0,0,49,UTAH
2677,490459,332.5,1141.1679542118109,0.29136815380489123,109.0,1.0,2.0,106.0,148.56510259250686,1.0,0.0,0.0,2.0,6.0,1.0,0.0,99.0,0.0,0.0,18.048057860073385,21.517044732433465,91242.0,0,0,0,49,UTAH
2671,490453,461.5,1505.386754013784,0.3065657371898028,172.25,13.0,66.5,92.75,227.6144506659438,12.0,1.0,1.0,65.5,21.0,10.25,20.25,41.25,0.0,0.0,25.340822934938892,30.02362773100489,68889.0,0,0,0,49,UTAH
2670,490452,434.0,1232.9795682096296,0.35199285632137245,720.0,3.0,24.0,693.0,791.7644642614221,2.0,1.0,20.0,4.0,4.0,386.0,3.0,300.0,0.0,0.0,43.49223341698904,28.27223084443296,59008.0,866,0,0,49,UTAH
2783,490565,575.0,1516.3609959935577,0.37919730296362947,231.0,0.0,3.0,228.0,298.2213607042356,0.0,0.0,2.0,1.0,27.0,153.0,1.0,47.0,0.0,0.0,29.691788880136112,37.52957182409945,80035.0,0,0,2393,49,UTAH
2788,490570,596.5,2005.7942467300013,0.29738842903376544,374.0,0.0,0.0,374.0,448.7822781289016,0.0,0.0,0.0,0.0,0.0,374.0,0.0,0.0,0.0,0.0,35.751339028168644,39.03093910073294,117317.0,576,327,0,49,UTAH
2672,490454,342.0,970.9581763869384,0.3522293836307414,418.0,37.5,3.25,377.25,468.4966837280805,32.5,5.0,3.0,0.25,25.25,44.25,40.75,267.0,0.0,0.0,28.22925275053517,22.267430977545303,71196.0,0,0,0,49,UTAH
2661,490443,326.0,761.203811175666,0.4282690065575193,1622.5,677.75,190.0,754.75,1763.9597105450007,199.5,478.25,135.75,54.25,86.5,65.0,144.25,459.0,0.0,0.0,119.9429631836804,21.5167473613202,36579.0,0,0,0,49,UTAH
2669,490451,533.25,1959.580324090983,0.2721245939471075,547.0,146.5,9.75,390.75,621.8062823129635,83.25,63.25,6.5,3.25,19.75,27.0,101.75,242.25,0.0,0.0,39.7787166267911,35.027565686172366,82722.0,0,0,0,49,UTAH
2667,490449,250.75,695.8588751679728,0.3603460542764101,305.0,23.0,7.25,274.75,341.48092308099893,23.0,0.0,0.0,7.25,18.5,42.25,168.0,46.0,0.0,0.0,20.468321624463,16.01260145653594,57297.0,0,0,0,49,UTAH
2668,490450,222.0,400.7806741070073,0.5539189245954674,622.5,30.0,200.5,392.0,668.3622102142864,28.0,2.0,23.25,177.25,22.75,77.25,125.0,167.0,0.0,0.0,31.10050032359237,14.761709890694052,38529.0,453,0,0,49,UTAH
2779,490561,769.25,2687.91720918223,0.2861881301150775,384.5,31.0,18.0,335.5,506.5657989647394,30.75,0.25,14.0,4.0,112.25,42.0,80.25,101.0,0.0,29.536231875910044,42.49018753715456,50.03937955167482,75176.0,519,22,174,49,UTAH
2664,490446,369.75,849.4183914630769,0.4352978505246699,1714.25,430.5,262.25,1021.5,1837.789195242968,223.0,207.5,36.25,226.0,173.25,87.0,146.75,614.5,0.0,0.0,99.27004039779898,24.26915484516893,36579.0,0,0,0,49,UTAH
2665,490447,18.0,47.0312176947167,0.38272451538123897,1845.25,311.0,523.5,1010.75,1918.557768034926,280.0,31.0,15.0,508.5,125.25,242.5,202.5,440.5,0.0,0.0,72.30698044389258,1.0007875910334962,55929.0,0,0,0,49,UTAH
2666,490448,180.0,340.3386511324656,0.5288849779508027,891.5,273.25,225.75,392.5,946.4628013622316,151.25,122.0,84.0,141.75,47.25,9.25,84.5,251.5,0.0,0.0,43.203602930194826,11.759198432036936,38900.0,0,0,0,49,UTAH
2770,490552,481.0,1127.46715160195,0.42661996787806733,1110.5,324.5,21.0,765.0,1200.1308234027697,63.5,261.0,19.0,2.0,434.5,59.0,203.75,67.75,0.0,0.0,58.60640808073117,31.024415322038383,51709.0,0,0,0,49,UTAH
2658,490440,381.0,952.8326063070708,0.3998603715679463,329.0,20.75,82.0,226.25,389.6150463389872,19.75,1.0,6.75,75.25,14.0,113.25,24.5,74.5,0.0,0.0,35.845386173088244,24.769660165898976,57339.0,743,0,0,49,UTAH
2659,490441,96.0,249.45251234300696,0.3848427867024095,1096.25,120.75,404.25,571.25,1154.5122748984172,108.75,12.0,13.0,391.25,87.75,81.75,88.0,313.75,0.0,0.0,52.00707364142451,6.255201256992581,56267.0,0,0,0,49,UTAH
2755,490537,55.0,137.42949724963523,0.4002052041280096,1005.0,60.75,236.5,707.75,1047.4585335309089,5.5,55.25,212.0,24.5,528.25,58.0,21.75,99.75,0.0,0.0,38.95588857587143,3.5026449550373955,67267.0,411,0,100,49,UTAH
2748,490530,29.75,85.9568076917258,0.3461040585254742,2323.75,240.5,559.0,1524.25,2437.147047441829,174.0,66.5,130.0,429.0,738.75,72.5,115.5,597.5,0.0,0.0,111.64572492012688,1.7513225217019728,60581.0,0,0,0,49,UTAH
2757,490539,505.0,1196.87660444072,0.42193154927276555,395.75,38.75,4.0,353.0,505.2350187081603,21.5,17.25,1.5,2.5,185.0,25.25,7.5,135.25,0.0,0.0,76.45917684542827,33.02584186273202,58545.0,0,0,0,49,UTAH
2663,490445,141.0,323.4669721131989,0.43590230890916537,1976.25,1315.0,63.25,598.0,2064.883947145174,696.75,618.25,2.75,60.5,90.5,50.0,137.0,320.5,0.0,0.0,79.62685882587216,9.007088319301467,36579.0,0,0,0,49,UTAH
2604,490386,214.0,625.0114624368015,0.34239372053378747,341.0,71.25,17.0,252.75,375.4528667683207,62.25,9.0,8.0,9.0,20.5,20.25,17.0,195.0,0.0,0.0,20.441840493851743,14.011026274468948,80705.0,0,0,0,49,UTAH
2588,490370,21.5,54.898469077760375,0.39163205024071884,0.0,0.0,0.0,0.0,2.283232161214837,0.0,0.0,0.0,0.0,0.0,0.0,0.0,0.0,0.0,0.0,0.7821622998778841,1.5010698613369529,83312.0,0,0,0,49,UTAH
2583,490365,544.7527062716846,1678.724959093713,0.3245038463988634,17.31308959055041,0.9753853290450933,6.096158306531834,10.24154595497348,141.82072931777037,0.9753853290450933,0.0,0.0,6.096158306531834,9.266160625928388,0.0,0.0,0.9753853290450933,0.0,0.0,88.87843444627829,35.629205280941676,83312.0,0,0,0,49,UTAH
2657,490439,113.0,283.71779699136096,0.39828308692048947,820.75,441.5,90.25,289.0,862.8883979559203,290.25,151.25,6.0,84.25,22.0,22.0,18.5,226.5,0.0,0.0,35.132884818685774,7.005513137234474,55929.0,0,0,0,49,UTAH
2564,490346,174.86591363227842,524.112695981163,0.33364181973291335,0.0,0.0,0.0,0.0,48.60892548216572,0.0,0.0,0.0,0.0,0.0,0.0,0.0,0.0,0.6449500149450382,0.0,36.776409644927234,11.187565822293443,83312.0,0,0,0,49,UTAH
2571,490353,0.0,0.0,0.0,1392.0,293.0,626.0,473.0,1443.2618799399083,290.75,2.25,314.0,312.0,356.25,16.25,12.25,88.25,0.0,0.0,51.26187993990845,0.0,83312.0,0,0,0,49,UTAH
2569,490351,3.0,7.607751821040376,0.39433463006811703,354.25,0.0,229.5,124.75,367.4056808764229,0.0,0.0,63.0,166.5,121.75,2.0,1.0,0.0,0.0,0.0,13.155680876422856,0.0,83312.0,0,0,0,49,UTAH
2730,490512,0.0,0.0,0.0,1340.75,335.5,14.5,990.75,1390.133867675611,320.25,15.25,10.25,4.25,709.75,50.25,57.75,173.0,0.0,0.0,49.383867675611086,0.0,83312.0,0,0,0,49,UTAH
2729,490511,0.0,0.0,0.0,3265.0,317.25,744.5,2203.25,3385.224990775421,288.5,28.75,314.25,430.25,1224.75,24.25,29.75,924.5,0.0,0.0,120.22499077542103,0.0,83312.0,0,0,0,49,UTAH
2726,490508,0.0,0.0,0.0,204.0,0.0,172.25,31.75,211.51224672673868,0.0,0.0,130.0,42.25,17.75,0.0,0.0,14.0,0.0,0.0,7.512246726738686,0.0,83312.0,0,0,0,49,UTAH
2566,490348,4.0,10.450852549456526,0.38274389396183867,791.75,29.0,516.0,246.75,821.0520705519226,26.0,3.0,134.0,382.0,135.5,59.0,11.25,41.0,0.0,0.0,29.302070551922665,0.0,83312.0,0,0,0,49,UTAH
2784,490566,381.5,1238.5441359560884,0.3080229350934699,49.0,1.0,0.0,48.0,89.87307534273903,0.0,1.0,0.0,0.0,18.0,2.0,19.0,9.0,0.0,0.0,15.853385566901624,25.01968977583741,79428.0,0,0,0,49,UTAH
2786,490568,242.25,890.3144090398606,0.2720948886598938,48.0,0.0,0.0,48.0,75.9331235997968,0.0,0.0,0.0,0.0,14.0,1.0,0.0,33.0,0.0,0.0,11.920596508130808,16.012527091665987,85941.0,0,0,0,49,UTAH
2772,490554,427.5,1278.7825207500566,0.3343023485723392,163.0,1.0,0.5,161.5,213.2723347771276,0.0,1.0,0.0,0.5,84.5,59.0,3.0,15.0,0.0,0.0,22.25028222818973,28.022052548937896,67702.0,820,0,0,49,UTAH
2768,490550,23.75,38.95589022407253,0.6096639009759773,665.25,46.5,120.75,498.0,692.6182097335328,43.0,3.5,50.25,70.5,266.0,18.25,96.5,117.25,0.0,0.0,25.36663455146583,2.001575182066993,29406.0,0,0,0,49,UTAH
2774,490556,391.0,1133.998137660853,0.34479774438301336,139.0,4.0,1.0,134.0,184.0388297768986,4.0,0.0,0.0,1.0,3.0,112.0,6.0,13.0,0.0,0.0,19.5187833658878,25.52004641101082,48069.0,515,0,0,49,UTAH
2773,490555,832.25,2288.64304785092,0.3636434265192638,714.0,23.25,61.5,629.25,827.2549925170249,4.25,19.0,39.0,22.5,363.75,215.75,29.75,20.0,0.0,0.0,58.71084202835313,54.54415048867176,43534.0,159,0,0,49,UTAH
2769,490551,333.0,583.4329899477757,0.5707596343323121,1655.0,264.0,227.5,1163.5,1756.4321899805084,111.5,152.5,17.0,210.5,468.75,247.5,144.5,302.75,0.0,0.0,79.6649669525798,21.76722302792853,29406.0,0,0,0,49,UTAH
2752,490534,673.5,1743.190893235769,0.3863604397048145,715.0,212.75,103.0,399.25,810.1681252438223,88.5,124.25,1.0,102.0,131.75,62.0,73.75,131.75,0.0,0.0,51.13347123834848,44.03465400547383,58854.0,0,0,0,49,UTAH
2753,490535,575.0,1781.54339294795,0.32275385616543295,693.0,31.25,37.75,624.0,778.7308690313697,22.5,8.75,4.0,33.75,18.25,197.0,16.25,392.5,0.0,0.0,48.20122284240026,37.52964618896941,77014.0,421,0,2239,49,UTAH
2754,490536,589.25,1970.8863014250005,0.2989771655391574,0.0,0.0,0.0,0.0,61.980795213037474,0.0,0.0,0.0,0.0,0.0,0.0,0.0,0.0,0.0,0.0,23.700614093399597,38.28018111963788,82451.0,0,0,0,49,UTAH
2746,490528,448.5,1501.8348664017806,0.298634696818934,163.0,5.5,37.5,120.0,215.5339806646116,5.5,0.0,1.0,36.5,25.0,19.25,3.25,72.5,0.0,0.0,23.26103654983176,29.272944114779783,81368.0,0,0,0,49,UTAH
2747,490529,401.75,1289.8932522077905,0.31145988190291085,0.0,0.0,0.0,0.0,43.31125696093086,0.0,0.0,0.0,0.0,0.0,0.0,0.0,0.0,0.0,0.0,17.290779594059956,26.020477366870907,132651.0,0,0,0,49,UTAH
2737,490519,38.25,130.86582920788726,0.292284091512062,559.5,114.75,9.75,435.0,583.759857917502,44.75,70.0,0.0,9.75,41.0,163.5,0.25,230.25,0.0,0.0,22.00817876062657,2.2516791568753822,72724.0,0,0,0,49,UTAH
2766,490548,660.25,1556.2376281116383,0.42426040090108674,747.75,290.5,28.25,429.0,852.1622315439101,177.25,113.25,4.0,24.25,317.75,22.75,57.5,31.0,0.0,0.0,61.37843945015652,43.03379209375367,58545.0,0,0,0,49,UTAH
2758,490540,202.0,575.771709627911,0.3508334928969353,1364.25,275.75,85.75,1002.75,1630.686282863663,165.5,110.25,8.25,77.5,585.25,38.75,199.25,179.5,0.0,0.0,253.17631172048647,13.259971143177,58545.0,0,0,0,49,UTAH
2749,490531,56.0,174.9332286687349,0.3201221427522229,719.25,94.0,342.0,283.25,757.0254650478956,65.0,29.0,211.0,131.0,44.25,28.25,72.75,138.0,0.0,0.0,34.021749507290345,3.753715540605346,52957.0,0,0,0,49,UTAH
2759,490541,676.0,1611.6046390342622,0.4194577153892323,2805.0,1960.75,480.0,364.25,2977.2203195222405,1955.25,5.5,272.25,207.75,114.75,34.25,86.0,129.25,0.0,0.0,128.18566551676676,44.03465400547383,52957.0,0,0,0,49,UTAH
2750,490532,63.25,180.74725132808885,0.3499361651989376,2641.0,331.0,730.0,1580.0,2833.500830619607,292.5,38.5,134.25,595.75,123.25,254.5,231.0,971.25,0.0,0.0,188.49775462034268,4.003075999264032,60581.0,317,167,132,49,UTAH
2741,490523,119.75,302.25583101609465,0.3961875593844987,1503.0,205.75,414.75,882.5,1602.9018343447235,112.75,93.0,16.0,398.75,349.5,74.5,101.0,357.5,0.0,0.0,92.39641054061887,7.505423804104542,60581.0,0,0,0,49,UTAH
2727,490509,0.0,0.0,0.0,2822.25,272.0,1000.5,1549.75,2926.17397336293,257.0,15.0,58.25,942.25,526.75,117.25,93.5,812.25,0.0,0.0,103.92397336293008,0.0,83312.0,0,0,0,49,UTAH
2743,490525,108.75,325.08647718514624,0.3345263726182732,1.5,0.25,0.25,1.0,20.55177117358573,0.0,0.25,0.0,0.25,0.25,0.0,0.25,0.5,0.0,0.0,12.046109350794632,7.0056618227911045,60581.0,0,0,0,49,UTAH
2744,490526,66.25,205.8840296024077,0.32178309375398606,1942.75,629.75,386.25,926.75,2020.9741885517087,507.75,122.0,109.25,277.0,66.75,102.0,72.75,685.25,0.0,0.0,73.97085984789695,4.253328703812327,60581.0,0,0,0,49,UTAH
2732,490514,2.0,2.921550364208075,0.684568037745304,1376.5,48.5,1016.25,311.75,1431.264348246891,47.0,1.5,841.5,174.75,51.75,82.0,26.25,151.75,0.0,0.0,54.764348246890734,0.0,60581.0,0,0,0,49,UTAH
2824,490606,23.99999997379433,58.0973634122621,0.41309964108851216,4038.9999955898043,849.7499990721556,479.2499994767055,2709.999997040943,4190.645039165118,799.2499991272966,50.49999994485891,330.7499996388531,148.4999998378524,1341.2499985354852,196.74999978516811,292.99999968007245,878.9999990402174,0.0,0.0,149.6434683954318,2.0015751798814674,70574.0,0,0,0,49,UTAH
2735,490517,173.25,549.2424637066921,0.31543446009396575,282.5,54.25,48.0,180.25,310.53472148799017,22.0,32.25,4.75,43.25,35.0,25.5,10.5,109.25,0.0,0.0,16.775954011813315,11.258767476176848,61067.0,0,0,0,49,UTAH
2800,490582,0.0,0.0,0.0,1438.0,173.75,691.75,572.5,1490.9475381355808,171.0,2.75,628.25,63.5,304.5,27.0,20.25,220.75,0.0,0.0,52.947538135580814,0.0,76529.0,0,0,0,49,UTAH
2791,490573,207.47581154782176,626.2790917123302,0.33128331169503894,17.559200086452623,2.7725052768083085,1.155210532003462,13.631484277640851,54.716487881447215,1.8483368512055391,0.9241684256027696,1.155210532003462,0.0,1.6172947448048467,0.9241684256027696,0.9241684256027696,10.165852681630465,0.0,0.0,23.74639462373627,13.41089317125833,76529.0,0,0,0,49,UTAH
2803,490585,1362.2741899866678,4159.677328376489,0.3274951594666983,69.44080004337621,0.22749474368187417,0.09478947653411424,69.11851582316022,212.60186148697346,0.15166316245458278,0.07583158122729139,0.09478947653411424,0.0,0.13270526714775993,68.07583158128497,0.07583158122729139,0.8341473935002053,0.0,0.0,53.991337959947685,89.16972348364956,76529.0,546,0,0,49,UTAH
2805,490587,0.0,0.0,0.0,11.75,1.5,0.25,10.0,26.189850986444263,1.5,0.0,0.25,0.0,0.0,2.75,4.0,3.25,0.0,0.0,14.43985098644426,0.0,76529.0,0,0,0,49,UTAH
2810,490592,1169.75,2643.5385679787823,0.44249401698511126,0.0,0.0,0.0,0.0,119.13555227609334,0.0,0.0,0.0,0.0,0.0,0.0,0.0,0.0,0.0,0.0,43.07569535754761,76.05985691854572,76529.0,0,0,0,49,UTAH
2811,490593,498.0,1123.044185974577,0.44343758350686435,262.75,51.25,5.5,206.0,323.2875065435077,39.5,11.75,5.5,0.0,19.0,20.75,24.5,141.75,0.0,0.0,28.01179830970572,32.52570823380192,76529.0,0,0,0,49,UTAH
2808,490590,251.5,801.8976089659166,0.31363106360214826,0.0,0.0,0.0,0.0,25.2757808907032,0.0,0.0,0.0,0.0,0.0,0.0,0.0,0.0,0.0,0.0,9.263179434167254,16.01260145653594,76529.0,0,0,0,49,UTAH
2813,490595,300.5,1149.483336854846,0.2614217973983093,0.0,0.0,0.0,0.0,30.582573521009508,0.0,0.0,0.0,0.0,0.0,0.0,0.0,0.0,0.0,0.0,11.317356631008057,19.26521689000145,76529.0,0,0,0,49,UTAH
2809,490591,749.0,2392.353461496642,0.3130808269156975,0.0,0.0,0.0,0.0,76.61922686059124,0.0,0.0,0.0,0.0,0.0,0.0,0.0,0.0,0.0,0.0,27.580634899949924,49.03859196064132,76529.0,0,0,0,49,UTAH
2814,490596,147.0,557.3211887149189,0.2637617283831523,39.0,0.0,0.0,39.0,55.58163540899302,0.0,0.0,0.0,0.0,0.0,39.0,0.0,0.0,0.0,0.0,6.824235165266385,9.757400243726636,76529.0,0,0,0,49,UTAH
2816,490598,323.25,730.1139111030187,0.4427391330096018,269.0,76.75,2.0,190.25,311.83515966360767,48.5,28.25,1.75,0.25,11.75,15.75,40.75,122.0,0.0,0.0,21.81862025190421,21.016539411703427,76529.0,0,0,0,49,UTAH
2815,490597,156.5,604.3727695701745,0.2589461469471923,325.25,51.75,20.0,253.5,353.0102157321102,23.75,28.0,6.75,13.25,10.25,61.25,38.5,143.5,0.0,0.0,17.752339821775276,10.007875910334963,76529.0,576,0,0,49,UTAH
2817,490599,0.0,0.0,0.0,2521.75,376.5,591.75,1553.5,2614.603264402789,321.25,55.25,162.25,429.5,367.75,105.25,316.5,764.0,0.0,0.0,92.85326440278904,0.0,76529.0,0,0,0,49,UTAH
2812,490594,1.0,1.9215503642080751,0.5204131094488008,1752.25,250.25,1024.0,478.0,1816.8306726035864,213.25,37.0,920.25,103.75,52.0,36.5,64.75,324.75,0.0,0.0,64.58067260358617,0.0,76529.0,0,0,0,49,UTAH
2807,490589,1.0,1.9215503642080751,0.5204131094488008,2577.5,208.0,600.5,1769.0,2672.4855269284494,172.25,35.75,135.25,465.25,220.75,468.75,188.25,891.25,0.0,0.0,94.98552692844947,0.0,76529.0,0,0,0,49,UTAH
2818,490600,867.25,2564.517853230049,0.33817272861161235,271.0,0.0,0.0,271.0,369.9724149523574,0.0,0.0,0.0,0.0,0.0,0.0,0.0,271.0,0.0,0.0,41.92752226344812,57.044892688909286,76529.0,0,0,0,49,UTAH
2820,490602,221.0,761.028513425932,0.29039647805720364,483.75,51.5,262.75,169.5,523.72804584229,50.75,0.75,216.0,46.75,23.5,6.25,6.5,133.25,0.0,0.0,25.967019567821158,14.011026274468948,74306.0,0,0,0,49,UTAH
2930,490712,879.25,2285.5254006794057,0.3847036658348361,2133.5,307.0,47.0,1779.5,2301.985613841117,171.0,136.0,46.0,1.0,86.5,558.5,286.25,848.25,0.0,0.0,110.94036456121754,57.54524927989942,74306.0,0,0,0,49,UTAH
2823,490605,2.0,4.764651092624225,0.4197579132491023,2386.75,112.5,1155.5,1118.75,2474.738916229109,97.75,14.75,1088.25,67.25,230.0,318.5,143.25,427.0,0.0,0.0,87.98891622910925,0.0,76529.0,0,0,0,49,UTAH
2934,490716,601.0186341120269,1682.5429209994345,0.3572085006634009,14.072896315300355,1.7562609664151172,0.4105545116295079,11.906080837255729,79.81155797507452,1.6194094625386146,0.13685150387650263,0.3649373436706737,0.045617167958834214,0.6842575193825132,4.9266541395540955,1.1404291989708553,5.154739979348266,0.011991529970159202,0.0,26.404880621190788,39.32178950861323,45886.0,0,0,0,49,UTAH
2933,490715,214.12453172758558,511.8455071753462,0.4183382069899298,0.0,0.0,0.0,0.0,23.144660038326347,0.0,0.0,0.0,0.0,0.0,0.0,0.0,0.0,1.5198095698791756,0.0,7.8784657669703595,13.746384701476806,66338.0,0,0,0,49,UTAH
2936,490717,31.538704684482692,85.92570690739312,0.3670462056072893,140.1771035304071,17.493739014329574,4.089445483869251,118.59391903220828,148.38168828760686,16.13059051970649,1.3631484946230836,3.635062652328223,0.4543828315410279,6.815742473115418,49.07334580643101,11.359570788525698,51.34525996413615,0.006159907630857307,0.0,6.323746874484927,1.874677975083986,45886.0,0,0,0,49,UTAH
2833,490615,434.25,1473.0678026608723,0.29479294789798105,883.0,241.75,268.75,372.5,959.5220287553813,84.75,157.0,264.75,4.0,47.0,27.5,63.25,234.75,0.0,0.0,48.49997620644315,28.022052548937896,80931.0,0,0,0,49,UTAH
2826,490608,231.25,663.2258711802656,0.34867457686545217,799.25,248.75,9.25,541.25,852.206432714685,57.0,191.75,9.0,0.25,23.5,97.0,123.0,297.75,0.0,0.0,37.944618849182525,15.011813865502443,69686.0,0,0,0,49,UTAH
2825,490607,323.5,782.6625929042891,0.4133326454245916,88.0,0.0,0.0,88.0,124.17050568781411,0.0,0.0,0.0,0.0,0.0,88.0,0.0,0.0,0.0,0.0,15.153966276110683,21.016539411703427,69942.0,412,321,308,49,UTAH
2832,490614,533.25,1992.064226541383,0.2676871522992144,33.0,0.0,0.0,33.0,88.87894490714935,0.0,0.0,0.0,0.0,0.0,33.0,0.0,0.0,0.0,0.0,20.851379220976984,35.027565686172366,81822.0,560,0,0,49,UTAH
2831,490613,335.0,669.9841014147778,0.5000118648973824,642.75,65.5,12.5,564.75,700.7740946224149,60.75,4.75,7.0,5.5,302.5,26.5,147.5,88.25,0.0,0.0,36.00676761967793,22.01732700273692,37361.0,0,0,0,49,UTAH
2837,490619,953.5,2290.439654696824,0.4162956216919894,2672.0,577.25,38.0,2056.75,2870.059022339613,392.75,184.5,26.75,11.25,217.5,332.5,400.75,1106.0,0.0,0.0,136.01019169553618,62.048830644076766,67968.0,0,0,0,49,UTAH
2854,490636,383.0,1134.0635468295811,0.3377235791333962,646.5,5.0,23.25,618.25,709.4315943146231,5.0,0.0,1.25,22.0,12.0,48.0,550.25,8.0,0.0,0.0,37.91190453878569,25.01968977583741,66041.0,666,0,0,49,UTAH
2853,490635,830.0,2692.453913574293,0.3082689719647444,327.75,52.25,84.0,191.5,424.4307664545125,17.25,35.0,3.0,81.0,8.75,28.75,58.75,95.25,0.0,0.0,42.638236538703694,54.0425299158088,53100.0,0,0,0,49,UTAH
2843,490625,706.75,2087.4634649467625,0.33856879982233584,643.0,186.0,53.0,404.0,738.737189934761,105.0,81.0,34.25,18.75,36.5,75.5,55.5,236.5,0.0,0.0,49.70096074722018,46.036229187540826,62461.0,0,0,0,49,UTAH
2844,490626,576.5,1837.642509053557,0.3137171659665815,215.25,19.0,6.5,189.75,282.43788875844206,17.25,1.75,0.5,6.0,31.5,86.5,30.75,41.0,0.0,0.0,29.1579602991692,38.02992845927286,48398.0,0,1031,0,49,UTAH
2838,490620,533.0,1676.6440019822212,0.3178969413720849,2702.5,372.0,31.25,2299.25,2856.6780306488786,288.5,83.5,20.5,10.75,119.0,180.0,1289.75,710.5,0.0,0.0,119.15046496270634,35.027565686172366,62831.0,0,0,0,49,UTAH
2845,490627,363.0,865.2449484934009,0.41953437651623404,954.75,296.25,75.0,583.5,1027.3002705119925,224.25,72.0,6.5,68.5,74.25,58.75,141.0,309.5,0.0,0.0,48.53136832718849,24.018902184803917,27283.0,0,0,0,49,UTAH
2855,490637,757.75,1516.415577362428,0.4996981113303978,2417.5,626.75,86.75,1704.0,2584.2577025577493,374.0,252.75,23.0,63.75,160.75,166.0,409.5,967.75,0.0,0.0,116.96857566643922,49.7891268913098,44920.0,0,0,0,49,UTAH
2827,490609,149.0,467.856426015994,0.31847377040174785,927.0,341.25,19.5,566.25,976.645282236932,140.0,201.25,11.0,8.5,31.75,29.5,295.75,209.25,0.0,0.0,39.63740632659695,10.007875910334963,87293.0,0,0,0,49,UTAH
2830,490612,137.75,456.3766711777488,0.30183400839599306,0.0,0.0,0.0,0.0,14.080325253344265,0.0,0.0,0.0,0.0,0.0,0.0,0.0,0.0,0.0,0.0,5.073236934042796,9.007088319301467,108177.0,0,0,0,49,UTAH
2740,490522,423.5,1313.7193045088443,0.32236718951034404,0.0,0.0,0.0,0.0,43.61489866831859,0.0,0.0,0.0,0.0,0.0,0.0,0.0,0.0,0.0,0.0,15.592846119380692,28.022052548937896,127028.0,0,0,0,49,UTAH
2834,490616,472.75,1368.497480430416,0.3454518599853848,555.25,187.25,8.5,359.5,624.1202773662636,99.75,87.5,6.25,2.25,63.75,66.0,24.75,205.0,0.0,0.0,37.845862044225264,31.024415322038383,69546.0,571,0,0,49,UTAH
2829,490611,660.25,2184.266499399106,0.3022753863512696,7.0,0.0,7.0,0.0,74.60756018477468,0.0,0.0,7.0,0.0,0.0,0.0,0.0,0.0,0.0,0.0,24.573693770334337,43.03386641444034,111551.0,0,0,0,49,UTAH
2835,490617,278.75,782.144300321852,0.35639203646346906,253.0,0.0,0.0,253.0,293.09217338218014,0.0,0.0,0.0,0.0,0.0,253.0,0.0,0.0,0.0,0.0,22.0779967435772,18.014176638602937,105921.0,0,0,1519,49,UTAH
2828,490610,606.0,2192.450306495486,0.27640307203526016,32.0,0.0,0.0,32.0,95.53353742610086,0.0,0.0,0.0,0.0,0.0,32.0,0.0,0.0,0.0,0.0,23.7521377595694,39.78139966653146,96584.0,689,0,0,49,UTAH
2839,490621,700.25,1758.1875193314845,0.39827947377664014,1047.0,285.25,47.0,714.75,1157.3979527488725,200.25,85.0,29.25,17.75,37.25,149.25,77.0,451.25,0.0,0.0,64.36172356133173,46.036229187540826,40188.0,0,0,0,49,UTAH
2840,490622,578.75,1644.292471613243,0.35197509566663565,23.5,5.5,8.25,9.75,83.7090924781437,5.25,0.25,1.25,7.0,0.0,0.25,0.0,9.5,0.0,0.0,22.179164018870853,38.02992845927286,53757.0,0,0,0,49,UTAH
2847,490629,822.0,2337.488999245333,0.3516594089920362,375.5,24.75,7.75,343.0,473.62992657856114,20.75,4.0,7.5,0.25,19.75,76.25,34.5,212.5,0.0,0.0,44.087396662752326,54.0425299158088,46709.0,379,0,0,49,UTAH
2849,490631,425.5,1339.9091219220609,0.3175588501029328,784.0,230.5,9.0,544.5,857.062411180069,219.5,11.0,7.25,1.75,65.25,57.0,118.5,303.75,0.0,0.0,45.04035863113105,28.022052548937896,82695.0,0,0,0,49,UTAH
2850,490632,85.5,298.8399520932152,0.2861063234722061,1037.5,85.25,30.75,921.5,1084.8798313360153,72.0,13.25,10.75,20.0,101.25,183.25,318.25,318.75,0.0,0.0,41.37510578981431,6.004725546200978,90294.0,0,0,0,49,UTAH
2846,490628,367.5,821.3635719774527,0.44742670911888,722.5,207.25,38.75,476.5,790.4240226314492,158.25,49.0,11.5,27.25,69.75,57.5,54.75,294.5,0.0,0.0,43.90512044664533,24.018902184803917,34572.0,0,0,0,49,UTAH
2856,490638,251.0,647.2666566094723,0.38778453584307,1167.25,253.5,77.5,836.25,1235.4956150532726,104.0,149.5,77.0,0.5,123.5,258.25,200.25,254.25,0.0,0.0,52.23301359673655,16.01260145653594,54061.0,0,0,0,49,UTAH
2858,490640,515.25,1529.8769509930908,0.3367917920885959,0.0,0.0,0.0,0.0,53.25076771089856,0.0,0.0,0.0,0.0,0.0,0.0,0.0,0.0,0.0,0.0,19.22398961575968,34.02677809513888,68126.0,0,0,0,49,UTAH
2859,490641,416.25,1372.3565530513306,0.30331038903446755,55.0,0.0,0.0,55.0,99.87102841334382,0.0,0.0,0.0,0.0,0.0,55.0,0.0,0.0,0.0,0.0,17.849763455439426,27.0212649579044,93981.0,721,0,0,49,UTAH
2863,490645,640.5,1847.500761733822,0.34668456612646303,311.5,4.25,6.0,301.25,389.0897298180507,4.25,0.0,3.0,3.0,59.5,0.75,59.75,181.25,0.0,0.0,35.55665099464389,42.033078823406846,64404.0,0,0,0,49,UTAH
2864,490646,222.0,749.126808327019,0.2963450213399512,895.0,4.25,2.25,888.5,951.1422808927574,3.0,1.25,2.25,0.0,202.5,192.5,141.0,352.5,0.0,0.0,41.13046702725497,15.011813865502443,59238.0,705,0,1244,49,UTAH
2865,490647,513.5,1438.2756270729958,0.3570247526512098,1345.0,493.25,16.5,835.25,1447.482545140843,397.25,96.0,14.75,1.75,65.25,95.0,141.75,533.25,0.0,0.0,68.45576704570414,34.02677809513888,53392.0,0,0,0,49,UTAH
2866,490648,481.5,1348.4490931663286,0.3570768836881912,1643.25,361.75,44.75,1236.75,1752.9989379555852,184.5,177.25,41.5,3.25,147.25,81.5,124.5,883.5,0.0,0.0,78.22424036324342,31.52469759234184,53392.0,0,0,0,49,UTAH
2867,490649,285.0,735.6381280977487,0.3874187445082106,2174.75,591.5,33.0,1550.25,2284.3704286212974,408.5,183.0,28.75,4.25,122.0,229.25,203.5,995.5,0.0,0.0,90.60546439166096,19.014964229636437,60535.0,524,0,0,49,UTAH
2873,490655,450.25,1353.5998684525814,0.33263153350828867,70.25,2.0,0.25,68.0,118.44262437267678,2.0,0.0,0.25,0.0,10.75,29.25,2.0,26.0,0.0,0.0,19.16978423270538,29.022840139971397,82881.0,0,0,0,49,UTAH
2874,490656,606.5,1403.411713943091,0.4321611355914576,1418.5,211.25,23.0,1184.25,1534.833836556622,157.75,53.5,18.25,4.75,142.75,137.0,182.5,722.0,0.0,0.0,76.80268955045551,39.53114700616644,39896.0,0,0,0,49,UTAH
2884,490666,664.75,1473.6406775763182,0.4510936825477073,42.0,2.0,0.0,40.0,111.05970768139966,2.0,0.0,0.0,0.0,1.0,0.0,26.0,13.0,0.0,0.0,26.025841266959315,43.03386641444034,39474.0,0,0,0,49,UTAH
2885,490667,15.0,32.74095994954697,0.458141728987624,1398.75,277.25,63.0,1058.5,1451.8329698042885,227.25,50.0,27.5,35.5,220.75,107.5,288.25,442.0,0.0,0.0,52.0821822132547,1.0007875910334962,39474.0,0,0,0,49,UTAH
2896,490678,0.0,0.0,0.0,1274.0,571.25,25.0,677.75,1320.891432562471,484.0,87.25,24.25,0.75,56.5,64.25,65.25,491.75,0.0,0.0,46.8914325624709,0.0,63616.0,0,0,0,49,UTAH
2883,490665,405.0,1262.963389077718,0.3206743786102559,124.5,1.25,4.25,119.0,170.01909075158858,1.0,0.25,2.0,2.25,1.0,108.5,2.0,7.5,0.0,0.0,19.49861338471765,26.020477366870907,63616.0,464,1226,0,49,UTAH
2897,490679,22.0,50.80006007050677,0.43307035404024347,1186.5,586.75,9.5,590.25,1232.261027322346,476.25,110.5,9.25,0.25,32.25,37.25,51.75,469.0,0.0,0.0,44.50998707094726,1.2510402513985164,39474.0,0,0,0,49,UTAH
2875,490657,84.25,208.88825002202603,0.4033257016185273,957.25,63.5,37.0,856.75,1000.8399769478063,54.25,9.25,4.25,32.75,241.25,162.5,81.25,371.75,0.0,0.0,38.33586069714389,5.254116250662548,74162.0,748,0,0,49,UTAH
2876,490658,459.0,1160.299827162345,0.3955874070261137,19.0,0.0,0.25,18.75,66.62585290444162,0.0,0.0,0.0,0.25,5.75,0.0,13.0,0.0,0.0,0.0,17.60222517343673,30.02362773100489,74162.0,0,0,0,49,UTAH
2877,490659,242.25,780.2050515139274,0.3104952980372694,0.0,0.0,0.0,0.0,34.77817591430862,0.0,0.0,0.0,0.0,0.0,0.0,0.0,0.0,0.0,9.84541062632184,8.920163831450836,16.01260145653594,67734.0,0,0,0,49,UTAH
2886,490668,185.75,599.5280965312774,0.30982701407107355,425.0,153.25,8.0,263.75,459.7060833251565,59.25,94.0,7.75,0.25,31.5,19.0,52.5,160.75,0.0,0.0,22.44637957238952,12.259703752766976,52442.0,0,0,0,49,UTAH
2898,490680,71.75,191.5525388479756,0.3745708641165227,2981.25,1935.0,25.0,1021.25,3103.918490899858,1046.0,889.0,3.0,22.0,253.0,35.5,106.75,626.0,0.0,0.0,117.66455294469058,5.003937955167482,52442.0,0,0,0,49,UTAH
2888,490670,284.25,759.0780375200771,0.37446742752385553,1298.5,210.5,83.5,1004.5,1375.5512877569724,155.75,54.75,18.0,65.5,280.5,120.25,102.25,501.5,0.0,0.0,58.28657618770114,18.76471156927141,92203.0,0,0,0,49,UTAH
2899,490681,533.5,1364.278427628978,0.3910492090146043,2503.25,954.0,45.25,1504.0,2650.095385376402,810.5,143.5,42.75,2.5,189.5,130.5,176.0,1008.0,0.0,0.0,111.81781969022984,35.027565686172366,63047.0,0,0,0,49,UTAH
2900,490682,203.0,587.2865018747674,0.3456575272068616,664.5,140.75,100.75,423.0,709.4661774088036,60.25,80.5,8.25,92.5,27.5,38.5,77.75,279.25,0.0,0.0,31.95593872536817,13.010238683435452,74876.0,0,0,0,49,UTAH
2901,490683,7.0,18.98015473470498,0.368806266220822,516.0,177.0,2.25,336.75,535.2426016680381,83.25,93.75,1.75,0.5,42.75,20.25,132.5,141.25,0.0,0.0,19.242601668038148,0.0,74876.0,0,0,0,49,UTAH
2902,490684,0.0,0.0,0.0,3153.0,1256.75,57.25,1839.0,3269.103824466512,596.25,660.5,44.5,12.75,128.25,165.75,205.0,1340.0,0.0,0.0,116.10382446651184,0.0,43625.0,0,0,0,49,UTAH
2905,490687,406.0,1174.5730037495348,0.3456575272068616,0.0,0.0,0.0,0.0,42.72210893366865,0.0,0.0,0.0,0.0,0.0,0.0,0.0,0.0,0.0,0.0,15.700843975764249,27.0212649579044,74787.0,0,0,0,49,UTAH
2906,490688,837.0,1716.8519114031285,0.48752020744523417,147.25,78.5,7.0,61.75,238.31144635162167,37.25,41.25,6.75,0.25,6.0,5.75,5.5,44.5,0.0,0.0,36.26823281958774,54.79321353203391,43625.0,0,0,0,49,UTAH
2904,490686,455.75,1167.188803872932,0.3904681046354656,229.25,18.75,17.5,193.0,284.500916597963,17.25,1.5,4.25,13.25,14.0,76.5,14.0,88.5,0.0,0.0,25.227288866958144,30.02362773100489,63047.0,0,0,0,49,UTAH
2907,490689,452.0,1446.352842980513,0.31251018877838915,104.75,4.25,0.5,100.0,155.27618059662765,3.0,1.25,0.25,0.25,4.75,58.75,3.75,32.75,0.0,0.0,20.50255286562277,30.02362773100489,61585.0,723,0,0,49,UTAH
2903,490685,199.0,468.3234196318607,0.4249200267550783,1281.25,354.5,12.0,914.75,1367.5005894962633,232.5,122.0,6.75,5.25,246.0,54.5,294.25,320.0,0.0,0.0,72.99024683801932,13.26034265824384,54433.0,0,0,0,49,UTAH
2851,490633,0.0,0.0,0.0,1838.5,61.25,9.75,1767.5,1906.2000401195971,54.0,7.25,9.5,0.25,90.75,187.75,1036.75,452.25,0.0,0.0,67.70004011959739,0.0,67334.0,0,0,0,49,UTAH
2861,490643,108.5,259.8649829432792,0.41752451127161805,743.75,389.25,21.25,333.25,782.1350017002209,107.25,282.0,21.25,0.0,71.75,38.75,14.75,208.0,0.0,0.0,31.379488562986303,7.005513137234474,67334.0,0,0,0,49,UTAH
2862,490644,398.75,979.5535580001732,0.4070731985437079,165.0,18.75,3.5,142.75,218.02669187786572,17.75,1.0,1.5,2.0,7.0,57.5,9.75,68.5,0.0,0.0,27.00621451099482,26.020477366870907,68752.0,476,0,0,49,UTAH
2852,490634,2.0,3.8431007284161502,0.5204131094488008,510.25,46.75,41.75,421.75,529.1280020147652,40.0,6.75,20.0,21.75,90.5,54.5,82.5,194.25,0.0,0.0,18.878002014765183,0.0,67334.0,0,0,0,49,UTAH
2842,490624,549.0,1839.8636372883773,0.29839167907526326,636.0,55.5,16.0,564.5,766.6437373896367,13.5,42.0,4.0,12.0,125.5,33.5,289.0,116.5,0.0,49.2270531316092,45.388330980821664,36.028353277205866,121339.0,592,0,0,49,UTAH
2882,490664,254.75,626.133804233074,0.4068619171776438,104.75,11.25,2.0,91.5,137.00705372324907,9.0,2.25,2.0,0.0,13.0,16.5,10.0,52.0,0.0,0.0,15.493768650488022,16.76328507276105,68752.0,0,0,0,49,UTAH
2870,490652,105.25,327.5741799725177,0.3213012698645238,481.25,74.5,0.0,406.75,618.1438711506217,4.0,70.5,0.0,0.0,282.5,5.75,75.25,43.25,0.0,108.29951689870666,21.588841114680548,7.005513137234474,119851.0,0,0,0,49,UTAH
2878,490660,556.0,1740.6529081680424,0.31942037231602055,310.25,46.75,18.0,245.5,380.674481589635,41.75,5.0,11.0,7.0,12.75,82.25,16.0,134.5,0.0,0.0,34.39612831242917,36.028353277205866,119851.0,0,0,0,49,UTAH
2879,490661,100.25,296.3089779429983,0.33832926931861423,696.5,43.75,4.5,648.25,732.8461739099321,38.5,5.25,4.0,0.5,54.75,165.0,119.0,309.5,0.0,0.0,29.34066077269759,7.005513137234474,92556.0,231,105,90,49,UTAH
2881,490663,372.25,1139.422746486,0.3267005166853353,0.0,0.0,0.0,0.0,58.4667694572708,0.0,0.0,0.0,0.0,0.0,0.0,0.0,0.0,0.0,0.0,33.94751068147675,24.519258775794047,90843.0,0,0,0,49,UTAH
2889,490671,396.0,1131.397517457659,0.3500096066056816,1477.0,0.0,6.0,1471.0,1571.9919639004495,0.0,0.0,3.0,3.0,281.0,48.5,183.25,958.25,0.0,0.0,68.97148653357893,26.020477366870907,61952.0,0,0,0,49,UTAH
2890,490672,70.0,215.6049575448759,0.32466785920463,1603.0,230.75,12.0,1360.25,1675.1078495427028,107.0,123.75,11.25,0.75,417.0,92.5,359.25,491.5,0.0,0.0,67.10391158753539,5.003937955167482,79768.0,0,0,0,49,UTAH
2880,490662,353.5,1044.4298170431712,0.33846218695744895,192.0,17.5,5.0,169.5,235.10517375407017,17.5,0.0,3.0,2.0,62.75,0.25,32.5,74.0,0.0,0.0,20.08705916029976,23.018114593770413,92556.0,0,0,0,49,UTAH
2891,490673,492.25,1528.3043577571011,0.32208898541807013,750.5,179.25,14.0,557.25,828.2880265420505,157.5,21.75,7.0,7.0,163.25,140.25,76.25,177.5,0.0,0.0,45.76282362897864,32.02520291307188,79768.0,631,0,0,49,UTAH
2893,490675,319.25,940.6038963301784,0.33940960827992817,538.0,50.0,1.5,486.5,590.58082374544,49.25,0.75,0.5,1.0,201.0,137.0,18.5,130.0,0.0,0.0,31.56428433373648,21.016539411703427,66658.0,589,1238,0,49,UTAH
2894,490676,521.5,1661.4565621300246,0.313881212357081,0.0,0.0,0.0,0.0,53.22745002518435,0.0,0.0,0.0,0.0,0.0,0.0,0.0,0.0,0.0,0.0,19.20067193004548,34.02677809513888,74414.0,0,0,0,49,UTAH
2960,490741,655.75,1789.4853417399977,0.36644614219772514,561.5,101.25,361.0,99.25,649.3585730581871,16.0,85.25,357.0,4.0,24.75,1.25,16.25,57.0,0.0,0.0,44.82470664374676,43.03386641444034,35406.0,0,0,0,49,UTAH
2911,490693,343.25,980.2742979556429,0.3501570945151231,1281.75,335.5,47.25,899.0,1367.874187243656,71.75,263.75,7.25,40.0,196.5,118.5,370.25,213.75,0.0,0.0,63.856607580554,22.267579663101937,94314.0,0,0,0,49,UTAH
2910,490692,334.0,1019.6334709708078,0.3275686896409881,124.5,0.25,3.0,121.25,163.40088353183535,0.0,0.25,3.0,0.0,4.0,0.0,95.0,22.25,0.0,0.0,16.88355652909842,22.01732700273692,63478.0,0,0,0,49,UTAH
2916,490698,456.0,1583.0560954264758,0.2880504369475002,749.0,350.25,10.25,388.5,823.3886534719729,260.25,90.0,8.25,2.0,29.0,40.75,55.75,263.0,0.0,0.0,44.365025740967965,30.02362773100489,43774.0,0,0,0,49,UTAH
2915,490697,465.0,870.4821602515531,0.5341867085083325,546.25,45.0,8.75,492.5,613.5133620924152,21.25,23.75,8.5,0.25,58.0,63.0,208.5,163.0,0.0,0.0,37.23973436141021,30.02362773100489,38974.0,0,0,0,49,UTAH
2908,490690,572.5,1720.7531259195223,0.3327031585045484,738.5,150.0,11.0,577.5,824.0692660390662,72.75,77.25,10.5,0.5,25.5,127.0,144.75,280.25,0.0,0.0,48.28987251046184,37.27939352860439,45634.0,0,0,0,49,UTAH
2918,490700,66.5,164.876816479367,0.40333141687219526,1591.5,206.0,38.0,1347.5,1656.7917640276787,192.25,13.75,36.0,2.0,38.25,31.75,66.5,1211.0,0.0,0.0,61.03850968873634,4.253254338942375,31017.0,0,0,0,49,UTAH
2917,490699,349.25,903.7933034750564,0.3864268507601737,495.25,176.0,9.0,310.25,549.3625830676737,163.0,13.0,8.75,0.25,28.75,24.5,31.5,225.5,0.0,0.0,31.094468473903227,23.018114593770413,65401.0,0,0,0,49,UTAH
2981,490762,234.75,563.0533512256845,0.41692319118425225,1711.25,567.5,39.75,1104.0,1800.9019030224158,334.5,233.0,37.75,2.0,145.75,107.5,217.5,633.25,0.0,0.0,74.3899851821049,15.261917840310833,65401.0,0,0,0,49,UTAH
2961,490742,320.25,1377.0382519684572,0.2325643456470487,25.0,0.0,0.0,25.0,58.7317455444378,0.0,0.0,0.0,0.0,0.0,25.0,0.0,0.0,0.0,0.0,12.715206132734371,21.016539411703427,60375.0,0,0,0,49,UTAH
2962,490743,347.75,1113.097909815462,0.3124163624183363,550.0,0.0,0.0,550.0,607.0795751813907,0.0,0.0,0.0,0.0,0.0,519.0,0.0,31.0,0.0,0.0,34.06146058762032,23.018114593770413,60254.0,0,0,0,49,UTAH
2964,490745,645.0,2030.090197404737,0.3177198731487727,1312.75,489.0,41.75,782.0,1426.8934977657136,91.75,397.25,40.75,1.0,35.25,124.5,251.0,371.25,0.0,0.0,72.11041894230685,42.033078823406846,26552.0,0,0,0,49,UTAH
2965,490746,169.75,727.2869974307282,0.23340167031676948,590.25,259.0,4.75,326.5,632.9989623191582,47.25,211.75,4.75,0.0,16.25,125.75,23.5,161.0,0.0,0.0,31.74029881778967,11.008663501368458,26552.0,0,0,0,49,UTAH
2968,490749,185.0,841.6057029819771,0.21981790207042093,357.75,242.75,1.25,113.75,394.0015688360992,9.5,233.25,1.25,0.0,7.5,19.5,10.25,76.5,0.0,0.0,24.24211774369727,12.009451092401957,31913.0,0,0,0,49,UTAH
2963,490744,826.0,2089.445549329271,0.3953201844695846,17.0,0.0,0.0,17.0,102.08578477189072,0.0,0.0,0.0,0.0,0.0,17.0,0.0,0.0,0.0,0.0,31.043254856081923,54.0425299158088,19032.0,0,0,0,49,UTAH
2966,490747,2.0,11.215503642080751,0.17832458209865562,15757.75,8.0,28.5,15721.25,16338.097463899683,6.25,1.75,5.0,23.5,5.75,15677.5,4.0,34.0,0.0,0.0,580.3474638996834,0.0,40443.0,0,0,0,49,UTAH
2970,490751,483.25,1543.2673712840556,0.31313433368186755,12.0,0.0,0.0,12.0,72.27221330205347,0.0,0.0,0.0,0.0,0.0,12.0,0.0,0.0,0.0,0.0,28.74729265928505,31.524920642768425,29733.0,0,0,0,49,UTAH
2972,490753,835.75,2020.8626848615472,0.4135610035558941,1996.5,285.5,27.25,1683.75,2158.804642507794,161.75,123.75,26.5,0.75,93.75,450.25,174.75,965.0,0.0,0.0,107.26132500095174,55.0433175068423,29586.0,0,0,0,49,UTAH
2973,490754,585.0,1870.795814230902,0.31270114865020576,76.75,25.25,0.0,51.5,145.1199527454187,7.25,18.0,0.0,0.0,3.5,7.25,4.0,36.75,0.0,0.0,30.08977162578079,38.28018111963788,24705.0,0,0,0,49,UTAH
3004,490785,486.25,1375.0853790936158,0.3536144063436341,161.25,12.75,6.0,142.5,217.11704128380623,0.25,12.5,0.0,6.0,1.0,44.25,84.25,13.0,0.0,0.0,23.84183837073436,32.02520291307188,42678.0,744,0,0,49,UTAH
2974,490755,478.25,1683.62254358047,0.284060107073009,134.75,17.5,3.75,113.5,191.8130099065544,14.5,3.0,2.5,1.25,6.75,10.25,12.25,84.25,0.0,0.0,25.788490653890868,31.27451925266349,50328.0,0,0,0,49,UTAH
3003,490784,404.0,1274.8657126059095,0.3168961216897091,0.0,0.0,0.0,0.0,41.40068778976661,0.0,0.0,0.0,0.0,0.0,0.0,0.0,0.0,0.0,0.0,15.380210422895695,26.020477366870907,53384.0,0,0,0,49,UTAH
2976,490757,419.25,1518.2042686411637,0.27614861100031074,0.0,0.0,0.0,0.0,44.21007964343411,0.0,0.0,0.0,0.0,0.0,0.0,0.0,0.0,0.0,0.0,17.18881468552971,27.0212649579044,26013.0,0,0,0,49,UTAH
2978,490759,296.25,1120.58344212814,0.26437120955257115,115.25,27.25,7.25,80.75,159.6953320016446,6.25,21.0,0.25,7.0,6.0,0.0,67.25,7.5,0.0,0.0,24.929862451278115,19.515469550366472,40869.0,0,0,0,49,UTAH
2980,490761,433.5,1541.662915695286,0.28118987334173023,545.5,13.25,0.0,532.25,611.3305045328082,1.25,12.0,0.0,0.0,2.75,63.0,439.0,27.5,0.0,0.0,37.80845198387016,28.022052548937896,30736.0,0,0,0,49,UTAH
2977,490758,354.25,1016.1535596642262,0.34861856914328676,458.25,80.0,5.0,373.25,521.1977604348399,41.25,38.75,3.25,1.75,131.5,55.0,22.0,164.75,0.0,0.0,39.679318860017744,23.268441574822116,33068.0,0,0,0,49,UTAH
2991,490772,246.25,516.0498573094767,0.4771825755051476,1400.75,212.25,22.0,1166.5,1496.44828937367,77.5,134.75,18.25,3.75,368.0,116.5,167.5,514.5,0.0,0.0,79.43550957745572,16.262779796214282,33951.0,0,0,0,49,UTAH
2992,490773,192.0,414.09068989577776,0.46366654620591535,69.25,12.0,2.5,54.75,91.63437178324897,11.5,0.5,2.25,0.25,4.5,10.75,12.0,27.5,0.0,0.0,9.624385760178518,12.759986023070432,30111.0,0,0,0,49,UTAH
2994,490775,116.0,271.7420115511647,0.42687547404924925,0.0,0.0,0.0,0.0,12.277970435629184,0.0,0.0,0.0,0.0,0.0,0.0,0.0,0.0,0.0,0.0,4.271669707361214,8.00630072826797,22568.0,0,0,0,49,UTAH
3002,490783,0.0,0.0,0.0,2340.5,157.75,36.0,2146.75,2426.746655724071,132.25,25.5,33.0,3.0,88.25,254.25,1103.5,700.75,0.0,0.0,86.24665572407088,0.0,57005.0,15,13,20,49,UTAH
2913,490695,324.50000028381123,923.507030108008,0.3513779426734408,57.000000049852815,0.0,0.0,57.000000049852815,92.06434148004746,0.0,0.0,0.0,0.0,0.0,57.000000049852815,0.0,0.0,0.0,0.0,14.047802000109916,21.01653943008472,76985.0,718,0,0,49,UTAH
2914,490696,375.25,1100.2802128626622,0.3410494850431696,114.0,0.0,1.0,113.0,157.03623618132647,0.0,0.0,1.0,0.0,15.5,90.0,1.5,6.0,0.0,0.0,18.016546405489063,25.01968977583741,76440.0,0,0,0,49,UTAH
2921,490703,505.0,1431.385443827057,0.35280504086292436,355.0,108.0,2.0,245.0,422.9156151223103,10.25,97.75,1.75,0.25,31.0,95.5,64.75,53.75,0.0,0.0,34.88962461820493,33.02599050410538,45835.0,840,374,146,49,UTAH
2982,490763,247.75,705.5314333107912,0.3511537378815332,1760.75,75.25,8.25,1677.25,1851.6131640920387,59.75,15.5,7.75,0.5,38.5,75.5,1247.25,316.0,0.0,0.0,74.60030997513756,16.26285411690096,30043.0,0,0,0,49,UTAH
2920,490702,337.0,1362.6855553635876,0.2473057696058741,0.0,0.0,0.0,0.0,34.42726399739837,0.0,0.0,0.0,0.0,0.0,0.0,0.0,0.0,0.0,0.0,12.409936994661456,22.01732700273692,71344.0,0,0,0,49,UTAH
2923,490705,0.0,0.0,0.0,295.25,24.25,7.0,264.0,306.1276571912182,24.0,0.25,3.75,3.25,31.5,143.25,16.25,73.0,0.0,0.0,10.8776571912182,0.0,45835.0,0,0,190,49,UTAH
2925,490707,378.0,989.9094418341618,0.3818531110276306,0.0,0.0,0.0,0.0,38.93944106361792,0.0,0.0,0.0,0.0,0.0,0.0,0.0,0.0,0.0,0.0,13.919751287780509,25.01968977583741,31051.0,0,0,0,49,UTAH
2984,490765,334.75,682.40739262705,0.49054275146598236,315.75,12.75,3.5,299.5,367.22726414382026,10.5,2.25,3.25,0.25,5.75,11.5,249.75,32.5,0.0,0.0,29.459937141083344,22.01732700273692,30043.0,0,0,0,49,UTAH
2927,490709,496.25,1427.7071414961997,0.34758528943123657,66.0,7.0,1.25,57.75,120.73137737768025,5.5,1.5,1.25,0.0,3.0,7.5,5.0,42.25,0.0,0.0,22.706174464608367,32.02520291307188,48606.0,0,0,0,49,UTAH
2986,490767,235.0,519.7605770331689,0.45213125116452085,318.5,0.75,1.0,316.75,355.63906190541815,0.75,0.0,0.0,1.0,0.0,166.0,146.0,4.75,0.0,0.0,21.62689140474231,15.512170500675854,50388.0,629,988,0,49,UTAH
2987,490768,577.0,1283.1529392244393,0.44967359880635055,225.0,41.75,6.75,176.5,324.56564576156694,20.5,21.25,4.5,2.25,16.75,32.0,71.0,56.75,0.0,0.0,62.036222578840864,37.52942318272609,27768.0,0,0,0,49,UTAH
2969,490750,466.5,884.6666092865717,0.5273172911727765,489.0,50.75,7.75,430.5,561.2973069452838,40.75,10.0,7.0,0.75,22.0,18.75,189.25,200.5,0.0,0.0,41.77302520799229,30.52428173729156,23990.0,0,0,0,49,UTAH
2975,490756,320.5,703.4122176135694,0.4556361006741452,850.0,322.5,7.0,520.5,944.4160471565824,147.75,174.75,2.0,5.0,28.0,19.5,64.0,409.0,0.0,0.0,73.14940377007079,21.266643386511813,27768.0,0,0,0,49,UTAH
2988,490769,274.75,611.345340582427,0.4494186538466891,402.5,146.5,6.25,249.75,451.175973191246,141.0,5.5,6.25,0.0,11.5,59.5,38.25,140.5,0.0,0.0,30.66179655264306,18.014176638602937,49829.0,0,0,0,49,UTAH
2990,490771,36.5,103.5772584964018,0.3523939572243842,1036.0,331.75,138.25,566.0,1081.8490745518145,48.5,283.25,109.0,29.25,74.0,13.5,17.75,460.75,0.0,0.0,43.59680060852937,2.2522739432851795,37024.0,0,0,0,49,UTAH
2937,490718,190.00000000017252,539.040140015131,0.35247838870559656,0.750000000000681,0.0,0.0,0.750000000000681,26.55365447889723,0.0,0.0,0.0,0.0,0.0,0.0,0.250000000000227,0.500000000000454,0.0,0.0,13.543950726118442,12.259703752778107,65974.0,0,0,0,49,UTAH
2938,490719,296.0,951.6734098291604,0.311031071103622,80.0,10.5,44.5,25.0,113.10262228230545,10.0,0.5,11.25,33.25,9.5,3.5,1.5,10.5,0.0,0.0,13.83747975717394,19.2651425251315,73053.0,0,0,0,49,UTAH
2940,490721,397.25,1120.437020125134,0.3545491561459062,68.0,0.0,0.0,68.0,111.15465216239274,0.0,0.0,0.0,0.0,0.0,68.0,0.0,0.0,0.0,0.0,17.134174795521833,26.020477366870907,65974.0,791,0,0,49,UTAH
2941,490722,343.0,1170.5522270588517,0.2930240890334533,0.0,0.0,0.0,0.0,34.64821243053775,0.0,0.0,0.0,0.0,0.0,0.0,0.0,0.0,0.0,0.0,12.63088542780083,22.01732700273692,73053.0,0,0,0,49,UTAH
2943,490724,517.0,1438.5503642080753,0.35938957221328116,0.0,0.0,0.0,0.0,53.06516808398153,0.0,0.0,0.0,0.0,0.0,0.0,0.0,0.0,0.0,0.0,19.038389988842653,34.02677809513888,57576.0,0,0,0,49,UTAH
2944,490725,126.25,350.6470234552438,0.36004868587203165,0.0,0.0,0.0,0.0,12.65688905141522,0.0,0.0,0.0,0.0,0.0,0.0,0.0,0.0,0.0,0.0,4.65058832314725,8.00630072826797,57544.0,0,0,0,49,UTAH
2945,490726,12.523116873332638,43.538702209115094,0.2876318364563206,55.76700482655941,3.5221266206248045,0.0,52.2448782059346,59.0651155658294,3.5221266206248045,0.0,0.0,0.0,6.261558436666319,21.132759723748826,2.152410712604047,22.698149332915406,0.0,0.0,2.5147994912766514,0.7833112479933437,55528.0,0,0,0,49,UTAH
2948,490729,1.0,1.9215503642080751,0.5204131094488008,352.25,1.25,326.25,24.75,365.258132271677,1.0,0.25,0.25,326.0,0.0,14.5,1.5,8.75,0.0,0.0,13.008132271677027,0.0,55528.0,0,0,0,49,UTAH
2950,490731,37.0,99.6654247661491,0.3712420840709333,177.5,11.5,3.25,162.75,187.4010690015991,10.25,1.25,3.0,0.25,5.0,99.25,9.0,49.5,0.0,0.0,7.899493819532093,2.001575182066993,58209.0,485,0,0,49,UTAH
2954,490735,3.8000926402687885,12.227296602140262,0.3107876388312705,0.0,0.0,0.0,0.0,3.9010191407386063,0.0,0.0,0.0,0.0,0.0,0.0,0.0,0.0,2.130531041972556,0.0,1.4948817133331795,0.2756063854328706,58209.0,0,0,0,49,UTAH
2957,490738,38.25,121.6565802784952,0.3144096267743054,76.25,4.25,0.0,72.0,82.95807187270502,3.75,0.5,0.0,0.0,23.0,7.25,23.25,18.5,0.0,0.0,4.206140055464612,2.501931817240402,58209.0,0,0,0,49,UTAH
2952,490733,463.0,1231.5730037495348,0.37594198524195677,132.5,38.5,19.75,74.25,184.46055027968285,34.75,3.75,2.75,17.0,8.5,11.5,5.75,48.5,0.0,0.0,21.93692254867796,30.02362773100489,62082.0,0,0,0,49,UTAH
2953,490734,278.25,820.3520105478881,0.33918366313768805,65.0,0.0,0.0,65.0,95.65363909456654,0.0,0.0,0.0,0.0,0.0,65.0,0.0,0.0,0.0,0.0,12.639462455963615,18.014176638602937,68175.0,583,0,0,49,UTAH
2929,490711,342.0,993.765500303788,0.34414557548581903,230.25,22.0,147.75,60.5,274.33873954689733,21.75,0.25,59.25,88.5,5.0,2.25,1.75,51.5,0.0,0.0,21.821234248665363,22.26750529823198,47376.0,0,0,0,49,UTAH
2995,490776,275.0,721.0303762767084,0.3813986331894342,154.75,18.5,3.75,132.5,188.5967706634185,16.75,1.75,3.5,0.25,10.75,15.25,14.5,92.0,0.0,0.0,15.83259402481558,18.014176638602937,52639.0,0,0,0,49,UTAH
2997,490778,151.5,334.2138164983027,0.45330262401276095,2118.0,167.75,943.0,1007.25,2232.963591737294,124.5,43.25,20.25,922.75,88.75,119.5,254.0,545.0,0.0,0.0,105.2058197575839,9.75777197970985,37024.0,0,0,0,49,UTAH
3006,490787,216.0,568.0322391274847,0.3802601069470683,243.0,40.75,14.5,187.75,274.15629911701564,39.5,1.25,7.0,7.5,16.0,110.5,10.0,51.25,0.0,0.0,17.14527284254669,14.011026274468948,52639.0,349,0,0,49,UTAH
3018,490799,106.25,288.9148625703112,0.3677553970562614,302.25,35.25,5.25,261.75,481.8959991867813,30.5,4.75,5.0,0.25,16.0,24.0,30.75,191.0,0.0,0.0,172.89103612520827,6.7549630615729175,56681.0,0,0,0,49,UTAH
3008,490789,935.5,2163.0561509914014,0.43248992846127865,783.25,161.0,59.75,562.5,922.5213850691798,139.25,21.75,56.5,3.25,104.25,83.25,110.25,264.75,0.0,0.0,77.97271757560495,61.29866749357478,37024.0,0,0,0,49,UTAH
3007,490788,291.75,730.866920175264,0.3991834791620306,281.25,24.25,23.0,234.0,347.9538009610571,21.75,2.5,20.5,2.5,17.75,34.25,32.0,150.0,0.0,0.0,47.43858407105561,19.26521689000145,48426.0,0,0,0,49,UTAH
3023,490804,315.25,954.8048033707112,0.3301721973822135,0.0,0.0,0.0,0.0,32.62465953036373,0.0,0.0,0.0,0.0,0.0,0.0,0.0,0.0,0.0,0.0,11.6081201186603,21.016539411703427,56681.0,0,0,0,49,UTAH
3016,490797,756.0,1545.7686621263204,0.48907706471424095,0.0,0.0,0.0,0.0,76.87809453620233,0.0,0.0,0.0,0.0,0.0,0.0,0.0,0.0,0.0,0.0,27.839502575561013,49.03859196064132,29954.0,0,0,0,49,UTAH
3021,490802,579.5,1907.2251546396044,0.30384456632730616,92.25,10.25,4.5,77.5,156.0262012901058,8.25,2.0,4.0,0.5,13.0,8.25,19.25,37.0,0.0,0.0,25.746272830832936,38.02992845927286,63296.0,0,0,0,49,UTAH
3022,490803,167.0,550.3649515105593,0.3034350198748002,0.0,0.0,0.0,0.0,17.158394890414343,0.0,0.0,0.0,0.0,0.0,0.0,0.0,0.0,0.0,0.0,6.149731389045885,11.008663501368458,61242.0,0,0,0,49,UTAH
3025,490806,7.0,15.989949618041994,0.43777498786498154,1574.75,719.75,23.5,831.5,1633.5190086547566,337.75,382.0,22.5,1.0,61.75,66.5,101.5,601.75,0.0,0.0,58.26850333402639,0.50050532073004,56681.0,0,0,0,49,UTAH
2998,490779,253.75,511.3414081894336,0.49624379316058587,2174.25,186.0,25.0,1963.25,2296.4658250089624,137.5,48.5,23.25,1.75,89.5,955.75,136.0,782.0,0.0,0.0,105.70264386682636,16.513181142135934,34871.0,0,0,0,49,UTAH
2999,490780,255.75,610.7709749614517,0.41873306113824654,237.0,16.0,14.0,207.0,280.661048835075,9.75,6.25,12.0,2.0,23.25,12.0,97.25,74.5,0.0,0.0,27.148016422678992,16.51303241239603,24843.0,0,0,0,49,UTAH
3000,490781,347.75,799.0876987842055,0.43518377335690944,364.5,73.5,3.75,287.25,419.0618650458305,62.25,11.25,3.25,0.5,21.75,24.75,46.25,194.5,0.0,0.0,32.0440327223636,22.51783232346696,33291.0,0,0,0,49,UTAH
3001,490782,363.0,1156.4548635831527,0.31389033107205155,52.0,5.0,1.5,45.5,91.30259093286747,3.5,1.5,1.5,0.0,6.0,11.25,3.75,24.5,0.0,0.0,15.283688748063568,24.018902184803917,38899.0,0,0,0,49,UTAH
3011,490792,316.25,703.2996405764518,0.44966609074446445,401.75,88.25,10.75,302.75,463.6972477328336,75.25,13.0,8.5,2.25,22.25,36.5,47.5,196.5,0.0,0.0,41.1809609814952,20.76628675133841,35287.0,0,0,0,49,UTAH
3012,490793,279.0,610.758131114907,0.4568093092607709,489.5,28.75,1.25,459.5,535.8204337583672,27.25,1.5,1.0,0.25,6.75,240.25,185.0,27.5,0.0,0.0,28.30625711976432,18.014176638602937,37198.0,0,0,0,49,UTAH
3020,490801,419.0,1132.2799818970502,0.3700498169171877,257.0,21.5,81.75,153.75,308.9172102429732,20.0,1.5,80.75,1.0,12.0,6.5,70.0,65.25,0.0,0.0,24.895945285068773,27.0212649579044,33097.0,0,0,0,49,UTAH
3013,490794,426.0,1361.373619671196,0.3129192411579777,129.5,17.75,9.25,102.5,177.9790308697131,16.5,1.25,1.25,8.0,5.0,56.75,12.5,28.25,0.0,0.0,20.45697832077521,28.022052548937896,43524.0,464,0,0,49,UTAH
3027,490808,0.0,0.0,0.0,1102.5,109.5,410.5,582.5,1143.1075454127486,95.25,14.25,206.25,204.25,29.75,212.0,76.75,264.0,0.0,0.0,40.60754541274866,0.0,56681.0,0,0,0,49,UTAH
3033,490814,0.0,0.0,0.0,842.5,55.0,192.0,595.5,873.5270045888619,47.25,7.75,148.5,43.5,114.25,51.75,49.5,380.0,0.0,0.0,31.02700458886198,0.0,56681.0,0,0,0,49,UTAH
3034,490815,0.0,0.0,0.0,99.0,0.0,99.0,0.0,102.64564914679966,0.0,0.0,0.0,99.0,0.0,0.0,0.0,0.0,0.0,0.0,3.645649146799657,0.0,33097.0,0,0,0,49,UTAH
3028,490809,0.0,0.0,0.0,2744.75,177.0,37.75,2530.0,2845.8288474547485,97.0,80.0,37.5,0.25,898.25,22.5,1453.0,156.25,0.0,0.0,101.07884745474831,0.0,56681.0,0,0,0,49,UTAH
3035,490816,471.75,1274.188772186528,0.37023556501009625,286.5,27.5,81.25,177.75,346.6900345841307,24.25,3.25,80.75,0.5,20.75,96.25,9.5,51.25,0.0,0.0,29.16561926209225,31.024415322038383,33097.0,461,0,0,49,UTAH
3037,490818,0.0,0.0,0.0,42.5,5.25,2.25,35.0,44.06982493799033,4.75,0.5,2.0,0.25,4.0,11.5,7.0,12.5,0.0,0.0,1.5698249379903302,0.0,129892.0,0,0,0,49,UTAH
3032,490813,484.00000098713934,1576.9594186264317,0.3069197566343937,350.25000071435034,0.250000000509886,2.000000004079088,348.00000070976137,455.7303572037525,0.250000000509886,0.0,0.0,2.000000004079088,85.25000017387113,231.00000047113468,22.500000045889742,9.250000018865784,0.0,0.0,73.95573315345106,31.524623335951016,60746.0,401,0,13,49,UTAH
3041,490822,0.0,0.0,0.0,1528.5,122.5,420.25,985.75,1584.806543374556,69.5,53.0,315.25,105.0,512.0,219.0,25.0,229.75,0.0,0.0,56.30654337455597,0.0,129892.0,0,0,0,49,UTAH
3043,490824,0.0,0.0,0.0,810.0,244.5,100.75,464.75,839.8493827585298,167.0,77.5,23.75,77.0,60.75,43.75,35.25,325.0,0.0,0.0,29.849382758529803,0.0,75945.0,0,0,0,49,UTAH
3044,490825,0.0,0.0,0.0,530.5,27.5,417.5,85.5,550.0459058243699,27.0,0.5,342.0,75.5,47.25,5.5,3.5,29.25,0.0,0.0,19.54590582436987,0.0,75945.0,0,0,0,49,UTAH
3039,490820,0.0,0.0,0.0,1188.75,200.75,618.0,370.0,1232.550018449158,192.5,8.25,490.5,127.5,88.5,58.5,31.75,191.25,0.0,0.0,43.800018449157925,0.0,129892.0,0,0,0,49,UTAH
3051,490832,336.0,1174.6108314293483,0.2860521893801471,705.75,101.0,213.5,391.25,766.1005920058557,79.5,21.5,30.5,183.0,102.75,78.5,39.75,170.25,0.0,0.0,38.33326500311878,22.01732700273692,54799.0,0,0,0,49,UTAH
3045,490826,0.0,0.0,0.0,1931.25,301.0,1195.25,435.0,2002.3680683878072,27.75,273.25,949.5,245.75,167.75,15.5,121.25,130.5,0.0,0.0,71.11806838780716,0.0,75945.0,0,0,0,49,UTAH
3048,490829,0.0,0.0,0.0,329.5,48.25,33.0,248.25,341.6623024402672,42.25,6.0,9.5,23.5,15.25,102.5,33.75,96.75,0.0,0.0,12.16230244026719,0.0,75945.0,0,0,0,49,UTAH
3050,490831,0.0,0.0,0.0,27.0,3.25,13.0,10.75,37.27541334899071,3.0,0.25,8.25,4.75,3.75,2.0,1.0,4.0,0.0,0.0,10.275413348990714,0.0,75945.0,0,0,0,49,UTAH
3054,490835,1.0,3.764651092624226,0.2656288658354604,257.0,44.25,118.75,94.0,269.0020755302669,41.5,2.75,57.25,61.5,33.5,10.0,9.25,41.25,0.0,0.0,12.002075530266868,0.0,75945.0,0,0,0,49,UTAH
3056,490837,406.75,1666.0498196101798,0.24414035835685324,113.0,6.0,12.0,95.0,159.41180178447354,6.0,0.0,1.0,11.0,9.0,53.0,2.0,31.0,0.0,0.0,19.39053682656913,27.0212649579044,75945.0,696,0,0,49,UTAH
3141,490922,0.0,0.0,0.0,496.0,148.0,123.0,225.0,514.2650704728549,100.0,48.0,9.0,114.0,30.0,15.0,10.0,170.0,0.0,0.0,18.265070472854845,0.0,51304.0,0,0,0,49,UTAH
3061,490842,0.0,0.0,0.0,108.5,45.75,46.0,16.75,112.49699212835928,19.75,26.0,2.25,43.75,4.75,0.0,0.0,12.0,0.0,0.0,3.996992128359284,0.0,45247.0,0,0,0,49,UTAH
3062,490843,163.5,424.249860647334,0.38538610183755034,59.0,0.0,0.0,59.0,132.47401196993826,0.0,0.0,0.0,0.0,0.0,59.0,0.0,0.0,0.0,0.0,62.71545248756146,10.758559482376796,45247.0,558,123,0,49,UTAH
3063,490844,387.0,964.579674795201,0.40121102498056227,514.75,37.75,49.25,427.75,572.9784493188839,34.75,3.0,5.0,44.25,18.75,35.0,203.0,171.0,0.0,0.0,33.20875954304657,25.01968977583741,45247.0,0,0,0,49,UTAH
3040,490821,0.0,0.0,0.0,1543.0,11.25,1258.0,273.75,1599.82676716577,8.5,2.75,1189.0,69.0,0.0,5.25,8.5,260.0,0.0,0.0,56.82676716577008,0.0,129892.0,0,0,0,49,UTAH
3046,490827,203.75,711.5225703285421,0.2863577467485247,402.75,21.25,216.25,165.25,439.0730284157469,8.75,12.5,194.5,21.75,14.25,104.25,3.0,43.75,0.0,0.0,23.3127897323115,13.010238683435452,54799.0,0,0,0,49,UTAH
3148,490929,279.5,733.3627494073748,0.38112107579211235,1754.25,356.5,503.25,894.5,1847.065056048464,218.75,137.75,76.5,426.75,185.0,122.0,71.0,516.5,0.0,0.0,74.80087940986122,18.014176638602937,51304.0,0,0,0,49,UTAH
3069,490850,0.0,0.0,0.0,2101.5,891.5,113.0,1097.0,2178.8615090532653,610.5,281.0,25.0,88.0,108.5,95.5,59.75,833.25,0.0,0.0,77.36150905326535,0.0,55124.0,0,0,0,49,UTAH
3070,490851,42.75,114.90851197187818,0.3720351022425763,0.0,0.0,0.0,0.0,236.61424073016687,0.0,0.0,0.0,0.0,0.0,0.0,0.0,0.0,0.0,0.0,233.86146146615164,2.752779264015219,73772.0,0,0,0,49,UTAH
3080,490861,357.75,1348.7243953727636,0.2652506332853305,0.0,0.0,0.0,0.0,36.45619152194247,0.0,0.0,0.0,0.0,0.0,0.0,0.0,0.0,0.0,0.0,13.186932066100695,23.26925945584177,73772.0,0,0,0,49,UTAH
3072,490853,329.0,1053.338586267547,0.3123402145228489,715.5,69.5,174.75,471.25,775.982524350158,49.5,20.0,57.0,117.75,70.25,121.0,115.0,165.0,0.0,0.0,38.46519734742107,22.01732700273692,73772.0,0,0,0,49,UTAH
3082,490863,31.996081256089166,99.70813240786022,0.32089740809914963,106.3901555830009,7.013138878407421,41.08251746365873,58.294499240934755,130.46244063248062,7.013138878407421,0.0,2.05864907732605,39.02386838633269,9.510851199321833,9.752756520838274,3.003796333177524,36.02709518759712,0.0,0.0,22.07133055491098,2.000954494568741,73772.0,0,0,0,49,UTAH
3081,490862,517.5,1657.6883427237606,0.3121817211730474,0.0,0.0,0.0,0.0,53.082744567454895,0.0,0.0,0.0,0.0,0.0,0.0,0.0,0.0,0.0,0.0,19.05596647231601,34.02677809513888,73772.0,0,0,0,49,UTAH
3094,490875,11.428492951323545,31.625615758849847,0.36136823511888433,44.2393275535105,8.8478655107021,7.3732212589184165,28.018240783889983,55.84645545172938,4.792593818296971,4.055271692405129,7.3732212589184165,0.0,0.5529915944188812,6.267238070080654,7.741882321864337,13.45612879752611,0.0,0.0,10.869225096609195,0.7379028016096864,58032.0,0,0,0,49,UTAH
3073,490854,252.0,587.4443325717393,0.4289768170828774,234.25,40.75,41.0,152.5,268.1689232947749,37.75,3.0,2.0,39.0,28.5,29.0,11.0,84.0,0.0,0.0,17.906321838238952,16.01260145653594,44865.0,0,0,10,49,UTAH
3074,490855,255.0,496.4461954225157,0.5136508293370533,861.0,85.0,77.25,698.75,919.1083754889028,41.0,44.0,6.0,71.25,21.5,244.0,253.0,180.25,0.0,0.0,41.09498644133314,17.01338904756944,48735.0,511,0,0,49,UTAH
3075,490856,345.75,671.750220477666,0.5147002404467321,42.0,0.0,0.0,42.0,79.5554579900526,0.0,0.0,0.0,0.0,0.0,42.0,0.0,0.0,0.0,0.0,15.037625666585647,22.51783232346696,44214.0,481,0,0,49,UTAH
3076,490857,250.0,800.8922066822715,0.3121518700196062,363.75,0.0,0.25,363.5,402.8717636552486,0.0,0.0,0.0,0.25,2.0,357.25,4.25,0.0,0.0,0.0,22.608433827556013,16.513329827692566,71157.0,0,0,1504,49,UTAH
3078,490859,154.00000303027838,490.3716042533933,0.3140475543333069,0.0,0.0,0.0,0.0,16.928903680592086,0.0,0.0,0.0,0.0,0.0,0.0,0.0,0.0,0.0,0.0,6.670774908041549,10.258128772550538,104790.0,0,0,0,49,UTAH
3085,490866,203.75000060523618,626.0518753901681,0.3254522646038798,43.00000012773083,0.0,0.0,43.00000012773083,66.34762199924768,0.0,0.0,0.0,0.0,0.0,43.00000012773083,0.0,0.0,0.0,0.0,10.337383149434686,13.01023872208216,49443.0,676,0,0,49,UTAH
3084,490865,206.5,734.0858594245836,0.28130224462008563,20.0,1.0,6.0,13.0,41.5994627182,1.0,0.0,0.0,6.0,1.0,1.0,0.0,11.0,0.0,0.0,8.339045739269473,13.26041697893052,63108.0,0,0,0,49,UTAH
3089,490870,206.0,634.5209193567549,0.32465438682278963,0.0,0.0,0.0,0.0,20.596134887887263,0.0,0.0,0.0,0.0,0.0,0.0,0.0,0.0,0.0,0.0,7.585896204451811,13.010238683435452,55995.0,0,0,0,49,UTAH
3092,490873,104.49999956660739,367.6040508512228,0.28427325358528427,0.0,0.0,0.0,0.0,10.855206265147737,0.0,0.0,0.0,0.0,0.0,0.0,0.0,0.0,0.0,0.0,3.8496931569672115,7.0055131081805255,112744.0,0,0,0,49,UTAH
3086,490867,342.0,948.8420727451912,0.3604393289712851,0.0,0.0,0.0,0.0,34.6102152184105,0.0,0.0,0.0,0.0,0.0,0.0,0.0,0.0,0.0,0.0,12.592888215673584,22.01732700273692,62140.0,0,0,0,49,UTAH
3099,490880,86.25,301.6640968475205,0.2859140378365809,98.0,7.5,51.25,39.25,110.25815024471495,7.5,0.0,6.5,44.75,18.5,4.5,0.0,16.25,0.0,0.0,6.75385565437406,5.504294590340891,66133.0,0,0,0,49,UTAH
3111,490892,101.75,291.127698330298,0.34950298643367095,175.25,31.75,22.0,121.5,192.70713717560872,15.5,16.25,5.0,17.0,37.0,8.5,35.5,40.5,0.0,0.0,10.451624038374248,7.005513137234474,90129.0,0,0,0,49,UTAH
3108,490889,295.11042047630053,1082.4556023587797,0.2726305077392784,0.0,0.0,0.0,0.0,31.033542885469437,0.0,0.0,0.0,0.0,0.0,0.0,0.0,0.0,0.0,0.0,11.360414039683658,19.67312884578578,91005.0,0,0,0,49,UTAH
3115,490896,224.25,543.33710947895,0.4127271929116926,483.75,127.25,78.0,278.5,525.0861665343342,87.25,40.0,60.25,17.75,15.0,108.25,17.0,138.25,0.0,0.0,26.32435266883176,15.011813865502443,91005.0,780,0,0,49,UTAH
3110,490891,339.1955675381109,1245.6894857009015,0.27229544074321105,7.50867114987892,2.5561433701715472,0.4792768819071651,4.473250897800208,49.88403619287156,0.0,2.5561433701715472,0.0,0.4792768819071651,0.0,0.6390358425428868,0.4792768819071651,3.3549381733501558,0.0,0.0,20.128490751059502,22.246874291933143,91005.0,0,0,0,49,UTAH
3119,490900,320.5,774.1183300672643,0.41401939154722156,301.75,42.75,15.25,243.75,345.9062665520762,39.0,3.75,9.5,5.75,26.0,42.5,16.75,158.5,0.0,0.0,22.889548844877723,21.26671770719849,91005.0,0,0,0,49,UTAH
3120,490901,161.5,565.3700668022675,0.2856536089953326,293.75,36.5,12.0,245.25,321.5258402530867,35.0,1.5,3.0,9.0,12.75,33.25,65.0,134.25,0.0,0.0,16.76717675171826,11.008663501368458,113111.0,0,0,0,49,UTAH
3199,490980,280.5,1081.3261030616031,0.2594037073606277,0.0,0.0,0.0,0.0,40.3379923051593,0.0,0.0,0.0,0.0,0.0,0.0,0.0,0.0,0.0,0.0,22.323815666556364,18.014176638602937,99112.0,0,0,0,49,UTAH
3122,490903,48.5,186.27208866374653,0.26037180528721576,129.0,17.0,2.0,110.0,140.04821515348112,15.75,1.25,2.0,0.0,4.75,20.25,4.25,80.75,0.0,0.0,8.045852380380639,3.002362773100489,99112.0,0,0,0,49,UTAH
3125,490906,73.74454744447422,234.51159240577223,0.31446013686553725,0.0,0.0,0.0,0.0,8.476877121912034,0.0,0.0,0.0,0.0,0.0,0.0,0.0,0.0,0.8006118058245274,0.0,2.716367067504084,4.959898248583425,103707.0,0,0,0,49,UTAH
3095,490876,0.0,0.0,0.0,0.0,0.0,0.0,0.0,0.6322201734104387,0.0,0.0,0.0,0.0,0.0,0.0,0.0,0.0,0.6322201734104387,0.0,0.0,0.0,58032.0,0,0,0,49,UTAH
3103,490884,0.0,0.0,0.0,1693.5,192.25,213.0,1288.25,1755.894438237783,156.75,35.5,198.75,14.25,73.75,120.5,520.5,573.5,0.0,0.0,62.39443823778329,0.0,58032.0,0,0,0,49,UTAH
3097,490878,12.001569811412152,34.991760840615875,0.34298273430931797,128.81676315122803,11.495939671137707,70.64582509616218,46.67499838392814,134.64240603765595,11.480285732260535,0.015653938877171276,44.675028715883634,25.970796380278554,10.228013564753251,4.3703115208371335,3.6245873087708924,28.452085989566868,0.011318085598165311,0.0,5.281090473834906,0.5332343269948358,58032.0,0,0,0,49,UTAH
3104,490885,68.17066679012846,200.87910307675037,0.33936166453352956,13.888976972194397,1.5290616850122274,1.9113271062652841,10.448588180916886,22.02390323201257,1.401639877927875,0.12742180708435227,1.6564834920965796,0.25484361416870455,1.0193744566748182,2.421014334602693,1.2742180708435227,5.733981318795852,0.0,0.0,3.7988884907930602,4.33603776902511,58032.0,0,0,0,49,UTAH
3177,490958,0.0,0.0,0.0,2067.5,684.0,346.0,1037.5,2143.6502973096444,384.25,299.75,341.25,4.75,113.5,137.75,113.25,673.0,0.0,0.0,76.15029730964423,0.0,58032.0,0,0,0,49,UTAH
3178,490959,0.0,0.0,0.0,2398.75,1254.25,28.5,1116.0,2487.0933626225915,808.75,445.5,27.5,1.0,79.75,104.25,76.75,855.25,0.0,0.0,88.34336262259171,0.0,58032.0,0,0,0,49,UTAH
3106,490887,58.0,181.48774880388208,0.319580800259281,0.0,0.0,0.0,0.0,6.138985217814592,0.0,0.0,0.0,0.0,0.0,0.0,0.0,0.0,0.0,0.0,2.135834853680607,4.003150364133985,58032.0,0,0,0,49,UTAH
3179,490960,239.0,734.1111334357843,0.3255637860734152,188.25,55.75,10.25,122.25,288.1995364089607,52.0,3.75,8.25,2.0,21.5,27.5,22.25,51.0,0.0,0.0,84.4372172227282,15.512319186232483,58032.0,0,0,0,49,UTAH
3107,490888,190.25,780.2727752915398,0.2438249879074857,0.0,0.0,0.0,0.0,19.015400579778927,0.0,0.0,0.0,0.0,0.0,0.0,0.0,0.0,0.0,0.0,7.005949487376968,12.009451092401957,91005.0,0,0,0,49,UTAH
3188,490969,257.25,1050.2443976156878,0.24494298715996063,59.0,0.0,0.0,59.0,87.65925563087325,0.0,0.0,0.0,0.0,0.0,59.0,0.0,0.0,0.0,0.0,11.645866583303803,17.01338904756944,91005.0,667,0,0,49,UTAH
3189,490970,225.75,924.055557531034,0.2443034925336925,0.0,0.0,0.0,0.0,23.32754924015213,0.0,0.0,0.0,0.0,0.0,0.0,0.0,0.0,0.0,0.0,8.315735374649686,15.011813865502443,91005.0,0,0,0,49,UTAH
3187,490968,543.5,1501.9220328456963,0.36186964976486086,360.75,92.5,2.75,265.5,432.3829120899816,18.25,74.25,2.75,0.0,20.5,46.25,30.5,168.25,0.0,0.0,35.85458842271413,35.77832366726743,61129.0,0,0,0,49,UTAH
3197,490978,416.75,1451.8823317650065,0.2870411677875923,48.0,0.0,0.0,48.0,97.0605685831138,0.0,0.0,0.0,0.0,0.0,48.0,0.0,0.0,0.0,4.92270531316092,17.11659831204847,27.0212649579044,99112.0,833,0,0,49,UTAH
3198,490979,144.0,552.9378592602126,0.26042709427178795,122.0,0.0,0.0,122.0,141.04913447796304,0.0,0.0,0.0,0.0,0.0,122.0,0.0,0.0,0.0,0.0,9.79194218385318,9.257192294109856,99112.0,0,0,1602,49,UTAH
3207,490988,215.0,602.0516255918384,0.35711223234161565,328.0,52.75,138.5,136.75,363.5080308486888,29.5,23.25,5.25,133.25,8.75,9.0,5.25,113.75,0.0,0.0,21.497004574219787,14.011026274468948,99112.0,0,0,0,49,UTAH
3212,490993,344.25,1325.931238125229,0.2596288480892453,41.5,4.0,0.25,37.25,77.96791769548042,3.0,1.0,0.25,0.0,9.0,8.25,2.0,18.0,0.0,0.0,14.20041239724844,22.26750529823198,99112.0,0,0,0,49,UTAH
3213,490994,6.0,23.50945691995343,0.2552164441921905,0.0,0.0,0.0,0.0,0.2209484331393731,0.0,0.0,0.0,0.0,0.0,0.0,0.0,0.0,0.0,0.0,0.2209484331393731,0.0,99112.0,0,0,0,49,UTAH
3200,490981,4.25,15.539146568868569,0.2735027938094447,200.75,29.0,4.75,167.0,208.29841403131672,27.25,1.75,4.75,0.0,14.0,32.25,10.0,110.75,0.0,0.0,7.548414031316713,0.0,99112.0,0,0,0,49,UTAH
3202,490983,334.25,1170.5562747693489,0.2855479973108187,39.75,12.0,8.0,19.75,76.04304381109117,12.0,0.0,6.0,2.0,5.0,1.25,0.25,13.25,0.0,0.0,14.275716808354248,22.01732700273692,113111.0,0,0,0,49,UTAH
3232,491013,1.75,4.284360328938621,0.4084623760937338,283.25,48.0,156.75,78.5,293.78605529183346,48.0,0.0,25.5,131.25,20.0,9.5,4.0,45.0,0.0,0.0,10.536055291833463,0.0,69330.0,0,0,0,49,UTAH
3230,491011,141.75,468.21107417937503,0.30274807200671755,41.75,10.25,9.5,22.0,62.52088237461261,0.0,10.25,0.5,9.0,1.0,0.25,2.5,18.25,0.0,0.0,11.513690080502752,9.257192294109856,78353.0,0,0,0,49,UTAH
3221,491002,535.0,2006.7159195563609,0.26660475196622563,0.0,0.0,0.0,0.0,58.23231729608102,0.0,0.0,0.0,0.0,0.0,0.0,0.0,0.0,0.0,0.0,23.20475160990866,35.027565686172366,87780.0,0,0,0,49,UTAH
3209,490990,188.25,531.0657973554196,0.35447585014406857,39.5,6.0,4.75,28.75,60.13804759530138,4.0,2.0,1.75,3.0,5.0,9.25,1.5,13.0,0.0,0.0,8.378492528091039,12.259555067210345,99112.0,0,0,0,49,UTAH
3219,491000,386.0,1405.234702814131,0.2746872100631974,112.75,5.5,0.0,107.25,156.13807955968943,5.5,0.0,0.0,0.0,7.0,74.75,1.75,23.75,0.0,0.0,18.36838978385201,25.01968977583741,93258.0,740,0,0,49,UTAH
3224,491005,393.0,1486.8802823149852,0.2643117974421734,262.0,27.75,2.5,231.75,312.14504139569846,25.0,2.75,2.25,0.25,15.75,72.5,7.25,136.25,0.0,0.0,24.124564028827542,26.020477366870907,104274.0,543,0,0,49,UTAH
3225,491006,441.5,1567.1742994350066,0.2817172283639212,0.0,0.0,0.0,0.0,45.27424835248226,0.0,0.0,0.0,0.0,0.0,0.0,0.0,0.0,0.0,0.0,16.25140821251087,29.022840139971397,101106.0,0,0,0,49,UTAH
3228,491009,1.25,2.63175085146566,0.4749689733372203,0.0,0.0,0.0,0.0,2.064471525625982,0.0,0.0,0.0,0.0,0.0,0.0,0.0,0.0,2.019319407926212,0.0,0.0451521176997706,0.0,107346.0,0,0,0,49,UTAH
3227,491008,7.999999999015955,25.509456916815623,0.31360918521720554,0.0,0.0,0.0,0.0,2.305045205565566,0.0,0.0,0.0,0.0,0.0,0.0,0.0,0.0,1.009659703838912,0.0,0.2945979108162603,1.0007875909103938,88338.0,0,0,0,49,UTAH
3250,491031,17.0,57.3179252614697,0.2965913354757757,0.0,0.0,0.0,0.0,7.874291525389635,0.0,0.0,0.0,0.0,0.0,0.0,0.0,0.0,0.0,0.0,6.873503934356139,1.0007875910334962,69330.0,0,0,0,49,UTAH
3242,491023,21.5,57.915732299288194,0.3712290106062294,10.5,1.5,2.25,6.75,12.927453790859,1.5,0.0,2.25,0.0,4.0,0.0,0.0,2.75,0.0,0.0,1.1763391745905312,1.251114616268469,69330.0,0,0,0,49,UTAH
3222,491003,109.75,290.82945922589306,0.37736892367136365,76.25,0.0,11.0,65.25,106.0767949998596,0.0,0.0,11.0,0.0,0.0,0.0,0.0,65.25,0.0,0.0,22.571103567130045,7.255691432729541,60557.0,0,0,0,49,UTAH
3175,490956,0.25,1.17216879348666,0.21327986326642054,1747.5,1011.25,12.75,723.5,1811.8471414054743,652.0,359.25,12.75,0.0,61.0,39.75,32.0,590.75,0.0,0.0,64.34714140547442,0.0,44074.0,0,0,0,49,UTAH
3181,490962,44.0,107.5869751303572,0.40897143865870034,374.25,260.25,9.0,105.0,392.65854111788894,101.75,158.5,4.75,4.25,7.0,13.25,15.75,69.0,0.0,0.0,15.406178344788405,3.002362773100489,44074.0,0,0,0,49,UTAH
3180,490961,75.0,181.8998422481367,0.4123148160716355,788.25,211.75,26.25,550.25,825.0546782642348,149.5,62.25,24.25,2.0,44.25,69.5,122.0,314.5,0.0,0.0,31.80074030906732,5.003937955167482,44074.0,0,0,0,49,UTAH
3184,490965,296.25,732.1439054897467,0.40463356695133873,269.25,64.25,24.25,180.75,309.0922050702152,33.25,31.0,22.25,2.0,5.0,13.0,87.75,75.0,0.0,0.0,20.827240840578774,19.014964229636437,44074.0,0,0,0,49,UTAH
3185,490966,320.0,682.1692931337735,0.4690917683057422,157.5,37.0,3.0,117.5,196.0971713832156,32.5,4.5,2.75,0.25,13.0,10.0,24.0,70.5,0.0,0.0,17.580631971512155,21.016539411703427,48351.0,0,0,0,49,UTAH
3186,490967,173.0,366.5255764836958,0.4719998032871127,399.5,152.75,73.0,173.75,431.5851301362128,53.75,99.0,72.75,0.25,4.75,6.75,3.25,159.0,0.0,0.0,21.07646663484431,11.008663501368458,48351.0,0,0,0,49,UTAH
3195,490976,266.0,774.6958010428574,0.3433605805555211,40.0,0.0,0.0,40.0,68.28175913767747,0.0,0.0,0.0,0.0,0.0,40.0,0.0,0.0,0.0,0.0,11.26837009010803,17.01338904756944,45450.0,412,0,0,49,UTAH
3194,490975,247.0,720.6768872029506,0.34273334470131556,1017.25,238.25,35.75,743.25,1079.8329597362545,131.5,106.75,30.5,5.25,89.75,111.25,149.0,393.25,0.0,0.0,46.57035827971852,16.01260145653594,45450.0,0,0,0,49,UTAH
3211,490992,610.25,2187.7142997551314,0.2789441016444902,523.25,105.0,9.75,408.5,605.0136339480351,57.5,47.5,7.5,2.25,22.75,111.25,21.0,253.5,0.0,0.0,41.73213030669528,40.03150364133985,75801.0,425,0,0,49,UTAH
3196,490977,223.0,613.7373544242239,0.3633476085372168,117.0,27.75,0.0,89.25,144.53222507673357,27.75,0.0,0.0,0.0,0.0,84.0,0.25,5.0,0.0,0.0,12.520411211231144,15.011813865502443,62215.0,0,1212,0,49,UTAH
3215,490996,84.25,222.02168645920256,0.37946743556279267,1337.25,169.75,73.25,1094.25,1398.5960516143198,131.0,38.75,67.5,5.75,56.5,344.25,62.5,631.0,0.0,0.0,56.092009684343694,5.254041929975871,51785.0,0,0,0,49,UTAH
3206,490987,176.0,477.3469690960406,0.3687045511848414,207.0,41.25,0.25,165.5,233.11123187540764,15.0,26.25,0.25,0.0,5.0,19.25,0.25,141.0,0.0,0.0,14.101780783005688,12.009451092401957,58353.0,0,0,0,49,UTAH
3208,490989,206.0,558.9537894916928,0.36854567206232636,46.5,16.0,1.0,29.5,68.80814865740163,2.0,14.0,1.0,0.0,2.0,2.25,12.25,13.0,0.0,0.0,9.297909973966188,13.010238683435452,58353.0,0,0,0,49,UTAH
3210,490991,277.0,760.8139412092394,0.36408375950595173,25.25,1.0,0.0,24.25,54.39382480144751,1.0,0.0,0.0,0.0,2.0,1.0,1.0,20.25,0.0,0.0,11.129648162844568,18.014176638602937,60125.0,0,0,0,49,UTAH
3216,490997,258.0,680.9916171715065,0.3788592891519003,94.0,0.0,0.0,94.0,123.97569712507934,0.0,0.0,0.0,0.0,0.0,94.0,0.0,0.0,0.0,0.0,12.96230807750989,17.01338904756944,51785.0,0,1255,0,49,UTAH
3223,491004,239.25,791.2575187709441,0.3023667950373801,0.0,0.0,0.0,0.0,24.822041422097517,0.0,0.0,0.0,0.0,0.0,0.0,0.0,0.0,0.0,0.0,8.809439965561571,16.01260145653594,102351.0,0,0,0,49,UTAH
3183,490964,228.0,668.5010740914599,0.3410615312920298,789.75,177.25,9.75,602.75,847.169729835834,66.0,111.25,9.0,0.75,57.5,38.5,178.5,328.25,0.0,4.92270531316092,37.48521065717072,15.011813865502443,58209.0,0,0,0,49,UTAH
3201,490982,325.0,1223.5126227332555,0.26562864490434845,98.0,0.0,98.0,0.0,134.59549814708686,0.0,0.0,90.0,8.0,0.0,0.0,0.0,0.0,0.0,0.0,15.578958735383434,21.016539411703427,83918.0,0,0,0,49,UTAH
3191,490972,281.0,774.9509952155283,0.3626035733031721,8.0,0.0,0.0,8.0,36.65652616814941,0.0,0.0,0.0,0.0,8.0,0.0,0.0,0.0,0.0,0.0,10.642349529546472,18.014176638602937,56042.0,0,0,0,49,UTAH
3182,490963,134.25,394.12769845714007,0.34062564119582983,93.25,2.75,0.0,90.5,110.63278601959928,2.75,0.0,0.0,0.0,7.75,67.0,1.5,14.25,0.0,0.0,8.375697700297822,9.007088319301467,58209.0,619,0,0,49,UTAH
3192,490973,57.5,159.33159378992767,0.36088260107290115,110.0,0.0,0.0,110.0,120.17280208503044,0.0,0.0,0.0,0.0,0.0,110.0,0.0,0.0,0.0,0.0,6.169651720896454,4.003150364133985,56042.0,0,0,1442,49,UTAH
3203,490984,303.5,1142.1097665050793,0.2657362793847103,49.0,0.0,0.0,49.0,81.99705850424344,0.0,0.0,0.0,0.0,0.0,49.0,0.0,0.0,0.0,0.0,12.981306683573514,20.01575182066993,83918.0,852,0,0,49,UTAH
3204,490985,321.0,724.6390595231369,0.4429791573907711,272.0,19.0,3.0,250.0,314.8706728283996,17.5,1.5,1.75,1.25,8.5,23.0,179.5,39.0,0.0,0.0,21.8541334166962,21.016539411703427,50048.0,0,0,0,49,UTAH
3193,490974,197.0,540.738285849612,0.36431672244267327,679.0,148.25,69.25,461.5,724.2980887415649,132.75,15.5,9.25,60.0,50.5,62.0,52.0,297.0,0.0,0.0,32.28785005812949,13.010238683435452,56042.0,0,0,0,49,UTAH
3205,490986,145.0,326.5454217489908,0.44404236085557103,675.5,83.25,23.0,569.25,714.7027749501045,35.0,48.25,10.0,13.0,81.0,217.75,79.75,190.75,0.0,0.0,30.195686630803067,9.007088319301467,50625.0,0,0,0,49,UTAH
3233,491014,94.5,304.8430261931992,0.30999561046251095,0.0,0.0,0.0,0.0,9.48315540572382,0.0,0.0,0.0,0.0,0.0,0.0,0.0,0.0,0.0,0.0,3.47842985952284,6.004725546200978,105921.0,0,0,0,49,UTAH
3214,490995,134.0,301.02982017186935,0.4451386242183393,588.25,101.25,42.75,444.25,624.3640824536407,58.5,42.75,41.75,1.0,67.75,98.25,33.75,244.5,0.0,0.0,27.106994134339157,9.007088319301467,49164.0,0,7,265,49,UTAH
3239,491020,6.5,20.789211909164194,0.312662164799749,0.0,0.0,0.0,0.0,26.4883697920188,0.0,0.0,0.0,0.0,0.0,0.0,0.0,0.0,0.0,0.0,26.238117131653777,0.2502526603650199,105921.0,0,0,0,49,UTAH
3234,491015,46.25,142.34448101470997,0.324916004261665,0.0,0.0,0.0,0.0,51.71277767135609,0.0,0.0,0.0,0.0,0.0,0.0,0.0,0.0,0.0,0.0,48.71034053338565,3.0024371379704418,105921.0,0,0,0,49,UTAH
3240,491021,26.75,81.55019326316109,0.32801884250204294,0.0,0.0,0.0,0.0,101.17777854087612,0.0,0.0,0.0,0.0,0.0,0.0,0.0,0.0,1.0096597039631057,0.0,98.41709373050756,1.7510251064054363,105921.0,0,0,0,49,UTAH
3236,491017,290.5,937.428536688852,0.30989028883854186,239.0,0.0,56.0,183.0,277.5124051410834,0.0,0.0,49.0,7.0,1.0,182.0,0.0,0.0,0.0,0.0,19.49744091144697,19.014964229636437,105921.0,921,438,414,49,UTAH
3237,491018,222.5,719.9057353545518,0.309068241955899,209.5,40.25,7.25,162.0,240.16421487635932,37.25,3.0,6.0,1.25,10.75,14.0,5.75,131.5,0.0,0.0,15.902504985665296,14.761709890694052,105921.0,0,0,0,49,UTAH
3238,491019,0.25,1.1720461146709735,0.2133021874059811,0.0,0.0,0.0,0.0,0.0106712272204147,0.0,0.0,0.0,0.0,0.0,0.0,0.0,0.0,0.0,0.0,0.0106712272204147,0.0,105921.0,0,0,0,49,UTAH
3241,491022,88.5,264.7512096406345,0.3342760930918023,85.0,17.75,36.0,31.25,99.39681478399493,16.5,1.25,35.75,0.25,8.0,4.75,2.0,16.5,0.0,0.0,8.642267533289017,5.754547250705911,105921.0,0,0,0,49,UTAH
3130,490911,18.0,46.56806129045033,0.38653101506055704,0.0,0.0,0.0,0.0,6.711931410267145,0.0,0.0,0.0,0.0,0.0,0.0,0.0,0.0,5.048298519815528,0.0,0.6628452994181193,1.0007875910334962,62476.0,0,0,0,49,UTAH
3147,490928,258.75,677.825607080709,0.38173535684849175,95.25,1.75,91.25,2.25,125.30345703125218,1.75,0.0,51.25,40.0,0.0,0.5,0.25,1.5,0.0,0.0,13.040067983682745,17.01338904756944,51304.0,0,0,0,49,UTAH
3154,490935,0.0,0.0,0.0,1024.25,492.5,181.25,350.5,1062.0240505272652,489.25,3.25,143.75,37.5,146.25,23.25,17.25,163.75,0.0,0.0,37.77405052726522,0.0,51304.0,0,0,0,49,UTAH
3157,490938,14.0,34.274108012577656,0.40847160763052925,0.0,0.0,0.0,0.0,1.5163339350253668,0.0,0.0,0.0,0.0,0.0,0.0,0.0,0.0,0.0,0.0,0.5155463439918706,1.0007875910334962,51304.0,0,0,0,49,UTAH
3152,490933,4.166128818112533,8.37746609480471,0.49730178206225867,408.70258495241114,63.474092723852344,185.5691392031465,159.6593530254123,425.52279752494746,60.68850098520774,2.7855917386446016,114.32968592933841,71.23945327380808,35.55071505098089,18.641199411478492,7.330084759544878,98.13735380340802,1.579727373125805,0.0,15.226546497144119,0.01393870226642261,51304.0,0,0,0,49,UTAH
3158,490939,0.0,0.0,0.0,892.4999905012178,154.24999835833373,489.4999947903038,248.7499973525803,925.3860944211698,150.2499984009053,3.999999957428427,437.24999534639494,52.24999944390883,57.499999388033636,22.74999975787418,13.999999850999494,154.499998355673,0.0,0.0,32.88610391995181,0.0,51304.0,0,0,0,49,UTAH
3165,490946,0.0,0.0,0.0,1345.25,151.75,692.75,500.75,1394.7913535678622,142.5,9.25,677.75,15.0,68.75,44.75,91.25,296.0,0.0,0.0,49.54135356786215,0.0,51304.0,0,0,0,49,UTAH
3155,490936,14.0,34.274108012577656,0.40847160763052925,0.0,0.0,0.0,0.0,2.5259936389884725,0.0,0.0,0.0,0.0,0.0,0.0,0.0,0.0,1.0096597039631057,0.0,0.5155463439918706,1.0007875910334962,51304.0,0,0,0,49,UTAH
3149,490930,15.0,40.8034101978261,0.3676163322446799,0.0,0.0,0.0,0.0,2.562818377845035,0.0,0.0,0.0,0.0,0.0,0.0,0.0,0.0,1.0096597039631057,0.0,0.5523710828484328,1.0007875910334962,51304.0,0,0,0,49,UTAH
3150,490931,12.75,33.945888647041464,0.3755977677464991,91.0,13.0,2.0,76.0,95.8266711007076,11.75,1.25,1.5,0.5,5.75,16.0,4.75,49.5,0.0,0.0,3.825883509674094,1.0007875910334962,51304.0,0,0,0,49,UTAH
3169,490950,9.25,26.068913834876,0.35482874578475887,113.5,29.0,32.0,52.5,119.02574703217044,28.25,0.75,30.0,2.0,12.0,4.25,3.25,33.0,0.0,0.0,4.524959441136937,1.0007875910334962,51304.0,0,0,0,49,UTAH
3161,490942,5.25,13.774464806540418,0.3811400351109964,0.0,0.0,0.0,0.0,0.1947949215032256,0.0,0.0,0.0,0.0,0.0,0.0,0.0,0.0,0.0,0.0,0.1947949215032256,0.0,51304.0,0,0,0,49,UTAH
3168,490949,3.0,5.764651092624225,0.5204131094488008,0.0,0.0,0.0,0.0,0.1104742165696865,0.0,0.0,0.0,0.0,0.0,0.0,0.0,0.0,0.0,0.0,0.1104742165696865,0.0,51304.0,0,0,0,49,UTAH
3166,490947,2.0,2.921550364208075,0.684568037745304,0.0,0.0,0.0,0.0,1.08330918167623,0.0,0.0,0.0,0.0,0.0,0.0,0.0,0.0,1.0096597039631057,0.0,0.0736494777131243,0.0,51304.0,0,0,0,49,UTAH
3167,490948,1.75,2.441450120579283,0.716787119773218,17.25,3.75,0.75,12.75,17.889911239051305,2.5,1.25,0.75,0.0,0.0,2.0,3.0,7.75,0.0,0.0,0.6399112390513033,0.0,51304.0,0,0,0,49,UTAH
3170,490951,3.0,5.764651092624225,0.5204131094488008,0.0,0.0,0.0,0.0,0.1104742165696865,0.0,0.0,0.0,0.0,0.0,0.0,0.0,0.0,0.0,0.0,0.1104742165696865,0.0,51304.0,0,0,0,49,UTAH
3171,490952,5.25,18.15864560539363,0.2891184791029019,0.0,0.0,0.0,0.0,6.474348431993731,0.0,0.0,0.0,0.0,0.0,0.0,0.0,0.0,0.0,0.0,6.22409577162871,0.2502526603650199,51304.0,0,0,0,49,UTAH
3172,490953,2.75,4.591951338723243,0.5988739420667765,0.0,0.0,0.0,0.0,0.0986316142427498,0.0,0.0,0.0,0.0,0.0,0.0,0.0,0.0,0.0,0.0,0.0986316142427498,0.0,51304.0,0,0,0,49,UTAH
3174,490955,3.5,10.64247914457152,0.3288707407789723,32.0,5.5,0.0,26.5,41.55669199277261,5.5,0.0,0.0,0.0,2.0,7.0,1.5,16.0,0.0,0.0,9.556691992772617,0.0,51304.0,0,0,0,49,UTAH
3341,491122,11.0,40.49002747994486,0.2716718334026426,0.0,0.0,0.0,0.0,2.415519422418786,0.0,0.0,0.0,0.0,0.0,0.0,0.0,0.0,1.0096597039631057,0.0,0.405072127422184,1.0007875910334962,76841.0,0,0,0,49,UTAH
3348,491129,11.0,39.56806129045033,0.27800199558058275,0.0,0.0,0.0,0.0,9.483137350160526,0.0,0.0,0.0,0.0,0.0,0.0,0.0,0.0,8.077277631704845,0.0,0.405072127422184,1.0007875910334962,76841.0,0,0,0,49,UTAH
3377,491158,17.25,43.29234948436313,0.39845377313676567,82.5,12.75,1.0,68.75,133.73660008265912,11.5,1.25,1.0,0.0,5.0,12.5,4.0,47.25,0.0,0.0,50.48584210156408,0.7507579810950598,75589.0,0,0,0,49,UTAH
3375,491156,7.0,18.0586043704969,0.3876268540129376,0.0,0.0,0.0,0.0,0.2577731719959353,0.0,0.0,0.0,0.0,0.0,0.0,0.0,0.0,0.0,0.0,0.2577731719959353,0.0,75589.0,0,0,0,49,UTAH
3376,491157,23.5,67.0463587313267,0.35050374762589265,0.0,0.0,0.0,0.0,18.87364488718104,0.0,0.0,0.0,0.0,0.0,0.0,0.0,0.0,0.0,0.0,17.122248000609115,1.7513968865719256,75589.0,0,0,0,49,UTAH
3370,491151,13.0,38.8034101978261,0.3350221007309379,20.0,4.0,1.0,15.0,22.218848218480574,3.75,0.25,1.0,0.0,1.0,4.75,0.5,8.75,0.0,0.0,1.2180606274470758,1.0007875910334962,75589.0,0,0,0,49,UTAH
3384,491165,9.0,26.50945691995343,0.3395014853444916,0.0,0.0,0.0,0.0,2.3418699447056617,0.0,0.0,0.0,0.0,0.0,0.0,0.0,0.0,1.0096597039631057,0.0,0.3314226497090596,1.0007875910334962,75589.0,0,0,0,49,UTAH
3386,491167,12.5,37.35887203975989,0.33459254301619806,0.0,0.0,0.0,0.0,1.1774494990968116,0.0,0.0,0.0,0.0,0.0,0.0,0.0,0.0,0.0,0.0,0.42691461261161,0.7505348864852015,75589.0,0,0,0,49,UTAH
3394,491175,80.0,210.20459462927155,0.3805815954741257,0.0,0.0,0.0,0.0,124.55852385236774,0.0,0.0,0.0,0.0,0.0,0.0,0.0,0.0,2.019319407926212,0.0,117.03431506769086,5.504889376750688,75589.0,0,0,0,49,UTAH
3409,491190,19.0,55.64525428861592,0.3414487047080865,0.0,0.0,0.0,0.0,2.201758020891769,0.0,0.0,0.0,0.0,0.0,0.0,0.0,0.0,0.0,0.0,0.7004651091282332,1.501292911763536,56564.0,0,0,0,49,UTAH
3413,491194,8.75,21.881309592078946,0.39988465787109506,0.0,0.0,0.0,0.0,3.3408584214483525,0.0,0.0,0.0,0.0,0.0,0.0,0.0,0.0,2.019319407926212,0.0,0.3207514224886449,1.0007875910334962,56564.0,0,0,0,49,UTAH
3414,491195,102.5,343.2402157186698,0.2986246812174601,109.5,3.5,15.0,91.0,124.90648042906103,2.75,0.75,5.75,9.25,81.0,2.75,2.0,5.25,1.0096597039631057,0.0,7.641708933785093,6.755111791312824,56564.0,0,0,0,49,UTAH
3416,491197,34.75,96.73876269403284,0.35921484865283987,0.0,0.0,0.0,0.0,131.85797688222772,0.0,0.0,0.0,0.0,0.0,0.0,0.0,0.0,0.7571270460052277,0.0,128.34851667306043,2.7523331631620525,56564.0,0,0,0,49,UTAH
3417,491198,249.0,867.0074673446345,0.2871947582673158,133.0,0.0,133.0,0.0,244.68036655458695,0.0,0.0,133.0,0.0,0.0,0.0,0.0,0.0,1.0096597039631057,0.0,94.40815028156928,16.2625565690546,56564.0,0,0,0,49,UTAH
3422,491203,0.0,0.0,0.0,869.25,641.0,125.5,102.75,901.2625417668436,594.75,46.25,94.0,31.5,97.0,3.5,0.75,1.5,0.0,0.0,32.01254176684364,0.0,56564.0,0,0,0,49,UTAH
3419,491200,0.0,0.0,0.0,661.5,17.75,615.75,28.0,685.8589785169805,17.75,0.0,502.25,113.5,7.0,2.0,0.0,19.0,0.0,0.0,24.358978516980542,0.0,56564.0,0,0,0,49,UTAH
3418,491199,73.75,224.67242644119,0.3282556794716628,55.75,2.0,26.75,27.0,65.43766490189459,2.0,0.0,2.25,24.5,23.0,1.0,0.0,3.0,0.0,0.0,4.683652581857157,5.004012320037434,56564.0,0,0,0,49,UTAH
3427,491208,28.25,84.48223017993325,0.33438984671489075,0.0,0.0,0.0,0.0,23.109536839527134,0.0,0.0,0.0,0.0,0.0,0.0,0.0,0.0,0.0,0.0,21.35799126739858,1.751545572128556,56564.0,0,0,0,49,UTAH
3415,491196,38.25,154.8264302869608,0.24705084221799917,97.5,0.0,19.25,78.25,106.76864050763028,0.0,0.0,18.25,1.0,76.25,2.0,0.0,0.0,2.019319407926212,0.0,4.997493257272042,2.2518278424320126,57510.0,0,0,0,49,UTAH
3433,491214,51.75,160.75148020934623,0.32192549600542475,0.0,0.0,0.0,0.0,30.1558474244225,0.0,0.0,0.0,0.0,0.0,0.0,0.0,0.0,1.0096597039631057,0.0,25.893274915880625,3.25291280457877,56564.0,0,0,0,49,UTAH
3444,491225,11.0,44.175813111490704,0.24900503749049854,172.0,0.0,9.0,163.0,181.76162770740737,0.0,0.0,7.5,1.5,161.0,2.0,0.0,0.0,2.019319407926212,0.0,6.7415207084476645,1.0007875910334962,61056.0,0,0,0,49,UTAH
3446,491227,21.0,54.175813111490704,0.3876268540129376,157.0,0.25,5.75,151.0,165.56365700921037,0.25,0.0,4.0,1.75,149.0,2.0,0.0,0.0,1.0096597039631057,0.0,6.553209714213758,1.0007875910334962,56564.0,0,0,0,49,UTAH
3243,491024,19.411203247124924,52.03317668781151,0.37305435652311214,38.82240649424985,5.375410129973056,0.7465847402740355,32.700411624002754,42.33854566520751,4.927459285808634,0.4479508441644213,0.5972677922192284,0.1493169480548071,2.3890711688769137,6.868579610521127,2.3890711688769137,21.053689675727803,0.0,0.0,2.320618365262021,1.1955208056956481,105921.0,0,0,0,49,UTAH
3385,491166,62.0,178.14671726988746,0.34802774336880804,0.0,0.0,0.0,0.0,161.14963284188798,0.0,0.0,0.0,0.0,0.0,0.0,0.0,0.0,1.0096597039631057,0.0,156.387224031346,3.752749106578885,75589.0,0,0,0,49,UTAH
3245,491026,86.75,251.0171428265292,0.34559392646720727,323.25,68.0,8.75,246.5,343.960410998507,59.0,9.0,8.25,0.5,24.75,45.25,47.75,128.75,0.0,0.0,15.20574471636616,5.50466628214083,105921.0,0,0,0,49,UTAH
3246,491027,0.0,0.0,0.0,358.75,64.25,188.0,106.5,371.98167383645847,62.5,1.75,50.0,138.0,24.25,10.25,5.5,66.5,0.0,0.0,13.231673836458464,0.0,105921.0,0,0,0,49,UTAH
3248,491029,147.25,476.0144557450037,0.30933934510358735,26.0,0.0,25.0,1.0,48.64366500717547,0.0,0.0,25.0,0.0,1.0,0.0,0.0,0.0,0.0,0.0,12.635789096840508,10.007875910334963,105921.0,0,0,0,49,UTAH
3256,491037,82.50000022221542,205.8887337116176,0.40070186811567254,1.5000000040402806,0.0,0.2500000006733801,1.2500000033669003,58.744651079490666,0.0,0.0,0.2500000006733801,0.0,1.0000000026935203,0.0,0.0,0.2500000006733801,0.7571943541902573,0.0,51.233266312491736,5.2541904087683955,105921.0,0,0,0,49,UTAH
3249,491030,66.75000006897469,201.4632351613158,0.33132596136226333,8.750000009041624,0.25000000025833213,0.25000000025833213,8.25000000852496,84.93281721387649,0.0,0.25000000025833213,0.25000000025833213,0.0,0.0,1.2500000012916606,0.0,7.0000000072333,1.0096597050064158,0.0,70.66979931397405,4.503358185854387,105921.0,0,0,0,49,UTAH
3277,491058,87.0,303.5643355888976,0.28659493161877836,277.75,23.5,29.25,225.0,297.1954601887412,20.0,3.5,25.0,4.25,15.0,130.0,27.75,52.25,0.0,0.0,13.440734642540242,6.004725546200978,85315.0,0,0,1374,49,UTAH
3285,491066,122.00000112375592,369.5122170687409,0.33016499993303355,0.0,0.0,0.0,0.0,14.353470362787679,0.0,0.0,0.0,0.0,0.0,0.0,0.0,0.0,2.019319426526393,0.0,4.3287420708612645,8.005408865400021,30043.0,0,0,0,49,UTAH
3290,491071,52.250000041271676,165.59725302866994,0.3155245578392874,145.50000011492878,11.750000009281191,4.000000003159554,129.75000010248806,156.27411316647482,9.750000007701415,2.000000001579777,3.50000000276461,0.5000000003949443,6.500000005134276,20.500000016192715,15.000000011848329,87.75000006931272,0.0,0.0,7.271542326062089,3.502570725483909,75991.0,0,0,0,49,UTAH
3281,491062,73.5,228.66687209461645,0.32142828266609424,0.0,0.0,0.0,0.0,8.560050069418596,0.0,0.0,0.0,0.0,0.0,0.0,0.0,0.0,1.0096597039631057,0.0,2.546675637447691,5.003714728007799,69330.0,0,0,0,49,UTAH
3267,491048,1.6002358627097322,5.041197727607345,0.3174316797665535,0.0,0.0,0.0,0.0,0.5974928235580759,0.0,0.0,0.0,0.0,0.0,0.0,0.0,0.0,0.5385645558048844,0.0,0.058928267753191356,0.0,69330.0,0,0,0,49,UTAH
3280,491061,15.25,53.263996536022375,0.28630972123329956,24.0,3.5,0.0,20.5,26.446451160389152,3.5,0.0,0.0,0.0,1.0,4.25,0.25,15.0,0.0,0.0,1.445663569355656,1.0007875910334962,104591.0,0,0,0,49,UTAH
3279,491060,349.0,1085.0886085521122,0.3216327194381739,0.0,0.0,0.0,0.0,35.86919840858772,0.0,0.0,0.0,0.0,0.0,0.0,0.0,0.0,0.0,0.0,12.851083814817308,23.018114593770413,75108.0,0,0,0,49,UTAH
3265,491046,10.266863125058851,31.55684245946563,0.3253450701934615,0.0,0.0,0.0,0.0,4.290287575278826,0.0,0.0,0.0,0.0,0.0,0.0,0.0,0.0,0.0,0.0,3.614354286289921,0.6759332889889043,72269.0,0,0,0,49,UTAH
3297,491078,194.0,603.3993458614999,0.32151178374749084,0.0,0.0,0.0,0.0,20.156581869985725,0.0,0.0,0.0,0.0,0.0,0.0,0.0,0.0,0.0,0.0,7.146343186550271,13.010238683435452,75108.0,0,0,0,49,UTAH
3295,491076,207.7500000319085,566.7001885192223,0.36659596068735334,71.00000001090496,5.250000000806352,1.5000000002303864,64.25000000986822,95.02211111600465,4.250000000652761,1.000000000153591,0.25000000003839773,1.2500000001919886,11.500000001766296,12.250000001881489,1.2500000001919886,39.25000000602844,0.0,0.0,10.511367098859084,13.51074400624062,89915.0,0,0,0,49,UTAH
3291,491072,119.25,419.2146259447528,0.28446049498214704,495.5,107.0,3.0,385.5,526.14937724249,73.5,33.5,3.0,0.0,25.0,236.75,35.0,88.75,0.0,0.0,22.64307651422196,8.00630072826797,85315.0,528,0,0,49,UTAH
3296,491077,216.75,764.8417434906498,0.2833919589832766,37.0,0.0,5.5,31.5,60.35593291587296,0.0,0.0,5.5,0.0,23.75,0.5,3.0,4.25,0.0,0.0,9.344906641404007,14.011026274468948,85315.0,0,0,0,49,UTAH
3309,491090,5.5,13.794129752408388,0.3987203323964476,0.0,0.0,0.0,0.0,0.2017001777561723,0.0,0.0,0.0,0.0,0.0,0.0,0.0,0.0,0.0,0.0,0.2017001777561723,0.0,109773.0,0,0,0,49,UTAH
3311,491092,223.0,762.5682731884755,0.29243283236474693,0.0,0.0,0.0,0.0,24.224970808642155,0.0,0.0,0.0,0.0,0.0,0.0,0.0,0.0,0.0,0.0,9.463260917948102,14.761709890694052,83427.0,0,0,0,49,UTAH
3316,491097,87.5,258.69142749006625,0.33824081783057924,196.75,20.75,32.0,144.0,238.4652623254109,19.75,1.0,2.0,30.0,14.0,26.0,12.0,92.0,0.0,0.0,35.960566389148376,5.754695936262541,109773.0,0,0,0,49,UTAH
3317,491098,236.7183366672988,815.636859565377,0.2902251582811465,65.39180570919856,7.847016685103827,8.718907427893141,48.82588159620159,98.98916632550343,6.975125942314513,0.8718907427893141,0.8718907427893141,7.847016685103827,6.103235199525199,8.718907427893141,0.8718907427893141,33.131848225993934,0.0,0.0,17.89096676613548,15.706393850169425,83427.0,0,0,0,49,UTAH
3318,491099,240.25,879.3460343775365,0.27321440093838145,0.0,0.0,0.0,0.0,38.35978788674102,0.0,0.0,0.0,0.0,0.0,0.0,0.0,0.0,0.0,0.0,22.34718643020508,16.01260145653594,114538.0,0,0,0,49,UTAH
3288,491069,128.25,384.0391233376263,0.33395035090539354,150.0,15.25,5.5,129.25,191.13882079935655,12.5,2.75,2.0,3.5,9.5,22.75,55.5,41.5,0.0,0.0,32.88137520901724,8.257445590339326,30043.0,0,0,0,49,UTAH
3284,491065,106.25,349.7234208068444,0.30381150840533183,0.0,0.0,0.0,0.0,43.13115022449469,0.0,0.0,0.0,0.0,0.0,0.0,0.0,0.0,1.0096597039631057,0.0,35.11605179235034,7.005438728181247,30043.0,0,0,0,49,UTAH
3271,491052,106.75,341.74831737583656,0.3123643762746081,51.25,13.0,18.0,20.25,64.3676258973421,13.0,0.0,9.25,8.75,6.75,2.0,0.5,11.0,0.0,0.0,5.86186009974259,7.255765797599494,30043.0,0,0,0,49,UTAH
3272,491053,123.49999992741476,397.8844906360583,0.3103915906095953,6.74999999603279,2.4999999985306633,0.0,4.249999997502127,39.62116942005234,1.9999999988245305,0.4999999997061326,0.0,0.0,0.0,0.7499999995591989,0.7499999995591989,2.7499999983837293,0.0,0.0,24.864794379770526,8.006375044249024,30043.0,0,0,0,49,UTAH
3270,491051,3.5,8.102004872575842,0.4319918409142177,535.5,174.0,71.5,290.0,567.5882583824111,116.0,58.0,22.0,49.5,24.75,35.75,13.75,215.75,0.0,0.0,31.838080086916037,0.2501782954950671,30043.0,0,0,0,49,UTAH
3283,491064,128.5,408.419764936022,0.3146272806364531,293.25,133.75,11.5,148.0,317.7738018313149,130.0,3.75,2.0,9.5,8.5,69.5,4.25,65.75,0.0,0.0,16.267322807551857,8.256479023763038,30043.0,454,0,0,49,UTAH
3287,491068,231.5,545.2872353123316,0.4245468901677124,358.75,98.75,51.5,208.5,395.5023623326117,49.0,49.75,9.5,42.0,20.75,49.25,11.25,127.25,0.0,0.0,21.74054846710925,15.011813865502443,56620.0,0,0,0,49,UTAH
3286,491067,196.0,462.328808943116,0.42394070239329484,226.25,79.75,25.75,120.75,257.79146571350174,52.75,27.0,1.25,24.5,14.5,9.5,20.5,76.25,0.0,0.0,18.53122703006627,13.010238683435452,56620.0,0,0,0,49,UTAH
3292,491073,183.75,416.9047943203007,0.44074810964833394,371.0,27.75,41.5,301.75,403.6802621085992,24.5,3.25,6.75,34.75,93.5,36.0,24.75,147.5,0.0,0.0,20.670811016197188,12.009451092401957,77634.0,0,0,0,49,UTAH
3293,491074,312.0,852.9500637901401,0.365789292064306,1692.5,105.0,124.0,1463.5,1786.2940548056265,86.0,19.0,12.25,111.75,94.5,145.75,857.75,365.5,0.0,0.0,73.77830298495661,20.01575182066993,89915.0,0,0,0,49,UTAH
3301,491082,345.25,1110.8243214272325,0.31080522215826956,0.0,0.0,0.0,0.0,63.22989334088636,0.0,0.0,0.0,0.0,0.0,0.0,0.0,0.0,0.0,0.0,40.46188272192433,22.768010618962023,71171.0,0,0,0,49,UTAH
3304,491085,95.0,281.4159941433908,0.3375785384522045,81.0,8.0,15.25,57.75,138.29064629508076,8.0,0.0,1.25,14.0,5.25,10.0,1.25,41.25,1.0096597039631057,0.0,50.02652871772496,6.254457873392703,82941.0,0,0,0,49,UTAH
3303,491084,247.50000005237993,646.8404265660279,0.38262914605742526,30.750000006507808,2.000000000423272,5.250000001111089,23.500000004973447,163.96790843696638,2.000000000423272,0.0,0.0,5.250000001111089,3.250000000687817,4.000000000846544,0.0,16.250000003439087,0.0,14.76811594413596,102.4362245040046,16.013567982318,82148.0,0,0,0,49,UTAH
3432,491213,311.75,1176.8552683787796,0.26490088320670285,46.5,16.0,29.5,1.0,79.70800778662976,16.0,0.0,28.5,1.0,1.0,0.0,0.0,0.0,0.0,0.0,13.192255965959838,20.01575182066993,77834.0,0,0,0,49,UTAH
3426,491207,381.75,956.5569408031891,0.39908758560620256,293.75,56.75,54.25,182.75,349.3908721911544,16.75,40.0,4.0,50.25,9.0,69.5,51.0,53.25,0.0,0.0,30.621182415316905,25.01968977583741,60420.0,447,0,0,49,UTAH
3431,491212,248.75,898.4440243970752,0.27686755462248225,98.5,3.0,22.75,72.75,127.55070702086051,3.0,0.0,0.0,22.75,13.5,27.5,21.25,10.5,0.0,0.0,13.0381055643246,16.01260145653594,77052.0,0,1224,1459,49,UTAH
3450,491231,101.75,364.8715969886871,0.27886522502642147,0.0,0.0,0.0,0.0,12.239533409679453,0.0,0.0,0.0,0.0,0.0,0.0,0.0,0.0,0.0,0.0,5.734153857191804,6.505379552487648,67250.0,0,0,0,49,UTAH
3442,491223,589.75,1932.438304709696,0.3051843872907478,59.0,0.0,0.0,59.0,122.94129392048691,0.0,0.0,0.0,0.0,0.0,59.0,0.0,0.0,0.0,0.0,25.410860184667285,38.53043373581963,67250.0,631,0,0,49,UTAH
3443,491224,263.75000003760715,864.6710989040233,0.30502927687985887,0.0,0.0,0.0,0.0,154.8298407529838,0.0,0.0,0.0,0.0,0.0,0.0,0.0,0.0,0.0,0.0,137.56590158310794,17.263939169875876,67250.0,0,0,0,49,UTAH
3282,491063,429.5,1503.1060410062896,0.28574164981231875,195.5,110.5,42.75,42.25,247.53492083659248,25.5,85.0,20.25,22.5,3.5,11.0,0.75,27.0,0.0,0.0,24.012868287654584,28.022052548937896,55219.0,0,0,0,49,UTAH
3421,491202,192.75,482.5836793796877,0.3994125956513087,1208.5,232.0,352.5,624.0,1277.6125871751992,169.25,62.75,16.5,336.0,68.25,219.5,62.5,273.75,0.0,0.0,56.60263076206736,12.509956413131995,54104.0,0,0,0,49,UTAH
3420,491201,293.5,824.5450085639077,0.3559538860239814,624.25,82.0,111.5,430.75,677.3173576418228,33.0,49.0,7.0,104.5,19.75,230.0,14.0,167.0,0.0,0.0,34.0523934121864,19.014964229636437,43532.0,470,0,0,49,UTAH
3425,491206,310.5,801.6877821188202,0.38730788584474146,352.25,137.25,38.0,177.0,399.4254918778916,133.25,4.0,2.25,35.75,10.75,71.0,3.0,92.25,0.0,0.0,27.159740057221672,20.01575182066993,67233.0,408,0,0,49,UTAH
3424,491205,306.75,795.6318935175374,0.38554261398929024,132.0,34.75,3.0,94.25,168.1943319822611,2.5,32.25,1.25,1.75,13.0,78.25,0.5,2.5,0.0,0.0,16.178580161591192,20.01575182066993,65557.0,0,713,0,49,UTAH
3423,491204,0.0,0.0,0.0,419.0,93.75,26.0,299.25,434.4286438551126,41.75,52.0,3.0,23.0,152.0,26.25,54.0,67.0,0.0,0.0,15.428643855112616,0.0,74447.0,0,0,0,49,UTAH
3430,491211,338.75,757.3593680353233,0.44727775782156914,146.75,12.0,2.5,132.25,186.886878305064,1.0,11.0,1.0,1.5,52.0,7.25,58.0,15.0,0.0,0.0,17.869373006832042,22.26750529823198,64531.0,0,0,0,49,UTAH
3436,491217,180.75,554.2096855715201,0.32614009589818765,192.5,2.0,3.5,187.0,217.99797379741867,0.0,2.0,2.0,1.5,149.25,22.25,5.25,10.25,0.0,0.0,13.738626679825114,11.759347117593569,79681.0,0,0,0,49,UTAH
3438,491219,218.5,683.9543484173876,0.3194657662541228,0.0,0.0,0.0,0.0,131.5697074828738,0.0,0.0,0.0,0.0,0.0,0.0,0.0,0.0,0.0,0.0,117.30783371744675,14.26187376542704,76922.0,0,0,0,49,UTAH
3435,491216,53.5,159.70929805906175,0.3349836274417491,0.0,0.0,0.0,0.0,5.222745143072512,0.0,0.0,0.0,0.0,0.0,0.0,0.0,0.0,0.0,0.0,1.9707244076502508,3.252020735422261,79681.0,0,0,0,49,UTAH
3440,491221,181.0,615.7162160588027,0.2939665957778087,0.0,0.0,0.0,0.0,90.65235549793528,0.0,0.0,0.0,0.0,0.0,0.0,0.0,0.0,0.0,0.0,78.6420120270939,12.010343470841391,79681.0,0,0,0,49,UTAH
3449,491230,87.0,251.7392203564976,0.3455957314748014,0.0,0.0,0.0,0.0,9.064993404000171,0.0,0.0,0.0,0.0,0.0,0.0,0.0,0.0,0.0,0.0,3.3098514110677377,5.755141992932433,79681.0,0,0,0,49,UTAH
3470,491251,7.0,18.98015473470498,0.368806266220822,0.0,0.0,0.0,0.0,0.2577731719959353,0.0,0.0,0.0,0.0,0.0,0.0,0.0,0.0,0.0,0.0,0.2577731719959353,0.0,79681.0,0,0,0,49,UTAH
3478,491259,198.75,676.8366453388884,0.2936454480836908,217.0,133.5,14.0,69.5,251.09230282461093,39.5,94.0,14.0,0.0,36.25,32.0,0.25,1.0,0.0,0.0,21.331870700687304,12.760432123923598,93711.0,320,0,0,49,UTAH
3457,491238,238.25,851.0219821895109,0.27995751577066197,48.75,0.25,0.0,48.5,90.18548775946611,0.25,0.0,0.0,0.0,26.25,6.0,0.0,16.25,1.0096597039631057,0.0,24.913583631789948,15.512244423713057,67250.0,0,0,0,49,UTAH
3453,491234,4.25,8.166712985500045,0.5204052116862503,0.0,0.0,0.0,0.0,1.1676298866097692,0.0,0.0,0.0,0.0,0.0,0.0,0.0,0.0,1.0096597039631057,0.0,0.1579701826466634,0.0,56564.0,0,0,0,49,UTAH
3456,491237,7.0,15.293953277872676,0.45769722666327317,0.0,0.0,0.0,0.0,2.2770925799221464,0.0,0.0,0.0,0.0,0.0,0.0,0.0,0.0,2.019319407926212,0.0,0.2577731719959353,0.0,79681.0,0,0,0,49,UTAH
3455,491236,0.0,0.0,0.0,0.0,0.0,0.0,0.0,0.0,0.0,0.0,0.0,0.0,0.0,0.0,0.0,0.0,0.0,0.0,0.0,0.0,56564.0,0,0,0,49,UTAH
3469,491250,6.75,19.882480570980768,0.33949486211755087,0.0,0.0,0.0,0.0,0.4989484073948518,0.0,0.0,0.0,0.0,0.0,0.0,0.0,0.0,0.0,0.0,0.2486957470298319,0.2502526603650199,56564.0,0,0,0,49,UTAH
3477,491258,94.75,303.0273228175056,0.3126780750957629,376.5,234.0,2.25,140.25,400.4065633793256,173.0,61.0,2.0,0.25,130.75,7.25,1.25,1.0,0.0,0.0,17.40133251239461,6.505230866931018,47060.0,0,0,0,49,UTAH
3484,491265,249.75,742.3139294402888,0.3364479502470251,242.75,88.75,2.0,152.0,313.0996201485821,32.75,56.0,2.0,0.0,121.75,6.75,9.0,14.5,0.0,34.458937201292855,19.377799220449862,16.512883726839398,46734.0,0,0,0,49,UTAH
3486,491267,399.25,1327.4313333170958,0.30076885333294107,0.0,0.0,0.0,0.0,196.69845919840867,0.0,0.0,0.0,0.0,0.0,0.0,0.0,0.0,0.0,0.0,170.6774614983645,26.0209977000442,93711.0,0,0,0,49,UTAH
3501,491282,289.880210363053,995.4579668481832,0.2912028634226225,0.0,0.0,0.0,0.0,29.833768426786474,0.0,0.0,0.0,0.0,0.0,0.0,0.0,0.0,0.0,0.0,10.67443751300093,19.159330913785542,74183.0,0,0,0,49,UTAH
3483,491264,319.0,762.0224200237151,0.4186228536295196,1381.5,17.5,10.0,1354.0,1464.865825094703,0.0,17.5,8.0,2.0,943.5,362.25,40.5,7.75,0.0,0.0,62.59946402267782,20.766361072025084,52410.0,512,0,0,49,UTAH
3482,491263,96.75,278.35776446241323,0.34757428156118203,50.0,1.0,2.0,47.0,73.28534561491607,0.0,1.0,2.0,0.0,34.0,13.0,0.0,0.0,0.0,0.0,17.0308876973401,6.254457917575978,52410.0,0,0,0,49,UTAH
3489,491270,1.0,1.0,1.0,0.0,0.0,0.0,0.0,1.0464844428196678,0.0,0.0,0.0,0.0,0.0,0.0,0.0,0.0,1.0096597039631057,0.0,0.0368247388565621,0.0,52410.0,0,0,0,49,UTAH
3490,491271,39.25,116.6838983300954,0.3363788882761088,0.0,0.0,0.0,0.0,41.66840566461753,0.0,0.0,0.0,0.0,0.0,0.0,0.0,0.0,1.0096597039631057,0.0,38.40706675959576,2.251679201058657,52410.0,0,0,0,49,UTAH
3497,491278,104.0,321.4858859531057,0.3234978720501907,55.0,1.0,0.0,54.0,67.86064661542787,0.0,1.0,0.0,0.0,50.0,3.0,1.0,0.0,0.0,0.0,5.855133478193388,7.005513137234474,52410.0,0,0,0,49,UTAH
3500,491281,97.25,274.2757399936166,0.35457018547197566,172.25,52.75,29.25,90.25,188.15274641265935,42.25,10.5,0.0,29.25,9.0,10.5,10.0,60.75,0.0,0.0,9.647322016873655,6.255424395785714,52410.0,0,0,0,49,UTAH
3495,491276,151.0,510.4365211031609,0.2958252275398656,0.0,0.0,0.0,0.0,16.31939864923,0.0,0.0,0.0,0.0,0.0,0.0,0.0,0.0,1.514321398155967,0.0,5.048272368139769,9.756804882934263,52410.0,0,0,0,49,UTAH
3502,491283,433.9999993856747,1183.2867643965767,0.3667749969357557,264.4999996256013,14.249999979829182,22.99999996744359,227.24999967832852,319.21646413778313,8.499999987968284,5.749999991860897,9.499999986552787,13.499999980890804,195.49999972327052,6.24999999115315,6.24999999115315,19.249999972751702,0.0,0.0,26.44230022115208,28.274164291029766,52410.0,0,0,0,49,UTAH
3481,491262,1.75,5.204425403343782,0.3362522976841297,0.0,0.0,0.0,0.0,1.0714665793492937,0.0,0.0,0.0,0.0,0.0,0.0,0.0,0.0,1.0096597039631057,0.0,0.0618068753861877,0.0,67754.0,0,0,0,49,UTAH
3452,491233,3.0,7.377863261898718,0.4066217946180721,0.0,0.0,0.0,0.0,0.1104742165696865,0.0,0.0,0.0,0.0,0.0,0.0,0.0,0.0,0.0,0.0,0.1104742165696865,0.0,56564.0,0,0,0,49,UTAH
3451,491232,0.0,0.0,0.0,0.0,0.0,0.0,0.0,6.057958223778634,0.0,0.0,0.0,0.0,0.0,0.0,0.0,0.0,6.057958223778634,0.0,0.0,0.0,56564.0,0,0,0,49,UTAH
3468,491249,315.75,976.8181804924008,0.3232433694475616,64.0,0.0,0.0,64.0,163.3577561572616,0.0,0.0,0.0,0.0,0.0,64.0,0.0,0.0,0.0,0.0,78.84172233138788,20.51603382587373,75166.0,661,0,0,49,UTAH
3466,491247,0.0,0.0,0.0,205.25,4.25,6.0,195.0,212.8067267679711,0.0,4.25,6.0,0.0,129.5,62.0,3.25,0.25,0.0,0.0,7.55672676797109,0.0,76443.0,0,0,0,49,UTAH
3465,491246,6.0,21.436813037779228,0.2798923510423813,0.0,0.0,0.0,0.0,1.2306081371024788,0.0,0.0,0.0,0.0,0.0,0.0,0.0,0.0,1.0096597039631057,0.0,0.2209484331393731,0.0,74530.0,0,0,0,49,UTAH
3474,491255,163.25,521.7292249014232,0.31290177396300706,27.75,0.0,0.0,27.75,55.73161285946037,0.0,0.0,0.0,0.0,27.75,0.0,0.0,0.0,0.0,0.0,17.223722395813503,10.75789046364687,70232.0,0,0,0,49,UTAH
3467,491248,656.25,2141.0816750146387,0.30650395436013117,0.0,0.0,0.0,0.0,72.17297197862955,0.0,0.0,0.0,0.0,0.0,0.0,0.0,0.0,0.0,0.0,29.13903124350253,43.03394073512702,76443.0,0,0,0,49,UTAH
3472,491253,247.25,769.7693424231821,0.3212001132984507,123.25,0.0,17.5,105.75,173.86908782090504,0.0,0.0,4.5,13.0,99.75,5.25,0.25,0.5,0.0,0.0,34.35653107511736,16.2625567457877,55079.0,0,0,0,49,UTAH
3471,491252,3.0,12.214739407970375,0.24560491221306258,1.0,0.0,0.0,1.0,2.156958659389354,0.0,0.0,0.0,0.0,1.0,0.0,0.0,0.0,1.0096597039631057,0.0,0.1472989554262487,0.0,74530.0,0,0,0,49,UTAH
3473,491254,180.75,569.4086749873619,0.3174345736899983,140.0,50.75,20.0,69.25,163.8098959953096,31.75,19.0,1.0,19.0,26.25,3.0,40.0,0.0,0.0,0.0,11.800444902907646,12.009451092401957,55079.0,0,0,0,49,UTAH
3459,491240,43.25,171.80658502166577,0.2517365675742052,0.0,0.0,0.0,0.0,8.633714464415238,0.0,0.0,0.0,0.0,0.0,0.0,0.0,0.0,4.038638815852423,0.0,1.5927128754623272,3.002362773100489,74530.0,0,0,0,49,UTAH
3461,491242,104.0,418.0183084711177,0.2487929305785077,74.0,0.25,32.0,41.75,98.6665733972967,0.0,0.25,32.0,0.0,14.0,27.5,0.25,0.0,11.106256743594162,0.0,6.55480351646807,7.005513137234474,74530.0,0,0,0,49,UTAH
3479,491260,121.0000013780176,357.1624969105718,0.33878137381348356,0.0,0.0,0.0,0.0,163.7897374455062,0.0,0.0,0.0,0.0,0.0,0.0,0.0,0.0,0.0,0.0,156.03242543993548,7.757312005570678,73175.0,0,0,0,49,UTAH
3464,491245,21.0,83.43543965764819,0.25169160834013793,91.0,0.25,6.25,84.5,97.13481804693156,0.25,0.0,1.0,5.25,71.25,12.0,1.25,0.0,1.0096597039631057,0.0,4.124370751934965,1.0007875910334962,74530.0,0,0,0,49,UTAH
3505,491286,0.0,0.0,0.0,0.0,0.0,0.0,0.0,106.01426887005232,0.0,0.0,0.0,0.0,0.0,0.0,0.0,0.0,106.01426887005232,0.0,0.0,0.0,74530.0,0,0,0,49,UTAH
3508,491289,102.5,410.06810502064366,0.24995847944535932,117.5,12.0,10.0,95.5,145.7207779341778,11.0,1.0,10.0,0.0,45.5,49.0,1.0,0.0,12.115916447557266,0.0,9.099348349386052,7.005513137234474,67985.0,318,0,0,49,UTAH
3510,491291,20.0,63.54994355456815,0.31471310407737324,209.25,1.25,3.0,205.0,239.1361136263128,0.0,1.25,3.0,0.0,173.75,29.25,2.0,0.0,20.193194079262117,0.0,8.441879295652148,1.2510402513985164,67754.0,0,0,0,49,UTAH
3512,491293,88.0,313.32200082410026,0.28086122190124596,0.0,0.0,0.0,0.0,25.130073264307896,0.0,0.0,0.0,0.0,0.0,0.0,0.0,0.0,13.125576151520374,0.0,6.249875541394932,5.754621571392589,67754.0,0,0,0,49,UTAH
3511,491292,206.5,631.1352545957443,0.32718818747063605,16.5,0.0,1.0,15.5,44.81961647988392,0.0,0.0,0.0,1.0,14.5,1.0,0.0,0.0,2.019319407926212,0.0,12.789330017365636,13.510967054592076,67754.0,0,0,0,49,UTAH
3556,491342,0.0,0.0,0.0,0.0,0.0,0.0,0.0,2.019319406695471,0.0,0.0,0.0,0.0,0.0,0.0,0.0,0.0,2.019319406695471,0.0,0.0,0.0,91516.0,0,0,0,49,UTAH
2728,490510,0.0,0.0,0.0,2560.25,415.0,1200.25,945.0,2959.724494411133,393.75,21.25,999.5,200.75,179.25,242.25,48.75,474.75,0.0,305.20772947097555,94.26676494015736,0.0,83312.0,0,0,0,49,UTAH
3552,491341,0.0,0.0,0.0,0.0,0.0,0.0,0.0,78.76328494097092,0.0,0.0,0.0,0.0,0.0,0.0,0.0,0.0,0.0,78.76328494097092,0.0,0.0,66402.0,0,0,0,49,UTAH
3515,491296,325.74999997981456,1068.4830186647876,0.30487148067817005,0.0,0.0,0.0,0.0,35.281296680063996,0.0,0.0,0.0,0.0,0.0,0.0,0.0,0.0,0.0,0.0,13.76023708546889,21.521059594595112,109972.0,0,0,0,49,UTAH
2720,490502,1126.0,4020.092628440934,0.280093048611341,0.0,0.0,0.0,0.0,686.4164089744249,0.0,0.0,0.0,0.0,0.0,0.0,0.0,0.0,2.019319407926212,0.0,610.837678890942,73.55941067555665,128261.0,0,0,0,49,UTAH
3509,491290,47.75,147.27640053965956,0.32422030837955984,0.0,0.0,0.0,0.0,412.6638936111474,0.0,0.0,0.0,0.0,0.0,0.0,0.0,0.0,407.90252040109465,0.0,1.759010436952199,3.002362773100489,67754.0,0,0,0,49,UTAH
2909,490691,409.0,955.4793659753884,0.4280573862340583,944.75,144.25,33.75,766.75,1021.637581041763,124.75,19.5,31.5,2.25,86.25,141.75,83.75,455.0,0.0,0.0,49.86631608385875,27.0212649579044,54433.0,0,0,0,49,UTAH
2958,490739,142.25,468.47944735893714,0.3036419223979566,59.0,0.0,0.0,59.0,75.41810993410061,0.0,0.0,0.0,0.0,0.0,59.0,0.0,0.0,0.0,0.0,7.411021614799153,9.007088319301467,58209.0,0,0,0,49,UTAH
3015,490796,136.0,447.4853952185902,0.30392053339208075,130.75,7.75,8.75,114.25,149.57610464241358,6.5,1.25,8.5,0.25,5.0,7.75,61.5,40.0,0.0,0.0,9.819016323112107,9.007088319301467,60368.0,0,0,0,49,UTAH
2318,490102,559.25,2004.2393842740732,0.2790335348102931,0.0,0.0,0.0,0.0,57.62274691722042,0.0,0.0,0.0,0.0,0.0,0.0,0.0,0.0,0.0,0.0,20.59360604898105,37.02914086823937,70511.0,0,0,0,49,UTAH
2457,490239,416.5,1656.6068381491325,0.25141753034494324,0.0,0.0,0.0,0.0,42.52015355425158,0.0,0.0,0.0,0.0,0.0,0.0,0.0,0.0,0.0,0.0,15.248710389218662,27.27144316503292,96951.0,0,0,0,49,UTAH
2713,490495,274.75,883.4368829566113,0.3110012784167332,764.5,54.0,199.75,510.75,820.7838290183979,31.0,23.0,67.0,132.75,115.5,113.0,124.25,158.0,0.0,0.0,38.26965237979495,18.014176638602937,100384.0,648,1442,0,49,UTAH
2712,490494,77.75,252.8459488594829,0.3074994887231076,0.0,0.0,0.0,0.0,7.867018481349179,0.0,0.0,0.0,0.0,0.0,0.0,0.0,0.0,0.0,0.0,2.863080526181698,5.003937955167482,100384.0,0,0,0,49,UTAH
2765,490547,917.5,2317.118605547052,0.39596591982972146,610.0,195.75,6.75,407.5,732.3235953512605,145.75,50.0,2.0,4.75,254.25,45.0,25.0,83.25,0.0,0.0,62.27626552438071,60.04732982687973,58545.0,0,0,0,49,UTAH
2764,490546,423.25,881.9362210361545,0.4799099865778719,499.25,69.75,9.75,419.75,560.7107982625431,63.25,6.5,7.25,2.5,345.75,20.75,15.25,38.0,0.0,0.0,33.93917671364857,27.521621548894533,58545.0,0,0,0,49,UTAH
2848,490630,466.0,1471.41144735101,0.31670271482455997,543.75,53.0,81.0,409.75,610.9638971179951,7.75,45.25,69.0,12.0,92.25,3.75,169.0,144.75,0.0,0.0,37.19026938699012,30.02362773100489,71786.0,0,0,0,49,UTAH
3308,491089,308.5,944.1422987431056,0.32675159285914024,6.75,0.5,2.25,4.0,38.63751671165528,0.5,0.0,0.25,2.0,3.0,0.0,0.0,1.0,0.0,0.0,11.621512230620333,20.266004481034948,97392.0,0,0,0,49,UTAH
2321,490105,14.0,43.4896116546584,0.3219159580262747,49.25,1.0,7.0,41.25,52.57697931878249,0.0,1.0,6.0,1.0,36.25,5.0,0.0,0.0,0.0,0.0,2.3261917277489976,1.0007875910334962,81720.0,0,0,0,49,UTAH
2382,490164,185.44486930727632,712.2266012519442,0.2603734106270439,64.02976092404538,2.434413547329329,1.297300219743384,60.29804715697267,88.73544143199913,0.40620298903573315,2.028210558293596,0.4585506509152719,0.8387495688281121,45.73745194213379,8.615755134762786,2.813508356451151,3.131331723624952,2.9617803630425374,0.0,9.100292430110855,12.643607714800371,79647.0,0,0,0,49,UTAH
2441,490223,885.0,2940.801910599062,0.30093832461490727,0.0,0.0,0.0,0.0,240.40048907977524,0.0,0.0,0.0,0.0,0.0,0.0,0.0,0.0,0.0,0.0,182.35748611188387,58.04300296789138,91516.0,0,0,0,49,UTAH
2446,490228,513.75,1740.3342145296344,0.2952019190973918,29.0,0.0,1.0,28.0,82.76712154475844,0.0,0.0,1.0,0.0,20.0,3.0,0.0,5.0,0.0,0.0,19.990521745114638,33.776599799643805,106764.0,0,0,0,49,UTAH
2607,490389,107.0,403.7392172750002,0.26502255768509786,44.25,8.25,12.25,23.75,56.81901521203263,8.0,0.25,12.0,0.25,3.0,3.75,2.25,14.75,0.0,0.0,5.563502074798158,7.005513137234474,77253.0,0,0,0,49,UTAH
2613,490395,212.75,804.3857803165746,0.26448751980209045,48.0,0.0,0.0,48.0,71.61395573718848,0.0,0.0,0.0,0.0,0.0,48.0,0.0,0.0,0.0,0.0,9.602929462719525,14.011026274468948,77253.0,903,0,0,49,UTAH
2553,490335,8.5,20.94531984550077,0.4058185820364004,4546.5,107.25,49.75,4389.5,4714.760464870234,34.75,72.5,48.75,1.0,2948.0,6.5,25.5,1409.5,0.0,0.0,167.76010823505982,0.5003566351734092,75570.0,0,0,0,49,UTAH
2648,490430,300.0,822.5190565059786,0.3647331908325451,203.75,67.75,4.0,132.0,242.31709282553405,65.75,2.0,4.0,0.0,11.5,62.25,30.25,28.0,0.0,0.0,18.55134100486413,20.01575182066993,109972.0,0,0,0,49,UTAH
2722,490504,329.50000032339193,917.6799102742955,0.3590576590315724,0.0,0.0,0.0,0.0,34.15191437544791,0.0,0.0,0.0,0.0,0.0,0.0,0.0,0.0,0.0,0.0,12.134587351101805,22.017327024346105,113023.0,0,0,0,49,UTAH
2725,490507,261.0,949.6261136229532,0.27484501137426537,0.0,0.0,0.0,0.0,26.62464588913217,0.0,0.0,0.0,0.0,0.0,0.0,0.0,0.0,0.0,0.0,9.611256841562732,17.01338904756944,145664.0,0,0,0,49,UTAH
2715,490497,235.75,648.3751582726036,0.3636012222122813,0.0,0.0,0.0,0.0,23.696891132332908,0.0,0.0,0.0,0.0,0.0,0.0,0.0,0.0,0.0,0.0,8.685077266830463,15.011813865502443,141611.0,0,0,0,49,UTAH
2700,490482,208.0,704.4883727307094,0.29524972739260236,68.25,3.0,0.5,64.75,92.93296830187802,3.0,0.0,0.0,0.5,12.0,36.0,1.5,15.25,0.0,0.0,11.17229866258247,13.51066963929554,140311.0,774,0,0,49,UTAH
2701,490483,262.25,773.7095636857484,0.3389514778009336,91.25,5.0,8.0,78.25,121.2791766216223,5.0,0.0,0.0,8.0,12.5,27.25,4.0,34.5,0.0,0.0,13.015787574052869,17.01338904756944,132959.0,0,0,0,49,UTAH
2687,490469,275.0,1011.089966622852,0.2719837097370566,35.0,0.0,0.0,35.0,64.92867321086653,0.0,0.0,0.0,0.0,0.0,35.0,0.0,0.0,0.0,0.0,11.914496572263594,18.014176638602937,127440.0,905,0,0,49,UTAH
2688,490470,292.25,1055.979297215135,0.2767573197417144,0.0,0.0,0.0,0.0,29.765231382242614,0.0,0.0,0.0,0.0,0.0,0.0,0.0,0.0,0.0,0.0,10.750415838162816,19.0148155440798,119970.0,0,0,0,49,UTAH
2681,490463,468.75,1790.484671508253,0.26180062161891526,0.0,0.0,0.0,0.0,48.28689046692284,0.0,0.0,0.0,0.0,0.0,0.0,0.0,0.0,0.0,0.0,17.26247514488446,31.024415322038383,105558.0,0,0,0,49,UTAH
2660,490442,603.5,1865.795797187688,0.3234544749804104,901.75,294.0,30.5,577.25,996.7204251169726,38.5,255.5,6.0,24.5,302.0,33.0,186.0,56.25,0.0,0.0,55.43927811080623,39.53114700616644,67267.0,0,0,0,49,UTAH
2763,490545,1907.0,4300.667773094006,0.443419510786358,2733.5,449.25,253.0,2031.25,3043.4815445843265,102.5,346.75,94.25,158.75,1168.75,177.25,274.25,411.0,0.0,0.0,185.38285773063643,124.59868685369032,67267.0,469,140,64,49,UTAH
2570,490352,146.25,474.6162492698832,0.3081436849770333,1517.5,122.75,195.0,1199.75,1607.24770830291,109.75,13.0,7.0,188.0,359.75,238.75,80.5,520.75,1.0096597039631057,0.0,79.48048452467063,9.257564074276344,83312.0,0,0,0,49,UTAH
2760,490542,448.75,1573.7360564738249,0.28514946846009676,0.0,0.0,0.0,0.0,47.05887098874624,0.0,0.0,0.0,0.0,0.0,0.0,0.0,0.0,0.0,0.0,17.78577818840983,29.27309280033641,105591.0,0,0,0,49,UTAH
2782,490564,307.25,995.650609401289,0.3085921879611539,36.0,0.0,0.0,36.0,68.65730737752702,0.0,0.0,0.0,0.0,0.0,36.0,0.0,0.0,0.0,0.0,12.641555556857083,20.01575182066993,85941.0,643,0,0,49,UTAH
2751,490533,75.5,236.5475174609456,0.3191747721996921,1802.5,257.75,37.25,1507.5,1877.41240898328,147.75,110.0,4.0,33.25,48.0,2.25,35.25,1422.0,0.0,0.0,69.65821836774737,5.254190615532501,60581.0,0,0,0,49,UTAH
2762,490544,177.0,303.0215922179275,0.5841167908348422,640.75,75.5,114.5,450.75,682.8714162498494,48.5,27.0,3.25,111.25,26.75,44.0,102.0,278.0,0.0,0.0,30.11196515744745,12.009451092401957,29406.0,0,0,0,49,UTAH
2806,490588,12.75,31.85846708945988,0.40020757948577623,801.5,227.5,7.75,566.25,832.2245765377769,19.75,207.75,7.75,0.0,111.5,21.75,67.75,365.25,0.0,0.0,29.97396728642171,0.7506092513551542,76529.0,0,0,0,49,UTAH
2857,490639,379.0,978.9292870994568,0.3871576885016563,218.0,22.5,5.25,190.25,265.00849692063986,18.0,4.5,5.0,0.25,12.0,40.5,38.0,99.75,0.0,0.0,21.98880714480246,25.01968977583741,54061.0,0,0,0,49,UTAH
2892,490674,576.75,1630.544786746234,0.35371613505379973,236.75,0.0,6.0,230.75,305.4911277570335,0.0,0.0,6.0,0.0,29.75,160.0,10.0,31.0,0.0,0.0,30.711199297760626,38.02992845927286,96732.0,0,0,2270,49,UTAH
2895,490677,330.75,845.4338933857109,0.3912192338012908,0.0,0.0,0.0,0.0,34.94472261125164,0.0,0.0,0.0,0.0,0.0,0.0,0.0,0.0,0.0,0.0,12.927395608514724,22.01732700273692,73742.0,0,0,0,49,UTAH
2993,490774,110.0,258.3696086375001,0.4257466680391699,68.0,0.0,0.0,68.0,81.56031665370254,0.0,0.0,0.0,0.0,0.0,68.0,0.0,0.0,0.0,0.0,6.55480351646807,7.005513137234474,22568.0,496,0,0,49,UTAH
2919,490701,343.9999988197644,995.5361040795068,0.3455424644170328,0.0,0.0,0.0,0.0,35.93503704610417,0.0,0.0,0.0,0.0,0.0,0.0,0.0,0.0,0.0,0.0,13.917710118906882,22.01732692719729,64980.0,0,0,0,49,UTAH
2983,490764,42.75,112.36670446876384,0.38045077678578554,5860.25,260.0,68.75,5531.5,6080.549041259628,90.75,169.25,5.75,63.0,151.25,210.0,4670.75,499.5,0.0,0.0,217.5462619956132,2.752779264015219,22498.0,0,0,0,49,UTAH
2967,490748,351.25,673.794482760662,0.5213013893507454,259.0,1.25,0.5,257.25,310.7342384256898,1.25,0.0,0.5,0.0,14.25,184.5,30.5,28.0,0.0,0.0,28.716123831919383,23.018114593770413,22498.0,0,0,1915,49,UTAH
2985,490766,110.0,202.3855786191792,0.5435169874775642,1727.75,149.5,42.5,1535.75,1802.4234279284808,119.5,30.0,38.0,4.5,81.25,415.5,106.5,932.5,0.0,0.0,67.66791479124632,7.005513137234474,23990.0,0,0,0,49,UTAH
2989,490770,252.25,525.5021844537176,0.48001703411038116,664.75,151.25,28.0,485.5,745.5727905352716,87.25,64.0,25.0,3.0,63.0,37.0,44.25,341.25,0.0,0.0,64.30968375800562,16.513106777265982,37024.0,0,0,0,49,UTAH
2946,490727,454.72688355142225,1567.8163856465655,0.29003835379861365,125.73299706277814,87.2278734987915,24.000000000027157,14.505123563959483,176.59827284313968,45.22787349874397,42.00000000004752,24.000000000027157,0.0,1.7384417754558181,5.867240992163386,0.5975893603129375,6.3018514360273405,0.0,0.0,21.374706610415725,29.490569169945836,55528.0,0,0,0,49,UTAH
2951,490732,262.0,787.0532498656551,0.33288726022632104,179.0,18.75,5.25,155.0,212.26030210810904,17.5,1.25,4.5,0.75,13.0,37.0,18.0,87.0,0.0,0.0,16.24691306053959,17.01338904756944,62082.0,0,0,0,49,UTAH
2956,490737,30.699907528288396,98.78097997634863,0.3107876388312704,0.0,0.0,0.0,0.0,15.201736484795875,0.0,0.0,0.0,0.0,0.0,0.0,0.0,0.0,0.8984481028030835,0.0,12.07673988753386,2.2265484944589318,58209.0,0,0,0,49,UTAH
2959,490740,26.25,86.83017280730435,0.3023142664734141,0.0,0.0,0.0,0.0,4.703029205835444,0.0,0.0,0.0,0.0,0.0,0.0,0.0,0.0,0.0,0.0,3.20195934449849,1.5010698613369526,58209.0,0,0,0,49,UTAH
2996,490777,192.0,469.1550166769626,0.40924639655340594,2358.5,316.25,29.25,2013.0,2497.6903932158457,182.75,133.5,26.75,2.5,262.5,686.75,169.75,894.0,0.0,0.0,126.68036248202672,12.510030733818674,48358.0,0,0,0,49,UTAH
3017,490798,304.5,865.0304727298114,0.3520107205461527,75.5,0.25,66.0,9.25,161.44669176932197,0.0,0.25,66.0,0.0,0.75,1.0,0.25,7.25,0.0,0.0,66.18052354610387,19.766168223218106,56681.0,0,0,0,49,UTAH
3024,490805,1.0,3.764651092624226,0.2656288658354604,4236.5,889.75,121.0,3225.75,4392.501721189297,642.75,247.0,118.25,2.75,298.0,215.0,384.5,2328.25,0.0,0.0,156.00172118929714,0.0,56681.0,0,0,0,49,UTAH
3038,490819,22.0,57.94046420411493,0.37970009909650604,522.25,60.0,290.75,171.5,543.306352135266,38.5,21.5,289.25,1.5,27.25,35.25,33.75,75.25,0.0,0.0,20.05556454423259,1.0007875910334962,129892.0,0,0,0,49,UTAH
3083,490864,35.5,116.35713668913856,0.30509516657188224,111.5,9.0,65.0,37.5,119.15770999318968,9.0,0.0,24.0,41.0,5.5,7.0,2.0,23.0,0.0,0.0,5.405956515627608,2.25175347756206,69079.0,0,0,0,49,UTAH
3077,490858,345.75,1094.9731209556385,0.3157611756699986,326.75,7.0,7.75,312.0,374.2814865458748,1.0,6.0,6.0,1.75,273.0,23.5,9.5,6.0,0.0,0.0,24.76355024759941,22.767936298275345,102613.0,0,0,0,49,UTAH
3088,490869,359.25,1255.9209016647878,0.28604508414805074,0.0,0.0,0.0,0.0,36.75540424091584,0.0,0.0,0.0,0.0,0.0,0.0,0.0,0.0,0.0,0.0,13.236784326415384,23.51861991450045,114395.0,0,0,0,49,UTAH
3087,490868,200.0,637.7388017033979,0.3136080154850242,0.0,0.0,0.0,0.0,20.378202379592462,0.0,0.0,0.0,0.0,0.0,0.0,0.0,0.0,0.0,0.0,7.367963696157011,13.010238683435452,71157.0,0,0,0,49,UTAH
3101,490882,220.25,713.9709794373234,0.30848592778039496,40.75,3.0,5.5,32.25,64.37228311603168,3.0,0.0,1.0,4.5,11.25,2.0,1.0,18.0,0.0,0.0,9.611256841562732,14.011026274468948,90129.0,0,0,0,49,UTAH
3220,491001,343.75,1334.8780804063028,0.2575141543228961,0.0,0.0,0.0,0.0,34.928384573506385,0.0,0.0,0.0,0.0,0.0,0.0,0.0,0.0,0.0,0.0,12.660804910404446,22.267579663101937,78865.0,0,0,0,49,UTAH
3226,491007,238.5,823.6843706772473,0.28955265935652175,68.0,0.0,0.0,68.0,95.29787595364996,0.0,0.0,0.0,0.0,0.0,68.0,0.0,0.0,0.0,0.0,11.285274497114024,16.01260145653594,78783.0,432,0,0,49,UTAH
3251,491032,18.0,60.39131675357146,0.2980560942800689,0.0,0.0,0.0,0.0,1.6636328904516156,0.0,0.0,0.0,0.0,0.0,0.0,0.0,0.0,0.0,0.0,0.6628452994181193,1.0007875910334962,69330.0,0,0,0,49,UTAH
3269,491050,1.5185564526905444,2.917982704738038,0.5204131094488008,0.0,0.0,0.0,0.0,3.122370961758875,0.0,0.0,0.0,0.0,0.0,0.0,0.0,0.0,3.066450516949598,0.0,0.05592044480927667,0.0,69330.0,0,0,0,49,UTAH
3153,490934,0.0,0.0,0.0,2926.3728141509905,327.76174937392005,261.06023482907506,2337.550829947995,3034.1613466667322,278.79734169306005,48.964407680860006,218.09146890505502,42.968765924020005,83.689166189225,1391.9881612130202,116.66519585184501,745.2083066939051,0.0,0.0,107.78853251574232,0.0,51304.0,0,0,0,49,UTAH
3162,490943,3.5,7.415152310768185,0.4720064879742722,0.0,0.0,0.0,0.0,0.127378623575681,0.0,0.0,0.0,0.0,0.0,0.0,0.0,0.0,0.0,0.0,0.127378623575681,0.0,51304.0,0,0,0,49,UTAH
3164,490945,0.25,0.25,1.0,1044.0,231.0,402.25,410.75,1082.4738677195376,224.75,6.25,346.0,56.25,65.0,39.25,26.25,280.25,0.0,0.0,38.47386771953766,0.0,51304.0,0,0,0,49,UTAH
3355,491136,21.0,55.09736347569878,0.38114346450102377,0.0,0.0,0.0,0.0,1.774107107021302,0.0,0.0,0.0,0.0,0.0,0.0,0.0,0.0,0.0,0.0,0.7733195159878059,1.0007875910334962,51304.0,0,0,0,49,UTAH
3360,491141,9.25,25.37744058828061,0.3644969620881186,0.0,0.0,0.0,0.0,2.3511190493358143,0.0,0.0,0.0,0.0,0.0,0.0,0.0,0.0,1.0096597039631057,0.0,0.3406717543392126,1.0007875910334962,51304.0,0,0,0,49,UTAH
3362,491143,7.5,17.406807957828242,0.4308659013283982,0.0,0.0,0.0,0.0,0.7773780625525453,0.0,0.0,0.0,0.0,0.0,0.0,0.0,0.0,0.0,0.0,0.277021427379136,0.5003566351734092,51304.0,0,0,0,49,UTAH
3410,491191,379.75,987.2825821571244,0.3846416485645681,159.0,19.75,63.0,76.25,203.85278712589408,18.5,1.25,3.5,59.5,20.5,9.5,1.5,44.75,0.0,0.0,19.833097350056665,25.01968977583741,56564.0,0,0,0,49,UTAH
3406,491187,0.0,0.0,0.0,100.75,10.0,4.25,86.5,104.44992408025092,9.0,1.0,1.25,3.0,16.5,9.0,1.25,59.75,0.0,0.0,3.699924080250909,0.0,75589.0,0,0,0,49,UTAH
3411,491192,33.5,88.10260144622276,0.38023848842248065,364.75,37.0,219.5,108.25,381.4194141999861,36.75,0.25,29.0,190.5,44.25,5.0,1.0,58.0,0.0,0.0,14.66783901791911,2.001575182066993,56564.0,0,0,0,49,UTAH
3247,491028,132.2500006111371,422.76988028590654,0.31281793424285664,0.0,0.0,0.0,0.0,14.84555293800934,0.0,0.0,0.0,0.0,0.0,0.0,0.0,0.0,1.0096597086288184,0.0,4.829176560258288,9.006716669122236,105921.0,0,0,0,49,UTAH
3299,491080,43.5,144.16552423015423,0.3017364951314856,64.0,0.0,0.0,64.0,71.66513991900055,0.0,0.0,0.0,0.0,0.0,64.0,0.0,0.0,0.0,0.0,4.662925831456692,3.0022140875438583,104591.0,0,0,0,49,UTAH
3307,491088,195.75,602.3923489833926,0.3249543264125963,48.0,0.0,0.0,48.0,69.95637854205515,0.0,0.0,0.0,0.0,0.0,48.0,0.0,0.0,0.0,0.0,9.196095147871464,12.760283394183691,97392.0,761,0,0,49,UTAH
3313,491094,60.75,218.79901579882213,0.27765207159733046,80.0,11.75,3.0,65.25,104.4368761569353,11.5,0.25,0.5,2.5,5.5,17.75,2.25,39.75,0.0,0.0,20.433725792801315,4.003150364133985,120577.0,0,0,0,49,UTAH
3306,491087,198.75,566.8211753948917,0.3506396878372359,87.5,2.25,0.0,85.25,111.88396904416656,2.25,0.0,0.0,0.0,3.0,69.25,0.25,12.75,1.0096597039631057,0.0,10.364739852231027,13.009569487972428,89915.0,409,126,0,49,UTAH
3305,491086,9.0,24.66635619153728,0.3648694574145406,0.0,0.0,0.0,0.0,2.3418699447056617,0.0,0.0,0.0,0.0,0.0,0.0,0.0,0.0,1.0096597039631057,0.0,0.3314226497090596,1.0007875910334962,89915.0,0,0,0,49,UTAH
3437,491218,302.0,894.3275788459778,0.3376838723789494,0.0,0.0,0.0,0.0,31.63699463501576,0.0,0.0,0.0,0.0,0.0,0.0,0.0,0.0,0.0,0.0,11.62124281434583,20.01575182066993,62024.0,0,0,0,49,UTAH
3448,491229,74.75,200.59503035450587,0.37264133547025796,0.0,0.0,0.0,0.0,27.08375858745317,0.0,0.0,0.0,0.0,0.0,0.0,0.0,0.0,0.0,0.0,22.57965680173598,4.504101785717192,79681.0,0,0,0,49,UTAH
3441,491222,177.75,567.4853315537886,0.3132239550814753,0.0,0.0,0.0,0.0,19.45775770089288,0.0,0.0,0.0,0.0,0.0,0.0,0.0,0.0,0.0,0.0,7.948737696900833,11.509020003992044,79681.0,0,0,0,49,UTAH
3454,491235,13.25,35.59775093936547,0.3722145262089466,0.0,0.0,0.0,0.0,1.4887583007989575,0.0,0.0,0.0,0.0,0.0,0.0,0.0,0.0,0.0,0.0,0.4879707097654613,1.0007875910334962,56564.0,0,0,0,49,UTAH
3476,491257,172.5,523.182890311697,0.32971261712558986,24.0,0.0,4.5,19.5,82.60962302855494,0.0,0.0,0.0,4.5,18.5,1.0,0.0,0.0,0.0,0.0,47.3507067784549,11.258916250100029,47060.0,0,0,0,49,UTAH
3475,491256,232.5,766.0738461375829,0.3034955457260764,130.5,54.0,1.0,75.5,162.3783525106314,12.0,42.0,1.0,0.0,46.75,3.75,13.0,12.0,0.0,0.0,16.866538645128983,15.011813865502443,54114.0,0,0,0,49,UTAH
2776,490558,552.2500006299368,2011.7569173520842,0.2745112969994504,0.0,0.0,0.0,0.0,59.61184237381141,0.0,0.0,0.0,0.0,0.0,0.0,0.0,0.0,0.0,0.0,23.583489055508963,36.02835331830245,97527.0,0,0,0,49,UTAH
3014,490795,222.00000020575925,571.267588564336,0.3886094794274464,0.0,0.0,0.0,0.0,23.186905913149882,0.0,0.0,0.0,0.0,0.0,0.0,0.0,0.0,0.0,0.0,8.175092033733836,15.011813879416046,57005.0,0,0,0,49,UTAH
2352,490136,0.0,0.0,0.0,0.0,0.0,0.0,0.0,0.0,0.0,0.0,0.0,0.0,0.0,0.0,0.0,0.0,0.0,0.0,0.0,0.0,74211.0,0,0,0,49,UTAH
2509,490291,4.0,14.129741418066338,0.28309081402477654,1926.0,1020.0,18.5,887.5,2001.054845273552,572.0,448.0,18.25,0.25,54.25,64.75,37.5,731.0,0.0,0.0,74.80466697805721,0.2501782954950671,70166.0,0,0,0,49,UTAH
2508,490290,0.0,0.0,0.0,1286.0,499.75,19.0,767.25,1333.353390325613,420.75,79.0,18.5,0.5,84.75,78.0,50.25,554.25,0.0,0.0,47.35339032561299,0.0,70166.0,0,0,0,49,UTAH
2504,490286,90.51978361081215,274.1755036112584,0.33015270298967425,155.99999999997493,36.24999999999417,2.2499999999996385,117.49999999998113,309.5286971688099,19.24999999999691,16.999999999997268,0.24999999999995984,1.9999999999996787,0.0,22.499999999996387,29.49999999999526,65.49999999998948,0.23607142624538707,0.0,147.23013128894502,6.062494453644517,102760.0,0,0,0,49,UTAH
2630,490412,0.0,0.0,0.0,3839.25,446.25,103.5,3289.5,3980.646089510629,352.25,94.0,45.25,58.25,1107.75,266.75,576.25,1338.75,0.0,0.0,141.39608951062877,0.0,51324.0,0,0,0,49,UTAH
2646,490428,0.0,0.0,0.0,1648.75,259.25,11.0,1378.5,1709.4538540437334,239.5,19.75,10.75,0.25,532.75,50.25,69.5,726.0,0.0,0.0,60.70385404373329,0.0,100955.0,0,0,0,49,UTAH
2639,490421,0.0,0.0,0.0,1289.75,771.25,18.75,499.75,1337.2533662392125,343.75,427.5,4.5,14.25,58.5,80.5,85.0,275.75,0.0,0.0,47.50336623921237,0.0,109972.0,488,57,0,49,UTAH
2640,490422,0.0,0.0,0.0,2721.0,251.75,34.75,2434.5,2821.183304097763,210.0,41.75,18.75,16.0,1475.75,150.75,268.25,539.75,0.0,0.0,100.18330409776296,0.0,109972.0,0,0,0,49,UTAH
2717,490499,147.75,397.95246995568885,0.3712754943233589,760.0,22.75,68.25,669.0,805.6829898997751,19.75,3.0,16.0,52.25,395.25,135.75,86.0,52.0,0.0,0.0,35.67511398944005,10.007875910334963,104445.0,559,99,0,49,UTAH
2724,490506,221.0,799.9667844361084,0.27626147022564385,0.0,0.0,0.0,0.0,22.655830732188377,0.0,0.0,0.0,0.0,0.0,0.0,0.0,0.0,0.0,0.0,8.14429913698939,14.511531595198988,125256.0,0,0,0,49,UTAH
2718,490500,261.75,708.702440977148,0.36933695281069323,77.75,0.25,1.5,76.0,107.2692397001718,0.25,0.0,0.0,1.5,24.75,47.0,0.0,4.25,0.0,0.0,12.505850652602357,17.01338904756944,93816.0,639,0,0,49,UTAH
2676,490458,261.25,833.9946142569402,0.3132514233713182,0.0,0.0,0.0,0.0,27.889083087320053,0.0,0.0,0.0,0.0,0.0,0.0,0.0,0.0,0.0,0.0,10.875694039750616,17.01338904756944,82291.0,0,0,0,49,UTAH
2693,490475,617.5,1919.4179573691488,0.3217121094596701,736.5,162.25,72.25,502.0,826.3966381005599,52.25,110.0,8.0,64.25,170.5,124.0,116.0,91.5,0.0,0.0,49.86513445922004,40.03150364133985,112636.0,1397,0,0,49,UTAH
2696,490478,227.25,952.281204363588,0.23863749379771887,1021.75,349.5,57.5,614.75,1082.7606003941032,291.25,58.25,21.25,36.25,338.5,66.75,71.75,137.75,0.0,0.0,45.99878652860059,15.011813865502443,109118.0,0,0,0,49,UTAH
2789,490571,361.5,1130.7436609548918,0.3197011068757353,277.75,1.0,2.25,274.5,325.2771752491791,0.0,1.0,2.0,0.25,131.25,114.0,6.25,23.0,0.0,0.0,23.758600089610194,23.76857515956894,173787.0,626,27,0,49,UTAH
2780,490562,139.75,444.55432275012953,0.3143597820294939,3161.25,53.5,17.75,3090.0,3291.822256309134,35.75,17.75,10.25,7.5,1324.5,182.25,1569.0,14.25,0.0,0.0,121.56516798983246,9.007088319301467,79428.0,0,0,0,49,UTAH
2771,490553,592.75,1969.773042006246,0.3009229933395141,809.5,20.0,4.25,785.25,901.4172504345584,17.0,3.0,0.0,4.25,86.25,8.0,470.0,221.0,0.0,0.0,52.88653438425203,39.03071605030636,51088.0,0,0,0,49,UTAH
2777,490559,401.25,1251.6179244428974,0.320585054083976,148.0,0.0,0.0,148.0,198.015434679645,0.0,0.0,0.0,0.0,0.0,148.0,0.0,0.0,0.0,0.0,23.74470465240908,26.270730027235928,79314.0,730,1420,0,49,UTAH
2778,490560,544.5,1764.401667388673,0.3086031996364319,0.0,0.0,0.0,0.0,56.08235366961652,0.0,0.0,0.0,0.0,0.0,0.0,0.0,0.0,0.0,0.0,20.054000392410657,36.028353277205866,83251.0,0,0,0,49,UTAH
2767,490549,138.25,240.0761429913742,0.575858968231455,672.25,138.0,64.0,470.25,711.0914844315075,16.0,122.0,5.25,58.75,293.0,46.5,44.75,86.0,0.0,0.0,29.834396112206026,9.007088319301467,52957.0,0,0,0,49,UTAH
2761,490543,0.0,0.0,0.0,843.75,39.5,673.5,130.75,874.8215025667757,38.5,1.0,152.0,521.5,42.25,7.25,7.0,74.25,0.0,0.0,31.0715025667757,0.0,52957.0,0,0,0,49,UTAH
2836,490618,125.5,306.3540375080669,0.40965675210562663,3047.75,249.0,132.0,2666.75,3172.612290774508,193.0,56.0,47.75,84.25,782.5,471.0,490.5,922.75,0.0,0.0,116.85599004624002,8.00630072826797,105921.0,0,0,0,49,UTAH
2926,490708,0.0,0.0,0.0,216.0,45.5,82.5,88.0,223.9563157617306,43.0,2.5,82.0,0.5,10.0,15.0,10.0,53.0,0.0,0.0,7.95631576173059,0.0,48606.0,0,0,0,49,UTAH
2947,490728,241.0,829.87068272896,0.29040669229028765,61.5,29.0,0.0,32.5,88.65292084660092,10.0,19.0,0.0,0.0,3.0,3.0,3.0,23.5,0.0,0.0,11.140319390064985,16.01260145653594,55528.0,0,0,0,49,UTAH
3009,490790,188.75,403.459397892584,0.46782898350096763,258.0,73.0,14.5,170.5,300.2019879165187,46.75,26.25,14.25,0.25,11.0,17.0,17.0,125.5,0.0,0.0,29.942209843065022,12.259778073453653,34038.0,0,0,0,49,UTAH
3019,490800,41.0,107.6151052157683,0.3809874080204168,847.25,91.25,249.5,506.5,924.5008682410852,57.25,34.0,119.25,130.25,36.75,54.75,124.5,290.5,0.0,0.0,74.74863900854811,2.502229232536938,56681.0,0,0,0,49,UTAH
3029,490810,509.75,1625.7476599868269,0.31354804472185455,328.5,36.5,14.75,277.25,394.4023240414532,35.5,1.0,7.25,7.5,177.75,11.0,10.25,78.25,0.0,0.0,32.87633353734783,33.02599050410538,78781.0,0,0,0,49,UTAH
3030,490811,534.500003196684,1374.0320631916147,0.38900111395882736,0.0,0.0,0.0,0.0,54.710975168850105,0.0,0.0,0.0,0.0,0.0,0.0,0.0,0.0,0.0,0.0,19.683409273188392,35.027565895661716,77600.0,0,0,0,49,UTAH
3031,490812,164.0,523.4046420411494,0.3133331018243177,222.25,41.0,17.0,164.25,250.2472308803288,30.0,11.0,14.75,2.25,49.5,22.25,15.25,77.25,0.0,0.0,16.988567378960347,11.008663501368458,78781.0,0,0,0,49,UTAH
3053,490834,462.75,1615.3798166657125,0.28646513669779355,0.0,0.0,0.0,0.0,47.56348267084013,0.0,0.0,0.0,0.0,0.0,0.0,0.0,0.0,0.0,0.0,17.539854939835244,30.02362773100489,77159.0,0,0,0,49,UTAH
3052,490833,397.25,1149.0010484903714,0.34573510661450796,691.5,113.5,116.0,462.0,762.8581028138237,83.0,30.5,7.25,108.75,41.5,96.25,136.0,188.25,0.0,0.0,45.33762544695281,26.020477366870907,62782.0,0,0,0,49,UTAH
3098,490879,25.000132770895174,101.48907018776025,0.2463332526807427,55.75042973281826,5.750038752172219,8.000227838890675,42.00016314175536,60.722667234987405,5.500038526174114,0.2500002259981042,3.2501447285410596,4.750083110349617,14.000033975248668,5.500017269154512,1.5000133178401396,21.000098579512045,0.0,0.0,2.9706546100843654,2.001582892084774,61179.0,0,0,0,49,UTAH
3218,490999,448.75,1602.7624514266636,0.2799853463004172,0.0,0.0,0.0,0.0,46.04857085840503,0.0,0.0,0.0,0.0,0.0,0.0,0.0,0.0,0.0,0.0,17.025730718433636,29.022840139971397,98650.0,0,0,0,49,UTAH
3217,490998,189.25,625.3738337990873,0.30261899326731345,0.0,0.0,0.0,0.0,18.979997963512623,0.0,0.0,0.0,0.0,0.0,0.0,0.0,0.0,0.0,0.0,6.970546871110669,12.009451092401957,106471.0,0,0,0,49,UTAH
3159,490940,8.0,19.98015473470498,0.4003972995316308,0.0,0.0,0.0,0.0,1.2953855018859937,0.0,0.0,0.0,0.0,0.0,0.0,0.0,0.0,0.0,0.0,0.2945979108524975,1.0007875910334962,51304.0,0,0,0,49,UTAH
3142,490923,4.75,9.817360008475797,0.48383679481032554,0.0,0.0,0.0,0.0,1.1852063700831306,0.0,0.0,0.0,0.0,0.0,0.0,0.0,0.0,1.0096597039631057,0.0,0.1755466661200249,0.0,51304.0,0,0,0,49,UTAH
3325,491106,7.0,18.98015473470498,0.368806266220822,0.0,0.0,0.0,0.0,1.267432875959041,0.0,0.0,0.0,0.0,0.0,0.0,0.0,0.0,1.0096597039631057,0.0,0.2577731719959353,0.0,51304.0,0,0,0,49,UTAH
3428,491209,260.0,706.4650718538597,0.3680295181723916,5.75,1.5,0.25,4.0,59.86634776825976,1.5,0.0,0.25,0.0,0.0,0.5,0.5,3.0,0.0,0.0,37.10377651334343,17.01257125491633,56564.0,0,0,0,49,UTAH
3278,491059,141.0,439.1227821974695,0.321094704525245,246.75,56.25,16.5,174.0,270.0634647729048,27.25,29.0,5.5,11.0,69.75,20.0,8.75,75.5,0.0,0.0,14.306376453603296,9.007088319301467,75108.0,0,0,0,49,UTAH
3263,491044,64.85566282217843,212.21158468600504,0.3056179186359732,153.06531432115048,40.46041350374434,6.098812329608522,106.50608848779761,165.69304332456468,20.378958272106527,20.08145523163782,1.7850182428122503,4.313794086796272,7.140072971249001,13.982642902029294,3.718788005858855,81.66458460866046,0.0,0.0,8.310548479534623,4.317180523879594,69330.0,0,0,0,49,UTAH
3298,491079,238.0,809.5897347081996,0.2939760594738548,55.0,0.0,0.0,55.0,81.29780697014711,0.0,0.0,0.0,0.0,0.0,50.0,0.0,5.0,0.0,0.0,10.785710834341204,15.5120961358059,104591.0,731,0,0,49,UTAH
3312,491093,178.75,613.9609821147096,0.2911422797330192,0.0,0.0,0.0,0.0,19.35330170643044,0.0,0.0,0.0,0.0,0.0,0.0,0.0,0.0,0.0,0.0,7.59388022396692,11.75942148246352,83722.0,0,0,0,49,UTAH
3319,491100,325.25,1190.584638061442,0.2731851139366162,0.0,0.0,0.0,0.0,32.992657269609765,0.0,0.0,0.0,0.0,0.0,0.0,0.0,0.0,0.0,0.0,11.976117857906342,21.016539411703427,120577.0,0,0,0,49,UTAH
3314,491095,261.75,954.5235668705697,0.2742205735769879,0.0,0.0,0.0,0.0,27.14820590307153,0.0,0.0,0.0,0.0,0.0,0.0,0.0,0.0,0.0,0.0,10.134816855502097,17.01338904756944,120078.0,0,0,0,49,UTAH
3445,491226,226.03166524036166,769.1043674772925,0.2938894573980366,9.608194861347547,1.1529833833617058,1.2810926481796732,7.174118829806169,35.573736357023435,1.0248741185437384,0.1281092648179673,0.1281092648179673,1.1529833833617058,0.8967648537257711,1.2810926481796732,0.1281092648179673,4.868152063082758,0.0,0.0,11.39798050685998,14.567560988815911,83427.0,0,0,0,49,UTAH
3429,491210,27.75,60.9268046124165,0.4554645558146459,1521.75,642.75,20.5,858.5,1580.814719255348,450.0,192.75,17.25,3.25,719.25,42.5,54.5,42.25,0.0,0.0,57.06314407328122,2.001575182066993,64873.0,0,0,0,49,UTAH
2270,490054,0.0,0.0,0.0,0.0,0.0,0.0,0.0,0.0,0.0,0.0,0.0,0.0,0.0,0.0,0.0,0.0,0.0,0.0,0.0,0.0,66402.0,0,0,0,49,UTAH
2255,490039,0.0,0.0,0.0,0.0,0.0,0.0,0.0,7.06761792774174,0.0,0.0,0.0,0.0,0.0,0.0,0.0,0.0,7.06761792774174,0.0,0.0,0.0,81720.0,0,0,0,49,UTAH
2276,490060,0.0,0.0,0.0,0.0,0.0,0.0,0.0,5.048298519815528,0.0,0.0,0.0,0.0,0.0,0.0,0.0,0.0,5.048298519815528,0.0,0.0,0.0,81720.0,0,0,0,49,UTAH
2324,490108,0.0,0.0,0.0,0.0,0.0,0.0,0.0,1.0096597039631057,0.0,0.0,0.0,0.0,0.0,0.0,0.0,0.0,1.0096597039631057,0.0,0.0,0.0,81720.0,0,0,0,49,UTAH
3344,491125,19.0,70.6068203956522,0.2690958167147543,103.75,16.5,4.25,83.0,109.26838676989956,16.0,0.5,1.5,2.75,6.75,19.75,3.0,53.5,0.0,0.0,4.51759917886605,1.0007875910334962,76841.0,0,0,0,49,UTAH
3358,491139,18.0,66.84216930302799,0.2692910805811413,0.0,0.0,0.0,0.0,1.6636328904516156,0.0,0.0,0.0,0.0,0.0,0.0,0.0,0.0,0.0,0.0,0.6628452994181193,1.0007875910334962,76841.0,0,0,0,49,UTAH
3494,491275,184.00000076308785,666.4307782517064,0.2760976935155781,0.0,0.0,0.0,0.0,18.785203119915703,0.0,0.0,0.0,0.0,0.0,0.0,0.0,0.0,0.0,0.0,6.775751977707953,12.009451142207752,67754.0,0,0,0,49,UTAH
2422,490204,0.0,0.0,0.0,0.0,0.0,0.0,0.0,49.473325471288746,0.0,0.0,0.0,0.0,0.0,0.0,0.0,0.0,49.473325471288746,0.0,0.0,0.0,81720.0,0,0,0,49,UTAH
3503,491284,15.999999985065742,62.077257212501735,0.25774334600987336,83.74999992182849,0.0,0.9999999990666089,82.74999992276189,779.2845017283299,0.0,0.0,0.9999999990666089,0.0,68.99999993559601,13.749999987165872,0.0,0.0,690.8595677130185,0.0,3.6741465033835947,1.00078759009937,81240.0,0,0,0,49,UTAH
3504,491285,0.9999999996368821,1.921550363510326,0.5204131094488007,0.0,0.0,0.0,0.0,67.68402487980737,0.0,0.0,0.0,0.0,0.0,0.0,0.0,0.0,67.64720014096417,0.0,0.03682473884319038,0.0,74530.0,0,0,0,49,UTAH
3513,491294,13.0,48.02055443981516,0.27071740740297123,0.0,0.0,0.0,0.0,15.099863691160904,0.0,0.0,0.0,0.0,0.0,0.0,0.0,0.0,12.115916447557266,0.0,1.9831596525701436,1.0007875910334962,67754.0,0,0,0,49,UTAH
2426,490208,0.25,0.4803963935398746,0.5204035737192708,0.0,0.0,0.0,0.0,0.0085770281627859,0.0,0.0,0.0,0.0,0.0,0.0,0.0,0.0,0.0,0.0,0.0085770281627859,0.0,91516.0,0,0,0,49,UTAH
3557,491343,0.0,0.0,0.0,0.0,0.0,0.0,0.0,0.0,0.0,0.0,0.0,0.0,0.0,0.0,0.0,0.0,0.0,0.0,0.0,0.0,74530.0,0,0,0,49,UTAH
2654,490436,1275.2499975362566,4088.0092615066233,0.3119489012767714,0.0,0.0,0.0,0.0,534.4112558241466,0.0,0.0,0.0,0.0,0.0,0.0,0.0,0.0,0.0,0.0,450.8496179927973,83.56163783134923,109972.0,0,0,0,49,UTAH
2719,490501,1158.2499998204237,3969.2040962799138,0.29180913143417814,0.0,0.0,0.0,0.0,119.45962890587677,0.0,0.0,0.0,0.0,0.0,0.0,0.0,0.0,0.0,0.0,43.64987597389308,75.8097529319837,144254.0,0,0,0,49,UTAH
3347,491128,16.0,42.72496056203418,0.37448835035830924,106.0,17.5,2.0,86.5,111.50145381062534,16.5,1.0,2.0,0.0,6.5,17.5,5.75,56.75,0.0,0.0,4.500666219591833,1.0007875910334962,51304.0,0,0,0,49,UTAH
3321,491102,6.0,22.819102393347023,0.2629375992348112,0.0,0.0,0.0,0.0,0.2209484331393731,0.0,0.0,0.0,0.0,0.0,0.0,0.0,0.0,0.0,0.0,0.2209484331393731,0.0,76841.0,0,0,0,49,UTAH
2242,490026,1.3026431001884526,4.903996770423866,0.26562886583546047,6.838876275989376,0.0,0.0,6.838876275989376,8.452929679396254,0.0,0.0,0.0,0.0,6.024724338371594,0.8141519376177829,0.0,0.0,1.3152262469058555,0.0,0.29882715650102204,0.0,66402.0,0,0,0,49,UTAH
3356,491137,7.0,24.50945691995343,0.2856040434866274,0.0,0.0,0.0,0.0,2.2770925799221464,0.0,0.0,0.0,0.0,0.0,0.0,0.0,0.0,2.019319407926212,0.0,0.2577731719959353,0.0,76841.0,0,0,0,49,UTAH
3507,491288,24.0,94.03723992023905,0.25521803936777,100.0,1.0,2.0,97.0,179.26334148562432,0.0,1.0,1.0,1.0,80.0,13.0,0.0,4.0,72.69549868534361,0.0,4.566267618213711,2.001575182066993,68506.0,0,0,0,49,UTAH
2428,490210,0.0,0.0,0.0,42.0,0.0,2.0,40.0,43.54663903197561,0.0,0.0,2.0,0.0,39.0,1.0,0.0,0.0,0.0,0.0,1.5466390319756118,0.0,91516.0,0,0,0,49,UTAH
2575,490357,67.75,266.57607515664733,0.25414883897659707,49.0,0.0,0.0,49.0,58.30467376212444,0.0,0.0,0.0,0.0,0.0,49.0,0.0,0.0,0.0,0.0,4.80116676281704,4.503506999307394,96089.0,1041,0,0,49,UTAH
2593,490375,274.0,1150.3943963618794,0.23817918521380546,45.0,0.0,45.0,0.0,74.76126833384627,0.0,0.0,44.0,1.0,0.0,0.0,0.0,0.0,0.0,0.0,11.747091695243338,18.014176638602937,95907.0,0,0,0,49,UTAH
2534,490316,353.75,1134.510549417884,0.311808471222686,0.0,0.0,0.0,0.0,82.02809612971359,0.0,0.0,0.0,0.0,0.0,0.0,0.0,0.0,0.0,0.0,59.00998158012645,23.01811454958714,85040.0,0,0,0,49,UTAH
2697,490479,433.5,1622.9895722048482,0.26709968284705965,0.0,0.0,0.0,0.0,43.98708480567989,0.0,0.0,0.0,0.0,0.0,0.0,0.0,0.0,0.0,0.0,15.965032256741996,28.022052548937896,87378.0,0,0,0,49,UTAH
2745,490527,178.25,588.3384941992531,0.3029718465772051,624.0,59.25,45.5,519.25,672.8015447403018,43.25,16.0,2.0,43.5,82.5,89.0,94.75,253.0,0.0,0.0,37.042346308264925,11.759198432036936,84179.0,0,0,0,49,UTAH
2734,490516,184.75,447.6233105768628,0.4127354309629413,0.0,0.0,0.0,0.0,18.813700402022757,0.0,0.0,0.0,0.0,0.0,0.0,0.0,0.0,0.0,0.0,6.804249309620797,12.009451092401957,69037.0,0,0,0,49,UTAH
2799,490581,0.0,0.0,0.0,0.0,0.0,0.0,0.0,0.0,0.0,0.0,0.0,0.0,0.0,0.0,0.0,0.0,0.0,0.0,0.0,0.0,76529.0,0,0,0,49,UTAH
2804,490586,629.5,1924.739089709377,0.32705731564637697,34.0,0.0,0.0,34.0,99.46634134965728,0.0,0.0,0.0,0.0,0.0,34.0,0.0,0.0,0.0,0.0,24.43405011728393,41.03229123237335,76529.0,0,0,0,49,UTAH
2868,490650,392.5,1121.4468107130342,0.34999430757705047,222.75,0.0,0.25,222.5,272.42878541802486,0.0,0.0,0.0,0.25,96.0,101.0,0.5,25.0,0.0,0.0,23.65830805115395,26.020477366870907,64873.0,0,0,1299,49,UTAH
2860,490642,0.0,0.0,0.0,3359.25,30.75,231.5,3097.0,3482.946670219838,25.25,5.5,7.75,223.75,1786.0,45.0,138.75,1127.25,0.0,0.0,123.69667021983784,0.0,67334.0,0,0,0,49,UTAH
3005,490786,219.25,556.7669794573538,0.3937913132235129,0.0,0.0,0.0,0.0,22.08087756839917,0.0,0.0,0.0,0.0,0.0,0.0,0.0,0.0,0.0,0.0,8.069851293930228,14.011026274468948,74472.0,0,0,0,49,UTAH
2955,490736,6.0,14.293953277872676,0.4197579132491023,367.25,20.25,276.75,70.25,381.0129565068423,20.0,0.25,27.0,249.75,19.75,6.5,5.0,39.0,0.0,0.0,13.762956506842292,0.0,58209.0,0,0,0,49,UTAH
3042,490823,134.25,385.3681541910097,0.3483681734984731,168.25,162.5,0.5,5.25,200.4014924161204,110.5,52.0,0.0,0.5,0.0,0.25,0.0,5.0,0.0,0.0,23.644760731992307,8.506731684128058,78079.0,0,0,0,49,UTAH
3047,490828,136.0,392.42380247740346,0.3465640950967319,192.25,52.25,15.0,125.0,213.3485386720318,7.25,45.0,0.0,15.0,18.5,8.5,48.5,49.5,0.0,0.0,12.091450352730329,9.007088319301467,62782.0,0,0,0,49,UTAH
3079,490860,472.5,1177.4865364535758,0.4012784735722785,338.0,36.25,122.25,179.5,398.8795004810087,35.25,1.0,102.0,20.25,95.75,7.75,3.0,73.0,0.0,0.0,29.855085158970244,31.024415322038383,55124.0,0,0,0,49,UTAH
3090,490871,177.0,576.0313077020965,0.307274965150919,60.5,2.0,10.5,48.0,81.25449068488057,2.0,0.0,1.0,9.5,14.75,11.25,1.0,21.0,0.0,0.0,8.745039592478602,12.009451092401957,87864.0,0,0,0,49,UTAH
3129,490910,117.25545267014145,384.4097099885142,0.30502729151572405,0.0,0.0,0.0,0.0,23.54950392264474,0.0,0.0,0.0,0.0,0.0,0.0,0.0,0.0,0.20904789938290977,0.0,15.790100391524648,7.550355631737182,103707.0,0,0,0,49,UTAH
3231,491012,135.2499990730354,494.8826165881449,0.2732971305508478,1.9999999862925755,0.0,1.4999999897194316,0.49999999657314387,16.05873303952192,0.0,0.0,0.49999999657314387,0.9999999931462877,0.0,0.0,0.0,0.49999999657314387,0.0,0.0,5.051644795659869,9.007088257569475,98673.0,0,0,0,49,UTAH
3235,491016,25.75,80.82651546400191,0.3185835718906922,0.0,0.0,0.0,0.0,2.7196164491078143,0.0,0.0,0.0,0.0,0.0,0.0,0.0,0.0,0.0,0.0,0.968070876979258,1.7515455721285562,105921.0,0,0,0,49,UTAH
3363,491144,29.0,90.25995941285667,0.3212941839177165,0.0,0.0,0.0,0.0,38.808492124978166,0.0,0.0,0.0,0.0,0.0,0.0,0.0,0.0,1.0096597039631057,0.0,36.04736125793973,1.7514711630753284,51304.0,0,0,0,49,UTAH
3334,491115,15.0,56.469766389363386,0.2656288658354604,14.0,0.0,0.0,14.0,22.126663241652437,0.0,0.0,0.0,0.0,12.0,2.0,0.0,0.0,6.057958223778634,0.0,1.0679174268403036,1.0007875910334962,76841.0,0,0,0,49,UTAH
3412,491193,62.5,162.2585079530106,0.38518781411511405,0.0,0.0,0.0,0.0,7.315864209054514,0.0,0.0,0.0,0.0,0.0,0.0,0.0,0.0,1.0096597039631057,0.0,2.3030541409574234,4.003150364133985,60977.0,0,0,0,49,UTAH
3447,491228,34.5,96.22543724579717,0.35853305516163664,2.25,0.75,0.5,1.0,18.624778269445404,0.75,0.0,0.0,0.5,0.0,0.5,0.25,0.25,0.0,0.0,14.122876150509988,2.251902118935416,56564.0,0,0,0,49,UTAH
3498,491279,1465.75,4396.519556354959,0.3333887137795915,81.5,0.0,4.25,77.25,741.2646041885681,0.0,0.0,1.0,3.25,24.0,53.0,0.0,0.25,0.0,0.0,563.6968005353184,96.06780365324968,78125.0,516,0,0,49,UTAH
3496,491277,21.0,65.2344174819876,0.32191595802627465,692.75,3.5,31.75,657.5,720.04001145253,0.25,3.25,9.75,22.0,571.75,76.25,9.5,0.0,0.0,0.0,26.289223861496605,1.0007875910334962,52410.0,0,0,0,49,UTAH
3488,491269,365.25,1221.060789545715,0.2991251566892817,0.0,0.0,0.0,0.0,37.48822119502988,0.0,0.0,0.0,0.0,0.0,0.0,0.0,0.0,0.0,0.0,13.467534606813302,24.020686588216577,67754.0,0,0,0,49,UTAH
3480,491261,274.0,827.9546820760202,0.3309359871158289,0.0,0.0,0.0,0.0,77.94073914119839,0.0,0.0,0.0,0.0,0.0,0.0,0.0,0.0,0.0,0.0,59.92678612740462,18.013953013793778,67754.0,0,0,0,49,UTAH
3458,491239,5.0,18.361874916466714,0.2723033471661469,0.0,0.0,0.0,0.0,3.213102806172128,0.0,0.0,0.0,0.0,0.0,0.0,0.0,0.0,3.028979111889317,0.0,0.1841236942828109,0.0,74530.0,0,0,0,49,UTAH
3462,491243,52.0,206.8212299613145,0.2514248658598854,0.0,0.0,0.0,0.0,4.917249193641723,0.0,0.0,0.0,0.0,0.0,0.0,0.0,0.0,0.0,0.0,1.9148864205412337,3.002362773100489,74530.0,0,0,0,49,UTAH
3463,491244,51.0,204.6687261136958,0.2491831603606548,108.0,1.0,2.25,104.75,117.86715595525698,0.0,1.0,2.0,0.25,92.5,11.25,1.0,0.0,1.0096597039631057,0.0,5.855133478193388,3.002362773100489,74530.0,0,0,0,49,UTAH
3036,490817,0.0,0.0,0.0,962.5,67.5,103.75,791.25,997.9403839621176,47.25,20.25,101.75,2.0,188.0,396.5,62.0,144.75,0.0,0.0,35.44038396211773,0.0,56681.0,0,0,0,49,UTAH
3327,491108,11.5,40.75986436010104,0.2821402912041362,0.0,0.0,0.0,0.0,5.462075017781464,0.0,0.0,0.0,0.0,0.0,0.0,0.0,0.0,4.038638815852423,0.0,0.4226486108955455,1.0007875910334962,76841.0,0,0,0,49,UTAH
2447,490229,71.82884830996,251.317265559164,0.28580944548376186,0.0,0.0,0.0,0.0,15.504222019040384,0.0,0.0,0.0,0.0,0.0,0.0,0.0,0.0,0.0,0.0,10.997518004634271,4.50670401440611,106764.0,0,0,0,49,UTAH
2443,490225,295.42115380146646,955.5247761380875,0.3091716313159981,0.0,0.0,0.0,0.0,102.21849824701053,0.0,0.0,0.0,0.0,0.0,0.0,0.0,0.0,0.0,0.0,82.95417398379256,19.26432426321798,106764.0,0,0,0,49,UTAH
2305,490089,762.5417487147947,2514.487994224863,0.30325925216829763,0.0,0.0,0.0,0.0,80.12790802923622,0.0,0.0,0.0,0.0,0.0,0.0,0.0,0.0,0.0,0.0,30.0885290349157,50.03937899432052,66402.0,0,0,0,49,UTAH
2682,490464,363.0,1280.4030783544997,0.283504473033997,208.0,0.0,0.0,208.0,253.04582807190093,0.0,0.0,0.0,0.0,0.0,208.0,0.0,0.0,0.0,0.0,21.026925887097008,24.018902184803917,93584.0,745,1983,0,49,UTAH
2680,490462,204.75,762.7559751265336,0.26843447534584575,0.0,0.0,0.0,0.0,22.82836411196484,0.0,0.0,0.0,0.0,0.0,0.0,0.0,0.0,0.0,0.0,9.567872768164367,13.260491343800473,116706.0,0,0,0,49,UTAH
3156,490937,19.0,49.41116201886648,0.38452849970914066,0.0,0.0,0.0,0.0,1.700457629308178,0.0,0.0,0.0,0.0,0.0,0.0,0.0,0.0,0.0,0.0,0.6996700382746817,1.0007875910334962,51304.0,0,0,0,49,UTAH
2673,490455,387.25,1515.454723195794,0.25553386325087063,2108.0,937.75,47.0,1123.25,2227.1556827920035,673.0,264.75,32.25,14.75,238.0,85.25,188.25,611.75,0.0,0.0,93.88581472067096,25.26986807133248,105595.0,0,0,0,49,UTAH
2674,490456,548.75,1911.954852186096,0.2870099152041005,10.75,0.0,3.0,7.75,68.13422435566164,0.0,0.0,3.0,0.0,7.75,0.0,0.0,0.0,0.0,0.0,21.355871078455777,36.028353277205866,99835.0,0,0,0,49,UTAH
2423,490205,0.0,0.0,0.0,0.0,0.0,0.0,0.0,52.502304548084766,0.0,0.0,0.0,0.0,0.0,0.0,0.0,0.0,52.502304548084766,0.0,0.0,0.0,91516.0,0,0,0,49,UTAH
3460,491241,188.0,752.2182202442682,0.24992747442218385,0.0,0.0,0.0,0.0,22.97114081328807,0.0,0.0,0.0,0.0,0.0,0.0,0.0,0.0,4.038638815852423,0.0,6.923050905033692,12.009451092401957,74530.0,0,0,0,49,UTAH
2425,490207,0.0,0.0,0.0,0.0,0.0,0.0,0.0,0.0,0.0,0.0,0.0,0.0,0.0,0.0,0.0,0.0,0.0,0.0,0.0,0.0,91516.0,0,0,0,49,UTAH
2439,490221,183.0,635.3629033760259,0.2880243700531181,196.0,22.25,18.25,155.5,221.8158585522736,7.0,15.25,0.0,18.25,105.75,14.5,12.0,23.25,0.0,0.0,13.806333625200963,12.00952492707261,91516.0,0,0,0,49,UTAH
2500,490282,0.0,0.0,0.0,308.74999831827887,29.499999839317333,173.24999905632976,105.99999942263177,320.1205151841796,27.499999850211072,1.9999999891062599,2.99999998365939,170.24999907267036,14.999999918296949,13.999999923743818,7.749999957786757,69.24999962280425,0.0,0.0,11.37051686590078,0.0,102760.0,0,0,0,49,UTAH
2721,490503,439.0,1772.0215851773914,0.2477396458779892,0.0,0.0,0.0,0.0,45.18655664962499,0.0,0.0,0.0,0.0,0.0,0.0,0.0,0.0,0.0,0.0,16.163716509653597,29.022840139971397,149585.0,0,0,0,49,UTAH
2723,490505,342.25,1057.143762198276,0.3237497228270153,326.25,0.0,64.5,261.75,372.8845011188612,0.0,0.0,61.0,3.5,215.0,13.75,0.0,33.0,0.0,0.0,24.617174116124268,22.01732700273692,87510.0,0,0,0,49,UTAH
2716,490498,366.25,1223.2896445221236,0.2993976133453456,143.75,0.25,3.75,139.75,186.55228527717563,0.25,0.0,0.0,3.75,106.25,16.5,4.75,12.25,0.0,0.0,18.783383092371714,24.018902184803917,149909.0,0,0,0,49,UTAH
2869,490651,347.0,979.1835498467397,0.3543768684168682,26.5,1.25,0.0,25.25,82.96590589740808,1.0,0.25,0.0,0.0,5.75,2.25,2.0,15.25,0.0,19.690821255699152,13.756970047938529,23.018114593770413,74224.0,0,0,0,49,UTAH
3118,490899,245.75,773.3392769239584,0.31777773007663274,0.0,0.0,0.0,0.0,54.5987196358497,0.0,0.0,0.0,0.0,0.0,0.0,0.0,0.0,0.0,29.536231875910044,9.049886303403722,16.01260145653594,103707.0,0,0,0,49,UTAH
3114,490895,260.25,920.7710643985708,0.2826435474164146,0.0,0.0,0.0,0.0,27.09589887979924,0.0,0.0,0.0,0.0,0.0,0.0,0.0,0.0,0.0,0.0,10.0825098322298,17.01338904756944,110400.0,0,0,0,49,UTAH
3333,491114,56.0,222.5714840529425,0.2516045585906208,0.0,0.0,0.0,0.0,19.19091189162184,0.0,0.0,0.0,0.0,0.0,0.0,0.0,0.0,13.125576151520374,0.0,2.0621853759674824,4.003150364133985,74530.0,0,0,0,49,UTAH
3434,491215,299.5,857.6453385518153,0.34921194873596983,0.0,0.0,0.0,0.0,30.875746153209175,0.0,0.0,0.0,0.0,0.0,0.0,0.0,0.0,0.0,0.0,10.859622773289134,20.01612337992004,56564.0,0,0,0,49,UTAH
3439,491220,147.75,520.2535758512641,0.2839961258473703,19.75,4.5,3.0,12.25,125.88861554550866,2.75,1.75,0.25,2.75,0.0,3.25,1.5,7.5,1.0096597039631057,0.0,95.62381544692352,9.505140394622014,56564.0,0,0,0,49,UTAH
3315,491096,2842.5,9750.61175215079,0.29152017045217715,0.0,0.0,0.0,0.0,1500.3306664574093,0.0,0.0,0.0,0.0,0.0,0.0,0.0,0.0,4.038638815852423,0.0,1310.388278268942,185.90374937261484,120577.0,0,0,0,49,UTAH
3300,491081,86.75000008857886,282.9228405288757,0.30662070240216244,0.0,0.0,0.0,0.0,37.54974040375578,0.0,0.0,0.0,0.0,0.0,0.0,0.0,0.0,0.0,0.0,31.79556505989069,5.754175343865081,120577.0,0,0,0,49,UTAH
3320,491101,428.0,1223.2807088035784,0.3498788110691311,0.0,0.0,0.0,0.0,48.51872988181566,0.0,0.0,0.0,0.0,0.0,0.0,0.0,0.0,0.0,0.0,20.496603012191088,28.02212686962457,109773.0,0,0,0,49,UTAH
3499,491280,406.5,1222.1261731556106,0.3326170480011815,0.0,0.0,0.0,0.0,116.16663004042124,0.0,0.0,0.0,0.0,0.0,0.0,0.0,0.0,0.0,0.0,89.395691975202,26.77093806521925,52410.0,0,0,0,49,UTAH
3493,491274,323.0,1133.389153380294,0.28498596359129047,0.0,0.0,0.0,0.0,32.74289783378132,0.0,0.0,0.0,0.0,0.0,0.0,0.0,0.0,0.0,0.0,11.72658164923758,21.01631618454374,67754.0,0,0,0,49,UTAH
3491,491272,574.2499935373336,1796.5035529221527,0.31964868235482824,0.0,0.0,0.0,0.0,59.11066775018023,0.0,0.0,0.0,0.0,0.0,0.0,0.0,0.0,0.0,0.0,21.58303085125463,37.5276368989256,67754.0,0,0,0,49,UTAH
3487,491268,2464.999954367981,7377.283090694368,0.3341338435930848,0.0,0.0,0.0,0.0,248.82018788894132,0.0,0.0,0.0,0.0,0.0,0.0,0.0,0.0,0.0,0.0,87.70067872579124,161.11950916315007,67754.0,0,0,0,49,UTAH
2505,490287,287.286702624026,1084.8043887688837,0.26482811610861956,117.99999999992615,23.249999999985448,2.4999999999984355,92.24999999994226,151.9813047830804,17.74999999998889,5.499999999996558,2.4999999999984355,0.0,7.74999999999515,12.499999999992177,3.9999999999974967,67.99999999995744,0.0,0.0,14.818870499904206,19.162434283250008,91670.0,0,0,0,49,UTAH
2675,490457,287.5,918.9928071611102,0.3128424920844869,0.0,0.0,0.0,0.0,29.60358461332035,0.0,0.0,0.0,0.0,0.0,0.0,0.0,0.0,0.0,0.0,10.588620383683915,19.014964229636437,80235.0,0,0,0,49,UTAH
2775,490557,513.0,1326.9561315046783,0.3865990651991583,33.0,0.0,0.0,33.0,89.12370710626757,0.0,0.0,0.0,0.0,0.0,0.0,33.0,0.0,0.0,0.0,22.347181671493708,33.77652543477386,68046.0,0,0,0,49,UTAH
2841,490623,328.5,748.7293296960688,0.4387433308287092,143.0,4.5,1.0,137.5,195.1389470947785,4.5,0.0,1.0,0.0,10.5,93.5,5.75,27.75,0.0,0.0,30.872155022710032,21.266792072068444,55597.0,710,1183,0,49,UTAH
2533,490315,0.0,0.0,0.0,680.75,100.75,26.0,554.0,705.8105227554256,80.25,20.5,26.0,0.0,27.75,226.5,35.0,264.75,0.0,0.0,25.060522755425666,0.0,87096.0,0,0,0,49,UTAH
2532,490314,0.0,0.0,0.0,0.0,0.0,0.0,0.0,0.0,0.0,0.0,0.0,0.0,0.0,0.0,0.0,0.0,0.0,0.0,0.0,0.0,87096.0,0,0,0,49,UTAH
2531,490313,0.0,0.0,0.0,399.2500004666372,114.75000013411801,86.50000010109986,198.0000002314193,413.971475669726,111.75000013061165,3.0000000035063534,83.2500000973013,3.2500000037985495,44.500000052010904,23.00000002688204,15.750000018408354,114.75000013411801,0.0,0.0,14.721475203088819,0.0,87096.0,0,0,0,49,UTAH
3102,490883,199.0,701.7066131060311,0.283594306057837,54.0,0.0,0.0,54.0,76.32899181320332,0.0,0.0,0.0,0.0,0.0,54.0,0.0,0.0,0.0,0.0,9.318753129767863,13.010238683435452,112744.0,571,0,0,49,UTAH
3091,490872,112.25,363.6023311553454,0.30871639255811684,0.0,0.0,0.0,0.0,11.138460917332225,0.0,0.0,0.0,0.0,0.0,0.0,0.0,0.0,0.0,0.0,4.132947780097751,7.005513137234474,87537.0,0,0,0,49,UTAH
3100,490881,177.25,507.3951306301197,0.34933326967461875,194.0,37.75,50.25,106.0,219.6797565870297,36.75,1.0,3.25,47.0,7.0,39.0,8.0,52.0,0.0,0.0,13.67030549462778,12.009451092401957,90154.0,0,0,0,49,UTAH
3117,490898,125.0,436.71491524633217,0.28622791582351353,0.0,0.0,0.0,0.0,13.360815207928503,0.0,0.0,0.0,0.0,0.0,0.0,0.0,0.0,0.0,0.0,5.354514479660535,8.00630072826797,113111.0,0,0,0,49,UTAH
3116,490897,75.0,263.91782466265545,0.28417936566378704,92.0,0.0,0.0,92.0,103.65366934421336,0.0,0.0,0.0,0.0,0.0,92.0,0.0,0.0,0.0,0.0,6.649731389045885,5.003937955167482,113111.0,0,0,0,49,UTAH
3121,490902,39.25,137.16473499959585,0.2861522679288933,0.0,0.0,0.0,0.0,5.9471046166692005,0.0,0.0,0.0,0.0,0.0,0.0,0.0,0.0,0.0,0.0,2.9447418435687114,3.002362773100489,113111.0,0,0,0,49,UTAH
3123,490904,62.75,218.492161896244,0.2871956570680017,4.0,0.0,4.0,0.0,10.462080488680442,0.0,0.0,0.0,4.0,0.0,0.0,0.0,0.0,0.0,0.0,2.458930124546458,4.003150364133985,113111.0,0,0,0,49,UTAH
3126,490907,111.75,390.74862997232185,0.2859894864069406,5.75,0.0,0.5,5.25,17.323466086650377,0.0,0.0,0.5,0.0,5.0,0.0,0.25,0.0,0.0,0.0,4.317848974607516,7.255617112042863,113111.0,0,0,0,49,UTAH
3190,490971,176.0,723.4009163395966,0.24329524061229937,0.0,0.0,0.0,0.0,18.4906051311569,0.0,0.0,0.0,0.0,0.0,0.0,0.0,0.0,0.0,0.0,6.481154038754945,12.009451092401957,91005.0,0,0,0,49,UTAH
2756,490538,70.5,217.93625793376407,0.323489081938016,2235.5,310.5,250.25,1674.75,2324.934909246156,302.0,8.5,61.5,188.75,1430.75,59.75,41.25,143.0,0.0,0.0,84.9308819136755,4.504027332480689,67267.0,0,0,0,49,UTAH
2662,490444,0.0,0.0,0.0,2665.25,1312.75,52.25,1300.25,2763.439300440144,1005.0,307.75,29.5,22.75,82.0,123.5,163.5,931.25,0.0,0.0,98.1893004401442,0.0,36579.0,0,0,0,49,UTAH
2638,490420,0.0,0.0,0.0,2032.0,897.25,39.25,1095.5,2106.848406856644,676.0,221.25,38.75,0.5,83.0,93.75,124.75,794.0,0.0,0.0,74.84840685664419,0.0,100955.0,0,0,0,49,UTAH
2822,490604,0.0,0.0,0.0,635.25,25.5,277.0,332.75,658.6459742033917,19.25,6.25,81.5,195.5,49.25,190.0,12.75,80.75,0.0,0.0,23.39597420339172,0.0,76529.0,0,0,194,49,UTAH
3026,490807,0.0,0.0,0.0,2153.25,829.5,45.5,1278.25,2232.532501998659,626.5,203.0,36.75,8.75,105.25,122.0,142.0,909.0,0.0,0.0,79.28250199865877,0.0,56681.0,0,0,0,49,UTAH
2790,490572,0.0,0.0,0.0,2259.25,428.25,793.75,1037.25,2342.46964271595,365.75,62.5,400.0,393.75,95.75,178.75,70.5,692.25,0.0,0.0,83.21964271595033,0.0,76529.0,0,0,0,49,UTAH
3140,490921,105.5,280.7264970915722,0.3758106238385691,0.0,0.0,0.0,0.0,11.638164411478044,0.0,0.0,0.0,0.0,0.0,0.0,0.0,0.0,1.0096597039631057,0.0,3.622917514693436,7.005587192821502,51304.0,0,0,0,49,UTAH
3135,490916,0.0,0.0,0.0,0.0,0.0,0.0,0.0,1.0096597039631057,0.0,0.0,0.0,0.0,0.0,0.0,0.0,0.0,1.0096597039631057,0.0,0.0,0.0,51304.0,0,0,0,49,UTAH
3339,491120,21.0,54.175813111490704,0.3876268540129376,0.0,0.0,0.0,0.0,2.783766810984408,0.0,0.0,0.0,0.0,0.0,0.0,0.0,0.0,1.0096597039631057,0.0,0.7733195159878059,1.0007875910334962,51304.0,0,0,0,49,UTAH
3345,491126,24.25,63.18565749511082,0.383789628237649,23.5,5.25,6.0,12.25,27.26410194066708,5.25,0.0,5.75,0.25,3.0,2.0,1.0,6.25,0.0,0.0,1.7625267586000897,2.001575182066993,51304.0,0,0,0,49,UTAH
3340,491121,7.25,16.925704129338335,0.42834259328881574,0.0,0.0,0.0,0.0,1.5259385502973166,0.0,0.0,0.0,0.0,0.0,0.0,0.0,0.0,1.0096597039631057,0.0,0.2661005508391438,0.2501782954950671,51304.0,0,0,0,49,UTAH
3337,491118,4.0,13.215503642080751,0.3026748059198604,0.0,0.0,0.0,0.0,1.1569586593893544,0.0,0.0,0.0,0.0,0.0,0.0,0.0,0.0,1.0096597039631057,0.0,0.1472989554262487,0.0,76841.0,0,0,0,49,UTAH
3343,491124,9.25,34.362867112748674,0.2691859200703377,0.0,0.0,0.0,0.0,2.3525411719260765,0.0,0.0,0.0,0.0,0.0,0.0,0.0,0.0,1.0096597039631057,0.0,0.3420938769294744,1.0007875910334962,76841.0,0,0,0,49,UTAH
3338,491119,9.0,32.96030946940996,0.27305568864129703,0.0,0.0,0.0,0.0,2.3418699447056617,0.0,0.0,0.0,0.0,0.0,0.0,0.0,0.0,1.0096597039631057,0.0,0.3314226497090596,1.0007875910334962,76841.0,0,0,0,49,UTAH
3346,491127,16.000000096787158,40.88186008092046,0.39137162705212497,0.0,0.0,0.0,0.0,1.5899834223566147,0.0,0.0,0.0,0.0,0.0,0.0,0.0,0.0,0.0,0.0,0.5891958252691569,1.0007875970874578,51304.0,0,0,0,49,UTAH
3329,491110,15.0,53.93665353628412,0.2781040167779271,0.0,0.0,0.0,0.0,1.5548304457917683,0.0,0.0,0.0,0.0,0.0,0.0,0.0,0.0,0.0,0.0,0.5540428547582721,1.0007875910334962,76841.0,0,0,0,49,UTAH
3330,491111,5.75,21.415794561419037,0.268493423557524,0.0,0.0,0.0,0.0,1.2220311089396927,0.0,0.0,0.0,0.0,0.0,0.0,0.0,0.0,1.0096597039631057,0.0,0.2123714049765871,0.0,76841.0,0,0,0,49,UTAH
3323,491104,0.0,0.0,0.0,0.0,0.0,0.0,0.0,1.0096596976750736,0.0,0.0,0.0,0.0,0.0,0.0,0.0,0.0,1.0096596976750736,0.0,0.0,0.0,76841.0,0,0,0,49,UTAH
3324,491105,8.0,31.96030946940996,0.25031046735192,0.0,0.0,0.0,0.0,2.3050452058490998,0.0,0.0,0.0,0.0,0.0,0.0,0.0,0.0,1.0096597039631057,0.0,0.2945979108524975,1.0007875910334962,76841.0,0,0,0,49,UTAH
3331,491112,11.0,29.431007284161502,0.37375547135689524,0.0,0.0,0.0,0.0,1.4058597184556805,0.0,0.0,0.0,0.0,0.0,0.0,0.0,0.0,0.0,0.0,0.405072127422184,1.0007875910334962,51304.0,0,0,0,49,UTAH
3332,491113,7.5,20.171574185580337,0.3718103471250836,0.0,0.0,0.0,0.0,0.7773780625525453,0.0,0.0,0.0,0.0,0.0,0.0,0.0,0.0,0.0,0.0,0.277021427379136,0.5003566351734092,51304.0,0,0,0,49,UTAH
3326,491107,9.0,22.82325546312113,0.394334630068117,0.0,0.0,0.0,0.0,1.332210240742556,0.0,0.0,0.0,0.0,0.0,0.0,0.0,0.0,0.0,0.0,0.3314226497090596,1.0007875910334962,51304.0,0,0,0,49,UTAH
3322,491103,5.0,8.916712985500045,0.5607447506868029,0.0,0.0,0.0,0.0,0.1841236942828109,0.0,0.0,0.0,0.0,0.0,0.0,0.0,0.0,0.0,0.0,0.1841236942828109,0.0,51304.0,0,0,0,49,UTAH
3354,491135,18.0,48.41116201886648,0.37181507836942973,0.0,0.0,0.0,0.0,1.6636328904516156,0.0,0.0,0.0,0.0,0.0,0.0,0.0,0.0,0.0,0.0,0.6628452994181193,1.0007875910334962,51304.0,0,0,0,49,UTAH
3361,491142,15.0,38.03875910520188,0.394334630068117,0.0,0.0,0.0,0.0,1.5531586738819292,0.0,0.0,0.0,0.0,0.0,0.0,0.0,0.0,0.0,0.0,0.5523710828484328,1.0007875910334962,51304.0,0,0,0,49,UTAH
3353,491134,14.0,34.274108012577656,0.40847160763052925,0.0,0.0,0.0,0.0,1.5163339350253668,0.0,0.0,0.0,0.0,0.0,0.0,0.0,0.0,0.0,0.0,0.5155463439918706,1.0007875910334962,51304.0,0,0,0,49,UTAH
3352,491133,16.5,60.27392084481894,0.27375023507232676,53.25,4.75,3.0,45.5,56.81876980955938,4.5,0.25,3.0,0.0,3.0,29.25,1.25,12.0,0.0,0.0,2.567982218525883,1.0007875910334962,76841.0,0,0,0,49,UTAH
3359,491140,22.0,81.90077367352488,0.26861773110589904,5.0,1.0,0.25,3.75,8.002371395746575,1.0,0.0,0.0,0.25,1.0,1.75,0.0,1.0,1.0096597039631057,0.0,0.9919241007499728,1.0007875910334962,76841.0,0,0,0,49,UTAH
3351,491132,7.0,26.352557648369576,0.26562886583546047,0.0,0.0,0.0,0.0,0.2577731719959353,0.0,0.0,0.0,0.0,0.0,0.0,0.0,0.0,0.0,0.0,0.2577731719959353,0.0,76841.0,0,0,0,49,UTAH
3350,491131,6.5,22.397486149483605,0.2902111405100641,0.0,0.0,0.0,0.0,0.2408687649899407,0.0,0.0,0.0,0.0,0.0,0.0,0.0,0.0,0.0,0.0,0.2408687649899407,0.0,76841.0,0,0,0,49,UTAH
3349,491130,1.75,5.435409556458319,0.32196285888349685,0.0,0.0,0.0,0.0,3.0919573623820265,0.0,0.0,0.0,0.0,0.0,0.0,0.0,0.0,3.028979111889317,0.0,0.0629782504927096,0.0,76841.0,0,0,0,49,UTAH
3357,491138,10.0,36.72496056203418,0.2722943700132351,0.0,0.0,0.0,0.0,2.378694683562224,0.0,0.0,0.0,0.0,0.0,0.0,0.0,0.0,1.0096597039631057,0.0,0.3682473885656218,1.0007875910334962,76841.0,0,0,0,49,UTAH
3367,491148,13.0,36.96030946940996,0.35172865667586994,0.0,0.0,0.0,0.0,2.4891689001319106,0.0,0.0,0.0,0.0,0.0,0.0,0.0,0.0,1.0096597039631057,0.0,0.4787216051353084,1.0007875910334962,75589.0,0,0,0,49,UTAH
3380,491161,3.0,9.450852549456526,0.31743167976655356,0.0,0.0,0.0,0.0,1.1201339205327925,0.0,0.0,0.0,0.0,0.0,0.0,0.0,0.0,1.0096597039631057,0.0,0.1104742165696865,0.0,75589.0,0,0,0,49,UTAH
3390,491171,7.0,21.7448058273292,0.3219159580262747,0.0,0.0,0.0,0.0,1.267432875959041,0.0,0.0,0.0,0.0,0.0,0.0,0.0,0.0,1.0096597039631057,0.0,0.2577731719959353,0.0,75589.0,0,0,0,49,UTAH
3397,491178,17.0,49.25426274728263,0.34514779131351214,0.0,0.0,0.0,0.0,1.6268081515950534,0.0,0.0,0.0,0.0,0.0,0.0,0.0,0.0,0.0,0.0,0.6260205605615572,1.0007875910334962,75589.0,0,0,0,49,UTAH
3396,491177,7.0,18.0586043704969,0.3876268540129376,0.0,0.0,0.0,0.0,1.267432875959041,0.0,0.0,0.0,0.0,0.0,0.0,0.0,0.0,1.0096597039631057,0.0,0.2577731719959353,0.0,75589.0,0,0,0,49,UTAH
3402,491183,4.0,11.3724029136646,0.35172865667587006,0.0,0.0,0.0,0.0,1.1569586593893544,0.0,0.0,0.0,0.0,0.0,0.0,0.0,0.0,1.0096597039631057,0.0,0.1472989554262487,0.0,75589.0,0,0,0,49,UTAH
3401,491182,5.0,13.293953277872676,0.37611084494499664,0.0,0.0,0.0,0.0,1.1937833982459165,0.0,0.0,0.0,0.0,0.0,0.0,0.0,0.0,1.0096597039631057,0.0,0.1841236942828109,0.0,75589.0,0,0,0,49,UTAH
3378,491159,4.0,11.3724029136646,0.35172865667587006,0.0,0.0,0.0,0.0,1.1569586593893544,0.0,0.0,0.0,0.0,0.0,0.0,0.0,0.0,1.0096597039631057,0.0,0.1472989554262487,0.0,75589.0,0,0,0,49,UTAH
3388,491169,19.0,56.78356493253108,0.3346038598065367,0.0,0.0,0.0,0.0,1.700457629308178,0.0,0.0,0.0,0.0,0.0,0.0,0.0,0.0,0.0,0.0,0.6996700382746817,1.0007875910334962,75589.0,0,0,0,49,UTAH
3389,491170,6.5,16.866888769710457,0.3853704194500111,0.0,0.0,0.0,0.0,1.2481846205758402,0.0,0.0,0.0,0.0,0.0,0.0,0.0,0.0,1.0096597039631057,0.0,0.2385249166127345,0.0,75589.0,0,0,0,49,UTAH
3399,491180,4.0,11.3724029136646,0.35172865667587006,0.0,0.0,0.0,0.0,0.1472989554262487,0.0,0.0,0.0,0.0,0.0,0.0,0.0,0.0,0.0,0.0,0.1472989554262487,0.0,75589.0,0,0,0,49,UTAH
3398,491179,8.0,24.587906555745352,0.3253632016968388,0.0,0.0,0.0,0.0,2.3050452058490998,0.0,0.0,0.0,0.0,0.0,0.0,0.0,0.0,1.0096597039631057,0.0,0.2945979108524975,1.0007875910334962,75589.0,0,0,0,49,UTAH
3255,491036,484.5,1493.0782294741534,0.32449739768199276,0.0,0.0,0.0,0.0,111.89197612499744,0.0,0.0,0.0,0.0,0.0,0.0,0.0,0.0,0.0,0.0,80.11762070288363,31.774355422113796,31028.0,0,0,0,49,UTAH
3259,491040,0.0,0.0,0.0,0.0,0.0,0.0,0.0,0.0,0.0,0.0,0.0,0.0,0.0,0.0,0.0,0.0,0.0,0.0,0.0,0.0,105921.0,0,0,0,49,UTAH
3276,491057,10.75,34.70916007971705,0.30971651216308066,58.25,5.5,3.0,49.75,61.78750727218519,4.5,1.0,3.0,0.0,2.0,20.25,1.25,26.25,0.0,0.0,2.536719681151696,1.0007875910334962,80628.0,0,0,0,49,UTAH
3289,491070,19.999999989708225,64.00546466351962,0.31247331918999993,122.74999993683424,22.99999998816446,2.749999998584881,96.9999999500849,129.22559733793378,14.499999992538465,8.499999995625997,2.749999998584881,0.0,4.749999997555704,13.999999992795757,12.999999993310347,65.24999996642309,0.0,0.0,5.225077527701097,1.2505198733984428,30043.0,0,0,0,49,UTAH
3294,491075,20.000000011403785,54.32383603307363,0.368162513398857,0.0,0.0,0.0,0.0,14.476932654697485,0.0,0.0,0.0,0.0,0.0,0.0,0.0,0.0,0.0,0.0,12.975714106947926,1.5012185477495623,89915.0,0,0,0,49,UTAH
3302,491083,38.25,104.82762534555148,0.3648847321868977,0.0,0.0,0.0,0.0,9.893687565535808,0.0,0.0,0.0,0.0,0.0,0.0,0.0,0.0,0.0,0.0,7.141726138356969,2.751961427178838,89915.0,0,0,0,49,UTAH
3310,491091,124.75,378.4485925974647,0.32963525942528693,0.0,0.0,0.0,0.0,16.853398861547596,0.0,0.0,0.0,0.0,0.0,0.0,0.0,0.0,0.0,0.0,8.346369762123,8.507029099424594,89700.0,0,0,0,49,UTAH
3275,491056,9.75,28.88500246484819,0.33754541000525556,0.0,0.0,0.0,0.0,1.1114730616710249,0.0,0.0,0.0,0.0,0.0,0.0,0.0,0.0,0.0,0.0,0.3607150805759651,0.7507579810950598,30043.0,0,0,0,49,UTAH
3258,491039,89.25,265.8316196248785,0.3357388414739483,0.0,0.0,0.0,0.0,19.028352057846124,0.0,0.0,0.0,0.0,0.0,0.0,0.0,0.0,1.0096597039631057,0.0,12.265334764363253,5.753357589519766,105921.0,0,0,0,49,UTAH
3274,491055,87.75,282.7581827159174,0.3103358465426304,0.0,0.0,0.0,0.0,130.43749437848578,0.0,0.0,0.0,0.0,0.0,0.0,0.0,0.0,1.0096597039631057,0.0,123.67261822835373,5.755216446168936,30043.0,0,0,0,49,UTAH
3369,491150,16.0,48.25426274728263,0.3315769237589485,2.5,0.5,0.0,2.0,4.180036900654293,0.25,0.25,0.0,0.0,0.0,0.25,0.5,1.25,0.0,0.0,0.6792493096207965,1.0007875910334962,75589.0,0,0,0,49,UTAH
3372,491153,26.0,76.68527003144413,0.339048163869527,0.0,0.0,0.0,0.0,2.95901839233761,0.0,0.0,0.0,0.0,0.0,0.0,0.0,0.0,0.0,0.0,0.9574432102706169,2.001575182066993,75589.0,0,0,0,49,UTAH
3368,491149,13.0,37.88185983361802,0.34317216887179414,0.0,0.0,0.0,0.0,1.4795091961688047,0.0,0.0,0.0,0.0,0.0,0.0,0.0,0.0,0.0,0.0,0.4787216051353084,1.0007875910334962,75589.0,0,0,0,49,UTAH
3373,491154,26.0,78.52837075986028,0.3310905313381324,9.0,2.25,2.5,4.25,12.291113118514035,2.25,0.0,1.5,1.0,1.0,0.25,0.0,3.0,0.0,0.0,1.2895379364470436,2.001575182066993,75589.0,0,0,0,49,UTAH
3374,491155,10.0,28.431007284161502,0.35172865667587,33.5,4.75,1.0,27.75,36.09579599564988,4.25,0.5,1.0,0.0,2.75,6.5,1.5,17.0,0.0,0.0,1.5950084046163893,1.0007875910334962,75589.0,0,0,0,49,UTAH
3176,490957,0.0,0.0,0.0,0.0,0.0,0.0,0.0,0.0,0.0,0.0,0.0,0.0,0.0,0.0,0.0,0.0,0.0,0.0,0.0,0.0,51304.0,0,0,0,49,UTAH
2587,490369,54.24996037068956,151.4500027489872,0.35820375956415984,77.99952333300755,19.249882344274717,2.999981664042813,55.74965932469001,262.94942458469245,11.749928184167684,7.499954160107032,0.999993888014271,1.999987776028542,0.999993888014271,7.249955688103465,17.99988998425688,29.499819764315394,0.0,0.0,181.4472585673547,3.5026426843302576,83312.0,0,0,0,49,UTAH
2731,490513,416.5,1322.3850347274151,0.31496121709049263,136.25,7.0,101.5,27.75,183.6302848390684,7.0,0.0,1.0,100.5,14.75,1.0,0.0,12.0,0.0,0.0,20.359019881163995,27.0212649579044,60581.0,0,0,0,49,UTAH
2733,490515,30.25,94.5275061314993,0.32001267396093747,1346.0,129.5,905.75,310.75,1398.6876968030158,125.25,4.25,704.5,201.25,25.75,72.0,28.75,184.25,0.0,0.0,50.68612162094887,2.001575182066993,65221.0,0,0,0,49,UTAH
2742,490524,262.5,783.743458941643,0.3349310249484909,792.25,30.5,210.0,551.75,848.4729307081053,28.5,2.0,63.0,147.0,38.75,13.0,10.0,490.0,0.0,0.0,38.95951178549779,17.263418922607528,60581.0,0,0,0,49,UTAH
3400,491181,5.5,16.334435518334768,0.3367119723131212,0.0,0.0,0.0,0.0,1.7234285050242932,0.0,0.0,0.0,0.0,0.0,0.0,0.0,0.0,1.0096597039631057,0.0,0.2132634803311477,0.5005053207300398,75589.0,0,0,0,49,UTAH
3257,491038,6.25,14.547242516329751,0.4296346880162459,0.0,0.0,0.0,0.0,0.7618452473176582,0.0,0.0,0.0,0.0,0.0,0.0,0.0,0.0,0.0,0.0,0.5115925869526383,0.2502526603650199,105921.0,0,0,0,49,UTAH
3229,491010,0.0,0.0,0.0,0.0,0.0,0.0,0.0,1.0096597039631057,0.0,0.0,0.0,0.0,0.0,0.0,0.0,0.0,1.0096597039631057,0.0,0.0,0.0,69330.0,0,0,0,49,UTAH
3252,491033,13.0,41.56806129045033,0.3127401085454655,0.0,0.0,0.0,0.0,2.4891689001319106,0.0,0.0,0.0,0.0,0.0,0.0,0.0,0.0,1.0096597039631057,0.0,0.4787216051353084,1.0007875910334962,69330.0,0,0,0,49,UTAH
3253,491034,13.0,42.4896116546584,0.3059571385509411,0.0,0.0,0.0,0.0,1.4795091961688047,0.0,0.0,0.0,0.0,0.0,0.0,0.0,0.0,0.0,0.0,0.4787216051353084,1.0007875910334962,69330.0,0,0,0,49,UTAH
3254,491035,20.0,66.07751821040375,0.30267480591986046,0.0,0.0,0.0,0.0,1.73728236816474,0.0,0.0,0.0,0.0,0.0,0.0,0.0,0.0,0.0,0.0,0.7364947771312438,1.0007875910334962,69330.0,0,0,0,49,UTAH
3342,491123,11.5,41.68117691036556,0.2759039176060334,0.0,0.0,0.0,0.0,1.425780050306248,0.0,0.0,0.0,0.0,0.0,0.0,0.0,0.0,0.0,0.0,0.4249924592727517,1.0007875910334962,76841.0,0,0,0,49,UTAH
3336,491117,3.75,14.80922734002299,0.2532205032645666,0.0,0.0,0.0,0.0,1.1486312805461458,0.0,0.0,0.0,0.0,0.0,0.0,0.0,0.0,1.0096597039631057,0.0,0.1389715765830402,0.0,76841.0,0,0,0,49,UTAH
3335,491116,13.25,51.26454908564562,0.25846321164092867,0.0,0.0,0.0,0.0,1.4901804233892193,0.0,0.0,0.0,0.0,0.0,0.0,0.0,0.0,0.0,0.0,0.4893928323557232,1.0007875910334962,76841.0,0,0,0,49,UTAH
3328,491109,7.0,27.96470035312761,0.25031557326224346,0.0,0.0,0.0,0.0,2.2770925799221464,0.0,0.0,0.0,0.0,0.0,0.0,0.0,0.0,2.019319407926212,0.0,0.2577731719959353,0.0,76841.0,0,0,0,49,UTAH
3407,491188,11.0,30.583365326948403,0.35967264826501605,0.0,0.0,0.0,0.0,2.415519422418786,0.0,0.0,0.0,0.0,0.0,0.0,0.0,0.0,1.0096597039631057,0.0,0.405072127422184,1.0007875910334962,56564.0,0,0,0,49,UTAH
3160,490941,6.0,15.215503642080751,0.39433463006811703,0.0,0.0,0.0,0.0,1.2306081371024788,0.0,0.0,0.0,0.0,0.0,0.0,0.0,0.0,1.0096597039631057,0.0,0.2209484331393731,0.0,51304.0,0,0,0,49,UTAH
2949,490730,2.0,2.921550364208075,0.684568037745304,307.5,39.25,129.5,138.75,318.9001098896272,37.75,1.5,15.0,114.5,14.0,20.5,12.0,92.25,0.0,0.0,11.40010988962718,0.0,58209.0,0,0,0,49,UTAH
2939,490720,119.5,337.6761866839921,0.353889331591605,337.0,0.0,0.0,337.0,361.8152860538663,0.0,0.0,0.0,0.0,0.0,337.0,0.0,0.0,0.0,0.0,16.808985325598353,8.00630072826797,65974.0,0,0,0,49,UTAH
2979,490760,447.5,1120.9249762677578,0.3992238637504538,20.75,1.25,0.0,19.5,67.01950538146501,1.25,0.0,0.0,0.0,5.0,3.25,2.5,8.75,0.0,0.0,17.246665241493616,29.022840139971397,24407.0,0,0,0,49,UTAH
2971,490752,565.0,1506.591830843447,0.37501862709801875,0.0,0.0,0.0,0.0,64.58277557198396,0.0,0.0,0.0,0.0,0.0,0.0,0.0,0.0,0.0,0.0,27.553634703744592,37.02914086823937,23848.0,0,0,0,49,UTAH
2928,490710,146.5,418.3574490257153,0.35017901639178184,217.0,10.0,157.0,50.0,240.89020742827623,8.75,1.25,156.75,0.25,4.0,5.0,8.5,32.5,0.0,0.0,14.633015134166374,9.257192294109856,48606.0,0,0,0,49,UTAH
3010,490791,121.25,292.1987353873959,0.4149573058187512,109.25,0.25,84.0,25.0,129.00528748880083,0.25,0.0,40.0,44.0,1.25,21.0,0.25,2.5,0.0,0.0,11.748986760532858,8.00630072826797,31799.0,0,0,0,49,UTAH
2924,490706,124.0,337.7996844962734,0.3670814559371442,818.5,28.5,72.25,717.75,861.196794506802,24.5,4.0,71.5,0.75,440.75,174.5,46.25,56.25,0.0,0.0,34.69049377853396,8.00630072826797,45835.0,0,0,0,49,UTAH
2922,490704,287.0,833.4793659753885,0.3443396582039377,32.5,4.0,8.5,20.0,63.29177297922279,4.0,0.0,7.5,1.0,8.75,1.75,0.75,8.75,0.0,0.0,11.776808749586356,19.014964229636437,64980.0,0,0,0,49,UTAH
2912,490694,135.25,344.9025444475296,0.3921397570918058,41.25,3.25,0.75,37.25,56.7534738949884,2.25,1.0,0.75,0.0,7.0,6.5,4.0,19.75,0.0,0.0,6.496385575686938,9.007088319301467,63356.0,0,0,0,49,UTAH
2821,490603,157.25,465.2783331741648,0.33796974582338346,135.75,9.25,1.75,124.75,159.05046235049673,8.25,1.0,1.75,0.0,7.75,22.5,10.0,84.5,0.0,0.0,13.292586440161768,10.007875910334963,76529.0,0,0,0,49,UTAH
2819,490601,2.0,6.607751821040376,0.3026748059198604,117.0,2.25,57.25,57.5,121.38206595427538,2.25,0.0,57.25,0.0,1.75,35.25,3.0,17.5,0.0,0.0,4.382065954275372,0.0,76529.0,1104,0,0,49,UTAH
2887,490669,610.0,1636.6071057277957,0.3727223216037146,1223.75,647.5,12.0,564.25,1331.3007943590708,456.5,191.0,11.75,0.25,37.0,48.0,60.25,419.0,0.0,0.0,67.51929071773081,40.03150364133985,52442.0,0,0,0,49,UTAH
2932,490714,589.0,1561.2356342395192,0.3772652808343713,41.75,0.0,0.0,41.75,103.0056674505432,0.0,0.0,0.0,0.0,1.0,7.75,0.0,33.0,0.0,0.0,23.22573899127033,38.02992845927286,50017.0,0,0,0,49,UTAH
2274,490058,0.0,0.0,0.0,849.75,0.0,771.0,78.75,883.0596762087837,0.0,0.0,771.0,0.0,77.75,1.0,0.0,0.0,2.019319407926212,0.0,31.290356800857445,0.0,81720.0,0,0,0,49,UTAH
2278,490062,0.0,0.0,0.0,0.0,0.0,0.0,0.0,6.057958223778634,0.0,0.0,0.0,0.0,0.0,0.0,0.0,0.0,6.057958223778634,0.0,0.0,0.0,81720.0,0,0,0,49,UTAH
2279,490063,0.0,0.0,0.0,0.0,0.0,0.0,0.0,5.048298519815528,0.0,0.0,0.0,0.0,0.0,0.0,0.0,0.0,5.048298519815528,0.0,0.0,0.0,81720.0,0,0,0,49,UTAH
2248,490032,0.0,0.0,0.0,0.0,0.0,0.0,0.0,1.0096597039631057,0.0,0.0,0.0,0.0,0.0,0.0,0.0,0.0,1.0096597039631057,0.0,0.0,0.0,81720.0,0,0,0,49,UTAH
2244,490028,0.0,0.0,0.0,0.0,0.0,0.0,0.0,5.048298519815528,0.0,0.0,0.0,0.0,0.0,0.0,0.0,0.0,5.048298519815528,0.0,0.0,0.0,66402.0,0,0,0,49,UTAH
2262,490046,0.0,0.0,0.0,0.0,0.0,0.0,0.0,1.0096597039631057,0.0,0.0,0.0,0.0,0.0,0.0,0.0,0.0,1.0096597039631057,0.0,0.0,0.0,66402.0,0,0,0,49,UTAH
2259,490043,0.0,0.0,0.0,217.2499998050055,2.9999999973073255,11.24999998990247,202.9999998177957,226.25987693738588,0.0,2.9999999973073255,4.249999996185378,6.999999993717093,113.99999989767838,76.4999999313368,3.249999997082936,9.249999991697587,1.0096597030568775,0.0,8.000217429323488,0.0,66402.0,0,0,0,49,UTAH
2258,490042,1.0,1.9215503642080751,0.5204131094488008,130.5,1.0,1.25,128.25,136.35269910023638,0.0,1.0,1.0,0.25,105.25,20.0,3.0,0.0,1.0096597039631057,0.0,4.84303939627327,0.0,66402.0,0,0,0,49,UTAH
2237,490021,3.0,9.450852549456526,0.31743167976655356,0.0,0.0,0.0,0.0,0.1104742165696865,0.0,0.0,0.0,0.0,0.0,0.0,0.0,0.0,0.0,0.0,0.1104742165696865,0.0,66402.0,0,0,0,49,UTAH
2299,490083,0.0,0.0,0.0,0.0,0.0,0.0,0.0,0.0,0.0,0.0,0.0,0.0,0.0,0.0,0.0,0.0,0.0,0.0,0.0,0.0,66402.0,0,0,0,49,UTAH
2307,490091,404.0,1187.133142655479,0.3403156608839164,0.0,0.0,0.0,0.0,40.410227452990114,0.0,0.0,0.0,0.0,0.0,0.0,0.0,0.0,0.0,0.0,14.138977799513292,26.271249653476826,66402.0,0,0,0,49,UTAH
2269,490053,7.0,19.901705098913048,0.35172865667587006,43.0,0.0,0.0,43.0,45.85089664679122,0.0,0.0,0.0,0.0,0.0,43.0,0.0,0.0,1.0096597039631057,0.0,1.8412369428281092,0.0,66402.0,0,0,0,49,UTAH
2265,490049,0.0,0.0,0.0,0.0,0.0,0.0,0.0,0.0,0.0,0.0,0.0,0.0,0.0,0.0,0.0,0.0,0.0,0.0,0.0,0.0,66402.0,0,0,0,49,UTAH
2257,490041,27.0,99.80247877243794,0.27053436279436865,0.0,0.0,0.0,0.0,2.995843131194172,0.0,0.0,0.0,0.0,0.0,0.0,0.0,0.0,0.0,0.0,0.9942679491271792,2.001575182066993,66402.0,0,0,0,49,UTAH
2234,490018,0.0,0.0,0.0,0.0,0.0,0.0,0.0,2.019319407926212,0.0,0.0,0.0,0.0,0.0,0.0,0.0,0.0,2.019319407926212,0.0,0.0,0.0,66402.0,0,0,0,49,UTAH
2243,490027,1.0,1.9215503642080751,0.5204131094488008,47.75,0.0,0.0,47.75,49.54583517580876,0.0,0.0,0.0,0.0,38.75,8.0,1.0,0.0,0.0,0.0,1.7958351758087612,0.0,66402.0,0,0,0,49,UTAH
2233,490017,0.8463357684629779,1.6262768041323563,0.5204131094488008,0.0,0.0,0.0,0.0,1.7401883365380528,0.0,0.0,0.0,0.0,0.0,0.0,0.0,0.0,1.709022242879436,0.0,0.03116609365861697,0.0,66402.0,0,0,0,49,UTAH
2232,490016,1.1536642744577978,4.059924758126374,0.28415902835357115,0.0,0.0,0.0,0.0,0.3527806122061495,0.0,0.0,0.0,0.0,0.0,0.0,0.0,0.0,0.31029722657109593,0.0,0.04248338563505359,0.0,81720.0,0,0,0,49,UTAH
2240,490024,0.0,0.0,0.0,0.0,0.0,0.0,0.0,0.0,0.0,0.0,0.0,0.0,0.0,0.0,0.0,0.0,0.0,0.0,0.0,0.0,81720.0,0,0,0,49,UTAH
2287,490071,0.0,0.0,0.0,133.5,22.0,38.5,73.0,329.46613971019957,16.0,6.0,0.0,38.5,1.0,13.25,8.75,50.0,2.0193194079262113,0.0,193.94682030227332,0.0,81720.0,0,0,0,49,UTAH
2350,490134,2.807354340192404,8.231977344437944,0.34103037735997105,0.0,0.0,0.0,0.0,2.1225828372872906,0.0,0.0,0.0,0.0,0.0,0.0,0.0,0.0,1.8319161393197956,0.0,0.1038620561054142,0.1868046418620808,81720.0,0,0,0,49,UTAH
2348,490132,579.25,1881.9600255824064,0.3077908096484359,0.0,0.0,0.0,0.0,61.52496469458842,0.0,0.0,0.0,0.0,0.0,0.0,0.0,0.0,2.019319407926212,0.0,21.47356059962692,38.032084687035294,62109.0,0,0,0,49,UTAH
2359,490143,111.25,299.3008928012196,0.37169952604814505,0.0,0.0,0.0,0.0,12.573819567738376,0.0,0.0,0.0,0.0,0.0,0.0,0.0,0.0,1.0096597039631057,0.0,4.30891431098252,7.255245552792749,74211.0,0,0,0,49,UTAH
2376,490158,117.09566093703741,389.28160163149937,0.3007993710627048,63.69092620859055,0.6822686783338786,0.5439085233015454,62.46474900695513,79.16832356553216,0.1362171897749805,0.5460514885588982,0.5414493828422879,0.002459140459257386,51.24437256465463,9.477097308254182,1.7340983429984171,0.00918079104789424,1.0933592471831017,0.0,6.578548269154176,7.805489840604341,79647.0,0,0,0,49,UTAH
2340,490124,0.0,0.0,0.0,0.0,0.0,0.0,0.0,2.019319407926212,0.0,0.0,0.0,0.0,0.0,0.0,0.0,0.0,2.019319407926212,0.0,0.0,0.0,81720.0,0,0,0,49,UTAH
2361,490145,0.0,0.0,0.0,0.0,0.0,0.0,0.0,3.028979111889317,0.0,0.0,0.0,0.0,0.0,0.0,0.0,0.0,3.028979111889317,0.0,0.0,0.0,81720.0,0,0,0,49,UTAH
2362,490146,39.41045163164381,114.70120601677351,0.3435923038671499,0.0,0.0,0.0,0.0,7.918746453436179,0.0,0.0,0.0,0.0,0.0,0.0,0.0,0.0,3.982060427517048,0.0,1.3394511436968288,2.5972348822223017,81720.0,0,0,0,49,UTAH
2338,490122,0.0,0.0,0.0,0.0,0.0,0.0,0.0,0.0,0.0,0.0,0.0,0.0,0.0,0.0,0.0,0.0,0.0,0.0,0.0,0.0,81720.0,0,0,0,49,UTAH
2286,490070,0.0,0.0,0.0,0.0,0.0,0.0,0.0,4.038638815852423,0.0,0.0,0.0,0.0,0.0,0.0,0.0,0.0,4.038638815852423,0.0,0.0,0.0,81720.0,0,0,0,49,UTAH
2293,490077,0.0,0.0,0.0,0.0,0.0,0.0,0.0,3.0289791118893175,0.0,0.0,0.0,0.0,0.0,0.0,0.0,0.0,3.0289791118893175,0.0,0.0,0.0,81720.0,0,0,0,49,UTAH
2303,490087,4.913867975349005,18.02939478037928,0.27254758327753653,4.03346934381769,0.0,0.0,4.03346934381769,4.379040348200312,0.0,0.0,0.0,0.0,0.0,4.03346934381769,0.0,0.0,0.0,0.0,0.3455710043826211,0.0,66402.0,46,0,0,49,UTAH
2304,490088,161.7046396615771,606.6503806945941,0.2665532649570429,3.3161109364873322,1.2799024667144088,0.0,2.036208469772923,20.09951140783088,1.2799024667144088,0.0,0.0,0.0,0.5235964636558945,1.5126120061170287,0.0,0.0,0.0,0.0,6.0768460466876,10.706554424655948,66402.0,0,0,0,49,UTAH
2261,490045,0.0,0.0,0.0,2.0,0.0,0.25,1.75,4.092968885639336,0.0,0.0,0.0,0.25,1.75,0.0,0.0,0.0,2.019319407926212,0.0,0.0736494777131243,0.0,66402.0,0,0,0,49,UTAH
2260,490044,0.0,0.0,0.0,0.0,0.0,0.0,0.0,4.038638815852423,0.0,0.0,0.0,0.0,0.0,0.0,0.0,0.0,4.038638815852423,0.0,0.0,0.0,66402.0,0,0,0,49,UTAH
2249,490033,0.14594160965249545,0.5494192402376051,0.26562886583546047,0.7661934506756011,0.0,0.0,0.7661934506756011,4.98566272935104,0.0,0.0,0.0,0.0,0.6749799446427914,0.09121350603280966,0.0,0.0,4.1859901805085435,0.0,0.033479098166894754,0.0,81720.0,0,0,0,49,UTAH
2329,490113,0.0,0.0,0.0,0.0,0.0,0.0,0.0,0.0,0.0,0.0,0.0,0.0,0.0,0.0,0.0,0.0,0.0,0.0,0.0,0.0,81720.0,0,0,0,49,UTAH
2333,490117,0.056626707393240536,0.2131797958596753,0.2656288658354604,0.0,0.0,0.0,0.0,0.0020852637120630374,0.0,0.0,0.0,0.0,0.0,0.0,0.0,0.0,0.0,0.0,0.0020852637120630374,0.0,81720.0,0,0,0,49,UTAH
2330,490114,0.0,0.0,0.0,0.0,0.0,0.0,0.0,0.0,0.0,0.0,0.0,0.0,0.0,0.0,0.0,0.0,0.0,0.0,0.0,0.0,81720.0,0,0,0,49,UTAH
2331,490115,0.0,0.0,0.0,0.0,0.0,0.0,0.0,1.4138492960062823,0.0,0.0,0.0,0.0,0.0,0.0,0.0,0.0,1.4138492960062823,0.0,0.0,0.0,81720.0,0,0,0,49,UTAH
2326,490110,8.220468053589434,25.976986050342692,0.31645195626845973,0.0,0.0,0.0,0.0,4.922168710548739,0.0,0.0,0.0,0.0,0.0,0.0,0.0,0.0,4.097191532487205,0.0,0.30263162755235473,0.5223455505091799,81720.0,0,0,0,49,UTAH
2280,490064,0.0,0.0,0.0,0.0,0.0,0.0,0.0,1.0096597039631057,0.0,0.0,0.0,0.0,0.0,0.0,0.0,0.0,1.0096597039631057,0.0,0.0,0.0,81720.0,0,0,0,49,UTAH
2277,490061,0.0,0.0,0.0,0.0,0.0,0.0,0.0,4.038638815852424,0.0,0.0,0.0,0.0,0.0,0.0,0.0,0.0,4.038638815852424,0.0,0.0,0.0,81720.0,0,0,0,49,UTAH
2263,490047,0.5710664496090097,1.3607768660519461,0.41966207969559194,0.0,0.0,0.0,0.0,1.843631740842853,0.0,0.0,0.0,0.0,0.0,0.0,0.0,0.0,1.8226023679662573,0.0,0.021029372876595863,0.0,81720.0,0,0,0,49,UTAH
2254,490038,0.0,0.0,0.0,0.0,0.0,0.0,0.0,5.815311177681282,0.0,0.0,0.0,0.0,0.0,0.0,0.0,0.0,5.815311177681282,0.0,0.0,0.0,81720.0,0,0,0,49,UTAH
2231,490015,0.0,0.0,0.0,0.0,0.0,0.0,0.0,0.0,0.0,0.0,0.0,0.0,0.0,0.0,0.0,0.0,0.0,0.0,0.0,0.0,81720.0,0,0,0,49,UTAH
2247,490031,0.0,0.0,0.0,0.0,0.0,0.0,0.0,3.0289822518280753,0.0,0.0,0.0,0.0,0.0,0.0,0.0,0.0,3.0289822518280753,0.0,0.0,0.0,81720.0,0,0,0,49,UTAH
2239,490023,2.0,6.607751821040376,0.3026748059198604,0.0,0.0,0.0,0.0,0.0736494777131243,0.0,0.0,0.0,0.0,0.0,0.0,0.0,0.0,0.0,0.0,0.0736494777131243,0.0,81720.0,0,0,0,49,UTAH
2238,490022,9.0,33.421217391617574,0.2692900110292602,34.0,0.0,1.0,33.0,36.58425136186567,0.0,0.0,1.0,0.0,29.0,3.0,1.0,0.0,0.0,0.0,1.5834637708321742,1.0007875910334962,81720.0,0,0,0,49,UTAH
2285,490069,0.0,0.0,0.0,0.0,0.0,0.0,0.0,0.0,0.0,0.0,0.0,0.0,0.0,0.0,0.0,0.0,0.0,0.0,0.0,0.0,81720.0,0,0,0,49,UTAH
2323,490107,0.0,0.0,0.0,0.0,0.0,0.0,0.0,1.0096597039631057,0.0,0.0,0.0,0.0,0.0,0.0,0.0,0.0,1.0096597039631057,0.0,0.0,0.0,81720.0,0,0,0,49,UTAH
2388,490170,9.350627926498557,34.43263440861,0.27156295436286454,2.0007994751404894,0.0,0.0,2.0007994751404894,2.9755133271868264,0.0,0.0,0.0,0.0,0.8366979623314773,1.164101512809012,0.0,0.0,0.0,0.0,0.4285871585820943,0.5461266934642423,81720.0,0,0,0,49,UTAH
2392,490174,0.0,0.0,0.0,0.0,0.0,0.0,0.0,4.038638815852423,0.0,0.0,0.0,0.0,0.0,0.0,0.0,0.0,4.038638815852423,0.0,0.0,0.0,81720.0,0,0,0,49,UTAH
2401,490183,0.0,0.0,0.0,0.0,0.0,0.0,0.0,4.038638815852423,0.0,0.0,0.0,0.0,0.0,0.0,0.0,0.0,4.038638815852423,0.0,0.0,0.0,81720.0,0,0,0,49,UTAH
2335,490119,0.0,0.0,0.0,0.0,0.0,0.0,0.0,2.019319407926212,0.0,0.0,0.0,0.0,0.0,0.0,0.0,0.0,2.019319407926212,0.0,0.0,0.0,81720.0,0,0,0,49,UTAH
2334,490118,0.0,0.0,0.0,0.0,0.0,0.0,0.0,0.0,0.0,0.0,0.0,0.0,0.0,0.0,0.0,0.0,0.0,0.0,0.0,0.0,81720.0,0,0,0,49,UTAH
2291,490075,0.0,0.0,0.0,0.0,0.0,0.0,0.0,0.0,0.0,0.0,0.0,0.0,0.0,0.0,0.0,0.0,0.0,0.0,0.0,0.0,81720.0,0,0,0,49,UTAH
2284,490068,0.0,0.0,0.0,0.0,0.0,0.0,0.0,1.0096597039631057,0.0,0.0,0.0,0.0,0.0,0.0,0.0,0.0,1.0096597039631057,0.0,0.0,0.0,81720.0,0,0,0,49,UTAH
3173,490954,0.0,0.0,0.0,0.0,0.0,0.0,0.0,0.0,0.0,0.0,0.0,0.0,0.0,0.0,0.0,0.0,0.0,0.0,0.0,0.0,51304.0,0,0,0,49,UTAH
3071,490852,37.249999943186246,147.1450046450029,0.25315164475378793,1166.99999822009,426.2499993498829,65.749999899718,674.9999989704891,1213.3478080193981,285.9999995637924,140.2499997860905,12.999999980172381,52.74999991954562,31.749999951574857,163.49999975062957,19.49999997025857,460.24999929802607,0.0,0.0,44.34623462029409,2.001575179014188,73772.0,692,0,0,49,UTAH
2481,490263,699.5,2701.3407031253364,0.2589454929512254,0.0,0.0,0.0,0.0,71.79706330911199,0.0,0.0,0.0,0.0,0.0,0.0,0.0,0.0,0.0,0.0,25.760834121571165,46.036229187540826,96415.0,0,0,0,49,UTAH
2488,490270,239.99999939001918,879.7714415102805,0.27279812467885695,0.0,0.0,0.0,0.0,91.26393829568481,0.0,0.0,0.0,0.0,0.0,0.0,0.0,0.0,0.0,0.0,75.50158958375854,15.762348711926268,96415.0,0,0,0,49,UTAH
2489,490271,78.5,262.1760945101061,0.2994170774672748,0.0,0.0,0.0,0.0,18.31235919369125,0.0,0.0,0.0,0.0,0.0,0.0,0.0,0.0,0.0,0.0,13.30775208724402,5.004607106447232,96415.0,0,0,0,49,UTAH
2469,490251,281.5,936.1370325588914,0.3007038395121829,65.75,16.25,10.0,39.5,301.3177756036937,12.75,3.5,0.0,10.0,0.0,6.75,7.0,25.75,1.0096597039631057,0.0,216.2938354188691,18.264280480861498,70166.0,0,0,0,49,UTAH
2462,490244,43.25,174.34217509025234,0.24807537233954216,0.0,0.0,0.0,0.0,5.0978419240878114,0.0,0.0,0.0,0.0,0.0,0.0,0.0,0.0,0.0,0.0,2.0954791509873227,3.002362773100489,96951.0,0,0,0,49,UTAH
2433,490215,504.25,1799.424794678037,0.2802284382716996,0.0,0.0,0.0,0.0,555.2112437220037,0.0,0.0,0.0,0.0,0.0,0.0,0.0,0.0,0.0,0.0,522.195512388756,33.01573133324769,91516.0,0,0,0,49,UTAH
2464,490246,191.75,657.772640047134,0.2915141012649291,0.0,0.0,0.0,0.0,259.5190103338078,0.0,0.0,0.0,0.0,0.0,0.0,0.0,0.0,0.0,0.0,247.00897968835565,12.510030645452124,70166.0,0,0,0,49,UTAH
2559,490341,260.5,929.5395846176806,0.2802462684869344,0.0,0.0,0.0,0.0,52.10163130830513,0.0,0.0,0.0,0.0,0.0,0.0,0.0,0.0,0.0,0.0,35.08816794004902,17.013463368256115,93988.0,0,0,0,49,UTAH
2346,490130,103.75,399.5671359503778,0.25965598935765505,152.0,0.0,0.0,152.0,168.421975057294,0.0,0.0,0.0,0.0,0.0,152.0,0.0,0.0,0.0,0.0,9.416461920059506,7.005513137234474,74211.0,0,611,1379,49,UTAH
2399,490181,0.0,0.0,0.0,0.0,0.0,0.0,0.0,14.135235855483478,0.0,0.0,0.0,0.0,0.0,0.0,0.0,0.0,14.135235855483478,0.0,0.0,0.0,81720.0,0,0,0,49,UTAH
2396,490178,0.0,0.0,0.0,0.0,0.0,0.0,0.0,14.135235855483478,0.0,0.0,0.0,0.0,0.0,0.0,0.0,0.0,14.135235855483478,0.0,0.0,0.0,81720.0,0,0,0,49,UTAH
2400,490182,0.0,0.0,0.0,0.0,0.0,0.0,0.0,14.135235855483478,0.0,0.0,0.0,0.0,0.0,0.0,0.0,0.0,14.135235855483478,0.0,0.0,0.0,81720.0,0,0,0,49,UTAH
2327,490111,5.0,14.215503642080751,0.35172865667587,0.0,0.0,0.0,0.0,0.1841236942828109,0.0,0.0,0.0,0.0,0.0,0.0,0.0,0.0,0.0,0.0,0.1841236942828109,0.0,81720.0,0,0,0,49,UTAH
2322,490106,2.0,4.764651092624225,0.4197579132491023,0.0,0.0,0.0,0.0,0.0736494777131243,0.0,0.0,0.0,0.0,0.0,0.0,0.0,0.0,0.0,0.0,0.0736494777131243,0.0,81720.0,0,0,0,49,UTAH
2272,490056,59.75,198.53640341974236,0.3009523642557257,0.0,0.0,0.0,0.0,7.22423827640998,0.0,0.0,0.0,0.0,0.0,0.0,0.0,0.0,1.0096597039631057,0.0,2.210536006606556,4.004042565840319,81720.0,0,0,0,49,UTAH
2289,490073,0.0,0.0,0.0,0.0,0.0,0.0,0.0,1.0096597039631057,0.0,0.0,0.0,0.0,0.0,0.0,0.0,0.0,1.0096597039631057,0.0,0.0,0.0,81720.0,0,0,0,49,UTAH
2283,490067,0.0,0.0,0.0,0.0,0.0,0.0,0.0,1.0096596989359217,0.0,0.0,0.0,0.0,0.0,0.0,0.0,0.0,1.0096596989359217,0.0,0.0,0.0,81720.0,0,0,0,49,UTAH
2282,490066,0.0,0.0,0.0,0.0,0.0,0.0,0.0,0.0,0.0,0.0,0.0,0.0,0.0,0.0,0.0,0.0,0.0,0.0,0.0,0.0,81720.0,0,0,0,49,UTAH
2228,490012,3.999999992056335,16.210781366307337,0.24674936399857803,0.0,0.0,0.0,0.0,12.263215378629797,0.0,0.0,0.0,0.0,0.0,0.0,0.0,0.0,12.11591642349607,0.0,0.14729895513372532,0.0,81720.0,0,0,0,49,UTAH
2455,490237,1.0460886141334773,4.318669521625883,0.24222474280450343,0.0,0.0,0.0,0.0,1.5366228130441744,0.0,0.0,0.0,0.0,0.0,0.0,0.0,0.0,1.0096596956404695,0.0,0.5269631174037048,0.0,96951.0,0,0,0,49,UTAH
2619,490401,10.25,25.92180944662916,0.39541992703495077,192.75,40.0,45.0,107.75,200.77734152442045,39.75,0.25,43.25,1.75,17.5,8.25,8.5,73.5,0.0,0.0,7.526836203690417,0.50050532073004,96918.0,0,0,0,49,UTAH
3485,491266,167.75,574.619225602014,0.29193245287651587,176.75,47.25,2.25,127.25,200.45257549888515,14.25,33.0,2.0,0.25,114.25,11.0,1.0,1.0,0.0,0.0,12.693911997516684,11.008663501368458,84614.0,0,0,0,49,UTAH
3561,491336,0.0,0.0,0.0,0.0,0.0,0.0,0.0,0.0,0.0,0.0,0.0,0.0,0.0,0.0,0.0,0.0,0.0,0.0,0.0,0.0,67754.0,0,0,0,49,UTAH
3514,491295,0.9999999994942917,3.534992801950631,0.2828860072763049,0.0,0.0,0.0,0.0,104.03177419444673,0.0,0.0,0.0,0.0,0.0,0.0,0.0,0.0,103.99494945560878,0.0,0.036824738837939526,0.0,67754.0,0,0,0,49,UTAH
2217,490001,0.9999999985451298,2.8429855891521063,0.3517429009703037,0.0,0.0,0.0,0.0,1448.6459651603634,0.0,0.0,0.0,0.0,0.0,0.0,0.0,0.0,1448.6091404215604,0.0,0.03682473880298689,0.0,81720.0,0,0,0,49,UTAH
3553,491339,0.0,0.0,0.0,0.0,0.0,0.0,0.0,1.0096597041681417,0.0,0.0,0.0,0.0,0.0,0.0,0.0,0.0,1.0096597041681417,0.0,0.0,0.0,81720.0,0,0,0,49,UTAH
3554,491340,0.0,0.0,0.0,0.0,0.0,0.0,0.0,0.0,0.0,0.0,0.0,0.0,0.0,0.0,0.0,0.0,0.0,0.0,0.0,0.0,87096.0,0,0,0,49,UTAH
2219,490003,0.0,0.0,0.0,0.0,0.0,0.0,0.0,0.0,0.0,0.0,0.0,0.0,0.0,0.0,0.0,0.0,0.0,0.0,0.0,0.0,81720.0,0,0,0,49,UTAH
2528,490310,95.75,236.28630234187537,0.40522873755695865,527.25,137.5,4.5,385.25,556.1961944945111,53.75,83.75,4.5,0.0,21.5,81.0,19.25,263.5,0.0,0.0,22.941468948310145,6.004725546200978,107045.0,0,290,214,49,UTAH
2529,490311,3.0,9.450852549456526,0.31743167976655356,928.0,132.0,32.5,763.5,962.35446249989,107.0,25.0,28.75,3.75,1.5,203.75,232.75,325.5,0.0,0.0,34.35446249989018,0.0,85040.0,0,0,0,49,UTAH
2524,490306,383.75,937.831131028028,0.40918880521628925,37.5,9.25,0.5,27.75,78.03917816311744,7.0,2.25,0.5,0.0,0.0,4.0,5.75,18.0,0.0,0.0,15.519488387280036,25.01968977583741,107045.0,0,0,0,49,UTAH
2218,490002,0.0,0.0,0.0,0.0,0.0,0.0,0.0,3.0289791130301813,0.0,0.0,0.0,0.0,0.0,0.0,0.0,0.0,3.0289791130301813,0.0,0.0,0.0,81720.0,0,0,0,49,UTAH
3550,491338,0.0,0.0,0.0,0.0,0.0,0.0,0.0,0.0,0.0,0.0,0.0,0.0,0.0,0.0,0.0,0.0,0.0,0.0,0.0,0.0,81720.0,0,0,0,49,UTAH
3562,491346,1.0000000000322393,6.000000000193436,0.16666666666666666,0.0,0.0,0.0,0.0,0.0,0.0,0.0,0.0,0.0,0.0,0.0,0.0,0.0,0.0,0.0,0.0,0.0,67754.0,0,0,0,49,UTAH
3492,491273,33.249999915329695,120.10598451842021,0.2768388273794156,0.0,0.0,0.0,0.0,3.725368583009772,0.0,0.0,0.0,0.0,0.0,0.0,0.0,0.0,0.0,0.0,1.7237934060397408,2.0015751769700314,67754.0,0,0,0,49,UTAH
2421,490203,0.0,0.0,0.0,0.0,0.0,0.0,0.0,17.164215213252767,0.0,0.0,0.0,0.0,0.0,0.0,0.0,0.0,17.164215213252767,0.0,0.0,0.0,87096.0,0,0,0,49,UTAH
2420,490202,0.0,0.0,0.0,0.0,0.0,0.0,0.0,24.231832772396427,0.0,0.0,0.0,0.0,0.0,0.0,0.0,0.0,24.231832772396427,0.0,0.0,0.0,87096.0,0,0,0,49,UTAH
2390,490172,7.0,21.7448058273292,0.3219159580262747,0.0,0.0,0.0,0.0,1.267432875959041,0.0,0.0,0.0,0.0,0.0,0.0,0.0,0.0,1.0096597039631057,0.0,0.2577731719959353,0.0,81720.0,0,0,0,49,UTAH
2394,490176,0.0,0.0,0.0,0.0,0.0,0.0,0.0,11.106256711179961,0.0,0.0,0.0,0.0,0.0,0.0,0.0,0.0,11.106256711179961,0.0,0.0,0.0,81720.0,0,0,0,49,UTAH
2931,490713,189.0,512.4641778370344,0.368806266220822,6019.75,8.75,3.25,6007.75,6260.396176923273,6.75,2.0,3.25,0.0,4.0,5942.0,6.75,55.0,0.0,0.0,228.636725830871,12.009451092401957,50017.0,0,0,606,49,UTAH
2502,490284,1341.7499518922784,4658.58219429187,0.2880168033820066,0.0,0.0,0.0,0.0,139.49875018821217,0.0,0.0,0.0,0.0,0.0,0.0,0.0,0.0,4.03863867104921,0.0,47.63972101277357,87.82039050438938,87096.0,0,0,0,49,UTAH
2563,490345,119.99999074346745,356.6089342791046,0.3365030407498089,0.0,0.0,0.0,0.0,12.42619015831369,0.0,0.0,0.0,0.0,0.0,0.0,0.0,0.0,0.0,0.0,4.419890047633913,8.006300110679776,83312.0,0,0,0,49,UTAH
2413,490195,0.0,0.0,0.0,0.0,0.0,0.0,0.0,5.048298519815528,0.0,0.0,0.0,0.0,0.0,0.0,0.0,0.0,5.048298519815528,0.0,0.0,0.0,81720.0,0,0,0,49,UTAH
2412,490194,0.0,0.0,0.0,0.0,0.0,0.0,0.0,4.038638815852423,0.0,0.0,0.0,0.0,0.0,0.0,0.0,0.0,4.038638815852423,0.0,0.0,0.0,81720.0,0,0,0,49,UTAH
2406,490188,0.0,0.0,0.0,0.0,0.0,0.0,0.0,4.038638815852423,0.0,0.0,0.0,0.0,0.0,0.0,0.0,0.0,4.038638815852423,0.0,0.0,0.0,81720.0,0,0,0,49,UTAH
2414,490196,0.0,0.0,0.0,0.0,0.0,0.0,0.0,4.038638815852423,0.0,0.0,0.0,0.0,0.0,0.0,0.0,0.0,4.038638815852423,0.0,0.0,0.0,81720.0,0,0,0,49,UTAH
2415,490197,0.0,0.0,0.0,0.0,0.0,0.0,0.0,3.028979111889317,0.0,0.0,0.0,0.0,0.0,0.0,0.0,0.0,3.028979111889317,0.0,0.0,0.0,81720.0,0,0,0,49,UTAH
2408,490190,0.0,0.0,0.0,21.75,0.0,0.25,21.5,24.570886634607792,0.0,0.0,0.0,0.25,18.25,3.0,0.25,0.0,2.019319407926212,0.0,0.8015672266815821,0.0,81720.0,0,0,0,49,UTAH
2410,490192,0.0,0.0,0.0,257.75,53.25,17.5,187.0,673.335527587348,18.75,34.5,0.0,17.5,0.0,19.5,39.5,128.0,0.0,0.0,415.585527587348,0.0,81720.0,0,0,0,49,UTAH
2411,490193,54.0,150.3473742270991,0.35916822809577786,0.0,0.0,0.0,0.0,8.552087756093577,0.0,0.0,0.0,0.0,0.0,0.0,0.0,0.0,3.028979111889317,0.0,2.269824059459,3.253284584745259,95747.0,0,0,0,49,UTAH
2393,490175,0.0,0.0,0.0,0.0,0.0,0.0,0.0,0.0,0.0,0.0,0.0,0.0,0.0,0.0,0.0,0.0,0.0,0.0,0.0,0.0,81720.0,0,0,0,49,UTAH
2427,490209,0.0,0.0,0.0,0.0,0.0,0.0,0.0,0.0,0.0,0.0,0.0,0.0,0.0,0.0,0.0,0.0,0.0,0.0,0.0,0.0,91516.0,0,0,0,49,UTAH
2424,490206,1.0,3.3037477106641093,0.30268655102570863,0.0,0.0,0.0,0.0,40.42321289738079,0.0,0.0,0.0,0.0,0.0,0.0,0.0,0.0,40.38638815852423,0.0,0.0368247388565621,0.0,91516.0,0,0,0,49,UTAH
2430,490212,0.0,0.0,0.0,37.75,0.25,2.5,35.0,39.140763048386574,0.25,0.0,2.25,0.25,34.0,1.0,0.0,0.0,0.0,0.0,1.3907630483865772,0.0,91516.0,0,0,0,49,UTAH
3163,490944,0.0,0.0,0.0,218.25,7.75,164.5,46.0,226.28419902834435,7.75,0.0,164.5,0.0,6.0,9.5,3.5,27.0,0.0,0.0,8.034199028344348,0.0,51304.0,0,0,0,49,UTAH
3383,491164,4.0,11.3724029136646,0.35172865667587006,0.75,0.5,0.0,0.25,1.9352063700831303,0.25,0.25,0.0,0.0,0.0,0.0,0.0,0.25,1.0096597039631057,0.0,0.1755466661200249,0.0,75589.0,0,0,0,49,UTAH
3393,491174,13.0,41.56806129045033,0.3127401085454655,0.0,0.0,0.0,0.0,1.4795091961688047,0.0,0.0,0.0,0.0,0.0,0.0,0.0,0.0,0.0,0.0,0.4787216051353084,1.0007875910334962,75589.0,0,0,0,49,UTAH
2419,490201,328.9999999408036,1303.7694512895234,0.25234522838021595,0.0,0.0,0.0,0.0,34.38266608035946,0.0,0.0,0.0,0.0,0.0,0.0,0.0,0.0,0.0,0.0,12.365339081584086,22.01732699877538,102760.0,0,0,0,49,UTAH
2225,490009,0.0,0.0,0.0,0.0,0.0,0.0,0.0,0.0,0.0,0.0,0.0,0.0,0.0,0.0,0.0,0.0,0.0,0.0,0.0,0.0,66402.0,0,0,0,49,UTAH
2220,490004,8.000000015161632,22.744805870435247,0.35172865667587,0.0,0.0,0.0,0.0,1.2953855043410134,0.0,0.0,0.0,0.0,0.0,0.0,0.0,0.0,0.0,0.0,0.2945979114108206,1.0007875929301928,66402.0,0,0,0,49,UTAH
2942,490723,6.0,21.66635619153728,0.2769270451827777,0.0,0.0,0.0,0.0,0.2209484331393731,0.0,0.0,0.0,0.0,0.0,0.0,0.0,0.0,0.0,0.0,0.2209484331393731,0.0,55528.0,0,0,0,49,UTAH
3547,491328,5.0,25.0,0.2,0.0,0.0,0.0,0.0,0.0,0.0,0.0,0.0,0.0,0.0,0.0,0.0,0.0,0.0,0.0,0.0,0.0,87096.0,0,0,0,49,UTAH
3546,491327,0.0,0.0,0.0,0.0,0.0,0.0,0.0,0.0,0.0,0.0,0.0,0.0,0.0,0.0,0.0,0.0,0.0,0.0,0.0,0.0,87096.0,0,0,0,49,UTAH
3549,491330,0.0,0.0,0.0,0.0,0.0,0.0,0.0,0.0,0.0,0.0,0.0,0.0,0.0,0.0,0.0,0.0,0.0,0.0,0.0,0.0,109773.0,0,0,0,49,UTAH
3516,491297,1.4999999998782225,2.88260409101346,0.5203628221282568,0.0,0.0,0.0,0.0,0.05674507070252296,0.0,0.0,0.0,0.0,0.0,0.0,0.0,0.0,0.0,0.0,0.05674507070252296,0.0,144534.0,0,0,0,49,UTAH
3531,491312,9.999999999835163,24.74551326187134,0.40411366270763416,0.0,0.0,0.0,0.0,1.369034979576551,0.0,0.0,0.0,0.0,0.0,0.0,0.0,0.0,0.0,0.0,0.3682473885595517,1.0007875910169997,101715.0,0,0,0,49,UTAH
3538,491319,5.000000000051208,19.00000000019459,0.2631578947368421,0.0,0.0,0.0,0.0,0.0,0.0,0.0,0.0,0.0,0.0,0.0,0.0,0.0,0.0,0.0,0.0,0.0,87096.0,0,0,0,49,UTAH
3537,491318,0.0,0.0,0.0,0.0,0.0,0.0,0.0,0.0,0.0,0.0,0.0,0.0,0.0,0.0,0.0,0.0,0.0,0.0,0.0,0.0,87096.0,0,0,0,49,UTAH
3530,491311,1.9999999999522384,3.843100728324374,0.5204131094488008,0.0,0.0,0.0,0.0,0.0736494777113655,0.0,0.0,0.0,0.0,0.0,0.0,0.0,0.0,0.0,0.0,0.0736494777113655,0.0,68752.0,0,0,0,49,UTAH
3520,491301,0.0,0.0,0.0,0.0,0.0,0.0,0.0,0.0,0.0,0.0,0.0,0.0,0.0,0.0,0.0,0.0,0.0,0.0,0.0,0.0,92729.0,0,0,0,49,UTAH
3518,491299,1.0,1.0,1.0,5.0,0.0,0.0,5.0,5.0,0.0,0.0,0.0,0.0,0.0,5.0,0.0,0.0,0.0,0.0,0.0,0.0,77419.0,0,0,0,49,UTAH
3519,491300,0.0,0.0,0.0,0.0,0.0,0.0,0.0,0.0,0.0,0.0,0.0,0.0,0.0,0.0,0.0,0.0,0.0,0.0,0.0,0.0,77419.0,0,0,0,49,UTAH
3517,491298,0.0,0.0,0.0,0.0,0.0,0.0,0.0,0.0,0.0,0.0,0.0,0.0,0.0,0.0,0.0,0.0,0.0,0.0,0.0,0.0,77419.0,0,0,0,49,UTAH
3521,491302,0.9999999999136254,4.685905306516475,0.21340593428616045,0.0,0.0,0.0,0.0,0.03682473885338138,0.0,0.0,0.0,0.0,0.0,0.0,0.0,0.0,0.0,0.0,0.03682473885338138,0.0,72466.0,0,0,0,49,UTAH
3524,491305,0.0,0.0,0.0,0.0,0.0,0.0,0.0,0.0,0.0,0.0,0.0,0.0,0.0,0.0,0.0,0.0,0.0,0.0,0.0,0.0,108155.0,0,0,0,49,UTAH
3534,491315,31.0,76.0,0.40789473684210525,0.0,0.0,0.0,0.0,0.0736494777131243,0.0,0.0,0.0,0.0,0.0,0.0,0.0,0.0,0.0,0.0,0.0736494777131243,0.0,88236.0,0,0,0,49,UTAH
3533,491314,54.0,166.0,0.3253012048192771,0.0,0.0,0.0,0.0,0.0,0.0,0.0,0.0,0.0,0.0,0.0,0.0,0.0,0.0,0.0,0.0,0.0,87096.0,0,0,0,49,UTAH
3532,491313,41.0,87.0,0.47126436781609193,2.0,2.0,0.0,0.0,2.0,2.0,0.0,0.0,0.0,0.0,0.0,0.0,0.0,0.0,0.0,0.0,0.0,87096.0,0,0,0,49,UTAH
3535,491316,0.0,0.0,0.0,0.0,0.0,0.0,0.0,0.0,0.0,0.0,0.0,0.0,0.0,0.0,0.0,0.0,0.0,0.0,0.0,0.0,87096.0,0,0,0,49,UTAH
3536,491317,0.0,0.0,0.0,0.0,0.0,0.0,0.0,0.0,0.0,0.0,0.0,0.0,0.0,0.0,0.0,0.0,0.0,0.0,0.0,0.0,87096.0,0,0,0,49,UTAH
3539,491320,0.0,0.0,0.0,0.0,0.0,0.0,0.0,0.0,0.0,0.0,0.0,0.0,0.0,0.0,0.0,0.0,0.0,0.0,0.0,0.0,103837.0,0,0,0,49,UTAH
3540,491321,65.0,247.0,0.2631578947368421,8.0,7.2,0.0,0.8,16.0,7.2,0.0,0.0,0.0,0.8,0.0,0.0,0.0,0.0,0.0,8.0,0.0,98256.0,0,0,0,49,UTAH
3542,491323,1.0,6.0,0.16666666666666666,0.0,0.0,0.0,0.0,0.0,0.0,0.0,0.0,0.0,0.0,0.0,0.0,0.0,0.0,0.0,0.0,0.0,87096.0,0,0,0,49,UTAH
3541,491322,0.0,0.0,0.0,0.0,0.0,0.0,0.0,0.0,0.0,0.0,0.0,0.0,0.0,0.0,0.0,0.0,0.0,0.0,0.0,0.0,95466.0,0,0,0,49,UTAH
3543,491324,0.0,0.0,0.0,0.0,0.0,0.0,0.0,0.0,0.0,0.0,0.0,0.0,0.0,0.0,0.0,0.0,0.0,0.0,0.0,0.0,87096.0,0,0,0,49,UTAH
3544,491325,33.7,99.6,0.3383534136546185,22.9,0.0,0.0,22.9,22.9,0.0,0.0,0.0,0.0,0.0,0.0,22.9,0.0,0.0,0.0,0.0,0.0,87096.0,0,0,0,49,UTAH
3545,491326,31.2,134.5,0.2319702602230483,0.0,0.0,0.0,0.0,0.0,0.0,0.0,0.0,0.0,0.0,0.0,0.0,0.0,0.0,0.0,0.0,0.0,87096.0,0,0,0,49,UTAH
3560,491335,272.36979022735096,931.4585565182414,0.2924121404235734,0.0,0.0,0.0,0.0,27.825803290052665,0.0,0.0,0.0,0.0,0.0,0.0,0.0,0.0,0.0,0.0,9.955993296577208,17.869809993475457,74183.0,0,0,0,49,UTAH
3559,491334,3.0,6.916332370165014,0.43375590405994674,0.0,0.0,0.0,0.0,0.1104742165696865,0.0,0.0,0.0,0.0,0.0,0.0,0.0,0.0,0.0,0.0,0.1104742165696865,0.0,120577.0,0,0,0,49,UTAH
3551,491331,14.999999979716724,41.99999994320683,0.35714285714285715,0.0,0.0,0.0,0.0,0.0,0.0,0.0,0.0,0.0,0.0,0.0,0.0,0.0,0.0,0.0,0.0,0.0,109773.0,0,0,0,49,UTAH
3555,491332,5.0,9.0,0.5555555555555556,0.0,0.0,0.0,0.0,0.0,0.0,0.0,0.0,0.0,0.0,0.0,0.0,0.0,0.0,0.0,0.0,0.0,109773.0,0,0,0,49,UTAH
3558,491333,0.0,0.0,0.0,0.0,0.0,0.0,0.0,0.0,0.0,0.0,0.0,0.0,0.0,0.0,0.0,0.0,0.0,0.0,0.0,0.0,109773.0,0,0,0,49,UTAH
3527,491308,4.0,10.0,0.4,42.0,0.0,0.0,42.0,42.0,0.0,0.0,0.0,0.0,0.0,10.5,0.0,31.5,0.0,0.0,0.0,0.0,77419.0,0,0,0,49,UTAH
3522,491303,0.0,0.0,0.0,0.0,0.0,0.0,0.0,0.0,0.0,0.0,0.0,0.0,0.0,0.0,0.0,0.0,0.0,0.0,0.0,0.0,77419.0,0,0,0,49,UTAH
3525,491306,18.0,95.0,0.18947368421052632,0.0,0.0,0.0,0.0,2.0,0.0,0.0,0.0,0.0,0.0,0.0,0.0,0.0,0.0,0.0,2.0,0.0,81813.0,0,0,0,49,UTAH
3528,491309,34.0,83.0,0.40963855421686746,0.0,0.0,0.0,0.0,0.0,0.0,0.0,0.0,0.0,0.0,0.0,0.0,0.0,0.0,0.0,0.0,0.0,77419.0,0,0,0,49,UTAH
3523,491304,32.0,103.0,0.3106796116504854,381.30000000000007,266.20000000000005,0.0,115.1,381.30000000000007,112.4,153.8,0.0,0.0,0.0,0.0,0.0,115.1,0.0,0.0,0.0,0.0,77419.0,0,0,0,49,UTAH
3526,491307,0.0,0.0,0.0,0.0,0.0,0.0,0.0,0.0,0.0,0.0,0.0,0.0,0.0,0.0,0.0,0.0,0.0,0.0,0.0,0.0,77419.0,0,0,0,49,UTAH
3548,491329,2.0,5.0,0.4,0.0,0.0,0.0,0.0,0.0,0.0,0.0,0.0,0.0,0.0,0.0,0.0,0.0,0.0,0.0,0.0,0.0,87096.0,0,0,0,49,UTAH
3529,491310,6.0,17.0,0.35294117647058826,37.0,0.0,0.0,37.0,37.0,0.0,0.0,0.0,0.0,0.0,0.0,0.0,37.0,0.0,0.0,0.0,0.0,77419.0,0,0,0,49,UTAH
3093,490874,4.071507364115225,11.266921019706572,0.36136823511888433,15.760673667542806,3.152134733508561,2.626778944590468,9.981759989443777,19.89582140006623,1.707406313983804,1.4447284195247572,2.626778944590468,0.0,0.19700842084428508,2.2327621029018974,2.758117891819991,4.793871573877603,0.0,0.0,3.8722629669159696,0.2628847656074508,58032.0,0,0,0,49,UTAH
3096,490877,5.953900875350799,17.298115641224157,0.3441936103815671,84.22763193693429,7.5089547135873245,46.356503870739196,30.36217335260776,88.17990743541806,7.502269279128775,0.00668543445854894,29.306580014961103,17.049923855778093,6.689815162410756,2.801365874742935,2.3449980579448084,18.525994257509257,0.36612147938675044,0.0,3.3586553124163108,0.22749870668071842,58032.0,0,0,0,49,UTAH
3105,490886,53.62764310526936,158.02504734582607,0.3393616645335296,10.92600579154086,1.2028630229219295,1.5035787786524117,8.219563989966518,17.32548730889614,1.1026244376784353,0.10023858524349412,1.3031016081654236,0.20047717048698824,0.801908681947953,1.9045331196263882,1.0023858524349412,4.510736335957235,0.0,0.0,2.988461838112258,3.4110196792430227,58032.0,0,0,0,49,UTAH
3264,491045,8.73313717766931,26.84269096954899,0.3253450701934614,0.0,0.0,0.0,0.0,3.649378536576668,0.0,0.0,0.0,0.0,0.0,0.0,0.0,0.0,0.0,0.0,3.074420239793155,0.5749582967835131,72269.0,0,0,0,49,UTAH
3266,491047,1.399764168110237,4.409654918940842,0.31743167976655356,0.0,0.0,0.0,0.0,0.5226411084822142,0.0,0.0,0.0,0.0,0.0,0.0,0.0,0.0,0.4710951585307816,0.0,0.05154594995143247,0.0,69330.0,0,0,0,49,UTAH
3268,491049,0.48144355229825014,0.9251180332643321,0.5204131094488008,0.0,0.0,0.0,0.0,0.9899173420643532,0.0,0.0,0.0,0.0,0.0,0.0,0.0,0.0,0.9721883089767944,0.0,0.017729033087558684,0.0,69330.0,0,0,0,49,UTAH
3138,490919,0.0,0.0,0.0,0.0,0.0,0.0,0.0,0.9288196150988504,0.0,0.0,0.0,0.0,0.0,0.0,0.0,0.0,0.9288196150988504,0.0,0.0,0.0,51304.0,0,0,0,49,UTAH
3133,490914,0.0,0.0,0.0,0.0,0.0,0.0,0.0,1.007098512362159,0.0,0.0,0.0,0.0,0.0,0.0,0.0,0.0,1.007098512362159,0.0,0.0,0.0,51304.0,0,0,0,49,UTAH
3262,491043,44.14433767729451,144.4428974397787,0.3056179186359732,104.1846868576515,27.539586807853457,4.151187717360264,72.49391233243777,112.77981500787149,13.871041884837954,13.668544923015503,1.2149817709347113,2.9362059464255523,4.859927083738845,9.51735720565524,2.5312120227806485,55.58541602026304,0.0,0.0,5.656617208122156,2.93851094209785,69330.0,0,0,0,49,UTAH
2584,490366,281.3959603449507,834.2910114262659,0.3372875369517514,0.06544092101045365,0.0,0.0,0.06544092101045365,131.33555863225322,0.0,0.0,0.0,0.0,0.0,0.0,0.0,0.06544092101045365,0.0,0.0,112.86685759476005,18.403260116482727,83312.0,0,0,0,49,UTAH
2582,490364,494.0819311827933,1470.9172068937496,0.3359005720153241,18.952079940312373,1.3278527346715676,14.847807851327529,2.776419354313278,71.91678740625439,1.3278527346715676,0.0,0.48285553988057006,14.36495231144696,1.0864249647312827,0.12071388497014252,0.12071388497014252,1.4485666196417102,0.0,0.0,20.708706659404676,32.256000806537344,83312.0,0,0,0,49,UTAH
2586,490368,185.52835808024847,552.331176357105,0.33590057201532414,7.1165287609574905,0.49861029535370954,5.575369666227843,1.0425487993759381,27.004839974510954,0.49861029535370954,0.0,0.1813128346740762,5.394056831553766,0.40795387801667143,0.04532820866851905,0.04532820866851905,0.5439385040222285,0.0,0.0,7.776144202009746,12.11216701154372,83312.0,0,0,0,49,UTAH
2585,490367,148.10586084515776,439.1085514145401,0.33728758041274975,0.03491305345796638,0.00011597039388118085,0.000018073308137326887,0.03477900975594787,69.12668110500557,0.00007078712353786364,0.000045183270343317215,6.0244360457756286e-6,0.000012048872091551257,6.0244360457756286e-6,0.000043677161331873305,0.00010843984882396131,0.03462086830974626,0.0,0.0,59.40566380976647,9.686104241781143,83312.0,0,0,0,49,UTAH
2580,490362,215.23127392384848,638.1240050225665,0.33728753695175134,0.050053784633453134,0.0,0.0,0.050053784633453134,100.45460340393043,0.0,0.0,0.0,0.0,0.0,0.0,0.0,0.050053784633453134,0.0,0.0,86.32845160293964,14.07609801635734,83312.0,0,0,0,49,UTAH
2567,490349,99.14792721793131,297.17419351150033,0.33363572403905384,0.002435001100750873,0.00013718316060568297,0.0008573947537855186,0.0014404231863596713,27.52672034920748,0.00013718316060568297,0.0,0.0,0.0008573947537855186,0.0013032400257539881,0.0,0.0,0.00013718316060568297,0.3647097219794256,0.0,20.815904849508854,6.343670776618442,83312.0,0,0,0,49,UTAH
2801,490583,2.756804647273326,6.966232725985886,0.3957382355300473,6.461260892046857,1.8953031950004116,0.08615014522729143,4.479807551819155,7.008926732785337,0.7753513070456229,1.1199518879547887,0.0,0.08615014522729143,0.0,0.7753513070456229,0.9476515975002058,2.756804647273326,0.0,0.0,0.37524265359596737,0.1724231871425123,76529.0,0,0,0,49,UTAH
2802,490584,18.83872001037237,50.45544184420219,0.3733734027846417,0.0,0.0,0.0,0.0,41.62305438507795,0.0,0.0,0.0,0.0,0.0,0.0,0.0,0.0,0.0,0.0,40.33314048401911,1.2899139010588299,76529.0,0,0,0,49,UTAH
2363,490147,49.31590775617647,143.53030379645665,0.3435923038671499,0.0,0.0,0.0,0.0,6.118765585808925,0.0,0.0,0.0,0.0,0.0,0.0,0.0,0.0,1.1926295766652208,0.0,1.6761099229174878,3.2500260862262156,79647.0,0,0,0,49,UTAH
2256,490040,0.4289335593354847,1.0220927267162618,0.4196620796955919,0.0,0.0,0.0,0.0,1.222172258436752,0.0,0.0,0.0,0.0,0.0,0.0,0.0,0.0,1.2063768921274072,0.0,0.01579536630934491,0.0,81720.0,0,0,0,49,UTAH
2497,490279,359.46497111505545,1130.9128240544178,0.3178538287560868,0.0,0.0,0.0,0.0,38.054428003057325,0.0,0.0,0.0,0.0,0.0,0.0,0.0,0.0,0.9351041451108104,0.0,13.599862890877734,23.519460967068785,70166.0,0,0,0,49,UTAH
2499,490281,158.52461424788183,581.5514976934057,0.2725891256004573,67.03309228395122,9.74665140033712,0.9945562653405225,56.29188461827358,86.51654727672022,9.017310139087405,0.7293412612497165,0.8619487632951195,0.132607502045403,3.580402555225881,8.02275387374688,4.3097438164755975,40.378984372825215,0.42997032166248034,0.0,8.592213303315036,10.461271367791495,70166.0,0,0,0,49,UTAH
3109,490890,188.6940154129413,692.9884058618807,0.27229029204068655,4.24132889737362,1.443856645914424,0.27072312110895447,2.526749130350242,27.872079304606448,0.0,1.443856645914424,0.0,0.27072312110895447,0.0,0.360964161478606,0.27072312110895447,1.8950618477626815,0.0,0.0,11.257970742595978,12.372779664636852,91005.0,0,0,0,49,UTAH
3127,490908,78.92406468174198,273.8026625536007,0.28825163329553627,0.0,0.0,0.0,0.0,19.40921001666655,0.0,0.0,0.0,0.0,0.0,0.0,0.0,0.0,0.0,0.0,14.223917513476152,5.185292503190395,113111.0,0,0,0,49,UTAH
3244,491025,13.08879813756769,35.08549869127929,0.37305435652311214,26.17759627513538,3.6245902534802834,0.5034153129833727,22.049590708671722,28.54849699913228,3.3225410656902596,0.3020491877900236,0.40273225038669813,0.10068306259667453,1.6109290015467925,4.631420879447028,1.6109290015467925,14.19631182613111,0.0,0.0,1.5647718974734734,0.8061288265234307,105921.0,0,0,0,49,UTAH
2369,490152,110.7034966952521,493.33640088447186,0.2243975844814588,8.161892808771675,0.0,0.0,8.161892808771675,20.34775930052936,0.0,0.0,0.0,0.0,0.37855585334522035,7.215503175408625,0.5678337800178306,0.0,0.4382031510223211,0.0,4.377805028676409,7.369858312058951,79647.0,0,0,0,49,UTAH
2373,490155,72.06889490308369,206.16009987642263,0.3495773185319736,0.0,0.0,0.0,0.0,8.857236769852703,0.0,0.0,0.0,0.0,0.0,0.0,0.0,0.0,1.4662984200059577,0.0,2.6662909981524705,4.724647351694274,79422.0,0,0,0,49,UTAH
2935,490715,67.8181340702343,162.11317287561738,0.4183382069899298,0.0,0.0,0.0,0.0,7.3304429194788785,0.0,0.0,0.0,0.0,0.0,0.0,0.0,0.0,0.4813584335232547,0.0,2.4952902095865417,4.353794276369081,66338.0,0,0,0,49,UTAH
