;TAZID,CO_TAZID,TOTHH,HHPOP,HHSIZE,TOTEMP,RETEMP,INDEMP,OTHEMP,ALLEMP,RETL,FOOD,MANU,WSLE,OFFI,GVED,HLTH,OTHR,FM_AGRI,FM_MING,FM_CONS,HBJ,AVGINCOME,Enrol_Elem,Enrol_Midl,Enrol_High,CO_FIPS,CO_NAME
1,30001,0.0,0.0,0.0,0.0,0.0,0.0,0.0,0.0,0.0,0.0,0.0,0.0,0.0,0.0,0.0,0.0,0.0,0.0,0.0,0.0,68948.0,0,0,0,3,BOX ELDER
2,30002,15.0,41.0,0.36585365853658536,0.0,0.0,0.0,0.0,3.2999999999999994,0.0,0.0,0.0,0.0,0.0,0.0,0.0,0.0,0.0,0.0,3.0,1.0,66905.0,0,0,0,3,BOX ELDER
3,30003,25.0,68.0,0.36764705882352944,0.0,0.0,0.0,0.0,2.7000000000000006,0.0,0.0,0.0,0.0,0.0,0.0,0.0,0.0,0.0,0.0,3.0,1.0,51492.0,0,0,0,3,BOX ELDER
4,30004,1.0,3.0,0.3333333333333333,0.0,0.0,0.0,0.0,0.8000000000000002,0.0,0.0,0.0,0.0,0.0,0.0,0.0,0.0,0.0,0.0,0.0,0.0,51492.0,0,0,0,3,BOX ELDER
5,30005,64.99999999850542,200.99999999537832,0.3233830845771144,1.999999999954013,0.0,0.0,1.999999999954013,16.099999999629805,0.0,0.0,0.0,0.0,0.0,0.0,1.999999999954013,0.0,0.0,0.0,8.999999999793058,3.999999999908026,68948.0,0,0,0,3,BOX ELDER
6,30006,4.0,9.0,0.4444444444444444,9.0,0.0,9.0,0.0,6.0,0.0,0.0,0.0,9.0,0.0,0.0,0.0,0.0,0.0,0.0,1.0,0.0,51492.0,0,0,0,3,BOX ELDER
7,30007,39.999999968596555,110.99999991285544,0.36036036036036034,39.999999968596555,1.9999999984298278,31.999999974877245,5.999999995289484,138.0999998915796,1.9999999984298278,0.0,0.0,31.999999974877245,0.0,0.0,0.0,5.999999995289484,211.99999983356176,0.0,7.999999993719311,2.999999997644742,51492.0,0,0,0,3,BOX ELDER
8,30008,50.0,157.0,0.3184713375796178,57.0,18.0,0.0,39.0,49.20000000000001,18.0,0.0,0.0,0.0,37.0,0.0,0.0,2.0,0.0,0.0,8.0,3.0,71055.0,0,0,0,3,BOX ELDER
9,30009,15.0,42.0,0.35714285714285715,104.0,0.0,104.0,0.0,73.7,0.0,0.0,0.0,104.0,0.0,0.0,0.0,0.0,0.0,0.0,3.0,1.0,,0,0,0,3,BOX ELDER
10,30010,22.0,62.0,0.3548387096774194,108.0,0.0,108.0,0.0,54.9,0.0,0.0,0.0,108.0,0.0,0.0,0.0,0.0,0.0,0.0,4.0,1.0,51492.0,0,0,0,3,BOX ELDER
11,30011,8.0,24.0,0.3333333333333333,0.0,0.0,0.0,0.0,2.1,0.0,0.0,0.0,0.0,0.0,0.0,0.0,0.0,0.0,0.0,0.0,0.0,71342.0,0,0,0,3,BOX ELDER
12,30012,18.0,52.0,0.34615384615384615,0.0,0.0,0.0,0.0,3.4,0.0,0.0,0.0,0.0,0.0,0.0,0.0,0.0,0.0,0.0,3.0,1.0,71342.0,0,0,0,3,BOX ELDER
13,30013,0.0,0.0,0.0,0.0,0.0,0.0,0.0,0.0,0.0,0.0,0.0,0.0,0.0,0.0,0.0,0.0,0.0,0.0,0.0,0.0,71342.0,0,0,0,3,BOX ELDER
14,30014,0.0,0.0,0.0,0.0,0.0,0.0,0.0,0.0,0.0,0.0,0.0,0.0,0.0,0.0,0.0,0.0,0.0,0.0,0.0,0.0,71342.0,0,0,0,3,BOX ELDER
15,30015,1.0,3.0,0.3333333333333333,286.0,0.0,277.0,9.0,303.8,0.0,0.0,108.0,169.0,0.0,0.0,0.0,9.0,48.0,0.0,5.0,0.0,66905.0,0,0,0,3,BOX ELDER
16,30016,1.0,3.0,0.3333333333333333,109.0,0.0,88.0,21.0,75.8,0.0,0.0,2.0,86.0,0.0,0.0,0.0,21.0,0.0,0.0,3.0,0.0,68948.0,0,0,0,3,BOX ELDER
17,30017,4.0,10.0,0.4,0.0,0.0,0.0,0.0,2.7999999999999994,0.0,0.0,0.0,0.0,0.0,0.0,0.0,0.0,0.0,0.0,1.0,0.0,71342.0,0,0,0,3,BOX ELDER
18,30018,0.0,0.0,0.0,711.0,0.0,711.0,0.0,743.6,0.0,0.0,460.0,251.0,0.0,0.0,0.0,0.0,0.0,0.0,13.0,0.0,71342.0,0,0,0,3,BOX ELDER
19,30019,246.0,766.0,0.32114882506527415,27.0,16.0,11.0,0.0,64.4,16.0,0.0,0.0,11.0,0.0,0.0,0.0,0.0,0.0,0.0,26.0,11.0,68948.0,0,0,0,3,BOX ELDER
20,30020,167.0,395.0,0.42278481012658226,37.0,12.0,2.0,23.0,138.6,12.0,0.0,0.0,2.0,0.0,0.0,0.0,23.0,0.0,0.0,23.0,10.0,79483.0,0,0,0,3,BOX ELDER
21,30021,0.0,0.0,0.0,424.0,0.0,424.0,0.0,435.2,0.0,0.0,379.0,45.0,0.0,0.0,0.0,0.0,0.0,0.0,9.0,0.0,68948.0,0,0,0,3,BOX ELDER
22,30022,2.0,6.0,0.3333333333333333,9.0,0.0,9.0,0.0,65.1,0.0,0.0,9.0,0.0,0.0,0.0,0.0,0.0,0.0,0.0,0.0,0.0,68948.0,0,0,0,3,BOX ELDER
23,30023,4.0,10.0,0.4,52.0,0.0,52.0,0.0,151.0,0.0,0.0,20.0,32.0,0.0,0.0,0.0,0.0,0.0,0.0,1.0,0.0,68948.0,0,0,0,3,BOX ELDER
24,30024,145.0,453.0,0.3200883002207506,1.0,0.0,0.0,1.0,29.2,0.0,0.0,0.0,0.0,0.0,0.0,1.0,0.0,0.0,0.0,14.0,6.0,68948.0,0,0,0,3,BOX ELDER
25,30025,331.0,1030.0,0.3213592233009709,139.0,5.0,2.0,132.0,173.1,5.0,0.0,0.0,2.0,0.0,114.0,14.0,4.0,0.0,0.0,51.0,21.0,61738.0,0,0,0,3,BOX ELDER
26,30026,223.0,590.0,0.37796610169491524,199.0,18.0,36.0,145.0,189.2,18.0,0.0,13.0,23.0,0.0,52.0,74.0,19.0,0.0,0.0,35.0,13.0,54266.0,0,0,0,3,BOX ELDER
27,30027,0.0,0.0,0.0,0.0,0.0,0.0,0.0,0.0,0.0,0.0,0.0,0.0,0.0,0.0,0.0,0.0,0.0,0.0,0.0,0.0,71342.0,0,0,0,3,BOX ELDER
28,30028,1.0,3.0,0.3333333333333333,77.0,0.0,77.0,0.0,250.80000000000004,0.0,0.0,77.0,0.0,0.0,0.0,0.0,0.0,0.0,0.0,3.0,0.0,71342.0,0,0,0,3,BOX ELDER
29,30029,255.0,758.0,0.33641160949868076,2.0,0.0,2.0,0.0,27.5,0.0,0.0,0.0,2.0,0.0,0.0,0.0,0.0,0.0,0.0,23.0,10.0,71342.0,0,0,0,3,BOX ELDER
30,30030,318.0,690.0,0.4608695652173913,107.0,14.0,9.0,84.0,101.40000000000002,14.0,0.0,0.0,9.0,43.0,0.0,32.0,9.0,0.0,0.0,54.0,22.0,50633.0,0,0,0,3,BOX ELDER
31,30031,240.0,547.0,0.43875685557586835,216.0,68.0,72.0,76.0,194.80000000000004,5.0,63.0,72.0,0.0,40.0,0.0,0.0,36.0,0.0,0.0,37.0,14.0,48874.0,0,0,0,3,BOX ELDER
32,30032,123.0,325.0,0.37846153846153846,2.0,0.0,2.0,0.0,18.3,0.0,0.0,0.0,2.0,0.0,0.0,0.0,0.0,0.0,0.0,17.0,8.0,54597.0,0,0,0,3,BOX ELDER
33,30033,178.0,406.0,0.43842364532019706,16.0,0.0,16.0,0.0,26.2,0.0,0.0,0.0,16.0,0.0,0.0,0.0,0.0,0.0,0.0,22.0,10.0,47880.0,0,0,0,3,BOX ELDER
34,30034,219.0,580.0,0.3775862068965517,22.0,2.0,14.0,6.0,26.600000000000005,2.0,0.0,14.0,0.0,6.0,0.0,0.0,0.0,0.0,0.0,30.0,12.0,72580.0,0,0,0,3,BOX ELDER
35,30035,307.0,750.0,0.4093333333333333,0.0,0.0,0.0,0.0,15.1,0.0,0.0,0.0,0.0,0.0,0.0,0.0,0.0,0.0,0.0,43.0,18.0,69784.0,0,0,0,3,BOX ELDER
36,30036,86.0,203.0,0.4236453201970443,0.0,0.0,0.0,0.0,17.2,0.0,0.0,0.0,0.0,0.0,0.0,0.0,0.0,0.0,0.0,13.0,6.0,79483.0,0,0,0,3,BOX ELDER
37,30037,0.0,0.0,0.0,4.0,0.0,0.0,4.0,46.9,0.0,0.0,0.0,0.0,0.0,0.0,0.0,4.0,0.0,0.0,0.0,0.0,71342.0,0,0,0,3,BOX ELDER
38,30038,0.0,0.0,0.0,1432.0,0.0,1406.0,26.0,1214.0,0.0,0.0,1406.0,0.0,0.0,23.0,3.0,0.0,0.0,0.0,31.0,0.0,71342.0,0,0,0,3,BOX ELDER
39,30039,66.0,195.0,0.3384615384615385,130.0,18.0,0.0,112.0,183.9,18.0,0.0,0.0,0.0,0.0,0.0,3.0,109.0,0.0,0.0,13.0,4.0,63775.0,0,0,0,3,BOX ELDER
40,30040,320.0,695.0,0.460431654676259,295.0,39.0,25.0,231.0,279.0,39.0,0.0,0.0,25.0,60.0,89.0,29.0,53.0,0.0,0.0,64.0,24.0,44064.0,0,0,0,3,BOX ELDER
41,30041,118.0,258.0,0.4573643410852713,349.0,221.0,0.0,128.0,538.3,221.0,0.0,0.0,0.0,0.0,0.0,26.0,102.0,0.0,0.0,26.0,8.0,37413.0,0,0,0,3,BOX ELDER
42,30042,72.0,156.0,0.46153846153846156,75.0,0.0,0.0,75.0,89.59999999999998,0.0,0.0,0.0,0.0,3.0,0.0,0.0,72.0,0.0,0.0,12.0,4.0,37413.0,0,0,0,3,BOX ELDER
43,30043,211.0,515.0,0.4097087378640777,89.0,0.0,2.0,87.0,103.8,0.0,0.0,0.0,2.0,0.0,43.0,44.0,0.0,0.0,0.0,31.0,12.0,69838.0,0,0,0,3,BOX ELDER
44,30044,109.0,309.0,0.35275080906148865,0.0,0.0,0.0,0.0,21.8,0.0,0.0,0.0,0.0,0.0,0.0,0.0,0.0,0.0,0.0,20.0,8.0,79596.0,0,0,0,3,BOX ELDER
45,30045,99.0,279.0,0.3548387096774194,37.0,0.0,0.0,37.0,58.9,0.0,0.0,0.0,0.0,37.0,0.0,0.0,0.0,0.0,0.0,9.0,3.0,79606.0,0,0,0,3,BOX ELDER
46,30046,0.0,0.0,0.0,0.0,0.0,0.0,0.0,0.0,0.0,0.0,0.0,0.0,0.0,0.0,0.0,0.0,0.0,0.0,0.0,0.0,79606.0,0,0,0,3,BOX ELDER
47,30047,2.0,6.0,0.3333333333333333,0.0,0.0,0.0,0.0,0.0,0.0,0.0,0.0,0.0,0.0,0.0,0.0,0.0,0.0,0.0,0.0,0.0,71342.0,0,0,0,3,BOX ELDER
48,30048,9.0,27.0,0.3333333333333333,0.0,0.0,0.0,0.0,2.2,0.0,0.0,0.0,0.0,0.0,0.0,0.0,0.0,0.0,0.0,1.0,0.0,71342.0,0,0,0,3,BOX ELDER
49,30049,0.0,0.0,0.0,105.0,105.0,0.0,0.0,235.9,78.0,27.0,0.0,0.0,0.0,0.0,0.0,0.0,0.0,0.0,3.0,0.0,71342.0,0,0,0,3,BOX ELDER
50,30050,4.0,10.0,0.4,254.0,0.0,59.0,195.0,431.3999999999999,0.0,0.0,12.0,47.0,34.0,106.0,51.0,4.0,0.0,0.0,7.0,0.0,71342.0,0,0,0,3,BOX ELDER
51,30051,6.0,15.0,0.4,85.0,0.0,55.0,30.0,100.0,0.0,0.0,10.0,45.0,17.0,0.0,13.0,0.0,0.0,0.0,3.0,0.0,53556.0,0,0,0,3,BOX ELDER
52,30052,55.0,117.0,0.4700854700854701,1688.0,0.0,167.0,1521.0,1803.0,0.0,0.0,167.0,0.0,0.0,0.0,26.0,1495.0,0.0,0.0,57.0,3.0,36260.0,0,0,0,3,BOX ELDER
53,30053,264.0,560.0,0.4714285714285714,1382.0,343.0,81.0,958.0,1253.5,297.0,46.0,6.0,75.0,65.0,374.0,63.0,456.0,0.0,0.0,69.0,15.0,36260.0,0,0,0,3,BOX ELDER
54,30054,154.0,447.0,0.34451901565995524,659.0,62.0,17.0,580.0,660.6,12.0,50.0,17.0,0.0,94.0,242.0,76.0,168.0,0.0,0.0,43.0,12.0,40402.0,0,0,0,3,BOX ELDER
55,30055,179.0,523.0,0.3422562141491396,239.0,0.0,1.0,238.0,222.0,0.0,0.0,1.0,0.0,3.0,220.0,0.0,15.0,0.0,0.0,31.0,11.0,40402.0,0,0,0,3,BOX ELDER
56,30056,42.0,119.0,0.35294117647058826,0.0,0.0,0.0,0.0,4.3,0.0,0.0,0.0,0.0,0.0,0.0,0.0,0.0,0.0,0.0,5.0,2.0,79606.0,0,0,0,3,BOX ELDER
57,30057,56.0,160.0,0.35,0.0,0.0,0.0,0.0,10.0,0.0,0.0,0.0,0.0,0.0,0.0,0.0,0.0,0.0,0.0,12.0,5.0,79606.0,0,0,0,3,BOX ELDER
58,30058,0.0,0.0,0.0,0.0,0.0,0.0,0.0,0.0,0.0,0.0,0.0,0.0,0.0,0.0,0.0,0.0,0.0,0.0,0.0,0.0,79606.0,0,0,0,3,BOX ELDER
59,30059,0.0,0.0,0.0,0.0,0.0,0.0,0.0,0.0,0.0,0.0,0.0,0.0,0.0,0.0,0.0,0.0,0.0,0.0,0.0,0.0,71342.0,0,0,0,3,BOX ELDER
60,30060,0.0,0.0,0.0,0.0,0.0,0.0,0.0,0.0,0.0,0.0,0.0,0.0,0.0,0.0,0.0,0.0,0.0,0.0,0.0,0.0,71342.0,0,0,0,3,BOX ELDER
61,30061,282.0,912.0,0.3092105263157895,0.0,0.0,0.0,0.0,28.2,0.0,0.0,0.0,0.0,0.0,0.0,0.0,0.0,0.0,0.0,33.0,14.0,52227.0,0,0,0,3,BOX ELDER
62,30062,222.0,718.0,0.30919220055710306,15.0,2.0,0.0,13.0,69.8,2.0,0.0,0.0,0.0,0.0,0.0,0.0,13.0,0.0,0.0,31.0,13.0,52635.0,0,0,0,3,BOX ELDER
63,30063,21.0,54.0,0.3888888888888889,224.0,0.0,0.0,224.0,196.7,0.0,0.0,0.0,0.0,0.0,224.0,0.0,0.0,0.0,0.0,8.0,1.0,53556.0,0,0,0,3,BOX ELDER
64,30064,243.0,786.0,0.30916030534351147,107.0,86.0,0.0,21.0,161.8,0.0,86.0,0.0,0.0,0.0,0.0,0.0,21.0,0.0,0.0,37.0,14.0,52227.0,0,0,0,3,BOX ELDER
65,30065,300.0,777.0,0.3861003861003861,73.0,44.0,0.0,29.0,83.8,44.0,0.0,0.0,0.0,0.0,5.0,1.0,23.0,0.0,0.0,46.0,19.0,53556.0,0,0,0,3,BOX ELDER
66,30066,150.0,303.0,0.49504950495049505,126.0,80.0,0.0,46.0,140.9,55.0,25.0,0.0,0.0,0.0,0.0,8.0,38.0,0.0,0.0,30.0,12.0,44338.0,0,0,0,3,BOX ELDER
67,30067,149.0,433.0,0.3441108545034642,130.0,88.0,0.0,42.0,121.8,88.0,0.0,0.0,0.0,3.0,0.0,1.0,38.0,0.0,0.0,26.0,10.0,42956.0,0,0,0,3,BOX ELDER
68,30068,186.0,542.0,0.34317343173431736,37.0,0.0,0.0,37.0,46.4,0.0,0.0,0.0,0.0,0.0,0.0,20.0,17.0,0.0,0.0,30.0,13.0,44041.0,0,0,0,3,BOX ELDER
69,30069,32.0,92.0,0.34782608695652173,21.0,0.0,0.0,21.0,69.0,0.0,0.0,0.0,0.0,0.0,0.0,0.0,21.0,0.0,0.0,5.0,2.0,42956.0,0,0,0,3,BOX ELDER
70,30070,113.0,228.0,0.4956140350877193,23.0,0.0,0.0,23.0,33.3,0.0,0.0,0.0,0.0,8.0,0.0,0.0,15.0,0.0,0.0,14.0,6.0,45647.0,0,0,0,3,BOX ELDER
71,30071,0.0,0.0,0.0,0.0,0.0,0.0,0.0,0.0,0.0,0.0,0.0,0.0,0.0,0.0,0.0,0.0,0.0,0.0,0.0,0.0,44592.0,0,0,0,3,BOX ELDER
72,30072,101.0,293.0,0.3447098976109215,82.0,2.0,5.0,75.0,98.3,2.0,0.0,0.0,5.0,0.0,0.0,0.0,75.0,0.0,0.0,14.0,5.0,43896.0,0,0,0,3,BOX ELDER
73,30073,4.0,11.0,0.36363636363636365,0.0,0.0,0.0,0.0,0.2,0.0,0.0,0.0,0.0,0.0,0.0,0.0,0.0,0.0,0.0,1.0,0.0,84675.0,0,0,0,3,BOX ELDER
74,30074,0.0,0.0,0.0,0.0,0.0,0.0,0.0,0.0,0.0,0.0,0.0,0.0,0.0,0.0,0.0,0.0,0.0,0.0,0.0,0.0,71342.0,0,0,0,3,BOX ELDER
75,30075,144.0,467.0,0.3083511777301927,185.0,20.0,0.0,165.0,584.5,5.0,15.0,0.0,0.0,0.0,47.0,103.0,15.0,0.0,0.0,25.0,9.0,52227.0,0,0,0,3,BOX ELDER
76,30076,95.0,307.0,0.30944625407166126,8.0,0.0,0.0,8.0,202.1,0.0,0.0,0.0,0.0,0.0,0.0,6.0,2.0,0.0,0.0,12.0,5.0,52227.0,0,0,0,3,BOX ELDER
77,30077,84.0,273.0,0.3076923076923077,777.0,0.0,37.0,740.0,1003.4,0.0,0.0,37.0,0.0,0.0,175.0,556.0,9.0,0.0,0.0,41.0,9.0,52227.0,0,0,0,3,BOX ELDER
78,30078,462.0,1160.0,0.39827586206896554,168.0,90.0,2.0,76.0,339.7,69.0,21.0,0.0,2.0,0.0,0.0,10.0,66.0,0.0,0.0,74.0,30.0,46674.0,0,0,0,3,BOX ELDER
79,30079,45.0,112.0,0.4017857142857143,376.0,173.0,0.0,203.0,527.8,64.0,109.0,0.0,0.0,14.0,64.0,104.0,21.0,0.0,0.0,18.0,4.0,46674.0,0,0,0,3,BOX ELDER
80,30080,176.0,441.0,0.39909297052154197,272.0,117.0,0.0,155.0,447.0,21.0,96.0,0.0,0.0,23.0,132.0,0.0,0.0,0.0,0.0,30.0,10.0,46674.0,0,0,0,3,BOX ELDER
81,30081,26.0,51.0,0.5098039215686274,166.0,0.0,0.0,166.0,306.0,0.0,0.0,0.0,0.0,0.0,64.0,0.0,102.0,0.0,0.0,17.0,5.0,45683.0,0,0,0,3,BOX ELDER
82,30082,369.0,747.0,0.4939759036144578,398.0,132.0,12.0,254.0,485.7,53.0,79.0,3.0,9.0,48.0,0.0,76.0,130.0,0.0,0.0,73.0,27.0,45683.0,0,0,0,3,BOX ELDER
83,30083,0.0,0.0,0.0,217.0,206.0,0.0,11.0,230.6,79.0,127.0,0.0,0.0,0.0,0.0,0.0,11.0,0.0,0.0,5.0,0.0,93342.0,0,0,0,3,BOX ELDER
84,30084,0.0,0.0,0.0,220.0,113.0,0.0,107.0,233.6,88.0,25.0,0.0,0.0,6.0,72.0,14.0,15.0,0.0,0.0,5.0,0.0,93342.0,0,0,0,3,BOX ELDER
85,30085,46.0,141.0,0.3262411347517731,90.0,4.0,25.0,61.0,128.1,4.0,0.0,0.0,25.0,6.0,0.0,12.0,43.0,0.0,0.0,9.0,3.0,93342.0,0,0,0,3,BOX ELDER
86,30086,1.0,3.0,0.3333333333333333,27.0,27.0,0.0,0.0,100.40000000000002,23.0,4.0,0.0,0.0,0.0,0.0,0.0,0.0,0.0,0.0,0.0,0.0,71342.0,0,0,0,3,BOX ELDER
87,30087,0.0,0.0,0.0,0.0,0.0,0.0,0.0,0.0,0.0,0.0,0.0,0.0,0.0,0.0,0.0,0.0,0.0,0.0,0.0,0.0,93342.0,0,0,0,3,BOX ELDER
88,30088,4.0,10.0,0.4,0.0,0.0,0.0,0.0,11.6,0.0,0.0,0.0,0.0,0.0,0.0,0.0,0.0,29.0,0.0,0.0,0.0,93342.0,0,0,0,3,BOX ELDER
89,30089,74.0,228.0,0.32456140350877194,367.0,320.0,9.0,38.0,387.5,4.0,316.0,0.0,9.0,0.0,0.0,0.0,38.0,0.0,0.0,13.0,2.0,93342.0,0,0,0,3,BOX ELDER
90,30090,59.0,181.0,0.3259668508287293,872.0,613.0,20.0,239.0,727.1,537.0,76.0,20.0,0.0,171.0,59.0,0.0,9.0,0.0,0.0,26.0,3.0,93342.0,0,0,0,3,BOX ELDER
91,30091,223.0,689.0,0.32365747460087085,155.0,0.0,5.0,150.0,159.3,0.0,0.0,0.0,5.0,125.0,0.0,2.0,23.0,0.0,0.0,34.0,13.0,93342.0,0,0,0,3,BOX ELDER
92,30092,232.0,718.0,0.3231197771587744,73.0,0.0,10.0,63.0,189.7,0.0,0.0,8.0,2.0,11.0,0.0,22.0,30.0,0.0,0.0,30.0,12.0,93342.0,0,0,0,3,BOX ELDER
93,30093,0.0,0.0,0.0,0.0,0.0,0.0,0.0,0.0,0.0,0.0,0.0,0.0,0.0,0.0,0.0,0.0,0.0,0.0,0.0,0.0,71901.0,0,0,0,3,BOX ELDER
94,30094,23.0,76.0,0.3026315789473684,0.0,0.0,0.0,0.0,11.699999999999998,0.0,0.0,0.0,0.0,0.0,0.0,0.0,0.0,0.0,0.0,4.0,2.0,71901.0,0,0,0,3,BOX ELDER
95,30095,273.0,893.0,0.3057110862262038,112.0,50.0,2.0,60.0,212.7,0.0,50.0,0.0,2.0,6.0,0.0,22.0,32.0,0.0,0.0,42.0,17.0,71901.0,0,0,0,3,BOX ELDER
96,30096,271.0,837.0,0.3237753882915173,14.0,0.0,0.0,14.0,64.3,0.0,0.0,0.0,0.0,0.0,0.0,10.0,4.0,0.0,0.0,46.0,19.0,93342.0,0,0,0,3,BOX ELDER
97,30097,0.0,0.0,0.0,0.0,0.0,0.0,0.0,0.0,0.0,0.0,0.0,0.0,0.0,0.0,0.0,0.0,0.0,0.0,0.0,0.0,71342.0,0,0,0,3,BOX ELDER
98,30098,0.0,0.0,0.0,0.0,0.0,0.0,0.0,0.0,0.0,0.0,0.0,0.0,0.0,0.0,0.0,0.0,0.0,0.0,0.0,0.0,71342.0,0,0,0,3,BOX ELDER
99,30099,0.0,0.0,0.0,0.0,0.0,0.0,0.0,0.0,0.0,0.0,0.0,0.0,0.0,0.0,0.0,0.0,0.0,0.0,0.0,0.0,90006.0,0,0,0,3,BOX ELDER
100,30100,22.0,61.0,0.36065573770491804,2.0,0.0,0.0,2.0,39.9,0.0,0.0,0.0,0.0,0.0,0.0,2.0,0.0,0.0,0.0,3.0,1.0,90006.0,0,0,0,3,BOX ELDER
101,30101,496.0,1355.0,0.36605166051660515,123.0,15.0,11.0,97.0,173.19999999999996,0.0,15.0,0.0,11.0,6.0,20.0,28.0,43.0,0.0,0.0,69.0,29.0,83414.0,0,0,0,3,BOX ELDER
102,30102,0.0,0.0,0.0,0.0,0.0,0.0,0.0,0.0,0.0,0.0,0.0,0.0,0.0,0.0,0.0,0.0,0.0,0.0,0.0,0.0,90006.0,0,0,0,3,BOX ELDER
103,30103,246.0,672.0,0.36607142857142855,9.0,0.0,5.0,4.0,47.6,0.0,0.0,0.0,5.0,0.0,0.0,2.0,2.0,0.0,0.0,31.0,13.0,90006.0,0,0,0,3,BOX ELDER
104,30104,74.0,202.0,0.36633663366336633,133.0,0.0,1.0,132.0,141.5,0.0,0.0,1.0,0.0,0.0,132.0,0.0,0.0,0.0,0.0,13.0,4.0,90006.0,0,0,0,3,BOX ELDER
105,30105,30.0,78.0,0.38461538461538464,5.0,5.0,0.0,0.0,60.20000000000001,0.0,5.0,0.0,0.0,0.0,0.0,0.0,0.0,0.0,0.0,5.0,2.0,80348.0,0,0,0,3,BOX ELDER
106,30106,8.0,22.0,0.36363636363636365,11.0,11.0,0.0,0.0,271.4,11.0,0.0,0.0,0.0,0.0,0.0,0.0,0.0,530.0,0.0,3.0,1.0,74493.0,0,0,0,3,BOX ELDER
107,30107,0.0,0.0,0.0,0.0,0.0,0.0,0.0,0.0,0.0,0.0,0.0,0.0,0.0,0.0,0.0,0.0,0.0,0.0,0.0,0.0,80348.0,0,0,0,3,BOX ELDER
108,30108,11.0,27.0,0.4074074074074074,0.0,0.0,0.0,0.0,79.9,0.0,0.0,0.0,0.0,0.0,0.0,0.0,0.0,0.0,0.0,1.0,1.0,80348.0,0,0,0,3,BOX ELDER
109,30109,0.0,0.0,0.0,0.0,0.0,0.0,0.0,0.0,0.0,0.0,0.0,0.0,0.0,0.0,0.0,0.0,0.0,0.0,0.0,0.0,71342.0,0,0,0,3,BOX ELDER
110,30110,2.0,5.0,0.4,0.0,0.0,0.0,0.0,10.800000000000002,0.0,0.0,0.0,0.0,0.0,0.0,0.0,0.0,0.0,0.0,0.0,0.0,80348.0,0,0,0,3,BOX ELDER
111,30111,0.0,0.0,0.0,0.0,0.0,0.0,0.0,0.0,0.0,0.0,0.0,0.0,0.0,0.0,0.0,0.0,0.0,0.0,0.0,0.0,80348.0,0,0,0,3,BOX ELDER
112,30112,0.0,0.0,0.0,0.0,0.0,0.0,0.0,25.5,0.0,0.0,0.0,0.0,0.0,0.0,0.0,0.0,0.0,0.0,0.0,0.0,80348.0,0,0,0,3,BOX ELDER
113,30113,28.0,72.0,0.3888888888888889,0.0,0.0,0.0,0.0,45.70000000000001,0.0,0.0,0.0,0.0,0.0,0.0,0.0,0.0,0.0,0.0,4.0,2.0,80348.0,0,0,0,3,BOX ELDER
114,30114,36.0,97.0,0.3711340206185567,2.0,0.0,2.0,0.0,36.7,0.0,0.0,0.0,2.0,0.0,0.0,0.0,0.0,0.0,0.0,5.0,2.0,74493.0,0,0,0,3,BOX ELDER
115,30115,0.0,0.0,0.0,62.0,62.0,0.0,0.0,76.4,62.0,0.0,0.0,0.0,0.0,0.0,0.0,0.0,0.0,0.0,1.0,0.0,80348.0,0,0,0,3,BOX ELDER
116,30116,0.0,0.0,0.0,20.0,0.0,20.0,0.0,25.0,0.0,0.0,20.0,0.0,0.0,0.0,0.0,0.0,0.0,0.0,0.0,0.0,80348.0,0,0,0,3,BOX ELDER
117,30117,22.0,57.0,0.38596491228070173,23.0,23.0,0.0,0.0,31.8,23.0,0.0,0.0,0.0,0.0,0.0,0.0,0.0,0.0,0.0,4.0,1.0,80348.0,0,0,0,3,BOX ELDER
118,30118,5.0,13.0,0.38461538461538464,0.0,0.0,0.0,0.0,12.4,0.0,0.0,0.0,0.0,0.0,0.0,0.0,0.0,0.0,0.0,0.0,0.0,74493.0,0,0,0,3,BOX ELDER
119,30119,0.0,0.0,0.0,41.0,0.0,0.0,41.0,35.9,0.0,0.0,0.0,0.0,0.0,41.0,0.0,0.0,0.0,0.0,1.0,0.0,80348.0,0,0,0,3,BOX ELDER
120,30120,26.0,66.0,0.3939393939393939,2.0,2.0,0.0,0.0,26.8,2.0,0.0,0.0,0.0,0.0,0.0,0.0,0.0,0.0,0.0,4.0,2.0,80348.0,0,0,0,3,BOX ELDER
121,30121,53.0,136.0,0.3897058823529412,4.0,0.0,2.0,2.0,14.199999999999998,0.0,0.0,0.0,2.0,0.0,0.0,0.0,2.0,0.0,9.0,7.0,3.0,80348.0,0,0,0,3,BOX ELDER
122,30122,16.0,44.0,0.36363636363636365,0.0,0.0,0.0,0.0,19.0,0.0,0.0,0.0,0.0,0.0,0.0,0.0,0.0,0.0,0.0,3.0,1.0,74493.0,0,0,0,3,BOX ELDER
123,30123,0.0,0.0,0.0,0.0,0.0,0.0,0.0,0.0,0.0,0.0,0.0,0.0,0.0,0.0,0.0,0.0,0.0,0.0,0.0,0.0,80348.0,0,0,0,3,BOX ELDER
124,30124,80.0,206.0,0.3883495145631068,2.0,0.0,0.0,2.0,11.9,0.0,0.0,0.0,0.0,0.0,0.0,0.0,2.0,0.0,0.0,12.0,5.0,80348.0,0,0,0,3,BOX ELDER
125,30125,70.0,182.0,0.38461538461538464,77.0,0.0,0.0,77.0,70.0,0.0,0.0,0.0,0.0,14.0,63.0,0.0,0.0,0.0,0.0,12.0,4.0,80348.0,0,0,0,3,BOX ELDER
126,30126,205.0,549.0,0.37340619307832423,9.0,0.0,9.0,0.0,19.6,0.0,0.0,7.0,2.0,0.0,0.0,0.0,0.0,0.0,0.0,29.0,13.0,74493.0,0,0,0,3,BOX ELDER
127,30127,23.0,61.0,0.3770491803278688,0.0,0.0,0.0,0.0,7.5,0.0,0.0,0.0,0.0,0.0,0.0,0.0,0.0,0.0,0.0,16.0,7.0,80348.0,0,0,0,3,BOX ELDER
128,30128,94.0,243.0,0.3868312757201646,11.0,0.0,11.0,0.0,17.8,0.0,0.0,0.0,11.0,0.0,0.0,0.0,0.0,0.0,0.0,9.0,4.0,80348.0,0,0,0,3,BOX ELDER
129,30129,77.0,200.0,0.385,0.0,0.0,0.0,0.0,12.800000000000002,0.0,0.0,0.0,0.0,0.0,0.0,0.0,0.0,0.0,0.0,1.0,1.0,80348.0,0,0,0,3,BOX ELDER
130,30130,53.0,141.0,0.375886524822695,1.0,0.0,1.0,0.0,7.8,0.0,0.0,1.0,0.0,0.0,0.0,0.0,0.0,0.0,0.0,10.0,5.0,74493.0,0,0,0,3,BOX ELDER
131,30131,128.0,342.0,0.3742690058479532,0.0,0.0,0.0,0.0,10.2,0.0,0.0,0.0,0.0,0.0,0.0,0.0,0.0,0.0,0.0,9.0,4.0,74493.0,0,0,0,3,BOX ELDER
132,30132,38.0,100.0,0.38,3.0,0.0,3.0,0.0,73.7,0.0,0.0,3.0,0.0,0.0,0.0,0.0,0.0,144.0,0.0,5.0,2.0,74493.0,0,0,0,3,BOX ELDER
133,30133,197.0,509.0,0.38703339882121807,7.0,0.0,0.0,7.0,25.0,0.0,0.0,0.0,0.0,3.0,0.0,0.0,4.0,0.0,0.0,25.0,10.0,80348.0,0,0,0,3,BOX ELDER
134,30134,2.0,5.0,0.4,0.0,0.0,0.0,0.0,0.2,0.0,0.0,0.0,0.0,0.0,0.0,0.0,0.0,0.0,0.0,1.0,0.0,80348.0,0,0,0,3,BOX ELDER
135,30135,7.0,18.0,0.3888888888888889,0.0,0.0,0.0,0.0,0.1,0.0,0.0,0.0,0.0,0.0,0.0,0.0,0.0,0.0,0.0,0.0,0.0,80348.0,0,0,0,3,BOX ELDER
136,30136,175.0,467.0,0.3747323340471092,24.0,0.0,11.0,13.0,45.4,0.0,0.0,0.0,11.0,11.0,0.0,0.0,2.0,0.0,0.0,25.0,10.0,74493.0,0,0,0,3,BOX ELDER
137,30137,5.0,11.0,0.45454545454545453,63.0,0.0,63.0,0.0,30.8,0.0,0.0,0.0,63.0,0.0,0.0,0.0,0.0,0.0,0.0,1.0,0.0,80348.0,0,0,0,3,BOX ELDER
138,30138,172.0,445.0,0.3865168539325843,64.0,0.0,13.0,51.0,67.9,0.0,0.0,13.0,0.0,34.0,0.0,0.0,17.0,0.0,0.0,25.0,10.0,80348.0,0,0,0,3,BOX ELDER
139,30139,47.0,125.0,0.376,14.0,0.0,0.0,14.0,65.1,0.0,0.0,0.0,0.0,0.0,14.0,0.0,0.0,0.0,47.0,7.0,3.0,74493.0,0,0,0,3,BOX ELDER
140,30140,4.0,8.0,0.5,0.0,0.0,0.0,0.0,0.2,0.0,0.0,0.0,0.0,0.0,0.0,0.0,0.0,0.0,0.0,1.0,0.0,80348.0,0,0,0,3,BOX ELDER
141,30141,0.0,0.0,0.0,0.0,0.0,0.0,0.0,0.0,0.0,0.0,0.0,0.0,0.0,0.0,0.0,0.0,0.0,0.0,0.0,0.0,80348.0,0,0,0,3,BOX ELDER
142,30142,0.0,0.0,0.0,0.0,0.0,0.0,0.0,0.0,0.0,0.0,0.0,0.0,0.0,0.0,0.0,0.0,0.0,0.0,0.0,0.0,80348.0,0,0,0,3,BOX ELDER
143,30143,65.0,166.0,0.39156626506024095,119.0,42.0,77.0,0.0,102.0,42.0,0.0,0.0,77.0,0.0,0.0,0.0,0.0,0.0,0.0,12.0,4.0,80348.0,0,0,0,3,BOX ELDER
144,30144,0.0,0.0,0.0,0.0,0.0,0.0,0.0,0.0,0.0,0.0,0.0,0.0,0.0,0.0,0.0,0.0,0.0,0.0,0.0,0.0,80348.0,0,0,0,3,BOX ELDER
145,30145,16.0,39.0,0.41025641025641024,0.0,0.0,0.0,0.0,2.6,0.0,0.0,0.0,0.0,0.0,0.0,0.0,0.0,0.0,0.0,3.0,1.0,78516.0,0,0,0,3,BOX ELDER
146,30146,0.0,0.0,0.0,0.0,0.0,0.0,0.0,0.0,0.0,0.0,0.0,0.0,0.0,0.0,0.0,0.0,0.0,0.0,0.0,0.0,,0,0,0,3,BOX ELDER
147,30147,0.0,0.0,0.0,0.0,0.0,0.0,0.0,0.1,0.0,0.0,0.0,0.0,0.0,0.0,0.0,0.0,0.0,0.0,0.0,0.0,84675.0,0,0,0,3,BOX ELDER
148,30148,0.0,0.0,0.0,0.0,0.0,0.0,0.0,0.0,0.0,0.0,0.0,0.0,0.0,0.0,0.0,0.0,0.0,0.0,0.0,0.0,79483.0,0,0,0,3,BOX ELDER
149,30149,0.0,0.0,0.0,0.0,0.0,0.0,0.0,0.0,0.0,0.0,0.0,0.0,0.0,0.0,0.0,0.0,0.0,0.0,0.0,0.0,79483.0,0,0,0,3,BOX ELDER
150,30150,514.0,1802.0,0.28523862375138737,127.0,30.0,5.0,92.0,207.80000000000004,30.0,0.0,0.0,5.0,6.0,54.0,9.0,23.0,0.0,0.0,59.0,24.0,84445.0,0,0,0,3,BOX ELDER
151,30151,38.0,132.0,0.2878787878787879,26.0,0.0,26.0,0.0,40.7,0.0,0.0,26.0,0.0,0.0,0.0,0.0,0.0,0.0,0.0,4.0,1.0,84675.0,0,0,0,3,BOX ELDER
152,30152,4.0,9.0,0.4444444444444444,0.0,0.0,0.0,0.0,0.0,0.0,0.0,0.0,0.0,0.0,0.0,0.0,0.0,0.0,0.0,0.0,0.0,74493.0,0,0,0,3,BOX ELDER
153,30153,0.0,0.0,0.0,0.0,0.0,0.0,0.0,0.0,0.0,0.0,0.0,0.0,0.0,0.0,0.0,0.0,0.0,0.0,0.0,0.0,74493.0,0,0,0,3,BOX ELDER
582,110001,75.25,222.97204245727252,0.3374862568898966,0.0,0.0,0.0,0.0,41.17649167283733,0.0,0.0,0.0,0.0,0.0,0.0,0.0,0.0,35.332228386721184,0.0,2.5946954222886225,3.24956786382752,91175.0,0,0,0,11,DAVIS
583,110002,574.5,1807.941824056144,0.3177646494792077,0.0,0.0,0.0,0.0,349.1429421229238,0.0,0.0,0.0,0.0,0.0,0.0,0.0,0.0,38.84022438767359,0.0,283.30491619590083,26.997801539349386,91175.0,0,0,0,11,DAVIS
584,110003,105.75,356.6486961719904,0.29651026664346214,0.0,0.0,0.0,0.0,32.68070580645407,0.0,0.0,0.0,0.0,0.0,0.0,0.0,0.0,10.271308330425304,0.0,17.409632656753352,4.999764819275413,93635.0,0,0,0,11,DAVIS
585,110004,137.0,466.2693184506416,0.2938216060521309,0.0,0.0,0.0,0.0,287.2791040155607,0.0,0.0,0.0,0.0,0.0,0.0,0.0,0.0,5.511538601631848,0.0,275.5176821688688,6.24988324506007,93635.0,0,0,0,11,DAVIS
586,110005,107.75,285.47831318390973,0.37743672644788856,0.0,0.0,0.0,0.0,36.25239847967247,0.0,0.0,0.0,0.0,0.0,0.0,0.0,0.0,11.525735382179128,0.0,19.72721284256968,4.999450254923655,91175.0,0,0,0,11,DAVIS
587,110006,185.25,634.0348600926425,0.29217636388783425,4.25,0.0,0.0,4.25,51.33754090091988,0.0,0.0,0.0,0.0,2.75,0.25,0.0,1.25,8.017745617005607,0.0,30.3203836255194,8.749411658394873,93635.0,0,0,0,11,DAVIS
588,110007,212.25,724.3591147908179,0.2930176423075646,71.0,0.0,31.25,39.75,114.04694028381093,0.0,0.0,0.25,31.0,34.25,0.0,0.5,5.0,4.512122699280285,0.0,28.53583850786685,9.9989790766638,93635.0,0,0,0,11,DAVIS
589,110008,92.25,311.15891355269093,0.29647230396431695,0.0,0.0,0.0,0.0,16.7117478036572,0.0,0.0,0.0,0.0,0.0,0.0,0.0,0.0,7.0153794869143935,0.0,5.4467215147766,4.249646801966208,93635.0,0,0,0,11,DAVIS
590,110009,196.0,656.424324890633,0.2985873505413676,0.0,0.0,0.0,0.0,37.29671753822866,0.0,0.0,0.0,0.0,0.0,0.0,0.0,0.0,6.01301335682318,0.0,22.034607124515617,9.249097056889864,93635.0,0,0,0,11,DAVIS
591,110010,210.75,710.7820889682084,0.29650437633555277,0.0,0.0,0.0,0.0,23.549568055497737,0.0,0.0,0.0,0.0,0.0,0.0,0.0,0.0,3.2573925079206987,0.0,10.292881758018584,9.999293789558456,93635.0,0,0,0,11,DAVIS
592,110011,171.75,431.16063746196585,0.3983434132832932,0.0,0.0,0.0,0.0,17.191310666461348,0.0,0.0,0.0,0.0,0.0,0.0,0.0,0.0,3.00709839027364,0.0,5.934800877725384,8.249411398462323,91175.0,0,0,0,11,DAVIS
593,110012,259.25,821.7804598441764,0.3154735512318682,97.75,0.0,0.0,97.75,127.08189327944562,0.0,0.0,0.0,0.0,0.0,97.5,0.0,0.25,4.261822345854348,0.0,13.072585963396984,11.997484970194291,90061.0,945,0,0,11,DAVIS
594,110013,320.75,993.7927898084382,0.32275339818256,479.25,10.25,21.0,448.0,524.1685524364051,8.5,1.75,1.25,19.75,48.5,81.0,79.75,238.75,1.0023661300912132,0.0,28.667245640552785,15.24894066576106,89302.0,0,0,0,11,DAVIS
595,110014,544.5,1661.1693500352624,0.3277811500606134,187.5,0.0,6.0,181.5,244.80526238706855,0.0,0.0,0.0,6.0,1.0,171.25,1.5,7.75,1.2538436714623715,0.0,30.30357757715113,25.747841138455115,89302.0,877,1342,0,11,DAVIS
596,110015,399.25,1117.507253880286,0.35726837442325005,33.25,8.75,1.0,23.5,68.20418579165863,8.75,0.0,0.0,1.0,1.0,0.5,3.0,19.0,1.0023661300912132,0.0,14.953311020589195,18.99850864097823,60058.0,0,0,0,11,DAVIS
597,110016,261.0,658.2742705309479,0.3964912676740104,0.0,0.0,0.0,0.0,32.03247388358216,0.0,0.0,0.0,0.0,0.0,0.0,0.0,0.0,5.262131003882004,0.0,14.521088169382324,12.249254710317828,91175.0,0,0,0,11,DAVIS
598,110017,701.0,2079.070071240545,0.3371699731032757,5.25,0.0,0.0,5.25,136.44463432585837,0.0,0.0,0.0,0.0,3.25,0.0,0.0,2.0,11.026027431003346,0.0,87.42068592721417,32.74792096764088,91175.0,0,0,0,11,DAVIS
599,110018,626.75,1973.350688378796,0.3176070040114896,110.75,1.25,6.75,102.75,255.0027158114624,1.25,0.0,0.0,6.75,6.5,4.0,11.75,80.5,6.765382273094219,0.0,108.24090760539708,29.246425932971043,97179.0,0,0,0,11,DAVIS
600,110019,352.75,1004.0780138490512,0.3513173230910232,720.75,383.75,46.0,291.0,782.8855642683255,239.0,144.75,8.0,38.0,38.75,17.5,43.25,191.5,8.769817629449761,0.0,37.1169631810542,16.248783457821578,97584.0,0,0,0,11,DAVIS
601,110020,397.75,1150.252662849886,0.345793592004845,0.0,0.0,0.0,0.0,33.75198578815707,0.0,0.0,0.0,0.0,0.0,0.0,0.0,0.0,1.0023661300912132,0.0,13.751111017087633,18.99850864097823,67768.0,0,0,0,11,DAVIS
602,110021,479.0,1855.2883846239724,0.25818088657795546,0.0,0.0,0.0,0.0,51.8211025477822,0.0,0.0,0.0,0.0,0.0,0.0,0.0,0.0,12.027810180803106,0.0,17.295097956253795,22.498194410725304,91175.0,0,0,0,11,DAVIS
603,110022,377.0,1292.000233529972,0.29179561289239836,48.25,0.0,0.25,48.0,84.95158367755721,0.0,0.0,0.0,0.25,40.0,1.0,1.5,5.5,0.500594471072996,0.0,18.202402072925903,17.99858713355832,93208.0,0,0,0,11,DAVIS
604,110023,387.75,892.912240328927,0.4342532025959935,7.5,0.0,4.5,3.0,82.15396543909524,0.0,0.0,2.5,2.0,2.0,0.0,0.0,1.0,1.503257504991094,0.0,54.90200289462627,18.24870503947788,83139.0,0,0,0,11,DAVIS
605,110024,114.75,270.99733355560846,0.4234359006209682,211.5,5.5,12.5,193.5,290.2934272700286,4.25,1.25,1.5,11.0,14.0,6.75,7.75,165.0,3.7582838828205793,0.0,69.78596835753304,5.249175029674966,72574.0,0,0,0,11,DAVIS
606,110025,325.25,1023.1389812030392,0.31789425090378315,0.0,0.0,0.0,0.0,26.24410206528805,0.0,0.0,0.0,0.0,0.0,0.0,0.0,0.0,0.0,0.0,11.24527945398945,14.998822611298602,72495.0,0,0,0,11,DAVIS
607,110026,306.75,843.4847371279741,0.36366988814103424,9.75,1.0,5.0,3.75,34.69144700354721,1.0,0.0,0.0,5.0,0.0,0.0,0.25,3.5,0.0,0.0,10.94254589966852,13.998901103878694,60368.0,0,0,0,11,DAVIS
608,110027,255.0,868.2829353894625,0.29368307219538003,0.0,0.0,0.0,0.0,33.07223026310262,0.0,0.0,0.0,0.0,0.0,0.0,0.0,0.0,3.00709839027364,0.0,18.06607378379009,11.999058089038884,93635.0,0,0,0,11,DAVIS
609,110028,899.25,3937.015632987092,0.22840904985630478,869.0,193.75,56.0,619.25,977.1286590226872,95.75,98.0,16.0,40.0,56.5,114.0,27.75,421.0,0.0,0.0,66.13195571105094,41.99670331163608,83139.0,734,0,0,11,DAVIS
610,110029,187.25,589.4650211077459,0.31766091845129746,1874.25,573.0,71.75,1229.5,1956.2626119114727,375.0,198.0,4.25,67.5,115.0,269.75,114.0,730.75,0.0,0.0,73.01331834469397,8.99929356677916,72574.0,531,0,0,11,DAVIS
611,110030,376.5,1188.9882228856982,0.31665578577912823,180.0,27.25,6.25,146.5,217.2382903468269,27.0,0.25,0.0,6.25,15.75,63.75,5.5,61.5,0.0,0.0,19.239703213268594,17.99858713355832,72574.0,541,0,0,11,DAVIS
612,110031,466.25,1381.4739140963825,0.3375018487446233,78.75,5.0,7.75,66.0,121.09037669865045,5.0,0.0,0.25,7.5,6.25,6.0,4.75,49.0,0.0,0.0,20.342103535412484,21.998273163237947,74962.0,0,0,0,11,DAVIS
613,110032,172.0,575.3339674222207,0.2989567968160209,0.0,0.0,0.0,0.0,31.695812719520795,0.0,0.0,0.0,0.0,0.0,0.0,0.0,0.0,0.0,0.0,23.69644066016154,7.9993720593592545,93635.0,0,0,0,11,DAVIS
614,110033,861.75,2830.5221807493654,0.3044491245681941,352.25,106.5,10.5,235.25,439.2188835296736,32.25,74.25,4.25,6.25,15.75,7.0,131.75,80.75,0.0,0.0,46.97202323287736,39.99686029679627,81139.0,0,0,0,11,DAVIS
615,110034,180.0,559.6087074527476,0.32165332240688715,1891.5,824.0,59.25,1008.25,1971.114367799123,660.0,164.0,2.5,56.75,107.0,43.5,125.5,732.25,0.0,0.0,71.61499573976377,7.9993720593592545,96912.0,0,0,0,11,DAVIS
616,110035,395.0,1228.303167636131,0.32158184592178274,80.0,1.0,2.0,77.0,115.4218531524449,1.0,0.0,0.0,2.0,3.75,55.5,3.25,14.5,0.0,0.0,17.17314796442411,18.24870518802078,96912.0,480,0,0,11,DAVIS
617,110036,503.5,1432.8242494339231,0.3514038795748478,19.75,1.0,7.5,11.25,63.3384813328469,1.0,0.0,0.25,7.25,0.0,0.25,1.5,9.5,0.0,0.0,19.59036515476913,23.998116178077765,91112.0,0,0,0,11,DAVIS
618,110037,398.0,1309.6439542010055,0.30389939091713974,476.0,8.0,57.5,410.5,541.9694533403303,4.5,3.5,22.75,34.75,44.25,40.75,25.0,300.5,1.0023661300912132,0.0,45.96857856926093,18.99850864097823,81139.0,0,0,0,11,DAVIS
619,110038,11.0,33.1626673209048,0.3316982887279972,47.75,14.0,2.75,31.0,78.29629014488656,0.0,14.0,0.5,2.25,17.25,0.0,1.0,12.75,5.261244483984789,0.0,24.785045549512112,0.5000001113896484,96912.0,0,0,0,11,DAVIS
620,110039,365.25,1019.9413680364474,0.3581088202189166,0.0,0.0,0.0,0.0,30.629440674713216,0.0,0.0,0.0,0.0,0.0,0.0,0.0,0.0,1.0023661300912132,0.0,12.62840891848359,16.998665626138415,94690.0,0,0,0,11,DAVIS
621,110040,551.75,1537.703593250154,0.3588142750149906,9.0,0.0,4.0,5.0,54.38522342093943,0.0,0.0,3.0,1.0,0.0,0.0,2.0,3.0,0.0,0.0,19.38726422802185,25.997959192917577,65721.0,0,0,0,11,DAVIS
622,110041,512.0,1387.383393057485,0.369040023516258,791.5,177.25,48.0,566.25,865.5621999063097,172.5,4.75,1.5,46.5,87.25,84.75,71.25,323.0,0.0,0.0,50.06408372823194,23.998116178077765,66155.0,299,0,0,11,DAVIS
623,110042,0.0,0.0,0.0,2051.75,3.0,559.25,1489.5,2122.6891107194547,0.0,3.0,559.25,0.0,755.25,524.25,0.0,210.0,0.0,0.0,70.93911071945469,0.0,49014.0,0,0,0,11,DAVIS
624,110043,539.25,1546.9147064533,0.34859711253012093,305.25,38.5,23.75,243.0,369.6948000518546,37.25,1.25,1.75,22.0,14.75,65.0,45.75,117.5,0.0,0.0,39.44676236635697,24.998037685497668,58909.0,333,0,0,11,DAVIS
625,110044,513.25,1445.9361166915612,0.35496035687549227,197.25,1.0,14.25,182.0,246.56439786723223,1.0,0.0,0.25,14.0,5.5,108.5,9.5,58.5,0.0,0.0,25.31628168915449,23.998116178077765,55845.0,0,964,0,11,DAVIS
626,110045,0.0,0.0,0.0,797.75,0.0,0.25,797.5,825.3304061230683,0.0,0.0,0.0,0.25,301.0,450.25,3.75,42.5,0.0,0.0,27.580406123068308,0.0,49014.0,0,0,0,11,DAVIS
627,110046,412.0,1158.203328241187,0.35572337771266027,397.5,24.0,40.0,333.5,447.97340994470704,17.5,6.5,18.0,22.0,25.75,50.75,26.5,230.5,0.0,0.0,31.47466545473645,18.998744489970598,60255.0,305,0,0,11,DAVIS
628,110047,0.0,0.0,0.0,4031.0,1.5,2.5,4027.0,4170.370559579112,1.25,0.25,0.0,2.5,1318.5,2270.75,280.75,157.0,0.0,0.0,139.370559579112,0.0,49014.0,0,0,0,11,DAVIS
629,110048,0.0,0.0,0.0,1722.2500051377817,0.50000000149159,423.7500012641225,1298.0000038721676,1781.7965688221193,0.50000000149159,0.0,422.7500012611393,1.00000000298318,0.0,1243.75000371033,2.750000008203745,51.50000015363376,0.0,0.0,59.54656368433778,0.0,49014.0,0,0,0,11,DAVIS
630,110049,0.0,0.0,0.0,4681.25,0.0,313.25,4368.0,4843.097733029086,0.0,0.0,313.25,0.0,404.0,3886.5,2.0,75.5,0.0,0.0,161.84773302908633,0.0,49014.0,0,0,0,11,DAVIS
631,110050,0.0,0.0,0.0,8123.25,0.0,254.25,7869.0,8404.0878017181,0.0,0.0,254.25,0.0,1190.5,6488.5,0.0,190.0,0.0,0.0,280.8378017181008,0.0,49014.0,0,0,0,11,DAVIS
632,110051,393.0,988.3768642832008,0.39762160993622087,45.0,0.0,0.0,45.0,78.1414903386566,0.0,0.0,0.0,0.0,0.0,1.0,0.25,43.75,0.0,0.0,15.142903205098278,17.99858713355832,49014.0,0,0,0,11,DAVIS
633,110052,0.0,0.0,0.0,446.24999409193265,0.0,0.24999999669015835,445.99999409524247,461.6782038006007,0.0,0.0,0.0,0.24999999669015835,341.9999954721366,45.99999939098914,1.9999999735212668,55.99999925859547,0.0,0.0,15.42820970866805,0.0,49014.0,0,0,0,11,DAVIS
634,110053,46.00000142560706,158.8082528911477,0.2896574994571406,13858.750429502867,259.2500080345354,3.250000100722238,13596.25042136761,14341.473186101872,214.000006632172,45.250001402363466,0.25000000774786446,3.0000000929743735,732.7500227089907,12238.500379288957,276.25000856139025,348.75001080827093,0.0,0.0,480.7229135221888,1.999843076817864,49014.0,0,0,0,11,DAVIS
635,110054,260.5,871.7732025069349,0.29881625089058383,288.25,7.75,12.5,268.0,330.24183426837124,6.5,1.25,0.25,12.25,23.5,8.0,9.75,226.75,10.273955418559192,0.0,19.718820760773145,11.999058089038884,94630.0,0,0,0,11,DAVIS
636,110055,525.25,1757.427565327995,0.298874337903065,554.0,6.75,22.25,525.0,631.0937445752073,4.0,2.75,4.0,18.25,48.0,122.25,59.0,295.75,15.033725147352648,0.0,37.31225707899529,24.74776234885933,94630.0,817,0,0,11,DAVIS
637,110056,581.0,1671.7034569298178,0.34754967909622014,94.5,0.25,5.75,88.5,148.86134459042083,0.25,0.0,0.0,5.75,5.0,47.5,3.0,33.0,4.009464520364853,0.0,23.35399936971848,26.997880700337483,94669.0,0,0,0,11,DAVIS
638,110057,682.75,1934.6082616589215,0.3529138242253466,365.25,37.75,12.75,314.75,434.73163821014464,36.75,1.0,1.25,11.5,28.75,74.5,19.0,192.5,1.0023661300912132,0.0,36.48178384261637,31.997488237437015,105552.0,370,251,0,11,DAVIS
639,110058,4.0,10.267124887191589,0.3895930013464692,95.25,45.25,0.0,50.0,197.68190552196648,0.0,45.25,0.0,0.0,3.25,1.0,9.0,36.75,0.0,99.0,3.4319055219664785,0.0,105552.0,0,0,0,11,DAVIS
640,110059,0.0,0.0,0.0,0.0,0.0,0.0,0.0,0.0,0.0,0.0,0.0,0.0,0.0,0.0,0.0,0.0,0.0,0.0,0.0,0.0,105552.0,0,0,0,11,DAVIS
641,110060,128.50000170789778,418.1276458606425,0.3073224240970794,37.75000050173651,1.0000000132910334,6.250000083068959,30.500000405376518,79.52915157327627,0.0,1.0000000132910334,0.0,6.250000083068959,7.250000096359992,1.0000000132910334,1.5000000199365502,20.750000275788942,6.01419686048217,0.0,29.765110373899372,5.999843837158223,107637.0,0,0,0,11,DAVIS
642,110061,446.5,1391.7171255883782,0.3208266908487115,17.0,0.0,0.25,16.75,53.77511358320385,0.0,0.0,0.0,0.25,8.75,0.25,1.0,6.75,0.0,0.0,16.026643984312994,20.748469598890853,107062.0,0,0,0,11,DAVIS
643,110062,622.0,1745.6063007421235,0.35632318681226355,421.5,95.75,42.5,283.25,495.0729774326711,75.25,20.5,5.25,37.25,21.0,79.25,19.75,163.25,0.0,0.0,44.575253717493815,28.99772371517729,60506.0,462,0,0,11,DAVIS
644,110063,438.0,1166.105100456794,0.3756093681679498,0.0,0.0,0.0,0.0,36.39180661731732,0.0,0.0,0.0,0.0,0.0,0.0,0.0,0.0,0.0,0.0,15.89321907535366,20.498587541963666,72140.0,0,0,0,11,DAVIS
645,110064,794.0,2636.292492066485,0.30118054138128464,427.75,108.75,22.5,296.5,515.7523043807919,33.75,75.0,9.5,13.0,46.0,12.75,32.5,205.25,0.0,0.0,50.75477598744106,37.24752839335076,46352.0,0,0,0,11,DAVIS
646,110065,866.0,1875.455806095862,0.46175441574533976,1979.0,161.75,147.0,1670.25,2124.339016042111,108.75,53.0,4.5,142.5,186.0,209.75,223.25,1051.25,0.0,0.0,104.59235229235723,40.74666374975372,51332.0,462,0,0,11,DAVIS
647,110066,0.0,0.0,0.0,1146.75,30.25,261.25,855.25,1186.3964485386807,30.25,0.0,261.25,0.0,571.5,2.0,1.5,280.25,0.0,0.0,39.646448538680616,0.0,49014.0,0,0,0,11,DAVIS
648,110067,538.5,1247.132788639545,0.43179042753533203,0.0,0.0,0.0,0.0,44.61740638923845,0.0,0.0,0.0,0.0,0.0,0.0,0.0,0.0,1.0023661300912132,0.0,18.617002573649565,24.998037685497668,70231.0,0,0,0,11,DAVIS
649,110068,224.75,566.7561892381392,0.39655499890017915,23.5,16.25,0.75,6.5,62.58699797917607,16.25,0.0,0.75,0.0,0.0,0.0,0.25,6.25,2.0047322601824265,0.0,26.58305053340492,10.499215185588715,88595.0,0,0,0,11,DAVIS
650,110069,391.75,988.246646566016,0.39640913668795397,5.0,0.0,3.0,2.0,36.715482034113904,0.0,0.0,0.0,3.0,0.0,0.0,0.0,2.0,0.0,0.0,13.716894900555582,17.99858713355832,88595.0,0,0,0,11,DAVIS
651,110070,0.0,0.0,0.0,341.75,7.5,195.5,138.75,353.5655376067977,7.5,0.0,27.25,168.25,3.0,0.0,15.0,120.75,0.0,0.0,11.815537606797704,0.0,88595.0,0,0,0,11,DAVIS
652,110071,36.0,91.5088204294112,0.393404699471238,573.25,6.5,258.75,308.0,596.3101822580351,6.5,0.0,155.0,103.75,9.75,14.75,194.25,89.25,0.0,0.0,21.06033924319529,1.9998430148398136,82312.0,0,0,0,11,DAVIS
653,110072,803.5,1637.4781716665796,0.49069356398334163,702.0,100.0,46.75,555.25,806.0573501365352,97.0,3.0,4.0,42.75,68.0,6.25,108.75,372.25,0.0,0.0,66.56049024814418,37.49685988839093,35289.0,0,0,0,11,DAVIS
654,110073,589.4999994529899,1385.2020829663074,0.42556967441935933,635.4999994103055,141.499999868699,32.24999997007451,461.74999957153193,712.6261982404226,68.74999993620536,72.74999993249367,2.9999999972162334,29.249999972858276,86.74999991950276,17.74999998352938,119.4999998891133,237.7499997793865,0.0,0.0,49.62855404144098,27.497644788676187,57882.0,0,0,0,11,DAVIS
655,110074,693.9999990198767,2276.0007424091154,0.30492081399116205,78.4999998891359,0.0,0.0,78.4999998891359,137.20514027416104,0.0,0.0,0.0,0.0,0.0,57.49999991879381,4.249999993997804,16.749999976344284,0.0,0.0,26.707652192777566,31.997488192247552,52244.0,528,0,0,11,DAVIS
656,110075,409.5,1527.510529581831,0.26808325839305613,0.0,0.0,0.0,0.0,36.15858667405277,0.0,0.0,0.0,0.0,0.0,0.0,0.0,0.0,1.0023661300912132,0.0,16.15771190298333,18.99850864097823,87014.0,0,0,0,11,DAVIS
657,110076,0.0,0.0,0.0,3913.25,45.75,2945.75,921.75,4048.545136619357,42.25,3.5,2562.0,383.75,191.25,69.25,113.75,547.5,0.0,0.0,135.29513661935664,0.0,53084.0,0,0,0,11,DAVIS
658,110077,609.5,1237.563218579919,0.49250009280284684,97.0,22.25,6.0,68.75,173.67904890280633,13.0,9.25,0.5,5.5,19.5,1.0,9.5,38.75,0.0,0.0,47.93152180890798,28.74752709389835,35195.0,0,0,0,11,DAVIS
659,110078,234.50000001651605,489.437610556241,0.4791213322368282,553.0000000389483,42.25000000297571,16.750000001179718,494.0000000347929,595.2255054432808,15.000000001056465,27.250000001919243,7.75000000054584,9.000000000633879,42.750000003010925,151.0000000106351,36.50000000257073,263.7500000185762,0.0,0.0,31.226368821938788,10.999136582393652,53595.0,550,988,0,11,DAVIS
660,110079,526.0,1085.9938756218748,0.48434895611063694,2065.0,48.75,50.75,1965.5,2188.6129009044557,42.5,6.25,7.25,43.5,143.0,479.25,465.25,878.0,0.0,0.0,98.86317200849712,24.74972889595797,53532.0,0,0,2016,11,DAVIS
661,110080,1169.25,2638.9138101606086,0.4430800261448621,2837.0,332.25,65.0,2439.75,3042.2460129070805,241.25,91.0,6.5,58.5,872.75,56.5,359.25,1151.25,0.5017716590182172,0.0,149.99930552313367,54.7449357249289,60401.0,0,0,0,11,DAVIS
662,110081,920.5,2020.3770919308836,0.4556080167788252,1300.5,113.25,76.75,1110.5,1420.5323144569593,111.0,2.25,1.5,75.25,69.0,30.5,58.75,952.25,0.0,0.0,76.78565029880014,43.24666415815906,59130.0,0,0,0,11,DAVIS
663,110082,212.0,527.8128304567445,0.40165753419928263,4620.75,71.25,3660.75,888.75,4802.574120485055,21.75,49.5,3309.25,351.5,57.5,361.0,88.75,381.5,1.503257504991094,0.0,170.32172662122414,9.999136358839678,53084.0,0,0,0,11,DAVIS
664,110083,1015.7500003997487,2067.9172509991477,0.4911947032256599,686.7500002702707,103.25000004063406,43.75000001721783,539.7500002124187,817.5731067678166,32.50000001279039,70.75000002784368,5.250000002066139,38.500000015151684,34.00000001338071,51.25000002016945,79.00000003109048,375.50000014777817,0.0,0.0,83.57636330848794,47.246743189058,40944.0,0,0,0,11,DAVIS
665,110084,844.75,2537.5439245783127,0.33290064137131337,333.0,41.75,35.25,256.0,416.4518556353471,39.75,2.0,5.5,29.75,20.5,76.5,22.75,136.25,3.2568091276292463,0.0,40.69865831738176,39.49638819033608,60917.0,711,0,0,11,DAVIS
666,110085,1168.25,3893.560471388873,0.3000467075276407,526.0,101.0,21.25,403.75,640.0603532287638,75.25,25.75,1.5,19.75,33.75,61.5,157.5,151.0,0.7529522965624911,0.0,58.56222935828004,54.74517157392127,87488.0,0,0,0,11,DAVIS
667,110086,762.5,2458.140446790803,0.3101938300537193,0.0,0.0,0.0,0.0,189.3922390024252,0.0,0.0,0.0,0.0,0.0,0.0,0.0,0.0,4.260645157909127,0.0,149.63284642140155,35.49874742311449,94203.0,0,0,0,11,DAVIS
668,110087,109.25,320.32609132738514,0.34105869911278147,4.0,0.0,0.0,4.0,59.97008642119231,0.0,0.0,0.0,0.0,2.0,1.0,0.0,1.0,21.79793646828052,0.0,29.17246370045287,4.9996862524589245,97584.0,0,0,0,11,DAVIS
669,110088,195.0,563.8650647889906,0.3458274189640971,836.0,60.5,229.5,546.0,905.6466186118524,19.0,41.5,52.5,177.0,41.25,332.25,22.5,150.0,1.0023661300912132,0.0,59.64495891498203,8.99929356677916,67768.0,748,0,2240,11,DAVIS
670,110089,961.75,3079.813122925465,0.31227544062363405,31.75,0.0,1.0,30.75,135.35277272935076,0.0,0.0,0.0,1.0,2.0,0.0,0.0,28.75,1.753254718811268,0.0,56.60293212218125,45.24658588835826,91175.0,0,0,0,11,DAVIS
671,110090,355.25,1012.4048706730492,0.3508971660357866,268.5,46.25,30.0,192.25,314.8240888561365,3.25,43.0,1.0,29.0,14.25,2.75,119.5,55.75,4.259758638011912,0.0,25.31570393108922,16.748626287035346,97584.0,0,0,0,11,DAVIS
672,110091,374.0,1394.6460530569157,0.2681683995593232,116.75,52.0,4.25,60.5,151.71782671631178,4.25,47.75,0.0,4.25,13.0,1.5,20.5,25.5,1.0023661300912132,0.0,16.96679496008217,16.998665626138415,87014.0,0,0,0,11,DAVIS
673,110092,313.25,1221.5592598353144,0.2564345507415097,11.75,0.0,0.0,11.75,40.73995511231223,0.0,0.0,0.0,0.0,4.75,0.0,0.0,7.0,3.0062118703764247,0.0,11.23535324945142,14.748389992484386,91175.0,0,0,0,11,DAVIS
674,110093,394.0,1256.8488701022643,0.3134823998114761,1324.0,630.5,81.25,612.25,1416.1465321239384,445.25,185.25,5.25,76.0,62.25,163.75,49.0,337.25,1.0023661300912132,0.0,72.8954608058266,18.24870518802078,97584.0,0,1318,0,11,DAVIS
675,110094,765.25,2387.315412964177,0.32054834306533375,470.5,45.25,4.75,420.5,559.9676495168949,36.25,9.0,0.0,4.75,21.75,256.75,81.75,60.25,0.0,0.0,53.47047524977824,35.99717426711664,80015.0,1800,0,0,11,DAVIS
676,110095,5.0,14.17673358306899,0.3526905524959154,116.75,3.25,43.5,70.0,131.9850678857398,2.25,1.0,0.0,43.5,9.0,10.5,4.25,46.25,11.026027431003346,0.0,4.209040454736449,0.0,77899.0,0,0,0,11,DAVIS
677,110096,660.25,2163.4576681335598,0.30518276817942336,75.25,1.0,6.5,67.75,207.2735241951197,0.0,1.0,3.5,3.0,0.0,61.0,0.25,6.5,18.791415222519458,0.0,82.23312610882861,30.998982863771623,77899.0,929,0,0,11,DAVIS
678,110097,391.75,1233.7868255102774,0.3175183847809183,616.0,4.75,7.5,603.75,722.602279297308,3.5,1.25,2.5,5.0,34.25,253.5,96.5,219.5,5.512425121529063,0.0,82.84138498529343,18.248469190485512,77899.0,0,0,0,11,DAVIS
679,110098,675.0,2287.8890988325275,0.2950317829410707,356.25,39.5,17.5,299.25,435.1517234459806,20.75,18.75,0.0,17.5,30.25,8.25,112.75,148.0,0.7508885887200548,0.0,46.15334661982352,31.997488237437015,97356.0,0,0,0,11,DAVIS
680,110099,1316.5,3873.935073674521,0.3398353289259616,1078.75,172.0,74.0,832.75,1255.054277065011,113.0,59.0,2.25,71.75,130.5,185.75,117.5,399.0,0.0,0.0,114.3091436049769,61.99513346003423,96228.0,0,0,0,11,DAVIS
681,110100,721.75,2254.957440829917,0.32007255965521303,746.0,375.5,70.25,300.25,838.236554459476,211.0,164.5,4.0,66.25,22.5,99.75,12.5,165.5,0.0,6.0,52.23922320719922,33.99733125227683,122221.0,922,0,0,11,DAVIS
682,110101,685.5,2015.6964447077096,0.34008096893746437,18.0,0.0,10.0,8.0,90.82064796783638,0.0,0.0,0.0,10.0,3.25,0.0,0.25,4.5,1.0023661300912132,0.0,39.820793600308136,31.997488237437015,98876.0,0,0,0,11,DAVIS
683,110102,1553.75,5144.488557887521,0.30202224818204587,0.0,0.0,0.0,0.0,205.4199650593464,0.0,0.0,0.0,0.0,0.0,0.0,0.0,0.0,60.15582618849496,0.0,72.7730162180774,72.49112265277405,77899.0,0,0,0,11,DAVIS
684,110103,844.0,2654.972696465102,0.31789404129229765,13.25,0.0,1.75,11.5,104.92151182792487,0.0,0.0,0.25,1.5,4.0,4.0,0.25,3.25,9.772183759540974,0.0,42.40215317008264,39.49717489830128,77899.0,0,0,0,11,DAVIS
685,110104,406.25,1260.8175292327594,0.32221157350755886,0.5,0.0,0.0,0.5,83.06257559278623,0.0,0.0,0.0,0.0,0.5,0.0,0.0,0.0,1.2517799636199354,0.0,62.31228698818806,18.99850864097823,84343.0,0,0,0,11,DAVIS
686,110105,406.5,1508.3954899960286,0.269491656993134,11.0,0.0,0.0,11.0,45.93291121579498,0.0,0.0,0.0,0.0,4.0,0.0,7.0,0.0,0.0,0.0,15.934402574816753,18.99850864097823,100411.0,0,0,0,11,DAVIS
687,110106,586.0,2088.3191650216672,0.2806084480836146,11.75,0.0,3.25,8.5,66.4268997839111,0.0,0.0,3.0,0.25,7.5,0.0,0.0,1.0,4.263589149869899,0.0,23.41542993370372,26.997880700337483,122221.0,0,0,0,11,DAVIS
688,110107,516.25,1607.6263213932689,0.32112562050650284,0.0,0.0,0.0,0.0,42.34789178618272,0.0,0.0,0.0,0.0,0.0,0.0,0.0,0.0,0.0,0.0,18.34977560810496,23.998116178077765,77899.0,0,0,0,11,DAVIS
689,110108,0.0,0.0,0.0,0.0,0.0,0.0,0.0,34.581042894174246,0.0,0.0,0.0,0.0,0.0,0.0,0.0,0.0,34.581042894174246,0.0,0.0,0.0,77899.0,0,0,0,11,DAVIS
690,110109,661.5,1686.621160562505,0.39220425752240834,988.0,49.0,20.0,919.0,1086.8181745316292,48.0,1.0,1.25,18.75,141.0,154.25,293.75,330.0,10.774549889632189,0.0,57.04550720155002,30.99811744044704,72651.0,787,0,0,11,DAVIS
691,110110,525.0,1315.1048215512974,0.39920772199793936,959.75,53.0,382.5,524.25,1055.3543709077169,50.75,2.25,286.75,95.75,103.75,20.25,118.5,281.75,9.772183759540974,0.0,61.58395291563565,24.24823423254022,72651.0,0,0,0,11,DAVIS
692,110111,616.0,1750.349604581677,0.3519296935809691,744.5,8.5,23.0,713.0,820.5352889318074,5.75,2.75,1.25,21.75,187.5,23.5,49.5,452.5,0.0,0.0,47.0375652166301,28.99772371517729,110982.0,0,0,0,11,DAVIS
693,110112,1366.25,3656.6604025932,0.37363327451220085,2062.75,64.0,76.75,1922.0,2247.292557665912,44.75,19.25,24.0,52.75,256.0,401.25,374.0,890.75,2.0047322601824265,0.0,118.5428489308558,63.99497647487404,59691.0,0,0,0,11,DAVIS
694,110113,597.999990545383,1384.076499682089,0.43205703635798937,954.2499849129292,102.74999837548177,103.49999836362397,747.9999881738235,1036.9113763532714,65.74999896046643,36.99999941501533,5.749999909090221,97.74999845453375,89.24999858892213,175.74999722132281,47.499999249006166,435.49999311457236,1.0023661142434073,0.0,53.66122356099764,27.997801765101038,43124.0,516,0,0,11,DAVIS
695,110114,30.00000000412763,94.46185599553883,0.317588509011981,205.5000000282743,2.0000000002751754,64.50000000887441,139.00000001912468,226.4183853666933,2.0000000002751754,0.0,46.25000000636343,18.250000002510976,0.0,0.25000000003439693,0.5000000000687939,138.2500000190215,11.777212925170685,0.0,8.141250905690844,0.9999215075574838,100295.0,0,0,0,11,DAVIS
696,110115,557.0,1715.5228005751303,0.3246823649404516,849.5,313.5,58.75,477.25,925.1239422052162,175.0,138.5,7.5,51.25,91.75,46.25,30.5,308.75,1.0023661300912132,0.0,48.623616882207386,25.997959192917577,100295.0,0,0,0,11,DAVIS
697,110116,670.5,1825.2181083674652,0.36735335734736774,497.0,2.5,25.5,469.0,570.3671152748067,1.5,1.0,14.5,11.0,51.25,13.25,211.0,193.5,2.0047322601824265,0.0,40.36481628460712,30.997566730017105,103987.0,0,0,0,11,DAVIS
698,110117,975.75,2905.564041481599,0.33582119893748674,51.0,0.0,0.0,51.0,133.00051986463072,0.0,0.0,0.0,0.0,0.0,50.75,0.0,0.25,0.0,0.0,36.25377658270694,45.74674328192379,92507.0,576,0,0,11,DAVIS
699,110118,364.24999703834976,999.6749867365143,0.3643684216081678,69.99999943084278,9.249999924789938,0.9999999918691825,59.749999514183656,133.78423067366168,0.0,9.249999924789938,0.0,0.9999999918691825,9.999999918691826,2.9999999756075475,4.999999959345913,41.74999966053837,2.2559128793842844,0.0,44.5287876007346,16.999530762700015,92898.0,0,0,0,11,DAVIS
700,110119,569.75,1293.6041328049032,0.44043613154251393,998.25,543.0,59.5,395.75,1079.4610369517964,180.5,362.5,32.5,27.0,19.25,114.5,28.0,234.0,0.0,0.0,54.21315625145899,26.997880700337483,60401.0,0,1107,0,11,DAVIS
701,110120,773.0000067246026,1888.7712243132783,0.40926079176457747,788.7500068616175,57.000000495863326,51.7500004501917,680.0000059155625,879.7469962856524,35.00000030447748,22.000000191385844,3.250000028272909,48.50000042191879,36.000000313176834,161.25000140277123,284.0000024706173,198.75000172899712,1.0023661388111536,0.0,53.99744870495479,35.9971745802689,61800.0,0,0,1868,11,DAVIS
702,110121,1108.75,2373.1642824273945,0.467203222385394,739.5,131.75,115.0,492.75,859.9123953714607,106.75,25.0,8.75,106.25,35.0,64.0,31.75,362.0,0.0,0.0,68.16690934450722,52.245486026953486,61138.0,366,0,0,11,DAVIS
703,110122,1045.25,2731.7819749140394,0.3826257035146045,3407.0,475.75,122.25,2809.0,3619.417760891693,361.5,114.25,31.25,91.0,74.75,19.75,2311.0,403.5,0.0,0.0,163.6719610801158,48.7457998115777,42449.0,0,0,0,11,DAVIS
704,110123,1172.25,2275.034840567239,0.5152668342027328,3965.0,1787.0,144.75,2033.25,4230.609912694145,736.25,1050.75,113.25,31.5,339.5,107.0,523.5,1063.25,0.0,0.0,210.61375779098,54.99615490316541,51122.0,0,0,0,11,DAVIS
705,110124,1703.5,4763.196348762554,0.35763799668736257,1901.0,267.75,130.0,1503.25,2108.111738663103,198.5,69.25,14.0,116.0,233.75,39.75,346.75,883.0,2.0047322601824265,0.0,125.11328580932816,79.99372059359254,71934.0,0,0,0,11,DAVIS
706,110125,113.0,316.23390705607005,0.35733043635945233,134.75,10.25,15.25,109.25,152.32505830215368,9.25,1.0,0.5,14.75,9.5,8.75,8.5,82.5,4.009464520364853,0.0,8.565986244689295,4.999607537099534,76224.0,0,0,0,11,DAVIS
707,110126,999.75,2801.769651849539,0.3568280494936593,16.0,0.0,0.0,16.0,184.13414614214605,0.0,0.0,0.0,0.0,4.0,0.0,12.0,0.0,7.019203762993502,0.0,114.11863153041692,46.99631084873562,98407.0,0,0,0,11,DAVIS
708,110127,1105.25,3373.501534562769,0.32762694448966617,8.0,0.0,0.0,8.0,98.48367312461848,0.0,0.0,0.0,0.0,4.0,0.0,4.0,0.0,0.0,0.0,38.48775473878332,51.995918385835154,87834.0,0,0,0,11,DAVIS
709,110128,200.25,507.5640713762031,0.39453147157765633,368.0,6.5,139.0,222.5,438.670184834147,5.5,1.0,43.25,95.75,60.0,15.5,18.25,128.75,2.255026377829485,0.0,59.16543212218125,9.24972633413628,65047.0,0,0,0,11,DAVIS
710,110129,521.25,1364.179964943187,0.38209768021458085,1417.75,644.0,143.25,630.5,1509.0334668901708,439.0,205.0,2.75,140.5,50.25,27.25,105.0,448.0,0.0,0.0,67.03546865516597,24.247998235004957,50717.0,0,0,0,11,DAVIS
711,110130,8.5,13.19765862870116,0.644053633991935,1398.25,1082.75,54.75,260.75,1447.3810101817778,470.75,612.0,3.0,51.75,14.25,12.5,21.0,213.0,0.0,0.0,48.6309315035716,0.500078678206137,51122.0,0,0,0,11,DAVIS
712,110131,101.0,280.07026631577173,0.3606237867683005,1374.25,71.25,116.75,1186.25,1433.500656352429,47.0,24.25,7.75,109.0,168.0,156.0,229.75,632.5,3.5106368533074086,0.0,50.99068729866007,4.749332200461197,76224.0,523,0,0,11,DAVIS
713,110132,806.0,2235.799777834995,0.360497396945123,44.0,3.0,1.0,40.0,120.13760147076415,3.0,0.0,0.0,1.0,2.5,0.0,15.0,22.5,0.7529522965624911,0.0,37.3876318922452,37.99701728195646,77278.0,0,0,0,11,DAVIS
714,110133,1006.75,3358.553693349153,0.29975700611654293,116.75,21.5,0.75,94.5,343.6180507654647,21.5,0.0,0.25,0.5,7.25,56.25,22.25,8.75,1.2526602477382722,0.0,178.36951202787245,47.24587848985395,92042.0,641,0,0,11,DAVIS
715,110134,429.5,1169.8981457782024,0.36712597720573503,13.75,0.0,0.0,13.75,49.07111328737989,0.0,0.0,0.0,0.0,3.5,0.0,0.25,10.0,0.0,0.0,15.32236857463,19.99874471274989,92898.0,0,0,0,11,DAVIS
716,110135,221.25,787.7532877104952,0.28086204583548613,144.25,19.75,1.75,122.75,173.88853248002678,14.0,5.75,0.0,1.75,5.0,0.25,106.25,11.25,1.0023661300912132,0.0,18.636951275736497,9.999215074199068,122221.0,0,0,0,11,DAVIS
717,110136,340.5,1125.2421781681462,0.3026015257927158,49.0,3.5,17.75,27.75,187.23242502538824,3.5,0.0,6.75,11.0,2.5,1.5,2.0,21.75,5.511538601631848,0.0,116.47218153275128,16.24870489100509,86386.0,0,0,0,11,DAVIS
718,110137,256.0,911.3622024891774,0.2808981975561358,141.25,2.25,5.5,133.5,168.9882404869495,2.25,0.0,1.0,4.5,15.0,72.75,3.75,42.0,2.0047322601824265,0.0,13.734450137728183,11.999058089038884,104511.0,936,0,0,11,DAVIS
719,110138,0.0,0.0,0.0,1053.0,23.5,774.25,255.25,1110.4049091927727,23.5,0.0,256.75,517.5,86.25,8.0,7.5,153.5,0.0,21.0,36.40490919277278,0.0,75567.0,0,0,0,11,DAVIS
720,110139,664.5,1638.379317592456,0.40558373318363217,2814.75,2002.5,132.5,679.75,3002.0501987317984,1612.75,389.75,36.5,96.0,84.25,57.0,121.0,417.5,0.0,0.0,156.30294656613287,30.99725216566535,45532.0,0,0,0,11,DAVIS
721,110140,577.25,1467.6289306874914,0.39332149150916157,493.5,31.25,33.0,429.25,559.0175405233919,25.0,6.25,3.25,29.75,36.25,143.25,40.5,209.25,0.0,0.0,38.5196598230543,26.997880700337483,59699.0,377,995,0,11,DAVIS
722,110141,204.99999996020676,398.6023271230551,0.5142970474854249,1259.9999997554173,127.49999997525056,37.49999999272075,1094.9999997874459,1338.1495128588488,57.24999998888701,70.24999998636355,1.9999999996117734,35.49999999310898,124.49999997583289,377.49999992672224,134.2499999739403,458.7499999109505,1.2517799633769482,0.0,67.39812489937803,9.499608240676565,28499.0,0,0,2051,11,DAVIS
723,110142,1283.5000001806168,2687.335068138446,0.47761070638270464,260.5000000366581,79.25000001115222,0.0,181.25000002550587,376.3744683017442,1.000000000140722,78.25000001101151,0.0,0.0,11.500000001618304,65.75000000925247,10.000000001407221,94.00000001322788,0.0,0.0,55.87917781144904,59.99529045363707,49587.0,379,0,0,11,DAVIS
724,110143,1478.75,3453.364767999536,0.4282055616315938,653.5,170.0,33.75,449.75,850.1898151499576,102.25,67.75,1.75,32.0,49.5,24.5,75.25,300.5,3.00709839027364,0.0,124.43927339628368,69.24344336340029,80392.0,0,0,0,11,DAVIS
725,110144,212.0,753.6586509644158,0.28129445569120076,111.0,0.0,0.0,111.0,132.9174273595468,0.0,0.0,0.0,0.0,0.0,110.25,0.0,0.75,0.7511854925469393,0.0,11.167026792800783,9.999215074199068,122221.0,0,1165,0,11,DAVIS
726,110145,191.75,643.4303087505518,0.2980120727796467,88.75,0.0,0.0,88.75,109.70159171007244,0.0,0.0,0.0,0.0,0.0,88.25,0.25,0.25,2.254146093711149,0.0,9.698152049582143,8.99929356677916,86386.0,1004,0,0,11,DAVIS
727,110146,41.75,137.32366683429126,0.3040262539040689,0.0,0.0,0.0,0.0,19.195389703080338,0.0,0.0,0.0,0.0,0.0,0.0,0.0,0.0,1.0023661300912132,0.0,16.193180558149308,1.9998430148398136,86386.0,0,0,0,11,DAVIS
728,110147,274.25,933.6331878476414,0.29374491349460746,349.5,18.5,25.0,306.0,401.0813973382818,4.75,13.75,5.0,20.0,26.5,146.25,14.75,118.5,12.279871102465718,0.0,26.55250741164387,12.749018824172207,104511.0,742,262,0,11,DAVIS
729,110148,349.4999995365306,883.7723111150923,0.39546384870957535,1857.749997536451,76.4999998985539,1389.999998156731,391.2499994811662,1952.8147227096383,76.24999989888542,0.2499999996684768,478.7499993651331,911.2499987915979,115.99999984617324,6.24999999171192,73.49999990253218,195.49999974074885,2.0047322575239654,0.0,77.06124881816072,15.998744097502689,75567.0,0,0,0,11,DAVIS
730,110149,919.5,2529.7043971928188,0.3634812039779658,282.5,117.25,23.25,142.0,413.05570094409376,111.0,6.25,2.0,21.25,7.5,16.5,14.75,103.25,3.507692861346636,0.0,84.05138326369112,42.99662481905599,106475.0,0,0,0,11,DAVIS
731,110150,226.0,722.224510199213,0.31292208559587914,11.5,0.0,0.0,11.5,59.4751491343928,0.0,0.0,0.0,0.0,11.5,0.0,0.0,0.0,7.016562910638493,0.0,30.709489092628047,10.249097131126256,77899.0,0,0,0,11,DAVIS
732,110151,329.75,1058.9923377215473,0.31138091207483776,132.75,3.0,2.0,127.75,342.51593672743064,3.0,0.0,0.0,2.0,25.25,60.75,1.25,40.5,6.01419678054728,0.0,188.50287784793875,15.24886209894457,77899.0,0,0,0,11,DAVIS
733,110152,140.75,499.5424780615858,0.28175782076864286,261.5,26.0,34.0,201.5,387.9617693946497,23.75,2.25,2.0,32.0,20.25,28.0,13.25,140.0,7.271574060040755,0.0,112.1907447826696,6.999450551939347,104511.0,0,0,0,11,DAVIS
734,110153,274.25,976.3910965590272,0.28088129947774504,472.5,46.0,60.5,366.0,542.5815590593837,42.75,3.25,5.75,54.75,42.0,39.75,25.75,258.5,9.019225227199604,0.0,48.06335423572529,12.998979596458788,104511.0,0,0,0,11,DAVIS
735,110154,430.75,1573.8289025113108,0.27369557091794755,0.0,0.0,0.0,0.0,35.642873565903216,0.0,0.0,0.0,0.0,0.0,0.0,0.0,0.0,0.7520720124441544,0.0,14.892371405060928,19.998430148398132,104511.0,0,0,0,11,DAVIS
736,110155,271.49999721760605,685.130581102198,0.39627481929186803,10.499999892393605,0.0,3.2499999666932586,7.249999925700346,36.50416857468331,0.0,0.0,0.0,3.2499999666932586,4.749999951320916,0.0,0.24999999743794296,2.2499999769414867,2.5056236094041044,0.0,10.749447664009672,12.74909740887594,76322.0,0,0,0,11,DAVIS
737,110156,776.25,1945.7241780692752,0.398951716152423,787.0,49.0,78.5,659.5,963.0434747584036,26.75,22.25,46.5,32.0,52.25,109.0,119.0,379.25,0.0,0.0,139.79555315957796,36.24792159882552,57395.0,533,0,0,11,DAVIS
738,110157,164.75,291.6590979689571,0.5648718011791124,1173.25,378.0,67.0,728.25,1237.758951025464,222.25,155.75,4.0,63.0,76.25,27.0,129.5,495.5,0.0,0.0,56.50957896610486,7.9993720593592545,28499.0,0,0,0,11,DAVIS
739,110158,1521.25,3926.034535678332,0.38747748808000787,856.25,129.0,51.5,675.75,1025.1963793887548,79.25,49.75,11.25,40.25,89.5,49.0,139.5,397.75,1.0023661300912132,0.0,96.94958623185022,70.99442702681338,86529.0,0,0,0,11,DAVIS
740,110159,3.0,10.833878820049687,0.276909133822695,0.0,0.0,0.0,0.0,21.40282108054761,0.0,0.0,0.0,0.0,0.0,0.0,0.0,0.0,21.2991025654442,0.0,0.1037185151034128,0.0,86770.0,0,0,0,11,DAVIS
741,110160,175.0,569.8288678930701,0.3071097479618025,0.0,0.0,0.0,0.0,14.049618773725005,0.0,0.0,0.0,0.0,0.0,0.0,0.0,0.0,0.0,0.0,6.05024671436575,7.9993720593592545,136398.0,0,0,0,11,DAVIS
742,110161,353.0,1063.8710229185888,0.3318071386431707,1007.25,10.5,10.0,986.75,1071.2753811007171,8.5,2.0,1.25,8.75,24.75,4.75,886.75,70.5,0.0,0.0,47.02671547457865,16.998665626138415,71381.0,0,0,0,11,DAVIS
743,110162,669.0,2379.925094203304,0.2811012840822002,276.0,9.25,14.75,252.0,347.9253794977127,9.25,0.0,0.25,14.5,17.5,142.25,11.75,80.5,3.00709839027364,3.0,34.92071437742192,30.997566730017105,110061.0,905,1077,0,11,DAVIS
744,110163,929.25,2527.589032433357,0.3676428359500333,63.5,0.0,0.0,63.5,245.3394530649613,0.0,0.0,0.0,0.0,2.75,53.75,6.5,0.5,7.271270920434992,0.0,131.32151798636724,43.24666415815906,102528.0,697,0,0,11,DAVIS
745,110164,160.5,459.97870434732766,0.3489291971195415,7.5,2.0,3.0,2.5,23.3077939615338,2.0,0.0,0.0,3.0,1.5,0.0,0.0,1.0,0.0,0.0,8.058303959101732,7.749490002432064,95028.0,0,0,0,11,DAVIS
746,110165,138.0,504.1791541230513,0.27371222882078805,220.25,5.5,11.75,203.0,259.6369589345639,4.5,1.0,2.0,9.75,31.75,23.25,18.0,130.0,0.7511854925469393,0.0,32.63624439749755,5.999529044519441,104511.0,0,0,0,11,DAVIS
747,110166,754.5,1866.4724308881064,0.40423849155971364,1930.25,384.0,90.0,1456.25,2115.051684489323,315.75,68.25,11.75,78.25,183.0,231.5,338.75,703.0,0.0,0.0,149.8048250093375,34.99685947998559,42073.0,688,993,0,11,DAVIS
748,110167,431.5,1395.5163950261913,0.309204536426748,13.5,0.0,0.0,13.5,63.387339105645744,0.0,0.0,0.0,0.0,10.5,0.0,3.0,0.0,1.753551622638153,0.0,28.13535733460946,19.998430148398132,80137.0,0,0,0,11,DAVIS
749,110168,327.5,1123.8656726671811,0.2914049320705474,0.0,0.0,0.0,0.0,73.79748953479428,0.0,0.0,0.0,0.0,0.0,0.0,0.0,0.0,3.010345521840176,0.0,55.539147485877024,15.247996527077085,117985.0,0,0,0,11,DAVIS
750,110169,468.5,1521.15239604512,0.30799017982554816,662.75,369.25,32.75,260.75,723.858854743844,250.25,119.0,2.75,30.0,24.25,16.75,16.25,203.5,0.0,0.0,39.11058158060601,21.998273163237947,142343.0,0,0,0,11,DAVIS
751,110170,13.5,45.95468630470336,0.2937676455995807,1957.0,287.25,649.5,1020.25,2044.8770939361048,276.25,11.0,299.5,350.0,576.25,2.5,181.0,260.5,0.0,0.0,86.87717242868482,0.9999215074199068,126801.0,0,0,0,11,DAVIS
752,110171,56.25,139.73687161696824,0.4025422878664872,2870.75,362.75,225.5,2282.5,3089.185452848765,186.0,176.75,81.0,144.5,217.0,107.25,886.25,1072.0,1.0023661300912132,0.0,214.4333221964144,2.9997645222597207,42073.0,0,0,0,11,DAVIS
753,110172,1.0,2.7906071106261683,0.3583449623532335,0.0,0.0,0.0,0.0,10.058234139279936,0.0,0.0,0.0,0.0,0.0,0.0,0.0,0.0,10.023661300912131,0.0,0.0345728383678042,0.0,117985.0,0,0,0,11,DAVIS
754,110173,463.5,1873.8300463099165,0.247354343000721,116.0,6.75,8.0,101.25,162.29405838601653,6.75,0.0,0.25,7.75,15.75,45.25,5.0,35.25,4.009464520364853,0.0,20.286320702413747,21.998273163237947,117985.0,0,0,0,11,DAVIS
755,110174,511.0,1986.908379202529,0.25718347426019533,0.0,0.0,0.0,0.0,46.67168621735463,0.0,0.0,0.0,0.0,0.0,0.0,0.0,0.0,3.00709839027364,0.0,19.66647164900322,23.998116178077765,142343.0,0,0,0,11,DAVIS
756,110175,454.0,1573.353045520647,0.288555706738893,889.5,30.75,102.25,756.5,956.94508921943,27.5,3.25,4.75,97.5,35.5,117.5,112.5,491.0,0.0,0.0,46.44673756361175,20.99835165581804,126801.0,0,0,0,11,DAVIS
757,110176,709.0,1466.878103478034,0.4833394119926728,653.5,221.75,40.25,391.5,761.8292998903971,52.5,169.25,9.0,31.25,43.25,25.75,74.25,248.25,0.0,0.0,75.08200808861292,33.247291801784115,65523.0,0,0,0,11,DAVIS
758,110177,728.25,1737.25733546765,0.41919523672868153,1312.75,107.5,59.75,1145.5,1457.823797523059,59.75,47.75,7.0,52.75,111.5,330.5,101.0,602.5,0.0,0.0,111.32611233017414,33.74768519288491,64608.0,1332,0,0,11,DAVIS
759,110178,276.0,1116.6900384389858,0.24715900607998503,12.75,0.0,2.0,10.75,45.99843724676993,0.0,0.0,1.0,1.0,10.75,0.0,0.0,0.0,7.766268075634449,0.0,12.48318957467669,12.998979596458788,118349.0,0,0,0,11,DAVIS
760,110179,606.25,2156.2438548325526,0.2811602215775727,199.0,1.0,2.5,195.5,271.12369276166294,1.0,0.0,0.25,2.25,14.25,126.0,3.0,52.25,16.03785808145941,0.0,27.83815041551893,28.24768426468458,96452.0,601,1057,0,11,DAVIS
761,110180,324.75,1170.81128983812,0.2773717701722034,1301.75,4.25,7.25,1290.25,1376.737094602561,3.25,1.0,1.25,6.0,44.5,1037.25,66.5,142.0,2.0047322601824265,0.0,57.98353973107989,14.998822611298602,85057.0,5,29,2765,11,DAVIS
762,110181,396.0,1537.5107883232256,0.2575591683697183,384.0,4.0,8.0,372.0,436.2249478366479,3.0,1.0,1.5,6.5,36.75,230.25,12.0,93.0,4.009464520364853,0.0,29.71673878915916,18.498744527123847,141418.0,1239,946,0,11,DAVIS
763,110182,396.25,1541.1190377799358,0.2571183602863146,0.0,0.0,0.0,0.0,33.699971402058054,0.0,0.0,0.0,0.0,0.0,0.0,0.0,0.0,1.0023661300912132,0.0,14.199096742378265,18.49850852958858,126801.0,0,0,0,11,DAVIS
764,110183,1169.0,3406.3790388090947,0.3431796598914883,137.75,3.5,9.75,124.5,265.1916954115522,3.5,0.0,1.0,8.75,18.5,74.0,4.25,27.75,3.5059260573310844,0.0,69.44032240650824,54.49544694771286,105493.0,604,0,0,11,DAVIS
765,110184,338.25,1315.249992430783,0.2571754434112273,224.5,3.0,45.75,175.75,260.7074096815302,2.0,1.0,1.25,44.5,13.5,78.0,7.75,76.5,0.7511854925469393,0.0,19.45748007026472,15.998744118718507,126765.0,890,0,0,11,DAVIS
766,110185,189.75,433.7202908642224,0.43749394251744117,66.25,0.0,41.5,24.75,89.11214798701906,0.0,0.0,0.0,41.5,3.75,2.0,7.25,11.75,5.011830650456067,0.0,8.851023769783836,8.99929356677916,101962.0,0,0,0,11,DAVIS
767,110186,232.5,657.991571849011,0.3533479909881758,123.75,40.0,7.25,76.5,153.07910694876264,40.0,0.0,0.0,7.25,12.75,1.0,6.5,56.25,2.7556208489024816,0.0,15.574113520705914,10.999372579154244,97322.0,0,0,0,11,DAVIS
768,110187,538.5,1541.6873331123434,0.34929261493825825,18.75,0.0,10.75,8.0,77.26491522413158,0.0,0.0,10.75,0.0,2.0,0.0,3.0,3.0,0.0,0.0,33.51687753863392,24.998037685497668,113253.0,0,0,0,11,DAVIS
769,110188,592.0,1505.880741199095,0.3931254207611456,426.25,21.75,8.5,396.0,492.7013452069637,1.75,20.0,0.0,8.5,7.75,2.0,4.5,381.75,0.0,0.0,38.45354299920631,27.99780220775739,70939.0,0,0,0,11,DAVIS
770,110189,657.5,1884.514010823,0.34889631821461403,115.0,0.0,7.75,107.25,180.20528023788395,0.0,0.0,7.5,0.25,18.5,86.75,2.0,0.0,0.0,0.0,34.20771350786685,30.997566730017105,101843.0,0,0,0,11,DAVIS
771,110190,542.75,1720.0739519667727,0.31553875888848093,1661.0,114.75,85.25,1461.0,1765.4295449045555,94.25,20.5,7.75,77.5,212.5,49.5,237.0,962.0,0.0,0.0,79.43150721905785,24.998037685497668,96104.0,0,0,0,11,DAVIS
772,110191,291.5,966.7826450717956,0.3015155490077633,0.0,0.0,0.0,0.0,32.07666135762537,0.0,0.0,0.0,0.0,0.0,0.0,0.0,0.0,0.0,0.0,18.077760253746675,13.998901103878694,130258.0,0,0,0,11,DAVIS
773,110192,451.0,1430.6850920843049,0.3152335915816087,29.0,9.0,0.75,19.25,78.09351176483341,9.0,0.0,0.75,0.0,0.0,2.5,6.25,10.5,0.0,0.0,28.09516010901536,20.99835165581804,124352.0,0,0,0,11,DAVIS
774,110193,254.0,843.5575994592782,0.30110569825085376,1036.75,237.75,48.5,750.5,1095.1228409519374,186.5,51.25,2.75,45.75,77.5,22.75,176.75,473.5,1.0023661300912132,0.0,45.37141673280732,11.999058089038884,132619.0,0,0,0,11,DAVIS
775,110194,2923.25,6679.898720433819,0.43761891045709633,1328.75,366.0,38.75,924.0,1936.0805516501944,125.0,241.0,6.5,32.25,110.25,101.25,212.0,500.5,8.51775670778715,0.0,462.3205594332135,136.4922355091938,101962.0,0,0,0,11,DAVIS
776,110195,890.75,2061.3600519581782,0.4321176201866514,261.5,23.25,3.25,235.0,343.0878449599906,23.25,0.0,0.25,3.0,36.5,39.0,53.75,105.75,0.0,0.0,40.34094510131192,41.24689985867864,101962.0,0,0,0,11,DAVIS
777,110196,776.75,1843.495935310421,0.42134619617113794,1038.0,195.5,73.75,768.75,1143.1739528698818,101.75,93.75,23.5,50.25,78.25,89.0,171.25,430.25,0.5026581789154323,0.0,68.42565450067697,36.24564019028932,124658.0,675,0,0,11,DAVIS
778,110197,851.0,3703.662671190314,0.22977254559916455,14.75,0.0,13.75,1.0,99.18355242400304,0.0,0.0,9.75,4.0,1.0,0.0,0.0,0.0,1.754438142535368,0.0,42.93213604159858,39.74697823986908,101962.0,0,0,0,11,DAVIS
779,110198,272.0,851.0451308688658,0.31960702215910025,10.75,0.0,0.75,10.0,47.02247185517971,0.0,0.0,0.0,0.75,10.0,0.0,0.0,0.0,0.0,0.0,23.523767595359264,12.748704259820451,123921.0,0,0,0,11,DAVIS
780,110199,353.25,1149.3939976179154,0.30733586631920823,4059.75,1980.25,92.75,1986.75,4228.805295358379,1321.0,659.25,10.75,82.0,125.75,91.75,525.25,1244.0,0.0,0.0,152.55670855898967,16.498586799389376,101962.0,0,0,0,11,DAVIS
781,110200,11.25,32.9624637791508,0.3412973033622497,2360.0,13.25,2.25,2344.5,2442.4830430580723,13.25,0.0,0.5,1.75,17.75,40.0,4.75,2282.0,0.0,0.0,81.98304294668286,0.5000001113896484,124658.0,0,0,0,11,DAVIS
782,110201,309.75,918.556139818918,0.33721401074197094,50.0,0.0,16.0,34.0,96.18196214746264,0.0,0.0,14.75,1.25,2.0,5.75,1.5,24.75,0.2514775413711584,0.0,31.18178004925533,14.748704556836142,77668.0,0,0,0,11,DAVIS
783,110202,7.25,26.49844296226386,0.2736009813982144,92.25,7.0,8.0,77.25,111.47602743653532,6.0,1.0,1.25,6.75,4.5,9.0,2.25,61.5,15.786380540088254,0.0,3.43964689644708,0.0,101962.0,0,0,0,11,DAVIS
784,110203,356.25,1498.2118015468477,0.23778346935472353,361.75,24.75,26.5,310.5,420.3385236453145,22.75,2.0,2.5,24.0,17.25,75.25,11.75,206.25,5.763016143003006,0.0,36.07688121527615,16.748626287035346,101962.0,525,0,0,11,DAVIS
785,110204,961.5,2866.5475708167905,0.33542091182740474,18.0,0.0,0.0,18.0,350.3301686261992,0.0,0.0,0.0,0.0,0.0,18.0,0.0,0.0,8.770988581616104,0.0,278.56538660184884,44.99379344273426,101962.0,835,0,0,11,DAVIS
786,110205,327.99999986522283,1088.9969458802652,0.3011946003210245,889.9999996342937,1.999999999178188,32.74999998654283,855.2499996485726,957.3640819318058,1.999999999178188,0.0,1.999999999178188,30.749999987364642,36.749999984899205,739.7499996960323,11.749999995171855,66.9999999724693,3.507692859905304,0.0,48.35725215693536,15.49913728067132,101962.0,321,139,1879,11,DAVIS
787,110206,342.9999999683358,913.08356818983,0.3756501725776607,2113.999999804845,40.749999996238145,104.49999999035305,1968.749999818254,2223.6891755091087,29.499999997276696,11.249999998961451,77.74999999282248,26.749999997530562,135.9999999874451,799.7499999261707,239.24999997791355,793.7499999267246,0.0,0.0,93.94031364392603,15.748862060337455,90151.0,524,1242,0,11,DAVIS
788,110207,222.75,631.4552673474067,0.3527565791567782,231.0,4.0,25.0,202.0,263.4375217695878,3.0,1.0,0.0,25.0,3.75,120.5,45.75,32.0,0.0,0.0,22.18818864092628,10.249333128661526,101682.0,0,0,0,11,DAVIS
789,110208,497.0,1349.1046674768952,0.3683924694512345,3.0,0.0,0.0,3.0,48.03450588966901,0.0,0.0,0.0,0.0,0.0,2.75,0.25,0.0,0.0,0.0,22.03631121901116,22.998194670657856,92158.0,0,0,0,11,DAVIS
790,110209,348.75,982.84862303021,0.3548359247070751,31.5,0.0,4.0,27.5,111.14555010872738,0.0,0.0,0.0,4.0,2.75,4.0,1.25,19.5,0.0,0.0,63.64680599000887,15.998744118718507,101784.0,0,0,0,11,DAVIS
791,110210,0.0,0.0,0.0,144.0,8.0,51.75,84.25,155.99338839268714,6.75,1.25,5.5,46.25,2.75,0.0,7.25,74.25,7.016562910638493,0.0,4.976825482048649,0.0,80062.0,0,0,0,11,DAVIS
792,110211,40.75,105.8833459536464,0.38485750174384864,23.0,1.0,9.25,12.75,27.954427066700077,1.0,0.0,0.0,9.25,0.0,0.0,0.5,12.25,0.7508885887200548,0.0,2.2036954631402024,1.9998430148398136,80062.0,0,0,0,11,DAVIS
793,110212,621.25,1822.077648406284,0.340956929329213,2.0,0.0,0.0,2.0,99.04868207062918,0.0,0.0,0.0,0.0,0.0,0.0,2.0,0.0,1.0023661300912132,0.0,67.04859222536066,28.99772371517729,110490.0,0,0,0,11,DAVIS
794,110213,51.75,176.19070989470148,0.2937158266229124,186.5,5.25,58.0,123.25,247.34170768787757,3.5,1.75,37.5,20.5,10.0,27.75,3.75,81.75,50.12333291170051,0.0,8.218925078201597,2.499449697975413,80062.0,0,0,0,11,DAVIS
795,110214,403.0,1357.6190701257055,0.2968432079866742,45.0,0.0,0.25,44.75,88.99310420506094,0.0,0.0,0.25,0.0,0.0,44.25,0.25,0.25,1.5029606011642092,0.0,23.74167430202157,18.74846930187516,123864.0,504,0,0,11,DAVIS
796,110215,328.0,1012.455999637235,0.32396469586581844,0.0,0.0,0.0,0.0,30.095212744869304,0.0,0.0,0.0,0.0,0.0,0.0,0.0,0.0,2.0047322601824265,0.0,12.34161842289556,15.748862061791318,110490.0,0,0,0,11,DAVIS
797,110216,445.0,1076.414936076801,0.4134093508790273,0.0,0.0,0.0,0.0,39.13280806718178,0.0,0.0,0.0,0.0,0.0,0.0,0.0,0.0,0.0,0.0,18.134456411363743,20.99835165581804,107834.0,0,0,0,11,DAVIS
798,110217,394.0,947.297693834132,0.4159199400193914,56.0,0.0,0.0,56.0,89.55602810302469,0.0,0.0,0.0,0.0,0.0,55.75,0.0,0.25,0.0,0.0,15.557440969466365,17.99858713355832,107112.0,669,0,0,11,DAVIS
799,110218,505.75,1371.2894045953972,0.36881346731416115,41.5,11.0,5.75,24.75,84.41380234046723,11.0,0.0,3.0,2.75,1.0,3.0,3.75,17.0,0.0,0.0,19.415843555955,23.497958784512235,90058.0,0,0,0,11,DAVIS
800,110219,0.0,0.0,0.0,9.25,0.0,0.0,9.25,14.581864849064775,0.0,0.0,0.0,0.0,1.0,2.25,0.0,6.0,5.011830650456067,0.0,0.3200341986087118,0.0,80062.0,0,0,0,11,DAVIS
801,110220,62.75,210.71113011234556,0.29780106996029765,579.25,52.5,350.75,176.0,603.9505289914928,49.75,2.75,182.75,168.0,55.5,15.75,2.0,102.75,0.0,0.0,22.20084314743919,2.4996858440535834,80062.0,0,0,0,11,DAVIS
802,110221,262.75,611.2453387251285,0.4298601287463663,1327.25,254.5,15.5,1057.25,1394.4596099289254,21.75,232.75,2.0,13.5,244.0,20.25,159.0,634.0,0.0,0.0,54.96043378542416,12.24917614350134,77766.0,0,0,0,11,DAVIS
803,110222,569.0,1318.8151379424762,0.431447883505276,560.75,372.5,19.0,169.25,628.310560773597,236.25,136.25,2.0,17.0,22.0,4.5,4.5,138.25,0.0,0.0,41.062680184649146,26.49788058894784,77766.0,0,0,0,11,DAVIS
804,110223,263.0,605.6774702307343,0.4342245054943343,0.0,0.0,0.0,0.0,22.0916474664608,0.0,0.0,0.0,0.0,0.0,0.0,0.0,0.0,0.0,0.0,10.092589377421916,11.999058089038884,77766.0,0,0,0,11,DAVIS
805,110224,743.0,2245.7644900371656,0.33084502105904434,0.0,0.0,0.0,0.0,68.18268039480895,0.0,0.0,0.0,0.0,0.0,0.0,0.0,0.0,0.0,0.0,33.43554568957468,34.74713470523428,102651.0,0,0,0,11,DAVIS
806,110225,589.5,1708.8772214211408,0.3449633435395426,1625.75,130.5,224.25,1271.0,1730.8266634569488,106.5,24.0,152.5,71.75,368.0,26.0,97.25,779.75,1.0023661300912132,0.0,76.57688851020123,27.497408816656595,80062.0,0,0,0,11,DAVIS
807,110226,75.0,203.6997643253785,0.36818893850166284,2926.75,1020.25,145.25,1761.25,3034.0206500041145,790.25,230.0,28.25,117.0,241.0,140.25,116.25,1263.75,0.0,0.0,103.77088537046548,3.499764633649369,55206.0,0,0,0,11,DAVIS
808,110227,632.25,1667.2154689753204,0.3792251282244785,1432.0,700.75,64.0,667.25,1544.8630960542955,482.0,218.75,8.5,55.5,69.0,53.0,92.25,453.0,0.0,0.0,83.36545094308792,29.497645111207557,55206.0,0,0,0,11,DAVIS
809,110228,318.25,847.1512310205427,0.37567082280764896,388.25,63.75,32.25,292.25,433.4285608110278,29.0,34.75,3.0,29.25,37.0,99.0,56.25,100.0,0.0,0.0,30.17973819972921,14.998822611298602,55206.0,385,0,0,11,DAVIS
810,110229,317.25,760.200865990434,0.4173239129196048,540.5,132.75,49.25,358.5,586.1509217989358,121.5,11.25,4.75,44.5,44.5,44.75,21.5,247.75,0.0,0.0,30.652099187637145,14.998822611298602,70467.0,0,0,0,11,DAVIS
811,110230,447.25,1052.6986082432377,0.424860445808301,0.0,0.0,0.0,0.0,37.71149696488943,0.0,0.0,0.0,0.0,0.0,0.0,0.0,0.0,0.0,0.0,16.713145309071386,20.99835165581804,70467.0,0,0,0,11,DAVIS
812,110231,299.25,707.7345344802164,0.4228280314451224,118.5,1.0,1.0,116.5,146.94038632144253,0.0,1.0,0.0,1.0,0.0,116.25,0.25,0.0,0.0,0.0,14.441485217563844,13.998901103878694,70467.0,409,1011,0,11,DAVIS
813,110232,46.5,155.72053153885355,0.29861187564979425,21.5,0.0,1.0,20.5,37.85181028589135,0.0,0.0,0.0,1.0,0.75,2.0,1.0,16.75,1.503257504991094,0.0,12.598670426957376,2.249882353942882,80062.0,0,0,0,11,DAVIS
814,110233,234.25,631.0920413529674,0.3711819903445508,12.75,0.0,3.75,9.0,34.292464831343395,0.0,0.0,3.75,0.0,0.0,0.0,9.0,0.0,2.0047322601824265,0.0,8.538595989541996,10.999136581618972,80062.0,0,0,0,11,DAVIS
815,110234,443.75,1174.5409059410522,0.3778071906695014,3.5,0.25,2.25,1.0,42.9616581827334,0.0,0.25,0.25,2.0,0.0,0.0,0.0,1.0,0.0,0.0,18.46330652691536,20.99835165581804,80062.0,0,0,0,11,DAVIS
816,110235,2.0,4.685910665939252,0.426811380451086,107.25,0.25,55.0,52.0,112.02968416548036,0.25,0.0,0.0,55.0,1.75,0.75,0.25,49.25,1.0023661300912132,0.0,3.7773180353891407,0.0,86612.0,0,0,0,11,DAVIS
817,110236,100.0,261.1563486064006,0.38291238384066273,87.5,15.25,11.5,60.75,119.7603621317626,11.0,4.25,1.5,10.0,8.0,7.0,3.5,42.25,11.026027431003346,0.0,16.734648559689994,4.499686141069276,86612.0,0,0,0,11,DAVIS
818,110237,394.25,1221.9564510598293,0.32263833924528035,25.0,0.0,3.0,22.0,57.74167177930852,0.0,0.0,0.0,3.0,0.0,0.0,0.0,22.0,0.0,0.0,14.493202588823006,18.248469190485512,98096.0,0,0,0,11,DAVIS
819,110238,498.25,1549.3363622344218,0.32158930245555833,148.75,2.0,2.0,144.75,194.3661392538468,1.0,1.0,1.0,1.0,11.0,96.75,4.75,32.25,0.0,0.0,22.36806252626173,23.248076727585044,98096.0,663,0,0,11,DAVIS
820,110239,8.75,24.42135475109262,0.3582929812527506,28.5,17.5,6.5,4.5,37.80545829404512,1.0,16.5,1.5,5.0,0.0,0.0,0.5,4.0,7.767748403185433,0.0,1.28782783393249,0.2498820569271898,86612.0,0,0,0,11,DAVIS
821,110240,147.25,412.0677080844624,0.3573441866738508,198.5,70.75,35.75,92.0,278.94556029862315,42.25,28.5,5.0,30.75,13.25,13.25,4.75,60.75,4.009464520364853,0.0,69.43766778327652,6.998427994981783,86612.0,0,0,0,11,DAVIS
822,110241,75.5,193.9033735834396,0.38936919252470453,111.25,65.0,11.25,35.0,129.95985751135964,4.0,61.0,1.0,10.25,4.75,0.0,1.75,28.5,0.0,9.0,6.459974934637471,3.249882576722179,86612.0,0,0,0,11,DAVIS
823,110242,104.0,268.73585417760745,0.3869971140183864,181.0,59.0,16.5,105.5,195.8544684374684,17.5,41.5,7.25,9.25,30.75,3.25,11.25,60.25,0.0,0.0,9.854860900368832,4.999607537099534,86612.0,0,0,0,11,DAVIS
824,110243,0.0,0.0,0.0,2772.0,1349.75,148.75,1273.5,2867.8343096374715,927.0,422.75,42.5,106.25,180.75,109.0,87.0,896.75,0.0,0.0,95.8343096374714,0.0,65803.0,0,0,0,11,DAVIS
825,110244,793.75,1861.4042649498745,0.4264253687102059,1780.75,328.0,120.25,1332.5,1908.7562000757327,212.0,116.0,48.25,72.0,177.25,191.5,216.0,747.75,0.0,0.0,90.75922224426913,37.24697783146374,65836.0,432,0,0,11,DAVIS
826,110245,810.9999996960042,2032.4165340619968,0.3990323765351072,1865.4999993007348,107.49999995970464,38.24999998566235,1719.749999355368,1996.0322466448788,61.4999999769473,45.99999998275733,10.499999996064174,27.749999989598173,160.2499999399318,275.2499998968251,395.49999985175054,888.7499996668604,0.0,0.0,92.53523007643034,37.99701726771364,64732.0,0,641,1455,11,DAVIS
827,110246,630.0,1852.312959048156,0.34011531200631273,1488.75,273.25,82.75,1132.75,1594.7413860655004,176.5,96.75,16.0,66.75,95.0,174.75,132.5,730.5,0.0,0.0,76.49374095429292,29.497645111207557,56288.0,420,0,0,11,DAVIS
828,110247,730.25,2141.6889961193697,0.34096920763153543,0.0,0.0,0.0,0.0,62.509119201957525,0.0,0.0,0.0,0.0,0.0,0.0,0.0,0.0,0.7508885887200548,0.0,27.7604273658901,33.99780324734737,86966.0,0,0,0,11,DAVIS
829,110248,375.75,1117.5135372286336,0.3362375376067814,0.0,0.0,0.0,0.0,32.238806646300645,0.0,0.0,0.0,0.0,0.0,0.0,0.0,0.0,0.0,0.0,14.740140908772585,17.498665737528064,98520.0,0,0,0,11,DAVIS
830,110249,770.25,2231.8312565317524,0.34512017776691695,1618.75,497.25,81.0,1040.5,1738.3422388126137,284.75,212.5,14.5,66.5,222.25,97.5,127.75,593.0,0.0,0.0,83.595064545497,35.99717426711664,54513.0,0,0,0,11,DAVIS
831,110250,469.0,1384.6690736272546,0.33870908864268623,1916.5,373.5,128.75,1414.25,2111.9714542240467,228.0,145.5,27.0,101.75,164.25,314.5,217.75,717.75,0.0,24.0,149.7232991152715,21.74815510877549,56066.0,0,0,0,11,DAVIS
832,110251,644.7499923805727,1998.4469319777959,0.32262552588398496,2060.249975652695,229.49999728785025,117.99999860551777,1712.7499797593268,2213.022268993139,183.24999783441638,46.24999945343387,42.99999949184122,74.99999911367655,139.2499983543928,125.74999851393102,618.4999926907859,829.2499902002171,0.0,0.0,122.77441247481559,29.99788086562813,56292.0,0,0,0,11,DAVIS
833,110252,439.7500105738259,1371.5164389368858,0.3206305065615493,3130.000075261114,169.25000406963053,74.75000179737006,2886.0000693941133,3274.234540822516,163.75000393738256,5.500000132247964,25.00000060112711,49.75000119624295,248.0000059631809,142.000003414402,1647.7500396202877,848.2500203962428,0.0,0.0,123.4862316096962,20.748233951705704,55977.0,0,0,0,11,DAVIS
834,110253,347.5,999.9516069431176,0.3475168174011121,60.75,0.0,0.0,60.75,91.1136895234993,0.0,0.0,0.0,0.0,0.0,60.25,0.0,0.5,0.0,0.0,14.364945404780803,15.998744118718507,98019.0,503,0,0,11,DAVIS
835,110254,568.5,1995.3887111393608,0.2849068939932953,94.25,1.0,6.0,87.25,146.41028628143226,0.0,1.0,0.0,6.0,17.75,50.5,3.25,15.75,0.0,0.0,25.41252363555721,26.747762645875028,109178.0,476,0,0,11,DAVIS
836,110255,262.5,680.1536275933433,0.38594221856734107,1321.0,624.75,103.0,593.25,1387.750702365149,194.0,430.75,11.0,92.0,86.0,63.0,40.5,403.75,0.0,0.0,54.75164427611,11.999058089038884,64364.0,0,0,0,11,DAVIS
837,110256,349.25,757.7341682213538,0.46091362201575553,2138.5,662.5,101.75,1374.25,2240.7554834052085,542.75,119.75,24.5,77.25,102.75,116.75,206.5,948.25,0.0,0.0,86.00685722956254,16.248626175645697,52737.0,0,0,0,11,DAVIS
838,110257,518.5000077241306,1158.1909145021227,0.447680948997101,466.50000694948295,40.25000059960705,15.000000223456043,411.25000612641986,524.5539702912414,22.500000335184065,17.750000264422987,4.000000059588278,11.000000163867766,48.50000072250788,192.25000286396164,59.25000088265137,111.250001657299,0.0,0.0,34.055846806179126,23.99811653557937,49784.0,0,690,0,11,DAVIS
839,110258,315.74997755466205,632.0152760026535,0.4995923192738404,121.74999134530516,0.0,0.0,121.74999134530516,151.8746507315511,0.0,0.0,0.0,0.0,0.0,121.4999913630766,0.0,0.2499999822285527,0.0,0.0,15.125837841150453,14.998821545095458,116123.0,0,0,1440,11,DAVIS
840,110259,474.5,1365.9982343292772,0.34736501708070333,172.75,12.5,22.5,137.75,217.12710299889787,12.5,0.0,3.0,19.5,15.25,53.75,19.75,49.0,0.0,0.0,22.37882983565993,21.998273163237947,67763.0,526,0,0,11,DAVIS
841,110260,367.5,1077.0283518319427,0.34121664427395126,113.25,37.25,1.0,75.0,146.87047993236186,37.25,0.0,0.0,1.0,1.75,65.25,1.0,7.0,0.0,0.0,16.621814306223445,16.998665626138415,96735.0,482,0,0,11,DAVIS
842,110261,504.5,1332.656156017349,0.37856726787478423,25.75,4.0,3.75,18.0,70.08059916631251,0.0,4.0,3.75,0.0,6.75,0.0,6.25,5.0,0.0,0.0,20.332482988234744,23.998116178077765,126876.0,0,0,0,11,DAVIS
843,110262,177.0,505.7897140123861,0.349947804584388,0.0,0.0,0.0,0.0,14.864370663600752,0.0,0.0,0.0,0.0,0.0,0.0,0.0,0.0,0.0,0.0,6.614959265138428,8.249411398462323,130534.0,0,0,0,11,DAVIS
844,110263,483.0,1056.4440849014518,0.45719409754190227,851.25,277.5,39.75,534.0,923.127770953968,190.0,87.5,5.5,34.25,21.25,96.5,91.25,325.0,0.0,0.0,49.37973367687568,22.49803727709233,70250.0,0,1060,0,11,DAVIS
845,110264,253.75,631.1032517266217,0.4020736690957793,987.75,156.25,30.25,801.25,1048.9345558386815,153.0,3.25,9.0,21.25,111.75,36.75,347.5,305.25,0.0,0.0,49.43522252439424,11.74933331428757,70250.0,0,0,0,11,DAVIS
846,110265,431.5,1098.0539246216056,0.39296795022949066,305.75,149.25,53.25,103.25,355.9907608847886,127.25,22.0,2.75,50.5,7.75,10.25,7.0,78.25,1.0023661300912132,0.0,28.99008254937205,20.248312205325327,61472.0,0,0,0,11,DAVIS
847,110266,554.5,1763.830670492545,0.3143725808130762,701.5,161.25,59.5,480.75,770.9197408178768,134.0,27.25,12.0,47.5,61.5,40.75,33.5,345.0,0.0,0.0,43.42178162495915,25.997959192917577,75541.0,0,0,0,11,DAVIS
848,110267,957.25,2771.358816648517,0.3454081782010565,0.0,0.0,0.0,0.0,78.09155280518299,0.0,0.0,0.0,0.0,0.0,0.0,0.0,0.0,0.0,0.0,33.09508497128718,44.99646783389581,98234.0,0,0,0,11,DAVIS
849,110268,201.75000000000054,591.4355445498805,0.34111916650789886,84.00000000000023,0.0,0.0,84.00000000000023,102.88362151763067,0.0,0.0,0.0,0.0,0.0,83.50000000000023,0.25000000000000067,0.25000000000000067,0.0,0.0,9.88424923549188,8.999372282138575,114098.0,0,1130,0,11,DAVIS
850,110269,355.75,1113.8494144075462,0.3193878772106933,67.75,0.0,0.0,67.75,101.3896509954367,0.0,0.0,0.0,0.0,0.0,67.0,0.25,0.5,0.0,0.0,16.640985369298285,16.998665626138415,82709.0,493,0,0,11,DAVIS
851,110270,208.0,649.3846527693504,0.3203032272366896,3.0,0.0,0.0,3.0,20.29408396980577,0.0,0.0,0.0,0.0,0.0,0.0,3.0,0.0,0.0,0.0,7.294868895606704,9.999215074199068,78307.0,0,0,0,11,DAVIS
852,110271,518.25,1596.8669213495791,0.32454175928574264,164.75,1.0,4.0,159.75,212.3611897050865,1.0,0.0,1.0,3.0,14.5,78.0,3.5,63.75,0.0,0.0,23.61307352700873,23.998116178077765,90295.0,723,0,0,11,DAVIS
853,110272,383.25,1093.2377539028112,0.3505641829801561,0.0,0.0,0.0,0.0,32.24967375942991,0.0,0.0,0.0,0.0,0.0,0.0,0.0,0.0,0.0,0.0,14.501361962509922,17.748311796919985,130534.0,0,0,0,11,DAVIS
854,110273,311.0,761.1136735983719,0.4086117629836591,99.5,11.25,3.25,85.0,128.69160486653928,11.25,0.0,0.25,3.0,38.0,5.25,4.75,37.0,0.0,0.0,14.192782255240674,14.998822611298602,57827.0,0,0,0,11,DAVIS
855,110274,366.75,963.9195923491092,0.3804777939062491,454.75,211.0,25.0,218.75,500.149936110288,113.5,97.5,11.25,13.75,30.25,10.0,11.5,167.0,0.0,0.0,28.401270484149585,16.998665626138415,70250.0,0,0,0,11,DAVIS
856,110275,524.75,1446.4653393393305,0.36278090164239835,309.75,36.25,27.5,246.0,362.8491679032901,29.75,6.5,6.75,20.75,21.5,36.75,15.5,172.25,0.0,0.0,28.851169668285166,24.247998235004957,80298.0,0,0,0,11,DAVIS
857,110276,693.25,2168.9344700615584,0.3196269917644512,0.0,0.0,0.0,0.0,55.96527676631325,0.0,0.0,0.0,0.0,0.0,0.0,0.0,0.0,0.0,0.0,23.967788528876238,31.997488237437015,109542.0,0,0,0,11,DAVIS
858,110277,426.0,1462.557414735424,0.2912706165980248,4.75,0.0,0.0,4.75,39.63853712546835,0.0,0.0,0.0,0.0,0.0,4.75,0.0,0.0,0.0,0.0,14.890500256781364,19.998036868686988,153361.0,0,0,0,11,DAVIS
859,110278,0.0,0.0,0.0,0.0,0.0,0.0,0.0,4.009464520364853,0.0,0.0,0.0,0.0,0.0,0.0,0.0,0.0,4.009464520364853,0.0,0.0,0.0,86612.0,0,0,0,11,DAVIS
860,110279,97.0,253.2308623641188,0.38304967686175795,64.5,1.25,2.25,61.0,78.09093896813138,1.25,0.0,1.0,1.25,25.75,18.5,1.0,15.75,3.00709839027364,0.0,5.584233040758205,4.999607537099534,86612.0,0,0,0,11,DAVIS
861,110280,300.25,931.445021398027,0.32234860147660455,40.25,0.25,39.75,0.25,169.91640242606218,0.0,0.25,0.0,39.75,0.0,0.0,0.25,0.0,2.757684556744917,0.0,112.65623686913489,14.252481000182405,86612.0,0,0,0,11,DAVIS
862,110281,294.0,961.8964522635606,0.3056462047532781,477.0,280.75,89.75,106.5,530.6835516162979,129.25,151.5,22.0,67.75,9.25,7.5,11.0,78.75,13.030759691185771,0.0,26.653890821233485,13.998901103878694,91485.0,0,0,0,11,DAVIS
863,110282,250.0,791.6586509644158,0.31579267111582066,355.75,158.5,151.75,45.5,389.6944056258251,7.75,150.75,69.5,82.25,2.5,1.75,5.25,36.0,1.0023661300912132,0.0,20.94298140669499,11.999058089038884,75093.0,0,0,0,11,DAVIS
864,110283,374.0,967.3608254823648,0.38661892248273405,922.5,94.25,401.75,426.5,984.320230300026,54.25,40.0,373.75,28.0,152.5,78.25,35.25,160.5,0.0,0.0,44.82156467388767,16.998665626138415,54577.0,561,0,0,11,DAVIS
865,110284,194.0,316.88035322993335,0.6122184541344239,2739.5,527.25,160.25,2052.0,2849.9156915370395,342.25,185.0,26.5,133.75,423.5,50.25,583.75,994.5,0.0,0.0,101.41639797026006,8.99929356677916,44001.0,0,0,0,11,DAVIS
866,110285,601.0,1733.558997471051,0.3466856339338611,428.75,12.5,321.75,94.5,492.3490419073232,4.0,8.5,183.75,138.0,8.0,0.5,1.25,84.75,0.0,0.0,35.60123969956581,27.99780220775739,86612.0,582,0,0,11,DAVIS
867,110286,3.0,11.057731997817756,0.27130337401847415,1650.5,374.5,644.5,631.5,1708.662156357226,135.5,239.0,178.75,465.75,78.25,15.5,146.0,391.75,1.0023661300912132,0.0,57.15979022713479,0.0,91485.0,0,0,0,11,DAVIS
868,110287,820.0,2836.223606565065,0.28911683765057494,765.75,69.75,129.5,566.5,858.570976150251,25.5,44.25,25.5,104.0,57.0,186.0,21.25,302.25,0.0,0.0,54.8239588682945,37.99701728195646,91485.0,0,0,0,11,DAVIS
869,110288,13.5,42.5970948460451,0.31692302136546757,383.75,75.25,224.0,84.5,398.4838865326312,18.75,56.5,135.5,88.5,10.5,7.5,10.25,56.25,0.0,0.0,13.733965025211262,0.9999215074199068,75093.0,0,0,0,11,DAVIS
870,110289,324.0,1023.2320766995184,0.31664370906459144,289.0,57.75,77.25,154.0,325.19053178306194,42.25,15.5,21.25,56.0,30.5,20.0,13.25,90.25,0.0,0.0,21.19170917176339,14.998822611298602,75093.0,0,0,0,11,DAVIS
871,110290,332.75,949.6138582186796,0.3504055855126047,388.0,121.75,27.25,239.0,428.915901490678,55.25,66.5,5.0,22.25,27.0,73.5,15.25,123.25,0.0,0.0,24.91715737195948,15.998744118718507,66963.0,0,0,0,11,DAVIS
872,110291,99.0,166.37103882942978,0.5950554898049218,1596.5,923.0,56.25,617.25,1659.3695349597667,652.75,270.25,26.75,29.5,100.25,139.75,78.25,299.0,0.0,0.0,58.61973087562444,4.249804084142086,44001.0,0,0,1512,11,DAVIS
873,110292,318.75,827.9527570726378,0.3849857341220684,76.25,25.5,5.5,45.25,104.90495297452752,19.0,6.5,1.0,4.5,2.0,0.5,2.25,40.5,0.0,0.0,13.65613036322891,14.998822611298602,64364.0,0,0,0,11,DAVIS
874,110293,1184.0,3416.8870669508315,0.3465142326335591,82.25,5.5,6.5,70.25,181.02360569277204,1.75,3.75,0.5,6.0,7.75,1.5,4.0,57.0,0.0,0.0,43.77792278467716,54.99568290809487,85933.0,0,0,0,11,DAVIS
875,110294,0.0,0.0,0.0,0.0,0.0,0.0,0.0,0.0,0.0,0.0,0.0,0.0,0.0,0.0,0.0,0.0,0.0,0.0,0.0,0.0,86612.0,0,0,0,11,DAVIS
876,110295,1500.25,4387.606327573438,0.3419290355590567,3526.0,522.25,766.25,2237.5,3769.758462170031,438.0,84.25,292.5,473.75,262.25,812.75,195.75,966.75,0.0,0.0,173.76395665063728,69.99450551939347,69182.0,1258,0,0,11,DAVIS
877,110296,0.0,0.0,0.0,2453.5,417.75,1305.25,730.5,2544.324076316588,356.0,61.75,529.25,776.0,104.75,102.5,50.25,473.0,0.0,6.0,84.82407631658808,0.0,69182.0,0,0,0,11,DAVIS
878,110297,0.0,0.0,0.0,1272.5,5.0,1140.25,127.25,1316.495402738223,2.75,2.25,113.5,1026.75,2.75,3.75,4.25,116.5,0.0,0.0,43.99540273822308,0.0,69182.0,0,0,0,11,DAVIS
879,110298,138.0,275.8767475182149,0.5002233832370685,1006.25,76.25,606.75,323.25,1171.8084771455046,48.0,28.25,392.25,214.5,28.75,53.25,15.0,226.25,0.0,120.0,39.55894810098511,5.999529044519441,69182.0,0,0,0,11,DAVIS
880,110299,449.5,904.0893792686358,0.49718535612443937,1150.0,391.75,84.25,674.0,1226.2942308985464,218.0,173.75,43.25,41.0,107.0,36.0,75.0,456.0,0.0,0.0,55.29587924272842,20.99835165581804,69182.0,0,0,0,11,DAVIS
881,110300,0.0,0.0,0.0,2147.75,177.0,918.0,1052.75,2222.002116257762,135.0,42.0,572.0,346.0,81.25,12.75,10.25,948.5,0.0,0.0,74.2521162577618,0.0,69182.0,0,0,0,11,DAVIS
882,110301,0.0,0.0,0.0,590.75,2.25,327.5,261.0,611.1728941010318,2.25,0.0,176.5,151.0,7.25,8.0,0.0,245.75,0.0,0.0,20.422894101031797,0.0,69182.0,0,0,0,11,DAVIS
883,110302,626.0,1884.5732544479904,0.3321706909097367,321.25,82.75,23.75,214.75,382.9967841288287,59.25,23.5,5.0,18.75,51.5,17.25,20.5,125.5,0.0,0.0,32.74906041365143,28.99772371517729,58205.0,0,0,0,11,DAVIS
884,110303,600.75,1475.4633413805388,0.40716023445075866,212.0,14.25,14.25,183.5,268.34692734325967,14.25,0.0,11.0,3.25,52.25,87.25,7.0,37.0,0.0,0.0,28.099243078575096,28.24768426468458,46701.0,727,0,0,11,DAVIS
885,110304,232.0,566.6196765093254,0.40944571750356745,303.25,44.0,20.75,238.5,332.754671241267,43.5,0.5,8.0,12.75,14.5,79.5,12.25,132.25,0.0,0.0,18.505534659647974,10.999136581618972,46701.0,470,0,0,11,DAVIS
886,110305,400.25,1118.9547608822318,0.3576998945734194,5.75,0.0,0.0,5.75,38.7847447222612,0.0,0.0,0.0,0.0,3.75,0.0,0.0,2.0,0.0,0.0,14.036236081282974,18.99850864097823,106785.0,0,0,0,11,DAVIS
887,110306,336.5,930.9810760345604,0.3614466595103038,0.0,0.0,0.0,0.0,27.63226167322619,0.0,0.0,0.0,0.0,0.0,0.0,0.0,0.0,0.0,0.0,11.63351755450768,15.998744118718507,152415.0,0,0,0,11,DAVIS
888,110307,0.0,0.0,0.0,717.0,70.5,212.5,434.0,741.7872777965824,56.25,14.25,95.75,116.75,98.25,117.75,26.25,191.75,0.0,0.0,24.787277796582472,0.0,69182.0,812,305,0,11,DAVIS
889,110308,0.0,0.0,0.0,246.25,0.25,244.5,1.5,254.7636013877865,0.0,0.25,1.0,243.5,1.5,0.0,0.0,0.0,0.0,0.0,8.513601387786546,0.0,69182.0,0,0,0,11,DAVIS
890,110309,0.0,0.0,0.0,714.0,60.0,506.0,148.0,738.6849066541389,60.0,0.0,341.0,165.0,2.75,0.25,0.5,144.5,0.0,0.0,24.68490665413885,0.0,69182.0,0,0,0,11,DAVIS
891,110310,587.5,1326.78266319314,0.44280047991136395,380.0,74.0,28.0,278.0,461.46511312561546,56.25,17.75,15.75,12.25,17.75,91.0,15.0,154.25,0.0,0.0,53.717035692609365,27.74807743300608,59059.0,0,0,0,11,DAVIS
892,110311,683.75,1691.6378773704607,0.40419407081546566,104.75,1.0,3.25,100.5,164.00780836792862,1.0,0.0,0.25,3.0,34.0,2.0,1.25,63.25,0.0,0.0,27.26032013049162,31.997488237437015,128611.0,0,0,0,11,DAVIS
893,110312,0.0,0.0,0.0,952.0,109.75,496.5,345.75,984.9129598720762,71.0,38.75,387.25,109.25,63.25,52.0,43.25,187.25,0.0,0.0,32.91295987207619,0.0,69182.0,0,0,0,11,DAVIS
894,110313,1051.75,2910.401462244284,0.36137626153780483,45.0,10.0,4.5,30.5,218.91302673345731,10.0,0.0,3.5,1.0,0.0,0.0,0.5,30.0,0.0,87.0,37.916872869881885,48.99615386357543,98984.0,0,0,0,11,DAVIS
895,110314,284.75,788.5854148674077,0.3610896101189973,66.75,4.75,4.25,57.75,92.40312366298171,4.75,0.0,3.25,1.0,0.75,1.0,1.0,55.0,0.0,0.0,12.154143955133293,13.498979707848436,153599.0,0,0,0,11,DAVIS
896,110315,282.0,964.87862116524,0.2922647406773729,84.75,0.0,0.0,84.75,117.92103748070372,0.0,0.0,0.0,0.0,13.25,0.25,0.25,71.0,0.0,0.0,20.17197931742845,12.999058163275276,153518.0,0,0,0,11,DAVIS
897,110316,0.0,0.0,0.0,0.0,0.0,0.0,0.0,0.0,0.0,0.0,0.0,0.0,0.0,0.0,0.0,0.0,0.0,0.0,0.0,0.0,65562.0,0,0,0,11,DAVIS
898,110317,0.0,0.0,0.0,0.0,0.0,0.0,0.0,4.258878353858153,0.0,0.0,0.0,0.0,0.0,0.0,0.0,0.0,4.258878353858153,0.0,0.0,0.0,91175.0,0,0,0,11,DAVIS
899,110318,0.0,0.0,0.0,0.0,0.0,0.0,0.0,16.788746670179467,0.0,0.0,0.0,0.0,0.0,0.0,0.0,0.0,16.788746670179467,0.0,0.0,0.0,77899.0,0,0,0,11,DAVIS
900,110319,0.0,0.0,0.0,5.0,0.0,0.0,5.0,5.0,0.0,0.0,0.0,0.0,0.0,5.0,0.0,0.0,0.0,0.0,0.0,0.0,77899.0,0,0,0,11,DAVIS
901,110320,0.0,0.0,0.0,0.0,0.0,0.0,0.0,0.0,0.0,0.0,0.0,0.0,0.0,0.0,0.0,0.0,0.0,0.0,0.0,0.0,101962.0,0,0,0,11,DAVIS
902,110321,0.0,0.0,0.0,0.0,0.0,0.0,0.0,0.0,0.0,0.0,0.0,0.0,0.0,0.0,0.0,0.0,0.0,0.0,0.0,0.0,86612.0,0,0,0,11,DAVIS
903,110322,6.999999990979051,19.3102713925404,0.3625013780843684,0.0,0.0,0.0,0.0,0.24200986826275006,0.0,0.0,0.0,0.0,0.0,0.0,0.0,0.0,0.0,0.0,0.24200986826275006,0.0,92898.0,0,0,0,11,DAVIS
904,110323,15.0,41.85910665939252,0.3583449623532335,0.0,0.0,0.0,0.0,1.5185140829369712,0.0,0.0,0.0,0.0,0.0,0.0,0.0,0.0,0.0,0.0,0.5185925755170643,0.9999215074199068,91692.0,0,0,0,11,DAVIS
905,110324,1.0,4.581098666981766,0.21828824757857596,0.0,0.0,0.0,0.0,0.0345728383678042,0.0,0.0,0.0,0.0,0.0,0.0,0.0,0.0,0.0,0.0,0.0345728383678042,0.0,130534.0,0,0,0,11,DAVIS
906,350001,0.0,0.0,0.0,0.0,0.0,0.0,0.0,0.0,0.0,0.0,0.0,0.0,0.0,0.0,0.0,0.0,0.0,0.0,0.0,0.0,45129.0,0,0,0,35,SALT LAKE
907,350002,0.0,0.0,0.0,1070.25,25.0,633.25,412.0,1112.050293108186,4.75,20.25,539.0,94.25,7.0,323.25,0.0,81.75,0.0,0.0,41.80029310818602,0.0,45129.0,0,0,0,35,SALT LAKE
908,350003,0.0,0.0,0.0,252.25,7.0,155.75,89.5,262.10296889901235,0.0,7.0,155.75,0.0,0.0,89.5,0.0,0.0,0.0,0.0,9.852968899012376,0.0,45129.0,0,0,0,35,SALT LAKE
909,350004,0.0,0.0,0.0,88.25,2.75,55.25,30.25,91.69712502087856,0.0,2.75,55.25,0.0,0.0,30.25,0.0,0.0,0.0,0.0,3.44712502087857,0.0,45129.0,0,0,0,35,SALT LAKE
910,350005,0.0,0.0,0.0,0.0,0.0,0.0,0.0,0.0,0.0,0.0,0.0,0.0,0.0,0.0,0.0,0.0,0.0,0.0,0.0,0.0,79063.0,0,0,0,35,SALT LAKE
911,350006,0.0,0.0,0.0,913.25,21.25,547.75,344.25,948.919255665501,0.0,21.25,547.75,0.0,0.0,344.25,0.0,0.0,0.0,0.0,35.66925566550106,0.0,79063.0,0,0,0,35,SALT LAKE
912,350007,0.0,0.0,0.0,0.0,0.0,0.0,0.0,0.0,0.0,0.0,0.0,0.0,0.0,0.0,0.0,0.0,0.0,0.0,0.0,0.0,79063.0,0,0,0,35,SALT LAKE
913,350008,0.0,0.0,0.0,0.0,0.0,0.0,0.0,0.0,0.0,0.0,0.0,0.0,0.0,0.0,0.0,0.0,0.0,0.0,0.0,0.0,79063.0,0,0,0,35,SALT LAKE
914,350009,0.0,0.0,0.0,13.0,0.0,12.75,0.25,13.507761608485051,0.0,0.0,12.75,0.0,0.0,0.0,0.0,0.25,0.0,0.0,0.5077616084850509,0.0,79063.0,0,0,0,35,SALT LAKE
915,350010,0.0,0.0,0.0,0.0,0.0,0.0,0.0,0.0,0.0,0.0,0.0,0.0,0.0,0.0,0.0,0.0,0.0,0.0,0.0,0.0,79063.0,0,0,0,35,SALT LAKE
916,350011,0.0,0.0,0.0,0.0,0.0,0.0,0.0,0.0,0.0,0.0,0.0,0.0,0.0,0.0,0.0,0.0,0.0,0.0,0.0,0.0,79063.0,0,0,0,35,SALT LAKE
917,350012,0.0,0.0,0.0,0.0,0.0,0.0,0.0,0.0,0.0,0.0,0.0,0.0,0.0,0.0,0.0,0.0,0.0,0.0,0.0,0.0,79063.0,0,0,0,35,SALT LAKE
918,350013,0.0,0.0,0.0,0.0,0.0,0.0,0.0,0.0,0.0,0.0,0.0,0.0,0.0,0.0,0.0,0.0,0.0,0.0,0.0,0.0,79063.0,0,0,0,35,SALT LAKE
919,350014,0.0,0.0,0.0,0.0,0.0,0.0,0.0,0.0,0.0,0.0,0.0,0.0,0.0,0.0,0.0,0.0,0.0,0.0,0.0,0.0,79063.0,0,0,0,35,SALT LAKE
920,350015,0.0,0.0,0.0,0.0,0.0,0.0,0.0,0.0,0.0,0.0,0.0,0.0,0.0,0.0,0.0,0.0,0.0,0.0,0.0,0.0,79063.0,0,0,0,35,SALT LAKE
921,350016,0.0,0.0,0.0,0.0,0.0,0.0,0.0,2.0182126120473414,0.0,0.0,0.0,0.0,0.0,0.0,0.0,0.0,2.0182126120473414,0.0,0.0,0.0,79063.0,0,0,0,35,SALT LAKE
922,350017,0.0,0.0,0.0,0.0,0.0,0.0,0.0,0.0,0.0,0.0,0.0,0.0,0.0,0.0,0.0,0.0,0.0,0.0,0.0,0.0,79063.0,0,0,0,35,SALT LAKE
923,350018,0.0,0.0,0.0,0.0,0.0,0.0,0.0,0.0,0.0,0.0,0.0,0.0,0.0,0.0,0.0,0.0,0.0,0.0,0.0,0.0,79063.0,0,0,0,35,SALT LAKE
924,350019,0.0,0.0,0.0,0.0,0.0,0.0,0.0,1875.548618808015,0.0,0.0,0.0,0.0,0.0,0.0,0.0,0.0,0.0,1875.548618808015,0.0,0.0,76192.0,0,0,0,35,SALT LAKE
925,350020,0.0,0.0,0.0,602.25,3.0,544.25,55.0,1089.4283398398477,0.0,3.0,544.25,0.0,0.0,55.0,0.0,0.0,0.0,463.6549376566227,23.523402183224945,0.0,76192.0,0,0,0,35,SALT LAKE
926,350021,322.75,876.9278870778212,0.36804622678324994,138.75,32.0,80.0,26.75,206.0278877841496,0.0,32.0,54.0,26.0,1.0,11.0,8.75,6.0,0.0,0.0,44.77798385076267,22.49990393338688,76192.0,0,0,0,35,SALT LAKE
927,350022,0.0,0.0,0.0,37.0,0.0,37.0,0.0,38.44516765491899,0.0,0.0,2.0,35.0,0.0,0.0,0.0,0.0,0.0,0.0,1.4451676549189911,0.0,76192.0,0,0,0,35,SALT LAKE
928,350023,0.0,0.0,0.0,19.0,0.0,18.0,1.0,19.74211312009353,0.0,0.0,18.0,0.0,0.0,1.0,0.0,0.0,0.0,0.0,0.742113120093536,0.0,76192.0,0,0,0,35,SALT LAKE
929,350024,0.0,0.0,0.0,26.5,0.0,23.5,3.0,120.37249633358792,0.0,0.0,23.5,0.0,0.0,3.0,0.0,0.0,92.8377801541777,0.0,1.0347161794102275,0.0,76192.0,0,0,0,35,SALT LAKE
930,350025,0.0,0.0,0.0,641.5,10.0,417.75,213.75,666.5566371627774,0.0,10.0,417.75,0.0,0.0,213.75,0.0,0.0,0.0,0.0,25.056637162777417,0.0,76192.0,0,0,0,35,SALT LAKE
931,350026,18.0,42.30563402554655,0.4254752449550945,303.75,1.25,295.0,7.5,321.6084155227846,0.75,0.5,294.25,0.75,0.75,0.75,0.0,6.0,4.036425224094683,0.0,12.571930715474927,1.250059583214972,102017.0,0,0,0,35,SALT LAKE
932,350027,0.0,0.0,0.0,0.0,0.0,0.0,0.0,25.227657650591773,0.0,0.0,0.0,0.0,0.0,0.0,0.0,0.0,25.227657650591773,0.0,0.0,0.0,102017.0,0,0,0,35,SALT LAKE
933,350028,1799.0,4384.775818273558,0.41028323329613925,1049.0,28.0,884.75,136.25,1623.237564179379,0.75,27.25,883.75,1.0,3.75,118.0,0.0,14.5,0.0,0.0,449.2384908565333,124.9990733228457,102017.0,0,0,0,35,SALT LAKE
934,350029,169.75,502.030894424385,0.3381266011420089,0.0,0.0,0.0,0.0,19.639535012328288,0.0,0.0,0.0,0.0,0.0,0.0,0.0,0.0,1.009106306023671,0.0,6.630517667311433,11.999911038993186,102017.0,0,0,0,35,SALT LAKE
935,350030,0.0,0.0,0.0,0.0,0.0,0.0,0.0,0.0,0.0,0.0,0.0,0.0,0.0,0.0,0.0,0.0,0.0,0.0,0.0,0.0,102017.0,0,0,0,35,SALT LAKE
936,350031,81.75,264.5838729584608,0.30897574778805437,0.0,0.0,0.0,0.0,9.192645022829083,0.0,0.0,0.0,0.0,0.0,0.0,0.0,0.0,0.0,0.0,3.192689503332489,5.999955519496593,104129.0,0,0,0,35,SALT LAKE
937,350032,0.0,0.0,0.0,0.0,0.0,0.0,0.0,0.0,0.0,0.0,0.0,0.0,0.0,0.0,0.0,0.0,0.0,0.0,0.0,0.0,105293.0,0,0,0,35,SALT LAKE
938,350033,51.5,168.01357057240176,0.3065228589842224,0.0,0.0,0.0,0.0,5.761217122952107,0.0,0.0,0.0,0.0,0.0,0.0,0.0,0.0,0.0,0.0,2.011254222859206,3.7499629000929016,103174.0,0,0,0,35,SALT LAKE
939,350034,56.0,142.07927451355903,0.3941461567264391,1505.25,88.0,271.5,1145.75,1586.776411067713,64.5,23.5,0.0,271.5,87.75,291.25,0.0,766.75,4.036425224094683,0.0,73.49001549728713,3.9999703463310623,64798.0,0,0,0,35,SALT LAKE
940,350035,0.0,0.0,0.0,464.75,24.25,105.5,335.0,482.9049807849804,20.0,4.25,0.0,105.5,28.5,94.25,0.0,212.25,0.0,0.0,18.15498078498036,0.0,56502.0,0,0,0,35,SALT LAKE
941,350036,237.0,613.1151678941158,0.38655054125317223,152.0,0.0,0.0,152.0,183.19367105460768,0.0,0.0,0.0,0.0,0.0,152.0,0.0,0.0,0.0,0.0,15.193789669283449,15.999881385324253,64725.0,0,723,0,35,SALT LAKE
942,350037,0.0,0.0,0.0,1200.25,1.25,274.5,924.5,1247.1305811449,0.0,1.25,274.5,0.0,0.0,924.5,0.0,0.0,0.0,0.0,46.88058114489997,0.0,45129.0,0,0,0,35,SALT LAKE
943,350038,0.0,0.0,0.0,7.25,0.0,5.0,2.25,15.605920756437882,0.0,0.0,5.0,0.0,0.0,2.25,0.0,0.0,8.072850448189365,0.0,0.2830703082485169,0.0,45129.0,0,0,0,35,SALT LAKE
944,350039,0.0,0.0,0.0,1328.5,119.25,340.5,868.75,1380.3888234656272,95.0,24.25,6.75,333.75,107.75,249.75,0.0,511.25,0.0,0.0,51.88882346562714,0.0,64798.0,0,0,0,35,SALT LAKE
945,350040,0.0,0.0,0.0,797.5,66.25,305.0,426.25,828.6395851966896,54.75,11.5,104.25,200.75,24.25,112.75,0.0,289.25,0.0,0.0,31.1395851966896,0.0,64798.0,0,0,0,35,SALT LAKE
946,350041,0.0,0.0,0.0,740.0,77.5,268.75,393.75,778.5613474081048,59.75,17.75,6.0,262.75,31.25,127.5,0.0,235.0,0.0,9.659477866840682,28.901869541264137,0.0,116535.0,0,0,0,35,SALT LAKE
947,350042,0.0,0.0,0.0,3578.5,6.0,1927.75,1644.75,3720.289696324068,4.0,2.0,0.0,1927.75,17.75,205.0,0.0,1422.0,2.0182126120473414,0.0,139.7714837120212,0.0,56502.0,0,0,0,35,SALT LAKE
948,350043,5.0,8.861169166086322,0.5642596260475559,715.75,35.25,156.25,524.25,750.1629326578554,26.0,9.25,2.75,153.5,77.25,75.25,0.25,371.5,0.0,0.0,34.412932657855464,0.0,64798.0,0,0,0,35,SALT LAKE
949,350044,37.75,63.86912919540364,0.5910523671695322,719.0,92.75,138.75,487.5,752.2988162714161,69.0,23.75,0.0,138.75,137.5,91.5,0.0,258.5,0.0,0.0,30.298838511667757,2.9999777597482966,52447.0,0,0,0,35,SALT LAKE
950,350045,0.0,0.0,0.0,411.25,20.25,161.0,230.0,429.3264316632713,14.5,5.75,37.5,123.5,14.5,52.75,0.0,162.75,2.0182126120473414,0.0,16.058219051223887,0.0,56502.0,0,0,0,35,SALT LAKE
951,350046,1362.0,4727.958205429224,0.2880736125027467,74.5,17.75,0.0,56.75,225.60661713276693,17.75,0.0,0.0,0.0,0.0,56.75,0.0,0.0,0.0,0.0,56.10732140740421,94.99929572536271,64689.0,487,0,0,35,SALT LAKE
952,350047,148.0,446.8934546791403,0.331175134588312,137.5,9.0,4.25,124.25,158.65185164453098,4.25,4.75,0.0,4.25,15.25,38.0,0.0,71.0,0.0,0.0,11.15192577870332,9.999925865827656,30068.0,0,0,0,35,SALT LAKE
953,350048,0.0,0.0,0.0,351.75,17.25,58.0,276.5,365.4895450559546,13.75,3.5,0.0,58.0,11.75,172.75,0.0,92.0,0.0,0.0,13.739545055954569,0.0,64798.0,285,0,0,35,SALT LAKE
954,350049,0.0,0.0,0.0,0.0,0.0,0.0,0.0,0.0,0.0,0.0,0.0,0.0,0.0,0.0,0.0,0.0,0.0,0.0,0.0,0.0,45129.0,0,0,0,35,SALT LAKE
955,350050,0.0,0.0,0.0,38.75,1.0,25.75,12.0,40.26384299719284,0.0,1.0,25.75,0.0,0.0,12.0,0.0,0.0,0.0,0.0,1.5138429971928424,0.0,45129.0,0,0,0,35,SALT LAKE
956,350051,0.0,0.0,0.0,525.5,3.25,481.0,41.25,551.0706442407225,0.0,3.25,481.0,0.0,0.0,41.25,0.0,0.0,5.045531530118353,0.0,20.52511271060416,0.0,45129.0,0,0,0,35,SALT LAKE
957,350052,0.0,0.0,0.0,5677.5,156.0,3462.0,2059.5,6497.04462812736,83.25,72.75,2882.0,580.0,283.0,776.25,0.0,1000.25,7.063744142165696,0.0,812.4808839851937,0.0,45129.0,0,0,0,35,SALT LAKE
958,350053,0.0,0.0,0.0,6103.75,27.75,5805.0,271.0,6346.19031510378,20.75,7.0,28.75,5776.25,17.75,62.0,0.0,191.25,4.036425224094683,0.0,238.40388987968555,0.0,56502.0,0,0,0,35,SALT LAKE
959,350054,0.0,0.0,0.0,2063.0,49.75,992.0,1021.25,2143.5772099629844,27.75,22.0,537.75,454.25,123.25,236.5,132.0,529.5,0.0,0.0,80.57720996298431,0.0,56502.0,0,0,0,35,SALT LAKE
960,350055,652.0,2055.6181990251425,0.31717952307933683,639.5,172.25,42.5,424.75,734.9413355436245,135.25,37.0,0.0,42.5,45.25,167.0,6.0,206.5,0.0,0.0,50.44166914740001,44.99966639622445,53594.0,702,91,0,35,SALT LAKE
961,350056,720.75,2119.598216601144,0.34004085979830173,195.5,2.0,0.25,193.25,281.7889194308101,1.75,0.25,0.0,0.25,6.0,156.25,8.0,23.0,0.0,0.0,36.2892901016719,49.99962932913828,61390.0,337,232,160,35,SALT LAKE
962,350057,481.0,1245.9492062001098,0.38605105056164496,101.5,28.75,1.0,71.75,159.00280985838162,21.25,7.5,0.0,1.0,3.25,9.5,0.0,59.0,0.0,0.0,24.503054501150345,32.999755357231265,64537.0,0,0,0,35,SALT LAKE
963,350058,33.50000000381435,73.46681814360218,0.4559881705824452,2741.0000003120936,170.50000001941333,1203.7500001370604,1366.7500001556198,2851.6198421467134,83.5000000095074,87.00000000990592,423.75000004824864,780.0000000888117,558.75000006362,323.2500000368056,0.0,484.75000005519416,0.0,0.0,108.36992365738729,2.249918177233048,52447.0,0,0,0,35,SALT LAKE
964,350059,548.75,1312.1094562703029,0.4182196823425332,0.0,0.0,0.0,0.0,63.182695554055606,0.0,0.0,0.0,0.0,0.0,0.0,0.0,0.0,0.0,0.0,25.18297726391052,37.99971829014509,116535.0,0,0,0,35,SALT LAKE
965,350060,0.0,0.0,0.0,10795.00000621328,226.25000013022276,7915.75000455607,2653.000001526988,11216.638290783027,19.000000010935835,207.25000011928694,0.0,7915.75000455607,164.25000009453743,1565.7500009011992,14.000000008057985,909.0000005231934,0.0,0.0,421.63828456974596,0.0,56502.0,0,0,0,35,SALT LAKE
966,350061,205.25,610.4375479893794,0.3362342317834797,48.5,25.25,1.0,22.25,73.16133504198893,11.75,13.5,1.0,0.0,12.5,0.25,9.0,0.5,0.0,0.0,10.661438829830225,13.999896212158715,30068.0,0,0,0,35,SALT LAKE
967,350062,331.25,895.8774572445756,0.36974923001055976,103.5,15.0,1.25,87.25,143.48058045989987,2.75,12.25,0.0,1.25,3.75,48.75,22.0,12.75,0.0,0.0,16.98075096849626,22.99982949140361,48811.0,0,0,0,35,SALT LAKE
968,350063,455.75,777.1284631074175,0.5864538768502224,27.25,20.25,0.25,6.75,78.11549622135081,6.0,14.25,0.0,0.25,1.25,2.0,0.0,3.5,0.0,0.0,18.86573345070233,31.99976277064849,49071.0,0,0,0,35,SALT LAKE
969,350064,367.0,1200.994502721735,0.3055800831463358,55.0,0.0,0.0,55.0,97.48253023428202,0.0,0.0,0.0,0.0,0.0,55.0,0.0,0.0,0.0,0.0,16.482722983130117,25.999807251151903,81295.0,326,0,0,35,SALT LAKE
970,350065,653.0,861.0443803085809,0.7583813505245548,66.5,24.5,0.0,42.0,139.6019821664147,9.5,15.0,0.0,0.0,1.5,3.5,0.0,37.0,0.0,0.0,28.10231577019025,44.99966639622445,45921.0,0,0,0,35,SALT LAKE
971,350066,544.75,1005.1263046137868,0.5419716880350839,282.75,37.5,28.5,216.75,353.5749774764395,27.75,9.75,5.0,23.5,39.25,44.75,0.0,132.75,0.0,0.0,33.07531876862234,37.74965870781721,59977.0,0,0,0,35,SALT LAKE
972,350067,253.75,495.4084758953235,0.5122035902623832,641.75,83.0,155.0,403.75,698.9783358545949,43.75,39.25,127.25,27.75,117.75,21.5,89.0,175.5,0.0,0.0,39.7285363246712,17.499799529923738,52447.0,0,0,0,35,SALT LAKE
973,350068,700.25,1475.1923160786357,0.47468387163336667,0.0,0.0,0.0,0.0,76.35090774235616,0.0,0.0,0.0,0.0,0.0,0.0,0.0,0.0,0.0,0.0,27.351270999800644,48.99963674255551,60090.0,0,0,0,35,SALT LAKE
974,350069,898.2499989492096,1996.1613630806605,0.44998867103756945,393.2499995399685,36.74999995700914,19.249999977480975,337.24999960547837,507.6972632395722,27.499999967829964,9.24999998917917,0.9999999988301805,18.249999978650795,57.749999932442925,142.2499998335932,8.999999989471625,128.24999984997066,0.0,0.0,52.197715958054786,62.249547741548895,171320.0,349,0,0,35,SALT LAKE
975,350070,0.0,0.0,0.0,196.0,1.0,173.5,21.5,203.655391789738,0.0,1.0,173.25,0.25,0.25,21.25,0.0,0.0,0.0,0.0,7.655391789737981,0.0,45129.0,0,0,0,35,SALT LAKE
976,350071,0.0,0.0,0.0,6.75,0.0,2.5,4.25,884.1794797218877,0.0,0.0,0.0,2.5,0.0,1.5,0.0,2.75,877.1656564246362,0.0,0.2638232972515719,0.0,45129.0,0,0,0,35,SALT LAKE
977,350072,0.0,0.0,0.0,2985.25,137.75,2474.5,373.0,3101.8509596733784,127.0,10.75,2195.25,279.25,181.0,21.0,0.0,171.0,0.0,0.0,116.60095967337834,0.0,45129.0,0,0,0,35,SALT LAKE
978,350073,0.0,0.0,0.0,15650.500894140276,1628.7500930533195,3929.000224470601,10092.750576616356,16294.90289377741,816.7500466623476,812.0000463909718,2195.2501254184494,1733.7500990521519,1959.7501119639248,2165.250123704497,0.0,5967.750340947933,0.0,0.0,644.4019996371325,0.0,56502.0,0,0,0,35,SALT LAKE
979,350074,0.0,0.0,0.0,4592.25,58.5,2132.25,2401.5,4847.282284412397,4.5,54.0,1814.25,318.0,1587.75,106.5,316.0,391.25,0.0,75.66590995591305,179.3663744564837,0.0,56502.0,0,0,0,35,SALT LAKE
980,350075,698.0,2439.5767556836227,0.28611520353841263,213.75,139.75,25.0,49.0,298.3613887846144,17.0,122.75,19.0,6.0,1.0,0.25,24.0,23.75,0.0,0.0,35.61175204205887,48.99963674255551,38829.0,0,0,0,35,SALT LAKE
981,350076,505.75,1056.0660312911994,0.4788999788030722,501.25,61.5,16.0,423.75,575.5857774140749,28.5,33.0,0.0,16.0,59.5,214.5,3.0,146.75,0.0,0.0,39.33603688367808,34.99974053039679,60653.0,452,0,0,35,SALT LAKE
982,350077,277.5,760.5898769813566,0.36484840043013356,237.0,140.0,10.25,86.75,276.09516493530623,135.5,4.5,3.0,7.25,12.25,15.5,0.0,59.0,0.0,0.0,20.09530579023368,18.99985914507255,57237.0,0,0,0,35,SALT LAKE
983,350078,248.5,612.8045388543168,0.40551266226681193,0.0,0.0,0.0,0.0,26.706504635387567,0.0,0.0,0.0,0.0,0.0,0.0,0.0,0.0,0.0,0.0,9.706630663480553,16.999873971907014,211467.0,0,0,0,35,SALT LAKE
984,350079,1772.25,3890.170696338735,0.4555712688052396,3298.5,203.25,48.5,3046.75,3619.552064827644,87.5,115.75,3.0,45.5,225.0,2410.0,0.0,411.75,0.0,0.0,198.0529766779636,122.99908814968016,40069.0,410,0,0,35,SALT LAKE
985,350080,776.5,1518.0621798686232,0.5115073745313912,1900.25,184.0,21.5,1694.75,2245.382051904181,99.5,84.5,0.0,21.5,109.5,1115.5,6.0,463.75,0.0,0.0,291.3825491185203,53.74950278566038,38845.0,0,0,0,35,SALT LAKE
986,350081,458.5,1104.2147828943062,0.4152271886799101,1006.75,109.5,37.5,859.75,1101.7371369253517,65.25,44.25,0.0,37.5,149.25,350.0,0.0,360.5,0.0,0.0,62.98751562525256,31.99962130009918,46352.0,0,0,0,35,SALT LAKE
987,350082,516.0,1389.0596047010756,0.3714743400885542,0.0,0.0,0.0,0.0,56.15396311530927,0.0,0.0,0.0,0.0,0.0,0.0,0.0,0.0,0.0,0.0,20.154229998329715,35.99973311697956,35544.0,0,0,0,35,SALT LAKE
988,350083,529.5,1267.6513343570964,0.4177016074128474,511.5,218.75,2.0,290.75,607.9174557815317,119.5,99.25,0.0,2.0,30.0,61.75,0.0,199.0,0.0,0.0,59.66764077544357,36.749815006088085,46352.0,434,0,0,35,SALT LAKE
989,350084,423.0,1479.5747574933396,0.285892955295234,88.75,0.75,2.0,86.0,137.7381938685326,0.75,0.0,0.0,2.0,1.25,11.75,65.0,8.0,0.0,0.0,19.9884088576324,28.9997850109002,34137.0,0,0,0,35,SALT LAKE
990,350085,642.75,1150.1445900590213,0.558842779903887,497.75,66.25,25.0,406.5,588.5512908872838,27.0,39.25,0.0,25.0,76.5,60.0,100.0,170.0,0.0,0.0,46.05161704526474,44.74967384201906,51230.0,0,0,0,35,SALT LAKE
991,350086,437.25,775.4400869472587,0.5638733505787139,360.25,4.5,257.5,98.25,421.652744122849,3.25,1.25,3.0,254.5,18.5,8.0,20.0,51.75,0.0,0.0,31.153033521554768,30.249710601294304,51326.0,0,0,0,35,SALT LAKE
992,350087,1229.5,2106.194674291893,0.5837542061079233,1198.75,124.25,67.0,1007.5,1379.098354824714,92.0,32.25,9.0,58.0,350.0,83.5,279.0,295.0,0.0,0.0,94.84898496473542,85.49936985997861,51230.0,0,0,0,35,SALT LAKE
993,350088,446.5,778.0949203437146,0.5738374436408911,208.75,7.0,141.75,60.0,286.8441859557024,4.75,2.25,37.5,104.25,11.75,3.25,8.5,36.5,0.0,0.0,47.09434874351417,30.99983721218823,51230.0,0,0,0,35,SALT LAKE
994,350089,371.4999999884883,649.2735721673384,0.5721779168500346,705.2499999781463,84.9999999973661,5.999999999814078,614.2499999809662,773.8052345737934,28.74999999910912,56.249999998256975,0.0,5.999999999814078,41.49999999871404,364.9999999886897,40.99999999872953,166.7499999948329,0.0,0.0,42.805434791531226,25.749799804115835,51390.0,0,948,1903,35,SALT LAKE
995,350090,1134.0,1917.3445570176411,0.5914429912190093,141.75,86.25,4.0,51.5,274.3339043800105,15.0,71.25,1.0,3.0,10.25,3.25,17.75,20.25,0.0,0.0,53.83454962229993,78.74935475771059,48532.0,0,0,0,35,SALT LAKE
996,350091,715.25,1400.709154239606,0.5106342011366972,360.5,37.5,5.5,317.5,452.5132258245019,26.5,11.0,0.0,5.5,57.5,90.25,21.75,148.0,0.0,0.0,42.013596495363615,49.99962932913828,27015.0,262,0,0,35,SALT LAKE
997,350092,527.75,818.9225768865342,0.644444316099399,67.75,10.25,5.25,52.25,128.50936082697487,7.75,2.5,0.0,5.25,9.0,12.0,6.25,25.0,0.0,0.0,23.759635123412554,36.999725703562326,66900.0,0,0,0,35,SALT LAKE
998,350093,536.25,888.2902166451827,0.6036878375462272,317.75,24.25,14.5,279.0,388.1075865862813,17.0,7.25,0.0,14.5,66.0,51.25,22.75,139.0,0.0,0.0,33.35786088271901,36.999725703562326,54299.0,0,0,0,35,SALT LAKE
999,350094,0.0,0.0,0.0,2096.25,284.75,135.25,1676.25,2178.12188319989,203.25,81.5,0.0,135.25,220.0,937.0,0.0,519.25,0.0,0.0,81.87188319989008,0.0,66900.0,0,0,0,35,SALT LAKE
1000,350095,289.0,609.6972325280746,0.47400575987802684,3807.25,245.75,122.0,3439.5,3987.492539854308,146.5,99.25,23.75,98.25,430.75,417.5,1759.0,832.25,0.0,0.0,160.24268812265285,19.999851731655312,100099.0,0,0,0,35,SALT LAKE
1001,350096,536.0,970.7078494484268,0.5521743749209039,280.5,146.25,6.0,128.25,349.39248882069245,118.5,27.75,4.0,2.0,14.25,13.25,0.0,100.75,0.0,0.0,31.892763117130126,36.999725703562326,58481.0,0,0,0,35,SALT LAKE
1002,350097,467.25,993.4943892569416,0.47030965152150234,0.0,0.0,0.0,0.0,50.50002564262091,0.0,0.0,0.0,0.0,0.0,0.0,0.0,0.0,0.0,0.0,18.25025542573425,32.24977021688666,100099.0,0,0,0,35,SALT LAKE
1003,350098,645.0,1054.7293254112228,0.6115313042505236,23.75,5.0,0.0,18.75,94.87010880639272,5.0,0.0,0.0,0.0,1.5,0.25,0.0,17.0,0.0,0.0,26.120442410168263,44.99966639622445,45319.0,0,0,0,35,SALT LAKE
1004,350099,432.0,886.9283531899741,0.48707429235545985,15.25,1.0,1.25,13.0,62.7194624186277,0.0,1.0,1.0,0.25,1.0,1.5,0.0,10.5,0.0,0.0,17.46968482114474,29.999777597482964,79338.0,0,0,0,35,SALT LAKE
1005,350100,44.75,75.63868528599019,0.5916284746462747,0.0,0.0,0.0,0.0,5.498172268549624,0.0,0.0,0.0,0.0,0.0,0.0,0.0,0.0,0.0,0.0,2.4981945088013275,2.9999777597482966,131360.0,0,0,0,35,SALT LAKE
1006,350101,440.750000381041,1464.3919745713988,0.3009781588771958,379.75000032830474,38.750000033500484,19.250000016642176,321.7500002781621,443.547092520466,24.25000002096482,14.500000012535665,0.0,19.250000016642176,44.500000038471526,44.75000003868766,120.75000010439183,111.75000009661107,0.0,0.0,32.79732198129527,30.999770210865922,183906.0,0,0,0,35,SALT LAKE
1007,350102,0.0,0.0,0.0,14691.75,3.25,0.0,14688.5,15265.587860391062,1.5,1.75,0.0,0.0,940.75,7.0,13713.0,27.75,0.0,0.0,573.8378603910623,0.0,22017.0,0,0,0,35,SALT LAKE
1008,350103,0.0,0.0,0.0,3.0,0.0,3.0,0.0,3.1171757558042423,0.0,0.0,0.0,3.0,0.0,0.0,0.0,0.0,0.0,0.0,0.1171757558042424,0.0,45129.0,0,0,0,35,SALT LAKE
1009,350104,0.0,0.0,0.0,559.0,29.25,220.25,309.5,580.831153992252,21.5,7.75,30.75,189.5,21.0,76.0,0.0,212.5,0.0,0.0,21.83115399225203,0.0,45129.0,0,0,0,35,SALT LAKE
1010,350105,0.0,0.0,0.0,1550.0,56.75,833.0,660.25,1610.544743281141,43.75,13.0,451.25,381.75,44.75,155.0,0.0,460.5,0.0,0.0,60.5447432811414,0.0,45129.0,0,0,0,35,SALT LAKE
1011,350106,0.5,1.408133425881802,0.3550799880252042,2787.5,119.5,1400.0,1268.0,2897.1511805484465,93.0,26.5,87.0,1313.0,236.0,287.75,0.0,744.25,0.0,0.0,109.65118054844638,0.0,69745.0,0,0,0,35,SALT LAKE
1012,350107,0.0,0.0,0.0,677.5,28.0,256.25,393.25,703.9686402191307,23.5,4.5,36.75,219.5,54.5,49.0,0.0,289.75,0.0,0.0,26.468640219130695,0.0,69745.0,0,0,0,35,SALT LAKE
1013,350108,0.0,0.0,0.0,0.0,0.0,0.0,0.0,0.0,0.0,0.0,0.0,0.0,0.0,0.0,0.0,0.0,0.0,0.0,0.0,0.0,56502.0,0,0,0,35,SALT LAKE
1014,350109,0.0,0.0,0.0,0.0,0.0,0.0,0.0,0.0,0.0,0.0,0.0,0.0,0.0,0.0,0.0,0.0,0.0,0.0,0.0,0.0,56502.0,0,0,0,35,SALT LAKE
1015,350110,0.0,0.0,0.0,23.75,0.25,1.0,22.5,24.677890806424674,0.0,0.25,0.0,1.0,0.0,0.75,0.0,21.75,0.0,0.0,0.9278908064246728,0.0,56502.0,0,0,0,35,SALT LAKE
1016,350111,1574.0,3763.232539409766,0.4182574378586952,257.0,36.75,44.25,176.0,605.0637498387848,18.5,18.25,22.0,22.25,23.5,45.75,1.5,105.25,0.0,0.0,238.5644908726973,109.49925896608748,38960.0,0,0,0,35,SALT LAKE
1017,350112,0.0,0.0,0.0,1770.75,125.75,281.5,1363.5,1839.9082578786292,93.5,32.25,0.0,281.5,267.0,245.75,0.0,850.75,0.0,0.0,69.15825787862951,0.0,35043.0,0,0,0,35,SALT LAKE
1018,350113,77.75,220.3918527491101,0.35278073590365033,129.5,11.5,40.0,78.0,143.10172018714675,8.25,3.25,24.75,15.25,6.25,13.0,0.0,58.75,0.0,0.0,8.101824281911885,5.499895905234876,35043.0,0,0,0,35,SALT LAKE
1019,350114,208.5,622.3164642342923,0.33503854065076294,1785.0,172.75,163.5,1448.75,1877.8602440024367,117.0,55.75,16.25,147.25,675.25,329.5,0.0,444.0,0.0,0.0,78.36034778983496,14.499896212602264,32095.0,0,0,0,35,SALT LAKE
1020,350115,280.25,850.5550944217911,0.32949070770132116,335.25,37.0,159.25,139.0,399.7732910935031,26.75,10.25,129.25,30.0,23.5,33.25,0.0,82.25,0.0,0.0,45.27343939422512,19.249851699277933,32095.0,0,0,0,35,SALT LAKE
1021,350116,606.5,1820.2437307624664,0.33319713714709426,172.25,18.25,21.5,132.5,245.1662761854821,14.0,4.25,16.0,5.5,12.0,13.25,51.0,56.25,0.0,0.0,30.66659499480056,42.24968119068154,32095.0,0,0,0,35,SALT LAKE
1022,350117,707.5,2131.3368511733643,0.3319512819433025,287.0,100.5,10.75,175.75,400.8823689891432,29.5,71.0,1.75,9.0,37.5,27.0,14.25,97.0,0.0,0.0,64.63265031223565,49.24971867690756,32095.0,0,0,0,35,SALT LAKE
1023,350118,0.0,0.0,0.0,499.25,9.0,463.75,26.5,518.7510211978104,6.5,2.5,54.0,409.75,5.0,6.5,0.0,15.0,0.0,0.0,19.50102119781031,0.0,42543.0,0,0,0,35,SALT LAKE
1024,350119,57.75,117.02577658399164,0.49348102346111516,502.25,63.25,176.25,262.75,569.3769144456944,23.5,39.75,0.0,176.25,96.5,40.5,2.25,123.5,0.0,0.0,63.12680262881405,4.000111816880381,42543.0,0,0,0,35,SALT LAKE
1025,350120,650.5,1119.736758961859,0.5809401136416185,8.0,0.0,0.0,8.0,78.7171702486574,0.0,0.0,0.0,0.0,0.0,0.0,0.0,8.0,0.0,0.0,25.71750385243296,44.99966639622445,42543.0,0,0,0,35,SALT LAKE
1026,350121,1333.75,1810.0302782906977,0.7368661264934899,108.5,8.75,8.75,91.0,261.82180019912613,6.0,2.75,0.0,8.75,9.25,25.25,19.5,37.0,0.0,0.0,60.82250453940527,92.49929565972089,42543.0,0,0,0,35,SALT LAKE
1027,350122,423.0,549.279962087419,0.7700990918956528,5168.0,844.0,90.0,4234.0,5437.916790925928,87.0,757.0,4.0,86.0,1637.25,36.25,119.5,2441.0,0.0,22.538781691306173,218.3782242237213,28.9997850109002,42543.0,0,0,0,35,SALT LAKE
1028,350123,0.0,0.0,0.0,1715.25,86.0,38.0,1591.25,1782.2441363208995,56.25,29.75,0.0,38.0,137.75,50.0,141.5,1262.0,0.0,0.0,66.99413632089959,0.0,42543.0,0,0,0,35,SALT LAKE
1029,350124,0.0,0.0,0.0,1605.75,185.25,2.0,1418.5,1668.4689342028696,177.25,8.0,0.0,2.0,853.0,41.75,462.75,61.0,0.0,0.0,62.71893420286966,0.0,42543.0,0,0,0,35,SALT LAKE
1030,350125,0.0,0.0,0.0,933.75,157.25,10.0,766.5,970.2228650988432,62.75,94.5,0.0,10.0,87.5,25.5,181.5,472.0,0.0,0.0,36.4728650988432,0.0,42543.0,0,0,0,35,SALT LAKE
1031,350126,480.75,1061.320144535443,0.45297359375990365,0.0,0.0,0.0,0.0,198.75637609780767,0.0,0.0,0.0,0.0,0.0,0.0,0.0,0.0,0.0,0.0,165.2561219672193,33.5002541305884,42543.0,0,0,0,35,SALT LAKE
1032,350127,0.0,0.0,0.0,1694.75,114.5,15.0,1565.25,1760.9456815371475,67.5,47.0,0.0,15.0,186.0,28.5,133.75,1217.0,0.0,0.0,66.19568153714769,0.0,42543.0,0,0,0,35,SALT LAKE
1033,350128,54.0,158.93528552673996,0.3397609273550196,1338.5,203.25,51.25,1084.0,1396.6221804402448,103.0,100.25,0.0,51.25,222.0,77.25,227.75,557.0,0.0,0.0,54.37188252638782,3.750297913857134,43489.0,0,0,0,35,SALT LAKE
1034,350129,462.0,886.2606929148066,0.5212913126955193,5945.5,1511.25,285.0,4149.25,6227.765604385815,1061.5,449.75,138.0,147.0,1069.75,28.5,206.0,2845.0,0.0,0.0,250.26584161516615,31.99976277064849,50921.0,0,0,0,35,SALT LAKE
1035,350130,0.0,0.0,0.0,7458.25,5.5,5.0,7447.75,7749.560722964272,0.0,5.5,0.0,5.0,3288.75,8.75,1164.25,2986.0,0.0,0.0,291.31072296427203,0.0,54475.0,0,0,0,35,SALT LAKE
1036,350131,142.5,267.87234229344466,0.5319698136058268,5475.0,730.25,28.0,4716.75,5704.413793849954,292.25,438.0,3.0,25.0,3657.75,99.0,221.0,739.0,0.0,0.0,219.4138679841269,9.999925865827656,50921.0,0,0,0,35,SALT LAKE
1037,350132,183.75,421.79061677678976,0.43564269258564353,2111.5,257.75,89.75,1764.0,2288.8001273565364,238.75,19.0,10.0,79.75,398.0,92.75,382.5,890.75,0.0,0.0,164.8006556207805,12.499471735756,50921.0,0,0,0,35,SALT LAKE
1038,350133,879.5,1549.5066770334904,0.5676000065283945,569.75,40.25,26.25,503.25,705.105114730198,28.75,11.5,0.0,26.25,154.5,37.25,162.5,149.0,0.0,0.0,74.35549992052674,60.99961480967119,37315.0,0,0,0,35,SALT LAKE
1039,350134,643.25,1020.2703464794464,0.6304701515824741,126.75,11.25,1.0,114.5,223.32930048486108,2.75,8.5,0.0,1.0,35.25,45.5,8.0,25.75,0.0,0.0,51.82969367096451,44.74960681389657,51794.0,0,0,0,35,SALT LAKE
1040,350135,250.75,801.5128130103096,0.312845903309065,614.0,29.25,12.75,572.0,735.5161121439095,22.75,6.5,1.0,11.75,143.0,29.5,134.75,264.75,0.0,0.0,103.7662381396251,17.749874004284393,39970.0,0,0,0,35,SALT LAKE
1041,350136,656.25,1466.3905872562375,0.4475274225729374,290.5,18.5,7.75,264.25,372.97301231579297,14.0,4.5,0.0,7.75,65.5,14.75,59.0,125.0,0.0,0.0,36.97329378303528,45.49971853275771,39970.0,0,0,0,35,SALT LAKE
1042,350137,358.0,744.7908786366148,0.48067183724824997,929.25,48.25,38.0,843.0,1004.525545313502,33.25,15.0,0.0,38.0,199.25,30.0,134.0,479.75,0.0,0.0,50.27573064893291,24.99981466456914,25840.0,0,0,0,35,SALT LAKE
1043,350138,623.25,998.683700774676,0.6240714647856441,839.5,200.75,30.5,608.25,940.3831486619184,45.0,155.75,8.0,22.5,231.0,95.5,34.0,247.75,0.0,0.0,57.88346743885947,42.99968122305892,43385.0,276,47,0,35,SALT LAKE
1044,350139,415.25,914.0086480779436,0.4543173643632624,2851.5,241.75,135.5,2474.25,3019.0486493066524,155.75,86.0,0.0,135.5,745.0,303.75,35.5,1390.0,0.0,0.0,138.79892387807993,28.74972542857232,25840.0,0,0,0,35,SALT LAKE
1045,350140,677.0,1076.5082677183404,0.6288850910870398,338.75,28.5,9.75,300.5,425.42255138727495,24.0,4.5,3.0,6.75,75.75,16.5,70.0,138.25,0.0,0.0,39.67289981788498,46.99965156938998,43554.0,0,0,0,35,SALT LAKE
1046,350141,493.0,799.3876107139852,0.6167220925023714,483.75,61.0,7.5,415.25,556.6482688318132,46.5,14.5,0.0,7.5,74.75,75.25,199.0,66.25,0.0,0.0,38.89852088799927,33.99974794381403,47503.0,0,426,0,35,SALT LAKE
1047,350142,499.5,973.5049033313188,0.513094488061353,131.25,49.75,4.0,77.5,190.88533994067825,3.5,46.25,0.0,4.0,27.25,2.0,19.0,29.25,0.0,0.0,24.63559941028141,34.99974053039679,70463.0,0,0,0,35,SALT LAKE
1048,350143,529.25,1062.7586060525068,0.4979964377478321,1708.75,150.75,56.25,1501.75,1833.1662780993445,101.75,49.0,0.0,56.25,215.25,161.0,659.0,466.5,0.0,0.0,87.41655239578226,36.999725703562326,41532.0,0,0,0,35,SALT LAKE
1049,350144,396.0,656.7368434435054,0.602981245766007,102.0,1.0,4.0,97.0,149.4509678878217,1.0,0.0,4.0,0.0,0.0,40.0,0.0,57.0,0.0,0.0,19.45117546350426,27.999792424317437,131360.0,444,0,0,35,SALT LAKE
1050,350145,439.75,758.4022840440841,0.5798373887471552,28.0,0.25,0.0,27.75,79.51958192671243,0.0,0.25,0.0,0.0,7.0,0.25,0.5,20.0,0.0,0.0,20.519811742646706,30.99977018406573,24327.0,0,0,0,35,SALT LAKE
1051,350146,614.5,999.9251449811122,0.6145460018525761,25258.0,338.0,33.25,24886.75,26311.53769958408,176.25,161.75,0.0,33.25,138.75,23869.5,616.5,262.0,0.0,0.0,1010.5380183610188,42.99968122305892,22017.0,0,0,0,35,SALT LAKE
1052,350147,0.0,0.0,0.0,2394.5000011723178,242.00000011848022,132.50000006487036,2020.0000009889673,2488.032164150431,143.50000007025582,98.5000000482244,0.0,132.50000006487036,416.7500002040357,822.2500004025635,0.0,781.000000382368,0.0,0.0,93.53216297811329,0.0,22017.0,0,0,0,35,SALT LAKE
1053,350148,0.0,0.0,0.0,0.0,0.0,0.0,0.0,0.0,0.0,0.0,0.0,0.0,0.0,0.0,0.0,0.0,0.0,0.0,0.0,0.0,45129.0,0,0,0,35,SALT LAKE
1054,350149,0.0,0.0,0.0,2694.25,1.75,2549.75,142.75,2801.5016106128232,1.5,0.25,4.5,2545.25,118.25,6.25,0.0,18.25,2.0182126120473414,0.0,105.23339800077588,0.0,45129.0,0,0,0,35,SALT LAKE
1055,350150,0.0,0.0,0.0,2350.25,90.5,1684.75,575.0,2442.051593977812,69.75,20.75,51.25,1633.5,59.5,142.25,0.0,373.25,0.0,0.0,91.80159397781216,0.0,45129.0,0,0,0,35,SALT LAKE
1056,350151,0.0,0.0,0.0,1914.25,100.0,861.0,953.25,1997.0687701430916,78.25,21.75,369.75,491.25,90.25,168.5,0.0,694.5,0.0,8.049564889235025,74.76920525385647,0.0,69745.0,0,0,0,35,SALT LAKE
1057,350152,0.0,0.0,0.0,800.25,51.25,433.75,315.25,831.5069342109517,37.25,14.0,109.25,324.5,51.25,74.0,0.0,190.0,0.0,0.0,31.256934210951687,0.0,69745.0,0,0,0,35,SALT LAKE
1058,350153,0.0,0.0,0.0,1069.5,91.5,213.25,764.75,1111.2702432892231,60.25,31.25,127.25,86.0,149.0,188.0,0.0,427.75,0.0,0.0,41.77024328922343,0.0,69745.0,0,0,0,35,SALT LAKE
1059,350154,4.0,8.542453718527968,0.4682495371703668,1022.5,39.25,164.75,818.5,1062.5997802025356,29.0,10.25,11.75,153.0,56.5,34.5,325.0,402.5,0.0,0.0,40.0997802025356,0.0,69745.0,0,0,0,35,SALT LAKE
1060,350155,442.0,1002.5387888663512,0.44088069699507976,1.25,0.0,1.0,0.25,49.56216528608786,0.0,0.0,0.0,1.0,0.0,0.0,0.0,0.25,0.0,0.0,17.312395102022123,30.99977018406573,39712.0,0,0,0,35,SALT LAKE
1061,350156,418.75,1198.235058099399,0.3494723319681594,231.75,26.25,2.0,203.5,286.15825874700585,24.75,1.5,0.0,2.0,6.25,99.75,68.0,29.5,0.0,0.0,25.40847373610565,28.9997850109002,46000.0,408,0,0,35,SALT LAKE
1062,350157,246.75,707.3551643765597,0.34883466245344735,44.25,17.5,1.25,25.5,72.61577731355585,6.75,10.75,0.0,1.25,2.75,5.25,0.0,17.5,0.0,0.0,11.36590334164884,16.999873971907014,42301.0,0,0,0,35,SALT LAKE
1063,350158,238.25,781.9821578994638,0.30467447062984115,74.25,21.25,1.5,51.5,104.95556392109802,3.25,18.0,0.0,1.5,9.0,13.5,14.0,15.0,0.0,0.0,13.70568994919099,16.999873971907014,50879.0,0,0,0,35,SALT LAKE
1064,350159,277.0,531.3774082375662,0.5212867459283476,143.75,5.5,34.25,104.0,180.18288321739053,3.5,2.0,0.0,34.25,9.5,71.25,0.0,23.25,0.0,0.0,17.433024072317977,18.99985914507255,43890.0,394,0,0,35,SALT LAKE
1065,350160,657.0,1242.2920523908267,0.5288611472121911,276.75,16.25,26.75,233.75,358.96569130513296,12.25,4.0,15.5,11.25,21.0,32.75,0.25,179.75,0.0,0.0,36.46588340598178,45.74980789915115,42543.0,0,0,0,35,SALT LAKE
1066,350161,793.0,1512.296114525556,0.5243682056597648,1551.5,198.5,54.0,1299.0,1709.3225199707315,135.5,63.0,0.0,54.0,297.25,109.75,59.5,832.5,0.0,0.0,102.57301707462943,55.24950289610221,42543.0,0,0,0,35,SALT LAKE
1067,350162,158.25,202.311134583054,0.7822110252415901,960.0,375.25,5.75,579.0,1014.679425495897,50.75,324.5,0.0,5.75,142.75,22.5,67.25,346.5,0.0,0.0,43.67950704348669,10.99991845241042,42543.0,0,0,0,35,SALT LAKE
1068,350163,0.0,0.0,0.0,0.0,0.0,0.0,0.0,0.0,0.0,0.0,0.0,0.0,0.0,0.0,0.0,0.0,0.0,0.0,0.0,0.0,42543.0,0,0,0,35,SALT LAKE
1069,350164,481.0,936.834522473305,0.5134311219980752,784.5,188.0,73.5,523.0,868.798212449011,90.75,97.25,7.0,66.5,206.5,13.5,208.5,94.5,0.0,1.609912977605655,49.43861111036278,33.2496883610426,42543.0,0,0,0,35,SALT LAKE
1070,350165,343.5,466.1471670691009,0.7368917463550307,1446.5,236.75,22.0,1187.75,1540.412406703546,81.25,155.5,0.0,22.0,247.0,46.25,158.5,736.0,0.0,0.0,69.91258462555967,23.999822077986373,42543.0,0,0,0,35,SALT LAKE
1071,350166,248.0,427.6545944426199,0.57990725043707,1195.25,177.5,25.25,992.5,1268.62716084885,102.25,75.25,0.0,25.25,211.75,35.75,58.0,687.0,0.0,0.0,56.37728687694305,16.999873971907014,42543.0,0,0,0,35,SALT LAKE
1072,350167,358.25,649.6427551179318,0.5514569310250612,928.5,247.0,11.25,670.25,1003.7477935592528,35.5,211.5,1.0,10.25,313.75,22.75,92.5,241.25,0.0,0.0,50.2479640026509,24.99982955660192,42543.0,0,0,0,35,SALT LAKE
1073,350168,485.5,630.4047166940697,0.7701401768470733,491.75,41.5,17.0,433.25,563.9193541672444,10.0,31.5,0.0,17.0,128.0,5.0,104.75,195.5,0.0,0.0,38.169606223430335,33.99974794381403,42543.0,0,0,0,35,SALT LAKE
1074,350169,136.75,251.2138133744957,0.544357008729216,744.0,192.0,9.25,542.75,864.4419273989238,19.25,172.75,2.0,7.25,45.25,13.5,238.75,245.25,0.0,0.0,110.94128676648867,9.500640632435028,42543.0,0,0,0,35,SALT LAKE
1075,350170,175.75,327.46404743347625,0.5367001396869477,2111.75,495.25,102.75,1513.75,2213.3594261695466,101.75,393.5,0.0,102.75,192.5,71.75,685.0,564.5,0.0,0.0,89.35925452728223,12.250171642264434,42543.0,0,0,0,35,SALT LAKE
1076,350171,74.75,143.34008190823562,0.5214870746889481,2841.75,307.25,93.5,2441.0,2969.9411482370665,111.0,196.25,0.0,93.5,719.75,513.5,449.5,758.25,0.0,0.0,123.19100658954616,5.000141647520092,50921.0,0,0,0,35,SALT LAKE
1077,350172,353.75,578.3697532187695,0.6116329528494436,3139.5,434.75,72.75,2632.0,3300.934882647888,56.0,378.75,23.75,49.0,960.0,21.75,284.25,1366.0,0.0,0.0,136.4350679833187,24.99981466456914,50921.0,0,0,0,35,SALT LAKE
1078,350173,76.75,170.78137600800915,0.4494049749101486,1262.5,224.0,14.0,1024.5,1322.0495456980852,16.0,208.0,2.0,12.0,418.5,16.75,205.25,384.0,0.0,0.0,54.04954552067113,5.500000177414318,50921.0,0,0,0,35,SALT LAKE
1079,350174,80.0,125.87906916224183,0.6355305972027038,4702.0,795.5,157.25,3749.25,4898.490626807237,156.25,639.25,0.0,157.25,1135.25,236.25,1428.5,949.25,0.0,0.0,191.24067132011837,5.2499554871192124,50921.0,0,0,0,35,SALT LAKE
1080,350175,0.0,0.0,0.0,3986.0,332.25,86.5,3567.25,4141.689011170709,32.5,299.75,13.5,73.0,1260.0,10.0,82.25,2215.0,0.0,0.0,155.68901117070857,0.0,50921.0,0,0,0,35,SALT LAKE
1081,350176,62.5,141.31517081885073,0.44227381701372726,2875.5,206.0,48.0,2621.5,3003.75053315131,26.25,179.75,0.0,48.0,979.75,46.25,792.5,803.0,0.0,0.0,123.75057769656836,4.499955454741832,50921.0,0,0,0,35,SALT LAKE
1082,350177,119.0,193.26917002116477,0.6157215865674199,3901.25,93.75,164.75,3642.75,4111.345571447053,59.5,34.25,2.0,162.75,1259.0,1497.25,140.0,746.5,0.0,45.07756338261235,157.01806737177864,7.999940692662124,50921.0,0,0,0,35,SALT LAKE
1083,350178,262.0,428.9351754413823,0.6108149086406754,1780.0,221.0,10.0,1549.0,1877.7543278374976,67.0,154.0,0.0,10.0,712.5,16.5,117.0,703.0,0.0,0.0,79.75446127900774,17.999866558489778,50921.0,0,0,0,35,SALT LAKE
1084,350179,473.75,924.3531799219749,0.5125205498184032,1977.25,658.25,13.0,1306.0,2105.9947753745123,543.75,114.5,0.0,13.0,462.25,512.5,98.25,233.0,0.0,0.0,95.74524339024876,32.99953198426373,50921.0,0,0,0,35,SALT LAKE
1085,350180,184.5,264.44528485501013,0.6976868583652664,1467.0,142.75,44.75,1279.5,1552.9975296481216,71.25,71.5,5.0,39.75,233.25,438.0,161.0,447.25,0.0,0.0,73.24759627041385,12.749933377707668,39970.0,0,0,0,35,SALT LAKE
1086,350181,367.0,542.1124334482474,0.6769813369997822,1995.5,278.25,67.75,1649.5,2113.3347569710672,89.0,189.25,0.0,67.75,436.25,85.25,361.75,766.25,0.0,0.0,92.0849422741208,25.74981469694652,39970.0,0,0,0,35,SALT LAKE
1087,350182,209.75,314.452204333221,0.6670330088630277,2395.5,77.25,55.5,2262.75,2512.002037308239,47.0,30.25,2.0,53.5,1037.25,62.0,210.0,953.5,0.0,0.0,101.75214106370254,14.749896244536098,39970.0,0,0,0,35,SALT LAKE
1088,350183,331.0,488.3970504228635,0.6777272706979165,389.75,30.25,16.25,343.25,449.4010775584521,19.25,11.0,10.75,5.5,67.75,11.75,154.75,109.0,0.0,0.0,36.6512480670485,22.99982949140361,39970.0,0,0,0,35,SALT LAKE
1089,350184,408.0,601.7377841255696,0.6780361990944203,428.0,61.75,19.25,347.0,488.90324269268586,47.0,14.75,7.75,11.5,90.0,19.0,33.75,204.25,0.0,0.0,32.65351726455708,28.24972542812877,39970.0,0,0,0,35,SALT LAKE
1090,350185,646.0,1101.8274095652057,0.5862987201007455,441.25,112.25,15.25,313.75,528.4624043405368,27.75,84.5,0.0,15.25,108.25,10.0,46.5,149.0,0.0,0.0,42.462745390550495,44.74965894998629,39970.0,0,0,0,35,SALT LAKE
1091,350186,676.5,996.5183592421816,0.6788635590361378,197.75,85.0,16.5,96.25,278.89836709954403,36.0,49.0,0.0,16.5,17.0,6.25,18.5,54.5,0.0,0.0,34.14871553015404,46.99965156938998,56384.0,0,0,0,35,SALT LAKE
1092,350187,392.0,638.8849885097128,0.6135689631938198,624.25,180.25,25.0,419.0,704.6991704232067,131.0,49.25,2.0,23.0,147.5,20.5,49.0,202.0,0.0,0.0,53.44931844938226,26.99985197382439,56384.0,0,0,0,35,SALT LAKE
1093,350188,216.0,442.2160739427803,0.4884490020323162,821.0,51.75,14.75,754.5,876.503601479981,33.5,18.25,0.0,14.75,114.5,223.75,144.25,272.0,0.0,0.0,40.50371268123946,14.999888798741484,25840.0,0,0,0,35,SALT LAKE
1094,350189,682.25,992.7226659539042,0.6872513577036423,299.25,192.25,9.0,98.0,434.82987054837616,28.25,164.0,0.0,9.0,18.0,1.75,4.25,74.0,0.0,0.0,88.08019660878139,47.49967393959476,56384.0,0,0,0,35,SALT LAKE
1095,350190,255.5,453.328003734318,0.5636095672345469,1121.5,138.5,36.5,946.5,1202.559337778892,94.5,44.0,4.0,32.5,175.25,70.25,44.75,656.25,0.0,0.0,63.059344641885374,17.99999313700632,56384.0,0,0,0,35,SALT LAKE
1096,350191,404.5,748.1398876378265,0.5406742865658005,1049.75,135.0,42.25,872.5,1169.2525028933326,56.75,78.25,0.0,42.25,281.25,78.0,81.75,431.5,0.0,0.0,91.50285935386886,27.99964353946379,25840.0,0,75,73,35,SALT LAKE
1097,350192,540.25,810.5251084092325,0.666543200691605,852.75,68.75,7.25,776.75,948.3755329863696,36.5,32.25,0.0,7.25,75.0,30.0,523.5,148.25,0.0,3.2198259552113107,54.90604087754652,37.49966615361183,60033.0,0,0,0,35,SALT LAKE
1098,350193,619.75,1092.6199872449788,0.5672145917472078,210.25,25.5,4.0,180.75,286.42027092817267,6.0,19.5,0.0,4.0,21.0,7.0,90.0,62.75,0.0,0.0,33.17058970511377,42.99968122305892,41753.0,0,0,0,35,SALT LAKE
1099,350194,614.75,940.8958310501672,0.6533666955606081,307.5,40.0,8.5,259.0,386.5221187826639,34.0,6.0,3.0,5.5,44.0,21.25,112.25,81.5,0.0,0.0,36.02243755960495,42.99968122305892,47503.0,0,0,0,35,SALT LAKE
1100,350195,471.0,951.5938131041628,0.4949590818203898,125.75,15.0,7.5,103.25,183.3083586641204,9.25,5.75,0.0,7.5,24.75,14.25,12.0,52.25,0.0,0.0,24.80866288921696,32.74969577490338,40464.0,0,0,0,35,SALT LAKE
1101,350196,295.75,708.4297605293752,0.417472580173651,394.0,375.75,0.0,18.25,441.44917419942857,114.25,261.5,0.0,0.0,5.5,0.0,2.5,10.25,0.0,0.0,27.19926288544535,20.249911313983198,30252.0,0,0,0,35,SALT LAKE
1102,350197,372.0,875.3038720128989,0.4249952638099584,7499.25,73.5,510.25,6915.5,7832.690287498677,23.5,50.0,445.5,64.75,1577.25,230.0,4784.0,324.25,0.0,0.0,307.4404802475256,25.999807251151903,31535.0,0,0,0,35,SALT LAKE
1103,350198,0.0,0.0,0.0,0.0,0.0,0.0,0.0,0.0,0.0,0.0,0.0,0.0,0.0,0.0,0.0,0.0,0.0,0.0,0.0,0.0,45129.0,0,0,0,35,SALT LAKE
1104,350199,0.0,0.0,0.0,329.5,17.75,148.5,163.25,342.3653074605193,13.75,4.0,0.0,148.5,12.25,42.25,0.0,108.75,0.0,0.0,12.865307460519295,0.0,69745.0,0,0,0,35,SALT LAKE
1105,350200,0.0,0.0,0.0,3471.0,6.5,1633.25,1831.25,3606.571823628615,5.75,0.75,282.25,1351.0,1781.5,13.0,0.0,36.75,0.0,0.0,135.57182362861468,0.0,69745.0,0,0,0,35,SALT LAKE
1106,350201,0.0,0.0,0.0,1564.75,89.25,1460.25,15.25,1625.8675709332583,89.0,0.25,438.25,1022.0,13.5,0.0,0.25,1.5,0.0,0.0,61.11757093325862,0.0,69745.0,0,0,0,35,SALT LAKE
1107,350202,0.0,0.0,0.0,806.75,6.25,668.5,132.0,838.2589478143504,5.0,1.25,304.75,363.75,6.25,8.5,0.0,117.25,0.0,0.0,31.50894781435045,0.0,69745.0,0,0,0,35,SALT LAKE
1108,350203,705.75,1276.0551659305254,0.553071700066629,37.25,8.25,0.0,29.0,117.52123848584876,0.0,8.25,0.0,0.0,0.75,0.25,1.0,27.0,0.0,0.0,31.271601743293264,48.99963674255551,38757.0,0,0,0,35,SALT LAKE
1109,350204,339.0,1113.0344790678805,0.304572775035593,12.5,0.25,0.0,12.25,49.97935588213564,0.25,0.0,0.0,0.0,1.0,1.25,0.0,10.0,0.0,0.0,13.729593386477152,23.74976249565849,54400.0,0,0,0,35,SALT LAKE
1110,350205,239.75,460.51364284190026,0.5206143264735134,276.25,26.25,10.0,240.0,315.6565043323115,18.5,7.75,0.0,10.0,37.75,52.0,80.0,70.25,0.0,0.0,22.40663036040453,16.999873971907014,37920.0,0,0,0,35,SALT LAKE
1111,350206,253.0,499.4286143366871,0.5065789038459888,225.75,8.0,0.75,217.0,262.7007131694222,7.0,1.0,0.0,0.75,2.5,203.5,0.0,11.0,0.0,0.0,19.450913639498484,17.499799529923738,32294.0,0,0,0,35,SALT LAKE
1112,350207,124.0,243.4665734250212,0.5093101621943493,194.75,23.5,5.5,165.75,217.45296542012,19.0,4.5,4.0,1.5,8.75,9.0,93.0,55.0,0.0,0.0,13.703032140875123,8.999933279244889,32294.0,0,0,0,35,SALT LAKE
1113,350208,87.5,171.30840858527728,0.5107746941472667,11.25,1.75,0.0,9.5,22.606660335576592,1.5,0.25,0.0,0.0,1.5,2.25,0.0,5.75,0.0,0.0,5.356704816080001,5.999955519496593,34270.0,0,0,0,35,SALT LAKE
1114,350209,691.25,1399.631600584706,0.49387996077769714,752.25,39.75,217.25,495.25,932.1602961980824,30.75,9.0,74.5,142.75,294.0,49.0,0.0,152.25,0.0,0.0,131.91173163494022,47.99856456314203,50921.0,0,0,0,35,SALT LAKE
1115,350210,298.5,848.7877015677115,0.3516780455803852,392.0,14.5,286.0,91.5,440.025077400034,3.75,10.75,157.5,128.5,19.0,3.0,0.0,69.5,0.0,0.0,27.025255324708912,20.999822075325103,50921.0,0,0,0,35,SALT LAKE
1116,350211,336.5,627.00077695563,0.5366819505932009,248.75,13.0,35.25,200.5,312.5938617516988,10.25,2.75,7.0,28.25,16.5,23.0,131.25,29.75,0.0,0.0,40.59377172044807,23.25009003125073,50921.0,0,0,0,35,SALT LAKE
1117,350212,65.25,124.97564247208255,0.5221017368610508,127.0,5.75,7.0,114.25,202.4985690281556,5.0,0.75,0.0,7.0,36.5,4.75,0.0,73.0,0.0,0.0,70.99848697716018,4.500082050995431,50921.0,0,0,0,35,SALT LAKE
1118,350213,609.5,1099.8606347828654,0.5541611188951476,47.0,2.5,23.25,21.25,115.13683146525612,2.5,0.0,4.0,19.25,2.25,3.5,0.0,15.5,0.0,0.0,25.637165134673516,42.4996663305826,50921.0,0,0,0,35,SALT LAKE
1119,350214,0.0,0.0,0.0,299.25,45.0,111.75,142.5,310.9383918853753,40.5,4.5,83.0,28.75,33.5,21.5,0.0,87.5,0.0,0.0,11.688391885375305,0.0,50921.0,0,0,0,35,SALT LAKE
1120,350215,168.0,318.8093917907688,0.5269606364365094,277.0,40.75,61.5,174.75,319.8954221760295,29.25,11.5,40.25,21.25,54.75,21.5,0.0,98.5,0.0,0.0,31.14551858327452,11.749903592755029,50921.0,0,0,0,35,SALT LAKE
1121,350216,403.0,754.5929439735093,0.5340627728082066,95.25,57.25,4.25,33.75,150.9502005087205,6.0,51.25,0.0,4.25,4.25,2.5,0.0,27.0,0.0,0.0,27.70071344095001,27.999487067770502,50921.0,0,0,0,35,SALT LAKE
1122,350217,574.5,940.1669919001116,0.6110616570774461,131.25,58.75,16.25,56.25,198.81338647004023,22.0,36.75,4.0,12.25,4.5,5.25,0.0,46.5,0.0,0.0,27.56368300672964,39.999703463310624,50921.0,0,0,0,35,SALT LAKE
1123,350218,0.0,0.0,0.0,554.25,126.5,66.75,361.0,575.8991122229885,103.0,23.5,16.25,50.5,37.25,112.5,75.0,136.25,0.0,0.0,21.64911222298852,0.0,50921.0,0,0,0,35,SALT LAKE
1124,350219,273.0,461.7417765932687,0.5912395495469227,626.25,51.25,43.75,531.25,698.3675657014245,22.75,28.5,0.0,43.75,151.0,24.25,44.5,311.5,0.0,0.0,53.11768425001482,18.99988145140965,50921.0,0,0,0,35,SALT LAKE
1125,350220,227.5,389.21387395713634,0.5845115378005623,286.5,48.5,27.25,210.75,365.8325533651928,18.75,29.75,0.75,26.5,30.75,6.75,0.0,173.25,0.0,0.0,63.58261246140832,15.74994090378446,50921.0,0,0,0,35,SALT LAKE
1126,350221,201.25,366.14222341041375,0.5496498003575407,695.75,152.75,17.0,526.0,785.7907211547241,63.25,89.5,0.0,17.0,174.75,13.0,0.0,338.25,0.0,0.0,76.29086963286045,13.749851521863611,50921.0,0,0,0,35,SALT LAKE
1127,350222,243.75,427.49018380831376,0.5701885311810979,899.75,300.0,11.75,588.0,961.4103739395788,107.75,192.25,0.0,11.75,97.0,18.5,2.25,470.25,0.0,0.0,44.660499967671896,16.999873971907014,50921.0,0,0,0,35,SALT LAKE
1128,350223,493.25,861.1871381791794,0.5727558832832614,477.5,228.25,4.0,245.25,564.6661158172623,204.5,23.75,0.25,3.75,52.25,8.25,0.0,184.75,0.0,0.0,52.9164348696369,34.249680947625365,50921.0,0,0,0,35,SALT LAKE
1129,350224,54.75,101.07699718976076,0.5416662694996073,296.25,63.75,4.0,228.5,320.9155816357024,50.25,13.5,0.0,4.0,34.75,7.75,0.0,186.0,0.0,0.0,20.666273902595407,3.999307733106922,50921.0,0,0,0,35,SALT LAKE
1130,350225,277.75,453.5474180142105,0.6123946228513146,1301.5,323.5,22.5,955.5,1382.6861715176633,155.5,168.0,0.0,22.5,157.5,27.25,0.25,770.5,0.0,0.0,61.68632726417992,19.49984425348332,50921.0,0,0,0,35,SALT LAKE
1131,350226,84.0,155.0933266669177,0.5416093767876969,2357.0,516.25,53.25,1787.5,2469.825252303886,245.75,270.5,0.0,53.25,324.75,71.0,228.5,1163.25,0.0,0.0,106.82538611884893,5.999866185036996,50921.0,0,0,0,35,SALT LAKE
1132,350227,842.75,1503.9104320567085,0.5603724676924258,198.0,65.75,25.5,106.75,302.89265626956364,59.75,6.0,8.0,17.5,13.25,5.0,0.0,88.5,0.0,0.0,46.39219282908668,58.500463440477006,50921.0,0,0,0,35,SALT LAKE
1133,350228,0.0,0.0,0.0,949.75,81.5,95.5,772.75,986.8430268269424,40.75,40.75,0.0,95.5,261.25,38.5,0.0,473.0,0.0,0.0,37.09302682694225,0.0,50921.0,0,0,0,35,SALT LAKE
1134,350229,0.0,0.0,0.0,243.25,218.0,0.75,24.5,252.75137192411515,5.25,212.75,0.0,0.75,3.75,2.25,0.0,18.5,0.0,0.0,9.501371924115151,0.0,50921.0,0,0,0,35,SALT LAKE
1135,350230,0.0,0.0,0.0,0.0,0.0,0.0,0.0,0.0,0.0,0.0,0.0,0.0,0.0,0.0,0.0,0.0,0.0,0.0,0.0,0.0,50921.0,0,0,0,35,SALT LAKE
1136,350231,585.25,1030.154947150838,0.5681184190967207,329.5,162.75,11.75,155.0,588.9248502617264,61.0,101.75,6.0,5.75,18.75,14.75,16.25,105.25,0.0,0.0,218.6738287458849,40.751021515841394,50921.0,0,0,0,35,SALT LAKE
1137,350232,476.0,757.6367880632104,0.628269386465282,345.0,132.5,13.0,199.5,463.5745066744839,114.0,18.5,0.0,13.0,28.25,13.25,0.0,158.0,0.0,0.0,85.3247439344386,33.2497627400453,50921.0,0,0,0,35,SALT LAKE
1138,350233,0.0,0.0,0.0,641.25,618.5,0.0,22.75,666.2974330808149,3.5,615.0,0.0,0.0,3.75,0.5,0.0,18.5,0.0,0.0,25.047433080814884,0.0,50921.0,0,0,0,35,SALT LAKE
1139,350234,0.0,0.0,0.0,2806.0,223.0,94.25,2488.75,2915.5948678453856,148.75,74.25,0.0,94.25,715.25,570.0,211.75,991.75,0.0,0.0,109.59486784538544,0.0,50921.0,0,0,0,35,SALT LAKE
1140,350235,280.25,455.8144705401859,0.6148334862381083,1086.0,212.0,67.75,806.25,1164.8736483307932,144.0,68.0,33.0,34.75,173.25,155.5,32.0,445.5,0.0,0.0,59.62422850315468,19.249419827638583,22976.0,0,408,0,35,SALT LAKE
1141,350236,0.0,0.0,0.0,1028.0,167.75,43.25,817.0,1068.1454160425546,101.0,66.75,0.0,43.25,210.0,103.0,41.0,463.0,0.0,0.0,40.14541604255457,0.0,22976.0,0,0,0,35,SALT LAKE
1142,350237,0.0,0.0,0.0,492.5,213.5,8.0,271.0,511.7340354706704,197.0,16.5,0.0,8.0,55.0,10.0,0.0,206.0,0.0,0.0,19.234035470670324,0.0,22976.0,0,0,0,35,SALT LAKE
1143,350238,0.0,0.0,0.0,586.25,17.5,10.0,558.75,609.1495340037824,14.25,3.25,0.75,9.25,17.5,503.75,8.75,28.75,0.0,0.0,22.89953400378239,0.0,50921.0,0,0,0,35,SALT LAKE
1144,350239,180.0,306.2802133750775,0.5876971222413511,194.0,33.5,33.5,127.0,221.6089470098979,25.5,8.0,0.0,33.5,31.5,15.5,0.0,80.0,0.0,0.0,14.609043384321945,12.999903625575952,33167.0,0,0,0,35,SALT LAKE
1145,350240,308.75,522.4791511663682,0.5909326703481946,612.0,40.25,22.5,549.25,669.2081999667739,30.25,10.0,0.0,22.5,85.25,174.75,66.0,223.25,0.0,0.0,35.95829606620797,21.24990390056596,22976.0,0,0,0,35,SALT LAKE
1146,350241,433.75,590.2439430669806,0.7348656518967078,442.5,11.5,4.0,427.0,568.9925376180692,4.75,6.75,0.0,4.0,18.75,365.75,11.25,31.25,0.0,0.0,96.24272280801952,30.24981481004962,22976.0,0,0,0,35,SALT LAKE
1147,350242,0.0,0.0,0.0,298.5,1.25,0.25,297.0,310.15915969816325,0.25,1.0,0.0,0.25,227.5,0.5,0.25,68.75,0.0,0.0,11.659159698163224,0.0,22976.0,0,0,0,35,SALT LAKE
1148,350243,474.25,872.8509557055434,0.5433344569310278,50.75,10.0,3.75,37.0,104.25671297238668,3.0,7.0,0.0,3.75,7.5,3.0,0.0,26.5,0.0,0.0,20.50695761515541,32.999755357231265,40130.0,0,0,0,35,SALT LAKE
1149,350244,94.25,170.79100335097297,0.551844055897474,1.0,0.0,0.0,1.0,11.469949119251051,0.0,0.0,0.0,0.0,1.0,0.0,0.0,0.0,0.0,0.0,3.719934016983033,6.75001510226802,40130.0,0,0,0,35,SALT LAKE
1150,350245,389.5,505.5591918101984,0.7704340190223059,136.25,3.5,8.5,124.25,187.78258306564243,3.0,0.5,0.75,7.75,86.75,7.25,0.0,30.25,0.0,0.0,24.532783227907775,26.99979983773467,22976.0,0,0,0,35,SALT LAKE
1151,350246,487.0,644.3949910100193,0.7557476498019953,1058.75,33.25,269.5,756.0,1154.1401426503176,14.25,19.0,1.25,268.25,75.75,476.0,7.5,196.75,0.0,0.0,61.390268127986985,33.99987452233057,22976.0,0,0,0,35,SALT LAKE
1152,350247,300.75,447.4719597929905,0.6721091532509277,56.25,27.25,0.0,29.0,91.94105295846394,6.75,20.5,0.0,0.0,3.0,2.75,6.0,17.25,0.0,0.0,14.691208640225868,20.999844318238075,28852.0,0,0,0,35,SALT LAKE
1153,350248,428.0,699.1850461282359,0.612141238388988,195.5,53.0,4.25,138.25,250.104303465358,40.5,12.5,0.0,4.25,27.0,17.5,0.0,93.75,0.0,0.0,24.60452586787502,29.999777597482964,46301.0,0,0,0,35,SALT LAKE
1154,350249,218.25,362.696112795617,0.6017434218353096,41.5,5.25,0.5,35.75,80.1405313178823,2.0,3.25,0.0,0.5,2.75,1.75,1.5,29.75,0.0,0.0,23.390694623296717,15.249836694585598,46301.0,0,0,0,35,SALT LAKE
1155,350250,368.5,623.5581683854871,0.5909633113364835,358.5,23.5,4.0,331.0,427.3398929389453,15.0,8.5,0.0,4.0,65.75,12.75,9.0,243.5,0.0,0.0,43.340204852449126,25.499688086496143,46301.0,0,0,0,35,SALT LAKE
1156,350251,530.5,827.5770231054743,0.6410279468723095,69.75,69.5,0.0,0.25,130.19433805586328,3.0,66.5,0.0,0.0,0.0,0.25,0.0,0.0,0.0,0.0,23.444612352300958,36.999725703562326,43390.0,0,0,0,35,SALT LAKE
1157,350252,276.5,476.8214727520885,0.5798816030748668,1168.5,585.25,17.25,566.0,1251.1655515560842,337.5,247.75,0.0,17.25,175.75,37.0,21.25,332.0,0.0,0.0,63.41581154329003,19.249740012794163,46301.0,0,0,0,35,SALT LAKE
1158,350253,78.25,130.4906611066532,0.5996597713306424,1565.0,787.0,46.75,731.25,1642.9354609478728,615.0,172.0,0.0,46.75,189.25,50.75,0.0,491.25,0.0,0.0,72.43549801451532,5.499962933357373,46301.0,0,0,0,35,SALT LAKE
1159,350254,631.5,1094.376575499948,0.5770408597346938,746.5,281.0,44.5,421.0,848.5817718836946,175.5,105.5,37.5,7.0,101.75,37.75,81.0,200.5,0.0,0.0,58.08209807405292,43.999673809641685,47798.0,0,0,0,35,SALT LAKE
1160,350255,563.5,1005.9334114589768,0.5601762438556602,774.25,26.25,0.0,748.0,865.5006542850265,6.0,20.25,0.0,0.0,15.5,2.0,692.0,38.5,0.0,0.0,52.25094340829863,38.99971087672786,34196.0,0,0,0,35,SALT LAKE
1161,350256,495.5,873.8852979474016,0.5670080514729334,667.25,321.75,9.75,335.75,755.4183866816833,146.5,175.25,0.0,9.75,12.0,51.0,180.0,92.75,0.0,0.0,53.66863873742572,34.49974794425758,34196.0,188,0,0,35,SALT LAKE
1162,350257,441.5,900.74344424932,0.4901506670059046,500.75,247.75,10.0,243.0,568.8007465603002,86.0,161.75,6.75,3.25,20.25,179.0,2.0,41.75,0.0,0.0,37.05097637623453,30.99977018406573,59246.0,0,0,0,35,SALT LAKE
1163,350258,647.75,1258.709233737884,0.514614481754798,10.75,0.25,0.0,10.5,81.47113835563113,0.25,0.0,0.0,0.0,0.0,0.0,0.5,10.0,0.0,0.0,25.721471959406674,44.99966639622445,35273.0,0,0,0,35,SALT LAKE
1164,350259,438.75,843.4819138201324,0.5201652730322335,26.5,21.5,2.0,3.0,77.028144730288,1.0,20.5,2.0,0.0,0.0,0.0,0.0,3.0,0.0,1.609912977605655,18.168469014854768,30.749762737827574,39092.0,0,0,0,35,SALT LAKE
1165,350260,400.5,823.1746320684914,0.48653102804397014,267.5,8.75,1.5,257.25,325.0920718321204,8.75,0.0,0.0,1.5,10.25,230.5,1.0,15.5,0.0,0.0,29.592279407802927,27.999792424317437,61652.0,0,0,1956,35,SALT LAKE
1166,350261,205.0,508.661168291477,0.403018773162038,613.5,13.25,7.5,592.75,659.7167285602102,9.75,3.5,0.0,7.5,11.0,534.0,3.0,44.75,0.0,0.0,31.966772765723583,14.2499557944866,27416.0,0,0,0,35,SALT LAKE
1167,350262,0.0,0.0,0.0,3586.5,4.5,1.25,3580.75,3726.58366245144,2.5,2.0,0.0,1.25,98.0,553.75,2804.0,125.0,0.0,0.0,140.0836624514405,0.0,25693.0,0,0,0,35,SALT LAKE
1168,350263,627.0,1564.554625723054,0.40075302561598575,0.0,0.0,0.0,0.0,68.23834580057115,0.0,0.0,0.0,0.0,0.0,0.0,0.0,0.0,0.0,0.0,24.488679437167622,43.74966636340353,25693.0,0,0,0,35,SALT LAKE
1169,350264,0.0,0.0,0.0,259.25,7.0,2.75,249.5,270.3848666900816,4.5,2.5,0.0,2.75,19.0,32.75,0.0,197.75,1.009106306023671,0.0,10.125760384057932,0.0,31535.0,0,0,0,35,SALT LAKE
1170,350265,0.0,0.0,0.0,68.25,6.25,6.5,55.5,70.91400689396919,4.0,2.25,0.5,6.0,10.5,23.5,0.0,21.5,0.0,0.0,2.664006893969191,0.0,45129.0,0,0,0,35,SALT LAKE
1171,350266,0.0,0.0,0.0,728.0,72.5,341.0,314.5,756.4350014749699,60.0,12.5,181.75,159.25,55.75,62.5,0.0,196.25,0.0,0.0,28.43500147496996,0.0,45129.0,0,0,0,35,SALT LAKE
1172,350267,0.0,0.0,0.0,0.0,0.0,0.0,0.0,0.0,0.0,0.0,0.0,0.0,0.0,0.0,0.0,0.0,0.0,0.0,0.0,0.0,69745.0,0,0,0,35,SALT LAKE
1173,350268,0.0,0.0,0.0,1816.75,133.0,1434.5,249.25,1887.7103206140189,131.0,2.0,542.5,892.0,65.75,9.0,56.5,118.0,0.0,0.0,70.96032061401854,0.0,69745.0,0,0,0,35,SALT LAKE
1174,350269,0.0,0.0,0.0,2321.5,42.75,1618.25,660.5,2412.175493811861,33.75,9.0,700.75,917.5,247.5,49.25,3.75,360.0,0.0,0.0,90.6754938118612,0.0,69745.0,0,0,0,35,SALT LAKE
1175,350270,0.0,0.0,0.0,1315.75,94.75,744.75,476.25,1367.1416425777356,71.0,23.75,284.0,460.75,112.5,91.0,0.0,272.75,0.0,0.0,51.39164257773563,0.0,69745.0,0,0,0,35,SALT LAKE
1176,350271,0.0,0.0,0.0,421.25,63.75,351.25,6.25,437.70312373718326,63.5,0.25,346.75,4.5,0.25,0.5,0.0,5.5,0.0,0.0,16.45312373718325,0.0,69745.0,0,0,0,35,SALT LAKE
1177,350272,83.0,245.61984312330125,0.33792058061992153,1435.25,181.0,401.25,853.0,1500.5510024450934,99.5,81.5,86.5,314.75,117.25,174.0,9.0,552.75,0.0,0.0,59.30104692559686,5.999955519496593,69745.0,574,129,0,35,SALT LAKE
1178,350273,467.25,1394.3700130896475,0.33509756780029043,455.25,44.75,69.75,340.75,533.0307864366175,26.75,18.0,25.5,44.25,109.75,96.75,2.0,132.25,0.0,0.0,45.53103111176366,32.24975532485388,47029.0,391,84,0,35,SALT LAKE
1179,350274,402.5,1199.7014223872973,0.3355001440267208,74.25,13.0,26.25,35.0,131.371371369559,11.5,1.5,0.0,26.25,5.0,11.0,1.0,18.0,0.0,0.0,29.12157894524157,27.999792424317437,44639.0,0,0,0,35,SALT LAKE
1180,350275,513.75,1507.411175609001,0.3408161013483548,0.0,0.0,0.0,0.0,56.31777065794369,0.0,0.0,0.0,0.0,0.0,0.0,0.0,0.0,0.0,0.0,20.81803012710335,35.49974053084034,59421.0,0,0,0,35,SALT LAKE
1181,350276,174.25,576.2567664680167,0.3023825664868287,92.0,0.0,0.0,92.0,114.89900996031196,0.0,0.0,0.0,0.0,0.0,92.0,0.0,0.0,0.0,0.0,10.899098921318773,11.999911038993186,56172.0,284,0,0,35,SALT LAKE
1182,350277,67.5,220.35122186832476,0.30632913867088046,137.75,84.0,11.0,42.75,158.0191441090643,82.5,1.5,10.75,0.25,5.25,6.25,0.0,31.25,0.0,0.0,15.269181176150475,4.999962932913828,34780.0,0,0,0,35,SALT LAKE
1183,350278,129.5,418.8544491197788,0.3091766131937808,227.0,2.0,139.0,86.0,250.6754941045815,1.75,0.25,116.5,22.5,73.5,3.25,0.0,9.25,0.0,0.0,14.675560825336616,8.999933279244889,48701.0,0,0,0,35,SALT LAKE
1184,350279,91.25,176.64780680247293,0.5165645792706359,204.75,45.75,53.0,106.0,224.81469878716797,19.75,26.0,41.5,11.5,23.25,26.5,0.0,56.25,0.0,0.0,14.064743267671354,5.999955519496593,32294.0,0,0,0,35,SALT LAKE
1185,350280,0.0,0.0,0.0,452.25,3.75,429.75,18.75,469.9150161371143,3.5,0.25,302.0,127.75,1.0,3.0,0.0,14.75,0.0,0.0,17.665016137114286,0.0,48701.0,0,0,0,35,SALT LAKE
1186,350281,148.75,344.7487865511497,0.4314735999162981,552.5,197.0,100.5,255.0,677.602189512379,181.75,15.25,70.25,30.25,59.0,26.5,0.0,169.5,0.0,0.0,114.85211472976395,10.250074782615131,19046.0,0,0,0,35,SALT LAKE
1187,350282,0.75,1.8855118602929173,0.39776997206662296,684.75,79.75,112.5,492.5,736.7889873624035,62.5,17.25,90.5,22.0,134.75,96.75,0.0,261.0,0.0,0.0,52.03898736240349,0.0,48701.0,0,0,0,35,SALT LAKE
1188,350283,355.25,845.8488190809474,0.4199923106661011,1201.5,288.25,47.75,865.5,1356.1240655472066,217.5,70.75,19.0,28.75,206.75,85.5,40.5,532.75,0.0,0.0,129.8745561620069,24.749509385199566,19046.0,0,0,0,35,SALT LAKE
1189,350284,224.7499688770779,580.8968659170858,0.38690167233430645,374.49994814000297,34.99999515327131,39.499994530120475,299.9999584566112,486.858612563643,25.99999639957297,8.999998753698335,2.999999584566112,36.49999494555436,30.74999574180265,20.499997161201765,0.0,248.74996555360678,0.0,6.439651019879495,90.41943206178611,15.499581341974423,19046.0,0,0,0,35,SALT LAKE
1190,350285,781.0000022939661,1488.719881633517,0.5246117902563401,182.2500005353077,102.50000030106469,19.750000058010027,60.00000017623299,295.63753253423346,5.500000016154691,97.00000028491,18.000000052869897,1.7500000051401288,10.000000029372165,5.000000014686083,0.0,45.00000013217474,0.0,0.0,58.8880214973956,54.499510501530146,19046.0,0,0,0,35,SALT LAKE
1191,350286,362.49997306876315,763.1475399823349,0.4750064097397918,108.49999193920222,13.24999901561686,2.249999832840599,92.99999309074475,184.61201215140397,11.249999164202995,1.9999998514138657,0.0,2.249999832840599,14.249998941323794,10.249999238496061,41.249996935410984,27.24999797551392,0.0,0.0,51.11220740494555,24.99981280725623,19046.0,0,0,0,35,SALT LAKE
1192,350287,342.25,659.5345076393311,0.518926600558042,1125.75,202.75,98.5,824.5,1222.3515976889255,152.5,50.25,0.0,98.5,175.25,346.75,9.25,293.25,0.0,0.0,72.85187243732388,23.749725251601543,19046.0,0,0,258,35,SALT LAKE
1193,350288,364.75,676.1445103481392,0.5394556850164979,923.25,363.5,41.75,518.0,1049.3298477521437,287.5,76.0,27.75,14.0,83.75,46.25,8.25,379.75,0.0,0.0,100.82953421930311,25.250313532840693,19046.0,0,0,0,35,SALT LAKE
1194,350289,699.0,1461.6783060598573,0.47821740057444295,899.5,300.25,8.5,590.75,1025.6710959240038,197.5,102.75,0.5,8.0,75.0,94.5,25.0,396.25,0.0,0.0,77.67152621001418,48.499569713989466,70218.0,404,0,0,35,SALT LAKE
1195,350290,680.5,1315.080266346717,0.5174589090979396,342.75,95.5,2.75,244.5,429.9641583141181,22.5,73.0,0.0,2.75,17.75,5.0,99.5,122.25,0.0,0.0,39.964447162400255,47.24971115171786,76177.0,0,0,0,35,SALT LAKE
1196,350291,0.0,0.0,0.0,75.0,0.0,0.0,75.0,77.92939389510606,0.0,0.0,0.0,0.0,0.0,44.0,0.0,31.0,0.0,0.0,2.929393895106063,0.0,76177.0,0,0,0,35,SALT LAKE
1197,350292,683.25,1397.7739760812926,0.4888129352039554,263.0,139.75,4.25,119.0,347.2108673056328,20.0,119.75,1.0,3.25,17.25,5.25,2.0,94.5,0.0,0.0,36.96120829000469,47.24965901562814,68454.0,0,0,0,35,SALT LAKE
1198,350293,611.25,1407.9954668853456,0.43412781814714085,210.25,85.75,4.5,120.0,288.3357196820094,65.25,20.5,1.0,3.5,10.5,9.25,34.0,66.25,0.0,0.0,35.58609059548377,42.49962908652566,79868.0,0,0,0,35,SALT LAKE
1199,350294,227.75,516.1959897854379,0.44120838694362313,12.0,6.0,0.0,6.0,39.36419071548583,6.0,0.0,0.0,0.0,0.0,0.0,0.0,6.0,0.0,0.0,11.364309330161586,15.999881385324253,126214.0,0,0,0,35,SALT LAKE
1200,350295,328.0,824.4901549343633,0.39782160895069957,9.0,3.0,0.0,6.0,47.41264428636258,3.0,0.0,0.0,0.0,0.0,0.0,0.0,6.0,0.0,0.0,15.412814794958972,22.99982949140361,124089.0,0,0,0,35,SALT LAKE
1201,350296,308.25,681.4113281499014,0.4523699376071851,51.25,2.5,0.0,48.75,86.54156695900475,0.0,2.5,0.0,0.0,0.0,48.75,0.0,0.0,0.0,0.0,14.04178963695534,21.24977732204941,117066.0,470,0,0,35,SALT LAKE
1202,350297,144.25,320.4969925134824,0.45008222657169494,0.0,0.0,0.0,0.0,15.63418669035607,0.0,0.0,0.0,0.0,0.0,0.0,0.0,0.0,0.0,0.0,5.634260824528414,9.999925865827656,117066.0,0,0,0,35,SALT LAKE
1203,350298,509.5,1327.1419726797594,0.38390768319324553,59.0,58.5,0.0,0.5,116.20533686277284,0.0,58.5,0.0,0.0,0.25,0.25,0.0,0.0,0.0,0.0,22.20559633237606,34.99974053039679,114574.0,0,0,0,35,SALT LAKE
1204,350299,584.5,1125.0518519659736,0.5195316100130093,186.75,26.0,22.5,138.25,257.87307122567745,18.0,8.0,0.0,22.5,30.75,53.25,5.0,49.25,0.0,0.0,30.12337517578409,40.99969604989339,85173.0,485,0,0,35,SALT LAKE
1205,350300,213.0,543.6895935589819,0.3917676603035677,426.0,160.5,1.0,264.5,468.4573428187418,0.25,160.25,0.0,1.0,0.0,15.0,1.0,248.5,0.0,0.0,27.457454020000323,14.999888798741484,142362.0,0,0,0,35,SALT LAKE
1206,350301,926.0,2109.7634390483886,0.4389117674812269,0.0,0.0,0.0,0.0,100.91777549953986,0.0,0.0,0.0,0.0,0.0,0.0,0.0,0.0,0.0,0.0,36.91824995824286,63.999525541297,143431.0,0,0,0,35,SALT LAKE
1207,350302,0.0,0.0,0.0,311.0,14.5,126.75,169.75,323.09359913549247,10.5,4.0,12.25,114.5,20.75,55.0,0.0,94.0,0.0,0.0,12.093599135492491,0.0,45129.0,0,0,0,35,SALT LAKE
1208,350303,0.0,0.0,0.0,0.0,0.0,0.0,0.0,0.0,0.0,0.0,0.0,0.0,0.0,0.0,0.0,0.0,0.0,0.0,0.0,0.0,45129.0,0,0,0,35,SALT LAKE
1209,350304,0.0,0.0,0.0,41.5,4.25,2.25,35.0,43.12021224076898,2.5,1.75,0.0,2.25,6.25,17.25,0.0,11.5,0.0,0.0,1.620212240768978,0.0,45129.0,0,0,0,35,SALT LAKE
1210,350305,0.0,0.0,0.0,606.75,46.25,214.5,346.0,630.4444547527708,36.0,10.25,0.0,214.5,23.75,60.0,0.0,262.25,0.0,0.0,23.69445475277079,0.0,45129.0,0,0,0,35,SALT LAKE
1211,350306,0.0,0.0,0.0,5966.0,466.0,4607.75,892.25,6199.0215865894925,454.5,11.5,1551.5,3056.25,278.0,129.0,0.0,485.25,0.0,0.0,233.0215865894923,0.0,69745.0,0,0,0,35,SALT LAKE
1212,350307,0.0,0.0,0.0,5740.5,304.75,3564.25,1871.5,5964.713521433536,260.75,44.0,819.75,2744.5,416.25,205.25,105.0,1145.0,0.0,0.0,224.2135214335361,0.0,69745.0,0,0,0,35,SALT LAKE
1213,350308,0.0,0.0,0.0,10881.5,1302.0,3595.5,5984.0,11306.5233651406,587.5,714.5,1778.5,1817.0,914.0,927.25,155.25,3987.5,0.0,0.0,425.02336514060033,0.0,69745.0,0,0,0,35,SALT LAKE
1214,350309,0.0,0.0,0.0,2892.0,104.25,2116.25,671.5,3004.9587739160656,88.25,16.0,1278.25,838.0,75.75,326.5,27.5,241.75,0.0,0.0,112.95877391606544,0.0,69745.0,0,0,0,35,SALT LAKE
1215,350310,0.0,0.0,0.0,1038.0,44.0,746.75,247.25,1907.6487721068584,40.25,3.75,393.25,353.5,15.0,22.0,0.0,210.25,0.0,829.1051835453512,40.54358856150692,0.0,69745.0,0,0,0,35,SALT LAKE
1216,350311,65.0,196.73115783731103,0.3304001293671664,2421.75,307.25,1319.25,795.25,2523.8805560324786,279.0,28.25,925.25,394.0,247.75,115.5,36.0,396.0,0.0,0.0,97.1305930995652,4.999962932913828,69745.0,0,0,0,35,SALT LAKE
1217,350312,281.0,998.4805693801316,0.28142760972749636,2121.25,346.0,149.5,1625.75,2239.410109698579,188.75,157.25,13.0,136.5,342.0,290.5,247.5,745.75,0.0,4.829738934023716,93.83058606146652,19.49978470308927,64668.0,0,0,0,35,SALT LAKE
1218,350313,287.75,1106.753334461508,0.2599946989452759,166.75,1.75,0.0,165.0,207.25264558742884,1.5,0.25,0.0,0.0,2.25,154.0,0.0,8.75,0.0,0.0,20.50279385577353,19.999851731655312,66746.0,570,820,0,35,SALT LAKE
1219,350314,344.25,1338.365854321677,0.2572166638056348,53.25,14.0,2.25,37.0,92.7765628119422,12.75,1.25,0.0,2.25,17.25,8.0,0.0,11.75,0.0,0.0,15.52674073395583,23.999822077986373,72182.0,0,0,0,35,SALT LAKE
1220,350315,270.5,834.4458040210012,0.32416724812626907,87.5,40.5,0.0,47.0,134.22964528386,16.5,24.0,0.0,0.0,11.25,17.0,0.0,18.75,0.0,0.0,27.97979358502562,18.749851698834384,37499.0,0,0,0,35,SALT LAKE
1221,350316,56.25,163.6806687161845,0.34365695375753363,6.0,2.0,0.0,4.0,14.43180804440808,1.5,0.5,0.0,0.0,0.0,0.25,0.0,3.75,0.0,0.0,4.431837698077016,3.9999703463310623,59421.0,0,0,0,35,SALT LAKE
1222,350317,26.75,81.94114857859081,0.3264538081784847,1260.5,104.75,299.25,856.5,1323.5229115270397,78.5,26.25,145.5,153.75,86.5,240.25,84.0,445.75,0.0,0.0,61.022926353874254,1.9999851731655311,37499.0,279,0,0,35,SALT LAKE
1223,350318,216.0,701.3598868485619,0.3079731305572069,88.5,2.25,2.5,83.75,115.8920353245474,2.25,0.0,0.0,2.5,59.25,7.25,1.0,16.25,0.0,0.0,12.392146525805911,14.999888798741484,48701.0,0,0,0,35,SALT LAKE
1224,350319,0.0,0.0,0.0,352.75,15.0,268.75,69.0,366.53100652893096,12.25,2.75,148.5,120.25,5.0,13.75,0.0,50.25,0.0,0.0,13.781006528930964,0.0,37499.0,0,0,0,35,SALT LAKE
1225,350320,0.0,0.0,0.0,1353.5,267.25,51.5,1034.75,1406.363024961341,240.5,26.75,0.0,51.5,77.25,73.25,0.0,884.25,0.0,0.0,52.86302496134097,0.0,37499.0,0,0,0,35,SALT LAKE
1226,350321,253.25,661.6038526096878,0.3827819306085638,1427.25,496.25,130.25,800.75,1593.323101531215,390.5,105.75,22.75,107.5,116.75,105.5,0.0,578.5,0.0,0.0,148.57360723098972,17.499494300225056,52826.0,0,0,0,35,SALT LAKE
1227,350322,540.25,1142.3494652630752,0.47292883345079006,938.75,210.25,221.25,507.25,1044.5132576354215,174.0,36.25,34.25,187.0,75.5,60.5,92.25,279.0,0.0,0.0,68.0135840355717,37.749673599849984,52826.0,0,0,0,35,SALT LAKE
1228,350323,551.25,1311.65758508319,0.4202697459070751,890.25,91.25,239.75,559.25,1011.5524261353048,44.0,47.25,3.75,236.0,116.25,99.25,56.5,287.25,0.0,0.0,83.05289400556043,38.24953212974421,52826.0,0,0,0,35,SALT LAKE
1229,350324,659.25,1456.6626639948704,0.4525756143100552,404.25,86.0,5.25,313.0,567.7682813577225,7.0,79.0,1.0,4.25,53.75,26.25,150.25,82.75,0.0,0.0,117.76861492912062,45.74966642860183,52826.0,0,0,0,35,SALT LAKE
1230,350325,293.75,561.5300100047915,0.5231243117308966,1231.5,246.0,59.5,926.0,1372.5465875891762,108.25,137.75,23.5,36.0,88.75,100.25,389.5,347.5,0.0,0.0,120.54693687802066,20.499650711155493,52826.0,0,0,0,35,SALT LAKE
1231,350326,609.0,1531.3421367714084,0.3976903563066447,1313.25,77.5,19.5,1216.25,1442.8193590525852,27.0,50.5,0.5,19.0,83.25,781.0,158.0,194.0,0.0,0.0,87.06975227239664,42.49960678018855,25539.0,560,0,318,35,SALT LAKE
1232,350327,726.2499999747905,1499.8296622719668,0.4842216541274794,75.24999999738793,20.249999999297085,6.249999999783052,48.7499999983078,157.804486414614,4.999999999826441,15.249999999470646,5.999999999791729,0.24999999999132205,18.24999999936651,3.2499999998871867,5.749999999800407,21.499999999253696,0.0,0.0,32.05486450370151,50.49962191352457,72818.0,0,0,0,35,SALT LAKE
1233,350328,580.25,1205.5189730892823,0.4813279699058091,230.5,57.75,6.25,166.5,302.4159391446525,6.25,51.5,6.0,0.25,25.75,108.0,32.25,0.5,0.0,0.0,31.916235681341835,39.999703463310624,61505.0,413,0,0,35,SALT LAKE
1234,350329,589.5,1275.4103706639405,0.46220417644332307,432.25,140.5,9.75,282.0,513.9118956005327,104.25,36.25,0.0,9.75,91.25,47.75,16.0,127.0,0.0,0.0,40.66219955063929,40.99969604989339,80460.0,0,0,0,35,SALT LAKE
1235,350330,682.5,1512.6347054595926,0.45119948493620743,506.5,121.75,22.75,362.0,600.6909608982046,27.5,94.25,0.0,22.75,52.0,116.0,84.25,109.75,0.0,0.0,47.19130932881458,46.99965156938998,68937.0,596,0,0,35,SALT LAKE
1236,350331,580.25,1307.2722560842767,0.4438631641568263,522.0,66.0,22.5,433.5,605.0560153244937,44.5,21.5,0.0,22.5,119.0,89.75,73.25,151.5,0.0,0.0,43.056311861183104,39.999703463310624,76947.0,0,0,0,35,SALT LAKE
1237,350332,189.0,429.522783523367,0.4400232240293208,33.5,20.0,1.0,12.5,57.44030153744953,0.5,19.5,0.0,1.0,2.25,1.25,0.0,9.0,0.0,0.0,10.940397911873577,12.999903625575952,126214.0,0,0,0,35,SALT LAKE
1238,350333,612.0,1368.3172771556483,0.44726468796197477,86.25,49.5,0.0,36.75,156.0214897311042,4.75,44.75,0.0,0.0,2.25,2.75,5.25,26.5,0.0,0.0,27.271808508488824,42.49968122261537,95967.0,0,0,0,35,SALT LAKE
1239,350334,212.25,533.4014222297023,0.39791794913624606,0.0,0.0,0.0,0.0,27.79020498111512,0.0,0.0,0.0,0.0,0.0,0.0,0.0,0.0,0.0,0.0,12.790316182373637,14.999888798741484,124089.0,0,0,0,35,SALT LAKE
1240,350335,470.5,1162.771231014183,0.40463677415687715,191.25,138.0,12.5,40.75,250.59575131891168,87.75,50.25,4.75,7.75,2.5,3.75,0.75,33.75,0.0,0.0,26.345995961680416,32.999755357231265,117451.0,0,0,0,35,SALT LAKE
1241,350336,333.5,923.791275671513,0.361012285765067,89.5,26.0,0.0,63.5,134.7907164669474,22.25,3.75,0.0,0.0,0.0,62.75,0.0,0.75,0.0,0.0,22.290886975543785,22.99982949140361,151429.0,0,755,0,35,SALT LAKE
1242,350337,395.75,1343.306864256953,0.2946087826469257,151.25,25.0,17.0,109.25,202.86435701717355,21.75,3.25,0.0,17.0,17.75,9.25,13.0,69.25,0.0,0.0,24.11455717899535,27.49979983817821,107916.0,0,0,0,35,SALT LAKE
1243,350338,457.75,1029.1896598104458,0.4447673911573378,1220.0,491.75,40.0,688.25,1323.5290696788988,321.0,170.75,19.0,21.0,74.75,94.5,30.0,489.0,0.0,0.0,71.77931435448849,31.749755324410337,79751.0,0,0,0,35,SALT LAKE
1244,350339,304.5,746.7044570175569,0.40779186080690616,520.25,107.5,6.25,406.5,577.4667389878717,50.25,57.25,0.0,6.25,54.25,53.25,21.0,278.0,0.0,0.0,36.21689466963367,20.999844318238075,115751.0,0,0,0,35,SALT LAKE
1245,350340,503.0,1277.7174898983903,0.39367074801488455,29.0,0.0,0.0,29.0,86.02885384445898,0.0,0.0,0.0,0.0,0.0,29.0,0.0,0.0,0.0,0.0,22.029113314062187,34.99974053039679,156479.0,418,0,0,35,SALT LAKE
1246,350341,0.0,0.0,0.0,1134.0,256.25,420.5,457.25,1178.290618584891,248.25,8.0,226.25,194.25,40.25,32.0,0.0,385.0,0.0,0.0,44.29061858489092,0.0,69745.0,0,0,0,35,SALT LAKE
1247,350342,0.0,0.0,0.0,3421.25,158.0,2466.25,797.0,3554.876500057921,78.5,79.5,73.75,2392.5,439.25,150.0,7.0,200.75,0.0,0.0,133.6265000579212,0.0,69745.0,0,0,0,35,SALT LAKE
1248,350343,0.0,0.0,0.0,0.0,0.0,0.0,0.0,0.0,0.0,0.0,0.0,0.0,0.0,0.0,0.0,0.0,0.0,0.0,0.0,0.0,64668.0,0,0,0,35,SALT LAKE
1249,350344,84.0,248.21039662109703,0.3384225686896964,1951.75,165.0,700.75,1086.0,2087.298038532194,134.5,30.5,495.25,205.5,205.0,126.25,0.0,754.75,0.0,0.0,129.7982170374521,5.74982149474189,37499.0,0,0,0,35,SALT LAKE
1250,350345,0.0,0.0,0.0,1306.5,395.5,478.0,433.0,1357.5274879847195,351.5,44.0,1.0,477.0,64.75,52.0,0.0,316.25,0.0,0.0,51.02748798471958,0.0,37499.0,0,0,0,35,SALT LAKE
1251,350346,0.0,0.0,0.0,460.5,69.5,141.5,249.5,478.4851251973362,61.0,8.5,0.0,141.5,58.5,56.25,0.0,134.75,0.0,0.0,17.985125197336163,0.0,37499.0,0,0,0,35,SALT LAKE
1252,350347,0.0,0.0,0.0,330.75,37.5,160.0,133.25,343.671189964008,11.25,26.25,15.0,145.0,5.0,8.25,0.0,120.0,0.0,0.0,12.92118996400804,0.0,37499.0,0,0,0,35,SALT LAKE
1253,350348,104.0,234.13811121489837,0.4441822796825501,2265.5,1186.5,77.25,1001.75,2385.0589846730386,918.5,268.0,1.25,76.0,181.25,149.75,3.0,667.75,0.0,0.0,112.30896209259848,7.250022580440016,34686.0,0,0,0,35,SALT LAKE
1254,350349,526.25,1168.7861165913068,0.45025346599322713,976.25,276.5,154.0,545.75,1099.9400881694537,239.75,36.75,123.5,30.5,87.75,74.75,0.25,383.0,0.0,0.0,87.19006469662764,36.50002347282607,34686.0,0,0,0,35,SALT LAKE
1255,350350,549.75,1040.5410429630924,0.5283309137278301,532.75,39.5,47.0,446.25,699.7846381465637,27.5,12.0,6.25,40.75,97.25,141.0,31.25,176.75,0.0,0.0,128.78457726956793,38.25006087699573,34686.0,0,0,0,35,SALT LAKE
1256,350351,442.75,696.4456421953212,0.6357280068612,412.25,70.25,17.5,324.5,489.4102822574917,35.75,34.5,1.0,16.5,50.5,43.75,62.0,168.25,0.0,0.0,46.41044507723724,30.7498371802544,34686.0,0,0,0,35,SALT LAKE
1257,350352,116.0,183.4541973927017,0.6323104167068504,2576.25,297.25,71.5,2207.5,2693.1602475881155,95.5,201.75,0.0,71.5,1405.5,170.75,101.25,530.0,0.0,0.0,108.91036644584771,7.9998811422680784,34686.0,0,0,0,35,SALT LAKE
1258,350353,1019.0,1687.6479604241476,0.6037989106116065,7485.75,240.25,24.75,7220.75,7890.1815852925,171.0,69.25,0.0,24.75,133.75,6317.0,277.25,492.75,0.0,0.0,333.43211164512354,70.99947364737636,27074.0,0,0,0,35,SALT LAKE
1259,350354,730.75,1373.0522085715495,0.5322084589632855,1665.0,216.0,102.25,1346.75,1809.3293591786703,141.0,75.0,1.0,101.25,310.0,317.75,115.0,604.0,0.0,0.0,93.57967026676076,50.74968891190971,60370.0,0,0,0,35,SALT LAKE
1260,350355,764.75,1587.8426213185123,0.48162833629252694,555.0,200.25,8.25,346.5,661.0468039387817,52.25,148.0,0.0,8.25,42.75,38.25,48.0,217.5,0.0,0.0,53.0471968498952,52.99960708888658,67318.0,0,0,0,35,SALT LAKE
1261,350356,659.0,1542.278566402557,0.42728986472084024,612.25,116.75,27.0,468.5,718.6781614950249,42.0,74.75,7.5,19.5,89.5,67.75,104.25,207.0,0.0,0.0,60.6783684879066,45.74979300711837,54863.0,0,0,0,35,SALT LAKE
1262,350357,467.25,840.8667700199455,0.5556766144878299,261.5,52.75,1.25,207.5,322.21293918002635,31.25,21.5,0.0,1.25,42.75,16.75,49.5,98.5,0.0,0.0,28.463116827050005,32.24982235297638,59906.0,0,0,0,35,SALT LAKE
1263,350358,247.5,390.8113143876791,0.6332979391545549,731.0,49.5,10.0,671.5,786.971436685744,19.0,30.5,0.0,10.0,45.5,429.0,85.0,112.0,0.0,0.0,38.971562713836974,16.999873971907014,60405.0,0,0,0,35,SALT LAKE
1264,350359,485.0,877.0126694268365,0.5530136757510781,498.25,184.75,6.0,307.5,573.403669141355,23.25,161.5,1.0,5.0,48.5,25.75,127.5,105.75,0.0,0.0,41.15392119754091,33.99974794381403,92591.0,0,0,0,35,SALT LAKE
1265,350360,510.5,1294.7551607094783,0.39428303936650444,55.75,9.75,2.0,44.0,115.3676805579876,8.0,1.75,0.0,2.0,4.75,4.5,0.0,34.75,0.0,0.0,24.11787299902477,35.49980755896284,116830.0,0,0,0,35,SALT LAKE
1266,350361,489.75,1069.8195518647042,0.45778748308194755,22.75,10.75,1.0,11.0,84.26722835836814,10.75,0.0,0.0,1.0,0.0,0.25,0.0,10.75,0.0,0.0,27.517480414554115,33.99974794381403,94432.0,0,0,0,35,SALT LAKE
1267,350362,468.25,1139.850955458804,0.41079932227764254,93.5,29.0,5.25,59.25,151.4378374515473,27.0,2.0,2.0,3.25,16.0,3.25,8.0,32.0,0.0,0.0,25.438007652332743,32.49982979921454,86636.0,0,0,0,35,SALT LAKE
1268,350363,639.5,1575.2450880512356,0.40596857266899156,312.25,119.75,2.25,190.25,399.9256545640845,107.75,12.0,0.0,2.25,18.0,77.25,0.25,94.75,0.0,0.0,43.175980753999255,44.49967381008523,76455.0,556,0,0,35,SALT LAKE
1269,350364,517.75,1176.404688329607,0.4401121528469597,184.75,41.25,0.0,143.5,253.4375058853972,0.0,41.25,0.0,0.0,0.0,138.5,0.0,5.0,0.0,0.0,32.687772768417595,35.99973311697956,99958.0,501,591,0,35,SALT LAKE
1270,350365,434.5,1038.8717090099733,0.41824221049783994,8.75,8.75,0.0,0.0,58.812916919508645,0.0,8.75,0.0,0.0,0.0,0.0,0.0,0.0,0.0,0.0,20.06313932202568,29.999777597482964,107730.0,0,0,0,35,SALT LAKE
1271,350366,307.25,533.0092184355767,0.5764440639540954,495.75,176.75,7.75,311.25,548.3664994945042,94.5,82.25,0.0,7.75,34.25,38.75,58.0,180.25,0.0,0.0,31.366647730027964,21.24985176447624,67016.0,0,0,0,35,SALT LAKE
1272,350367,328.5,605.1421608862686,0.5428476500776135,424.25,176.0,14.75,233.5,498.9083629306882,74.5,101.5,0.0,14.75,59.0,33.0,7.75,133.75,0.0,0.0,51.65881638038331,22.99954655030497,63303.0,0,0,0,35,SALT LAKE
1273,350368,1303.75,2229.4980765874943,0.5847728749762102,755.5,368.75,12.5,374.25,954.9969378811866,147.5,221.25,2.0,10.5,63.5,42.0,10.75,258.0,0.0,0.0,108.99743378799226,90.4995040931944,63303.0,0,0,0,35,SALT LAKE
1274,350369,339.0,667.4188748024349,0.5079268998803018,503.5,242.75,9.75,251.0,583.4065005765161,101.0,141.75,2.0,7.75,34.0,28.5,19.75,168.75,0.0,0.0,56.15661150234109,23.749889074175037,59906.0,0,0,0,35,SALT LAKE
1275,350370,153.75,248.9132826781025,0.6176849959382491,2370.0,724.5,6.75,1638.75,2493.817247223171,477.75,246.75,0.0,6.75,824.5,5.5,29.5,779.25,0.0,14.489216797244149,98.57817155584412,10.74985887008254,63303.0,0,0,0,35,SALT LAKE
1276,350371,687.0,1146.4697399813383,0.5992308179116727,626.0,124.0,63.75,438.25,755.5610751925412,73.5,50.5,3.0,60.75,83.0,27.5,35.5,292.25,0.0,0.0,82.0613193505283,47.499755842012966,60405.0,0,0,0,35,SALT LAKE
1277,350372,0.0,0.0,0.0,135.74999569704985,0.0,0.0,135.74999569704985,141.05281309201652,0.0,0.0,0.0,0.0,0.0,134.99999572082308,0.0,0.7499999762267948,0.0,0.0,5.302817394966656,0.0,83576.0,0,0,1832,35,SALT LAKE
1278,350373,510.5000019999119,1139.1752332403169,0.44813123310961095,105.75000041428146,4.750000018608387,0.0,101.00000039567307,168.32283055255823,1.0000000039175552,3.7500000146908317,0.0,0.0,16.000000062680883,27.500000107732767,20.000000078351103,37.50000014690832,0.0,0.0,27.0731490187585,35.49968111951825,83576.0,0,0,0,35,SALT LAKE
1279,350374,299.5,833.0101544822152,0.3595394346497061,95.0,25.0,25.25,44.75,132.91284971433822,24.0,1.0,25.0,0.25,27.0,2.0,0.0,15.75,0.0,0.0,16.913005396100154,20.999844318238075,157449.0,0,0,0,35,SALT LAKE
1280,350375,767.75,1721.6694350972932,0.4459334552550814,606.75,78.5,7.0,521.25,716.6884493961887,38.75,39.75,0.0,7.0,183.75,43.5,31.0,263.0,0.0,0.0,56.6889093034909,53.24954009269791,72786.0,0,0,0,35,SALT LAKE
1281,350376,525.5,1275.456634765877,0.4120093037082839,268.25,3.25,14.25,250.75,340.63682796382847,2.5,0.75,0.0,14.25,90.25,0.25,153.0,7.25,0.0,4.829738934023716,31.05723674816942,36.49985228163532,109244.0,0,0,0,35,SALT LAKE
1282,350377,354.0,694.2277892124024,0.5099190863586879,81.5,36.25,31.0,14.25,129.76073655132993,30.5,5.75,0.0,31.0,2.25,2.5,0.0,9.5,0.0,0.0,23.51091444096617,24.749822110363755,48050.0,0,0,0,35,SALT LAKE
1283,350378,276.0,480.86555718346347,0.5739650009798859,69.25,12.5,8.0,48.75,103.23602625041369,9.5,3.0,0.0,8.0,6.5,6.0,0.0,36.25,0.0,0.0,14.986167105341142,18.99985914507255,67016.0,0,0,0,35,SALT LAKE
1284,350379,552.25,1151.173747995049,0.4797277569626919,42.5,11.0,3.5,28.0,107.4776154762568,7.5,3.5,0.0,3.5,7.75,6.0,0.0,14.25,0.0,0.0,26.47783015754565,38.49978531871113,55325.0,0,0,0,35,SALT LAKE
1285,350380,209.5,336.91582978731526,0.6218170281053609,4.5,0.5,1.0,3.0,28.357622243779343,0.0,0.5,0.0,1.0,0.0,1.25,0.0,1.75,0.0,0.0,9.107793027365744,14.749829216413602,63303.0,0,0,0,35,SALT LAKE
1286,350381,529.75,903.138638752017,0.5865655363079403,114.5,21.25,3.25,90.0,176.66311482757834,13.25,8.0,0.0,3.25,18.75,2.5,0.0,68.75,0.0,0.0,25.16338912401601,36.999725703562326,73323.0,0,0,0,35,SALT LAKE
1287,350382,184.0,364.10863593031365,0.5053436854906554,247.75,82.5,8.0,157.25,299.3721952873034,67.25,15.25,2.25,5.75,24.75,17.75,5.75,109.0,0.0,0.0,38.87222466553877,12.749970621764614,63303.0,0,0,0,35,SALT LAKE
1288,350383,299.75,562.9952437345462,0.5324201284750693,1357.25,551.75,27.0,778.5,1471.971989285718,288.0,263.75,0.0,27.0,327.75,24.75,210.0,216.0,0.0,0.0,93.97177267816828,20.750216607549547,63303.0,0,0,0,35,SALT LAKE
1289,350384,177.5,299.91895543227525,0.5918265477557697,64.75,2.25,0.0,62.5,86.21138367863715,2.25,0.0,0.0,0.0,7.75,0.5,0.0,54.25,0.0,0.0,9.46147263964396,11.999911038993186,73323.0,0,0,0,35,SALT LAKE
1290,350385,767.75,1722.8029070236832,0.44564006530866956,126.25,13.75,32.25,80.25,215.1674665469212,0.0,13.75,32.25,0.0,22.25,0.0,9.0,49.0,0.0,0.0,35.667866903829264,53.24959964309196,90891.0,0,0,0,35,SALT LAKE
1291,350386,429.5,1278.4848749497498,0.33594452966593075,292.75,25.0,4.5,263.25,350.9593342915568,21.0,4.0,0.0,4.5,13.75,18.75,9.0,221.75,0.0,0.0,28.20955669407372,29.999777597482964,71658.0,0,0,0,35,SALT LAKE
1292,350387,364.25,972.0308269299968,0.37473091378225637,315.5,47.75,15.25,252.5,373.8127214599376,17.75,30.0,0.0,15.25,16.25,30.5,4.0,201.75,0.0,0.0,33.31290679536846,24.99981466456914,122892.0,0,0,0,35,SALT LAKE
1293,350388,239.0,539.4811836906913,0.4430182316368413,1438.0,437.5,22.25,978.25,1524.4862468920826,335.0,102.5,0.0,22.25,146.75,145.75,100.0,585.75,0.0,0.0,69.9864250567089,16.499821835373748,72786.0,0,0,0,35,SALT LAKE
1294,350389,0.0,0.0,0.0,30.0,0.0,0.0,30.0,31.171757558042422,0.0,0.0,0.0,0.0,0.0,0.0,0.0,30.0,0.0,0.0,1.171757558042425,0.0,47674.0,0,0,0,35,SALT LAKE
1295,350390,183.75,378.393295548958,0.4856058554986361,45.0,0.0,0.0,45.0,70.18473100021023,0.0,0.0,0.0,0.0,0.0,45.0,0.0,0.0,0.0,0.0,12.184827374634288,12.999903625575952,74666.0,361,67,0,35,SALT LAKE
1296,350391,398.25,797.9803695568983,0.4990724273344467,25.0,0.0,18.0,7.0,75.53241889412934,0.0,0.0,18.0,0.0,0.0,0.0,0.0,7.0,0.0,0.0,23.032626470255444,27.49979242387389,76749.0,0,0,0,35,SALT LAKE
1297,350392,553.25,1002.952946599934,0.5516210923708317,506.75,64.0,11.25,431.5,588.9054685141942,49.5,14.5,0.0,11.25,125.25,48.75,61.0,196.5,0.0,0.0,43.9057576698438,38.24971084435048,70057.0,0,0,0,35,SALT LAKE
1298,350393,735.75,1847.970369033304,0.39813950068089016,248.5,117.25,6.75,124.5,340.19555096495134,65.75,51.5,4.0,2.75,18.25,21.5,0.0,84.75,0.0,0.0,40.69592904923032,50.99962191572104,84114.0,0,0,0,35,SALT LAKE
1299,350394,352.75,756.1234676661389,0.4665243377365379,156.5,19.75,5.5,131.25,216.64152306206063,17.75,2.0,2.75,2.75,13.75,88.5,0.0,29.0,0.0,0.0,35.641775426057535,24.499747636003097,81276.0,628,0,0,35,SALT LAKE
1300,350395,173.25,512.5724373562572,0.3380010070256367,294.5,79.75,0.0,214.75,329.7720344097912,52.75,27.0,0.0,0.0,134.75,0.0,80.0,0.0,0.0,0.0,23.27212337079802,11.999911038993186,71658.0,0,0,0,35,SALT LAKE
1301,350396,613.25,1023.8879199741338,0.5989425092694641,2019.0,731.75,13.5,1273.75,2166.319128926679,629.75,102.0,0.0,13.5,148.5,83.75,32.0,1009.5,0.0,0.0,104.56950728594752,42.74962164073104,47989.0,0,0,0,35,SALT LAKE
1302,350397,3.0,11.176416693350342,0.26842234701081935,425.5,24.0,187.75,213.75,444.2554445244705,13.75,10.25,139.0,48.75,28.75,49.75,0.0,135.25,2.0182126120473414,0.0,16.737231912423155,0.0,45129.0,0,0,0,35,SALT LAKE
1303,350398,382.0,1102.8914306778377,0.34636228859374,596.75,55.75,83.75,457.25,664.2433278858658,35.75,20.0,14.0,69.75,67.25,159.0,9.0,222.0,2.0182126120473414,0.0,39.22531546846124,26.24979980535729,45129.0,0,0,0,35,SALT LAKE
1304,350399,291.0,772.5035288750053,0.3766973083265814,31.0,3.5,4.0,23.5,66.83745064845856,2.25,1.25,0.5,3.5,4.0,7.5,0.0,12.0,1.009106306023671,0.0,14.57850005657419,20.249844285860696,51401.0,0,0,0,35,SALT LAKE
1305,350400,1.0,1.0,1.0,632.25,18.0,599.0,15.25,657.9926326089811,17.0,1.0,0.0,599.0,1.0,2.0,0.0,12.25,1.009106306023671,0.0,24.73352630295749,0.0,82805.0,0,0,0,35,SALT LAKE
1306,350401,1317.4999739819516,4109.068156624078,0.3206323000162599,684.9999864725896,108.99999784746316,58.49999884473941,517.4999897803871,864.2062332540136,45.24999910640099,63.74999874106218,31.499999377936604,26.999999466802805,74.74999852383368,206.49999592202886,10.249999797582547,225.99999553694198,0.0,0.0,87.45693807391697,91.74930870750683,47499.0,608,0,2581,35,SALT LAKE
1307,350402,425.75,1128.0076201223733,0.37743539352492317,54.0,4.0,0.0,50.0,113.7371359972262,4.0,0.0,0.0,0.0,1.25,45.25,0.0,3.5,0.0,0.0,29.987350953948607,29.749785043277583,51401.0,448,0,0,35,SALT LAKE
1308,350403,657.25,1804.4515027686864,0.36423810725394334,0.0,0.0,0.0,0.0,88.42181698099569,0.0,0.0,0.0,0.0,0.0,0.0,0.0,0.0,0.0,0.0,42.67214313808952,45.74967384290616,82805.0,0,0,0,35,SALT LAKE
1309,350404,975.25,3287.358181203632,0.2966667902439893,65.25,3.25,2.25,59.75,209.62583558903447,2.75,0.5,0.0,2.25,2.5,44.5,0.0,12.75,0.0,0.0,76.62615354100552,67.74968204802893,82805.0,378,102,0,35,SALT LAKE
1310,350405,1022.249991673682,3596.91404125282,0.2842019519926109,17.499999857460928,9.249999924657919,0.24999999796372754,7.999999934839281,160.35847175911482,8.999999926694192,0.24999999796372754,0.0,0.24999999796372754,0.24999999796372754,0.24999999796372754,0.0,7.499999938911826,0.0,0.0,71.85907327500087,70.99939862665305,56753.0,0,0,0,35,SALT LAKE
1311,350406,777.25,2429.7979807196875,0.3198825606768282,132.5,34.75,20.0,77.75,232.78613949336972,7.0,27.75,1.25,18.75,11.25,16.75,4.0,45.75,0.0,0.0,46.036547263695,54.249592229674725,56215.0,0,0,0,35,SALT LAKE
1312,350407,1062.25,2883.080503631531,0.36844271211365376,179.0,32.5,6.75,139.75,321.9949955955103,25.25,7.25,0.0,6.75,14.0,87.75,4.0,34.0,0.0,0.0,69.49579734586227,73.49919824964802,67131.0,478,0,0,35,SALT LAKE
1313,350408,963.0,3205.840591139474,0.3003892341564352,188.25,18.0,48.0,122.25,305.4679905024043,12.5,5.5,18.0,30.0,23.5,23.5,0.0,75.25,1.009106306023671,0.0,49.209447923457816,66.9994362729228,79063.0,0,0,0,35,SALT LAKE
1314,350409,671.25,1681.4898463696054,0.3991995559469193,219.75,56.25,32.25,131.25,303.7876235417109,8.25,48.0,22.25,10.0,4.75,86.5,0.0,40.0,0.0,0.0,37.28808369073854,46.74953985097238,79063.0,706,0,0,35,SALT LAKE
1315,350410,484.5,1531.5349222687,0.316349299617862,1142.25,516.5,0.75,625.0,1241.2785290755062,345.75,170.75,0.0,0.75,7.0,1.75,84.0,532.25,0.0,0.0,65.27884071402016,33.74968836148615,67744.0,0,0,0,35,SALT LAKE
1316,350411,1020.0,3500.17736048801,0.291413804201564,454.25,74.25,19.5,360.5,594.8370534870319,64.75,9.5,8.25,11.25,26.25,169.0,53.25,112.0,0.0,0.0,69.83758728589362,70.7494662011382,55950.0,492,1202,0,35,SALT LAKE
1317,350412,82.0,256.430222791474,0.3197750994689944,166.75,9.25,62.25,95.25,183.47469906642397,7.5,1.75,4.5,57.75,11.0,24.0,0.0,60.25,1.009106306023671,0.0,9.715637240903678,5.999955519496593,67744.0,0,0,0,35,SALT LAKE
1318,350413,328.0,1037.531270834069,0.31613504982488055,0.0,0.0,0.0,0.0,35.811045459334125,0.0,0.0,0.0,0.0,0.0,0.0,0.0,0.0,0.0,0.0,12.811215967930517,22.99982949140361,67744.0,0,0,0,35,SALT LAKE
1319,350414,0.0,0.0,0.0,597.0,24.0,351.25,221.75,620.3178482814916,19.25,4.75,178.25,173.0,11.75,53.75,0.0,156.25,0.0,0.0,23.31784828149162,0.0,75048.0,0,0,0,35,SALT LAKE
1320,350415,487.0,1561.29103772316,0.31192134472903593,0.0,0.0,0.0,0.0,54.03038527539307,0.0,0.0,0.0,0.0,0.0,0.0,0.0,0.0,1.009106306023671,0.0,19.02153102555537,33.99974794381403,75048.0,0,0,0,35,SALT LAKE
1321,350416,0.0,0.0,0.0,758.0,20.25,353.75,384.0,787.6111531301691,16.75,3.5,8.0,345.75,202.5,39.0,0.0,142.5,0.0,0.0,29.61115313016913,0.0,76219.0,0,0,0,35,SALT LAKE
1322,350417,0.0,0.0,0.0,484.5,20.75,251.0,212.75,503.4216945855806,15.0,5.75,0.0,251.0,16.75,36.5,0.0,159.5,0.0,0.0,18.921694585580585,0.0,76219.0,0,0,0,35,SALT LAKE
1323,350418,0.0,0.0,0.0,124.75,37.0,30.5,57.25,129.62304196053816,35.25,1.75,0.0,30.5,10.75,6.0,0.0,40.5,0.0,0.0,4.873041960538155,0.0,76219.0,0,0,0,35,SALT LAKE
1324,350419,0.0,0.0,0.0,2940.0,272.25,1219.0,1448.75,3054.8301109056183,236.25,36.0,14.75,1204.25,113.75,143.25,0.0,1191.75,0.0,0.0,114.83011090561808,0.0,69745.0,0,0,0,35,SALT LAKE
1325,350420,0.0,0.0,0.0,2895.0,75.75,2224.0,595.25,3014.517548341798,66.0,9.75,268.25,1955.75,450.5,18.0,0.0,126.75,0.0,6.439651911629372,113.0778964301686,0.0,69745.0,0,0,0,35,SALT LAKE
1326,350421,0.0,0.0,0.0,3468.75,336.0,2555.25,577.5,3604.235176888635,334.75,1.25,1757.0,798.25,169.5,4.5,149.0,254.5,0.0,0.0,135.48517688863507,0.0,69745.0,0,0,0,35,SALT LAKE
1327,350422,338.0,1432.7313461652402,0.23591303485099968,3055.25,103.5,1983.0,968.75,3210.7855880839456,58.5,45.0,1286.5,696.5,179.25,111.0,4.0,674.5,0.0,0.0,132.53575859254192,22.99982949140361,44002.0,220,78,342,35,SALT LAKE
1328,350423,0.0,0.0,0.0,3581.0,211.5,2376.5,993.0,3720.872033054144,185.0,26.5,289.5,2087.0,361.25,93.0,3.0,535.75,0.0,0.0,139.8720330541442,0.0,44002.0,0,0,0,35,SALT LAKE
1329,350424,0.0,0.0,0.0,851.5,21.75,699.0,130.75,884.7571386188893,19.5,2.25,358.5,340.5,7.25,23.5,0.0,100.0,0.0,0.0,33.257138618889314,0.0,44002.0,0,0,0,35,SALT LAKE
1330,350425,0.0,0.0,0.0,5403.0,425.0,2443.75,2534.25,5614.030469916001,225.0,200.0,1166.75,1277.0,393.0,529.75,179.0,1432.5,0.0,0.0,211.0304699160008,0.0,37336.0,0,0,0,35,SALT LAKE
1331,350426,818.5,2074.713439729233,0.39451231400266096,3005.0,110.0,356.75,2538.25,3219.842776824493,62.25,47.75,107.5,249.25,555.75,149.0,344.0,1489.5,0.0,0.0,157.5931398069473,57.24963701754552,42499.0,0,0,197,35,SALT LAKE
1332,350427,48.0,174.05311852426362,0.275777879804599,1434.75,61.25,882.25,491.25,1495.6698527105827,53.25,8.0,292.0,590.25,31.75,94.75,0.0,364.75,0.0,0.0,57.919874950834334,2.9999777597482966,76219.0,0,0,0,35,SALT LAKE
1333,350428,9.0,27.16328965792924,0.33132953016141065,69.5,0.25,1.25,68.0,79.8205839138927,0.25,0.0,0.0,1.25,3.25,57.0,0.0,7.75,0.0,0.0,9.820717906270035,0.4998660076226774,76219.0,0,0,0,35,SALT LAKE
1334,350429,283.25,1036.61754664422,0.2732444583028218,799.0,251.25,31.0,516.75,862.7716491273568,191.5,59.75,0.0,31.0,72.25,70.0,16.0,358.5,0.0,0.0,43.77179739570144,19.999851731655312,76219.0,0,0,0,35,SALT LAKE
1335,350430,38.5,114.59759441074826,0.3359581865392895,3084.25,695.25,1220.5,1168.5,3220.4709000113235,321.5,373.75,166.25,1054.25,187.5,207.0,0.0,774.0,0.0,0.0,133.72087759365724,2.5000224176660217,69745.0,0,0,0,35,SALT LAKE
1336,350431,4.0,12.856699181741408,0.31112184733081777,2252.25,33.0,70.75,2148.5,2340.563519551768,20.75,12.25,53.0,17.75,1870.0,68.75,39.0,170.75,0.0,0.0,88.06351210552972,0.2500074462381604,69745.0,0,0,0,35,SALT LAKE
1337,350432,0.0,0.0,0.0,4452.75,80.75,25.0,4347.0,4626.673019532913,28.0,52.75,0.0,25.0,883.25,208.25,4.0,3251.5,0.0,0.0,173.92301953291272,0.0,69745.0,0,0,0,35,SALT LAKE
1338,350433,499.75,1898.3718288647328,0.263251904817225,64.0,0.0,0.0,64.0,121.01926738158512,0.0,0.0,0.0,0.0,0.0,64.0,0.0,0.0,0.0,0.0,22.019526851188328,34.99974053039679,76219.0,706,0,0,35,SALT LAKE
1339,350434,246.0,901.4761893398006,0.2728857433052769,20.5,1.25,3.0,16.25,47.90841286935687,1.0,0.25,0.0,3.0,2.0,2.5,0.0,11.75,0.0,0.0,10.408538897449851,16.999873971907014,76219.0,0,0,0,35,SALT LAKE
1340,350435,358.0,1122.0407154564043,0.3190615055839386,0.0,0.0,0.0,0.0,44.73278819054208,0.0,0.0,0.0,0.0,0.0,0.0,0.0,0.0,0.0,0.0,19.73297352597294,24.99981466456914,78784.0,0,0,0,35,SALT LAKE
1341,350436,204.0,639.3943200595993,0.3190519427526111,812.5,220.75,22.25,569.5,869.6964736530726,77.0,143.75,0.0,22.25,91.75,83.5,43.75,350.5,0.0,0.0,42.94651785858608,14.2499557944866,78784.0,0,0,0,35,SALT LAKE
1342,350437,952.25,2850.315400012505,0.33408583485035453,1541.25,755.0,11.25,775.0,1750.1256253607123,226.25,528.75,0.0,11.25,79.75,244.0,78.0,373.25,0.0,0.0,142.87611464624968,65.99951071446253,69745.0,1825,131,0,35,SALT LAKE
1343,350438,0.0,0.0,0.0,2252.0,96.5,73.25,2082.25,2339.960035890936,62.25,34.25,0.0,73.25,642.5,494.25,0.0,945.5,0.0,0.0,87.96003589093574,0.0,69745.0,0,0,0,35,SALT LAKE
1344,350439,0.0,0.0,0.0,1487.5,6.5,172.25,1308.75,1545.6001984474426,6.0,0.5,0.0,172.25,1091.75,2.5,56.0,158.5,0.0,0.0,58.10019844744258,0.0,69745.0,0,0,0,35,SALT LAKE
1345,350440,265.5,792.6516421419806,0.334951681021615,0.0,0.0,0.0,0.0,28.37056658327466,0.0,0.0,0.0,0.0,0.0,0.0,0.0,0.0,0.0,0.0,10.370700024784885,17.999866558489778,69845.0,0,0,0,35,SALT LAKE
1346,350441,0.0,0.0,0.0,668.5,31.75,140.75,496.0,694.6122918541248,20.25,11.5,10.0,130.75,68.25,237.5,0.0,190.25,0.0,0.0,26.1122918541248,0.0,69745.0,738,592,303,35,SALT LAKE
1347,350442,619.25,2070.109333097637,0.2991387894828611,518.75,74.75,147.25,296.75,609.4459173893224,37.25,37.5,71.25,76.0,61.5,51.5,0.0,183.75,0.0,0.0,47.69623616626347,42.99968122305892,54846.0,0,0,0,35,SALT LAKE
1348,350443,600.75,1863.09616379798,0.32244712413306265,196.75,42.75,3.0,151.0,269.8979554457457,18.75,24.0,0.0,3.0,3.0,132.5,0.0,15.5,0.0,0.0,31.148266809269547,41.99968863647615,52889.0,848,0,0,35,SALT LAKE
1349,350444,345.25,1242.6121445305089,0.2778421259760377,7.75,1.75,0.0,6.0,45.53750267761891,0.0,1.75,0.0,0.0,0.0,0.0,0.0,6.0,0.0,0.0,13.787680599632536,23.999822077986373,53656.0,0,0,0,35,SALT LAKE
1350,350445,997.5,3388.8761661345675,0.294345367342759,1412.0,207.0,70.5,1134.5,1577.8591517470418,80.25,126.75,28.0,42.5,198.5,286.5,34.0,615.5,0.0,0.0,96.6097079626826,69.24944378435926,37336.0,343,244,224,35,SALT LAKE
1351,350446,326.25,882.2483767428455,0.36979382291920515,1655.75,51.0,239.75,1365.0,1757.6665844074753,35.5,15.5,109.25,130.5,420.75,122.0,298.0,524.25,0.0,0.0,79.41689638706444,22.499688020410744,37336.0,0,0,0,35,SALT LAKE
1352,350447,204.75,533.168030541639,0.38402527584408414,711.0,83.0,90.0,538.0,761.2634958614129,80.25,2.75,11.75,78.25,56.5,215.0,44.0,222.5,0.0,0.0,35.76348048459835,14.50001537681448,37336.0,569,0,0,35,SALT LAKE
1353,350448,228.75,492.6681005527402,0.4643085268629286,289.5,32.25,13.25,244.0,330.2454167388052,17.25,15.0,0.0,13.25,52.0,68.5,12.75,110.75,0.0,0.0,24.74553535348093,15.999881385324253,41116.0,0,0,0,35,SALT LAKE
1354,350449,1059.25,3187.3882346708524,0.3323253780251793,57.5,34.5,5.0,18.0,176.3675232572498,1.0,33.5,0.0,5.0,0.0,1.0,0.0,17.0,0.0,0.0,45.36807185056871,73.4994514066811,76219.0,0,0,0,35,SALT LAKE
1355,350450,607.5,2430.3858380649062,0.24996031102769123,79.0,0.0,0.0,79.0,148.0642036245927,0.0,0.0,0.0,0.0,0.0,79.0,0.0,0.0,0.0,0.0,26.81450754187837,42.24969608271432,84164.0,685,0,0,35,SALT LAKE
1356,350451,1.0,5.542453718527968,0.18042550299645843,1530.25,816.75,26.0,687.5,1590.058920672209,517.0,299.75,0.0,26.0,47.5,216.0,143.25,280.75,0.0,0.0,59.80892067220914,0.0,84164.0,0,0,0,35,SALT LAKE
1357,350452,221.5,775.6802998225903,0.2855557889644231,315.0,231.25,2.0,81.75,352.20468248479244,57.5,173.75,0.0,2.0,4.75,10.0,34.5,32.5,0.0,0.0,22.20479368605096,14.999888798741484,79849.0,0,0,0,35,SALT LAKE
1358,350453,525.75,1844.423092777972,0.2850484805024553,594.5,110.25,21.5,462.75,678.0035572952214,46.25,64.0,8.5,13.0,50.25,119.75,22.0,270.75,0.0,0.0,46.75382414586443,36.74973314935694,79849.0,537,0,0,35,SALT LAKE
1359,350454,347.0,1049.263344884424,0.33070820751698127,0.0,0.0,0.0,0.0,39.55315116601042,0.0,0.0,0.0,0.0,0.0,0.0,0.0,0.0,0.0,0.0,15.553329088024052,23.999822077986373,63421.0,0,0,0,35,SALT LAKE
1360,350455,405.0,1478.8360590600116,0.2738640280772089,239.0,37.75,83.5,117.75,292.15344977734577,25.25,12.5,0.0,83.5,32.5,40.25,4.0,41.0,0.0,0.0,25.153657353028336,27.999792424317437,70922.0,0,0,0,35,SALT LAKE
1361,350456,292.25,880.2701872161657,0.33200033835547005,44.0,0.0,0.0,44.0,81.13350589901793,0.0,0.0,0.0,0.0,0.0,43.75,0.0,0.25,0.0,0.0,17.13365416736262,19.999851731655312,62388.0,608,0,0,35,SALT LAKE
1362,350457,313.0,1494.0379668172718,0.2094993614297363,0.0,0.0,0.0,0.0,34.225174093730146,0.0,0.0,0.0,0.0,0.0,0.0,0.0,0.0,0.0,0.0,12.225337188909304,21.99983690482084,71274.0,0,0,0,35,SALT LAKE
1363,350458,649.25,2282.94376761808,0.28439158651612256,1413.75,166.0,30.25,1217.5,1539.3341675263612,142.5,23.5,0.0,30.25,122.5,219.75,480.0,395.25,0.0,0.0,80.5845011301368,44.99966639622445,33328.0,0,0,0,35,SALT LAKE
1364,350459,717.5000245758238,2435.2291577427704,0.29463347311465304,689.0000235996413,177.50000607973342,16.750000573721323,494.7500169461865,794.4329333441127,99.2500033995129,78.2500026802205,0.0,16.750000573721323,74.75000256033843,73.0000025003974,9.000000308268174,338.0000115771825,0.0,0.0,55.43327870274483,49.999631041726545,36857.0,0,0,0,35,SALT LAKE
1365,350460,158.7500091007656,541.2248492868613,0.29331618699684747,232.50001332868032,89.0000051021615,0.0,143.50000822651882,260.7822118404025,31.500001805821206,57.500003296340296,0.0,0.0,0.2500000143319143,1.0000000573276573,45.000002579744574,97.25000557511467,0.0,0.0,17.2822794287122,10.999919083009974,36857.0,0,0,0,35,SALT LAKE
1366,350461,674.75,2208.2823753750417,0.30555422056719733,805.25,205.75,39.25,560.25,910.0524996084208,48.0,157.75,26.75,12.5,40.5,275.75,22.75,221.25,0.0,0.0,57.802848039030806,46.99965156938998,46904.0,701,918,0,35,SALT LAKE
1367,350462,571.0,1576.241031913969,0.36225424185706967,293.75,83.0,4.5,206.25,383.5339059913997,52.75,30.25,0.0,4.5,37.25,25.0,0.0,144.0,0.0,0.0,50.03438868893355,39.7495173024662,63726.0,0,0,0,35,SALT LAKE
1368,350463,350.5,1135.4359213061616,0.3086920128410226,79.5,25.5,1.25,52.75,120.29465038878882,22.75,2.75,0.0,1.25,4.5,5.75,6.0,36.5,0.0,0.0,16.794828310802437,23.999822077986373,47226.0,0,0,0,35,SALT LAKE
1369,350464,43.25,127.0534840079136,0.34040782382092055,1963.5,597.25,30.0,1336.25,2044.878090176314,8.5,588.75,0.0,30.0,172.25,2.0,1.0,1161.0,0.0,0.0,78.3781198308701,2.999970345443972,49530.0,0,0,0,35,SALT LAKE
1370,350465,472.75,1563.8457529008504,0.3022996348092988,872.5,343.75,54.0,474.75,984.7977147071006,139.25,204.5,0.0,54.0,67.75,73.0,0.0,334.0,0.0,0.0,79.29787001540973,32.99984469169086,49530.0,0,0,0,35,SALT LAKE
1371,350466,580.75,1257.3510138306633,0.4618837489387143,885.0,192.5,43.5,649.0,991.2861759482712,100.75,91.75,14.5,29.0,129.25,126.0,0.0,393.75,0.0,0.0,65.78654692694386,40.49962902132735,41116.0,0,0,0,35,SALT LAKE
1372,350467,801.0,2506.690726792672,0.3195448052041446,311.25,38.75,26.25,246.25,412.9424962709639,33.0,5.75,17.75,8.5,19.75,92.75,1.0,132.75,0.0,0.0,45.69291142232903,55.99958484863487,78175.0,536,0,0,35,SALT LAKE
1373,350468,982.75,2903.7562785602704,0.3384409384685906,186.75,12.5,3.5,170.75,304.17804012235626,10.5,2.0,0.0,3.5,4.25,81.75,56.25,28.5,0.0,0.0,49.17855168052286,68.24948844183344,74796.0,0,816,0,35,SALT LAKE
1374,350469,147.5,498.8589952063981,0.2956747325744288,926.5,89.25,39.75,797.5,978.443771940926,59.75,29.5,0.0,39.75,154.75,213.25,0.0,429.5,0.0,0.0,41.94384607509819,9.999925865827656,60646.0,495,0,0,35,SALT LAKE
1375,350470,241.0,811.0761516140758,0.2971360944596877,533.75,333.25,28.25,172.25,589.7609635234624,320.75,12.5,0.0,28.25,16.5,61.0,21.75,73.0,0.0,0.0,39.01108955155525,16.999873971907014,60646.0,483,0,0,35,SALT LAKE
1376,350471,815.5,2831.8930773039456,0.28796991190655497,314.5,60.25,16.0,238.25,423.3857034865576,32.5,27.75,0.0,16.0,0.0,57.75,0.0,180.5,0.0,0.0,52.136133497578086,56.749569988979474,58856.0,255,0,0,35,SALT LAKE
1377,350472,973.0,3147.928189038661,0.30909218430968793,207.5,37.0,29.5,141.0,324.1099025916245,26.25,10.75,13.75,15.75,18.5,30.0,0.0,92.5,0.0,0.0,48.86033970780778,67.74956288381671,68968.0,0,0,0,35,SALT LAKE
1378,350473,481.0,1682.0247631787947,0.2859648743166993,528.0,133.75,23.0,371.25,600.4056601873201,91.5,42.25,0.0,23.0,38.75,117.5,12.0,203.0,0.0,0.0,39.40590483008884,32.999755357231265,64858.0,350,0,0,35,SALT LAKE
1379,350474,435.5,1166.380981970062,0.37337714411668804,1311.25,402.0,32.25,877.0,1409.4761907062616,364.25,37.75,7.0,25.25,261.75,212.5,51.0,351.75,0.0,0.0,68.2264131087787,29.999777597482964,44924.0,550,0,0,35,SALT LAKE
1380,350475,221.75000240303163,785.0146269222364,0.2824788160603257,479.5000051961834,191.25000207251318,8.000000086693362,280.2500030369768,523.1419717913066,157.00000170135723,34.250000371155956,0.0,8.000000086693362,36.00000039012013,47.500000514741835,0.0,196.75000213211487,0.0,0.0,28.642077633832866,14.999888961290333,83458.0,0,0,0,35,SALT LAKE
1381,350476,82.25000165003483,290.52192708215694,0.28311116643108075,236.50000474447705,2.250000045137731,1.0000000200612138,233.2500046792781,255.69960642062438,1.2500000250765173,1.0000000200612138,0.0,1.0000000200612138,3.500000070214248,204.75000410753353,2.0000000401224276,23.000000461407918,0.0,0.0,13.19964603628429,5.999955639862984,83458.0,0,0,3170,35,SALT LAKE
1382,350477,678.25,2171.581791620388,0.31232993508105644,1087.0,351.25,21.75,714.0,1205.1963559881035,204.25,147.0,0.0,21.75,114.0,137.0,2.0,461.0,0.0,0.0,71.19670441871367,46.99965156938998,37849.0,0,0,0,35,SALT LAKE
1383,350478,984.75,2503.293695072032,0.39338172821613887,2927.75,231.75,76.0,2620.0,3165.314216533081,87.5,144.25,0.0,76.0,375.0,1032.5,236.75,975.75,0.0,0.0,169.06466850891988,68.49954802416133,51435.0,0,0,0,35,SALT LAKE
1384,350479,107.25,290.3059521230463,0.3694378265952399,1957.25,1209.0,20.0,728.25,2086.4283687197644,662.0,547.0,0.0,20.0,193.5,70.5,0.0,464.25,0.0,0.0,121.67897901771042,7.499389702054081,47387.0,0,0,0,35,SALT LAKE
1385,350480,588.75,1353.7002651809585,0.4349190253880151,204.75,38.25,5.0,161.5,276.74285730788785,22.5,15.75,0.0,5.0,22.75,16.5,0.0,122.25,0.0,0.0,30.99316125799448,40.99969604989339,52933.0,0,0,0,35,SALT LAKE
1386,350481,550.25,1384.9302134595534,0.3973124383108636,1366.75,226.75,100.75,1039.25,1561.382275942959,147.0,79.75,24.0,76.75,156.5,215.75,67.25,599.75,0.0,0.0,156.38290759010115,38.24936835285779,41157.0,840,0,0,35,SALT LAKE
1387,350482,727.25,2966.202555571962,0.24517880568670977,1360.0,382.25,97.0,880.75,1509.9965590012578,266.25,116.0,31.5,65.5,123.25,166.5,3.0,588.0,0.0,0.0,99.49737637192412,50.49918262933382,55456.0,0,0,0,35,SALT LAKE
1388,350483,879.0,2413.440866118748,0.36421029093353835,0.0,0.0,0.0,0.0,95.33204423219176,0.0,0.0,0.0,0.0,0.0,0.0,0.0,0.0,0.0,0.0,34.332496450643056,60.9995477815487,49968.0,0,0,0,35,SALT LAKE
1389,350484,1183.75,3618.278098280177,0.32715837971731765,16.25,0.0,3.0,13.25,146.7274407423008,0.0,0.0,0.0,3.0,3.5,0.25,4.5,5.0,0.0,1.609912977605655,46.86813566490838,81.99939209978677,58948.0,0,0,0,35,SALT LAKE
1390,350485,502.5,1630.844091664501,0.30812264800072303,155.25,26.25,12.5,116.5,219.44069913290653,7.5,18.75,0.0,12.5,21.25,34.25,0.0,61.0,0.0,0.0,29.19095860250974,34.99974053039679,70286.0,0,0,0,35,SALT LAKE
1391,350486,515.25,1755.7938895462144,0.2934569957600015,157.5,50.0,2.75,104.75,221.02611992549475,47.25,2.75,0.0,2.75,17.0,28.0,20.0,39.75,0.0,0.0,27.526386808515223,35.99973311697956,60179.0,0,0,0,35,SALT LAKE
1392,350487,240.0,792.3620073339324,0.30289185723016954,98.25,6.25,5.5,86.5,130.71157189805885,4.75,1.5,0.0,5.5,19.75,18.0,23.0,25.75,0.0,0.0,15.461697926151825,16.999873971907014,77419.0,0,0,0,35,SALT LAKE
1393,350488,260.75,859.2182977299276,0.30347351853295823,52.25,9.5,8.5,34.25,82.47474947012088,6.75,2.75,0.0,8.5,4.5,10.0,1.0,18.75,0.0,0.0,12.224882911631116,17.999866558489778,77419.0,0,0,0,35,SALT LAKE
1394,350489,429.75,1078.639151102518,0.39841869225749516,71.75,0.0,0.0,71.75,124.58775854545088,0.0,0.0,0.0,0.0,0.0,71.75,0.0,0.0,0.0,0.0,22.83798094796791,29.999777597482964,72491.0,555,0,0,35,SALT LAKE
1395,350490,417.25,1403.4170312223932,0.2973100587475201,109.25,5.25,2.75,101.25,161.8129568294102,3.75,1.5,0.0,2.75,7.75,58.0,19.0,16.5,0.0,0.0,23.56317181851,28.9997850109002,65436.0,571,0,0,35,SALT LAKE
1396,350491,317.0,917.9669019181227,0.3453283547997404,0.0,0.0,0.0,0.0,35.13126346343979,0.0,0.0,0.0,0.0,0.0,0.0,0.0,0.0,0.0,0.0,13.131426558618944,21.99983690482084,66767.0,0,0,0,35,SALT LAKE
1397,350492,366.0,774.8208346675171,0.47236726688829167,0.0,0.0,0.0,0.0,39.29525687268673,0.0,0.0,0.0,0.0,0.0,0.0,0.0,0.0,0.0,0.0,14.295442208117588,24.99981466456914,47387.0,0,0,0,35,SALT LAKE
1398,350493,123.25,519.5788665105314,0.23721134161545393,4.75,1.25,0.0,3.5,18.24912391788005,1.25,0.0,0.0,0.0,1.0,1.0,0.0,1.5,0.0,0.0,4.999116196651886,8.500007721228165,52933.0,0,0,0,35,SALT LAKE
1399,350494,2606.25,8865.292215703397,0.2939835412738522,296.0,148.5,5.0,142.5,592.6110783655001,37.75,110.75,0.0,5.0,15.0,14.0,10.0,103.5,0.0,0.0,115.36241274778148,181.2486656177187,31069.0,0,0,0,35,SALT LAKE
1400,350495,834.0,1863.3235533869172,0.44758732238642013,690.25,194.5,22.75,473.0,858.2979763841593,175.0,19.5,0.0,22.75,62.5,80.0,0.0,330.5,0.0,0.0,109.79836167206366,58.24961471209551,59727.0,0,0,0,35,SALT LAKE
1401,350496,0.0,0.0,0.0,356.25,12.75,207.5,136.0,370.1593577078293,9.75,3.0,77.75,129.75,8.5,40.75,0.0,86.75,0.0,0.0,13.90935770782933,0.0,79063.0,0,0,0,35,SALT LAKE
1402,350497,1.0,2.816981487411187,0.3549899083358913,10.75,0.0,0.0,10.75,11.208733505929514,0.0,0.0,0.0,0.0,10.75,0.0,0.0,0.0,0.0,0.0,0.4587335059295139,0.0,79063.0,0,0,0,35,SALT LAKE
1403,350498,0.0,0.0,0.0,454.75,41.5,78.25,335.0,472.5119573592245,27.25,14.25,0.0,78.25,52.0,135.0,0.0,148.0,0.0,0.0,17.761957359224557,0.0,91680.0,0,0,0,35,SALT LAKE
1404,350499,208.0,759.4538814292953,0.2738810151428065,78.75,2.0,0.25,76.5,104.69974066681048,2.0,0.0,0.0,0.25,5.0,19.5,31.0,21.0,0.0,0.0,11.949844454651746,13.999896212158715,91680.0,0,0,0,35,SALT LAKE
1405,350500,534.9999971205119,1660.619853072867,0.32216885528047245,55.7499996999412,5.999999967706676,0.0,49.74999973223452,115.82345286807022,5.999999967706676,0.0,0.0,0.0,0.0,49.74999973223452,0.0,0.0,0.0,0.0,23.073727663707384,36.99972550442164,86131.0,590,0,0,35,SALT LAKE
1406,350501,270.2500002376298,840.7771464062625,0.3214288130841336,392.75000034534355,3.2500000028577127,3.2500000028577127,386.2500003396282,437.15131137040777,2.2500000019784165,1.0000000008792962,0.0,3.2500000028577127,5.000000004396481,365.75000032160256,0.0,15.50000001362909,0.0,0.0,25.90157844268496,18.4997325823792,78083.0,0,0,2559,35,SALT LAKE
1407,350502,379.25000016030936,1822.1605619390741,0.20813204285177037,325.2500001374835,52.75000002229748,88.50000003740904,184.00000007777697,380.267236303522,31.00000001310373,21.750000009193748,0.0,88.50000003740904,28.000000011835628,36.25000001532291,29.00000001225833,90.75000003836011,0.0,0.0,29.01742890389649,25.99980726214205,74436.0,0,0,0,35,SALT LAKE
1408,350503,487.25,1513.1634333883112,0.3220075169996266,15.25,14.0,0.0,1.25,68.87687839985588,14.0,0.0,0.0,0.0,0.0,0.25,0.0,1.0,0.0,0.0,19.62713045604185,33.99974794381403,66802.0,0,0,0,35,SALT LAKE
1409,350504,533.0,1712.2209853298605,0.3112915941147148,10.0,0.0,0.0,10.0,68.20853750413022,0.0,0.0,0.0,0.0,1.0,0.0,1.0,8.0,0.0,0.0,21.208811800567897,36.999725703562326,53952.0,0,0,0,35,SALT LAKE
1410,350505,365.25,1288.957442175676,0.28336854891305163,102.25,67.75,0.0,34.5,145.51080504291576,13.5,54.25,0.0,0.0,3.5,1.5,0.0,29.5,0.0,0.0,18.260990378346637,24.99981466456914,63957.0,0,0,0,35,SALT LAKE
1411,350506,348.75,1106.8855662500537,0.3150732204246801,5.75,1.25,0.0,4.5,49.595715498946845,0.75,0.5,0.0,0.0,1.75,0.0,0.0,2.75,0.0,0.0,19.84589342096047,23.999822077986373,82752.0,0,0,0,35,SALT LAKE
1412,350507,240.75,762.9049174663537,0.3155701247798259,563.5,30.75,29.25,503.5,611.913255350647,21.0,9.75,0.0,29.25,114.75,116.5,79.0,193.25,0.0,0.0,31.41338137873996,16.999873971907014,82752.0,0,0,0,35,SALT LAKE
1413,350508,534.0,1828.5993097804708,0.2920267973108381,108.5,14.75,2.0,91.75,170.5950580971355,13.75,1.0,0.0,2.0,6.25,75.25,0.0,10.25,0.0,0.0,25.095332393573173,36.999725703562326,65997.0,378,0,0,35,SALT LAKE
1414,350509,539.0,1535.6142843506927,0.350999600285632,129.75,0.0,0.0,129.75,194.11995614617925,0.0,0.0,0.0,0.0,0.0,129.75,0.0,0.0,0.0,0.0,27.120297438805583,37.24965870737366,80130.0,0,720,0,35,SALT LAKE
1415,350510,628.7499989825417,2157.9668825053227,0.29136220953149444,0.0,0.0,0.0,0.0,68.5580820040599,0.0,0.0,0.0,0.0,0.0,0.0,0.0,0.0,0.0,0.0,24.558408265619533,43.999673738440364,91680.0,0,0,0,35,SALT LAKE
1416,350511,886.0,3291.683489332412,0.269163181354259,166.25,24.25,9.25,132.75,269.34943153016536,20.75,3.5,0.0,9.25,16.75,73.75,1.0,41.25,0.0,0.0,41.09989116203387,61.99954036813147,75952.0,0,0,0,35,SALT LAKE
1417,350512,370.0,1424.7575840016534,0.25969330091986415,243.25,16.25,10.25,216.75,293.20281514594546,9.25,7.0,0.0,10.25,27.75,132.0,6.0,51.0,0.0,0.0,23.95300789479356,25.999807251151903,71522.0,501,0,0,35,SALT LAKE
1418,350513,484.0,1904.879523155549,0.2540843103810705,264.25,23.0,13.75,227.5,327.47595849678635,19.25,3.75,3.75,10.0,6.5,168.0,0.0,53.0,0.0,0.0,29.226210552972297,33.99974794381403,51081.0,458,693,0,35,SALT LAKE
1419,350514,594.0,1747.5542784164472,0.3399036054767096,533.0,301.5,9.25,222.25,618.0196302015769,290.0,11.5,0.0,9.25,28.5,39.75,0.0,154.0,0.0,0.0,44.019934151683486,40.99969604989339,57679.0,0,0,0,35,SALT LAKE
1420,350515,435.0,1329.8633825500096,0.3271012689783883,957.75,449.5,24.5,483.75,1042.1496582865566,374.25,75.25,0.0,24.5,66.25,82.25,11.0,324.25,0.0,0.0,54.39988068907364,29.999777597482964,68359.0,0,0,0,35,SALT LAKE
1421,350516,112.0,344.57363038863195,0.3250393823627168,234.25,23.75,3.75,206.75,255.7743450472584,18.25,5.5,0.0,3.75,16.25,16.25,98.0,76.25,0.0,0.0,13.52440435459625,7.999940692662124,68359.0,0,0,0,35,SALT LAKE
1422,350517,503.5,1586.1939829867038,0.3174264972635573,26.5,0.5,1.0,25.0,82.20184239626747,0.0,0.5,1.0,0.0,0.0,0.25,0.0,24.75,0.0,0.0,20.70210186587068,34.99974053039679,67096.0,0,0,0,35,SALT LAKE
1423,350518,636.75,1620.6455566886293,0.3928989885370335,505.75,63.5,17.25,425.0,594.3759903381955,17.0,46.5,2.75,14.5,72.25,101.0,61.0,190.75,0.0,0.0,44.6263165285538,43.999673809641685,59173.0,369,0,0,35,SALT LAKE
1424,350519,0.0,0.0,0.0,497.0,0.0,495.25,1.75,516.4115716781521,0.0,0.0,492.5,2.75,0.0,0.25,0.0,1.5,0.0,0.0,19.411571678152125,0.0,91680.0,0,0,0,35,SALT LAKE
1425,350520,0.0,0.0,0.0,1028.75,1.25,1011.0,16.5,1068.9346295333437,1.25,0.0,991.75,19.25,1.75,3.5,0.0,11.25,0.0,0.0,40.18462953334375,0.0,91680.0,0,0,0,35,SALT LAKE
1426,350521,307.0,1052.8709005822925,0.29158370682503715,715.5,28.0,82.75,604.75,776.4403712057955,26.25,1.75,0.0,82.75,16.25,227.0,0.0,361.5,0.0,0.0,39.940526887557446,20.999844318238075,91680.0,414,0,0,35,SALT LAKE
1427,350522,0.0,0.0,0.0,1084.5,10.5,975.0,99.0,1126.8590802585709,7.25,3.25,719.75,255.25,35.0,23.25,2.0,38.75,0.0,0.0,42.35908025857099,0.0,91680.0,0,0,0,35,SALT LAKE
1428,350523,0.0,0.0,0.0,49.75002857307151,3.750002153749109,14.500008327829889,31.500018091492517,51.69473498559374,2.5000014358327394,1.2500007179163697,0.0,14.500008327829889,2.2500012922494657,4.500002584498931,0.0,24.75001421474412,0.0,0.0,1.944706412522227,0.0,91680.0,0,0,0,35,SALT LAKE
1429,350524,0.0,0.0,0.0,11.5,0.0,6.0,5.5,13.96803197873969,0.0,0.0,0.75,5.25,0.25,2.25,0.0,3.0,2.0182126120473414,0.0,0.4498193666923495,0.0,79063.0,0,0,0,35,SALT LAKE
1430,350525,14.5,37.89238033063639,0.3826626850432142,0.0,0.0,0.0,0.0,1.5731088539037588,0.0,0.0,0.0,0.0,0.0,0.0,0.0,0.0,0.0,0.0,0.5733172882643577,0.999791565639401,79063.0,0,0,0,35,SALT LAKE
1431,350526,2.5,5.225864352557803,0.4783897612605221,0.25,0.0,0.25,0.0,0.3567519612385976,0.0,0.0,0.25,0.0,0.0,0.0,0.0,0.0,0.0,0.0,0.1067519612385975,0.0,67420.0,0,0,0,35,SALT LAKE
1432,350527,0.0,0.0,0.0,44.5,2.25,27.5,14.75,207.2285407857761,1.25,1.0,17.75,9.75,1.25,2.5,0.0,11.0,0.0,160.99129776056554,1.7372430252105369,0.0,67420.0,0,0,0,35,SALT LAKE
1433,350528,795.75,2634.9878325028867,0.30199380436764434,279.0,1.5,268.0,9.5,375.9779671145551,1.25,0.25,259.5,8.5,2.0,1.25,1.0,5.25,0.0,0.0,41.97837485250301,54.9995922620521,67420.0,0,0,0,35,SALT LAKE
1434,350529,554.5,1836.834300809708,0.30187807346344026,44.0,3.25,17.0,23.75,109.15002993284072,2.75,0.5,16.0,1.0,3.75,2.25,0.0,17.75,2.0182126120473414,0.0,24.632173472631564,38.49964384816182,79063.0,0,0,0,35,SALT LAKE
1435,350530,141.25,458.3091702082959,0.3081980662438057,2.75,0.0,1.0,1.75,18.629904919185066,0.0,0.0,0.75,0.25,0.75,0.5,0.0,0.5,0.0,0.0,5.88018007430077,9.999724844884293,87196.0,0,0,0,35,SALT LAKE
1436,350531,622.0,2327.2371259353995,0.2672697135449814,104.75,0.0,12.75,92.0,176.1353766074132,0.0,0.0,0.0,12.75,3.0,82.0,2.0,5.0,0.0,0.0,28.38569538435427,42.99968122305892,87196.0,743,0,0,35,SALT LAKE
1437,350532,465.0,1213.8168464304754,0.3830890973110531,970.5,589.5,24.5,356.5,1059.8204926183732,464.25,125.25,10.5,14.0,49.75,72.75,7.0,227.0,1.009106306023671,0.0,56.06171284422701,32.24967346812274,99059.0,0,0,0,35,SALT LAKE
1438,350533,687.0,2683.8626546648948,0.25597435055251677,0.0,0.0,0.0,0.0,74.83289223514429,0.0,0.0,0.0,0.0,0.0,0.0,0.0,0.0,0.0,0.0,26.83324807917154,47.999644155972746,87196.0,0,0,0,35,SALT LAKE
1439,350534,0.0,0.0,0.0,1846.25,15.75,1142.25,688.25,1918.3678435333009,10.75,5.0,768.0,374.25,229.0,100.75,0.0,358.5,0.0,0.0,72.11784353330064,0.0,35942.0,0,0,0,35,SALT LAKE
1440,350535,0.0,0.0,0.0,1208.0,175.5,708.25,324.25,1255.1833936566863,163.25,12.25,328.0,380.25,41.5,100.75,0.0,182.0,0.0,0.0,47.18339365668626,0.0,35942.0,0,0,0,35,SALT LAKE
1441,350536,0.0,0.0,0.0,344.0,21.0,167.25,155.75,357.4370305689208,17.0,4.0,64.0,103.25,13.75,35.5,0.0,106.5,0.0,0.0,13.437030568920834,0.0,35942.0,0,0,0,35,SALT LAKE
1442,350537,0.0,0.0,0.0,353.75,87.5,112.5,153.75,367.5633698281761,53.5,34.0,0.0,112.5,14.75,21.0,0.0,118.0,0.0,0.0,13.813369828176102,0.0,35942.0,0,0,0,35,SALT LAKE
1443,350538,0.0,0.0,0.0,591.0,174.5,118.5,298.0,614.0861542414478,149.0,25.5,0.0,118.5,46.75,33.75,0.0,217.5,0.0,0.0,23.08615424144787,0.0,35942.0,0,0,0,35,SALT LAKE
1444,350539,212.25,532.7323800112698,0.3984176820555002,334.25,62.0,53.75,218.5,389.8041432349373,35.75,26.25,14.0,39.75,42.0,36.25,0.0,140.25,0.0,0.0,40.55445552056337,14.999687714373994,35942.0,0,0,0,35,SALT LAKE
1445,350540,513.0,1083.7613553220117,0.4733514416996123,1334.5,238.0,86.75,1009.75,1469.910095406478,154.25,83.75,25.25,61.5,264.25,164.0,1.0,580.5,0.0,0.0,99.91025060345804,35.49984480301978,35942.0,0,0,0,35,SALT LAKE
1446,350541,242.5,462.80935743395816,0.5239738482050986,410.5,127.0,12.75,270.75,453.0065525887489,44.25,82.75,7.75,5.0,65.25,45.5,99.0,61.0,0.0,0.0,25.506678616841867,16.999873971907014,35282.0,0,0,0,35,SALT LAKE
1447,350542,76.5,145.31875217620268,0.5264289629134842,190.25,20.0,67.75,102.5,207.66961394424484,16.5,3.5,0.0,67.75,13.75,20.0,15.0,53.75,0.0,0.0,12.419651011331002,4.999962932913828,64400.0,0,0,0,35,SALT LAKE
1448,350543,0.0,0.0,0.0,581.0,42.25,393.0,145.75,603.693730064333,27.5,14.75,276.25,116.75,97.5,0.0,0.0,48.25,0.0,0.0,22.69373006433294,0.0,35942.0,0,0,0,35,SALT LAKE
1449,350544,96.0,278.8369608530555,0.3442872125212666,996.75,43.0,53.25,900.5,1078.2427065593736,32.0,11.0,8.75,44.5,291.5,104.0,0.0,505.0,0.0,0.0,74.74260949126332,6.750097068110362,35942.0,0,0,0,35,SALT LAKE
1450,350545,0.0,0.0,0.0,500.0,28.5,376.25,95.25,519.5292944861717,23.75,4.75,180.0,196.25,10.5,20.0,0.0,64.75,0.0,0.0,19.52929448617165,0.0,35942.0,0,0,0,35,SALT LAKE
1451,350546,0.0,0.0,0.0,1555.75,528.0,166.75,861.0,1616.5189582469006,474.5,53.5,106.75,60.0,135.0,127.25,0.0,598.75,0.0,0.0,60.76895824690054,0.0,35942.0,0,0,0,35,SALT LAKE
1452,350547,21.5,45.12075933634544,0.4764990730703735,673.0,64.75,217.0,391.25,709.1217552073882,60.5,4.25,77.75,139.25,36.0,55.5,0.0,299.75,0.0,0.0,34.37170303803402,1.7500521693541924,35942.0,0,0,0,35,SALT LAKE
1453,350548,141.25,447.41061657210105,0.3157055169638276,320.75,24.5,127.75,168.5,403.54766283367934,21.25,3.25,16.75,111.0,14.5,14.0,32.5,107.5,0.0,0.0,73.04790823666332,9.749754597016008,35942.0,0,0,0,35,SALT LAKE
1454,350549,187.0,395.7255424639821,0.4725497344337338,473.0,46.0,53.0,374.0,511.7778293867682,32.5,13.5,21.5,31.5,86.75,86.0,7.0,194.25,0.0,0.0,25.77792576119226,12.999903625575952,35942.0,0,0,0,35,SALT LAKE
1455,350550,385.0,1009.6185987344068,0.3813321193593416,845.25,197.0,106.75,541.5,960.3491771233688,165.0,32.0,34.25,72.5,115.25,87.5,0.0,338.75,0.0,0.0,88.34916142232902,26.75001570103992,35942.0,0,0,0,35,SALT LAKE
1456,350551,1.75,9.47167988058374,0.18476131183311778,413.75,34.25,47.5,332.0,429.9799439444064,31.5,2.75,4.0,43.5,6.5,269.0,1.0,55.5,0.0,0.0,16.22994394440643,0.0,35942.0,510,0,147,35,SALT LAKE
1457,350552,294.0,820.2432354563525,0.3584302646963366,1423.75,219.0,50.5,1154.25,1510.8438844342313,139.5,79.5,0.0,50.5,253.0,249.25,68.0,584.0,0.0,0.0,67.09403270257602,19.999851731655312,55638.0,0,0,0,35,SALT LAKE
1458,350553,560.25,1074.0028307715647,0.5216466697741531,325.5,162.5,9.25,153.75,399.09495588338206,147.5,15.0,0.0,9.25,29.0,22.5,0.0,102.25,0.0,0.0,34.5952450066542,38.99971087672786,35282.0,0,0,0,35,SALT LAKE
1459,350554,419.75,1214.4524753321216,0.3456290044492759,226.0,24.5,15.75,185.75,280.22360429407826,16.75,7.75,1.0,14.75,24.75,44.0,54.0,63.0,0.0,0.0,25.22381928317807,28.9997850109002,73969.0,0,0,0,35,SALT LAKE
1460,350555,479.25,912.8278762478408,0.525016832275047,0.0,0.0,0.0,0.0,51.96748396842276,0.0,0.0,0.0,0.0,0.0,0.0,0.0,0.0,0.0,0.0,18.71766902886361,33.249814939559144,64400.0,0,0,0,35,SALT LAKE
1461,350556,0.0,0.0,0.0,493.0,55.75,221.75,215.5,512.2514269829254,48.5,7.25,36.25,185.5,104.75,37.25,0.0,73.5,0.0,0.0,19.25142698292537,0.0,35942.0,0,0,0,35,SALT LAKE
1462,350557,0.0,0.0,0.0,1049.25,140.5,285.0,623.75,1090.2299040393973,108.0,32.5,76.75,208.25,86.0,118.75,14.0,405.0,0.0,0.0,40.97990403939719,0.0,35942.0,0,0,0,35,SALT LAKE
1463,350558,0.0,0.0,0.0,491.75,82.75,157.0,252.0,510.9572002780217,74.25,8.5,64.0,93.0,57.25,31.75,0.0,163.0,0.0,0.0,19.20720027802173,0.0,35942.0,0,0,0,35,SALT LAKE
1464,350559,205.0,425.7624303495742,0.4814891718644217,509.25,42.25,309.5,157.5,559.3930966006349,41.25,1.0,43.25,266.25,39.5,12.25,2.0,103.75,0.0,0.0,36.14320038847611,13.999896212158715,35942.0,0,0,0,35,SALT LAKE
1465,350560,118.75,247.9836343071247,0.47886224561468266,995.5,134.25,111.0,750.25,1048.0159498415169,111.25,23.0,61.0,50.0,253.75,137.75,11.0,347.75,0.0,0.0,44.51600914885478,7.999940692662124,35942.0,0,0,0,35,SALT LAKE
1466,350561,100.75,226.12299440708156,0.4455539794357366,1069.75,160.25,31.25,878.25,1137.72151269467,125.75,34.5,17.25,14.0,117.5,188.0,63.0,509.75,0.0,0.0,61.22162417091871,6.749888523751477,35942.0,0,0,0,35,SALT LAKE
1467,350562,617.5,1379.720648462885,0.4475543659420786,500.25,127.0,35.75,337.5,599.1718644345333,101.0,26.0,27.5,8.25,42.75,55.5,42.25,197.0,0.0,0.0,55.92218321147433,42.99968122305892,44808.0,0,0,0,35,SALT LAKE
1468,350563,559.5,1616.986853725754,0.3460139448325366,10.0,0.0,0.0,10.0,79.99313893501217,0.0,0.0,0.0,0.0,4.0,0.0,1.0,5.0,0.0,0.0,30.993442950317085,38.99969598469508,48770.0,0,0,0,35,SALT LAKE
1469,350564,279.0,593.5644215986433,0.4700416498154843,1585.75,40.5,754.5,790.75,1677.5884669552745,32.25,8.25,139.75,614.75,36.75,67.0,204.0,483.0,0.0,0.0,72.83860781020168,18.99985914507255,35942.0,0,0,0,35,SALT LAKE
1470,350565,0.0,0.0,0.0,424.5,25.25,90.75,308.5,441.0810519566588,16.0,9.25,46.25,44.5,35.5,146.5,0.0,126.5,0.0,0.0,16.581051956658783,0.0,35942.0,0,0,0,35,SALT LAKE
1471,350566,7.5,24.763065450963865,0.3028704186422959,886.0,168.5,113.25,604.25,922.3948615596352,164.5,4.0,40.5,72.75,22.75,509.75,0.0,71.75,0.0,0.0,35.644801976863846,0.7500595827714268,73990.0,0,0,0,35,SALT LAKE
1472,350567,87.0,185.12063514841083,0.4699638153804533,639.75,50.25,196.0,393.5,691.625191544771,35.75,14.5,41.25,154.75,96.5,43.5,0.0,253.5,0.0,0.0,45.62524347106904,6.249948073701978,73990.0,0,0,0,35,SALT LAKE
1473,350568,79.75,179.2310245132761,0.4449564477833619,530.0,67.5,101.25,361.25,575.8107974875809,53.25,14.25,4.75,96.5,65.5,68.25,0.0,227.5,0.0,0.0,40.06084941432243,5.749948073258433,73990.0,0,0,0,35,SALT LAKE
1474,350569,153.0,335.6053743437853,0.455892580085058,1439.5,224.5,227.75,987.25,1518.1810261339238,158.0,66.5,20.5,207.25,314.5,129.75,39.5,503.5,0.0,0.0,68.18115981804664,10.499866315877156,73990.0,0,0,0,35,SALT LAKE
1475,350570,86.75,233.9230964255422,0.3708483742117895,730.75,140.75,73.0,517.0,812.1693172589648,82.0,58.75,3.75,69.25,72.0,85.5,29.5,330.0,0.0,0.0,75.66922771515704,5.750089543807752,73990.0,0,0,0,35,SALT LAKE
1476,350571,447.25,1366.6455004688348,0.32726116600579197,854.5,273.25,12.0,569.25,943.3391809773436,156.25,117.0,0.0,12.0,74.75,189.75,0.0,304.75,0.0,0.0,57.83941079327791,30.99977018406573,32056.0,0,589,0,35,SALT LAKE
1477,350572,383.75,844.3532842920864,0.4544898529313349,363.5,59.75,29.5,274.25,421.6885739729154,47.75,12.0,12.5,17.0,37.75,33.0,1.0,202.5,0.0,0.0,31.438766689386146,26.74980728352929,38639.0,0,0,0,35,SALT LAKE
1478,350573,495.75,1175.5275898194882,0.421725533533523,312.75,69.75,5.75,237.25,387.5779994727164,57.75,12.0,0.0,5.75,29.0,43.25,2.0,163.0,0.0,0.0,40.328258942763085,34.49974052995325,61053.0,0,0,0,35,SALT LAKE
1479,350574,43.25,115.92912146527122,0.37307278320880194,5511.0,332.75,345.0,4833.25,5730.940548761704,214.75,118.0,0.0,345.0,607.0,3019.75,120.0,1086.5,0.0,0.0,216.94057100195585,2.9999777597482966,36964.0,0,0,0,35,SALT LAKE
1480,350575,0.0,0.0,0.0,1680.75,41.0,1238.0,401.75,1746.3996559076925,38.5,2.5,877.75,360.25,19.75,5.0,0.0,377.0,0.0,0.0,65.64965590769248,0.0,33860.0,0,0,0,35,SALT LAKE
1481,350576,52.75,150.42091863027298,0.3506826077140031,1043.25,175.0,441.0,427.25,1113.7920297036571,153.0,22.0,284.25,156.75,72.5,73.75,0.0,281.0,0.0,0.0,66.7919923611373,3.750037342519724,73990.0,0,0,0,35,SALT LAKE
1482,350577,106.5,247.31333724170824,0.43062780676447593,483.5,149.0,90.75,243.75,526.3017086246134,147.0,2.0,8.75,82.0,67.5,14.25,2.0,160.0,0.0,0.0,35.55182751472276,7.249881109890698,73990.0,0,0,0,35,SALT LAKE
1483,350578,90.0,204.92461698605763,0.4391858885656636,909.75,189.5,84.0,636.25,964.7986867182324,90.5,99.0,27.75,56.25,104.5,68.25,183.5,280.0,0.0,0.0,48.798813086957225,6.249873631275157,73990.0,0,0,0,35,SALT LAKE
1484,350579,56.0,182.0463535020832,0.3076139616241156,1402.0,468.25,48.25,885.5,1469.1918064688098,268.25,200.0,17.75,30.5,86.0,113.25,10.25,676.0,0.0,0.0,63.19194780896243,3.999858659847295,73990.0,0,0,0,35,SALT LAKE
1485,350580,815.5,1994.713958862747,0.4088305475462476,641.5,190.5,19.0,432.0,759.1575590468124,93.75,96.75,1.0,18.0,47.5,58.25,3.0,323.25,0.0,0.0,60.90797416580009,56.749584881012254,31220.0,0,0,0,35,SALT LAKE
1486,350581,785.25,1776.8670703818314,0.4419295135180019,147.75,29.0,84.5,34.25,245.19202413567731,13.0,16.0,0.0,84.5,13.0,0.0,5.0,16.25,0.0,0.0,42.9424989021913,54.49952523348606,37045.0,0,0,0,35,SALT LAKE
1487,350582,361.5,785.7641429632644,0.46006171602170026,127.5,7.25,3.0,117.25,177.09839367581392,4.75,2.5,0.0,3.0,15.0,21.25,31.5,49.5,0.0,0.0,24.598579011244794,24.99981466456914,66057.0,0,0,0,35,SALT LAKE
1488,350583,1093.25,2805.073438029891,0.3897402417983861,51.0,0.0,0.0,51.0,171.69326278707155,0.0,0.0,0.0,0.0,0.0,51.0,0.0,0.0,0.0,0.0,44.69382620678136,75.99943658029018,36964.0,0,0,0,35,SALT LAKE
1489,350584,304.25,730.1050884268758,0.4167208321415122,322.5,41.0,139.75,141.75,383.2293621040859,40.0,1.0,40.5,99.25,46.0,8.0,0.0,87.75,0.0,0.0,39.72951778584783,20.999844318238075,33860.0,0,0,0,35,SALT LAKE
1490,350585,0.0,0.0,0.0,23.0,0.0,23.0,0.0,23.89834746116586,0.0,0.0,23.0,0.0,0.0,0.0,0.0,0.0,0.0,0.0,0.8983474611658594,0.0,73990.0,0,0,0,35,SALT LAKE
1491,350586,3.25,5.521501816136542,0.5886079744648282,1148.5,165.5,378.25,604.75,1205.4887454403895,109.25,56.25,132.75,245.5,129.0,157.25,0.0,318.5,0.0,0.0,56.988745440389664,0.0,73990.0,0,0,0,35,SALT LAKE
1492,350587,483.00000037193513,934.746706890062,0.5167175201706723,269.2500002073365,28.750000022138995,42.000000032342186,198.50000015285534,335.6317756932835,25.0000000192513,3.750000002887695,8.750000006737956,33.25000002560423,35.000000026951824,44.00000003388229,7.000000005390364,112.50000008663085,0.0,0.0,32.38202751595132,33.9997479699956,73990.0,0,0,0,35,SALT LAKE
1493,350588,288.0,627.775740474018,0.4587625507518629,1206.0,53.5,532.75,619.75,1340.8618420251407,28.75,24.75,384.5,148.25,290.25,85.0,6.0,238.5,0.0,0.0,114.86199029348536,19.999851731655312,73990.0,0,0,0,35,SALT LAKE
1494,350589,15.0,48.83847021927945,0.3071349272950529,1375.5,284.75,60.0,1030.75,1434.5246440561748,185.25,99.5,11.25,48.75,108.5,153.75,216.0,552.5,0.0,0.0,58.02459933350216,1.000044722672487,73990.0,0,0,0,35,SALT LAKE
1495,350590,433.75,817.3612420702106,0.5306711129358166,1000.25,285.0,85.25,630.0,1102.0225695876552,235.25,49.75,32.0,53.25,85.25,115.5,40.75,388.5,0.0,0.0,71.77279199017225,29.999777597482964,38104.0,0,0,0,35,SALT LAKE
1496,350591,360.5,811.3396778821514,0.44432684586684706,465.25,21.75,16.5,427.0,528.2645899572732,15.0,6.75,7.0,9.5,72.0,196.0,68.5,90.5,0.0,0.0,38.01477529270409,24.99981466456914,37045.0,1377,111,167,35,SALT LAKE
1497,350592,258.25,566.4558635392941,0.4559048932540278,692.5,17.0,5.0,670.5,756.1345207083414,4.0,13.0,0.0,5.0,222.25,81.0,329.25,38.0,0.0,0.0,45.63465414985156,17.999866558489778,66057.0,27,48,504,35,SALT LAKE
1498,350593,240.0,551.838777871651,0.4349096323488528,10.0,10.0,0.0,0.0,39.26526261908632,10.0,0.0,0.0,0.0,0.0,0.0,0.0,0.0,0.0,0.0,12.515396093417458,16.749866525668853,55218.0,0,0,0,35,SALT LAKE
1499,350594,436.25,1249.3493642537198,0.349181752103894,157.25,11.5,1.0,144.75,215.92799153171015,1.75,9.75,0.0,1.0,37.5,86.25,0.0,21.0,0.0,0.0,28.17814690566119,30.499844626049008,85912.0,0,0,0,35,SALT LAKE
1500,350595,324.75,938.663043409861,0.3459707956758239,0.0,0.0,0.0,0.0,43.43267673166362,0.0,0.0,0.0,0.0,0.0,0.0,0.0,0.0,0.0,0.0,20.682854686498167,22.74982204516545,62937.0,0,0,0,35,SALT LAKE
1501,350596,494.0,1226.0174559233874,0.4029306414955886,289.0,2.25,2.25,284.5,367.5836551933452,2.25,0.0,1.0,1.25,19.75,149.0,3.0,112.75,0.0,0.0,44.08398169151441,34.49967350183076,106825.0,406,0,0,35,SALT LAKE
1502,350597,596.25,1745.4946199866429,0.34159371972430524,420.75,139.75,8.25,272.75,514.9732090379332,57.5,82.25,2.0,6.25,30.75,76.0,14.5,151.5,0.0,0.0,52.72358743002312,41.49962160791012,96711.0,513,0,0,35,SALT LAKE
1503,350598,481.75,1289.6312769942515,0.3735563866928046,1706.5,615.25,62.0,1029.25,1885.2657048568335,479.75,135.5,41.0,21.0,146.5,200.75,23.0,659.0,0.0,0.0,145.2655548715766,33.50014998525721,106978.0,0,0,0,35,SALT LAKE
1504,350599,830.25,1901.6003411884576,0.436605937649923,56.0,0.0,0.0,56.0,187.1132547720032,0.0,0.0,0.0,0.0,0.0,53.0,3.0,0.0,0.0,0.0,73.1136996422356,57.99955512976763,106986.0,295,0,0,35,SALT LAKE
1505,350600,325.25,719.0820130801707,0.4523128017161761,246.5,62.75,6.5,177.25,297.5823256279182,39.75,23.0,1.0,5.5,27.25,70.25,0.0,79.75,0.0,0.0,28.33255571884244,22.749769909075727,55182.0,324,0,0,35,SALT LAKE
1506,350601,325.0,577.7883068715182,0.5624897495065951,525.25,69.75,31.0,424.5,588.4586804857653,59.5,10.25,5.0,26.0,187.75,68.0,3.0,165.75,0.0,0.0,40.4588584405998,22.74982204516545,49157.0,0,0,0,35,SALT LAKE
1507,350602,406.75,731.5507416733016,0.5560106453718119,829.5,186.0,44.75,598.75,926.824011507476,95.5,90.5,0.0,44.75,91.0,110.25,11.5,386.0,0.0,0.0,69.07426372732317,28.249747780152944,46273.0,0,0,0,35,SALT LAKE
1508,350603,484.0,1153.557327581704,0.4195716922145938,302.75,75.25,25.25,202.25,373.74012640382233,70.5,4.75,5.0,20.25,33.0,35.0,32.5,101.75,0.0,0.0,37.49031891005781,33.49980749376453,90985.0,0,0,0,35,SALT LAKE
1509,350604,399.5,940.7273526286062,0.42467139802378034,20.0,0.0,2.25,17.75,71.63635868437089,0.0,0.0,0.0,2.25,11.0,2.0,1.0,3.75,0.0,0.0,23.88655881425885,27.74979987011205,106530.0,0,0,0,35,SALT LAKE
1510,350605,302.5,674.0718336347452,0.44876522783759226,121.25,24.25,4.75,92.25,167.80085992597958,5.0,19.25,1.0,3.75,21.0,21.75,11.25,38.25,0.0,0.0,25.551015607741505,20.999844318238075,71881.0,0,0,0,35,SALT LAKE
1511,350606,393.75,1092.8307357862077,0.3603028237641277,406.25,87.75,12.25,306.25,484.2431209014284,66.75,21.0,0.0,12.25,74.5,51.0,4.5,176.25,0.0,0.0,50.74338805988244,27.24973284154601,51794.0,0,0,0,35,SALT LAKE
1512,350607,398.5,1105.079383738003,0.360607577938924,250.25,28.0,2.75,219.5,325.8689470604405,16.75,11.25,0.0,2.75,35.75,27.75,48.5,107.5,0.0,0.0,47.86916208236124,27.749784978079276,74894.0,0,0,0,35,SALT LAKE
1513,350608,531.25,758.3724440760168,0.700513321851063,569.75,209.25,44.25,316.25,655.5020351428313,198.5,10.75,0.0,44.25,64.5,65.25,8.75,177.75,0.0,0.0,48.75230943926896,36.999725703562326,52063.0,0,0,0,35,SALT LAKE
1514,350609,275.25,596.6279282361618,0.4613428017252462,403.5,37.0,24.75,341.75,461.2619249381619,26.25,10.75,6.0,18.75,60.75,81.75,6.0,193.25,0.0,0.0,38.76206579308933,18.99985914507255,41199.0,0,0,0,35,SALT LAKE
1515,350610,373.5,869.3083244540755,0.4296519307284415,328.25,71.5,6.25,250.5,391.09992504669816,51.5,20.0,0.0,6.25,37.25,34.5,30.0,148.75,0.0,0.0,36.85011779554627,25.999807251151903,81057.0,0,0,0,35,SALT LAKE
1516,350611,251.0,552.163960486992,0.454575122539011,591.0,118.0,40.0,433.0,689.5837376268136,110.0,8.0,20.0,20.0,40.25,42.5,172.75,177.5,0.0,0.0,81.08387106876728,17.499866558046236,56355.0,0,0,0,35,SALT LAKE
1517,350612,223.5,585.7596939073453,0.38155578528991946,381.25,55.25,14.5,311.5,435.12941055695495,15.75,39.5,1.0,13.5,54.0,72.0,27.0,158.5,0.0,0.0,38.129521725836085,15.749888831118865,121244.0,0,0,0,35,SALT LAKE
1518,350613,236.5,613.2971067711542,0.3856206027859963,50.0,1.0,1.0,48.0,82.93850834027705,0.0,1.0,0.0,1.0,0.25,1.0,0.0,46.75,0.0,0.0,16.688693951141452,16.249814389135587,76631.0,0,0,0,35,SALT LAKE
1519,350614,454.5,1433.16622237786,0.31712999713732387,1118.5,226.75,32.75,859.0,1244.871006446637,58.25,168.5,0.0,32.75,119.75,361.25,90.0,288.0,0.0,0.0,94.871280920489,31.49972552614801,60917.0,0,726,0,35,SALT LAKE
1520,350615,363.0,926.945770246842,0.3916086697319246,236.5,61.5,5.0,170.0,300.41935673735225,53.0,8.5,0.0,5.0,26.0,35.5,19.5,89.0,0.0,0.0,38.41954207233953,25.49981466501269,60952.0,0,0,0,35,SALT LAKE
1521,350616,707.25,2253.281035400677,0.3138756279791958,633.25,81.5,55.5,496.25,764.1097078540652,29.25,52.25,5.25,50.25,75.75,140.5,90.0,190.0,0.0,0.0,81.61007855730428,49.249629296760894,86077.0,0,0,0,35,SALT LAKE
1522,350617,428.0,728.93753853861,0.5871559322600723,1383.25,95.25,51.5,1236.5,1486.242369072561,43.75,51.5,6.5,45.0,175.75,241.25,407.5,412.0,0.0,0.0,72.99259147507772,29.999777597482964,52063.0,0,0,0,35,SALT LAKE
1523,350618,420.75,909.5175931885512,0.4626078738344699,411.75,77.25,6.0,328.5,476.0205103593703,16.5,60.75,1.0,5.0,119.25,33.75,55.25,120.25,0.0,0.0,35.27072534847007,28.9997850109002,41199.0,0,0,0,35,SALT LAKE
1524,350619,255.25,593.2080026177437,0.4302875195102183,1284.25,75.5,21.0,1187.75,1373.3751718233918,27.75,47.75,0.0,21.0,84.5,171.5,746.5,185.25,0.0,0.0,71.12530526490191,17.999866558489778,81057.0,398,0,0,35,SALT LAKE
1525,350620,574.5,1202.4937758122198,0.4777571506446727,1575.25,161.0,74.5,1339.75,1707.708739540133,117.0,44.0,2.0,72.5,204.25,412.75,262.0,460.75,0.0,0.0,92.45903607682236,39.999703463310624,49685.0,0,0,0,35,SALT LAKE
1526,350621,164.0,413.3811705031204,0.39672827816612427,219.25,49.0,1.5,168.75,261.470442663467,8.5,40.5,1.0,0.5,16.75,84.5,8.5,59.0,0.0,0.0,30.9705167648184,11.24992589864858,121244.0,654,0,0,35,SALT LAKE
1527,350622,216.25,561.4760932892908,0.3851455165849438,0.0,0.0,0.0,0.0,44.19545735588412,0.0,0.0,0.0,0.0,0.0,0.0,0.0,0.0,0.0,0.0,29.19556855714263,14.999888798741484,76631.0,0,0,0,35,SALT LAKE
1528,350623,350.25,1150.8598637157083,0.3043376618150276,314.75,39.25,4.5,271.0,377.4757224831653,29.0,10.25,0.0,4.5,34.0,31.0,10.0,196.0,0.0,0.0,38.72590040517896,23.999822077986373,124702.0,0,0,0,35,SALT LAKE
1529,350624,407.0,1105.8600767850048,0.3680393284322594,115.0,34.5,2.5,78.0,178.16784319426523,33.75,0.75,0.0,2.5,23.25,8.75,0.0,46.0,0.0,0.0,35.16805076994779,27.999792424317437,53280.0,0,0,0,35,SALT LAKE
1530,350625,698.25,2083.021618502984,0.33521015518879493,532.25,0.25,0.0,532.0,673.5618058899033,0.25,0.0,0.0,0.0,0.25,531.75,0.0,0.0,0.0,0.0,92.81216173348707,48.499644156416295,108749.0,470,840,2138,35,SALT LAKE
1531,350626,1084.750009173765,3119.8080290651314,0.347697678532745,333.25000281830575,181.25000153283696,14.250000120512698,137.7500011649561,580.1932392182571,75.00000063427737,106.2500008985596,9.750000082456058,4.500000038056642,22.00000018605469,22.50000019028321,2.7500000232568365,90.50000076536135,0.0,0.0,171.44315146040677,75.50008493954459,117068.0,0,0,0,35,SALT LAKE
1532,350627,516.0,1019.7579536254452,0.5060024275030324,647.0,91.25,204.25,351.5,735.6665764426743,66.25,25.0,27.75,176.5,93.5,32.5,1.0,224.5,0.0,0.0,52.91678374381052,35.7497926988639,38438.0,0,0,0,35,SALT LAKE
1533,350628,0.0,0.0,0.0,412.0,15.0,309.75,87.25,428.0931366078116,13.5,1.5,145.75,164.0,23.75,10.5,0.0,53.0,0.0,0.0,16.093136607811548,0.0,38438.0,0,0,0,35,SALT LAKE
1534,350629,543.5,1194.2133683292996,0.45511130122446597,882.75,139.75,177.5,565.5,1017.7012982678658,117.0,22.75,56.0,121.5,69.75,66.5,17.0,412.25,0.0,0.0,97.20152787356476,37.749770394300974,38438.0,0,0,0,35,SALT LAKE
1535,350630,543.0,1178.7144213328145,0.46067138076245007,730.5,109.0,89.0,532.5,835.0506627349143,85.5,23.5,8.75,80.25,52.25,67.25,2.25,410.75,0.0,0.0,67.0509965813025,37.49966615361183,38438.0,0,0,0,35,SALT LAKE
1536,350631,479.5,1026.1846136409445,0.46726485042366267,989.0,155.0,158.25,675.75,1188.9088148346627,132.5,22.5,34.0,124.25,139.0,116.25,4.0,416.5,0.0,0.0,166.6590669232261,33.24974791143665,49408.0,0,0,0,35,SALT LAKE
1537,350632,517.75,1105.0900333089326,0.4685138625761733,194.0,4.75,8.75,180.5,260.3019120315094,3.75,1.0,1.0,7.75,16.75,25.75,24.0,114.0,0.0,0.0,30.302178914529872,35.99973311697956,49629.0,0,0,0,35,SALT LAKE
1538,350633,820.0,1724.40167627633,0.47552725753010555,398.25,52.0,33.0,313.25,508.33516138862205,41.75,10.25,0.0,33.0,36.5,43.75,121.0,112.0,0.0,0.0,53.08558395340442,56.99957743521764,48753.0,0,0,0,35,SALT LAKE
1539,350634,668.5,1427.5435685743576,0.46828693338418365,1009.25,260.5,35.25,713.5,1126.1421781122249,259.5,1.0,16.0,19.25,82.0,83.75,231.5,316.25,0.0,1.609912977605655,68.78266570176243,46.49959943285671,45123.0,567,0,0,35,SALT LAKE
1540,350635,562.5,1152.5642704839893,0.48804219808392363,735.75,40.0,84.25,611.5,827.816345777371,32.75,7.25,47.25,37.0,83.25,82.5,326.75,119.0,0.0,1.609912977605655,51.45672192303755,38.99971087672786,45123.0,0,0,0,35,SALT LAKE
1541,350636,478.25,949.7565805157608,0.5035500777897096,610.75,286.5,11.5,312.75,697.7833208580206,245.5,41.0,0.0,11.5,80.75,52.25,23.0,156.75,0.0,0.0,54.033565500789344,32.999755357231265,62849.0,0,0,0,35,SALT LAKE
1542,350637,272.0,537.2792971620333,0.5062543847059305,3772.75,80.5,16.0,3676.25,3950.4815036827,27.5,53.0,8.0,8.0,388.0,2289.25,185.0,814.0,0.0,0.0,158.73164453762723,18.99985914507255,62849.0,0,0,0,35,SALT LAKE
1543,350638,298.5,581.4963173938418,0.5133308519266664,346.75,69.25,9.75,267.75,399.9510953823717,14.75,54.5,0.0,9.75,41.25,59.0,58.75,108.75,0.0,0.0,32.20125106413358,20.999844318238075,50696.0,0,0,0,35,SALT LAKE
1544,350639,360.75,694.8468676636282,0.5191791411724939,179.25,14.25,10.25,154.75,232.0889397245108,11.5,2.75,0.0,10.25,52.5,24.75,20.25,57.25,0.0,0.0,27.8391250599417,24.99981466456914,50696.0,0,0,0,35,SALT LAKE
1545,350640,225.25,445.7868949850592,0.5052862758730253,2610.0,0.0,1.0,2609.0,2741.9924077216806,0.0,0.0,0.0,1.0,16.0,0.0,2445.0,148.0,0.0,0.0,116.24258591868404,15.749821802996369,64742.0,0,0,0,35,SALT LAKE
1546,350641,319.5,840.0653969932107,0.3803275330034599,24.75,0.0,0.0,24.75,65.94626720811239,0.0,0.0,0.0,0.0,4.25,0.25,10.0,10.25,0.0,0.0,19.196430303291542,21.99983690482084,78750.0,0,0,0,35,SALT LAKE
1547,350642,264.0,554.7159996526432,0.4759192094068204,452.75,152.0,30.5,270.25,502.2464404524644,37.25,114.75,20.75,9.75,39.25,51.75,83.0,96.25,0.0,0.0,31.49657389397458,17.999866558489778,59820.0,0,0,0,35,SALT LAKE
1548,350643,690.5,1530.6252862393328,0.4511228229454662,1109.5,133.5,83.75,892.25,1229.775921857121,62.5,71.0,0.0,83.75,216.0,73.25,179.0,424.0,0.0,0.0,72.27627770114819,47.999644155972746,62016.0,0,0,0,35,SALT LAKE
1549,350644,1122.5,1830.441880138118,0.6132399024410983,2419.0,589.0,93.0,1737.0,2652.8228466337077,513.75,75.25,0.0,93.0,426.75,351.0,237.0,722.25,0.0,0.0,155.8234248802513,77.99942175345572,47981.0,0,0,0,35,SALT LAKE
1550,350645,109.5,219.654420866092,0.49851033987043913,210.0,7.0,6.5,196.5,230.4797115469863,4.25,2.75,0.0,6.5,24.5,34.5,81.0,56.5,0.0,0.0,12.479770854324151,7.999940692662124,64742.0,0,0,0,35,SALT LAKE
1551,350646,687.5,1442.6833194713695,0.47654255838482623,1038.5,207.75,39.5,791.25,1176.6706682926704,139.25,68.5,1.0,38.5,169.75,77.25,296.75,247.5,0.0,0.0,90.42108371902565,47.74958457364486,55224.0,0,0,0,35,SALT LAKE
1552,350647,650.0,1710.4356308359456,0.38002014707932846,1.0,0.0,0.0,1.0,77.92604182255138,0.0,0.0,0.0,0.0,0.0,0.0,1.0,0.0,0.0,0.0,31.92637542632693,44.99966639622445,78750.0,0,0,0,35,SALT LAKE
1553,350648,360.0,756.5569874546089,0.47583989834156265,472.0,16.0,34.5,421.5,537.2469287073608,11.75,4.25,24.0,10.5,87.25,82.75,106.0,145.5,0.0,0.0,40.24711404279164,24.99981466456914,59820.0,0,0,0,35,SALT LAKE
1554,350649,663.2500088016864,1791.8234678950187,0.3701536566997043,224.75000298255412,0.0,0.0,224.75000298255412,329.18642017925214,0.0,0.0,0.0,0.0,0.0,224.50000297923648,0.0,0.2500000033176353,0.0,0.0,58.18675015389457,46.24966704280347,143361.0,397,603,0,35,SALT LAKE
1555,350650,492.7500040261565,1232.489515417558,0.399800564517757,354.7500028985875,0.5000000040853947,37.7500003084473,316.50000258605485,444.35118728333185,0.0,0.5000000040853947,23.75000019405625,14.000000114391051,127.75000104381834,0.0,116.00000094781157,72.75000059442493,0.0,0.0,55.351428714844545,34.24975566989973,146175.0,0,0,0,35,SALT LAKE
1556,350651,252.0,529.0896768302061,0.47628976907986637,73.25,2.0,12.0,59.25,103.95365790479386,2.0,0.0,0.0,12.0,15.75,4.25,6.0,33.25,0.0,0.0,12.70379134630409,17.999866558489778,59906.0,0,0,0,35,SALT LAKE
1557,350652,897.0,2614.047505603572,0.34314602090327606,24.5,0.25,16.25,8.0,122.49138105655854,0.25,0.0,0.0,16.25,0.25,2.0,0.0,5.75,0.0,0.0,35.991840688427075,61.99954036813147,66195.0,0,0,0,35,SALT LAKE
1558,350653,241.0,596.2198807888872,0.4042132907093291,861.25,87.0,315.25,459.0,1013.550302622424,61.25,25.75,197.25,118.0,78.25,120.75,0.0,260.0,0.0,0.0,135.30042865051698,16.999873971907014,58960.0,0,0,0,35,SALT LAKE
1559,350654,1008.0,2984.8758583033723,0.3377024867536553,132.75,0.0,0.0,132.75,247.3053573343864,0.0,0.0,0.0,0.0,0.0,132.75,0.0,0.0,0.0,0.0,44.55587627359279,69.99948106079358,47504.0,724,0,0,35,SALT LAKE
1560,350655,955.75,2669.6179666595144,0.3580100268788374,85.0,0.0,0.0,85.0,191.64952846124723,0.0,0.0,0.0,0.0,0.0,85.0,0.0,0.0,0.0,0.0,40.6500177467847,65.99951071446253,47848.0,637,0,0,35,SALT LAKE
1561,350656,416.75,1057.0088794616297,0.39427294140827357,346.5,30.5,4.0,312.0,405.3143257227652,21.0,9.5,0.0,4.0,16.0,240.0,6.0,50.0,0.0,0.0,29.814540711864957,28.9997850109002,50979.0,0,565,0,35,SALT LAKE
1562,350657,721.0,3657.242083656479,0.1971430885644711,342.0,8.25,2.25,331.5,433.5192147750237,8.25,0.0,2.0,0.25,3.0,244.0,0.0,84.5,0.0,0.0,41.51958544588544,49.99962932913828,66086.0,428,710,0,35,SALT LAKE
1563,350658,897.0,2564.98900544347,0.34970910132416516,477.5,115.0,19.5,343.0,593.1859196603614,51.0,64.0,2.5,17.0,74.25,102.75,1.0,165.0,0.0,0.0,53.68637929222994,61.99954036813147,85020.0,0,0,0,35,SALT LAKE
1564,350659,629.0,2029.8927267940253,0.3098685914272085,175.75,4.5,37.5,133.75,251.1812643323872,3.5,1.0,0.0,37.5,9.25,85.0,0.0,39.5,0.0,0.0,31.43159052274552,43.999673809641685,69902.0,342,0,0,35,SALT LAKE
1565,350660,654.0,1830.495513098744,0.35728030761074075,0.0,0.0,0.0,0.0,70.54398116154931,0.0,0.0,0.0,0.0,0.0,0.0,0.0,0.0,0.0,0.0,25.54431476532487,44.99966639622445,66698.0,0,0,0,35,SALT LAKE
1566,350661,368.00000005724576,1130.2237341448097,0.32559924990045896,368.7500000573624,35.75000000556124,0.2500000000388898,332.7500000517623,423.5272154917365,0.0,35.75000000556124,0.2500000000388898,0.0,0.0,311.00000004837887,0.0,21.750000003383413,0.0,0.0,28.777408179177687,25.999807255196412,73196.0,0,0,2265,35,SALT LAKE
1567,350662,487.5,1505.2380892400784,0.3238690300788994,106.5,20.0,10.0,76.5,164.7015314114886,3.25,16.75,1.5,8.5,1.0,65.25,0.0,10.25,0.0,0.0,24.201783467674584,33.99974794381403,47310.0,346,0,0,35,SALT LAKE
1568,350663,275.0,760.144288579882,0.361773421351045,678.75,109.5,49.75,519.5,777.4366052154091,60.75,48.75,14.75,35.0,81.0,119.5,66.25,252.75,0.0,0.0,79.43676840816394,19.249836807245156,51187.0,0,0,0,35,SALT LAKE
1569,350664,353.75,960.3912303166838,0.36833947336582074,529.25,201.5,20.0,307.75,588.2955441209594,138.5,63.0,0.75,19.25,46.0,52.0,0.0,209.75,0.0,0.0,34.5457294568339,24.499814664125594,37570.0,0,0,0,35,SALT LAKE
1570,350665,493.9999999667537,2001.1861436728998,0.2468535980666372,809.7499999455036,211.74999998574918,26.999999998182897,570.9999999615716,894.6719376617237,148.7499999899891,62.99999999576009,1.4999999998990496,25.499999998283847,15.749999998940023,76.24999999486836,0.0,478.99999996776324,0.0,0.0,50.92218977469434,33.99974794152584,77608.0,574,0,0,35,SALT LAKE
1571,350666,832.9999998452802,2838.9475615746496,0.29341859325617436,88.99999998346931,2.9999999994427857,17.249999996796017,68.74999998723051,183.01147531898272,2.2499999995820894,0.7499999998606964,1.4999999997213929,15.749999997074625,1.9999999996285238,52.99999999015588,0.0,13.749999997446102,0.0,0.0,36.01190532448575,57.99957001102767,74875.0,0,0,0,35,SALT LAKE
1572,350667,442.0,1375.0199937856446,0.32144987127285696,0.0,0.0,0.0,0.0,48.26366487255747,0.0,0.0,0.0,0.0,0.0,0.0,0.0,0.0,0.0,0.0,17.26389468849173,30.99977018406573,64459.0,0,0,0,35,SALT LAKE
1573,350668,291.0,750.7032838100114,0.38763650869235644,3658.25,168.5,109.5,3380.25,3880.472129293608,111.25,57.25,0.0,109.5,486.5,2020.75,49.0,824.0,0.0,0.0,201.72229245354183,20.49983684006608,58856.0,0,0,0,35,SALT LAKE
1574,350669,270.25,727.6750488280308,0.37138830091158914,0.0,0.0,0.0,0.0,29.55511899571669,0.0,0.0,0.0,0.0,0.0,0.0,0.0,0.0,0.0,0.0,10.555259850644138,18.99985914507255,65114.0,0,0,0,35,SALT LAKE
1575,350670,380.5,1003.2707173732806,0.37925954920343774,1032.25,257.75,28.75,745.75,1115.6801243645791,160.5,97.25,4.0,24.75,111.75,167.5,76.75,389.75,0.0,0.0,56.93025008486129,26.499874279717947,69166.0,447,0,0,35,SALT LAKE
1576,350671,506.75,1333.4757118653831,0.38002191977768646,459.0,161.0,9.0,289.0,534.2184139195141,103.75,57.25,0.0,9.0,30.0,108.0,0.0,151.0,0.0,0.0,40.218673389117285,34.99974053039679,56691.0,430,0,0,35,SALT LAKE
1577,350672,1269.75,2581.837005280413,0.4918009918531215,2795.25,438.25,793.75,1563.25,3042.7708421073407,433.75,4.5,585.75,208.0,955.25,87.75,75.25,445.0,0.0,0.0,159.52149448805744,87.99934761928337,41142.0,0,0,0,35,SALT LAKE
1578,350673,596.75,1211.3435553676572,0.4926348081481139,472.5,46.75,29.5,396.25,555.26580235145,30.0,16.75,0.0,29.5,81.25,145.25,0.25,169.5,0.0,0.0,41.7661063015566,40.99969604989339,41142.0,0,0,0,35,SALT LAKE
1579,350674,310.5,839.4681652949689,0.36987703981710585,0.0,0.0,0.0,0.0,35.62719130036603,0.0,0.0,0.0,0.0,0.0,0.0,0.0,0.0,0.0,0.0,13.627354395545188,21.99983690482084,65114.0,0,0,0,35,SALT LAKE
1580,350675,157.0,525.6200090624809,0.29869486947430357,1908.5,58.0,33.0,1817.5,2002.924566008675,33.5,24.5,0.0,33.0,1.75,1798.0,12.0,5.75,0.0,0.0,83.42464755626438,10.99991845241042,60975.0,0,0,0,35,SALT LAKE
1581,350676,746.5,2136.490508720681,0.34940478179189294,314.25,130.75,22.75,160.75,408.4339913039224,35.0,95.75,3.75,19.0,1.0,121.25,7.0,31.5,0.0,0.0,42.18437680161856,51.99961450230381,73963.0,0,1218,0,35,SALT LAKE
1582,350677,868.75,1771.555866835961,0.490388147652158,234.25,29.5,31.0,173.75,337.746743608871,6.75,22.75,0.0,31.0,79.0,28.0,11.75,55.0,0.0,0.0,42.996086278334246,60.50065733053674,35964.0,0,0,0,35,SALT LAKE
1583,350678,280.75,1123.374856209741,0.24991657811111115,740.25,143.0,17.5,579.75,800.6351970858296,59.5,83.5,0.0,17.5,74.5,90.5,120.0,294.75,0.0,0.0,40.635404936502205,19.74979214932743,78846.0,0,0,0,35,SALT LAKE
1584,350679,206.0,829.9061696552621,0.24822083210391258,0.0,0.0,0.0,0.0,22.045964777383368,0.0,0.0,0.0,0.0,0.0,0.0,0.0,0.0,0.0,0.0,8.046068565224653,13.999896212158715,79994.0,0,0,0,35,SALT LAKE
1585,350680,746.75,2533.524961908197,0.29474744130310987,119.0,16.75,0.0,102.25,207.5643798271744,7.0,9.75,0.0,0.0,0.25,53.75,9.0,39.25,0.0,0.0,36.56476532487055,51.99961450230381,77028.0,520,0,0,35,SALT LAKE
1586,350681,271.25,710.7327134049291,0.3816483959216036,301.75,37.25,13.0,251.5,345.1311745758177,28.25,9.0,5.75,7.25,32.5,37.75,66.0,115.25,0.0,0.0,24.381315430745108,18.99985914507255,83761.0,0,0,0,35,SALT LAKE
1587,350682,505.25,1365.3651238660698,0.37004753612672514,343.5,14.25,9.5,319.75,411.651110669731,10.25,4.0,0.0,9.5,30.25,188.75,2.0,98.75,0.0,0.0,33.15137013933415,34.99974053039679,72190.0,0,0,0,35,SALT LAKE
1588,350683,469.25,1231.0183679030422,0.3811884633365269,134.0,31.5,2.0,100.5,196.8132715037746,13.75,17.75,0.0,2.0,9.5,12.25,11.0,67.75,0.0,0.0,29.81351614654332,32.999755357231265,68224.0,0,0,0,35,SALT LAKE
1589,350684,861.75,2279.671501045128,0.3780149901443809,2736.0,775.0,132.0,1829.0,2981.5504654446668,353.25,421.75,53.75,78.25,250.25,388.25,231.25,959.25,0.0,0.0,185.80067195321047,59.74979349145653,46164.0,606,0,0,35,SALT LAKE
1590,350685,478.0,1158.007426858876,0.41277800894298833,263.75,27.25,12.0,224.5,340.45187544537634,16.0,11.25,0.0,12.0,49.5,60.75,6.25,108.0,0.0,0.0,43.45211264190693,33.24976280346942,53461.0,0,0,0,35,SALT LAKE
1591,350686,785.5,2109.398725148237,0.3723809968382337,22.25,5.25,0.0,17.0,113.16237195328584,0.0,5.25,0.0,0.0,13.0,0.0,2.0,2.0,0.0,1.609912977605655,34.802933742194114,54.49952523348606,75254.0,0,0,0,35,SALT LAKE
1592,350687,380.25,1002.5666974071214,0.37927651196016976,436.0,13.75,18.5,403.75,494.38025049112713,7.75,6.0,0.0,18.5,51.25,68.5,105.5,178.5,0.0,0.0,31.880450653836,26.499799837291125,37528.0,0,0,0,35,SALT LAKE
1593,350688,244.5,656.0463068986339,0.3726871067315951,0.0,0.0,0.0,0.0,28.049816017037053,0.0,0.0,0.0,0.0,0.0,0.0,0.0,0.0,0.0,0.0,11.049942045130038,16.999873971907014,55258.0,0,0,0,35,SALT LAKE
1594,350689,82.25,247.59290731554583,0.3321985306112834,826.25,169.25,18.0,639.0,876.0217903544661,43.0,126.25,0.0,18.0,72.75,197.75,66.25,302.25,0.0,0.0,44.27188697150277,5.499903382963327,62034.0,0,0,0,35,SALT LAKE
1595,350690,366.0,1106.4199561200587,0.3307966364629499,185.25,39.25,4.75,141.25,231.78135645942567,31.5,7.75,0.0,4.75,17.0,17.25,0.0,107.0,0.0,0.0,21.5315417948566,24.99981466456914,64390.0,0,0,0,35,SALT LAKE
1596,350691,332.0,1198.7001694951364,0.2769666747772551,31.25,31.0,0.0,0.25,68.4383747669199,1.0,30.0,0.0,0.0,0.0,0.0,0.0,0.25,0.0,0.0,14.188545275516308,22.99982949140361,67650.0,0,0,0,35,SALT LAKE
1597,350692,262.75,687.6967037133355,0.382072501702039,37.0,12.25,7.0,17.75,66.70754603337353,11.25,1.0,1.0,6.0,1.75,5.5,0.0,10.5,0.0,0.0,11.707679474883754,17.999866558489778,83761.0,0,0,0,35,SALT LAKE
1598,350693,509.0,1017.9815150775132,0.5000090792034104,575.5,39.25,15.0,521.25,658.3523607236111,29.5,9.75,0.0,15.0,30.75,389.0,19.5,82.0,0.0,0.0,47.85262019321433,34.99974053039679,51667.0,751,21,1876,35,SALT LAKE
1599,350694,388.75,1019.9227055591488,0.3811563345742724,397.25,88.0,61.5,247.75,487.69642596181,43.25,44.75,0.0,61.5,34.25,34.25,9.75,169.5,0.0,0.0,63.44662612407528,26.99979983773467,62357.0,0,0,0,35,SALT LAKE
1600,350695,858.5,2101.538758005214,0.40851019127284166,1167.25,160.0,23.5,983.75,1389.731385943339,126.25,33.75,0.0,23.5,268.0,149.25,192.0,374.5,0.0,0.0,162.4817935500035,59.99959239333581,51097.0,0,0,0,35,SALT LAKE
1601,350696,1026.75,2769.007986262966,0.3708006640261427,225.5,48.5,19.75,157.25,345.4107725571109,13.75,34.75,2.0,17.75,8.75,55.0,19.0,74.5,0.0,0.0,48.91129890973453,70.99947364737636,80135.0,541,0,0,35,SALT LAKE
1602,350697,622.5,1715.8684313907702,0.3627900534864683,103.75,0.0,0.0,103.75,175.1161836449731,0.0,0.0,0.0,0.0,0.0,103.5,0.0,0.25,0.0,0.0,28.36650242191415,42.99968122305892,80682.0,0,1129,0,35,SALT LAKE
1603,350698,297.0,742.1604644157409,0.40018299847568756,96.25,3.75,1.25,91.25,132.60901836199957,2.25,1.5,0.0,1.25,19.0,12.5,40.0,19.75,0.0,0.0,15.359174043761485,20.999844318238075,53825.0,0,0,0,35,SALT LAKE
1604,350699,609.5,1556.1253314567357,0.3916779630014947,2733.0,1294.75,38.5,1399.75,2943.197916814105,607.5,687.25,0.0,38.5,181.5,185.25,56.0,977.0,0.0,0.0,167.94819083821395,42.24972597589106,53825.0,0,0,0,35,SALT LAKE
1605,350700,766.0,2320.4276624802706,0.33011156192700875,2023.0,680.0,26.0,1317.0,2184.9366767209385,526.75,153.25,0.0,26.0,213.0,168.25,472.0,463.75,0.0,0.0,108.93706963205224,52.99960708888658,54653.0,0,0,0,35,SALT LAKE
1606,350701,410.5,1297.8685543454724,0.3162878079028728,114.0,0.0,0.0,114.0,163.2357426193235,0.0,0.0,0.0,0.0,0.0,114.0,0.0,0.0,0.0,0.0,20.485965054661445,28.74977756466204,65090.0,698,0,0,35,SALT LAKE
1607,350702,125.0,343.94626923304804,0.3634288584630747,238.0,8.25,50.5,179.25,261.179056089689,6.25,2.0,25.5,25.0,15.5,98.5,24.0,41.25,0.0,0.0,14.179122810444134,8.999933279244889,83027.0,748,0,0,35,SALT LAKE
1608,350703,518.0,1734.46910582179,0.29865046212775986,0.0,0.0,0.0,0.0,56.23208028584544,0.0,0.0,0.0,0.0,0.0,0.0,0.0,0.0,0.0,0.0,20.23234716886588,35.99973311697956,45908.0,0,0,0,35,SALT LAKE
1609,350704,634.0,1410.305230853106,0.4495480737999446,160.5,8.0,5.25,147.25,235.5330381016292,6.0,2.0,0.0,5.25,16.25,66.0,30.0,35.0,0.0,0.0,31.03336429198748,43.999673809641685,80018.0,483,0,0,35,SALT LAKE
1610,350705,420.5,1265.1687312475074,0.33236673466105193,1.0,0.0,0.0,1.0,46.46278734256505,0.0,0.0,0.0,0.0,1.0,0.0,0.0,0.0,0.0,0.0,16.463002331664846,28.9997850109002,104764.0,0,0,0,35,SALT LAKE
1611,350706,565.0,1580.6926514628535,0.3574382404303077,39.0,0.0,0.0,39.0,101.59109637864869,0.0,0.0,0.0,0.0,1.0,0.0,38.0,0.0,0.0,0.0,23.59138550192083,38.99971087672786,82610.0,0,0,0,35,SALT LAKE
1612,350707,233.5,738.392794050576,0.3162273547106237,788.25,4.0,5.0,779.25,844.1576060185349,3.5,0.5,0.0,5.0,609.75,2.25,149.0,18.25,0.0,0.0,39.90772463321066,15.999881385324253,93494.0,0,0,0,35,SALT LAKE
1613,350708,478.5,984.301534165908,0.4861315190425649,878.75,50.0,64.25,764.5,969.2622075722456,31.0,19.0,18.75,45.5,155.5,188.5,147.0,273.5,0.0,0.0,57.51245221501425,32.999755357231265,91804.0,0,0,0,35,SALT LAKE
1614,350709,307.25,863.7002434768137,0.3557368454166103,677.0,65.5,57.5,554.0,736.4458605860118,26.25,39.25,7.5,50.0,166.5,80.0,116.0,191.5,0.0,0.0,38.44601626777373,20.999844318238075,88816.0,0,0,0,35,SALT LAKE
1615,350710,7.75,19.5598147119382,0.39622052223581855,2172.5,333.25,1097.5,741.75,2259.5163339165188,182.25,151.0,655.0,442.5,139.5,48.5,28.25,525.5,0.0,1.609912977605655,85.156413492675,0.2500074462381604,38438.0,0,0,0,35,SALT LAKE
1616,350711,1.0,1.0,1.0,563.0,142.25,66.5,354.25,585.0274623916334,67.0,75.25,6.75,59.75,144.75,46.25,0.0,163.25,0.0,0.0,22.027462391633485,0.0,41809.0,0,0,0,35,SALT LAKE
1617,350712,279.25,721.6826729370001,0.3869429189196806,1150.0,233.5,243.0,673.5,1303.373384232307,216.0,17.5,42.5,200.5,91.25,79.25,3.75,499.25,0.0,0.0,134.1237186619396,19.24966557036734,57188.0,0,0,0,35,SALT LAKE
1618,350713,360.75,853.8135116327059,0.4225161526316858,711.25,101.25,195.0,415.0,848.2645369473204,87.5,13.75,55.75,139.25,43.75,51.75,13.25,306.25,0.0,0.0,112.01486368987644,24.999673257443945,41809.0,0,0,0,35,SALT LAKE
1619,350714,1453.25,2593.181876964046,0.5604119066655613,395.5,37.25,57.0,301.25,581.4617174709168,23.75,13.5,2.25,54.75,70.0,65.0,3.0,163.25,0.0,0.0,85.21260025081224,100.74911722010462,41809.0,0,0,0,35,SALT LAKE
1620,350715,391.5,1109.875467888827,0.3527422772436803,1456.25,419.0,52.5,984.75,1702.4021408966485,323.25,95.75,6.5,46.0,321.75,108.25,5.5,549.25,0.0,0.0,218.902475019801,27.24966587684764,41809.0,0,0,0,35,SALT LAKE
1621,350716,307.75,546.6827082767473,0.562940797908332,527.5,147.25,25.75,354.5,608.143229583086,125.0,22.25,0.0,25.75,64.0,60.75,0.0,229.75,0.0,0.0,59.64338526484804,20.999844318238075,41809.0,0,0,0,35,SALT LAKE
1622,350717,293.0,687.0597770013522,0.4264548876355242,829.5,313.25,51.0,465.25,933.3531725129787,289.5,23.75,0.0,51.0,92.0,85.25,0.0,288.0,0.0,0.0,83.60326119899568,20.249911313983198,69450.0,0,0,0,35,SALT LAKE
1623,350718,428.25,624.2568982683497,0.6860156470644365,527.5,175.5,14.0,338.0,638.6308576391863,87.25,88.25,0.75,13.25,35.25,42.75,6.0,254.0,0.0,0.0,81.13108004170326,29.999777597482964,35292.0,0,0,0,35,SALT LAKE
1624,350719,253.0,589.8235919093268,0.42894181153556427,1007.25,95.0,26.25,886.0,1082.224487163611,23.5,71.5,0.0,26.25,288.0,85.25,204.0,308.75,0.0,0.0,57.22468018744915,17.7498069761619,69450.0,0,0,0,35,SALT LAKE
1625,350720,705.75,1617.4197204960233,0.4363431402849247,820.0,31.5,23.75,764.75,938.5870453819732,22.5,9.0,0.0,23.75,253.75,117.75,161.75,231.5,0.0,0.0,69.58740863941766,48.99963674255551,41906.0,0,0,0,35,SALT LAKE
1626,350721,774.75,1971.685811358066,0.3929378583225511,454.25,47.25,15.75,391.25,559.2639512041425,42.0,5.25,0.0,15.75,91.0,171.75,27.25,101.25,0.0,0.0,51.264344082878495,53.74960712126396,57188.0,0,0,0,35,SALT LAKE
1627,350722,474.5,1082.7723918754157,0.4382269104388064,1092.75,89.0,152.0,851.75,1318.1946890618788,60.25,28.75,32.0,120.0,134.75,100.75,227.0,389.25,0.0,66.0064320951061,126.438099585392,33.00015738138094,41809.0,0,0,0,35,SALT LAKE
1628,350723,336.75,827.5581972113027,0.40692002222294066,547.75,69.75,36.75,441.25,636.8042709256155,51.0,18.75,0.0,36.75,71.5,133.5,30.25,206.0,0.0,0.0,65.80463500891716,23.2496359166984,41809.0,0,0,0,35,SALT LAKE
1629,350724,346.5,632.2179832990855,0.5480704585337303,1473.0,199.0,39.5,1234.5,1618.0747893864657,115.75,83.25,0.5,39.0,174.75,498.5,62.75,498.5,0.0,0.0,121.07491517238964,23.99987421407609,33483.0,0,0,0,35,SALT LAKE
1630,350725,925.25,2096.52123523788,0.44132631926097204,587.5,47.75,27.25,512.5,723.1284672305935,36.0,11.75,0.0,27.25,170.75,103.0,35.5,203.25,0.0,0.0,71.37900868548522,64.24945854510833,64843.0,0,0,0,35,SALT LAKE
1631,350726,694.25,1603.6493416627573,0.4329188320435196,217.5,0.0,1.0,216.5,301.1110328435593,0.0,0.0,0.0,1.0,10.0,52.0,94.0,60.5,0.0,0.0,35.61138868758654,47.999644155972746,81081.0,714,0,0,35,SALT LAKE
1632,350727,381.25,960.1842564739202,0.39705920757341145,3957.75,134.75,102.75,3720.25,4323.256200449229,82.0,52.75,11.25,91.5,866.75,325.0,1298.75,1229.75,0.0,0.0,338.7563336153063,26.74986683392333,59361.0,0,0,0,35,SALT LAKE
1633,350728,79.25,242.80683583006044,0.3263911402208905,2304.0,143.25,123.25,2037.5,2477.753304392032,88.0,55.25,13.75,109.5,480.5,220.5,420.25,916.25,0.0,0.0,168.25301392263884,5.500290469393155,41809.0,0,0,0,35,SALT LAKE
1634,350729,0.0,0.0,0.0,8815.25,335.5,43.75,8436.0,9159.558087549907,326.0,9.5,0.0,43.75,137.75,75.0,8051.5,171.75,0.0,0.0,344.30808754990653,0.0,41809.0,0,0,0,35,SALT LAKE
1635,350730,37.0,90.60019219948208,0.40838765461483767,1117.25,530.0,10.0,577.25,1180.3290211469885,147.75,382.25,0.0,10.0,81.75,93.0,0.0,402.5,0.0,0.0,60.32897639105158,2.750044755936958,39710.0,0,0,0,35,SALT LAKE
1636,350731,219.5,501.3606878551467,0.43780855842334815,240.25,46.0,0.75,193.5,294.9570816309686,0.0,46.0,0.0,0.75,25.5,42.0,51.0,75.0,0.0,0.0,39.45720027802173,15.249881352946868,90223.0,493,0,0,35,SALT LAKE
1637,350732,846.0,1308.8761510825684,0.6463560355196902,855.0,33.25,64.5,757.25,986.193251589078,22.5,10.75,0.0,64.5,141.0,134.75,167.0,314.5,0.0,0.0,72.19368898069473,58.999562608383165,59906.0,0,0,0,35,SALT LAKE
1638,350733,322.0,975.432055042578,0.3301101274408545,0.0,0.0,0.0,0.0,36.82662794939591,0.0,0.0,0.0,0.0,0.0,0.0,0.0,0.0,0.0,0.0,14.826791044575074,21.99983690482084,54880.0,0,0,0,35,SALT LAKE
1639,350734,494.5,1402.0823712319363,0.35268969223649016,0.0,0.0,0.0,0.0,54.56335433966095,0.0,0.0,0.0,0.0,0.0,0.0,0.0,0.0,0.0,0.0,20.563606395846914,33.99974794381403,105456.0,0,0,0,35,SALT LAKE
1640,350735,521.75,1650.322248736582,0.3161503763276718,3175.0,255.0,43.25,2876.75,3355.389879172681,223.25,31.75,3.0,40.25,325.75,60.5,826.0,1664.5,0.0,0.0,144.39014605570134,35.99973311697956,54736.0,0,0,0,35,SALT LAKE
1641,350736,0.0,0.0,0.0,1088.75,123.25,88.0,877.5,1131.270335895785,66.0,57.25,46.25,41.75,120.25,282.25,108.5,366.5,0.0,0.0,42.52033589578495,0.0,83071.0,0,0,0,35,SALT LAKE
1642,350737,5.0,9.315262569753424,0.5367535227868891,254.5,15.25,90.5,148.75,264.6395303062549,12.0,3.25,6.0,84.5,11.5,22.75,53.0,61.5,0.0,0.0,10.13953030625495,0.0,83071.0,0,0,0,35,SALT LAKE
1643,350738,580.0,1345.8557596458254,0.4309525711378108,2200.0,643.5,146.0,1410.5,2361.3324338049024,520.25,123.25,46.5,99.5,224.75,329.5,216.75,639.5,0.0,0.0,121.08279733778024,40.24963646712196,83071.0,0,0,1464,35,SALT LAKE
1644,350739,620.75,1430.6689090913696,0.43388794993402335,1364.5,195.75,30.5,1138.25,1501.292024810292,88.5,107.25,1.0,29.5,254.0,388.5,153.0,342.75,0.0,0.0,93.29235100109378,43.49967380919814,40099.0,0,899,0,35,SALT LAKE
1645,350740,1091.75,1803.3254701609803,0.6054092941428598,1557.25,316.0,74.0,1167.25,1743.0762097105385,220.0,96.0,0.0,74.0,220.75,193.25,90.0,663.25,0.0,1.609912977605655,108.21686015264255,75.99943658029018,59543.0,0,0,0,35,SALT LAKE
1646,350741,447.0,1179.695878833914,0.37891121603463007,1323.25,96.75,56.75,1169.75,1469.9952206762612,54.5,42.25,0.0,56.75,254.0,254.0,101.0,560.75,0.0,0.0,115.74545049219545,30.99977018406573,49716.0,329,0,0,35,SALT LAKE
1647,350742,441.75,875.1000034920969,0.50479944947685,682.0,119.75,17.25,545.0,756.8878418527888,94.75,25.0,0.0,17.25,55.25,94.5,0.0,395.25,0.0,0.0,43.8880716687231,30.99977018406573,53257.0,0,0,0,35,SALT LAKE
1648,350743,627.25,1944.7876478634007,0.32252878646628325,109.75,1.0,0.0,108.75,182.78669185675625,1.0,0.0,0.0,0.0,14.75,92.0,1.0,1.0,0.0,0.0,29.537010633253768,43.49968122350246,100118.0,482,681,0,35,SALT LAKE
1649,350744,211.25,561.2463640155249,0.37639442060448963,2078.5,213.75,69.25,1795.5,2184.679299026277,137.75,76.0,0.0,69.25,174.25,289.0,888.0,444.25,0.0,0.0,91.179410227536,14.999888798741484,73990.0,0,0,0,35,SALT LAKE
1650,350745,342.5,899.6326162085088,0.38071096337465204,253.0,9.25,28.5,215.25,300.76076379579433,7.75,1.5,0.0,28.5,43.25,67.5,50.0,54.5,0.0,0.0,23.76094171780794,23.999822077986373,73990.0,527,0,0,35,SALT LAKE
1651,350746,414.5,1208.293703807425,0.3430457335777544,1506.25,357.25,70.75,1078.25,1636.9764596069335,235.0,122.25,0.0,70.75,261.75,128.25,190.0,498.25,0.0,0.0,101.72667459603336,28.9997850109002,51572.0,0,0,0,35,SALT LAKE
1652,350747,614.25,1559.761245982597,0.39381027165670035,376.75,27.0,10.25,339.5,470.7092203683605,8.5,18.5,0.0,10.25,38.75,25.0,107.0,168.75,0.0,0.0,51.20954659153973,42.74967377682076,96932.0,0,0,0,35,SALT LAKE
1653,350748,716.2499997736819,1259.752849418607,0.568563905296377,822.4999997401094,22.99999999273254,38.499999987834904,760.9999997595419,938.6062367185617,15.999999994944377,6.999999997788165,11.999999996208283,26.499999991626623,140.49999995560532,434.49999986270825,35.99999998862485,149.99999995260353,0.0,0.0,66.35666724736154,49.74956973109071,57679.0,496,0,2210,35,SALT LAKE
1654,350749,500.0,1410.763340630582,0.35441805553049766,16.0,0.0,10.0,6.0,72.15427983464201,0.0,0.0,2.0,8.0,2.75,0.0,0.0,3.25,0.0,0.0,21.15453930424522,34.99974053039679,88816.0,0,0,0,35,SALT LAKE
1655,350750,11.0,21.901888924467123,0.5022397857068683,39.0,0.0,0.0,39.0,41.95292184998681,0.0,0.0,0.0,0.0,1.0,1.0,0.0,37.0,0.0,0.0,1.9529292634040425,0.9999925865827656,55874.0,0,0,0,35,SALT LAKE
1656,350751,238.25,750.8665831901105,0.31730004415401974,39.5,4.0,4.0,31.5,68.0992603666154,4.0,0.0,0.0,4.0,0.0,26.0,0.0,5.5,0.0,0.0,11.849445977036268,16.749814389579132,54736.0,361,0,0,35,SALT LAKE
1657,350752,12.0,31.078305617817463,0.3861214362059782,388.25,22.0,192.75,173.5,404.88461592370567,21.0,1.0,117.0,75.75,17.5,5.5,0.25,150.25,0.0,0.0,15.634623337122909,0.9999925865827656,50488.0,0,0,0,35,SALT LAKE
1658,350753,14.75,44.73154962880004,0.3297448919700143,475.25,56.0,255.0,164.25,495.1785905530997,30.25,25.75,145.5,109.5,27.0,26.25,27.0,84.0,0.0,0.0,19.178530970328183,0.7500595827714268,50488.0,0,0,0,35,SALT LAKE
1659,350754,826.75,1851.072534953668,0.44663295704978595,2002.0,628.0,67.0,1307.0,2268.993982156081,497.5,130.5,0.0,67.0,209.75,249.0,51.0,797.25,0.0,0.0,209.49434510660197,57.49963704947936,50488.0,367,0,0,35,SALT LAKE
1660,350755,471.75,1208.116127453472,0.39048398517316246,3590.25,2416.25,64.5,1109.5,4345.64161865981,1686.0,730.25,7.5,57.0,251.5,127.0,193.0,538.0,0.0,0.0,722.6411563090999,32.75046235071044,84106.0,0,0,0,35,SALT LAKE
1661,350756,800.75,1503.4673487786356,0.5326021883019284,1412.0,137.0,88.5,1186.5,1558.6757100311568,14.25,122.75,30.5,58.0,518.0,126.75,223.0,318.75,0.0,0.0,90.92613262876016,55.74957740239671,51537.0,437,0,0,35,SALT LAKE
1662,350757,244.0,696.2066493945297,0.35047065438429753,443.75,16.5,9.0,418.25,499.1098297834233,13.25,3.25,0.0,9.0,29.0,34.0,262.0,93.25,0.0,0.0,38.35995581151635,16.999873971907014,84106.0,0,0,0,35,SALT LAKE
1663,350758,352.5,1154.9245178408137,0.3052147517475995,2897.5,335.75,116.75,2445.0,3050.4379275365404,191.0,144.75,23.25,93.5,632.75,379.0,275.0,1158.25,0.0,0.0,128.4381799005372,24.499747636003097,84441.0,0,0,0,35,SALT LAKE
1664,350759,596.9999832084278,1244.2979758341696,0.479788599517895,1103.2499689693434,113.49999680763243,22.999999353088512,966.7499728086225,1221.768511281145,45.74999871320867,67.74999809442376,3.499999901556947,19.499999451531565,172.99999513410054,67.74999809442376,190.999994627822,534.9999849522762,0.0,1.6099129323242984,75.65900148598365,41.24962789349346,62954.0,0,0,0,35,SALT LAKE
1665,350760,787.499997721035,1787.9713622651204,0.44044329475354566,382.2499988937976,35.999999895818746,17.499999949356333,328.74999904862256,491.94223334986765,31.99999990739444,3.999999988424305,3.999999988424305,13.49999996093203,121.74999964766478,19.999999942121526,63.99999981478888,122.99999964404738,0.0,0.0,55.1927093803014,54.49952507576859,98114.0,0,0,0,35,SALT LAKE
1666,350761,371.0,740.7557326881765,0.5008398634373764,0.0,0.0,0.0,0.0,40.4905423856099,0.0,0.0,0.0,0.0,0.0,0.0,0.0,0.0,0.0,0.0,14.490735134457992,25.999807251151903,55874.0,0,0,0,35,SALT LAKE
1667,350762,243.0,486.2476744313741,0.49974532070342165,0.0,0.0,0.0,0.0,30.49140013477603,0.0,0.0,0.0,0.0,0.0,0.0,0.0,0.0,0.0,0.0,13.491526162869013,16.999873971907014,55874.0,0,0,0,35,SALT LAKE
1668,350763,167.75,522.9538035166681,0.3207740318015553,554.5,55.5,280.75,218.25,684.2474014621413,49.5,6.0,140.25,140.5,83.0,23.0,0.0,112.25,0.0,0.0,118.2477137965592,11.499687665582108,51755.0,0,0,0,35,SALT LAKE
1669,350764,822.0,1682.8086412953394,0.48846908663795946,613.5,85.5,27.75,500.25,922.3654261926346,60.75,24.75,5.5,22.25,86.0,95.25,9.5,309.5,0.0,0.0,251.61545411563768,57.24997207699682,60198.0,0,0,0,35,SALT LAKE
1670,350765,533.5000007963994,1177.164960973015,0.453207509978399,174.25000026011733,2.0000000029855647,2.500000003731956,169.7500002533998,240.64283468658215,2.0000000029855647,0.0,0.0,2.500000003731956,108.50000016196688,8.250000012315454,13.000000019406171,40.0000000597113,0.0,0.0,29.393108667669924,36.99972575879487,58042.0,0,0,0,35,SALT LAKE
1671,350766,375.25,860.3837914002854,0.43614257236212683,444.0,56.5,9.0,378.5,520.2434096531304,42.0,14.5,0.0,9.0,69.0,58.0,93.0,158.5,0.0,0.0,50.24360240197848,25.999807251151903,73178.0,0,0,0,35,SALT LAKE
1672,350767,461.0,1127.8325807478975,0.4087486102718348,347.0,40.0,26.0,281.0,428.3054408661996,31.5,8.5,8.5,17.5,29.5,37.75,143.75,70.0,0.0,0.0,49.30567809555111,31.99976277064849,56575.0,0,0,0,35,SALT LAKE
1673,350768,505.25,1487.77750260221,0.33960051090723453,72.0,0.0,0.0,72.0,141.29593994072334,0.0,0.0,0.0,0.0,0.0,72.0,0.0,0.0,0.0,0.0,34.046266406515194,35.249673534208135,81339.0,650,0,0,35,SALT LAKE
1674,350769,329.0,1118.7116346890698,0.294088297465004,468.25,58.0,220.5,189.75,541.0885687652095,35.0,23.0,206.0,14.5,41.0,23.75,51.75,73.25,0.0,0.0,50.08874672004397,22.74982204516545,110709.0,0,0,0,35,SALT LAKE
1675,350770,328.0,951.9036688665166,0.34457268180357725,34.0,0.0,0.0,34.0,82.137424862919,0.0,0.0,0.0,0.0,0.0,34.0,0.0,0.0,0.0,0.0,25.387587925720787,22.74983693719822,166479.0,587,0,0,35,SALT LAKE
1676,350771,285.75,662.766757231052,0.43114715227091965,397.0,16.0,2.5,378.5,448.01369703907216,10.75,5.25,0.0,2.5,8.75,312.0,12.0,45.75,0.0,1.609912977605655,29.40413335075459,19.999650710711947,62094.0,0,0,1574,35,SALT LAKE
1677,350772,449.25,1353.4260222039547,0.3319353940516301,41.5,12.5,1.0,28.0,95.16108710998589,11.75,0.75,0.0,1.0,0.75,2.0,0.0,25.25,0.0,0.0,22.66131692592014,30.99977018406573,117566.0,563,0,0,35,SALT LAKE
1678,350773,508.5,1116.0554082162166,0.45562254011450193,36.0,0.0,0.0,36.0,94.26771428536053,0.0,0.0,0.0,0.0,0.0,18.0,0.0,18.0,0.0,0.0,23.267973754963712,34.99974053039679,91816.0,0,0,0,35,SALT LAKE
1679,350774,219.5,612.4229589995442,0.35841242849317045,20.0,0.0,0.0,20.0,51.602339920264505,0.0,0.0,0.0,0.0,9.0,0.0,0.0,11.0,0.0,0.0,16.35239153919514,15.249948381069364,99320.0,0,0,0,35,SALT LAKE
1680,350775,501.0,1111.0543669196293,0.45092302853640737,421.0,137.25,42.5,241.25,518.7361235158367,95.5,41.75,27.5,15.0,89.5,48.25,8.75,94.75,0.0,0.0,62.9864425677678,34.749680948068914,121637.0,0,0,0,35,SALT LAKE
1681,350776,624.0,1573.5987092213732,0.3965432840935407,222.25,27.0,15.75,179.5,322.05376214570026,11.25,15.75,7.0,8.75,77.25,6.5,13.5,82.25,0.0,0.0,56.554073476403175,43.24968866929708,129537.0,0,0,0,35,SALT LAKE
1682,350777,213.75,590.0918439327625,0.3622317478164561,0.0,0.0,0.0,0.0,23.348748323679928,0.0,0.0,0.0,0.0,0.0,0.0,0.0,0.0,0.0,0.0,8.348859524938442,14.999888798741484,99320.0,0,0,0,35,SALT LAKE
1683,350778,469.25,1344.806482019556,0.3489349629660517,82.0,0.25,0.0,81.75,146.78115592225734,0.25,0.0,0.0,0.0,10.5,43.25,0.0,28.0,0.0,0.0,32.03139311923145,32.74976280302588,68371.0,528,113,0,35,SALT LAKE
1684,350779,507.75,1386.9424334756025,0.3660930603497407,712.25,171.25,16.75,524.25,823.1452269313154,65.25,106.0,2.0,14.75,115.5,67.0,72.5,269.25,0.0,0.0,75.6454268185908,35.24980011272468,92545.0,0,0,0,35,SALT LAKE
1685,350780,767.0,1565.7858441111557,0.4898498749906634,596.5,97.5,62.75,436.25,715.5192617087278,63.25,34.25,9.5,53.25,65.0,62.5,140.0,168.75,0.0,0.0,65.76960245181765,53.249659256910135,69155.0,0,0,0,35,SALT LAKE
1686,350781,464.25,973.0030735225198,0.477131072483971,1225.25,198.75,21.5,1005.0,1344.71625369874,111.5,87.25,2.0,19.5,180.5,341.5,155.25,327.75,0.0,0.0,87.21655050997592,32.24970318876416,43977.0,0,895,0,35,SALT LAKE
1687,350782,354.5,1019.0585072113952,0.347870114906427,0.0,0.0,0.0,0.0,49.345953277624005,0.0,0.0,0.0,0.0,0.0,0.0,0.0,0.0,0.0,0.0,24.596131167260246,24.749822110363755,142825.0,0,0,0,35,SALT LAKE
1688,350783,907.25,2095.5564941460816,0.4329398909236734,1278.75,74.5,29.5,1174.75,1432.6284185576603,32.5,42.0,1.0,28.5,178.5,468.25,65.0,463.0,0.0,0.0,90.87888560294616,62.99953295471423,74779.0,380,620,0,35,SALT LAKE
1689,350784,946.0,1927.1746074889,0.4908740475948019,459.25,96.25,7.25,355.75,610.6855746092884,70.25,26.0,0.5,6.75,58.5,61.25,62.5,173.5,0.0,4.829738934023716,80.60632496080217,65.99951071446253,47369.0,0,0,0,35,SALT LAKE
1690,350785,256.0,663.9033810580233,0.3855982772553862,590.0,72.5,21.0,496.5,744.2532396681363,44.5,28.0,0.0,21.0,97.0,99.25,26.25,274.0,0.0,0.0,136.25327625177133,17.999963416364896,66454.0,0,0,0,35,SALT LAKE
1691,350786,185.5,518.2326923256642,0.3579473135273168,114.0,7.5,4.0,102.5,139.69911953423826,5.0,2.5,1.0,3.0,27.25,21.5,8.0,45.75,0.0,0.0,12.699215908662318,12.999903625575952,97142.0,0,0,0,35,SALT LAKE
1692,350787,292.75,915.0660719860016,0.3199222536626605,0.0,0.0,0.0,0.0,36.18419266927823,0.0,0.0,0.0,0.0,0.0,0.0,0.0,0.0,0.0,0.0,16.184340937622913,19.999851731655312,93777.0,0,0,0,35,SALT LAKE
1693,350788,335.75,947.166252501511,0.3544784235220251,12.0,5.0,0.0,7.0,48.83116092888001,0.0,5.0,0.0,0.0,0.0,0.0,7.0,0.0,0.0,0.0,13.581271855148522,23.249889073731488,125952.0,0,0,0,35,SALT LAKE
1694,350789,535.75,1523.0565582284717,0.3517597538355059,84.75,0.0,0.75,84.0,165.9838630188277,0.0,0.0,0.75,0.0,6.0,51.75,0.0,26.25,0.0,0.0,43.9840777329375,37.249785285890205,111706.0,512,0,0,35,SALT LAKE
1695,350790,296.00000310433995,701.8654399953061,0.42173326429396424,400.75000420291974,12.00000012585162,211.7500022207567,177.0000018563114,451.71532602565054,0.0,12.00000012585162,203.2500021316118,8.500000089144898,14.750000154692616,74.00000077608499,10.00000010487635,78.25000082065743,0.0,0.0,30.215536869204485,20.749784953526365,138546.0,0,0,0,35,SALT LAKE
1696,350791,580.2499964525757,1234.8121267404879,0.46990953837184246,230.24999859234046,16.74999989759697,20.49999987467092,192.99999882007256,328.90606360792,12.249999925108233,4.499999972488739,7.749999952619494,12.749999922051426,3.9999999755455455,6.249999961789915,137.9999991563213,44.749999726415794,0.0,0.0,58.406428794528324,40.24963622105123,63565.0,0,0,0,35,SALT LAKE
1697,350792,298.5,849.9627239951834,0.351191871799888,884.5,224.0,53.0,607.5,975.4681444209208,156.0,68.0,28.25,24.75,47.75,127.25,50.0,382.5,0.0,0.0,70.2184341274374,20.74971029348337,97142.0,447,0,0,35,SALT LAKE
1698,350793,254.25,717.8116885041852,0.354201532340355,263.75,25.75,8.25,229.75,310.22671389056745,14.25,11.5,4.25,4.0,47.5,35.25,1.0,146.0,0.0,0.0,28.72678033588905,17.749933554678442,125952.0,0,0,0,35,SALT LAKE
1699,350794,100.75,281.5395842631866,0.35785376420041054,93.5,80.5,1.0,12.0,108.08735472499022,0.0,80.5,0.0,1.0,0.0,0.0,0.0,12.0,0.0,0.0,7.587406618910866,6.999948106079359,125952.0,0,0,0,35,SALT LAKE
1700,350795,8.5,20.99534151477617,0.40485171408228066,4298.5,291.25,425.75,3581.5,4467.226091006764,33.25,258.0,354.25,71.5,1097.75,207.75,227.0,2049.0,0.0,0.0,168.22609100632013,0.5000000004435452,149495.0,0,0,0,35,SALT LAKE
1701,350796,1201.75,3281.2803421885096,0.3662442323347693,81.75,14.5,7.0,60.25,215.63310874154317,14.5,0.0,0.0,7.0,4.0,45.75,1.0,9.5,0.0,0.0,50.13379846522304,83.7493102763201,80566.0,467,0,0,35,SALT LAKE
1702,350797,0.0,0.0,0.0,1013.0,50.25,272.75,690.0,1052.565183401402,11.75,38.5,99.5,173.25,91.25,148.0,18.0,432.75,0.0,0.0,39.56518340140196,0.0,55718.0,366,89,0,35,SALT LAKE
1703,350798,384.75,1212.1574883725723,0.3174092506053488,320.75,73.25,11.75,235.75,377.80587715175375,46.25,27.0,0.0,11.75,32.75,62.5,1.0,139.5,0.0,0.0,30.056077314019088,26.99979983773467,48875.0,0,0,0,35,SALT LAKE
1704,350799,618.5,2025.525039866778,0.30535292718014473,0.0,0.0,0.0,0.0,67.15759005913924,0.0,0.0,0.0,0.0,0.0,0.0,0.0,0.0,0.0,0.0,24.157908836080324,42.99968122305892,98904.0,0,0,0,35,SALT LAKE
1705,350800,1691.0,4913.4166679237405,0.34415969869589036,74.75,26.5,18.0,30.25,261.7168356660193,4.0,22.5,0.0,18.0,0.0,2.75,0.0,27.5,0.0,0.0,68.96771044925296,117.99912521676632,76350.0,0,0,0,35,SALT LAKE
1706,350801,1283.0,2577.599309780471,0.4977499781024036,1031.75,36.75,41.0,954.0,1211.1603027012188,22.5,14.25,0.0,41.0,344.25,139.25,17.0,453.5,0.0,0.0,90.41096249535283,88.99934020586613,48568.0,0,0,0,35,SALT LAKE
1707,350802,446.0,1496.2152997236662,0.2980854427049176,0.0,0.0,0.0,0.0,48.41989921362979,0.0,0.0,0.0,0.0,0.0,0.0,0.0,0.0,0.0,0.0,17.420129029564055,30.99977018406573,50508.0,0,0,0,35,SALT LAKE
1708,350803,408.75,1374.7025750538216,0.29733704396676264,0.0,0.0,0.0,0.0,43.965311970700185,0.0,0.0,0.0,0.0,0.0,0.0,0.0,0.0,0.0,0.0,15.965519546382756,27.999792424317437,76385.0,0,0,0,35,SALT LAKE
1709,350804,337.75,1020.2543852917348,0.3310448892639875,20.75,0.25,0.0,20.5,58.00177015091242,0.25,0.0,0.0,0.0,0.0,1.0,19.0,0.5,0.0,0.0,14.001948105303429,23.249822045608997,104764.0,0,0,0,35,SALT LAKE
1710,350805,344.75,1160.1203792843007,0.29716743723843775,0.0,0.0,0.0,0.0,37.46559216721195,0.0,0.0,0.0,0.0,0.0,0.0,0.0,0.0,0.0,0.0,13.46577008922558,23.999822077986373,111155.0,0,0,0,35,SALT LAKE
1711,350806,209.0,665.9708440839136,0.3138275524471243,1321.75,311.25,57.5,953.0,1399.53442464792,196.75,114.5,0.0,57.5,121.0,199.0,8.0,625.0,0.0,0.0,62.7845358491786,14.999888798741484,93494.0,0,0,0,35,SALT LAKE
1712,350807,822.0,1970.3323000438704,0.4171885117965623,387.0,71.25,19.25,296.5,491.22200627296826,65.5,5.75,0.0,19.25,52.0,58.25,74.0,112.25,0.0,0.0,47.22242883775061,56.99957743521764,59644.0,0,0,0,35,SALT LAKE
1713,350808,318.0,786.5538795296461,0.4042952533527161,63.5,12.0,0.0,51.5,100.4010235147876,12.0,0.0,0.0,0.0,0.0,1.0,29.0,21.5,0.0,0.0,14.901186609966755,21.99983690482084,65595.0,0,0,0,35,SALT LAKE
1714,350809,777.25,1966.2546488580365,0.3952946788715348,0.0,0.0,0.0,0.0,532.4136058622743,0.0,0.0,0.0,0.0,0.0,0.0,0.0,0.0,2.0182126120473414,0.0,476.6459575383761,53.74943571185082,79063.0,0,0,0,35,SALT LAKE
1715,350810,13.25,32.78080399703818,0.40419997023859355,0.0,0.0,0.0,0.0,1.5006552272139708,0.0,0.0,0.0,0.0,0.0,0.0,0.0,0.0,0.0,0.0,0.5004168979024446,1.0002383293115262,99326.0,0,0,0,35,SALT LAKE
1716,350811,205.25,637.2346687483314,0.3220948420825188,64.0,0.25,0.0,63.75,92.04954647942584,0.25,0.0,0.0,0.0,0.0,63.75,0.0,0.0,3.0273189180710123,0.0,10.522465341573408,14.499762219781395,99326.0,723,0,0,35,SALT LAKE
1717,350812,14.0,47.61415751710697,0.2940301945901287,198.5,158.0,14.75,25.75,208.3056510960168,5.0,153.0,1.25,13.5,0.75,3.25,0.0,21.75,0.5045533258912204,0.0,8.301105183542838,0.9999925865827656,99326.0,0,0,0,35,SALT LAKE
1718,350813,465.0,1617.8747537623983,0.2874140899464768,62.0,0.0,0.0,62.0,114.58363720692712,0.0,0.0,0.0,0.0,0.0,62.0,0.0,0.0,0.0,0.0,20.5838744362786,31.99976277064849,99326.0,666,0,0,35,SALT LAKE
1719,350814,688.0,2397.779579653928,0.286932129140619,0.0,0.0,0.0,0.0,74.87195082041237,0.0,0.0,0.0,0.0,0.0,0.0,0.0,0.0,0.0,0.0,26.87230666443962,47.999644155972746,99326.0,0,0,0,35,SALT LAKE
1720,350815,535.0,1416.2360213944255,0.3777618927339803,124.0,26.25,12.25,85.5,186.7400969784213,17.0,9.25,0.0,12.25,14.0,16.75,0.0,54.75,0.0,0.0,25.74037127485897,36.999725703562326,55718.0,0,0,0,35,SALT LAKE
1721,350816,0.0,0.0,0.0,5883.25,3118.0,89.5,2675.75,6113.045712114151,1832.75,1285.25,38.5,51.0,643.5,236.25,309.0,1487.0,0.0,0.0,229.79571211415055,0.0,83407.0,0,0,0,35,SALT LAKE
1722,350817,720.0,2439.7729778346893,0.2951094247461514,292.5,15.5,5.0,272.0,382.0463289659858,14.5,1.0,1.0,4.0,5.5,89.5,165.0,12.0,0.0,0.0,39.54669963684758,49.99962932913828,80953.0,616,0,0,35,SALT LAKE
1723,350818,692.25,2342.9774202932003,0.2954573928046527,373.25,81.75,9.75,281.75,463.11684904075,41.25,40.5,0.0,9.75,33.0,81.0,20.0,147.75,0.0,0.0,41.86720488477724,47.999644155972746,75377.0,560,0,0,35,SALT LAKE
1724,350819,740.0,1673.0199937856446,0.4423139010583829,195.75,35.0,2.25,158.5,285.2983432379946,26.25,8.75,1.0,1.25,5.25,75.75,50.0,27.5,0.0,0.0,38.54872132227353,50.99962191572104,96192.0,494,0,0,35,SALT LAKE
1725,350820,1006.25,2594.0484135689003,0.3879071781145356,1511.5,320.0,60.75,1130.75,1744.5389692209087,171.25,148.75,0.0,60.75,123.5,335.75,129.0,542.5,0.0,0.0,163.03955512481343,69.99941409609522,58791.0,246,1094,0,35,SALT LAKE
1726,350821,1187.25,2856.597773814952,0.4156167910242547,1540.75,425.75,88.0,1027.0,1747.0382102771234,303.5,122.25,9.0,79.0,131.0,215.5,191.0,489.5,0.0,0.0,123.53881814495924,82.74939213216416,77187.0,515,0,0,35,SALT LAKE
1727,350822,739.7499980855848,1824.9425715365928,0.40535522028110665,1129.2499970775891,288.24999925403154,62.49999983825488,778.4999979853028,1253.2514091781777,133.2499996551594,154.9999995988721,4.749999987707371,57.74999985054751,135.99999964804263,273.7499992915564,1.9999999948241562,366.74999905087964,0.0,0.0,73.00179031685035,50.99962178373801,65595.0,0,0,0,35,SALT LAKE
1728,350823,847.25,2794.8170712593,0.30315043110075274,47.25,15.0,12.75,19.5,173.97710025872584,15.0,0.0,9.25,3.5,2.25,4.0,0.0,13.25,5.045531530118353,0.0,62.431939060168006,59.249629668439496,79063.0,0,0,0,35,SALT LAKE
1729,350824,790.0,2480.7012740361097,0.3184583360634419,0.0,0.0,0.0,0.0,86.86498092985964,0.0,0.0,0.0,0.0,0.0,0.0,0.0,0.0,1.009106306023671,0.0,30.856282361783865,54.9995922620521,98769.0,0,0,0,35,SALT LAKE
1730,350825,328.75,1020.786306875538,0.3220556523786557,730.25,499.5,52.75,178.0,848.8690610288934,263.0,236.5,0.25,52.5,25.5,22.5,17.0,113.0,1.009106306023671,0.0,94.61025922428703,22.99969549858274,99326.0,0,0,0,35,SALT LAKE
1731,350826,872.75,2483.7258210119617,0.3513874166853125,2.0,0.25,0.0,1.75,104.41342367888367,0.25,0.0,0.0,0.0,0.0,0.25,0.0,1.5,0.0,0.0,41.91387589777853,60.49954778110515,97427.0,0,0,0,35,SALT LAKE
1732,350827,638.25,1846.536851406625,0.34564704165736215,81.0,0.0,0.0,81.0,153.59343289658642,0.0,0.0,0.0,0.0,0.0,81.0,0.0,0.0,0.0,0.0,28.09376650080551,44.499666395780906,97427.0,1150,0,0,35,SALT LAKE
1733,350828,484.5,1369.8246051229262,0.3536949169901366,713.25,95.0,49.75,568.5,846.5247104634129,66.25,28.75,8.25,41.5,78.25,159.0,0.0,331.25,0.0,0.0,99.27496251959892,33.99974794381403,97427.0,577,227,0,35,SALT LAKE
1734,350829,863.0,1989.528522194936,0.43377111228739773,361.25,100.25,13.0,248.0,469.0690889158773,35.75,64.5,6.0,7.0,29.75,125.75,7.0,85.5,0.0,0.0,47.81953372091144,59.999555194965936,100890.0,0,1361,0,35,SALT LAKE
1735,350830,508.0,2251.3937371710344,0.22563800885327245,87.0,18.75,1.0,67.25,145.2393285221208,18.25,0.5,0.0,1.0,0.75,64.5,0.0,2.0,0.0,0.0,23.239587991724004,34.99974053039679,102819.0,781,0,0,35,SALT LAKE
1736,350831,137.0,357.9905033635772,0.38269171587733997,32.75,9.75,0.0,23.0,49.380443533139086,9.75,0.0,0.0,0.0,2.25,3.25,7.0,10.5,0.0,0.0,6.630517667311433,9.999925865827656,55718.0,0,0,0,35,SALT LAKE
1737,350832,1.0,1.0,1.0,1818.25,109.25,935.5,773.5,1894.312145906184,74.0,35.25,280.25,655.25,139.25,177.25,7.0,450.0,0.0,0.0,76.06214590618383,0.0,79444.0,0,0,0,35,SALT LAKE
1738,350833,468.5,1479.4199965986086,0.3166781583844658,416.0,64.25,20.25,331.5,482.8002828663848,25.0,39.25,0.0,20.25,42.25,44.0,145.0,100.25,0.0,0.0,34.550587091924974,32.24969577445984,72021.0,0,0,0,35,SALT LAKE
1739,350834,684.0,1669.7124569205691,0.4096513727049106,422.75,49.75,108.25,264.75,514.7272773141057,12.75,37.0,7.75,100.5,6.25,152.0,43.0,63.5,0.0,0.0,43.97763315813295,47.999644155972746,54164.0,1207,0,0,35,SALT LAKE
1740,350835,479.0,1081.3293630768085,0.44297326638486545,482.5,77.0,161.0,244.5,553.0742617137456,69.25,7.75,112.75,48.25,26.5,24.5,0.0,193.5,0.0,0.0,37.574506356514384,32.999755357231265,67567.0,0,0,0,35,SALT LAKE
1741,350836,714.75,2059.5430615137425,0.3470429986905281,933.75,219.0,104.0,610.75,1054.3901855477193,174.5,44.5,0.0,104.0,118.5,295.75,25.0,171.5,0.0,0.0,70.64055621858112,49.99962932913828,74159.0,0,896,1795,35,SALT LAKE
1742,350837,477.75,1273.360671730567,0.37518827980662506,600.0,70.0,37.25,492.75,675.0936707020375,36.0,34.0,7.0,30.25,78.25,128.0,6.0,280.5,0.0,0.0,42.09391534480622,32.999755357231265,66291.0,0,0,0,35,SALT LAKE
1743,350838,126.25,331.82369519556335,0.38047313024343665,740.25,74.25,49.25,616.75,786.3667462702781,35.5,38.75,0.0,49.25,22.75,430.25,8.0,155.75,0.0,0.0,37.36667904788332,8.750067222394865,66291.0,0,0,0,35,SALT LAKE
1744,350839,175.25000094738596,515.4617919153292,0.33998640383451134,1050.2500056775584,167.00000090278718,172.75000093387118,710.5000038408999,1183.6259168146353,119.5000006460064,47.50000025678079,44.00000023786009,128.75000069601109,43.50000023515714,337.50000182449503,0.0,329.50000178124776,0.0,0.0,121.12591055635684,12.250000580720233,57444.0,0,0,0,35,SALT LAKE
1745,350840,262.24999812579404,756.370342385923,0.3467216830561373,32.749999765947585,1.9999999857067228,6.74999995176019,23.999999828480675,99.76201841383714,1.4999999892800422,0.4999999964266807,0.0,6.74999995176019,2.9999999785600844,10.999999921386975,0.0,9.999999928533613,1.0091062988119528,0.0,48.00355928478549,17.99935306429211,81590.0,0,0,0,35,SALT LAKE
1746,350841,862.25,3028.3170336174194,0.28472910544970764,170.0,0.0,0.0,170.0,270.3181855809636,0.0,0.0,0.0,0.0,0.0,169.75,0.0,0.25,0.0,0.0,40.31863038599762,59.999555194965936,97427.0,954,1433,0,35,SALT LAKE
1747,350842,512.0,1859.2917729153955,0.27537367047947336,0.0,0.0,0.0,0.0,57.006835080260615,0.0,0.0,0.0,0.0,0.0,0.0,0.0,0.0,1.009106306023671,0.0,19.99799565725739,35.99973311697956,97427.0,0,0,0,35,SALT LAKE
1748,350843,243.0,689.7512739180428,0.35230090786156865,0.0,0.0,0.0,0.0,26.491711292822764,0.0,0.0,0.0,0.0,0.0,0.0,0.0,0.0,0.0,0.0,9.491837320915748,16.999873971907014,97427.0,0,0,0,35,SALT LAKE
1749,350844,762.9999991165688,2498.2173175851503,0.3054177848122944,69.99999991895126,0.0,0.0,69.99999991895126,155.53540843711292,0.0,0.0,0.0,0.0,0.999999998842161,64.99999992474046,3.999999995368644,0.0,0.0,0.0,32.53580149064012,52.99960702752156,92040.0,565,0,0,35,SALT LAKE
1750,350845,793.0000006543606,2727.176795599596,0.29077689496841436,0.0,0.0,0.0,0.0,85.97305045058269,0.0,0.0,0.0,0.0,0.0,0.0,0.0,0.0,0.0,0.0,30.97345814314651,54.99959230743617,92196.0,0,0,0,35,SALT LAKE
1751,350846,671.25,2121.2017994316066,0.31644796840162354,4.0,0.0,4.0,0.0,77.37387434777541,0.0,0.0,3.0,1.0,0.0,0.0,0.0,0.0,0.0,0.0,26.374222778385427,46.99965156938998,54519.0,0,0,0,35,SALT LAKE
1752,350847,225.75,600.9564428212732,0.37565118520101953,127.0,6.0,4.25,116.75,156.77779333972006,3.75,2.25,0.0,4.25,12.75,83.0,0.0,21.0,0.0,0.0,13.777911954395815,15.999881385324253,81365.0,573,0,0,35,SALT LAKE
1753,350848,411.25,1107.1392212506175,0.37145283276610375,216.5,10.5,14.25,191.75,290.5097112718874,6.75,3.75,0.0,14.25,44.0,90.25,0.0,57.5,0.0,0.0,45.50975500681584,28.499956265071525,81365.0,0,0,163,35,SALT LAKE
1754,350849,735.0000020775509,2819.0797690147947,0.26072337865572953,1206.7500034109994,80.00000022612798,281.50000079568787,845.2500023891835,1364.0799062416766,69.75000019715534,10.250000028972648,120.25000033989863,161.25000045578923,115.00000032505898,128.25000036251143,127.25000035968483,474.7500013419283,0.0,0.0,106.08018394370899,51.24971888696832,57444.0,0,0,0,35,SALT LAKE
1755,350850,38.0,111.1234901592168,0.3419619015345353,61.0,0.0,0.0,61.0,69.39860697932338,0.0,0.0,0.0,0.0,0.0,61.0,0.0,0.0,2.0182126120473414,0.0,3.880729315398417,2.49966505187762,97427.0,0,0,0,35,SALT LAKE
1756,350851,265.0,962.720891165896,0.27526150354862844,349.75,8.75,15.25,325.75,393.2696505694332,6.5,2.25,0.0,15.25,36.5,34.25,202.0,53.0,1.009106306023671,0.0,24.5106777049198,17.999866558489778,97427.0,0,0,0,35,SALT LAKE
1757,350852,0.0,0.0,0.0,7.5,1.25,2.5,3.75,7.79305733659488,1.25,0.0,0.0,2.5,0.5,1.0,0.0,2.25,0.0,0.0,0.2930573365948802,0.0,56502.0,0,0,0,35,SALT LAKE
1758,350853,383.0,1200.6416693350343,0.31899609165832254,316.5,28.5,0.0,288.0,370.82087049081633,0.0,28.5,0.0,0.0,1.0,279.0,0.0,8.0,0.0,0.0,27.32107065308168,26.99979983773467,72694.0,676,0,2749,35,SALT LAKE
1759,350854,5.0,14.084907437055936,0.3549899083358913,842.25,81.75,383.75,376.75,876.3471544358426,76.75,5.0,40.25,343.5,17.25,71.0,0.0,288.5,1.009106306023671,0.0,33.08804812981891,0.0,79444.0,0,0,0,35,SALT LAKE
1760,350855,1357.75,4066.6636918711606,0.333873195050282,2376.5,208.75,114.25,2053.5,2619.4660691103927,116.25,92.5,0.0,114.25,242.75,279.0,1002.5,529.25,0.0,0.0,148.46730954702932,94.49875956336334,71395.0,0,0,414,35,SALT LAKE
1761,350856,319.0,827.300857708389,0.385591284026497,518.25,39.5,258.5,220.25,580.1997121722013,33.0,6.5,238.5,20.0,34.25,46.25,36.0,103.75,0.0,0.0,39.949875267380406,21.99983690482084,71395.0,0,0,0,35,SALT LAKE
1762,350857,56.0,153.20850957649853,0.3655149453173072,462.75,136.25,13.75,312.75,487.0125141576534,96.5,39.75,0.0,13.75,31.5,91.5,12.0,177.75,0.0,0.0,20.26254381132238,3.9999703463310623,73487.0,0,0,0,35,SALT LAKE
1763,350858,227.75,608.6348278039077,0.3741981063124067,1829.75,427.0,71.25,1331.5,1926.1116391521523,340.0,87.0,0.0,71.25,220.75,314.0,199.0,597.75,0.0,0.0,80.36175776682813,15.999881385324253,81365.0,0,0,0,35,SALT LAKE
1764,350859,478.0,1277.4718544609225,0.3741765412136694,2228.0,558.25,105.25,1564.5,2366.6895171462147,274.75,283.5,3.0,102.25,407.75,365.25,68.0,723.5,0.0,0.0,105.68976178898366,32.999755357231265,58827.0,0,0,0,35,SALT LAKE
1765,350860,463.4999977426373,1339.2854238843408,0.34608007335609187,370.4999981955709,7.249999964690659,14.99999992694619,348.24999830393403,443.09260807915126,7.249999964690659,0.0,0.0,14.99999992694619,118.24999942409247,86.24999957994059,0.0,143.749999299901,1.0091063011090668,0.0,39.33386010116514,32.24964348130616,81590.0,719,0,0,35,SALT LAKE
1766,350861,368.0,867.5027519466466,0.4242061470977706,748.0,50.75,293.25,404.0,1459.2492095276818,29.5,21.25,268.5,24.75,69.25,86.5,0.0,248.25,7.063744142165696,0.0,678.4347127108736,25.750752674642605,76192.0,0,0,0,35,SALT LAKE
1767,350862,395.5,1202.465656572196,0.3289075225045766,2263.0,41.0,1603.25,618.75,2395.592992260501,32.5,8.5,459.75,1143.5,116.25,139.0,2.0,361.5,1.009106306023671,0.0,103.8340860843656,27.74979987011205,56502.0,0,0,0,35,SALT LAKE
1768,350863,1011.75,2410.3471484202946,0.41975281471927633,17.25,2.5,0.25,14.5,586.202836145116,2.0,0.5,0.0,0.25,2.0,0.25,0.0,12.25,2.0182126120473414,0.0,496.4350902088935,70.4995333241751,97427.0,0,0,0,35,SALT LAKE
1769,350864,0.0,0.0,0.0,1507.0,78.5,1113.0,315.5,1567.4705648537138,73.5,5.0,878.25,234.75,50.5,71.0,0.0,194.0,0.0,1.609912977605655,58.86065187610792,0.0,56502.0,0,0,0,35,SALT LAKE
1770,350865,0.0,0.0,0.0,1417.7499993096337,116.74999994314916,1180.4999994251614,120.49999994132313,1476.1552253717944,114.99999994400132,1.749999999147846,887.7499995677146,292.7499998574468,2.2499999989043737,11.249999994521868,0.0,106.99999994789688,3.027318916596874,0.0,55.37790714556373,0.0,56502.0,0,0,0,35,SALT LAKE
1771,350866,771.000004252399,2269.1012488856004,0.3397821074009157,88.25000048673698,4.250000023440591,47.25000026060422,36.75000020269217,175.80429357521817,2.0000000110308664,2.250000012409725,1.0000000055154332,46.250000255088786,3.7500000206828745,8.250000045502324,0.0,24.750000136506973,0.0,0.0,33.55469311518068,53.999599973300526,56502.0,0,0,0,35,SALT LAKE
1772,350867,314.00000008865914,957.2114468138326,0.3280361942325673,0.0,0.0,0.0,0.0,34.26423268867287,0.0,0.0,0.0,0.0,0.0,0.0,0.0,0.0,0.0,0.0,12.264395777640285,21.999836911032578,83804.0,0,0,0,35,SALT LAKE
1773,350868,493.0,1525.0454848495542,0.3232690466597031,6.75,0.25,0.25,6.25,60.27282533057136,0.0,0.25,0.0,0.25,1.5,0.5,0.0,4.25,0.0,0.0,19.52307738675733,33.99974794381403,90315.0,0,0,0,35,SALT LAKE
1774,350869,152.0,457.2528898850794,0.3324199876313563,679.75,149.25,163.25,367.25,723.2358392242978,114.75,34.5,0.0,163.25,48.5,59.0,132.25,127.5,0.0,0.0,32.48592077188748,10.99991845241042,79691.0,0,0,0,35,SALT LAKE
1775,350870,330.0,994.1067336487888,0.33195630693372485,375.5,178.0,26.75,170.75,426.0543237383473,64.25,113.75,0.0,26.75,21.25,19.25,1.5,128.75,0.0,0.0,27.554494246943648,22.99982949140361,79691.0,0,0,0,35,SALT LAKE
1776,350871,9.5,28.805289128181283,0.3298005431476748,253.5,4.25,45.25,204.0,264.773674273248,3.0,1.25,0.0,45.25,57.25,83.75,43.0,20.0,0.0,0.0,10.273681686665194,0.9999925865827656,79691.0,0,0,0,35,SALT LAKE
1777,350872,320.0,906.8850204338136,0.35285619763233733,289.0,36.5,2.0,250.5,335.2874972993854,2.0,34.5,0.0,2.0,12.25,1.0,212.0,25.25,0.0,0.0,24.28766039456457,21.99983690482084,73244.0,0,0,0,35,SALT LAKE
1778,350873,183.0,498.246288065841,0.36728823552382867,175.0,0.0,0.0,175.0,201.98287715154888,0.0,0.0,0.0,0.0,1.0,90.0,74.0,10.0,0.0,0.0,13.98297352597294,12.999903625575952,73487.0,0,0,0,35,SALT LAKE
1779,350874,993.75,2134.5873407377558,0.46554665674000495,624.25,130.75,13.25,480.25,756.4454636583463,110.5,20.25,0.0,13.25,53.5,46.75,26.0,354.0,0.0,0.0,63.19597518413552,68.99948847421082,49551.0,0,0,0,35,SALT LAKE
1780,350875,546.5,1460.669017347778,0.37414362426356657,2193.25,371.25,227.5,1594.5,2338.2621991290057,207.5,163.75,1.0,226.5,358.0,252.75,168.0,815.75,0.0,0.0,107.01248083886054,37.99971829014509,59740.0,0,0,0,35,SALT LAKE
1781,350876,304.5,882.98160518761,0.3448542961835563,956.25,196.75,53.0,706.5,1026.495832096866,121.0,75.75,15.0,38.0,156.0,151.25,137.0,262.25,0.0,0.0,49.24598777862789,20.999844318238075,81590.0,0,0,0,35,SALT LAKE
1782,350877,9.0,24.444342642995093,0.3681833515199514,1466.25,42.5,943.0,480.75,1524.8681902136996,32.5,10.0,566.75,376.25,42.75,76.75,58.0,303.25,0.0,0.0,57.61819762711682,0.9999925865827656,56502.0,0,0,0,35,SALT LAKE
1783,350878,0.0,0.0,0.0,0.0,0.0,0.0,0.0,19.7272553669163,0.0,0.0,0.0,0.0,0.0,0.0,0.0,0.0,2.0182126120473414,17.709042754868957,0.0,0.0,76192.0,0,0,0,35,SALT LAKE
1784,350879,0.0,0.0,0.0,3.9999999990097144,0.0,0.9999999997524286,2.9999999992572857,4.156234340043359,0.0,0.0,0.0,0.9999999997524286,0.9999999997524286,0.9999999997524286,0.0,0.9999999997524286,0.0,0.0,0.15623434103364417,0.0,111741.0,0,0,0,35,SALT LAKE
1785,350880,0.0,0.0,0.0,177.5,0.0,174.5,3.0,184.43227076003384,0.0,0.0,172.0,2.5,0.0,1.0,0.0,2.0,0.0,0.0,6.932270760033837,0.0,111741.0,0,0,0,35,SALT LAKE
1786,350881,4.5,14.496825370557511,0.3104127893503722,1635.25,181.25,401.25,1052.75,1699.547724333275,146.0,35.25,9.0,392.25,333.0,218.0,0.0,501.75,0.0,0.0,64.04773177906971,0.2499925542053848,60946.0,0,0,0,35,SALT LAKE
1787,350882,637.5,1829.667606241536,0.3484239420457024,1793.25,494.75,150.5,1148.0,1940.6887861740656,381.5,113.25,2.0,148.5,193.25,280.5,55.0,619.25,0.0,0.0,103.439112364424,43.999673809641685,57679.0,552,0,0,35,SALT LAKE
1788,350883,555.25,1173.2519803291932,0.47325724508405,0.0,0.0,0.0,0.0,66.93658852292114,0.0,0.0,0.0,0.0,0.0,0.0,0.0,0.0,0.0,0.0,28.186885092431453,38.749703430489696,65378.0,0,0,0,35,SALT LAKE
1789,350884,703.25,1579.2642518435523,0.445302297686446,1173.25,438.5,7.5,727.25,1295.5445024327337,154.0,284.5,0.0,7.5,20.25,17.5,163.0,526.5,0.0,0.0,73.29486569017818,48.99963674255551,60946.0,0,0,0,35,SALT LAKE
1790,350885,0.0,0.0,0.0,4684.250003152192,194.00000013054924,857.5000005770411,3632.7500024446017,4867.213940259749,124.00000008344384,70.00000004710539,0.0,857.5000005770411,1369.250000921415,897.5000006039584,0.0,1366.0000009192281,0.0,0.0,182.96393710755672,0.0,60946.0,0,0,0,35,SALT LAKE
1791,350886,89.75,261.66192922042194,0.3429998405476683,982.75,162.75,340.25,479.75,1085.0605710989437,75.25,87.5,200.0,140.25,123.5,48.75,0.0,307.5,0.0,0.0,96.0607793700868,6.24979172885694,39291.0,0,0,0,35,SALT LAKE
1792,350887,1060.75,1663.9765072918976,0.6374789519873441,1397.75,321.25,158.5,918.0,1655.2841171725454,241.0,80.25,47.25,111.25,400.75,64.5,24.0,428.75,0.0,0.0,183.78500090249304,73.74911627005244,39291.0,0,0,0,35,SALT LAKE
1793,350888,334.0,582.4747443269184,0.5734154197294088,518.0,73.5,21.25,423.25,575.5299965002039,42.5,31.0,0.0,21.25,86.25,98.75,8.0,230.25,0.0,0.0,34.03016700835681,23.49982949184715,41199.0,0,0,0,35,SALT LAKE
1794,350889,571.25,1068.8750484569694,0.5344403920969601,1085.25,227.0,34.0,824.25,1231.6586041998528,54.5,172.5,0.0,34.0,174.0,145.25,87.5,417.5,0.0,0.0,106.40890073654208,39.999703463310624,86602.0,0,0,0,35,SALT LAKE
1795,350890,416.5,759.0176807670397,0.5487355704008081,2040.5,1190.25,25.75,824.5,2214.978165504322,683.0,507.25,0.0,25.75,278.75,36.25,15.0,494.5,0.0,0.0,145.4784549992726,28.99971050504925,63756.0,0,0,0,35,SALT LAKE
1796,350891,743.0,1432.1168092263736,0.5188124287161793,473.5,168.75,22.0,282.75,591.9905384509932,12.75,156.0,5.75,16.25,63.0,47.75,33.25,138.75,0.0,0.0,66.74103568484405,51.74950276614915,40745.0,0,0,0,35,SALT LAKE
1797,350892,1088.4999999243603,2460.3221848790517,0.44242173102945476,0.0,0.0,0.0,0.0,118.51451527752937,0.0,0.0,0.0,0.0,0.0,0.0,0.0,0.0,0.0,0.0,42.5150787025204,75.99943657500899,60946.0,0,0,0,35,SALT LAKE
1798,350893,0.0,0.0,0.0,1195.25,665.25,15.25,514.75,1241.9356902994125,503.25,162.0,0.0,15.25,83.75,74.25,18.0,338.75,0.0,0.0,46.68569029941217,0.0,60946.0,0,0,0,35,SALT LAKE
1799,350894,622.5,1409.0198547262285,0.4417964714350681,117.75,32.25,53.25,32.25,200.91540281854355,30.75,1.5,22.0,31.25,5.75,4.5,2.0,20.0,0.0,0.0,39.91562481478688,43.249778003756674,60946.0,0,0,0,35,SALT LAKE
1800,350895,275.25,611.1612901211098,0.45037211035642577,1411.5,102.25,301.5,1007.75,1518.6219392305563,81.75,20.5,245.25,56.25,28.0,31.75,542.75,405.25,0.0,0.0,88.12213963587774,18.9997995946785,60946.0,0,0,0,35,SALT LAKE
1801,350896,976.75,1869.794742913545,0.5223835416704681,955.0,281.0,63.5,610.5,1102.6926366374785,75.25,205.75,0.0,63.5,123.0,93.25,33.75,360.5,0.0,0.0,79.69314074985049,67.99949588762806,54208.0,0,0,0,35,SALT LAKE
1802,350897,523.75,1016.3715168830624,0.515313535749408,2166.0,431.5,166.0,1568.5,2318.0488619254106,282.5,149.0,82.5,83.5,229.75,299.75,222.0,817.0,0.0,0.0,115.7991958046197,36.2496661207909,54208.0,0,0,0,35,SALT LAKE
1803,350898,513.5,1078.126583492238,0.47628915552446993,659.0,88.25,34.5,536.25,752.0455630563134,69.25,19.0,10.0,24.5,66.25,91.0,179.25,199.75,0.0,0.0,57.29583738557197,35.7497256707414,64045.0,0,0,0,35,SALT LAKE
1804,350899,356.99999997488794,833.5031228606873,0.428312732350203,97.49999999314166,22.999999998382137,6.749999999525192,67.74999999523433,142.50189712355072,21.749999998470063,1.2499999999120726,2.999999999788974,3.7499999997362177,27.74999999804801,7.24999999949002,13.999999999015213,18.749999998681087,0.0,0.0,20.002082467598438,24.999814662810603,52893.0,0,0,0,35,SALT LAKE
1805,350900,212.25,512.0535317537057,0.4145074427532527,834.0,277.5,22.75,533.75,912.1367316625808,45.5,232.0,0.0,22.75,30.5,182.5,82.75,238.0,0.0,0.0,63.1368428638394,14.999888798741484,44623.0,0,0,2194,35,SALT LAKE
1806,350901,977.0,2172.573146700703,0.44969717198414444,729.75,294.25,38.75,396.75,875.8974459824572,236.25,58.0,19.75,19.0,51.75,54.5,40.0,250.5,0.0,0.0,78.14795009482911,67.99949588762806,72052.0,0,0,0,35,SALT LAKE
1807,350902,384.5,861.9114325742455,0.44610151979493434,528.0,39.75,3.5,484.75,592.1414045309679,21.25,18.5,0.5,3.0,202.5,95.25,28.0,159.0,0.0,0.0,37.14160469323319,26.99979983773467,76203.0,48,15,40,35,SALT LAKE
1808,350903,1010.0000012635828,2923.873651854789,0.345432163466735,975.0000012197953,44.50000005567271,44.25000005535994,886.2500011087627,1768.0767427555081,23.500000029400194,21.000000026272517,0.0,44.25000005535994,265.75000033247244,240.2500003005701,0.0,380.2500004757202,0.0,0.0,723.0780047584028,69.99873677731001,37668.0,0,0,0,35,SALT LAKE
1809,350904,1332.25,3387.70999593011,0.3932597541113389,253.0,22.5,43.25,187.25,464.910787826713,18.0,4.5,0.0,43.25,31.5,36.5,4.0,115.25,0.0,0.0,119.41126136198324,92.4995264647298,37668.0,0,0,0,35,SALT LAKE
1810,350905,281.25,382.3214693176027,0.7356374741444602,176.25,12.5,86.25,77.5,216.12142274815463,4.5,8.0,0.0,86.25,17.25,29.75,0.0,30.5,0.0,0.0,20.37163804506538,19.49978470308927,45967.0,0,0,0,35,SALT LAKE
1811,350906,270.75,631.1954978199442,0.4289479264904937,276.75,1.25,10.0,265.5,321.3839532777902,1.25,0.0,0.0,10.0,2.0,250.25,8.0,5.25,0.0,0.0,25.634094132717664,18.99985914507255,85973.0,709,945,0,35,SALT LAKE
1812,350907,213.74999986621884,498.7892565778187,0.42853769813077475,356.2499997770314,81.24999994914751,47.99999996995791,226.99999985792596,393.511261648461,49.24999996917557,31.999999979971943,0.0,47.99999996995791,24.99999998435308,55.49999996526384,13.999999991237726,132.49999991707134,0.0,0.0,22.261373082076215,14.9998887893534,85973.0,0,0,0,35,SALT LAKE
1813,350908,764.0,1640.2403478834751,0.4657853960158012,337.5,44.0,32.0,261.5,434.2727585608931,37.0,7.0,0.0,32.0,55.25,66.5,0.0,139.75,0.0,0.0,43.77315147200655,52.99960708888658,41529.0,0,0,0,35,SALT LAKE
1814,350909,404.25,1251.644126350145,0.3229751903832383,555.75,94.25,61.5,400.0,628.9923966959382,72.75,21.5,9.0,52.5,62.0,136.25,0.0,201.75,0.0,0.0,45.24260427162077,27.999792424317437,57978.0,419,0,0,35,SALT LAKE
1815,350910,541.5,1151.324433723374,0.4703278972798252,296.0,32.5,118.5,145.0,368.7111655050785,31.5,1.0,91.5,27.0,25.0,30.5,3.0,86.5,0.0,0.0,34.71144721493343,37.99971829014509,45967.0,0,0,0,35,SALT LAKE
1816,350911,455.4999999290829,1095.3050626825254,0.41586587650157675,110.49999998279618,1.9999999996886186,1.2499999998053866,107.24999998330217,171.60684859391768,0.749999999883232,1.2499999998053866,0.0,1.2499999998053866,4.999999999221546,7.49999999883232,79.99999998754474,14.749999997703563,0.0,0.0,29.107085845455092,31.999762765666425,49675.0,0,0,0,35,SALT LAKE
1817,350912,283.0,796.9778968861594,0.3550914035454409,418.0,89.0,21.0,308.0,465.3795391390488,71.75,17.25,0.0,21.0,57.5,58.5,0.0,192.0,0.0,0.0,27.37968740739344,19.999851731655312,53734.0,0,0,0,35,SALT LAKE
1818,350913,207.0,534.0566677340138,0.38759931764974437,447.25,25.0,128.25,294.0,486.8042889286358,19.25,5.75,22.5,105.75,55.25,87.75,0.0,151.0,0.0,0.0,25.554392716477096,13.999896212158715,81457.0,0,0,0,35,SALT LAKE
1819,350914,201.25,524.6703779885319,0.383574160926613,0.0,0.0,0.0,0.0,22.60731275175796,0.0,0.0,0.0,0.0,0.0,0.0,0.0,0.0,0.0,0.0,8.607416539599239,13.999896212158715,81457.0,0,0,0,35,SALT LAKE
1820,350915,345.25,831.9734826383551,0.4149771683890007,65.25,3.75,5.25,56.25,106.78469147916203,2.0,1.75,0.0,5.25,17.75,3.75,0.0,34.75,0.0,0.0,17.534869401175666,23.999822077986373,48336.0,0,0,0,35,SALT LAKE
1821,350916,144.5,405.6909026352016,0.35618250017781344,391.0,28.5,17.0,345.5,427.1649670909013,25.5,3.0,14.0,3.0,0.0,46.0,1.0,298.5,0.0,0.0,26.16504122507368,9.999925865827656,51003.0,409,0,0,35,SALT LAKE
1822,350917,335.5,635.3073349802538,0.5280908648889246,350.0,20.5,21.5,308.0,405.5258988951329,15.5,5.0,0.0,21.5,58.25,27.75,91.0,131.0,0.0,0.0,32.276002407097096,23.24989648803581,80568.0,0,0,0,35,SALT LAKE
1823,350918,430.25,1105.4815354865152,0.38919691210459684,1076.75,255.75,184.75,636.25,1190.0835145108333,195.75,60.0,12.25,172.5,115.25,141.0,96.5,283.5,0.0,0.0,83.3338634918668,29.999651018966425,88737.0,0,0,0,35,SALT LAKE
1824,350919,891.75,2219.0528426722717,0.40186064200531574,1183.5,167.25,134.25,882.0,1366.0632967409192,125.25,42.0,46.0,88.25,147.25,248.75,129.5,356.5,0.0,0.0,120.56363720857556,61.99965953234368,60734.0,254,0,0,35,SALT LAKE
1825,350920,1203.75,2728.422320964583,0.4411890310201086,494.25,102.25,42.5,349.5,654.8292885849503,25.75,76.5,29.25,13.25,64.25,45.0,37.0,203.25,0.0,0.0,77.08009002704785,83.4991985579025,108592.0,0,0,0,35,SALT LAKE
1826,350921,20.0,45.66710361060888,0.4379520140040985,8933.5,217.0,820.25,7896.25,9305.49235362364,93.75,123.25,87.5,732.75,3312.5,635.75,270.0,3678.0,0.0,0.0,370.9921823224513,1.0001713011890296,149495.0,0,0,0,35,SALT LAKE
1827,350922,513.0,1217.5400032677494,0.4213413921704108,75.25,36.0,10.5,28.75,202.2318043673,0.0,36.0,10.5,0.0,9.0,10.0,2.0,7.75,0.0,0.0,91.48228722716422,35.49951714013575,149495.0,0,0,0,35,SALT LAKE
1828,350923,2188.0,5180.05838002202,0.4223890619531394,193.75,7.5,146.0,40.25,439.0529506794196,0.75,6.75,143.0,3.0,2.5,31.25,0.0,6.5,0.0,0.0,93.0544794298938,152.24847124952572,136616.0,0,0,0,35,SALT LAKE
1829,350924,656.499999693584,1260.4021988935497,0.5208654826767961,772.2499996395586,32.24999998494757,38.24999998214712,701.7499996724639,876.4836758478225,26.99999998739797,5.2499999975496054,0.9999999995332581,37.249999982613865,248.49999988401464,85.9999999598602,88.24999995881004,278.999999869779,0.0,0.0,58.73403207574537,45.49964413251843,65715.0,0,0,0,35,SALT LAKE
1830,350925,0.75,1.4313071161757505,0.5239965563812005,3514.25,176.25,168.25,3169.75,3651.54217757426,128.75,47.5,2.0,166.25,1058.0,446.25,42.0,1623.5,0.0,0.0,137.29217757426036,0.0,57947.0,0,0,0,35,SALT LAKE
1831,350926,1178.0,3089.6866770183474,0.38126843370953395,45.75,0.0,4.0,41.75,180.29815164331387,0.0,0.0,1.0,3.0,33.75,0.0,8.0,0.0,0.0,0.0,52.54875954352711,81.99939209978677,61673.0,0,0,0,35,SALT LAKE
1832,350927,22.5,62.704127890113234,0.358828050992599,2544.0,1332.25,50.25,1161.5,2651.2433278850203,968.25,364.0,17.75,32.5,158.25,175.75,0.0,827.5,0.0,0.0,105.74328316190456,1.500044723116032,57947.0,0,0,0,35,SALT LAKE
1833,350928,569.75,1654.4961024498202,0.3443646673790095,941.0,152.0,14.25,774.75,1064.7267220186925,87.0,65.0,9.75,4.5,278.5,108.5,233.75,154.0,0.0,0.0,83.97701858731554,39.74970343137679,77272.0,528,0,0,35,SALT LAKE
1834,350929,778.0,2249.5295832848847,0.3458500860717388,574.0,159.0,42.25,372.75,702.5497041857342,77.75,81.25,14.25,28.0,105.0,40.5,74.75,152.5,0.0,0.0,74.8000375140762,53.749666671658005,74521.0,0,0,0,35,SALT LAKE
1835,350930,679.75,1758.1253449892931,0.38663341151261293,1414.25,176.0,148.25,1090.0,1544.5325221842168,110.5,65.5,117.75,30.5,78.0,526.75,102.0,383.25,0.0,0.0,83.28287061482675,46.99965156938998,84600.0,641,950,0,35,SALT LAKE
1836,350931,771.75,1804.9314982557064,0.42757855394834793,20.75,0.0,0.25,20.5,112.95144020517418,0.0,0.0,0.25,0.0,20.5,0.0,0.0,0.0,0.0,0.0,38.45177353351617,53.749666671658005,76969.0,0,0,0,35,SALT LAKE
1837,350932,399.25,910.7289917198244,0.43838507792099013,320.25,26.75,13.0,280.5,383.0897431603236,12.0,14.75,1.5,11.5,46.0,38.25,96.0,100.25,0.0,0.0,35.089958182244324,27.749784978079276,73569.0,0,0,0,35,SALT LAKE
1838,350933,191.5,433.8408636549758,0.4414060915946723,96.5,2.0,9.0,85.5,122.74882366469296,1.25,0.75,0.5,8.5,7.5,8.25,55.5,14.25,0.0,0.0,13.248920039117012,12.999903625575952,75198.0,0,0,0,35,SALT LAKE
1839,350934,126.5,280.26302934795035,0.45136170937105136,53.5,1.0,22.0,30.5,69.53047862749943,1.0,0.0,20.75,1.25,5.25,6.25,10.0,9.0,0.0,0.0,7.030545348254552,8.999933279244889,57947.0,0,0,0,35,SALT LAKE
1840,350935,708.9999989061026,1524.599482377255,0.46504016766461415,160.99999975159736,2.249999996528534,0.0,158.7499997550688,244.2267119017147,0.0,2.249999996528534,0.0,0.0,10.249999984185546,137.74999978746916,0.7499999988428447,9.999999984571264,0.0,0.0,33.977068037309735,49.24964411280771,71040.0,0,0,2126,35,SALT LAKE
1841,350936,1011.0,2664.2308249122625,0.37947162481062197,747.0,294.25,247.0,205.75,891.1538354513973,15.25,279.0,235.5,11.5,55.25,51.25,7.5,91.75,0.0,0.0,73.90436183639822,70.24947361499898,116068.0,0,0,0,35,SALT LAKE
1842,350937,835.75,1919.1250748021307,0.43548490453972577,66.0,0.0,15.0,51.0,165.97074633099922,0.0,0.0,11.0,4.0,19.75,5.25,5.0,21.0,0.0,0.0,41.72124330538748,58.24950302561175,115312.0,0,0,0,35,SALT LAKE
1843,350938,342.75,1060.6848513938212,0.3231402801214708,335.5,7.75,8.75,319.0,387.9890941971478,5.5,2.25,1.5,7.25,33.0,7.5,172.0,106.5,0.0,0.0,28.48927211916141,23.999822077986373,90282.0,0,0,0,35,SALT LAKE
1844,350939,353.24999942617313,845.6509473674904,0.41772554092896086,75.24999987776228,7.249999988222944,8.249999986598523,59.749999902940814,120.73585091390129,7.249999988222944,0.0,7.999999987004628,0.24999999959389463,13.749999977664205,1.999999996751157,21.74999996466883,22.249999963856624,0.0,0.0,20.986036411811437,24.49981462432757,120720.0,0,0,0,35,SALT LAKE
1845,350940,529.75,1694.2051011337487,0.3126835113679539,2.5,1.5,0.5,0.5,69.03804038829121,1.5,0.0,0.5,0.0,0.0,0.0,0.0,0.5,0.0,0.0,29.788247688540224,36.74979269975098,91034.0,0,0,0,35,SALT LAKE
1846,350941,892.25,2120.5307696448576,0.4207672969298306,395.0,117.25,125.25,152.5,586.3348245332089,112.25,5.0,119.75,5.5,25.0,67.75,20.0,39.75,0.0,0.0,129.33503100804433,61.99979352516455,98072.0,462,0,0,35,SALT LAKE
1847,350942,617.5,1541.2060549325242,0.4006602478777796,143.0,0.0,42.0,101.0,217.20363488340905,0.0,0.0,0.0,42.0,22.0,0.0,55.0,24.0,0.0,0.0,31.20395366035012,42.99968122305892,102520.0,0,0,0,35,SALT LAKE
1848,350943,139.75,300.54370630253226,0.46499060559040734,0.0,0.0,0.0,0.0,43.45046474745264,0.0,0.0,0.0,0.0,0.0,0.0,0.0,0.0,0.0,0.0,33.700471822012204,9.74999292544044,102705.0,0,0,0,35,SALT LAKE
1849,350944,266.25,604.6626876683715,0.44032814564212924,1214.75,169.0,18.25,1027.5,1292.3432533497703,22.25,146.75,4.25,14.0,316.25,17.25,200.0,494.0,0.0,0.0,59.34332720895273,18.24992614081766,75198.0,0,0,0,35,SALT LAKE
1850,350945,477.75,1067.1326286137237,0.44769505419455596,120.5,13.0,7.5,100.0,176.86674135377217,10.5,2.5,0.0,7.5,25.25,26.0,6.0,42.75,0.0,0.0,23.36698599654089,32.999755357231265,59129.0,0,0,0,35,SALT LAKE
1851,350946,191.75,415.9220922832024,0.4610238396988947,136.75,46.5,1.0,89.25,162.82936001809767,3.0,43.5,0.0,1.0,3.25,74.0,0.0,12.0,0.0,0.0,12.829463838316352,13.249896179781336,41529.0,0,822,0,35,SALT LAKE
1852,350947,1092.75,2816.6111271168866,0.3879662298709125,806.0,90.5,36.5,679.0,968.9130870231852,59.0,31.5,0.0,36.5,121.75,212.25,80.0,265.0,0.0,0.0,86.91365044289509,75.99943658029018,85287.0,447,0,0,35,SALT LAKE
1853,350948,1306.25,2732.126815884944,0.4781073822800944,2262.25,377.5,68.75,1816.0,2500.1416397752773,124.25,253.25,11.75,57.0,351.0,268.0,278.0,919.0,0.0,0.0,146.89231439624564,90.99932537903166,78260.0,0,0,0,35,SALT LAKE
1854,350949,644.25,1778.9548207593311,0.3621508497472733,8.0,0.0,1.0,7.0,82.72754962934322,0.0,0.0,1.0,0.0,6.0,0.0,1.0,0.0,0.0,0.0,29.977875787324148,44.74967384201906,78058.0,0,0,0,35,SALT LAKE
1855,350950,281.0,732.7490698144018,0.3834873513673304,0.0,0.0,0.0,0.0,36.474007260395965,0.0,0.0,0.0,0.0,0.0,0.0,0.0,0.0,0.0,0.0,16.974155529184202,19.499851731211766,72573.0,0,0,0,35,SALT LAKE
1856,350951,410.0,1038.9067314872218,0.3946456284993691,630.0,54.0,57.75,518.25,704.371901059108,24.25,29.75,11.5,46.25,117.75,113.75,82.0,204.75,0.0,0.0,45.87218307677387,28.49971798233416,76309.0,0,0,0,35,SALT LAKE
1857,350952,666.75,1694.9335022421812,0.39337826476258486,105.0,0.0,2.0,103.0,183.393589952866,0.0,0.0,2.0,0.0,0.0,96.75,0.0,6.25,0.0,0.0,32.39393097005878,45.99965898280722,94243.0,572,0,0,35,SALT LAKE
1858,350953,391.0,1253.612978023354,0.3118984940763081,228.0,38.5,12.25,177.25,279.1770641186767,37.0,1.5,10.0,2.25,50.5,56.0,33.0,37.75,0.0,0.0,24.17726428094204,26.99979983773467,137651.0,389,0,0,35,SALT LAKE
1859,350954,589.5,1671.964069551576,0.3525793470897404,904.5,147.25,68.0,689.25,1012.6007692084034,84.25,63.0,30.5,37.5,100.75,182.25,38.0,368.25,0.0,0.0,67.1010731585101,40.99969604989339,99905.0,441,0,0,35,SALT LAKE
1860,350955,649.5,1989.7484124065284,0.3264231779003926,262.5,2.5,16.25,243.75,358.1280623754744,2.5,0.0,14.0,2.25,8.25,4.25,13.0,218.25,0.0,0.0,50.378194926372736,45.24986744910164,98216.0,0,0,0,35,SALT LAKE
1861,350956,0.0,0.0,0.0,4278.75,297.0,779.25,3202.5,4445.8790012769605,244.0,53.0,330.75,448.5,1358.25,467.75,11.0,1365.5,0.0,0.0,167.1290012769603,0.0,37668.0,0,0,0,35,SALT LAKE
1862,350957,618.0,1418.380345204628,0.435708237278797,783.0,61.25,197.5,524.25,886.4600727231909,34.0,27.25,36.25,161.25,54.0,69.25,1.0,400.0,0.0,0.0,60.460391500132005,42.99968122305892,32464.0,0,0,0,35,SALT LAKE
1863,350958,487.75,1118.696992641202,0.4359983116146941,442.0,112.25,25.25,304.5,527.216985762852,45.75,66.5,6.0,19.25,46.5,49.75,0.0,208.25,0.0,0.0,51.217237819038026,33.99974794381403,32464.0,0,0,0,35,SALT LAKE
1864,350959,552.25,1429.62373735836,0.3862904522139793,260.5,32.0,33.75,194.75,337.74187131524786,22.75,9.25,0.0,33.75,27.5,41.25,0.0,126.0,0.0,0.0,39.24215302510278,37.99971829014509,74169.0,0,0,0,35,SALT LAKE
1865,350960,428.5,848.6791548229013,0.5049022325632795,185.25,30.25,8.0,147.0,247.4734608159166,23.25,7.0,0.0,8.0,40.75,33.5,0.0,72.75,0.0,0.0,32.47361622224497,29.749844593671625,73770.0,0,0,0,35,SALT LAKE
1866,350961,991.0,2010.5543206965783,0.4928988935034878,879.25,105.5,86.0,687.75,1024.046737352156,48.25,57.25,25.5,60.5,154.0,106.0,87.0,340.75,0.0,0.0,75.79724887794522,68.99948847421082,62960.0,0,0,0,35,SALT LAKE
1867,350962,252.0,669.2283504419696,0.37655308510701163,185.25,12.0,8.25,165.0,227.5729551377349,9.0,3.0,0.5,7.75,51.5,36.0,8.0,69.5,0.0,0.0,24.82302902929465,17.49992610844028,82904.0,0,0,0,35,SALT LAKE
1868,350963,476.25,1571.2106594027046,0.3031102145023929,162.0,14.5,0.0,147.5,230.9340811410532,14.5,0.0,0.0,0.0,3.5,59.75,4.5,79.75,0.0,0.0,35.93432578382194,32.999755357231265,100807.0,635,0,0,35,SALT LAKE
1869,350964,350.0,1162.1907248728007,0.3011553891365866,0.0,0.0,0.0,0.0,37.67032692181467,0.0,0.0,0.0,0.0,0.0,0.0,0.0,0.0,0.0,0.0,13.670504843828295,23.999822077986373,116771.0,0,0,0,35,SALT LAKE
1870,350965,504.0,1222.8433618986544,0.4121541774716442,1747.75,169.75,476.75,1101.25,1875.20882594126,161.5,8.25,218.25,258.5,330.25,368.75,55.25,347.0,0.0,0.0,92.45908541086332,34.99974053039679,76955.0,0,0,0,35,SALT LAKE
1871,350966,0.0,0.0,0.0,759.25,225.75,307.25,226.25,788.9034020956697,219.0,6.75,179.75,127.5,81.25,11.75,2.0,131.25,0.0,0.0,29.65340209566965,0.0,45830.0,0,0,0,35,SALT LAKE
1872,350967,12.5,26.8052721964005,0.46632617301601365,2913.25,407.25,213.5,2292.5,3102.593019490704,234.25,173.0,11.75,201.75,453.0,266.5,195.0,1378.0,0.0,0.0,188.59314603684325,0.7498734538608378,45830.0,0,0,0,35,SALT LAKE
1873,350968,250.75,718.1988891889062,0.34913727071227174,2824.5,273.5,96.75,2454.25,2997.0956882033597,174.5,99.0,12.5,84.25,550.25,280.0,100.75,1523.25,0.0,0.0,155.34559825859253,17.250089944767,62143.0,0,0,0,35,SALT LAKE
1874,350969,183.75,492.63823494660346,0.37299175533932416,200.25,51.25,25.25,123.75,232.5050963280442,46.75,4.5,2.75,22.5,77.5,10.5,2.25,33.5,0.0,0.0,19.255192702468253,12.999903625575952,30205.0,0,0,0,35,SALT LAKE
1875,350970,139.25,352.29080104783657,0.39527004277665384,140.0,0.0,52.25,87.75,166.65800240397215,0.0,0.0,0.0,52.25,0.0,78.75,0.0,9.0,0.0,0.0,16.658076538144474,9.999925865827656,62143.0,0,0,0,35,SALT LAKE
1876,350971,157.0,424.0960334048103,0.37019917102157746,86.25,19.25,24.75,42.25,114.00275945334256,17.75,1.5,20.0,4.75,6.75,10.5,6.0,19.0,0.0,0.0,16.752841000932126,10.99991845241042,30205.0,0,0,0,35,SALT LAKE
1877,350972,448.25,1328.1219062264197,0.33750666855093786,780.25,108.5,60.75,611.0,862.983346662942,72.75,35.75,0.0,60.75,95.25,165.0,44.0,306.75,0.0,0.0,51.73357647887627,30.99977018406573,53345.0,577,0,0,35,SALT LAKE
1878,350973,618.5,1543.797254189682,0.4006355098258302,1006.0,168.5,64.25,773.25,1117.9706616715646,45.0,123.5,0.0,64.25,131.25,256.25,1.0,384.75,0.0,0.0,68.72092086617779,43.24974080538681,62143.0,0,0,60,35,SALT LAKE
1879,350974,550.0,1129.6156579738151,0.4868912679437639,1381.25,243.25,61.5,1076.5,1508.9532638458354,135.25,108.0,7.75,53.75,151.75,220.5,77.75,626.5,0.0,0.0,89.4535381094522,38.249725736383255,68075.0,0,0,132,35,SALT LAKE
1880,350975,464.0,1222.1348674023764,0.37966349899354634,2454.5,926.5,46.5,1481.5,2609.9937921300143,681.25,245.25,0.0,46.5,219.25,281.25,13.0,968.0,0.0,0.0,123.24404421946475,32.24974791054956,82904.0,0,0,0,35,SALT LAKE
1881,350976,400.0,893.3104738321373,0.4477726520815028,677.0,105.75,13.5,557.75,748.0646690454374,44.75,61.0,0.0,13.5,94.25,53.0,175.0,235.5,0.0,0.0,43.06487662111996,27.999792424317437,62829.0,0,0,0,35,SALT LAKE
1882,350977,454.25,1219.8805133162855,0.37237253570442436,0.0,0.0,0.0,0.0,49.74180231061951,0.0,0.0,0.0,0.0,0.0,0.0,0.0,0.0,0.0,0.0,17.742039539971014,31.99976277064849,101047.0,0,0,0,35,SALT LAKE
1883,350978,1548.5,4139.287453127781,0.3740982035035771,943.25,270.0,151.75,521.5,1152.3898347511,178.75,91.25,38.25,113.5,65.0,115.5,84.0,257.0,0.0,0.0,101.39039710367086,107.74943764742927,98907.0,484,0,0,35,SALT LAKE
1884,350979,395.0,1121.338071241497,0.3522577268447446,73.0,0.0,0.0,73.0,118.5302768632225,0.0,0.0,0.0,0.0,0.0,73.0,0.0,0.0,0.0,0.0,18.280469579249665,27.24980728397283,121548.0,0,936,0,35,SALT LAKE
1885,350980,637.5,1158.0646468212065,0.5504874030563716,999.75,129.0,239.0,631.75,1107.6998018087477,114.25,14.75,83.75,155.25,194.0,27.75,65.75,344.25,0.0,0.0,63.95012799910559,43.999673809641685,76955.0,0,0,0,35,SALT LAKE
1886,350981,0.0,0.0,0.0,2746.75,51.25,116.25,2579.25,2879.0345075620835,33.75,17.5,56.25,60.0,552.25,438.0,125.5,1463.5,0.0,0.0,132.28450756208343,0.0,45830.0,0,0,0,35,SALT LAKE
1887,350982,219.0,422.95628971812056,0.5177840011457275,2103.0,105.75,415.75,1581.5,2549.139196344122,54.0,51.75,343.75,72.0,274.25,266.75,67.25,973.25,0.0,0.0,431.1393075453806,14.999888798741484,45830.0,0,0,0,35,SALT LAKE
1888,350983,8.25,23.9232193642895,0.34485325216366497,1947.25,105.0,85.25,1757.0,2058.182063250515,70.25,34.75,0.0,85.25,284.0,477.5,0.0,995.5,0.0,33.80817253092551,76.37383113681794,0.7500595827714268,53265.0,0,0,1996,35,SALT LAKE
1889,350984,259.0,703.9335245546248,0.36793246942439345,0.0,0.0,0.0,0.0,28.116494420200905,0.0,0.0,0.0,0.0,0.0,0.0,0.0,0.0,0.0,0.0,10.116627861711128,17.999866558489778,53265.0,0,0,0,35,SALT LAKE
1890,350985,482.0,1317.8103432400867,0.36575824622449965,1127.75,202.25,79.75,845.75,1227.617664443627,143.25,59.0,35.0,44.75,149.25,158.0,59.5,479.0,0.0,0.0,66.36796863634649,33.49969580728076,83700.0,0,0,0,35,SALT LAKE
1891,350986,337.5,910.985179729716,0.37047803576797406,1871.75,268.25,118.75,1484.75,1986.5181017163543,130.0,138.25,2.0,116.75,217.25,302.0,155.0,810.5,0.0,0.0,91.26822008841738,23.499881627936876,69002.0,310,222,91,35,SALT LAKE
1892,350987,342.75,906.014261097468,0.37830530347813957,1005.75,14.25,1.25,990.25,1082.4206800053776,13.0,1.25,1.0,0.25,3.25,52.0,922.0,13.0,0.0,0.0,52.67085792739107,23.999822077986373,72647.0,369,0,0,35,SALT LAKE
1893,350988,282.75,794.0025634189585,0.35610716265509823,1040.0,43.0,32.5,964.5,1113.665223814717,16.0,27.0,0.0,32.5,143.0,605.75,49.0,166.75,0.0,0.0,53.66537208306168,19.999851731655312,83356.0,420,0,0,35,SALT LAKE
1894,350989,484.5,1201.524628329023,0.40323767701191515,1203.25,475.75,44.5,683.0,1303.167346962117,243.0,232.75,24.5,20.0,89.75,109.0,0.0,484.25,0.0,0.0,65.9175990183031,33.99974794381403,117605.0,0,0,0,35,SALT LAKE
1895,350990,520.5,1582.9801852697212,0.32881018021796204,624.0,70.0,28.0,526.0,704.7006738649442,55.25,14.75,3.75,24.25,86.0,98.75,10.0,331.25,0.0,0.0,44.70094074796468,35.99973311697956,91031.0,0,0,0,35,SALT LAKE
1896,350991,323.0,908.296791354624,0.35561063638492135,0.0,0.0,0.0,0.0,37.610193053541806,0.0,0.0,0.0,0.0,0.0,0.0,0.0,0.0,0.0,0.0,15.110304012187695,22.49988904135411,122645.0,0,0,0,35,SALT LAKE
1897,350992,571.25,1179.9185406851248,0.4841435915298875,8041.75,206.25,405.0,7430.5,8549.900082015245,47.25,159.0,50.5,354.5,2978.5,711.25,122.5,3618.25,0.0,0.0,468.65008071924655,39.50000129599849,45830.0,0,0,0,35,SALT LAKE
1898,350993,1294.25,2761.6607508824577,0.4686491632205139,376.0,0.0,0.0,376.0,631.0142717299402,0.0,0.0,0.0,0.0,3.0,0.0,343.0,30.0,0.0,0.0,165.01525162718147,89.99902010275882,53265.0,0,0,0,35,SALT LAKE
1899,350994,299.50000045289704,681.29330453536,0.439605084123284,399.75000060449275,79.25000011984002,24.750000037426382,295.75000044722634,449.3123838924339,61.75000009337693,17.5000000264631,7.750000011719372,17.00000002570701,43.750000066157746,62.500000094511066,20.00000003024354,169.50000025631402,0.0,0.0,28.56253893794746,20.99984434999356,70392.0,0,0,0,35,SALT LAKE
1900,350995,196.75,594.2135454651283,0.33110992083829294,29.75,0.25,0.0,29.5,54.09698459451403,0.25,0.0,0.0,0.0,6.75,1.25,15.0,6.5,0.0,0.0,10.347088382355318,13.999896212158715,67464.0,0,0,0,35,SALT LAKE
1901,350996,482.0,1439.5517325556511,0.33482645263765576,355.5,11.0,10.5,334.0,423.4605086365632,3.75,7.25,0.0,10.5,25.75,101.0,104.0,103.25,0.0,0.0,34.46070114279864,33.49980749376453,73279.0,0,722,0,35,SALT LAKE
1902,350997,97.75,287.4140440950298,0.3401016826014257,388.0,42.0,27.75,318.25,439.45970062205976,37.5,4.5,14.5,13.25,42.75,65.75,160.0,49.75,0.0,0.0,44.70971530385729,6.749985318202469,83356.0,0,0,0,35,SALT LAKE
1903,350998,768.75,2299.3297762921,0.33433655664638345,4.0,0.0,4.0,0.0,87.18199739557257,0.0,0.0,4.0,0.0,0.0,0.0,0.0,0.0,0.0,0.0,30.182390306685992,52.99960708888658,97838.0,0,0,0,35,SALT LAKE
1904,350999,996.5,2411.247348113972,0.4132715794501306,0.0,0.0,0.0,0.0,107.92148664093766,0.0,0.0,0.0,0.0,0.0,0.0,0.0,0.0,0.0,0.0,38.92199816672684,68.99948847421082,102608.0,0,0,0,35,SALT LAKE
1905,351000,516.75,1471.120196143646,0.3512629364715366,93.0,0.0,0.0,93.0,160.31117805305777,0.0,0.0,0.0,0.0,0.0,93.0,0.0,0.0,0.0,0.0,31.06138535375033,36.24979269930744,134555.0,773,0,0,35,SALT LAKE
1906,351001,187.25,468.20074365530746,0.39993528958991725,0.0,0.0,0.0,0.0,26.313828587994525,0.0,0.0,0.0,0.0,0.0,0.0,0.0,0.0,0.0,0.0,13.313924962418572,12.999903625575952,154331.0,0,0,0,35,SALT LAKE
1907,351002,226.25,618.4918083512867,0.36580921031616326,78.25,77.25,0.5,0.5,114.89285697513242,0.0,77.25,0.5,0.0,0.0,0.25,0.0,0.25,0.0,0.0,20.89290859361951,15.749948381512912,115747.0,0,0,0,35,SALT LAKE
1908,351003,28.75,77.81448844790367,0.3694684701197766,4127.5,883.0,178.0,3066.5,4465.961368730942,493.25,389.75,20.0,158.0,683.5,421.25,172.25,1789.5,0.0,173.87060159106474,162.34066283398977,2.250104305887459,78814.0,0,0,0,35,SALT LAKE
1909,351004,355.25,950.7684106094882,0.373645144323072,1391.0,528.5,72.0,790.5,1484.2075431367427,305.25,223.25,19.75,52.25,108.75,126.5,0.0,555.25,0.0,0.0,68.20772847217359,24.99981466456914,86028.0,0,0,0,35,SALT LAKE
1910,351005,671.0,1802.9794666571693,0.3721617535911675,155.5,77.25,5.25,73.0,234.7819820353997,9.25,68.0,2.0,3.25,4.25,4.5,2.0,62.25,0.0,0.0,32.28233046600969,46.99965156938998,91483.0,0,0,0,35,SALT LAKE
1911,351006,666.25,1502.969383305891,0.4432891364257431,225.25,56.0,5.0,164.25,308.5706137934992,8.5,47.5,0.0,5.0,7.25,69.25,0.0,87.75,0.0,0.0,37.32095481069199,45.99965898280722,51676.0,644,0,0,35,SALT LAKE
1912,351007,228.25,686.8134298514835,0.3323318823997905,0.0,0.0,0.0,0.0,32.913664003038974,0.0,0.0,0.0,0.0,0.0,0.0,0.0,0.0,0.0,0.0,16.913782617714727,15.999881385324253,66181.0,0,0,0,35,SALT LAKE
1913,351008,261.75,740.9790459636125,0.35324885558619945,191.25,85.0,4.75,101.5,229.6928239473484,19.75,65.25,0.0,4.75,20.5,24.0,4.0,53.0,0.0,0.0,20.44295738885865,17.999866558489778,54148.0,0,0,0,35,SALT LAKE
1914,351009,245.75,755.8783322792598,0.3251184608758007,521.5,158.5,43.0,320.0,568.4155089523829,110.75,47.75,0.0,43.0,38.25,54.75,2.5,224.5,0.0,0.0,29.916059392123795,16.99944956025906,98542.0,0,0,0,35,SALT LAKE
1915,351010,334.5,978.6193478512652,0.341808079652681,0.0,0.0,0.0,0.0,39.81615923137497,0.0,0.0,0.0,0.0,0.0,0.0,0.0,0.0,0.0,0.0,16.566322293733197,23.249836937641767,140403.0,0,0,0,35,SALT LAKE
1916,351011,292.5,748.3341642671164,0.39086816287007403,139.75,7.25,45.0,87.5,179.37835139518063,2.0,5.25,42.0,3.0,14.0,36.5,0.0,37.0,0.0,0.0,19.378440081197432,20.249911313983198,155904.0,0,0,0,35,SALT LAKE
1917,351012,142.24999100230661,348.935745883343,0.4076681528921487,0.0,0.0,0.0,0.0,29.80714539179159,0.0,0.0,0.0,0.0,0.0,0.0,0.0,0.0,0.0,0.0,19.807287186604277,9.99985820518731,155183.0,0,0,0,35,SALT LAKE
1918,351013,0.0,0.0,0.0,1556.25,1032.0,62.0,462.25,1617.036178016078,637.25,394.75,47.5,14.5,35.5,33.25,0.0,393.5,0.0,0.0,60.78617801607785,0.0,78814.0,0,0,0,35,SALT LAKE
1919,351014,39.5,108.99734774220512,0.3623941391071584,1548.5,1251.5,14.5,282.5,1624.0242270504402,841.25,410.25,0.0,14.5,40.5,33.25,0.0,208.75,0.0,0.0,72.77427167464991,2.7499553757902917,78814.0,0,0,0,35,SALT LAKE
1920,351015,303.25,818.3651623068931,0.3705558520418529,673.25,243.0,23.25,407.0,740.3972173900011,105.5,137.5,3.75,19.5,67.25,60.25,40.25,239.25,0.0,0.0,46.14737307176301,20.999844318238075,63501.0,0,0,0,35,SALT LAKE
1921,351016,217.75,639.9697331953355,0.34025046608499065,185.25,31.0,12.75,141.5,215.99138970527557,27.75,3.25,0.0,12.75,12.5,67.0,0.0,62.0,0.0,0.0,15.74150090653405,14.999888798741484,74012.0,0,0,0,35,SALT LAKE
1922,351017,498.5,1435.834657778839,0.3471848219426277,519.75,62.0,25.75,432.0,594.5195484004055,45.5,16.5,0.0,25.75,88.5,97.75,30.0,215.75,0.0,0.0,39.76980787000867,34.99974053039679,71273.0,0,0,0,35,SALT LAKE
1923,351018,402.25,1142.4463938975598,0.35209529492905794,336.5,7.25,9.25,320.0,396.35371719142034,5.0,2.25,0.0,9.25,37.25,87.5,40.5,154.75,0.0,0.0,31.85392476710292,27.999792424317437,104764.0,0,0,0,35,SALT LAKE
1924,351019,317.0,1002.6863082327102,0.3161507217134838,107.0,17.5,2.0,87.5,146.55919683161306,3.5,14.0,2.0,0.0,1.0,1.25,4.0,81.25,0.0,0.0,17.30936737258684,22.249829459026227,113914.0,0,0,0,35,SALT LAKE
1925,351020,21.5,58.29425389615447,0.3688185123408587,141.5,40.75,19.25,81.5,149.6166005373715,38.5,2.25,14.75,4.5,20.0,30.75,0.0,30.75,0.0,0.0,6.366622810444135,1.7499777269273706,105353.0,0,0,0,35,SALT LAKE
1926,351021,132.0,388.1943897249774,0.3400358261063936,0.0,0.0,0.0,0.0,14.15566653463156,0.0,0.0,0.0,0.0,0.0,0.0,0.0,0.0,0.0,0.0,5.155733255386672,8.999933279244889,132708.0,0,0,0,35,SALT LAKE
1927,351022,504.75,1315.3516783682162,0.3837376789043801,0.0,0.0,0.0,0.0,54.71575779495387,0.0,0.0,0.0,0.0,0.0,0.0,0.0,0.0,0.0,0.0,19.71601726455708,34.99974053039679,155902.0,0,0,0,35,SALT LAKE
1928,351023,0.0,0.0,0.0,1746.25,1249.5,265.5,231.25,1829.2102010673664,855.0,394.5,257.5,8.0,28.25,24.5,0.0,178.5,0.0,0.0,82.9602010673664,0.0,78814.0,0,0,0,35,SALT LAKE
1929,351024,681.0,1969.237405645704,0.3458191470706414,1407.5,362.75,159.25,885.5,1537.077168144281,271.5,91.25,9.0,150.25,195.0,210.0,54.0,426.5,0.0,0.0,82.57751657489075,46.99965156938998,63501.0,459,0,0,35,SALT LAKE
1930,351025,455.5,1336.5090344898094,0.3408132592039527,116.75,8.75,5.75,102.25,172.10100716710963,5.5,3.25,0.0,5.75,26.25,29.5,0.0,46.5,0.0,0.0,23.351244396461148,31.99976277064849,74012.0,0,0,0,35,SALT LAKE
1931,351026,486.25,1486.952829148584,0.32701104599156816,215.0,26.5,12.0,176.5,276.89033093411024,25.5,1.0,0.0,12.0,52.0,72.75,7.0,44.75,0.0,0.0,27.89058299029618,33.99974794381403,102767.0,483,0,0,35,SALT LAKE
1932,351027,393.7500000335345,1270.4433451031975,0.3099311760348907,296.00000002520943,3.5000000002980842,4.750000000404543,287.7500000245068,350.1903331911015,2.250000000191626,1.2500000001064588,0.0,4.750000000404543,17.750000001511715,165.75000001411644,64.00000000545069,40.25000000342797,0.0,0.0,26.940525879598493,27.249807286293617,111014.0,0,0,2290,35,SALT LAKE
1933,351028,454.2500000666529,1424.2884905369629,0.31893117376480284,42.000000006162736,0.0,0.0,42.000000006162736,94.63277867739414,0.0,0.0,0.0,0.0,0.0,42.000000006162736,0.0,0.0,0.0,0.0,20.883008450129616,31.74977022110182,106389.0,692,0,0,35,SALT LAKE
1934,351029,414.0,1117.1734663409766,0.3705780816259035,33.0,0.0,5.0,28.0,79.96102379950504,0.0,0.0,0.0,5.0,4.75,8.0,4.0,11.25,0.0,0.0,18.21129837093272,28.74972542857232,108502.0,0,0,0,35,SALT LAKE
1935,351030,404.75,1149.030668276108,0.35225343515612767,0.0,0.0,0.0,0.0,48.307278031574015,0.0,0.0,0.0,0.0,0.0,0.0,0.0,0.0,0.0,0.0,20.30748560725658,27.999792424317437,149525.0,0,0,0,35,SALT LAKE
1936,351031,100.5,246.0860674594933,0.40839370159199556,0.0,0.0,0.0,0.0,12.674761849027789,0.0,0.0,0.0,0.0,0.0,0.0,0.0,0.0,0.0,0.0,5.674813742948431,6.999948106079359,155809.0,0,0,0,35,SALT LAKE
1937,351032,239.4999998761098,736.2151824702539,0.3253124977299508,123.2499999362444,18.99999999017155,37.49999998060174,66.7499999654711,154.41831579841704,17.49999999094748,1.4999999992240696,1.749999999094748,35.749999981506996,10.749999994439166,9.499999995085775,10.999999994309844,35.499999981636314,0.0,0.0,14.168441899059424,16.999873963113203,81668.0,0,0,0,35,SALT LAKE
1938,351033,929.0000000060079,3133.9070349937433,0.2964350855442215,309.50000000200157,19.000000000122874,8.750000000056586,281.7500000018221,422.87324150706996,1.2500000000080838,17.75000000011479,1.000000000006467,7.75000000005012,37.250000000240895,138.25000000089406,63.000000000407425,43.2500000002797,0.0,0.0,48.373723376768275,64.99951812830011,110410.0,387,1202,0,35,SALT LAKE
1939,351034,719.0000003778167,2134.4285798149044,0.3368583082035791,44.00000002312091,0.0,7.000000003678327,37.00000001944258,123.8013299537385,0.0,0.0,4.000000002101901,3.0000000015764257,10.000000005254751,0.0,6.000000003152851,21.00000001103498,0.0,0.0,29.80170057520574,49.99962935541185,102567.0,0,0,0,35,SALT LAKE
1940,351035,206.0,601.1934735119332,0.3426517570069913,0.0,0.0,0.0,0.0,22.045964777383368,0.0,0.0,0.0,0.0,0.0,0.0,0.0,0.0,0.0,0.0,8.046068565224653,13.999896212158715,140424.0,0,0,0,35,SALT LAKE
1941,351036,528.5,1511.261109260563,0.3497079338318889,134.0,0.0,6.0,128.0,198.3763922849187,0.0,0.0,2.0,4.0,18.0,46.0,19.0,45.0,0.0,0.0,27.376666581356385,36.999725703562326,108053.0,688,0,0,35,SALT LAKE
1942,351037,287.0,850.718384586114,0.33736193457207275,239.75,1.0,0.5,238.25,281.323447344731,1.0,0.0,0.25,0.25,6.5,3.0,0.0,228.75,0.0,0.0,21.573595613075643,19.999851731655312,114582.0,0,0,0,35,SALT LAKE
1943,351038,258.0,773.1142516810717,0.33371522959122896,0.0,0.0,0.0,0.0,28.076981557654637,0.0,0.0,0.0,0.0,0.0,0.0,0.0,0.0,0.0,0.0,10.077114999164856,17.999866558489778,155809.0,0,0,0,35,SALT LAKE
1944,351039,250.0,676.990649541629,0.3692813189802073,56.75,1.75,34.5,20.5,85.7321638930803,1.5,0.25,0.0,34.5,5.75,3.0,1.0,10.75,0.0,0.0,11.982289921173296,16.999873971907014,111741.0,0,0,0,35,SALT LAKE
1945,351040,700.0,2156.3106621600664,0.3246285483274385,126.0,1.0,1.0,124.0,207.26202817399027,0.0,1.0,0.0,1.0,8.0,74.0,0.0,42.0,0.0,0.0,32.26239143143478,48.99963674255551,91525.0,859,0,0,35,SALT LAKE
1946,351041,214.75,759.3896881712412,0.28279288400288916,150.75,22.25,14.75,113.75,181.27662700706384,8.75,13.5,0.0,14.75,17.5,18.5,0.0,77.75,0.0,0.0,15.526738208322335,14.999888798741484,121008.0,0,0,0,35,SALT LAKE
1947,351042,284.0,902.6821964635092,0.314617925458864,185.0,0.0,0.0,185.0,223.3183282223852,0.0,0.0,0.0,0.0,0.0,71.0,114.0,0.0,0.0,0.0,18.318476490729918,19.999851731655312,115611.0,777,0,0,35,SALT LAKE
1948,351043,345.0,969.1331409257429,0.35598823879910496,0.0,0.0,0.0,0.0,37.47503399547426,0.0,0.0,0.0,0.0,0.0,0.0,0.0,0.0,0.0,0.0,13.47521191748789,23.999822077986373,133486.0,0,0,0,35,SALT LAKE
1949,351044,295.0,775.5916034202589,0.38035481392409104,74.0,0.0,0.0,74.0,109.41246228215992,0.0,0.0,0.0,0.0,0.0,74.0,0.0,0.0,0.0,0.0,14.412617963921832,20.999844318238075,96995.0,806,0,0,35,SALT LAKE
1950,351045,434.0,1197.3588161016214,0.3624644460488658,384.5,18.0,16.25,350.25,453.2214233204742,9.5,8.5,0.0,16.25,59.0,69.5,122.0,99.75,0.0,0.0,38.72164572299121,29.999777597482964,97218.0,0,0,0,35,SALT LAKE
1951,351046,378.0,909.2393562451356,0.41573211432577856,0.5,0.0,0.0,0.5,56.03412741122992,0.0,0.0,0.0,0.0,0.0,0.0,0.0,0.5,0.0,0.0,29.534320160078018,25.999807251151903,78447.0,0,0,0,35,SALT LAKE
1952,351047,361.0,1089.3844299683942,0.33137980502481895,0.0,0.0,0.0,0.0,42.59794596518283,0.0,0.0,0.0,0.0,0.0,0.0,0.0,0.0,0.0,0.0,17.598131300613694,24.99981466456914,111429.0,0,0,0,35,SALT LAKE
1953,351048,0.0,0.0,0.0,0.0,0.0,0.0,0.0,0.0,0.0,0.0,0.0,0.0,0.0,0.0,0.0,0.0,0.0,0.0,0.0,0.0,111741.0,0,0,0,35,SALT LAKE
1954,351049,746.0,2433.0673110612875,0.3066088622408888,0.0,0.0,0.0,0.0,81.13731911229212,0.0,0.0,0.0,0.0,0.0,0.0,0.0,0.0,0.0,0.0,29.137704609988308,51.99961450230381,95609.0,0,0,0,35,SALT LAKE
1955,351050,278.5,980.7632833900803,0.2839625062607812,98.0,0.25,0.25,97.5,131.70560785733622,0.0,0.25,0.0,0.25,0.0,97.5,0.0,0.0,0.0,0.0,14.705748712263668,18.99985914507255,121008.0,0,1160,0,35,SALT LAKE
1956,351051,426.0,1357.2030122982335,0.3138808241212408,896.5,518.25,20.5,357.75,980.1582222046156,404.5,113.75,12.25,8.25,48.5,35.75,1.0,272.5,0.0,0.0,53.65844460713266,29.999777597482964,108974.0,0,0,0,35,SALT LAKE
1957,351052,367.0,909.8231103124148,0.4033751130744301,0.0,0.0,0.0,0.0,43.08634170680783,0.0,0.0,0.0,0.0,0.0,0.0,0.0,0.0,0.0,0.0,17.836594038427346,25.24974766838048,126133.0,0,0,0,35,SALT LAKE
1958,351053,367.0,1191.909595284679,0.3079092587658418,137.0,10.0,3.25,123.75,182.68547919762733,9.5,0.5,0.0,3.25,5.25,101.0,0.0,17.5,0.0,0.0,19.685671946475427,25.999807251151903,105501.0,0,1348,0,35,SALT LAKE
1959,351054,274.0,756.4085849076703,0.36223808860319234,74.25,13.75,1.25,59.25,106.84994309712997,13.5,0.25,0.0,1.25,4.75,0.25,3.0,51.25,0.0,0.0,13.600083952057416,18.99985914507255,97218.0,0,0,0,35,SALT LAKE
1960,351055,489.75,795.0013364418048,0.6160367002550949,4494.0,383.75,2542.0,1568.25,4734.656621438537,237.25,146.5,2438.0,104.0,277.0,597.25,144.0,550.0,0.0,0.0,206.65687349472245,33.99974794381403,78447.0,0,0,0,35,SALT LAKE
1961,351056,266.25,696.1928545870974,0.38243713397189244,1965.0,112.5,87.0,1765.5,2082.131259168229,71.5,41.0,8.0,79.0,315.25,301.75,344.0,804.5,1.009106306023671,3.2198259552113107,94.65240076617616,18.24992614081766,116012.0,0,0,0,35,SALT LAKE
1962,351057,286.75,748.7186290647752,0.3829876656844769,1112.25,83.5,32.5,996.25,1194.0220825600784,42.25,41.25,2.0,30.5,290.5,135.5,91.0,479.25,2.0182126120473414,1.609912977605655,58.14410523877002,19.999851731655312,116012.0,0,0,0,35,SALT LAKE
1963,351058,335.0,533.959472871525,0.6273884386738912,1731.25,27.75,244.0,1459.5,1834.953852354112,26.25,1.5,74.5,169.5,825.25,12.0,79.0,543.25,0.0,0.0,80.70402286270792,22.99982949140361,78814.0,0,0,0,35,SALT LAKE
1964,351059,1.5,2.636300821813387,0.5689790738555476,1023.5,35.0,209.25,779.25,1063.5367257417954,22.25,12.75,13.5,195.75,228.5,201.0,0.0,349.75,0.0,0.0,40.036725741795394,0.0,111741.0,0,0,0,35,SALT LAKE
1965,351060,4.0,9.223808469850402,0.43366034898433603,315.0,12.25,167.75,135.0,327.7123391175955,9.75,2.5,8.5,159.25,12.0,28.0,0.0,95.0,0.0,0.0,12.462406113784166,0.2499330038113387,111741.0,0,0,0,35,SALT LAKE
1966,351061,0.0,0.0,0.0,0.0,0.0,0.0,0.0,9.081956754213037,0.0,0.0,0.0,0.0,0.0,0.0,0.0,0.0,9.081956754213037,0.0,0.0,0.0,111741.0,0,0,0,35,SALT LAKE
1967,351062,1223.2499025085397,3325.722152974664,0.36781482223775497,144.74998846361015,1.249999900376599,1.7499998605272384,141.74998870270633,283.18125789504654,0.2499999800753198,0.9999999203012792,0.0,1.7499998605272384,0.9999999203012792,136.74998910119993,0.0,3.9999996812051166,0.0,0.0,53.43190634624234,84.99936308519403,111741.0,866,1286,148,35,SALT LAKE
1968,351063,679.9999695048153,2188.0945364243007,0.3107726646107553,0.0,0.0,0.0,0.0,73.5594862528464,0.0,0.0,0.0,0.0,0.0,0.0,0.0,0.0,0.0,0.0,26.559836791196197,46.9996494616502,97253.0,0,0,0,35,SALT LAKE
1969,351064,150.0,538.8340383059941,0.27837885014015706,0.0,0.0,0.0,0.0,15.858713656039782,0.0,0.0,0.0,0.0,0.0,0.0,0.0,0.0,0.0,0.0,5.858787790212126,9.999925865827656,97253.0,0,0,0,35,SALT LAKE
1970,351065,120.0,404.3576027798508,0.29676701804301925,447.25,24.25,25.25,397.75,477.406290539373,15.5,8.75,0.0,25.25,95.0,95.25,63.0,144.5,0.0,0.0,22.15634984671088,7.999940692662124,97253.0,0,0,0,35,SALT LAKE
1971,351066,192.25,528.6188011234614,0.3636836215273,931.5,78.25,146.5,706.75,994.3723239435228,54.75,23.5,3.75,142.75,123.0,295.0,12.0,276.75,0.0,0.0,49.87242031794696,12.999903625575952,97218.0,0,0,2477,35,SALT LAKE
1972,351067,541.0,860.788741784369,0.6284933500391001,1934.5,38.25,1243.0,653.25,2073.46256906622,27.25,11.0,1177.75,65.25,180.5,102.25,88.0,282.5,3.0273189180710123,0.0,97.93553185800415,37.99971829014509,78814.0,0,0,0,35,SALT LAKE
1973,351068,21.5,60.32774341876656,0.35638661056418447,2498.0,426.5,188.0,1883.5,2597.9092055406454,307.75,118.75,0.0,188.0,369.75,311.5,63.0,1139.25,0.0,0.0,98.40927991831764,1.4999256223279398,78814.0,0,0,0,35,SALT LAKE
1974,351069,557.25,1640.4022975552537,0.3397032550067068,495.75,31.5,89.5,374.75,576.8781648149869,22.75,8.75,48.0,41.5,59.75,155.25,0.0,159.75,1.009106306023671,0.0,41.11934763223543,38.99971087672786,111741.0,0,0,0,35,SALT LAKE
1975,351070,841.5000144575887,2301.9044620474806,0.36556687227110096,0.5000000085903676,0.0,0.0,0.5000000085903676,112.64260214092774,0.0,0.0,0.0,0.0,0.0,0.2500000042951838,0.0,0.2500000042951838,0.0,0.0,53.893090691651885,58.24951144068549,111741.0,0,0,0,35,SALT LAKE
1976,351071,496.24995721007855,1352.0489064978237,0.3670355079798863,0.0,0.0,0.0,0.0,53.88255169461711,0.0,0.0,0.0,0.0,0.0,0.0,0.0,0.0,0.0,0.0,19.382881167573906,34.499670527043214,111741.0,0,0,0,35,SALT LAKE
1977,351072,924.9999993583207,2477.3866442665135,0.3733773254566761,405.99999971835484,126.7499999120726,23.999999983351024,255.24999982293122,522.2375833276313,103.24999992837472,23.49999998369788,0.0,23.999999983351024,0.7499999994797195,0.0,0.0,254.49999982345147,0.0,0.0,51.98812510873845,64.24945850053801,98787.0,0,0,0,35,SALT LAKE
1978,351073,716.75,2543.9532892330494,0.28174652539162215,76.0,0.0,0.0,76.0,156.96355469565822,0.0,0.0,0.0,0.0,0.0,76.0,0.0,0.0,0.0,0.0,30.96392536651993,49.99962932913828,97253.0,957,0,0,35,SALT LAKE
1979,351074,248.0,890.3029557998548,0.27855686469915736,73.5,9.25,2.25,62.0,103.05694621714804,8.0,1.25,0.0,2.25,13.5,15.75,8.0,24.75,0.0,0.0,12.557072245241033,16.999873971907014,97253.0,0,0,0,35,SALT LAKE
1980,351075,700.0,2348.0022090819466,0.29812578424859976,422.75,159.0,10.0,253.75,515.8519501554879,38.5,120.5,0.0,10.0,18.0,16.75,0.0,219.0,0.0,0.0,44.102313412932325,48.99963674255551,97253.0,0,0,0,35,SALT LAKE
1981,351076,403.75,1100.1078411628555,0.36700947388323407,1563.25,401.75,98.0,1063.5,1668.5839546144389,358.25,43.5,2.0,96.0,212.75,161.75,125.0,564.0,0.0,0.0,77.33416219012162,27.999792424317437,94859.0,0,0,0,35,SALT LAKE
1982,351077,612.5,2217.1230099816785,0.27625891628135757,6.0,0.0,0.0,6.0,87.9075277428929,0.0,0.0,0.0,0.0,0.0,0.0,6.0,0.0,0.0,0.0,39.15777952364532,42.74974821924758,94859.0,0,0,0,35,SALT LAKE
1983,351078,639.0,1994.9229646193824,0.32031312052288535,249.0,25.5,7.25,216.25,335.9348427983173,23.25,2.25,1.0,6.25,34.0,89.75,53.0,39.5,0.0,0.0,42.4352434306589,44.499599367658405,94026.0,900,0,0,35,SALT LAKE
1984,351079,224.5,720.5357534673328,0.3115737129207957,636.5,121.25,32.75,482.5,698.6289212202893,78.5,42.75,0.0,32.75,84.25,136.25,24.0,238.0,0.0,0.0,46.129039834965006,15.999881385324253,124040.0,0,0,0,35,SALT LAKE
1985,351080,552.0,1254.035946688885,0.44017876956197516,2436.0,690.25,78.25,1667.5,2619.459181889817,313.75,376.5,0.0,78.25,211.0,564.0,321.5,571.0,0.0,0.0,145.2095305958609,38.24965129395643,79751.0,0,0,0,35,SALT LAKE
1986,351081,356.75,809.1789054755136,0.440879016477025,328.0,5.25,6.25,316.5,384.74512102727977,2.25,3.0,0.0,6.25,104.75,116.5,56.0,39.25,0.0,0.0,31.745306362710604,24.99981466456914,79751.0,1045,0,0,35,SALT LAKE
1987,351082,358.25,1067.555032777071,0.3355798895613567,9037.75,749.25,436.75,7851.75,9486.444675859704,307.5,441.75,21.25,415.5,3134.5,1364.75,215.0,3137.5,1.009106306023671,1.609912977605655,421.0758419115072,24.99981466456914,125200.0,0,0,0,35,SALT LAKE
1988,351083,856.0,1700.896391646202,0.5032640460666307,2012.5,56.5,47.75,1908.25,2184.540061978481,19.0,37.5,1.0,46.75,422.25,105.25,57.0,1323.75,0.0,0.0,112.0405067835148,59.999555194965936,78814.0,0,0,0,35,SALT LAKE
1989,351084,0.0,0.0,0.0,2369.5,1091.75,110.75,1167.0,2461.973630702544,907.75,184.0,0.0,110.75,256.75,242.0,7.0,661.25,0.0,0.0,92.47363070254367,0.0,78814.0,6,3,518,35,SALT LAKE
1990,351085,0.0,0.0,0.0,20.5,0.0,14.25,6.25,35.428525612520964,0.0,0.0,14.25,0.0,0.0,6.25,0.0,0.0,14.127488284331392,0.0,0.8010373281895721,0.0,111741.0,0,0,0,35,SALT LAKE
1991,351086,99.75,239.6544362439074,0.4162243001355494,0.0,0.0,0.0,0.0,86.36275636744166,0.0,0.0,0.0,0.0,0.0,0.0,0.0,0.0,0.0,0.0,79.61245080065949,6.750305566782178,111741.0,0,0,0,35,SALT LAKE
1992,351087,535.75,1473.5731109489127,0.36357205219020444,0.0,0.0,0.0,0.0,157.90681376404163,0.0,0.0,0.0,0.0,0.0,0.0,0.0,0.0,1.009106306023671,0.0,119.39735640258196,37.500351055436006,111741.0,0,0,0,35,SALT LAKE
1993,351088,145.75,355.1530793277406,0.41038641781140156,0.0,0.0,0.0,0.0,86.44867425140725,0.0,0.0,0.0,0.0,0.0,0.0,0.0,0.0,1.009106306023671,0.0,75.18939641400453,10.250171531379056,111741.0,0,0,0,35,SALT LAKE
1994,351089,0.0,0.0,0.0,598.25,49.0,115.75,433.5,622.6228650480831,33.0,16.0,51.25,64.5,89.0,107.25,0.0,237.25,1.009106306023671,0.0,23.36375874205941,0.0,111741.0,0,0,0,35,SALT LAKE
1995,351090,0.0,0.0,0.0,0.0,0.0,0.0,0.0,1.009106306023671,0.0,0.0,0.0,0.0,0.0,0.0,0.0,0.0,1.009106306023671,0.0,0.0,0.0,111741.0,0,0,0,35,SALT LAKE
1996,351091,1597.9999832607598,4306.2058676828065,0.3710923333353434,2588.2499728877733,217.99999771642405,191.24999799663348,2178.9999771747157,2867.0110049449568,74.74999921698486,143.24999849943922,43.74999954171354,147.49999845491996,670.9999929711952,418.2499956187815,201.99999788402596,887.749990700713,0.0,0.0,167.51192310803287,111.24910894915065,103606.0,0,0,0,35,SALT LAKE
1997,351092,576.25,2046.6398977537624,0.28155905718072266,103.25,2.5,22.25,78.5,169.79065778908097,1.25,1.25,4.0,18.25,43.25,8.5,3.0,23.75,0.0,0.0,26.54095432577035,39.999703463310624,97253.0,0,0,0,35,SALT LAKE
1998,351093,470.0,1577.450216577119,0.2979491809382388,0.0,0.0,0.0,0.0,51.85729043322926,0.0,0.0,0.0,0.0,0.0,0.0,0.0,0.0,0.0,0.0,18.857535075997998,32.999755357231265,97253.0,0,0,0,35,SALT LAKE
1999,351094,758.5,1643.5966865069745,0.46148791015878055,814.25,452.5,52.25,309.5,933.1790526752916,9.75,442.75,0.0,52.25,131.75,40.75,1.0,136.0,0.0,0.0,65.92944558640495,52.99960708888658,94859.0,0,0,0,35,SALT LAKE
2000,351095,432.25,1417.2798805363625,0.304985631939132,59.5,3.0,2.5,54.0,109.95692382694789,2.0,1.0,0.0,2.5,12.0,10.25,0.0,31.75,0.0,0.0,20.45714622946492,29.999777597482964,94859.0,0,0,0,35,SALT LAKE
2001,351096,51.0,163.6528522194936,0.3116352651868117,322.5,27.25,11.75,283.5,341.08710520707774,5.0,22.25,0.0,11.75,47.0,86.0,0.0,150.5,0.0,0.0,14.58713486074667,3.9999703463310623,124040.0,0,0,0,35,SALT LAKE
2002,351097,298.0,889.6544112108513,0.3349615269084221,15.0,0.0,0.25,14.75,49.97479878948492,0.0,0.0,0.0,0.25,13.75,0.0,0.0,1.0,0.0,0.0,13.97495447124684,20.999844318238075,126394.0,0,0,0,35,SALT LAKE
2003,351098,160.25,498.2082410738727,0.32165264800635573,19.75,8.5,1.5,9.75,39.02977362921824,0.0,8.5,0.0,1.5,8.0,0.0,1.0,0.75,0.0,0.0,8.279855176807814,10.99991845241042,78814.0,0,0,0,35,SALT LAKE
2004,351099,389.75,1057.9749473913273,0.368392466155286,0.0,0.0,0.0,0.0,43.19649870167082,0.0,0.0,0.0,0.0,0.0,0.0,0.0,0.0,0.0,0.0,16.196453202368573,27.00004549930225,111741.0,0,0,0,35,SALT LAKE
2005,351100,73.5,179.56963418002218,0.40931196599930014,0.0,0.0,0.0,0.0,22.11345994216393,0.0,0.0,0.0,0.0,0.0,0.0,0.0,0.0,0.0,0.0,16.863377876528176,5.250082065635755,111741.0,0,0,0,35,SALT LAKE
2006,351101,1137.75,3277.231870116614,0.34716798966058976,3.0,3.0,0.0,0.0,160.3106415822296,0.0,3.0,0.0,0.0,0.0,0.0,0.0,0.0,0.0,0.0,78.06127186861856,79.24936971361105,111741.0,0,0,0,35,SALT LAKE
2007,351102,455.25,1324.448962885,0.343727854192543,50.5,8.0,6.0,36.5,102.2532190159003,7.0,1.0,0.5,5.5,6.75,4.25,0.0,25.5,0.0,0.0,19.753456245251808,31.99976277064849,111741.0,0,0,0,35,SALT LAKE
2008,351103,0.0,0.0,0.0,1087.5,420.5,174.25,492.75,1129.9745838766253,227.25,193.25,11.5,162.75,77.75,56.75,0.0,358.25,0.0,0.0,42.47458387662516,0.0,111741.0,0,0,0,35,SALT LAKE
2009,351104,345.49999761306384,954.1948699383662,0.36208536484311693,693.499995208856,51.999999640750566,88.4999993885851,552.9999961795204,759.084541785272,32.249999777196265,19.7499998635543,21.999999848009853,66.49999954057525,133.99999907424183,140.7499990276085,14.999999896370355,263.24999818129976,1.0091062990521158,0.0,40.575618365183665,23.99982191218017,111741.0,0,0,0,35,SALT LAKE
2010,351105,476.0000067557909,1310.9030120708746,0.3631084850463794,0.0,0.0,0.0,0.0,51.591642677069565,0.0,0.0,0.0,0.0,0.0,0.0,0.0,0.0,0.0,0.0,18.591886851478115,32.99975582559145,97253.0,0,0,0,35,SALT LAKE
2011,351106,483.0,1892.069143487376,0.25527608315082834,103.0,0.0,2.0,101.0,159.8880789109094,0.0,0.0,2.0,0.0,0.0,81.0,0.0,20.0,0.0,0.0,22.88833096709537,33.99974794381403,97253.0,848,0,0,35,SALT LAKE
2012,351107,457.0,1604.4238093001647,0.2848374583766239,23.5,0.0,0.0,23.5,74.26700325002047,0.0,0.0,0.0,0.0,19.25,0.0,4.0,0.25,0.0,0.0,18.76724047937197,31.99976277064849,97253.0,0,0,0,35,SALT LAKE
2013,351108,136.5,473.31682351658594,0.2883903407148104,899.75,302.5,23.0,574.25,949.7210147703772,117.5,185.0,0.0,23.0,86.0,164.75,20.0,303.5,0.0,0.0,40.47108890499308,9.49992586538411,97253.0,371,132,0,35,SALT LAKE
2014,351109,469.5,1045.4791221243986,0.4490763995803022,3475.25,1449.5,91.0,1934.75,3662.08687708688,759.25,690.25,0.0,91.0,261.0,270.0,19.0,1384.75,0.0,0.0,154.08725575440337,32.74962133247656,94859.0,0,0,0,35,SALT LAKE
2015,351110,258.75,846.7693599156822,0.30557317287173125,339.0,231.0,12.25,95.75,389.8474412094809,0.0,231.0,12.25,0.0,5.0,72.75,1.0,17.0,0.0,0.0,32.84757465099113,17.999866558489778,94859.0,0,174,264,35,SALT LAKE
2016,351111,346.75,1254.3323609080855,0.27644188319351587,0.0,0.0,0.0,0.0,40.04372684880703,0.0,0.0,0.0,0.0,0.0,0.0,0.0,0.0,0.0,0.0,16.04390477082065,23.999822077986373,94859.0,0,0,0,35,SALT LAKE
2017,351112,123.75,400.6167620027056,0.30889870753626686,28.0,0.0,0.0,28.0,44.426689033598976,0.0,0.0,0.0,0.0,8.0,0.0,20.0,0.0,0.0,0.0,8.176755786731466,8.24993324686751,124040.0,0,0,0,35,SALT LAKE
2018,351113,181.25,580.986508553571,0.31196937851662265,649.0,29.25,40.5,579.25,694.1788414138953,17.0,12.25,0.0,40.5,173.0,152.0,55.0,199.25,0.0,0.0,32.42899737064715,12.749844043248071,95326.0,0,0,0,35,SALT LAKE
2019,351114,227.0,516.8085472420844,0.4392342216694575,900.25,102.5,33.75,764.0,960.2803861550672,48.5,54.0,0.0,33.75,134.5,191.75,26.0,411.75,0.0,0.0,44.03050476974305,15.999881385324253,79953.0,625,0,0,35,SALT LAKE
2020,351115,285.0,1036.0952925862125,0.2750712236985532,0.0,0.0,0.0,0.0,31.13154853305835,0.0,0.0,0.0,0.0,0.0,0.0,0.0,0.0,0.0,0.0,11.13169680140304,19.999851731655312,126394.0,0,0,0,35,SALT LAKE
2021,351116,285.25,783.7832765614983,0.36393989069453986,254.0,12.25,7.25,234.5,295.3155768198771,7.25,5.0,0.0,7.25,33.0,150.5,1.0,50.0,0.0,0.0,21.565784670549636,19.74979214932743,100303.0,720,289,0,35,SALT LAKE
2022,351117,408.5,1079.9019519535884,0.3782750825304151,43.75,3.5,12.25,28.0,276.0224627955077,2.5,1.0,11.75,0.5,2.0,5.0,0.0,21.0,69.62833511563329,0.0,134.14429802879357,28.49982965108087,102017.0,0,0,0,35,SALT LAKE
2023,351118,500.5,1174.1472675507418,0.4262668013051186,39.75,0.5,0.0,39.25,286.9643024595599,0.5,0.0,0.0,0.0,0.5,35.0,0.0,3.75,3.2795954081372374,0.0,209.1861356527853,34.748571398637324,70283.0,0,0,0,35,SALT LAKE
2024,351119,174.25,402.28050789466414,0.433155463862611,340.0,0.0,0.0,340.0,372.5855372546648,0.0,0.0,0.0,0.0,0.25,339.25,0.0,0.5,0.0,0.0,20.58562621567159,11.999911038993186,70283.0,1677,60,2194,35,SALT LAKE
2025,351120,809.0,1863.7601723838225,0.4340687240704673,204.5,4.25,6.5,193.75,300.084910682296,1.25,3.0,1.25,5.25,24.0,99.5,19.0,51.25,0.0,0.0,39.58532583366111,55.99958484863487,70283.0,0,1029,0,35,SALT LAKE
2026,351121,429.25,989.3346271798356,0.4338774649216573,245.25,97.5,32.0,115.75,301.58714868914933,43.75,53.75,3.5,28.5,14.5,14.0,0.0,87.25,0.0,0.0,26.337371091666352,29.999777597482964,70283.0,0,0,0,35,SALT LAKE
2027,351122,0.0,0.0,0.0,726.75,321.5,19.5,385.75,810.648561516776,152.0,169.5,5.25,14.25,57.0,51.5,0.0,277.25,1.009106306023671,0.0,82.88945521075233,0.0,70283.0,0,0,0,35,SALT LAKE
2028,351123,769.0,2276.18614380758,0.3378458313227516,18.0,16.0,0.0,2.0,101.7387136948662,16.0,0.0,0.0,0.0,0.0,0.0,0.0,2.0,0.0,0.0,30.73910660597962,52.99960708888658,70283.0,0,0,0,35,SALT LAKE
2029,351124,1525.0,3499.6043564872352,0.4357635448627498,35.75,0.0,13.25,22.5,202.70960534115403,0.0,0.0,3.25,10.0,0.5,0.0,0.0,22.0,0.0,0.0,60.96039116338088,105.99921417777315,70283.0,0,0,0,35,SALT LAKE
2030,351125,278.25,1109.7463624731752,0.25073296872980366,44.75,2.25,24.75,17.75,80.87284923630915,0.0,2.25,24.75,0.0,1.75,12.0,0.0,4.0,1.009106306023671,0.0,15.613831648679666,19.49991128160581,76828.0,0,0,0,35,SALT LAKE
2031,351126,217.0,872.021826211733,0.24884698235444266,63.0,4.0,35.0,24.0,89.94539897982779,1.0,3.0,32.0,3.0,3.0,15.0,0.0,6.0,1.009106306023671,0.0,10.936403875062634,14.999888798741484,70283.0,0,0,0,35,SALT LAKE
2032,351127,479.0,1908.9648876026413,0.2509213255365574,355.75,32.5,93.75,229.5,421.8522884802949,15.0,17.5,75.5,18.25,12.25,111.25,61.0,45.0,0.0,0.0,32.602607565046846,33.499680915247986,76631.0,1008,0,0,35,SALT LAKE
2033,351128,659.5,2098.093364373153,0.3143330088158583,255.5,0.0,5.25,250.25,349.23709990700445,0.0,0.0,3.25,2.0,5.75,236.5,0.0,8.0,0.0,0.0,47.98735903597579,45.74974087102865,86391.0,0,0,0,35,SALT LAKE
2034,351129,19.25,49.001862424450536,0.39284221145020803,0.0,0.0,0.0,0.0,18.754685062529965,0.0,0.0,0.0,0.0,0.0,0.0,0.0,0.0,0.0,0.0,17.504759472135863,1.2499255903941042,102017.0,0,0,0,35,SALT LAKE
2035,351130,364.0,1350.6219743491847,0.2695054626039224,1.0,0.0,0.0,1.0,46.51505760377316,0.0,0.0,0.0,0.0,0.0,0.0,1.0,0.0,1.009106306023671,0.0,19.256203629369008,25.24974766838048,102017.0,0,0,0,35,SALT LAKE
2036,351131,444.0,1130.3678566058302,0.39279248556589746,69.25,0.0,8.0,61.25,204.03251393227217,0.0,0.0,8.0,0.0,0.0,61.25,0.0,0.0,0.0,0.0,103.78249059117334,31.00002334109882,102017.0,0,0,0,35,SALT LAKE
2037,351132,120.0,381.8723786002719,0.31424110966038477,94.0,17.0,6.0,71.0,113.35817052396038,17.0,0.0,0.0,6.0,0.0,70.0,1.0,0.0,0.0,0.0,11.108222385060104,8.249948138900285,86391.0,933,0,0,35,SALT LAKE
2038,351133,180.5,591.8184921018876,0.30499215960444354,904.5,176.25,406.25,322.0,961.8766257535824,47.25,129.0,391.5,14.75,0.0,76.75,77.0,168.25,0.0,0.0,44.62665513181786,12.749970621764614,86391.0,0,0,0,35,SALT LAKE
2039,351134,1184.75,3857.293641801297,0.3071454003814809,806.0,629.0,44.75,132.25,966.008510922254,329.75,299.25,16.75,28.0,10.0,8.25,4.0,110.0,0.0,0.0,77.75910389850051,82.24940702375339,86391.0,0,0,0,35,SALT LAKE
2040,351135,927.75,2813.7812550390663,0.329716461909943,135.0,35.0,40.75,59.25,366.08528302020864,28.5,6.5,39.25,1.5,5.75,9.5,0.0,44.0,0.0,0.0,166.586159629466,64.49912339074261,86391.0,0,0,0,35,SALT LAKE
2041,351136,437.0,1638.479772068015,0.2667106469361159,19.0,0.0,12.0,7.0,70.8094288663654,0.0,0.0,0.0,12.0,7.0,0.0,0.0,0.0,0.0,0.0,21.309584240316383,30.499844626049008,102017.0,0,0,0,35,SALT LAKE
2042,351137,256.0,1055.4718544609225,0.24254554862644903,67.75,2.0,30.25,35.5,98.39540635708563,2.0,0.0,30.25,0.0,3.0,14.5,0.0,18.0,0.0,0.0,12.645539798595882,17.999866558489778,86391.0,0,0,0,35,SALT LAKE
2043,351138,372.0,1532.142679712043,0.24279723091449626,64.5,27.5,12.0,25.0,107.54952535677862,26.5,1.0,10.0,2.0,0.0,2.0,0.0,23.0,0.0,0.0,17.04971810562671,25.999807251151903,86391.0,0,0,0,35,SALT LAKE
2044,351139,783.75,2933.235615178639,0.2671964011156561,120.75,0.0,1.0,119.75,215.5800523256117,0.0,0.0,1.0,0.0,3.0,74.75,36.0,6.0,0.0,0.0,40.33029628711671,54.49975603849498,102017.0,918,0,0,35,SALT LAKE
2045,351140,298.0,848.5453906855897,0.3511892272011852,83.0,1.0,40.75,41.25,118.88116530537688,0.0,1.0,40.75,0.0,4.75,28.5,2.0,6.0,0.0,0.0,14.8813209871388,20.999844318238075,105639.0,0,0,0,35,SALT LAKE
2046,351141,258.25,941.6621341174204,0.2742491076611535,0.0,0.0,0.0,0.0,28.08687766319513,0.0,0.0,0.0,0.0,0.0,0.0,0.0,0.0,0.0,0.0,10.087011104705356,17.999866558489778,106184.0,0,0,0,35,SALT LAKE
2047,351142,631.25,1642.8584164527265,0.3842388325605077,366.75,0.0,0.0,366.75,465.48223583150974,0.0,0.0,0.0,0.0,0.0,366.75,0.0,0.0,0.0,0.0,54.7325546075637,43.999681223946006,105293.0,600,0,1499,35,SALT LAKE
2048,351143,896.0,2880.596535541,0.3110466838882467,0.0,0.0,0.0,0.0,101.99264819117906,0.0,0.0,0.0,0.0,0.0,0.0,0.0,0.0,0.0,0.0,39.49305568651433,62.49959250466473,105293.0,0,0,0,35,SALT LAKE
2049,351144,14.0,40.34623156746221,0.34699647169255077,95.0,0.0,0.5,94.5,100.25737838080356,0.0,0.0,0.5,0.0,0.0,94.5,0.0,0.0,0.0,0.0,4.257385794220812,0.9999925865827656,110636.0,0,1519,0,35,SALT LAKE
2050,351145,356.0,1376.689319954422,0.2585913864805649,0.0,0.0,0.0,0.0,46.15610911571868,0.0,0.0,0.0,0.0,0.0,0.0,0.0,0.0,0.0,0.0,21.15629445114953,24.99981466456914,105293.0,0,0,0,35,SALT LAKE
2051,351146,339.0,1509.1360778928045,0.22463183073148923,0.0,0.0,0.0,0.0,37.240682483865776,0.0,0.0,0.0,0.0,0.0,0.0,0.0,0.0,0.0,0.0,13.240860405879404,23.999822077986373,105818.0,0,0,0,35,SALT LAKE
2052,351147,613.0,2349.125811221389,0.2609481352900723,105.5,1.0,9.0,95.5,176.57433777057855,0.5,0.5,9.0,0.0,1.0,92.75,0.0,1.75,0.0,0.0,28.074656547519623,42.99968122305892,105928.0,1039,0,0,35,SALT LAKE
2053,351148,1843.0,4777.870717129498,0.3857366825336073,597.75,114.25,36.0,447.5,941.8466963343642,102.25,12.0,4.25,31.75,75.25,198.5,3.0,170.75,0.0,0.0,215.84784624077972,128.24885009358445,105293.0,0,0,0,35,SALT LAKE
2054,351149,506.5,1372.9731576747329,0.3689074306869978,0.0,0.0,0.0,0.0,59.03597042343587,0.0,0.0,0.0,0.0,0.0,0.0,0.0,0.0,0.0,0.0,23.78629688922773,35.249673534208135,105293.0,0,0,0,35,SALT LAKE
2055,351150,718.0,2103.44838415103,0.3413442447221214,38.5,38.25,0.25,0.0,118.04764044327268,4.0,34.25,0.25,0.0,0.0,0.0,0.0,0.0,0.0,0.0,29.54801111413439,49.99962932913828,105293.0,0,0,0,35,SALT LAKE
2056,351151,1130.75,2912.755801599167,0.388206247629545,11.75,1.75,1.0,9.0,256.3703319851213,1.0,0.75,0.0,1.0,1.25,0.75,0.0,7.0,0.0,0.0,165.87048585106442,78.74984613405692,105293.0,0,0,0,35,SALT LAKE
2057,351152,457.0,1241.936002561633,0.36797387229083145,399.5,0.0,4.25,395.25,464.95332310567545,0.0,0.0,0.25,4.0,9.75,302.5,56.0,27.0,0.0,0.0,33.453560335026964,31.99976277064849,105293.0,971,677,440,35,SALT LAKE
2058,351153,1922.5,4933.282862224216,0.38969993282185794,542.0,124.0,45.0,373.0,1003.4052462951336,47.0,77.0,0.25,44.75,76.75,47.0,6.0,243.25,0.0,0.0,327.9057930287128,133.49945326642091,105293.0,0,0,308,35,SALT LAKE
2059,351154,100.75,247.7078264046332,0.4067291755062429,6.5,1.0,0.25,5.25,44.6949728536351,0.75,0.25,0.0,0.25,0.75,1.5,0.0,3.0,0.0,0.0,30.94500988701326,7.249962966621844,105293.0,0,0,0,35,SALT LAKE
2060,351155,0.0,0.0,0.0,252.25,16.75,69.5,166.0,262.10291485045553,9.5,7.25,0.25,69.25,34.25,71.75,0.0,60.0,0.0,0.0,9.85291485045556,0.0,105293.0,0,0,0,35,SALT LAKE
2061,351156,1.0000000003572125,2.816981488417448,0.3549899083358913,487.50000017414106,66.75000002384394,149.75000005349256,271.00000009680457,506.58281772380593,16.75000000598331,50.00000001786062,0.0,149.75000005349256,43.25000001544944,55.25000001973599,0.0,172.50000006161915,0.0,0.0,19.08281754966483,0.0,105293.0,0,0,0,35,SALT LAKE
2062,351157,579.5,2158.4561492618604,0.26847893120190325,74.0,0.0,0.0,74.0,140.0266644125244,0.0,0.0,0.0,0.0,0.0,74.0,0.0,0.0,0.0,0.0,25.527035391197057,40.49962902132735,72003.0,912,0,0,35,SALT LAKE
2063,351158,181.0,609.3566395128885,0.2970345906868086,1002.0,166.5,47.75,787.75,1064.2018078731892,22.5,144.0,7.25,40.5,149.0,58.75,354.0,226.0,1.009106306023671,0.0,48.693065991099,12.499635576066543,114476.0,0,0,0,35,SALT LAKE
2064,351159,391.75,1356.5667005654202,0.2887804925749082,1022.5,528.5,87.0,407.0,1105.7377510505776,269.5,259.0,12.0,75.0,105.25,80.25,24.0,197.5,0.0,0.0,56.23795121284289,26.99979983773467,114476.0,0,0,0,35,SALT LAKE
2065,351160,248.0,826.7083340160626,0.2999848795466255,29.0,0.0,0.0,29.0,56.81857440214026,0.0,0.0,0.0,0.0,0.0,29.0,0.0,0.0,0.0,0.0,10.81870043023325,16.999873971907014,114476.0,0,0,0,35,SALT LAKE
2066,351161,694.75,2278.2477124106226,0.304949280192575,458.0,86.0,21.0,351.0,554.5237387168136,14.5,71.5,4.0,17.0,33.5,211.5,18.0,88.0,0.0,0.0,48.27416155702949,48.24957715978408,114057.0,0,0,2230,35,SALT LAKE
2067,351162,458.75,1248.9082331084423,0.3673208229704791,453.5,73.25,25.25,355.0,522.6315637965272,24.0,49.25,3.5,21.75,54.25,53.75,85.0,162.0,0.0,0.0,37.13180102587864,31.99976277064849,79738.0,0,0,0,35,SALT LAKE
2068,351163,163.0,444.8593907130967,0.36640791091026703,0.0,0.0,0.0,0.0,18.36624946799796,0.0,0.0,0.0,0.0,0.0,0.0,0.0,0.0,0.0,0.0,7.366331015587536,10.99991845241042,79738.0,0,0,0,35,SALT LAKE
2069,351164,925.25,2672.2739319923703,0.3462407011956893,1032.75,370.75,44.0,618.0,1209.929721989779,231.5,139.25,4.25,39.75,68.25,154.75,64.0,331.0,0.0,0.0,112.68018155600576,64.49954043377332,84793.0,641,0,0,35,SALT LAKE
2070,351165,954.75,2303.858394421679,0.4144134909991567,211.0,22.5,12.75,175.75,324.5351186259631,19.25,3.25,5.25,7.5,53.0,11.0,24.0,87.75,0.0,0.0,47.03554088293453,66.49957774302857,88677.0,0,0,0,35,SALT LAKE
2071,351166,705.75,1902.2270850625728,0.37101248612322474,309.5,226.25,1.75,81.5,400.4080116967601,149.5,76.75,0.75,1.0,23.75,0.0,1.0,56.75,0.0,0.0,41.908434504598674,48.99957719216147,123834.0,0,0,0,35,SALT LAKE
2072,351167,615.75,1659.8301083471952,0.37097170180455624,0.0,0.0,0.0,0.0,67.05056566623419,0.0,0.0,0.0,0.0,0.0,0.0,0.0,0.0,0.0,0.0,24.05088444317527,42.99968122305892,86391.0,0,0,0,35,SALT LAKE
2073,351168,272.75,733.1255806819556,0.372037215979133,81.75,30.5,21.25,30.0,114.60376589598984,24.75,5.75,1.0,20.25,4.25,4.25,0.0,21.5,0.0,0.0,13.853906750917307,18.99985914507255,86391.0,0,0,0,35,SALT LAKE
2074,351169,497.5,1553.641337099838,0.3202154758116032,304.75,19.0,82.25,203.5,400.5727871037785,13.75,5.25,7.5,74.75,34.75,30.75,28.0,110.0,1.009106306023671,0.0,60.313664822168455,34.50001597558638,127846.0,0,0,0,35,SALT LAKE
2075,351170,110.25,369.8525229900249,0.29809178833957417,1230.75,0.25,2.0,1228.5,1292.3770882906342,0.25,0.0,0.0,2.0,19.0,68.25,1139.0,2.25,0.0,0.0,54.37714763034963,7.249940660284744,127846.0,859,0,0,35,SALT LAKE
2076,351171,109.75,377.7543847929538,0.29053269642430146,1631.5,81.25,179.75,1370.5,1708.266843747399,60.0,21.25,19.25,160.5,527.25,313.5,120.0,409.75,0.0,0.0,68.76690305473687,7.999940692662124,127846.0,0,0,0,35,SALT LAKE
2077,351172,351.0,1200.43884536473,0.2923930705469261,282.25,26.25,33.25,222.75,332.48396699277487,17.75,8.5,5.0,28.25,52.75,49.5,36.0,84.5,0.0,0.0,26.23414491478849,23.999822077986373,104529.0,0,0,0,35,SALT LAKE
2078,351173,279.0,975.8124004221902,0.2859156123444314,264.75,9.75,7.5,247.5,304.9876866018741,8.75,1.0,0.0,7.5,11.25,188.25,3.0,45.0,0.0,0.0,21.23782745680156,18.99985914507255,88476.0,802,1304,0,35,SALT LAKE
2079,351174,687.5,1486.2980334852014,0.46255864201602287,1181.5,231.0,150.75,799.75,1303.7524986495728,85.75,145.25,0.0,150.75,75.5,335.5,67.75,321.0,0.0,0.0,74.50291407592795,47.74958457364486,68984.0,0,0,0,35,SALT LAKE
2080,351175,364.5,894.3693884684508,0.4075497268798326,312.25,102.0,11.25,199.0,391.6842448758158,96.25,5.75,2.25,9.0,15.5,22.75,23.0,137.75,0.0,0.0,53.93456420362399,25.49968067219182,113721.0,0,0,0,35,SALT LAKE
2081,351176,136.0,325.19266888229254,0.41821361000369556,245.0,7.25,5.5,232.25,276.1330769092675,4.5,2.75,0.0,5.5,61.75,30.5,90.0,50.0,0.0,0.0,21.883084047694737,9.249992861572771,113721.0,0,0,0,35,SALT LAKE
2082,351177,423.75,1128.9748275174068,0.3753405210387355,2252.5,1231.75,782.75,238.0,2386.5499507477825,720.0,511.75,540.75,242.0,10.75,78.75,0.0,148.5,0.0,0.0,104.54991257940593,29.500038168376832,86391.0,0,0,0,35,SALT LAKE
2083,351178,785.0,1843.2009011410817,0.42588954872690504,540.25,54.25,165.5,320.5,1136.9903499883983,31.75,22.5,136.25,29.25,47.5,54.75,8.0,210.25,2.5225569267620367,0.0,539.7199734168656,54.497819644771,127846.0,0,0,0,35,SALT LAKE
2084,351179,0.0,0.0,0.0,1086.0,496.0,74.25,515.75,1133.9152825072604,323.75,172.25,11.0,63.25,77.75,91.5,21.0,325.5,0.0,0.0,47.91528250726035,0.0,127846.0,0,0,0,35,SALT LAKE
2085,351180,125.5,430.9800434276305,0.29119677793404314,16.0,0.0,0.0,16.0,31.27660514759405,0.0,0.0,0.0,0.0,16.0,0.0,0.0,0.0,0.0,0.0,6.276671868349165,8.999933279244889,127846.0,0,0,0,35,SALT LAKE
2086,351181,373.0,1272.178822673195,0.2931977748350072,0.0,0.0,0.0,0.0,41.31865955614606,0.0,0.0,0.0,0.0,0.0,0.0,0.0,0.0,0.0,0.0,15.318852304994154,25.999807251151903,104529.0,0,0,0,35,SALT LAKE
2087,351182,367.5,1112.2367733163796,0.3304152576291985,0.0,0.0,0.0,0.0,41.85390761887999,0.0,0.0,0.0,0.0,0.0,0.0,0.0,0.0,0.0,0.0,16.354167396294123,25.499740222585864,94115.0,0,0,0,35,SALT LAKE
2088,351183,371.0,1135.946106834805,0.32660000132731004,99.5,0.25,14.25,85.0,155.6212773654417,0.25,0.0,0.0,14.25,2.0,68.75,1.0,13.25,0.0,0.0,30.12141797820008,25.999859387241624,92183.0,658,0,0,35,SALT LAKE
2089,351184,129.0,365.8880703765403,0.35256683790549487,89.0,0.25,28.75,60.0,106.5147048676865,0.0,0.25,28.75,0.0,2.0,9.0,44.0,5.0,0.0,0.0,8.514771588441624,8.999933279244889,86391.0,0,0,0,35,SALT LAKE
2090,351185,500.0,1825.4879950664608,0.2738993635407591,87.0,0.0,0.0,87.0,146.5370430603659,0.0,0.0,0.0,0.0,0.0,87.0,0.0,0.0,0.0,1.609912977605655,22.92738955236345,34.99974053039679,110636.0,1025,0,0,35,SALT LAKE
2091,351186,518.75,1452.4501513693167,0.35715511441886083,167.0,93.75,35.5,37.75,229.78431830019912,1.0,92.75,35.5,0.0,2.0,3.75,11.0,21.0,0.0,0.0,26.784585183219555,35.99973311697956,90562.0,0,0,0,35,SALT LAKE
2092,351187,501.0,1291.5959116650808,0.3878922157272301,165.5,3.0,124.5,38.0,350.0502363747965,0.0,3.0,124.5,0.0,0.0,28.0,0.0,10.0,1.5134506207383656,0.0,148.28706754419522,34.74971820986291,105293.0,0,0,0,35,SALT LAKE
2093,351188,161.5,554.877160799962,0.29105541083573655,312.75,119.0,8.5,185.25,342.2513073824578,40.25,78.75,0.75,7.75,16.25,101.5,28.0,39.5,0.0,0.0,18.50138893004736,10.99991845241042,127846.0,0,1341,0,35,SALT LAKE
2094,351189,519.5,1790.0241823024917,0.29021954291800234,1211.0,597.0,57.5,556.5,1314.5885330437025,404.0,193.0,23.25,34.25,79.5,72.5,78.0,326.5,0.0,0.0,67.58879992672296,35.99973311697956,127846.0,0,0,0,35,SALT LAKE
2095,351190,315.25,1197.621772302494,0.26323001743189295,193.75,0.0,0.0,193.75,235.63043842316435,0.0,0.0,0.0,0.0,0.0,193.25,0.0,0.5,0.0,0.0,19.880601518343507,21.99983690482084,113796.0,86,52,83,35,SALT LAKE
2096,351191,55.75,154.7684054527149,0.36021563856605626,0.0,0.0,0.0,0.0,6.927909370440311,0.0,0.0,0.0,0.0,0.0,0.0,0.0,0.0,1.009106306023671,0.0,2.168631665651924,3.750171398764717,78975.0,0,0,0,35,SALT LAKE
2097,351192,542.0,1440.2676218830195,0.3763189505651624,107.5,30.0,17.75,59.75,188.86817083786943,3.25,26.75,0.0,17.75,15.0,8.75,0.0,36.0,0.0,0.0,43.36845254772437,37.99971829014509,78975.0,0,0,0,35,SALT LAKE
2098,351193,202.25,477.5229672781553,0.42353983757641994,267.25,2.5,3.0,261.75,307.3382401778478,1.25,1.25,1.0,2.0,9.25,8.5,187.0,57.0,0.0,0.0,26.0883439656891,13.999896212158715,112204.0,0,0,0,35,SALT LAKE
2099,351194,126.25,298.6373685366865,0.42275352417757006,192.25,5.5,41.0,145.75,219.6967481648821,3.5,2.0,0.0,41.0,32.5,46.75,27.0,39.5,1.009106306023671,0.0,17.68771602585171,8.74992583300673,113721.0,0,0,0,35,SALT LAKE
2100,351195,474.0,1789.4945968856996,0.2648792574310722,0.0,0.0,0.0,0.0,51.51352477430159,0.0,0.0,0.0,0.0,0.0,0.0,0.0,0.0,0.0,0.0,18.51376941707032,32.999755357231265,110636.0,0,0,0,35,SALT LAKE
2101,351196,362.25,1025.220852230789,0.35333850185721094,341.5,25.5,25.0,291.0,396.9958127643719,18.5,7.0,2.75,22.25,62.75,102.5,4.0,121.75,1.009106306023671,0.0,29.486891793778994,24.99981466456914,148008.0,0,0,0,35,SALT LAKE
2102,351197,310.0,875.5356577700134,0.3540689602403734,260.0,61.0,7.5,191.5,319.512476989254,59.75,1.25,0.0,7.5,82.5,9.25,56.0,43.75,0.0,0.0,37.762647530671295,21.74982945858268,148008.0,0,0,0,35,SALT LAKE
2103,351198,339.75,779.005157417086,0.4361331844406454,1035.0,271.25,36.0,727.75,1112.6983550553514,248.75,22.5,1.0,35.0,175.75,176.0,0.0,376.0,0.0,0.0,53.69853297736494,23.999822077986373,90059.0,0,0,0,35,SALT LAKE
2104,351199,0.0,0.0,0.0,5938.0,760.0,863.5,4314.5,6186.170028677727,654.5,105.5,207.25,656.25,1200.25,529.0,24.0,2561.25,0.0,0.0,248.1700286777265,0.0,90059.0,0,0,0,35,SALT LAKE
2105,351200,509.0,1134.494918858146,0.44865780493076307,2274.75,329.5,173.75,1771.5,2418.728089752544,226.25,103.25,14.0,159.75,394.25,284.5,344.0,748.75,0.0,0.0,108.72835666794184,35.249733084602184,97701.0,0,0,0,35,SALT LAKE
2106,351201,302.0,731.0343070676869,0.41311330683149133,0.0,0.0,0.0,0.0,32.79635655308023,0.0,0.0,0.0,0.0,0.0,0.0,0.0,0.0,0.0,0.0,11.796512234842158,20.999844318238075,114601.0,0,0,0,35,SALT LAKE
2107,351202,284.0,689.1868716926947,0.4120798170494378,677.5,190.25,13.25,474.0,735.0569642186567,176.75,13.5,3.0,10.25,44.5,47.0,154.0,228.5,0.0,0.0,37.557112487001405,19.999851731655312,114601.0,0,0,0,35,SALT LAKE
2108,351203,643.0,1301.6557891865557,0.49398620229840506,2992.75,880.75,311.5,1800.5,3179.7581454529977,353.0,527.75,74.25,237.25,191.0,85.75,786.0,737.75,0.0,0.0,142.00847905677355,44.99966639622445,90770.0,0,0,0,35,SALT LAKE
2109,351204,651.5,1393.267068525062,0.4676059706842061,1345.75,253.75,40.25,1051.75,1499.7698842868915,74.0,179.75,0.0,40.25,148.5,448.25,34.0,421.0,0.0,0.0,108.77022527303782,45.24965901385396,90770.0,0,0,0,35,SALT LAKE
2110,351205,378.75,1148.696675301435,0.32972150798696304,568.5,7.25,25.0,536.25,632.4956458663147,7.25,0.0,24.75,0.25,130.5,19.0,311.0,75.75,0.0,0.0,37.74590561135148,26.249740254963243,81668.0,0,0,0,35,SALT LAKE
2111,351206,0.0,0.0,0.0,2454.4999959018714,185.99999968944718,1618.4999972976896,649.9999989147348,2550.370754698035,151.99999974621488,33.999999943232275,1610.4999973110466,7.999999986642889,72.74999987853377,83.24999986100256,0.0,493.9999991751984,0.0,0.0,95.87075879616357,0.0,90059.0,1228,526,188,35,SALT LAKE
2112,351207,100.5,234.04251411379164,0.42940916260682804,1236.25,219.5,46.75,970.0,1306.4918423175102,67.5,152.0,0.0,46.75,205.75,146.75,69.5,548.0,0.0,0.0,63.24196865385756,6.9998736636525365,90770.0,0,0,0,35,SALT LAKE
2113,351208,88.0,268.7806918384504,0.327404470157745,1634.5,539.25,69.5,1025.75,1737.2776402622872,235.75,303.5,19.0,50.5,124.75,100.5,117.0,683.5,0.0,0.0,96.77759540833097,6.000044853956191,114181.0,0,0,0,35,SALT LAKE
2114,351209,50.5,159.75581737211485,0.31610742463525904,580.0,277.25,15.25,287.5,631.3780880267115,176.0,101.25,4.75,10.5,34.25,29.25,69.0,155.0,0.0,0.0,47.87807302246264,3.5000150042487874,111398.0,0,0,0,35,SALT LAKE
2115,351210,215.0,646.0787326108447,0.3327767795902699,0.0,0.0,0.0,0.0,23.397192836522265,0.0,0.0,0.0,0.0,0.0,0.0,0.0,0.0,0.0,0.0,8.397304037780783,14.999888798741484,144924.0,0,0,0,35,SALT LAKE
2116,351211,251.25,623.7303585904216,0.4028182956619331,16.0,0.0,0.0,16.0,43.93860580221505,0.0,0.0,0.0,0.0,9.0,0.0,6.0,1.0,0.0,0.0,10.438739244168818,17.499866558046236,155809.0,0,0,0,35,SALT LAKE
2117,351212,384.49999992734575,919.1475071798081,0.4183224095413099,5426.9999989745265,1857.499999649011,232.99999995597284,3336.4999993695424,5691.978066487482,1787.9999996621436,69.49999998686744,0.0,232.99999995597284,1107.2499997907767,578.499999890688,3.999999999244169,1646.749999688834,0.0,0.0,238.47814110215455,26.4999264108003,90059.0,0,0,0,35,SALT LAKE
2118,351213,0.0,0.0,0.0,2493.25,385.5,1559.5,548.25,2590.6337861738066,329.25,56.25,160.25,1399.25,259.5,19.0,29.0,240.75,0.0,0.0,97.3837861738067,0.0,90059.0,0,0,0,35,SALT LAKE
2119,351214,429.0,987.72180737894,0.43433282205078816,791.0,49.25,110.5,631.25,868.6494904161169,39.5,9.75,0.0,110.5,183.0,190.75,13.0,244.5,0.0,0.0,47.64971281863392,29.999777597482964,90059.0,0,0,0,35,SALT LAKE
2120,351215,189.5,474.0846402633134,0.39971765357078215,3937.0,926.0,489.0,2522.0,4111.930587445896,419.5,506.5,147.25,341.75,435.25,698.25,326.0,1062.5,0.0,0.0,161.93068382032038,12.999903625575952,60380.0,0,0,0,35,SALT LAKE
2121,351216,285.75,907.838438728586,0.3147586484663379,1218.0,257.5,90.25,870.25,1299.955800004307,83.75,173.75,0.0,90.25,167.5,158.5,134.0,410.25,0.0,3.2198259552113107,58.73612231744048,19.999851731655312,149201.0,0,0,0,35,SALT LAKE
2122,351217,208.75,637.7882646668036,0.32730298057311574,991.0,243.5,91.0,656.5,1102.0822442367582,222.5,21.0,4.0,87.0,128.75,107.0,166.75,254.0,0.0,0.0,96.58232571781872,14.499918518939364,149504.0,0,0,0,35,SALT LAKE
2123,351218,147.5,457.5136846833629,0.3223947281535024,862.0,23.0,123.75,715.25,929.709493523796,13.25,9.75,60.5,63.25,132.5,454.25,33.5,95.0,0.0,0.0,57.70976867891184,9.999724844884293,149709.0,705,0,0,35,SALT LAKE
2124,351219,330.0,1173.3056381868655,0.2812566387305154,65.0,0.0,0.0,65.0,103.67742362008023,0.0,0.0,0.0,0.0,0.0,60.0,0.0,5.0,0.0,0.0,15.677594128676647,22.99982949140361,114770.0,0,1609,0,35,SALT LAKE
2125,351220,111.7499917886305,387.0246202851829,0.28874129947155924,8.49999937542156,1.749999871410321,1.2499999081502293,5.499999595861009,27.183907505527806,1.2499999081502293,0.4999999632600917,0.0,1.2499999081502293,1.499999889780275,0.9999999265201834,0.0,2.99999977956055,0.0,0.0,10.933901010724604,7.750007119381643,114770.0,0,0,0,35,SALT LAKE
2126,351221,448.2499999987216,1605.2122485743278,0.2792465609434738,1.999999999994296,0.0,0.0,1.999999999994296,53.085938737285346,0.0,0.0,0.0,0.0,0.0,0.0,1.999999999994296,0.0,0.0,0.0,20.086168553313726,30.99977018397732,114770.0,0,0,0,35,SALT LAKE
2127,351222,517.75,1215.4721993645364,0.4259661391438537,2166.0,1129.5,6.25,1030.25,2306.823771894546,1129.0,0.5,3.75,2.5,265.25,0.5,0.0,764.5,0.0,0.0,104.82403877756646,35.99973311697956,90059.0,0,0,0,35,SALT LAKE
2128,351223,2.0,4.271186231528354,0.46825399118322736,4549.75,647.5,388.0,3514.25,4727.461269410335,532.5,115.0,77.75,310.25,887.75,757.25,36.0,1833.25,0.0,0.0,177.7112694103353,0.0,90059.0,0,0,0,35,SALT LAKE
2129,351224,1062.5,2664.396293257225,0.3987770147739898,916.25,157.0,164.0,595.25,1081.787444680184,156.75,0.25,13.75,150.25,91.25,61.0,33.0,410.0,0.0,0.0,91.53799327305936,73.99945140712465,60380.0,513,108,0,35,SALT LAKE
2130,351225,329.25,1044.4594754606649,0.31523482503213673,0.0,0.0,0.0,0.0,35.85985517878002,0.0,0.0,0.0,0.0,0.0,0.0,0.0,0.0,0.0,0.0,12.860025687376412,22.99982949140361,149201.0,0,0,0,35,SALT LAKE
2131,351226,19.0,60.79057421045731,0.31254845420972494,147.0,0.0,0.0,147.0,154.4837177410842,0.0,0.0,0.0,0.0,0.0,147.0,0.0,0.0,0.0,0.0,6.483725154501419,0.9999925865827656,149201.0,0,0,2351,35,SALT LAKE
2132,351227,267.5,818.0457341442168,0.32699883250395545,181.0,0.0,0.0,181.0,219.01797096800072,0.0,0.0,0.0,0.0,0.0,181.0,0.0,0.0,0.0,0.0,19.018111822928173,18.99985914507255,149709.0,0,0,0,35,SALT LAKE
2133,351228,0.0,0.0,0.0,0.0,0.0,0.0,0.0,0.0,0.0,0.0,0.0,0.0,0.0,0.0,0.0,0.0,0.0,0.0,0.0,0.0,90059.0,0,0,0,35,SALT LAKE
2134,351229,1030.25,2408.429305866276,0.427768420476612,1063.25,122.0,38.75,902.5,1226.2703810852604,102.75,19.25,0.0,38.75,156.25,109.75,3.0,633.5,0.0,0.0,91.52089254540752,71.49948853985268,90059.0,0,0,0,35,SALT LAKE
2135,351230,631.5,2565.222588605092,0.24617746732980195,64.0,0.0,0.0,64.0,135.16427422748248,0.0,0.0,0.0,0.0,0.0,64.0,0.0,0.0,0.0,0.0,27.16460041784081,43.999673809641685,149201.0,683,0,0,35,SALT LAKE
2136,351231,546.75,1615.814905723068,0.3383741529202768,3.0,0.0,1.0,2.0,62.72151639302391,0.0,0.0,1.0,0.0,0.0,1.0,1.0,0.0,0.0,0.0,21.72179810287882,37.99971829014509,149081.0,0,0,0,35,SALT LAKE
2137,351232,219.75000001028178,787.3295596909694,0.27910802700781956,0.0,0.0,0.0,0.0,23.83295486504084,0.0,0.0,0.0,0.0,0.0,0.0,0.0,0.0,0.0,0.0,8.83306606559753,14.999888799443307,138222.0,0,0,0,35,SALT LAKE
2138,351233,1251.5,4057.1531192260495,0.3084675296254874,5.25,0.75,0.75,3.75,410.3437789903724,0.5,0.25,0.0,0.75,0.25,0.25,0.0,3.25,0.0,0.0,318.0946324563436,86.99914653402878,148008.0,0,0,0,35,SALT LAKE
2139,351234,0.0,0.0,0.0,2670.25,296.0,255.75,2118.5,2774.5455245437697,188.75,107.25,16.75,239.0,1022.5,308.0,0.0,788.0,0.0,0.0,104.29552454376956,0.0,148008.0,0,0,0,35,SALT LAKE
2140,351235,0.0,0.0,0.0,1093.5,58.25,23.5,1011.75,1211.2372869033884,26.0,32.25,0.0,23.5,99.75,123.0,603.5,185.5,2.0182126120473414,0.0,115.71907429134092,0.0,148008.0,0,0,0,35,SALT LAKE
2141,351236,0.0,0.0,0.0,0.0,0.0,0.0,0.0,0.0,0.0,0.0,0.0,0.0,0.0,0.0,0.0,0.0,0.0,0.0,0.0,0.0,148008.0,0,0,0,35,SALT LAKE
2142,351237,2.0,3.590044428901398,0.5570961695903097,3306.5,140.5,222.5,2943.5,3493.206188172492,96.5,44.0,0.0,222.5,1578.75,303.5,35.0,1026.25,0.0,0.0,186.70618817249203,0.0,96451.0,0,0,0,35,SALT LAKE
2143,351238,0.0,0.0,0.0,1293.0,332.5,45.5,915.0,1343.4441489827425,227.0,105.5,2.0,43.5,165.5,67.0,17.0,665.5,0.0,0.0,50.44414898274218,0.0,60380.0,0,0,0,35,SALT LAKE
2144,351239,407.75,984.867730673951,0.41401498627736966,233.75,4.0,12.0,217.75,287.0565976636234,3.0,1.0,0.0,12.0,74.25,14.75,24.0,104.75,0.0,0.0,25.056797793067776,28.24979987055559,96451.0,0,0,0,35,SALT LAKE
2145,351240,268.25,644.8200995137636,0.416007503801879,0.0,0.0,0.0,0.0,30.22678344207088,0.0,0.0,0.0,0.0,0.0,0.0,0.0,0.0,0.0,0.0,11.226924296998336,18.99985914507255,96652.0,0,0,0,35,SALT LAKE
2146,351241,835.9999997950807,2106.070059184183,0.3969478584767107,172.24999995777827,2.9999999992646433,21.999999994607386,147.24999996390625,269.6302107055595,1.9999999995097624,0.9999999997548812,12.749999996874735,9.249999997732651,42.999999989459894,61.249999984986474,0.9999999997548812,41.99999998970501,0.0,0.0,39.38064074019755,57.999570007583614,120884.0,662,0,0,35,SALT LAKE
2147,351242,471.0,1147.3719498219416,0.410503324639489,0.0,0.0,0.0,0.0,51.64598566402502,0.0,0.0,0.0,0.0,0.0,0.0,0.0,0.0,0.0,0.0,18.64623030679375,32.999755357231265,130577.0,0,0,0,35,SALT LAKE
2148,351243,262.99999916813425,685.4481936550369,0.3836905569270394,0.0,0.0,0.0,0.0,28.27227439457019,0.0,0.0,0.0,0.0,0.0,0.0,0.0,0.0,0.0,0.0,10.272407893013762,17.999866501556426,148614.0,0,0,0,35,SALT LAKE
2149,351244,0.0,0.0,0.0,1206.25,35.0,0.0,1171.25,1326.372767845116,0.0,35.0,0.0,0.0,0.0,124.5,1046.75,0.0,0.0,0.0,120.12276784511604,0.0,148008.0,0,0,1,35,SALT LAKE
2150,351245,380.25,906.2655564798226,0.41957900449951174,629.5,61.5,48.0,520.0,695.1903430799011,51.5,10.0,0.0,48.0,82.5,38.0,87.5,312.0,0.0,0.0,39.44060282493791,26.249740254963243,96451.0,0,0,0,35,SALT LAKE
2151,351246,399.25,960.2440027452104,0.4157797381275979,22.0,8.0,0.0,14.0,66.45320795635729,7.0,1.0,0.0,0.0,0.0,0.0,0.0,14.0,0.0,0.0,16.45341553203985,27.999792424317437,95085.0,0,0,0,35,SALT LAKE
2152,351247,458.5,1106.0269214703628,0.4145468714183428,50.75,8.25,0.5,42.0,102.6402428834736,8.25,0.0,0.0,0.5,7.0,1.25,30.0,3.75,0.0,0.0,19.8904801128251,31.99976277064849,100700.0,0,0,0,35,SALT LAKE
2153,351248,0.0,0.0,0.0,466.25,90.0,40.5,335.75,484.4611059176603,88.0,2.0,0.0,40.5,8.5,294.75,0.25,32.25,0.0,0.0,18.211105917660305,0.0,96451.0,0,0,0,35,SALT LAKE
2154,351249,338.0,822.9009908140184,0.4107420014960104,2096.75,86.0,140.0,1870.75,2220.3399902214787,40.25,45.75,0.0,140.0,775.75,377.5,2.0,715.5,0.0,0.0,100.34003411962478,23.249956101853986,95085.0,0,0,0,35,SALT LAKE
2155,351250,718.75,2009.9420420137767,0.35759737593223273,0.0,0.0,0.0,0.0,79.57352683960451,0.0,0.0,0.0,0.0,0.0,0.0,0.0,0.0,0.0,0.0,29.573897510466225,49.99962932913828,95085.0,0,0,0,35,SALT LAKE
2156,351251,466.75,1512.1955955729802,0.3086571613926342,92.0,6.5,2.0,83.5,150.32369483581908,0.0,6.5,0.0,2.0,14.0,1.25,3.0,65.25,0.0,0.0,26.073924618932416,32.24977021688666,145738.0,0,0,0,35,SALT LAKE
2157,351252,0.0,0.0,0.0,74.0,4.5,46.0,23.5,76.89019033847529,3.5,1.0,0.0,46.0,1.0,5.75,0.0,16.75,0.0,0.0,2.8901903384752985,0.0,95085.0,0,0,0,35,SALT LAKE
2158,351253,656.5,1723.7394150757805,0.3808580312420009,2440.0,120.5,116.25,2203.25,2649.20687730385,89.5,31.0,0.0,116.25,472.75,306.5,24.0,1400.0,0.0,0.0,163.7073077016331,45.499569602217,95085.0,0,0,0,35,SALT LAKE
2159,351254,0.0,0.0,0.0,22.49999999064051,0.4999999997920114,12.499999994800284,9.499999996048215,23.379463794915914,0.2499999998960057,0.2499999998960057,0.0,12.499999994800284,0.0,3.249999998648074,0.0,6.249999997400142,0.0,0.0,0.8794638042754019,0.0,95085.0,0,0,0,35,SALT LAKE
2160,351255,0.0,0.0,0.0,0.0,0.0,0.0,0.0,0.0,0.0,0.0,0.0,0.0,0.0,0.0,0.0,0.0,0.0,0.0,0.0,0.0,95085.0,0,0,0,35,SALT LAKE
2161,351256,0.0,0.0,0.0,50.5,3.5,26.5,20.5,52.47332257525714,2.5,1.0,0.0,26.5,2.25,3.25,0.0,15.0,0.0,0.0,1.9733225752571435,0.0,95085.0,0,0,0,35,SALT LAKE
2162,351257,192.25,583.8084385836395,0.3293032222460026,0.0,0.0,0.0,0.0,20.759874002028013,0.0,0.0,0.0,0.0,0.0,0.0,0.0,0.0,0.0,0.0,7.5100373726407215,13.249836629387293,141675.0,0,0,0,35,SALT LAKE
2163,351258,90.25,277.172008084743,0.3256100809877122,0.0,0.0,0.0,0.0,14.53156267171556,0.0,0.0,0.0,0.0,0.0,0.0,0.0,0.0,1.009106306023671,0.0,7.272441263867413,6.2500151018244745,141675.0,0,0,0,35,SALT LAKE
2164,351259,77.5,234.21447463030304,0.33089329821451147,81.5,0.0,0.0,81.5,92.71080567956383,0.0,0.0,0.0,0.0,0.0,80.5,0.0,1.0,0.0,0.0,6.21084274665,4.999962932913828,141675.0,358,171,0,35,SALT LAKE
2165,351260,113.0,344.6651396449264,0.32785445060214813,269.0,4.5,38.5,226.0,291.9212306717566,3.5,1.0,2.0,36.5,6.5,179.0,2.0,38.5,0.0,0.0,14.92128997909449,7.999940692662124,141675.0,796,0,0,35,SALT LAKE
2166,351261,146.5,504.8993430550188,0.2901568441613835,120.25,34.75,15.75,69.75,143.17094896964937,33.75,1.0,6.0,9.75,2.25,42.5,7.0,18.0,0.0,0.0,12.92102310382172,9.999925865827656,96281.0,500,0,0,35,SALT LAKE
2167,351262,656.25,1901.3299807151277,0.3451531331521798,797.75,99.0,21.75,677.0,918.0490494594204,13.75,85.25,0.0,21.75,142.25,67.5,68.0,399.25,1.009106306023671,0.0,73.29035861301637,45.9995845403804,96281.0,0,0,0,35,SALT LAKE
2168,351263,21.25,65.0822459168043,0.32650993678313167,231.25,13.75,84.25,133.25,242.60979584450007,9.25,4.5,13.0,71.25,26.25,56.25,0.0,50.75,0.0,0.0,9.8598106717781,1.4999851727219855,96281.0,0,0,0,35,SALT LAKE
2169,351264,222.0,719.6256673863027,0.30849372119578394,0.0,0.0,0.0,0.0,23.670894728255437,0.0,0.0,0.0,0.0,0.0,0.0,0.0,0.0,0.0,0.0,8.671005929513948,14.999888798741484,90059.0,0,0,0,35,SALT LAKE
2170,351265,0.0,0.0,0.0,960.0,70.0,478.75,411.25,998.507717544352,65.75,4.25,25.25,453.5,77.75,65.0,72.75,195.75,1.009106306023671,0.0,37.49861123832821,0.0,90059.0,0,0,0,35,SALT LAKE
2171,351266,152.75,464.136152514263,0.3291060159234331,0.0,0.0,0.0,0.0,19.465088433830523,0.0,0.0,0.0,0.0,0.0,0.0,0.0,0.0,0.0,0.0,8.715102985231443,10.749985448599082,141675.0,0,0,0,35,SALT LAKE
2172,351267,174.0,699.1076498618331,0.2488887083904577,0.0,0.0,0.0,0.0,18.79610487563925,0.0,0.0,0.0,0.0,0.0,0.0,0.0,0.0,0.0,0.0,6.796193836646067,11.999911038993186,114950.0,0,0,0,35,SALT LAKE
2173,351268,176.0,705.6501035803611,0.24941539596891266,0.0,0.0,0.0,0.0,18.87422204617541,0.0,0.0,0.0,0.0,0.0,0.0,0.0,0.0,0.0,0.0,6.874311007182228,11.999911038993186,114950.0,0,0,0,35,SALT LAKE
2174,351269,103.5,352.8831837590385,0.2932981926128664,0.0,0.0,0.0,0.0,11.292423162695885,0.0,0.0,0.0,0.0,0.0,0.0,0.0,0.0,0.0,0.0,4.042482502411138,7.249940660284744,96281.0,0,0,0,35,SALT LAKE
2175,351270,109.0,308.8677907804371,0.35290180217426476,7.0,0.0,0.0,7.0,22.0307365837595,0.0,0.0,0.0,0.0,0.0,0.0,0.0,7.0,0.0,0.0,7.030795891097378,7.999940692662124,96281.0,0,0,0,35,SALT LAKE
2176,351271,5.0,12.267925949644749,0.40756685527147224,0.0,0.0,0.0,0.0,4.231718150435087,0.0,0.0,0.0,0.0,0.0,0.0,0.0,0.0,4.036425224094683,0.0,0.1952929263404041,0.0,96281.0,0,0,0,35,SALT LAKE
2177,351272,316.5,914.4988861116916,0.34609118152752405,36.25,3.75,7.25,25.25,74.5337958222595,2.25,1.5,0.0,7.25,2.25,3.75,0.0,19.25,0.0,0.0,16.034286484964735,22.249509337294768,96281.0,0,0,0,35,SALT LAKE
2178,351273,482.75,1413.730713553863,0.34147238605749314,1688.0,118.5,718.25,851.25,1895.2131202144328,77.75,40.75,116.0,602.25,157.75,110.25,0.0,583.25,0.0,6.439651911629372,167.27338534566832,33.500082957134715,96281.0,0,0,542,35,SALT LAKE
2179,351274,12.0,32.21186747694259,0.37253350829751364,1202.75,156.5,137.5,908.75,1250.9450636516228,69.5,87.0,0.0,137.5,237.5,164.5,16.75,490.0,0.0,0.0,47.4449891768186,0.7500744748042025,96281.0,0,0,0,35,SALT LAKE
2180,351275,187.5,751.8997729577609,0.24936834235556166,0.0,0.0,0.0,0.0,27.26239463886106,0.0,0.0,0.0,0.0,0.0,0.0,0.0,0.0,0.0,6.439651911629372,7.822839101655738,12.999903625575952,114950.0,0,0,0,35,SALT LAKE
2181,351276,322.25,922.5358639347012,0.34930891317934654,109.25,4.25,24.0,81.0,149.85343700656202,2.25,2.0,1.0,23.0,9.25,11.75,0.0,60.0,0.0,0.0,18.353607547535788,22.249829459026227,96281.0,0,0,0,35,SALT LAKE
2182,351277,1243.25,3561.026227855705,0.34912688659095636,301.25,8.25,10.0,283.0,447.847430066586,5.0,3.25,0.0,10.0,13.0,243.0,0.0,27.0,0.0,0.0,60.34802286674893,86.24940719983707,96281.0,348,0,0,35,SALT LAKE
2183,351278,1072.0,3069.7711454086,0.34921169990257106,91.0,0.0,3.0,88.0,211.42457866048545,0.0,0.0,0.0,3.0,0.0,88.0,0.0,0.0,0.0,0.0,45.42513466677802,74.99944399370742,96281.0,716,256,0,35,SALT LAKE
2184,351279,62.5,175.60708483762963,0.3559081916187433,375.5,15.0,212.75,147.75,396.8607488581517,12.75,2.25,0.0,212.75,10.25,29.5,0.0,108.0,0.0,0.0,17.11084550800929,4.249903350142401,96281.0,0,0,0,35,SALT LAKE
2185,351280,0.0,0.0,0.0,1368.4999926822854,60.249999677828065,559.9999970055388,748.2499959989186,1807.7666612781572,41.99999977541541,18.24999990241265,196.99999894659135,362.9999980589475,197.24999894525453,140.49999924871108,0.0,410.499997804953,0.0,386.37911260756067,52.887555988311206,0.0,96281.0,0,0,0,35,SALT LAKE
2186,351281,364.4999998678691,1044.2790574999588,0.3490446325146988,1619.7499994128423,98.74999996420323,224.24999991870962,1296.7499995299295,1777.2326918967085,56.74999997942819,41.999999984775044,2.4999999990937525,221.74999991961587,271.7499999014909,481.49999982545677,0.9999999996375011,542.4999998033443,1.009106305657871,0.0,131.2235853619479,25.250000816260467,96691.0,0,0,0,35,SALT LAKE
2187,351282,26.8,52.0,0.5153846153846154,0.0,0.0,0.0,0.0,0.0,0.0,0.0,0.0,0.0,0.0,0.0,0.0,0.0,0.0,0.0,0.0,0.0,120184.0,0,0,0,35,SALT LAKE
2188,351283,397.0,1017.5,0.39017199017199017,0.0,0.0,0.0,0.0,0.0,0.0,0.0,0.0,0.0,0.0,0.0,0.0,0.0,0.0,0.0,0.0,0.0,120184.0,0,0,0,35,SALT LAKE
2189,351284,178.8,458.6,0.38988225032708246,10.0,0.0,0.0,10.0,10.0,0.0,0.0,0.0,0.0,0.0,10.0,0.0,0.0,0.0,0.0,0.0,0.0,120184.0,0,0,0,35,SALT LAKE
2190,351285,7.000000014486569,12.900000026696677,0.5426356589147286,55.00000011382304,53.90000011154658,0.0,1.1000000022764609,55.00000011382304,0.0,53.90000011154658,0.0,0.0,0.0,1.1000000022764609,0.0,0.0,0.0,0.0,0.0,0.0,133856.0,0,0,0,35,SALT LAKE
2191,351286,0.0,0.0,0.0,0.0,0.0,0.0,0.0,0.0,0.0,0.0,0.0,0.0,0.0,0.0,0.0,0.0,0.0,0.0,0.0,0.0,109943.0,0,0,0,35,SALT LAKE
2192,351287,62.80000012258283,93.90000018328867,0.6687965921192758,51.00000009954975,51.00000009954975,0.0,0.0,51.00000009954975,0.0,51.00000009954975,0.0,0.0,0.0,0.0,0.0,0.0,0.0,0.0,0.0,0.0,136616.0,0,0,0,35,SALT LAKE
2193,351288,13.000000000420119,24.000000000775604,0.5416666666666666,0.0,0.0,0.0,0.0,0.0,0.0,0.0,0.0,0.0,0.0,0.0,0.0,0.0,0.0,0.0,0.0,0.0,136616.0,0,0,0,35,SALT LAKE
2194,351289,21.000000069212867,39.90000013150444,0.5263157894736843,104.40000034408682,72.10000023763082,0.0,32.300000106455975,104.40000034408682,29.20000009623884,42.90000014139199,0.0,0.0,0.0,0.0,0.0,32.300000106455975,0.0,0.0,0.0,0.0,136616.0,0,0,0,35,SALT LAKE
2195,351290,73.4999999981183,135.79999999652335,0.5412371134020618,63.99999999836152,21.699999999444454,0.0,42.29999999891706,63.99999999836152,8.899999999772149,12.799999999672304,0.0,0.0,0.0,9.499999999756788,0.0,32.79999999916028,0.0,0.0,0.0,0.0,136616.0,0,0,0,35,SALT LAKE
2196,351291,181.9,259.8,0.7001539645881447,194.3,107.2,0.0,87.1,194.3,0.0,107.2,0.0,0.0,0.0,38.1,0.0,49.0,0.0,0.0,0.0,0.0,154242.0,13,0,0,35,SALT LAKE
2197,351292,29.000004529887008,42.900006701108715,0.675990675990676,674.0001052808223,505.1000788981355,0.0,168.90002638268675,674.0001052808223,30.80000481105241,474.30007408708303,0.0,0.0,0.0,33.00000515469901,0.0,135.90002122798774,0.0,0.0,0.0,0.0,154321.0,0,0,0,35,SALT LAKE
2198,351293,0.0,0.0,0.0,0.0,0.0,0.0,0.0,0.0,0.0,0.0,0.0,0.0,0.0,0.0,0.0,0.0,0.0,0.0,0.0,0.0,137723.0,0,0,0,35,SALT LAKE
2199,351294,17.999999999531887,50.99999999867368,0.35294117647058826,91.89999999761002,0.0,0.0,91.89999999761002,91.89999999761002,0.0,0.0,0.0,0.0,9.699999999747739,0.0,0.0,82.19999999786228,0.0,0.0,0.0,0.0,143773.0,0,0,0,35,SALT LAKE
2200,351295,1.0,2.135585594519476,0.46825564031068867,162.0,0.0,0.0,162.0,168.36654939869717,0.0,0.0,0.0,0.0,0.0,162.0,0.0,0.0,0.0,0.0,6.3665493986971775,0.0,31535.0,0,0,0,35,SALT LAKE
2201,351296,0.0,0.0,0.0,0.0,0.0,0.0,0.0,0.0,0.0,0.0,0.0,0.0,0.0,0.0,0.0,0.0,0.0,0.0,0.0,0.0,120184.0,0,0,0,35,SALT LAKE
2202,351297,0.0,0.0,0.0,5.000000001661408,0.0,0.0,5.000000001661408,5.000000001661408,0.0,0.0,0.0,0.0,0.0,5.000000001661408,0.0,0.0,0.0,0.0,0.0,0.0,116535.0,0,0,0,35,SALT LAKE
2203,351298,0.0,0.0,0.0,0.0,0.0,0.0,0.0,0.0,0.0,0.0,0.0,0.0,0.0,0.0,0.0,0.0,0.0,0.0,0.0,0.0,120184.0,0,0,0,35,SALT LAKE
2204,351299,0.0,0.0,0.0,0.0,0.0,0.0,0.0,0.0,0.0,0.0,0.0,0.0,0.0,0.0,0.0,0.0,0.0,0.0,0.0,0.0,120184.0,0,0,0,35,SALT LAKE
2205,351300,0.0,0.0,0.0,0.0,0.0,0.0,0.0,10.0,0.0,0.0,0.0,0.0,0.0,0.0,0.0,0.0,0.0,0.0,10.0,0.0,120184.0,0,0,0,35,SALT LAKE
2206,351301,4.0,15.9,0.25157232704402516,15.0,4.5,0.0,10.5,15.0,0.0,4.5,0.0,0.0,0.0,0.0,0.0,10.5,0.0,0.0,0.0,0.0,110139.0,0,0,0,35,SALT LAKE
2207,351302,27.8,58.1,0.4784853700516351,0.0,0.0,0.0,0.0,0.0,0.0,0.0,0.0,0.0,0.0,0.0,0.0,0.0,0.0,0.0,0.0,0.0,109943.0,0,0,0,35,SALT LAKE
2208,351303,0.0,0.0,0.0,0.0,0.0,0.0,0.0,0.0,0.0,0.0,0.0,0.0,0.0,0.0,0.0,0.0,0.0,0.0,0.0,0.0,109943.0,0,0,0,35,SALT LAKE
2209,351304,0.0,0.0,0.0,0.0,0.0,0.0,0.0,0.0,0.0,0.0,0.0,0.0,0.0,0.0,0.0,0.0,0.0,0.0,0.0,0.0,109943.0,0,0,0,35,SALT LAKE
2210,351305,0.0,0.0,0.0,0.0,0.0,0.0,0.0,0.0,0.0,0.0,0.0,0.0,0.0,0.0,0.0,0.0,0.0,0.0,0.0,0.0,133856.0,0,0,0,35,SALT LAKE
2211,351306,1.0000000000684826,2.1357509082145327,0.468219395914701,0.0,0.0,0.0,0.0,0.03905858527075563,0.0,0.0,0.0,0.0,0.0,0.0,0.0,0.0,0.0,0.0,0.03905858527075563,0.0,140499.0,0,0,0,35,SALT LAKE
2212,351307,2.00000005619689,3.589940710567784,0.5571122805202458,0.0,0.0,0.0,0.0,0.07811717273113261,0.0,0.0,0.0,0.0,0.0,0.0,0.0,0.0,0.0,0.0,0.07811717273113261,0.0,136616.0,0,0,0,35,SALT LAKE
2213,351308,0.0,0.0,0.0,0.0,0.0,0.0,0.0,0.0,0.0,0.0,0.0,0.0,0.0,0.0,0.0,0.0,0.0,0.0,0.0,0.0,136616.0,0,0,0,35,SALT LAKE
2214,351309,0.0,0.0,0.0,0.0,0.0,0.0,0.0,0.0,0.0,0.0,0.0,0.0,0.0,0.0,0.0,0.0,0.0,0.0,0.0,0.0,136616.0,0,0,0,35,SALT LAKE
2215,351310,0.0,0.0,0.0,0.0,0.0,0.0,0.0,0.0,0.0,0.0,0.0,0.0,0.0,0.0,0.0,0.0,0.0,0.0,0.0,0.0,154321.0,0,0,0,35,SALT LAKE
2216,351311,0.0,0.0,0.0,0.0,0.0,0.0,0.0,0.0,0.0,0.0,0.0,0.0,0.0,0.0,0.0,0.0,0.0,0.0,0.0,0.0,155809.0,0,0,0,35,SALT LAKE
154,570001,0.0,0.0,0.0,0.0,0.0,0.0,0.0,9.042205032023205,0.0,0.0,0.0,0.0,0.0,0.0,0.0,0.0,9.042205032023205,0.0,0.0,0.0,77375.0,0,0,0,57,WEBER
155,570002,17.25,49.63385578008356,0.34754503209323223,0.0,0.0,0.0,0.0,12.920530287781286,0.0,0.0,0.0,0.0,0.0,0.0,0.0,0.0,6.0281366880154685,0.0,5.8909170491648135,1.0014765506010057,77375.0,0,0,0,57,WEBER
156,570003,6.0,18.00362800566407,0.33326616158211875,9.0,6.75,0.5,1.75,28.09339008317943,6.75,0.0,0.5,0.0,0.0,0.0,0.25,1.5,6.0281366880154685,0.0,13.065253395163962,0.0,77375.0,0,0,0,57,WEBER
157,570004,60.75,169.90875408699,0.3575448500369626,0.0,0.0,0.0,0.0,81.604823387624,0.0,0.0,0.0,0.0,0.0,0.0,0.0,0.0,71.33295080818306,0.0,7.517840383917727,2.754032195523207,77375.0,0,0,0,57,WEBER
158,570005,142.0,366.44425434997714,0.3875077813728828,0.0,0.0,0.0,0.0,67.8599260862804,0.0,0.0,0.0,0.0,0.0,0.0,0.0,0.0,9.042205032023205,0.0,52.55789523494062,6.259825819316573,77375.0,0,0,0,57,WEBER
159,570006,0.0,0.0,0.0,328.0,42.75,281.5,3.75,423.9345165245375,14.0,28.75,281.0,0.5,0.0,0.0,0.0,3.75,10.04689448002578,58.400000000000006,27.487622044511745,0.0,77375.0,0,0,0,57,WEBER
160,570007,3.0,6.849854796417812,0.4379654881982133,0.0,0.0,0.0,0.0,789.5463724223147,0.0,0.0,0.0,0.0,0.0,0.0,0.0,0.0,789.4343970757004,0.0,0.1119753466142998,0.0,77375.0,0,0,0,57,WEBER
161,570008,31.5,76.33721598124765,0.412642766638726,5.0,0.0,5.0,0.0,8.866324954080525,0.0,0.0,5.0,0.0,0.0,0.0,0.0,0.0,1.004689448002578,0.0,1.3597050032334894,1.5019305028444567,83325.0,0,0,0,57,WEBER
162,570009,70.75,189.64436050195317,0.3730667224310703,0.0,0.0,0.0,0.0,92.80413696706653,0.0,0.0,0.0,0.0,0.0,0.0,0.0,0.0,87.15647292189834,0.0,2.6433480812000187,3.004315963968156,77375.0,0,0,0,57,WEBER
163,570010,8.0,21.58868093292311,0.37056455764279056,0.0,0.0,0.0,0.0,1.303290372307378,0.0,0.0,0.0,0.0,0.0,0.0,0.0,0.0,1.004689448002578,0.0,0.2986009243047997,0.0,83325.0,0,0,0,57,WEBER
164,570011,44.25,131.62713793747173,0.3361768757824132,0.0,0.0,0.0,0.0,99.66353881773456,0.0,0.0,0.0,0.0,0.0,0.0,0.0,0.0,7.534834393057027,0.0,90.12700220035016,2.001702224327359,83325.0,0,0,0,57,WEBER
165,570012,0.0,0.0,0.0,456.0,3.0,435.0,18.0,475.02963158137874,0.0,3.0,435.0,0.0,0.0,0.0,0.0,18.0,2.009378896005156,0.0,17.020252685373585,0.0,77375.0,0,0,0,57,WEBER
166,570013,41.0,117.32693974556544,0.3494508600404338,0.0,0.0,0.0,0.0,48.22209447977362,0.0,0.0,0.0,0.0,0.0,0.0,0.0,0.0,39.182888472100544,0.0,7.286423090269562,1.7527829174035086,77375.0,0,0,0,57,WEBER
167,570014,15.0,38.55424868683779,0.3890621789012042,0.0,0.0,0.0,0.0,6.080925362974416,0.0,0.0,0.0,0.0,0.0,0.0,0.0,0.0,4.018757792010312,0.0,1.0606910203630973,1.0014765506010057,83325.0,0,0,0,57,WEBER
168,570015,54.0,135.98323585019358,0.39710777333971736,0.0,0.0,0.0,0.0,11.025696708349706,0.0,0.0,0.0,0.0,0.0,0.0,0.0,0.0,1.004689448002578,0.0,7.767770390700168,2.25323686964696,83325.0,0,0,0,57,WEBER
169,570016,20.0,49.89509805243085,0.4008409799893281,0.0,0.0,0.0,0.0,4.762047205370739,0.0,0.0,0.0,0.0,0.0,0.0,0.0,0.0,3.0140683440077343,0.0,0.7465023107619994,1.0014765506010057,83325.0,0,0,0,57,WEBER
170,570017,30.75,81.93254179262584,0.37530875189774215,10.75,10.75,0.0,0.0,60.44756479910682,0.0,10.75,0.0,0.0,0.0,0.0,0.0,0.0,31.145372888079923,0.0,17.300431591980946,1.2517603190459543,77375.0,0,0,0,57,WEBER
171,570018,88.75,248.6481654251868,0.35693004148346746,0.0,0.0,0.0,0.0,21.596222032699828,0.0,0.0,0.0,0.0,0.0,0.0,0.0,0.0,4.018757792010312,0.0,13.82150053628606,3.755963704403455,77375.0,0,0,0,57,WEBER
172,570019,85.0,212.96228330123463,0.39913170859352454,79.0,0.0,0.0,79.0,93.1385078067802,0.0,0.0,0.0,0.0,0.0,79.0,0.0,0.0,2.5113871530441365,0.0,7.621214451332039,4.005906202404022,83325.0,538,0,0,57,WEBER
173,570020,126.25,352.50817244188715,0.35814772498873904,0.0,0.0,0.0,0.0,47.74597017354938,0.0,0.0,0.0,0.0,0.0,0.0,0.0,0.0,7.032826136018047,0.0,35.45547741289295,5.257666624638389,83325.0,0,0,0,57,WEBER
174,570021,173.0,495.88369786099736,0.3488721261582875,0.0,0.0,0.0,0.0,19.87896400906826,0.0,0.0,0.0,0.0,0.0,0.0,0.0,0.0,6.0281366880154685,0.0,6.3427666445843,7.50806067646849,83325.0,0,0,0,57,WEBER
175,570022,736.25,2174.7709518715565,0.33854139874656713,20.0,8.75,3.5,7.75,768.1043230034047,8.75,0.0,1.0,2.5,0.5,2.25,1.0,4.0,2.009378896005156,0.0,714.2972996419501,31.7976444654495,83325.0,0,0,0,57,WEBER
176,570023,28.25,71.9570946655043,0.3925950614226625,0.0,0.0,0.0,0.0,10.313405565693213,0.0,0.0,0.0,0.0,0.0,0.0,0.0,0.0,2.009378896005156,0.0,7.302550119087051,1.0014765506010057,82362.0,0,0,0,57,WEBER
177,570024,27.0,73.20162606390534,0.36884426551438737,0.0,0.0,0.0,0.0,10.018633566134865,0.0,0.0,0.0,0.0,0.0,0.0,0.0,0.0,2.009378896005156,0.0,7.007778119528701,1.0014765506010057,77375.0,0,0,0,57,WEBER
178,570025,52.0,146.43344542100263,0.35511013109401135,13.0,0.0,0.0,13.0,65.23473772542931,0.0,0.0,0.0,0.0,0.0,9.0,0.0,4.0,10.800747807627022,0.0,39.18075304815534,2.25323686964696,77375.0,0,0,0,57,WEBER
179,570026,6.0,18.456371255054247,0.32509098983132506,0.0,0.0,0.0,0.0,7.256776829246647,0.0,0.0,0.0,0.0,0.0,0.0,0.0,0.0,7.032826136018047,0.0,0.2239506932285997,0.0,77375.0,0,0,0,57,WEBER
180,570027,29.0,77.01333929632834,0.3765581425889761,0.0,0.0,0.0,0.0,12.130799381231686,0.0,0.0,0.0,0.0,0.0,0.0,0.0,0.0,10.04689448002578,0.0,1.082428350604899,1.0014765506010057,84402.0,0,0,0,57,WEBER
181,570028,39.0,102.4138443536412,0.38080789024314565,0.0,0.0,0.0,0.0,5.468011503193066,0.0,0.0,0.0,0.0,0.0,0.0,0.0,0.0,2.009378896005156,0.0,1.455679505985899,2.002953101202011,87610.0,0,0,0,57,WEBER
182,570029,49.0,133.46643362680382,0.36713350816740054,9.0,0.0,2.75,6.25,76.9288945945742,0.0,0.0,1.0,1.75,1.0,2.0,1.0,2.25,4.018757792010312,0.0,61.65701351756337,2.2531232850005134,88528.0,0,0,0,57,WEBER
183,570030,20.0,51.7069221768206,0.3867954068433353,10.0,0.0,0.0,10.0,27.16343504876721,0.0,0.0,0.0,0.0,0.0,5.0,1.0,4.0,9.042205032023205,0.0,7.119753466142999,1.0014765506010057,88528.0,0,0,0,57,WEBER
184,570031,91.0,236.8518420133748,0.384206427218165,0.0,0.0,0.0,0.0,21.94469674839432,0.0,0.0,0.0,0.0,0.0,0.0,0.0,0.0,9.042205032023205,0.0,8.896585513967098,4.005906202404022,88528.0,0,0,0,57,WEBER
185,570032,45.0,116.56705291339506,0.3860439024175494,0.0,0.0,0.0,0.0,7.701341092426822,0.0,0.0,0.0,0.0,0.0,0.0,0.0,0.0,4.018757792010312,0.0,1.6796301992144986,2.002953101202011,88528.0,0,0,0,57,WEBER
186,570033,9.0,26.21232918170261,0.343349876983935,0.0,0.0,0.0,0.0,1.340615487845478,0.0,0.0,0.0,0.0,0.0,0.0,0.0,0.0,1.004689448002578,0.0,0.3359260398428997,0.0,60702.0,0,0,0,57,WEBER
187,570034,14.0,39.36553774145648,0.355641020121424,5.0,4.5,0.0,0.5,7.715343193827483,0.0,4.5,0.0,0.0,0.5,0.0,0.0,0.0,1.004689448002578,0.0,0.7091771952238994,1.0014765506010057,77375.0,0,0,0,57,WEBER
188,570035,4.0,10.568020703247637,0.37850039400195046,0.0,0.0,0.0,0.0,20.24308942220396,0.0,0.0,0.0,0.0,0.0,0.0,0.0,0.0,20.09378896005156,0.0,0.1493004621523998,0.0,77375.0,0,0,0,57,WEBER
189,570036,66.75,172.96709325667672,0.38591155544798045,0.0,0.0,0.0,0.0,11.515738588153145,0.0,0.0,0.0,0.0,0.0,0.0,0.0,0.0,4.018757792010312,0.0,4.492551144339816,3.004429651803016,88528.0,0,0,0,57,WEBER
190,570037,69.0,181.3330957121644,0.3805152045136086,4.0,0.0,4.0,0.0,20.247920878094625,0.0,0.0,4.0,0.0,0.0,0.0,0.0,0.0,4.018757792010312,0.0,9.224733434281298,3.004429651803016,88528.0,0,0,0,57,WEBER
191,570038,140.0,366.4780155487186,0.3820147295612846,0.0,0.0,0.0,0.0,17.498443822947763,0.0,0.0,0.0,0.0,0.0,0.0,0.0,0.0,3.0140683440077343,0.0,8.475516175333995,6.008859303606032,88528.0,0,0,0,57,WEBER
192,570039,53.25,156.5046313440293,0.34024552208263775,0.0,0.0,0.0,0.0,14.238223448325162,0.0,0.0,0.0,0.0,0.0,0.0,0.0,0.0,4.018757792010312,0.0,7.96668322844209,2.25278242787276,88528.0,0,0,0,57,WEBER
193,570040,200.75,526.4256931644553,0.38134536859941165,0.0,0.0,0.0,0.0,19.51301265741116,0.0,0.0,0.0,0.0,0.0,0.0,0.0,0.0,1.004689448002578,0.0,9.745431710279345,8.762891499129239,88528.0,0,0,0,57,WEBER
194,570041,0.0,0.0,0.0,0.0,0.0,0.0,0.0,72.33764025618564,0.0,0.0,0.0,0.0,0.0,0.0,0.0,0.0,72.33764025618564,0.0,0.0,0.0,77375.0,0,0,0,57,WEBER
195,570042,72.0,237.781907381662,0.3027984794672932,0.0,0.0,0.0,0.0,14.20121686655137,0.0,0.0,0.0,0.0,0.0,0.0,0.0,0.0,2.009378896005156,0.0,9.1874083187432,3.004429651803016,95539.0,0,0,0,57,WEBER
196,570043,89.5,296.72653633622804,0.3016245230544038,0.0,0.0,0.0,0.0,10.105935187527304,0.0,0.0,0.0,0.0,0.0,0.0,0.0,0.0,2.009378896005156,0.0,4.0906500891181246,4.005906202404022,95539.0,0,0,0,57,WEBER
197,570044,141.5,462.193390989701,0.3061489038105978,0.0,0.0,0.0,0.0,13.302483613576708,0.0,0.0,0.0,0.0,0.0,0.0,0.0,0.0,2.009378896005156,0.0,5.28424541396552,6.008859303606032,95539.0,0,0,0,57,WEBER
198,570045,27.0,85.88338394605373,0.3143797875612309,0.0,0.0,0.0,0.0,6.0269891810157095,0.0,0.0,0.0,0.0,0.0,0.0,0.0,0.0,4.018757792010312,0.0,1.0067548384043912,1.0014765506010057,95539.0,0,0,0,57,WEBER
199,570046,139.0,376.5986383674913,0.36909320915908744,0.0,0.0,0.0,0.0,89.73249613496338,0.0,0.0,0.0,0.0,0.0,0.0,0.0,0.0,3.0140683440077343,0.0,80.45814701335983,6.260280777595817,77375.0,0,0,0,57,WEBER
200,570047,225.0,656.4634250621506,0.34274567540255296,0.0,0.0,0.0,0.0,75.2126283899794,0.0,0.0,0.0,0.0,0.0,0.0,0.0,0.0,5.02344724001289,0.0,60.423448122210125,9.765733027756388,77375.0,0,0,0,57,WEBER
201,570048,29.0,95.80339955075976,0.3027032457719296,0.0,0.0,0.0,0.0,6.349153796903045,0.0,0.0,0.0,0.0,0.0,0.0,0.0,0.0,4.018757792010312,0.0,1.078749270493225,1.2516467343995077,113700.0,0,0,0,57,WEBER
202,570049,55.0,142.87393460891565,0.3849547515475778,0.0,0.0,0.0,0.0,39.83762891560944,0.0,0.0,0.0,0.0,0.0,0.0,0.0,0.0,3.5164126172830192,0.0,34.06741036924873,2.2538059290776915,117003.0,0,0,0,57,WEBER
203,570050,86.0,225.50605518991568,0.38136448233096404,9.0,0.0,1.0,8.0,25.820823896264727,0.0,0.0,0.0,1.0,6.75,0.0,0.0,1.25,4.018757792010312,0.0,9.04678504392814,3.755281060326277,64761.0,0,0,0,57,WEBER
204,570051,93.0,287.5445721528119,0.32342811865207577,0.0,0.0,0.0,0.0,10.991126496757976,0.0,0.0,0.0,0.0,0.0,0.0,0.0,0.0,3.0140683440077343,0.0,3.97115195034622,4.005906202404022,117003.0,0,0,0,57,WEBER
205,570052,251.0,775.0730553977706,0.32384044091325787,0.0,0.0,0.0,0.0,21.38742190667045,0.0,0.0,0.0,0.0,0.0,0.0,0.0,0.0,1.004689448002578,0.0,9.366490402056815,11.01624205661106,117003.0,0,0,0,57,WEBER
206,570053,108.0,331.9873552904875,0.3253135948671914,1.75,0.0,1.75,0.0,12.109928634074372,0.0,0.0,0.0,1.75,0.0,0.0,0.0,0.0,1.004689448002578,0.0,4.347856433066768,5.007382753005028,117003.0,0,0,0,57,WEBER
207,570054,59.25,155.72663734926903,0.38047440700277935,0.0,0.0,0.0,0.0,28.4986258929778,0.0,0.0,0.0,0.0,0.0,0.0,0.0,0.0,4.018757792010312,0.0,21.97577840344485,2.5040896975226405,77375.0,0,0,0,57,WEBER
208,570055,80.25,248.5226857008642,0.3229081472932149,0.0,0.0,0.0,0.0,7.757555721559674,0.0,0.0,0.0,0.0,0.0,0.0,0.0,0.0,1.004689448002578,0.0,3.4978114796763355,3.255054793880761,117003.0,0,0,0,57,WEBER
209,570056,164.75,489.2666573225945,0.3367284435476527,0.0,0.0,0.0,0.0,41.39401374321879,0.0,0.0,0.0,0.0,0.0,0.0,0.0,0.0,3.0140683440077343,0.0,31.369380826195997,7.01056457301506,117003.0,0,0,0,57,WEBER
210,570057,100.25,224.81196564655227,0.44592822144356997,0.0,0.0,0.0,0.0,78.99517450024611,0.0,0.0,0.0,0.0,0.0,0.0,0.0,0.0,4.018757792010312,0.0,70.46994234924841,4.506474358987376,77375.0,0,0,0,57,WEBER
211,570058,13.5,39.31295520019846,0.34339824954018844,12.0,12.0,0.0,0.0,15.4602687778374,0.0,12.0,0.0,0.0,0.0,0.0,0.0,0.0,2.009378896005156,0.0,0.9504359295887947,0.5004539522434512,64761.0,0,0,0,57,WEBER
212,570059,123.0,321.8493359090752,0.3821663936406207,38.5,1.0,11.0,26.5,50.53995513291505,1.0,0.0,1.25,9.75,2.0,8.0,2.25,14.25,1.004689448002578,0.0,6.027882931907443,5.007382753005028,64761.0,0,0,0,57,WEBER
213,570060,257.5,965.4705078818412,0.26670933798374924,482.5,192.0,50.0,240.5,524.6397336544899,130.0,62.0,16.75,33.25,20.5,126.75,11.25,82.0,1.004689448002578,0.0,30.11880214987618,11.01624205661106,72451.0,696,0,0,57,WEBER
214,570061,354.0,1334.6481679324747,0.26523844149007986,0.0,0.0,0.0,0.0,30.24297272198501,0.0,0.0,0.0,0.0,0.0,0.0,0.0,0.0,2.009378896005156,0.0,13.211445566964777,15.02214825901508,74830.0,0,0,0,57,WEBER
215,570062,137.24999992470467,360.7867745414513,0.38041860070714933,48.999999973118605,0.9999999994514002,10.249999994376852,37.74999997929036,66.46970131713888,0.9999999994514002,0.0,4.999999997257001,5.2499999971198505,4.499999997531301,9.249999994925451,4.999999997257001,18.999999989576605,2.0093788949028113,0.0,9.451463148807893,6.008859300309573,64761.0,0,0,0,57,WEBER
216,570063,81.0,212.13165331867447,0.38183834770908925,3.75,0.0,1.5,2.25,10.16775160216002,0.0,0.0,0.0,1.5,0.0,0.0,0.25,2.0,0.0,0.0,3.1629244940771937,3.254827108082825,64761.0,0,0,0,57,WEBER
217,570064,154.5,561.9372740008808,0.2749417188505595,26.5,15.5,1.0,10.0,40.496840564771006,15.5,0.0,0.0,1.0,0.0,0.0,0.0,10.0,0.5023451747272936,0.0,6.735125948358807,6.75936944168491,74417.0,0,0,0,57,WEBER
218,570065,254.25,958.5960759708562,0.2652316302698175,0.0,0.0,0.0,0.0,20.504096754634688,0.0,0.0,0.0,0.0,0.0,0.0,0.0,0.0,0.0,0.0,9.487854698023629,11.01624205661106,76308.0,0,0,0,57,WEBER
219,570066,126.25,332.3485984944392,0.37987222022876194,181.0,0.0,0.0,181.0,198.22544038531285,0.0,0.0,0.0,0.0,0.0,179.0,0.0,2.0,0.0,0.0,11.967660176028014,5.257780209284837,64761.0,0,0,2020,57,WEBER
220,570067,178.0,371.4080276850608,0.4792572769884686,1.0,0.0,0.0,1.0,19.94686045227734,0.0,0.0,0.0,0.0,0.0,0.0,1.0,0.0,2.009378896005156,0.0,9.426350376188898,7.511131180083285,65849.0,0,0,0,57,WEBER
221,570068,366.0,784.0813972391047,0.4667882713309531,0.0,0.0,0.0,0.0,45.68789945210507,0.0,0.0,0.0,0.0,0.0,0.0,0.0,0.0,3.0140683440077343,0.0,26.900831440559,15.77299966753834,66478.0,0,0,0,57,WEBER
222,570069,114.0,298.5788976552807,0.381808630466634,0.0,0.0,0.0,0.0,11.024321731492815,0.0,0.0,0.0,0.0,0.0,0.0,0.0,0.0,2.009378896005156,0.0,4.257957538762441,4.756985296725219,77375.0,0,0,0,57,WEBER
223,570070,93.25,234.7986245648961,0.39714883412456525,0.0,0.0,0.0,0.0,8.236146427013242,0.0,0.0,0.0,0.0,0.0,0.0,0.0,0.0,0.0,0.0,4.23024022460922,4.005906202404022,83325.0,0,0,0,57,WEBER
224,570071,667.0,1906.287701082588,0.3498947192604811,201.75,0.0,1.0,200.75,263.21881051933065,0.0,0.0,0.0,1.0,23.0,113.25,0.0,64.5,0.0,0.0,32.42599055190145,29.04281996742916,103331.0,562,0,0,57,WEBER
225,570072,28.25,80.11351014980414,0.352624669012447,941.75,285.25,215.0,441.5,978.909933308594,154.5,130.75,12.25,202.75,55.5,109.0,45.5,231.5,0.0,0.0,36.15845675799303,1.0014765506010057,101021.0,0,0,0,57,WEBER
226,570073,393.75,1086.7459766562083,0.36232018195413357,15.0,0.0,0.0,15.0,94.26701960061273,0.0,0.0,0.0,0.0,0.0,0.0,15.0,0.0,1.004689448002578,0.0,61.23825198346976,17.024078169140378,102455.0,0,0,0,57,WEBER
227,570074,222.25,550.6422904964359,0.403619561802325,308.5,31.25,84.75,192.5,340.5117038230502,25.5,5.75,3.25,81.5,14.0,109.5,11.0,58.0,2.5117240707324497,0.0,19.73720405684632,9.762775695471408,101021.0,767,0,0,57,WEBER
228,570075,310.0,1117.8467741836416,0.27731886619826907,124.0,0.0,0.0,124.0,153.21829530134846,0.0,0.0,0.0,0.0,0.0,124.0,0.0,0.0,0.0,0.0,16.199100143535386,13.019195157813073,100927.0,0,1165,0,57,WEBER
229,570076,151.25,531.9549680570758,0.28432857869986417,37.5,1.0,0.75,35.75,52.30917511715012,1.0,0.0,0.0,0.75,1.75,6.5,1.25,26.25,1.004689448002578,0.0,7.044774957018249,6.7597107121292925,101021.0,0,0,0,57,WEBER
230,570077,10.5,34.05835088841585,0.30829443370293447,1417.5,165.0,1095.5,157.0,1471.3104724327698,9.0,156.0,0.0,1095.5,1.5,0.0,0.0,155.5,0.0,0.0,53.309222148614325,0.50125028415549,77602.0,0,0,0,57,WEBER
231,570078,8.75,18.716994606637478,0.4674895828039106,3474.5,644.75,2169.75,660.0,3605.02120722354,384.0,260.75,1969.5,200.25,48.25,43.25,38.75,529.75,0.0,0.0,130.0199569393839,0.50125028415549,77602.0,0,0,0,57,WEBER
232,570079,104.25,372.6270250719764,0.2797703681848174,0.0,0.0,0.0,0.0,13.151539343140476,0.0,0.0,0.0,0.0,0.0,0.0,0.0,0.0,0.7535173113649358,0.0,7.891434604646761,4.50658742712878,101021.0,0,0,0,57,WEBER
233,570080,63.5,217.9604058720616,0.29133731764691806,197.5,8.25,17.0,172.25,216.7458346505784,8.0,0.25,9.0,8.0,19.25,34.5,25.75,92.75,0.0,0.0,16.491575182573857,2.7542594680045136,101021.0,0,0,0,57,WEBER
234,570081,155.75,503.62047908965593,0.3092606565196348,24.75,0.0,2.0,22.75,39.75273705633823,0.0,0.0,1.0,1.0,0.5,3.25,2.75,16.25,1.004689448002578,0.0,6.987711754128614,7.010335854207038,77602.0,0,0,0,57,WEBER
235,570082,754.75,1813.589759310217,0.41616357620317757,895.25,12.5,540.25,342.5,1177.701458994581,12.5,0.0,509.5,30.75,39.0,68.75,63.0,171.75,2.5120600869687544,0.0,247.3873730263884,32.55202588122377,66478.0,0,0,0,57,WEBER
236,570083,261.25,839.2193672238659,0.31130120467097167,35.75,11.75,11.0,13.0,62.120214076317794,11.75,0.0,11.0,0.0,0.0,0.0,0.0,13.0,3.0140683440077343,0.0,12.089619907254058,11.266525825056007,77602.0,0,0,0,57,WEBER
237,570084,64.0,199.8899285038676,0.3201762113730592,246.75,6.75,14.0,226.0,273.85985069465283,6.75,0.0,5.5,8.5,20.25,76.75,21.75,107.25,1.004689448002578,0.0,23.601185547090648,2.503975699559565,77602.0,0,0,0,57,WEBER
238,570085,603.5,1303.533288198165,0.4629724499281487,379.75,46.75,121.75,211.25,496.4466268879089,46.5,0.25,5.25,116.5,15.25,97.5,16.75,81.75,1.004689448002578,0.0,89.65422956198047,26.037707877925797,66478.0,0,0,0,57,WEBER
239,570086,9.0,28.930065368287234,0.3110950454286109,1.0,0.0,1.0,0.0,2.377940603383577,0.0,0.0,0.0,1.0,0.0,0.0,0.0,0.0,1.004689448002578,0.0,0.3732511553809996,0.0,134880.0,0,0,0,57,WEBER
240,570087,21.0,53.61283423901547,0.3916972549218028,0.0,0.0,0.0,0.0,1.7853039769011048,0.0,0.0,0.0,0.0,0.0,0.0,0.0,0.0,0.0,0.0,0.7838274263000993,1.0014765506010057,97564.0,0,0,0,57,WEBER
241,570088,1.0,1.9059120621948744,0.5246831791643033,0.0,0.0,0.0,0.0,0.0373251155380999,0.0,0.0,0.0,0.0,0.0,0.0,0.0,0.0,0.0,0.0,0.0373251155380999,0.0,134880.0,0,0,0,57,WEBER
242,570089,7.0,20.58868093292311,0.3399926407527344,0.0,0.0,0.0,0.0,1.2659652567692778,0.0,0.0,0.0,0.0,0.0,0.0,0.0,0.0,1.004689448002578,0.0,0.2612758087666997,0.0,134880.0,0,0,0,57,WEBER
243,570090,133.0,347.7011587401852,0.38251238644672564,4.75,0.0,0.25,4.5,16.90541021630048,0.0,0.0,0.0,0.25,1.0,1.5,0.0,2.0,1.004689448002578,0.0,5.141861464691872,6.008859303606032,96635.0,0,0,0,57,WEBER
244,570091,0.0,0.0,0.0,4.0,4.0,0.0,0.0,6.158679358157556,0.0,4.0,0.0,0.0,0.0,0.0,0.0,0.0,2.009378896005156,0.0,0.1493004621523998,0.0,90010.0,0,0,0,57,WEBER
245,570092,276.0,960.429973984511,0.28737128939756634,366.5,92.75,173.5,100.25,403.2524170138016,12.5,80.25,120.25,53.25,16.0,14.0,12.5,57.75,1.004689448002578,0.0,23.98040682818341,11.767320737615629,90010.0,0,139,38,57,WEBER
246,570093,56.25,172.89622165030588,0.32533967175852674,0.0,0.0,0.0,0.0,5.612166424366141,0.0,0.0,0.0,0.0,0.0,0.0,0.0,0.0,1.004689448002578,0.0,2.103728962601933,2.503748013761629,134880.0,0,0,0,57,WEBER
247,570094,477.25,1545.1004120478806,0.3088796017907027,0.0,0.0,0.0,0.0,39.59294996706173,0.0,0.0,0.0,0.0,0.0,0.0,0.0,0.0,0.0,0.0,19.31302149876181,20.27992846829992,134880.0,0,0,0,57,WEBER
248,570095,108.0,281.029203879221,0.38430169715178636,0.0,0.0,0.0,0.0,9.038495231119825,0.0,0.0,0.0,0.0,0.0,0.0,0.0,0.0,0.0,0.0,4.031112478114797,5.007382753005028,97564.0,0,0,0,57,WEBER
249,570096,303.0,1069.4016046168636,0.28333602520500833,0.0,0.0,0.0,0.0,24.32870516585736,0.0,0.0,0.0,0.0,0.0,0.0,0.0,0.0,0.0,0.0,11.30951000804429,13.019195157813073,104259.0,0,0,0,57,WEBER
250,570097,276.75,720.873611436775,0.3839091840917978,263.75,2.0,23.75,238.0,295.9421042442096,2.0,0.0,4.0,19.75,11.5,120.25,33.0,73.25,0.0,0.0,20.174385636997425,12.017718607212064,97564.0,473,0,0,57,WEBER
251,570098,91.0,320.1957517353032,0.2842011472882599,202.0,0.0,0.0,202.0,216.9421650550673,0.0,0.0,0.0,0.0,0.0,202.0,0.0,0.0,0.0,0.0,10.936258852663292,4.005906202404022,105075.0,0,0,2077,57,WEBER
252,570099,76.75,223.5083848040754,0.3433875649330922,1273.75,363.0,509.75,401.0,1328.8447926721633,69.5,293.5,417.0,92.75,58.75,35.5,101.75,205.0,2.009378896005156,0.0,50.08098412435527,3.004429651803016,90010.0,0,0,0,57,WEBER
253,570100,531.75,1872.4989802928344,0.2839787928305527,1205.75,178.25,543.75,483.75,1294.5222185091554,63.75,114.5,211.5,332.25,42.75,68.25,161.75,211.0,1.004689448002578,0.0,64.98385226896323,22.78367679218976,90010.0,0,0,0,57,WEBER
254,570101,339.0,1195.5414383093755,0.28355353410366313,179.25,23.75,26.25,129.25,216.1208533854984,1.0,22.75,17.0,9.25,4.25,91.25,5.5,28.25,1.004689448002578,0.0,20.84401567848073,15.02214825901508,90010.0,404,0,0,57,WEBER
255,570102,239.75,552.7424594598001,0.43374630607228853,138.0,0.0,2.0,136.0,175.86495143165558,0.0,0.0,1.0,1.0,17.0,28.25,14.0,76.75,0.0,0.0,27.85018592564552,10.014765506010056,60933.0,0,0,0,57,WEBER
256,570103,83.5,195.37865273090287,0.4273752471566351,30.0,1.0,6.5,22.5,40.24349791733283,1.0,0.0,0.25,6.25,1.5,3.5,2.25,15.25,0.0,0.0,6.738387040805059,3.505110876527774,60933.0,0,0,0,57,WEBER
257,570104,375.0,1033.5980692156736,0.3628102752596681,490.75,231.5,102.5,156.75,539.1593406726423,92.5,139.0,14.25,88.25,17.0,19.0,18.0,102.75,0.0,0.0,32.38571586302623,16.023624809616088,63255.0,0,0,0,57,WEBER
258,570105,1.0,3.717736186584623,0.26898089315978907,171.75,7.0,51.0,113.75,178.2014394943138,6.5,0.5,4.75,46.25,19.75,23.25,18.5,52.25,0.0,0.0,6.45143949431379,0.0,90010.0,0,0,0,57,WEBER
259,570106,146.75,341.5243037905243,0.42969123535644443,257.5,7.5,16.75,233.25,278.8542828652172,7.5,0.0,10.5,6.25,25.75,57.25,38.0,112.25,0.0,0.0,15.094798419533433,6.2594844456837775,60933.0,0,0,0,57,WEBER
260,570107,2.0,5.398799712110604,0.3704527129453597,0.0,0.0,0.0,0.0,0.0741405621539771,0.0,0.0,0.0,0.0,0.0,0.0,0.0,0.0,0.0,0.0,0.0741405621539771,0.0,93399.0,0,0,0,57,WEBER
261,570108,87.75,290.4486893637936,0.3021187673189708,0.0,0.0,0.0,0.0,8.781691309424637,0.0,0.0,0.0,0.0,0.0,0.0,0.0,0.0,0.0,0.0,4.775785107020615,4.005906202404022,111812.0,0,0,0,57,WEBER
262,570109,162.0,387.11938803615055,0.4184755530375861,0.0,0.0,0.0,0.0,25.31892839929946,0.0,0.0,0.0,0.0,0.0,0.0,0.0,0.0,0.0,0.0,18.309958556128645,7.008969843170812,111812.0,0,0,0,57,WEBER
263,570110,359.75,1122.7558568641998,0.32041694354172734,8.0,2.0,1.25,4.75,41.74616283831956,2.0,0.0,0.0,1.25,2.75,0.0,0.0,2.0,0.0,0.0,18.22344693922617,15.522715899093392,93800.0,0,0,0,57,WEBER
264,570111,749.75,2349.1392618360687,0.31915945222166237,0.0,0.0,0.0,0.0,61.53624800063546,0.0,0.0,0.0,0.0,0.0,0.0,0.0,0.0,0.0,0.0,29.23837323932554,32.29787476130992,94584.0,0,0,0,57,WEBER
265,570112,350.75,1021.8040782151062,0.34326541406322464,87.0,0.0,0.0,87.0,120.61076755900405,0.0,0.0,0.0,0.0,0.0,87.0,0.0,0.0,0.0,0.0,18.58861929998896,15.02214825901508,105281.0,789,0,0,57,WEBER
266,570113,213.0,667.767855221827,0.3189731256669178,0.0,0.0,0.0,0.0,16.963538565024344,0.0,0.0,0.0,0.0,0.0,0.0,0.0,0.0,0.0,0.0,7.950249609615293,9.013288955409047,94424.0,0,0,0,57,WEBER
267,570114,290.0,1021.2977351525502,0.28395245580044587,0.0,0.0,0.0,0.0,23.0934415426304,0.0,0.0,0.0,0.0,0.0,0.0,0.0,0.0,0.0,0.0,10.82509779334059,12.268343749289809,97076.0,0,0,0,57,WEBER
268,570115,152.75,443.9999746017329,0.34403155121127305,0.0,0.0,0.0,0.0,12.711067529785517,0.0,0.0,0.0,0.0,0.0,0.0,0.0,0.0,0.0,0.0,5.700731675578479,7.010335854207038,105241.0,0,0,0,57,WEBER
269,570116,129.5,289.3908862751399,0.44749163205118075,175.75,2.0,17.75,156.0,225.16313205638832,2.0,0.0,11.5,6.25,25.5,12.25,75.5,42.75,1.004689448002578,0.0,42.90049231849083,5.507950289894925,60933.0,0,0,0,57,WEBER
270,570117,83.5,185.8705281766918,0.4492374386574262,339.0,275.0,10.75,53.25,358.27015571160337,165.0,110.0,1.0,9.75,1.5,2.25,2.25,47.25,0.0,0.0,15.765385692203346,3.5047700194000213,60933.0,0,0,0,57,WEBER
271,570118,369.25,1001.8041165060064,0.3685850296641161,135.0,5.75,3.75,125.5,170.34591991679443,5.75,0.0,1.5,2.25,4.0,68.25,25.75,27.5,0.0,0.0,19.32229510717835,16.023624809616088,68928.0,554,0,0,57,WEBER
272,570119,209.5,583.1894862183093,0.35923144183977357,112.0,0.0,7.0,105.0,135.26412985983973,0.0,0.0,7.0,0.0,0.0,92.0,0.0,13.0,0.0,0.0,14.250840904430667,9.013288955409047,79703.0,0,913,0,57,WEBER
273,570120,308.0,864.456089131879,0.35629340098616896,0.0,0.0,0.0,0.0,28.76603659064324,0.0,0.0,0.0,0.0,0.0,0.0,0.0,0.0,0.0,0.0,15.74684143283017,13.019195157813073,74199.0,0,0,0,57,WEBER
274,570121,613.2499999810937,1881.5244567388747,0.3259325159365722,0.0,0.0,0.0,0.0,49.93153319702879,0.0,0.0,0.0,0.0,0.0,0.0,0.0,0.0,0.0,0.0,23.64285911376817,26.28867408326062,82716.0,0,0,0,57,WEBER
275,570122,30.000000176780055,60.3531276872107,0.49707449019476896,11.750000069238856,0.0,1.2500000073658357,10.50000006187302,14.811021491287864,0.0,0.0,0.0,1.2500000073658357,1.0000000058926686,3.250000019151173,1.0000000058926686,5.25000003093651,0.0,0.0,1.558749950035999,1.5022714720130117,111812.0,0,0,0,57,WEBER
276,570123,836.0,2203.894269097168,0.37932854208222516,279.25,79.5,11.5,188.25,361.7209237656098,49.25,30.25,5.25,6.25,9.25,87.0,21.75,70.25,0.0,0.0,46.41845100080442,36.05247276480536,63002.0,364,53,0,57,WEBER
277,570124,66.25,167.9731616348666,0.39440824566969584,85.5,32.5,4.0,49.0,105.93950502879032,32.5,0.0,1.5,2.5,4.0,3.0,6.5,35.5,0.0,0.0,17.183654316314136,3.255850712476171,60933.0,0,0,0,57,WEBER
278,570125,516.25,1235.9820874658883,0.41768404674735865,892.5,431.75,29.5,431.25,1011.6261633379324,262.0,169.75,21.75,7.75,20.0,156.5,141.25,113.5,0.7531803936766224,0.0,96.09055643622138,22.28242650803427,77863.0,0,0,0,57,WEBER
279,570126,113.0,276.0609323244258,0.4093299223781611,83.75,2.0,5.5,76.25,101.11224225595984,2.0,0.0,3.5,2.0,7.25,24.0,9.25,35.75,2.009378896005156,0.0,10.345480606949636,5.007382753005028,77863.0,0,0,0,57,WEBER
280,570127,147.5,398.890687822983,0.36977549113770375,0.0,0.0,0.0,0.0,11.76443707297148,0.0,0.0,0.0,0.0,0.0,0.0,0.0,0.0,0.0,0.0,5.755577769365447,6.008859303606032,68585.0,0,0,0,57,WEBER
281,570128,324.75,778.1589224863873,0.41733120396840406,1.0,0.0,0.0,1.0,31.179173716551677,0.0,0.0,0.0,0.0,0.0,1.0,0.0,0.0,1.004689448002578,0.0,15.153812560135018,14.020671708414076,82256.0,0,0,0,57,WEBER
282,570129,687.75,2107.5729208064104,0.32632322858696133,437.0,68.5,31.25,337.25,580.0920894257246,53.5,15.0,17.5,13.75,46.75,48.25,48.0,194.25,1.004689448002578,0.0,112.29452751620688,29.79287246151517,75400.0,0,0,0,57,WEBER
283,570130,493.0,1413.8501853546677,0.3486932385812361,302.0,95.25,9.0,197.75,355.7070351740116,18.5,76.75,3.75,5.25,13.5,102.0,17.5,64.75,0.0,0.0,32.42562974179403,21.281405432217557,71576.0,515,0,0,57,WEBER
284,570131,376.5,1064.7656267467771,0.35359894284936316,7.5,0.0,0.0,7.5,38.10574657021168,0.0,0.0,0.0,0.0,2.5,0.0,4.0,1.0,0.0,0.0,14.58212176059559,16.023624809616088,71576.0,0,0,0,57,WEBER
285,570132,52.25,140.57812460843925,0.37167944974038514,8.5,0.0,0.0,8.5,15.033565705666083,0.0,0.0,0.0,0.0,0.0,0.0,1.0,7.5,2.009378896005156,0.0,2.2706085663811733,2.2535782432797555,76600.0,0,0,0,57,WEBER
286,570133,205.25,546.0994579899691,0.37584728751693813,130.25,9.25,3.25,117.75,151.7870491882203,2.0,7.25,1.25,2.0,40.0,3.75,43.25,30.75,0.0,0.0,12.523760232811243,9.013288955409047,43190.0,0,0,0,57,WEBER
287,570134,130.0,353.08113711145955,0.368187326753063,0.0,0.0,0.0,0.0,10.861178543657136,0.0,0.0,0.0,0.0,0.0,0.0,0.0,0.0,0.0,0.0,4.852319240051105,6.008859303606032,79548.0,0,0,0,57,WEBER
288,570135,983.0,2475.0371664349577,0.3971657530363121,414.25,26.25,72.25,315.75,508.46773426119074,24.25,2.0,14.0,58.25,8.25,224.5,9.25,73.75,0.0,0.0,52.15571913594852,42.06201512524223,63006.0,860,1052,0,57,WEBER
289,570136,46.0,131.38220169783622,0.35012352819139575,222.25,56.75,17.25,148.25,235.2708387352643,52.5,4.25,15.0,2.25,14.0,16.25,14.75,103.25,1.004689448002578,0.0,10.013196186059716,2.002953101202011,71352.0,0,0,0,57,WEBER
290,570137,119.5,383.5725552114879,0.3115447087555888,0.0,0.0,0.0,0.0,10.467080461170772,0.0,0.0,0.0,0.0,0.0,0.0,0.0,0.0,0.0,0.0,5.459697708165744,5.007382753005028,77602.0,0,0,0,57,WEBER
291,570138,430.0,1291.2960255136093,0.33299877913661874,2.0,0.0,0.0,2.0,37.15250437387829,0.0,0.0,0.0,0.0,0.0,2.0,0.0,0.0,0.0,0.0,16.124449912459188,19.028054461419103,75400.0,0,0,0,57,WEBER
292,570139,136.5,402.1581564103504,0.33941870337380253,280.25,70.5,17.75,192.0,304.5740484754558,55.5,15.0,9.5,8.25,21.75,20.25,38.75,111.25,3.0140683440077343,0.0,15.551404596287004,5.758575535161084,69984.0,0,0,0,57,WEBER
293,570140,429.25,1276.9384561996198,0.33615558989234223,209.75,18.75,20.25,170.75,360.08837958811125,18.5,0.25,7.75,12.5,22.0,47.75,19.25,81.75,1.004689448002578,0.0,131.05785185886214,18.27583828124653,75400.0,0,0,0,57,WEBER
294,570141,209.25,625.719741786449,0.33441489220491083,1232.5,574.75,66.25,591.5,1299.3098712987735,460.75,114.0,33.0,33.25,63.0,120.5,96.25,311.75,0.5020082570389801,0.0,57.29491494345336,9.012948098281296,68722.0,328,50,0,57,WEBER
295,570142,8.0,14.34138443536412,0.5578262012329136,0.0,0.0,0.0,0.0,1.303290372307378,0.0,0.0,0.0,0.0,0.0,0.0,0.0,0.0,1.004689448002578,0.0,0.2986009243047997,0.0,66478.0,0,0,0,57,WEBER
296,570143,11.0,27.53306332761613,0.3995196563895167,0.0,0.0,0.0,0.0,2.419955166924256,0.0,0.0,0.0,0.0,0.0,0.0,0.0,0.0,2.009378896005156,0.0,0.4105762709190996,0.0,80917.0,0,0,0,57,WEBER
297,570144,44.0,115.56766237584084,0.38072934154284754,0.0,0.0,0.0,0.0,7.664015976888722,0.0,0.0,0.0,0.0,0.0,0.0,0.0,0.0,4.018757792010312,0.0,1.6423050836763986,2.002953101202011,80917.0,0,0,0,57,WEBER
298,570145,30.0,63.97091218966281,0.46896314235843833,0.0,0.0,0.0,0.0,4.131206319648323,0.0,0.0,0.0,0.0,0.0,0.0,0.0,0.0,2.009378896005156,0.0,1.1203508730421614,1.0014765506010057,66478.0,0,0,0,57,WEBER
299,570146,19.75,40.585616560470726,0.4866255997509215,275.75,71.0,72.0,132.75,288.78822880716524,50.25,20.75,7.75,64.25,19.0,24.0,17.0,72.75,1.004689448002578,0.0,11.032062808561648,1.0014765506010057,66478.0,0,0,0,57,WEBER
300,570147,5.0,15.870944746338491,0.3150411068725777,501.0,100.0,21.25,379.75,520.8916070255669,90.75,9.25,19.25,2.0,22.0,155.25,16.0,186.5,1.004689448002578,0.0,18.886917577564315,0.0,77602.0,357,215,212,57,WEBER
301,570148,12.0,39.17736186584622,0.3062993378954717,0.0,0.0,0.0,0.0,2.454067385060783,0.0,0.0,0.0,0.0,0.0,0.0,0.0,0.0,1.004689448002578,0.0,0.4479013864571995,1.0014765506010057,77602.0,0,0,0,57,WEBER
302,570149,81.5,212.85754103803436,0.3828851897966688,14.5,0.0,0.0,14.5,25.85286460068759,0.0,0.0,0.0,0.0,2.75,5.75,1.0,5.0,3.0140683440077343,0.0,5.0837414627990976,3.255054793880761,80917.0,0,0,0,57,WEBER
303,570150,57.0,149.4026694738658,0.3815192874446644,146.75,55.75,6.5,84.5,157.3625564674052,16.5,39.25,2.5,4.0,8.25,6.5,10.25,59.5,1.004689448002578,0.0,7.604913918200602,2.002953101202011,80917.0,0,0,0,57,WEBER
304,570151,74.0,190.8622390143389,0.3877141983776089,65.75,1.0,0.0,64.75,74.97586049162567,1.0,0.0,0.0,0.0,2.0,55.0,1.25,6.5,1.004689448002578,0.0,5.21674139182006,3.004429651803016,77602.0,439,0,0,57,WEBER
305,570152,2.0,5.624090680470027,0.35561304282399164,0.0,0.0,0.0,0.0,3.0887185750839343,0.0,0.0,0.0,0.0,0.0,0.0,0.0,0.0,3.0140683440077343,0.0,0.0746502310761998,0.0,80917.0,0,0,0,57,WEBER
306,570153,27.75,73.49932663181593,0.3775544793629137,0.0,0.0,0.0,0.0,4.046478051063645,0.0,0.0,0.0,0.0,0.0,0.0,0.0,0.0,2.009378896005156,0.0,1.0356226044574837,1.0014765506010057,80917.0,0,0,0,57,WEBER
307,570154,93.0,243.607939026101,0.3817609572651721,0.0,0.0,0.0,0.0,9.486520843452476,0.0,0.0,0.0,0.0,0.0,0.0,0.0,0.0,2.009378896005156,0.0,3.471235745043297,4.005906202404022,80917.0,0,0,0,57,WEBER
308,570155,52.0,138.73357907262124,0.37481913425429736,440.5,87.25,34.0,319.25,462.1311752860402,83.75,3.5,15.0,19.0,36.75,69.5,44.75,168.25,1.004689448002578,0.0,18.37336255303711,2.2531232850005134,80917.0,0,0,0,57,WEBER
309,570156,188.25,485.38919567043126,0.3878331072861739,291.75,49.75,84.5,157.5,319.6877938891821,39.75,10.0,75.75,8.75,18.25,35.0,20.75,83.5,2.009378896005156,0.0,17.916602588368903,8.011812404808044,77602.0,0,0,0,57,WEBER
310,570157,0.0,0.0,0.0,175.5,57.0,43.75,74.75,182.05015063329077,56.0,1.0,18.75,25.0,6.25,0.0,4.25,64.25,0.0,0.0,6.5501506332907455,0.0,80917.0,0,0,0,57,WEBER
311,570158,24.0,62.50129706839907,0.383992030977138,1564.5,433.5,204.0,927.0,1625.7943063872533,273.25,160.25,160.5,43.5,110.5,234.75,100.25,481.5,1.004689448002578,0.0,59.28814038864966,1.0014765506010057,77602.0,0,0,494,57,WEBER
312,570159,415.25,1482.8674658007897,0.2800317692422724,475.0,1.0,5.75,468.25,527.2606854095785,1.0,0.0,2.75,3.0,5.25,50.75,230.25,182.0,1.004689448002578,0.0,33.2294180507579,18.026577910818094,41462.0,0,0,0,57,WEBER
313,570160,713.0,1892.4975049777263,0.3767508269493817,74.75,18.75,1.0,55.0,135.19819956589453,0.0,18.75,0.0,1.0,1.0,44.25,1.0,8.75,0.0,0.0,29.402426497263363,31.045773068631167,43190.0,548,0,0,57,WEBER
314,570161,600.5,1612.855237500554,0.37232107757581295,14.0,0.0,1.25,12.75,62.97520615657001,0.0,0.0,0.0,1.25,0.0,1.5,1.0,10.25,0.0,0.0,22.936815840943865,26.038390315626145,79834.0,0,0,0,57,WEBER
315,570162,0.0,0.0,0.0,1441.5,180.5,597.75,663.25,1495.303408768277,178.25,2.25,321.75,276.0,65.5,4.5,45.75,547.5,0.0,0.0,53.8034087682771,0.0,41462.0,0,0,0,57,WEBER
316,570163,1191.5,3520.8273260497167,0.33841477859035884,249.5,4.75,16.25,228.5,356.36204460494974,4.75,0.0,5.25,11.0,18.25,31.75,62.5,116.0,0.0,0.0,55.78674052429849,51.07530408065128,43476.0,0,0,0,57,WEBER
317,570164,527.25,1275.762385018288,0.4132822900186401,7.25,0.0,1.0,6.25,50.235818376638335,0.0,0.0,0.0,1.0,0.0,0.25,1.0,5.0,0.0,0.0,20.45265303869146,22.53316533794688,65873.0,0,0,0,57,WEBER
318,570165,119.75,285.53101583966355,0.4193940180118441,0.0,0.0,0.0,0.0,9.476247601031025,0.0,0.0,0.0,0.0,0.0,0.0,0.0,0.0,0.0,0.0,4.468864848025994,5.007382753005028,61741.0,0,0,0,57,WEBER
319,570166,0.0,0.0,0.0,3153.0,290.25,2078.75,784.0,3270.685441607912,274.25,16.0,1582.0,496.75,113.0,253.75,44.0,373.25,0.0,0.0,117.6854416079118,0.0,41462.0,0,0,0,57,WEBER
320,570167,674.0,1728.4716454964614,0.38993986494144073,47.0,0.0,1.0,46.0,103.92627495318754,0.0,0.0,0.0,1.0,0.0,27.0,0.0,19.0,0.0,0.0,27.88390984084922,29.04236511233833,66407.0,376,0,0,57,WEBER
321,570168,514.5,1194.3859290694452,0.4307652890727294,131.75,0.0,1.5,130.25,179.909322667458,0.0,0.0,0.0,1.5,3.5,116.0,0.0,10.75,0.0,0.0,26.126838554235867,22.03248411322212,71102.0,0,0,0,57,WEBER
322,570169,333.0,659.1283423901548,0.5052126855787501,411.0,39.25,40.0,331.75,452.7834962403467,39.0,0.25,19.25,20.75,41.5,59.0,50.0,181.25,0.0,0.0,27.76282453193268,14.020671708414076,34275.0,0,0,0,57,WEBER
323,570170,367.0,793.6845812937858,0.46240031449490054,196.0,43.25,70.5,82.25,233.03751895621144,43.0,0.25,3.0,67.5,6.0,8.5,8.0,59.75,0.0,0.0,21.013894146595373,16.023624809616088,32841.0,0,0,0,57,WEBER
324,570171,556.75,1397.9147211160107,0.3982717912545655,449.75,128.5,44.75,276.5,511.3419733867453,119.5,9.0,31.0,13.75,31.5,62.5,36.0,146.5,0.0,0.0,37.556194695499926,24.03577869124534,32841.0,0,0,0,57,WEBER
325,570172,467.0000000286519,1124.2393044667076,0.4153919883188725,0.0,0.0,0.0,0.0,37.96048516977742,0.0,0.0,0.0,0.0,0.0,0.0,0.0,0.0,0.0,0.0,17.930954156528436,20.029531013248985,57133.0,0,0,0,57,WEBER
326,570173,0.0,0.0,0.0,4496.0,155.75,1726.0,2614.25,4664.814172838908,154.0,1.75,1329.0,397.0,316.0,615.5,219.25,1463.5,1.004689448002578,0.0,167.8094833909052,0.0,41462.0,0,0,13,57,WEBER
327,570174,520.0,1196.2528540416863,0.4346907079411485,164.75,0.0,32.75,132.0,226.5866330077054,0.0,0.0,1.25,31.5,2.75,77.25,2.5,49.5,0.7531803936766224,0.0,38.80079831700815,22.282654297020624,71102.0,693,0,0,57,WEBER
328,570175,328.0,646.8810458925957,0.5070484010663981,502.5,113.75,7.5,381.25,548.0181973003004,56.0,57.75,4.25,3.25,5.75,20.75,11.5,343.25,0.0,0.0,31.497525591886305,14.020671708414076,34275.0,0,0,0,57,WEBER
329,570176,886.0,1998.6892570262885,0.44329051996717994,357.5,66.75,32.75,258.0,442.4687978059436,63.75,3.0,20.75,12.0,13.75,129.5,19.0,95.75,0.0,0.0,46.91268888310541,38.056108922838206,46053.0,462,839,0,57,WEBER
330,570177,440.0,1277.9686575302587,0.3442963936614244,162.75,27.25,8.25,127.25,205.2759901544111,27.25,0.0,3.25,5.0,8.75,82.5,7.25,28.75,0.0,0.0,23.497935692992,19.028054461419103,55023.0,392,0,0,57,WEBER
331,570178,316.5,631.982476768467,0.5008050248772212,413.0,0.0,0.0,413.0,457.4979130686879,0.0,0.0,0.0,0.0,0.0,413.0,0.0,0.0,0.0,0.0,30.47724136027382,14.020671708414076,67626.0,435,0,0,57,WEBER
332,570179,391.5000000695315,916.2544244630384,0.4272830663807884,126.00000002237796,3.0000000005328085,10.50000000186483,112.50000001998032,163.84123512170902,3.0000000005328085,0.0,7.250000001287621,3.2500000005772094,6.250000001110018,53.00000000941295,10.000000001776028,43.25000000768132,0.0,0.0,20.816133736090254,17.0251013632408,47967.0,0,0,0,57,WEBER
333,570180,708.0,2019.993359882508,0.35049620165146506,944.75,124.25,195.25,625.25,1040.2245251976665,92.5,31.75,158.25,37.0,70.0,120.0,76.25,359.0,0.0,0.0,64.92931966592533,30.54520553174127,71102.0,0,0,0,57,WEBER
334,570181,314.0,629.2573976438163,0.49900088767448386,1052.25,565.25,44.5,442.5,1121.0186202170655,259.75,305.5,16.0,28.5,43.25,49.75,102.0,247.5,0.0,0.0,54.747948508651554,14.020671708414076,31607.0,0,0,0,57,WEBER
335,570182,465.0,1189.7296497558991,0.3908450966952077,741.0,486.0,53.5,201.5,807.0468775001351,24.5,461.5,8.75,44.75,16.75,19.75,22.0,143.0,0.0,0.0,46.01734648811495,20.02953101202011,50524.0,0,0,0,57,WEBER
336,570183,214.5,624.6525684746957,0.3433908877118293,145.5,2.0,5.75,137.75,184.9503473080645,2.0,0.0,2.25,3.5,6.5,94.25,10.0,27.0,0.0,0.0,30.43705835265541,9.013288955409047,39176.0,0,0,0,57,WEBER
337,570184,328.2499999550428,966.6911202402807,0.33956037567972386,426.4999999415865,0.9999999998630399,11.749999998390718,413.74999994333274,469.440551098054,0.9999999998630399,0.0,2.24999999969184,9.499999998698879,8.49999999883584,299.7499999589462,70.4999999903443,34.999999995206394,0.0,0.0,28.919879449973735,14.020671706493804,62358.0,0,0,1223,57,WEBER
338,570185,678.249999546863,1767.1433779485112,0.3838115276951936,6.99999999532332,0.0,0.0,6.99999999532332,63.11810009529436,0.0,0.0,0.0,0.0,0.0,1.9999999986638055,0.0,4.999999996659514,0.0,0.0,27.075280151945304,29.042819948025734,67311.0,0,0,0,57,WEBER
339,570186,2.5,6.350420831520427,0.3936746975241712,771.5,48.75,43.75,679.0,800.3939701335984,36.5,12.25,21.5,22.25,42.75,376.75,80.0,179.5,0.0,0.0,28.89397013359832,0.0,77602.0,0,0,0,57,WEBER
340,570187,421.25,859.4899157898556,0.49011627973887156,2621.5,251.75,1735.25,634.5,2753.346086060437,169.75,82.0,1585.0,150.25,86.25,151.0,109.25,288.0,0.0,0.0,113.56922427798546,18.276861782451466,28702.0,0,0,0,57,WEBER
341,570188,85.75,173.62352478608108,0.49388468587797235,469.5,154.0,24.25,291.25,494.228299300087,85.75,68.25,12.0,12.25,39.5,148.5,27.75,75.5,0.0,0.0,20.72239309768293,4.005906202404022,28702.0,736,324,0,57,WEBER
342,570189,237.25,677.0701594929176,0.35040681777747396,72.5,70.25,0.0,2.25,94.07637136730123,0.0,70.25,0.0,0.0,1.0,0.25,0.0,1.0,0.0,0.0,11.561605861291186,10.014765506010056,38613.0,0,0,0,57,WEBER
343,570190,147.5,419.27193465021,0.3518003181468758,197.25,149.5,2.75,45.0,217.87742485669048,8.75,140.75,0.5,2.25,2.25,1.75,1.5,39.5,0.0,0.0,14.618565553084434,6.008859303606032,37980.0,0,0,0,57,WEBER
344,570191,373.0,769.1094369866705,0.48497649627261624,381.25,69.75,51.5,260.0,425.425348417244,63.75,6.0,28.75,22.75,38.25,25.5,48.75,147.5,0.0,0.0,28.15172360762788,16.023624809616088,33182.0,0,0,0,57,WEBER
345,570192,236.0,475.16170439650966,0.49667302271284125,46.75,0.0,1.0,45.75,67.31946175516225,0.0,0.0,0.0,1.0,1.75,9.0,25.25,9.75,0.0,0.0,10.554696249152194,10.014765506010056,63799.0,0,0,0,57,WEBER
346,570193,411.0,654.2387797497998,0.628211002957022,127.75,47.75,1.0,79.0,165.88572296831111,2.25,45.5,1.0,0.0,1.0,67.5,1.75,8.75,0.0,0.0,20.10914505749302,18.026577910818094,44259.0,0,716,0,57,WEBER
347,570194,722.0,1188.548349578855,0.6074637184560732,303.0,159.5,9.75,133.75,372.30641400934,159.5,0.0,5.5,4.25,16.75,13.5,30.0,73.5,0.0,0.0,38.26064094070884,31.045773068631167,44259.0,0,0,0,57,WEBER
348,570195,201.0000004675023,425.21661478657626,0.4727002508318913,284.5000006617135,103.00000023956586,4.75000001104794,176.75000041109968,311.38426768189765,1.0000000023258822,102.00000023723997,2.500000005814705,2.2500000052332347,16.000000037214114,22.50000005233235,15.000000034888233,123.25000028666497,0.0,0.0,18.12126181283831,8.763005207345818,69985.0,0,0,0,57,WEBER
349,570196,210.0,434.2022165555154,0.48364561946714574,0.0,0.0,0.0,0.0,17.096634741346385,0.0,0.0,0.0,0.0,0.0,0.0,0.0,0.0,0.0,0.0,7.833175602138835,9.263459139207551,67576.0,0,0,0,57,WEBER
350,570197,259.0,529.8677065962675,0.4888012550599634,18.25,6.0,1.0,11.25,39.61477969127407,6.0,0.0,0.0,1.0,1.0,1.0,1.0,8.25,0.0,0.0,10.348537634663009,11.01624205661106,44259.0,0,0,0,57,WEBER
351,570198,4.0,12.37985476786226,0.32310556747272046,121.5,15.0,44.5,62.0,126.18500981876686,15.0,0.0,11.75,32.75,8.5,13.5,6.25,33.75,0.0,0.0,4.685009818766857,0.0,77602.0,0,0,0,57,WEBER
352,570199,43.75,92.66847323875866,0.4721130981329422,277.0,2.0,216.25,58.75,292.22168584935264,2.0,0.0,2.0,214.25,1.0,0.0,1.25,56.5,0.0,0.0,13.218732748150602,2.002953101202011,28702.0,0,0,0,57,WEBER
353,570200,119.49999711593294,245.19940345083057,0.48735843331648265,613.2499851995472,330.4999920235635,35.499999143226944,247.24999403275666,645.8671087761475,320.49999226490803,9.999999758655477,14.999999637983215,20.49999950524373,42.24999898031939,9.249999776756315,48.74999882344545,146.9999964522355,0.0,0.0,27.35911580841672,5.2580077681836315,31804.0,0,0,0,57,WEBER
354,570201,3.75,9.411314143399236,0.3984565750182845,123.75,43.25,12.0,68.5,134.5068287749018,43.25,0.0,5.25,6.75,8.5,0.0,10.25,49.75,0.0,0.0,10.756828774901813,0.0,31804.0,0,0,0,57,WEBER
355,570202,37.5,86.19265183936545,0.4350718906976847,97.5,34.0,36.0,27.5,133.5396146276837,34.0,0.0,18.25,17.75,5.0,2.25,5.75,14.5,0.0,0.0,34.287286668559446,1.752327959124266,47780.0,0,0,0,57,WEBER
356,570203,273.75,550.2819677459431,0.4974722343189451,75.5,19.25,10.0,46.25,102.80253283929774,8.5,10.75,5.25,4.75,6.5,0.25,8.75,30.75,0.0,0.0,15.28481423208568,12.017718607212064,31804.0,0,0,0,57,WEBER
357,570204,50.0,141.04455754571316,0.3544979038542113,2.5,0.0,0.25,2.25,6.46269911454607,0.0,0.0,0.25,0.0,0.0,0.0,0.25,2.0,0.0,0.0,1.959746013344059,2.002953101202011,47780.0,0,0,0,57,WEBER
358,570205,108.0,214.21699759794205,0.5041616734947533,188.5,159.5,29.0,0.0,204.5756517714438,25.0,134.5,29.0,0.0,0.0,0.0,0.0,0.0,0.0,0.0,11.068269018438777,5.007382753005028,31804.0,0,0,0,57,WEBER
359,570206,132.75,342.4699127718003,0.3876252921769977,60.5,12.0,4.75,43.75,73.9730629149099,12.0,0.0,2.5,2.25,6.5,1.25,6.5,29.5,0.0,0.0,7.464544984936671,6.0085179299732365,47780.0,0,0,0,57,WEBER
360,570207,381.5,660.2971102083078,0.5777702099584321,184.5,33.75,3.0,147.75,226.89188439545563,0.0,33.75,2.5,0.5,0.25,1.0,14.5,132.0,0.0,0.0,26.11808940204104,16.27379499341459,30412.0,0,0,0,57,WEBER
361,570208,163.75,434.84399193436445,0.3765718350426617,300.0,0.0,0.0,300.0,324.3192326822327,0.0,0.0,0.0,0.0,0.0,300.0,0.0,0.0,0.0,0.0,17.308896828025677,7.010335854207038,53605.0,0,0,0,57,WEBER
362,570209,312.0,664.6261731906378,0.46943682416567667,261.25,129.25,11.5,120.5,295.915539768653,100.75,28.5,5.0,6.5,12.0,8.75,18.25,81.5,0.0,0.0,21.39617442704144,13.269365341611572,69985.0,354,0,0,57,WEBER
363,570210,257.0,678.0218532500623,0.3790438298825973,0.0,0.0,0.0,0.0,21.85659147063967,0.0,0.0,0.0,0.0,0.0,0.0,0.0,0.0,0.0,0.0,10.840349414028612,11.01624205661106,57928.0,0,0,0,57,WEBER
364,570211,1.25,1.9290285874871884,0.6479945440457615,681.0,226.5,364.5,90.0,706.4653139245098,144.0,82.5,83.25,281.25,13.0,4.0,7.5,65.5,0.0,0.0,25.465313924509847,0.0,60702.0,0,0,0,57,WEBER
365,570212,0.0,0.0,0.0,1081.25,208.75,407.25,465.25,1121.4985242275116,98.75,110.0,329.75,77.5,30.0,74.0,99.5,261.75,0.0,0.0,40.248524227511474,0.0,49643.0,0,0,0,57,WEBER
366,570213,72.5,222.8791157817022,0.32528844053298267,831.5,130.5,324.25,376.75,898.9850661760383,124.25,6.25,235.75,88.5,42.25,47.5,50.5,236.5,0.0,0.0,64.4806365242354,3.004429651803016,49643.0,0,0,0,57,WEBER
367,570214,0.0,0.0,0.0,24.5,3.0,3.75,17.75,25.41582477641603,3.0,0.0,1.25,2.5,1.75,2.5,3.75,9.75,0.0,0.0,0.9158247764160318,0.0,31804.0,0,0,0,57,WEBER
368,570215,116.75000179679358,234.97198560425312,0.4968677499854278,112.00000172369064,14.500000223156377,46.75000071948694,50.75000078104732,152.79810851237565,14.500000223156377,0.0,4.750000073102951,42.00000064638399,6.500000100035617,5.000000076950474,15.250000234698948,24.00000036936228,0.0,0.0,35.54032649848242,5.257780290202573,31804.0,0,0,0,57,WEBER
369,570216,4.5,6.992209337236131,0.64357340905625,1000.25,70.25,161.5,768.5,1037.74254227196,66.75,3.5,74.5,87.0,153.25,12.0,191.25,412.0,0.0,0.0,37.492542271960126,0.0,31804.0,0,0,0,57,WEBER
370,570217,55.0,128.15128958655356,0.4291802304716795,579.25,34.25,97.0,448.0,608.9261936904587,22.0,12.25,29.5,67.5,44.0,17.0,47.25,339.75,0.0,0.0,27.1727866370132,2.5034070534454624,31804.0,0,0,0,57,WEBER
371,570218,4.5,9.028676833203535,0.49841190277748815,757.25,25.25,136.75,595.25,792.1808674032713,22.25,3.0,83.75,53.0,90.0,57.0,127.75,320.5,0.0,0.0,34.93086740327134,0.0,31804.0,0,0,0,57,WEBER
372,570219,293.0,575.4184204143892,0.5091946826954119,1071.0,227.0,31.0,813.0,1134.9316888485653,189.5,37.5,13.5,17.5,66.25,459.75,26.75,260.25,0.0,0.0,50.91249369075221,13.019195157813073,31804.0,747,293,229,57,WEBER
373,570220,169.0,330.02669359727287,0.5120797901463947,1938.25,269.25,133.25,1535.75,2023.904581031576,54.25,215.0,69.25,64.0,309.75,40.5,141.75,1043.75,0.0,0.0,78.64424517736873,7.010335854207038,31804.0,0,0,0,57,WEBER
374,570221,169.75,372.2102897199522,0.4560593962292618,52.25,6.0,7.25,39.0,68.03799254854184,6.0,0.0,4.0,3.25,6.5,0.0,8.5,24.0,0.0,0.0,8.276747267307055,7.511245281234775,31804.0,0,0,0,57,WEBER
375,570222,179.75,360.2549636463906,0.49895218147898773,1255.25,44.0,101.5,1109.75,1316.822655241446,38.25,5.75,57.0,44.5,180.25,306.0,254.75,368.75,0.0,0.0,53.5608428366378,8.011812404808044,30513.0,0,0,0,57,WEBER
376,570223,182.0,402.3443589675893,0.4523488299103031,176.0,10.0,28.25,137.75,217.11881555661284,10.0,0.0,14.5,13.75,19.5,7.75,34.25,76.25,0.0,0.0,33.35762788056594,7.761187676046927,30591.0,0,0,0,57,WEBER
377,570224,721.75,1243.0789250883086,0.5806147827248593,313.5,5.0,17.0,291.5,384.9147835705322,5.0,0.0,7.0,10.0,37.25,21.75,153.25,79.25,0.0,0.0,40.370147794129245,31.044635776402963,21759.0,0,0,0,57,WEBER
378,570225,323.5,550.2041983085102,0.5879635251685362,59.5,3.0,0.0,56.5,87.81281649776406,3.0,0.0,0.0,0.0,0.0,54.25,0.75,1.5,0.0,0.0,14.29214478934999,14.020671708414076,30412.0,707,0,0,57,WEBER
379,570226,702.25,1733.179251301618,0.4051802486514941,42.0,1.0,4.5,36.5,99.82186300172864,1.0,0.0,2.25,2.25,5.75,4.0,6.5,20.25,0.0,0.0,27.77756648369848,30.04429651803017,32903.0,0,0,0,57,WEBER
380,570227,466.5,1241.959861890925,0.3756160036361709,37.75,1.0,6.75,30.0,76.59725684365783,1.0,0.0,2.5,4.25,2.75,6.5,6.0,14.75,0.0,0.0,18.817725831637723,20.02953101202011,53605.0,0,0,0,57,WEBER
381,570228,388.0,956.9127750583808,0.4054706030822175,35.75,16.0,1.0,18.75,68.59101032565819,16.0,0.0,1.0,0.0,1.75,3.5,2.0,11.5,0.0,0.0,15.815908965441094,17.025101360217093,60224.0,0,0,0,57,WEBER
382,570229,159.0,429.6408679345132,0.3700765263890937,1.0,0.0,0.0,1.0,13.982354340303033,0.0,0.0,0.0,0.0,1.0,0.0,0.0,0.0,0.0,0.0,5.972018486095995,7.010335854207038,57928.0,0,0,0,57,WEBER
383,570230,0.0,0.0,0.0,1908.5,102.25,1308.75,497.5,1979.72505382577,83.25,19.0,1043.5,265.25,250.25,81.5,45.25,120.5,0.0,0.0,71.22505382577012,0.0,49643.0,0,0,0,57,WEBER
384,570231,6.0,15.965032684143615,0.3758213414720515,1008.5,142.0,546.75,319.75,1046.3655755611287,123.75,18.25,304.5,242.25,82.0,34.75,30.25,172.75,0.0,0.0,37.86557556112872,0.0,49643.0,0,0,0,57,WEBER
385,570232,8.0,24.30641711950774,0.32913119036286903,414.75,59.5,198.0,157.25,430.5270972333949,53.5,6.0,168.75,29.25,18.0,24.75,22.0,92.5,0.0,0.0,15.777097233394846,0.0,49643.0,0,0,0,57,WEBER
386,570233,6.0,15.965032684143615,0.3758213414720515,787.0,46.0,653.0,88.0,816.598937877569,39.0,7.0,144.0,509.0,6.75,15.5,7.75,58.0,0.0,0.0,29.59893787756905,0.0,49643.0,0,0,0,57,WEBER
387,570234,304.0,910.5089453618344,0.3338792018997584,368.75,20.5,210.0,138.25,407.3770448478712,7.0,13.5,180.5,29.5,40.25,11.25,7.75,79.0,0.0,0.0,25.6078496900582,13.019195157813073,49643.0,0,0,0,57,WEBER
388,570235,0.0,0.0,0.0,12.0,0.0,12.0,0.0,12.4479013864572,0.0,0.0,0.0,12.0,0.0,0.0,0.0,0.0,0.0,0.0,0.4479013864571995,0.0,31804.0,0,0,0,57,WEBER
389,570236,117.25,196.05814251739977,0.5980368807666037,268.5,10.75,65.75,192.0,292.1470977245762,7.75,3.0,50.75,15.0,26.0,17.75,36.75,111.5,0.0,0.0,18.38954478777268,5.257552936803529,36446.0,0,0,0,57,WEBER
390,570237,122.0,204.88754734181256,0.5954485842737343,902.0,236.25,78.75,587.0,945.2290414148137,36.75,199.5,42.0,36.75,107.25,47.25,97.25,335.25,0.0,0.0,38.22165866180855,5.007382753005028,31804.0,0,0,0,57,WEBER
391,570238,76.75,168.70203163931177,0.4549441358483044,523.5,2.0,16.5,505.0,548.9083989573126,2.0,0.0,12.25,4.25,30.5,397.25,12.5,64.75,0.0,0.0,22.40396930550955,3.004429651803016,35436.0,0,0,0,57,WEBER
392,570239,321.25,573.5421762140621,0.5601157392130486,1204.5,335.75,115.0,753.75,1275.4773873111835,56.75,279.0,64.25,50.75,139.25,77.75,190.75,346.0,0.0,0.0,56.95671560276976,14.020671708414076,31804.0,0,0,0,57,WEBER
393,570240,243.5,477.4575979165516,0.5099929314404964,626.5,54.25,52.0,520.25,673.9907226585758,52.0,2.25,28.5,23.5,97.0,8.5,110.5,304.25,0.0,0.0,36.97561771479045,10.515104943785389,27413.0,0,0,0,57,WEBER
394,570241,9.0,19.64483776483183,0.45813562360447646,8439.25,193.75,320.25,7925.25,8759.56050384679,64.75,129.0,163.25,157.0,1020.25,5520.5,421.25,963.25,0.0,0.0,320.0598787047114,0.2506251420777449,31804.0,0,0,0,57,WEBER
395,570242,176.25,282.0179647402283,0.624960187065909,676.0,30.75,68.75,576.5,717.323930417422,26.5,4.25,34.0,34.75,93.0,75.75,127.5,280.25,0.0,0.0,33.81257196485749,7.511358452564592,26719.0,0,0,0,57,WEBER
396,570243,426.0,666.9643787694189,0.6387147703240019,1407.0,180.5,109.25,1117.25,1493.9303079217848,41.25,139.25,63.25,46.0,169.5,297.25,168.0,482.5,0.0,0.0,68.40338964336976,18.526918278415103,31804.0,0,0,0,57,WEBER
397,570244,579.5,1441.6992828387388,0.4019562240878356,244.5,27.5,25.0,192.0,318.0343967513025,27.5,0.0,6.75,18.25,14.5,21.75,95.75,60.0,0.0,0.0,48.49759657092383,25.036800180378687,32440.0,0,0,0,57,WEBER
398,570245,739.0,1357.9629720509756,0.5441974598790895,386.0,22.25,15.5,348.25,464.2980885520229,19.25,3.0,8.0,7.5,134.75,60.75,40.25,112.5,0.0,0.0,46.250838932790735,32.047249619232176,25250.0,426,0,0,57,WEBER
399,570246,546.25,1176.7647952876323,0.4641964156197264,102.25,57.25,4.0,41.0,150.49031327713806,57.25,0.0,2.5,1.5,4.5,5.75,3.75,27.0,0.0,0.0,24.20487606271392,24.03543721442413,54074.0,0,0,0,57,WEBER
400,570247,536.25,981.5215994172792,0.5463455927188632,401.75,31.0,31.5,339.25,460.7675248521034,29.75,1.25,13.75,17.75,32.75,77.5,44.75,184.25,0.0,0.0,35.73362158709128,23.283903265012107,32208.0,0,0,0,57,WEBER
401,570248,322.0,786.7328879059705,0.4092875802574623,75.25,14.75,2.25,58.25,104.0978012767038,0.0,14.75,0.0,2.25,1.0,37.5,1.0,18.75,0.0,0.0,14.82712956828972,14.020671708414076,83523.0,666,0,0,57,WEBER
402,570249,357.0,806.3323828486576,0.4427454578207188,83.0,2.0,1.0,80.0,114.4439628775422,2.0,0.0,0.0,1.0,2.0,8.25,56.75,13.0,0.0,0.0,16.421814618527105,15.02214825901508,62434.0,0,0,0,57,WEBER
403,570250,227.25000123041156,494.7203770800732,0.4593503962211565,18.00000009745834,0.0,0.0,18.00000009745834,37.16879514778246,0.0,0.0,0.0,0.0,3.0000000162430567,0.0,2.0000000108287046,13.00000007038658,0.0,0.0,9.154029490090593,10.014765560233524,80777.0,0,0,0,57,WEBER
404,570251,189.25000001658034,408.7077416477524,0.46304481352273175,38.00000000332921,0.0,0.0,38.00000000332921,55.244962774795816,0.0,0.0,0.0,0.0,0.0,37.0000000032416,1.0000000000876108,0.0,0.0,0.0,9.233150365956641,8.011812405509966,88144.0,0,0,0,57,WEBER
405,570252,10.0,26.75928397231,0.3737020770192435,1635.75,706.5,253.25,676.0,1697.178064717109,563.75,142.75,185.25,68.0,87.0,6.0,50.0,533.0,0.0,0.0,61.4280647171091,0.0,49643.0,0,0,0,57,WEBER
406,570253,2.0,3.13236581665736,0.6384950280597363,162.25,84.0,6.5,71.75,168.3797930566728,53.5,30.5,5.5,1.0,7.0,2.0,4.75,58.0,0.0,0.0,6.129793056672819,0.0,49643.0,0,0,0,57,WEBER
407,570254,0.0,0.0,0.0,395.5,167.0,102.0,126.5,410.2620812236786,129.0,38.0,69.0,33.0,3.0,0.0,5.25,118.25,0.0,0.0,14.762081223678608,0.0,49643.0,0,0,0,57,WEBER
408,570255,0.0,0.0,0.0,732.5,177.0,395.25,160.25,759.8409458351078,165.25,11.75,29.25,366.0,22.75,0.0,14.0,123.5,0.0,0.0,27.340945835107807,0.0,49643.0,0,0,0,57,WEBER
409,570256,31.5,86.52718528695428,0.36404743660082123,955.75,61.5,683.75,210.5,999.3293924401678,59.25,2.25,334.5,349.25,29.5,33.5,34.5,113.0,0.0,0.0,42.32774570576823,1.2516467343995077,38386.0,0,0,0,57,WEBER
410,570257,88.0,271.9001486255595,0.3236482232350193,137.5,41.5,15.5,80.5,150.67241710951612,41.5,0.0,5.5,10.0,15.75,1.75,16.0,47.0,0.0,0.0,9.1665109071121,4.005906202404022,38386.0,0,0,0,57,WEBER
411,570258,314.25,957.6742117520794,0.3281387304196851,83.0,5.75,16.5,60.75,113.59836516572412,5.75,0.0,11.25,5.25,11.0,3.25,11.0,35.5,0.0,0.0,16.57769345731005,14.020671708414076,38386.0,0,0,0,57,WEBER
412,570259,96.0,204.7094474633849,0.4689573499883093,668.25,36.25,8.5,623.5,701.7794949025413,31.25,5.0,4.75,3.75,1.5,3.25,4.75,614.0,0.0,0.0,29.523588700137225,4.005906202404022,26382.0,0,0,0,57,WEBER
413,570260,165.0,357.95926924750825,0.46094629801557674,373.75,46.0,49.0,278.75,400.8628364851318,32.0,14.0,23.75,25.25,51.25,10.75,56.75,160.0,0.0,0.0,20.102500630924776,7.010335854207038,26382.0,0,0,0,57,WEBER
414,570261,68.0,144.09661322436943,0.47190560887172833,195.25,24.25,68.5,102.5,208.07940520346787,19.25,5.0,3.25,65.25,11.75,36.0,17.0,37.75,0.0,0.0,9.824975551664853,3.004429651803016,26382.0,0,0,251,57,WEBER
415,570262,415.0,1207.673054420515,0.3436360515629223,81.25,3.0,12.75,65.5,117.80080246483314,3.0,0.0,6.5,6.25,6.25,7.0,10.75,41.5,0.0,0.0,18.52422455401505,18.026577910818094,34285.0,0,0,0,57,WEBER
416,570263,425.0,952.2408201974168,0.44631567034890374,25.0,6.0,2.75,16.25,60.07257922787357,6.0,0.0,1.75,1.0,1.75,1.25,2.75,10.5,0.0,0.0,17.046001317055474,18.026577910818094,30060.0,0,0,0,57,WEBER
417,570264,360.0,868.2166668913244,0.41464304214406605,411.0,73.25,23.75,314.0,461.05216626926057,49.25,24.0,11.25,12.5,30.0,61.0,70.0,153.0,0.0,0.0,34.02854145964447,16.023624809616088,49860.0,0,0,0,57,WEBER
418,570265,411.0,1133.9178256315097,0.3624601278060894,134.0,2.0,1.0,131.0,172.36924203012595,2.0,0.0,0.0,1.0,1.0,34.25,10.25,85.5,0.0,0.0,20.34266411930788,18.026577910818094,56499.0,0,0,0,57,WEBER
419,570266,521.0,1069.076797627899,0.487336364568019,28.5,0.0,0.0,28.5,71.04275832890376,0.0,0.0,0.0,0.0,8.25,1.25,13.0,6.0,0.0,0.0,20.510274215681637,22.03248411322212,30663.0,0,0,0,57,WEBER
420,570267,149.0,360.07751049140575,0.4137997949293095,157.0,0.0,0.0,157.0,174.43034465826463,0.0,0.0,0.0,0.0,0.0,157.0,0.0,0.0,0.0,0.0,11.421485354658593,6.008859303606032,83523.0,0,0,1205,57,WEBER
421,570268,108.0,261.09919603533245,0.4136358963946608,60.75,0.0,1.0,59.75,72.05584664833461,0.0,0.0,1.0,0.0,7.0,36.25,5.25,11.25,0.0,0.0,6.298463895329579,5.007382753005028,74368.0,0,0,0,57,WEBER
422,570269,0.0,0.0,0.0,3895.0,1.5,3328.5,565.0,4040.383771826054,1.25,0.25,3258.25,70.25,426.5,58.75,51.75,28.0,0.0,0.0,145.38377182605402,0.0,49643.0,0,0,0,57,WEBER
423,570270,37.0,85.46633113815291,0.4329190162637376,572.75,124.0,146.0,302.75,597.5211848556461,121.5,2.5,33.5,112.5,46.75,10.5,46.5,199.0,0.0,0.0,22.768231754444077,2.002953101202011,36574.0,0,0,0,57,WEBER
424,570271,0.0,0.0,0.0,467.0,156.25,122.0,188.75,484.4311670925409,154.25,2.0,109.0,13.0,20.5,11.5,54.75,102.0,0.0,0.0,17.43116709254089,0.0,36574.0,0,0,0,57,WEBER
425,570272,142.0,379.34896029505705,0.37432552837248484,672.25,200.25,53.0,419.0,708.6482986086424,184.5,15.75,25.0,28.0,48.0,18.0,73.25,279.75,0.0,0.0,30.389439305036355,6.008859303606032,36574.0,0,0,0,57,WEBER
426,570273,179.25,481.1450595733888,0.37254876971808354,553.75,76.25,55.25,422.25,589.8728600948348,76.25,0.0,22.5,32.75,71.25,10.75,180.25,160.0,0.0,0.0,28.111047690026652,8.011812404808044,36574.0,0,0,0,57,WEBER
427,570274,75.25,188.7155303790556,0.3987483163089557,416.0,66.75,34.5,314.75,437.3420375005073,31.0,35.75,16.25,18.25,43.5,68.75,69.25,133.25,0.0,0.0,18.33760784870424,3.004429651803016,36641.0,551,0,0,57,WEBER
428,570275,58.0,147.68529415729256,0.3927269829467717,310.75,28.0,44.25,238.5,326.51510826137803,27.75,0.25,19.5,24.75,38.75,10.25,45.0,144.5,0.0,0.0,13.762155160176029,2.002953101202011,36641.0,0,0,0,57,WEBER
429,570276,122.5,312.5162589523597,0.39197960583124103,465.25,64.0,49.25,352.0,492.4442756201257,64.0,0.0,22.5,26.75,52.0,28.25,65.0,206.75,0.0,0.0,21.93626772504298,5.258007895082772,36641.0,0,0,0,57,WEBER
430,570277,384.0,1062.5281345839608,0.3614021949172739,0.0,0.0,0.0,0.0,31.607945726847483,0.0,0.0,0.0,0.0,0.0,0.0,0.0,0.0,0.0,0.0,14.582844366630388,17.025101360217093,46361.0,0,0,0,57,WEBER
431,570278,241.0,697.5796793462166,0.34548024711079495,45.0,0.0,4.5,40.5,65.68997824595863,0.0,0.0,0.25,4.25,2.5,6.75,3.75,27.5,0.0,0.0,10.67521273994858,10.014765506010056,37492.0,494,0,0,57,WEBER
432,570279,787.75,1472.6202324456865,0.534930854977951,338.75,48.5,32.5,257.75,414.849319228581,15.0,33.5,18.5,14.0,30.0,56.25,30.0,141.5,0.0,0.0,42.04911650814681,34.050202720434186,58206.0,0,0,0,57,WEBER
433,570280,379.9999998482961,917.2069425438648,0.41430126858216937,356.4999998576778,5.749999997704481,16.999999993213248,333.74999986676005,400.01355745643343,5.749999997704481,0.0,11.749999995309157,5.249999997904091,13.49999999461052,170.24999993203267,54.249999978342274,95.7499999617746,0.0,0.0,27.489932795536593,16.023624803219125,74486.0,0,871,0,57,WEBER
434,570281,11.5,36.18125783306623,0.3178441184399646,1413.25,729.5,144.75,539.0,1466.9254441768044,462.25,267.25,21.75,123.0,98.25,51.0,69.0,320.75,0.0,0.0,53.17464885092825,0.5007953258762474,51729.0,0,0,0,57,WEBER
435,570282,77.0,194.76856808533364,0.3953409975590318,304.5,10.75,26.75,267.0,321.7413695088986,10.75,0.0,12.75,14.0,29.25,11.75,45.75,180.25,0.0,0.0,14.236939857095535,3.004429651803016,36641.0,0,0,0,57,WEBER
436,570283,492.75,986.4724419352224,0.4995071114539628,551.25,62.0,45.0,444.25,611.4985066869392,34.5,27.5,24.5,20.5,58.0,63.25,67.0,256.0,0.0,0.0,38.967328940519565,21.281177746419612,56636.0,0,0,0,57,WEBER
437,570284,234.75000006780556,711.4868490424756,0.3299428519075706,3620.250001045679,44.25000001278124,16.000000004621466,3560.000001028276,3774.3993355875646,1.0000000002888416,43.2500000124924,1.0000000002888416,15.000000004332625,14.000000004043782,3463.0000010002586,22.000000006354515,61.000000017619335,0.0,0.0,143.884398849112,10.264935692773497,96760.0,33,0,0,57,WEBER
438,570285,181.5,431.52854163130206,0.4205979037073139,0.0,0.0,0.0,0.0,15.532697986599556,0.0,0.0,0.0,0.0,0.0,0.0,0.0,0.0,0.0,0.0,7.520885581791511,8.011812404808044,109652.0,0,0,0,57,WEBER
439,570286,274.5,630.0719456978084,0.43566453303358815,1697.5,12.75,49.75,1635.0,1783.1197766049725,12.0,0.75,29.5,20.25,179.25,55.75,408.25,991.75,0.0,0.0,73.60205799776021,12.017718607212064,64041.0,0,0,0,57,WEBER
440,570287,172.0,389.8714471081244,0.4411710610659278,4489.25,234.5,29.0,4225.75,4670.241511621964,169.0,65.5,11.25,17.75,27.0,22.5,3750.5,425.75,0.0,0.0,173.98117576775658,7.010335854207038,76085.0,0,0,0,57,WEBER
441,570288,273.0,643.9750688374919,0.42392945505300605,376.5,164.75,18.0,193.75,413.7591676048304,32.0,132.75,3.75,14.25,7.75,104.5,10.0,71.5,0.0,0.0,25.241448997618257,12.017718607212064,85639.0,0,0,0,57,WEBER
442,570289,261.0,606.3776545065798,0.4304248318853047,606.5,32.0,49.25,525.25,649.8963791644519,1.5,30.5,0.0,49.25,0.75,0.5,1.5,522.5,0.0,0.0,32.38013710784082,11.01624205661106,79597.0,0,0,0,57,WEBER
443,570290,429.0,1003.1220154610212,0.42766482380793674,709.0,114.0,25.25,569.75,769.5025633364558,10.75,103.25,22.0,3.25,9.5,181.5,254.5,124.25,0.0,0.0,42.47598542563762,18.026577910818094,92070.0,630,0,0,57,WEBER
444,570291,460.25,1258.3578946795683,0.36575445026090875,0.0,0.0,0.0,0.0,37.209162197054575,0.0,0.0,0.0,0.0,0.0,0.0,0.0,0.0,0.0,0.0,17.179631185034463,20.02953101202011,106185.0,0,0,0,57,WEBER
445,570292,184.5,495.6819637666584,0.37221447114596473,0.0,0.0,0.0,0.0,14.898402690143774,0.0,0.0,0.0,0.0,0.0,0.0,0.0,0.0,0.0,0.0,6.88659028533573,8.011812404808044,109367.0,0,0,0,57,WEBER
446,570293,239.25,634.4541817216615,0.3770957886206514,195.25,55.75,13.75,125.75,221.48323208276997,2.75,53.0,10.5,3.25,7.0,21.75,9.25,87.75,0.0,0.0,16.218466576759884,10.014765506010056,127550.0,0,0,0,57,WEBER
447,570294,446.5,1270.4241673685135,0.35145741986698464,228.75,82.75,22.5,123.5,273.9877582540045,76.0,6.75,19.5,3.0,15.0,1.0,8.0,99.5,0.7538533276012404,0.0,25.204883949273643,19.279020977129644,60702.0,0,0,0,57,WEBER
448,570295,744.75,2186.716314782264,0.34057915741766276,651.75,91.0,150.5,410.25,788.4540581211764,76.75,14.25,35.0,115.5,46.5,87.5,58.75,217.5,0.0,0.0,104.65623964889036,32.047818472286075,60702.0,0,0,0,57,WEBER
449,570296,278.25,727.5809352117815,0.3824316808397516,0.0,0.0,0.0,0.0,24.91043754012632,0.0,0.0,0.0,0.0,0.0,0.0,0.0,0.0,2.009378896005156,0.0,10.8833400369091,12.017718607212064,88528.0,0,0,0,57,WEBER
450,570297,283.0,776.0440118722211,0.3646700389031507,169.0,0.0,116.0,53.0,200.16735955946825,0.0,0.0,0.0,116.0,0.0,53.0,0.0,0.0,1.004689448002578,0.0,17.643587635451663,12.519082476014002,60702.0,0,0,0,57,WEBER
451,570298,3.0,8.886374033389735,0.33759551294237394,629.5,144.5,83.0,402.0,659.36309903367,53.75,90.75,25.0,58.0,49.5,103.75,65.0,183.75,0.0,0.0,29.612815265225,0.2502837684449489,60702.0,0,0,0,57,WEBER
452,570299,73.0,184.65395182644608,0.39533407911362645,0.0,0.0,0.0,0.0,8.999231262622324,0.0,0.0,0.0,0.0,0.0,0.0,0.0,0.0,3.0140683440077343,0.0,2.7301081247338286,3.255054793880761,88528.0,0,0,0,57,WEBER
453,570300,362.5,1046.0116388153308,0.3465544612969626,617.5,192.75,208.0,216.75,672.8588902525081,126.75,66.0,164.0,44.0,35.0,12.25,12.0,157.5,1.004689448002578,0.0,38.33057599488951,16.023624809616088,60702.0,0,0,0,57,WEBER
454,570301,180.5,523.1629771990125,0.34501676889750044,326.0,15.0,229.0,82.0,356.42301950293125,2.0,13.0,215.0,14.0,1.0,30.0,9.0,42.0,1.004689448002578,0.0,21.406517650120666,8.011812404808044,60702.0,0,0,0,57,WEBER
455,570302,539.25,1559.7634007828058,0.3457255117855465,762.5,148.75,87.0,526.75,840.1279054954858,60.5,88.25,36.5,50.5,64.25,79.5,74.75,308.25,0.0,0.0,54.34331968958501,23.28458580590087,60702.0,0,0,0,57,WEBER
456,570303,153.0,503.5879680694163,0.3038198084568016,0.0,0.0,0.0,0.0,14.73045742754149,0.0,0.0,0.0,0.0,0.0,0.0,0.0,0.0,2.009378896005156,0.0,5.710742677329296,7.010335854207038,95539.0,0,0,0,57,WEBER
457,570304,144.0,414.41417275662064,0.3474784634949468,463.75,129.0,46.25,288.5,496.4615691295601,91.25,37.75,32.25,14.0,32.25,64.5,36.5,155.25,4.018757792010312,0.0,22.683952033943758,6.008859303606032,60702.0,0,0,0,57,WEBER
458,570305,184.0,607.0609330450063,0.30309972192916357,158.0,1.0,1.0,156.0,181.79082380785457,1.0,0.0,1.0,0.0,6.75,119.0,15.75,14.5,3.0140683440077343,0.0,12.764943059038783,8.011812404808044,95539.0,865,0,0,57,WEBER
459,570306,447.0,1285.6490903187987,0.3476842968785197,675.5,186.0,278.25,211.25,754.2958004404461,53.0,133.0,87.5,190.75,21.0,4.25,9.5,176.5,3.0140683440077343,14.6,41.90305249294153,19.27867960349685,60702.0,0,0,0,57,WEBER
460,570307,365.5,1059.4290132227304,0.3449971592605031,272.0,49.75,5.25,217.0,311.8180330416071,0.0,49.75,0.25,5.0,0.0,170.0,0.0,47.0,0.0,0.0,23.79440823199104,16.023624809616088,95539.0,785,215,0,57,WEBER
461,570308,282.0,819.8667653662503,0.34395832580678537,0.0,0.0,0.0,0.0,28.300178399799652,0.0,0.0,0.0,0.0,0.0,0.0,0.0,0.0,4.018757792010312,0.0,12.013759089260082,12.26766151852926,95539.0,0,0,0,57,WEBER
462,570309,355.75,1041.373521485969,0.3416161373993541,366.75,0.25,11.0,355.5,469.0129886210112,0.25,0.0,10.5,0.5,3.75,43.75,130.5,177.5,2.009378896005156,0.0,85.23123491695453,15.022374808051543,95539.0,0,0,0,57,WEBER
463,570310,201.5,591.9040950087376,0.34042677132859755,29.0,0.0,1.0,28.0,178.89474243412982,0.0,0.0,0.0,1.0,5.0,1.0,0.0,22.0,6.2793097261051205,0.0,134.85242669442735,8.763006013597359,95539.0,0,0,0,57,WEBER
464,570311,428.0,1231.3181534892267,0.34759497274296036,119.5,15.25,20.25,84.0,158.96765141061962,6.0,9.25,5.25,15.0,11.0,10.75,12.75,49.5,1.004689448002578,0.0,20.436384051798925,18.026577910818094,60702.0,0,0,0,57,WEBER
465,570312,785.75,1960.9437115539204,0.4006999259439957,75.5,50.0,11.0,14.5,143.7061622013066,6.0,44.0,8.0,3.0,4.5,0.0,1.0,9.0,2.009378896005156,0.0,32.146580584867266,34.050202720434186,67067.0,0,0,0,57,WEBER
466,570313,338.25,947.699174046418,0.3569170568712901,18.25,0.75,1.0,16.5,47.31339201570346,0.75,0.0,0.0,1.0,1.75,3.5,1.25,10.0,1.004689448002578,0.0,13.28752030789129,14.771182259809583,95539.0,0,0,0,57,WEBER
467,570314,718.0,2100.421806909378,0.3418361005575762,26.25,2.25,1.0,23.0,85.07519387968496,2.25,0.0,1.0,0.0,6.0,1.0,4.0,12.0,0.0,0.0,27.7794208110538,31.045773068631167,74477.0,0,0,0,57,WEBER
468,570315,263.0,765.3292194483047,0.34364296216154694,5.5,0.0,1.0,4.5,26.790111847658032,0.0,0.0,0.0,1.0,0.75,0.0,1.25,2.5,0.0,0.0,10.023244648969229,11.266867198688804,74477.0,0,0,0,57,WEBER
469,570316,312.5,842.9110383295119,0.37073900541071936,0.0,0.0,0.0,0.0,29.184473642263,0.0,0.0,0.0,0.0,0.0,0.0,0.0,0.0,0.0,0.0,15.914994716004983,13.26947892625802,102334.0,0,0,0,57,WEBER
470,570317,217.0,589.3298575620934,0.3682148413414406,197.0,0.0,6.0,191.0,221.46588678818244,0.0,0.0,1.0,5.0,0.0,188.0,0.0,3.0,0.0,0.0,15.452597832773389,9.013288955409047,102334.0,691,1078,0,57,WEBER
471,570318,149.0,436.1741911803988,0.341606640220431,96.0,0.0,0.0,96.0,111.15356683053864,0.0,0.0,0.0,0.0,0.0,96.0,0.0,0.0,0.0,0.0,9.1447075269326,6.008859303606032,74477.0,611,0,0,57,WEBER
472,570319,305.75,893.6869283644735,0.3421220455350619,56.75,1.0,14.25,41.5,83.29907536097085,1.0,0.0,1.25,13.0,4.75,14.5,3.0,19.25,0.0,0.0,13.52988020315778,13.019195157813073,74477.0,0,0,0,57,WEBER
473,570320,375.25,1090.467514407983,0.34411845840609384,262.25,37.75,15.5,209.0,348.8205417467547,8.0,29.75,9.5,6.0,30.0,20.25,21.5,137.25,1.004689448002578,0.0,69.29217140648906,16.2736808922631,74477.0,0,0,0,57,WEBER
474,570321,150.0,435.1370254828216,0.344718999339489,0.0,0.0,0.0,0.0,11.861508925565165,0.0,0.0,0.0,0.0,0.0,0.0,0.0,0.0,0.0,0.0,5.602024479881385,6.2594844456837775,74477.0,0,0,0,57,WEBER
475,570322,281.25,959.0985653842616,0.2932441045695002,0.0,0.0,0.0,0.0,27.53852779299697,0.0,0.0,0.0,0.0,0.0,0.0,0.0,0.0,5.02344724001289,0.0,10.497361945772017,12.017718607212064,94980.0,0,0,0,57,WEBER
476,570323,45.0,153.70944746338492,0.2927601441721364,0.0,0.0,0.0,0.0,11.965409436434555,0.0,0.0,0.0,0.0,0.0,0.0,0.0,0.0,7.032826136018047,0.0,2.929630199214498,2.002953101202011,94980.0,0,0,0,57,WEBER
477,570324,110.25,375.68273140796697,0.29346571131127047,0.0,0.0,0.0,0.0,13.141208408861772,0.0,0.0,0.0,0.0,0.0,0.0,0.0,0.0,4.018757792010312,0.0,4.115067863846432,5.007382753005028,94980.0,0,0,0,57,WEBER
478,570325,30.0,103.83217222522208,0.28892778949983905,0.0,0.0,0.0,0.0,4.13060891274916,0.0,0.0,0.0,0.0,0.0,0.0,0.0,0.0,2.009378896005156,0.0,1.119753466142999,1.0014765506010057,94980.0,0,0,0,57,WEBER
479,570326,112.0,380.37631188656826,0.29444525460723076,37.25,3.75,0.0,33.5,48.83334994198144,3.75,0.0,0.0,0.0,4.25,21.25,1.25,6.75,1.004689448002578,0.0,5.571277740973832,5.007382753005028,94980.0,0,0,0,57,WEBER
480,570327,127.25,432.08925090004624,0.2944993418256459,72.25,5.5,12.0,54.75,86.20842548706325,2.25,3.25,1.0,11.0,6.0,5.0,17.0,26.75,1.004689448002578,0.0,7.696183102257133,5.257552936803529,94980.0,0,0,0,57,WEBER
481,570328,95.75,322.906322396183,0.29652562789563963,9.0,0.0,7.0,2.0,17.919421105066768,0.0,0.0,7.0,0.0,1.0,0.0,0.0,1.0,1.004689448002578,0.0,3.908825454660168,4.005906202404022,94980.0,0,0,0,57,WEBER
482,570329,60.5,202.27514716959243,0.2990975453315346,0.0,0.0,0.0,0.0,6.26716536236494,0.0,0.0,0.0,0.0,0.0,0.0,0.0,0.0,1.004689448002578,0.0,2.2580462625593465,3.004429651803016,94980.0,0,0,0,57,WEBER
483,570330,111.0,374.1666865766362,0.2966592269760102,0.0,0.0,0.0,0.0,10.155160025736702,0.0,0.0,0.0,0.0,0.0,0.0,0.0,0.0,1.004689448002578,0.0,4.143087824729096,5.007382753005028,94980.0,0,0,0,57,WEBER
484,570331,215.0,773.0418303120425,0.27812207770595554,0.0,0.0,0.0,0.0,23.06632548411601,0.0,0.0,0.0,0.0,0.0,0.0,0.0,0.0,6.0281366880154685,0.0,8.024899840691493,9.013288955409047,102334.0,0,0,0,57,WEBER
485,570332,239.75,864.3758465992153,0.2773677688279561,22.75,1.0,1.0,20.75,43.567350031222055,1.0,0.0,0.0,1.0,1.5,1.0,1.25,17.0,1.004689448002578,0.0,9.797895077209418,10.014765506010056,102334.0,0,0,0,57,WEBER
486,570333,81.0,223.2281937645953,0.36285739105795184,0.0,0.0,0.0,0.0,11.051211250402003,0.0,0.0,0.0,0.0,0.0,0.0,0.0,0.0,5.02344724001289,0.0,3.023334358586097,3.004429651803016,94145.0,0,0,0,57,WEBER
487,570334,111.0,306.67700543409285,0.3619443193756329,0.0,0.0,0.0,0.0,15.178607265749594,0.0,0.0,0.0,0.0,0.0,0.0,0.0,0.0,6.0281366880154685,0.0,4.143087824729096,5.007382753005028,93962.0,0,0,0,57,WEBER
488,570335,99.5,274.1149337335494,0.362986425601744,0.0,0.0,0.0,0.0,10.734000990046514,0.0,0.0,0.0,0.0,0.0,0.0,0.0,0.0,3.0140683440077343,0.0,3.714026443634757,4.005906202404022,93962.0,0,0,0,57,WEBER
489,570336,168.0,509.3026998098382,0.32986277131993863,29.5,21.5,5.0,3.0,43.88269977161898,11.5,10.0,0.0,5.0,0.0,0.0,0.0,3.0,0.0,0.0,7.372363917411946,7.010335854207038,93962.0,0,0,0,57,WEBER
490,570337,105.0,318.79524252115965,0.3293650155178547,159.0,7.75,33.0,118.25,173.86068288392192,4.75,3.0,26.0,7.0,3.75,97.0,1.0,16.5,0.0,0.0,9.85330013091689,5.007382753005028,93962.0,668,0,0,57,WEBER
491,570338,69.0,199.22651358436948,0.34633944427672536,18.5,16.25,0.0,2.25,52.03356593545948,16.25,0.0,0.0,0.0,0.0,1.25,0.0,1.0,1.004689448002578,0.0,30.024673102099403,2.504203385357501,93962.0,0,0,0,57,WEBER
492,570339,165.0,456.7036840267496,0.36128458291642723,0.0,0.0,0.0,0.0,14.173669365996112,0.0,0.0,0.0,0.0,0.0,0.0,0.0,0.0,1.004689448002578,0.0,6.158644063786495,7.010335854207038,93962.0,0,0,0,57,WEBER
493,570340,84.0,233.0248900715492,0.3604765137930467,41.75,0.0,16.0,25.75,56.464114043880166,0.0,0.0,0.0,16.0,3.0,5.5,3.0,14.25,3.0140683440077343,0.0,7.694139497468413,4.005906202404022,93962.0,0,0,0,57,WEBER
494,570341,131.25,369.9717349534266,0.3547568303198141,0.0,0.0,0.0,0.0,12.705114504744603,0.0,0.0,0.0,0.0,0.0,0.0,0.0,0.0,2.009378896005156,0.0,4.935908886575498,5.759826722163951,93962.0,0,0,0,57,WEBER
495,570342,59.25,214.834195132865,0.275794083727484,0.0,0.0,0.0,0.0,5.717689992622122,0.0,0.0,0.0,0.0,0.0,0.0,0.0,0.0,1.004689448002578,0.0,2.2092521175412863,2.503748427078258,102334.0,0,0,0,57,WEBER
496,570343,436.5,1570.7084814392902,0.2779000719471644,99.5,0.0,0.0,99.5,143.28937195454904,0.0,0.0,0.0,0.0,4.25,95.0,0.0,0.25,0.0,0.0,24.76097611949715,19.028395835051903,102334.0,842,0,0,57,WEBER
497,570344,652.25,1668.004253213204,0.39103617316533873,96.75,22.0,29.25,45.5,152.9975749819948,22.0,0.0,1.25,28.0,4.25,2.25,4.75,34.25,0.0,0.0,28.206231565166643,28.041343416828152,67182.0,0,0,0,57,WEBER
498,570345,725.25,1549.403261538993,0.46808343444406,50.5,15.75,4.0,30.75,110.5004568964518,10.0,5.75,2.0,2.0,1.25,3.25,2.0,24.25,0.0,0.0,28.954683827820627,31.045773068631167,48340.0,0,0,0,57,WEBER
499,570346,503.0,1381.9654076176462,0.3639743782495365,274.0,152.25,3.0,118.75,324.53578881258284,81.5,70.75,2.0,1.0,4.25,88.0,2.5,24.0,0.0,0.0,29.00410002523699,21.53168878734587,74238.0,550,0,0,57,WEBER
500,570347,663.0,1611.7249271459982,0.41136051743893026,247.25,121.25,7.5,118.5,309.787733397933,41.5,79.75,2.5,5.0,18.5,11.75,10.0,78.25,0.0,0.0,33.9943433650373,28.54339003289568,71613.0,0,0,0,57,WEBER
501,570348,363.0,858.5338980205962,0.4228138234691947,51.0,0.0,0.0,51.0,82.47622264238947,0.0,0.0,0.0,0.0,0.0,51.0,0.0,0.0,0.0,0.0,15.452597832773389,16.023624809616088,70658.0,441,0,0,57,WEBER
502,570349,434.0,1262.0036248461151,0.3438975859145576,720.0,92.25,120.25,507.5,782.1024404927444,42.25,50.0,48.75,71.5,40.75,140.0,21.75,305.0,0.0,0.0,43.07438603132542,19.028054461419103,68303.0,507,0,0,57,WEBER
503,570350,694.25,1796.7479094243265,0.3863925464215155,182.75,35.5,10.0,137.25,245.28004269485248,35.5,0.0,6.75,3.25,15.5,9.25,13.5,99.0,0.0,0.0,32.73602994526728,29.79401274958521,74477.0,0,0,0,57,WEBER
504,570351,487.75000000641984,1239.8898929423194,0.39338170492620533,412.5000000054294,4.50000000005923,7.750000000102006,400.25000000526813,469.63675056159434,4.50000000005923,0.0,3.750000000049358,4.0000000000526486,16.750000000220467,314.2500000041362,9.00000000011846,60.250000000793015,0.0,0.0,36.105742993266915,21.03100756289793,58199.0,0,846,1835,57,WEBER
505,570352,684.25,1677.575847237009,0.4078802166393665,272.25,50.5,35.0,186.75,337.7346964527991,23.5,27.0,26.0,9.0,20.0,34.0,25.5,107.25,0.0,0.0,35.691138661493085,29.79355779130597,52663.0,0,0,0,57,WEBER
506,570353,629.25,2301.5634281595285,0.2734011117404602,10.0,3.0,2.0,5.0,60.89949891878318,1.0,2.0,0.0,2.0,0.0,0.25,0.25,4.5,0.0,0.0,23.859632052556037,27.039866866227147,78915.0,0,0,0,57,WEBER
507,570354,91.75,315.0544481443922,0.2912195036140235,162.75,18.0,1.25,143.5,177.00383893793614,11.0,7.0,1.25,0.0,3.25,94.0,3.75,42.5,0.0,0.0,10.247932735532109,4.005906202404022,79237.0,0,0,0,57,WEBER
508,570355,411.75,1219.8236703697946,0.3375487867645463,55.25,0.0,1.0,54.25,91.9564003449259,0.0,0.0,1.0,0.0,2.0,1.0,1.0,50.25,0.0,0.0,18.67982243410779,18.026577910818094,84072.0,0,0,0,57,WEBER
509,570356,424.25,1239.3437059037924,0.34231827537350934,86.0,12.5,13.5,60.0,126.32021325995608,12.5,0.0,10.5,3.0,6.25,4.25,6.25,43.25,0.0,0.0,22.293635349138,18.026577910818094,62368.0,0,0,0,57,WEBER
510,570357,477.0,1196.29417738273,0.39873135639896506,0.0,0.0,0.0,0.0,38.8350876742948,0.0,0.0,0.0,0.0,0.0,0.0,0.0,0.0,0.0,0.0,17.804080111673684,21.031007562621117,85552.0,0,0,0,57,WEBER
511,570358,394.25,1008.685329107456,0.39085529314563894,293.25,9.0,5.0,279.25,335.9355189141217,9.0,0.0,0.0,5.0,0.0,193.0,26.0,60.25,0.0,0.0,25.66041755390464,17.025101360217093,56266.0,448,0,0,57,WEBER
512,570359,410.7500000785687,1043.7487646194884,0.39353339999239445,333.5000000637922,35.50000000679047,19.000000003634337,279.0000000533674,378.7940590103209,10.75000000205627,24.750000004734204,10.25000000196063,8.750000001673708,22.50000000430382,26.500000005068948,43.00000000822508,187.00000003576955,0.0,0.0,27.76861721536224,17.52544173116638,56202.0,0,0,0,57,WEBER
513,570360,574.75,1423.137479815488,0.40386119271801996,0.0,0.0,0.0,0.0,46.48888560212036,0.0,0.0,0.0,0.0,0.0,0.0,0.0,0.0,0.0,0.0,21.451971837095225,25.036913765025133,79026.0,0,0,0,57,WEBER
514,570361,208.5,716.2623607153073,0.2910944528646989,332.75,122.25,10.25,200.25,361.9647757690812,15.75,106.5,6.25,4.0,19.75,26.0,21.75,132.75,0.0,0.0,20.20148681367214,9.013288955409047,79237.0,0,0,0,57,WEBER
515,570362,309.0,918.4497171804168,0.336436490991157,94.0,1.75,3.5,88.75,122.30700591953868,1.75,0.0,1.5,2.0,5.75,13.0,36.5,33.5,0.0,0.0,15.037640577927096,13.269365341611572,84072.0,0,0,0,57,WEBER
516,570363,413.5,1100.8607887400017,0.3756151588188316,647.75,13.25,17.25,617.25,705.6390294084758,13.25,0.0,9.75,7.5,29.5,179.25,108.75,299.75,0.0,0.0,39.86245149765769,18.026577910818094,70540.0,533,0,0,57,WEBER
517,570364,605.0,1659.4816403948337,0.3645716742344042,136.75,0.0,1.75,135.0,190.4743208902409,0.0,0.0,0.5,1.25,2.5,117.5,2.25,12.75,0.0,0.0,27.685930574614744,26.038390315626145,52472.0,0,946,0,57,WEBER
518,570365,228.25,512.9378699253994,0.44498566665236905,560.75,174.5,31.75,354.5,606.9613487189537,39.5,135.0,15.0,16.75,26.25,30.25,39.25,258.75,0.0,0.0,36.447208355021374,9.76414036393231,45697.0,0,0,0,57,WEBER
519,570366,69.5,154.187159721019,0.4507508934320532,930.0,359.5,99.0,471.5,973.555760698949,285.75,73.75,31.5,67.5,93.75,40.0,78.5,259.25,0.0,0.0,40.5517861086137,3.0039745903353605,45697.0,0,0,0,57,WEBER
520,570367,680.75,1652.1146099907824,0.4120476847570509,0.0,0.0,0.0,0.0,54.45250308545941,0.0,0.0,0.0,0.0,0.0,0.0,0.0,0.0,0.0,0.0,25.40968311803025,29.04281996742916,80671.0,0,0,0,57,WEBER
521,570368,436.75,1060.2438374957385,0.41193354260052983,361.5,162.0,5.5,194.0,410.3246768450529,139.25,22.75,3.5,2.0,11.5,16.75,62.0,103.75,0.0,0.0,29.79662238363381,19.028054461419103,81022.0,0,0,0,57,WEBER
522,570369,315.0,1073.9308672091788,0.2933149699091801,557.5,169.0,22.25,366.25,609.3427245347169,149.25,19.75,13.75,8.5,40.0,34.5,87.75,204.0,0.0,0.0,38.322848152179056,13.519876382537827,73142.0,0,0,0,57,WEBER
523,570370,611.0,1506.9470295107308,0.4054555256652763,39.0,6.75,3.0,29.25,89.29971541539112,6.75,0.0,3.0,0.0,3.5,0.0,5.25,20.5,0.0,0.0,24.261325099764974,26.038390315626145,62309.0,0,0,0,57,WEBER
524,570371,477.75,1437.563808181798,0.332333074386624,3.0,1.0,1.0,1.0,41.97490750583788,1.0,0.0,0.0,1.0,0.0,0.0,0.0,1.0,0.0,0.0,17.94389994321677,21.031007562621117,66232.0,0,0,0,57,WEBER
525,570372,340.25,955.1370345597654,0.3562316062394392,57.0,0.0,0.0,57.0,89.59839256097568,0.0,0.0,0.0,0.0,0.0,57.0,0.0,0.0,0.0,0.0,17.576244301960596,15.02214825901508,57492.0,357,0,0,57,WEBER
526,570373,363.75,968.9036769664298,0.37542431579873453,1273.0,270.25,66.5,936.25,1350.6146291711573,157.25,113.0,31.75,34.75,84.5,44.25,263.25,544.25,0.0,0.0,61.84117454533983,15.773454625817584,59752.0,0,0,0,57,WEBER
527,570374,0.0,0.0,0.0,343.25,0.0,178.0,165.25,356.06275532737106,0.0,0.0,178.0,0.0,88.25,77.0,0.0,0.0,0.0,0.0,12.812755327371091,0.0,59752.0,0,0,0,57,WEBER
528,570375,348.5,902.0118978052216,0.3863585401123548,0.0,0.0,0.0,0.0,28.02977357644911,0.0,0.0,0.0,0.0,0.0,0.0,0.0,0.0,0.0,0.0,13.007625317434028,15.02214825901508,64688.0,0,0,0,57,WEBER
529,570376,306.0,705.5072194279396,0.4337305013662653,93.0,0.75,32.75,59.5,120.91350737093946,0.75,0.0,2.75,30.0,4.25,27.0,4.5,23.75,0.0,0.0,14.894312213126389,13.019195157813073,51688.0,0,0,0,57,WEBER
530,570377,662.25,1710.1639117113637,0.38724358259746305,170.25,4.75,13.25,152.25,230.8673923187281,4.75,0.0,2.0,11.25,12.75,106.75,5.5,27.25,0.0,0.0,31.574572351298915,29.04281996742916,64365.0,456,0,0,57,WEBER
531,570378,308.5,715.9337242551863,0.43090580810527473,64.75,21.5,3.25,40.0,91.7009981042318,21.5,0.0,2.0,1.25,2.75,9.0,7.0,21.25,0.0,0.0,13.931802946418712,13.019195157813073,51729.0,0,0,0,57,WEBER
532,570379,0.0,0.0,0.0,2343.5,1086.75,114.5,1142.25,2430.9740118140667,554.0,532.75,57.0,57.5,124.25,230.0,156.5,631.5,0.0,0.0,87.47401181406647,0.0,51729.0,0,0,0,57,WEBER
533,570380,123.25,306.4708841570832,0.4021589207046095,962.75,463.0,75.25,424.5,1008.2906620634042,156.0,307.0,43.0,32.25,60.0,57.0,77.75,229.75,0.0,0.0,40.53327931039922,5.007382753005028,34543.0,0,0,0,57,WEBER
534,570381,3.0,5.717736186584623,0.5246831791643033,2893.75,39.5,59.75,2794.5,3001.8642861086137,23.25,16.25,49.25,10.5,64.75,118.0,435.0,2176.75,0.0,0.0,108.1142861086137,0.0,54586.0,0,0,0,57,WEBER
535,570382,304.5,780.7840674532424,0.3899925891075321,1911.0,593.25,253.25,1064.5,2006.7107606793516,476.0,117.25,48.25,205.0,127.0,228.25,149.75,559.5,0.0,0.0,82.6915655215382,13.019195157813073,63722.0,0,0,0,57,WEBER
536,570383,185.25,444.35169058256105,0.4168995053380591,1388.75,865.75,65.0,458.0,1455.5994219763154,618.0,247.75,24.5,40.5,56.5,108.75,67.5,225.25,0.0,0.0,58.83670089433586,8.012721081979617,34543.0,0,0,0,57,WEBER
537,570384,624.0,1368.4356331404938,0.4559951413775671,793.25,184.0,48.5,560.75,877.4384181052056,183.5,0.5,12.25,36.25,32.25,89.5,142.25,296.75,0.0,0.0,57.14855123897853,27.039866866227147,54586.0,487,302,252,57,WEBER
538,570385,573.5,1200.150405474889,0.4778567731042602,2267.75,1137.25,209.0,921.5,2398.471045329913,838.0,299.25,44.5,164.5,114.75,144.5,129.5,532.75,0.0,0.0,106.18356263505731,24.53748269485613,34543.0,0,0,0,57,WEBER
539,570386,225.0,492.2440583474879,0.45709033188810305,44.0,0.0,0.0,44.0,66.0646004817641,0.0,0.0,0.0,0.0,0.0,0.0,1.0,43.0,2.009378896005156,0.0,10.04045607974889,10.014765506010056,54586.0,0,0,0,57,WEBER
540,570387,0.0,0.0,0.0,90.0,0.0,2.0,88.0,93.359260398429,0.0,0.0,2.0,0.0,0.0,87.0,0.0,1.0,0.0,0.0,3.3592603984289973,0.0,54586.0,0,0,0,57,WEBER
541,570388,0.0,0.0,0.0,3492.25,0.0,1374.0,2118.25,3622.60033774192,0.0,0.0,1374.0,0.0,276.25,1842.0,0.0,0.0,0.0,0.0,130.3503377419202,0.0,54586.0,0,0,0,57,WEBER
542,570389,331.75,853.779883565466,0.3885661941513314,91.75,36.5,5.75,49.5,121.5780355863932,9.0,27.5,1.0,4.75,6.25,13.0,4.75,25.5,0.0,0.0,15.807363877979148,14.020671708414076,52605.0,0,0,0,57,WEBER
543,570390,851.0,2470.7707672044357,0.34442693401414476,254.5,7.25,10.5,236.75,332.8173740952928,7.25,0.0,5.0,5.5,13.0,117.5,18.75,87.5,0.0,0.0,41.26274172305557,37.0546323722372,70637.0,534,0,0,57,WEBER
544,570391,524.0,1302.632434925514,0.40226236193018095,0.0,0.0,0.0,0.0,42.59221670887115,0.0,0.0,0.0,0.0,0.0,0.0,0.0,0.0,0.0,0.0,19.558256045048022,23.033960663823123,33647.0,0,0,0,57,WEBER
545,570392,393.0,807.0018124230576,0.4869877538688552,198.0,0.0,0.0,198.0,237.0835387961388,0.0,0.0,0.0,0.0,1.0,167.25,1.5,28.25,0.0,0.0,22.0584374359217,17.025101360217093,32690.0,0,0,1381,57,WEBER
546,570393,439.0,1231.673054420515,0.35642575635182944,10.75,0.0,1.0,9.75,46.56535197399816,0.0,0.0,1.0,0.0,0.0,2.0,2.0,5.75,0.0,0.0,16.78729751257906,19.028054461419103,66420.0,0,0,0,57,WEBER
547,570394,426.0,1190.589780492474,0.35780585973431583,125.0,0.0,0.0,125.0,163.8427165723112,0.0,0.0,0.0,0.0,0.0,125.0,0.0,0.0,0.0,0.0,20.816138661493085,18.026577910818094,84419.0,486,651,0,57,WEBER
548,570395,356.25,844.2880506842663,0.4219531470465224,573.75,32.0,24.0,517.75,634.9758889613541,31.0,1.0,12.5,11.5,69.0,16.5,95.25,337.0,0.0,0.0,45.95368420637549,15.272204754978723,23450.0,0,0,0,57,WEBER
549,570396,10.25,29.03916064820533,0.3529716345514783,2103.75,28.5,17.75,2057.5,2199.957842654699,16.75,11.75,10.5,7.25,10.25,5.75,1951.5,90.0,0.0,0.0,95.70750228710232,0.5003403675970047,102339.0,0,0,0,57,WEBER
550,570397,108.0,262.00505057312864,0.41220579436828814,832.75,15.5,59.5,757.75,872.8742773412478,15.5,0.0,32.5,27.0,47.5,346.25,89.75,274.25,0.0,0.0,35.116894588242715,5.007382753005028,49500.0,0,0,0,57,WEBER
551,570398,357.0,853.439810082791,0.41830717970066095,16.0,0.0,0.0,16.0,46.95379525073152,0.0,0.0,0.0,0.0,0.0,16.0,0.0,0.0,2.009378896005156,0.0,13.922268095711289,15.02214825901508,91104.0,0,0,0,57,WEBER
552,570399,90.75,192.8842926252228,0.47048932168016744,95.75,2.0,29.5,64.25,147.70708022418296,1.75,0.25,2.75,26.75,6.25,16.5,13.0,28.5,1.004689448002578,0.0,46.94614268363854,4.00624809254186,69448.0,0,0,0,57,WEBER
553,570400,32.5,104.05274381634165,0.3123415953102029,1030.5,418.25,84.0,528.25,1071.662762127095,367.75,50.5,35.0,49.0,80.5,32.25,103.0,312.5,0.0,0.0,39.66037614946608,1.5023859776287418,45635.0,0,0,0,57,WEBER
554,570401,275.0,710.287110823634,0.38716738035850856,1432.25,502.25,100.75,829.25,1509.4840213091477,342.25,160.0,45.25,55.5,110.0,40.5,167.25,511.5,0.0,0.0,65.21630270193536,12.017718607212064,45635.0,0,0,0,57,WEBER
555,570402,133.0,284.287314386544,0.467836562763967,332.75,57.75,27.75,247.25,358.3906861068679,18.75,39.0,15.5,12.25,35.25,11.25,50.75,150.0,0.0,0.0,19.63182680326188,6.008859303606032,50734.0,0,0,0,57,WEBER
556,570403,313.0,671.7411766291702,0.46595327320955543,87.25,9.0,2.25,76.0,115.7088304438586,1.0,8.0,1.0,1.25,3.75,39.0,7.25,26.0,0.0,0.0,15.43963528604552,13.019195157813073,50602.0,0,0,0,57,WEBER
557,570404,326.0,585.9967618499289,0.556317067300599,24.25,0.0,1.0,23.25,51.3437130813064,0.0,0.0,1.0,0.0,9.25,2.75,5.75,5.5,0.0,0.0,13.073041372892316,14.020671708414076,49995.0,0,0,0,57,WEBER
558,570405,158.0,404.1816130654877,0.39091337876965715,153.0,0.0,0.0,153.0,171.61844678655612,0.0,0.0,0.0,0.0,0.0,1.0,0.0,152.0,0.0,0.0,11.608110932349089,7.010335854207038,46017.0,0,0,0,57,WEBER
559,570406,0.0,0.0,0.0,203.0,54.25,9.5,139.25,210.577035915393,30.5,23.75,4.0,5.5,9.5,6.75,63.5,59.5,0.0,0.0,7.577035915392987,0.0,46276.0,0,0,0,57,WEBER
560,570407,459.0,1141.1517828327403,0.402225196424441,9.0,0.0,0.0,9.0,46.4976850838509,0.0,0.0,0.0,0.0,0.0,0.0,0.0,9.0,0.0,0.0,17.468154071830785,20.02953101202011,46276.0,0,0,0,57,WEBER
561,570408,553.0,1329.819627757222,0.41584586996407175,299.5,6.0,21.5,272.0,356.6075893777075,6.0,0.0,8.25,13.25,22.25,108.0,26.25,115.5,0.0,0.0,33.072152163283334,24.03543721442413,61134.0,605,0,0,57,WEBER
562,570409,150.0,357.2299505512962,0.4198976031223363,149.5,5.0,11.75,132.75,170.18806737965335,5.0,0.0,4.25,7.5,13.25,7.25,16.75,95.5,0.0,0.0,14.17864043596902,6.509426943684344,96136.0,0,0,0,57,WEBER
563,570410,494.0,1191.552287890053,0.41458524734550495,80.5,1.0,3.5,76.0,122.97363284062234,1.0,0.0,1.5,2.0,11.25,26.75,5.75,32.25,0.0,0.0,21.44262527800123,21.031007562621117,83788.0,0,0,0,57,WEBER
564,570411,371.0,962.5622365842248,0.38542962304083417,8.0,0.0,0.0,8.0,41.16884101965095,0.0,0.0,0.0,0.0,2.0,0.0,1.0,5.0,0.0,0.0,17.14521621003486,16.023624809616088,108175.0,0,0,0,57,WEBER
565,570412,288.0,694.7545159254986,0.414534908947441,195.0,0.0,2.0,193.0,225.0457494121144,0.0,0.0,2.0,0.0,1.0,169.0,2.0,21.0,0.0,0.0,18.028030804902286,12.017718607212064,46344.0,469,856,0,57,WEBER
566,570413,366.0,947.5955439291092,0.386240735664942,419.25,53.0,133.75,232.5,464.5830204625444,33.0,20.0,131.5,2.25,2.75,1.0,105.25,123.5,0.0,0.0,29.30939565292828,16.023624809616088,108698.0,0,0,0,57,WEBER
567,570414,167.0,446.92682721821615,0.3736629574005427,0.0,0.0,0.0,0.0,13.493630149069734,0.0,0.0,0.0,0.0,0.0,0.0,0.0,0.0,0.0,0.0,6.483294294862695,7.010335854207038,110837.0,0,0,0,57,WEBER
568,570415,948.25,2463.3873755426657,0.38493742779334805,527.25,81.25,19.25,426.75,696.6343331139873,15.5,65.75,9.0,10.25,20.5,73.25,55.75,277.25,0.0,73.0,55.323794539346046,41.06053857464123,69448.0,0,0,0,57,WEBER
569,570416,212.5,552.2235578574395,0.38480792240098244,1107.75,206.5,35.0,866.25,1166.2901517344858,114.75,91.75,16.75,18.25,117.75,45.5,312.25,390.75,0.0,0.0,49.27646532279689,9.26368641168886,101315.0,0,0,0,57,WEBER
570,570417,1182.25,2681.309608853407,0.44092259845574444,1020.75,75.5,35.75,909.5,1155.5526252923423,50.5,25.0,23.5,12.25,145.0,37.25,341.5,385.75,0.0,0.0,83.72732121169103,51.07530408065128,63376.0,0,0,0,57,WEBER
571,570418,380.75,1137.6374546932648,0.3346848316475829,381.25,5.0,37.25,339.0,425.9634490100394,5.0,0.0,7.25,30.0,18.75,150.5,34.0,135.75,0.0,0.0,28.439654016624868,16.27379499341459,106232.0,727,0,0,57,WEBER
572,570419,911.75,2000.886388511703,0.45567304832243716,1264.75,299.25,66.5,899.0,1385.5368219411016,187.75,111.5,8.5,58.0,24.75,34.25,369.0,471.0,0.0,0.0,81.22866882758403,39.55815311351753,69448.0,0,0,0,57,WEBER
573,570420,301.5,754.0035392117018,0.3998654970707608,0.0,0.0,0.0,0.0,24.772594265054508,0.0,0.0,0.0,0.0,0.0,0.0,0.0,0.0,0.0,0.0,11.75339910724144,13.019195157813073,102669.0,0,0,0,57,WEBER
574,570421,98.0,278.72960449618154,0.35159523215031346,0.0,0.0,0.0,0.0,9.673146421142976,0.0,0.0,0.0,0.0,0.0,0.0,0.0,0.0,2.009378896005156,0.0,3.657861322733797,4.005906202404022,81308.0,0,0,0,57,WEBER
575,570422,307.0,877.2719823080131,0.34994848369865217,389.75,73.75,99.25,216.75,429.7805359331237,43.25,30.5,76.25,23.0,34.0,32.0,18.25,132.5,1.004689448002578,0.0,26.006651327308,13.019195157813073,81308.0,0,0,0,57,WEBER
576,570423,9.0,21.90959620664744,0.41077890779517756,418.75,30.75,133.5,254.5,434.7226040631556,8.0,22.75,90.0,43.5,23.5,37.75,27.5,165.75,0.0,0.0,15.97260406315557,0.0,87939.0,0,0,0,57,WEBER
577,570424,1.0,3.038954805921606,0.32906050397703623,0.0,0.0,0.0,0.0,0.0373251155380999,0.0,0.0,0.0,0.0,0.0,0.0,0.0,0.0,0.0,0.0,0.0373251155380999,0.0,111812.0,0,0,0,57,WEBER
578,570425,3.999999999718044,8.528950847927398,0.46899086077979635,0.0,0.0,0.0,0.0,0.14930046214187578,0.0,0.0,0.0,0.0,0.0,0.0,0.0,0.0,0.0,0.0,0.14930046214187578,0.0,111812.0,0,0,0,57,WEBER
579,570426,33.9,64.9,0.522342064714946,0.0,0.0,0.0,0.0,3.3093321450355098,0.0,0.0,0.0,0.0,0.0,0.0,0.0,0.0,0.0,0.0,1.3063790438334988,2.002953101202011,111812.0,0,0,0,57,WEBER
580,570427,1.9999999998540814,4.264870719081426,0.4689473917476318,12.49999999908801,0.0,0.0,12.49999999908801,13.041391621944769,0.0,0.0,0.0,0.0,0.7499999999452805,6.249999999544005,1.499999999890561,3.999999999708163,0.0,0.0,0.5413916228567607,0.0,111812.0,0,0,0,57,WEBER
581,570428,8.0,18.87094474633849,0.42393214052265354,0.0,0.0,0.0,0.0,0.2986009243047997,0.0,0.0,0.0,0.0,0.0,0.0,0.0,0.0,0.0,0.0,0.2986009243047997,0.0,87939.0,0,0,0,57,WEBER
3391,491172,0.0,0.0,0.0,0.0,0.0,0.0,0.0,1.0114045500615414,0.0,0.0,0.0,0.0,0.0,0.0,0.0,0.0,1.0114045500615414,0.0,0.0,0.0,75589.0,0,0,0,49,UTAH
3392,491173,0.0,0.0,0.0,0.0,0.0,0.0,0.0,2.022809100123083,0.0,0.0,0.0,0.0,0.0,0.0,0.0,0.0,2.022809100123083,0.0,0.0,0.0,75589.0,0,0,0,49,UTAH
3382,491163,0.0,0.0,0.0,0.0,0.0,0.0,0.0,1.0114045500615414,0.0,0.0,0.0,0.0,0.0,0.0,0.0,0.0,1.0114045500615414,0.0,0.0,0.0,75589.0,0,0,0,49,UTAH
2227,490011,0.0,0.0,0.0,0.0,0.0,0.0,0.0,0.0,0.0,0.0,0.0,0.0,0.0,0.0,0.0,0.0,0.0,0.0,0.0,0.0,66402.0,0,0,0,49,UTAH
2236,490020,0.0,0.0,0.0,0.0,0.0,0.0,0.0,4.045618200246166,0.0,0.0,0.0,0.0,0.0,0.0,0.0,0.0,4.045618200246166,0.0,0.0,0.0,66402.0,0,0,0,49,UTAH
2235,490019,0.0,0.0,0.0,300.75,0.0,3.25,297.5,311.7273791834021,0.0,0.0,2.75,0.5,296.5,1.0,0.0,0.0,0.0,0.0,10.977379183402135,0.0,66402.0,0,0,0,49,UTAH
2226,490010,0.0,0.0,0.0,0.0,0.0,0.0,0.0,0.0,0.0,0.0,0.0,0.0,0.0,0.0,0.0,0.0,0.0,0.0,0.0,0.0,66402.0,0,0,0,49,UTAH
2246,490030,0.0,0.0,0.0,0.0,0.0,0.0,0.0,5.057022737412764,0.0,0.0,0.0,0.0,0.0,0.0,0.0,0.0,5.057022737412764,0.0,0.0,0.0,81720.0,0,0,0,49,UTAH
2253,490037,27.313283625277347,76.22279694042109,0.3583348384162096,0.0,0.0,0.0,0.0,5.452872667908524,0.0,0.0,0.0,0.0,0.0,0.0,0.0,0.0,2.629975465942433,0.0,1.1211876443307374,1.7017095576353543,81720.0,0,0,0,49,UTAH
2252,490036,32.936413199063104,91.91518565327752,0.35833483841620956,0.0,0.0,0.0,0.0,5.062758372696637,0.0,0.0,0.0,0.0,0.0,0.0,0.0,0.0,1.658696454034151,0.0,1.3520124505713431,2.0520494680911434,81720.0,0,0,0,49,UTAH
2273,490057,0.0003032001762033131,0.0008461364726450154,0.35833483841620956,0.0,0.0,0.0,0.0,2.022849949249628,0.0,0.0,0.0,0.0,0.0,0.0,0.0,0.0,2.0228186127416934,0.0,0.000012446115816095152,0.000018890392118375778,81720.0,0,0,0,49,UTAH
2250,490034,1534.2499809816263,4243.75888080208,0.3615309031628229,36.999999541352565,0.9999999876041233,0.0,35.99999955374844,196.8876445900982,0.0,0.9999999876041233,0.0,0.0,29.9999996281237,5.749999928723709,0.24999999690103084,0.0,3.034213612572886,0.0,57.985706514291394,98.86772492188138,81720.0,0,0,0,49,UTAH
2251,490035,16.000000000818197,57.77149710671671,0.2769531828344809,0.0,0.0,0.0,0.0,3.6078730796838903,0.0,0.0,0.0,0.0,0.0,0.0,0.0,0.0,2.0228091002265236,0.0,0.5839864589625547,1.0010775204948117,81720.0,0,0,0,49,UTAH
2300,490084,0.0,0.0,0.0,0.0,0.0,0.0,0.0,0.0,0.0,0.0,0.0,0.0,0.0,0.0,0.0,0.0,0.0,0.0,0.0,0.0,66402.0,0,0,0,49,UTAH
2298,490082,6.057388800346634,20.015188078893623,0.3026396143004152,0.0,0.0,0.0,0.0,1.8566494985606798,0.0,0.0,0.0,0.0,0.0,0.0,0.0,0.0,0.9425339375634473,0.0,0.4477975524737558,0.4663180085234762,66402.0,0,0,0,49,UTAH
2264,490048,6.0,19.402632880726344,0.3092363823447959,0.0,0.0,0.0,0.0,1.2303994721613003,0.0,0.0,0.0,0.0,0.0,0.0,0.0,0.0,1.0114045500615414,0.0,0.2189949220997592,0.0,66402.0,0,0,0,49,UTAH
2295,490079,56.5,150.76306471364427,0.37476022464331527,0.0,0.0,0.0,0.0,7.088799449083812,0.0,0.0,0.0,0.0,0.0,0.0,0.0,0.0,1.0114045500615414,0.0,2.3236169844311245,3.753777914591146,66402.0,0,0,0,49,UTAH
2294,490078,0.0,0.0,0.0,0.0,0.0,0.0,0.0,6.068427300369248,0.0,0.0,0.0,0.0,0.0,0.0,0.0,0.0,6.068427300369248,0.0,0.0,0.0,66402.0,0,0,0,49,UTAH
2302,490086,0.4684878812970526,1.0958398423582274,0.4275149188670447,63.714351856399155,0.0,0.0,63.714351856399155,66.05509342580741,0.0,0.0,0.0,0.0,0.0,63.714351856399155,0.0,0.0,0.0,0.0,2.3407415694082596,0.0,66402.0,721,0,0,49,UTAH
2301,490085,263.25,743.7235834100683,0.35396215189649477,0.0,0.0,0.0,0.0,32.90055940533023,0.0,0.0,0.0,0.0,0.0,0.0,0.0,0.0,5.057022750307707,0.0,10.826410108875992,17.017126546146528,66402.0,0,0,0,49,UTAH
2309,490093,60.5,164.30364887843373,0.368220671987408,0.0,0.0,0.0,0.0,7.132868984245507,0.0,0.0,0.0,0.0,0.0,0.0,0.0,0.0,1.0114045500615414,0.0,2.1168182402198754,4.00464619396409,81720.0,0,0,0,49,UTAH
2312,490096,563.0,1731.9331414284638,0.32507028506634433,0.0,0.0,0.0,0.0,56.58781425966438,0.0,0.0,0.0,0.0,0.0,0.0,0.0,0.0,0.0,0.0,20.549023523694075,36.0387907359703,81720.0,0,0,0,49,UTAH
2344,490128,133.52953802505078,413.1819619647993,0.3231736869394766,0.0,0.0,0.0,0.0,14.313568807822955,0.0,0.0,0.0,0.0,0.0,0.0,0.0,0.0,0.9527504926007194,0.0,4.873617119533359,8.487201195688877,81720.0,0,0,0,49,UTAH
2290,490074,0.0,0.0,0.0,0.0,0.0,0.0,0.0,2.022809100123083,0.0,0.0,0.0,0.0,0.0,0.0,0.0,0.0,2.022809100123083,0.0,0.0,0.0,81720.0,0,0,0,49,UTAH
2288,490072,1.0,3.680526576145269,0.2717002524805381,0.0,0.0,0.0,0.0,0.0364991536832931,0.0,0.0,0.0,0.0,0.0,0.0,0.0,0.0,0.0,0.0,0.0364991536832931,0.0,81720.0,0,0,0,49,UTAH
2332,490116,0.0,0.0,0.0,0.0,0.0,0.0,0.0,1.6158410104255934,0.0,0.0,0.0,0.0,0.0,0.0,0.0,0.0,1.6158410104255934,0.0,0.0,0.0,81720.0,0,0,0,49,UTAH
2336,490120,0.0,0.0,0.0,0.0,0.0,0.0,0.0,2.022809100123083,0.0,0.0,0.0,0.0,0.0,0.0,0.0,0.0,2.022809100123083,0.0,0.0,0.0,81720.0,0,0,0,49,UTAH
2341,490125,0.0,0.0,0.0,0.0,0.0,0.0,0.0,1.0114045500615414,0.0,0.0,0.0,0.0,0.0,0.0,0.0,0.0,1.0114045500615414,0.0,0.0,0.0,81720.0,0,0,0,49,UTAH
2339,490123,0.0,0.0,0.0,0.0,0.0,0.0,0.0,1.0114045466167672,0.0,0.0,0.0,0.0,0.0,0.0,0.0,0.0,1.0114045466167672,0.0,0.0,0.0,81720.0,0,0,0,49,UTAH
2343,490127,0.0,0.0,0.0,0.0,0.0,0.0,0.0,0.0,0.0,0.0,0.0,0.0,0.0,0.0,0.0,0.0,0.0,0.0,0.0,0.0,81720.0,0,0,0,49,UTAH
2337,490121,0.0,0.0,0.0,0.0,0.0,0.0,0.0,0.0,0.0,0.0,0.0,0.0,0.0,0.0,0.0,0.0,0.0,0.0,0.0,0.0,81720.0,0,0,0,49,UTAH
2387,490169,50.61881389528875,181.9171195972013,0.2782520633977073,11.960563620827722,0.0,0.0,11.960563620827722,17.456322534502863,0.0,0.0,0.0,0.0,5.125955837497595,6.834607783330127,0.0,0.0,0.0,0.0,2.288449799660126,3.207309114015014,81720.0,0,0,0,49,UTAH
2389,490171,0.0,0.0,0.0,0.0,0.0,0.0,0.0,0.0,0.0,0.0,0.0,0.0,0.0,0.0,0.0,0.0,0.0,0.0,0.0,0.0,81720.0,0,0,0,49,UTAH
2391,490173,0.0,0.0,0.0,0.0,0.0,0.0,0.0,5.057022750307707,0.0,0.0,0.0,0.0,0.0,0.0,0.0,0.0,5.057022750307707,0.0,0.0,0.0,81720.0,0,0,0,49,UTAH
2395,490177,0.0,0.0,0.0,0.0,0.0,0.0,0.0,4.045618200246166,0.0,0.0,0.0,0.0,0.0,0.0,0.0,0.0,4.045618200246166,0.0,0.0,0.0,81720.0,0,0,0,49,UTAH
2397,490179,0.0,0.0,0.0,0.0,0.0,0.0,0.0,0.0,0.0,0.0,0.0,0.0,0.0,0.0,0.0,0.0,0.0,0.0,0.0,0.0,81720.0,0,0,0,49,UTAH
2402,490184,0.0,0.0,0.0,0.0,0.0,0.0,0.0,0.0,0.0,0.0,0.0,0.0,0.0,0.0,0.0,0.0,0.0,0.0,0.0,0.0,81720.0,0,0,0,49,UTAH
2409,490191,0.0,0.0,0.0,0.0,0.0,0.0,0.0,2.022809100123083,0.0,0.0,0.0,0.0,0.0,0.0,0.0,0.0,2.022809100123083,0.0,0.0,0.0,81720.0,0,0,0,49,UTAH
2407,490189,0.0,0.0,0.0,0.0,0.0,0.0,0.0,4.045618200246166,0.0,0.0,0.0,0.0,0.0,0.0,0.0,0.0,4.045618200246166,0.0,0.0,0.0,81720.0,0,0,0,49,UTAH
2405,490187,0.0,0.0,0.0,0.0,0.0,0.0,0.0,7.079831850430789,0.0,0.0,0.0,0.0,0.0,0.0,0.0,0.0,7.079831850430789,0.0,0.0,0.0,81720.0,0,0,0,49,UTAH
2319,490103,250.5,916.8348627797532,0.273222594569003,0.0,0.0,0.0,0.0,25.15901757821656,0.0,0.0,0.0,0.0,0.0,0.0,0.0,0.0,0.0,0.0,9.141777251118649,16.01724032709791,62109.0,0,0,0,49,UTAH
2320,490104,0.0,0.0,0.0,0.0,0.0,0.0,0.0,0.0,0.0,0.0,0.0,0.0,0.0,0.0,0.0,0.0,0.0,0.0,0.0,0.0,62109.0,0,0,0,49,UTAH
2347,490131,253.5,723.5827180198746,0.3503400422466103,0.0,0.0,0.0,0.0,25.91543388039687,0.0,0.0,0.0,0.0,0.0,0.0,0.0,0.0,1.0114045500615414,0.0,8.383581874856853,16.520447455478475,74211.0,0,0,0,49,UTAH
2357,490141,0.0,0.0,0.0,319.0,53.0,42.0,224.0,338.727681004952,38.25,14.75,0.5,41.5,36.75,27.25,28.75,131.25,7.079831850430789,0.0,12.647849154521232,0.0,81720.0,0,0,0,49,UTAH
2356,490140,0.0,0.0,0.0,0.0,0.0,0.0,0.0,8.091236400492331,0.0,0.0,0.0,0.0,0.0,0.0,0.0,0.0,8.091236400492331,0.0,0.0,0.0,81720.0,0,0,0,49,UTAH
2366,490150,0.0,0.0,0.0,0.0,0.0,0.0,0.0,2.022809100123083,0.0,0.0,0.0,0.0,0.0,0.0,0.0,0.0,2.022809100123083,0.0,0.0,0.0,81720.0,0,0,0,49,UTAH
2367,490151,0.0,0.0,0.0,0.0,0.0,0.0,0.0,1.47401249409486,0.0,0.0,0.0,0.0,0.0,0.0,0.0,0.0,1.47401249409486,0.0,0.0,0.0,81720.0,0,0,0,49,UTAH
2375,490157,0.0,0.0,0.0,0.0,0.0,0.0,0.0,0.0,0.0,0.0,0.0,0.0,0.0,0.0,0.0,0.0,0.0,0.0,0.0,0.0,81720.0,0,0,0,49,UTAH
2374,490156,0.0,0.0,0.0,0.0,0.0,0.0,0.0,2.022809100123083,0.0,0.0,0.0,0.0,0.0,0.0,0.0,0.0,2.022809100123083,0.0,0.0,0.0,81720.0,0,0,0,49,UTAH
2417,490199,439.75,1335.492634031437,0.3292792403298635,0.0,0.0,0.0,0.0,44.08026002223169,0.0,0.0,0.0,0.0,0.0,0.0,0.0,0.0,0.0,0.0,16.050089449810347,28.030170572421344,102760.0,0,0,0,49,UTAH
2416,490198,61.0,176.83657243793175,0.34495126861504016,0.0,0.0,0.0,0.0,5.744658203366481,0.0,0.0,0.0,0.0,0.0,0.0,0.0,0.0,0.0,0.0,1.9900397182296063,3.754618485136875,81720.0,0,0,0,49,UTAH
2403,490185,0.0,0.0,0.0,0.0,0.0,0.0,0.0,2.022809100123083,0.0,0.0,0.0,0.0,0.0,0.0,0.0,0.0,2.022809100123083,0.0,0.0,0.0,81720.0,0,0,0,49,UTAH
2476,490258,199.0689771555868,568.8806064186673,0.34993103106257434,255.32027865301995,53.21979423110442,4.715677969844696,197.38480645207085,418.36217994098206,32.67291164820968,20.546882582894746,0.0,4.715677969844696,0.0,19.03112894973038,35.199167703483624,143.15450979885685,0.6813511650465568,0.0,149.54537176270802,12.815178360207533,70166.0,0,0,0,49,UTAH
2475,490257,168.68104467385024,530.0074975683361,0.3182616197841644,123.6797493447977,25.78021160485229,2.284322547265393,95.61521519268001,209.73144603528755,15.827091934624507,9.953119670227784,0.0,2.284322547265393,0.0,9.218873137178193,17.050836156373826,69.345505899128,0.3300534597303413,0.0,75.01031474853494,10.711328482224586,70166.0,0,0,0,49,UTAH
2470,490252,677.5,2231.101501054287,0.30366166652653565,0.0,0.0,0.0,0.0,157.7808563813278,0.0,0.0,0.0,0.0,0.0,0.0,0.0,0.0,2.781447864971456,0.0,111.20622789940283,43.79318061695351,70166.0,0,0,0,49,UTAH
2474,490256,840.5,2737.2486898555053,0.3070601524497829,0.0,0.0,0.0,0.0,272.85508106554,0.0,0.0,0.0,0.0,0.0,0.0,0.0,0.0,1.0114045500615414,0.0,217.53609310321715,54.30758341226134,70166.0,0,0,0,49,UTAH
2483,490265,140.25,543.6704005124718,0.25796879849960247,410.0,0.0,0.0,410.0,439.5930982850729,0.0,0.0,0.0,0.0,0.0,410.0,0.0,0.0,0.0,0.0,20.58340060108038,9.009697683992574,70166.0,1494,1528,87,49,UTAH
2482,490264,188.5,703.3818941024542,0.26799097557171864,54.5,7.5,3.25,43.75,75.85860167758054,6.5,1.0,1.5,1.75,6.0,6.5,1.25,30.0,0.0,0.0,8.845167685226048,12.513433992354493,96149.0,0,0,0,49,UTAH
2480,490262,701.5,2647.121589738108,0.2650048274017525,585.5,352.25,31.75,201.5,677.7685750847502,215.25,137.0,4.25,27.5,10.5,16.75,48.25,126.0,0.0,0.0,46.96989081676546,45.29868426798481,96415.0,0,0,0,49,UTAH
2479,490261,506.75,1783.7982330137995,0.28408482003249064,0.0,0.0,0.0,0.0,51.53034760098754,0.0,0.0,0.0,0.0,0.0,0.0,0.0,0.0,0.0,0.0,18.494789426348103,33.03555817463944,96415.0,0,0,0,49,UTAH
2579,490361,504.0130552186541,1461.5066220078238,0.3448585505047106,1.701056569131848,0.3001864533762085,0.10006215112540283,1.3008079646302368,98.32377661210705,0.3001864533762085,0.0,0.0,0.10006215112540283,0.0,0.20012430225080566,0.20012430225080566,0.9005593601286255,0.0,0.0,64.06706070648538,32.55565933648982,83312.0,0,0,0,49,UTAH
2581,490363,349.43302764777184,1020.1630798894238,0.3425266357273458,14.944516799928731,0.9235375550517756,10.6626608628705,3.3583183820064564,56.47565199824885,0.9235375550517756,0.0,0.41978979775080705,10.242871065119692,0.7556216359514527,0.16791591910032283,1.007495514601937,1.427285312352744,0.0,0.0,18.922090970904566,22.609044227415552,83312.0,0,0,0,49,UTAH
2568,490350,417.1820091652098,1233.9809515935515,0.33807815965592086,0.4405949413615065,0.024477496742305916,0.15910372882498847,0.2570137157942121,76.70418112190089,0.024477496742305916,0.0,0.0,0.15910372882498847,0.2325362190519062,0.0,0.0,0.024477496742305916,0.0,0.0,49.2678158298835,26.99577035065588,83312.0,0,0,0,49,UTAH
2565,490347,349.25,1201.2605484858088,0.2907362607056648,0.0,0.0,0.0,0.0,36.69889796169759,0.0,0.0,0.0,0.0,0.0,0.0,0.0,0.0,1.0114045500615414,0.0,13.162471859271218,22.52502155236483,83312.0,0,0,0,49,UTAH
2738,490520,216.75,714.4346972549432,0.30338672076372236,1026.25,175.25,29.5,821.5,1085.637029608068,108.25,67.0,22.0,7.5,46.75,147.75,102.5,524.5,0.0,0.0,45.37194432185731,14.015085286210672,72724.0,1171,0,0,49,UTAH
2739,490521,291.25,1028.618322481762,0.28314681319043294,145.75,0.25,0.25,145.25,180.71955038925276,0.0,0.25,0.0,0.25,10.75,103.5,1.0,30.0,0.0,0.0,15.949077500823972,19.02047288842877,71179.0,618,1414,0,49,UTAH
3112,490893,173.25,484.6389970713205,0.35748258197741395,232.0,2.0,2.0,228.0,258.0559687337718,2.0,0.0,0.0,2.0,2.0,157.0,7.0,62.0,0.0,0.0,14.793794096452174,11.26217463731963,90129.0,676,0,0,49,UTAH
3113,490894,310.75,1078.0534027382123,0.2882510265360765,194.0,1.0,4.0,189.0,232.4423066752471,1.0,0.0,1.0,3.0,6.75,78.25,1.0,103.0,0.0,0.0,18.42075626637469,20.02155040887239,108751.0,0,1275,0,49,UTAH
3124,490905,82.25,280.8323187323576,0.2928793964001948,0.0,0.0,0.0,0.0,8.008599695329695,0.0,0.0,0.0,0.0,0.0,0.0,0.0,0.0,0.0,0.0,3.0032120931115966,5.005387602218097,113111.0,0,0,0,49,UTAH
3128,490909,114.35313150939523,386.8673039931892,0.29558748007148317,0.0,0.0,0.0,0.0,13.152078038844714,0.0,0.0,0.0,0.0,0.0,0.0,0.0,0.0,0.0,0.0,5.762043832507693,7.390034206337022,113111.0,0,0,0,49,UTAH
3134,490915,0.0,0.0,0.0,0.0,0.0,0.0,0.0,3.034213650184624,0.0,0.0,0.0,0.0,0.0,0.0,0.0,0.0,3.034213650184624,0.0,0.0,0.0,51304.0,0,0,0,49,UTAH
3136,490917,0.0,0.0,0.0,859.75,152.25,92.75,614.75,891.1178698515733,130.5,21.75,13.75,79.0,43.75,185.25,40.5,345.25,0.0,0.0,31.367869851573367,0.0,51304.0,0,0,0,49,UTAH
3131,490912,8.0,19.61561516329617,0.4078383437583558,0.0,0.0,0.0,0.0,3.315879850033048,0.0,0.0,0.0,0.0,0.0,0.0,0.0,0.0,2.022809100123083,0.0,0.2919932294663456,1.0010775204436193,51304.0,0,0,0,49,UTAH
3132,490913,0.0,0.0,0.0,0.0,0.0,0.0,0.0,1.0949503568469177,0.0,0.0,0.0,0.0,0.0,0.0,0.0,0.0,1.0949503568469177,0.0,0.0,0.0,51304.0,0,0,0,49,UTAH
3143,490924,13.0,32.65719489173197,0.39807460631872255,0.0,0.0,0.0,0.0,2.486971068387972,0.0,0.0,0.0,0.0,0.0,0.0,0.0,0.0,1.0114045500615414,0.0,0.4744889978828117,1.0010775204436193,51304.0,0,0,0,49,UTAH
3144,490925,12.0,32.550703750447056,0.36865562391520307,0.0,0.0,0.0,0.0,1.4390673646431378,0.0,0.0,0.0,0.0,0.0,0.0,0.0,0.0,0.0,0.0,0.4379898441995185,1.0010775204436193,51304.0,0,0,0,49,UTAH
3145,490926,0.0,0.0,0.0,0.0,0.0,0.0,0.0,0.8710839948576282,0.0,0.0,0.0,0.0,0.0,0.0,0.0,0.0,0.8710839948576282,0.0,0.0,0.0,51304.0,0,0,0,49,UTAH
3151,490932,17.009746607322104,41.89998128411563,0.4059607208886877,0.0,0.0,0.0,0.0,1.607721025788309,0.0,0.0,0.0,0.0,0.0,0.0,0.0,0.0,0.0,0.0,0.6205862456704958,0.9871347801178131,51304.0,0,0,0,49,UTAH
3366,491147,20.0,57.52737206603376,0.3476605880248217,0.0,0.0,0.0,0.0,2.7424651441710246,0.0,0.0,0.0,0.0,0.0,0.0,0.0,0.0,1.0114045500615414,0.0,0.7299830736658641,1.0010775204436193,75589.0,0,0,0,49,UTAH
3371,491152,7.0,21.296141739441435,0.32869803768424766,0.0,0.0,0.0,0.0,0.2554940757830524,0.0,0.0,0.0,0.0,0.0,0.0,0.0,0.0,0.0,0.0,0.2554940757830524,0.0,75589.0,0,0,0,49,UTAH
3364,491145,33.0,97.33263782748644,0.339043518562495,142.75,1.0,4.0,137.75,153.18853369818837,0.0,1.0,2.0,2.0,113.5,22.0,2.0,0.25,2.022809100123083,0.0,6.41356955717805,2.002155040887239,75589.0,0,0,0,49,UTAH
3387,491168,70.2499999935659,206.2867387907215,0.34054540008427164,0.0,0.0,0.0,0.0,9.592366291599548,0.0,0.0,0.0,0.0,0.0,0.0,0.0,0.0,2.0228090999378163,0.0,2.56416958990207,5.005387601759661,75571.0,0,0,0,49,UTAH
3260,491041,35.0,105.5915547170402,0.33146590268314097,0.0,0.0,0.0,0.0,4.554732640798718,0.0,0.0,0.0,0.0,0.0,0.0,0.0,0.0,1.0114045500615414,0.0,1.2906410080944746,2.252687082642701,105921.0,0,0,0,49,UTAH
3261,491042,184.7499996590517,583.254815863154,0.3167569210476928,1119.9999979330873,287.7499994689696,33.99999993725444,798.2499985268635,1179.6545056110417,176.49999967427672,111.24999979469284,33.24999993863853,0.7499999986159067,58.24999989250209,208.99999961429936,56.249999896193,474.749999123869,0.0,0.0,47.64157745480033,12.012930223154077,105921.0,0,1194,0,49,UTAH
3273,491054,723.75,2420.718345315858,0.298981499190301,0.0,0.0,0.0,0.0,344.43003966046126,0.0,0.0,0.0,0.0,0.0,0.0,0.0,0.0,1.0114045500615414,0.0,297.12317434403474,46.29546076636501,30043.0,0,0,0,49,UTAH
3506,491287,33.00000000163008,127.71260056146659,0.2583926711738014,0.0,0.0,0.0,0.0,3.2066271125943104,0.0,0.0,0.0,0.0,0.0,0.0,0.0,0.0,0.0,0.0,1.2044720716081725,2.002155040986138,67754.0,0,0,0,49,UTAH
2222,490006,5.999999999847086,21.63660398892182,0.27730784382425044,105.99999999729853,1.9999999999490288,1.9999999999490288,101.99999999740047,116.15633250993776,0.0,1.9999999999490288,1.9999999999490288,0.0,88.74999999773816,12.249999999687802,0.9999999999745144,0.0,6.068427300214591,0.0,4.087905212424657,0.0,81720.0,0,0,0,49,UTAH
2266,490050,0.0,0.0,0.0,10.0,0.0,0.25,9.75,10.364991536832932,0.0,0.0,0.0,0.25,7.25,2.5,0.0,0.0,0.0,0.0,0.364991536832932,0.0,66402.0,0,0,0,49,UTAH
2381,490163,0.0,0.0,0.0,1267.5237969420048,188.29284297342673,104.71652175334764,974.5144322152304,1310.871243523967,40.627467143317006,147.66537583010972,0.0,104.71652175334764,254.2344017872939,86.24692282687653,168.73747896033103,465.2956286407289,0.01409117967043342,0.0,43.33335540229167,0.0,81720.0,0,0,0,49,UTAH
3049,490830,23.0,89.56690612279309,0.2567912747646749,56.25,12.5,11.0,32.75,60.085424990710806,9.25,3.25,1.0,10.0,0.0,4.25,6.5,22.0,0.0,0.0,2.8343474702671902,1.0010775204436193,75945.0,0,0,0,49,UTAH
3055,490836,277.0,1109.0797217310949,0.24975661764660848,68.0,0.0,0.0,68.0,98.61049731144112,0.0,0.0,0.0,0.0,0.0,68.0,0.0,0.0,0.0,0.0,12.591101943455987,18.019395367985148,75945.0,0,241,210,49,UTAH
3139,490920,44.25,143.7897411556781,0.3077410088115498,0.0,0.0,0.0,0.0,8.236732728988798,0.0,0.0,0.0,0.0,0.0,0.0,0.0,0.0,4.045618200246166,0.0,1.4377276396422567,2.7533868891003754,51304.0,0,0,0,49,UTAH
2555,490337,355.5,1128.6199006975603,0.3149864713357242,1228.0,241.0,24.25,962.75,1320.5866469317275,101.75,139.25,17.25,7.0,291.0,88.25,178.25,405.25,0.0,0.0,69.56183593466324,23.024810997064627,72767.0,0,0,0,49,UTAH
2552,490334,12.25,34.38121447232999,0.3562992229334657,1742.5,356.25,326.0,1060.25,1807.273251304952,116.25,240.0,26.0,300.0,157.25,133.5,253.5,516.0,0.0,0.0,64.0226637608862,0.7505875440658049,75570.0,0,0,0,49,UTAH
2573,490355,1121.25,3934.379376992983,0.28498776873341664,147.25,32.5,3.0,111.75,267.3110752769737,27.0,5.5,3.0,0.0,9.0,11.5,5.0,86.25,1.0114045500615414,0.0,46.472930085302025,72.57674064161014,93988.0,0,0,0,49,UTAH
2572,490354,561.75,1758.5928989958145,0.3194315184149603,0.0,0.0,0.0,0.0,61.3487953081318,0.0,0.0,0.0,0.0,0.0,0.0,0.0,0.0,2.275506699259851,0.0,22.78504533240974,36.28824327646221,93988.0,0,0,0,49,UTAH
3146,490927,0.5741245798669975,1.0871099779842388,0.528120053622874,38.75340914102233,3.157685189268486,3.5882786241687343,32.00744532758511,40.77214217766708,3.157685189268486,0.0,2.29649831946799,1.2917803047007443,9.760117857738958,3.157685189268486,1.0047180147672456,18.08492426581042,0.580672212379652,0.0,1.438060824265094,0.0,51304.0,0,0,0,49,UTAH
3365,491146,7.0,21.296141739441435,0.32869803768424766,30.0,5.0,5.0,20.0,36.40749143658956,5.0,0.0,0.0,5.0,2.0,4.0,1.0,13.0,5.057022750307707,0.0,1.3504686862818485,0.0,75589.0,0,0,0,49,UTAH
2296,490080,0.0,0.0,0.0,560.0,69.25,174.75,316.0,582.6953934664468,10.25,59.0,0.0,174.75,163.5,44.0,56.75,51.75,2.022809100123083,0.0,20.672584366323857,0.0,66402.0,0,0,0,49,UTAH
2297,490081,2.4029547727783775,6.0528954536173005,0.39699261141910785,0.0,0.0,0.0,0.0,1.2893318672353336,0.0,0.0,0.0,0.0,0.0,0.0,0.0,0.0,0.0,0.0,1.2893318672353336,0.0,66402.0,0,0,0,49,UTAH
2268,490052,0.0,0.0,0.0,0.0,0.0,0.0,0.0,3.034213650184624,0.0,0.0,0.0,0.0,0.0,0.0,0.0,0.0,3.034213650184624,0.0,0.0,0.0,66402.0,0,0,0,49,UTAH
2325,490109,0.0,0.0,0.0,0.0,0.0,0.0,0.0,2.022809100123083,0.0,0.0,0.0,0.0,0.0,0.0,0.0,0.0,2.022809100123083,0.0,0.0,0.0,81720.0,0,0,0,49,UTAH
2342,490126,0.0,0.0,0.0,0.0,0.0,0.0,0.0,0.0,0.0,0.0,0.0,0.0,0.0,0.0,0.0,0.0,0.0,0.0,0.0,0.0,81720.0,0,0,0,49,UTAH
2349,490133,8.0,30.56117430284356,0.26177004589956615,0.0,0.0,0.0,0.0,1.293070749909965,0.0,0.0,0.0,0.0,0.0,0.0,0.0,0.0,0.0,0.0,0.2919932294663456,1.0010775204436193,62109.0,0,0,0,49,UTAH
2351,490135,107.17615244243393,312.28679592316485,0.34319783558445294,0.0,0.0,0.0,0.0,12.04538408037701,0.0,0.0,0.0,0.0,0.0,0.0,0.0,0.0,1.2012117680446208,0.0,3.823789249225873,7.020383063106514,81720.0,0,0,0,49,UTAH
2463,490245,230.0,788.2063811910189,0.29180174823306887,0.0,0.0,0.0,0.0,340.0523846484877,0.0,0.0,0.0,0.0,0.0,0.0,0.0,0.0,1.0114045500615414,0.0,324.02705839305963,15.013921705366576,70166.0,0,0,0,49,UTAH
2484,490266,5.25,17.088987354560725,0.3072153949835345,178.0,0.0,0.0,178.0,184.6896266151242,0.0,0.0,0.0,0.0,0.0,178.0,0.0,0.0,0.0,0.0,6.689626615124211,0.0,70166.0,0,0,2401,49,UTAH
2560,490342,307.5,925.9382292118662,0.33209558726367283,15.5,3.75,0.5,11.25,243.37460191176496,2.75,1.0,0.5,0.0,0.0,1.75,3.0,6.5,1.0114045500615414,0.0,207.0926835501729,19.77051381153051,96089.0,0,0,0,49,UTAH
2785,490567,288.5,1269.349563298964,0.22728175779271206,0.0,0.0,0.0,0.0,30.05834176347264,0.0,0.0,0.0,0.0,0.0,0.0,0.0,0.0,0.0,0.0,11.288176774052992,18.770164989419644,123157.0,0,0,0,49,UTAH
2781,490563,308.25,1060.5844708222369,0.29064163061054793,0.0,0.0,0.0,0.0,32.53897391915947,0.0,0.0,0.0,0.0,0.0,0.0,0.0,0.0,0.0,0.0,12.517423510287076,20.02155040887239,123157.0,0,0,0,49,UTAH
2871,490653,576.5,1886.160770021068,0.30564732824634067,0.0,0.0,0.0,0.0,58.08252834434148,0.0,0.0,0.0,0.0,0.0,0.0,0.0,0.0,0.0,0.0,21.04266008792756,37.03986825641392,51612.0,0,0,0,49,UTAH
2872,490654,432.75,1422.3141082458742,0.30425768646400214,0.0,0.0,0.0,0.0,43.82478375261697,0.0,0.0,0.0,0.0,0.0,0.0,0.0,0.0,0.0,0.0,15.79461318019563,28.030170572421344,93981.0,0,0,0,49,UTAH
3137,490918,0.0,0.0,0.0,638.5,249.75,141.25,247.5,662.8318007128672,210.5,39.25,72.5,68.75,41.5,45.0,21.5,139.5,1.0114045500615414,0.0,23.32039616280564,0.0,51304.0,0,0,0,49,UTAH
3379,491160,1.0,1.8935088587150897,0.528120053622874,0.0,0.0,0.0,0.0,2.059308253806376,0.0,0.0,0.0,0.0,0.0,0.0,0.0,0.0,2.022809100123083,0.0,0.0364991536832931,0.0,75589.0,0,0,0,49,UTAH
2736,490518,320.0,761.3933762052543,0.4202820907043658,1241.5,133.0,145.0,963.5,1319.5079434266877,118.5,14.5,26.5,118.5,92.75,154.5,280.75,435.5,0.0,0.0,56.98531549737167,21.022627929316005,70574.0,0,0,0,49,UTAH
2792,490574,12.25,31.02800015834059,0.39480469052102596,0.0,0.0,0.0,0.0,1.1850252322525645,0.0,0.0,0.0,0.0,0.0,0.0,0.0,0.0,0.0,0.0,0.4344376881867595,0.7505875440658049,76529.0,0,0,0,49,UTAH
2796,490578,12.124889587147855,30.57526089642772,0.3965588267004608,39.323966228587636,6.717844230717055,0.32769971857156366,32.27842227929902,56.71129288280591,3.4408470450014184,3.2769971857156364,0.16384985928578183,0.16384985928578183,0.0,5.0793456378592365,12.780289024290983,14.418787617148801,0.0,0.0,16.40326459128571,0.9840620629325618,76529.0,0,0,0,49,UTAH
2797,490579,65.46840347654688,171.41480993444685,0.3819296798309526,4.827163389975807,0.7542442796837199,0.30169771187348793,3.771221398418599,46.002670356874226,0.7542442796837199,0.0,0.30169771187348793,0.0,0.0,0.9050931356204638,0.30169771187348793,2.5644305509246474,0.0,0.0,36.947339937722575,4.228167029175854,76529.0,0,0,0,49,UTAH
2793,490575,1212.7500032179867,3306.7205740501677,0.3667530945115738,0.0,0.0,0.0,0.0,121.3206318832746,0.0,0.0,0.0,0.0,0.0,0.0,0.0,0.0,0.0,0.0,43.00933124461284,78.31130063866175,76529.0,0,0,0,49,UTAH
2794,490576,6.75,21.945989753122973,0.3075732776663425,0.0,0.0,0.0,0.0,0.7453431482870805,0.0,0.0,0.0,0.0,0.0,0.0,0.0,0.0,0.0,0.0,0.2448253878253291,0.5005177604617513,76529.0,0,0,0,49,UTAH
2795,490577,0.0,0.0,0.0,2485.75,478.0,136.75,1871.0,2576.4899297389547,400.5,77.5,83.75,53.0,145.75,176.75,191.0,1357.5,0.0,0.0,90.7399297389546,0.0,76529.0,0,0,0,49,UTAH
2798,490580,264.25,685.0832083424308,0.3857195692175216,238.75,26.75,14.75,197.25,876.3233985769156,18.75,8.0,13.5,1.25,0.0,101.5,41.0,54.75,0.0,0.0,620.556272030769,17.017126546146528,76529.0,0,0,0,49,UTAH
3058,490839,306.25,701.8514501434385,0.4363458961827481,284.5,36.25,103.5,144.75,326.08085332880466,23.25,13.0,9.0,94.5,17.75,28.0,12.0,87.0,0.0,0.0,21.559302919932296,20.02155040887239,39576.0,0,0,0,49,UTAH
3057,490838,245.5,526.5095585034187,0.46627833442914773,158.75,68.75,32.5,57.5,189.52034907460504,15.75,53.0,1.25,31.25,4.5,5.0,18.0,30.0,0.0,0.0,14.753108747507136,16.01724032709791,47045.0,0,0,0,49,UTAH
3064,490845,265.25,605.4541645105431,0.4381008762478849,669.75,304.5,76.75,288.5,720.8964597634015,141.25,163.25,2.25,74.5,35.25,103.75,24.25,125.25,0.0,0.0,34.12814191585992,17.01831784754153,44047.0,0,0,0,49,UTAH
3065,490846,266.0,601.7344953550215,0.4420554281885748,1043.75,122.5,213.25,708.0,1108.5691324622858,108.5,14.0,20.0,193.25,123.0,138.5,135.25,311.25,0.0,0.0,47.80081461474435,17.01831784754153,56909.0,0,0,0,49,UTAH
3059,490840,330.75,870.6520613238201,0.3798876895749802,48.0,0.0,0.0,48.0,82.84120821209193,0.0,0.0,0.0,0.0,0.0,48.0,0.0,0.0,0.0,0.0,13.81858028277592,21.022627929316005,54309.0,489,0,0,49,UTAH
3066,490847,182.5,407.4412245497368,0.4479173657542403,542.25,134.5,35.75,372.0,580.7141724175922,131.5,3.0,3.0,32.75,11.5,210.0,43.25,107.25,0.0,0.0,26.451242172268746,12.012930245323432,56488.0,0,8,78,49,UTAH
3060,490841,329.00000690009927,1054.751886527301,0.31192170509721434,0.0,0.0,0.0,0.0,33.031593504132175,0.0,0.0,0.0,0.0,0.0,0.0,0.0,0.0,0.0,0.0,12.00896513390973,21.022628370222446,70276.0,0,0,0,49,UTAH
3067,490848,353.25,1114.5195476252563,0.3169527181041207,56.0,0.0,5.5,50.5,95.46216565897656,0.0,0.0,2.0,3.5,22.75,20.25,0.5,7.0,0.0,0.0,16.437382688773315,23.024782970203248,53962.0,0,0,0,49,UTAH
3068,490849,282.2500008607794,927.1405463093458,0.3044306518405733,85.00000025922498,0.0,0.0,85.00000025922498,116.6741945210877,0.0,0.0,0.0,0.0,0.0,85.00000025922498,0.0,0.0,0.0,0.0,13.65479883892373,18.019395422939,101582.0,0,1225,0,49,UTAH
3381,491162,0.0,0.0,0.0,0.0,0.0,0.0,0.0,2.022809100123083,0.0,0.0,0.0,0.0,0.0,0.0,0.0,0.0,2.022809100123083,0.0,0.0,0.0,75589.0,0,0,0,49,UTAH
3408,491189,42.0,135.7862112114755,0.30930975704586505,80.5,0.0,0.75,79.75,114.15846481429251,0.0,0.0,0.0,0.75,64.75,12.5,2.25,0.25,1.0114045500615414,0.0,29.894051552697874,2.7530087115331145,56564.0,0,0,0,49,UTAH
3403,491184,15.0,44.48579233759796,0.33718630627429524,0.0,0.0,0.0,0.0,1.5485648256930171,0.0,0.0,0.0,0.0,0.0,0.0,0.0,0.0,0.0,0.0,0.547487305249398,1.0010775204436193,75589.0,0,0,0,49,UTAH
3405,491186,14.0,40.80526576145269,0.34309297436864905,524.75,74.0,17.75,433.0,556.4452817173924,68.0,6.0,14.75,3.0,25.75,84.75,25.25,297.25,0.0,0.0,30.6942041969488,1.0010775204436193,75589.0,0,0,0,49,UTAH
3404,491185,40.75,117.34314051938824,0.34727210998129887,0.0,0.0,0.0,0.0,129.6930053817744,0.0,0.0,0.0,0.0,0.0,0.0,0.0,0.0,1.0114045500615414,0.0,126.17864789035312,2.5029529413597524,75589.0,0,0,0,49,UTAH
3395,491176,11.0,33.33772146787724,0.32995656318621286,0.0,0.0,0.0,0.0,2.4139727610213857,0.0,0.0,0.0,0.0,0.0,0.0,0.0,0.0,1.0114045500615414,0.0,0.4014906905162252,1.0010775204436193,75589.0,0,0,0,49,UTAH
2245,490029,0.0,0.0,0.0,0.0,0.0,0.0,0.0,0.0,0.0,0.0,0.0,0.0,0.0,0.0,0.0,0.0,0.0,0.0,0.0,0.0,66402.0,0,0,0,49,UTAH
2267,490051,71.75,207.8041141639146,0.3452770908250837,36.0,1.75,1.0,33.25,229.24079077739887,0.0,1.75,1.0,0.0,25.5,5.0,2.75,0.0,3.034213650184624,0.0,185.7007827032976,4.505794423916695,66402.0,0,0,0,49,UTAH
2241,490025,0.5514156239870148,2.0294998585859347,0.2717002524805381,2.8949320259318276,0.0,0.0,2.8949320259318276,3.578467713052712,0.0,0.0,0.0,0.0,2.5502972609399435,0.3446347649918843,0.0,0.0,0.5577042710754908,0.0,0.12583141604539277,0.0,81720.0,0,0,0,49,UTAH
2223,490007,9.0,33.794160648623,0.2663181989805307,221.0,2.0,2.0,217.0,234.44150106784724,0.0,2.0,2.0,0.0,181.5,33.25,2.25,0.0,4.045618200246166,0.0,8.394805347157437,1.0010775204436193,81720.0,0,0,0,49,UTAH
2229,490013,29.0,108.52111474754476,0.26722910161274505,41.75,1.0,0.25,40.5,46.33436612009466,0.0,1.0,0.25,0.0,26.5,14.0,0.0,0.0,0.0,0.0,2.582211079207423,2.002155040887239,81720.0,0,0,0,49,UTAH
2230,490014,4.0,16.508375238756766,0.24230125267622868,0.0,0.0,0.0,0.0,0.1459966147331727,0.0,0.0,0.0,0.0,0.0,0.0,0.0,0.0,0.0,0.0,0.1459966147331727,0.0,81720.0,0,0,0,49,UTAH
2224,490008,0.0,0.0,0.0,0.0,0.0,0.0,0.0,0.0,0.0,0.0,0.0,0.0,0.0,0.0,0.0,0.0,0.0,0.0,0.0,0.0,66402.0,0,0,0,49,UTAH
2221,490005,0.9999999936892996,2.787476830604374,0.35874737422390773,0.0,0.0,0.0,0.0,42.51548998796551,0.0,0.0,0.0,0.0,0.0,0.0,0.0,0.0,42.47899083451255,0.0,0.03649915345295788,0.0,81720.0,0,0,0,49,UTAH
2308,490092,229.75,642.3804578994257,0.35765409295182954,0.0,0.0,0.0,0.0,23.25028972352579,0.0,0.0,0.0,0.0,0.0,0.0,0.0,0.0,0.0,0.0,8.48129688957662,14.768992833949168,66402.0,0,0,0,49,UTAH
2306,490090,357.9800025139353,1010.2022936626125,0.3543646700860625,0.0,0.0,0.0,0.0,36.72628214150384,0.0,0.0,0.0,0.0,0.0,0.0,0.0,0.0,0.06887066942505103,0.0,13.598554867718736,23.05885660436004,66402.0,0,0,0,49,UTAH
2310,490094,86.5,316.57845391406806,0.27323400860211267,12.0,11.0,0.0,1.0,21.60394516578756,0.0,11.0,0.0,0.0,1.0,0.0,0.0,0.0,0.0,0.0,3.597480043125842,6.006465122661717,66402.0,0,0,0,49,UTAH
2275,490059,0.0,0.0,0.0,0.0,0.0,0.0,0.0,6.068427300369248,0.0,0.0,0.0,0.0,0.0,0.0,0.0,0.0,6.068427300369248,0.0,0.0,0.0,81720.0,0,0,0,49,UTAH
2292,490076,0.0,0.0,0.0,0.0,0.0,0.0,0.0,3.034213650184624,0.0,0.0,0.0,0.0,0.0,0.0,0.0,0.0,3.034213650184624,0.0,0.0,0.0,81720.0,0,0,0,49,UTAH
2271,490055,135.99999996993208,528.026874817371,0.25756264776668897,0.0,0.0,0.0,0.0,14.984987131668998,0.0,0.0,0.0,0.0,0.0,0.0,0.0,0.0,1.0114045498379325,0.0,4.963884899830423,9.009697682000642,81720.0,0,0,0,49,UTAH
2281,490065,0.0,0.0,0.0,45.74999978305881,0.9999999952581161,0.9999999952581161,43.74999979254258,47.41973201226623,0.0,0.9999999952581161,0.9999999952581161,0.0,27.749999868412722,15.999999924129858,0.0,0.0,0.0,0.0,1.6697322292074166,0.0,81720.0,0,0,0,49,UTAH
2386,490168,86.74999922068187,267.4627460880117,0.3243442329427657,46.24999958451339,0.24999999775412643,1.9999999820330114,43.99999960472625,57.09081138177281,0.0,0.24999999775412643,1.9999999820330114,0.0,9.499999914656804,32.499999708036434,0.9999999910165057,0.9999999910165057,0.0,0.0,4.834346728556752,6.0064650687026715,81720.0,96,0,0,49,UTAH
2328,490112,1.2239327867648422,4.503888623157745,0.2717502338916019,0.002258982540773271,0.0,0.0,0.002258982540773271,0.04762052901984658,0.0,0.0,0.0,0.0,0.000968135374617116,0.0012908471661561547,0.0,0.0,0.0,0.0,0.04475578444969818,0.0006057620293751258,81720.0,0,0,0,49,UTAH
2398,490180,0.0,0.0,0.0,0.0,0.0,0.0,0.0,1.0114045500615414,0.0,0.0,0.0,0.0,0.0,0.0,0.0,0.0,1.0114045500615414,0.0,0.0,0.0,81720.0,0,0,0,49,UTAH
2316,490100,444.0,1633.0358122386606,0.2718862603455946,0.0,0.0,0.0,0.0,45.236872328247145,0.0,0.0,0.0,0.0,0.0,0.0,0.0,0.0,0.0,0.0,16.205624235382185,29.031248092864963,62109.0,0,0,0,49,UTAH
2315,490099,264.0,973.4453722884226,0.2712016590919488,214.0,2.0,2.0,210.0,248.4649133081557,0.0,2.0,1.0,1.0,70.75,137.25,2.0,0.0,0.0,0.0,17.446595460614155,17.01831784754153,62109.0,0,0,0,49,UTAH
2314,490098,327.0,1229.6677717470016,0.2659254861460895,460.0,108.25,6.25,345.5,509.7314293437542,19.0,89.25,5.0,1.25,305.5,21.5,7.75,10.75,0.0,0.0,28.70880141443822,21.022627929316005,74211.0,0,0,0,49,UTAH
2311,490095,174.74299601440114,637.7223752899758,0.27401107877851166,53.936091641704444,20.72010232243917,0.0,33.21598931926527,73.66695002009317,20.72010232243917,0.0,0.0,0.0,8.476405495543297,24.73958382372197,0.0,0.0,0.0,0.0,8.347042430315367,11.38381594807334,66402.0,3,0,0,49,UTAH
2317,490101,297.5,1042.463858889539,0.28538159617054265,39.0,0.0,0.0,39.0,71.05369884940323,0.0,0.0,0.0,0.0,0.0,39.0,0.0,0.0,0.0,0.0,13.033225960974466,19.02047288842877,74211.0,753,0,0,49,UTAH
2313,490097,259.75,892.5734688992161,0.2910124589747686,0.0,0.0,0.0,0.0,26.927689244592013,0.0,0.0,0.0,0.0,0.0,0.0,0.0,0.0,0.0,0.0,9.909791856366368,17.017897388225645,74211.0,0,0,0,49,UTAH
2355,490139,1.0,3.2345108832137863,0.3091657552273892,0.0,0.0,0.0,0.0,0.0364991536832931,0.0,0.0,0.0,0.0,0.0,0.0,0.0,0.0,0.0,0.0,0.0364991536832931,0.0,62109.0,0,0,0,49,UTAH
2354,490138,47.75,121.62366440029024,0.39260451685491277,0.0,0.0,0.0,0.0,4.555140998118942,0.0,0.0,0.0,0.0,0.0,0.0,0.0,0.0,0.0,0.0,1.5514462100094408,3.003694788109501,74211.0,0,0,0,49,UTAH
2353,490137,698.75,1876.390730895505,0.37239045604671184,0.0,0.0,0.0,0.0,235.51572372051845,0.0,0.0,0.0,0.0,0.0,0.0,0.0,0.0,1.0114045500615414,0.0,189.46181135516807,45.04250781528879,74211.0,0,0,0,49,UTAH
2360,490144,19.693390591463064,69.45378065342749,0.28354670409855093,0.0,0.0,0.0,0.0,1.7863189489822644,0.0,0.0,0.0,0.0,0.0,0.0,0.0,0.0,0.03339516088387929,0.0,0.718792089742931,1.0341316983554545,73924.0,0,0,0,49,UTAH
2365,490149,20.30660949991232,90.7223754310986,0.22383242726415037,0.0,0.0,0.0,0.0,2.687206800510746,0.0,0.0,0.0,0.0,0.0,0.0,0.0,0.0,0.9780093925968686,0.0,0.7411740609239216,0.9680233469899556,73829.0,0,0,0,49,UTAH
2345,490129,205.7178138386057,634.4744606258367,0.3242334035568406,0.0,0.0,0.0,0.0,21.07262575302301,0.0,0.0,0.0,0.0,0.0,0.0,0.0,0.0,0.0,0.0,7.5091035364280465,13.56352221659496,81720.0,0,0,0,49,UTAH
2358,490142,561.75,2439.460151977922,0.23027635829367055,147.75,0.0,1.25,146.5,209.68620102081317,0.0,0.0,1.0,0.25,29.75,105.5,1.0,10.25,0.0,0.0,25.89741028484283,36.0387907359703,79647.0,0,1307,0,49,UTAH
2364,490148,16.25185379338248,69.34527002736539,0.23436138884409982,27.086422988970796,0.0,0.0,27.086422988970796,30.70889715819172,0.0,0.0,0.0,0.0,0.0,27.086422988970796,0.0,0.0,0.684883286398415,0.0,1.58181042464821,1.355780458174297,79647.0,0,0,0,49,UTAH
2368,490152,72.807350001578,222.8198814356523,0.32675428032935155,5.767907869306265,0.0,0.0,5.767907869306265,15.741034383428959,0.0,0.0,0.0,0.0,0.027932885636606352,5.698075655214749,0.041899328454909526,0.0,2.3325573231922254,0.0,2.9114905040502395,4.729078686880229,79647.0,0,0,0,49,UTAH
2380,490162,0.0,0.0,0.0,0.0,0.0,0.0,0.0,1.0114045500615414,0.0,0.0,0.0,0.0,0.0,0.0,0.0,0.0,1.0114045500615414,0.0,0.0,0.0,81720.0,0,0,0,49,UTAH
2372,490155,139.64745538559313,387.9664592523125,0.35994723784814076,0.0,0.0,0.0,0.0,16.612683931485712,0.0,0.0,0.0,0.0,0.0,0.0,0.0,0.0,2.5767858021711287,0.0,4.952499402357609,9.083398726956974,79422.0,0,0,0,49,UTAH
2379,490161,331.25,1405.0252205599268,0.23576089251123275,0.0,0.0,0.0,0.0,33.11597868709067,0.0,0.0,0.0,0.0,0.0,0.0,0.0,0.0,0.0,0.0,12.093350757774662,21.022627929316005,74058.0,0,0,0,49,UTAH
2378,490160,363.75,1159.4192508086974,0.31373465616193935,70.0,24.75,1.25,44.0,108.85729291372628,24.75,0.0,0.0,1.25,1.0,29.0,0.0,14.0,0.0,0.0,15.832509943523023,23.024782970203248,69958.0,371,0,0,49,UTAH
2377,490159,150.75,654.9125574217059,0.2301834012673089,0.0,0.0,0.0,0.0,15.512918578307074,0.0,0.0,0.0,0.0,0.0,0.0,0.0,0.0,0.0,0.0,5.502143373870879,10.010775204436197,79647.0,0,0,0,49,UTAH
2371,490154,605.25,2118.57444027564,0.28568738888459977,49.0,0.0,0.0,49.0,161.4732911571677,0.0,0.0,0.0,0.0,0.0,49.0,0.0,0.0,1.0114045500615414,0.0,72.41958315410785,39.042303452998304,73446.0,988,0,0,49,UTAH
2383,490165,246.22143657888824,1071.5034293897963,0.22979061926018035,0.0,0.0,0.0,0.0,26.885246303073295,0.0,0.0,0.0,0.0,0.0,0.0,0.0,0.0,2.0062798088908504,0.0,8.992610307405608,15.886356186776835,79568.0,0,0,0,49,UTAH
2370,490153,428.5777262173105,1865.0623669416127,0.22979270495930149,3.807887394200893,0.0,0.0,3.807887394200893,47.0350468263054,0.0,0.0,0.0,0.0,1.5231549576803571,0.0,2.2847324365205357,0.0,0.0,0.0,15.780828042955463,27.446331389149048,79647.0,0,0,0,49,UTAH
2384,490166,456.75,1678.1767987786582,0.27217036985162296,109.0,23.75,2.25,83.0,158.68164632258268,23.75,0.0,0.25,2.0,54.5,0.0,26.25,2.25,0.0,0.0,20.650398229717727,29.031248092864963,79509.0,0,0,0,49,UTAH
2385,490167,265.75,975.1961144634828,0.2725092892173857,45.25,1.0,4.25,40.0,73.58748957441864,0.5,0.5,0.25,4.0,0.0,37.5,0.5,2.0,0.0,0.0,11.31917172687712,17.01831784754153,79509.0,0,98,229,49,UTAH
2404,490186,0.0,0.0,0.0,0.0,0.0,0.0,0.0,0.9973133747415602,0.0,0.0,0.0,0.0,0.0,0.0,0.0,0.0,0.9973133747415602,0.0,0.0,0.0,81720.0,0,0,0,49,UTAH
2435,490217,0.0,0.0,0.0,53.25,9.0,0.0,44.25,198.96574128126204,7.75,1.25,0.0,0.0,0.0,12.0,6.5,25.75,0.0,0.0,145.71574128126204,0.0,91516.0,0,0,0,49,UTAH
2429,490211,2.0,4.68079613497778,0.4272777412916519,0.0,0.0,0.0,0.0,0.0729983073665863,0.0,0.0,0.0,0.0,0.0,0.0,0.0,0.0,0.0,0.0,0.0729983073665863,0.0,91516.0,0,0,0,49,UTAH
2434,490216,683.5,2358.7145460259826,0.2897764806477226,0.0,0.0,0.0,0.0,1045.7930946488457,0.0,0.0,0.0,0.0,0.0,0.0,0.0,0.0,2.022809100123083,0.0,999.7253415991196,44.04494394960298,91516.0,0,0,0,49,UTAH
2432,490214,0.0,0.0,0.0,0.0,0.0,0.0,0.0,0.0,0.0,0.0,0.0,0.0,0.0,0.0,0.0,0.0,0.0,0.0,0.0,0.0,91516.0,0,0,0,49,UTAH
2438,490220,422.75000063642466,1467.0900439174748,0.2881554560261229,40.25000006059395,0.25000000037635994,0.7500000011290798,39.250000059088514,83.98009968127779,0.25000000037635994,0.0,0.0,0.7500000011290798,3.0000000045163193,35.25000005306675,0.25000000037635994,0.7500000011290798,0.0,0.0,16.449886135115072,27.28021348556877,91516.0,0,0,0,49,UTAH
2437,490219,727.25,2310.078045743107,0.3148162034352644,0.0,0.0,0.0,0.0,72.63411691623294,0.0,0.0,0.0,0.0,0.0,0.0,0.0,0.0,0.0,0.0,25.82950908044757,46.80460783578537,91516.0,0,0,0,49,UTAH
2436,490218,511.25,1635.0567684305522,0.3126802750039898,0.0,0.0,0.0,0.0,51.487876487606215,0.0,0.0,0.0,0.0,0.0,0.0,0.0,0.0,0.0,0.0,18.700440894693624,32.78743559291259,91516.0,0,0,0,49,UTAH
2431,490213,182.25,611.9554173776974,0.2978158127612681,271.5,20.25,25.0,226.25,335.1359705805009,10.0,10.25,2.25,22.75,159.5,23.75,16.0,27.0,0.0,0.0,51.875421412650624,11.760549167850336,91516.0,0,0,0,49,UTAH
2440,490222,541.25,1911.505569969198,0.283153765546559,0.0,0.0,0.0,0.0,54.78618774331501,0.0,0.0,0.0,0.0,0.0,0.0,0.0,0.0,0.0,0.0,19.74932895185212,35.03685879146289,91516.0,0,0,0,49,UTAH
2442,490224,378.75,1331.475678627612,0.284458819698748,19.5,0.0,0.0,19.5,60.30655853168576,0.0,0.0,0.0,0.0,15.75,3.0,0.0,0.75,0.0,0.0,16.28034834451514,24.52621018717062,91516.0,0,0,0,49,UTAH
2445,490227,647.5,2045.646256395992,0.31652588905608825,49.0,0.0,0.0,49.0,117.09562655178657,0.0,0.0,0.0,0.0,0.0,49.0,0.0,0.0,0.0,0.0,26.30094484417159,41.79468170761495,104302.0,1152,0,0,49,UTAH
2444,490226,535.6037730433973,1777.0869773231545,0.30139423667950294,0.0,0.0,0.0,0.0,54.40375714503514,0.0,0.0,0.0,0.0,0.0,0.0,0.0,0.0,0.0,0.0,19.551998836230606,34.85175830880453,106764.0,0,0,0,49,UTAH
2448,490230,448.896237743769,1686.225703208749,0.26621361356878637,0.0,0.0,0.0,0.0,117.58747697321358,0.0,0.0,0.0,0.0,0.0,0.0,0.0,0.0,0.0,0.0,88.36986702650641,29.217609946707178,105199.0,0,0,0,49,UTAH
2450,490232,338.5,1119.873459928592,0.30226629356997553,89.0,0.0,0.0,89.0,126.6258863213262,0.0,0.0,0.0,0.0,25.0,33.0,0.0,31.0,0.0,0.0,15.602180871566553,22.023705449759625,83446.0,0,0,0,49,UTAH
2453,490235,220.0,731.9868943258656,0.300551829145264,45.0,0.0,0.0,45.0,68.69860254626572,0.0,0.0,0.0,0.0,0.0,45.0,0.0,0.0,0.0,0.0,9.6841196211406,14.014482925125115,96951.0,888,0,0,49,UTAH
2449,490231,456.0,1748.9094015256285,0.26073391772164806,43.0,22.75,1.0,19.25,90.56007705855136,21.75,1.0,0.0,1.0,9.0,0.0,0.0,10.25,0.0,0.0,18.278703194217115,29.28137386433425,106764.0,0,0,0,49,UTAH
2452,490234,248.5,783.2205659424881,0.3172797176245847,3.0,0.0,0.0,3.0,29.16771744330734,0.0,0.0,0.0,0.0,3.0,0.0,0.0,0.0,0.0,0.0,10.150085050639348,16.01763239266799,96951.0,0,0,0,49,UTAH
2451,490233,330.5,954.8775491368943,0.34611767791455156,746.25,121.75,47.0,577.5,807.3093132985302,25.25,96.5,0.0,47.0,160.0,48.75,116.5,252.25,0.0,0.0,39.53598591706655,21.52332738146365,96951.0,0,0,0,49,UTAH
2461,490243,350.1728931325436,1100.4082629781901,0.3182208866596669,16.68048570595771,2.9093870417368097,5.624814947357833,8.146283716863067,82.158168451875,2.9093870417368097,0.0,2.7154279056210227,2.9093870417368097,0.0,3.491264450084172,0.9697956805789366,3.6852235861999594,0.7946159658401843,0.0,42.22426820105212,22.458798579024975,96951.0,0,0,0,49,UTAH
2456,490238,30.413977528718252,95.35128782955464,0.3189676638986231,0.0,0.0,0.0,0.0,5.204975551131308,0.0,0.0,0.0,0.0,0.0,0.0,0.0,0.0,0.0,0.0,3.219049429215228,1.9859261219160789,96951.0,0,0,0,49,UTAH
2454,490236,231.0,711.0625330414695,0.3248659425380355,0.0,0.0,0.0,0.0,23.053038941052986,0.0,0.0,0.0,0.0,0.0,0.0,0.0,0.0,0.0,0.0,8.034130584154047,15.018908356898931,96951.0,0,0,0,49,UTAH
2460,490242,714.577106570624,2126.1315329157246,0.33609261492428477,4.819513870389834,0.8406128843703198,1.6251849097826183,2.3537160762368954,311.1296299859288,0.8406128843703198,0.0,0.7845720254122985,0.8406128843703198,0.0,1.0087354612443837,0.2802042947901066,1.0647763202024052,3.2510022565697096,0.0,257.1941651504296,45.86494870853961,96951.0,0,0,0,49,UTAH
2468,490250,235.75,790.5710871121832,0.29820215265037475,39.0,0.0,0.0,39.0,65.20304595518353,0.0,0.0,0.0,0.0,0.0,39.0,0.0,0.0,1.0114045500615414,0.0,9.926921390305626,15.264720014816362,70166.0,0,0,0,49,UTAH
2467,490249,1245.5,4892.580794597157,0.25456912257338643,49.0,0.0,0.0,49.0,176.33247665490177,0.0,0.0,0.0,0.0,0.0,49.0,0.0,0.0,0.0,0.0,47.24627501941222,80.08620163548956,78311.0,1349,0,0,49,UTAH
2466,490248,426.5,1634.5253521356165,0.26093201885351563,0.0,0.0,0.0,0.0,43.09529253032274,0.0,0.0,0.0,0.0,0.0,0.0,0.0,0.0,0.0,0.0,15.56568171788326,27.52961081243948,79422.0,0,0,0,49,UTAH
2473,490255,736.75,2891.4490395921825,0.25480303816937167,0.0,0.0,0.0,0.0,74.69316659184548,0.0,0.0,0.0,0.0,0.0,0.0,0.0,0.0,0.0,0.0,26.891753509560864,47.80141308228461,75827.0,0,0,0,49,UTAH
2472,490254,462.0,1812.5386776224136,0.25489111250636903,158.0,55.75,8.25,94.0,210.66033206263293,53.75,2.0,1.0,7.25,5.0,6.0,3.0,80.0,0.0,0.0,22.628006449324342,30.032325613308583,78311.0,0,0,0,49,UTAH
2471,490253,593.5,1785.8884114290718,0.3323275946032261,370.0,88.75,7.75,273.5,443.2084690016873,9.25,79.5,1.0,6.75,90.5,61.25,50.25,71.5,0.0,0.0,35.16752322482976,38.04094577685754,76751.0,965,0,0,49,UTAH
2458,490240,525.0,1942.802612961471,0.2702281726910626,59.0,0.0,0.0,59.0,113.56638037375542,0.0,0.0,0.0,0.0,0.0,59.0,0.0,0.0,0.0,0.0,20.52670506281737,34.03967531093805,96951.0,0,1266,0,49,UTAH
2459,490241,420.0,1142.624275510354,0.36757489666706644,0.0,0.0,0.0,0.0,42.3608963350162,0.0,0.0,0.0,0.0,0.0,0.0,0.0,0.0,0.0,0.0,15.331803283038472,27.029093051977725,83446.0,0,0,0,49,UTAH
2465,490247,993.2499996016782,3264.555292462705,0.30425277277273294,41.99999998315679,0.0,0.0,41.99999998315679,143.85526593309532,0.0,0.0,0.0,0.0,0.0,41.99999998315679,0.0,0.0,0.0,0.0,37.78630466724042,64.06896128269814,83446.0,903,0,0,49,UTAH
2477,490259,492.25,1911.1423513406596,0.25756846404177497,77.25,15.0,3.0,59.25,130.3166392924918,12.25,2.75,2.0,1.0,5.25,4.75,2.25,47.0,0.0,0.0,21.03215863829597,32.03448065419582,70166.0,0,0,0,49,UTAH
2478,490260,101.75,397.0536770441489,0.2562625808114259,359.75,51.75,18.25,289.75,384.8510627292019,40.25,11.5,14.25,4.0,16.0,107.25,14.5,152.0,0.0,0.0,18.343841998536405,6.757220730665519,70166.0,0,0,0,49,UTAH
2485,490267,90.5,331.757460773641,0.2727896451490759,0.0,0.0,0.0,0.0,12.072144763985255,0.0,0.0,0.0,0.0,0.0,0.0,0.0,0.0,0.0,0.0,6.316113604750546,5.75603115923471,70166.0,0,0,0,49,UTAH
2486,490268,1194.0,3796.8680410962143,0.31446971216183583,0.0,0.0,0.0,0.0,461.6666705452527,0.0,0.0,0.0,0.0,0.0,0.0,0.0,0.0,2.022809100123083,0.0,382.5724340962286,77.07142734890101,70166.0,0,0,0,49,UTAH
2494,490276,142.0,440.6926071723586,0.3222200638016662,0.0,0.0,0.0,0.0,14.251627169500775,0.0,0.0,0.0,0.0,0.0,0.0,0.0,0.0,0.0,0.0,5.2400383216673845,9.01158884783339,70166.0,0,0,0,49,UTAH
2493,490275,132.26130171839074,423.45796668253024,0.31233631700108755,190.67670997734666,27.37074160561142,3.122836290573115,160.18313208116214,210.67641363743672,25.35008282935823,2.020658776253192,2.7554437857998075,0.36739250477330765,9.919597628879307,23.329424053105036,12.123952657519153,114.81015774165864,0.0,0.0,11.541389122534346,8.458314537555715,70166.0,0,0,0,49,UTAH
2492,490274,174.53957827872364,643.448110500476,0.2712566490295017,0.0,0.0,0.0,0.0,18.336786901461046,0.0,0.0,0.0,0.0,0.0,0.0,0.0,0.0,0.580691196174091,0.0,6.403490551474929,11.352605153812027,70166.0,0,0,0,49,UTAH
2498,490280,619.8754480063968,1957.6600690573541,0.3166410031057523,0.0,0.0,0.0,0.0,64.28615487822148,0.0,0.0,0.0,0.0,0.0,0.0,0.0,0.0,1.0860889538070269,0.0,23.156764933796197,40.043300990618256,70166.0,0,0,0,49,UTAH
2491,490273,326.5,1234.752607843136,0.26442543868794066,0.0,0.0,0.0,0.0,32.93980969468238,0.0,0.0,0.0,0.0,0.0,0.0,0.0,0.0,0.0,0.0,11.917181765366374,21.022627929316005,96415.0,0,0,0,49,UTAH
2490,490272,266.75,999.8762633386124,0.2667830108390762,0.0,0.0,0.0,0.0,31.50359526876288,0.0,0.0,0.0,0.0,0.0,0.0,0.0,0.0,0.0,0.0,14.23508157319941,17.268513695563467,96415.0,0,0,0,49,UTAH
2495,490277,77.7499999072028,250.20614833964487,0.3107437623861276,0.0,0.0,0.0,0.0,10.001846352425428,0.0,0.0,0.0,0.0,0.0,0.0,0.0,0.0,0.0,0.0,4.996178650655763,5.0056677017696645,96415.0,0,0,0,49,UTAH
2496,490278,100.5,376.5949364344275,0.2668649795228965,47.0,2.0,1.0,44.0,76.90201078327674,2.0,0.0,1.0,0.0,0.0,38.0,0.0,6.0,0.0,0.0,23.394971887202463,6.507038896074276,96415.0,0,0,0,49,UTAH
2510,490292,324.25,870.4894672233335,0.37249158342407623,603.25,110.0,8.25,485.0,768.9295567801292,85.25,24.75,8.0,0.25,23.25,84.0,80.0,297.75,0.0,0.0,144.9074047823877,20.77215199774165,70166.0,0,0,0,49,UTAH
2511,490293,513.75,1428.4770878049835,0.3596487506771529,1323.5,348.75,37.75,937.0,1423.664319566544,99.25,249.5,10.5,27.25,80.75,333.0,157.75,365.5,0.0,0.0,67.12883146845724,33.035488098086795,70166.0,0,0,0,49,UTAH
2507,490289,0.0,0.0,0.0,996.5,321.25,18.25,657.0,1032.897323697985,109.0,212.25,18.0,0.25,41.25,67.0,43.5,505.25,0.0,0.0,36.39732369798504,0.0,70166.0,0,0,0,49,UTAH
2487,490269,914.0,3219.476207582539,0.2838971127810602,355.0,20.25,25.5,309.25,460.3809997302726,18.25,2.0,1.25,24.25,134.5,7.5,66.25,101.0,0.0,0.0,46.31742602409908,59.06357370617354,96415.0,0,0,0,49,UTAH
2501,490283,0.0,0.0,0.0,1862.5,349.0,79.75,1433.75,1936.337037249108,61.75,287.25,0.0,79.75,181.25,124.25,370.75,757.5,0.0,0.0,73.8370372491076,0.0,102760.0,0,0,0,49,UTAH
2418,490200,379.25000007156007,1466.8738895040233,0.2585430164005383,231.00000004358702,13.00000000245295,5.250000000990614,212.75000004014345,277.80062578095504,0.0,13.00000000245295,5.000000000943442,0.2500000000471721,60.750000011462824,136.00000002566162,0.0,16.000000003019014,0.0,0.0,22.774765242187744,24.025860495180268,102760.0,1140,0,0,49,UTAH
2503,490285,81.79047953351755,270.33421003824543,0.3025531971034901,0.0,0.0,0.0,0.0,10.310338939949961,0.0,0.0,0.0,0.0,0.0,0.0,0.0,0.0,0.7749251817509605,0.0,4.358010759263849,5.177402998935152,87096.0,0,0,0,49,UTAH
2506,490288,114.52625949181935,411.46203642387206,0.2783397965148816,101.890408230931,20.626771812652187,2.795419068972237,78.46821734930657,117.78547603030952,16.679218376311134,3.9475534363410514,2.779006898496898,0.01641217047533923,3.652669376601402,26.076103378527108,4.896104508619332,43.843340085558744,0.0,0.0,8.387021407992384,7.508046391386129,107045.0,0,0,0,49,UTAH
2514,490296,901.2398858222939,3232.405313980354,0.2788140094697826,112.00832679993573,13.542723864155377,3.53923620323283,94.92636673254752,207.30595072338332,11.272669804800795,2.270054059354583,2.5043595777911816,1.0348766254416482,15.661304390886302,14.406072897250233,8.525285552171653,56.33370389223934,0.0,0.0,36.977635417743656,58.3199885057039,106434.0,3,0,0,49,UTAH
2512,490294,1.9737405637489327,7.264404599293892,0.27170025248053814,1419.8596180468885,629.6232398359095,22.204581342175494,768.0317968688034,1471.7658288821945,520.8207912592496,108.80244857665991,20.97099348983241,1.233587852343083,67.84733187886957,99.6738984693211,67.35389673793233,533.1566697826804,0.0,0.0,51.906210835305885,0.0,107045.0,0,0,0,49,UTAH
2515,490297,128.0,461.7261085513813,0.2772206241522425,306.0,31.0,0.25,274.75,329.8492528620982,0.0,31.0,0.25,0.0,3.0,67.25,125.25,79.25,0.0,0.0,15.840632698549252,8.008620163548954,107045.0,958,0,0,49,UTAH
2519,490301,1140.0101205914007,4076.07862147309,0.27968305483258865,145.24167401765442,12.207276203885192,11.210763860710891,121.82363395305835,265.7166632467368,6.477330230632959,5.729945973252233,1.2456404289678766,9.965123431743013,46.08869587181144,44.593927357049985,7.224714488013685,23.916296236183232,0.0,0.0,46.902996483311135,73.57199274577124,91670.0,966,0,0,49,UTAH
2518,490300,240.41490047480656,924.1948317591999,0.26013443509219597,0.0,0.0,0.0,0.0,25.078922025218766,0.0,0.0,0.0,0.0,0.0,0.0,0.0,0.0,0.0,0.0,9.430691740380148,15.64823028483862,91670.0,0,0,0,49,UTAH
2522,490304,343.0,1324.294775997716,0.25900577893738636,6.0,0.75,2.75,2.5,41.26127360199608,0.75,0.0,0.5,2.25,1.0,0.0,0.25,1.25,0.0,0.0,13.237568152236456,22.023705449759625,91670.0,0,0,0,49,UTAH
2521,490303,31.75,94.92622132978867,0.3344702818170281,0.0,0.0,0.0,0.0,77.30640752588897,0.0,0.0,0.0,0.0,0.0,0.0,0.0,0.0,0.0,0.0,75.30405638480316,2.00235114108581,91670.0,0,0,0,49,UTAH
2526,490308,0.0,0.0,0.0,284.0,51.75,14.25,218.0,294.363362796141,41.75,10.0,6.25,8.0,14.0,21.75,14.25,168.0,0.0,0.0,10.363362796141018,0.0,91670.0,0,0,0,49,UTAH
2513,490295,475.58744774104906,1393.4669442470808,0.3412979760334529,550.7367458759192,374.027253940751,29.203495537201746,147.50599639796633,618.9440444079161,133.14514239673454,240.88211154401648,6.2422704218615594,22.961225115340188,19.2651167586625,5.180326496773549,55.3729755571373,67.68757758539299,0.0,0.0,37.46360717076593,30.74369136123102,107045.0,0,0,0,49,UTAH
2516,490298,675.6625577253035,1625.8837194968166,0.41556634685684013,50.013255690897815,20.972747038834367,9.546504590719389,19.494004061344057,120.08573082818164,3.3548579252395623,17.617889113594803,0.2577295938868546,9.288774996832533,1.2348832927989282,2.3196735299908515,1.627024578274145,14.312422660280133,0.0,0.0,26.486121733904387,43.586353403379455,107045.0,0,0,0,49,UTAH
2517,490299,397.75,957.0854321585184,0.41558463501314913,92.75,14.0,3.25,75.5,137.17652478021384,11.5,2.5,3.25,0.0,6.5,26.0,4.5,38.5,0.0,0.0,18.64876110965248,25.777763670561363,107045.0,0,0,0,49,UTAH
2520,490302,493.5,1188.8739054402315,0.4150986893915049,283.5,53.25,16.0,214.25,348.609944238178,48.5,4.75,15.25,0.75,16.5,26.25,12.75,158.75,0.0,0.0,33.32578549642201,31.78415874175601,107045.0,0,0,0,49,UTAH
2525,490307,202.5,635.4050655797521,0.31869434313564415,201.5,51.0,2.75,147.75,229.25650787749203,48.5,2.5,2.75,0.0,10.0,39.25,10.5,88.0,0.0,0.0,14.742500111724976,13.014007765767053,85040.0,0,0,0,49,UTAH
2523,490305,1148.5,2765.7522628201373,0.41525772768560126,127.0,23.25,5.0,98.75,256.8995482143434,19.0,4.25,2.0,3.0,19.75,7.75,7.25,64.0,0.0,0.0,55.81981170151555,74.07973651282784,107045.0,0,0,0,49,UTAH
2527,490309,11.75,37.21731760843996,0.3157132419810769,0.0,0.0,0.0,0.0,30.946230050779672,0.0,0.0,0.0,0.0,0.0,0.0,0.0,0.0,0.0,0.0,30.19533436492729,0.7508956858523759,107045.0,0,0,0,49,UTAH
2530,490312,745.25,1796.237590485954,0.4148950027253244,0.0,0.0,0.0,0.0,75.99850183554291,0.0,0.0,0.0,0.0,0.0,0.0,0.0,0.0,0.0,0.0,27.94678085424918,48.05172098129373,107045.0,0,0,0,49,UTAH
2535,490317,427.5,1344.6878458149058,0.31791765005574735,45.0,0.0,0.0,45.0,90.2769186772864,0.0,0.0,0.0,0.0,0.0,45.0,0.0,0.0,0.0,0.0,17.246748104865066,28.030170572421344,85040.0,511,0,0,49,UTAH
2536,490318,0.0,0.0,0.0,2102.2500586561932,285.5000079659142,74.50000207867113,1742.2500486116078,2178.979952046782,223.25000622903798,62.250001736876214,74.50000207867113,0.0,75.50000210657275,770.000021484252,106.00000295757235,790.7500220632107,0.0,0.0,76.72989339058846,0.0,87096.0,0,0,0,49,UTAH
2561,490343,331.5,1024.8624494680655,0.3234580408054354,0.0,0.0,0.0,0.0,33.12119938581868,0.0,0.0,0.0,0.0,0.0,0.0,0.0,0.0,0.0,0.0,12.098571456502674,21.022627929316005,96089.0,0,0,0,49,UTAH
2562,490344,232.25,677.8884389413681,0.3426079966235975,0.0,0.0,0.0,0.0,23.49283253644743,0.0,0.0,0.0,0.0,0.0,0.0,0.0,0.0,0.0,0.0,8.47666972979314,15.01616280665429,83312.0,0,0,0,49,UTAH
2578,490360,341.25,1003.5357789075036,0.340047666632774,0.0,0.0,0.0,0.0,34.18269024073021,0.0,0.0,0.0,0.0,0.0,0.0,0.0,0.0,0.0,0.0,12.409138614386826,21.77355162634338,83312.0,0,0,0,49,UTAH
2577,490359,262.75,1137.2689594988508,0.23103593728240282,0.0,0.0,0.0,0.0,48.35477447590516,0.0,0.0,0.0,0.0,0.0,0.0,0.0,0.0,0.0,0.0,31.336456628363624,17.01831784754153,95907.0,0,0,0,49,UTAH
2576,490358,429.0,1432.1869619229597,0.2995418973958491,73.0,45.75,11.0,16.25,119.35238296439724,45.75,0.0,11.0,0.0,8.0,0.0,0.25,8.0,0.0,0.0,18.322212391975917,28.030170572421344,95907.0,0,0,0,49,UTAH
2574,490356,332.0,1270.8565240374564,0.2612411344006405,0.0,0.0,0.0,0.0,33.383775059661374,0.0,0.0,0.0,0.0,0.0,0.0,0.0,0.0,0.0,0.0,12.110951282323432,21.27282377733794,96089.0,0,0,0,49,UTAH
2591,490373,56.0,214.1510679925709,0.2614976452134373,31.0,0.0,0.0,31.0,38.179736452220986,0.0,0.0,0.0,0.0,0.0,31.0,0.0,0.0,0.0,0.0,3.175426370446509,4.004310081774477,96089.0,850,0,0,49,UTAH
2592,490374,138.25,528.2663842880579,0.2617050868877808,75.0,1.0,0.0,74.0,91.79429890961558,1.0,0.0,0.0,0.0,2.0,0.0,71.0,1.0,0.0,0.0,7.784601225623006,9.009697683992574,96086.0,0,0,0,49,UTAH
2597,490379,448.5,1314.3090390509838,0.34124394390823487,22.0,1.0,21.0,0.0,70.45888138076347,1.0,0.0,21.0,0.0,0.0,0.0,0.0,0.0,0.0,0.0,19.42763328789851,29.031248092864963,74290.0,0,0,0,49,UTAH
2590,490372,126.25,441.4081116110861,0.28601649285329805,38.0,5.75,1.25,31.0,51.969466423281744,5.75,0.0,1.25,0.0,3.75,6.0,3.5,17.75,0.0,0.0,5.960748222176291,8.008718201105452,93988.0,0,0,0,49,UTAH
2589,490371,663.0,2674.7350980983,0.2478750140420948,0.0,0.0,0.0,0.0,67.24989908174194,0.0,0.0,0.0,0.0,0.0,0.0,0.0,0.0,0.0,0.0,24.20356570266632,43.046333379075634,93988.0,0,0,0,49,UTAH
2594,490376,166.0,672.835061922736,0.2467172259507819,40.25,4.25,1.5,34.5,59.021154746070735,4.25,0.0,0.25,1.25,6.0,2.75,1.5,24.25,0.0,0.0,8.009553882163665,10.76160086390707,89516.0,0,0,0,49,UTAH
2595,490377,128.5,376.8956993593097,0.3409431315306568,47.0,8.5,1.25,37.25,61.22347253295642,6.5,2.0,1.25,0.0,0.0,5.25,9.75,22.25,0.0,0.0,6.214852369407467,8.008620163548954,83145.0,0,0,0,49,UTAH
2603,490385,84.5,239.76925936682187,0.3524221588002816,797.0,110.25,127.5,559.25,834.8811478129168,65.75,44.5,97.25,30.25,126.75,14.25,90.0,328.25,0.0,0.0,32.12443020261325,5.756717610303605,80705.0,0,0,0,49,UTAH
2602,490384,19.75,55.93729201497767,0.35307393848654267,1033.0,339.5,11.25,682.25,1072.6842296779523,189.5,150.0,9.75,1.5,74.0,37.25,217.0,354.0,0.0,0.0,38.43283024506874,1.2513994328834357,80705.0,0,0,0,49,UTAH
2601,490383,298.0,856.2183555852139,0.34804205966399887,998.75,108.5,352.25,538.0,1065.1097865339589,103.25,5.25,318.25,34.0,111.75,65.25,64.5,296.5,0.0,0.0,47.33931364553016,19.02047288842877,80705.0,0,0,0,49,UTAH
2600,490382,156.25,368.6797164270535,0.42380959146396496,786.25,177.0,12.75,596.5,838.1511471648186,148.5,28.5,11.5,1.25,88.5,56.75,82.75,368.5,0.0,0.0,41.890371960382325,10.010775204436197,54694.0,0,0,0,49,UTAH
2599,490381,195.0,458.80738799885967,0.4250149520270686,207.0,51.5,2.5,153.0,249.92534973835885,26.5,25.0,2.25,0.25,13.0,54.0,13.5,72.5,0.0,0.0,30.662097580595606,12.26325215776325,54694.0,0,0,0,49,UTAH
2598,490380,371.0,1336.4369127761397,0.2776038258546249,89.0,7.0,0.0,82.0,129.81510842792446,7.0,0.0,0.0,0.0,0.0,35.0,20.0,27.0,0.0,0.0,16.789247937277597,24.025860490646867,66552.0,783,0,0,49,UTAH
2611,490393,117.0,330.31950266651097,0.3542025192442926,945.25,213.75,37.75,693.75,992.5091472796628,105.25,108.5,37.0,0.75,48.75,252.0,86.75,306.25,0.0,0.0,39.75084876069069,7.5082985189721585,76187.0,0,0,1617,49,UTAH
2610,490392,237.0,591.0540687196046,0.4009785441684059,542.25,20.75,137.75,383.75,604.7136188557771,18.5,2.25,8.5,129.25,72.75,196.25,46.25,68.5,0.0,0.0,47.19714815011368,15.266470705663416,67297.0,0,0,0,49,UTAH
2609,490391,224.5,532.9941768978453,0.42120535219848776,1204.5,125.25,41.75,1037.5,1277.670763902709,48.5,76.75,41.5,0.25,33.25,301.5,117.25,585.5,0.0,0.0,58.65516085603679,14.515603046672425,70166.0,0,0,0,49,UTAH
2616,490398,230.0,615.1036241303743,0.373920736242078,1518.25,170.5,169.5,1178.25,1609.5645918116204,144.5,26.0,169.25,0.25,455.5,283.5,82.75,356.5,0.0,0.0,76.54861083955734,14.765980972063048,81410.0,609,0,0,49,UTAH
2615,490397,261.0,701.0472689848579,0.3723001451498949,70.25,8.0,5.25,57.0,107.86782953471293,7.0,1.0,4.25,1.0,3.75,22.75,3.75,26.75,0.0,0.0,20.849833599611195,16.767995935101716,73538.0,0,0,0,49,UTAH
2608,490390,59.25,141.44895102995537,0.418879034228061,327.5,65.5,6.5,255.5,345.37843094100793,62.25,3.25,6.5,0.0,17.75,43.0,25.0,169.75,0.0,0.0,14.12444277167325,3.7539881693346615,82474.0,0,0,0,49,UTAH
2596,490378,601.75,1770.9058388719814,0.3397978519192744,1991.75,301.5,4.0,1686.25,2125.4365758666963,133.75,167.75,2.25,1.75,102.75,174.0,462.5,947.0,0.0,0.0,94.64455256939516,39.04202329730116,74290.0,0,0,0,49,UTAH
2606,490388,150.75,551.9319639441978,0.27313149056038605,162.75,50.75,9.5,102.5,183.9690631787315,27.75,23.0,1.5,8.0,1.0,82.0,2.5,17.0,0.0,0.0,11.458553873784291,9.760509304947185,77253.0,0,2002,0,49,UTAH
2614,490396,133.5,329.8500686102461,0.4047293382792799,241.0,31.0,18.5,191.5,263.43312212545413,24.75,6.25,18.5,0.0,14.0,76.75,10.75,90.0,0.0,0.0,13.673732340470698,8.75938978498345,68933.0,0,0,0,49,UTAH
2612,490394,149.75,554.0624513351898,0.27027639147740423,78.0,0.0,0.0,78.0,96.3223007531455,0.0,0.0,0.0,0.0,5.0,73.0,0.0,0.0,0.0,0.0,8.311525548709298,10.010775204436197,77253.0,477,125,0,49,UTAH
2605,490387,348.0,1274.3451247243506,0.27308143865287254,73.75,7.25,4.5,62.0,112.17106895461556,6.25,1.0,3.0,1.5,12.75,9.5,6.75,33.0,0.0,0.0,16.14704159241611,22.274027362199444,77253.0,0,0,0,49,UTAH
2539,490321,44.0,166.18750274010625,0.26476118405130483,0.0,0.0,0.0,0.0,5.610301400675926,0.0,0.0,0.0,0.0,0.0,0.0,0.0,0.0,0.0,0.0,2.607068839345068,3.0032325613308584,112546.0,0,0,0,49,UTAH
2538,490320,230.25,874.9162395435826,0.2631680492296205,13.0,0.0,0.0,13.0,36.89610139981337,0.0,0.0,0.0,0.0,0.0,13.0,0.0,0.0,0.0,0.0,8.879938593159078,15.01616280665429,112546.0,0,0,0,49,UTAH
2537,490319,184.25,679.4755112114046,0.27116503385311036,0.0,0.0,0.0,0.0,18.734720735851948,0.0,0.0,0.0,0.0,0.0,0.0,0.0,0.0,0.0,0.0,6.721790490528515,12.012930245323432,77253.0,0,0,0,49,UTAH
2542,490324,201.5,507.527143702479,0.3970231001440244,3.25,1.5,0.25,1.5,23.74251118175825,1.5,0.0,0.25,0.0,0.0,0.25,0.25,1.0,0.0,0.0,7.478503415991196,13.014007765767053,93596.0,0,0,0,49,UTAH
2679,490461,231.5,648.0974274117567,0.3571993811555755,96.0,0.0,0.0,96.0,122.9687376484238,0.0,0.0,0.0,0.0,0.0,96.0,0.0,0.0,0.0,0.0,11.9525748417695,15.01616280665429,71196.0,0,1332,0,49,UTAH
2678,490460,257.0,777.9156646308973,0.33037000241143166,48.0,0.0,0.0,48.0,76.65055972094595,0.0,0.0,0.0,0.0,0.0,48.0,0.0,0.0,0.0,0.0,11.632241873404428,17.01831784754153,66634.0,718,0,0,49,UTAH
2686,490468,355.5,1341.4827121486042,0.26500527869688945,0.0,0.0,0.0,0.0,37.24922727809494,0.0,0.0,0.0,0.0,0.0,0.0,0.0,0.0,0.0,0.0,14.224444307891694,23.024782970203248,129697.0,0,0,0,49,UTAH
2684,490466,271.0,644.7108652996908,0.42034346648404464,0.0,0.0,0.0,0.0,27.417202314612524,0.0,0.0,0.0,0.0,0.0,0.0,0.0,0.0,0.0,0.0,9.89843675807632,17.518765556536206,86845.0,0,0,0,49,UTAH
2683,490465,183.75,727.2258271998479,0.25267254424601715,0.0,0.0,0.0,0.0,18.716697052949783,0.0,0.0,0.0,0.0,0.0,0.0,0.0,0.0,0.0,0.0,6.703766807626348,12.012930245323432,89000.0,0,0,0,49,UTAH
2617,490399,462.0,1506.9575348137996,0.3065779820113411,3.0,0.0,3.0,0.0,52.25512197777781,0.0,0.0,3.0,0.0,0.0,0.0,0.0,0.0,0.0,0.0,19.22279636446922,30.032325613308583,89230.0,0,0,0,49,UTAH
2540,490322,320.0,825.7262434042595,0.38753764041787175,346.0,36.75,8.0,301.25,392.3399729528062,25.5,11.25,6.5,1.5,26.5,121.75,42.5,110.5,0.0,0.0,25.317345023490176,21.022627929316005,77804.0,0,0,0,49,UTAH
2620,490402,323.75,966.1861021115584,0.33508037353513803,0.0,0.0,0.0,0.0,32.83883335803267,0.0,0.0,0.0,0.0,0.0,0.0,0.0,0.0,0.0,0.0,11.816205428716671,21.022627929316005,96918.0,0,0,0,49,UTAH
2621,490403,290.75,1115.0118986323791,0.26075954916411226,0.0,0.0,0.0,0.0,88.91148328074331,0.0,0.0,0.0,0.0,0.0,0.0,0.0,0.0,0.0,58.02898550278261,11.862024889531927,19.02047288842877,89205.0,0,0,0,49,UTAH
2685,490467,256.99998396487285,805.8347253050044,0.318923937991875,0.0,0.0,0.0,0.0,25.641662253206764,0.0,0.0,0.0,0.0,0.0,0.0,0.0,0.0,0.0,0.0,9.374115042088846,16.267547211117915,86845.0,0,0,0,49,UTAH
2622,490404,230.2499996414819,838.7260346613737,0.27452349173165086,0.0,0.0,0.0,0.0,36.47521865782954,0.0,0.0,0.0,0.0,0.0,0.0,0.0,0.0,0.0,0.0,21.70937781169225,14.765840846137277,103369.0,0,0,0,49,UTAH
2628,490410,235.99999983159688,788.8560610336799,0.2991673785485702,0.0,0.0,0.0,0.0,32.800534234946,0.0,0.0,0.0,0.0,0.0,0.0,0.0,0.0,0.0,8.927536223974382,8.60652731620194,15.266470694769682,123639.0,0,0,0,49,UTAH
2627,490409,131.25,481.0587752983682,0.2728356839943196,147.0,0.0,0.0,147.0,165.4149356322507,0.0,0.0,0.0,0.0,0.0,147.0,0.0,0.0,0.0,0.0,10.155993556261905,8.258942075988772,103369.0,0,0,2989,49,UTAH
2626,490408,456.5,1789.1697277989863,0.25514627981191057,121.25,1.25,0.0,120.0,171.61694776467428,1.25,0.0,0.0,0.0,35.75,34.0,1.5,48.75,0.0,0.0,21.085503823787366,29.281443940886906,132678.0,999,0,0,49,UTAH
2636,490418,81.25,269.79412202223443,0.3011555603620748,1395.75,540.75,23.0,832.0,1457.420133092766,404.75,136.0,22.5,0.5,72.0,81.75,173.0,505.25,0.0,0.0,56.41453562909542,5.255597463670723,127755.0,0,0,0,49,UTAH
2635,490417,161.0,541.6347738126282,0.2972482709459418,484.75,60.0,2.75,422.0,518.3302733777329,56.75,3.25,2.5,0.25,31.75,98.25,99.0,193.0,0.0,0.0,23.56949817329661,10.010775204436197,123256.0,647,78,0,49,UTAH
2634,490416,317.25,754.8475678088731,0.4202835294560126,84.0,0.0,0.0,84.0,119.1690511061369,0.0,0.0,0.0,0.0,12.75,0.0,0.0,71.25,0.0,0.0,14.646982936802765,20.522068169334137,103369.0,0,0,0,49,UTAH
2633,490415,362.25,1422.397872988364,0.25467557768413746,209.0,44.5,9.5,155.0,252.8643061000668,12.75,31.75,0.25,9.25,14.25,5.0,79.25,56.5,0.0,0.0,20.83952312986353,23.024782970203248,132678.0,0,0,0,49,UTAH
2625,490407,304.75,1197.3662605838342,0.25451694275350994,125.5,14.75,0.25,110.5,161.229167538546,12.5,2.25,0.25,0.0,13.75,14.5,8.0,74.25,0.0,0.0,15.707617129673595,20.02155040887239,132678.0,0,0,0,49,UTAH
2644,490426,268.0,702.8555579573272,0.38130167282005223,162.0,23.0,0.0,139.0,196.63361817209093,16.75,6.25,0.0,0.0,0.0,13.75,36.0,89.25,1.0114045500615414,0.0,16.102804087458313,17.51940953457108,152001.0,0,0,0,49,UTAH
2645,490427,0.0,0.0,0.0,1143.0,0.0,1143.0,0.0,1184.718532660004,0.0,0.0,1138.0,5.0,0.0,0.0,0.0,0.0,0.0,0.0,41.71853266000413,0.0,152001.0,0,0,0,49,UTAH
2643,490425,33.75,85.59205417518683,0.3943123029962767,141.0,0.0,0.0,141.0,149.6277424686603,0.0,0.0,0.0,0.0,0.0,141.0,0.0,0.0,0.0,0.0,6.375223449955589,2.252519018704703,109972.0,799,0,0,49,UTAH
2642,490424,520.75,1400.4085167825235,0.3718557790525562,56.75,6.25,0.0,50.5,111.86332686210632,5.25,1.0,0.0,0.0,4.0,5.75,5.0,35.75,0.0,0.0,21.076691167023256,34.03663569508306,109972.0,0,0,0,49,UTAH
2632,490414,154.0,602.5428103250058,0.2555834993980492,222.0,4.0,52.0,166.0,245.7337848937849,4.0,0.0,0.0,52.0,12.0,0.0,0.0,154.0,0.0,0.0,13.7230096893487,10.010775204436197,132678.0,0,0,0,49,UTAH
2656,490438,1673.75,5788.165258072018,0.2891676248645171,0.0,0.0,0.0,0.0,1352.0188085996854,0.0,0.0,0.0,0.0,0.0,0.0,0.0,0.0,0.0,0.0,1243.897727653608,108.12108094607736,128261.0,0,0,0,49,UTAH
2655,490437,328.25,909.7262265216864,0.3608228392568773,0.0,0.0,0.0,0.0,35.1976964845223,0.0,0.0,0.0,0.0,0.0,0.0,0.0,0.0,0.0,0.0,13.925054884895342,21.27264159962696,109972.0,0,0,0,49,UTAH
2624,490406,648.5,1845.801283839171,0.3513379287780934,0.0,0.0,0.0,0.0,65.7151116915138,0.0,0.0,0.0,0.0,0.0,0.0,0.0,0.0,0.0,0.0,23.66985583288178,42.04525585863202,51324.0,0,0,0,49,UTAH
2623,490405,37.0,99.52180365072928,0.37177782800089826,1107.25,34.75,6.5,1066.0,1159.75212610363,29.75,5.0,6.25,0.25,134.75,45.25,722.75,163.25,0.0,0.0,49.999187200786544,2.502938902843487,51324.0,0,0,0,49,UTAH
2618,490400,268.0,703.1388141942487,0.3811480671951108,3184.0,291.25,461.5,2431.25,3327.013111463576,251.25,40.0,23.75,437.75,1309.25,213.75,307.0,601.25,0.0,0.0,125.99479361603478,17.01831784754153,51324.0,0,0,0,49,UTAH
2550,490332,0.0,0.0,0.0,4263.0,408.5,165.0,3689.5,4418.619965393188,335.5,73.0,43.5,121.5,1065.5,313.25,580.5,1730.25,0.0,0.0,155.61996539318812,0.0,75570.0,0,0,0,49,UTAH
2631,490413,0.9999999998775219,0.9999999998775219,1.0,1651.7499997976968,340.74999995826556,8.999999998897696,1301.9999998405335,1712.0451007198637,113.74999998606812,226.99999997219746,7.749999999050795,1.2499999998469022,208.24999997449393,124.2499999847821,225.74999997235057,743.7499999089068,0.0,0.0,60.29510092216698,0.0,51324.0,698,0,0,49,UTAH
2629,490411,0.0,0.0,0.0,985.5,378.5,10.25,596.75,1021.467442294049,74.25,304.25,8.75,1.5,44.75,36.0,107.5,408.5,0.0,0.0,35.96744229404897,0.0,51324.0,0,0,0,49,UTAH
2543,490325,274.5,813.7331161886447,0.33733418800220455,890.75,121.5,230.5,538.75,1184.7044613489788,110.25,11.25,137.0,93.5,52.75,61.25,81.5,343.25,0.0,232.1159420665428,44.069319762472695,17.769199519963212,74404.0,0,0,0,49,UTAH
2547,490329,0.0,0.0,0.0,384.5,90.75,4.0,289.75,398.5316646044098,46.0,44.75,3.75,0.25,17.75,23.5,28.5,220.0,0.0,0.0,14.031664604409784,0.0,75570.0,0,0,0,49,UTAH
2546,490328,230.25,753.6228996594797,0.30552415552133194,34.75,28.25,1.0,5.5,59.43954461000716,28.25,0.0,0.0,1.0,0.0,0.0,0.25,5.25,0.0,0.0,9.673381803352866,15.01616280665429,75570.0,0,0,0,49,UTAH
2545,490327,4.75,15.0331905629008,0.31596752400133493,284.0,0.0,0.0,284.0,294.7844109241904,0.0,0.0,0.0,0.0,0.0,284.0,0.0,0.0,0.0,0.0,10.534215076168504,0.2501958480219349,75570.0,0,0,0,49,UTAH
2544,490326,421.5,1329.08178955067,0.3171362389537357,28.0,3.25,3.0,21.75,71.434564643109,3.0,0.25,1.0,2.0,2.0,1.25,0.75,17.75,0.0,0.0,16.405471591131274,27.029093051977725,85040.0,0,0,0,49,UTAH
2541,490323,265.0,1084.3466386787695,0.24438679528060445,49.0,0.0,0.0,49.0,77.47936144262786,0.0,0.0,0.0,0.0,0.0,49.0,0.0,0.0,0.0,0.0,11.461043595086336,17.01831784754153,93596.0,669,0,0,49,UTAH
2549,490331,675.0,1762.5031979880266,0.38297802850544704,2609.75,158.75,56.25,2394.75,2772.7563259072144,100.75,58.0,55.25,1.0,909.5,133.5,126.75,1225.0,0.0,0.0,119.45674323086293,43.549582676351335,75570.0,0,0,0,49,UTAH
2548,490330,0.0,0.0,0.0,563.0,49.75,11.75,501.5,583.5440339560139,40.75,9.0,10.75,1.0,178.25,55.25,77.5,190.5,0.0,0.0,20.54403395601388,0.0,75570.0,0,0,0,49,UTAH
2551,490333,0.0,0.0,0.0,593.25,32.25,8.0,553.0,614.8859570780567,28.5,3.75,7.25,0.75,354.0,36.0,45.5,117.5,0.0,0.0,21.635957078056656,0.0,75570.0,0,0,0,49,UTAH
2554,490336,146.75,459.9251957921466,0.31907362619533575,453.5,55.75,8.25,389.5,484.65573338263823,45.5,10.25,7.75,0.5,40.0,68.5,74.25,206.75,0.0,0.0,21.895839850623705,9.25989353201451,85040.0,0,0,0,49,UTAH
2556,490338,0.0,0.0,0.0,942.75,385.5,12.75,544.5,977.1390274201028,107.75,277.75,5.25,7.5,236.0,30.5,98.25,179.75,0.0,0.0,34.38902742010268,0.0,72767.0,0,0,0,49,UTAH
2557,490339,664.25,2133.6254894911967,0.31132455216327726,1376.5,320.25,135.75,920.5,1494.0099026569412,291.5,28.75,61.5,74.25,481.75,70.0,151.5,217.25,0.0,0.0,74.4635692778656,43.046333379075634,72767.0,0,0,0,49,UTAH
2558,490340,1.9999999639342683,4.6805264917419604,0.42730234888381635,47.749999138930654,7.499999864753506,4.2499999233603205,35.99999935081683,49.56534739484737,6.999999873769939,0.49999999098356707,3.4999999368849695,0.7499999864753506,3.9999999278685365,7.749999860245289,4.2499999233603205,19.999999639342683,0.0,0.0,1.8153482559167207,0.0,72767.0,0,0,0,49,UTAH
2641,490423,704.75,1894.6854961789024,0.37196146876159714,0.0,0.0,0.0,0.0,97.51609548852434,0.0,0.0,0.0,0.0,0.0,0.0,0.0,0.0,0.0,0.0,52.217411220539525,45.29868426798481,109972.0,0,0,0,49,UTAH
2649,490431,109.0,293.51008803277136,0.37136713334306176,0.0,0.0,0.0,0.0,11.984951154314144,0.0,0.0,0.0,0.0,0.0,0.0,0.0,0.0,0.0,0.0,4.977408511208808,7.007542643105336,109972.0,0,0,0,49,UTAH
2637,490419,0.0,0.0,0.0,2317.5000058792293,343.750000872054,14.750000037419042,1959.0000049697562,2402.0730867983193,76.0000001928032,267.7500006792508,13.250000033613716,1.5000000038053263,1455.7500036930692,66.00000016743437,161.00000040843835,276.25000070081427,0.0,0.0,84.57308091908982,0.0,100955.0,0,0,0,49,UTAH
2652,490434,356.25,958.0248920327974,0.3718588138603438,34.0,0.0,0.0,34.0,94.26064766566888,0.0,0.0,0.0,0.0,0.0,34.0,0.0,0.0,0.0,0.0,37.23586469546565,23.024782970203248,109972.0,710,0,0,49,UTAH
2647,490429,633.2500001659697,1899.5749117589921,0.3333640575298949,0.0,0.0,0.0,0.0,64.15773422587189,0.0,0.0,0.0,0.0,0.0,0.0,0.0,0.0,0.0,0.0,23.113555876926146,41.04417834894575,101097.0,0,0,0,49,UTAH
2651,490433,231.99999990391424,695.956163591867,0.3333543289659938,0.0,0.0,0.0,0.0,23.483603694415006,0.0,0.0,0.0,0.0,0.0,0.0,0.0,0.0,0.0,0.0,8.467440893979848,15.016162800435154,101939.0,0,0,0,49,UTAH
2650,490432,774.0,2043.8649399566525,0.37869429866359733,7.5,1.5,2.75,3.25,645.4363555144989,1.5,0.0,2.75,0.0,1.0,0.25,0.0,2.0,1.0114045500615414,0.0,587.1197583528386,49.80519261159876,100955.0,0,0,0,49,UTAH
2653,490435,28.0,74.49790515398622,0.3758494945881278,200.25,40.75,85.25,74.25,210.30203332561564,40.75,0.0,83.75,1.5,17.75,9.0,5.0,42.5,0.0,0.0,8.3006623894621,1.7513709361535446,109972.0,0,0,0,49,UTAH
2711,490493,470.75,1362.9182404722446,0.34539856171921757,265.5,25.25,51.75,188.5,322.4018269986983,24.25,1.0,15.0,36.75,77.25,38.5,20.25,52.5,0.0,0.0,26.869501385389725,30.032325613308583,140614.0,927,0,0,49,UTAH
2707,490489,425.75,1239.282329186523,0.34354560698002246,389.0,99.75,26.0,263.25,483.99406860521066,70.75,29.0,2.0,24.0,12.0,13.25,54.0,184.0,0.0,0.0,67.46447180620186,27.529596799008782,127394.0,0,0,0,49,UTAH
2714,490496,201.25,546.8144547373146,0.3680407462832689,0.0,0.0,0.0,0.0,20.359203731378106,0.0,0.0,0.0,0.0,0.0,0.0,0.0,0.0,0.0,0.0,7.345195965611052,13.014007765767053,141904.0,0,0,0,49,UTAH
2708,490490,106.25,365.368979341989,0.2908019180811432,58.0,15.5,3.25,39.25,71.00196058390227,15.5,0.0,0.0,3.25,0.0,0.0,0.0,39.25,0.0,0.0,5.994417940796934,7.007542643105336,132626.0,0,0,0,49,UTAH
2709,490491,76.0,260.73327884297555,0.29148561448410415,0.0,0.0,0.0,0.0,7.779323282148381,0.0,0.0,0.0,0.0,0.0,0.0,0.0,0.0,0.0,0.0,2.7739356799302834,5.005387602218097,132626.0,0,0,0,49,UTAH
2706,490488,25.25,70.37337885055871,0.3588004500056705,0.0,0.0,0.0,0.0,30.42546171117918,0.0,0.0,0.0,0.0,0.0,0.0,0.0,0.0,0.0,0.0,29.174062278295747,1.2513994328834357,152001.0,0,0,0,49,UTAH
2699,490481,347.5,1343.540346849756,0.2586450052019613,0.0,0.0,0.0,0.0,34.95522328032738,0.0,0.0,0.0,0.0,0.0,0.0,0.0,0.0,0.0,0.0,12.681195918127935,22.274027362199444,137505.0,0,0,0,49,UTAH
2702,490484,518.5,1494.9138872650235,0.3468427207861495,1254.25,479.5,80.25,694.5,1363.2526962925897,245.5,234.0,6.5,73.75,43.25,213.5,74.25,363.5,0.0,0.0,75.71697025601779,33.28572603657195,132959.0,0,0,0,49,UTAH
2690,490472,348.0,1166.9017772270813,0.29822561486447935,61.0,0.0,0.0,61.0,98.20027698139876,0.0,0.0,0.0,0.0,0.0,61.0,0.0,0.0,0.0,0.0,14.926375683617207,22.27390129778156,123845.0,0,1194,0,49,UTAH
2691,490473,222.0,691.9877239960383,0.3208149397766932,96.0,16.75,26.5,52.75,122.87150681896564,14.75,2.0,2.0,24.5,3.75,7.0,3.0,39.0,0.0,0.0,12.85642153275497,14.015085286210672,111764.0,0,0,0,49,UTAH
2689,490471,151.0,505.4999754843053,0.2987141588984869,0.0,0.0,0.0,0.0,15.52394338963152,0.0,0.0,0.0,0.0,0.0,0.0,0.0,0.0,0.0,0.0,5.513168185195323,10.010775204436197,123233.0,0,0,0,49,UTAH
2703,490485,242.25,755.124137918436,0.32080817952367774,568.5,78.75,109.5,380.25,614.1053043985796,29.75,49.0,1.0,108.5,55.25,22.0,50.0,253.0,0.0,0.0,29.588064071481643,16.01724032709791,112892.0,0,0,0,49,UTAH
2704,490486,224.0,918.031581278892,0.24400032043336675,0.0,0.0,0.0,0.0,22.19089571126835,0.0,0.0,0.0,0.0,0.0,0.0,0.0,0.0,0.0,0.0,8.175810425057678,14.015085286210672,109118.0,0,0,0,49,UTAH
2705,490487,343.0,1233.1585193599044,0.27814753303414796,88.0,0.0,0.25,87.75,125.754840687259,0.0,0.0,0.25,0.0,30.5,2.25,0.0,55.0,0.0,0.0,15.731135237499371,22.023705449759625,85589.0,0,0,0,49,UTAH
2710,490492,121.75,414.5971355433665,0.293658565297215,14.0,0.0,1.0,13.0,26.964382309450603,0.0,0.0,1.0,0.0,5.0,4.0,2.0,2.0,0.0,0.0,4.955762145901648,8.008620163548954,132626.0,0,0,0,49,UTAH
2698,490480,380.75,1259.0698890851463,0.30240577056183676,104.0,0.0,13.0,91.0,146.47059689345232,0.0,0.0,13.0,0.0,17.5,49.5,1.0,23.0,0.0,0.0,17.69396678137098,24.77663011208136,92729.0,0,0,0,49,UTAH
2692,490474,416.0,1273.765555236706,0.3265907123094517,172.25,47.0,0.75,124.5,265.3105970997749,0.0,47.0,0.0,0.75,0.0,123.0,0.75,0.75,0.0,0.0,66.28191005022038,26.77868704955457,112892.0,0,0,2537,49,UTAH
2694,490476,356.0,1308.478467643884,0.2720717297251613,87.0,1.0,9.0,77.0,126.18960838595984,0.0,1.0,8.0,1.0,44.0,4.0,11.0,18.0,0.0,0.0,16.164825415756575,23.024782970203248,117955.0,0,0,0,49,UTAH
2695,490477,441.75,1398.9300496702976,0.3157770469682258,0.0,0.0,0.0,0.0,45.13822290105204,0.0,0.0,0.0,0.0,0.0,0.0,0.0,0.0,0.0,0.0,16.607660632586825,28.53056226846521,85999.0,0,0,0,49,UTAH
2787,490569,478.25,1435.8652265208914,0.33307443565494105,1897.5,154.75,147.75,1595.0,2017.9644936737484,125.75,29.0,36.0,111.75,76.75,404.5,679.75,434.0,2.022809100123083,0.0,87.6615871371033,30.780097436521995,91242.0,0,0,0,49,UTAH
2677,490459,338.0,1134.1220458970615,0.2980278896991643,109.0,1.0,2.0,106.0,147.3341339160195,1.0,0.0,0.0,2.0,6.0,1.0,0.0,99.0,0.0,0.0,16.560666313801946,21.77346760221757,91242.0,0,0,0,49,UTAH
2671,490453,465.0,1482.2621795646917,0.3137096840294208,172.5,13.0,66.75,92.75,225.800196721788,12.0,1.0,1.0,65.75,21.0,10.25,20.25,41.25,0.0,0.0,23.267871108479365,30.032325613308583,68889.0,0,0,0,49,UTAH
2670,490452,435.0,1211.234288666053,0.35913778537352237,720.0,3.0,24.0,693.0,795.1830655062522,2.0,1.0,20.0,4.0,4.0,386.0,3.0,300.0,0.0,0.0,47.152894933830886,28.030170572421344,59008.0,866,0,0,49,UTAH
2783,490565,585.0,1514.6973589131612,0.38621576551751186,231.0,0.0,3.0,228.0,306.5841757051328,0.0,0.0,2.0,1.0,27.0,153.0,1.0,47.0,0.0,0.0,37.793537827284354,37.79063787784841,80035.0,0,0,2393,49,UTAH
2788,490570,598.75,1969.630325436154,0.3039910547007917,374.0,0.0,0.0,374.0,448.5362993795316,0.0,0.0,0.0,0.0,0.0,374.0,0.0,0.0,0.0,0.0,35.7446399941903,38.79165938534123,117317.0,576,327,0,49,UTAH
2672,490454,342.75,954.1331823562846,0.35922658003944474,427.0,38.0,4.25,384.75,477.6301660862569,33.0,5.0,4.0,0.25,25.25,46.25,42.25,271.0,0.0,0.0,28.6064606364972,22.023705449759625,71196.0,0,0,0,49,UTAH
2661,490443,368.25,890.9107604483497,0.4133410621448535,1665.0,680.5,195.5,789.0,1813.7368446659807,202.75,477.75,141.25,54.25,86.5,72.0,157.75,472.75,0.0,0.0,124.7109842411919,24.025860424789336,36579.0,0,0,0,49,UTAH
2669,490451,534.25,1919.63529242718,0.27830807346977676,557.5,147.75,10.25,399.5,631.3812890962707,84.5,63.25,7.0,3.25,19.75,28.5,103.75,247.5,0.0,0.0,39.84465340118764,34.03663569508306,82722.0,0,0,0,49,UTAH
2667,490449,252.25,685.378038921222,0.3680450578735188,300.5,23.0,7.25,270.25,341.1932630296134,23.0,0.0,0.0,7.25,18.0,42.25,164.0,46.0,0.0,0.0,24.67602270251549,16.01724032709791,57297.0,0,0,0,49,UTAH
2668,490450,222.5,396.7335524326212,0.56082980286319,623.0,30.0,201.0,392.0,668.8728063201137,28.0,2.0,23.25,177.75,22.75,77.25,125.0,167.0,0.0,0.0,31.857721033902948,14.015085286210672,38529.0,453,0,0,49,UTAH
2779,490561,771.25,2636.002603699936,0.292583170789536,384.75,31.0,18.0,335.75,503.7795775930051,30.75,0.25,14.0,4.0,112.25,42.25,80.25,101.0,0.0,26.782608688263867,42.193092882560286,50.05387602218097,75176.0,519,22,174,49,UTAH
2664,490446,382.75,872.8393562602454,0.4385113907327976,1709.75,429.75,260.5,1019.5,1822.4141795142573,222.75,207.0,36.75,223.75,173.0,86.5,147.75,612.25,0.0,0.0,88.1376751987308,24.5265043155265,36579.0,0,0,0,49,UTAH
2665,490447,19.25,49.63008066240526,0.3878696093794958,1846.0,311.25,523.75,1011.0,1915.3242301527837,280.0,31.25,15.0,508.75,125.25,242.5,202.5,440.75,0.0,0.0,68.0728307198999,1.2513994328834357,55929.0,0,0,0,49,UTAH
2666,490448,191.25,367.03157208679886,0.5210723396699277,874.25,273.0,215.5,385.75,940.179906755906,151.0,122.0,79.5,136.0,47.0,9.25,83.0,246.5,0.0,0.0,53.41643076403126,12.51347599187461,38900.0,0,0,0,49,UTAH
2770,490552,481.5,1109.4139900458763,0.43401291521489566,1111.25,324.5,21.25,765.5,1201.664495287307,63.5,261.0,19.0,2.25,434.5,59.5,203.75,67.75,0.0,0.0,59.3810921535548,31.0334031337522,51709.0,0,0,0,49,UTAH
2658,490440,391.5,963.580931496014,0.4062969566989812,329.75,20.75,82.25,226.75,394.1076599080224,19.75,1.0,6.75,75.5,14.0,113.25,24.75,74.75,0.0,0.0,39.08044198401216,25.277217924010188,57339.0,743,0,0,49,UTAH
2659,490441,105.5,275.0446469129709,0.3835740894582184,1085.75,120.75,404.5,560.5,1147.973549810217,108.75,12.0,13.0,391.5,87.75,77.5,88.25,307.0,0.0,0.0,55.46592283435096,6.7576269758661205,56267.0,0,0,0,49,UTAH
2755,490537,61.0,150.7559149579937,0.4046275731005109,1006.0,60.75,236.5,708.75,1048.5838487422052,5.5,55.25,212.0,24.5,528.5,58.25,22.0,100.0,0.0,0.0,38.82953840825424,3.7543103339511146,67267.0,411,0,100,49,UTAH
2748,490530,39.25,112.73385007725489,0.34816516931784497,2325.5,240.75,559.75,1525.0,2414.55124135153,174.0,66.75,130.25,429.5,738.75,72.75,115.5,598.0,0.0,0.0,86.2981346118395,2.7531067396904225,60581.0,0,0,0,49,UTAH
2757,490539,529.25,1240.7330480603116,0.4265623462092817,399.0,39.0,5.0,355.0,499.2317358556828,21.75,17.25,1.5,3.5,185.0,25.25,8.25,136.5,0.0,0.0,66.19531027422896,34.0364255814538,58545.0,0,0,0,49,UTAH
2663,490445,141.75,320.2280151132977,0.4426533385901555,2153.25,1337.0,75.25,741.0,2245.8591835396105,710.75,626.25,2.75,72.5,90.5,59.0,180.25,411.25,0.0,0.0,83.59948585561781,9.009697683992574,36579.0,0,0,0,49,UTAH
2604,490386,239.0,674.3613625455823,0.3544093912762465,346.5,72.0,17.0,257.5,383.497376962742,63.0,9.0,8.0,9.0,20.5,21.25,18.0,197.75,0.0,0.0,21.480780510694878,15.51659645204713,80705.0,0,0,0,49,UTAH
2588,490370,39.5,105.16756675135058,0.37559108021763504,0.0,0.0,0.0,0.0,52.21775929474524,0.0,0.0,0.0,0.0,0.0,0.0,0.0,0.0,0.0,0.0,49.71477835160968,2.502980943135561,83312.0,0,0,0,49,UTAH
2583,490365,602.7881333498677,1851.714319506722,0.3255297682800468,17.55693592281168,0.9753853290450933,6.340004638793107,10.24154595497348,100.69239122438525,0.9753853290450933,0.0,0.0,6.340004638793107,9.266160625928388,0.0,0.0,0.9753853290450933,0.0,0.0,44.077483061115295,39.05797224045828,83312.0,0,0,0,49,UTAH
2657,490439,113.5,281.7039624994258,0.40290523070022966,821.0,441.5,90.25,289.25,862.1129628407468,290.25,151.25,6.0,84.25,22.0,22.0,18.5,226.75,0.0,0.0,34.105420197641486,7.007542643105336,55929.0,0,0,0,49,UTAH
2564,490346,188.7593697838841,553.9314459171151,0.34076305141219265,0.0,0.0,0.0,0.0,19.69490889086826,0.0,0.0,0.0,0.0,0.0,0.0,0.0,0.0,0.646064587025954,0.0,6.899330152539603,12.149514151302704,83312.0,0,0,0,49,UTAH
2571,490353,0.0,0.0,0.0,1393.0,293.25,626.5,473.25,1443.842648985258,291.0,2.25,314.25,312.25,356.25,16.25,12.25,88.5,0.0,0.0,50.842648985257895,0.0,83312.0,0,0,0,49,UTAH
2569,490351,3.0,7.467544293575448,0.4017384942170333,354.5,0.25,229.5,124.75,367.547186695231,0.25,0.0,63.0,166.5,121.75,2.0,1.0,0.0,0.0,0.0,13.04718669523102,0.0,83312.0,0,0,0,49,UTAH
2730,490512,0.0,0.0,0.0,1342.25,335.5,15.5,991.25,1391.2361569261109,320.25,15.25,10.5,5.0,709.75,50.25,58.25,173.0,0.0,0.0,48.98615692611069,0.0,83312.0,0,0,0,49,UTAH
2729,490511,0.0,0.0,0.0,3269.0,317.75,746.0,2205.25,3388.3074255911647,289.0,28.75,314.25,431.75,1224.75,25.5,30.0,925.0,0.0,0.0,119.3074255911648,0.0,83312.0,0,0,0,49,UTAH
2726,490508,0.0,0.0,0.0,204.0,0.0,172.25,31.75,211.4458273513918,0.0,0.0,130.0,42.25,17.75,0.0,0.0,14.0,0.0,0.0,7.445827351391814,0.0,83312.0,0,0,0,49,UTAH
2566,490348,4.0,10.254562011005628,0.3900702921984412,792.0,29.0,516.25,246.75,821.0543789906766,26.0,3.0,134.0,382.25,135.5,59.0,11.25,41.0,0.0,0.0,29.05437899067655,0.0,83312.0,0,0,0,49,UTAH
2784,490566,382.75,1215.0565692056753,0.3150059097661741,49.0,1.0,0.0,48.0,90.28572413317238,0.0,1.0,0.0,0.0,18.0,2.0,19.0,9.0,0.0,0.0,16.258786122081883,25.02693801109049,79428.0,0,0,0,49,UTAH
2786,490568,244.75,878.4589775899001,0.2786128962691974,48.0,0.0,0.0,48.0,74.43627704825752,0.0,0.0,0.0,0.0,14.0,1.0,0.0,33.0,0.0,0.0,10.669246582612242,15.767030465645284,85941.0,0,0,0,49,UTAH
2772,490554,427.75,1253.352441526113,0.3412846904252734,163.5,1.0,0.75,161.75,213.1093465727789,0.0,1.0,0.0,0.75,84.5,59.0,3.0,15.25,0.0,0.0,21.57917600035752,28.030170572421344,67702.0,820,0,0,49,UTAH
2768,490550,24.0,39.413353555100365,0.6089306753978115,668.75,47.25,123.0,498.5,695.7868449433638,43.75,3.5,50.75,72.25,266.0,18.5,96.75,117.25,0.0,0.0,25.2850118149164,1.7518331284474224,29406.0,0,0,0,49,UTAH
2774,490556,393.25,1116.5479285743106,0.35220162962653123,139.0,4.0,1.0,134.0,185.45472699584704,4.0,0.0,0.0,1.0,3.0,112.0,6.0,13.0,0.0,0.0,21.17759313673461,25.27713385911242,48069.0,515,0,0,49,UTAH
2773,490555,903.75,2442.948346672218,0.3699423285928609,715.75,23.5,62.25,630.0,910.9258038813672,4.5,19.0,39.0,23.25,363.75,215.75,30.25,20.25,0.0,0.0,137.11546462228577,58.06033925908146,43534.0,159,0,0,49,UTAH
2769,490551,340.0,596.2123243259636,0.5702666418115065,1606.0,242.5,218.75,1144.75,1722.196574933285,103.0,139.5,16.75,202.0,463.5,246.25,142.75,292.25,0.0,0.0,94.42312134449838,21.77345358878688,29406.0,0,0,0,49,UTAH
2752,490534,678.75,1730.859155002344,0.39214629222623304,715.0,212.75,103.0,399.25,810.6771846983361,88.5,124.25,1.0,102.0,131.75,62.0,73.75,131.75,0.0,0.0,51.62977379881684,44.04741089951925,58854.0,0,0,0,49,UTAH
2753,490535,577.75,1752.2703719453768,0.3297150994789576,693.0,31.25,37.75,624.0,776.924453212087,22.5,8.75,4.0,33.75,18.25,197.0,16.25,392.5,0.0,0.0,46.88458495567311,37.03986825641392,77014.0,421,0,2239,49,UTAH
2754,490536,591.75,1936.2592489766216,0.3056150669455859,0.0,0.0,0.0,0.0,60.63712841367874,0.0,0.0,0.0,0.0,0.0,0.0,0.0,0.0,0.0,0.0,22.5961826368212,38.04094577685754,82451.0,0,0,0,49,UTAH
2746,490528,449.0,1471.6234981761747,0.3051052124109588,163.25,5.5,37.5,120.25,214.6379025023705,5.5,0.0,1.0,36.5,25.0,19.5,3.25,72.5,0.0,0.0,22.356654409505563,29.031248092864963,81368.0,0,0,0,49,UTAH
2747,490529,403.75,1269.5589643586743,0.31802382664751366,0.0,0.0,0.0,0.0,43.268328277678194,0.0,0.0,0.0,0.0,0.0,0.0,0.0,0.0,0.0,0.0,17.24031274614409,26.028015531534106,132651.0,0,0,0,49,UTAH
2737,490519,38.25,128.04763025403807,0.29871696902249983,560.5,114.75,10.0,435.75,584.6061711258462,44.75,70.0,0.0,10.0,41.0,163.5,0.25,231.0,0.0,0.0,21.85376422398624,2.252406901859982,72724.0,0,0,0,49,UTAH
2766,490548,667.75,1551.6604225024107,0.43034544821546644,748.75,290.5,28.25,430.0,844.2617197579857,177.25,113.25,4.0,24.25,317.75,23.0,57.75,31.5,0.0,0.0,52.465442416946445,43.04627734103925,58545.0,0,0,0,49,UTAH
2758,490540,316.5,874.3283862924193,0.36199213586340834,1365.75,275.75,85.75,1004.25,1490.119124788005,165.5,110.25,8.25,77.5,585.25,39.0,200.25,179.75,0.0,0.0,103.84676255928407,20.52236222872049,58545.0,0,0,0,49,UTAH
2749,490531,65.25,193.93917855430055,0.33644568614964415,719.75,94.0,342.25,283.5,752.8895915671311,65.0,29.0,211.0,131.25,44.25,28.25,73.0,138.0,0.0,0.0,28.88463732675645,4.254954240374661,52957.0,0,0,0,49,UTAH
2759,490541,676.0,1583.1353834678905,0.4270007524683127,2806.75,1960.75,480.75,365.25,2977.912646834741,1955.25,5.5,272.5,208.25,114.75,34.75,86.5,129.25,0.0,0.0,127.11523593522186,44.04741089951925,52957.0,0,0,0,49,UTAH
2750,490532,98.25,293.46089433130413,0.334797589381978,2717.5,337.5,730.5,1649.5,2952.635656873504,297.75,39.75,134.25,596.25,123.25,263.0,271.5,991.75,0.0,0.0,228.6286740060667,6.506982867437085,60581.0,317,167,132,49,UTAH
2741,490523,144.75,360.5709775231812,0.4014466194542626,1516.0,207.25,415.0,893.75,1622.0120617427087,113.75,93.5,16.25,398.75,349.5,77.25,103.75,363.25,0.0,0.0,96.75284060756044,9.259221135148264,60581.0,0,0,0,49,UTAH
2727,490509,0.0,0.0,0.0,2823.25,272.0,1000.75,1550.5,2926.295560747664,257.0,15.0,58.25,942.5,526.75,117.5,93.75,812.5,0.0,0.0,103.04556074766356,0.0,83312.0,0,0,0,49,UTAH
2743,490525,179.25,506.04125734883854,0.35422013007218967,2.75,0.25,0.5,2.0,69.77504259352466,0.0,0.25,0.0,0.5,0.25,0.0,0.75,1.0,0.0,0.0,55.51243394260688,11.512608650917784,60581.0,0,0,0,49,UTAH
2744,490526,75.25,226.0537275921565,0.33288546400688057,1944.75,629.75,386.75,928.25,2023.2810059576848,507.75,122.0,109.25,277.5,66.75,102.0,73.0,686.5,0.0,0.0,73.7762344213484,4.754771536336827,60581.0,0,0,0,49,UTAH
2732,490514,2.0,2.89350885871509,0.691202307529182,1391.75,51.25,1022.5,318.0,1442.6027852338684,49.5,1.75,844.75,177.75,51.75,83.0,28.75,154.5,0.0,0.0,50.85278523386832,0.0,60581.0,0,0,0,49,UTAH
2824,490606,23.99999997379433,57.05982771015452,0.4206111538875752,4150.24999546833,863.7499990568689,488.49999946660546,2797.999996944856,4304.619377773612,811.7499991136478,51.99999994322105,339.999999628753,148.4999998378524,1341.2499985354852,217.49999976251112,329.24999964049096,909.9999990063684,0.0,0.0,152.3672272665808,2.0021550387010802,70574.0,0,0,0,49,UTAH
2735,490517,174.5,540.8396858461457,0.32264644138862353,283.25,54.25,48.0,181.0,311.22875956794866,22.0,32.25,4.75,43.25,35.0,25.5,10.5,110.0,0.0,0.0,16.716654982096074,11.262104585852557,61067.0,0,0,0,49,UTAH
2800,490582,0.0,0.0,0.0,1459.75,180.0,698.25,581.5,1513.0056648055147,177.0,3.0,634.75,63.5,304.5,28.25,21.75,227.0,0.0,0.0,53.25566480551475,0.0,76529.0,0,0,0,49,UTAH
2791,490573,216.25541159104807,633.2601853913658,0.3414953546422605,18.483368512055392,3.003547383209001,1.155210532003462,14.324610596842929,40.93749323017184,2.0793789576062314,0.9241684256027696,1.155210532003462,0.0,1.6172947448048467,0.9241684256027696,0.9241684256027696,10.858979000832543,0.0,0.0,8.576725917849926,13.877398800266525,76529.0,0,0,0,49,UTAH
2803,490585,1363.2445900083274,4077.0942501233585,0.33436670981228367,69.5166316246035,0.24645263898869701,0.09478947653411424,69.1753895090807,210.0452750994013,0.17062105776140563,0.07583158122729139,0.09478947653411424,0.0,0.13270526714775993,68.07583158128497,0.07583158122729139,0.8910210794206739,0.0,0.0,52.29620513864755,88.23243833615027,76529.0,546,0,0,49,UTAH
2805,490587,0.0,0.0,0.0,26.5,1.75,0.75,24.0,27.464242071716264,1.75,0.0,0.75,0.0,0.0,4.5,6.25,13.25,0.0,0.0,0.9642420717162632,0.0,76529.0,0,0,0,49,UTAH
2810,490592,1170.0,2599.1660998907028,0.45014437517063627,0.0,0.0,0.0,0.0,117.78408052248162,0.0,0.0,0.0,0.0,0.0,0.0,0.0,0.0,0.0,0.0,42.70326648921016,75.08081403327145,76529.0,0,0,0,49,UTAH
2811,490593,499.0,1105.471983599164,0.45139090578792423,273.0,52.5,7.0,213.5,333.2078303366176,40.25,12.25,7.0,0.0,19.0,22.0,26.75,145.75,0.0,0.0,28.17334968242175,32.03448065419582,76529.0,0,0,0,49,UTAH
2808,490590,254.5,796.6383022001721,0.31946744124292875,0.0,0.0,0.0,0.0,25.560902104127056,0.0,0.0,0.0,0.0,0.0,0.0,0.0,0.0,0.0,0.0,9.293339864589328,16.267562239537728,76529.0,0,0,0,49,UTAH
2813,490595,302.0,1126.936907412296,0.26798305922330723,0.0,0.0,0.0,0.0,30.538238885771136,0.0,0.0,0.0,0.0,0.0,0.0,0.0,0.0,0.0,0.0,11.267570149320433,19.270668736450705,76529.0,0,0,0,49,UTAH
2809,490591,749.25,2343.045677290883,0.31977609624167075,0.0,0.0,0.0,0.0,75.40344273302966,0.0,0.0,0.0,0.0,0.0,0.0,0.0,0.0,0.0,0.0,27.351721751735926,48.05172098129373,76529.0,0,0,0,49,UTAH
2814,490596,154.5,566.6311731716957,0.27266413729974004,39.0,0.0,0.0,39.0,56.1385407216916,0.0,0.0,0.0,0.0,0.0,39.0,0.0,0.0,0.0,0.0,7.127765542340974,10.01077517935062,76529.0,0,0,0,49,UTAH
2816,490598,323.75,718.6805176281512,0.45047833085620087,278.0,78.5,2.0,197.5,320.9884645259497,50.0,28.5,1.75,0.25,11.75,17.25,43.0,125.5,0.0,0.0,21.96583659663373,21.022627929316005,76529.0,0,0,0,49,UTAH
2815,490597,159.5,598.2123377514437,0.26662773389049027,330.25,52.5,21.25,256.5,358.39605333474435,24.5,28.0,8.0,13.25,10.25,62.25,39.0,145.0,0.0,0.0,17.885026269335405,10.261027065408935,76529.0,576,0,0,49,UTAH
2817,490599,0.0,0.0,0.0,2577.0,385.75,594.75,1596.5,2671.080614110306,328.75,57.0,165.25,429.5,367.75,114.75,327.25,786.75,0.0,0.0,94.08061411030609,0.0,76529.0,0,0,0,49,UTAH
2812,490594,1.0,1.8935088587150897,0.528120053622874,1769.5,252.75,1026.25,490.5,1834.1304989637508,215.25,37.5,922.5,103.75,52.0,38.5,68.5,331.5,0.0,0.0,64.63049896375084,0.0,76529.0,0,0,0,49,UTAH
2807,490589,1.0,1.8935088587150897,0.528120053622874,2625.75,214.75,603.75,1807.25,2721.5835126751986,177.5,37.25,138.5,465.25,220.75,473.75,207.0,905.75,0.0,0.0,95.83351267519872,0.0,76529.0,0,0,0,49,UTAH
2818,490600,867.75,2514.7109512983416,0.3450694798748071,271.0,0.0,0.0,271.0,368.6245341273968,0.0,0.0,0.0,0.0,0.0,0.0,0.0,271.0,0.0,0.0,41.56419298255415,56.06034114484269,76529.0,0,0,0,49,UTAH
2820,490602,221.0,744.5961912070425,0.2968051711918423,494.75,52.75,267.0,175.0,534.8937638311046,52.0,0.75,220.25,46.75,23.5,7.5,8.0,136.0,0.0,0.0,26.128678544893887,14.015085286210672,74306.0,0,0,0,49,UTAH
2930,490712,883.0,2254.299511413489,0.3916959550092534,2163.75,311.75,50.5,1801.5,2331.720736536347,174.5,137.25,49.5,1.0,86.5,567.25,291.75,856.0,0.0,0.0,111.15947169447688,56.81126484187006,74306.0,0,0,0,49,UTAH
2823,490605,2.0,4.680526576145269,0.42730234888381635,2487.5,120.75,1159.0,1207.75,2578.3685548653434,105.0,15.75,1091.75,67.25,230.0,342.0,180.25,455.5,0.0,0.0,90.86855486534348,0.0,76529.0,0,0,0,49,UTAH
2934,490716,601.8930692350018,1652.79292414178,0.3641672592152083,14.50625941090928,1.8246867183533686,0.47898026356775925,12.202592428988153,77.00989476828207,1.6650266304974488,0.15966008785591976,0.43336309560892505,0.045617167958834214,0.6842575193825132,4.9266541395540955,1.1860463669296895,5.405634403121854,0.012012253164519218,0.0,23.65888939398456,38.83273371022371,45886.0,0,0,0,49,UTAH
2933,490715,215.44164220394154,505.6168240249081,0.426096664444315,0.0,0.0,0.0,0.0,23.127625238635137,0.0,0.0,0.0,0.0,0.0,0.0,0.0,0.0,1.5224360328230364,0.0,7.85477916417031,13.750410041641793,66338.0,0,0,0,49,UTAH
2936,490717,32.68000011560964,88.05852413863018,0.3711168275334895,144.49374043004687,18.175313261641115,4.771019731180793,121.54740743722496,164.42698352706242,16.584973351247516,1.5903399103935976,4.316636899639764,0.4543828315410279,6.815742473115418,49.07334580643101,11.813953620066725,53.8443655376118,0.0061705528915864775,0.0,18.051851298234638,1.8752212458893072,45886.0,0,0,0,49,UTAH
2833,490615,434.25,1441.4580313928386,0.30125747024378985,895.0,244.25,269.75,381.0,971.5441463197218,86.5,157.75,265.75,4.0,47.0,28.75,66.0,239.25,0.0,0.0,48.51397574730045,28.030170572421344,80931.0,0,0,0,49,UTAH
2826,490608,231.25,650.0816957070633,0.355724521282637,813.0,249.75,9.5,553.75,866.1321972263269,57.75,192.0,9.25,0.25,23.5,99.5,126.75,304.0,0.0,0.0,38.11603441967254,15.01616280665429,69686.0,0,0,0,49,UTAH
2825,490607,324.0,769.8610347216511,0.42085517435902514,88.0,0.0,0.0,88.0,124.06064200387009,0.0,0.0,0.0,0.0,0.0,88.0,0.0,0.0,0.0,0.0,15.038014074554075,21.022627929316005,69942.0,412,321,308,49,UTAH
2832,490614,533.25,1947.6745233459867,0.27378804497781734,33.0,0.0,0.0,33.0,87.70543817090856,0.0,0.0,0.0,0.0,0.0,33.0,0.0,0.0,0.0,0.0,20.66880247582551,34.03663569508306,81822.0,560,0,0,49,UTAH
2831,490613,335.25,660.7113590322743,0.5074076530045305,662.0,67.0,14.25,580.75,720.4227930058316,62.0,5.0,8.75,5.5,302.5,30.75,152.75,94.75,0.0,0.0,36.399087556071976,22.023705449759625,37361.0,0,0,0,49,UTAH
2837,490619,953.75,2251.348922621982,0.42363491079349747,2723.0,586.25,41.25,2095.5,2918.2499897701264,400.75,185.5,30.0,11.25,217.5,340.25,412.75,1125.0,0.0,0.0,134.18426102306563,61.06572874706079,67968.0,0,0,0,49,UTAH
2854,490636,383.0,1111.209719852798,0.3446694113247462,646.75,5.0,23.25,618.5,709.3622002296133,5.0,0.0,1.25,22.0,12.0,48.25,550.25,8.0,0.0,0.0,37.585262218522885,25.02693801109049,66041.0,666,0,0,49,UTAH
2853,490635,830.0,2635.7817611998007,0.31489708754270546,330.5,53.5,84.0,193.0,426.1673044563051,18.25,35.25,3.0,81.0,8.75,29.0,59.25,96.0,0.0,0.0,42.3599440118205,53.30736044448457,53100.0,0,0,0,49,UTAH
2843,490625,706.75,2045.4501622272787,0.345522962647217,658.75,187.75,54.25,416.75,754.6374655666865,106.25,81.5,35.5,18.75,36.5,78.5,60.5,241.25,0.0,0.0,49.83789962627995,46.049565940406495,62461.0,0,0,0,49,UTAH
2844,490626,577.0,1801.3314522807148,0.32031861724806093,216.5,19.0,6.75,190.75,283.00253535508386,17.25,1.75,0.75,6.0,31.5,87.0,31.0,41.25,0.0,0.0,29.462667098669915,37.03986825641392,48398.0,0,1031,0,49,UTAH
2838,490620,533.0,1641.8444936654262,0.3246348859812386,2776.75,380.5,35.0,2361.25,2931.58646538432,296.5,84.0,24.25,10.75,119.0,192.25,1315.75,734.25,0.0,0.0,120.799829689237,34.03663569508306,62831.0,0,0,0,49,UTAH
2845,490627,363.0,849.9623279997238,0.42707775161550215,980.75,298.0,76.75,606.0,1052.8062091116135,226.0,72.0,8.25,68.5,74.25,63.5,148.0,320.25,0.0,0.0,49.03142614141031,23.024782970203248,27283.0,0,0,0,49,UTAH
2855,490637,758.0,1494.4740908848416,0.5072018341590697,2495.25,633.75,91.25,1770.25,2663.038337449065,380.25,253.5,27.5,63.75,160.75,182.25,432.0,995.25,0.0,0.0,118.73553894732726,49.05279850173735,44920.0,0,0,0,49,UTAH
2827,490609,149.0,458.154065115421,0.3252181118647567,941.5,343.5,23.25,574.75,991.304472938095,142.0,201.5,14.75,8.5,31.75,32.25,297.5,213.25,0.0,0.0,39.79369773365883,10.010775204436197,87293.0,0,0,0,49,UTAH
2830,490612,138.0,446.9309825766458,0.3087725071204565,0.0,0.0,0.0,0.0,14.046580892287036,0.0,0.0,0.0,0.0,0.0,0.0,0.0,0.0,0.0,0.0,5.036883208294462,9.009697683992574,108177.0,0,0,0,49,UTAH
2740,490522,427.5,1300.2315326115197,0.32878759611479713,0.0,0.0,0.0,0.0,48.62860446269757,0.0,0.0,0.0,0.0,0.0,0.0,0.0,0.0,0.0,0.0,20.848755802716035,27.77984865998153,127028.0,0,0,0,49,UTAH
2834,490616,472.75,1341.2408667444367,0.3524721112528395,562.5,188.25,8.75,365.5,630.3183810093457,100.75,87.5,6.5,2.25,63.75,67.0,25.75,209.0,0.0,0.0,37.78605539603711,30.032325613308583,69546.0,571,0,0,49,UTAH
2829,490611,661.75,2143.413348329713,0.3087365302244099,7.0,0.0,7.0,0.0,74.45719709694772,0.0,0.0,7.0,0.0,0.0,0.0,0.0,0.0,0.0,0.0,24.41086371787209,43.046333379075634,111551.0,0,0,0,49,UTAH
2835,490617,279.75,771.6252682248639,0.3625464477641709,253.0,0.0,0.0,253.0,290.4602073152957,0.0,0.0,0.0,0.0,0.0,253.0,0.0,0.0,0.0,0.0,19.4408119473105,18.019395367985148,105921.0,0,0,1519,49,UTAH
2828,490610,607.0,2146.738102347136,0.28275456579278885,32.0,0.0,0.0,32.0,94.86323994041248,0.0,0.0,0.0,0.0,0.0,32.0,0.0,0.0,0.0,0.0,23.821216643111317,39.04202329730116,96584.0,689,0,0,49,UTAH
2839,490621,700.25,1725.9966182965632,0.40570763150804856,1074.0,290.0,49.0,735.0,1183.814976233561,204.25,85.75,31.25,17.75,37.25,152.75,81.0,464.0,0.0,0.0,64.76648781359805,45.04848841996287,40188.0,0,0,0,49,UTAH
2840,490622,580.0,1616.471031770027,0.3588063062069867,24.5,5.5,8.25,10.75,83.60450464747368,5.25,0.25,1.25,7.0,0.0,0.25,0.25,10.25,0.0,0.0,22.064636391059764,37.03986825641392,53757.0,0,0,0,49,UTAH
2847,490629,822.0,2291.374930279875,0.35873657738744597,391.5,26.5,9.0,356.0,488.8447644398559,22.0,4.5,8.75,0.25,19.75,79.0,37.0,220.25,0.0,0.0,44.28765585634402,53.05710858351184,46709.0,379,0,0,49,UTAH
2849,490631,426.0,1313.702404336644,0.32427435513076447,808.75,233.25,10.0,565.5,881.0782279316793,221.5,11.75,8.25,1.75,65.25,61.0,125.75,313.5,0.0,0.0,45.048939031679616,27.27928889999966,82695.0,0,0,0,49,UTAH
2850,490632,86.0,293.7410899137211,0.2927748379542688,1080.5,91.0,33.25,956.25,1129.0873780972834,76.5,14.5,13.25,20.0,101.25,189.75,328.5,336.75,0.0,0.0,42.58091297462168,6.006465122661717,90294.0,0,0,0,49,UTAH
2846,490628,368.0,808.0531028703532,0.4554156140144705,754.5,212.25,41.5,500.75,819.5048722552871,162.25,50.0,14.25,27.25,69.75,63.5,59.25,308.25,0.0,0.0,40.97901176464016,24.025860490646867,34572.0,0,0,0,49,UTAH
2856,490638,251.0,635.2088092474885,0.3951456534385152,1184.5,254.75,78.75,851.0,1252.893280416813,104.75,150.0,78.25,0.5,123.5,262.25,204.0,261.25,0.0,0.0,52.37604008971516,16.01724032709791,54061.0,0,0,0,49,UTAH
2858,490640,515.75,1501.73872965464,0.34343523930997555,0.0,0.0,0.0,0.0,52.3592205473428,0.0,0.0,0.0,0.0,0.0,0.0,0.0,0.0,0.0,0.0,19.32366237270336,33.03555817463944,68126.0,0,0,0,49,UTAH
2859,490641,417.0,1346.246825520183,0.30975003401688495,55.0,0.0,0.0,55.0,99.25515353150132,0.0,0.0,0.0,0.0,0.0,55.0,0.0,0.0,0.0,0.0,17.226060479523603,27.029093051977725,93981.0,721,0,0,49,UTAH
2863,490645,641.0,1811.4969356824467,0.3538509987920656,312.75,5.0,6.0,301.75,388.60521334441705,5.0,0.0,3.0,3.0,59.5,1.0,60.0,181.25,0.0,0.0,34.811035006228664,41.0441783381884,64404.0,0,0,0,49,UTAH
2864,490646,222.0,733.0870671850312,0.302828967986646,896.75,4.5,3.0,889.25,951.6005681615648,3.25,1.25,3.0,0.0,202.5,192.75,141.5,352.5,0.0,0.0,40.83548287535403,14.015085286210672,59238.0,705,0,1244,49,UTAH
2865,490647,513.75,1410.832785878521,0.3641466268308257,1380.0,498.0,19.25,862.75,1482.170379149328,401.25,96.75,17.5,1.75,65.25,101.0,148.0,548.5,0.0,0.0,69.13482097468871,33.03555817463944,53392.0,0,0,0,49,UTAH
2866,490648,483.0,1324.4619996892752,0.3646763743416678,1692.0,366.75,47.75,1277.5,1802.399854078108,189.5,177.25,44.5,3.25,147.25,90.0,137.5,902.75,0.0,0.0,79.36645094435538,31.0334031337522,53392.0,0,0,0,49,UTAH
2867,490649,285.0,721.9258319116789,0.3947773959622866,2228.75,598.0,38.5,1592.25,2338.505610251428,414.25,183.75,34.25,4.25,122.0,235.25,214.0,1021.0,0.0,0.0,91.73621488344293,18.019395367985148,60535.0,524,0,0,49,UTAH
2873,490655,450.5,1327.7025219334764,0.33930793423812744,70.5,2.0,0.25,68.25,119.05093473223349,2.0,0.0,0.25,0.0,10.75,29.25,2.0,26.25,0.0,0.0,19.51968663936853,29.031248092864963,82881.0,0,0,0,49,UTAH
2874,490656,607.25,1381.0287977728735,0.4397084267752318,1458.0,215.25,27.25,1215.5,1573.6508458745045,161.5,53.75,22.5,4.75,142.75,142.75,193.25,736.75,0.0,0.0,76.35850066476362,39.29234520974097,39896.0,0,0,0,49,UTAH
2884,490666,665.0,1449.947873193714,0.45863717744227867,42.0,2.0,0.0,40.0,110.85123503316392,2.0,0.0,0.0,0.0,1.0,0.0,26.0,13.0,0.0,0.0,25.804901654088297,43.046333379075634,39474.0,0,0,0,49,UTAH
2885,490667,16.75,36.85413255810606,0.45449448507819623,1453.0,284.75,64.75,1103.5,1511.4036868621477,233.25,51.5,29.25,35.5,220.75,117.0,313.25,452.5,0.0,0.0,57.15228742926413,1.2513994328834357,39474.0,0,0,0,49,UTAH
2896,490678,0.0,0.0,0.0,1307.25,575.0,28.25,704.0,1354.96030446453,487.5,87.5,27.5,0.75,56.5,69.0,72.0,506.5,0.0,0.0,47.71030446453011,0.0,63616.0,0,0,0,49,UTAH
2883,490665,405.0,1236.8567474637484,0.3274429321184346,125.0,1.5,4.25,119.25,170.37434515652922,1.0,0.5,2.0,2.25,1.0,108.5,2.0,7.75,0.0,0.0,19.346329624995118,26.028015531534106,63616.0,464,1226,0,49,UTAH
2897,490679,22.0,49.92252305901576,0.44068285519128847,1208.5,591.0,11.5,606.0,1254.658136658529,479.75,111.25,11.25,0.25,32.25,39.75,57.0,477.0,0.0,0.0,44.90673722564536,1.2513994328834357,39474.0,0,0,0,49,UTAH
2875,490657,84.5,205.56928672462485,0.4110536225831924,989.0,67.5,38.5,883.0,1033.4310195734909,57.75,9.75,5.75,32.75,241.25,169.25,92.5,380.0,0.0,0.0,39.17532407226372,5.255695501227223,74162.0,748,0,0,49,UTAH
2876,490658,459.25,1139.880884344981,0.40289297443908145,19.0,0.0,0.25,18.75,66.48778714919186,0.0,0.0,0.0,0.25,5.75,0.0,13.0,0.0,0.0,0.0,17.45546153588327,30.032325613308583,74162.0,0,0,0,49,UTAH
2877,490659,242.5,764.3091533959555,0.31727998928513584,0.0,0.0,0.0,0.0,33.7981347309628,0.0,0.0,0.0,0.0,0.0,0.0,0.0,0.0,0.0,8.927536230344828,8.853358173520062,16.01724032709791,67734.0,0,0,0,49,UTAH
2886,490668,188.5,592.364133767966,0.31821643015584233,424.0,148.25,8.75,267.0,462.1548911492219,58.0,90.25,8.5,0.25,31.0,19.5,53.0,163.5,0.0,0.0,25.891638991458624,12.26325215776325,52442.0,0,0,0,49,UTAH
2898,490680,75.0,195.6246373368347,0.38338729221954726,2989.25,1936.5,25.25,1027.5,3111.58742690912,1047.25,889.25,3.25,22.0,253.0,37.25,105.5,631.75,0.0,0.0,117.0817173944618,5.255709514657914,52442.0,0,0,0,49,UTAH
2888,490670,284.5,745.1036654270536,0.3818260642120715,1334.75,215.25,85.75,1033.75,1411.870604930526,159.75,55.5,20.25,65.5,280.5,126.0,112.75,514.5,0.0,0.0,59.10120956254085,18.019395367985148,92203.0,0,0,0,49,UTAH
2899,490681,533.75,1339.2485493164336,0.398544392877955,2575.25,962.75,50.25,1562.25,2722.7747736447063,817.25,145.5,47.75,2.5,189.5,142.75,194.75,1035.25,0.0,0.0,113.4881379496232,34.03663569508306,63047.0,0,0,0,49,UTAH
2900,490682,203.25,575.8431940841924,0.3529606706965497,687.75,145.75,101.25,440.75,733.2808880133496,63.0,82.75,8.75,92.5,27.5,42.25,82.75,288.25,0.0,0.0,32.51688024758255,13.014007765767053,74876.0,0,0,0,49,UTAH
2901,490683,7.0,18.61561516329617,0.3760284008127587,525.75,177.5,2.5,345.75,545.1825753724631,83.75,93.75,2.0,0.5,42.75,21.75,136.75,144.5,0.0,0.0,19.432575372463145,0.0,74876.0,0,0,0,49,UTAH
2902,490684,0.0,0.0,0.0,3243.75,1270.5,62.0,1911.25,3362.1064236275984,607.5,663.0,49.25,12.75,128.25,177.5,224.75,1380.75,0.0,0.0,118.3564236275983,0.0,43625.0,0,0,0,49,UTAH
2905,490687,406.25,1152.106889180634,0.35261485181198826,0.0,0.0,0.0,0.0,40.85553800222026,0.0,0.0,0.0,0.0,0.0,0.0,0.0,0.0,0.0,0.0,14.82752247068616,26.028015531534106,74787.0,0,0,0,49,UTAH
2906,490688,840.25,1701.3658442283463,0.4938679137414417,153.25,79.0,9.0,65.25,253.5614963104107,37.75,41.25,8.75,0.25,6.0,7.25,6.5,45.5,0.0,0.0,46.00298829401545,54.30850801639527,43625.0,0,0,0,49,UTAH
2904,490686,456.75,1148.1039882411906,0.3978298174015638,236.5,20.0,19.25,197.25,291.0876678149366,18.5,1.5,6.0,13.25,14.0,77.25,15.25,90.75,0.0,0.0,25.306097809631808,29.28157000530478,63047.0,0,0,0,49,UTAH
2907,490689,452.25,1416.5694307448462,0.31925720701328597,105.5,4.75,0.5,100.25,154.88638827978085,3.5,1.25,0.25,0.25,4.75,59.0,3.75,32.75,0.0,0.0,20.35514018691589,29.031248092864963,61585.0,723,0,0,49,UTAH
2903,490685,201.25,466.6218497271857,0.4312914196316835,1291.5,355.5,13.0,923.0,1359.2810532874646,233.5,122.0,7.75,5.25,246.0,55.75,296.25,325.0,0.0,0.0,54.51679366072476,13.264259626739795,54433.0,0,0,0,49,UTAH
2851,490633,0.0,0.0,0.0,1870.5,63.75,11.25,1795.5,1938.7582327343007,56.25,7.5,11.0,0.25,90.75,193.0,1048.75,463.0,0.0,0.0,68.25823273430125,0.0,67334.0,0,0,0,49,UTAH
2861,490643,108.75,255.7323390623524,0.42524930714173265,744.25,389.25,21.25,333.75,782.3902146576743,107.25,282.0,21.25,0.0,71.75,38.75,15.0,208.25,0.0,0.0,31.132672014568936,7.007542643105336,67334.0,0,0,0,49,UTAH
2862,490644,404.75,980.8404828485956,0.41265629536875265,167.5,19.0,3.75,144.75,216.420183820075,18.0,1.0,1.75,2.0,7.0,58.0,9.75,70.0,0.0,0.0,22.89216828854093,26.028015531534106,68752.0,476,0,0,49,UTAH
2852,490634,2.0,3.7870177174301793,0.528120053622874,540.75,49.0,44.5,447.25,560.5548576623783,41.75,7.25,22.75,21.75,90.5,60.0,95.25,201.5,0.0,0.0,19.80485766237829,0.0,67334.0,0,0,0,49,UTAH
2842,490624,551.25,1808.1973658043464,0.3048616320457837,636.0,55.5,16.0,564.5,759.2533256616978,13.5,42.0,4.0,12.0,125.5,33.5,289.0,116.5,0.0,44.63768115172414,43.32773544642508,35.28790906354861,121339.0,592,0,0,49,UTAH
2882,490664,259.25,627.1500472520133,0.4133779486040974,106.0,11.75,2.0,92.25,145.8386388343253,9.5,2.25,2.0,0.0,13.0,16.75,10.0,52.5,0.0,0.0,23.320768695778472,16.517870138546854,68752.0,0,0,0,49,UTAH
2870,490652,105.5,321.7292991450629,0.3279154254223879,486.0,75.25,0.0,410.75,612.7969610080146,4.5,70.75,0.0,0.0,282.5,6.25,77.75,44.25,0.0,98.20289854210496,21.586519822804185,7.007542643105336,119851.0,0,0,0,49,UTAH
2878,490660,558.5,1712.0221619314111,0.3262224125474698,317.5,48.25,18.0,251.25,388.5147133049744,43.0,5.25,11.0,7.0,12.75,84.25,17.0,137.25,0.0,0.0,34.97592256900414,36.0387907359703,119851.0,0,0,0,49,UTAH
2879,490661,100.5,291.2636451871527,0.3450482120259921,710.25,45.25,5.5,659.5,746.340912758155,39.75,5.5,5.0,0.5,54.75,167.5,122.25,315.0,0.0,0.0,29.58381782404433,6.507094934110658,92556.0,231,105,90,49,UTAH
2881,490663,384.25,1155.7644548629346,0.3324639362140353,0.0,0.0,0.0,0.0,38.7366094824463,0.0,0.0,0.0,0.0,0.0,0.0,0.0,0.0,0.0,0.0,13.959643192317792,24.776966290128502,90843.0,0,0,0,49,UTAH
2889,490671,397.0,1112.2557343790984,0.356932302283539,1478.25,0.0,6.25,1472.0,1572.4671905772875,0.0,0.0,3.25,3.0,281.0,48.5,183.75,958.75,0.0,0.0,68.4394269067264,25.777763670561363,61952.0,0,0,0,49,UTAH
2890,490672,70.25,212.0939495053856,0.3312211412151395,1638.25,234.0,12.5,1391.75,1705.6089472298388,109.5,124.5,11.75,0.75,417.0,99.5,371.25,504.0,0.0,0.0,62.35355962762065,5.005387602218097,79768.0,0,0,0,49,UTAH
2880,490662,356.0,1030.821576684066,0.3453555960141777,192.75,17.5,5.0,170.25,244.5597029611535,17.5,0.0,3.0,2.0,62.75,0.25,33.0,74.25,0.0,0.0,28.78491999095028,23.024782970203248,92556.0,0,0,0,49,UTAH
2891,490673,492.25,1497.2250927684431,0.3287748798611206,767.75,182.0,14.25,571.5,846.7561978252077,160.0,22.0,7.25,7.0,163.25,144.0,82.75,181.5,0.0,0.0,46.97171717101184,32.03448065419582,79768.0,631,0,0,49,UTAH
2893,490675,319.5,921.9473782959244,0.3465490629091498,541.75,50.75,1.5,489.5,594.2043810757707,49.5,1.25,0.5,1.0,201.0,137.5,20.25,130.75,0.0,0.0,31.431753146454685,21.022627929316005,66658.0,589,1238,0,49,UTAH
2894,490676,522.5,1629.5562752989724,0.3206394329058305,0.0,0.0,0.0,0.0,55.3543333505344,0.0,0.0,0.0,0.0,0.0,0.0,0.0,0.0,0.0,0.0,21.31769765545134,34.03663569508306,74414.0,0,0,0,49,UTAH
2960,490741,656.0,1755.9085486803938,0.3735957664156253,562.25,101.5,361.0,99.75,648.7568263068167,16.25,85.25,357.0,4.0,24.75,1.25,16.5,57.25,0.0,0.0,44.46157044818475,42.04525585863202,35406.0,0,0,0,49,UTAH
2911,490693,344.0,962.756634861444,0.3573073272556642,1293.75,336.75,47.75,909.25,1375.5461290019434,72.25,264.5,7.75,40.0,196.5,120.75,372.0,220.0,0.0,0.0,59.77242355218395,22.023705449759625,94314.0,0,0,0,49,UTAH
2910,490692,334.25,999.2441385049592,0.3345028378150863,124.75,0.25,3.0,121.5,163.276875641157,0.0,0.25,3.0,0.0,4.0,0.0,95.0,22.5,0.0,0.0,16.753492103837196,21.77338353731981,63478.0,0,0,0,49,UTAH
2916,490698,456.0,1548.7613342085544,0.29442883801914155,769.75,353.25,12.25,404.25,843.509063352821,262.5,90.75,10.25,2.0,29.0,44.0,62.5,268.75,0.0,0.0,44.727815259956095,29.031248092864963,43774.0,0,0,0,49,UTAH
2915,490697,465.0,858.1438978346393,0.5418671637394822,558.75,45.75,9.75,503.25,626.1298897993083,21.75,24.0,9.5,0.25,58.0,66.75,211.0,167.5,0.0,0.0,37.347564185999744,30.032325613308583,38974.0,0,0,0,49,UTAH
2908,490690,572.75,1686.95544449768,0.33951696938299764,759.0,152.25,12.75,594.0,846.6502294911984,74.75,77.5,12.25,0.5,25.5,131.0,148.25,289.25,0.0,0.0,50.610361234784456,37.03986825641392,45634.0,0,0,0,49,UTAH
2918,490700,85.25,209.42809715847372,0.4070609491117686,1576.0,203.5,42.25,1330.25,1662.0122568089191,189.75,13.75,40.25,2.0,36.75,33.0,72.5,1188.0,0.0,0.0,80.50626742211372,5.505989386805656,31017.0,0,0,0,49,UTAH
2917,490699,349.25,886.9190413989211,0.3937788949137166,512.75,178.5,9.75,324.5,566.481599801882,165.25,13.25,9.5,0.25,28.75,26.25,34.25,235.25,0.0,0.0,31.45757243968248,22.274027362199444,65401.0,0,0,0,49,UTAH
2981,490762,239.25,566.498018356298,0.4223315744231326,1755.5,571.5,43.0,1141.0,1850.114206148976,337.25,234.25,41.0,2.0,145.5,119.25,233.25,643.0,0.0,0.0,79.09746956890918,15.51673658006685,65401.0,0,0,0,49,UTAH
2961,490742,320.25,1344.881369398645,0.23812509213596864,25.0,0.0,0.0,25.0,58.62406478235856,0.0,0.0,0.0,0.0,0.0,25.0,0.0,0.0,0.0,0.0,12.60143685304255,21.022627929316005,60375.0,0,0,0,49,UTAH
2962,490743,348.0,1090.5058003853926,0.31911797248305723,550.0,0.0,0.0,550.0,604.8003082143942,0.0,0.0,0.0,0.0,0.0,519.0,0.0,31.0,0.0,0.0,32.776602764634575,22.023705449759625,60254.0,0,0,0,49,UTAH
2964,490745,645.0,1987.94381464878,0.3244558499325371,1330.25,490.5,42.25,797.5,1444.3982938702627,93.25,397.25,41.25,1.0,35.25,127.5,255.5,379.25,0.0,0.0,72.10303801163057,42.04525585863202,26552.0,0,0,0,49,UTAH
2965,490746,172.0,716.3699297748806,0.24009941351677205,591.5,259.5,4.25,327.75,633.8900117486269,48.0,211.5,4.25,0.0,15.75,126.0,24.0,162.0,0.0,0.0,31.378159023747145,11.011852724879812,26552.0,0,0,0,49,UTAH
2968,490749,186.0,821.7334462225299,0.22635077208434592,363.0,243.5,1.5,118.0,395.0351823694946,10.25,233.25,1.5,0.0,7.5,21.25,11.25,78.0,0.0,0.0,20.02225212417114,12.012930245323432,31913.0,0,0,0,49,UTAH
2963,490744,826.0,2051.000645298388,0.4027302487171232,17.0,0.0,0.0,17.0,100.825895138528,0.0,0.0,0.0,0.0,0.0,17.0,0.0,0.0,0.0,0.0,30.76878655501617,53.05710858351184,19032.0,0,0,0,49,UTAH
2966,490747,2.0,10.935088587150895,0.18289746663324416,15761.5,8.25,29.0,15724.25,16336.85420099882,6.5,1.75,5.5,23.5,5.75,15679.25,5.0,34.25,0.0,0.0,575.3542009988213,0.0,40443.0,0,0,0,49,UTAH
2970,490751,488.25,1524.4975691615102,0.32026945131079654,12.0,0.0,0.0,12.0,61.7853401505725,0.0,0.0,0.0,0.0,0.0,12.0,0.0,0.0,0.0,0.0,18.25141925635855,31.533920894213956,29733.0,0,0,0,49,UTAH
2972,490753,837.0,1987.391471870751,0.4211550727910308,2039.25,289.0,29.0,1721.25,2198.2825469672543,164.5,124.5,28.25,0.75,93.75,471.0,180.0,976.5,0.0,0.0,104.97436086329893,54.05818610395545,29586.0,0,0,0,49,UTAH
2973,490754,588.0,1837.796700780636,0.31994833800182404,83.75,25.25,0.5,58.0,147.27737468346106,7.25,18.0,0.5,0.0,3.5,8.0,6.5,40.0,0.0,0.0,25.486428906603507,38.04094577685754,24705.0,0,0,0,49,UTAH
3004,490785,486.25,1348.0392640902187,0.3607090779571368,162.0,13.0,6.0,143.0,216.69513621160772,0.25,12.75,0.0,6.0,1.0,44.25,84.5,13.25,0.0,0.0,23.66173307785555,31.0334031337522,42678.0,744,0,0,49,UTAH
2974,490755,483.25,1655.5223355981575,0.291901830382371,139.75,19.0,4.25,116.5,199.7221667780308,16.0,3.0,3.0,1.25,6.75,11.5,12.75,85.5,0.0,0.0,28.938609568685724,31.033557209345084,50328.0,0,0,0,49,UTAH
3003,490784,404.0,1248.3665531107752,0.32362289665105326,0.0,0.0,0.0,0.0,40.773364281052295,0.0,0.0,0.0,0.0,0.0,0.0,0.0,0.0,0.0,0.0,14.745348749518186,26.028015531534106,53384.0,0,0,0,49,UTAH
2976,490757,421.0,1487.4089790634837,0.28304252961083637,0.0,0.0,0.0,0.0,44.64808539043737,0.0,0.0,0.0,0.0,0.0,0.0,0.0,0.0,0.0,0.0,17.61899233845965,27.029093051977725,26013.0,0,0,0,49,UTAH
2978,490759,301.0,1104.715113183343,0.27246843680144783,114.0,27.25,6.5,80.25,155.90833835378015,6.5,20.75,0.25,6.25,6.0,0.0,67.25,7.0,0.0,0.0,22.38734770488964,19.52099064889052,40869.0,0,0,0,49,UTAH
2980,490761,434.0,1508.8902931023008,0.2876285983043138,546.25,13.25,0.0,533.0,610.0586056266917,1.25,12.0,0.0,0.0,2.75,63.25,439.0,28.0,0.0,0.0,35.7784350542704,28.030170572421344,30736.0,0,0,0,49,UTAH
2977,490758,361.25,1014.8502032269562,0.3559638642740773,469.5,82.0,6.0,381.5,541.861946788587,42.5,39.5,4.25,1.75,131.25,56.0,25.0,169.25,0.0,0.0,49.08678586790756,23.275160920679443,33068.0,0,0,0,49,UTAH
2991,490772,287.0,621.8554347577925,0.46152205795513246,1456.25,213.25,26.0,1217.0,1564.4217072945917,81.25,132.0,22.25,3.75,367.25,129.0,187.75,533.0,0.0,0.0,89.65165408829625,18.520053206295472,33951.0,0,0,0,49,UTAH
2992,490773,195.5,416.1923639554998,0.46973471147323426,63.25,12.25,3.0,48.0,94.9790040009132,11.75,0.5,2.75,0.25,3.75,9.25,12.0,23.0,0.0,0.0,18.965192083168077,12.763811917745118,30111.0,0,0,0,49,UTAH
2994,490775,116.0,267.00299712285016,0.43445205203680726,0.0,0.0,0.0,0.0,11.241444470367348,0.0,0.0,0.0,0.0,0.0,0.0,0.0,0.0,0.0,0.0,4.233901827262012,7.007542643105336,22568.0,0,0,0,49,UTAH
3002,490783,0.0,0.0,0.0,2435.75,166.75,45.25,2223.75,2524.6353485260684,140.25,26.5,42.25,3.0,88.25,274.25,1135.5,725.75,0.0,0.0,88.88534852606823,0.0,57005.0,15,13,20,49,UTAH
2913,490695,325.00000028424853,906.4504641220122,0.358541379973856,57.000000049852815,0.0,0.0,57.000000049852815,92.46635737598125,0.0,0.0,0.0,0.0,0.0,57.000000049852815,0.0,0.0,0.0,0.0,14.443729378425806,21.022627947702624,76985.0,718,0,0,49,UTAH
2914,490696,375.25,1078.2186058128582,0.3480277542763258,114.25,0.0,1.0,113.25,156.14167879231547,0.0,0.0,1.0,0.0,15.5,90.0,1.75,6.0,0.0,0.0,17.86581830166861,24.025860490646867,76440.0,0,0,0,49,UTAH
2921,490703,510.5,1419.6398456394074,0.35959824709630506,355.75,107.75,2.25,245.75,425.4249028575523,10.0,97.75,2.0,0.25,30.75,94.75,67.5,52.75,0.0,0.0,36.88947047946774,32.78543237808458,45835.0,840,374,146,49,UTAH
2982,490763,249.75,696.9512706552745,0.35834643039704156,1782.25,77.75,8.75,1695.75,1893.1805798054968,61.5,16.25,8.25,0.5,38.0,80.75,1254.75,322.25,0.0,0.0,94.66301756595963,16.267562239537728,30043.0,0,0,0,49,UTAH
2920,490702,337.25,1332.6188485149528,0.2530731126727087,0.0,0.0,0.0,0.0,34.33420173211099,0.0,0.0,0.0,0.0,0.0,0.0,0.0,0.0,0.0,0.0,12.310496282351364,22.023705449759625,71344.0,0,0,0,49,UTAH
2923,490705,0.0,0.0,0.0,298.75,25.0,7.25,266.5,309.6476487478423,24.75,0.25,4.0,3.25,31.5,143.5,17.25,74.25,0.0,0.0,10.897648747842313,0.0,45835.0,0,0,190,49,UTAH
2925,490707,378.0,971.2898821868196,0.38917320867066835,0.0,0.0,0.0,0.0,37.8225405829317,0.0,0.0,0.0,0.0,0.0,0.0,0.0,0.0,0.0,0.0,13.796680092284832,24.025860490646867,31051.0,0,0,0,49,UTAH
2984,490765,335.75,674.6162131435913,0.49769038078030303,320.0,13.25,3.75,303.0,366.7131669595144,10.75,2.5,3.5,0.25,5.75,12.5,250.75,34.0,0.0,0.0,25.190091321203724,21.523075638310686,30043.0,0,0,0,49,UTAH
2927,490709,497.0,1401.899866802176,0.3545189009352637,66.5,7.25,1.25,58.0,119.10011244497964,5.5,1.75,1.25,0.0,3.0,7.5,5.0,42.5,0.0,0.0,20.565631790783808,32.03448065419582,48606.0,0,0,0,49,UTAH
2986,490767,238.25,520.8203547281017,0.4574513991957558,317.0,0.5,1.0,315.5,356.7785892036486,0.5,0.0,0.0,1.0,0.0,166.0,146.0,3.5,0.0,0.0,24.26185262358179,15.51673658006685,50388.0,629,988,0,49,UTAH
2987,490768,599.25,1330.5914795617807,0.4503636233995411,219.75,42.0,6.75,171.0,318.9754193188155,20.75,21.25,4.75,2.0,14.25,33.5,66.5,56.75,0.0,0.0,60.43377397199055,38.79164534682496,27768.0,0,0,0,49,UTAH
2969,490750,475.25,896.9894972181778,0.5298278312888689,504.0,53.25,8.5,442.25,578.0131035687776,42.75,10.5,7.75,0.75,22.0,21.25,192.75,206.25,0.0,0.0,43.2297421666825,30.78336140209511,23990.0,0,0,0,49,UTAH
2975,490756,355.0,784.3211958605394,0.4526206889136817,848.75,322.25,7.25,519.25,928.025717668417,147.25,175.0,2.25,5.0,27.0,20.0,64.25,408.0,0.0,0.0,56.25055653004564,23.02516113837132,27768.0,0,0,0,49,UTAH
2988,490769,280.5,619.1357000065386,0.4530509224343511,421.0,147.25,7.75,266.0,466.1435985862763,141.75,5.5,7.75,0.0,11.5,61.75,44.0,148.75,0.0,0.0,26.873895319282056,18.269703266994277,49829.0,0,0,0,49,UTAH
2990,490771,51.75,140.45325030197486,0.36844999947482426,1038.25,332.0,138.25,568.0,1118.771845043891,48.5,283.5,109.0,29.25,74.0,13.75,18.75,461.5,0.0,0.0,77.26837456916056,3.2534704747304417,37024.0,0,0,0,49,UTAH
2937,490718,247.25000000022447,678.1566332493095,0.364591287436878,1.000000000000908,0.0,0.0,1.000000000000908,98.35195243129216,0.0,0.0,0.0,0.0,0.0,0.0,0.250000000000227,0.750000000000681,0.0,0.0,81.58419349935625,15.767758931934994,65974.0,0,0,0,49,UTAH
2938,490719,298.0,935.9559197037712,0.3183910627909876,87.25,12.25,48.25,26.75,120.55343695102562,11.75,0.5,15.0,33.25,9.5,3.5,2.75,11.0,0.0,0.0,14.032656163587712,19.270780787437893,73053.0,0,0,0,49,UTAH
2940,490721,397.5,1098.9043458199162,0.36172393121570257,68.0,0.0,0.0,68.0,111.01747358159808,0.0,0.0,0.0,0.0,0.0,68.0,0.0,0.0,0.0,0.0,16.989458050063963,26.028015531534106,65974.0,791,0,0,49,UTAH
2941,490722,343.0,1145.3709551261504,0.2994662982022468,0.0,0.0,0.0,0.0,34.542915163129194,0.0,0.0,0.0,0.0,0.0,0.0,0.0,0.0,0.0,0.0,12.51920971336957,22.023705449759625,73053.0,0,0,0,49,UTAH
2943,490724,517.0,1410.5088587150894,0.36653438707996766,0.0,0.0,0.0,0.0,51.90562062890203,0.0,0.0,0.0,0.0,0.0,0.0,0.0,0.0,0.0,0.0,18.870062454262587,33.03555817463944,57576.0,0,0,0,49,UTAH
2944,490725,126.25,343.8189109486054,0.36719911552181045,0.0,0.0,0.0,0.0,12.616742359950294,0.0,0.0,0.0,0.0,0.0,0.0,0.0,0.0,0.0,0.0,4.608122196401339,8.008620163548954,57544.0,0,0,0,49,UTAH
2945,490726,12.523116873332638,42.59494076064679,0.29400479610251434,56.745373332288516,3.5221266206248045,0.0,53.22324671166371,60.056165996177825,3.5221266206248045,0.0,0.0,0.0,6.261558436666319,21.719780827186295,2.152410712604047,23.089496735207053,0.0,0.0,2.5272544896529703,0.783538174236343,55528.0,0,0,0,49,UTAH
2948,490729,1.0,1.8935088587150897,0.528120053622874,352.75,1.25,326.25,25.25,365.6593128355241,1.0,0.25,0.25,326.0,0.0,14.75,1.5,9.0,0.0,0.0,12.909312835524071,0.0,55528.0,0,0,0,49,UTAH
2950,490731,37.0,97.75860239262607,0.37848331598888435,182.25,12.0,3.5,166.75,192.24784175846324,10.75,1.25,3.25,0.25,5.0,100.5,9.25,52.0,0.0,0.0,7.995686717576015,2.002155040887239,58209.0,485,0,0,49,UTAH
2954,490735,4.516052123217981,14.679655214657673,0.3076402038863073,0.0,0.0,0.0,0.0,2.57631267889625,0.0,0.0,0.0,0.0,0.0,0.0,0.0,0.0,2.1342129248501136,0.0,0.16643477590868705,0.27566497813744945,58209.0,0,0,0,49,UTAH
2957,490738,40.5,125.8374632736911,0.32184374149305783,77.75,5.0,0.0,72.75,84.5816485208122,4.5,0.5,0.0,0.0,23.0,7.25,23.25,19.25,0.0,0.0,4.329045770930279,2.502602749881917,58209.0,0,0,0,49,UTAH
2952,490733,463.25,1208.6599357893174,0.3832757141052035,133.75,38.5,20.0,75.25,185.5684902903396,34.75,3.75,3.0,17.0,8.5,11.5,5.75,49.5,0.0,0.0,21.786164677031017,30.032325613308583,62082.0,0,0,0,49,UTAH
2953,490734,278.25,803.8565811157372,0.3461438352769277,65.0,0.0,0.0,65.0,95.54888657243626,0.0,0.0,0.0,0.0,0.0,65.0,0.0,0.0,0.0,0.0,12.529491204451125,18.019395367985148,68175.0,583,0,0,49,UTAH
2929,490711,342.25,974.1835349783212,0.35131983626434027,235.25,22.75,150.5,62.0,278.3538461254723,22.5,0.25,62.0,88.5,5.0,2.25,2.25,52.5,0.0,0.0,21.080140675712663,22.023705449759625,47376.0,0,0,0,49,UTAH
2995,490776,275.0,707.4582876181034,0.38871549717210907,163.5,19.25,4.25,140.0,197.51617454635965,17.25,2.0,4.0,0.25,10.75,18.25,17.25,93.75,0.0,0.0,15.996779178374512,18.019395367985148,52639.0,0,0,0,49,UTAH
2997,490778,184.5,417.9280609649092,0.441463536987748,2181.75,171.0,936.0,1074.75,2321.821837628023,128.0,43.0,22.0,914.0,88.25,136.5,282.75,567.25,0.0,0.0,128.30875302355722,11.763084604465718,37024.0,0,0,0,49,UTAH
3006,490787,216.25,558.6874128810847,0.3870679650447545,255.25,42.5,17.5,195.25,286.4635235106773,41.25,1.25,10.0,7.5,16.0,112.25,11.75,55.25,0.0,0.0,17.198438224466653,14.015085286210672,52639.0,349,0,0,49,UTAH
3018,490799,142.25,381.4692492064098,0.3729003066326579,312.75,36.5,5.75,270.5,339.1931710545828,31.75,4.75,5.5,0.25,16.0,24.75,33.5,196.25,0.0,0.0,17.433907692823347,9.009263361759444,56681.0,0,0,0,49,UTAH
3008,490789,1020.0,2343.289900327997,0.4352854505356881,812.0,165.0,58.0,589.0,962.6468691578208,141.75,23.25,55.0,3.0,102.25,89.5,131.0,266.25,0.0,0.0,85.0756542195731,65.5712149382478,37024.0,0,0,0,49,UTAH
3007,490788,316.75,784.0480031391123,0.40399312125255116,294.0,26.0,19.0,249.0,387.09966967311664,23.25,2.75,17.0,2.0,17.75,38.25,33.75,159.25,0.0,0.0,72.57743343984448,20.52223623327214,48426.0,0,0,0,49,UTAH
3023,490804,315.25,935.3443721940924,0.337041638750121,0.0,0.0,0.0,0.0,31.526906574135975,0.0,0.0,0.0,0.0,0.0,0.0,0.0,0.0,0.0,0.0,11.505356165263589,20.02155040887239,56681.0,0,0,0,49,UTAH
3016,490797,756.0,1521.7370919188318,0.4968006655122818,0.0,0.0,0.0,0.0,76.64615868630702,0.0,0.0,0.0,0.0,0.0,0.0,0.0,0.0,0.0,0.0,27.593360184569665,49.05279850173735,29954.0,0,0,0,49,UTAH
3021,490802,580.0,1867.3239997370383,0.3106049084581343,97.25,11.5,4.75,81.0,159.51076003932255,9.5,2.0,4.25,0.5,13.0,9.25,20.0,38.75,0.0,0.0,24.970695934886685,37.29006410443586,63296.0,0,0,0,49,UTAH
3022,490803,167.0,538.6996852254773,0.31000575010564696,69.5,12.75,0.75,56.0,89.46546591066169,11.0,1.75,0.75,0.0,0.0,5.5,15.75,34.75,0.0,0.0,8.95361318578188,11.011852724879812,61242.0,0,0,0,49,UTAH
3025,490806,13.25,31.119451808889007,0.42577870848660804,1607.25,724.5,25.75,857.0,1678.412528211228,341.75,382.75,24.75,1.0,61.75,71.75,106.5,617.0,0.0,0.0,70.41163252537554,0.7508956858523759,56681.0,0,0,0,49,UTAH
2998,490779,271.5,546.7045449019325,0.4966119314934568,2214.5,192.5,27.25,1994.75,2355.990157126336,142.5,50.0,25.5,1.75,85.0,974.75,141.25,793.75,0.0,0.0,123.9709993380295,17.519157788306117,34871.0,0,0,0,49,UTAH
2999,490780,259.25,611.7363618465288,0.42379367349923874,243.0,16.75,14.5,211.75,279.60961098938986,10.5,6.25,12.5,2.0,23.25,13.0,99.25,76.25,0.0,0.0,19.841545002821057,16.768065986568786,24843.0,0,0,0,49,UTAH
3000,490781,353.5,800.4808893871424,0.4416095433216948,378.75,75.25,4.0,299.5,435.9979420335634,63.75,11.5,3.5,0.5,21.75,28.25,50.0,199.5,0.0,0.0,34.4732708464843,22.774671187079075,33291.0,0,0,0,49,UTAH
3001,490782,363.0,1132.3111273536922,0.3205832665871279,53.0,5.0,2.0,46.0,91.20843090245324,3.5,1.5,2.0,0.0,6.0,11.75,3.75,24.5,0.0,0.0,15.183647932249976,23.024782970203248,38899.0,0,0,0,49,UTAH
3011,490792,327.25,720.6068962660538,0.45413109657387557,427.5,89.0,12.5,326.0,490.2524561350371,75.75,13.25,10.25,2.25,22.0,43.25,54.0,206.75,0.0,0.0,41.72977219277028,21.022683942266816,35287.0,0,0,0,49,UTAH
3012,490793,279.0,600.6631891374323,0.46448659589186936,493.25,29.25,1.25,462.75,539.4585457553915,27.75,1.5,1.0,0.25,6.75,240.75,186.25,29.0,0.0,0.0,28.18915038740636,18.019395367985148,37198.0,0,0,0,49,UTAH
3020,490801,419.0,1110.5758566454792,0.37728174756616756,268.0,22.5,85.5,160.0,320.10943518179096,21.0,1.5,84.5,1.0,12.0,7.75,71.5,68.75,0.0,0.0,25.080342129813253,27.029093051977725,33097.0,0,0,0,49,UTAH
3013,490794,426.25,1333.6078581480836,0.3196216919356734,130.75,17.75,9.25,103.75,178.3590667955439,16.5,1.25,1.25,8.0,5.0,56.75,13.0,29.0,0.0,0.0,20.32966584455704,27.27940095098685,43524.0,464,0,0,49,UTAH
3027,490808,0.0,0.0,0.0,1127.5,112.0,414.25,601.25,1168.653586930412,97.75,14.25,210.0,204.25,29.75,219.5,80.25,271.75,0.0,0.0,41.1535869304121,0.0,56681.0,0,0,0,49,UTAH
3033,490814,0.0,0.0,0.0,885.5,59.0,209.25,617.25,917.8281893291472,51.25,7.75,165.75,43.5,114.25,56.0,57.0,390.0,0.0,0.0,32.32818932914737,0.0,56681.0,0,0,0,49,UTAH
3034,490815,0.0,0.0,0.0,99.0,0.0,99.0,0.0,102.61341621464602,0.0,0.0,0.0,99.0,0.0,0.0,0.0,0.0,0.0,0.0,3.613416214646028,0.0,33097.0,0,0,0,49,UTAH
3028,490809,0.0,0.0,0.0,2756.25,177.5,38.25,2540.5,2856.846685748362,97.25,80.25,38.0,0.25,898.25,26.0,1455.0,161.25,0.0,0.0,100.59668574836184,0.0,56681.0,0,0,0,49,UTAH
3035,490816,473.0,1252.3626319086652,0.37768613335190593,297.0,29.5,83.75,183.75,355.3807767469517,26.0,3.5,83.25,0.5,20.75,98.0,11.0,54.0,0.0,0.0,28.0981992726704,30.282577474281325,33097.0,461,0,0,49,UTAH
3037,490818,0.0,0.0,0.0,69.25,7.25,3.25,58.75,115.69357085598092,6.25,1.0,3.0,0.25,4.0,17.75,15.5,21.5,0.0,0.0,46.44357085598092,0.0,129892.0,0,0,0,49,UTAH
3032,490813,493.500001006515,1572.6348917475962,0.3138045604839095,350.7500007153701,0.250000000509886,2.000000004079088,348.50000071078114,413.4090607530592,0.250000000509886,0.0,0.0,2.000000004079088,85.25000017387113,231.25000047164457,22.750000046399627,9.250000018865784,0.0,0.0,30.87490125619349,31.78415878149563,60746.0,401,0,13,49,UTAH
3041,490822,0.0,0.0,0.0,1559.0,126.25,432.25,1000.5,1615.9026613587992,72.5,53.75,327.0,105.25,512.0,223.0,28.5,237.0,0.0,0.0,56.90266135879918,0.0,129892.0,0,0,0,49,UTAH
3043,490824,0.0,0.0,0.0,832.5,248.5,106.0,478.0,862.8782780806766,170.5,78.0,29.0,77.0,60.75,46.0,38.25,333.0,0.0,0.0,30.37827808067661,0.0,75945.0,0,0,0,49,UTAH
3044,490825,0.0,0.0,0.0,547.75,30.75,426.5,90.5,567.7544030115467,30.25,0.5,351.0,75.5,47.25,6.0,4.75,32.5,0.0,0.0,20.004403011546778,0.0,75945.0,0,0,0,49,UTAH
3039,490820,0.0,0.0,0.0,1290.5,220.0,659.75,410.75,1337.629721776874,211.25,8.75,532.25,127.5,88.5,69.75,40.0,212.5,0.0,0.0,47.12972177687405,0.0,129892.0,0,0,0,49,UTAH
3051,490832,336.0,1149.0930614307315,0.29240451559393077,714.5,101.5,218.5,394.5,774.8595067413004,80.0,21.5,32.25,186.25,102.75,79.0,40.5,172.25,0.0,0.0,38.33580129154075,22.023705449759625,54799.0,0,0,0,49,UTAH
3045,490826,0.0,0.0,0.0,1936.75,302.0,1196.5,438.25,2007.444746063091,28.75,273.25,950.25,246.25,167.75,16.25,122.0,132.25,0.0,0.0,70.6947460630911,0.0,75945.0,0,0,0,49,UTAH
3048,490829,0.0,0.0,0.0,341.5,50.0,33.75,257.75,353.9795176693052,43.75,6.25,10.0,23.75,15.25,103.75,39.0,99.75,0.0,0.0,12.479517669305238,0.0,75945.0,0,0,0,49,UTAH
3050,490831,0.0,0.0,0.0,32.75,4.5,15.0,13.25,33.946247018339655,4.0,0.5,9.5,5.5,3.75,2.0,1.5,6.0,0.0,0.0,1.1962470183396552,0.0,75945.0,0,0,0,49,UTAH
3054,490835,1.0,3.680526576145269,0.2717002524805381,269.75,46.0,122.75,101.0,279.5923368536012,43.0,3.0,59.5,63.25,33.5,11.0,11.75,44.75,0.0,0.0,9.842336853601177,0.0,75945.0,0,0,0,49,UTAH
3056,490837,409.0,1635.56572745329,0.2500663795620409,113.0,6.0,12.0,95.0,158.08347581051137,6.0,0.0,1.0,11.0,9.0,53.0,2.0,31.0,0.0,0.0,19.055460278977268,26.028015531534106,75945.0,696,0,0,49,UTAH
3141,490922,0.0,0.0,0.0,496.0,148.0,123.0,225.0,514.1035802269134,100.0,48.0,9.0,114.0,30.0,15.0,10.0,170.0,0.0,0.0,18.10358022691343,0.0,51304.0,0,0,0,49,UTAH
3061,490842,0.0,0.0,0.0,108.75,45.75,46.25,16.75,112.7181262603974,19.75,26.0,2.25,44.0,4.75,0.0,0.0,12.0,0.0,0.0,3.968126260397406,0.0,45247.0,0,0,0,49,UTAH
3062,490843,212.0,553.9530656987021,0.3827039024192492,59.0,0.0,0.0,59.0,82.50969908589383,0.0,0.0,0.0,0.0,0.0,59.0,0.0,0.0,0.0,0.0,9.994767430493098,13.514931655400725,45247.0,558,123,0,49,UTAH
3063,490844,388.0,950.9094550337924,0.4080304364900985,514.75,37.75,49.25,427.75,572.7253922960227,34.75,3.0,5.0,44.25,18.75,35.0,203.0,171.0,0.0,0.0,32.94845428493221,25.02693801109049,45247.0,0,0,0,49,UTAH
3040,490821,0.0,0.0,0.0,1559.5,13.0,1258.25,288.25,1616.36373916966,9.75,3.25,1189.25,69.0,0.0,7.25,11.25,269.75,0.0,0.0,56.863739169659965,0.0,129892.0,0,0,0,49,UTAH
3046,490827,204.5,698.6096642284546,0.29272426430838183,408.0,21.5,219.5,167.0,443.3584104840358,9.0,12.5,195.5,24.0,14.25,104.5,3.25,45.0,0.0,0.0,22.34440271826871,13.014007765767053,54799.0,0,0,0,49,UTAH
3148,490929,279.75,719.8026578818526,0.3886481898013744,1793.75,364.5,521.5,907.75,1887.3630474340596,226.25,138.25,84.75,436.75,185.0,124.75,75.25,522.75,0.0,0.0,75.59365206607416,18.019395367985148,51304.0,0,0,0,49,UTAH
3069,490850,0.0,0.0,0.0,2114.75,893.0,118.0,1103.75,2191.912063015681,611.75,281.25,26.5,91.5,108.5,96.75,61.5,837.0,0.0,0.0,77.1620630156806,0.0,55124.0,0,0,0,49,UTAH
3070,490851,150.25,391.156459414228,0.3841173944180935,0.0,0.0,0.0,0.0,227.1996742513595,0.0,0.0,0.0,0.0,0.0,0.0,0.0,0.0,0.0,0.0,217.43951489014643,9.760159361213091,73772.0,0,0,0,49,UTAH
3080,490861,378.75,1376.6892533897512,0.27511655158738496,0.0,0.0,0.0,0.0,38.2583904432472,0.0,0.0,0.0,0.0,0.0,0.0,0.0,0.0,0.0,0.0,13.733608898335858,24.52478154491133,73772.0,0,0,0,49,UTAH
3072,490853,329.5,1032.914999336051,0.319000111540446,715.75,69.5,174.75,471.5,774.9252683396819,49.5,20.0,57.0,117.75,70.25,121.0,115.0,165.25,0.0,0.0,38.15264041036584,21.022627929316005,73772.0,0,0,0,49,UTAH
3082,490863,38.74423879981369,120.02421946454167,0.32280350559796606,107.40051765867062,7.264475266174499,41.33806773209099,58.79797466040513,115.21898867332841,7.264274605190443,0.00020066098405614052,2.06125767011878,39.276810061972206,9.510851199321833,9.753358503790441,3.00399699416158,36.529767963131285,0.0,0.0,5.316327325622178,2.5021436890356106,73772.0,0,0,0,49,UTAH
3081,490862,517.5,1622.9940058514983,0.3188551517345225,0.0,0.0,0.0,0.0,51.922609459197375,0.0,0.0,0.0,0.0,0.0,0.0,0.0,0.0,0.0,0.0,18.88705128455793,33.03555817463944,73772.0,0,0,0,49,UTAH
3094,490875,16.405417301093475,46.20115502002812,0.35508673525546613,51.79687934390188,10.322509762485783,7.741882321864337,33.73248725955175,55.29996836841221,5.898577007134733,4.42393275535105,7.741882321864337,0.0,0.5529915944188812,7.004560195972496,8.479204447756178,17.6957310214042,0.0,0.0,2.3958263288328445,1.1072626956774876,58032.0,0,0,0,49,UTAH
3073,490854,252.0,577.2372245722926,0.4365622819746612,234.25,40.75,41.0,152.5,268.01685382850286,37.75,3.0,2.0,39.0,28.5,29.0,11.0,84.0,0.0,0.0,17.74961350140494,16.01724032709791,44865.0,0,0,10,49,UTAH
3074,490855,255.0,489.09932098335344,0.5213664976825412,861.25,85.0,77.5,698.75,918.0091619129224,41.0,44.0,6.0,71.5,21.5,244.0,253.0,180.25,0.0,0.0,40.741921585824336,16.01724032709791,48735.0,511,0,0,49,UTAH
3075,490856,347.25,666.2327484995792,0.521214246495749,42.0,0.0,0.0,42.0,78.73258647309207,0.0,0.0,0.0,0.0,0.0,42.0,0.0,0.0,0.0,0.0,14.458559110892628,22.274027362199444,44214.0,481,0,0,49,UTAH
3076,490857,251.25,788.2880074793268,0.3187286849680878,363.75,0.0,0.25,363.5,402.44030214586405,0.0,0.0,0.0,0.25,2.0,357.25,4.25,0.0,0.0,0.0,22.423160099100052,16.267142046763965,71157.0,0,0,1504,49,UTAH
3078,490859,157.75000310406764,491.03703233682387,0.32125887197008796,0.0,0.0,0.0,0.0,18.7652483935106,0.0,0.0,0.0,0.0,0.0,0.0,0.0,0.0,0.0,0.0,8.504277139145985,10.260971254364614,104790.0,0,0,0,49,UTAH
3085,490866,206.75000061414764,622.0100289129255,0.33239014003597417,43.00000012773083,0.0,0.0,43.00000012773083,66.38035905795289,0.0,0.0,0.0,0.0,0.0,43.00000012773083,0.0,0.0,0.0,0.0,10.116029212613705,13.264329717608353,49443.0,676,0,0,49,UTAH
3084,490865,207.5,721.0424005027197,0.28777780593114693,20.0,1.0,6.0,13.0,41.31378298907735,1.0,0.0,0.0,6.0,1.0,1.0,0.0,11.0,0.0,0.0,8.2997752233103,13.014007765767053,63108.0,0,0,0,49,UTAH
3089,490870,206.5,622.4283636850457,0.3317650866317057,0.0,0.0,0.0,0.0,20.551980990876125,0.0,0.0,0.0,0.0,0.0,0.0,0.0,0.0,0.0,0.0,7.537973225109072,13.014007765767053,55995.0,0,0,0,49,UTAH
3092,490873,105.49999956246009,362.608432593438,0.2909474520708355,0.0,0.0,0.0,0.0,10.858048642395076,0.0,0.0,0.0,0.0,0.0,0.0,0.0,0.0,0.0,0.0,3.850506028352104,7.00754261404297,112744.0,0,0,0,49,UTAH
3086,490867,343.25,934.3070854129726,0.367384562697906,0.0,0.0,0.0,0.0,36.55247114013619,0.0,0.0,0.0,0.0,0.0,0.0,0.0,0.0,0.0,0.0,14.528765690376568,22.023705449759625,62140.0,0,0,0,49,UTAH
3099,490880,86.5,295.5814224850634,0.2926435608596853,106.25,8.5,55.5,42.25,122.79032588395695,8.25,0.25,7.0,48.5,18.5,5.0,0.5,18.25,0.0,0.0,11.034364508326304,5.5059613756306565,66133.0,0,0,0,49,UTAH
3111,490892,102.0,285.8388994441143,0.3568443630253429,176.0,32.0,22.25,121.75,193.1554312505093,15.75,16.25,5.25,17.0,37.0,8.5,35.75,40.5,0.0,0.0,10.147888607404017,7.007542643105336,90129.0,0,0,0,49,UTAH
3108,490889,296.3390233925216,1062.8001008600359,0.27882856160130115,0.0,0.0,0.0,0.0,29.75466709901626,0.0,0.0,0.0,0.0,0.0,0.0,0.0,0.0,0.0,0.0,10.81386725330946,18.9407998457068,91005.0,0,0,0,49,UTAH
3115,490896,225.0,535.7188102841772,0.4199964527671646,492.0,129.0,79.0,284.0,532.9426074894693,88.75,40.25,61.25,17.75,15.0,110.0,17.0,142.0,0.0,0.0,26.176696543787813,14.765910945681547,91005.0,780,0,0,49,UTAH
3110,490891,342.412143840121,1229.089073092135,0.27859017815420206,7.50867114987892,2.5561433701715472,0.4792768819071651,4.473250897800208,43.00001481917269,0.0,2.5561433701715472,0.0,0.4792768819071651,0.0,0.6390358425428868,0.4792768819071651,3.3549381733501558,0.0,0.0,13.410916129365383,22.080427539928387,91005.0,0,0,0,49,UTAH
3119,490900,325.25,777.1280992910235,0.41852816838913254,312.5,44.25,16.0,252.25,377.7824572553994,40.5,3.75,10.25,5.75,26.0,44.5,17.75,164.0,0.0,0.0,44.510039187535966,20.77241806786338,91005.0,0,0,0,49,UTAH
3120,490901,162.25,555.8423286988083,0.29189932400401564,299.75,37.5,12.25,250.0,326.8757922086999,36.0,1.5,3.0,9.25,12.75,35.25,65.75,136.25,0.0,0.0,16.864821156241796,10.260971052458128,113111.0,0,0,0,49,UTAH
3199,490980,283.5,1067.5479225909214,0.26556184879452543,0.0,0.0,0.0,0.0,28.604980847701604,0.0,0.0,0.0,0.0,0.0,0.0,0.0,0.0,0.0,0.0,10.33527758070733,18.269703266994277,99112.0,0,0,0,49,UTAH
3122,490903,48.75,182.99946501881504,0.26639422139834007,138.25,19.75,2.25,116.25,148.10281443060146,18.5,1.25,2.25,0.0,4.75,21.0,5.5,85.0,0.0,0.0,6.849581869270604,3.0032325613308584,99112.0,0,0,0,49,UTAH
3125,490906,74.33926153676838,231.1003143278077,0.32167529392158567,0.0,0.0,0.0,0.0,8.865934005083558,0.0,0.0,0.0,0.0,0.0,0.0,0.0,0.0,0.801995385242693,0.0,3.102706019877741,4.961232599963125,103707.0,0,0,0,49,UTAH
3095,490876,0.0,0.0,0.0,0.0,0.0,0.0,0.0,0.6333127463819037,0.0,0.0,0.0,0.0,0.0,0.0,0.0,0.0,0.6333127463819037,0.0,0.0,0.0,58032.0,0,0,0,49,UTAH
3103,490884,0.0,0.0,0.0,1747.0,201.25,219.25,1326.5,1810.754017909514,164.5,36.75,205.0,14.25,73.75,130.75,527.5,594.5,0.0,0.0,63.75401790951394,0.0,58032.0,0,0,0,49,UTAH
3097,490878,14.429772738680354,42.02215394417028,0.34338489069007355,137.79293603029336,12.692136989631505,74.88252179818008,50.21827724248178,150.6464700336546,12.525733960538073,0.16640302909343213,46.6504208275722,28.232100970607895,10.228013564753251,4.916482424748944,3.806644276741496,31.267136976238092,0.011337644977845618,0.0,12.167692880005964,0.674503478377402,58032.0,0,0,0,49,UTAH
3104,490885,87.92104688820307,259.7124359784947,0.33853229460095363,21.91655081850859,2.6758579487713976,2.0387489133496364,17.201943956387556,85.32437024410918,2.5484361416870454,0.12742180708435227,1.7839052991809319,0.25484361416870455,1.0193744566748182,3.185545177108807,1.5290616850122274,11.467962637591704,0.0,0.0,57.92297592843524,5.484843497165332,58032.0,0,0,0,49,UTAH
3177,490958,0.0,0.0,0.0,2097.75,688.75,347.5,1061.5,2174.312528280385,388.75,300.0,342.75,4.75,113.5,141.75,118.5,687.75,0.0,0.0,76.56252828038501,0.0,58032.0,0,0,0,49,UTAH
3178,490959,0.0,0.0,0.0,2444.5,1261.25,31.25,1152.0,2533.7095192474208,815.25,446.0,30.25,1.0,79.75,112.5,81.0,878.75,0.0,0.0,89.20951924742054,0.0,58032.0,0,0,0,49,UTAH
3106,490887,58.0,177.730187067822,0.3263373597748319,0.0,0.0,0.0,0.0,6.121260995405484,0.0,0.0,0.0,0.0,0.0,0.0,0.0,0.0,0.0,0.0,2.116950913631006,4.004310081774477,58032.0,0,0,0,49,UTAH
3179,490960,273.5,809.1564964116476,0.3380063080663453,233.0,64.5,15.25,153.25,346.9477260360041,59.25,5.25,13.25,2.0,21.5,32.0,27.5,72.25,0.0,0.0,96.17884864617258,17.768877389831523,58032.0,0,0,0,49,UTAH
3107,490888,190.75,764.6063290451846,0.24947478559090974,0.0,0.0,0.0,0.0,18.976145843806208,0.0,0.0,0.0,0.0,0.0,0.0,0.0,0.0,0.0,0.0,6.963215598482774,12.012930245323432,91005.0,0,0,0,49,UTAH
3188,490969,257.75,1028.4019598999153,0.2506315721384704,59.0,0.0,0.0,59.0,87.5793741513441,0.0,0.0,0.0,0.0,0.0,59.0,0.0,0.0,0.0,0.0,11.56105630380256,17.01831784754153,91005.0,667,0,0,49,UTAH
3189,490970,226.0,904.3979996624364,0.2498899821586887,0.0,0.0,0.0,0.0,23.017928453404924,0.0,0.0,0.0,0.0,0.0,0.0,0.0,0.0,0.0,0.0,8.252073545759757,14.765854907645169,91005.0,0,0,0,49,UTAH
3187,490968,547.0,1480.4946631831276,0.36947110557219187,368.0,93.5,2.75,271.75,436.9080395237896,19.0,74.5,2.75,0.0,20.5,48.0,32.25,171.0,0.0,0.0,33.619808279938105,35.28823124385145,61129.0,0,0,0,49,UTAH
3197,490978,416.75,1420.384015394833,0.29340656856389175,48.0,0.0,0.0,48.0,96.45720763189252,0.0,0.0,0.0,0.0,0.0,48.0,0.0,0.0,0.0,4.463768115172414,16.96434646474239,27.029093051977725,99112.0,833,0,0,49,UTAH
3198,490979,144.5,541.8876923757632,0.2666604206611115,122.0,0.0,0.0,122.0,140.99317089728444,0.0,0.0,0.0,0.0,0.0,122.0,0.0,0.0,0.0,0.0,9.73322135231913,9.259949544965318,99112.0,0,0,1602,49,UTAH
3207,490988,216.25,594.204942346961,0.36393167506461077,331.5,53.75,138.5,139.25,365.7588793128347,30.5,23.25,5.25,133.25,8.75,9.0,5.5,116.0,0.0,0.0,20.243794026624062,14.015085286210672,99112.0,0,0,0,49,UTAH
3212,490993,344.25,1296.060117807704,0.2656126789722545,42.0,4.0,0.25,37.75,78.11903269221958,3.0,1.0,0.25,0.0,9.0,8.5,2.25,18.0,0.0,0.0,14.09532724245996,22.023705449759625,99112.0,0,0,0,49,UTAH
3213,490994,6.0,22.976668315586704,0.26113446551908376,0.0,0.0,0.0,0.0,0.2189949220997592,0.0,0.0,0.0,0.0,0.0,0.0,0.0,0.0,0.0,0.0,0.2189949220997592,0.0,99112.0,0,0,0,49,UTAH
3200,490981,4.25,15.1956539255137,0.27968523242452864,205.75,29.75,4.75,171.25,213.4142392087637,28.0,1.75,4.75,0.0,14.0,33.75,10.5,113.0,0.0,0.0,7.664239208763707,0.0,99112.0,0,0,0,49,UTAH
3202,490983,335.75,1151.0762228184517,0.29168355087546155,44.25,13.0,9.75,21.5,84.4045580928933,13.0,0.0,7.75,2.0,5.0,1.5,0.5,14.5,0.0,0.0,18.13085264313366,22.023705449759625,113111.0,0,0,0,49,UTAH
3232,491013,2.75,8.334304781613998,0.32996153513208126,302.25,51.0,167.5,83.75,313.6954465696778,51.0,0.0,32.5,135.0,20.0,10.5,5.0,48.25,0.0,0.0,11.195194708705053,0.250251860972743,69330.0,0,0,0,49,UTAH
3230,491011,143.5,463.153424553769,0.3098325358130664,42.25,10.5,9.5,22.25,58.55370558994447,0.25,10.25,0.5,9.0,1.0,0.5,2.5,18.25,0.0,0.0,6.793434132539341,9.510271457405135,78353.0,0,0,0,49,UTAH
3221,491002,537.75,1970.711787843796,0.2728709511543367,0.0,0.0,0.0,0.0,54.40681435520753,0.0,0.0,0.0,0.0,0.0,0.0,0.0,0.0,0.0,0.0,19.619353000653597,34.78746135455394,87780.0,0,0,0,49,UTAH
3209,490990,188.75,521.3577713171569,0.3620354589193952,40.0,6.5,4.75,28.75,60.62113252554416,4.5,2.0,1.75,3.0,5.0,9.25,1.5,13.0,0.0,0.0,8.35795041924798,12.263182106296178,99112.0,0,0,0,49,UTAH
3219,491000,386.0,1374.220797738889,0.2808864489863023,114.25,5.5,0.25,108.5,157.53648700528638,5.5,0.0,0.25,0.0,7.0,75.0,2.25,24.25,0.0,0.0,18.25954899419589,25.02693801109049,93258.0,740,0,0,49,UTAH
3224,491005,393.5,1454.7652326059635,0.27049037960242694,267.75,28.75,3.0,236.0,316.90641015246723,26.0,2.75,2.75,0.25,15.75,74.25,8.0,138.0,0.0,0.0,24.129472141376787,25.02693801109049,104274.0,543,0,0,49,UTAH
3225,491006,442.5,1535.4845726214896,0.2881826414214844,0.0,0.0,0.0,0.0,44.45106592736932,0.0,0.0,0.0,0.0,0.0,0.0,0.0,0.0,0.0,0.0,16.17064349397523,28.28042243339409,101106.0,0,0,0,49,UTAH
3228,491009,1.25,2.5898754109827045,0.48264869989467907,0.0,0.0,0.0,0.0,2.067431008832604,0.0,0.0,0.0,0.0,0.0,0.0,0.0,0.0,2.022809100123083,0.0,0.0446219087095206,0.0,107346.0,0,0,0,49,UTAH
3227,491008,7.999999999015955,24.976668312514434,0.32029892453700864,0.0,0.0,0.0,0.0,2.304475299688043,0.0,0.0,0.0,0.0,0.0,0.0,0.0,0.0,1.011404549937133,0.0,0.29199322943042877,1.0010775203204811,88338.0,0,0,0,49,UTAH
3250,491031,18.25,59.35113067706558,0.3074920358181508,0.0,0.0,0.0,0.0,2.6733333455046493,0.0,0.0,0.0,0.0,0.0,0.0,0.0,0.0,0.0,0.0,1.6722558250610298,1.0010775204436193,69330.0,0,0,0,49,UTAH
3242,491023,34.0,90.54640638506916,0.375498060689535,11.0,1.75,2.5,6.75,14.63283714987556,1.75,0.0,2.5,0.0,4.0,0.0,0.0,2.75,0.0,0.0,1.6312143527492724,2.0016227971262874,69330.0,0,0,0,49,UTAH
3222,491003,116.75,302.81850900445625,0.38554446484736477,76.25,0.0,11.0,65.25,116.29618199028111,0.0,0.0,11.0,0.0,0.0,0.0,0.0,65.25,0.0,0.0,32.53800953572686,7.508172454554277,60557.0,0,0,0,49,UTAH
3175,490956,0.75,2.3148333465283826,0.32399740617388073,1766.0,1014.75,15.5,735.75,1830.49080014636,654.5,360.25,15.5,0.0,61.0,41.75,35.25,597.75,0.0,0.0,64.49080014635972,0.0,44074.0,0,0,0,49,UTAH
3181,490962,44.0,105.65211125134118,0.4164611523505305,382.0,261.0,10.0,111.0,400.548404715556,102.5,158.5,5.75,4.25,7.0,15.0,17.5,71.5,0.0,0.0,15.54517215422516,3.0032325613308584,44074.0,0,0,0,49,UTAH
3180,490961,75.0,178.6470276109504,0.41982226630342645,809.75,215.25,28.25,566.25,847.0217846392717,152.25,63.0,26.25,2.0,44.25,72.5,126.25,323.25,0.0,0.0,32.26639703705359,5.005387602218097,44074.0,0,0,0,49,UTAH
3184,490965,296.25,718.8803918909097,0.4120991521562547,277.75,64.5,24.5,188.75,317.71570600259497,33.5,31.0,22.5,2.0,5.0,16.75,88.75,78.25,0.0,0.0,20.945233114166168,19.02047288842877,44074.0,0,0,0,49,UTAH
3185,490966,320.0,671.1489814750303,0.4767942868611884,166.5,38.0,4.75,123.75,205.27611793830985,33.25,4.75,4.5,0.25,13.0,12.0,25.5,73.25,0.0,0.0,17.75349000899386,21.022627929316005,48351.0,0,0,0,49,UTAH
3186,490967,173.0,360.6368603301688,0.47970692691150796,402.75,153.25,73.25,176.25,434.78045388626094,54.25,99.0,73.0,0.25,4.75,7.25,3.5,160.75,0.0,0.0,21.01860116138114,11.011852724879812,48351.0,0,0,0,49,UTAH
3195,490976,266.0,759.2168900107295,0.3503610147506608,40.0,0.0,0.0,40.0,68.18705887462926,0.0,0.0,0.0,0.0,0.0,40.0,0.0,0.0,0.0,0.0,11.16874102708772,17.01831784754153,45450.0,412,0,0,49,UTAH
3194,490975,247.0,706.263553379556,0.3497278017789185,1050.0,241.25,37.75,771.0,1113.353794016536,134.0,107.25,32.5,5.25,89.75,118.75,155.75,406.75,0.0,0.0,47.33655368943808,16.01724032709791,45450.0,0,0,0,49,UTAH
3211,490992,613.25,2148.9696616950705,0.2853693148540212,533.75,107.0,10.0,416.75,632.4034249757888,59.25,47.75,7.75,2.25,22.75,112.75,22.25,259.0,0.0,0.0,59.3610797660479,39.29234520974097,75801.0,425,0,0,49,UTAH
3196,490977,223.0,601.847756095198,0.37052559844507704,117.0,27.75,0.0,89.25,143.42479753853036,27.75,0.0,0.0,0.0,0.0,84.0,0.25,5.0,0.0,0.0,12.40971225231969,14.015085286210672,62215.0,0,1212,0,49,UTAH
3215,490996,84.5,218.74948538154624,0.386286623041027,1369.75,172.75,76.75,1120.25,1428.0999870172518,133.5,39.25,71.0,5.75,56.5,355.25,67.0,641.5,0.0,0.0,53.09434755406093,5.255639463190841,51785.0,0,0,0,49,UTAH
3206,490987,176.0,468.1773967998343,0.37592588023903994,207.25,41.25,0.5,165.5,232.2509473196254,15.0,26.25,0.5,0.0,5.0,19.25,0.25,141.0,0.0,0.0,13.989094594745572,11.011852724879812,58353.0,0,0,0,49,UTAH
3208,490989,206.0,548.2138928878793,0.3757657415700173,49.0,16.5,1.0,31.5,71.32308793402487,2.5,14.0,1.0,0.0,2.0,3.0,12.25,14.25,0.0,0.0,9.309080168257816,13.014007765767053,58353.0,0,0,0,49,UTAH
3210,490991,277.0,746.092150825422,0.37126781148085714,25.25,1.0,0.0,24.25,54.302421271421245,1.0,0.0,0.0,0.0,2.0,1.0,1.0,20.25,0.0,0.0,11.0330259034361,18.019395367985148,60125.0,0,0,0,49,UTAH
3216,490997,258.25,668.5939383414907,0.3862583627973252,94.0,0.0,0.0,94.0,123.8763014351423,0.0,0.0,0.0,0.0,0.0,94.0,0.0,0.0,0.0,0.0,12.857983587600762,17.01831784754153,51785.0,0,1255,0,49,UTAH
3223,491004,239.25,774.4610306161587,0.30892451723446107,0.0,0.0,0.0,0.0,23.7475832919876,0.0,0.0,0.0,0.0,0.0,0.0,0.0,0.0,0.0,0.0,8.731420485333304,15.01616280665429,102351.0,0,0,0,49,UTAH
3183,490964,228.0,655.0972344658128,0.34803993667584093,809.5,180.25,11.5,617.75,866.8401371382045,68.0,112.25,10.75,0.75,57.5,42.25,183.5,334.5,0.0,4.463768115172414,37.86020621637777,15.01616280665429,58209.0,0,0,0,49,UTAH
3201,490982,325.5,1197.5658599713393,0.2718013354253352,98.0,0.0,98.0,0.0,134.47844942911212,0.0,0.0,90.0,8.0,0.0,0.0,0.0,0.0,0.0,0.0,15.455821499796102,21.022627929316005,83918.0,0,0,0,49,UTAH
3191,490972,281.0,759.920748271288,0.3697754017629275,8.0,0.0,0.0,8.0,36.56765078245688,0.0,0.0,0.0,0.0,8.0,0.0,0.0,0.0,0.0,0.0,10.548255414471736,18.019395367985148,56042.0,0,0,0,49,UTAH
3182,490963,134.25,386.2196123804765,0.34760016243749503,94.5,2.75,0.0,91.75,111.86093378121564,2.75,0.0,0.0,0.0,7.75,67.0,1.75,15.25,0.0,0.0,8.351236097223076,9.009697683992574,58209.0,619,0,0,49,UTAH
3192,490973,57.5,156.23292784997656,0.36804021272144793,110.0,0.0,0.0,110.0,120.11776365445996,0.0,0.0,0.0,0.0,0.0,110.0,0.0,0.0,0.0,0.0,6.1134535726854775,4.004310081774477,56042.0,0,0,1442,49,UTAH
3203,490984,303.75,1117.2889889458909,0.2718634149313274,49.0,0.0,0.0,49.0,81.89583292503062,0.0,0.0,0.0,0.0,0.0,49.0,0.0,0.0,0.0,0.0,12.874282516158225,20.02155040887239,83918.0,852,0,0,49,UTAH
3204,490985,320.75,711.8836968410753,0.450565171562857,279.25,19.75,4.0,255.5,322.18840859363274,18.25,1.5,2.75,1.25,8.5,24.5,181.25,41.25,0.0,0.0,21.91578066431672,21.022627929316005,50048.0,0,0,0,49,UTAH
3193,490974,197.0,530.2788043007284,0.3715026857612785,710.5,151.5,71.75,487.25,756.6219019733855,135.5,16.0,11.75,60.0,50.5,73.25,56.75,306.75,0.0,0.0,33.10789420761853,13.014007765767053,56042.0,0,0,0,49,UTAH
3205,490986,145.0,321.02124516687263,0.45168350127302753,709.0,87.5,26.0,595.5,749.1763117468156,38.75,48.75,13.0,13.0,81.0,227.25,86.25,201.0,0.0,0.0,31.16661406282296,9.009697683992574,50625.0,0,0,0,49,UTAH
3233,491014,95.0,299.3891716915235,0.31731274535835097,0.0,0.0,0.0,0.0,13.722035325051516,0.0,0.0,0.0,0.0,0.0,0.0,0.0,0.0,0.0,0.0,7.715570202389798,6.006465122661717,105921.0,0,0,0,49,UTAH
3214,490995,134.5,296.6707337560308,0.45336457121047535,605.25,104.0,46.5,454.75,641.2573210842306,61.0,43.0,45.5,1.0,67.75,100.0,35.5,251.5,0.0,0.0,26.997623400237977,9.009697683992574,49164.0,0,7,265,49,UTAH
3239,491020,26.5,83.2357751832286,0.31837271824122515,0.0,0.0,0.0,0.0,69.73694106078158,0.0,0.0,0.0,0.0,0.0,0.0,0.0,0.0,0.0,0.0,67.98516397037054,1.7517770904110406,105921.0,0,0,0,49,UTAH
3234,491015,65.75,202.26690982059293,0.3250655288021113,0.0,0.0,0.0,0.0,6.686372718978596,0.0,0.0,0.0,0.0,0.0,0.0,0.0,0.0,0.0,0.0,2.432160942623637,4.254211776354959,105921.0,0,0,0,49,UTAH
3240,491021,45.0,136.1136078883752,0.33060618036738726,0.0,0.0,0.0,0.0,5.688385494279591,0.0,0.0,0.0,0.0,0.0,0.0,0.0,0.0,1.0114045500615414,0.0,1.673734435314031,3.0032465089040183,105921.0,0,0,0,49,UTAH
3236,491017,292.25,924.1845115504163,0.3162247325587831,239.0,0.0,56.0,183.0,277.4132738196564,0.0,0.0,49.0,7.0,1.0,182.0,0.0,0.0,0.0,0.0,19.39280093122769,19.02047288842877,105921.0,921,438,414,49,UTAH
3237,491018,222.5,704.770527489275,0.31570559681695254,220.0,42.0,8.5,169.5,250.16727495611923,39.0,3.0,7.25,1.25,10.75,16.75,6.0,136.0,0.0,0.0,16.152189669908555,14.015085286210672,105921.0,0,0,0,49,UTAH
3238,491019,1.0,3.903972802917424,0.256149325439128,0.0,0.0,0.0,0.0,7.040073305551056,0.0,0.0,0.0,0.0,0.0,0.0,0.0,0.0,0.0,0.0,7.040073305551056,0.0,105921.0,0,0,0,49,UTAH
3241,491022,95.5,280.68476580970287,0.3402393418984006,95.75,19.5,40.5,35.75,110.01181063816117,18.0,1.5,40.25,0.25,8.0,5.25,2.75,19.75,0.0,0.0,8.255401553535817,6.006409084625334,105921.0,0,0,0,49,UTAH
3130,490911,18.0,45.69877462016778,0.3938836467631725,0.0,0.0,0.0,0.0,6.7150850370506046,0.0,0.0,0.0,0.0,0.0,0.0,0.0,0.0,5.057022750307707,0.0,0.6569847662992777,1.0010775204436193,62476.0,0,0,0,49,UTAH
3147,490928,287.25,741.8295612443908,0.3872183248105523,95.5,1.75,91.5,2.25,128.24903100804198,1.75,0.0,51.5,40.0,0.0,0.5,0.25,1.5,0.0,0.0,13.978459773421744,18.770571234620245,51304.0,0,0,0,49,UTAH
3154,490935,0.0,0.0,0.0,1074.5,503.5,204.25,366.75,1113.6820617867058,499.75,3.75,166.75,37.5,146.25,26.0,20.0,174.5,0.0,0.0,39.18206178670584,0.0,51304.0,0,0,0,49,UTAH
3157,490938,14.0,33.65719489173197,0.41595860989113975,0.0,0.0,0.0,0.0,1.512065672009724,0.0,0.0,0.0,0.0,0.0,0.0,0.0,0.0,0.0,0.0,0.5109881515661049,1.0010775204436193,51304.0,0,0,0,49,UTAH
3152,490933,4.666128818112654,9.195938177950872,0.5074119385992225,438.65497593892593,69.33582770480746,199.35457052349773,169.96457771062077,456.45498601064196,65.79932801364623,3.5364996911612114,128.11511724968966,71.23945327380808,35.55071505098089,20.11830118345192,9.832808617094766,104.4627528590932,1.5824573831804514,0.0,16.203609948209795,0.01394274032580923,51304.0,0,0,0,49,UTAH
3158,490939,0.0,0.0,0.0,925.249990152663,159.49999830245852,500.7499946705712,264.9999971796333,959.0166294830278,155.24999834769082,4.249999954767704,448.4999952266624,52.24999944390883,57.499999388033636,24.499999739249116,17.49999981374937,165.49999823860117,0.0,0.0,33.766639330364995,0.0,51304.0,0,0,0,49,UTAH
3165,490946,0.0,0.0,0.0,1388.5,163.25,702.5,522.75,1439.1671629117764,153.5,9.75,687.5,15.0,68.75,48.0,94.25,311.75,0.0,0.0,50.66716291177637,0.0,51304.0,0,0,0,49,UTAH
3155,490936,14.0,33.65719489173197,0.41595860989113975,0.0,0.0,0.0,0.0,2.523470222071265,0.0,0.0,0.0,0.0,0.0,0.0,0.0,0.0,1.0114045500615414,0.0,0.5109881515661049,1.0010775204436193,51304.0,0,0,0,49,UTAH
3149,490930,15.0,40.018248044022506,0.37482900259649266,0.0,0.0,0.0,0.0,2.5599693757545587,0.0,0.0,0.0,0.0,0.0,0.0,0.0,0.0,1.0114045500615414,0.0,0.547487305249398,1.0010775204436193,51304.0,0,0,0,49,UTAH
3150,490931,13.0,34.44425967374437,0.377421379444234,93.0,13.5,2.25,77.25,97.87183720839576,12.25,1.25,1.75,0.5,5.75,16.0,5.5,50.0,0.0,0.0,3.870759687952137,1.0010775204436193,51304.0,0,0,0,49,UTAH
3169,490950,9.25,25.556679450077,0.36194060414104895,125.25,31.5,37.75,56.0,131.15895294430027,30.75,0.75,35.75,2.0,12.0,4.75,3.5,35.75,0.0,0.0,4.907875423856634,1.0010775204436193,51304.0,0,0,0,49,UTAH
3161,490942,5.5,13.988357690084465,0.3931841122348931,0.0,0.0,0.0,0.0,0.2020060918044142,0.0,0.0,0.0,0.0,0.0,0.0,0.0,0.0,0.0,0.0,0.2020060918044142,0.0,51304.0,0,0,0,49,UTAH
3168,490949,3.0,5.680526576145269,0.528120053622874,0.0,0.0,0.0,0.0,0.1094974610498795,0.0,0.0,0.0,0.0,0.0,0.0,0.0,0.0,0.0,0.0,0.1094974610498795,0.0,51304.0,0,0,0,49,UTAH
3166,490947,2.0,2.89350885871509,0.691202307529182,0.0,0.0,0.0,0.0,1.0844028574281277,0.0,0.0,0.0,0.0,0.0,0.0,0.0,0.0,1.0114045500615414,0.0,0.0729983073665863,0.0,51304.0,0,0,0,49,UTAH
3167,490948,1.75,2.4203255825812824,0.7230432188935595,22.75,5.25,0.75,16.75,23.554046259727052,3.75,1.5,0.75,0.0,0.0,2.25,3.75,10.75,0.0,0.0,0.8040462597270558,0.0,51304.0,0,0,0,49,UTAH
3170,490951,3.25,6.377270958674389,0.5096223793940161,0.0,0.0,0.0,0.0,0.1197789521314331,0.0,0.0,0.0,0.0,0.0,0.0,0.0,0.0,0.0,0.0,0.1197789521314331,0.0,51304.0,0,0,0,49,UTAH
3171,490952,7.75,23.61180969727083,0.32822558284872944,0.0,0.0,0.0,0.0,0.7867376263778647,0.0,0.0,0.0,0.0,0.0,0.0,0.0,0.0,0.0,0.0,0.2860938014982319,0.5006438248796328,51304.0,0,0,0,49,UTAH
3172,490953,2.75,4.536241963250319,0.6062286849508273,0.0,0.0,0.0,0.0,0.0973665724452686,0.0,0.0,0.0,0.0,0.0,0.0,0.0,0.0,0.0,0.0,0.0973665724452686,0.0,51304.0,0,0,0,49,UTAH
3174,490955,5.0,16.172609671523404,0.30916469892944726,34.25,5.75,0.25,28.25,35.9279199124649,5.75,0.0,0.25,0.0,2.0,7.0,1.75,17.5,0.0,0.0,1.4277240644429672,0.2501958480219349,51304.0,0,0,0,49,UTAH
3341,491122,11.0,39.592344028927776,0.27783149166321025,0.0,0.0,0.0,0.0,1.4025682109598443,0.0,0.0,0.0,0.0,0.0,0.0,0.0,0.0,0.0,0.0,0.4014906905162252,1.0010775204436193,76841.0,0,0,0,49,UTAH
3348,491129,11.75,41.01289276256121,0.2864952752302817,0.0,0.0,0.0,0.0,9.521074932829077,0.0,0.0,0.0,0.0,0.0,0.0,0.0,0.0,8.091236400492331,0.0,0.4287610118931239,1.0010775204436193,76841.0,0,0,0,49,UTAH
3377,491158,26.0,66.21178221810305,0.3926793559846408,84.25,13.25,1.0,70.0,89.53827944561407,12.0,1.25,1.0,0.0,5.0,13.25,4.25,47.5,0.0,0.0,4.0366698834149854,1.251609562199082,75589.0,0,0,0,49,UTAH
3375,491156,7.0,17.722106304581075,0.394986909552085,0.0,0.0,0.0,0.0,0.2554940757830524,0.0,0.0,0.0,0.0,0.0,0.0,0.0,0.0,0.0,0.0,0.2554940757830524,0.0,75589.0,0,0,0,49,UTAH
3376,491157,27.75,78.90638405517407,0.35168257083731325,0.0,0.0,0.0,0.0,2.7763452872434824,0.0,0.0,0.0,0.0,0.0,0.0,0.0,0.0,0.0,0.0,1.0244981453653683,1.751847141878114,75589.0,0,0,0,49,UTAH
3370,491151,13.0,38.018248044022506,0.3419410590658175,20.25,4.0,1.0,15.25,22.466556597148404,3.75,0.25,1.0,0.0,1.0,4.75,0.5,9.0,0.0,0.0,1.2154790767047836,1.0010775204436193,75589.0,0,0,0,49,UTAH
3384,491165,9.0,25.976668315586704,0.34646475408856636,0.0,0.0,0.0,0.0,2.3409744536548,0.0,0.0,0.0,0.0,0.0,0.0,0.0,0.0,1.0114045500615414,0.0,0.3284923831496388,1.0010775204436193,75589.0,0,0,0,49,UTAH
3386,491167,15.5,45.187348625860125,0.34301636345907566,0.0,0.0,0.0,0.0,17.015815589145735,0.0,0.0,0.0,0.0,0.0,0.0,0.0,0.0,0.0,0.0,16.26489189211836,0.7509236970273752,75589.0,0,0,0,49,UTAH
3394,491175,460.0,1243.591326281399,0.3698964364567396,0.0,0.0,0.0,0.0,595.3785389408611,0.0,0.0,0.0,0.0,0.0,0.0,0.0,0.0,1.7699068323045082,0.0,563.8257463926798,29.78288571587679,75589.0,0,0,0,49,UTAH
3409,491190,25.0,75.06214771665327,0.3330573499491476,0.0,0.0,0.0,0.0,39.39740154969891,0.0,0.0,0.0,0.0,0.0,0.0,0.0,0.0,0.0,0.0,37.39554063716755,2.00186091253136,56564.0,0,0,0,49,UTAH
3413,491194,9.0,22.625816156860157,0.3977757061935287,0.0,0.0,0.0,0.0,3.352379003716341,0.0,0.0,0.0,0.0,0.0,0.0,0.0,0.0,2.022809100123083,0.0,0.3284923831496388,1.0010775204436193,56564.0,0,0,0,49,UTAH
3414,491195,119.5,394.49481673911305,0.30291906237903155,121.25,7.0,19.5,94.75,138.93042749191724,6.0,1.0,6.25,13.25,81.0,3.0,2.25,8.5,1.0114045500615414,0.0,8.660780971560406,8.00824197029531,56564.0,0,0,0,49,UTAH
3416,491197,77.25,225.53191249375905,0.34252358855041265,0.0,0.0,0.0,0.0,8.74374008282744,0.0,0.0,0.0,0.0,0.0,0.0,0.0,0.0,0.5054633843499361,0.0,3.232272737429544,5.006003961047961,56564.0,0,0,0,49,UTAH
3417,491198,282.0,965.1628185381952,0.2921786817555904,191.75,7.25,151.75,32.75,326.0312130843957,6.0,1.25,134.0,17.75,0.0,3.75,3.5,25.5,1.0114045500615414,0.0,115.24848019116143,18.02132834317268,56564.0,0,0,0,49,UTAH
3422,491203,0.0,0.0,0.0,869.75,641.0,125.75,103.0,901.4929295546084,594.75,46.25,94.25,31.5,97.0,3.75,0.75,1.5,0.0,0.0,31.742929554608377,0.0,56564.0,0,0,0,49,UTAH
3419,491200,0.0,0.0,0.0,661.5,17.75,615.75,28.0,685.6450881510075,17.75,0.0,502.25,113.5,7.0,2.0,0.0,19.0,0.0,0.0,24.14508815100748,0.0,56564.0,0,0,0,49,UTAH
3418,491199,84.25,259.40886955215524,0.32477686728849947,55.75,2.0,26.75,27.0,66.57791578506716,2.0,0.0,2.25,24.5,23.0,1.0,0.0,3.0,0.0,0.0,5.0723328454675976,5.755582939599566,56564.0,0,0,0,49,UTAH
3427,491208,50.0,158.35310007592403,0.3157500546312449,0.0,0.0,0.0,0.0,20.10219994258077,0.0,0.0,0.0,0.0,0.0,0.0,0.0,0.0,0.0,0.0,16.84842132606376,3.253778616517012,56564.0,0,0,0,49,UTAH
3415,491196,38.25,151.27921143996653,0.25284372939225086,97.75,0.0,19.25,78.5,106.98904488996014,0.0,0.0,18.25,1.0,76.5,2.0,0.0,0.0,2.022809100123083,0.0,4.9638849009278765,2.2523508889091737,57510.0,0,0,0,49,UTAH
3433,491214,77.0,245.45241727743596,0.3137064236485663,0.0,0.0,0.0,0.0,8.805355675359017,0.0,0.0,0.0,0.0,0.0,0.0,0.0,0.0,1.0114045500615414,0.0,2.789067780750904,5.004883344546571,56564.0,0,0,0,49,UTAH
3444,491225,11.0,43.166318913743225,0.2548283077364245,172.5,0.0,9.0,163.5,182.22348538824025,0.0,0.0,7.5,1.5,161.5,2.0,0.0,0.0,2.022809100123083,0.0,6.699598767673495,1.0010775204436193,61056.0,0,0,0,49,UTAH
3446,491227,38.5,111.99052515702292,0.343779082614523,157.75,0.25,5.75,151.75,214.0065127693056,0.25,0.0,4.0,1.75,149.75,2.0,0.0,0.0,1.0114045500615414,0.0,52.992771393936685,2.2523368253073346,56564.0,0,0,0,49,UTAH
3243,491024,27.623635390139317,67.6579449331413,0.4082836896307837,32.55109467594795,4.927459285808634,0.5972677922192284,27.026367597920085,45.618912329244885,4.479508441644214,0.4479508441644213,0.4479508441644213,0.1493169480548071,1.7918033766576853,5.972677922192284,1.7918033766576853,17.47008292241243,0.0,0.0,11.274142126544884,1.7936755267520554,105921.0,0,0,0,49,UTAH
3385,491166,92.25,258.89010656585725,0.356328796120037,0.0,0.0,0.0,0.0,60.59283757150861,0.0,0.0,0.0,0.0,0.0,0.0,0.0,0.0,1.0114045500615414,0.0,53.82488366636687,5.756549355080205,75589.0,0,0,0,49,UTAH
3245,491026,99.75,280.22848210860445,0.3559595343393439,343.25,72.0,10.0,261.25,365.62613689150027,62.5,9.5,9.5,0.5,24.75,48.5,52.0,136.0,0.0,0.0,16.118775522174616,6.2573613693257055,105921.0,0,0,0,49,UTAH
3246,491027,0.0,0.0,0.0,385.75,68.25,202.25,115.25,399.8317100625101,66.25,2.0,64.25,138.0,24.25,10.75,6.25,74.0,0.0,0.0,14.081710062510126,0.0,105921.0,0,0,0,49,UTAH
3248,491029,147.75,467.40322254090313,0.3161082185030724,26.0,0.0,25.0,1.0,41.60211309906631,0.0,0.0,25.0,0.0,1.0,0.0,0.0,0.0,0.0,0.0,6.342093502633917,9.260019596432391,105921.0,0,0,0,49,UTAH
3256,491037,123.000000331303,317.4801974776785,0.387425739647749,52.00000014006306,9.000000024241682,1.7500000047136606,41.25000011110771,66.24910740128738,8.000000021548162,1.0000000026935203,1.7500000047136606,0.0,1.0000000026935203,10.250000027608584,8.250000022221542,21.750000058584067,0.0,0.0,6.239856785385649,8.009250475838675,105921.0,0,0,0,49,UTAH
3249,491030,83.50000008628294,246.74731150339954,0.3384028769250948,9.000000009299956,0.25000000025833213,0.25000000025833213,8.500000008783292,19.27860075027279,0.0,0.25000000025833213,0.25000000025833213,0.0,0.0,1.2500000012916606,0.0,7.250000007491632,1.0114045511066545,0.0,3.7611787861960004,5.506017403670182,105921.0,0,0,0,49,UTAH
3277,491058,88.0,299.7600480071165,0.2935681408681614,289.5,25.25,33.5,230.75,309.2850681135393,21.75,3.5,29.25,4.25,15.0,132.0,28.0,55.75,0.0,0.0,13.778602990877657,6.006465122661717,85315.0,0,0,1374,49,UTAH
3285,491066,256.0000023580452,775.6980904972579,0.3300253094524669,0.0,0.0,0.0,0.0,265.94239921684465,0.0,0.0,0.0,0.0,0.0,0.0,0.0,0.0,2.0228091187554083,0.0,247.404255369461,16.515334728628233,30043.0,0,0,0,49,UTAH
3290,491071,54.50000004304893,169.31273127854695,0.3218895568661495,150.25000011868076,12.75000001007108,4.000000003159554,133.50000010545014,161.2720317249177,10.50000000829383,2.2500000017772495,3.50000000276461,0.5000000003949443,6.500000005134276,21.00000001658766,15.750000012440745,90.25000007128745,0.0,0.0,7.5182953201930465,3.5037362860439063,75991.0,0,0,0,49,UTAH
3281,491062,82.5,252.17281690010392,0.3271565944900463,0.0,0.0,0.0,0.0,9.310607075926322,0.0,0.0,0.0,0.0,0.0,0.0,0.0,0.0,1.0114045500615414,0.0,2.792736898849792,5.50646562701499,69330.0,0,0,0,49,UTAH
3267,491048,1.6002358627097322,4.936494007894102,0.3241644495366033,0.0,0.0,0.0,0.0,0.5979025322546528,0.0,0.0,0.0,0.0,0.0,0.0,0.0,0.0,0.539495277572093,0.0,0.05840725468255974,0.0,69330.0,0,0,0,49,UTAH
3280,491061,17.5,58.15416472616239,0.30092427743403044,24.75,3.5,0.0,21.25,27.80205077563236,3.5,0.0,0.0,0.0,1.0,4.75,0.25,15.25,0.0,0.0,1.800721394215998,1.2513293814163624,104591.0,0,0,0,49,UTAH
3279,491060,350.75,1067.3454080462895,0.32861901813212124,0.0,0.0,0.0,0.0,35.32231762308851,0.0,0.0,0.0,0.0,0.0,0.0,0.0,0.0,0.0,0.0,12.798108426297826,22.52420919679069,75108.0,0,0,0,49,UTAH
3265,491046,13.914301340540286,42.27976990877193,0.3291006874106341,0.0,0.0,0.0,0.0,15.374239407203131,0.0,0.0,0.0,0.0,0.0,0.0,0.0,0.0,0.0,0.0,14.427616725744533,0.9466226814585962,72269.0,0,0,0,49,UTAH
3297,491078,195.25,595.0950623776256,0.3280988405783503,0.0,0.0,0.0,0.0,20.143093059408223,0.0,0.0,0.0,0.0,0.0,0.0,0.0,0.0,0.0,0.0,7.1290852936411735,13.014007765767053,75108.0,0,0,0,49,UTAH
3295,491076,212.50000003263807,571.4756977831612,0.371844333638258,73.00000001121214,5.50000000084475,1.750000000268784,65.7500000100986,97.17136015233652,4.500000000691159,1.000000000153591,0.5000000000767955,1.2500000001919886,11.500000001766296,12.250000001881489,1.2500000001919886,40.75000000625883,0.0,0.0,10.656960677237754,13.514399463886614,89915.0,0,0,0,49,UTAH
3291,491072,119.25,410.3106911795227,0.2906334213646525,502.75,108.75,3.25,390.75,533.4547778019063,74.75,34.0,3.25,0.0,25.0,237.0,36.75,92.0,0.0,0.0,22.69615763835742,8.008620163548954,85315.0,528,0,0,49,UTAH
3296,491077,217.0,748.4140679785345,0.2899464471400394,37.0,0.0,5.5,31.5,60.28587032176714,0.0,0.0,5.5,0.0,23.75,0.5,3.0,4.25,0.0,0.0,9.270785035556472,14.015085286210672,85315.0,0,0,0,49,UTAH
3309,491090,5.5,13.541897008652402,0.40614693764735127,0.0,0.0,0.0,0.0,0.1994845987118109,0.0,0.0,0.0,0.0,0.0,0.0,0.0,0.0,0.0,0.0,0.1994845987118109,0.0,109773.0,0,0,0,49,UTAH
3311,491092,224.75,749.9104913872982,0.2997024345988591,0.0,0.0,0.0,0.0,22.96554362294986,0.0,0.0,0.0,0.0,0.0,0.0,0.0,0.0,0.0,0.0,8.449940576277434,14.515603046672425,83427.0,0,0,0,49,UTAH
3316,491097,143.75,430.1203081132148,0.3342088185293558,197.0,20.75,32.0,144.25,337.7468723680539,19.75,1.0,2.0,30.0,14.0,26.0,12.0,92.25,0.0,0.0,131.23686707800078,9.510005290053106,109773.0,0,0,0,49,UTAH
3317,491098,240.6418450098507,810.9023426554247,0.2967581080378087,65.39180570919856,7.847016685103827,8.718907427893141,48.82588159620159,92.05124938601524,6.975125942314513,0.8718907427893141,0.8718907427893141,7.847016685103827,6.103235199525199,8.718907427893141,0.8718907427893141,33.131848225993934,0.0,0.0,11.166691945757712,15.492751731058966,83427.0,0,0,0,49,UTAH
3318,491099,254.25,903.1435079240182,0.2815167221701273,0.0,0.0,0.0,0.0,44.0114340337363,0.0,0.0,0.0,0.0,0.0,0.0,0.0,0.0,0.0,0.0,27.49357790862014,16.51785612511616,114538.0,0,0,0,49,UTAH
3288,491069,170.0,490.80635013382846,0.3463687866989618,156.75,16.0,6.25,134.5,318.4699894321231,13.25,2.75,2.75,3.5,9.5,24.0,57.5,43.5,0.0,0.0,150.707450240488,11.012539191635092,30043.0,0,0,0,49,UTAH
3284,491065,139.25,441.39074154533,0.3154801106894067,0.0,0.0,0.0,0.0,14.918695433231102,0.0,0.0,0.0,0.0,0.0,0.0,0.0,0.0,1.0114045500615414,0.0,4.897130972398345,9.010159910771216,30043.0,0,0,0,49,UTAH
3271,491052,111.0,350.6859501396327,0.3165225180986096,56.75,14.5,19.75,22.5,70.3841560313079,14.25,0.25,11.0,8.75,6.75,2.25,0.75,12.75,0.0,0.0,6.125969563322925,7.508186467984968,30043.0,0,0,0,49,UTAH
3272,491053,140.74999991727634,443.84685980509556,0.3171138801772378,14.999999991183978,3.499999997942928,0.4999999997061326,10.999999993534917,46.91538344780426,2.9999999982367958,0.4999999997061326,0.4999999997061326,0.0,0.0,1.9999999988245305,1.2499999992653317,7.749999995445056,0.0,0.0,22.905391624481744,9.009991832138542,30043.0,0,0,0,49,UTAH
3270,491051,5.0,10.579581903345185,0.47260846843286286,544.0,176.25,72.25,295.5,564.2774071415138,118.0,58.25,22.25,50.0,24.75,36.75,14.75,219.25,0.0,0.0,20.02709924250465,0.250307899009125,30043.0,0,0,0,49,UTAH
3283,491064,131.25,406.8955159004282,0.3225643804639968,296.75,134.5,11.5,150.75,323.36387378303203,130.25,4.25,2.0,9.5,8.5,70.0,4.25,68.0,0.0,0.0,18.104623808034145,8.509249974997896,30043.0,454,0,0,49,UTAH
3287,491068,231.5,535.7396487310325,0.43211287525262915,365.25,99.25,53.75,212.25,402.0389592409516,49.5,49.75,10.75,43.0,20.75,50.5,11.75,129.25,0.0,0.0,21.772796434297334,15.01616280665429,56620.0,0,0,0,49,UTAH
3286,491067,197.25,457.0361594810572,0.43158510745400974,228.75,79.75,26.0,123.0,259.2947475166748,52.75,27.0,1.25,24.75,14.5,11.0,20.5,77.0,0.0,0.0,17.780935598929677,12.763811917745118,56620.0,0,0,0,49,UTAH
3292,491073,184.0,410.5054957886616,0.44822786025434297,382.25,28.75,45.5,308.0,415.4121015951288,25.5,3.25,9.0,36.5,93.5,37.75,25.5,151.25,0.0,0.0,21.14917134980532,12.012930245323432,77634.0,0,0,0,49,UTAH
3293,491074,319.5,855.3724249788432,0.3735215102449702,1742.5,110.0,136.5,1496.0,1838.232973433821,89.75,20.25,13.75,122.75,94.5,157.5,863.25,380.75,0.0,0.0,75.21080722693019,20.52216620689064,89915.0,0,0,0,49,UTAH
3301,491082,354.0,1113.703032672183,0.31785852207892784,0.0,0.0,0.0,0.0,62.912248161867055,0.0,0.0,0.0,0.0,0.0,0.0,0.0,0.0,0.0,0.0,39.88740915362743,23.024839008239628,71171.0,0,0,0,49,UTAH
3304,491085,130.25,401.2010548065084,0.32465019331222117,81.0,8.0,15.25,57.75,98.48655174672196,8.0,0.0,1.25,14.0,5.25,10.0,1.25,41.25,1.0114045500615414,0.0,7.965897347090403,8.509249849570026,82941.0,0,0,0,49,UTAH
3303,491084,336.50000007121554,897.0642796712267,0.3751124726474924,31.000000006560718,2.000000000423272,5.250000001111089,23.750000005026354,82.92095635028421,2.000000000423272,0.0,0.0,5.250000001111089,3.250000000687817,4.000000000846544,0.0,16.500000003491994,0.0,13.391304349736632,16.757052642769686,21.772599351217174,82148.0,0,0,0,49,UTAH
3432,491213,313.5,1155.1869843266718,0.271384636646275,46.75,16.0,29.75,1.0,79.91729878467052,16.0,0.0,28.5,1.25,1.0,0.0,0.0,0.0,0.0,0.0,13.145748375798137,20.02155040887239,77834.0,0,0,0,49,UTAH
3426,491207,390.25,961.8687977593588,0.40572061481677574,294.0,56.75,54.25,183.0,351.4943617808603,16.75,40.0,4.0,50.25,9.0,69.75,51.0,53.25,0.0,0.0,32.21722792174782,25.27713385911242,60420.0,447,0,0,49,UTAH
3431,491212,250.75,885.8137273035802,0.28307305731565463,92.5,3.0,23.0,66.5,121.2993664953222,3.0,0.0,0.0,23.0,13.0,21.75,21.5,10.25,0.0,0.0,12.782126168224298,16.01724032709791,77052.0,0,1224,1459,49,UTAH
3450,491231,113.0,390.2510946958796,0.2895571634156728,0.0,0.0,0.0,0.0,32.58235857836794,0.0,0.0,0.0,0.0,0.0,0.0,0.0,0.0,0.0,0.0,25.325096292965235,7.257262285402702,67250.0,0,0,0,49,UTAH
3442,491223,605.25,1938.354062023381,0.3122494552766074,59.0,0.0,0.0,59.0,123.0158330974124,0.0,0.0,0.0,0.0,0.0,59.0,0.0,0.0,0.0,0.0,24.723179720799283,39.29265337661312,67250.0,631,0,0,49,UTAH
3443,491224,342.50000004883583,1066.5662101176829,0.3211239928658953,0.0,0.0,0.0,0.0,103.30046143177148,0.0,0.0,0.0,0.0,0.0,0.0,0.0,0.0,0.0,0.0,81.27717606501591,22.023285366755577,67250.0,0,0,0,49,UTAH
3282,491063,433.5,1479.574147349476,0.29298970975978206,196.5,110.5,43.5,42.5,248.76589561166475,25.5,85.0,20.5,23.0,3.5,11.0,0.75,27.25,0.0,0.0,24.2357250392434,28.030170572421344,55219.0,0,0,0,49,UTAH
3421,491202,195.75,482.5697319480384,0.4056408577674278,1211.0,232.0,353.5,625.5,1277.8605458657871,169.5,62.5,16.75,336.75,68.25,220.5,62.75,274.0,0.0,0.0,54.34716791146912,12.513377954318113,54104.0,0,0,0,49,UTAH
3420,491201,295.0,812.1183966158409,0.36324752798272697,624.25,82.0,111.5,430.75,678.3210441522059,33.0,49.0,7.0,104.5,19.75,230.0,14.0,167.0,0.0,0.0,35.05057126377709,19.02047288842877,43532.0,470,0,0,49,UTAH
3425,491206,314.0,797.6160635955648,0.3936731145866381,352.25,137.25,38.0,177.0,399.3409871136015,133.25,4.0,2.25,35.75,10.75,71.0,3.0,92.25,0.0,0.0,26.819240856707133,20.27174625689432,67233.0,408,0,0,49,UTAH
3424,491205,309.25,789.9588247871932,0.391476100141433,134.0,35.0,3.25,95.75,170.952781939337,2.75,32.25,1.25,2.0,13.0,78.75,0.5,3.5,0.0,0.0,16.931231530464608,20.02155040887239,65557.0,0,713,0,49,UTAH
3423,491204,0.0,0.0,0.0,419.25,93.75,26.25,299.25,434.5512681483261,41.75,52.0,3.0,23.25,152.0,26.25,54.0,67.0,0.0,0.0,15.301268148326082,0.0,74447.0,0,0,0,49,UTAH
3430,491211,340.5,748.3817516012692,0.45498169787204434,146.75,12.0,2.5,132.25,187.7890326771899,1.0,11.0,1.0,1.5,52.0,7.25,58.0,15.0,0.0,0.0,18.76501932842116,22.27401334876875,64531.0,0,0,0,49,UTAH
3436,491217,196.5,585.8527552177277,0.3354085105001721,192.75,2.0,3.5,187.25,219.7106463112018,0.0,2.0,2.0,1.5,149.25,22.25,5.25,10.5,0.0,0.0,14.19680634150974,12.763839969692077,79681.0,0,0,0,49,UTAH
3438,491219,270.25,823.1347578248383,0.32831805172964007,0.0,0.0,0.0,0.0,54.836274384421,0.0,0.0,0.0,0.0,0.0,0.0,0.0,0.0,0.0,0.0,37.56749445564797,17.268779928773025,76922.0,0,0,0,49,UTAH
3435,491216,103.25,305.85737244732246,0.33757564571304444,0.0,0.0,0.0,0.0,57.43293886486441,0.0,0.0,0.0,0.0,0.0,0.0,0.0,0.0,0.0,0.0,50.92514356659646,6.507795298267948,79681.0,0,0,0,49,UTAH
3440,491221,243.25,788.2401854759527,0.3085988312726299,0.0,0.0,0.0,0.0,56.92877325984647,0.0,0.0,0.0,0.0,0.0,0.0,0.0,0.0,0.0,0.0,41.41304514806352,15.515728111782948,79681.0,0,0,0,49,UTAH
3449,491230,107.25,299.152921508638,0.358512293509068,0.0,0.0,0.0,0.0,24.58690759476924,0.0,0.0,0.0,0.0,0.0,0.0,0.0,0.0,0.0,0.0,17.57949092513868,7.007416669630559,79681.0,0,0,0,49,UTAH
3470,491251,7.0,18.61561516329617,0.3760284008127587,0.0,0.0,0.0,0.0,0.2554940757830524,0.0,0.0,0.0,0.0,0.0,0.0,0.0,0.0,0.0,0.0,0.2554940757830524,0.0,79681.0,0,0,0,49,UTAH
3478,491259,206.0,682.9445135386259,0.3016350463562939,217.0,133.5,14.0,69.5,245.43475609638804,39.5,94.0,14.0,0.0,36.25,32.0,0.25,1.0,0.0,0.0,15.421084458496964,13.013671637891056,93711.0,320,0,0,49,UTAH
3457,491238,311.25,1075.4458431164076,0.28941485244674464,49.0,0.25,0.25,48.5,85.92499230061529,0.25,0.0,0.25,0.0,26.25,6.0,0.0,16.25,1.0114045500615414,0.0,15.640454706694,20.273133043859737,67250.0,0,0,0,49,UTAH
3453,491234,4.75,9.218084068042334,0.515291460236028,0.0,0.0,0.0,0.0,1.18577756345178,0.0,0.0,0.0,0.0,0.0,0.0,0.0,0.0,1.0114045500615414,0.0,0.1743730133902385,0.0,56564.0,0,0,0,49,UTAH
3456,491237,7.0,15.041579728435806,0.4653766510153611,0.0,0.0,0.0,0.0,2.278303175906135,0.0,0.0,0.0,0.0,0.0,0.0,0.0,0.0,2.022809100123083,0.0,0.2554940757830524,0.0,79681.0,0,0,0,49,UTAH
3455,491236,0.25,1.1441904837305044,0.2184950876229132,0.0,0.0,0.0,0.0,0.0088660752691175,0.0,0.0,0.0,0.0,0.0,0.0,0.0,0.0,0.0,0.0,0.0088660752691175,0.0,56564.0,0,0,0,49,UTAH
3469,491250,6.75,19.48343456846292,0.34644815708858456,0.0,0.0,0.0,0.0,0.4957889959290468,0.0,0.0,0.0,0.0,0.0,0.0,0.0,0.0,0.0,0.0,0.2455931479071118,0.2501958480219349,56564.0,0,0,0,49,UTAH
3477,491258,94.75,296.6846011891084,0.31936271589507215,377.5,234.0,2.5,141.0,401.2461616454202,173.0,61.0,2.25,0.25,131.5,7.25,1.25,1.0,0.0,0.0,17.239052697878904,6.507108947541349,47060.0,0,0,0,49,UTAH
3484,491265,256.0,746.080255284591,0.3431266250335887,242.75,88.75,2.0,152.0,309.71324275015195,32.75,56.0,2.0,0.0,121.75,6.75,9.0,14.5,0.0,31.24637681451874,19.44931770952623,16.267548226107035,46734.0,0,0,0,49,UTAH
3486,491267,514.25,1613.4025137147892,0.31873633245801863,0.0,0.0,0.0,0.0,73.16907148274791,0.0,0.0,0.0,0.0,0.0,0.0,0.0,0.0,0.0,0.0,40.1332330834418,33.035838399306115,93711.0,0,0,0,49,UTAH
3501,491282,290.13891648564385,974.4777110557449,0.2977378683924013,0.0,0.0,0.0,0.0,29.23853200700798,0.0,0.0,0.0,0.0,0.0,0.0,0.0,0.0,0.0,0.0,10.591620378675776,18.6469116283322,74183.0,0,0,0,49,UTAH
3483,491264,323.75,759.5449402218794,0.42624206002271,1383.0,17.5,10.25,1355.25,1466.5185843309698,0.0,17.5,8.25,2.0,944.5,362.25,40.5,8.0,0.0,0.0,62.74611022506997,20.772474105899764,52410.0,512,0,0,49,UTAH
3482,491263,105.0,292.9265089650916,0.3584516825430537,50.0,1.0,2.0,47.0,62.58822796977203,0.0,1.0,2.0,0.0,34.0,13.0,0.0,0.0,0.0,0.0,5.832043840881287,6.756184128890747,52410.0,0,0,0,49,UTAH
3489,491270,1.0,1.0,1.0,0.0,0.0,0.0,0.0,1.0479037037448349,0.0,0.0,0.0,0.0,0.0,0.0,0.0,0.0,1.0114045500615414,0.0,0.0364991536832931,0.0,52410.0,0,0,0,49,UTAH
3490,491271,93.5,263.03026842852387,0.35547239699300154,0.0,0.0,0.0,0.0,72.41304403346926,0.0,0.0,0.0,0.0,0.0,0.0,0.0,0.0,1.0114045500615414,0.0,65.64538422219863,5.75625526120909,52410.0,0,0,0,49,UTAH
3497,491278,104.0,314.8680906567612,0.3302970452898981,55.0,1.0,0.0,54.0,67.81090807874895,0.0,1.0,0.0,0.0,50.0,3.0,1.0,0.0,0.0,0.0,5.80336543564362,7.007542643105336,52410.0,0,0,0,49,UTAH
3500,491281,179.25,481.0716554699709,0.3726056149055097,250.75,56.5,33.5,160.75,278.9095535706258,44.25,12.25,0.25,33.25,69.25,13.0,15.0,63.5,0.0,0.0,16.64718299434113,11.51237057628467,52410.0,0,0,0,49,UTAH
3495,491276,159.5,523.5370529256028,0.3046584747128982,0.0,0.0,0.0,0.0,37.572312929171815,0.0,0.0,0.0,0.0,0.0,0.0,0.0,0.0,1.5168679344114775,0.0,25.7929051845976,10.262539810162746,52410.0,0,0,0,49,UTAH
3502,491283,441.4999993750585,1179.472564589342,0.3743198550182267,306.24999956650436,14.999999978767558,23.499999966735842,267.74999962100094,363.06364197191687,8.499999987968284,6.499999990799275,9.99999998584504,13.499999980890804,231.9999996716049,7.999999988676032,8.499999987968284,19.249999972751702,0.0,0.0,28.282477712730064,28.531164692682513,52410.0,0,0,0,49,UTAH
3481,491262,2.0,6.242553435712095,0.32038171889062217,0.0,0.0,0.0,0.0,1.0803947238497442,0.0,0.0,0.0,0.0,0.0,0.0,0.0,0.0,1.0114045500615414,0.0,0.0689901737882029,0.0,67754.0,0,0,0,49,UTAH
3452,491233,3.0,7.244658204001386,0.4140982107814325,0.0,0.0,0.0,0.0,0.1094974610498795,0.0,0.0,0.0,0.0,0.0,0.0,0.0,0.0,0.0,0.0,0.1094974610498795,0.0,56564.0,0,0,0,49,UTAH
3451,491232,0.0,0.0,0.0,0.0,0.0,0.0,0.0,6.068427300369248,0.0,0.0,0.0,0.0,0.0,0.0,0.0,0.0,6.068427300369248,0.0,0.0,0.0,56564.0,0,0,0,49,UTAH
3468,491249,335.5,1013.321390543075,0.33108942841934247,64.0,0.0,0.0,64.0,99.79324615817345,0.0,0.0,0.0,0.0,0.0,64.0,0.0,0.0,0.0,0.0,14.26900791012843,21.524238248045,75166.0,661,0,0,49,UTAH
3466,491247,0.0,0.0,0.0,205.5,4.25,6.0,195.25,213.00109350822012,0.0,4.25,6.0,0.0,129.5,62.25,3.25,0.25,0.0,0.0,7.501093508220165,0.0,76443.0,0,0,0,49,UTAH
3465,491246,6.0,20.966865245941072,0.2861658111319968,0.0,0.0,0.0,0.0,1.2303994721613003,0.0,0.0,0.0,0.0,0.0,0.0,0.0,0.0,1.0114045500615414,0.0,0.2189949220997592,0.0,74530.0,0,0,0,49,UTAH
3474,491255,172.0,532.3020092516866,0.32312483704842415,27.75,0.0,0.0,27.75,46.146392194301086,0.0,0.0,0.0,0.0,27.75,0.0,0.0,0.0,0.0,0.0,7.3845535330231105,11.011838661277974,70232.0,0,0,0,49,UTAH
3467,491248,669.25,2131.6943884403463,0.31395213292729857,0.0,0.0,0.0,0.0,76.95289387196162,0.0,0.0,0.0,0.0,0.0,0.0,0.0,0.0,0.0,0.0,33.65637865829474,43.29651521366688,76443.0,0,0,0,49,UTAH
3472,491253,257.0,782.3867380225789,0.3284820505132121,126.25,0.0,17.5,108.75,164.78318930426508,0.0,0.0,4.5,13.0,102.25,5.75,0.25,0.5,0.0,0.0,22.015571319639577,16.517617984625513,55079.0,0,0,0,49,UTAH
3471,491252,3.75,13.801092488790214,0.27171761967727526,10.0,2.25,0.5,7.25,11.558379316975309,2.25,0.0,0.5,0.0,1.0,1.25,0.75,4.25,1.0114045500615414,0.0,0.5469747669137651,0.0,74530.0,0,0,0,49,UTAH
3473,491254,182.25,561.0948903717953,0.3248113699257476,140.25,50.75,20.0,69.5,163.771733470445,31.75,19.0,1.0,19.0,26.5,3.0,40.0,0.0,0.0,0.0,11.75912513756138,11.762608332883616,55079.0,0,0,0,49,UTAH
3459,491240,43.25,167.8948266032627,0.2576017431567455,0.0,0.0,0.0,0.0,8.627180445227749,0.0,0.0,0.0,0.0,0.0,0.0,0.0,0.0,4.045618200246166,0.0,1.5783296836507257,3.0032325613308584,74530.0,0,0,0,49,UTAH
3461,491242,104.0,408.4632904811295,0.2546128438555598,74.0,0.25,32.0,41.75,97.61843749934695,0.0,0.25,32.0,0.0,14.0,27.5,0.25,0.0,10.114045500615417,0.0,6.496849355626191,7.007542643105336,74530.0,0,0,0,49,UTAH
3479,491260,157.5000017937006,443.0349335108755,0.35550244434581213,0.0,0.0,0.0,0.0,15.303446547826562,0.0,0.0,0.0,0.0,0.0,0.0,0.0,0.0,0.0,0.0,5.543903440583239,9.759543107243323,73175.0,0,0,0,49,UTAH
3464,491245,21.0,81.53545269561182,0.2575566738851283,91.0,0.25,6.25,84.5,97.100387283034,0.25,0.0,1.0,5.25,71.25,12.0,1.25,0.0,1.0114045500615414,0.0,4.087905212528839,1.0010775204436193,74530.0,0,0,0,49,UTAH
3505,491286,0.0,0.0,0.0,0.0,0.0,0.0,0.0,105.18607316068649,0.0,0.0,0.0,0.0,0.0,0.0,0.0,0.0,105.18607316068649,0.0,0.0,0.0,74530.0,0,0,0,49,UTAH
3508,491289,104.0,405.3358641864439,0.256577345330002,117.75,12.0,10.0,95.75,144.9883432862658,11.0,1.0,10.0,0.0,45.75,49.0,1.0,0.0,12.136854600738497,0.0,8.093946042421974,7.007542643105336,67985.0,318,0,0,49,UTAH
3510,491291,21.25,67.94432738537085,0.3127560580513651,209.25,1.25,3.0,205.0,239.1370725552269,0.0,1.25,3.0,0.0,173.75,29.25,2.0,0.0,20.22809100123083,0.0,8.407708185530499,1.2512733684655544,67754.0,0,0,0,49,UTAH
3512,491293,100.25,348.42462723916805,0.28772363421712355,0.0,0.0,0.0,0.0,25.81310843115353,0.0,0.0,0.0,0.0,0.0,0.0,0.0,0.0,12.895220252907007,0.0,6.160457318265358,6.757430859981166,67754.0,0,0,0,49,UTAH
3511,491292,213.5,640.8378105888548,0.3331576203405016,16.5,0.0,1.0,15.5,44.17452474636775,0.0,0.0,0.0,1.0,14.5,1.0,0.0,0.0,2.022809100123083,0.0,11.887036271514042,13.764679374730624,67754.0,0,0,0,49,UTAH
3556,491342,0.0,0.0,0.0,0.0,0.0,0.0,0.0,2.022809098890215,0.0,0.0,0.0,0.0,0.0,0.0,0.0,0.0,2.022809098890215,0.0,0.0,0.0,91516.0,0,0,0,49,UTAH
2728,490510,0.0,0.0,0.0,2570.0,415.75,1201.75,952.5,2940.554146971222,394.5,21.25,1000.0,201.75,179.25,244.75,50.5,478.0,0.0,276.75362319056075,93.80052378066152,0.0,83312.0,0,0,0,49,UTAH
3552,491341,0.0,0.0,0.0,0.0,0.0,0.0,0.0,71.42028977964388,0.0,0.0,0.0,0.0,0.0,0.0,0.0,0.0,0.0,71.42028977964388,0.0,0.0,66402.0,0,0,0,49,UTAH
3515,491296,540.4999999665073,1746.8475723634456,0.30941451819704163,0.0,0.0,0.0,0.0,55.1463965609853,0.0,0.0,0.0,0.0,0.0,0.0,0.0,0.0,0.0,0.0,20.11747916204504,35.02891739894026,109972.0,0,0,0,49,UTAH
2720,490502,1455.75,4947.960182906521,0.29421214928711614,0.0,0.0,0.0,0.0,256.6138008163716,0.0,0.0,0.0,0.0,0.0,0.0,0.0,0.0,2.022809100123083,0.0,160.48109019836772,94.10990151788084,128261.0,0,0,0,49,UTAH
3509,491290,48.0,144.72174870163929,0.33167095084621717,0.0,0.0,0.0,0.0,409.3170119627455,0.0,0.0,0.0,0.0,0.0,0.0,0.0,0.0,404.56182002461657,0.0,1.751959376798074,3.0032325613308584,67754.0,0,0,0,49,UTAH
2909,490691,409.25,939.3243008389808,0.43568552376902014,991.5,147.5,38.75,805.25,1068.681183144139,127.0,20.5,36.5,2.25,86.25,151.5,93.75,473.75,0.0,0.0,51.15316761260481,26.028015531534106,54433.0,0,0,0,49,UTAH
2958,490739,142.75,460.1696239678273,0.3102116970892897,59.0,0.0,0.0,59.0,75.37224523693625,0.0,0.0,0.0,0.0,0.0,59.0,0.0,0.0,0.0,0.0,7.362547552943674,9.009697683992574,58209.0,0,0,0,49,UTAH
3015,490796,136.25,438.2563033350446,0.3108911359931716,134.0,8.5,9.0,116.5,152.8768025686086,7.0,1.5,8.75,0.25,5.0,7.75,62.75,41.0,0.0,0.0,9.86710488461603,9.009697683992574,60368.0,0,0,0,49,UTAH
2318,490102,559.25,1960.2705884220763,0.2852922465414172,0.0,0.0,0.0,0.0,56.45209913601276,0.0,0.0,0.0,0.0,0.0,0.0,0.0,0.0,0.0,0.0,20.413308400042457,36.0387907359703,70511.0,0,0,0,49,UTAH
2457,490239,427.0,1652.3827183828917,0.2584147094069615,0.0,0.0,0.0,0.0,43.72098889782762,0.0,0.0,0.0,0.0,0.0,0.0,0.0,0.0,0.0,0.0,16.441279795655017,27.27970910217261,96951.0,0,0,0,49,UTAH
2713,490495,275.75,869.2651445739209,0.31722196814317416,764.75,54.0,200.0,510.75,820.7455218350738,31.0,23.0,67.25,132.75,115.5,113.0,124.25,158.0,0.0,0.0,37.97612646708861,18.019395367985148,100384.0,648,1442,0,49,UTAH
2712,490494,78.0,248.43816893108385,0.3139614187932492,0.0,0.0,0.0,0.0,7.852321589514967,0.0,0.0,0.0,0.0,0.0,0.0,0.0,0.0,0.0,0.0,2.84693398729687,5.005387602218097,100384.0,0,0,0,49,UTAH
2765,490547,924.25,2292.8897703450534,0.40309395242358775,611.0,195.75,6.75,408.5,732.5900280464124,145.75,50.0,2.0,4.75,254.5,45.0,25.0,84.0,0.0,0.0,62.02606264419505,59.56396540221741,58545.0,0,0,0,49,UTAH
2764,490546,427.75,882.7537456317068,0.48456322288827913,501.5,69.75,10.25,421.5,563.1605274079873,63.25,6.5,7.25,3.0,346.5,20.75,15.75,38.5,0.0,0.0,33.88056669701862,27.77996071096872,58545.0,0,0,0,49,UTAH
2848,490630,466.0,1440.8181648581628,0.3234273493809498,547.0,53.0,81.0,413.0,614.0059504883162,7.75,45.25,69.0,12.0,92.25,4.0,170.75,146.0,0.0,0.0,36.97362487500769,30.032325613308583,71786.0,0,0,0,49,UTAH
3308,491089,309.5,927.8087132477332,0.3335816915499917,6.75,0.5,2.25,4.0,38.81606967025856,0.5,0.0,0.25,2.0,3.0,0.0,0.0,1.0,0.0,0.0,12.044519261386172,20.02155040887239,97392.0,0,0,0,49,UTAH
2321,490105,14.0,42.59228347888287,0.32869803768424766,50.0,1.0,7.0,42.0,53.33702335617439,0.0,1.0,6.0,1.0,37.0,5.0,0.0,0.0,0.0,0.0,2.335945835730765,1.0010775204436193,81720.0,0,0,0,49,UTAH
2382,490164,198.29245898879762,730.158923664794,0.27157438272963025,66.56878424524403,2.773907420426422,1.6036520696329133,62.1912247551847,92.44642815713186,0.4860839003526962,2.287823520073726,0.4585506509152719,1.1451014187176414,45.84129712684584,8.775516957396711,3.1330320017190028,4.4413786692231465,2.9668987716415853,0.0,9.576238841872255,13.334506298373975,79647.0,0,0,0,49,UTAH
2441,490223,1080.25,3424.03441595341,0.315490403649815,0.0,0.0,0.0,0.0,108.41601285723608,0.0,0.0,0.0,0.0,0.0,0.0,0.0,0.0,0.0,0.0,38.58953604806408,69.82647680917198,91516.0,0,0,0,49,UTAH
2446,490228,515.0,1706.2708503367548,0.30182781350238624,29.0,0.0,1.0,28.0,81.89294717587401,0.0,0.0,1.0,0.0,20.0,3.0,0.0,5.0,0.0,0.0,19.85738900123456,33.03555817463944,106764.0,0,0,0,49,UTAH
2607,490389,107.0,394.70985250625887,0.27108520175159123,49.25,10.0,13.75,25.5,61.95694065495936,9.75,0.25,13.5,0.25,3.0,3.75,2.25,16.5,0.0,0.0,5.69939801185402,7.007542643105336,77253.0,0,0,0,49,UTAH
2613,490395,213.0,787.0797012364492,0.2706206241444054,48.0,0.0,0.0,48.0,71.54247047483037,0.0,0.0,0.0,0.0,0.0,48.0,0.0,0.0,0.0,0.0,9.527385188619691,14.015085286210672,77253.0,903,0,0,49,UTAH
2553,490335,10.25,23.65347316593783,0.43334016649869866,4554.5,108.5,49.75,4396.25,4721.631967235267,35.75,72.75,48.75,1.0,2948.0,8.0,28.25,1412.0,0.0,0.0,166.6313934618543,0.5005737734125595,75570.0,0,0,0,49,UTAH
2648,490430,300.0,806.6195228914557,0.3719225626037445,203.75,67.75,4.0,132.0,241.1579235897823,65.75,2.0,4.0,0.0,11.5,62.25,30.25,28.0,0.0,0.0,18.38745070135355,19.02047288842877,109972.0,0,0,0,49,UTAH
2722,490504,330.00000032388266,901.6226626161006,0.3660067720196519,0.0,0.0,0.0,0.0,33.06734867725713,0.0,0.0,0.0,0.0,0.0,0.0,0.0,0.0,0.0,0.0,12.044720727308201,21.02262794994893,113023.0,0,0,0,49,UTAH
2725,490507,261.0,928.6725806755464,0.2810463078495762,0.0,0.0,0.0,0.0,26.54459695888106,0.0,0.0,0.0,0.0,0.0,0.0,0.0,0.0,0.0,0.0,9.526279111339528,17.01831784754153,145664.0,0,0,0,49,UTAH
2715,490497,236.75,638.3818635521978,0.3708595333248247,0.0,0.0,0.0,0.0,23.65833947456855,0.0,0.0,0.0,0.0,0.0,0.0,0.0,0.0,0.0,0.0,8.642176667914262,15.01616280665429,141611.0,0,0,0,49,UTAH
2700,490482,209.25,694.8747146634472,0.30113342101006985,68.5,3.0,0.5,65.0,92.89997913875672,3.0,0.0,0.0,0.5,12.0,36.0,1.5,15.5,0.0,0.0,11.13577552496774,13.264203613788988,140311.0,774,0,0,49,UTAH
2701,490483,263.25,762.0513153542845,0.3454491773662417,91.75,5.0,8.25,78.5,121.7265700638858,5.0,0.0,0.0,8.25,12.5,27.25,4.0,34.75,0.0,0.0,12.958252216344247,17.01831784754153,132959.0,0,0,0,49,UTAH
2687,490469,275.25,989.6117051827716,0.2781393940254213,35.0,0.0,0.0,35.0,64.34515782113048,0.0,0.0,0.0,0.0,0.0,35.0,0.0,0.0,0.0,0.0,11.325762453145336,18.019395367985148,127440.0,905,0,0,49,UTAH
2688,490470,312.75,1100.5875408609954,0.2841664005712204,0.0,0.0,0.0,0.0,31.492638855311448,0.0,0.0,0.0,0.0,0.0,0.0,0.0,0.0,0.0,0.0,11.471046472004517,20.02159238330693,119970.0,0,0,0,49,UTAH
2681,490463,469.0,1750.962332117972,0.2678527067071143,0.0,0.0,0.0,0.0,47.15258742682842,0.0,0.0,0.0,0.0,0.0,0.0,0.0,0.0,0.0,0.0,17.12026181351984,30.032325613308583,105558.0,0,0,0,49,UTAH
2660,490442,608.5,1841.5466439599168,0.3304287740936768,900.75,292.25,30.5,578.0,996.3820425360644,38.25,254.0,6.0,24.5,302.0,33.25,186.5,56.25,0.0,0.0,56.33982339074135,39.292219145323095,67267.0,0,0,0,49,UTAH
2763,490545,1974.75,4411.103214355624,0.44767712384813746,2733.75,449.75,251.0,2033.0,3033.651489859582,102.75,347.0,93.25,157.75,1169.0,177.25,274.75,412.0,0.0,0.0,172.26414089078327,127.6373489687986,67267.0,469,140,64,49,UTAH
2570,490352,241.75,787.8980013023761,0.30682905604582467,1523.25,123.25,198.25,1201.75,1609.4551913129708,110.25,13.0,7.0,191.25,359.75,239.25,81.25,521.5,1.0114045500615414,0.0,69.67786267324354,15.51592408966565,83312.0,0,0,0,49,UTAH
2760,490542,465.25,1594.1990877759663,0.2918393339749432,0.0,0.0,0.0,0.0,47.33569254621345,0.0,0.0,0.0,0.0,0.0,0.0,0.0,0.0,0.0,0.0,17.303437009457518,30.032255536755933,105591.0,0,0,0,49,UTAH
2782,490564,310.0,981.9190135389596,0.31570831782014386,36.0,0.0,0.0,36.0,68.65488439393476,0.0,0.0,0.0,0.0,0.0,36.0,0.0,0.0,0.0,0.0,12.63333398506237,20.02155040887239,85941.0,643,0,0,49,UTAH
2751,490533,78.5,238.2239524741984,0.3295218603532413,1802.75,257.75,37.25,1507.75,1876.6599548994805,147.75,110.0,4.0,33.25,48.0,2.5,35.25,1422.0,0.0,0.0,68.65437144924056,5.255583450240032,60581.0,0,0,0,49,UTAH
2762,490544,177.0,299.1871189584524,0.5916030095686696,641.0,75.5,114.75,450.75,681.8681604378136,48.5,27.0,3.25,111.5,26.75,44.0,102.0,278.0,0.0,0.0,29.85630771293384,11.011852724879812,29406.0,0,0,0,49,UTAH
2806,490588,21.0,52.48049517586542,0.4001486634153829,804.0,228.0,7.75,568.25,835.304332737127,20.25,207.75,7.75,0.0,111.5,21.75,68.5,366.5,0.0,0.0,30.052779228650756,1.2515535084763163,76529.0,0,0,0,49,UTAH
2857,490639,379.0,960.6742670235234,0.3945145748248919,226.25,23.25,5.75,197.25,272.36885547419536,18.75,4.5,5.5,0.25,12.0,42.75,40.25,102.25,0.0,0.0,22.092994983548497,24.025860490646867,54061.0,0,0,0,49,UTAH
2892,490674,577.75,1601.7133582499423,0.36070748678231596,236.75,0.0,6.0,230.75,303.5161867508081,0.0,0.0,6.0,0.0,29.75,160.0,10.0,31.0,0.0,0.0,29.7263184943942,37.03986825641392,96732.0,0,0,2270,49,UTAH
2895,490677,331.25,831.1671645767144,0.398535955361873,0.0,0.0,0.0,0.0,33.113023212287445,0.0,0.0,0.0,0.0,0.0,0.0,0.0,0.0,0.0,0.0,12.090395282971436,21.022627929316005,73742.0,0,0,0,49,UTAH
2993,490774,110.0,253.85492625312943,0.4333183587318466,68.0,0.0,0.0,68.0,81.50439199873153,0.0,0.0,0.0,0.0,0.0,68.0,0.0,0.0,0.0,0.0,6.496849355626191,7.007542643105336,22568.0,496,0,0,49,UTAH
2919,490701,344.24999881890665,975.9607597631276,0.3527293442642699,0.0,0.0,0.0,0.0,34.588643030448104,0.0,0.0,0.0,0.0,0.0,0.0,0.0,0.0,0.0,0.0,12.564937656249997,22.02370537419811,64980.0,0,0,0,49,UTAH
2983,490764,48.5,127.15873889925638,0.38141303082932376,5912.0,261.0,70.5,5580.5,6132.571604123912,93.0,168.0,7.75,62.75,151.25,219.25,4695.75,514.25,0.0,0.0,217.56837149672367,3.00323262718839,22498.0,0,0,0,49,UTAH
2967,490748,354.0,672.5414794503101,0.5263615863356645,261.0,1.25,1.0,258.75,306.70988051421034,1.25,0.0,1.0,0.0,14.25,184.75,31.0,28.75,0.0,0.0,22.43490169598516,23.274978818225183,22498.0,0,0,1915,49,UTAH
2985,490766,110.25,200.0479811133742,0.5511177837756707,1781.25,155.0,47.0,1579.25,1857.2855936427643,123.75,31.25,42.5,4.5,81.25,437.25,114.75,946.0,0.0,0.0,69.02805099965924,7.007542643105336,23990.0,0,0,0,49,UTAH
2989,490770,277.25,579.9398418578564,0.4780668269174618,658.25,148.75,23.5,486.0,728.416571645832,85.5,63.25,21.25,2.25,60.0,38.25,46.5,341.25,0.0,0.0,52.39741412538894,17.7691575204431,37024.0,0,0,0,49,UTAH
2946,490727,454.72688355142225,1533.9466495913512,0.2964424373380672,126.50462859019366,87.47787349879178,24.000000000027157,15.026755091374737,176.9676003762643,45.47787349874425,42.00000000004752,24.000000000027157,0.0,1.7384417754558181,6.2802199086126524,0.5975893603129375,6.41050404699333,0.0,0.0,21.214184320421694,29.248787465648928,55528.0,0,0,0,49,UTAH
2951,490732,263.0,774.5337227329863,0.339559133812779,187.75,19.25,5.25,163.25,226.21995140637316,18.0,1.25,4.5,0.75,13.0,39.0,20.0,91.25,0.0,0.0,21.45163355883158,17.01831784754153,62082.0,0,0,0,49,UTAH
2956,490737,36.48394807709636,118.59291346257041,0.3076402038863073,0.0,0.0,0.0,0.0,4.471603572291017,0.0,0.0,0.0,0.0,0.0,0.0,0.0,0.0,0.9000007582776653,0.0,1.344580965143704,2.227021848869648,58209.0,0,0,0,49,UTAH
2959,490740,27.0,86.85616231401417,0.31085877248854193,0.0,0.0,0.0,0.0,2.4692885360741954,0.0,0.0,0.0,0.0,0.0,0.0,0.0,0.0,0.0,0.0,0.9675952176123256,1.5016933184618697,58209.0,0,0,0,49,UTAH
2996,490777,206.75,497.3606146862372,0.4156943551520046,2427.5,324.5,34.0,2069.0,2555.665846031531,190.0,134.5,31.5,2.5,262.25,703.75,184.75,918.25,0.0,0.0,114.90146031528788,13.26438571624325,48358.0,0,0,0,49,UTAH
3017,490798,343.75,950.6554738834252,0.36159261629850203,75.75,0.25,66.0,9.5,196.7804252597839,0.0,0.25,66.0,0.0,0.75,1.25,0.25,7.25,0.0,0.0,98.7556274474753,22.27479781230857,56681.0,0,0,0,49,UTAH
3024,490805,1.0,3.680526576145269,0.2717002524805381,4376.5,905.75,128.25,3342.5,4536.245720933351,657.0,248.75,125.5,2.75,298.0,232.75,421.75,2390.0,0.0,0.0,159.74572093335047,0.0,56681.0,0,0,0,49,UTAH
3038,490819,22.0,56.846845489888494,0.38700476359612956,591.0,69.25,294.0,227.75,614.3306068510434,46.75,22.5,292.5,1.5,27.25,48.25,54.5,97.75,0.0,0.0,22.3295293305998,1.0010775204436193,129892.0,0,0,0,49,UTAH
3083,490864,35.5,113.8993902573552,0.31167857808358673,111.5,9.0,65.0,37.5,119.10766352812836,9.0,0.0,24.0,41.0,5.5,7.0,2.0,23.0,0.0,0.0,5.355200588232008,2.252462939896364,69079.0,0,0,0,49,UTAH
3077,490858,347.5,1076.1588652643,0.32290771485179887,327.25,7.0,8.0,312.25,374.1521612478266,1.0,6.0,6.0,2.0,273.0,23.5,9.5,6.25,0.0,0.0,24.62813388562714,22.274027362199444,102613.0,0,0,0,49,UTAH
3088,490869,360.0,1230.7258285675437,0.29251031516825177,0.0,0.0,0.0,0.0,36.16638111221687,0.0,0.0,0.0,0.0,0.0,0.0,0.0,0.0,0.0,0.0,13.14159814201362,23.024782970203248,114395.0,0,0,0,49,UTAH
3087,490868,200.75,626.9549127706587,0.32019846389406115,0.0,0.0,0.0,0.0,20.34221490108276,0.0,0.0,0.0,0.0,0.0,0.0,0.0,0.0,0.0,0.0,7.328207135315707,13.014007765767053,71157.0,0,0,0,49,UTAH
3101,490882,220.25,698.9474567237252,0.31511667705668295,40.75,3.0,5.5,32.25,64.7913643975502,3.0,0.0,1.0,4.5,11.25,2.0,1.0,18.0,0.0,0.0,10.026279111339528,14.015085286210672,90129.0,0,0,0,49,UTAH
3220,491001,349.0,1323.596307968931,0.2636755617243624,0.0,0.0,0.0,0.0,49.52514474260954,0.0,0.0,0.0,0.0,0.0,0.0,0.0,0.0,0.0,0.0,27.000865519437355,22.524279223172183,78865.0,0,0,0,49,UTAH
3226,491007,239.0,807.4955260148715,0.2959768720695034,68.0,0.0,0.0,68.0,94.22140298742532,0.0,0.0,0.0,0.0,0.0,68.0,0.0,0.0,0.0,0.0,11.205240180771016,15.01616280665429,78783.0,432,0,0,49,UTAH
3251,491032,18.0,59.10140750089412,0.30456127461478283,0.0,0.0,0.0,0.0,1.6580622867428971,0.0,0.0,0.0,0.0,0.0,0.0,0.0,0.0,0.0,0.0,0.6569847662992777,1.0010775204436193,69330.0,0,0,0,49,UTAH
3269,491050,1.5185564526905444,2.8754000956285077,0.528120053622874,0.0,0.0,0.0,0.0,3.1271758368965696,0.0,0.0,0.0,0.0,0.0,0.0,0.0,0.0,3.071749811553061,0.0,0.05542602534350866,0.0,69330.0,0,0,0,49,UTAH
3153,490934,0.0,0.0,0.0,2969.3415800750104,335.00648316343506,265.30714774017,2369.0279491714055,3077.704030602235,284.7929834499,50.21349971353501,222.33838181615005,42.968765924020005,83.689166189225,1411.4739969227503,120.41247194987002,753.4523141095601,0.0,0.0,108.36245052722434,0.0,51304.0,0,0,0,49,UTAH
3162,490943,3.5,7.296442956814306,0.4796857894614628,0.0,0.0,0.0,0.0,0.1279017071576606,0.0,0.0,0.0,0.0,0.0,0.0,0.0,0.0,0.0,0.0,0.1279017071576606,0.0,51304.0,0,0,0,49,UTAH
3164,490945,0.25,0.25,1.0,1090.0,243.0,410.5,436.5,1129.809570361598,236.75,6.25,354.25,56.25,65.0,43.75,29.25,298.5,0.0,0.0,39.80957036159789,0.0,51304.0,0,0,0,49,UTAH
3355,491136,21.0,54.05982777245831,0.3884585072743943,0.0,0.0,0.0,0.0,1.7675597477927767,0.0,0.0,0.0,0.0,0.0,0.0,0.0,0.0,0.0,0.0,0.7664822273491574,1.0010775204436193,51304.0,0,0,0,49,UTAH
3360,491141,9.5,25.359929116155584,0.37460672529829786,0.0,0.0,0.0,0.0,2.3579632839501445,0.0,0.0,0.0,0.0,0.0,0.0,0.0,0.0,1.0114045500615414,0.0,0.3454812134449838,1.0010775204436193,51304.0,0,0,0,49,UTAH
3362,491143,7.5,17.105238740064113,0.43846216436800745,0.0,0.0,0.0,0.0,0.7755781725835601,0.0,0.0,0.0,0.0,0.0,0.0,0.0,0.0,0.0,0.0,0.2750043991710006,0.5005737734125595,51304.0,0,0,0,49,UTAH
3410,491191,380.0,969.7164671701278,0.3918671208182469,160.25,20.0,63.0,77.25,203.99027922748425,18.75,1.25,3.5,59.5,20.5,10.25,1.5,45.0,0.0,0.0,19.7144187368374,24.025860490646867,56564.0,0,0,0,49,UTAH
3406,491187,0.0,0.0,0.0,102.75,10.25,4.25,88.25,106.49292885632728,9.25,1.0,1.25,3.0,16.5,10.0,1.5,60.25,0.0,0.0,3.742928856327265,0.0,75589.0,0,0,0,49,UTAH
3411,491192,34.0,88.05740427052034,0.38611176745057024,365.0,37.0,219.75,108.25,381.5653173605213,36.75,0.25,29.25,190.5,44.25,5.0,1.0,58.0,0.0,0.0,14.563162319633989,2.002155040887239,56564.0,0,0,0,49,UTAH
3247,491028,141.25000065272675,445.4886199431237,0.31706758451149747,0.0,0.0,0.0,0.0,15.292311970806576,0.0,0.0,0.0,0.0,0.0,0.0,0.0,0.0,1.011404554735317,0.0,5.271279792082747,9.00962762398851,105921.0,0,0,0,49,UTAH
3299,491080,64.0,204.9186119960244,0.31231911721733535,64.0,0.0,0.0,64.0,72.89252960251554,0.0,0.0,0.0,0.0,0.0,64.0,0.0,0.0,0.0,0.0,4.637883635642503,4.254645966873028,104591.0,0,0,0,49,UTAH
3307,491088,207.0,624.0673392014896,0.33169497423925737,48.0,0.0,0.0,48.0,70.51136088711618,0.0,0.0,0.0,0.0,0.0,48.0,0.0,0.0,0.0,0.0,9.247409377077387,13.263951510038796,97392.0,761,0,0,49,UTAH
3313,491094,64.5,227.56686308285848,0.2834331814668252,83.5,12.25,3.25,68.0,93.14609220103114,12.0,0.25,0.75,2.5,5.5,19.0,2.25,41.25,0.0,0.0,5.391586271234729,4.254505929796413,120577.0,0,0,0,49,UTAH
3306,491087,234.5,683.8403865989414,0.34291627782658224,87.5,2.25,0.0,85.25,135.94824987379272,2.25,0.0,0.0,0.0,3.0,69.25,0.25,12.75,1.0114045500615414,0.0,32.16989842802956,15.266946895701604,89915.0,409,126,0,49,UTAH
3305,491086,9.0,24.18965059815652,0.3720599420599273,0.0,0.0,0.0,0.0,2.3409744536548,0.0,0.0,0.0,0.0,0.0,0.0,0.0,0.0,1.0114045500615414,0.0,0.3284923831496388,1.0010775204436193,89915.0,0,0,0,49,UTAH
3437,491218,302.25,876.7771950590346,0.34472840044573594,0.0,0.0,0.0,0.0,30.300501051224657,0.0,0.0,0.0,0.0,0.0,0.0,0.0,0.0,0.0,0.0,11.029832314773952,19.270668736450705,62024.0,0,0,0,49,UTAH
3448,491229,134.0,375.0041452842289,0.35732938338171344,25.0,7.25,0.75,17.0,183.28333299945288,6.5,0.75,0.75,0.0,0.0,2.0,1.75,13.25,0.0,0.0,149.5237750752747,8.759557924178171,79681.0,0,0,0,49,UTAH
3441,491222,189.5,591.5233490514258,0.3203592897962262,0.0,0.0,0.0,0.0,21.31638771899644,0.0,0.0,0.0,0.0,0.0,0.0,0.0,0.0,0.0,0.0,9.052827410047428,12.263560308949012,79681.0,0,0,0,49,UTAH
3454,491235,13.75,36.31152516217969,0.3786676527242466,0.0,0.0,0.0,0.0,1.5025275011710606,0.0,0.0,0.0,0.0,0.0,0.0,0.0,0.0,0.0,0.0,0.5014499807274413,1.0010775204436193,56564.0,0,0,0,49,UTAH
3476,491257,238.5,688.3833087131679,0.34646394963561933,114.5,3.75,13.75,97.0,214.5297659499299,2.0,1.75,9.25,4.5,63.75,28.0,3.25,2.0,0.0,0.0,84.51273525090637,15.51703069902354,47060.0,0,0,0,49,UTAH
3475,491256,238.75,767.2505419548735,0.31117605911582696,130.5,54.0,1.0,75.5,167.2291632915939,12.0,42.0,1.0,0.0,46.75,3.75,13.0,12.0,0.0,0.0,21.46269258593048,15.266470705663416,54114.0,0,0,0,49,UTAH
2776,490558,558.2500006367809,1985.6298679955519,0.2811450460303166,0.0,0.0,0.0,0.0,56.92411034830423,0.0,0.0,0.0,0.0,0.0,0.0,0.0,0.0,0.0,0.0,20.885319571225445,36.03879077707879,97527.0,0,0,0,49,UTAH
3014,490795,222.00000020575925,560.6398579726443,0.3959761280772004,0.0,0.0,0.0,0.0,22.117897424401594,0.0,0.0,0.0,0.0,0.0,0.0,0.0,0.0,0.0,0.0,8.102812125201131,14.015085299200463,57005.0,0,0,0,49,UTAH
2352,490136,0.0,0.0,0.0,0.0,0.0,0.0,0.0,0.0,0.0,0.0,0.0,0.0,0.0,0.0,0.0,0.0,0.0,0.0,0.0,0.0,74211.0,0,0,0,49,UTAH
2509,490291,8.25,25.8904523426081,0.3186502843143809,1938.5,1023.0,19.0,896.5,2013.0357789643883,574.5,448.5,18.75,0.25,54.25,66.0,38.25,738.0,0.0,0.0,74.03521920440643,0.5005597599818681,70166.0,0,0,0,49,UTAH
2508,490290,0.0,0.0,0.0,1307.0,502.5,20.5,784.0,1354.6924874728368,423.0,79.5,20.0,0.5,84.75,83.5,53.0,562.75,0.0,0.0,47.69248747283687,0.0,70166.0,0,0,0,49,UTAH
2504,490286,161.70952314701248,487.9201516592552,0.3314262028266138,241.99999999996112,50.24999999999193,2.2499999999996385,189.49999999996956,267.95896195620725,30.4999999999951,19.749999999996827,0.24999999999995984,1.9999999999996787,0.0,32.9999999999947,45.74999999999265,110.74999999998221,0.23647939370751278,0.0,15.632686533456491,10.089796029082112,102760.0,0,0,0,49,UTAH
2630,490412,0.0,0.0,0.0,4024.0,468.25,108.0,3447.75,4170.824283493752,371.25,97.0,49.75,58.25,1107.75,296.75,644.75,1398.5,0.0,0.0,146.82428349375178,0.0,51324.0,0,0,0,49,UTAH
2646,490428,0.0,0.0,0.0,1661.75,261.75,11.75,1388.25,1722.400319323952,241.5,20.25,11.5,0.25,532.75,51.25,73.25,731.0,0.0,0.0,60.65031932395216,0.0,100955.0,0,0,0,49,UTAH
2639,490421,0.0,0.0,0.0,1296.5,771.75,19.25,505.5,1343.835419331773,344.25,427.5,5.0,14.25,58.5,81.75,88.0,277.25,0.0,0.0,47.33541933177291,0.0,109972.0,488,57,0,49,UTAH
2640,490422,0.0,0.0,0.0,2808.5,260.5,39.25,2508.75,2910.9613679466624,215.75,44.75,23.25,16.0,1475.75,166.25,302.75,564.0,0.0,0.0,102.46136794666248,0.0,109972.0,0,0,0,49,UTAH
2717,490499,150.0,396.83448248984416,0.3779913455576251,761.0,22.75,68.75,669.5,807.7546106911151,19.75,3.0,16.0,52.75,395.25,135.75,86.5,52.0,0.0,0.0,37.244395246660815,9.510215444454326,104445.0,559,99,0,49,UTAH
2724,490506,222.25,785.8317764564321,0.2828213450494413,0.0,0.0,0.0,0.0,22.12786955645105,0.0,0.0,0.0,0.0,0.0,0.0,0.0,0.0,0.0,0.0,8.112784270240377,14.015085286210672,125256.0,0,0,0,49,UTAH
2718,490500,263.5,700.8713546256513,0.3759605785868369,78.5,0.25,1.5,76.75,107.99886967117249,0.25,0.0,0.0,1.5,24.75,47.75,0.0,4.25,0.0,0.0,12.48055182363095,17.01831784754153,93816.0,639,0,0,49,UTAH
2676,490458,262.75,822.0873005593672,0.31961325740127455,0.0,0.0,0.0,0.0,28.365568156181784,0.0,0.0,0.0,0.0,0.0,0.0,0.0,0.0,0.0,0.0,11.347250308640252,17.01831784754153,82291.0,0,0,0,49,UTAH
2693,490475,619.0,1883.983323054383,0.32855917163664405,737.0,162.25,72.5,502.25,826.5359532122903,52.25,110.0,8.0,64.5,170.5,124.0,116.25,91.5,0.0,0.0,49.49285239454559,40.04310081774478,112636.0,1397,0,0,49,UTAH
2696,490478,228.0,932.3090404351628,0.2445541018175466,1023.0,349.75,58.0,615.25,1083.6770380461649,291.25,58.5,21.5,36.5,338.5,66.75,72.25,137.75,0.0,0.0,45.660875239510425,15.01616280665429,109118.0,0,0,0,49,UTAH
2789,490571,368.25,1125.7027620199988,0.32712898326659506,278.0,1.0,2.5,274.5,327.84170522919084,0.0,1.0,2.25,0.25,131.25,114.0,6.25,23.0,0.0,0.0,26.066054599996647,23.77565062919424,173787.0,626,27,0,49,UTAH
2780,490562,139.75,435.278686412991,0.32105867886994505,3163.5,53.75,18.5,3091.25,3293.0652714336507,36.0,17.75,10.25,8.25,1325.25,182.25,1569.5,14.25,0.0,0.0,120.55557374965784,9.009697683992574,79428.0,0,0,0,49,UTAH
2771,490553,596.25,1941.4249717364944,0.3071197747429241,809.75,20.0,4.25,785.5,899.6033256343931,17.0,3.0,0.0,4.25,86.25,8.0,470.0,221.25,0.0,0.0,51.31175004608655,38.541575588306486,51088.0,0,0,0,49,UTAH
2777,490559,404.5,1234.35144014874,0.3277024572120704,148.0,0.0,0.0,148.0,194.44535616070084,0.0,0.0,0.0,0.0,0.0,148.0,0.0,0.0,0.0,0.0,20.167018716726904,26.278337443973925,79314.0,730,1420,0,49,UTAH
2778,490560,545.25,1730.2668004724887,0.3151248118793628,0.0,0.0,0.0,0.0,56.43972412547076,0.0,0.0,0.0,0.0,0.0,0.0,0.0,0.0,0.0,0.0,21.40201090994408,35.03771321552668,83251.0,0,0,0,49,UTAH
2767,490549,151.5,273.6889547144654,0.5535480968095958,673.0,138.25,64.25,470.5,732.3551300274548,16.25,122.0,5.25,59.0,293.0,46.5,45.0,86.0,0.0,0.0,49.84478851858266,9.510341508872209,52957.0,0,0,0,49,UTAH
2761,490543,0.0,0.0,0.0,843.75,39.5,673.5,130.75,874.5450042176179,38.5,1.0,152.0,521.5,42.25,7.25,7.0,74.25,0.0,0.0,30.795004217617915,0.0,52957.0,0,0,0,49,UTAH
2836,490618,125.75,301.3244135324476,0.41732430016480837,3206.0,260.75,135.75,2809.5,3335.578122177392,203.0,57.75,51.5,84.25,782.5,511.5,552.5,963.0,0.0,0.0,121.56950201384274,8.008620163548954,105921.0,0,0,0,49,UTAH
2926,490708,0.0,0.0,0.0,221.25,46.75,83.0,91.5,229.32552399014585,44.25,2.5,82.5,0.5,10.0,16.0,10.25,55.25,0.0,0.0,8.075523990145857,0.0,48606.0,0,0,0,49,UTAH
2947,490728,241.0,811.9521607189422,0.29681551655285554,62.25,29.0,0.0,33.25,89.33712814125458,10.0,19.0,0.0,0.0,3.0,3.0,3.0,24.25,0.0,0.0,11.069887814156672,16.01724032709791,55528.0,0,0,0,49,UTAH
3009,490790,204.5,432.7780690135085,0.4725285651977361,261.0,73.0,14.25,173.75,304.9734078073424,46.75,26.25,14.0,0.25,11.0,18.0,18.0,126.75,0.0,0.0,30.95921793912106,13.014189868221315,34038.0,0,0,0,49,UTAH
3019,490800,59.75,156.06694530465558,0.38284852621010207,882.25,92.25,254.25,535.75,937.8898244449682,59.75,32.5,124.25,130.0,36.75,61.75,138.0,299.25,0.0,0.0,51.63622870940891,4.003595735559264,56681.0,0,0,0,49,UTAH
3029,490810,511.25,1597.3097108038774,0.32006942457183424,333.5,37.0,16.0,280.5,397.37569649016194,36.0,1.0,8.5,7.5,177.75,11.5,11.25,80.0,0.0,0.0,30.840138315522516,33.03555817463944,78781.0,0,0,0,49,UTAH
3030,490811,534.500003196684,1348.4862475886587,0.3963703776382357,0.0,0.0,0.0,0.0,53.544535669528045,0.0,0.0,0.0,0.0,0.0,0.0,0.0,0.0,0.0,0.0,19.507899770882087,34.03663589864596,77600.0,0,0,0,49,UTAH
3031,490812,165.75,518.0138719795418,0.3199721261645017,238.0,43.25,20.25,174.5,267.2554658966961,31.75,11.5,18.0,2.25,49.5,25.0,17.5,82.5,0.0,0.0,18.243613171816257,11.011852724879812,78781.0,0,0,0,49,UTAH
3053,490834,464.25,1584.2633713234618,0.2930383977836809,0.0,0.0,0.0,0.0,47.2278516564009,0.0,0.0,0.0,0.0,0.0,0.0,0.0,0.0,0.0,0.0,17.195526043092322,30.032325613308583,77159.0,0,0,0,49,UTAH
3052,490833,399.75,1133.984164521435,0.3525181501707326,695.75,113.75,116.75,465.25,761.7492617119365,83.25,30.5,7.5,109.25,41.5,98.25,136.0,189.5,0.0,0.0,39.97124618040232,26.028015531534106,62782.0,0,0,0,49,UTAH
3098,490879,25.000167916906832,99.16172928642462,0.25211508610035294,59.00046948245396,5.750044157430278,9.000241520725298,44.25018380429838,64.06407335034159,5.500043450786189,0.25000070664408963,3.7501512021866166,5.250090318538681,14.000033975248668,6.000020070082527,1.7500142512326913,22.500115507734492,0.0,0.0,3.061439072672317,2.002164795215304,61179.0,0,0,0,49,UTAH
3218,490999,449.25,1569.2640319289442,0.2862806964662158,0.0,0.0,0.0,0.0,45.92643819291468,0.0,0.0,0.0,0.0,0.0,0.0,0.0,0.0,0.0,0.0,16.895190100049717,29.031248092864963,98650.0,0,0,0,49,UTAH
3217,490998,189.5,612.3530959426214,0.3094619775022032,0.0,0.0,0.0,0.0,18.92972795607864,0.0,0.0,0.0,0.0,0.0,0.0,0.0,0.0,0.0,0.0,6.916797710755205,12.012930245323432,106471.0,0,0,0,49,UTAH
3159,490940,8.0,19.61561516329617,0.4078383437583558,0.0,0.0,0.0,0.0,1.293070749909965,0.0,0.0,0.0,0.0,0.0,0.0,0.0,0.0,0.0,0.0,0.2919932294663456,1.0010775204436193,51304.0,0,0,0,49,UTAH
3142,490923,5.0,11.030393971904356,0.45329296602964114,0.0,0.0,0.0,0.0,1.1939003184780077,0.0,0.0,0.0,0.0,0.0,0.0,0.0,0.0,1.0114045500615414,0.0,0.182495768416466,0.0,51304.0,0,0,0,49,UTAH
3325,491106,7.0,18.61561516329617,0.3760284008127587,0.0,0.0,0.0,0.0,1.2668986258445938,0.0,0.0,0.0,0.0,0.0,0.0,0.0,0.0,1.0114045500615414,0.0,0.2554940757830524,0.0,51304.0,0,0,0,49,UTAH
3428,491209,277.25,746.3145122894528,0.37149217311812177,32.5,6.75,8.5,17.25,67.5291079934812,5.75,1.0,1.25,7.25,0.0,3.25,2.0,12.0,0.0,0.0,17.00983878085704,18.019269212624163,56564.0,0,0,0,49,UTAH
3278,491059,141.25,430.5235846275185,0.3280888783879448,253.0,58.0,17.5,177.5,276.3994261783309,28.5,29.5,6.5,11.0,69.75,21.75,8.75,77.25,0.0,0.0,14.389728494338335,9.009697683992574,75108.0,0,0,0,49,UTAH
3263,491044,69.91321451014647,221.15885672005206,0.3161221555718396,156.93285384724368,40.6091650239787,6.2475638498428765,110.07612497342211,186.77859764956696,20.52770979234088,20.08145523163782,1.9337697630466046,4.313794086796272,7.140072971249001,14.726400503201067,4.313794086796272,83.89585741217577,0.0,0.0,25.22944249416846,4.616301308154816,69330.0,0,0,0,49,UTAH
3298,491079,239.75,798.1922527518789,0.30036623278843977,55.0,0.0,0.0,55.0,95.52559449447104,0.0,0.0,0.0,0.0,0.0,50.0,0.0,5.0,0.0,0.0,25.25910977537693,15.266484719094109,104591.0,731,0,0,49,UTAH
3312,491093,184.0,617.3607772380838,0.2980429058405193,33.25,7.5,0.75,25.0,54.538973187185455,6.75,0.75,0.75,0.0,0.0,2.75,2.5,19.75,0.0,0.0,9.276098954812833,12.012874232372626,83722.0,0,0,0,49,UTAH
3319,491100,326.25,1167.7112917501363,0.2793926909030953,0.0,0.0,0.0,0.0,32.92731604904049,0.0,0.0,0.0,0.0,0.0,0.0,0.0,0.0,0.0,0.0,11.904688119724486,21.022627929316005,120577.0,0,0,0,49,UTAH
3314,491095,263.0,938.044706018349,0.2803704325738772,0.0,0.0,0.0,0.0,26.61643577046247,0.0,0.0,0.0,0.0,0.0,0.0,0.0,0.0,0.0,0.0,9.598117922920938,17.01831784754153,120078.0,0,0,0,49,UTAH
3445,491226,234.35815692565137,776.2987831158846,0.30189169688633505,9.608194861347547,1.1529833833617058,1.2810926481796732,7.174118829806169,38.248261994961304,1.0248741185437384,0.1281092648179673,0.1281092648179673,1.1529833833617058,0.8967648537257711,1.2810926481796732,0.1281092648179673,4.868152063082758,0.0,0.0,13.600115419016124,15.039951714597631,83427.0,0,0,0,49,UTAH
3429,491210,28.5,62.006598200036585,0.4596285045029802,1526.0,643.0,21.5,861.5,1584.7283733319418,450.25,192.75,17.5,4.0,721.0,42.75,54.5,43.25,0.0,0.0,56.726218291054735,2.002155040887239,64873.0,0,0,0,49,UTAH
2270,490054,0.0,0.0,0.0,0.0,0.0,0.0,0.0,0.0,0.0,0.0,0.0,0.0,0.0,0.0,0.0,0.0,0.0,0.0,0.0,0.0,66402.0,0,0,0,49,UTAH
2255,490039,0.0,0.0,0.0,0.0,0.0,0.0,0.0,7.079831850430789,0.0,0.0,0.0,0.0,0.0,0.0,0.0,0.0,7.079831850430789,0.0,0.0,0.0,81720.0,0,0,0,49,UTAH
2276,490060,0.0,0.0,0.0,0.0,0.0,0.0,0.0,4.045618200246166,0.0,0.0,0.0,0.0,0.0,0.0,0.0,0.0,4.045618200246166,0.0,0.0,0.0,81720.0,0,0,0,49,UTAH
2324,490108,0.0,0.0,0.0,0.0,0.0,0.0,0.0,1.0114045500615414,0.0,0.0,0.0,0.0,0.0,0.0,0.0,0.0,1.0114045500615414,0.0,0.0,0.0,81720.0,0,0,0,49,UTAH
3344,491125,19.0,69.03649608804501,0.2752167487725411,107.25,17.0,4.25,86.0,112.8573503193219,16.25,0.75,1.5,2.75,6.75,21.5,3.0,54.75,0.0,0.0,4.6062727988782814,1.0010775204436193,76841.0,0,0,0,49,UTAH
3358,491139,18.0,65.35596951189974,0.2754147805384883,0.0,0.0,0.0,0.0,1.6580622867428971,0.0,0.0,0.0,0.0,0.0,0.0,0.0,0.0,0.0,0.0,0.6569847662992777,1.0010775204436193,76841.0,0,0,0,49,UTAH
3494,491275,184.00000076308785,651.7514552986318,0.2823162100632046,0.0,0.0,0.0,0.0,18.728774600721664,0.0,0.0,0.0,0.0,0.0,0.0,0.0,0.0,0.0,0.0,6.715844305578011,12.012930295143654,67754.0,0,0,0,49,UTAH
2422,490204,0.0,0.0,0.0,0.0,0.0,0.0,0.0,48.54741838047921,0.0,0.0,0.0,0.0,0.0,0.0,0.0,0.0,48.54741838047921,0.0,0.0,0.0,81720.0,0,0,0,49,UTAH
3503,491284,15.999999985065742,60.67523387033316,0.26369902453542676,83.99999992159515,0.0,0.9999999990666089,82.99999992252853,773.3718725585779,0.0,0.0,0.9999999990666089,0.0,68.99999993559601,13.999999986932524,0.0,0.0,684.7208797525511,0.0,3.649915364922522,1.0010775195092225,81240.0,0,0,0,49,UTAH
3504,491285,0.9999999996368821,1.8935088580275228,0.528120053622874,0.0,0.0,0.0,0.0,67.80060398318696,0.0,0.0,0.0,0.0,0.0,0.0,0.0,0.0,67.76410482951692,0.0,0.03649915367003961,0.0,74530.0,0,0,0,49,UTAH
3513,491294,13.75,49.71423868660779,0.27658072140414824,0.0,0.0,0.0,0.0,13.640107615984112,0.0,0.0,0.0,0.0,0.0,0.0,0.0,0.0,12.136854600738497,0.0,0.5021754948019954,1.0010775204436193,67754.0,0,0,0,49,UTAH
2426,490208,0.25,0.47337219126456,0.5281256580200738,0.0,0.0,0.0,0.0,0.0102814910815536,0.0,0.0,0.0,0.0,0.0,0.0,0.0,0.0,0.0,0.0,0.0102814910815536,0.0,91516.0,0,0,0,49,UTAH
3557,491343,0.0,0.0,0.0,0.0,0.0,0.0,0.0,0.0,0.0,0.0,0.0,0.0,0.0,0.0,0.0,0.0,0.0,0.0,0.0,0.0,74530.0,0,0,0,49,UTAH
2654,490436,1677.749996758639,5238.135605453301,0.32029525829991357,0.0,0.0,0.0,0.0,1297.8274880055326,0.0,0.0,0.0,0.0,0.0,0.0,0.0,0.0,0.0,0.0,1189.4613967221694,108.36609128336312,109972.0,0,0,0,49,UTAH
2719,490501,1172.9999998181368,3939.067133278231,0.29778624230806766,0.0,0.0,0.0,0.0,127.87471315824412,0.0,0.0,0.0,0.0,0.0,0.0,0.0,0.0,0.0,0.0,52.54359123764295,75.33112192060116,144254.0,0,0,0,49,UTAH
3347,491128,16.0,41.9117569027376,0.38175445704007005,109.75,18.0,2.0,89.75,115.33907071639248,17.0,1.0,2.0,0.0,6.5,19.0,6.0,58.25,0.0,0.0,4.587993195948853,1.0010775204436193,51304.0,0,0,0,49,UTAH
3321,491102,6.0,22.307368609162808,0.26896942015543174,0.0,0.0,0.0,0.0,0.2189949220997592,0.0,0.0,0.0,0.0,0.0,0.0,0.0,0.0,0.0,0.0,0.2189949220997592,0.0,76841.0,0,0,0,49,UTAH
2242,490026,1.3026431001884526,4.794412549475864,0.2717002524805381,6.838876275989376,0.0,0.0,6.838876275989376,8.453634740979046,0.0,0.0,0.0,0.0,6.024724338371594,0.8141519376177829,0.0,0.0,1.3174991586368734,0.0,0.29725930635279463,0.0,66402.0,0,0,0,49,UTAH
3356,491137,7.0,23.976668315586704,0.2919504873598078,0.0,0.0,0.0,0.0,2.278303175906135,0.0,0.0,0.0,0.0,0.0,0.0,0.0,0.0,2.022809100123083,0.0,0.2554940757830524,0.0,76841.0,0,0,0,49,UTAH
3507,491288,24.0,91.90613348787991,0.26113599918948815,100.0,1.0,2.0,97.0,178.33777315198503,0.0,1.0,1.0,1.0,80.0,13.0,0.0,4.0,71.80972305436944,0.0,4.525895056728357,2.002155040887239,68506.0,0,0,0,49,UTAH
2428,490210,0.0,0.0,0.0,42.0,0.0,2.0,40.0,43.53296445469832,0.0,0.0,2.0,0.0,39.0,1.0,0.0,0.0,0.0,0.0,1.5329644546983143,0.0,91516.0,0,0,0,49,UTAH
2575,490357,69.5,266.0715706993307,0.26120791416132616,49.0,0.0,0.0,49.0,58.087014627219126,0.0,0.0,0.0,0.0,0.0,49.0,0.0,0.0,0.0,0.0,4.832452684471904,4.2545619427472205,96089.0,1041,0,0,49,UTAH
2593,490375,277.75,1134.176349683422,0.2448913699157342,45.0,0.0,45.0,0.0,74.80463866308992,0.0,0.0,44.0,1.0,0.0,0.0,0.0,0.0,0.0,0.0,11.78524329510477,18.019395367985148,95907.0,0,0,0,49,UTAH
2534,490316,362.25,1138.2343323704415,0.3182560828626497,0.0,0.0,0.0,0.0,36.42718712186835,0.0,0.0,0.0,0.0,0.0,0.0,0.0,0.0,0.0,0.0,13.151928163632403,23.275258958235945,85040.0,0,0,0,49,UTAH
2697,490479,433.75,1588.1611586537442,0.27311460026366724,0.0,0.0,0.0,0.0,43.86052177988904,0.0,0.0,0.0,0.0,0.0,0.0,0.0,0.0,0.0,0.0,15.830351207467698,28.030170572421344,87378.0,0,0,0,49,UTAH
2745,490527,183.75,588.2852238587445,0.31234848768549206,624.0,59.25,45.5,519.25,672.9884879624469,43.25,16.0,2.0,43.5,82.5,89.0,94.75,253.0,0.0,0.0,36.97555771712353,12.012930245323432,84179.0,0,0,0,49,UTAH
2734,490516,185.5,442.3844013005362,0.4193185823339634,0.0,0.0,0.0,0.0,18.784421243083347,0.0,0.0,0.0,0.0,0.0,0.0,0.0,0.0,0.0,0.0,6.771490997759914,12.012930245323432,69037.0,0,0,0,49,UTAH
2799,490581,0.0,0.0,0.0,0.0,0.0,0.0,0.0,0.0,0.0,0.0,0.0,0.0,0.0,0.0,0.0,0.0,0.0,0.0,0.0,0.0,76529.0,0,0,0,49,UTAH
2804,490586,630.0,1886.0498540597068,0.33403146721913535,34.0,0.0,0.0,34.0,99.27997914093235,0.0,0.0,0.0,0.0,0.0,34.0,0.0,0.0,0.0,0.0,24.235800802743967,41.0441783381884,76529.0,0,0,0,49,UTAH
2868,490650,393.0,1101.1062465865705,0.35691378667435597,222.75,0.0,0.25,222.5,270.2501351889175,0.0,0.0,0.0,0.25,96.0,101.0,0.5,25.0,0.0,0.0,22.47319717782706,25.02693801109049,64873.0,0,0,1299,49,UTAH
2860,490642,0.0,0.0,0.0,3381.75,31.75,233.5,3116.5,3505.188128453,26.25,5.5,9.75,223.75,1786.0,50.75,148.5,1131.25,0.0,0.0,123.43812845300008,0.0,67334.0,0,0,0,49,UTAH
3005,490786,220.75,551.5712062409508,0.40022031154317833,0.0,0.0,0.0,0.0,22.3141695174005,0.0,0.0,0.0,0.0,0.0,0.0,0.0,0.0,0.0,0.0,8.048776332180704,14.265393185219796,74472.0,0,0,0,49,UTAH
2955,490736,6.0,14.041579728435806,0.42730234888381635,381.5,22.0,285.0,74.5,395.6447896358324,21.75,0.25,35.25,249.75,19.75,7.25,5.25,42.25,0.0,0.0,14.144789635832437,0.0,58209.0,0,0,0,49,UTAH
3042,490823,138.25,386.19390465701736,0.35798079237625774,168.25,162.5,0.5,5.25,188.4280126106867,110.5,52.0,0.0,0.5,0.0,0.25,0.0,5.0,0.0,0.0,11.168132824239851,9.009879786446838,78079.0,0,0,0,49,UTAH
3047,490828,136.0,384.6207438899495,0.3535950729659899,198.75,52.5,15.75,130.5,221.2445924669948,7.5,45.0,0.25,15.5,18.5,9.25,49.25,53.5,0.0,0.0,13.48489478300216,9.009697683992574,62782.0,0,0,0,49,UTAH
3079,490860,472.5,1156.034763018734,0.4087247331266827,343.5,37.25,124.5,181.75,403.3089741153559,36.25,1.0,104.0,20.5,95.75,8.5,3.5,74.0,0.0,0.0,29.77664850204736,30.032325613308583,55124.0,0,0,0,49,UTAH
3090,490871,178.25,567.3740833433624,0.31416662345524693,61.0,2.0,10.5,48.5,80.99243420562823,2.0,0.0,1.0,9.5,14.75,11.5,1.0,21.25,0.0,0.0,8.730385632726481,11.262048572901747,87864.0,0,0,0,49,UTAH
3129,490910,171.41073857877163,539.5314574839335,0.31770295540900134,0.0,0.0,0.0,0.0,94.87374997796222,0.0,0.0,0.0,0.0,0.0,0.0,0.0,0.0,0.2094091660653303,0.0,83.61035002619342,11.053990785703473,103707.0,0,0,0,49,UTAH
3231,491012,135.74999906960855,486.45105254633694,0.27906199063404774,2.2499999845791474,0.0,1.7499999880060035,0.49999999657314387,16.293369385786487,0.0,0.0,0.7499999948597158,0.9999999931462877,0.0,0.0,0.0,0.49999999657314387,0.0,0.0,5.033671778964639,9.009697622242697,98673.0,0,0,0,49,UTAH
3235,491016,28.5,86.81462482012654,0.32828570139017343,0.0,0.0,0.0,0.0,2.778772012783605,0.0,0.0,0.0,0.0,0.0,0.0,0.0,0.0,0.0,0.0,1.0269808838562993,1.7517911289273056,105921.0,0,0,0,49,UTAH
3363,491144,48.0,146.02522603619786,0.32871032836546604,0.0,0.0,0.0,0.0,5.900119445025938,0.0,0.0,0.0,0.0,0.0,0.0,0.0,0.0,1.0114045500615414,0.0,1.6350203339459588,3.253694561018438,51304.0,0,0,0,49,UTAH
3334,491115,15.0,55.20789864217903,0.2717002524805381,14.0,0.0,0.0,14.0,22.12798027762837,0.0,0.0,0.0,0.0,12.0,2.0,0.0,0.0,6.068427300369248,0.0,1.058475456815503,1.0010775204436193,76841.0,0,0,0,49,UTAH
3412,491193,63.0,161.2857990289918,0.39061095508275645,0.0,0.0,0.0,0.0,7.3151613138834914,0.0,0.0,0.0,0.0,0.0,0.0,0.0,0.0,1.0114045500615414,0.0,2.2994466820474724,4.004310081774477,60977.0,0,0,0,49,UTAH
3447,491228,116.0,336.4423964643623,0.34478413309092965,4.0,1.5,1.0,1.5,216.9199787766344,1.25,0.25,0.0,1.0,0.0,0.5,0.25,0.75,0.0,0.0,205.4111199870399,7.508858789594492,56564.0,0,0,0,49,UTAH
3498,491279,1818.25,5301.724146822829,0.3429544709695288,81.75,0.0,4.5,77.25,559.390068053889,0.0,0.0,1.25,3.25,24.0,53.0,0.0,0.25,0.0,0.0,360.26541420638955,117.37465384749945,78125.0,516,0,0,49,UTAH
3496,491277,21.0,63.8884252183243,0.32869803768424766,693.5,3.5,31.75,658.25,720.582089650983,0.25,3.25,9.75,22.0,572.25,76.25,9.5,0.25,0.0,0.0,26.081012130539467,1.0010775204436193,52410.0,0,0,0,49,UTAH
3488,491269,367.5,1201.313449622703,0.3059151632035926,0.0,0.0,0.0,0.0,37.31453008252159,0.0,0.0,0.0,0.0,0.0,0.0,0.0,0.0,0.0,0.0,13.291022618721756,24.02350746379983,67754.0,0,0,0,49,UTAH
3480,491261,309.0,911.847734404632,0.33887236688892336,0.0,0.0,0.0,0.0,30.64668943836447,0.0,0.0,0.0,0.0,0.0,0.0,0.0,0.0,0.0,0.0,10.623584235047009,20.02310520331746,67754.0,0,0,0,49,UTAH
3458,491239,5.0,17.95534872373034,0.2784685542415474,0.0,0.0,0.0,0.0,3.21670941860109,0.0,0.0,0.0,0.0,0.0,0.0,0.0,0.0,3.034213650184624,0.0,0.182495768416466,0.0,74530.0,0,0,0,49,UTAH
3462,491243,52.0,202.11018337461317,0.25728540309924663,0.0,0.0,0.0,0.0,4.901188552862106,0.0,0.0,0.0,0.0,0.0,0.0,0.0,0.0,0.0,0.0,1.897955991531247,3.0032325613308584,74530.0,0,0,0,49,UTAH
3463,491244,51.0,199.9929044007152,0.255009047210065,108.0,1.0,2.25,104.75,117.81800254703604,0.0,1.0,2.0,0.25,92.5,11.25,1.0,0.0,1.0114045500615414,0.0,5.80336543564362,3.0032325613308584,74530.0,0,0,0,49,UTAH
3036,490817,0.0,0.0,0.0,984.25,68.5,108.25,807.5,1020.155205546028,47.75,20.75,106.25,2.0,188.0,399.5,67.5,152.5,0.0,0.0,35.9052055460279,0.0,56681.0,0,0,0,49,UTAH
3327,491108,11.5,39.86973476318225,0.28843934047486286,0.0,0.0,0.0,0.0,4.453770691439814,0.0,0.0,0.0,0.0,0.0,0.0,0.0,0.0,3.034213650184624,0.0,0.4184795208115702,1.0010775204436193,76841.0,0,0,0,49,UTAH
2447,490229,88.91780030457235,295.65602062318874,0.3007474703784145,0.0,0.0,0.0,0.0,8.75380863557957,0.0,0.0,0.0,0.0,0.0,0.0,0.0,0.0,0.0,0.0,3.0513863336904974,5.702422301889073,106764.0,0,0,0,49,UTAH
2443,490225,424.3322027330155,1299.6824858062605,0.3264891289735125,0.0,0.0,0.0,0.0,42.16729765678479,0.0,0.0,0.0,0.0,0.0,0.0,0.0,0.0,0.0,0.0,14.831135656627467,27.336162000157323,106764.0,0,0,0,49,UTAH
2305,490089,764.5596446387004,2467.9027463675716,0.3098013670773825,0.0,0.0,0.0,0.0,77.73899683527469,0.0,0.0,0.0,0.0,0.0,0.0,0.0,0.0,0.0,0.0,28.686198879902793,49.0527979553719,66402.0,0,0,0,49,UTAH
2682,490464,363.75,1255.6967518686229,0.2896798127881574,210.5,0.5,0.0,210.0,259.4738213474552,0.25,0.25,0.0,0.0,0.0,208.0,1.0,1.0,0.0,0.0,25.69884252923005,23.274978818225183,93584.0,745,1983,0,49,UTAH
2680,490462,208.5,757.3416421125247,0.27530507819220296,0.0,0.0,0.0,0.0,21.6303857494414,0.0,0.0,0.0,0.0,0.0,0.0,0.0,0.0,0.0,0.0,8.115734158794712,13.514651590646686,116706.0,0,0,0,49,UTAH
3156,490937,19.0,48.48579233759796,0.391867371532394,0.0,0.0,0.0,0.0,1.6945614404261902,0.0,0.0,0.0,0.0,0.0,0.0,0.0,0.0,0.0,0.0,0.6934839199825709,1.0010775204436193,51304.0,0,0,0,49,UTAH
2673,490455,389.25,1485.8057395553185,0.26197906606317006,2141.5,943.5,49.75,1148.25,2259.118390099563,677.75,265.75,35.0,14.75,238.0,90.25,195.0,625.0,0.0,0.0,92.34114418946322,25.27724591009961,105595.0,0,0,0,49,UTAH
2674,490456,550.75,1877.1644649951843,0.2933946440337144,10.75,0.0,3.0,7.75,69.03887074710067,0.0,0.0,3.0,0.0,7.75,0.0,0.0,0.0,0.0,0.0,23.00090567060125,35.287965076499425,99835.0,0,0,0,49,UTAH
2423,490205,0.0,0.0,0.0,0.0,0.0,0.0,0.0,51.58163199615891,0.0,0.0,0.0,0.0,0.0,0.0,0.0,0.0,51.58163199615891,0.0,0.0,0.0,91516.0,0,0,0,49,UTAH
3460,491241,188.0,735.0500314561822,0.2557649030060712,0.0,0.0,0.0,0.0,22.92038933802872,0.0,0.0,0.0,0.0,0.0,0.0,0.0,0.0,4.045618200246166,0.0,6.8618408924591225,12.012930245323432,74530.0,0,0,0,49,UTAH
2425,490207,0.0,0.0,0.0,0.0,0.0,0.0,0.0,0.0,0.0,0.0,0.0,0.0,0.0,0.0,0.0,0.0,0.0,0.0,0.0,0.0,91516.0,0,0,0,49,UTAH
2439,490221,617.25,1834.7211548186328,0.33642714500722964,251.5,24.5,18.5,208.5,799.5679048130685,7.0,17.5,0.25,18.25,151.25,19.5,14.5,23.25,0.0,0.0,508.2738794683008,39.79402534476768,91516.0,0,0,0,49,UTAH
2500,490282,0.0,0.0,0.0,632.749996553493,74.49999959420818,198.74999891743457,359.49999804185023,1174.2812011832652,60.24999967182608,14.249999922382102,2.99999998365939,195.74999893377517,14.999999918296949,35.74999980527439,47.49999974127367,261.2499985770052,0.0,0.0,541.5312046297723,0.0,102760.0,0,0,0,49,UTAH
2721,490503,442.0,1738.9281790218258,0.254179560336202,0.0,0.0,0.0,0.0,44.663004922366426,0.0,0.0,0.0,0.0,0.0,0.0,0.0,0.0,0.0,0.0,16.132316589483327,28.53068833288309,149585.0,0,0,0,49,UTAH
2723,490505,344.5,1041.2122339806433,0.3308643413484944,326.5,0.0,64.5,262.0,373.0127881737264,0.0,0.0,61.0,3.5,215.0,13.75,0.0,33.25,0.0,0.0,24.48908272396669,22.023705449759625,87510.0,0,0,0,49,UTAH
2716,490498,367.0,1200.864451059695,0.30561317697109214,144.5,0.25,4.0,140.25,187.1925014372926,0.25,0.0,0.0,4.0,106.5,16.75,4.75,12.25,0.0,0.0,18.66664094664573,24.025860490646867,149909.0,0,0,0,49,UTAH
2869,490651,347.0,959.9470770785516,0.36147826092250845,27.0,1.25,0.25,25.5,80.52982414780882,1.0,0.25,0.25,0.0,5.75,2.25,2.25,15.25,0.0,17.85507246346027,13.651046234588936,22.023705449759625,74224.0,0,0,0,49,UTAH
3118,490899,246.5,759.152014097579,0.32470440099275777,0.0,0.0,0.0,0.0,51.79925722212002,0.0,0.0,0.0,0.0,0.0,0.0,0.0,0.0,0.0,26.782608688263867,8.999408206758243,16.01724032709791,103707.0,0,0,0,49,UTAH
3114,490895,261.25,903.0129417574864,0.28930925341063546,0.0,0.0,0.0,0.0,27.05130429809485,0.0,0.0,0.0,0.0,0.0,0.0,0.0,0.0,0.0,0.0,10.032986450553318,17.01831784754153,110400.0,0,0,0,49,UTAH
3333,491114,56.0,217.50254056946605,0.25746825693796754,0.0,0.0,0.0,0.0,19.196521838838933,0.0,0.0,0.0,0.0,0.0,0.0,0.0,0.0,13.148259150800037,0.0,2.0439526062644195,4.004310081774477,74530.0,0,0,0,49,UTAH
3434,491215,326.75,925.8517249586662,0.3529182818281053,11.0,2.25,1.25,7.5,78.61639438998368,1.75,0.5,1.25,0.0,0.0,0.75,1.0,5.75,0.0,0.0,46.844746621715984,20.771647768267695,56564.0,0,0,0,49,UTAH
3439,491220,198.5,677.5167077984236,0.29298170468005375,37.5,8.75,10.0,18.75,60.00539578106892,6.5,2.25,0.25,9.75,0.0,4.0,2.25,12.5,1.0114045500615414,0.0,8.72984341744362,12.764147813563758,56564.0,0,0,0,49,UTAH
3315,491096,4278.5,14437.60950834258,0.29634407257847817,53.75,7.25,21.75,24.75,1717.966159096286,6.0,1.25,1.0,20.75,0.0,5.0,4.0,15.75,3.792579302353135,0.0,1384.3514312667935,276.0721485271392,120577.0,0,0,0,49,UTAH
3300,491081,107.00000010925577,337.19428182393256,0.317324479912522,0.0,0.0,0.0,0.0,36.223147757919115,0.0,0.0,0.0,0.0,0.0,0.0,0.0,0.0,0.0,0.0,29.465226678169486,6.757921079749624,120577.0,0,0,0,49,UTAH
3320,491101,438.75,1233.9510404566258,0.35556516070332883,0.0,0.0,0.0,0.0,45.74065563224435,0.0,0.0,0.0,0.0,0.0,0.0,0.0,0.0,0.0,0.0,17.20981322376837,28.530842408475976,109773.0,0,0,0,49,UTAH
3499,491280,462.25,1344.1842942127855,0.3438888566025943,92.5,1.25,0.75,90.5,259.31451272036566,0.0,1.25,0.75,0.0,80.25,6.25,4.0,0.0,0.0,0.0,137.0330272999983,29.78148542036736,52410.0,0,0,0,49,UTAH
3493,491274,329.25,1125.058410702301,0.2926514720195466,0.0,0.0,0.0,0.0,33.32867185006343,0.0,0.0,0.0,0.0,0.0,0.0,0.0,0.0,0.0,0.0,11.804965895950527,21.5237059541129,67754.0,0,0,0,49,UTAH
3491,491272,619.749993025272,1884.7475562015984,0.3288238740440535,0.0,0.0,0.0,0.0,60.755476821972884,0.0,0.0,0.0,0.0,0.0,0.0,0.0,0.0,0.0,0.0,20.95852431010831,39.796952511864575,67754.0,0,0,0,49,UTAH
3487,491268,2496.9999537755975,7316.739943437785,0.34127220224836596,0.0,0.0,0.0,0.0,248.4456839718677,0.0,0.0,0.0,0.0,0.0,0.0,0.0,0.0,0.0,0.0,87.50742878936907,160.93825518249866,67754.0,0,0,0,49,UTAH
2505,490287,339.83510098466047,1238.141899414779,0.27447185265702356,119.74999999992505,23.749999999985135,2.9999999999981224,92.99999999994179,268.08694781448776,18.249999999988578,5.499999999996558,2.9999999999981224,0.0,7.74999999999515,12.74999999999202,3.9999999999974967,68.49999999995713,0.0,0.0,126.69479187646856,21.642155938094163,91670.0,0,0,0,49,UTAH
2675,490457,288.25,902.7624636850094,0.3192977240362707,0.0,0.0,0.0,0.0,29.29153064572009,0.0,0.0,0.0,0.0,0.0,0.0,0.0,0.0,0.0,0.0,10.521365656300452,18.770164989419644,80235.0,0,0,0,49,UTAH
2775,490557,517.0,1317.1326052716236,0.3925193241217975,33.0,0.0,0.0,33.0,90.3608371557865,0.0,0.0,0.0,0.0,0.0,0.0,33.0,0.0,0.0,0.0,23.82471922116518,33.53611793462131,68046.0,0,0,0,49,UTAH
2841,490623,330.75,742.6590374246935,0.44535915316796837,143.75,4.75,1.0,138.0,182.34109614282116,4.75,0.0,1.0,0.0,10.5,93.5,5.75,28.25,0.0,0.0,17.318146301065298,21.27294984175582,55597.0,710,1183,0,49,UTAH
2533,490315,0.0,0.0,0.0,688.75,101.75,26.75,560.25,713.8858216115211,81.0,20.75,26.75,0.0,27.75,229.5,35.75,267.25,0.0,0.0,25.13582161152108,0.0,87096.0,0,0,0,49,UTAH
2532,490314,0.0,0.0,0.0,0.0,0.0,0.0,0.0,0.0,0.0,0.0,0.0,0.0,0.0,0.0,0.0,0.0,0.0,0.0,0.0,0.0,87096.0,0,0,0,49,UTAH
2531,490313,0.0,0.0,0.0,452.5000005288749,125.50000014668244,114.75000013411801,212.25000024807449,469.0277907398566,122.25000014288389,3.2500000037985495,111.50000013031946,3.2500000037985495,44.500000052010904,25.7500000300962,17.25000002016153,124.75000014580586,0.0,0.0,16.527790210981625,0.0,87096.0,0,0,0,49,UTAH
3102,490883,200.0,688.9740871098418,0.290286679487431,54.0,0.0,0.0,54.0,76.28412070575398,0.0,0.0,0.0,0.0,0.0,54.0,0.0,0.0,0.0,0.0,9.270112939986928,13.014007765767053,112744.0,571,0,0,49,UTAH
3091,490872,113.0,358.2675041877128,0.3154067803503443,0.0,0.0,0.0,0.0,11.131584252280192,0.0,0.0,0.0,0.0,0.0,0.0,0.0,0.0,0.0,0.0,4.124041609174855,7.007542643105336,87537.0,0,0,0,49,UTAH
3100,490881,178.0,500.1104397153087,0.3559213842872941,194.0,37.75,50.25,106.0,219.5895378950649,36.75,1.0,3.25,47.0,7.0,39.0,8.0,52.0,0.0,0.0,14.577685170185074,11.011852724879812,90154.0,0,0,0,49,UTAH
3117,490898,125.5,428.6233202841805,0.29279788117173033,0.0,0.0,0.0,0.0,13.090524697348553,0.0,0.0,0.0,0.0,0.0,0.0,0.0,0.0,0.0,0.0,5.081904533799599,8.008620163548954,113111.0,0,0,0,49,UTAH
3116,490897,75.25,258.642863657526,0.2909417214759885,92.0,0.0,0.0,92.0,103.10961234259716,0.0,0.0,0.0,0.0,0.0,92.0,0.0,0.0,0.0,0.0,6.104224740379083,5.005387602218097,113111.0,0,0,0,49,UTAH
3121,490902,40.0,136.27574583736862,0.2935225175559558,0.0,0.0,0.0,0.0,4.464667542980031,0.0,0.0,0.0,0.0,0.0,0.0,0.0,0.0,0.0,0.0,1.4614349816491723,3.0032325613308584,113111.0,0,0,0,49,UTAH
3123,490904,62.75,213.52963841704823,0.29387021148531123,8.25,0.75,4.5,3.0,18.36500055610287,0.75,0.0,0.5,4.0,0.0,1.25,0.5,1.25,0.0,0.0,6.110690474328393,4.004310081774477,113111.0,0,0,0,49,UTAH
3126,490907,113.75,388.726122872063,0.2926224745575878,6.0,0.0,0.5,5.5,17.651598166981476,0.0,0.0,0.5,0.0,5.0,0.0,0.25,0.25,0.0,0.0,4.393803662903397,7.2577945040780785,113111.0,0,0,0,49,UTAH
3190,490971,180.0,719.4484098459817,0.2501916711978474,0.0,0.0,0.0,0.0,17.815975752568182,0.0,0.0,0.0,0.0,0.0,0.0,0.0,0.0,0.0,0.0,6.553815128679243,11.262160623888938,91005.0,0,0,0,49,UTAH
2756,490538,73.5,222.265125621986,0.3306861559784417,2238.5,310.75,251.25,1676.5,2327.252482318346,302.25,8.5,61.5,189.75,1430.75,60.5,42.0,143.25,0.0,0.0,84.24766843936966,4.504813878976686,67267.0,0,0,0,49,UTAH
2662,490444,0.0,0.0,0.0,2815.0,1332.5,57.75,1424.75,2917.433473361972,1018.25,314.25,33.5,24.25,82.0,133.25,200.25,1009.25,0.0,0.0,102.43347336197218,0.0,36579.0,0,0,0,49,UTAH
2638,490420,0.0,0.0,0.0,2080.25,906.5,43.75,1130.0,2156.140347171403,684.75,221.75,43.25,0.5,83.0,100.0,136.75,810.25,0.0,0.0,75.89034717140288,0.0,100955.0,0,0,0,49,UTAH
2822,490604,0.0,0.0,0.0,639.5,26.25,277.75,335.5,662.8382410857433,19.75,6.5,82.25,195.5,49.25,192.0,12.75,81.5,0.0,0.0,23.33824108574333,0.0,76529.0,0,0,194,49,UTAH
3026,490807,0.0,0.0,0.0,2225.5,838.75,52.0,1334.75,2306.732553097296,635.0,203.75,43.25,8.75,105.25,133.0,154.0,942.5,0.0,0.0,81.23255309729569,0.0,56681.0,0,0,0,49,UTAH
2790,490572,0.0,0.0,0.0,2306.5,436.75,809.75,1060.0,2390.686836982085,374.25,62.5,416.0,393.75,95.75,183.5,74.75,706.0,0.0,0.0,84.18683698208491,0.0,76529.0,0,0,0,49,UTAH
3140,490921,135.0,358.5572981566521,0.3765088611890953,0.0,0.0,0.0,0.0,14.039239272909958,0.0,0.0,0.0,0.0,0.0,0.0,0.0,0.0,1.0114045500615414,0.0,4.518598717397255,8.50923600545116,51304.0,0,0,0,49,UTAH
3135,490916,0.0,0.0,0.0,0.0,0.0,0.0,0.0,1.0114045500615414,0.0,0.0,0.0,0.0,0.0,0.0,0.0,0.0,1.0114045500615414,0.0,0.0,0.0,51304.0,0,0,0,49,UTAH
3339,491120,21.0,53.166318913743225,0.394986909552085,0.0,0.0,0.0,0.0,1.7675597477927767,0.0,0.0,0.0,0.0,0.0,0.0,0.0,0.0,0.0,0.0,0.7664822273491574,1.0010775204436193,51304.0,0,0,0,49,UTAH
3345,491126,24.25,62.00091968696639,0.39112323046875297,27.5,5.75,7.5,14.25,31.387361466749336,5.75,0.0,7.25,0.25,3.0,2.25,1.25,7.75,0.0,0.0,1.885206425862098,2.002155040887239,51304.0,0,0,0,49,UTAH
3340,491121,7.25,16.631455139418513,0.43592096657956547,0.0,0.0,0.0,0.0,1.5253292798799465,0.0,0.0,0.0,0.0,0.0,0.0,0.0,0.0,1.0114045500615414,0.0,0.2636168308092798,0.250307899009125,51304.0,0,0,0,49,UTAH
3337,491118,4.0,12.935088587150895,0.3092363823447959,0.0,0.0,0.0,0.0,1.1574011647947142,0.0,0.0,0.0,0.0,0.0,0.0,0.0,0.0,1.0114045500615414,0.0,0.1459966147331727,0.0,76841.0,0,0,0,49,UTAH
3343,491124,9.25,33.59825917851281,0.27531188300123827,0.0,0.0,0.0,0.0,2.350203285961194,0.0,0.0,0.0,0.0,0.0,0.0,0.0,0.0,1.0114045500615414,0.0,0.3377212154560334,1.0010775204436193,76841.0,0,0,0,49,UTAH
3338,491119,9.0,32.23123032659233,0.27923228213148793,0.0,0.0,0.0,0.0,2.3409744536548,0.0,0.0,0.0,0.0,0.0,0.0,0.0,0.0,1.0114045500615414,0.0,0.3284923831496388,1.0010775204436193,76841.0,0,0,0,49,UTAH
3346,491127,16.000000096787158,40.12473942802988,0.39875648601994557,0.0,0.0,0.0,0.0,1.5850639889646754,0.0,0.0,0.0,0.0,0.0,0.0,0.0,0.0,0.0,0.0,0.5839864624653407,1.0010775264993348,51304.0,0,0,0,49,UTAH
3329,491110,15.5,54.3679956034691,0.2850941960974368,0.0,0.0,0.0,0.0,1.5680751490809657,0.0,0.0,0.0,0.0,0.0,0.0,0.0,0.0,0.0,0.0,0.5669976286373464,1.0010775204436193,76841.0,0,0,0,49,UTAH
3330,491111,6.0,22.082903383501787,0.2717034031169389,0.0,0.0,0.0,0.0,1.2303994721613003,0.0,0.0,0.0,0.0,0.0,0.0,0.0,0.0,1.0114045500615414,0.0,0.2189949220997592,0.0,76841.0,0,0,0,49,UTAH
3323,491104,0.0,0.0,0.0,0.0,0.0,0.0,0.0,1.0114045437626427,0.0,0.0,0.0,0.0,0.0,0.0,0.0,0.0,1.0114045437626427,0.0,0.0,0.0,76841.0,0,0,0,49,UTAH
3324,491105,8.0,31.23123032659233,0.25615385357355813,0.0,0.0,0.0,0.0,2.3044752999715064,0.0,0.0,0.0,0.0,0.0,0.0,0.0,0.0,1.0114045500615414,0.0,0.2919932294663456,1.0010775204436193,76841.0,0,0,0,49,UTAH
3331,491112,11.0,28.87017717430179,0.38101601987366496,0.0,0.0,0.0,0.0,1.4025682109598443,0.0,0.0,0.0,0.0,0.0,0.0,0.0,0.0,0.0,0.0,0.4014906905162252,1.0010775204436193,51304.0,0,0,0,49,UTAH
3332,491113,7.75,21.37489855213176,0.3625748202312323,0.0,0.0,0.0,0.0,1.0340088266189125,0.0,0.0,0.0,0.0,0.0,0.0,0.0,0.0,0.0,0.0,0.283127154197228,0.7508816724216845,51304.0,0,0,0,49,UTAH
3326,491107,9.0,22.402632880726344,0.4017384942170333,0.0,0.0,0.0,0.0,1.3295699035932582,0.0,0.0,0.0,0.0,0.0,0.0,0.0,0.0,0.0,0.0,0.3284923831496388,1.0010775204436193,51304.0,0,0,0,49,UTAH
3322,491103,5.0,8.797441205244455,0.568347077672918,0.0,0.0,0.0,0.0,0.182495768416466,0.0,0.0,0.0,0.0,0.0,0.0,0.0,0.0,0.0,0.0,0.182495768416466,0.0,51304.0,0,0,0,49,UTAH
3354,491135,18.0,47.48579233759796,0.37906074878207496,0.0,0.0,0.0,0.0,1.6580622867428971,0.0,0.0,0.0,0.0,0.0,0.0,0.0,0.0,0.0,0.0,0.6569847662992777,1.0010775204436193,51304.0,0,0,0,49,UTAH
3361,491142,15.25,38.704750319797725,0.3940084840748741,0.0,0.0,0.0,0.0,1.557793657999412,0.0,0.0,0.0,0.0,0.0,0.0,0.0,0.0,0.0,0.0,0.5567161375557926,1.0010775204436193,51304.0,0,0,0,49,UTAH
3353,491134,14.0,33.65719489173197,0.41595860989113975,0.0,0.0,0.0,0.0,1.512065672009724,0.0,0.0,0.0,0.0,0.0,0.0,0.0,0.0,0.0,0.0,0.5109881515661049,1.0010775204436193,51304.0,0,0,0,49,UTAH
3352,491133,17.0,60.78191398338254,0.27968846135131104,55.5,5.25,3.5,46.75,59.1481641519914,5.0,0.25,3.5,0.0,3.0,29.25,1.75,12.75,0.0,0.0,2.647086631547782,1.0010775204436193,76841.0,0,0,0,49,UTAH
3359,491140,22.0,80.07807581648082,0.27473187605579547,5.75,1.5,0.25,4.0,8.774176882555818,1.25,0.25,0.0,0.25,1.0,1.75,0.0,1.25,1.0114045500615414,0.0,1.011694812050656,1.0010775204436193,76841.0,0,0,0,49,UTAH
3351,491132,7.75,28.7475294334798,0.269588383862101,0.0,0.0,0.0,0.0,1.033520005163754,0.0,0.0,0.0,0.0,0.0,0.0,0.0,0.0,0.0,0.0,0.282764397159951,0.7507556080038029,76841.0,0,0,0,49,UTAH
3350,491131,7.0,23.30666001322201,0.300343335168096,0.0,0.0,0.0,0.0,0.2554940757830524,0.0,0.0,0.0,0.0,0.0,0.0,0.0,0.0,0.0,0.0,0.2554940757830524,0.0,76841.0,0,0,0,49,UTAH
3349,491130,2.0,5.797138067292407,0.3449978207840259,0.0,0.0,0.0,0.0,3.1072119575512107,0.0,0.0,0.0,0.0,0.0,0.0,0.0,0.0,3.034213650184624,0.0,0.0729983073665863,0.0,76841.0,0,0,0,49,UTAH
3357,491138,10.0,35.9117569027376,0.2784603389659749,0.0,0.0,0.0,0.0,2.377473607338093,0.0,0.0,0.0,0.0,0.0,0.0,0.0,0.0,1.0114045500615414,0.0,0.364991536832932,1.0010775204436193,76841.0,0,0,0,49,UTAH
3367,491148,13.0,36.23123032659233,0.35880647394020454,0.0,0.0,0.0,0.0,2.486971068387972,0.0,0.0,0.0,0.0,0.0,0.0,0.0,0.0,1.0114045500615414,0.0,0.4744889978828117,1.0010775204436193,75589.0,0,0,0,49,UTAH
3380,491161,3.0,9.254562011005628,0.3241644495366033,0.0,0.0,0.0,0.0,1.120902011111421,0.0,0.0,0.0,0.0,0.0,0.0,0.0,0.0,1.0114045500615414,0.0,0.1094974610498795,0.0,75589.0,0,0,0,49,UTAH
3390,491171,7.0,21.296141739441435,0.32869803768424766,0.0,0.0,0.0,0.0,1.2668986258445938,0.0,0.0,0.0,0.0,0.0,0.0,0.0,0.0,1.0114045500615414,0.0,0.2554940757830524,0.0,75589.0,0,0,0,49,UTAH
3397,491178,17.0,48.27281005502814,0.35216512112348564,0.0,0.0,0.0,0.0,1.621563133059604,0.0,0.0,0.0,0.0,0.0,0.0,0.0,0.0,0.0,0.0,0.6204856126159846,1.0010775204436193,75589.0,0,0,0,49,UTAH
3396,491177,7.0,17.722106304581075,0.394986909552085,0.0,0.0,0.0,0.0,1.2668986258445938,0.0,0.0,0.0,0.0,0.0,0.0,0.0,0.0,1.0114045500615414,0.0,0.2554940757830524,0.0,75589.0,0,0,0,49,UTAH
3402,491183,4.0,11.148070869720716,0.3588064739402046,0.0,0.0,0.0,0.0,1.1574011647947142,0.0,0.0,0.0,0.0,0.0,0.0,0.0,0.0,1.0114045500615414,0.0,0.1459966147331727,0.0,75589.0,0,0,0,49,UTAH
3401,491182,5.0,13.041579728435806,0.3833891372145677,0.0,0.0,0.0,0.0,1.1939003184780077,0.0,0.0,0.0,0.0,0.0,0.0,0.0,0.0,1.0114045500615414,0.0,0.182495768416466,0.0,75589.0,0,0,0,49,UTAH
3378,491159,4.0,11.148070869720716,0.3588064739402046,0.0,0.0,0.0,0.0,1.1574011647947142,0.0,0.0,0.0,0.0,0.0,0.0,0.0,0.0,1.0114045500615414,0.0,0.1459966147331727,0.0,75589.0,0,0,0,49,UTAH
3388,491169,19.0,55.63386320731867,0.34151861662377847,0.0,0.0,0.0,0.0,1.6945614404261902,0.0,0.0,0.0,0.0,0.0,0.0,0.0,0.0,0.0,0.0,0.6934839199825709,1.0010775204436193,75589.0,0,0,0,49,UTAH
3389,491170,6.5,16.55173365741757,0.3927081074729027,0.0,0.0,0.0,0.0,0.2359837523951042,0.0,0.0,0.0,0.0,0.0,0.0,0.0,0.0,0.0,0.0,0.2359837523951042,0.0,75589.0,0,0,0,49,UTAH
3399,491180,4.0,11.148070869720716,0.3588064739402046,0.0,0.0,0.0,0.0,0.1459966147331727,0.0,0.0,0.0,0.0,0.0,0.0,0.0,0.0,0.0,0.0,0.1459966147331727,0.0,75589.0,0,0,0,49,UTAH
3398,491179,8.0,24.083159456871613,0.3321823290804717,0.0,0.0,0.0,0.0,2.3044752999715064,0.0,0.0,0.0,0.0,0.0,0.0,0.0,0.0,1.0114045500615414,0.0,0.2919932294663456,1.0010775204436193,75589.0,0,0,0,49,UTAH
3255,491036,529.0,1585.7720153680766,0.3335914588436048,0.0,0.0,0.0,0.0,81.54929240519269,0.0,0.0,0.0,0.0,0.0,0.0,0.0,0.0,0.0,0.0,47.26278308316249,34.2865093220302,31028.0,0,0,0,49,UTAH
3259,491040,10.750000021936545,33.29151095744949,0.3229051404628743,0.0,0.0,0.0,0.0,1.1002021654002372,0.0,0.0,0.0,0.0,0.0,0.0,0.0,0.0,0.0,0.0,0.3492784668405206,0.7509236985597166,105921.0,0,0,0,49,UTAH
3276,491057,11.5,35.623187676947694,0.3228234402908818,59.25,5.5,3.0,50.75,62.82705050534399,4.5,1.0,3.0,0.0,2.0,20.5,1.5,26.75,0.0,0.0,2.5759729849003694,1.0010775204436193,80628.0,0,0,0,49,UTAH
3289,491070,25.499999986877988,81.11981623873001,0.31434982436145137,153.99999992075334,25.999999986620693,3.2499999983275867,124.74999993580506,162.0668464528908,17.249999991123346,8.74999999549735,3.2499999983275867,0.0,4.749999997555704,16.499999991509288,15.749999991895228,87.74999995484484,0.0,0.0,6.565335367073647,1.5015111650637976,30043.0,0,0,0,49,UTAH
3294,491075,29.250000016678037,75.47780502200055,0.3875311425412032,0.0,0.0,0.0,0.0,38.5165582859285,0.0,0.0,0.0,0.0,0.0,0.0,0.0,0.0,0.0,0.0,36.51436121929394,2.0021970666345603,89915.0,0,0,0,49,UTAH
3302,491083,47.0,127.39888552203172,0.3689200247507036,0.0,0.0,0.0,0.0,4.721852609127338,0.0,0.0,0.0,0.0,0.0,0.0,0.0,0.0,0.0,0.0,1.718578048276363,3.003274560850975,89915.0,0,0,0,49,UTAH
3310,491091,140.0,420.62117637499614,0.3328410642720135,0.0,0.0,0.0,0.0,14.840134500698143,0.0,0.0,0.0,0.0,0.0,0.0,0.0,0.0,0.0,0.0,5.830899008999447,9.009235491698696,89700.0,0,0,0,49,UTAH
3275,491056,14.0,43.4958982399468,0.32186943060167333,0.0,0.0,0.0,0.0,24.23921913547372,0.0,0.0,0.0,0.0,0.0,0.0,0.0,0.0,0.0,0.0,23.23832369239879,1.00089544307493,30043.0,0,0,0,49,UTAH
3258,491039,127.5,382.9348481540532,0.33295481101972535,0.0,0.0,0.0,0.0,146.24761786757222,0.0,0.0,0.0,0.0,0.0,0.0,0.0,0.0,1.0114045500615414,0.0,137.22731319583716,8.008900121673507,105921.0,0,0,0,49,UTAH
3274,491055,131.5,406.3391803803462,0.3236212660489985,0.0,0.0,0.0,0.0,15.432960200529912,0.0,0.0,0.0,0.0,0.0,0.0,0.0,0.0,1.0114045500615414,0.0,5.912557747847897,8.508997902620473,30043.0,0,0,0,49,UTAH
3369,491150,16.0,47.27281005502814,0.33846094576089564,3.5,0.5,0.0,3.0,5.213346249739584,0.25,0.25,0.0,0.0,0.0,0.75,0.5,1.75,0.0,0.0,0.7122687292959651,1.0010775204436193,75589.0,0,0,0,49,UTAH
3372,491153,26.0,75.14298722932992,0.3460070055592845,0.0,0.0,0.0,0.0,2.9511330366528625,0.0,0.0,0.0,0.0,0.0,0.0,0.0,0.0,0.0,0.0,0.9489779957656234,2.002155040887239,75589.0,0,0,0,49,UTAH
3368,491149,13.0,37.12473918530742,0.3501708102273999,0.0,0.0,0.0,0.0,1.475566518326431,0.0,0.0,0.0,0.0,0.0,0.0,0.0,0.0,0.0,0.0,0.4744889978828117,1.0010775204436193,75589.0,0,0,0,49,UTAH
3373,491154,26.0,76.9300049467601,0.3379695610054031,10.0,2.5,2.75,4.75,13.3136564988982,2.5,0.0,1.75,1.0,1.0,0.25,0.25,3.25,0.0,0.0,1.3115014580109603,2.002155040887239,75589.0,0,0,0,49,UTAH
3374,491155,10.0,27.87017717430179,0.3588064739402046,35.0,5.25,1.0,28.75,37.64132728163148,4.75,0.5,1.0,0.0,2.75,6.75,1.75,17.5,0.0,0.0,1.64024976118786,1.0010775204436193,75589.0,0,0,0,49,UTAH
3176,490957,0.0,0.0,0.0,0.0,0.0,0.0,0.0,0.0,0.0,0.0,0.0,0.0,0.0,0.0,0.0,0.0,0.0,0.0,0.0,0.0,51304.0,0,0,0,49,UTAH
2587,490369,177.49925710662046,538.7063170810858,0.32949169422845914,294.99819811841473,58.749641124521624,3.749977147947915,232.4985798459452,598.0827562164415,44.24972974831469,14.49991137620693,1.7499893040249743,1.999987843922941,0.999993888014271,34.49978927228115,75.99953562487339,120.99926106077638,0.0,0.0,291.5729083199173,11.511649778109376,83312.0,0,0,0,49,UTAH
2731,490513,418.75,1301.3136230762254,0.32179022226025783,136.5,7.0,101.75,27.75,183.7971481575299,7.0,0.0,1.0,100.75,14.75,1.0,0.0,12.0,0.0,0.0,20.268055105552172,27.029093051977725,60581.0,0,0,0,49,UTAH
2733,490515,37.25,109.84903522359748,0.33910174927051207,1350.75,130.25,906.25,314.25,1403.9232225022993,126.0,4.25,705.0,201.25,25.75,72.5,29.75,186.25,0.0,0.0,50.67061975241745,2.502602749881917,65221.0,0,0,0,49,UTAH
2742,490524,359.25,1067.1003806349954,0.33665998674484815,792.25,30.5,210.0,551.75,857.5799184310627,28.5,2.0,63.0,147.0,38.75,13.0,10.0,490.0,0.0,0.0,42.05507971577165,23.27483871529104,60581.0,0,0,0,49,UTAH
3400,491181,8.0,21.631361703469835,0.36983339790008407,0.0,0.0,0.0,0.0,14.802368847328294,0.0,0.0,0.0,0.0,0.0,0.0,0.0,0.0,1.0114045500615414,0.0,13.290446536805002,0.5005177604617513,75589.0,0,0,0,49,UTAH
3257,491038,7.75,17.356030765742794,0.4465306673284362,0.0,0.0,0.0,0.0,0.7859586937983025,0.0,0.0,0.0,0.0,0.0,0.0,0.0,0.0,0.0,0.0,0.2853148689186697,0.5006438248796328,105921.0,0,0,0,49,UTAH
3229,491010,0.0,0.0,0.0,0.0,0.0,0.0,0.0,1.0114045500615414,0.0,0.0,0.0,0.0,0.0,0.0,0.0,0.0,1.0114045500615414,0.0,0.0,0.0,69330.0,0,0,0,49,UTAH
3252,491033,13.0,40.69877462016778,0.319419936382016,0.0,0.0,0.0,0.0,2.486971068387972,0.0,0.0,0.0,0.0,0.0,0.0,0.0,0.0,1.0114045500615414,0.0,0.4744889978828117,1.0010775204436193,69330.0,0,0,0,49,UTAH
3253,491034,13.0,41.59228347888287,0.3125579774094473,0.0,0.0,0.0,0.0,1.475566518326431,0.0,0.0,0.0,0.0,0.0,0.0,0.0,0.0,0.0,0.0,0.4744889978828117,1.0010775204436193,69330.0,0,0,0,49,UTAH
3254,491035,20.0,64.67544293575448,0.3092363823447959,0.0,0.0,0.0,0.0,1.7310605941094834,0.0,0.0,0.0,0.0,0.0,0.0,0.0,0.0,0.0,0.0,0.7299830736658641,1.0010775204436193,69330.0,0,0,0,49,UTAH
3342,491123,11.75,41.23601483184824,0.28494509103059595,0.0,0.0,0.0,0.0,1.4309446096169105,0.0,0.0,0.0,0.0,0.0,0.0,0.0,0.0,0.0,0.0,0.429867089173291,1.0010775204436193,76841.0,0,0,0,49,UTAH
3336,491117,4.0,14.945809261524916,0.2676335506500289,0.0,0.0,0.0,0.0,1.1574011647947142,0.0,0.0,0.0,0.0,0.0,0.0,0.0,0.0,1.0114045500615414,0.0,0.1459966147331727,0.0,76841.0,0,0,0,49,UTAH
3335,491116,14.0,53.31463990544147,0.26259203897522926,0.0,0.0,0.0,0.0,1.512065672009724,0.0,0.0,0.0,0.0,0.0,0.0,0.0,0.0,0.0,0.0,0.5109881515661049,1.0010775204436193,76841.0,0,0,0,49,UTAH
3328,491109,7.0,27.327095579469525,0.25615601847051045,0.0,0.0,0.0,0.0,2.278303175906135,0.0,0.0,0.0,0.0,0.0,0.0,0.0,0.0,2.022809100123083,0.0,0.2554940757830524,0.0,76841.0,0,0,0,49,UTAH
3407,491188,11.0,29.98728071853173,0.36682219048965486,0.0,0.0,0.0,0.0,2.4139727610213857,0.0,0.0,0.0,0.0,0.0,0.0,0.0,0.0,1.0114045500615414,0.0,0.4014906905162252,1.0010775204436193,56564.0,0,0,0,49,UTAH
3160,490941,6.0,14.935088587150895,0.4017384942170333,0.0,0.0,0.0,0.0,1.2303994721613003,0.0,0.0,0.0,0.0,0.0,0.0,0.0,0.0,1.0114045500615414,0.0,0.2189949220997592,0.0,51304.0,0,0,0,49,UTAH
2949,490730,2.0,2.89350885871509,0.691202307529182,321.75,41.25,134.25,146.25,333.55308612319914,39.75,1.5,19.75,114.5,14.0,23.0,14.0,95.25,0.0,0.0,11.803086123199131,0.0,58209.0,0,0,0,49,UTAH
2939,490720,120.0,332.8776301189666,0.36049283322857534,337.0,0.0,0.0,337.0,361.6879900765711,0.0,0.0,0.0,0.0,0.0,337.0,0.0,0.0,0.0,0.0,16.679369913022107,8.008620163548954,65974.0,0,0,0,49,UTAH
2979,490760,448.25,1100.2906167998135,0.4073923681215528,22.25,1.5,0.0,20.75,71.4543792132989,1.5,0.0,0.0,0.0,5.0,3.75,2.5,9.5,0.0,0.0,20.173131120433943,29.031248092864963,24407.0,0,0,0,49,UTAH
2971,490752,565.5,1480.2254560172892,0.3820363970239645,0.0,0.0,0.0,0.0,58.67156186349611,0.0,0.0,0.0,0.0,0.0,0.0,0.0,0.0,0.0,0.0,22.382463228516684,36.28909863497943,23848.0,0,0,0,49,UTAH
2928,490710,148.5,416.7775815832255,0.35630515306482796,221.0,10.0,158.0,53.0,244.0238743225922,8.75,1.25,157.75,0.25,4.0,5.25,9.25,34.5,0.0,0.0,13.513602865187057,9.510271457405135,48606.0,0,0,0,49,UTAH
3010,490791,123.5,292.82059053114614,0.4217599581231082,109.25,0.25,84.0,25.0,125.75457990903944,0.25,0.0,40.0,44.0,1.25,21.0,0.25,2.5,0.0,0.0,8.4959597454905,8.008620163548954,31799.0,0,0,0,49,UTAH
2924,490706,124.0,331.2940552219008,0.3742898432540384,829.75,29.75,74.0,726.0,872.566681888806,25.25,4.5,73.25,0.75,440.75,177.0,48.75,59.5,0.0,0.0,34.808061725257105,8.008620163548954,45835.0,0,0,0,49,UTAH
2922,490704,287.0,816.8507532180481,0.3513493730272523,36.75,5.25,10.25,21.25,66.58637972928139,5.25,0.0,9.25,1.0,8.75,1.75,1.0,9.75,0.0,0.0,11.816984361296234,18.019395367985148,64980.0,0,0,0,49,UTAH
2912,490694,135.25,338.5230999748432,0.3995296037701737,42.5,3.5,0.75,38.25,57.99697325644343,2.5,1.0,0.75,0.0,7.0,7.0,4.0,20.25,0.0,0.0,6.487275572450855,9.009697683992574,63356.0,0,0,0,49,UTAH
2821,490603,157.25,455.905364581224,0.34491807339104996,140.5,10.0,2.0,128.5,161.37767549268662,9.0,1.0,2.0,0.0,7.75,23.25,11.0,86.5,0.0,0.0,10.866900288250442,10.010775204436197,76529.0,0,0,0,49,UTAH
2819,490601,2.0,6.467544293575449,0.30923638234479583,118.75,2.5,57.75,58.5,123.15328527297206,2.5,0.0,57.75,0.0,1.75,35.75,3.25,17.75,0.0,0.0,4.403285272972052,0.0,76529.0,1104,0,0,49,UTAH
2887,490669,613.25,1612.6361675790183,0.3802779649427347,1243.5,649.5,13.75,580.25,1350.5417163597915,458.0,191.5,13.5,0.25,37.0,50.0,64.25,429.0,0.0,0.0,67.74938516348158,39.29233119631028,52442.0,0,0,0,49,UTAH
2932,490714,589.0,1531.6518459444196,0.38455214320381104,41.75,0.0,0.0,41.75,102.81268291870916,0.0,0.0,0.0,0.0,1.0,7.75,0.0,33.0,0.0,0.0,23.02173714185162,38.04094577685754,50017.0,0,0,0,49,UTAH
2274,490058,0.0,0.0,0.0,850.0,0.0,771.0,79.0,883.0470897309223,0.0,0.0,771.0,0.0,78.0,1.0,0.0,0.0,2.022809100123083,0.0,31.024280630799225,0.0,81720.0,0,0,0,49,UTAH
2278,490062,0.0,0.0,0.0,0.0,0.0,0.0,0.0,6.068427300369248,0.0,0.0,0.0,0.0,0.0,0.0,0.0,0.0,6.068427300369248,0.0,0.0,0.0,81720.0,0,0,0,49,UTAH
2279,490063,0.0,0.0,0.0,0.0,0.0,0.0,0.0,4.045618200246166,0.0,0.0,0.0,0.0,0.0,0.0,0.0,0.0,4.045618200246166,0.0,0.0,0.0,81720.0,0,0,0,49,UTAH
2248,490032,0.0,0.0,0.0,0.0,0.0,0.0,0.0,1.0114045500615414,0.0,0.0,0.0,0.0,0.0,0.0,0.0,0.0,1.0114045500615414,0.0,0.0,0.0,81720.0,0,0,0,49,UTAH
2244,490028,0.0,0.0,0.0,0.0,0.0,0.0,0.0,5.057022750307707,0.0,0.0,0.0,0.0,0.0,0.0,0.0,0.0,5.057022750307707,0.0,0.0,0.0,66402.0,0,0,0,49,UTAH
2262,490046,0.0,0.0,0.0,0.0,0.0,0.0,0.0,1.0114045500615414,0.0,0.0,0.0,0.0,0.0,0.0,0.0,0.0,1.0114045500615414,0.0,0.0,0.0,66402.0,0,0,0,49,UTAH
2259,490043,0.0,0.0,0.0,217.4999998047811,2.9999999973073255,11.24999998990247,203.2499998175713,226.4487095263806,0.0,2.9999999973073255,4.249999996185378,6.999999993717093,114.24999989745399,76.4999999313368,3.249999997082936,9.249999991697587,1.0114045491537471,0.0,7.937305172445778,0.0,66402.0,0,0,0,49,UTAH
2258,490042,1.0,1.8935088587150897,0.528120053622874,130.5,1.0,1.25,128.25,136.31014526990558,0.0,1.0,1.0,0.25,105.25,20.0,3.0,0.0,1.0114045500615414,0.0,4.798740719844032,0.0,66402.0,0,0,0,49,UTAH
2237,490021,3.0,9.254562011005628,0.3241644495366033,0.0,0.0,0.0,0.0,0.1094974610498795,0.0,0.0,0.0,0.0,0.0,0.0,0.0,0.0,0.0,0.0,0.1094974610498795,0.0,66402.0,0,0,0,49,UTAH
2299,490083,0.0,0.0,0.0,0.0,0.0,0.0,0.0,0.0,0.0,0.0,0.0,0.0,0.0,0.0,0.0,0.0,0.0,0.0,0.0,0.0,66402.0,0,0,0,49,UTAH
2307,490091,553.0,1575.0548798496334,0.3510988772993063,0.0,0.0,0.0,0.0,421.0016513569804,0.0,0.0,0.0,0.0,0.0,0.0,0.0,0.0,0.0,0.0,385.2126503399232,35.78900101705709,66402.0,0,0,0,49,UTAH
2269,490053,7.0,19.509124022011253,0.3588064739402046,43.0,0.0,0.0,43.0,45.8363622342262,0.0,0.0,0.0,0.0,0.0,43.0,0.0,0.0,1.0114045500615414,0.0,1.8249576841646604,0.0,66402.0,0,0,0,49,UTAH
2265,490049,0.0,0.0,0.0,0.0,0.0,0.0,0.0,0.0,0.0,0.0,0.0,0.0,0.0,0.0,0.0,0.0,0.0,0.0,0.0,0.0,66402.0,0,0,0,49,UTAH
2257,490041,27.0,97.58719983849208,0.2766756300486673,0.0,0.0,0.0,0.0,2.987632190336156,0.0,0.0,0.0,0.0,0.0,0.0,0.0,0.0,0.0,0.0,0.9854771494489164,2.002155040887239,66402.0,0,0,0,49,UTAH
2234,490018,0.0,0.0,0.0,0.0,0.0,0.0,0.0,2.022809100123083,0.0,0.0,0.0,0.0,0.0,0.0,0.0,0.0,2.022809100123083,0.0,0.0,0.0,66402.0,0,0,0,49,UTAH
2243,490027,1.0,1.8935088587150897,0.528120053622874,48.0,0.0,0.0,48.0,49.78845853048136,0.0,0.0,0.0,0.0,38.75,8.25,1.0,0.0,0.0,0.0,1.7884585304813672,0.0,66402.0,0,0,0,49,UTAH
2233,490017,0.8463357684629779,1.6025442750320915,0.528120053622874,0.0,0.0,0.0,0.0,1.7428662334873724,0.0,0.0,0.0,0.0,0.0,0.0,0.0,0.0,1.711975694206574,0.0,0.030890539280798195,0.0,66402.0,0,0,0,49,UTAH
2232,490016,1.1536642744577978,3.971491263352735,0.2904864188178709,0.0,0.0,0.0,0.0,0.35294123719951226,0.0,0.0,0.0,0.0,0.0,0.0,0.0,0.0,0.3108334675471523,0.0,0.042107769652359996,0.0,81720.0,0,0,0,49,UTAH
2240,490024,0.0,0.0,0.0,0.0,0.0,0.0,0.0,0.0,0.0,0.0,0.0,0.0,0.0,0.0,0.0,0.0,0.0,0.0,0.0,0.0,81720.0,0,0,0,49,UTAH
2287,490071,0.0,0.0,0.0,296.0,30.0,38.5,227.5,307.6401510511763,16.0,14.0,0.0,38.5,132.0,25.75,19.75,50.0,2.022809100123083,0.0,9.617341951053287,0.0,81720.0,0,0,0,49,UTAH
2350,490134,2.856036785398053,8.195885970653105,0.34847200115089744,0.0,0.0,0.0,0.0,2.1231315519873606,0.0,0.0,0.0,0.0,0.0,0.0,0.0,0.0,1.8350819700603973,0.0,0.10128734844283054,0.18676223348413246,81720.0,0,0,0,49,UTAH
2348,490132,621.25,1964.9208555236812,0.31617049524085156,0.0,0.0,0.0,0.0,64.61608825300826,0.0,0.0,0.0,0.0,0.0,0.0,0.0,0.0,2.022809100123083,0.0,22.55264341297462,40.04063573991055,62109.0,0,0,0,49,UTAH
2359,490143,296.5,799.0873133952197,0.3710483135318586,0.0,0.0,0.0,0.0,31.415177765883804,0.0,0.0,0.0,0.0,0.0,0.0,0.0,0.0,1.0114045500615414,0.0,11.13320270821346,19.2705705076088,74211.0,0,0,0,49,UTAH
2376,490158,132.2826272878997,421.13988264302475,0.3141061503311189,63.833396641247646,0.6832640447102447,0.6798329582599475,62.47029963827745,80.62311617983102,0.1364513936282431,0.5468126510820017,0.5414493828422879,0.13838357541765964,51.244677029663876,9.477565715960708,1.7350351584114676,0.013021734241401014,1.095248738869407,0.0,7.11045867666383,8.584012123050133,79647.0,0,0,0,49,UTAH
2340,490124,0.0,0.0,0.0,0.0,0.0,0.0,0.0,2.022809100123083,0.0,0.0,0.0,0.0,0.0,0.0,0.0,0.0,2.022809100123083,0.0,0.0,0.0,81720.0,0,0,0,49,UTAH
2361,490145,0.0,0.0,0.0,0.0,0.0,0.0,0.0,3.034213650184624,0.0,0.0,0.0,0.0,0.0,0.0,0.0,0.0,3.034213650184624,0.0,0.0,0.0,81720.0,0,0,0,49,UTAH
2362,490146,66.39205823773928,187.78392593229177,0.3535555980530405,0.0,0.0,0.0,0.0,10.71120571841058,0.0,0.0,0.0,0.0,0.0,0.0,0.0,0.0,3.988942035818752,0.0,2.4702743973708836,4.251989285220944,81720.0,0,0,0,49,UTAH
2338,490122,0.0,0.0,0.0,0.0,0.0,0.0,0.0,0.0,0.0,0.0,0.0,0.0,0.0,0.0,0.0,0.0,0.0,0.0,0.0,0.0,81720.0,0,0,0,49,UTAH
2286,490070,0.0,0.0,0.0,0.0,0.0,0.0,0.0,4.045618200246166,0.0,0.0,0.0,0.0,0.0,0.0,0.0,0.0,4.045618200246166,0.0,0.0,0.0,81720.0,0,0,0,49,UTAH
2293,490077,0.0,0.0,0.0,454.25,30.5,94.25,329.5,475.9656829453676,16.75,13.75,0.0,94.25,88.75,46.0,59.75,135.0,3.034213650184624,0.0,18.68146929518298,0.0,81720.0,0,0,0,49,UTAH
2303,490087,19.333916878999602,54.91270129258116,0.3520846074569575,4.03346934381769,0.0,0.0,4.03346934381769,5.823862027871003,0.0,0.0,0.0,0.0,0.0,4.03346934381769,0.0,0.0,0.0,0.0,0.8588690146242818,0.9315236694290311,66402.0,46,0,0,49,UTAH
2304,490088,161.9546396629828,593.5847017622916,0.2728416672164162,3.3161109364873322,1.2799024667144088,0.0,2.036208469772923,20.308113634054443,1.2799024667144088,0.0,0.0,0.0,0.5235964636558945,1.5126120061170287,0.0,0.0,0.0,0.0,6.282346570775164,10.709656126791952,66402.0,0,0,0,49,UTAH
2261,490045,0.0,0.0,0.0,2.0,0.0,0.25,1.75,4.095807407489669,0.0,0.0,0.0,0.25,1.75,0.0,0.0,0.0,2.022809100123083,0.0,0.0729983073665863,0.0,66402.0,0,0,0,49,UTAH
2260,490044,0.0,0.0,0.0,0.0,0.0,0.0,0.0,4.045618200246166,0.0,0.0,0.0,0.0,0.0,0.0,0.0,0.0,4.045618200246166,0.0,0.0,0.0,66402.0,0,0,0,49,UTAH
2249,490033,0.14594160965249545,0.5371419728914284,0.2717002524805381,0.7661934506756011,0.0,0.0,0.7661934506756011,4.992721105317659,0.0,0.0,0.0,0.0,0.6749799446427914,0.09121350603280966,0.0,0.0,4.193224210554391,0.0,0.03330344408766683,0.0,81720.0,0,0,0,49,UTAH
2329,490113,0.0,0.0,0.0,0.0,0.0,0.0,0.0,0.0,0.0,0.0,0.0,0.0,0.0,0.0,0.0,0.0,0.0,0.0,0.0,0.0,81720.0,0,0,0,49,UTAH
2333,490117,0.056626707393240536,0.20841610148042355,0.27170025248053814,0.0,0.0,0.0,0.0,0.002066826895724756,0.0,0.0,0.0,0.0,0.0,0.0,0.0,0.0,0.0,0.0,0.002066826895724756,0.0,81720.0,0,0,0,49,UTAH
2330,490114,0.0,0.0,0.0,0.0,0.0,0.0,0.0,0.0,0.0,0.0,0.0,0.0,0.0,0.0,0.0,0.0,0.0,0.0,0.0,0.0,81720.0,0,0,0,49,UTAH
2331,490115,0.0,0.0,0.0,0.0,0.0,0.0,0.0,1.4162926434214849,0.0,0.0,0.0,0.0,0.0,0.0,0.0,0.0,1.4162926434214849,0.0,0.0,0.0,81720.0,0,0,0,49,UTAH
2326,490110,8.220468053589434,25.43668740929687,0.3231736869394766,0.0,0.0,0.0,0.0,4.926803072627295,0.0,0.0,0.0,0.0,0.0,0.0,0.0,0.0,4.104272104913679,0.0,0.3000340930486439,0.5224968746649711,81720.0,0,0,0,49,UTAH
2280,490064,0.0,0.0,0.0,0.0,0.0,0.0,0.0,1.0114045500615414,0.0,0.0,0.0,0.0,0.0,0.0,0.0,0.0,1.0114045500615414,0.0,0.0,0.0,81720.0,0,0,0,49,UTAH
2277,490061,0.0,0.0,0.0,0.0,0.0,0.0,0.0,4.045618200246166,0.0,0.0,0.0,0.0,0.0,0.0,0.0,0.0,4.045618200246166,0.0,0.0,0.0,81720.0,0,0,0,49,UTAH
2263,490047,0.5710664496090097,1.3365863445734532,0.4272574322845225,0.0,0.0,0.0,0.0,1.8465955451958147,0.0,0.0,0.0,0.0,0.0,0.0,0.0,0.0,1.8257521030881627,0.0,0.0208434421076518,0.0,81720.0,0,0,0,49,UTAH
2254,490038,0.0,0.0,0.0,0.0,0.0,0.0,0.0,5.825360923134862,0.0,0.0,0.0,0.0,0.0,0.0,0.0,0.0,5.825360923134862,0.0,0.0,0.0,81720.0,0,0,0,49,UTAH
2231,490015,0.0,0.0,0.0,0.0,0.0,0.0,0.0,0.0,0.0,0.0,0.0,0.0,0.0,0.0,0.0,0.0,0.0,0.0,0.0,0.0,81720.0,0,0,0,49,UTAH
2247,490031,0.0,0.0,0.0,0.0,0.0,0.0,0.0,3.034216795549676,0.0,0.0,0.0,0.0,0.0,0.0,0.0,0.0,3.034216795549676,0.0,0.0,0.0,81720.0,0,0,0,49,UTAH
2239,490023,2.0,6.467544293575449,0.30923638234479583,0.0,0.0,0.0,0.0,0.0729983073665863,0.0,0.0,0.0,0.0,0.0,0.0,0.0,0.0,0.0,0.0,0.0729983073665863,0.0,81720.0,0,0,0,49,UTAH
2238,490022,9.0,32.67800828824099,0.275414582205079,34.0,0.0,1.0,33.0,36.57054112882523,0.0,0.0,1.0,0.0,29.0,3.0,1.0,0.0,0.0,0.0,1.569463608381608,1.0010775204436193,81720.0,0,0,0,49,UTAH
2285,490069,0.0,0.0,0.0,0.0,0.0,0.0,0.0,0.0,0.0,0.0,0.0,0.0,0.0,0.0,0.0,0.0,0.0,0.0,0.0,0.0,81720.0,0,0,0,49,UTAH
2323,490107,0.0,0.0,0.0,0.0,0.0,0.0,0.0,1.0114045500615414,0.0,0.0,0.0,0.0,0.0,0.0,0.0,0.0,1.0114045500615414,0.0,0.0,0.0,81720.0,0,0,0,49,UTAH
2388,490170,9.350627926498557,33.66805991595303,0.2777299300833168,2.037177647415771,0.0,0.0,2.037177647415771,2.9998482486021403,0.0,0.0,0.0,0.0,0.873076134606759,1.164101512809012,0.0,0.0,0.0,0.0,0.41638711133088835,0.5462834898554803,81720.0,0,0,0,49,UTAH
2392,490174,0.0,0.0,0.0,0.0,0.0,0.0,0.0,4.045618200246166,0.0,0.0,0.0,0.0,0.0,0.0,0.0,0.0,4.045618200246166,0.0,0.0,0.0,81720.0,0,0,0,49,UTAH
2401,490183,0.0,0.0,0.0,0.0,0.0,0.0,0.0,4.045618200246166,0.0,0.0,0.0,0.0,0.0,0.0,0.0,0.0,4.045618200246166,0.0,0.0,0.0,81720.0,0,0,0,49,UTAH
2335,490119,0.0,0.0,0.0,0.0,0.0,0.0,0.0,2.022809100123083,0.0,0.0,0.0,0.0,0.0,0.0,0.0,0.0,2.022809100123083,0.0,0.0,0.0,81720.0,0,0,0,49,UTAH
2334,490118,0.0,0.0,0.0,0.0,0.0,0.0,0.0,0.0,0.0,0.0,0.0,0.0,0.0,0.0,0.0,0.0,0.0,0.0,0.0,0.0,81720.0,0,0,0,49,UTAH
2291,490075,0.0,0.0,0.0,0.0,0.0,0.0,0.0,0.0,0.0,0.0,0.0,0.0,0.0,0.0,0.0,0.0,0.0,0.0,0.0,0.0,81720.0,0,0,0,49,UTAH
2284,490068,0.0,0.0,0.0,0.0,0.0,0.0,0.0,1.0114045500615414,0.0,0.0,0.0,0.0,0.0,0.0,0.0,0.0,1.0114045500615414,0.0,0.0,0.0,81720.0,0,0,0,49,UTAH
3173,490954,0.0,0.0,0.0,0.0,0.0,0.0,0.0,0.0,0.0,0.0,0.0,0.0,0.0,0.0,0.0,0.0,0.0,0.0,0.0,0.0,51304.0,0,0,0,49,UTAH
3071,490852,37.249999943186246,143.80095973815432,0.2590386045476636,1167.2499982197087,426.2499993498829,65.749999899718,675.2499989701078,1213.2141230554716,285.9999995637924,140.2499997860905,12.999999980172381,52.74999991954562,31.749999951574857,163.49999975062957,19.49999997025857,460.49999929764476,0.0,0.0,43.961969797929505,2.0021550378335493,73772.0,692,0,0,49,UTAH
2481,490263,715.0,2686.310630078131,0.26616430430430316,0.0,0.0,0.0,0.0,159.4069803509255,0.0,0.0,0.0,0.0,0.0,0.0,0.0,0.0,0.0,0.0,113.35733034562122,46.04965000530426,96415.0,0,0,0,49,UTAH
2488,490270,296.99999924514873,1026.3815401541442,0.2893660764792639,0.0,0.0,0.0,0.0,95.02411478464715,0.0,0.0,0.0,0.0,0.0,0.0,0.0,0.0,0.0,0.0,75.75442656056812,19.269688224079026,96415.0,0,0,0,49,UTAH
2489,490271,118.75,370.33511372613975,0.3206555241418852,0.0,0.0,0.0,0.0,48.29272214303433,0.0,0.0,0.0,0.0,0.0,0.0,0.0,0.0,0.0,0.0,40.7850118149164,7.50771032811793,96415.0,0,0,0,49,UTAH
2469,490251,367.0,1187.7606889189822,0.30898480091475167,167.0,30.25,32.75,104.0,211.3593719452699,23.5,6.75,0.0,32.75,0.0,15.0,16.75,72.25,1.0114045500615414,0.0,19.570622056745115,23.77734533846325,70166.0,0,0,0,49,UTAH
2462,490244,43.75,171.30012127394667,0.2553997024323999,0.0,0.0,0.0,0.0,4.597189077969501,0.0,0.0,0.0,0.0,0.0,0.0,0.0,0.0,0.0,0.0,1.5939565166386425,3.0032325613308584,96951.0,0,0,0,49,UTAH
2433,490215,714.0,2474.994339363273,0.28848550828754077,0.0,0.0,0.0,0.0,326.003280489858,0.0,0.0,0.0,0.0,0.0,0.0,0.0,0.0,0.0,0.0,279.70304373753567,46.3002367523223,91516.0,0,0,0,49,UTAH
2464,490246,367.75,1205.110302235109,0.3051587886336519,0.0,0.0,0.0,0.0,113.83340297633652,0.0,0.0,0.0,0.0,0.0,0.0,0.0,0.0,0.0,0.0,90.05744409561423,23.775958880722296,70166.0,0,0,0,49,UTAH
2559,490341,265.75,924.2564694318108,0.28752841747850627,0.0,0.0,0.0,0.0,26.686829664831706,0.0,0.0,0.0,0.0,0.0,0.0,0.0,0.0,0.0,0.0,9.66845577925379,17.018373885577912,93988.0,0,0,0,49,UTAH
2346,490130,104.0,391.7098725999157,0.26550262649678846,152.0,0.0,0.0,152.0,168.3513259860284,0.0,0.0,0.0,0.0,0.0,152.0,0.0,0.0,0.0,0.0,9.34378334292306,7.007542643105336,74211.0,0,611,1379,49,UTAH
2399,490181,0.0,0.0,0.0,0.0,0.0,0.0,0.0,14.15966370086158,0.0,0.0,0.0,0.0,0.0,0.0,0.0,0.0,14.15966370086158,0.0,0.0,0.0,81720.0,0,0,0,49,UTAH
2396,490178,0.0,0.0,0.0,0.0,0.0,0.0,0.0,13.148259150800037,0.0,0.0,0.0,0.0,0.0,0.0,0.0,0.0,13.148259150800037,0.0,0.0,0.0,81720.0,0,0,0,49,UTAH
2400,490182,0.0,0.0,0.0,0.0,0.0,0.0,0.0,13.148259150800037,0.0,0.0,0.0,0.0,0.0,0.0,0.0,0.0,13.148259150800037,0.0,0.0,0.0,81720.0,0,0,0,49,UTAH
2327,490111,5.0,13.935088587150895,0.3588064739402046,0.0,0.0,0.0,0.0,0.182495768416466,0.0,0.0,0.0,0.0,0.0,0.0,0.0,0.0,0.0,0.0,0.182495768416466,0.0,81720.0,0,0,0,49,UTAH
2322,490106,2.0,4.680526576145269,0.42730234888381635,0.0,0.0,0.0,0.0,0.0729983073665863,0.0,0.0,0.0,0.0,0.0,0.0,0.0,0.0,0.0,0.0,0.0729983073665863,0.0,81720.0,0,0,0,49,UTAH
2272,490056,60.75,198.0082392526324,0.3068054149125129,120.25,3.25,0.0,117.0,131.85806274818384,0.0,3.25,0.0,0.0,100.25,10.75,6.0,0.0,1.0114045500615414,0.0,6.593524629771355,4.003133568350959,81720.0,0,0,0,49,UTAH
2289,490073,0.0,0.0,0.0,0.0,0.0,0.0,0.0,1.0114045500615414,0.0,0.0,0.0,0.0,0.0,0.0,0.0,0.0,1.0114045500615414,0.0,0.0,0.0,81720.0,0,0,0,49,UTAH
2283,490067,0.0,0.0,0.0,0.0,0.0,0.0,0.0,1.0114045450256697,0.0,0.0,0.0,0.0,0.0,0.0,0.0,0.0,1.0114045450256697,0.0,0.0,0.0,81720.0,0,0,0,49,UTAH
2282,490066,0.0,0.0,0.0,81.75,1.5,0.0,80.25,185.6561408935764,0.0,1.5,0.0,0.0,70.5,7.25,2.5,0.0,0.0,0.0,103.90614089357638,0.0,81720.0,0,0,0,49,UTAH
2228,490012,3.999999992056335,15.83905448134476,0.252540326619088,0.0,0.0,0.0,0.0,12.282851191078956,0.0,0.0,0.0,0.0,0.0,0.0,0.0,0.0,12.13685457663572,0.0,0.14599661444323567,0.0,81720.0,0,0,0,49,UTAH
2455,490237,5.336022950053389,17.41216024634101,0.30645381587127885,0.0,0.0,0.0,0.0,2.2571480642575303,0.0,0.0,0.0,0.0,0.0,0.0,0.0,0.0,1.0114045417245223,0.0,0.9789405460377427,0.2668029764952651,96951.0,0,0,0,49,UTAH
2619,490401,11.75,27.611124360343062,0.42555311571723364,215.5,44.5,56.0,115.0,224.28069260679808,44.25,0.25,54.25,1.75,17.5,9.25,9.5,78.75,0.0,0.0,8.28004878191843,0.5006438248796328,96918.0,0,0,0,49,UTAH
3485,491266,169.5,567.5583139499536,0.29864772629327785,176.75,47.25,2.25,127.25,202.89405584368257,14.25,33.0,2.0,0.25,114.25,11.0,1.0,1.0,0.0,0.0,15.132203118802757,11.011852724879812,84614.0,0,0,0,49,UTAH
3561,491336,0.0,0.0,0.0,0.0,0.0,0.0,0.0,0.0,0.0,0.0,0.0,0.0,0.0,0.0,0.0,0.0,0.0,0.0,0.0,0.0,67754.0,0,0,0,49,UTAH
3514,491295,0.9999999994942917,3.4577076430616884,0.28920895076277303,0.0,0.0,0.0,0.0,103.19976320777155,0.0,0.0,0.0,0.0,0.0,0.0,0.0,0.0,103.16326405410672,0.0,0.03649915366483518,0.0,67754.0,0,0,0,49,UTAH
2217,490001,0.9999999985451298,2.7869841342559436,0.35881079703817736,0.0,0.0,0.0,0.0,1435.7252216552483,0.0,0.0,0.0,0.0,0.0,0.0,0.0,0.0,1435.6887225016183,0.0,0.03649915363019157,0.0,81720.0,0,0,0,49,UTAH
3553,491339,0.0,0.0,0.0,0.0,0.0,0.0,0.0,1.0114045502669318,0.0,0.0,0.0,0.0,0.0,0.0,0.0,0.0,1.0114045502669318,0.0,0.0,0.0,81720.0,0,0,0,49,UTAH
3554,491340,0.0,0.0,0.0,0.0,0.0,0.0,0.0,0.0,0.0,0.0,0.0,0.0,0.0,0.0,0.0,0.0,0.0,0.0,0.0,0.0,87096.0,0,0,0,49,UTAH
2219,490003,0.0,0.0,0.0,0.0,0.0,0.0,0.0,0.0,0.0,0.0,0.0,0.0,0.0,0.0,0.0,0.0,0.0,0.0,0.0,0.0,81720.0,0,0,0,49,UTAH
2528,490310,95.75,232.00991547755467,0.4126978788941593,538.25,140.5,5.75,392.0,580.4042193109518,56.5,84.0,5.75,0.0,21.5,82.0,21.25,267.25,0.0,0.0,36.1477541882901,6.006465122661717,107045.0,0,290,214,49,UTAH
2529,490311,3.0,9.254562011005628,0.3241644495366033,1163.25,170.5,44.5,948.25,1205.805709565334,143.25,27.25,40.75,3.75,1.5,241.25,269.5,436.0,0.0,0.0,42.55570956533397,0.0,85040.0,0,0,0,49,UTAH
2524,490306,383.75,920.971454103973,0.41667958142454714,48.25,11.25,2.0,35.0,89.99348406133322,8.75,2.5,2.0,0.0,0.0,5.0,5.75,24.25,0.0,0.0,16.716546050242723,25.02693801109049,107045.0,0,0,0,49,UTAH
2218,490002,0.0,0.0,0.0,0.0,0.0,0.0,0.0,3.0342136513274602,0.0,0.0,0.0,0.0,0.0,0.0,0.0,0.0,3.0342136513274602,0.0,0.0,0.0,81720.0,0,0,0,49,UTAH
3550,491338,0.0,0.0,0.0,0.0,0.0,0.0,0.0,0.0,0.0,0.0,0.0,0.0,0.0,0.0,0.0,0.0,0.0,0.0,0.0,0.0,81720.0,0,0,0,49,UTAH
3562,491346,1.0000000000322393,6.000000000193436,0.16666666666666666,0.0,0.0,0.0,0.0,0.0,0.0,0.0,0.0,0.0,0.0,0.0,0.0,0.0,0.0,0.0,0.0,0.0,67754.0,0,0,0,49,UTAH
3492,491273,44.24999988731847,150.3349901591037,0.29434265330038906,0.0,0.0,0.0,0.0,5.075233508774895,0.0,0.0,0.0,0.0,0.0,0.0,0.0,0.0,0.0,0.0,2.322154777870927,2.7530787309039675,67754.0,0,0,0,49,UTAH
2421,490203,0.0,0.0,0.0,0.0,0.0,0.0,0.0,17.193877597351094,0.0,0.0,0.0,0.0,0.0,0.0,0.0,0.0,17.193877597351094,0.0,0.0,0.0,87096.0,0,0,0,49,UTAH
2420,490202,0.0,0.0,0.0,0.0,0.0,0.0,0.0,24.273709078546815,0.0,0.0,0.0,0.0,0.0,0.0,0.0,0.0,24.273709078546815,0.0,0.0,0.0,87096.0,0,0,0,49,UTAH
2390,490172,7.0,21.296141739441435,0.32869803768424766,0.0,0.0,0.0,0.0,1.2668986258445938,0.0,0.0,0.0,0.0,0.0,0.0,0.0,0.0,1.0114045500615414,0.0,0.2554940757830524,0.0,81720.0,0,0,0,49,UTAH
2394,490176,0.0,0.0,0.0,0.0,0.0,0.0,0.0,11.12545001820674,0.0,0.0,0.0,0.0,0.0,0.0,0.0,0.0,11.12545001820674,0.0,0.0,0.0,81720.0,0,0,0,49,UTAH
2931,490713,189.0,502.6216094089965,0.37602840081275873,6022.0,9.25,3.25,6009.5,6260.710226431032,7.25,2.0,3.25,0.0,4.0,5943.25,7.0,55.25,0.0,0.0,226.6972961857093,12.012930245323432,50017.0,0,0,606,49,UTAH
2502,490284,1805.9999352468456,6193.854272217823,0.29157933911160205,0.0,0.0,0.0,0.0,709.0725856131492,0.0,0.0,0.0,0.0,0.0,0.0,0.0,0.0,4.04561805519271,0.0,588.421701240749,116.60526631720732,87096.0,0,0,0,49,UTAH
2563,490345,136.24998948997867,393.80840530867016,0.34598039974079486,0.0,0.0,0.0,0.0,49.23936721847145,0.0,0.0,0.0,0.0,0.0,0.0,0.0,0.0,0.0,0.0,40.22946010016744,9.009907118304012,83312.0,0,0,0,49,UTAH
2413,490195,0.0,0.0,0.0,0.0,0.0,0.0,0.0,4.045618200246166,0.0,0.0,0.0,0.0,0.0,0.0,0.0,0.0,4.045618200246166,0.0,0.0,0.0,81720.0,0,0,0,49,UTAH
2412,490194,0.0,0.0,0.0,0.0,0.0,0.0,0.0,3.034213650184624,0.0,0.0,0.0,0.0,0.0,0.0,0.0,0.0,3.034213650184624,0.0,0.0,0.0,81720.0,0,0,0,49,UTAH
2406,490188,0.0,0.0,0.0,0.0,0.0,0.0,0.0,4.045618200246166,0.0,0.0,0.0,0.0,0.0,0.0,0.0,0.0,4.045618200246166,0.0,0.0,0.0,81720.0,0,0,0,49,UTAH
2414,490196,0.0,0.0,0.0,0.0,0.0,0.0,0.0,4.045618200246166,0.0,0.0,0.0,0.0,0.0,0.0,0.0,0.0,4.045618200246166,0.0,0.0,0.0,81720.0,0,0,0,49,UTAH
2415,490197,0.0,0.0,0.0,0.0,0.0,0.0,0.0,3.034213650184624,0.0,0.0,0.0,0.0,0.0,0.0,0.0,0.0,3.034213650184624,0.0,0.0,0.0,81720.0,0,0,0,49,UTAH
2408,490190,0.0,0.0,0.0,21.75,0.0,0.25,21.5,24.56550899007398,0.0,0.0,0.0,0.25,18.25,3.0,0.25,0.0,2.022809100123083,0.0,0.7926998899508968,0.0,81720.0,0,0,0,49,UTAH
2410,490192,0.0,0.0,0.0,911.75,137.5,57.0,717.25,1349.62244882996,51.5,86.0,0.0,57.0,8.75,59.0,127.0,522.5,0.0,0.0,437.8724488299602,0.0,81720.0,0,0,0,49,UTAH
2411,490193,74.0,207.5951657930127,0.35646302127181184,0.0,0.0,0.0,0.0,10.269245383540405,0.0,0.0,0.0,0.0,0.0,0.0,0.0,0.0,3.034213650184624,0.0,2.729237309439085,4.505794423916695,95747.0,0,0,0,49,UTAH
2393,490175,0.0,0.0,0.0,0.0,0.0,0.0,0.0,0.0,0.0,0.0,0.0,0.0,0.0,0.0,0.0,0.0,0.0,0.0,0.0,0.0,81720.0,0,0,0,49,UTAH
2427,490209,0.0,0.0,0.0,0.0,0.0,0.0,0.0,0.0,0.0,0.0,0.0,0.0,0.0,0.0,0.0,0.0,0.0,0.0,0.0,0.0,91516.0,0,0,0,49,UTAH
2424,490206,1.0,3.2335866702912326,0.30925411994908275,0.0,0.0,0.0,0.0,40.49268115614496,0.0,0.0,0.0,0.0,0.0,0.0,0.0,0.0,40.45618200246166,0.0,0.0364991536832931,0.0,91516.0,0,0,0,49,UTAH
2430,490212,0.0,0.0,0.0,37.75,0.25,2.5,35.0,39.12668634888359,0.25,0.0,2.25,0.25,34.0,1.0,0.0,0.0,0.0,0.0,1.376686348883588,0.0,91516.0,0,0,0,49,UTAH
3163,490944,0.0,0.0,0.0,220.25,7.75,164.5,48.0,228.28392843177235,7.75,0.0,164.5,0.0,6.0,10.25,3.5,28.25,0.0,0.0,8.033928431772349,0.0,51304.0,0,0,0,49,UTAH
3383,491164,4.0,11.148070869720716,0.3588064739402046,65.0,13.25,0.5,51.25,179.53157335253735,10.25,3.0,0.5,0.0,0.0,1.75,5.25,44.25,1.0114045500615414,0.0,113.5201688024758,0.0,75589.0,0,0,0,49,UTAH
3393,491174,13.0,40.69877462016778,0.319419936382016,0.0,0.0,0.0,0.0,1.475566518326431,0.0,0.0,0.0,0.0,0.0,0.0,0.0,0.0,0.0,0.0,0.4744889978828117,1.0010775204436193,75589.0,0,0,0,49,UTAH
2419,490201,330.2499999405787,1278.0381305031415,0.2584038707910577,0.0,0.0,0.0,0.0,49.07220657766401,0.0,0.0,0.0,0.0,0.0,0.0,0.0,0.0,0.0,0.0,28.049578652130577,21.02262792553344,102760.0,0,0,0,49,UTAH
2225,490009,0.0,0.0,0.0,0.0,0.0,0.0,0.0,0.0,0.0,0.0,0.0,0.0,0.0,0.0,0.0,0.0,0.0,0.0,0.0,0.0,66402.0,0,0,0,49,UTAH
2220,490004,8.000000015161632,22.296141781697173,0.35880647394020454,0.0,0.0,0.0,0.0,1.2930707523605978,0.0,0.0,0.0,0.0,0.0,0.0,0.0,0.0,0.0,0.0,0.2919932300197323,1.0010775223408654,66402.0,0,0,0,49,UTAH
2942,490723,6.25,22.1102934609544,0.28267376961943846,0.0,0.0,0.0,0.0,0.2278609973688767,0.0,0.0,0.0,0.0,0.0,0.0,0.0,0.0,0.0,0.0,0.2278609973688767,0.0,55528.0,0,0,0,49,UTAH
3547,491328,5.0,25.0,0.2,0.0,0.0,0.0,0.0,0.0,0.0,0.0,0.0,0.0,0.0,0.0,0.0,0.0,0.0,0.0,0.0,0.0,87096.0,0,0,0,49,UTAH
3546,491327,0.0,0.0,0.0,0.0,0.0,0.0,0.0,0.0,0.0,0.0,0.0,0.0,0.0,0.0,0.0,0.0,0.0,0.0,0.0,0.0,87096.0,0,0,0,49,UTAH
3549,491330,0.0,0.0,0.0,0.0,0.0,0.0,0.0,0.0,0.0,0.0,0.0,0.0,0.0,0.0,0.0,0.0,0.0,0.0,0.0,0.0,109773.0,0,0,0,49,UTAH
3516,491297,1.99999999983763,4.6797508215854835,0.42737318205332075,0.0,0.0,0.0,0.0,0.07299830736065993,0.0,0.0,0.0,0.0,0.0,0.0,0.0,0.0,0.0,0.0,0.07299830736065993,0.0,144534.0,0,0,0,49,UTAH
3531,491312,9.999999999835163,24.29655314842198,0.4115810147533065,0.0,0.0,0.0,0.0,1.3660690572540337,0.0,0.0,0.0,0.0,0.0,0.0,0.0,0.0,0.0,0.0,0.3649915368269156,1.0010775204271178,101715.0,0,0,0,49,UTAH
3538,491319,5.000000000051208,19.00000000019459,0.2631578947368421,0.0,0.0,0.0,0.0,0.0,0.0,0.0,0.0,0.0,0.0,0.0,0.0,0.0,0.0,0.0,0.0,0.0,87096.0,0,0,0,49,UTAH
3537,491318,0.0,0.0,0.0,0.0,0.0,0.0,0.0,0.0,0.0,0.0,0.0,0.0,0.0,0.0,0.0,0.0,0.0,0.0,0.0,0.0,87096.0,0,0,0,49,UTAH
3530,491311,2.2499999999462683,4.26020099346225,0.5281440954075037,0.0,0.0,0.0,0.0,0.08112106239087657,0.0,0.0,0.0,0.0,0.0,0.0,0.0,0.0,0.0,0.0,0.08112106239087657,0.0,68752.0,0,0,0,49,UTAH
3520,491301,0.0,0.0,0.0,0.0,0.0,0.0,0.0,0.0,0.0,0.0,0.0,0.0,0.0,0.0,0.0,0.0,0.0,0.0,0.0,0.0,92729.0,0,0,0,49,UTAH
3518,491299,1.0,1.0,1.0,5.0,0.0,0.0,5.0,5.0,0.0,0.0,0.0,0.0,0.0,5.0,0.0,0.0,0.0,0.0,0.0,0.0,77419.0,0,0,0,49,UTAH
3519,491300,0.0,0.0,0.0,0.0,0.0,0.0,0.0,0.0,0.0,0.0,0.0,0.0,0.0,0.0,0.0,0.0,0.0,0.0,0.0,0.0,77419.0,0,0,0,49,UTAH
3517,491298,0.0,0.0,0.0,0.0,0.0,0.0,0.0,0.0,0.0,0.0,0.0,0.0,0.0,0.0,0.0,0.0,0.0,0.0,0.0,0.0,77419.0,0,0,0,49,UTAH
3521,491302,0.9999999999136254,4.573846519334543,0.21863435856153676,0.0,0.0,0.0,0.0,0.036499153680140506,0.0,0.0,0.0,0.0,0.0,0.0,0.0,0.0,0.0,0.0,0.036499153680140506,0.0,72466.0,0,0,0,49,UTAH
3524,491305,0.0,0.0,0.0,0.0,0.0,0.0,0.0,0.0,0.0,0.0,0.0,0.0,0.0,0.0,0.0,0.0,0.0,0.0,0.0,0.0,108155.0,0,0,0,49,UTAH
3534,491315,31.0,76.0,0.40789473684210525,0.0,0.0,0.0,0.0,0.0729983073665863,0.0,0.0,0.0,0.0,0.0,0.0,0.0,0.0,0.0,0.0,0.0729983073665863,0.0,88236.0,0,0,0,49,UTAH
3533,491314,54.0,166.0,0.3253012048192771,0.0,0.0,0.0,0.0,0.0,0.0,0.0,0.0,0.0,0.0,0.0,0.0,0.0,0.0,0.0,0.0,0.0,87096.0,0,0,0,49,UTAH
3532,491313,41.0,87.0,0.47126436781609193,2.0,2.0,0.0,0.0,2.0,2.0,0.0,0.0,0.0,0.0,0.0,0.0,0.0,0.0,0.0,0.0,0.0,87096.0,0,0,0,49,UTAH
3535,491316,0.0,0.0,0.0,0.0,0.0,0.0,0.0,0.0,0.0,0.0,0.0,0.0,0.0,0.0,0.0,0.0,0.0,0.0,0.0,0.0,87096.0,0,0,0,49,UTAH
3536,491317,0.0,0.0,0.0,0.0,0.0,0.0,0.0,0.0,0.0,0.0,0.0,0.0,0.0,0.0,0.0,0.0,0.0,0.0,0.0,0.0,87096.0,0,0,0,49,UTAH
3539,491320,0.0,0.0,0.0,0.0,0.0,0.0,0.0,0.0,0.0,0.0,0.0,0.0,0.0,0.0,0.0,0.0,0.0,0.0,0.0,0.0,103837.0,0,0,0,49,UTAH
3540,491321,65.0,247.0,0.2631578947368421,8.0,7.2,0.0,0.8,16.0,7.2,0.0,0.0,0.0,0.8,0.0,0.0,0.0,0.0,0.0,8.0,0.0,98256.0,0,0,0,49,UTAH
3542,491323,1.0,6.0,0.16666666666666666,0.0,0.0,0.0,0.0,0.0,0.0,0.0,0.0,0.0,0.0,0.0,0.0,0.0,0.0,0.0,0.0,0.0,87096.0,0,0,0,49,UTAH
3541,491322,0.0,0.0,0.0,0.0,0.0,0.0,0.0,0.0,0.0,0.0,0.0,0.0,0.0,0.0,0.0,0.0,0.0,0.0,0.0,0.0,95466.0,0,0,0,49,UTAH
3543,491324,0.0,0.0,0.0,0.0,0.0,0.0,0.0,0.0,0.0,0.0,0.0,0.0,0.0,0.0,0.0,0.0,0.0,0.0,0.0,0.0,87096.0,0,0,0,49,UTAH
3544,491325,34.5,101.4,0.3402366863905325,23.4,0.0,0.0,23.4,23.4,0.0,0.0,0.0,0.0,0.0,0.0,23.4,0.0,0.0,0.0,0.0,0.0,87096.0,0,0,0,49,UTAH
3545,491326,32.0,136.8,0.23391812865497075,0.0,0.0,0.0,0.0,0.0,0.0,0.0,0.0,0.0,0.0,0.0,0.0,0.0,0.0,0.0,0.0,0.0,87096.0,0,0,0,49,UTAH
3560,491335,272.611084105287,911.8903791997094,0.2989515958535884,0.0,0.0,0.0,0.0,27.270629324401032,0.0,0.0,0.0,0.0,0.0,0.0,0.0,0.0,0.0,0.0,9.878750178784937,17.391879145616095,74183.0,0,0,0,49,UTAH
3559,491334,3.0,6.797360561542695,0.4413477809273567,0.0,0.0,0.0,0.0,0.1094974610498795,0.0,0.0,0.0,0.0,0.0,0.0,0.0,0.0,0.0,0.0,0.1094974610498795,0.0,120577.0,0,0,0,49,UTAH
3551,491331,14.999999979716724,41.99999994320683,0.35714285714285715,0.0,0.0,0.0,0.0,0.0,0.0,0.0,0.0,0.0,0.0,0.0,0.0,0.0,0.0,0.0,0.0,0.0,109773.0,0,0,0,49,UTAH
3555,491332,5.0,9.0,0.5555555555555556,0.0,0.0,0.0,0.0,0.0,0.0,0.0,0.0,0.0,0.0,0.0,0.0,0.0,0.0,0.0,0.0,0.0,109773.0,0,0,0,49,UTAH
3558,491333,0.0,0.0,0.0,0.0,0.0,0.0,0.0,0.0,0.0,0.0,0.0,0.0,0.0,0.0,0.0,0.0,0.0,0.0,0.0,0.0,109773.0,0,0,0,49,UTAH
3527,491308,4.0,10.0,0.4,42.0,0.0,0.0,42.0,42.0,0.0,0.0,0.0,0.0,0.0,10.5,0.0,31.5,0.0,0.0,0.0,0.0,77419.0,0,0,0,49,UTAH
3522,491303,0.0,0.0,0.0,0.0,0.0,0.0,0.0,0.0,0.0,0.0,0.0,0.0,0.0,0.0,0.0,0.0,0.0,0.0,0.0,0.0,77419.0,0,0,0,49,UTAH
3525,491306,18.0,95.0,0.18947368421052632,0.0,0.0,0.0,0.0,2.0,0.0,0.0,0.0,0.0,0.0,0.0,0.0,0.0,0.0,0.0,2.0,0.0,81813.0,0,0,0,49,UTAH
3528,491309,34.0,83.0,0.40963855421686746,0.0,0.0,0.0,0.0,0.0,0.0,0.0,0.0,0.0,0.0,0.0,0.0,0.0,0.0,0.0,0.0,0.0,77419.0,0,0,0,49,UTAH
3523,491304,32.0,103.0,0.3106796116504854,382.3,266.9,0.0,115.4,382.3,112.6,154.3,0.0,0.0,0.0,0.0,0.0,115.4,0.0,0.0,0.0,0.0,77419.0,0,0,0,49,UTAH
3526,491307,0.0,0.0,0.0,0.0,0.0,0.0,0.0,0.0,0.0,0.0,0.0,0.0,0.0,0.0,0.0,0.0,0.0,0.0,0.0,0.0,77419.0,0,0,0,49,UTAH
3548,491329,2.0,5.0,0.4,0.0,0.0,0.0,0.0,0.0,0.0,0.0,0.0,0.0,0.0,0.0,0.0,0.0,0.0,0.0,0.0,0.0,87096.0,0,0,0,49,UTAH
3529,491310,6.0,17.0,0.35294117647058826,37.0,0.0,0.0,37.0,37.0,0.0,0.0,0.0,0.0,0.0,0.0,0.0,37.0,0.0,0.0,0.0,0.0,77419.0,0,0,0,49,UTAH
3093,490874,5.844583151713791,16.45959302734562,0.3550867352554662,18.453122085748035,3.6774905224266545,2.758117891819991,12.017513671501389,19.70113027205866,2.101423155672374,1.5760673667542806,2.758117891819991,0.0,0.19700842084428508,2.4954399973609442,3.020795786279038,6.304269467017122,0.0,0.0,0.853535508358902,0.394472677951721,58032.0,0,0,0,49,UTAH
3096,490877,6.990143216425885,20.25160141618899,0.34516496116884926,89.89844982121606,8.26247171038884,49.136581651896044,32.49939645893119,96.91033886941547,8.156736549262494,0.10573516112634543,30.600911896101007,18.53566975579504,6.689815162410756,3.138627661497618,2.457418653529703,20.21353498149311,0.3667541931935449,0.0,6.357361807717162,0.2877730472887021,58032.0,0,0,0,49,UTAH
3105,490886,69.16462381801094,204.30731401723145,0.33853229460095363,17.241036661880987,2.1050102901133765,1.603817363895906,13.532209007871707,67.12190288118977,2.0047717048698823,0.10023858524349412,1.4033401934089176,0.20047717048698824,0.801908681947953,2.505964631087353,1.2028630229219295,9.02147267191447,0.0,0.0,45.5661184926981,4.314747726610664,58032.0,0,0,0,49,UTAH
3264,491045,11.83569906973604,35.96376283154976,0.32910068741063414,0.0,0.0,0.0,0.0,13.077542781078481,0.0,0.0,0.0,0.0,0.0,0.0,0.0,0.0,0.0,0.0,12.272332306177589,0.8052104749008906,72269.0,0,0,0,49,UTAH
3266,491047,1.399764168110237,4.318068098186632,0.3241644495366033,0.0,0.0,0.0,0.0,0.5229994903721567,0.0,0.0,0.0,0.0,0.0,0.0,0.0,0.0,0.47190928287993406,0.0,0.05109020749222255,0.0,69330.0,0,0,0,49,UTAH
3268,491049,0.48144355229825014,0.9116176312479982,0.528120053622874,0.0,0.0,0.0,0.0,0.9914406809896482,0.0,0.0,0.0,0.0,0.0,0.0,0.0,0.0,0.9738683987844837,0.0,0.017572282205164415,0.0,69330.0,0,0,0,49,UTAH
3138,490919,0.0,0.0,0.0,0.0,0.0,0.0,0.0,0.9304247571830541,0.0,0.0,0.0,0.0,0.0,0.0,0.0,0.0,0.9304247571830541,0.0,0.0,0.0,51304.0,0,0,0,49,UTAH
3133,490914,0.0,0.0,0.0,0.0,0.0,0.0,0.0,1.0088389323305285,0.0,0.0,0.0,0.0,0.0,0.0,0.0,0.0,1.0088389323305285,0.0,0.0,0.0,51304.0,0,0,0,49,UTAH
3262,491043,47.586786028276194,150.53290378270236,0.3161221555718396,106.81714736134337,27.640835288764684,4.252436198271489,74.9238758743072,127.13180509989988,13.97229036574918,13.668544923015503,1.3162302518459372,2.9362059464255523,4.859927083738845,10.023599610211368,2.9362059464255523,57.10414323393143,0.0,0.0,17.17254870906347,3.1421090294930356,69330.0,0,0,0,49,UTAH
2584,490366,329.625919129655,955.8293353818192,0.34485855050471054,1.112495657177712,0.19632276303136095,0.06544092101045365,0.8507319731358974,64.30401931554002,0.19632276303136095,0.0,0.0,0.06544092101045365,0.0,0.1308818420209073,0.1308818420209073,0.5889682890940828,0.0,0.0,41.90003324844242,21.29149040991988,83312.0,0,0,0,49,UTAH
2582,490364,502.41118924573317,1466.7799138565588,0.3425266357273458,21.48707152468537,1.3278527346715676,15.3306633912081,4.828555398805701,81.20010771411494,1.3278527346715676,0.0,0.6035694248507126,14.727093966357387,1.0864249647312827,0.24142776994028503,1.4485666196417102,2.0521360444924226,0.0,0.0,27.20598648531537,32.50704970411419,83312.0,0,0,0,49,UTAH
2586,490368,188.65600447837627,550.7776178566975,0.34252663572734576,8.06842114299639,0.49861029535370954,5.756682500901919,1.813128346740762,30.4907378905252,0.49861029535370954,0.0,0.22664104334259524,5.5300414575593235,0.40795387801667143,0.0906564173370381,0.5439385040222285,0.7705795473648238,0.0,0.0,10.215880573674726,12.206436173854083,83312.0,0,0,0,49,UTAH
2585,490367,173.49120302489416,503.07945864445526,0.34485845137141,0.5873107152222338,0.10368337795687696,0.03446573908156754,0.44916159818378926,33.84837158182725,0.10359602363421322,0.00008735432266374661,0.00001054276308010735,0.03445519631848743,6.0244360457756286e-6,0.06909413793637102,0.0693441520322707,0.31071728377910174,0.0,0.0,22.054762565110465,11.206298301494554,83312.0,0,0,0,49,UTAH
2580,490362,252.12091319870345,731.0849994286559,0.3448585505047106,0.8509143387687033,0.1501613539003594,0.050053784633453134,0.6506992002348907,49.18420285330788,0.1501613539003594,0.0,0.0,0.050053784633453134,0.0,0.10010756926690627,0.10010756926690627,0.4504840617010782,0.0,0.0,32.04807035061507,16.285218163924107,83312.0,0,0,0,49,UTAH
2567,490349,107.0205156398992,314.0767364663872,0.3407463947949951,0.0024692968909022935,0.00013718316060568297,0.0008916905439369393,0.0014404231863596713,11.187336838961013,0.00013718316060568297,0.0,0.0,0.0008916905439369393,0.0013032400257539881,0.0,0.0,0.00013718316060568297,0.3653399960539078,0.0,3.931039123047593,6.888488422968611,83312.0,0,0,0,49,UTAH
2801,490583,6.3751107468195665,16.076078295528603,0.3965588267004608,20.676034854549943,3.5321559543189487,0.17230029045458287,16.97157860977641,29.81806721823133,1.80915304977312,1.7230029045458286,0.08615014522729143,0.08615014522729143,0.0,2.6706545020460344,6.7197113277287315,7.581212780001646,0.0,0.0,8.624625208107075,0.5174071555743154,76529.0,0,0,0,49,UTAH
2802,490584,43.03160255000847,112.6689147830953,0.3819296798309526,3.1728370543785047,0.49575578974664136,0.19830231589865654,2.478778948733207,30.23700780705948,0.49575578974664136,0.0,0.19830231589865654,0.0,0.0,0.5949069476959696,0.19830231589865654,1.6855696851385806,0.0,0.0,24.28504687837229,2.779123874308689,76529.0,0,0,0,49,UTAH
2363,490147,83.07909410421746,234.98169612280867,0.35355559805304054,0.0,0.0,0.0,0.0,9.606533724103338,0.0,0.0,0.0,0.0,0.0,0.0,0.0,0.0,1.1946906226350216,0.0,3.0911552461218434,5.320687855346473,79647.0,0,0,0,49,UTAH
2256,490040,0.4289335593354847,1.0039229909752536,0.4272574322845225,0.0,0.0,0.0,0.0,1.224117407459036,0.0,0.0,0.0,0.0,0.0,0.0,0.0,0.0,1.208461695556928,0.0,0.015655711902107777,0.0,81720.0,0,0,0,49,UTAH
2497,490279,534.6245528532451,1688.4248963634388,0.3166410031057523,0.0,0.0,0.0,0.0,55.44493965192334,0.0,0.0,0.0,0.0,0.0,0.0,0.0,0.0,0.9367201478222419,0.0,19.97203654068702,34.53618296341408,70166.0,0,0,0,49,UTAH
2499,490281,177.19912910872506,630.1056695399184,0.28122128981653155,68.82329356156416,9.879258902382524,1.1271637673859256,57.81687089179571,89.64289248038291,9.149917641132808,0.7293412612497165,0.9945562653405225,0.132607502045403,3.580402555225881,8.42057637988309,4.376047567498299,41.43984438918844,0.43071337601559667,0.0,8.91540695377597,11.47347858902719,70166.0,0,0,0,49,UTAH
3109,490890,190.4988362203343,683.8048987813705,0.2785865333223381,4.24132889737362,1.443856645914424,0.27072312110895447,2.526749130350242,23.996169353564405,0.0,1.443856645914424,0.0,0.27072312110895447,0.0,0.360964161478606,0.27072312110895447,1.8950618477626815,0.0,0.0,7.468875239352973,12.285965216837813,91005.0,0,0,0,49,UTAH
3127,490908,106.39686887630255,359.9505258158165,0.29558748007148317,0.0,0.0,0.0,0.0,12.237005703992374,0.0,0.0,0.0,0.0,0.0,0.0,0.0,0.0,0.0,0.0,5.361142401740522,6.875863302251854,113111.0,0,0,0,49,UTAH
3244,491025,18.62636658038479,45.621138079821066,0.40828368963078365,21.94890764607505,3.3225410656902596,0.40273225038669813,18.22363432999809,30.760418462020006,3.020491877900236,0.3020491877900236,0.3020491877900236,0.10068306259667453,1.2081967511600944,4.027322503866982,1.2081967511600944,11.77991832381092,0.0,0.0,7.602051690971326,1.2094591249736326,105921.0,0,0,0,49,UTAH
2369,490152,110.84545514025655,482.00424358443246,0.22996779927901154,8.161892808771675,0.0,0.0,8.161892808771675,20.126813277356447,0.0,0.0,0.0,0.0,0.37855585334522035,7.215503175408625,0.5678337800178306,0.0,0.4389604329613569,0.0,4.34344854395133,7.182511491672086,79647.0,0,0,0,49,UTAH
2373,490155,79.60254512595012,221.15059307534924,0.35994723784814076,0.0,0.0,0.0,0.0,9.469645677880829,0.0,0.0,0.0,0.0,0.0,0.0,0.0,0.0,1.4688324075140728,0.0,2.8230486267999972,5.177764643566758,79422.0,0,0,0,49,UTAH
2935,490715,68.23529306715137,160.14040653460404,0.42609666444431504,0.0,0.0,0.0,0.0,7.32504760900232,0.0,0.0,0.0,0.0,0.0,0.0,0.0,0.0,0.4821902943783382,0.0,2.487788121005651,4.3550691936183314,66338.0,0,0,0,49,UTAH
