;TAZID,CO_TAZID,TOTHH,HHPOP,HHSIZE,TOTEMP,RETEMP,INDEMP,OTHEMP,ALLEMP,RETL,FOOD,MANU,WSLE,OFFI,GVED,HLTH,OTHR,FM_AGRI,FM_MING,FM_CONS,HBJ,AVGINCOME,Enrol_Elem,Enrol_Midl,Enrol_High,CO_FIPS,CO_NAME
1,30001,0.0,0.0,0.0,0.0,0.0,0.0,0.0,0.0,0.0,0.0,0.0,0.0,0.0,0.0,0.0,0.0,0.0,0.0,0.0,0.0,68948.0,0,0,0,3,BOX ELDER
2,30002,17.0,43.0,0.3953488372093023,0.0,0.0,0.0,0.0,9.3,0.0,0.0,0.0,0.0,0.0,0.0,0.0,0.0,0.0,0.0,3.0,1.0,66905.0,0,0,0,3,BOX ELDER
3,30003,27.0,71.0,0.38028169014084506,0.0,0.0,0.0,0.0,2.2,0.0,0.0,0.0,0.0,0.0,0.0,0.0,0.0,0.0,0.0,3.0,1.0,51492.0,0,0,0,3,BOX ELDER
4,30004,1.0,3.0,0.3333333333333333,0.0,0.0,0.0,0.0,0.8000000000000002,0.0,0.0,0.0,0.0,0.0,0.0,0.0,0.0,0.0,0.0,0.0,0.0,51492.0,0,0,0,3,BOX ELDER
5,30005,70.99999999836746,209.99999999517138,0.33809523809523806,2.9999999999310196,0.0,0.0,2.9999999999310196,14.899999999657398,0.0,0.0,0.0,0.0,0.0,0.0,2.9999999999310196,0.0,0.0,0.0,9.999999999770065,3.999999999908026,68948.0,0,0,0,3,BOX ELDER
6,30006,4.0,10.0,0.4,10.0,0.0,10.0,0.0,5.400000000000001,0.0,0.0,0.0,10.0,0.0,0.0,0.0,0.0,0.0,0.0,1.0,0.0,51492.0,0,0,0,3,BOX ELDER
7,30007,43.99999996545621,115.99999990893001,0.37931034482758624,41.99999996702638,1.9999999984298278,32.999999974092155,6.999999994504397,143.29999988749717,1.9999999984298278,0.0,0.0,32.999999974092155,0.0,0.0,0.0,6.999999994504397,209.99999983513192,0.0,7.999999993719311,2.999999997644742,51492.0,0,0,0,3,BOX ELDER
8,30008,55.0,164.0,0.3353658536585366,59.0,19.0,0.0,40.0,48.5,19.0,0.0,0.0,0.0,38.0,0.0,0.0,2.0,0.0,0.0,8.0,3.0,71055.0,0,0,0,3,BOX ELDER
9,30009,17.0,44.0,0.38636363636363635,109.0,0.0,109.0,0.0,73.4,0.0,0.0,0.0,109.0,0.0,0.0,0.0,0.0,0.0,0.0,3.0,1.0,,0,0,0,3,BOX ELDER
10,30010,24.0,64.0,0.375,114.0,0.0,114.0,0.0,54.20000000000001,0.0,0.0,0.0,114.0,0.0,0.0,0.0,0.0,0.0,0.0,4.0,1.0,51492.0,0,0,0,3,BOX ELDER
11,30011,9.0,25.0,0.36,0.0,0.0,0.0,0.0,1.6000000000000003,0.0,0.0,0.0,0.0,0.0,0.0,0.0,0.0,0.0,0.0,0.0,0.0,71342.0,0,0,0,3,BOX ELDER
12,30012,19.0,55.0,0.34545454545454546,0.0,0.0,0.0,0.0,2.3,0.0,0.0,0.0,0.0,0.0,0.0,0.0,0.0,0.0,0.0,3.0,1.0,71342.0,0,0,0,3,BOX ELDER
13,30013,0.0,0.0,0.0,0.0,0.0,0.0,0.0,3.6,0.0,0.0,0.0,0.0,0.0,0.0,0.0,0.0,0.0,0.0,0.0,0.0,71342.0,0,0,0,3,BOX ELDER
14,30014,0.0,0.0,0.0,0.0,0.0,0.0,0.0,6.8,0.0,0.0,0.0,0.0,0.0,0.0,0.0,0.0,0.0,0.0,0.0,0.0,71342.0,0,0,0,3,BOX ELDER
15,30015,1.0,3.0,0.3333333333333333,304.0,0.0,295.0,9.0,315.2,0.0,0.0,116.0,179.0,0.0,0.0,0.0,9.0,48.0,0.0,6.0,0.0,66905.0,0,0,0,3,BOX ELDER
16,30016,1.0,3.0,0.3333333333333333,115.0,0.0,92.0,23.0,92.3,0.0,0.0,2.0,90.0,0.0,0.0,0.0,23.0,0.0,0.0,3.0,0.0,68948.0,0,0,0,3,BOX ELDER
17,30017,4.0,11.0,0.36363636363636365,0.0,0.0,0.0,0.0,38.8,0.0,0.0,0.0,0.0,0.0,0.0,0.0,0.0,0.0,0.0,1.0,0.0,71342.0,0,0,0,3,BOX ELDER
18,30018,0.0,0.0,0.0,759.0,0.0,759.0,0.0,769.7000000000002,0.0,0.0,495.0,264.0,0.0,0.0,0.0,0.0,0.0,0.0,14.0,0.0,71342.0,0,0,0,3,BOX ELDER
19,30019,270.0,800.0,0.3375,29.0,17.0,12.0,0.0,66.4,17.0,0.0,0.0,12.0,0.0,0.0,0.0,0.0,0.0,0.0,28.0,13.0,68948.0,0,0,0,3,BOX ELDER
20,30020,183.0,412.0,0.4441747572815534,40.0,13.0,2.0,25.0,146.9,13.0,0.0,0.0,2.0,0.0,0.0,0.0,25.0,0.0,0.0,25.0,11.0,79483.0,0,0,0,3,BOX ELDER
21,30021,0.0,0.0,0.0,455.0,0.0,455.0,0.0,467.8999999999999,0.0,0.0,407.0,48.0,0.0,0.0,0.0,0.0,0.0,0.0,10.0,0.0,68948.0,0,0,0,3,BOX ELDER
22,30022,3.0,7.0,0.42857142857142855,10.0,0.0,10.0,0.0,100.8,0.0,0.0,10.0,0.0,0.0,0.0,0.0,0.0,0.0,0.0,0.0,0.0,68948.0,0,0,0,3,BOX ELDER
23,30023,4.0,11.0,0.36363636363636365,54.0,0.0,54.0,0.0,166.5,0.0,0.0,21.0,33.0,0.0,0.0,0.0,0.0,0.0,0.0,1.0,0.0,68948.0,0,0,0,3,BOX ELDER
24,30024,160.0,472.0,0.3389830508474576,1.0,0.0,0.0,1.0,28.8,0.0,0.0,0.0,0.0,0.0,0.0,1.0,0.0,0.0,0.0,15.0,7.0,68948.0,0,0,0,3,BOX ELDER
25,30025,363.0,1075.0,0.33767441860465114,145.0,6.0,2.0,137.0,175.69999999999996,6.0,0.0,0.0,2.0,0.0,117.0,15.0,5.0,0.0,0.0,54.0,23.0,61738.0,0,0,0,3,BOX ELDER
26,30026,245.0,615.0,0.3983739837398374,210.0,19.0,38.0,153.0,189.7,19.0,0.0,14.0,24.0,0.0,53.0,79.0,21.0,0.0,0.0,38.0,15.0,54266.0,0,0,0,3,BOX ELDER
27,30027,0.0,0.0,0.0,0.0,0.0,0.0,0.0,31.2,0.0,0.0,0.0,0.0,0.0,0.0,0.0,0.0,0.0,0.0,0.0,0.0,71342.0,0,0,0,3,BOX ELDER
28,30028,1.0,3.0,0.3333333333333333,82.0,0.0,82.0,0.0,300.5,0.0,0.0,82.0,0.0,0.0,0.0,0.0,0.0,0.0,0.0,3.0,0.0,71342.0,0,0,0,3,BOX ELDER
29,30029,279.0,791.0,0.3527180783817952,2.0,0.0,2.0,0.0,25.0,0.0,0.0,0.0,2.0,0.0,0.0,0.0,0.0,0.0,0.0,25.0,11.0,71342.0,0,0,0,3,BOX ELDER
30,30030,349.0,720.0,0.4847222222222222,113.0,15.0,10.0,88.0,100.8,15.0,0.0,0.0,10.0,44.0,0.0,35.0,9.0,0.0,0.0,57.0,25.0,50633.0,0,0,0,3,BOX ELDER
31,30031,264.0,571.0,0.46234676007005254,227.0,70.0,77.0,80.0,194.7,6.0,64.0,77.0,0.0,41.0,0.0,0.0,39.0,0.0,0.0,39.0,15.0,48874.0,0,0,0,3,BOX ELDER
32,30032,135.0,339.0,0.39823008849557523,2.0,0.0,2.0,0.0,15.9,0.0,0.0,0.0,2.0,0.0,0.0,0.0,0.0,0.0,0.0,18.0,8.0,54597.0,0,0,0,3,BOX ELDER
33,30033,196.0,423.0,0.46335697399527187,17.0,0.0,17.0,0.0,23.7,0.0,0.0,0.0,17.0,0.0,0.0,0.0,0.0,0.0,0.0,24.0,11.0,47880.0,0,0,0,3,BOX ELDER
34,30034,241.0,606.0,0.3976897689768977,23.0,2.0,15.0,6.0,26.2,2.0,0.0,15.0,0.0,6.0,0.0,0.0,0.0,0.0,0.0,32.0,14.0,72580.0,0,0,0,3,BOX ELDER
35,30035,337.0,782.0,0.4309462915601023,0.0,0.0,0.0,0.0,14.5,0.0,0.0,0.0,0.0,0.0,0.0,0.0,0.0,0.0,0.0,46.0,20.0,69784.0,0,0,0,3,BOX ELDER
36,30036,94.0,212.0,0.44339622641509435,0.0,0.0,0.0,0.0,14.199999999999998,0.0,0.0,0.0,0.0,0.0,0.0,0.0,0.0,0.0,0.0,14.0,6.0,79483.0,0,0,0,3,BOX ELDER
37,30037,0.0,0.0,0.0,5.0,0.0,0.0,5.0,76.2,0.0,0.0,0.0,0.0,0.0,0.0,0.0,5.0,0.0,0.0,0.0,0.0,71342.0,0,0,0,3,BOX ELDER
38,30038,0.0,0.0,0.0,1538.0,0.0,1510.0,28.0,1223.2,0.0,0.0,1510.0,0.0,0.0,24.0,4.0,0.0,0.0,0.0,34.0,0.0,71342.0,0,0,0,3,BOX ELDER
39,30039,72.0,204.0,0.35294117647058826,140.0,19.0,0.0,121.0,186.80000000000004,19.0,0.0,0.0,0.0,0.0,0.0,4.0,117.0,0.0,0.0,14.0,4.0,63775.0,0,0,0,3,BOX ELDER
40,30040,351.0,726.0,0.4834710743801653,309.0,41.0,26.0,242.0,279.4,41.0,0.0,0.0,26.0,62.0,92.0,31.0,57.0,0.0,0.0,68.0,27.0,44064.0,0,0,0,3,BOX ELDER
41,30041,130.0,270.0,0.48148148148148145,373.0,234.0,0.0,139.0,563.0,234.0,0.0,0.0,0.0,0.0,0.0,29.0,110.0,0.0,0.0,28.0,9.0,37413.0,0,0,0,3,BOX ELDER
42,30042,79.0,163.0,0.48466257668711654,81.0,0.0,0.0,81.0,88.59999999999998,0.0,0.0,0.0,0.0,3.0,0.0,0.0,78.0,0.0,0.0,13.0,5.0,37413.0,0,0,0,3,BOX ELDER
43,30043,232.0,538.0,0.4312267657992565,93.0,0.0,2.0,91.0,98.0,0.0,0.0,0.0,2.0,0.0,44.0,47.0,0.0,0.0,0.0,34.0,14.0,69838.0,0,0,0,3,BOX ELDER
44,30044,120.0,323.0,0.3715170278637771,0.0,0.0,0.0,0.0,19.0,0.0,0.0,0.0,0.0,0.0,0.0,0.0,0.0,0.0,0.0,21.0,9.0,79596.0,0,0,0,3,BOX ELDER
45,30045,108.0,291.0,0.3711340206185567,38.0,0.0,0.0,38.0,51.0,0.0,0.0,0.0,0.0,38.0,0.0,0.0,0.0,0.0,0.0,10.0,4.0,79606.0,0,0,0,3,BOX ELDER
46,30046,0.0,0.0,0.0,0.0,0.0,0.0,0.0,0.0,0.0,0.0,0.0,0.0,0.0,0.0,0.0,0.0,0.0,0.0,0.0,0.0,79606.0,0,0,0,3,BOX ELDER
47,30047,3.0,7.0,0.42857142857142855,0.0,0.0,0.0,0.0,0.0,0.0,0.0,0.0,0.0,0.0,0.0,0.0,0.0,0.0,0.0,0.0,0.0,71342.0,0,0,0,3,BOX ELDER
48,30048,10.0,28.0,0.35714285714285715,0.0,0.0,0.0,0.0,1.8,0.0,0.0,0.0,0.0,0.0,0.0,0.0,0.0,0.0,0.0,1.0,0.0,71342.0,0,0,0,3,BOX ELDER
49,30049,0.0,0.0,0.0,110.0,110.0,0.0,0.0,279.0,82.0,28.0,0.0,0.0,0.0,0.0,0.0,0.0,0.0,0.0,3.0,0.0,71342.0,0,0,0,3,BOX ELDER
50,30050,4.0,11.0,0.36363636363636365,265.0,0.0,62.0,203.0,472.8999999999999,0.0,0.0,12.0,50.0,35.0,108.0,55.0,5.0,0.0,0.0,7.0,0.0,71342.0,0,0,0,3,BOX ELDER
51,30051,6.0,15.0,0.4,91.0,0.0,59.0,32.0,99.90000000000002,0.0,0.0,11.0,48.0,18.0,0.0,14.0,0.0,0.0,0.0,3.0,0.0,53556.0,0,0,0,3,BOX ELDER
52,30052,61.0,122.0,0.5,1813.0,0.0,179.0,1634.0,1802.9000000000003,0.0,0.0,179.0,0.0,0.0,0.0,29.0,1605.0,0.0,0.0,61.0,4.0,36260.0,0,0,0,3,BOX ELDER
53,30053,290.0,585.0,0.49572649572649574,1454.0,360.0,85.0,1009.0,1252.7,314.0,46.0,6.0,79.0,68.0,384.0,68.0,489.0,0.0,0.0,74.0,17.0,36260.0,0,0,0,3,BOX ELDER
54,30054,169.0,467.0,0.3618843683083512,691.0,64.0,19.0,608.0,666.8,13.0,51.0,19.0,0.0,97.0,248.0,82.0,181.0,0.0,0.0,46.0,13.0,40402.0,0,0,0,3,BOX ELDER
55,30055,197.0,546.0,0.3608058608058608,246.0,0.0,1.0,245.0,219.30000000000004,0.0,0.0,1.0,0.0,3.0,226.0,0.0,16.0,0.0,0.0,34.0,12.0,40402.0,0,0,0,3,BOX ELDER
56,30056,46.0,124.0,0.3709677419354839,0.0,0.0,0.0,0.0,3.2999999999999994,0.0,0.0,0.0,0.0,0.0,0.0,0.0,0.0,0.0,0.0,6.0,2.0,79606.0,0,0,0,3,BOX ELDER
57,30057,62.0,167.0,0.3712574850299401,0.0,0.0,0.0,0.0,8.4,0.0,0.0,0.0,0.0,0.0,0.0,0.0,0.0,0.0,0.0,13.0,6.0,79606.0,0,0,0,3,BOX ELDER
58,30058,0.0,0.0,0.0,0.0,0.0,0.0,0.0,0.0,0.0,0.0,0.0,0.0,0.0,0.0,0.0,0.0,0.0,0.0,0.0,0.0,79606.0,0,0,0,3,BOX ELDER
59,30059,0.0,0.0,0.0,0.0,0.0,0.0,0.0,23.7,0.0,0.0,0.0,0.0,0.0,0.0,0.0,0.0,0.0,0.0,0.0,0.0,71342.0,0,0,0,3,BOX ELDER
60,30060,0.0,0.0,0.0,0.0,0.0,0.0,0.0,24.3,0.0,0.0,0.0,0.0,0.0,0.0,0.0,0.0,0.0,0.0,0.0,0.0,71342.0,0,0,0,3,BOX ELDER
61,30061,309.0,951.0,0.3249211356466877,0.0,0.0,0.0,0.0,24.7,0.0,0.0,0.0,0.0,0.0,0.0,0.0,0.0,0.0,0.0,35.0,15.0,52227.0,0,0,0,3,BOX ELDER
62,30062,243.0,750.0,0.324,16.0,2.0,0.0,14.0,72.5,2.0,0.0,0.0,0.0,0.0,0.0,0.0,14.0,0.0,0.0,34.0,15.0,52635.0,0,0,0,3,BOX ELDER
63,30063,23.0,57.0,0.40350877192982454,229.0,0.0,0.0,229.0,196.2,0.0,0.0,0.0,0.0,0.0,229.0,0.0,0.0,0.0,0.0,8.0,1.0,53556.0,0,0,0,3,BOX ELDER
64,30064,267.0,821.0,0.32521315468940315,111.0,88.0,0.0,23.0,167.0,0.0,88.0,0.0,0.0,0.0,0.0,0.0,23.0,0.0,0.0,39.0,16.0,52227.0,0,0,0,3,BOX ELDER
65,30065,330.0,811.0,0.406905055487053,78.0,47.0,0.0,31.0,83.6,47.0,0.0,0.0,0.0,0.0,5.0,1.0,25.0,0.0,0.0,49.0,21.0,53556.0,0,0,0,3,BOX ELDER
66,30066,165.0,316.0,0.5221518987341772,133.0,83.0,0.0,50.0,142.9,58.0,25.0,0.0,0.0,0.0,0.0,9.0,41.0,0.0,0.0,32.0,13.0,44338.0,0,0,0,3,BOX ELDER
67,30067,164.0,452.0,0.36283185840707965,139.0,94.0,0.0,45.0,121.5,94.0,0.0,0.0,0.0,3.0,0.0,1.0,41.0,0.0,0.0,28.0,11.0,42956.0,0,0,0,3,BOX ELDER
68,30068,205.0,565.0,0.36283185840707965,39.0,0.0,0.0,39.0,46.0,0.0,0.0,0.0,0.0,0.0,0.0,21.0,18.0,0.0,0.0,32.0,14.0,44041.0,0,0,0,3,BOX ELDER
69,30069,35.0,96.0,0.3645833333333333,23.0,0.0,0.0,23.0,73.8,0.0,0.0,0.0,0.0,0.0,0.0,0.0,23.0,0.0,0.0,6.0,2.0,42956.0,0,0,0,3,BOX ELDER
70,30070,124.0,238.0,0.5210084033613446,25.0,0.0,0.0,25.0,32.4,0.0,0.0,0.0,0.0,9.0,0.0,0.0,16.0,0.0,0.0,15.0,7.0,45647.0,0,0,0,3,BOX ELDER
71,30071,0.0,0.0,0.0,0.0,0.0,0.0,0.0,0.0,0.0,0.0,0.0,0.0,0.0,0.0,0.0,0.0,0.0,0.0,0.0,0.0,44592.0,0,0,0,3,BOX ELDER
72,30072,111.0,306.0,0.3627450980392157,87.0,2.0,5.0,80.0,97.0,2.0,0.0,0.0,5.0,0.0,0.0,0.0,80.0,0.0,0.0,15.0,6.0,43896.0,0,0,0,3,BOX ELDER
73,30073,4.0,12.0,0.3333333333333333,0.0,0.0,0.0,0.0,0.9,0.0,0.0,0.0,0.0,0.0,0.0,0.0,0.0,0.0,0.0,1.0,0.0,84675.0,0,0,0,3,BOX ELDER
74,30074,0.0,0.0,0.0,0.0,0.0,0.0,0.0,134.0,0.0,0.0,0.0,0.0,0.0,0.0,0.0,0.0,0.0,0.0,0.0,0.0,71342.0,0,0,0,3,BOX ELDER
75,30075,158.0,488.0,0.3237704918032787,195.0,21.0,0.0,174.0,600.9,6.0,15.0,0.0,0.0,0.0,48.0,110.0,16.0,0.0,0.0,27.0,9.0,52227.0,0,0,0,3,BOX ELDER
76,30076,104.0,321.0,0.32398753894080995,8.0,0.0,0.0,8.0,191.4,0.0,0.0,0.0,0.0,0.0,0.0,6.0,2.0,0.0,0.0,13.0,6.0,52227.0,0,0,0,3,BOX ELDER
77,30077,93.0,285.0,0.3263157894736842,827.0,0.0,40.0,787.0,997.5,0.0,0.0,40.0,0.0,0.0,180.0,598.0,9.0,0.0,0.0,43.0,10.0,52227.0,0,0,0,3,BOX ELDER
78,30078,507.0,1211.0,0.4186622625928984,178.0,94.0,2.0,82.0,343.0,73.0,21.0,0.0,2.0,0.0,0.0,11.0,71.0,0.0,0.0,80.0,33.0,46674.0,0,0,0,3,BOX ELDER
79,30079,49.0,117.0,0.4188034188034188,395.0,179.0,0.0,216.0,487.8999999999999,67.0,112.0,0.0,0.0,15.0,66.0,112.0,23.0,0.0,0.0,20.0,5.0,46674.0,0,0,0,3,BOX ELDER
80,30080,193.0,460.0,0.41956521739130437,280.0,120.0,0.0,160.0,418.5,22.0,98.0,0.0,0.0,24.0,136.0,0.0,0.0,0.0,0.0,32.0,12.0,46674.0,0,0,0,3,BOX ELDER
81,30081,28.0,53.0,0.5283018867924528,176.0,0.0,0.0,176.0,313.1,0.0,0.0,0.0,0.0,0.0,66.0,0.0,110.0,0.0,0.0,18.0,6.0,45683.0,0,0,0,3,BOX ELDER
82,30082,406.0,780.0,0.5205128205128206,421.0,136.0,14.0,271.0,495.3,56.0,80.0,4.0,10.0,50.0,0.0,82.0,139.0,0.0,0.0,78.0,30.0,45683.0,0,0,0,3,BOX ELDER
83,30083,0.0,0.0,0.0,224.0,213.0,0.0,11.0,236.0,84.0,129.0,0.0,0.0,0.0,0.0,0.0,11.0,0.0,0.0,6.0,0.0,93342.0,0,0,0,3,BOX ELDER
84,30084,0.0,0.0,0.0,229.0,119.0,0.0,110.0,264.5,94.0,25.0,0.0,0.0,6.0,73.0,15.0,16.0,0.0,0.0,6.0,0.0,93342.0,0,0,0,3,BOX ELDER
85,30085,50.0,147.0,0.3401360544217687,94.0,4.0,26.0,64.0,131.1,4.0,0.0,0.0,26.0,6.0,0.0,12.0,46.0,0.0,0.0,10.0,3.0,93342.0,0,0,0,3,BOX ELDER
86,30086,1.0,3.0,0.3333333333333333,28.0,28.0,0.0,0.0,119.2,24.0,4.0,0.0,0.0,0.0,0.0,0.0,0.0,0.0,0.0,0.0,0.0,71342.0,0,0,0,3,BOX ELDER
87,30087,0.0,0.0,0.0,0.0,0.0,0.0,0.0,19.2,0.0,0.0,0.0,0.0,0.0,0.0,0.0,0.0,0.0,0.0,0.0,0.0,93342.0,0,0,0,3,BOX ELDER
88,30088,4.0,11.0,0.36363636363636365,0.0,0.0,0.0,0.0,30.899999999999995,0.0,0.0,0.0,0.0,0.0,0.0,0.0,0.0,29.0,0.0,0.0,0.0,93342.0,0,0,0,3,BOX ELDER
89,30089,81.0,238.0,0.3403361344537815,377.0,326.0,10.0,41.0,351.8,4.0,322.0,0.0,10.0,0.0,0.0,0.0,41.0,0.0,0.0,14.0,2.0,93342.0,0,0,0,3,BOX ELDER
90,30090,64.0,189.0,0.3386243386243386,914.0,646.0,21.0,247.0,730.6,568.0,78.0,21.0,0.0,177.0,61.0,0.0,9.0,0.0,0.0,28.0,4.0,93342.0,0,0,0,3,BOX ELDER
91,30091,245.0,719.0,0.34075104311543813,163.0,0.0,5.0,158.0,140.1,0.0,0.0,0.0,5.0,130.0,0.0,3.0,25.0,0.0,0.0,36.0,15.0,93342.0,0,0,0,3,BOX ELDER
92,30092,255.0,750.0,0.34,79.0,0.0,11.0,68.0,191.80000000000004,0.0,0.0,9.0,2.0,12.0,0.0,24.0,32.0,0.0,0.0,32.0,14.0,93342.0,0,0,0,3,BOX ELDER
93,30093,0.0,0.0,0.0,0.0,0.0,0.0,0.0,26.899999999999995,0.0,0.0,0.0,0.0,0.0,0.0,0.0,0.0,0.0,0.0,0.0,0.0,71901.0,0,0,0,3,BOX ELDER
94,30094,26.0,80.0,0.325,0.0,0.0,0.0,0.0,32.3,0.0,0.0,0.0,0.0,0.0,0.0,0.0,0.0,0.0,0.0,4.0,2.0,71901.0,0,0,0,3,BOX ELDER
95,30095,300.0,932.0,0.3218884120171674,117.0,51.0,2.0,64.0,203.30000000000004,0.0,51.0,0.0,2.0,6.0,0.0,24.0,34.0,0.0,0.0,45.0,19.0,71901.0,0,0,0,3,BOX ELDER
96,30096,297.0,874.0,0.33981693363844395,16.0,0.0,0.0,16.0,69.1,0.0,0.0,0.0,0.0,0.0,0.0,11.0,5.0,0.0,0.0,49.0,22.0,93342.0,0,0,0,3,BOX ELDER
97,30097,0.0,0.0,0.0,0.0,0.0,0.0,0.0,0.0,0.0,0.0,0.0,0.0,0.0,0.0,0.0,0.0,0.0,0.0,0.0,0.0,71342.0,0,0,0,3,BOX ELDER
98,30098,0.0,0.0,0.0,0.0,0.0,0.0,0.0,5.5,0.0,0.0,0.0,0.0,0.0,0.0,0.0,0.0,0.0,0.0,0.0,0.0,71342.0,0,0,0,3,BOX ELDER
99,30099,0.0,0.0,0.0,0.0,0.0,0.0,0.0,0.0,0.0,0.0,0.0,0.0,0.0,0.0,0.0,0.0,0.0,0.0,0.0,0.0,90006.0,0,0,0,3,BOX ELDER
100,30100,24.0,63.0,0.38095238095238093,3.0,0.0,0.0,3.0,15.6,0.0,0.0,0.0,0.0,0.0,0.0,3.0,0.0,0.0,0.0,3.0,1.0,90006.0,0,0,0,3,BOX ELDER
101,30101,545.0,1414.0,0.3854314002828854,129.0,15.0,12.0,102.0,158.9,0.0,15.0,0.0,12.0,6.0,20.0,30.0,46.0,0.0,0.0,74.0,32.0,83414.0,0,0,0,3,BOX ELDER
102,30102,0.0,0.0,0.0,0.0,0.0,0.0,0.0,0.0,0.0,0.0,0.0,0.0,0.0,0.0,0.0,0.0,0.0,0.0,0.0,0.0,90006.0,0,0,0,3,BOX ELDER
103,30103,270.0,702.0,0.38461538461538464,10.0,0.0,5.0,5.0,35.3,0.0,0.0,0.0,5.0,0.0,0.0,3.0,2.0,0.0,0.0,34.0,15.0,90006.0,0,0,0,3,BOX ELDER
104,30104,81.0,211.0,0.38388625592417064,137.0,0.0,1.0,136.0,161.3,0.0,0.0,1.0,0.0,0.0,136.0,0.0,0.0,0.0,0.0,14.0,5.0,90006.0,0,0,0,3,BOX ELDER
105,30105,33.0,82.0,0.4024390243902439,5.0,5.0,0.0,0.0,48.29999999999999,0.0,5.0,0.0,0.0,0.0,0.0,0.0,0.0,0.0,0.0,6.0,2.0,80348.0,0,0,0,3,BOX ELDER
106,30106,9.0,23.0,0.391304347826087,11.0,11.0,0.0,0.0,337.7,11.0,0.0,0.0,0.0,0.0,0.0,0.0,0.0,526.0,0.0,3.0,1.0,74493.0,0,0,0,3,BOX ELDER
107,30107,0.0,0.0,0.0,0.0,0.0,0.0,0.0,0.0,0.0,0.0,0.0,0.0,0.0,0.0,0.0,0.0,0.0,0.0,0.0,0.0,80348.0,0,0,0,3,BOX ELDER
108,30108,12.0,28.0,0.42857142857142855,0.0,0.0,0.0,0.0,25.5,0.0,0.0,0.0,0.0,0.0,0.0,0.0,0.0,0.0,0.0,1.0,1.0,80348.0,0,0,0,3,BOX ELDER
109,30109,0.0,0.0,0.0,0.0,0.0,0.0,0.0,4.0,0.0,0.0,0.0,0.0,0.0,0.0,0.0,0.0,0.0,0.0,0.0,0.0,71342.0,0,0,0,3,BOX ELDER
110,30110,3.0,5.0,0.6,0.0,0.0,0.0,0.0,4.0,0.0,0.0,0.0,0.0,0.0,0.0,0.0,0.0,0.0,0.0,0.0,0.0,80348.0,0,0,0,3,BOX ELDER
111,30111,0.0,0.0,0.0,0.0,0.0,0.0,0.0,2.6,0.0,0.0,0.0,0.0,0.0,0.0,0.0,0.0,0.0,0.0,0.0,0.0,80348.0,0,0,0,3,BOX ELDER
112,30112,0.0,0.0,0.0,0.0,0.0,0.0,0.0,7.0,0.0,0.0,0.0,0.0,0.0,0.0,0.0,0.0,0.0,0.0,0.0,0.0,80348.0,0,0,0,3,BOX ELDER
113,30113,31.0,75.0,0.41333333333333333,0.0,0.0,0.0,0.0,15.699999999999998,0.0,0.0,0.0,0.0,0.0,0.0,0.0,0.0,0.0,0.0,4.0,2.0,80348.0,0,0,0,3,BOX ELDER
114,30114,40.0,101.0,0.39603960396039606,2.0,0.0,2.0,0.0,6.400000000000001,0.0,0.0,0.0,2.0,0.0,0.0,0.0,0.0,0.0,0.0,6.0,3.0,74493.0,0,0,0,3,BOX ELDER
115,30115,0.0,0.0,0.0,65.0,65.0,0.0,0.0,81.6,65.0,0.0,0.0,0.0,0.0,0.0,0.0,0.0,0.0,0.0,1.0,0.0,80348.0,0,0,0,3,BOX ELDER
116,30116,0.0,0.0,0.0,21.0,0.0,21.0,0.0,37.9,0.0,0.0,21.0,0.0,0.0,0.0,0.0,0.0,0.0,0.0,0.0,0.0,80348.0,0,0,0,3,BOX ELDER
117,30117,24.0,60.0,0.4,24.0,24.0,0.0,0.0,33.9,24.0,0.0,0.0,0.0,0.0,0.0,0.0,0.0,0.0,0.0,4.0,2.0,80348.0,0,0,0,3,BOX ELDER
118,30118,5.0,13.0,0.38461538461538464,0.0,0.0,0.0,0.0,14.699999999999998,0.0,0.0,0.0,0.0,0.0,0.0,0.0,0.0,0.0,0.0,0.0,0.0,74493.0,0,0,0,3,BOX ELDER
119,30119,0.0,0.0,0.0,42.0,0.0,0.0,42.0,35.9,0.0,0.0,0.0,0.0,0.0,42.0,0.0,0.0,0.0,0.0,1.0,0.0,80348.0,0,0,0,3,BOX ELDER
120,30120,28.0,69.0,0.4057971014492754,2.0,2.0,0.0,0.0,30.2,2.0,0.0,0.0,0.0,0.0,0.0,0.0,0.0,0.0,0.0,4.0,2.0,80348.0,0,0,0,3,BOX ELDER
121,30121,58.0,142.0,0.4084507042253521,4.0,0.0,2.0,2.0,15.199999999999998,0.0,0.0,0.0,2.0,0.0,0.0,0.0,2.0,0.0,11.0,7.0,3.0,80348.0,0,0,0,3,BOX ELDER
122,30122,18.0,46.0,0.391304347826087,0.0,0.0,0.0,0.0,21.8,0.0,0.0,0.0,0.0,0.0,0.0,0.0,0.0,0.0,0.0,3.0,1.0,74493.0,0,0,0,3,BOX ELDER
123,30123,0.0,0.0,0.0,0.0,0.0,0.0,0.0,0.0,0.0,0.0,0.0,0.0,0.0,0.0,0.0,0.0,0.0,0.0,0.0,0.0,80348.0,0,0,0,3,BOX ELDER
124,30124,88.0,215.0,0.40930232558139534,2.0,0.0,0.0,2.0,12.199999999999998,0.0,0.0,0.0,0.0,0.0,0.0,0.0,2.0,0.0,0.0,13.0,6.0,80348.0,0,0,0,3,BOX ELDER
125,30125,77.0,190.0,0.4052631578947368,79.0,0.0,0.0,79.0,69.4,0.0,0.0,0.0,0.0,15.0,64.0,0.0,0.0,0.0,0.0,13.0,5.0,80348.0,0,0,0,3,BOX ELDER
126,30126,225.0,573.0,0.39267015706806285,9.0,0.0,9.0,0.0,19.6,0.0,0.0,7.0,2.0,0.0,0.0,0.0,0.0,0.0,0.0,31.0,14.0,74493.0,0,0,0,3,BOX ELDER
127,30127,26.0,63.0,0.4126984126984127,0.0,0.0,0.0,0.0,8.1,0.0,0.0,0.0,0.0,0.0,0.0,0.0,0.0,0.0,0.0,17.0,7.0,80348.0,0,0,0,3,BOX ELDER
128,30128,103.0,253.0,0.40711462450592883,12.0,0.0,12.0,0.0,18.4,0.0,0.0,0.0,12.0,0.0,0.0,0.0,0.0,0.0,0.0,10.0,4.0,80348.0,0,0,0,3,BOX ELDER
129,30129,85.0,208.0,0.40865384615384615,0.0,0.0,0.0,0.0,15.0,0.0,0.0,0.0,0.0,0.0,0.0,0.0,0.0,0.0,0.0,1.0,1.0,80348.0,0,0,0,3,BOX ELDER
130,30130,58.0,147.0,0.3945578231292517,1.0,0.0,1.0,0.0,7.900000000000001,0.0,0.0,1.0,0.0,0.0,0.0,0.0,0.0,0.0,0.0,11.0,5.0,74493.0,0,0,0,3,BOX ELDER
131,30131,140.0,357.0,0.39215686274509803,0.0,0.0,0.0,0.0,10.6,0.0,0.0,0.0,0.0,0.0,0.0,0.0,0.0,0.0,0.0,10.0,5.0,74493.0,0,0,0,3,BOX ELDER
132,30132,41.0,105.0,0.3904761904761905,4.0,0.0,4.0,0.0,90.7,0.0,0.0,4.0,0.0,0.0,0.0,0.0,0.0,143.0,0.0,6.0,2.0,74493.0,0,0,0,3,BOX ELDER
133,30133,216.0,531.0,0.4067796610169492,8.0,0.0,0.0,8.0,32.7,0.0,0.0,0.0,0.0,3.0,0.0,0.0,5.0,0.0,0.0,27.0,11.0,80348.0,0,0,0,3,BOX ELDER
134,30134,3.0,5.0,0.6,0.0,0.0,0.0,0.0,0.9,0.0,0.0,0.0,0.0,0.0,0.0,0.0,0.0,0.0,0.0,1.0,0.0,80348.0,0,0,0,3,BOX ELDER
135,30135,8.0,19.0,0.42105263157894735,0.0,0.0,0.0,0.0,0.1,0.0,0.0,0.0,0.0,0.0,0.0,0.0,0.0,0.0,0.0,0.0,0.0,80348.0,0,0,0,3,BOX ELDER
136,30136,192.0,488.0,0.39344262295081966,26.0,0.0,12.0,14.0,72.3,0.0,0.0,0.0,12.0,12.0,0.0,0.0,2.0,0.0,0.0,27.0,12.0,74493.0,0,0,0,3,BOX ELDER
137,30137,5.0,12.0,0.4166666666666667,67.0,0.0,67.0,0.0,30.8,0.0,0.0,0.0,67.0,0.0,0.0,0.0,0.0,0.0,0.0,1.0,0.0,80348.0,0,0,0,3,BOX ELDER
138,30138,189.0,465.0,0.4064516129032258,67.0,0.0,14.0,53.0,76.9,0.0,0.0,14.0,0.0,35.0,0.0,0.0,18.0,0.0,0.0,27.0,11.0,80348.0,0,0,0,3,BOX ELDER
139,30139,52.0,131.0,0.3969465648854962,15.0,0.0,0.0,15.0,117.40000000000002,0.0,0.0,0.0,0.0,0.0,15.0,0.0,0.0,0.0,54.0,7.0,3.0,74493.0,0,0,0,3,BOX ELDER
140,30140,4.0,9.0,0.4444444444444444,0.0,0.0,0.0,0.0,0.2,0.0,0.0,0.0,0.0,0.0,0.0,0.0,0.0,0.0,0.0,1.0,0.0,80348.0,0,0,0,3,BOX ELDER
141,30141,0.0,0.0,0.0,0.0,0.0,0.0,0.0,0.3,0.0,0.0,0.0,0.0,0.0,0.0,0.0,0.0,0.0,0.0,0.0,0.0,80348.0,0,0,0,3,BOX ELDER
142,30142,0.0,0.0,0.0,0.0,0.0,0.0,0.0,0.0,0.0,0.0,0.0,0.0,0.0,0.0,0.0,0.0,0.0,0.0,0.0,0.0,80348.0,0,0,0,3,BOX ELDER
143,30143,71.0,173.0,0.41040462427745666,126.0,45.0,81.0,0.0,108.40000000000002,45.0,0.0,0.0,81.0,0.0,0.0,0.0,0.0,0.0,0.0,13.0,5.0,80348.0,0,0,0,3,BOX ELDER
144,30144,0.0,0.0,0.0,0.0,0.0,0.0,0.0,0.0,0.0,0.0,0.0,0.0,0.0,0.0,0.0,0.0,0.0,0.0,0.0,0.0,80348.0,0,0,0,3,BOX ELDER
145,30145,18.0,40.0,0.45,0.0,0.0,0.0,0.0,10.5,0.0,0.0,0.0,0.0,0.0,0.0,0.0,0.0,0.0,0.0,3.0,1.0,78516.0,0,0,0,3,BOX ELDER
146,30146,0.0,0.0,0.0,0.0,0.0,0.0,0.0,6.099999999999999,0.0,0.0,0.0,0.0,0.0,0.0,0.0,0.0,0.0,0.0,0.0,0.0,,0,0,0,3,BOX ELDER
147,30147,0.0,0.0,0.0,0.0,0.0,0.0,0.0,0.6999999999999998,0.0,0.0,0.0,0.0,0.0,0.0,0.0,0.0,0.0,0.0,0.0,0.0,84675.0,0,0,0,3,BOX ELDER
148,30148,0.0,0.0,0.0,0.0,0.0,0.0,0.0,0.0,0.0,0.0,0.0,0.0,0.0,0.0,0.0,0.0,0.0,0.0,0.0,0.0,79483.0,0,0,0,3,BOX ELDER
149,30149,0.0,0.0,0.0,0.0,0.0,0.0,0.0,0.0,0.0,0.0,0.0,0.0,0.0,0.0,0.0,0.0,0.0,0.0,0.0,0.0,79483.0,0,0,0,3,BOX ELDER
150,30150,564.0,1881.0,0.29984051036682613,133.0,32.0,5.0,96.0,223.5,32.0,0.0,0.0,5.0,6.0,55.0,10.0,25.0,0.0,0.0,63.0,27.0,84445.0,0,0,0,3,BOX ELDER
151,30151,41.0,137.0,0.29927007299270075,27.0,0.0,27.0,0.0,44.6,0.0,0.0,27.0,0.0,0.0,0.0,0.0,0.0,0.0,0.0,4.0,1.0,84675.0,0,0,0,3,BOX ELDER
152,30152,4.0,10.0,0.4,0.0,0.0,0.0,0.0,0.0,0.0,0.0,0.0,0.0,0.0,0.0,0.0,0.0,0.0,0.0,0.0,0.0,74493.0,0,0,0,3,BOX ELDER
153,30153,0.0,0.0,0.0,0.0,0.0,0.0,0.0,0.0,0.0,0.0,0.0,0.0,0.0,0.0,0.0,0.0,0.0,0.0,0.0,0.0,74493.0,0,0,0,3,BOX ELDER
582,110001,149.75,440.6147363617253,0.33986607265232693,0.0,0.0,0.0,0.0,62.55035030044878,0.0,0.0,0.0,0.0,0.0,0.0,0.0,0.0,37.8071294244544,0.0,17.74208050362983,7.001140372364554,91175.0,0,0,0,11,DAVIS
583,110002,917.25,2729.355127850318,0.3360683960252693,0.0,0.0,0.0,0.0,153.64383653087543,0.0,0.0,0.0,0.0,0.0,0.0,0.0,0.0,38.3119437051313,0.0,72.3267601559379,43.00513266980624,91175.0,0,0,0,11,DAVIS
584,110003,168.75,536.265234319585,0.314676375048087,0.0,0.0,0.0,0.0,60.67214479058422,0.0,0.0,0.0,0.0,0.0,0.0,0.0,0.0,9.830777366097752,0.0,42.5899418676732,8.251425556813269,93635.0,0,0,0,11,DAVIS
585,110004,893.25,2913.321867752863,0.30660875816271954,0.0,0.0,0.0,0.0,376.8193837802639,0.0,0.0,0.0,0.0,0.0,0.0,0.0,0.0,4.788729510212848,0.0,329.7721736255562,42.25848064449478,93635.0,0,0,0,11,DAVIS
586,110005,131.25,337.40550135949,0.3889978067078378,0.0,0.0,0.0,0.0,32.75284256349285,0.0,0.0,0.0,0.0,0.0,0.0,0.0,0.0,12.348757417067349,0.0,14.403016131031915,6.001069015393581,91175.0,0,0,0,11,DAVIS
587,110006,214.5,692.6967462501159,0.30965931507717703,4.75,0.0,0.0,4.75,29.747612962862483,0.0,0.0,0.0,0.0,2.75,0.25,0.0,1.75,8.06514194001834,0.0,6.930903117380463,10.00156790546368,93635.0,0,0,0,11,DAVIS
588,110007,285.25,922.7283591340208,0.30913756706004647,71.5,0.0,31.0,40.5,130.5868279487166,0.0,0.0,0.25,30.75,33.5,0.0,0.75,6.25,4.283915949229786,0.0,41.30084512280799,13.502066876678835,93635.0,0,0,0,11,DAVIS
589,110008,143.5,433.7367036167846,0.3308458767805485,0.0,0.0,0.0,0.0,34.59751785991413,0.0,0.0,0.0,0.0,0.0,0.0,0.0,0.0,6.551922723374805,0.0,21.29459727521937,6.750997861319948,93635.0,0,0,0,11,DAVIS
590,110009,254.0,802.0340774587047,0.3166947728765029,0.0,0.0,0.0,0.0,46.838890421274414,0.0,0.0,0.0,0.0,0.0,0.0,0.0,0.0,5.289597057986873,0.0,29.7971553731076,11.75213799017994,93635.0,0,0,0,11,DAVIS
591,110010,255.75,815.1382204434929,0.31375047027098535,0.0,0.0,0.0,0.0,32.119742068525696,0.0,0.0,0.0,0.0,0.0,0.0,0.0,0.0,3.024315550439086,0.0,17.093644704034823,12.001781814051787,93635.0,0,0,0,11,DAVIS
592,110011,190.0,460.8199172201895,0.4123085676203834,0.0,0.0,0.0,0.0,23.789602728001835,0.0,0.0,0.0,0.0,0.0,0.0,0.0,0.0,2.772820335128081,0.0,12.015499428319536,9.00128296455422,91175.0,0,0,0,11,DAVIS
593,110012,306.75,932.26507178726,0.3290373191949847,98.0,0.25,0.0,97.75,135.36052189378142,0.25,0.0,0.0,0.0,0.0,92.25,1.25,4.25,3.778200252010545,0.0,19.07968468034108,14.50263696142979,90061.0,945,0,0,11,DAVIS
594,110013,337.0,989.1446585086612,0.3406983974498702,497.25,11.25,21.25,464.75,549.9161732413276,9.5,1.75,1.25,20.0,49.0,77.75,87.5,250.5,0.7566099681686904,0.0,35.907424958329315,16.002138314829562,89302.0,0,0,0,11,DAVIS
595,110014,562.0,1629.1631696109228,0.3449623773008673,186.75,0.5,6.0,180.25,238.4712609456498,0.5,0.0,0.0,6.0,1.0,165.5,2.75,11.0,1.2592999266099223,0.0,24.20832587164052,26.25363514739936,89302.0,877,1342,0,11,DAVIS
596,110015,406.5,1085.097185284775,0.37462082245961903,35.0,9.5,1.25,24.25,69.23999735639393,9.25,0.25,0.0,1.25,0.75,0.75,3.25,19.5,1.0081051834796952,0.0,13.979254886834818,19.252637286079413,60058.0,0,0,0,11,DAVIS
597,110016,289.5,711.739728074758,0.4067498111747841,0.0,0.0,0.0,0.0,56.208863845296655,0.0,0.0,0.0,0.0,0.0,0.0,0.0,0.0,5.0408271092731,0.0,37.41632595429312,13.751710781730436,91175.0,0,0,0,11,DAVIS
598,110017,772.0,2188.25195046131,0.3527930135454709,5.25,0.0,0.0,5.25,77.45071211924139,0.0,0.0,0.0,0.0,3.0,0.0,0.0,2.25,11.340953425462278,0.0,24.604698111388156,36.25506058239096,91175.0,0,0,0,11,DAVIS
599,110018,863.0,2592.598505229468,0.33287066943040483,131.5,5.25,6.0,120.25,291.04084304392165,3.25,2.0,0.0,6.0,6.25,3.5,14.0,96.5,6.300126316189177,0.0,112.73373259129669,40.50698413643583,97179.0,0,0,0,11,DAVIS
600,110019,356.25,963.7837552211874,0.3696368589634933,826.0,394.75,47.25,384.0,941.256441895242,252.0,142.75,8.5,38.75,41.5,17.0,66.75,258.75,9.072946651317258,0.0,89.18107186643341,17.002423377491304,97584.0,0,0,0,11,DAVIS
601,110020,397.5,1091.585025326553,0.3641493706649978,4.25,1.0,0.25,3.0,36.98113105017912,0.75,0.25,0.0,0.25,0.25,0.0,1.5,1.25,1.0081051834796952,0.0,12.720317385973855,19.002708480725573,67768.0,0,0,0,11,DAVIS
602,110021,563.5,1997.5718197746965,0.282092485697739,0.0,0.0,0.0,0.0,123.45700577857504,0.0,0.0,0.0,0.0,0.0,0.0,0.0,0.0,12.09605887364554,0.0,85.10659912112739,26.25434778380214,91175.0,0,0,0,11,DAVIS
603,110022,377.0,1221.469788383336,0.3086445555882103,50.5,0.0,0.25,50.25,82.541899025016,0.0,0.0,0.0,0.25,39.5,1.0,2.25,7.5,0.5054152250384635,0.0,13.533917870869091,18.00256592910844,93208.0,0,0,0,11,DAVIS
604,110023,440.0,960.7761095506748,0.4579630942382345,7.75,0.0,4.5,3.25,73.68800617463569,0.0,0.0,2.5,2.0,2.0,0.0,0.25,1.0,1.0081051834796952,0.0,44.4271210722797,20.502779918876296,83139.0,0,0,0,11,DAVIS
605,110024,386.75,848.2651958958813,0.4559305295928596,218.75,7.75,11.5,199.5,281.45120005193087,6.25,1.5,1.5,10.0,13.0,6.75,9.5,170.25,3.026439152980916,0.0,41.67262201589685,18.002138883053128,72574.0,0,0,0,11,DAVIS
606,110025,329.5,980.6186626875384,0.33601236906602805,0.0,0.0,0.0,0.0,25.683866288901022,0.0,0.0,0.0,0.0,0.0,0.0,0.0,0.0,0.0,0.0,10.431799209290151,15.25206707961087,72495.0,0,0,0,11,DAVIS
607,110026,306.75,802.937698403229,0.3820346218766684,10.5,1.0,5.0,4.5,37.295786446263385,1.0,0.0,0.25,4.75,0.0,0.0,0.25,4.25,0.0,0.0,12.793790723623491,14.001995722639895,60368.0,0,0,0,11,DAVIS
608,110027,254.0,819.1826461703319,0.31006516213135943,0.0,0.0,0.0,0.0,28.817129995282425,0.0,0.0,0.0,0.0,0.0,0.0,0.0,0.0,3.024315550439086,0.0,13.791103825437713,12.001710619405625,93635.0,0,0,0,11,DAVIS
609,110028,915.0,3737.819490881805,0.2447951278097002,888.5,192.5,56.25,639.75,1002.6062837532183,98.75,93.75,16.0,40.25,56.25,109.0,34.75,439.75,0.0,0.0,70.8502252283278,43.25605852489066,83139.0,734,0,0,11,DAVIS
610,110029,217.25,623.783745606306,0.3482777509517134,1926.75,578.25,71.25,1277.25,2004.6325022040064,386.25,192.0,4.75,66.5,115.0,260.25,129.5,772.5,0.0,0.0,67.88107668783492,10.001425516171356,72574.0,531,0,0,11,DAVIS
611,110030,378.25,1131.8272974808654,0.33419409554963014,183.0,28.25,6.5,148.25,218.7709210046667,28.0,0.25,0.0,6.5,15.5,60.5,7.0,65.25,0.0,0.0,17.76835507555825,18.00256592910844,72574.0,541,0,0,11,DAVIS
612,110031,465.5,1309.7630692147752,0.3554077916390443,83.75,5.5,7.75,70.5,125.3920586212161,5.5,0.0,0.25,7.5,6.5,6.0,6.25,51.75,0.0,0.0,19.638922485639117,22.003136135576977,74962.0,0,0,0,11,DAVIS
613,110032,168.75,531.4917735990207,0.3175025623770274,1.5,0.0,0.0,1.5,30.14092868453352,0.0,0.0,0.0,0.0,0.0,0.0,0.5,1.0,0.0,0.0,20.639788271596437,8.001140412937083,93635.0,0,0,0,11,DAVIS
614,110033,861.5,2678.51463876798,0.3216334857875777,355.75,105.5,10.25,240.0,435.7904760787088,33.5,72.0,4.0,6.25,15.25,6.5,132.75,85.5,0.0,0.0,40.03477401402339,40.00570206468542,81139.0,0,0,0,11,DAVIS
615,110034,180.5,530.2279628290545,0.3404196169453877,1954.5,828.25,60.25,1066.0,2033.844837755356,670.25,158.0,2.75,57.5,108.25,41.5,145.75,770.5,0.0,0.0,71.09362610720042,8.251211648155776,96912.0,0,0,0,11,DAVIS
616,110035,393.25,1158.1887229180115,0.33953879209704435,81.5,2.0,2.0,77.5,116.53276581063972,1.5,0.5,0.0,2.0,4.0,53.25,4.75,15.5,0.0,0.0,16.780199881531278,18.25256592910844,96912.0,480,0,0,11,DAVIS
617,110036,504.75,1364.0929871578762,0.3700260940800377,20.25,1.25,7.0,12.0,61.623113908903406,1.0,0.25,0.5,6.5,0.0,0.25,1.75,10.0,0.0,0.0,17.369692670092157,24.00342123881125,91112.0,0,0,0,11,DAVIS
618,110037,481.25,1515.143388277827,0.31762670366598644,487.0,9.25,58.25,419.5,554.1548658787697,5.25,4.0,22.75,35.5,43.0,39.75,27.75,309.0,1.0081051834796952,0.0,43.64333957819625,22.503421117093666,81139.0,0,0,0,11,DAVIS
619,110038,313.5,1019.9634288495022,0.3073639614251871,38.25,10.5,3.0,24.75,146.1577271161901,0.0,10.5,0.5,2.5,12.25,0.0,1.25,11.25,4.5375347670826205,0.0,88.61705674100808,14.753135608099402,96912.0,0,0,0,11,DAVIS
620,110039,375.0,1000.093881445476,0.3749647977627834,0.0,0.0,0.0,0.0,35.88367372746518,0.0,0.0,0.0,0.0,0.0,0.0,0.0,0.0,1.0081051834796952,0.0,17.37307385009574,17.502494693889744,94690.0,0,0,0,11,DAVIS
621,110040,571.75,1528.391530309173,0.3740860824348736,9.0,0.0,4.0,5.0,54.390334505223,0.0,0.0,3.0,1.0,0.0,0.0,2.0,3.0,0.0,0.0,18.386485611560342,27.003848893662656,65721.0,0,0,0,11,DAVIS
622,110041,510.25,1315.4717308910012,0.3878836679024605,827.5,184.5,49.25,593.75,899.8530561898395,179.5,5.0,1.5,47.75,85.5,83.25,81.25,343.75,0.0,0.0,48.349634951028335,24.00342123881125,66155.0,299,0,0,11,DAVIS
623,110042,0.0,0.0,0.0,3272.0,3.0,968.0,2301.0,3375.5846093976,0.0,3.0,968.0,0.0,1244.0,496.0,0.0,561.0,0.0,0.0,103.58460939760032,0.0,49014.0,0,0,0,11,DAVIS
624,110043,568.5,1569.9648082965457,0.36211002755968646,310.0,39.25,21.0,249.75,380.0692085013383,37.75,1.5,1.75,19.25,15.25,63.0,49.75,121.75,0.0,0.0,43.31535960767567,26.753848893662656,58909.0,333,0,0,11,DAVIS
625,110044,520.25,1399.6310458512892,0.37170510152807557,195.25,2.0,11.5,181.75,248.15210424274085,1.75,0.25,0.25,11.25,5.25,103.75,10.5,62.25,0.0,0.0,28.39854049288499,24.503563749855857,55845.0,0,964,0,11,DAVIS
626,110045,0.0,0.0,0.0,796.5,2.5,0.25,793.75,821.7179073739892,2.0,0.5,0.0,0.25,296.25,434.0,7.75,55.75,0.0,0.0,25.217907373989227,0.0,49014.0,0,0,0,11,DAVIS
627,110046,481.5,1315.6426595747012,0.3659808356743701,416.5,27.5,39.5,349.5,468.20717138091294,20.75,6.75,18.25,21.25,25.0,47.5,34.5,242.5,0.0,0.0,29.204249032275843,22.50292234863708,60255.0,305,0,0,11,DAVIS
628,110047,0.0,0.0,0.0,4020.0,11.5,3.5,4005.0,4147.262847657487,9.75,1.75,0.25,3.25,1291.25,2166.75,319.75,227.25,0.0,0.0,127.26284765748764,0.0,49014.0,0,0,0,11,DAVIS
629,110048,0.0,0.0,0.0,1940.2500057881148,0.50000000149159,419.50000125144396,1520.2500045351792,2001.6732106880593,0.50000000149159,0.0,418.5000012484608,1.00000000298318,0.0,1466.0000043733419,2.750000008203745,51.50000015363376,0.0,0.0,61.4232048999447,0.0,49014.0,0,0,0,11,DAVIS
630,110049,0.0,0.0,0.0,5000.0,0.0,311.25,4688.75,5158.29014161145,0.0,0.0,311.25,0.0,394.5,4216.75,2.0,75.5,0.0,0.0,158.29014161145014,0.0,49014.0,0,0,0,11,DAVIS
631,110050,0.0,0.0,0.0,8203.75,0.0,251.5,7952.25,8463.472960202775,0.0,0.0,251.5,0.0,1166.75,6595.5,0.0,190.0,0.0,0.0,259.7229602027744,0.0,49014.0,0,0,0,11,DAVIS
632,110051,393.0,942.4837664138146,0.4169833094265161,45.0,0.0,0.0,45.0,76.86907647420232,0.0,0.0,0.0,0.0,0.0,1.0,0.25,43.75,0.0,0.0,13.86651054509388,18.00256592910844,49014.0,0,0,0,11,DAVIS
633,110052,0.0,0.0,0.0,496.2499934299643,0.0,0.24999999669015835,495.99999343327414,511.9613221379675,0.0,0.0,0.0,0.24999999669015835,335.4999955581925,102.49999864296493,1.9999999735212668,55.99999925859547,0.0,0.0,15.711328708003146,0.0,49014.0,0,0,0,11,DAVIS
634,110053,46.00000142560706,150.11271828851355,0.3064364029248741,13798.250427627883,279.75000866986034,8.000000247931663,13510.500418710091,14238.544651410573,231.00000715902675,48.75000151083357,0.5000000154957289,7.500000232435934,729.2500226005207,11890.000368488434,355.50001101746324,535.7500166036735,0.0,0.0,438.29393861746195,2.000285165226022,49014.0,0,0,0,11,DAVIS
635,110054,261.0,827.0091081893884,0.31559507315635266,307.0,10.5,12.75,283.75,348.3259460240868,9.0,1.5,0.25,12.5,23.75,7.75,13.5,238.75,11.089157018276648,0.0,17.984935875359884,12.251853130450232,94630.0,0,0,0,11,DAVIS
636,110055,546.25,1730.1225711651368,0.3157290755603127,562.0,7.25,22.75,532.0,661.2156695869734,4.25,3.0,4.0,18.75,47.5,117.5,62.75,304.25,15.626090121303866,0.0,57.83558814210737,25.753991323562204,94630.0,817,0,0,11,DAVIS
637,110056,594.25,1629.181795141027,0.36475364613840405,96.5,0.25,5.75,90.5,153.66059414261952,0.25,0.0,0.0,5.75,4.75,46.0,3.5,36.25,4.535411884234637,0.0,24.87133332414971,27.753848934235187,94669.0,0,0,0,11,DAVIS
638,110057,682.75,1838.1121912813144,0.37144087463130715,371.0,38.5,12.5,320.0,437.37284481382096,37.25,1.25,1.25,11.25,28.25,72.5,20.5,198.75,1.0081051834796952,0.0,33.36017797859298,32.00456165174833,105552.0,370,251,0,11,DAVIS
639,110058,4.0,9.784039646461206,0.40882908742574053,100.5,44.5,0.0,56.0,214.1614347939884,0.5,44.0,0.0,0.0,3.25,0.75,10.25,41.75,0.0,110.352,3.309434793988401,0.0,105552.0,0,0,0,11,DAVIS
640,110059,0.0,0.0,0.0,0.0,0.0,0.0,0.0,0.0,0.0,0.0,0.0,0.0,0.0,0.0,0.0,0.0,0.0,0.0,0.0,0.0,105552.0,0,0,0,11,DAVIS
641,110060,148.50000197371847,453.5950520815653,0.32738452787843736,39.50000052499582,1.2500000166137917,6.000000079746201,32.25000042863583,66.49407050127598,0.0,1.2500000166137917,0.0,6.000000079746201,7.250000096359992,1.0000000132910334,2.2500000299048253,21.750000289079978,6.803117556925494,0.0,13.190097016603255,7.000855402751414,107637.0,0,0,0,11,DAVIS
642,110061,448.25,1324.1180195614993,0.3385272259556172,17.25,0.0,0.25,17.0,52.98756165526149,0.0,0.0,0.0,0.25,8.75,0.25,1.0,7.0,0.0,0.0,14.73456807130164,21.00299358395984,107062.0,0,0,0,11,DAVIS
643,110062,638.5,1710.1984456051373,0.37334848575077084,445.5,97.0,42.25,306.25,514.5755761228532,77.25,19.75,5.25,37.0,21.25,77.25,28.75,179.0,0.0,0.0,39.07129957433913,30.004276548514063,60506.0,462,0,0,11,DAVIS
644,110063,438.25,1110.4375513536347,0.3946642469590197,0.0,0.0,0.0,0.0,34.8770751069717,0.0,0.0,0.0,0.0,0.0,0.0,0.0,0.0,0.0,0.0,13.874081523011862,21.00299358395984,72140.0,0,0,0,11,DAVIS
645,110064,756.0,2379.0328710367207,0.3177761893094629,389.75,87.5,18.5,283.75,484.2675452737933,31.25,56.25,8.0,10.5,42.5,10.25,34.75,196.25,0.0,0.0,58.761986004160185,35.75555926963311,46352.0,0,0,0,11,DAVIS
646,110065,864.0,1795.6421229786592,0.4811649208622783,2051.75,174.0,145.5,1732.25,2191.578257999077,124.0,50.0,5.25,140.25,184.5,201.0,250.5,1096.25,0.0,0.0,99.32255589381896,40.50570210525795,51332.0,462,0,0,11,DAVIS
647,110066,0.0,0.0,0.0,2646.5,30.25,711.5,1904.75,2730.285006818839,30.25,0.0,711.5,0.0,1108.5,58.5,1.5,736.25,0.0,0.0,83.78500681883929,0.0,49014.0,0,0,0,11,DAVIS
648,110067,538.25,1191.8467478013245,0.4516100757022193,0.0,0.0,0.0,0.0,45.552377444421765,0.0,0.0,0.0,0.0,0.0,0.0,0.0,0.0,1.0081051834796952,0.0,19.540708470513685,25.003563790428387,70231.0,0,0,0,11,DAVIS
649,110068,248.75,599.918917777453,0.4146393664689813,23.5,16.25,0.75,6.5,58.88866212232255,16.25,0.0,0.75,0.0,0.0,0.0,0.25,6.25,2.2680067741450194,0.0,21.369087239816512,11.75156810836102,88595.0,0,0,0,11,DAVIS
650,110069,392.5,943.6361424419832,0.415944220814043,5.0,0.0,2.75,2.25,35.58684953772084,0.0,0.0,0.0,2.75,0.0,0.0,0.0,2.25,0.0,0.0,12.584283608612402,18.00256592910844,88595.0,0,0,0,11,DAVIS
651,110070,0.0,0.0,0.0,366.0,11.5,195.75,158.75,377.5867473447853,10.75,0.75,28.0,167.75,3.25,0.0,21.0,134.5,0.0,0.0,11.58674734478531,0.0,88595.0,0,0,0,11,DAVIS
652,110071,36.0,87.23006544008497,0.4127017424368097,583.75,7.75,257.75,318.25,605.3719118441046,7.5,0.25,155.0,102.75,10.0,14.75,198.5,95.0,0.0,0.0,19.621626740870333,2.000285103234271,82312.0,0,0,0,11,DAVIS
653,110072,857.5,1705.4738621453398,0.5027928126212022,577.75,69.75,35.5,472.5,748.4356550983073,67.25,2.5,3.5,32.0,57.25,2.5,112.75,300.0,0.0,0.0,130.43016682049233,40.2554882778149,35289.0,0,0,0,11,DAVIS
654,110073,624.9999994200487,1406.2556730468825,0.444442651076304,655.249999391979,141.74999986846703,31.24999997100243,482.2499995525095,765.0081849982678,77.49999992808603,64.249999940381,3.249999996984253,27.99999997401818,73.74999993156574,16.499999984689286,123.24999988563358,268.74999975062093,0.0,0.0,80.50412291236331,29.254062693925516,57882.0,0,0,0,11,DAVIS
655,110074,693.9999990198767,2154.0570474780034,0.32218273876841863,77.49999989054818,0.0,0.0,77.49999989054818,134.92882272948867,0.0,0.0,0.0,0.0,0.0,54.74999992267759,4.4999999936447335,18.24999997422586,0.0,0.0,24.424118682186947,33.00470415675354,52244.0,528,0,0,11,DAVIS
656,110075,409.5,1438.6452671029524,0.28464278815904615,0.0,0.0,0.0,0.0,33.72490248819656,0.0,0.0,0.0,0.0,0.0,0.0,0.0,0.0,1.0081051834796952,0.0,13.714088823991297,19.002708480725573,87014.0,0,0,0,11,DAVIS
657,110076,1.0,1.206505906714426,0.8288397051641581,4015.0,58.5,2937.5,1019.0,4142.139211080958,54.75,3.75,2554.75,382.75,189.0,66.25,153.0,610.75,0.0,0.0,127.13921108095823,0.0,53084.0,0,0,0,11,DAVIS
658,110077,698.0,1382.7832316458444,0.5047790456420362,84.25,12.0,6.0,66.25,167.26790708058363,7.75,4.25,0.5,5.5,17.5,0.5,11.5,36.75,0.0,0.0,50.51306048792583,32.5048465926578,35195.0,0,0,0,11,DAVIS
659,110078,254.5000000179247,507.55275495713994,0.501425709017018,563.5000000396878,44.00000000309896,15.000000001056465,504.5000000355324,610.4036417916077,18.000000001267757,26.000000001831207,6.000000000422586,9.000000000633879,43.25000000304614,144.50000001017727,45.0000000031694,271.75000001913963,0.0,0.0,34.90214483735963,12.001496914560134,53595.0,550,988,0,11,DAVIS
660,110079,671.75,1333.002301434629,0.5039376145690344,2091.5,56.0,50.0,1985.5,2221.733599307838,48.0,8.0,7.5,42.5,143.25,458.25,476.0,908.0,0.0,0.0,98.72996363285716,31.50363567498101,53532.0,0,0,2016,11,DAVIS
661,110080,1222.5,2638.34784892642,0.4633581582115687,2926.25,340.5,65.25,2520.5,3115.103692894699,252.0,88.5,6.75,58.5,859.75,53.0,391.5,1216.25,0.2514952153110047,0.0,131.34328860909454,57.25890907029363,60401.0,0,0,0,11,DAVIS
662,110081,922.25,1939.2108341470985,0.47558005749571985,1334.5,118.5,75.5,1140.5,1452.2029562974033,115.25,3.25,1.75,73.75,70.0,29.25,74.0,967.25,0.0,0.0,74.4468977725125,43.25605852489066,59130.0,0,0,0,11,DAVIS
663,110082,240.75,561.1461758147731,0.4290325950282666,4680.75,81.0,3646.5,953.25,4857.072082942802,32.75,48.25,3292.5,354.0,57.0,344.75,117.25,434.25,1.2617240013325302,0.0,163.55879079250064,11.50156814896824,53084.0,0,0,0,11,DAVIS
664,110083,1177.250000463307,2303.7163484377284,0.5110221148804462,716.7500002820772,107.75000004240505,43.50000001711944,565.5000002225527,876.2460147181553,39.00000001534846,68.75000002705659,5.500000002164526,38.000000014954914,33.00000001298716,49.50000001948074,89.75000003532114,393.25000015476365,0.0,0.0,104.23817383188435,55.25784060419375,40944.0,0,0,0,11,DAVIS
665,110084,883.25,2490.8110912088327,0.35460336719929403,343.75,44.5,35.25,264.0,505.6403997222644,42.0,2.5,5.5,29.75,20.5,74.25,27.0,142.25,3.02553629705089,0.0,117.60837752951386,41.25648589569967,60917.0,711,0,0,11,DAVIS
666,110085,1201.75,3739.086067422567,0.32140206947105454,541.0,103.75,21.5,415.75,653.9421557421272,78.5,25.25,2.0,19.5,33.25,60.75,162.5,159.25,0.5026899584412318,0.0,55.931197911644375,56.50826787204157,87488.0,0,0,0,11,DAVIS
667,110086,918.25,2812.279458409165,0.3265144924535454,0.0,0.0,0.0,0.0,82.60145384438813,0.0,0.0,0.0,0.0,0.0,0.0,0.0,0.0,4.032420733918781,0.0,35.56268992878101,43.00634318168834,94203.0,0,0,0,11,DAVIS
668,110087,389.5,1238.4787784096989,0.31449872762466524,18.25,1.25,0.5,16.5,213.0822016307315,1.25,0.0,0.0,0.5,2.5,1.0,4.5,8.5,21.673801667444856,0.0,154.9042669403386,18.254133022948068,97584.0,0,0,0,11,DAVIS
669,110088,200.5,547.9535035943884,0.36590695868315154,842.75,61.75,228.25,552.75,907.2957880706758,22.5,39.25,52.75,175.5,40.0,318.25,29.5,165.0,2.0162103669593905,0.0,53.27829473916218,9.25128296455422,67768.0,748,0,2240,11,DAVIS
670,110089,993.0,3012.8733248157287,0.32958571202482706,32.0,0.0,1.0,31.0,134.4794455282734,0.0,0.0,0.0,1.0,2.0,0.0,0.0,29.0,2.0162103669593905,0.0,53.706820216825314,46.75641494448868,91175.0,0,0,0,11,DAVIS
671,110090,390.75,1077.5900101137345,0.3626147201928479,273.5,45.25,30.25,198.0,316.8078343261623,3.75,41.5,1.0,29.25,14.25,2.75,121.75,59.25,4.032721206099559,0.0,21.022475996308188,18.252637123754603,97584.0,0,0,0,11,DAVIS
672,110091,374.0,1315.972170995111,0.28420053876761614,122.75,50.75,5.0,67.0,157.48712958654568,5.25,45.5,0.25,4.75,12.75,1.5,23.5,29.25,1.0081051834796952,0.0,15.726458473957546,18.00256592910844,87014.0,0,0,0,11,DAVIS
673,110092,368.75,1313.1979390483375,0.2808030602509396,12.0,0.0,0.0,12.0,54.32537781279233,0.0,0.0,0.0,0.0,4.75,0.0,0.25,7.0,2.5189003254006224,0.0,22.80405410990041,17.002423377491304,91175.0,0,0,0,11,DAVIS
674,110093,483.5,1476.2772981157711,0.3275129954359587,1385.25,642.5,82.75,660.0,1481.6707144737056,462.0,180.5,6.0,76.75,62.75,158.25,67.75,371.25,1.0081051834796952,0.0,72.90918821373961,22.50342107648644,97584.0,0,1318,0,11,DAVIS
675,110094,780.5,2286.6220596536614,0.34133318914898286,463.5,46.75,4.0,412.75,548.6395576455275,37.5,9.25,0.25,3.75,20.0,246.0,80.5,66.25,0.0,0.0,48.6343545520918,36.50520309343557,80015.0,1800,0,0,11,DAVIS
676,110095,5.0,13.469573850807208,0.371206992543447,121.75,3.25,43.0,75.5,137.85994868667913,2.25,1.0,0.0,43.0,8.75,15.0,4.25,47.5,12.097262201756344,0.0,4.012686484922789,0.0,77899.0,0,0,0,11,DAVIS
677,110096,714.0,2206.250444350482,0.3236259971429494,104.25,4.5,7.25,92.5,193.54988588368272,3.25,1.25,3.75,3.5,0.5,57.0,4.25,30.75,19.913333001186285,0.0,35.881848800848566,33.50470408164788,77899.0,929,0,0,11,DAVIS
678,110097,499.75,1512.7689447180796,0.33035448126093947,629.75,5.75,7.75,616.25,732.7997397833645,4.25,1.5,2.75,5.0,34.0,244.5,103.25,234.5,5.294445207432089,0.0,74.25187345887345,23.50342111705897,77899.0,0,0,0,11,DAVIS
679,110098,705.5,2257.271361508619,0.3125454972008717,364.5,40.25,17.5,306.75,439.637891006285,22.0,18.25,0.0,17.5,30.25,8.25,116.75,151.5,1.0081051834796952,0.0,41.1250816194399,33.00470420336547,97356.0,0,0,0,11,DAVIS
680,110099,1325.0,3689.637531111141,0.3591138665593999,1122.0,174.0,73.0,875.0,1268.4750560174073,120.75,53.25,2.25,70.75,129.5,177.25,146.75,421.5,0.0,0.0,84.21621781714491,62.2588382002624,96228.0,0,0,0,11,DAVIS
681,110100,732.5,2159.919913517685,0.3391329444280354,759.75,375.0,71.0,313.75,848.939919410807,215.75,159.25,4.25,66.75,22.75,95.75,16.5,178.75,0.0,6.688,48.2469301447798,34.25498926602721,122221.0,922,0,0,11,DAVIS
682,110101,682.75,1905.6612801564463,0.3582745827442898,19.25,0.5,10.25,8.5,76.23784626024145,0.5,0.0,0.0,10.25,3.25,0.0,0.25,5.0,1.0081051834796952,0.0,23.97517942501343,32.00456165174833,98876.0,0,0,0,11,DAVIS
683,110102,3014.0,9263.40691523542,0.32536625321326523,0.0,0.0,0.0,0.0,1155.8613198158987,0.0,0.0,0.0,0.0,0.0,0.0,0.0,0.0,47.63152144320104,0.0,966.7104100946372,141.51938827806043,77899.0,0,0,0,11,DAVIS
684,110103,938.5,2806.954793005815,0.33434809934897863,13.25,0.0,1.75,11.5,124.9695064732784,0.0,0.0,0.25,1.5,4.0,3.75,0.25,3.5,9.829255427611324,0.0,57.88390753929443,44.00634350637265,77899.0,0,0,0,11,DAVIS
685,110104,588.25,1785.3111307708164,0.3294943888833653,0.5,0.0,0.0,0.5,108.63979620095836,0.0,0.0,0.0,0.0,0.5,0.0,0.0,0.0,0.5032916224966335,0.0,79.88222831402476,27.75427626443697,84343.0,0,0,0,11,DAVIS
686,110105,406.25,1423.0010173562823,0.2854882006723721,11.0,0.0,0.0,11.0,45.21209643824214,0.0,0.0,0.0,0.0,4.0,0.0,7.0,0.0,0.0,0.0,15.209387957516569,19.002708480725573,100411.0,0,0,0,11,DAVIS
687,110106,621.25,2053.1994450944035,0.30257654777976806,12.75,0.0,3.5,9.25,70.09165043201716,0.0,0.0,3.0,0.5,7.5,0.0,0.25,1.5,5.034155829466832,0.0,23.05364566831513,29.253848934235187,122221.0,0,0,0,11,DAVIS
688,110107,554.75,1649.3845902633764,0.33633756691725647,0.0,0.0,0.0,0.0,44.31781488924775,0.0,0.0,0.0,0.0,0.0,0.0,0.0,0.0,0.0,0.0,18.06417974184839,26.25363514739936,77899.0,0,0,0,11,DAVIS
689,110108,0.0,0.0,0.0,0.0,0.0,0.0,0.0,37.55351060660156,0.0,0.0,0.0,0.0,0.0,0.0,0.0,0.0,37.55351060660156,0.0,0.0,0.0,77899.0,0,0,0,11,DAVIS
690,110109,675.25,1652.5261203073455,0.4086168392148703,1022.25,53.0,20.75,948.5,1119.328237874285,51.25,1.75,1.5,19.25,139.0,147.75,310.0,351.75,11.342775836129483,0.0,53.73104293802433,32.0044191001312,72651.0,787,0,0,11,DAVIS
691,110110,590.75,1463.2908902605575,0.4037133039862016,991.0,58.75,380.75,551.5,1162.6601732235197,55.0,3.75,285.25,95.5,103.25,19.5,125.0,303.75,10.586467059835416,0.0,133.5699998622457,27.5037063014383,72651.0,0,0,0,11,DAVIS
692,110111,616.0,1662.9111760094784,0.37043469842943005,760.0,9.0,23.25,727.75,832.565217021431,6.25,2.75,1.25,22.0,183.0,22.75,55.75,466.25,0.0,0.0,43.56108302453405,29.00413399689693,110982.0,0,0,0,11,DAVIS
693,110112,1367.25,3482.141918845184,0.39264625964855393,2173.75,74.0,78.0,2021.75,2351.88063307949,53.75,20.25,24.5,53.5,259.0,388.25,419.25,955.25,2.0162103669593905,0.0,112.10529940903392,64.00912330349666,59691.0,0,0,0,11,DAVIS
694,110113,599.4999905216673,1325.6036037162576,0.4522468020160791,1004.4999841184567,107.24999830433498,105.74999832805058,791.4999874860712,1086.2952382985175,70.74999888141446,36.49999942292053,6.2499999011850225,99.49999842686556,88.74999859682731,170.9999972964222,62.99999900394502,468.7499925888767,1.0081051675411525,0.0,52.783158009994025,28.003991002525588,43124.0,516,0,0,11,DAVIS
695,110114,30.00000000412763,89.49297923305699,0.3352218270217806,207.75000002858386,2.0000000002751754,64.7500000089088,141.00000001939986,228.6234296261877,2.0000000002751754,0.0,46.25000000636343,18.500000002545374,0.0,0.25000000003439693,0.7500000001031908,140.00000001926227,12.346333344043444,0.0,7.526953701805663,1.0001425517547426,100295.0,0,0,0,11,DAVIS
696,110115,557.0,1626.2210432172574,0.3425118635152151,869.5,312.0,58.25,499.25,941.6742176803888,179.0,133.0,7.75,50.5,91.0,44.5,38.0,325.75,1.0081051834796952,0.0,45.16240615486342,26.00370634204552,100295.0,0,0,0,11,DAVIS
697,110116,675.75,1751.3748664102377,0.3858397268113553,500.25,3.0,25.0,472.25,572.2516957992375,2.0,1.0,14.25,10.75,51.0,12.75,212.25,196.25,2.0162103669593905,0.0,37.98092378052981,32.00456165174833,103987.0,0,0,0,11,DAVIS
698,110117,989.75,2798.3010205989704,0.35369675839525877,50.25,0.25,0.0,50.0,129.680512560407,0.0,0.25,0.0,0.0,0.25,47.75,0.25,1.75,0.0,0.0,32.924382516220575,46.50613004418645,92507.0,576,0,0,11,DAVIS
699,110118,455.49999629641263,1225.4349808446887,0.3717047443695771,71.49999941864655,8.749999928855347,0.9999999918691825,61.74999949792202,137.71206817368446,0.0,8.749999928855347,0.0,0.9999999918691825,9.999999918691826,2.9999999756075475,5.249999957313208,43.49999964630944,2.0165115424381272,0.0,42.943917108436956,21.251640104162842,92898.0,0,0,0,11,DAVIS
700,110119,569.75,1237.8043608173657,0.46029083273205956,1011.5,532.0,58.75,420.75,1088.562351779616,185.75,346.25,32.5,26.25,19.5,111.75,34.25,255.25,0.0,0.0,50.05850288595319,27.003848893662656,60401.0,0,1107,0,11,DAVIS
701,110120,774.5000067376517,1804.6800629616832,0.42916194545121195,817.0000071073744,59.00000051326204,53.75000046759042,704.2500061265218,904.3978164245353,37.50000032622587,21.500000187036168,4.500000039147104,49.25000042844331,35.750000311002,155.50000135274993,298.00000259240824,215.00000187036167,1.0081051922495616,0.0,50.38457195347322,36.005132171438355,61800.0,0,0,1868,11,DAVIS
702,110121,1151.75,2356.2710007689143,0.48880200945653246,729.0,132.0,111.0,486.0,846.2919283605211,108.0,24.0,8.75,102.25,34.5,59.5,37.25,354.75,0.0,0.0,63.28423057319576,54.00769778732531,61138.0,366,0,0,11,DAVIS
703,110122,1078.75,2682.381688145977,0.4021612601842716,3397.75,459.25,118.5,2820.0,3604.7229789473736,353.75,105.5,30.5,88.0,74.5,17.75,2316.0,411.75,0.0,0.0,156.71570881489953,50.25727013247391,42449.0,0,0,0,11,DAVIS
704,110123,1194.25,2235.36510723026,0.5342527697767195,3990.0,1748.75,145.25,2096.0,4210.375710292175,746.0,1002.75,113.25,32.0,334.5,103.75,544.25,1113.5,0.0,0.0,164.11808369953027,56.257626592644456,51122.0,0,0,0,11,DAVIS
705,110124,1714.75,4550.376687525719,0.37683693411597546,2009.5,282.0,129.25,1598.25,2209.681651824544,212.0,70.0,14.0,115.25,231.25,37.0,393.5,936.5,2.0162103669593905,0.0,117.90410852286033,80.26133293472468,71934.0,0,0,0,11,DAVIS
706,110125,115.75,305.79713327042134,0.3785189179574172,144.25,11.25,15.5,117.5,162.01542521359306,10.25,1.0,0.5,15.0,10.25,8.75,10.25,88.25,4.032420733918781,0.0,8.232291681016076,5.500712798658207,76224.0,0,0,0,11,DAVIS
707,110126,1150.75,3019.40078537395,0.3811186661851122,16.0,0.0,0.0,16.0,347.248265155066,0.0,0.0,0.0,0.0,3.75,0.0,12.0,0.25,7.050365476732377,0.0,270.19027316683423,54.0076265114994,98407.0,0,0,0,11,DAVIS
708,110127,1106.75,3202.0181058684184,0.34564139346108996,7.75,0.0,0.0,7.75,98.29158264538208,0.0,0.0,0.0,0.0,3.75,0.0,4.0,0.0,0.0,0.0,38.53416996129104,52.00741268409104,87834.0,0,0,0,11,DAVIS
709,110128,232.75,562.8423842671122,0.41352607142951436,378.5,7.0,139.0,232.5,424.86215363113007,5.75,1.25,43.0,96.0,59.75,14.25,22.5,136.0,2.2677055822703958,0.0,33.09273759177882,11.001710457080817,65047.0,0,0,0,11,DAVIS
710,110129,609.25,1477.895346247416,0.41224163913024786,1296.75,570.25,135.5,591.0,1411.5951753952736,394.75,175.5,2.5,133.0,45.25,23.0,111.0,411.75,0.0,0.0,86.09132629867895,28.75384909659469,50717.0,0,0,0,11,DAVIS
711,110130,102.5,187.8299348387368,0.5457064130273077,1335.0,1006.5,52.25,276.25,1536.7686399694962,455.0,551.5,4.0,48.25,14.0,12.0,28.0,222.25,0.0,0.0,197.01735704544515,4.751282924051074,51122.0,0,0,0,11,DAVIS
712,110131,130.75,334.4230257272872,0.3909718827393872,1400.75,77.0,115.25,1208.5,1458.772995551115,52.0,25.0,7.75,107.5,166.0,150.0,242.25,650.25,3.2733866910274827,0.0,48.49818370917306,6.251425150914512,76224.0,523,0,0,11,DAVIS
713,110132,805.0,2122.3147067813998,0.37930284204684434,81.0,6.75,1.75,72.5,220.5385252327714,5.25,1.5,0.25,1.5,4.5,0.25,25.25,42.5,0.7544863656268606,0.0,100.77862190569338,38.00541696145115,77278.0,0,0,0,11,DAVIS
714,110133,1201.75,3764.056947873019,0.31926987732719636,116.0,21.75,0.5,93.75,215.9852960733187,21.75,0.0,0.0,0.5,6.25,55.0,22.75,9.75,1.2596003987907,0.0,42.21728541319411,56.5084102613339,92042.0,641,0,0,11,DAVIS
715,110134,473.5,1250.238288340059,0.37872780286441704,13.75,0.0,0.0,13.75,73.92661128836666,0.0,0.0,0.0,0.0,3.5,0.0,0.25,10.0,0.0,0.0,38.17390244238425,22.00270884598241,92898.0,0,0,0,11,DAVIS
716,110135,221.75,744.7923194665555,0.2977340047744109,145.25,19.5,1.75,124.0,167.8780276621681,14.0,5.5,0.0,1.75,4.5,0.25,107.5,11.75,1.0081051834796952,0.0,11.618496962517048,10.001425516171356,122221.0,0,0,0,11,DAVIS
717,110136,390.25,1184.9278057868864,0.3293449593250476,53.0,4.75,17.75,30.5,117.32535347880795,4.5,0.25,6.75,11.0,2.75,1.5,3.0,23.25,6.051055175600779,0.0,39.771661179452565,18.502637123754603,86386.0,0,0,0,11,DAVIS
718,110137,256.0,860.845288744229,0.29738212353284044,143.5,2.25,5.75,135.5,171.1730086612695,2.25,0.0,1.0,4.75,14.75,69.5,5.75,45.5,3.024315550439086,0.0,12.646982491424794,12.001710619405625,104511.0,936,0,0,11,DAVIS
719,110138,0.0,0.0,0.0,1058.75,26.0,770.0,262.75,1115.676028597799,25.5,0.5,256.0,514.0,84.75,8.0,10.25,159.75,0.0,23.408,33.51802859779869,0.0,75567.0,0,0,0,11,DAVIS
720,110139,1015.0,2159.6265972551964,0.46998865511752197,2771.25,1928.75,131.0,711.5,3088.8473129008344,1572.5,356.25,36.5,94.5,79.75,56.0,134.0,441.75,0.0,0.0,270.0906127312551,47.50670016957931,45532.0,0,0,0,11,DAVIS
721,110140,600.5,1437.5328653532051,0.4177295799442163,497.0,33.5,30.75,432.75,582.4988038037332,27.25,6.25,3.0,27.75,34.5,137.5,47.75,213.0,0.0,0.0,57.49459865276267,28.004205150970563,59699.0,377,995,0,11,DAVIS
722,110141,276.9999999462306,537.2804386265756,0.5155594360634319,1310.249999745663,129.24999997491085,38.49999999252664,1142.4999997782256,1402.2524521406974,64.4999999874797,64.74999998743117,2.249999999563245,36.249999992963396,124.49999997583289,358.9999999303133,169.24999996714632,489.749999904933,1.0081051832840087,0.0,77.74242280804638,13.25192440370377,28499.0,0,0,2051,11,DAVIS
723,110142,1304.0000001835017,2625.851816343082,0.496600757159073,247.00000003475836,64.50000000907657,0.0,182.50000002568177,367.1004835000985,1.7500000002462637,62.75000000883031,0.0,0.0,10.750000001512763,63.25000000890067,10.750000001512763,97.75000001375558,0.0,0.0,59.09193035972683,61.00855310561338,49587.0,379,0,0,11,DAVIS
724,110143,1660.75,3863.474152286212,0.4298592237293087,435.75,92.25,23.25,320.25,634.9244548436668,57.0,35.25,0.25,23.0,33.5,19.0,64.0,203.75,3.024315550439086,0.0,118.3892338104225,77.7609054828053,80392.0,0,0,0,11,DAVIS
725,110144,212.0,711.9062837298615,0.29779200555623286,108.25,0.5,0.0,107.75,128.3904382308959,0.5,0.0,0.0,0.0,0.0,105.5,0.25,2.0,0.0,0.0,10.13901271472456,10.001425516171356,122221.0,0,1165,0,11,DAVIS
726,110145,191.25,607.4946643019043,0.314817579870883,87.5,0.5,0.0,87.0,116.34266724635388,0.5,0.0,0.0,0.0,0.25,85.0,0.75,1.0,2.0162103669593905,0.0,17.82517391484027,9.00128296455422,86386.0,1004,0,0,11,DAVIS
727,110146,47.5,142.5213664679115,0.3332833607843254,0.0,0.0,0.0,0.0,166.50914793552306,0.0,0.0,0.0,0.0,0.0,0.0,0.0,0.0,1.0081051834796952,0.0,163.2507576488091,2.250285103234271,86386.0,0,0,0,11,DAVIS
728,110147,318.0,990.1781264107944,0.32115433730362125,352.75,19.5,25.0,308.25,523.0893630210633,6.5,13.0,5.0,20.0,25.75,141.0,16.0,125.5,11.345801574907492,0.0,144.2417795104211,14.751781935734684,104511.0,742,262,0,11,DAVIS
729,110148,350.9999995345414,846.3610033135814,0.4147166494679505,1850.2499975463968,78.24999989623323,1373.9999981779486,397.99999947221505,1938.4572509158443,77.99999989656476,0.2499999996684768,475.7499993691114,898.2499988088372,112.49999985081456,5.999999992043444,76.74999989822238,202.7499997311347,2.0162103642857083,0.0,69.68869096595284,16.502352039209207,75567.0,0,0,0,11,DAVIS
730,110149,980.5,2599.187273022565,0.3772333029546531,246.5,98.75,18.25,129.5,353.6668012795628,93.5,5.25,2.0,16.25,6.5,13.5,14.75,94.75,3.024315550439086,0.0,58.38557230035954,45.7569134287641,106475.0,0,0,0,11,DAVIS
731,110150,326.5,1008.9932047883568,0.32358988985310916,32.0,4.0,0.0,28.0,144.15566631335625,1.5,2.5,0.0,0.0,11.75,0.0,7.0,9.25,6.803117466505032,0.0,90.1001969886904,15.252351858160829,77899.0,0,0,0,11,DAVIS
732,110151,567.75,1801.5747381081048,0.3151409641746052,137.0,4.5,2.0,130.5,194.34805896345412,4.0,0.5,0.25,1.75,24.25,59.75,1.75,44.75,6.048631100878172,0.0,24.545650407064045,26.753777455511933,77899.0,0,0,0,11,DAVIS
733,110152,152.75,510.5354527304021,0.299195676192663,278.0,32.5,34.0,211.5,325.65888078550927,28.75,3.75,2.0,32.0,20.5,26.5,16.5,148.0,6.800994583657047,0.0,33.60674582948769,7.251140372364554,104511.0,0,0,0,11,DAVIS
734,110153,273.25,916.7263155789489,0.2980715131183202,509.75,58.75,60.75,390.25,556.8577928765138,53.5,5.25,5.75,55.0,42.5,39.5,31.75,276.5,7.814247669068891,0.0,26.291692036422248,13.00185317102276,104511.0,0,0,0,11,DAVIS
735,110154,431.5,1487.7069774876134,0.2900436756226699,0.0,0.0,0.0,0.0,34.166414827403926,0.0,0.0,0.0,0.0,0.0,0.0,0.0,0.0,0.5029911503158557,0.0,13.66057264474536,20.00285103234271,104511.0,0,0,0,11,DAVIS
736,110155,283.4999970946273,684.4542057764012,0.414198634038698,9.499999902641832,0.0,2.9999999692553154,6.499999933386517,52.044576617988966,0.0,0.0,0.0,2.9999999692553154,3.4999999641312014,0.0,0.4999999948758859,2.4999999743794294,2.5216255661556595,0.0,26.520955605495637,13.501995543695836,76322.0,0,0,0,11,DAVIS
737,110156,1044.0,2472.238486089262,0.42228935674060436,778.5,47.75,68.25,662.5,903.7097178721508,28.0,19.75,38.25,30.0,50.5,101.0,127.5,383.5,0.0,0.0,76.20308914082625,49.00662873132451,57395.0,533,0,0,11,DAVIS
738,110157,168.25,291.1601045661568,0.5778607623826106,1237.25,382.0,67.5,787.75,1294.9982248425652,233.25,148.75,5.0,62.5,77.0,25.5,156.75,528.5,0.0,0.0,49.7470844296282,8.001140412937083,28499.0,0,0,0,11,DAVIS
739,110158,1513.75,3721.395348328433,0.40676946637232253,857.25,124.75,49.25,683.25,1030.0752284008358,77.25,47.5,10.0,39.25,86.5,46.75,141.75,408.25,1.0081051834796952,0.0,100.8070020525395,71.01012116481661,86529.0,0,0,0,11,DAVIS
740,110159,3.0,10.230166332914663,0.29325036391126535,0.0,0.0,0.0,0.0,23.281395319656923,0.0,0.0,0.0,0.0,0.0,0.0,0.0,0.0,23.18641922003299,0.0,0.0949760996239306,0.0,86770.0,0,0,0,11,DAVIS
741,110160,175.0,539.394497727056,0.32443786641767597,0.0,0.0,0.0,0.0,13.541412890999704,0.0,0.0,0.0,0.0,0.0,0.0,0.0,0.0,0.0,0.0,5.540272478062623,8.001140412937083,136398.0,0,0,0,11,DAVIS
742,110161,352.75,1008.4123423708852,0.34980730121831616,1064.25,10.5,9.75,1044.0,1126.1130841850072,8.5,2.0,1.25,8.5,24.0,4.75,944.75,70.5,0.0,0.0,44.86066080751588,17.002423377491304,71381.0,0,0,0,11,DAVIS
743,110162,691.5,2326.937194817698,0.2971717507202316,282.5,11.0,14.75,256.75,356.70815464359725,10.75,0.25,0.25,14.5,17.0,135.0,17.25,87.5,3.024315550439086,3.344,35.335134930365186,32.50470416279294,110061.0,905,1077,0,11,DAVIS
744,110163,914.5,2368.980337434597,0.3860310638923771,63.75,0.0,0.0,63.75,368.76424999037056,0.0,0.0,0.0,0.0,3.0,51.5,7.5,1.75,5.038101122982022,0.0,256.9700191478517,43.00612971953682,102528.0,697,0,0,11,DAVIS
745,110164,215.25,616.4227516379816,0.34919217278731135,7.5,2.0,3.0,2.5,29.31999805705369,2.0,0.0,0.0,3.0,1.25,0.0,0.0,1.25,0.0,0.0,11.5687862466078,10.251211810445897,95028.0,0,0,0,11,DAVIS
746,110165,137.75,475.0836559088044,0.2899489348596788,223.5,6.5,11.5,205.5,257.4438115588937,5.5,1.0,1.75,9.75,31.0,21.5,20.25,132.75,0.7563087762940666,0.0,27.18664747289684,6.000855309702812,104511.0,0,0,0,11,DAVIS
747,110166,887.25,2097.53706603541,0.42299610069680726,1903.5,367.25,84.0,1452.25,2050.8447834294943,302.75,64.5,11.5,72.5,174.5,214.25,352.25,711.25,0.0,0.0,105.83893901615858,41.50584441333583,42073.0,688,993,0,11,DAVIS
748,110167,458.75,1368.9076969494172,0.33512120723867284,13.5,0.0,0.0,13.5,72.21869521436258,0.0,0.0,0.0,0.0,10.25,0.0,3.25,0.0,1.7644139597737618,0.0,35.70135894645489,21.25292230813393,80137.0,0,0,0,11,DAVIS
749,110168,483.5,1557.867402067484,0.3103601753001156,0.0,0.0,0.0,0.0,123.56933952687852,0.0,0.0,0.0,0.0,0.0,0.0,0.0,0.0,1.5089727312537211,0.0,99.3067320540548,22.753634741569982,117985.0,0,0,0,11,DAVIS
750,110169,471.75,1452.1453989908075,0.32486416327721074,678.75,369.0,33.25,276.5,738.9257360460953,255.75,113.25,3.0,30.25,25.5,16.75,20.75,213.5,0.0,0.0,37.92245739947378,22.253278646621585,142343.0,0,0,0,11,DAVIS
751,110170,11.75,37.77826244764341,0.3110254214651675,1961.25,290.5,641.0,1029.75,2029.2082452612449,279.5,11.0,296.5,344.5,560.5,2.5,193.25,273.5,0.0,0.0,66.95810270962765,1.0001425516171354,126801.0,0,0,0,11,DAVIS
752,110171,50.5,118.04805331048404,0.4277918913849214,2988.25,376.5,215.0,2396.75,3090.463235106462,206.5,170.0,74.0,141.0,216.25,102.5,936.25,1141.75,1.0081051834796952,0.0,99.20484481974846,2.000285103234271,42073.0,0,0,0,11,DAVIS
753,110172,1.0,2.652582756131773,0.37699106566548257,0.0,0.0,0.0,0.0,11.120815718151292,0.0,0.0,0.0,0.0,0.0,0.0,0.0,0.0,11.089157018276648,0.0,0.0316586998746435,0.0,117985.0,0,0,0,11,DAVIS
754,110173,481.5,1826.9076106372704,0.26356012597267625,122.25,8.25,8.0,106.0,175.9008519596903,8.25,0.0,0.25,7.75,15.75,43.25,7.25,39.75,4.032420733918781,0.0,27.115081343931237,22.50334988184028,117985.0,0,0,0,11,DAVIS
755,110174,530.5,1918.874747623608,0.276464110363111,0.0,0.0,0.0,0.0,44.323065171864656,0.0,0.0,0.0,0.0,0.0,0.0,0.0,0.0,2.7706967325862517,0.0,16.798875924675933,24.75349251460247,142343.0,0,0,0,11,DAVIS
756,110175,453.75,1486.2008101045335,0.30530867492131497,912.25,33.25,103.0,776.0,976.4991922532532,29.75,3.5,5.5,97.5,34.75,112.0,119.0,510.25,0.0,0.0,43.24619866929319,21.00299358395984,126801.0,0,0,0,11,DAVIS
757,110176,765.5,1517.6251433846155,0.504406508640716,615.25,203.5,37.0,374.75,702.4687202610752,52.25,151.25,8.5,28.5,37.75,23.25,72.5,241.25,0.0,0.0,51.46365971925668,35.75506054181844,65523.0,0,0,0,11,DAVIS
758,110177,822.25,1829.7009141387243,0.44939038596209535,1258.75,100.5,54.25,1104.0,1398.418541318659,61.5,39.0,7.25,47.0,102.5,312.25,105.75,583.5,0.0,0.0,100.91333806289865,38.75520325576038,64608.0,1332,0,0,11,DAVIS
759,110178,279.25,1059.2688800255307,0.2636252279905263,12.75,0.5,2.0,10.25,44.80628658104239,0.5,0.0,1.0,1.0,10.25,0.0,0.0,0.0,7.310956766266103,0.0,11.74347664375353,13.00185317102276,118349.0,0,0,0,11,DAVIS
760,110179,610.25,2039.3214756324444,0.29924168763571046,199.0,1.75,2.5,194.75,271.51295995716595,1.5,0.25,0.25,2.25,14.0,121.25,5.0,54.5,17.13778811915482,0.0,26.62103784111416,28.75413399689693,96452.0,601,1057,0,11,DAVIS
761,110180,333.0,1121.074654647819,0.2970364182433601,1292.5,7.5,8.75,1276.25,1363.9792004655312,6.0,1.5,1.5,7.25,44.5,991.0,75.0,165.75,2.0162103669593905,0.0,53.7106380780516,15.75235202052033,85057.0,5,29,2765,11,DAVIS
762,110181,408.0,1477.0147707437384,0.276232850260905,383.75,5.25,8.5,370.0,435.352311060925,4.0,1.25,1.75,6.75,36.0,220.5,13.5,100.0,4.032420733918781,0.0,28.31725304092681,19.252637286079413,141418.0,1239,946,0,11,DAVIS
763,110182,397.0,1454.4465604191855,0.27295605820373403,0.0,0.0,0.0,0.0,33.07950348278282,0.0,0.0,0.0,0.0,0.0,0.0,0.0,0.0,1.0081051834796952,0.0,13.06868981857755,19.002708480725573,126801.0,0,0,0,11,DAVIS
764,110183,1225.25,3347.990951142115,0.36596574419713557,139.25,4.75,10.0,124.5,302.9702639268336,4.5,0.25,1.0,9.0,18.5,70.0,5.75,30.25,2.2677055822703958,0.0,103.94372046891571,57.50883787564747,105493.0,604,0,0,11,DAVIS
765,110184,340.5,1244.66949795885,0.2735665978465693,225.5,3.5,45.5,176.5,260.67686064758584,2.75,0.75,1.25,44.25,13.75,72.75,10.0,80.0,0.7563087762940666,0.0,18.418271045417605,16.002280825874166,126765.0,890,0,0,11,DAVIS
766,110185,210.25,462.8908402916044,0.4542107592095582,65.25,0.0,41.0,24.25,89.01864794684319,0.0,0.0,0.0,41.0,3.75,1.5,7.25,11.75,5.291720660528704,0.0,8.725501770143126,9.751425516171356,101962.0,0,0,0,11,DAVIS
767,110186,315.75,814.8223506150564,0.38750777977759304,125.0,40.75,7.25,77.0,162.22124350230504,40.5,0.25,0.0,7.25,13.0,0.75,6.5,56.75,2.773120807308859,0.0,19.445984461311696,15.002138233684502,97322.0,0,0,0,11,DAVIS
768,110187,546.5,1476.903626208157,0.3700309148831188,18.75,0.0,10.75,8.0,65.14779163287946,0.0,0.0,10.75,0.0,2.0,0.0,3.0,3.0,0.0,0.0,20.89429903709724,25.503492595782223,113253.0,0,0,0,11,DAVIS
769,110188,603.25,1458.462155103762,0.41362060571059656,421.5,21.5,8.5,391.5,481.9479888003967,3.25,18.25,0.0,8.5,7.5,2.0,5.5,376.5,0.0,0.0,32.443997355116885,28.003991445279794,70939.0,0,0,0,11,DAVIS
770,110189,663.25,1800.6390744938428,0.36834144576499245,116.5,0.5,7.75,108.25,182.18942040879733,0.5,0.0,7.5,0.25,18.25,83.25,2.25,4.5,0.0,0.0,34.43500130866613,31.2544191001312,101843.0,0,0,0,11,DAVIS
771,110190,545.75,1636.249017673274,0.33353725142402213,1767.75,136.0,87.0,1544.75,1871.500625466479,113.5,22.5,8.5,78.5,211.25,47.75,272.0,1013.75,0.0,0.0,77.99691912443349,25.75370634204552,96104.0,0,0,0,11,DAVIS
772,110191,312.75,965.519443161705,0.3239189041868116,0.0,0.0,0.0,0.0,28.406595380255396,0.0,0.0,0.0,0.0,0.0,0.0,0.0,0.0,0.0,0.0,13.904599617042969,14.501995763212426,130258.0,0,0,0,11,DAVIS
773,110192,459.75,1374.4539605985965,0.3344964714567606,22.75,6.25,0.5,16.0,85.52682099080735,6.25,0.0,0.5,0.0,0.0,2.0,6.25,7.75,0.0,0.0,41.023827366274986,21.752993624532373,124352.0,0,0,0,11,DAVIS
774,110193,256.75,805.4073080807846,0.3187828039601638,1082.25,245.0,48.25,789.0,1137.6519541633334,195.5,49.5,2.75,45.5,74.5,22.5,187.25,504.75,1.0081051834796952,0.0,42.39213836044798,12.001710619405625,132619.0,0,0,0,11,DAVIS
775,110194,4568.75,10075.618917508917,0.45344608975441203,1340.25,357.75,39.0,943.5,2048.417166848736,129.0,228.75,6.75,32.25,108.5,95.75,220.25,519.0,5.797135885567167,0.0,487.84166173046987,214.5283692326985,101962.0,0,0,0,11,DAVIS
776,110195,898.75,1990.6901825863267,0.451476582273759,267.5,24.5,3.25,239.75,346.9276118424751,24.25,0.25,0.25,3.0,35.75,36.75,55.25,112.0,0.0,0.0,37.4216246745554,42.00598716791969,101962.0,0,0,0,11,DAVIS
777,110196,1177.75,2617.81781550255,0.4498976181709207,1079.0,199.75,74.0,805.25,1259.502117554276,110.0,89.75,24.0,50.0,77.25,85.0,177.75,465.25,0.251194743130227,0.0,124.99301103412176,55.25791177702379,124658.0,675,0,0,11,DAVIS
778,110197,854.5,3491.1983624322115,0.24475836411790017,14.5,0.0,13.5,1.0,83.78142978749419,0.0,0.0,9.5,4.0,1.0,0.0,0.0,0.0,1.7644139597737618,0.0,27.511313763035005,40.00570206468542,101962.0,0,0,0,11,DAVIS
779,110198,309.75,881.5428403809657,0.35137260018598654,11.5,0.0,1.25,10.25,67.67042697661344,0.0,0.0,0.0,1.25,10.0,0.0,0.0,0.25,0.0,0.0,41.41800380201949,14.752423174593964,123921.0,0,0,0,11,DAVIS
780,110199,365.75,1114.9890088437746,0.32803013939955944,4136.5,1976.5,93.5,2066.5,4296.291253737674,1342.75,633.75,12.0,81.5,126.75,87.75,543.5,1308.5,0.0,0.0,142.5391153416996,17.25213839597462,101962.0,0,0,0,11,DAVIS
781,110200,13.75,36.67839266642677,0.3748801133422059,2370.0,13.75,2.0,2354.25,2446.715221391629,13.75,0.0,0.5,1.5,17.75,39.0,6.0,2291.5,0.0,0.0,75.96500764536526,0.7502137462632981,124658.0,0,0,0,11,DAVIS
782,110201,342.25,944.8167421203436,0.362239558998423,51.0,0.75,15.75,34.5,130.70346233647757,0.5,0.25,14.5,1.25,2.0,5.5,1.5,25.5,0.251194743130227,0.0,63.44984433760831,16.00242325573902,77668.0,0,0,0,11,DAVIS
783,110202,20.5,53.76120828814472,0.381315834460525,96.0,7.75,8.0,80.25,135.07314566170666,7.25,0.5,1.25,6.75,4.5,8.75,2.75,64.25,16.634496496658187,0.0,21.438649043296188,1.0000001217522807,101962.0,0,0,0,11,DAVIS
784,110203,386.25,1476.5460427659025,0.261590217177696,374.0,29.5,26.25,318.25,425.8711180564122,26.5,3.0,2.5,23.75,17.25,71.5,13.0,216.5,6.048631100878172,0.0,27.569849710027132,18.25263724550688,101962.0,525,0,0,11,DAVIS
785,110204,1353.0,3658.936022218757,0.36977962767972883,17.25,0.0,0.0,17.25,211.197262064822,0.0,0.0,0.0,0.0,0.0,17.0,0.0,0.25,6.293153844508285,0.0,124.14227818109184,63.51183003922186,101962.0,835,0,0,11,DAVIS
786,110205,404.49999983378854,1208.4833668288818,0.33471706019025804,884.9999996363482,5.749999997637291,33.49999998623465,845.7499996524763,963.1026648609959,5.499999997740018,0.2499999998972735,2.2499999990754613,31.24999998715919,36.499999985001935,703.4999997109277,15.999999993425504,89.74999996312118,3.0270408157924886,0.0,56.07362828822869,19.001996120626544,101962.0,321,139,1879,11,DAVIS
787,110206,386.2499999643432,963.2058957789266,0.40100460520124837,2103.9999998057683,46.99999999566118,102.99999999049152,1953.9999998196158,2220.5996247744483,35.249999996745885,11.749999998915294,77.24999999286864,25.74999999762288,130.99999998790668,761.7499999296788,253.49999997659805,807.7499999254322,0.0,0.0,98.34720151172884,18.25242345695138,90151.0,524,1242,0,11,DAVIS
788,110207,214.0,577.1549611456405,0.3707843030149381,223.0,4.75,20.0,198.25,258.83297056872465,3.75,1.0,0.5,19.5,3.75,114.75,44.25,35.5,0.0,0.0,25.83154505255328,10.001425516171356,101682.0,0,0,0,11,DAVIS
789,110208,495.5,1278.2041445971108,0.3876532571846583,2.75,0.0,0.0,2.75,44.27764673921016,0.0,0.0,0.0,0.0,0.0,2.25,0.5,0.0,0.0,0.0,18.52436805201604,23.003278687194115,92158.0,0,0,0,11,DAVIS
790,110209,343.0,919.9585937409628,0.3728428674221181,31.5,0.0,4.0,27.5,68.10809612486995,0.0,0.0,0.0,4.0,2.75,3.5,1.25,20.0,0.0,0.0,20.60581529899577,16.002280825874166,101784.0,0,0,0,11,DAVIS
791,110210,0.0,0.0,0.0,154.5,10.25,51.5,92.75,167.45696605285266,9.0,1.25,5.75,45.75,2.5,0.0,8.75,81.5,8.064841467837562,0.0,4.892124585015084,0.0,80062.0,0,0,0,11,DAVIS
792,110211,57.25,142.9747625820874,0.40042031870576134,25.25,1.5,9.5,14.25,36.36195809877181,1.5,0.0,0.0,9.5,0.0,0.0,0.5,13.75,0.2517964071856287,0.0,8.359805353133222,2.500356338452963,80062.0,0,0,0,11,DAVIS
793,110212,723.25,2065.7505084287905,0.3501148841783918,2.0,0.0,0.0,2.0,82.96556989484058,0.0,0.0,0.0,0.0,0.0,0.0,2.0,0.0,1.0081051834796952,0.0,45.952119350350586,34.005345361010306,110490.0,0,0,0,11,DAVIS
794,110213,199.75,647.4185991765048,0.30853299589180083,192.5,6.5,58.25,127.75,298.8233034187014,4.25,2.25,37.75,20.5,10.0,27.5,4.0,86.25,50.91371827599608,0.0,46.15858691609384,9.250998226611484,80062.0,0,0,0,11,DAVIS
795,110214,432.5,1383.55927560904,0.31259954497404124,44.25,0.0,0.25,44.0,90.85951638842096,0.0,0.0,0.25,0.0,0.0,42.25,0.25,1.5,1.5135204085181588,0.0,24.84307371234141,20.2529222675614,123864.0,504,0,0,11,DAVIS
796,110215,338.25,993.0854029815256,0.34060514733624825,0.0,0.0,0.0,0.0,31.4763824495663,0.0,0.0,0.0,0.0,0.0,0.0,0.0,0.0,2.0162103669593905,0.0,13.457891256732744,16.002280825874166,110490.0,0,0,0,11,DAVIS
797,110216,445.25,1028.4050744141248,0.43295196715521445,0.0,0.0,0.0,0.0,35.09928937005492,0.0,0.0,0.0,0.0,0.0,0.0,0.0,0.0,0.0,0.0,14.096295786095078,21.00299358395984,107834.0,0,0,0,11,DAVIS
798,110217,400.5,923.5428402526092,0.4336561148483967,54.75,0.25,0.0,54.5,90.91539978704988,0.25,0.0,0.0,0.0,0.0,52.75,0.5,1.25,0.0,0.0,17.1626913063243,19.002708480725573,107112.0,669,0,0,11,DAVIS
799,110218,522.0,1360.272359330991,0.38374667868479656,44.25,11.75,5.5,27.0,98.4352249130431,11.5,0.25,2.75,2.75,1.0,3.0,3.75,19.25,0.0,0.0,29.431732398440623,24.75349251460247,90058.0,0,0,0,11,DAVIS
800,110219,0.0,0.0,0.0,9.75,0.0,0.0,9.75,15.099110078405737,0.0,0.0,0.0,0.0,1.0,1.75,0.25,6.75,5.040525917398476,0.0,0.3085841610072596,0.0,80062.0,0,0,0,11,DAVIS
801,110220,80.25,248.61115881832563,0.32279323414699684,584.0,55.25,347.25,181.5,608.5313957032046,50.75,4.5,182.25,165.0,54.25,15.0,3.5,108.75,0.0,0.0,21.031110437645506,3.5002852655590813,80062.0,0,0,0,11,DAVIS
802,110221,266.0,594.2404039703343,0.44763028266465577,1348.25,255.5,16.0,1076.75,1411.6097995536004,29.25,226.25,2.25,13.75,241.0,19.75,168.5,647.5,0.0,0.0,51.108088934194754,12.251710619405625,77766.0,0,0,0,11,DAVIS
803,110222,591.0,1327.8607721896587,0.4450767824291049,483.5,309.75,18.25,155.5,545.5094009524756,198.25,111.5,2.0,16.25,21.0,4.5,5.5,124.5,0.0,0.0,34.00562313170691,28.00377782076877,77766.0,0,0,0,11,DAVIS
804,110223,264.75,584.9371272001829,0.45261274706092414,0.0,0.0,0.0,0.0,20.88370710912544,0.0,0.0,0.0,0.0,0.0,0.0,0.0,0.0,0.0,0.0,8.631925254501123,12.251781854624316,77766.0,0,0,0,11,DAVIS
805,110224,748.0,2143.403234302892,0.3489777322479758,0.0,0.0,0.0,0.0,60.68718844104868,0.0,0.0,0.0,0.0,0.0,0.0,0.0,0.0,0.0,0.0,25.432270329095093,35.25491811195358,102651.0,0,0,0,11,DAVIS
806,110225,625.25,1724.2232456113309,0.36262705632315895,1684.75,154.0,220.5,1310.25,1788.152818073022,121.5,32.5,150.0,70.5,360.75,24.5,118.75,806.25,1.0081051834796952,0.0,73.1402938299836,29.254419059558668,80062.0,0,0,0,11,DAVIS
807,110226,87.75,231.52441106601225,0.37900971044898035,3032.25,1052.5,146.75,1833.0,3140.2761930139404,831.25,221.25,29.5,117.25,238.0,134.0,137.75,1323.25,0.0,0.0,103.77583651316245,4.250356500777773,55206.0,0,0,0,11,DAVIS
808,110227,668.75,1692.5335320595966,0.3951177257836758,1463.0,700.25,61.75,701.0,1579.7418108193233,494.5,205.75,9.5,52.25,68.0,51.75,101.0,480.25,0.0,0.0,85.48732040279367,31.25449041652964,55206.0,0,0,0,11,DAVIS
809,110228,343.75,879.3877190523882,0.39089697587591804,380.25,60.0,24.75,295.5,422.4240756270258,28.75,31.25,2.0,22.75,35.0,94.25,59.25,107.0,0.0,0.0,26.171794801151627,16.002280825874166,55206.0,385,0,0,11,DAVIS
810,110229,320.75,736.9970454327131,0.4352120568023147,568.75,147.0,49.5,372.25,611.9129382136451,130.5,16.5,5.0,44.5,43.5,42.75,26.0,260.0,0.0,0.0,28.16079993938809,15.002138274257032,70467.0,0,0,0,11,DAVIS
811,110230,449.5,1010.1380731401758,0.44498867229373634,0.0,0.0,0.0,0.0,35.233849864868475,0.0,0.0,0.0,0.0,0.0,0.0,0.0,0.0,0.0,0.0,14.230856280908627,21.00299358395984,70467.0,0,0,0,11,DAVIS
812,110231,299.5,677.1147733449274,0.4423179227363164,117.5,2.25,1.25,114.0,145.4539642320003,0.75,1.5,0.25,1.0,0.0,111.5,0.75,1.75,0.0,0.0,13.951968509360409,14.001995722639895,70467.0,409,1011,0,11,DAVIS
813,110232,59.25,183.81673766600196,0.32233190922830013,22.0,0.0,1.0,21.0,38.83442004048779,0.0,0.0,0.0,1.0,0.75,2.0,1.0,17.25,1.2617240013325302,0.0,12.822339619522545,2.7503564196327144,80062.0,0,0,0,11,DAVIS
814,110233,238.0,611.0711833148903,0.38947999267273015,12.75,0.0,3.75,9.0,33.70437659619375,0.0,0.0,3.75,0.0,0.0,0.0,9.0,0.0,1.7625915491065558,0.0,7.940145744080008,11.25163930300718,80062.0,0,0,0,11,DAVIS
815,110234,444.75,1120.8609596240135,0.39679319382235323,4.0,0.75,2.0,1.25,39.20982895376134,0.0,0.75,0.25,1.75,0.0,0.0,0.0,1.25,0.0,0.0,14.206835369801496,21.00299358395984,80062.0,0,0,0,11,DAVIS
816,110235,2.0,4.47887413419766,0.4465407912960424,108.0,0.25,54.5,53.25,112.49035622696874,0.25,0.0,0.25,54.25,1.75,1.0,0.75,49.75,1.0081051834796952,0.0,3.482251043489042,0.0,86612.0,0,0,0,11,DAVIS
817,110236,102.5,255.57014525548945,0.40106405972236064,92.0,17.25,11.25,63.5,115.75379359743764,11.25,6.0,1.5,9.75,7.75,7.0,4.25,44.5,12.097262201756344,0.0,6.905676167123552,4.750855228557754,86612.0,0,0,0,11,DAVIS
818,110237,401.5,1179.8685999763816,0.3402921308423982,25.25,0.25,3.0,22.0,57.513921683100456,0.0,0.25,0.0,3.0,0.0,0.0,0.0,22.0,0.0,0.0,13.511213202374885,18.752708480725573,98096.0,0,0,0,11,DAVIS
819,110238,502.5,1478.9683393231924,0.33976386555371074,148.5,3.0,2.5,143.0,194.86309804281368,1.5,1.5,1.5,1.0,11.0,91.5,5.5,35.0,0.0,0.0,22.60960560935628,23.753492433457414,98096.0,663,0,0,11,DAVIS
820,110239,18.0,51.66991515150772,0.34836519369578955,30.25,19.25,6.5,4.5,40.589467493367735,1.0,18.25,1.75,4.75,0.0,0.0,0.5,4.0,8.064841467837562,0.0,1.5245547091317346,0.7500713163984434,86612.0,0,0,0,11,DAVIS
821,110240,184.5,502.8125400347466,0.36693595586786726,231.75,85.25,36.0,110.5,334.1981388287788,50.75,34.5,5.25,30.75,13.0,13.25,9.5,74.75,4.032420733918781,0.0,89.91393660545783,8.501781489402168,86612.0,0,0,0,11,DAVIS
822,110241,75.5,184.7749799651799,0.4086051045126763,121.75,74.75,11.25,35.75,141.2758464417868,4.5,70.25,1.5,9.75,4.75,0.0,1.75,29.25,0.0,10.032,6.243418786935379,3.2504276548514066,86612.0,0,0,0,11,DAVIS
823,110242,105.75,262.3312110172537,0.4031163489465413,191.25,66.5,16.5,108.25,205.65268195621772,18.25,48.25,7.0,9.5,30.75,3.5,13.25,60.75,0.0,0.0,9.40196919813205,5.000712758085678,86612.0,0,0,0,11,DAVIS
824,110243,0.0,0.0,0.0,2865.25,1375.75,152.0,1337.5,2962.71090945408,969.25,406.5,44.75,107.25,177.0,109.5,103.75,947.25,0.0,0.0,97.4609094540796,0.0,65803.0,0,0,0,11,DAVIS
825,110244,811.75,1834.911205951614,0.4423919791688305,1831.75,346.25,119.25,1366.25,1957.197257083777,226.5,119.75,48.25,71.0,175.75,184.25,233.0,773.25,0.0,0.0,87.44184012232584,38.00541696145115,65836.0,432,0,0,11,DAVIS
826,110245,815.2499996944111,1949.9537273577246,0.4180868439371183,1914.2499992824614,117.99999995576881,38.74999998547493,1757.4999993412177,2038.9177548524242,72.49999997282406,45.49999998294475,10.999999995876752,27.749999989598173,157.4999999409626,264.74999990076094,415.49999984425375,919.7499996552403,0.0,0.0,86.41233862285138,38.25541694711146,64732.0,0,641,1455,11,DAVIS
827,110246,641.0,1789.1315395592558,0.35827438387113075,1546.5,290.75,83.75,1172.0,1656.011866812038,195.25,95.5,16.75,67.0,95.25,166.5,145.0,765.25,0.0,0.0,79.50759026352404,30.004276548514063,56288.0,420,0,0,11,DAVIS
828,110247,741.25,2066.401097700047,0.35871545017326434,0.0,0.0,0.0,0.0,76.2171069493819,0.0,0.0,0.0,0.0,0.0,0.0,0.0,0.0,0.7569104403494682,0.0,40.70549226509444,34.754704243938,86966.0,0,0,0,11,DAVIS
829,110248,393.25,1119.1426731204235,0.35138504629041606,0.0,0.0,0.0,0.0,37.95272069217707,0.0,0.0,0.0,0.0,0.0,0.0,0.0,0.0,0.0,0.0,19.699869822159165,18.252850870017895,98520.0,0,0,0,11,DAVIS
830,110249,774.25,2135.155910608016,0.3626198893267337,1670.75,519.5,80.0,1071.25,1785.407397665761,307.25,212.25,15.0,65.0,218.25,96.25,142.25,614.5,0.0,0.0,78.4023370021903,36.25506066357072,54513.0,0,0,0,11,DAVIS
831,110250,594.75,1692.2645602261452,0.35145213932774244,1783.75,340.5,113.75,1329.5,1969.065040948258,223.0,117.5,26.0,87.75,151.75,287.25,223.75,666.75,0.0,26.752,130.80926328984887,27.753777658409277,56066.0,0,0,0,11,DAVIS
832,110251,717.2499915237934,2101.48060881512,0.3413069759079058,2059.2499756645125,246.49999708695026,111.24999868528688,1701.4999798922754,2238.137601646019,203.24999759806346,43.249999488886814,41.74999950661328,69.4999991786736,131.74999844302513,113.74999865574277,630.4999925489742,825.4999902445333,0.0,0.0,145.13292225825634,33.75470372324988,56292.0,0,0,0,11,DAVIS
833,110252,469.25001128315586,1378.8148238081965,0.3403285221340441,3182.0000765114582,193.7500046587351,73.75000177332497,2914.5000700793985,3321.296839178565,186.7500044904195,7.000000168315591,25.25000060713838,48.50000116618659,241.2500058008766,134.25000322805258,1657.0000398427048,882.0000212077645,0.0,0.0,117.29369711593002,22.003065551176125,55977.0,0,0,0,11,DAVIS
834,110253,354.25,969.8326466155254,0.36526920519353967,59.75,0.5,0.0,59.25,89.35502075947657,0.5,0.0,0.0,0.0,0.0,57.25,0.0,2.0,0.0,0.0,13.102739933602416,16.502280825874166,98019.0,503,0,0,11,DAVIS
835,110254,573.75,1903.0478194129728,0.30149005933911993,93.75,1.0,6.25,86.5,144.38659929659406,0.0,1.0,0.25,6.0,17.25,48.0,4.0,17.25,0.0,0.0,23.63275040293141,27.003848893662656,109178.0,476,0,0,11,DAVIS
836,110255,262.5,647.9646500563737,0.40511469256411164,1370.75,651.0,103.0,616.75,1436.2067418451031,213.0,438.0,11.75,91.25,84.25,60.25,52.25,420.0,0.0,0.0,52.955102420343565,12.501639424759462,64364.0,0,0,0,11,DAVIS
837,110256,352.0,736.018910595998,0.47824858156832517,2222.5,692.5,102.75,1427.25,2324.011199017016,577.5,115.0,26.25,76.5,101.25,114.5,226.5,985.0,0.0,0.0,84.75877563952447,16.752423377491304,52737.0,0,0,0,11,DAVIS
838,110257,524.500007813513,1132.648769721008,0.4630738335086056,466.0000069420344,41.75000062195266,15.000000223456043,409.2500060966257,523.109373568506,24.750000368702473,17.00000025325018,4.000000059588278,11.000000163867766,46.750000696438,182.25000271499093,61.75000091989405,118.50000176530274,0.0,0.0,32.60601621727845,24.5033504091932,49784.0,0,690,0,11,DAVIS
839,110258,322.2499770926044,629.2145330196008,0.5121464304807561,120.9999913986195,0.4999999644571054,0.0,120.4999914341624,152.78662758794638,0.4999999644571054,0.0,0.0,0.0,0.0,116.99999168296266,0.7499999466856581,2.7499998045140797,0.0,0.0,16.53442776406649,15.252208425260374,116123.0,0,0,1440,11,DAVIS
840,110259,475.75,1302.455596162043,0.36527156964267843,180.0,15.25,22.25,142.5,223.01202611119444,15.0,0.25,3.0,19.25,15.75,51.25,23.75,51.75,0.0,0.0,21.008889975617485,22.003136135576977,67763.0,526,0,0,11,DAVIS
841,110260,368.25,1024.5316367651449,0.35943253169098044,113.0,38.0,1.0,74.0,145.7381616718172,38.0,0.0,0.0,1.0,1.75,62.75,1.25,8.25,0.0,0.0,15.7357382943259,17.002423377491304,96735.0,482,0,0,11,DAVIS
842,110261,509.25,1285.5498133663325,0.3961340079591947,26.25,4.0,3.75,18.5,70.20602204054146,0.0,4.0,3.75,0.0,6.75,0.0,6.25,5.5,0.0,0.0,19.952600801730195,24.00342123881125,126876.0,0,0,0,11,DAVIS
843,110262,179.25,488.082450393694,0.3672535241851341,0.0,0.0,0.0,0.0,14.428663225523728,0.0,0.0,0.0,0.0,0.0,0.0,0.0,0.0,0.0,0.0,5.92766520187897,8.500998023644758,130534.0,0,0,0,11,DAVIS
844,110263,500.75,1064.8926094807252,0.4702352101440363,842.75,270.0,38.5,534.25,909.031661775573,189.25,80.75,5.75,32.75,20.25,92.0,93.75,328.25,0.0,0.0,42.52816938272285,23.75349239285019,70250.0,0,1060,0,11,DAVIS
845,110264,297.25,728.9991564268811,0.4077508147704068,957.0,105.25,30.25,821.5,1012.9661519003788,101.25,4.0,9.0,21.25,109.75,36.25,357.75,317.75,0.0,0.0,41.96436984282232,14.00178205755635,70250.0,0,0,0,11,DAVIS
846,110265,435.0,1058.2271438391708,0.41106486686955673,312.25,152.75,51.75,107.75,358.1675652714921,131.0,21.75,2.5,49.25,7.25,10.5,8.0,82.0,1.0081051834796952,0.0,24.406537820451007,20.5029222675614,61472.0,0,0,0,11,DAVIS
847,110266,555.25,1672.6031746409776,0.33196756314849385,742.75,180.75,60.5,501.5,810.8464012299825,153.75,27.0,13.25,47.25,59.75,39.25,38.5,364.0,0.0,0.0,42.09269488793686,26.00370634204552,75541.0,0,0,0,11,DAVIS
848,110267,957.5,2632.5989464960426,0.3637090265018988,0.0,0.0,0.0,0.0,75.31957036118389,0.0,0.0,0.0,0.0,0.0,0.0,0.0,0.0,0.0,0.0,30.3131555384128,45.00641482277109,98234.0,0,0,0,11,DAVIS
849,110268,202.25000000000054,562.2961181483264,0.35968592610246264,81.75000000000021,0.750000000000002,0.0,81.00000000000021,99.99030966527147,0.750000000000002,0.0,0.0,0.0,0.0,78.75000000000021,0.5000000000000013,1.7500000000000047,0.0,0.0,8.988955546678078,9.251354118593184,114098.0,0,1130,0,11,DAVIS
850,110269,356.75,1057.652337815863,0.3373036556953275,66.0,0.25,0.0,65.75,96.38640805920994,0.25,0.0,0.0,0.0,0.0,63.5,0.75,1.5,0.0,0.0,13.383984681718625,17.002423377491304,82709.0,493,0,0,11,DAVIS
851,110270,208.5,617.3080843998034,0.33775679481457055,3.0,0.0,0.0,3.0,19.94729013121688,0.0,0.0,0.0,0.0,0.0,0.0,3.0,0.0,0.0,0.0,6.945864615045528,10.001425516171356,78307.0,0,0,0,11,DAVIS
852,110271,519.0,1515.5076372622125,0.34245950811411374,164.25,2.5,4.25,157.5,209.88452409996867,2.5,0.0,1.25,3.0,14.25,72.0,4.25,67.0,0.0,0.0,21.63110286115741,24.00342123881125,90295.0,723,0,0,11,DAVIS
853,110272,438.0,1200.4488349760898,0.36486353040504554,0.0,0.0,0.0,0.0,38.61341451250526,0.0,0.0,0.0,0.0,0.0,0.0,0.0,0.0,0.0,0.0,17.860278539253095,20.753135973252167,130534.0,0,0,0,11,DAVIS
854,110273,311.0,726.417998162014,0.4281281587004914,104.25,14.75,3.25,86.25,132.3979973791294,14.25,0.5,0.25,3.0,37.5,4.75,6.0,38.0,0.0,0.0,13.145859104872372,15.002138274257032,57827.0,0,0,0,11,DAVIS
855,110274,369.5,925.5935328659856,0.39920330780174,477.75,215.75,26.0,236.0,521.5741300158724,122.25,93.5,11.75,14.25,29.5,9.75,19.0,177.75,0.0,0.0,26.821706638381112,17.002423377491304,70250.0,0,0,0,11,DAVIS
856,110275,526.5,1382.5389572038443,0.3808210953164279,316.5,39.0,26.75,250.75,367.6913156154383,32.5,6.5,7.25,19.5,22.0,34.25,19.0,175.5,0.0,0.0,26.687680630363808,24.503634985074548,80298.0,0,0,0,11,DAVIS
857,110276,694.0,2057.1738386508123,0.3373560303757103,0.0,0.0,0.0,0.0,55.4758618907458,0.0,0.0,0.0,0.0,0.0,0.0,0.0,0.0,0.0,0.0,22.471157687380327,33.00470420336547,109542.0,0,0,0,11,DAVIS
858,110277,441.0,1426.3521716044504,0.30918030538274116,4.75,0.0,0.0,4.75,41.10739662588152,0.0,0.0,0.0,0.0,0.0,4.5,0.0,0.25,0.0,0.0,15.603975589932912,20.7534210359486,153361.0,0,0,0,11,DAVIS
859,110278,0.0,0.0,0.0,0.0,0.0,0.0,0.0,4.032420733918781,0.0,0.0,0.0,0.0,0.0,0.0,0.0,0.0,4.032420733918781,0.0,0.0,0.0,86612.0,0,0,0,11,DAVIS
860,110279,96.75,240.73118636476508,0.4019005657763042,166.0,31.5,3.75,130.75,187.3710182800096,28.25,3.25,1.5,2.25,27.25,18.75,29.0,55.75,3.024315550439086,0.0,13.345989971484853,5.000712758085678,86612.0,0,0,0,11,DAVIS
861,110280,615.0,1805.035842404643,0.34071345596146485,54.5,11.25,29.0,14.25,207.4262226872893,9.25,2.0,0.0,29.0,0.25,0.5,4.0,9.5,2.5192015172752464,0.0,121.6585152838428,28.74850588617129,86612.0,0,0,0,11,DAVIS
862,110281,294.0,910.4133680371514,0.32293023182849695,623.0,345.25,94.0,183.75,737.9308251439446,156.75,188.5,24.5,69.5,12.75,8.75,38.75,123.5,14.113472568715734,0.0,86.8153568525891,14.001995722639895,91485.0,0,0,0,11,DAVIS
863,110282,250.25,750.5692955432903,0.33341358550892974,382.75,184.25,150.25,48.25,415.7981762508624,9.5,174.75,69.5,80.75,2.5,1.75,6.5,37.5,1.0081051834796952,0.0,20.03836044797708,12.001710619405625,75093.0,0,0,0,11,DAVIS
864,110283,374.0,921.6259543615926,0.40580454383912035,955.5,105.75,399.0,450.75,1015.5928935089026,66.5,39.25,371.75,27.25,150.75,76.0,48.25,175.75,0.0,0.0,42.0903275797942,18.00256592910844,54577.0,561,0,0,11,DAVIS
865,110284,194.0,307.4086001154209,0.6310818888188553,2854.0,573.25,162.5,2118.25,2963.7456612103906,374.5,198.75,29.25,133.25,417.5,49.0,621.5,1030.25,0.0,0.0,100.7443782458364,9.00128296455422,44001.0,0,0,0,11,DAVIS
866,110285,601.0,1646.2585932533466,0.36507022800852934,439.5,22.25,319.5,97.75,500.4439126498036,5.25,17.0,184.0,135.5,8.0,0.5,2.25,87.0,0.0,0.0,32.939921204523856,28.003991445279794,86612.0,582,0,0,11,DAVIS
867,110286,3.0,10.43662240259298,0.28744931878101193,1868.25,527.0,652.25,689.0,1928.504948543032,159.75,367.25,187.75,464.5,77.75,15.5,162.25,433.5,1.0081051834796952,0.0,59.24684335955258,0.0,91485.0,0,0,0,11,DAVIS
868,110287,820.0,2680.808183404377,0.30587790841442314,797.0,96.25,131.25,569.5,886.1970463196537,31.25,65.0,26.75,104.5,57.0,173.5,26.0,313.0,0.0,0.0,51.19162935820258,38.00541696145115,91485.0,0,0,0,11,DAVIS
869,110288,14.0,41.67902078235402,0.33590040594061393,421.25,105.5,224.0,91.75,436.0273986231392,23.5,82.0,136.0,88.0,10.25,7.25,15.0,59.25,0.0,0.0,13.777256071522048,1.0001425516171354,75093.0,0,0,0,11,DAVIS
870,110289,324.0,969.3335662694574,0.3342502635567804,307.0,68.25,78.0,160.75,341.97927312196964,48.75,19.5,21.75,56.25,30.25,19.25,15.5,95.75,0.0,0.0,19.97713484771259,15.002138274257032,75093.0,0,0,0,11,DAVIS
871,110290,332.25,900.3258430465952,0.36903305904860584,403.0,126.5,27.5,249.0,443.7802573525365,62.25,64.25,5.75,21.75,26.25,71.5,18.75,132.5,0.0,0.0,24.77797652666235,16.002280825874166,66963.0,0,0,0,11,DAVIS
872,110291,104.5,176.38414641484684,0.5924568739540862,1624.75,928.25,57.0,639.5,1684.2449043062338,664.5,263.75,27.5,29.5,100.5,134.25,89.25,315.5,0.0,0.0,54.74419158872068,4.750712717513148,44001.0,0,0,1512,11,DAVIS
873,110292,319.0,789.1614945695882,0.40422651408503385,78.75,26.25,5.75,46.75,106.34464306121995,19.75,6.5,1.25,4.5,2.0,0.5,2.5,41.75,0.0,0.0,12.592504786962932,15.002138274257032,64364.0,0,0,0,11,DAVIS
874,110293,1184.0,3244.770696896321,0.36489481402569257,83.25,6.25,6.75,70.25,179.37744619969408,1.75,4.5,1.0,5.75,7.5,1.5,4.25,57.0,0.0,0.0,40.11946330913449,56.00798289055958,85933.0,0,0,0,11,DAVIS
875,110294,0.0,0.0,0.0,0.0,0.0,0.0,0.0,0.0,0.0,0.0,0.0,0.0,0.0,0.0,0.0,0.0,0.0,0.0,0.0,0.0,86612.0,0,0,0,11,DAVIS
876,110295,1504.5,4175.901179920469,0.3602815141398182,3613.5,567.75,764.0,2281.75,3845.786937759457,477.75,90.0,297.25,466.75,261.75,777.25,232.25,1010.5,0.0,0.0,162.02681663521278,70.26012112424408,69182.0,1258,0,0,11,DAVIS
877,110296,0.0,0.0,0.0,2505.0,447.5,1290.0,767.5,2590.9914459245383,384.25,63.25,528.0,762.0,104.25,100.0,64.75,498.5,0.0,6.688,79.30344592453818,0.0,69182.0,0,0,0,11,DAVIS
878,110297,0.0,0.0,0.0,1270.25,13.0,1126.25,131.0,1310.4638222693648,4.25,8.75,113.5,1012.75,3.0,3.5,6.75,117.75,0.0,0.0,40.21382226936482,0.0,69182.0,0,0,0,11,DAVIS
879,110298,138.0,265.24887222214653,0.520266114023002,1038.0,98.75,603.75,335.5,1214.991076543155,57.0,41.75,392.25,211.5,27.5,50.5,22.0,235.5,0.0,133.76,37.23022123345226,6.000855309702812,69182.0,0,0,0,11,DAVIS
880,110299,449.5,869.0505295440552,0.5172311444719202,1191.0,405.5,85.25,700.25,1263.938793178962,239.5,166.0,44.5,40.75,105.25,34.75,87.5,472.75,0.0,0.0,51.93579959500227,21.00299358395984,69182.0,0,0,0,11,DAVIS
881,110300,0.0,0.0,0.0,2164.0,189.25,914.25,1060.5,2232.510299891174,144.25,45.0,572.25,342.0,80.0,12.5,13.25,954.75,0.0,0.0,68.51029989117409,0.0,69182.0,0,0,0,11,DAVIS
882,110301,0.0,0.0,0.0,592.5,5.25,324.5,262.75,611.2581171738321,3.5,1.75,176.75,147.75,7.25,7.75,0.75,247.0,0.0,0.0,18.758117173832183,0.0,69182.0,0,0,0,11,DAVIS
883,110302,627.75,1792.8219167619511,0.35014632191343964,343.0,91.0,24.75,227.25,405.736990154809,68.5,22.5,5.5,19.25,51.0,16.5,26.75,133.0,0.0,0.0,33.23278484151365,29.504205313295373,58205.0,0,0,0,11,DAVIS
884,110303,605.5,1422.0812177925277,0.4257844013578263,219.75,19.0,14.5,186.25,275.37894764359453,18.75,0.25,11.25,3.25,51.0,82.0,9.5,43.75,0.0,0.0,27.124813687270123,28.5041339563244,46701.0,727,0,0,11,DAVIS
885,110304,232.0,540.8265193269633,0.4289730471958265,319.75,50.75,21.5,247.5,348.21804555184343,50.0,0.75,8.25,13.25,14.75,77.0,17.0,138.75,0.0,0.0,17.466477484054938,11.001568067788488,46701.0,470,0,0,11,DAVIS
886,110305,400.25,1063.555608245706,0.3763319913851961,5.75,0.0,0.0,5.75,37.6063665469303,0.0,0.0,0.0,0.0,3.5,0.0,0.0,2.25,0.0,0.0,12.85365806620473,19.002708480725573,106785.0,0,0,0,11,DAVIS
887,110306,337.5,889.0485345546722,0.3796193198485559,0.0,0.0,0.0,0.0,26.68667739303629,0.0,0.0,0.0,0.0,0.0,0.0,0.0,0.0,0.0,0.0,10.684396567162125,16.002280825874166,152415.0,0,0,0,11,DAVIS
888,110307,0.0,0.0,0.0,736.75,82.75,211.25,442.75,760.075149119061,67.25,15.5,95.25,116.0,96.75,112.25,33.75,200.0,0.0,0.0,23.325149119061063,0.0,69182.0,812,305,0,11,DAVIS
889,110308,0.0,0.0,0.0,244.75,0.5,242.0,2.25,252.4986789359856,0.0,0.5,1.25,240.75,1.5,0.0,0.0,0.75,0.0,0.0,7.748678935985564,0.0,69182.0,0,0,0,11,DAVIS
890,110309,0.0,0.0,0.0,714.25,63.0,501.0,150.25,736.8619350350584,61.75,1.25,339.25,161.75,2.75,0.25,1.25,146.0,0.0,0.0,22.61193503505848,0.0,69182.0,0,0,0,11,DAVIS
891,110310,620.75,1366.9027509056891,0.45412886877921665,351.25,70.75,22.5,258.0,427.0114751115237,56.25,14.5,12.0,10.5,16.25,84.75,17.25,139.75,0.0,0.0,46.50748350391911,29.253991607604604,59059.0,0,0,0,11,DAVIS
892,110311,684.5,1616.5567602619649,0.4234308481003018,103.75,1.25,3.5,99.0,160.71015103364465,1.25,0.0,0.5,3.0,32.0,2.0,1.5,63.5,0.0,0.0,24.955589381896328,32.00456165174833,128611.0,0,0,0,11,DAVIS
893,110312,0.0,0.0,0.0,984.0,124.75,498.0,361.25,1015.1523962365518,87.0,37.75,387.5,110.5,63.25,49.5,48.0,200.5,0.0,0.0,31.152396236551738,0.0,69182.0,0,0,0,11,DAVIS
894,110313,1051.75,2767.1312860101534,0.38008677265056257,45.0,10.25,4.25,30.5,225.70504776256104,10.25,0.0,3.5,0.75,0.0,0.0,0.5,30.0,0.0,96.97599999999998,34.722062733321394,49.00698502923964,98984.0,0,0,0,11,DAVIS
895,110314,289.0,764.3207172824233,0.37811352415979577,68.25,5.25,4.25,58.75,94.5606552109232,5.25,0.0,3.25,1.0,0.75,1.0,1.25,55.75,0.0,0.0,12.55858829363713,13.752066917286058,153599.0,0,0,0,11,DAVIS
896,110315,294.25,949.7178731914252,0.30982885371126523,86.75,0.0,0.25,86.5,115.816088136355,0.0,0.0,0.25,0.0,13.25,0.5,0.75,72.0,0.0,0.0,15.31423484357996,13.751853292775042,153518.0,0,0,0,11,DAVIS
897,110316,0.0,0.0,0.0,0.0,0.0,0.0,0.0,0.0,0.0,0.0,0.0,0.0,0.0,0.0,0.0,0.0,0.0,0.0,0.0,0.0,65562.0,0,0,0,11,DAVIS
898,110317,0.0,0.0,0.0,0.0,0.0,0.0,0.0,5.040525917356552,0.0,0.0,0.0,0.0,0.0,0.0,0.0,0.0,5.040525917356552,0.0,0.0,0.0,91175.0,0,0,0,11,DAVIS
899,110318,0.0,0.0,0.0,0.0,0.0,0.0,0.0,18.14589330263452,0.0,0.0,0.0,0.0,0.0,0.0,0.0,0.0,18.14589330263452,0.0,0.0,0.0,77899.0,0,0,0,11,DAVIS
900,110319,0.0,0.0,0.0,5.0,0.0,0.0,5.0,5.0,0.0,0.0,0.0,0.0,0.0,5.0,0.0,0.0,0.0,0.0,0.0,0.0,77899.0,0,0,0,11,DAVIS
901,110320,0.0,0.0,0.0,0.0,0.0,0.0,0.0,0.0,0.0,0.0,0.0,0.0,0.0,0.0,0.0,0.0,0.0,0.0,0.0,0.0,101962.0,0,0,0,11,DAVIS
902,110321,0.0,0.0,0.0,0.0,0.0,0.0,0.0,0.0,0.0,0.0,0.0,0.0,0.0,0.0,0.0,0.0,0.0,0.0,0.0,0.0,86612.0,0,0,0,11,DAVIS
903,110322,6.999999990979051,18.361459774771177,0.38123330480494355,0.0,0.0,0.0,0.0,0.22161089883691337,0.0,0.0,0.0,0.0,0.0,0.0,0.0,0.0,0.0,0.0,0.22161089883691337,0.0,92898.0,0,0,0,11,DAVIS
904,110323,15.0,39.7887413419766,0.3769910656654825,0.0,0.0,0.0,0.0,1.4750230497367889,0.0,0.0,0.0,0.0,0.0,0.0,0.0,0.0,0.0,0.0,0.4748804981196534,1.0001425516171354,91692.0,0,0,0,11,DAVIS
905,110324,1.0,4.305319675697461,0.23227078947116744,0.0,0.0,0.0,0.0,0.0316586998746435,0.0,0.0,0.0,0.0,0.0,0.0,0.0,0.0,0.0,0.0,0.0316586998746435,0.0,130534.0,0,0,0,11,DAVIS
906,350001,0.0,0.0,0.0,0.0,0.0,0.0,0.0,0.0,0.0,0.0,0.0,0.0,0.0,0.0,0.0,0.0,0.0,0.0,0.0,0.0,45129.0,0,0,0,35,SALT LAKE
907,350002,0.0,0.0,0.0,1087.5,26.0,641.25,420.25,1127.256796541385,7.25,18.75,543.25,98.0,7.5,323.75,0.0,89.0,0.0,0.0,39.75679654138507,0.0,45129.0,0,0,0,35,SALT LAKE
908,350003,0.0,0.0,0.0,252.0,6.75,156.0,89.25,261.2119155352056,0.0,6.75,156.0,0.0,0.0,89.25,0.0,0.0,0.0,0.0,9.211915535205618,0.0,45129.0,0,0,0,35,SALT LAKE
909,350004,0.0,0.0,0.0,88.5,2.75,55.5,30.25,91.73523240226868,0.0,2.75,55.5,0.0,0.0,30.25,0.0,0.0,0.0,0.0,3.235232402268677,0.0,45129.0,0,0,0,35,SALT LAKE
910,350005,0.0,0.0,0.0,0.0,0.0,0.0,0.0,0.0,0.0,0.0,0.0,0.0,0.0,0.0,0.0,0.0,0.0,0.0,0.0,0.0,79063.0,0,0,0,35,SALT LAKE
911,350006,0.0,0.0,0.0,915.75,21.0,551.25,343.5,949.2264732054452,0.0,21.0,551.25,0.0,0.0,343.5,0.0,0.0,0.0,0.0,33.47647320544523,0.0,79063.0,0,0,0,35,SALT LAKE
912,350007,0.0,0.0,0.0,0.0,0.0,0.0,0.0,0.0,0.0,0.0,0.0,0.0,0.0,0.0,0.0,0.0,0.0,0.0,0.0,0.0,79063.0,0,0,0,35,SALT LAKE
913,350008,0.0,0.0,0.0,0.0,0.0,0.0,0.0,0.0,0.0,0.0,0.0,0.0,0.0,0.0,0.0,0.0,0.0,0.0,0.0,0.0,79063.0,0,0,0,35,SALT LAKE
914,350009,0.0,0.0,0.0,13.0,0.0,12.75,0.25,13.475231412134477,0.0,0.0,12.75,0.0,0.0,0.0,0.0,0.25,0.0,0.0,0.4752314121344754,0.0,79063.0,0,0,0,35,SALT LAKE
915,350010,0.0,0.0,0.0,0.0,0.0,0.0,0.0,0.0,0.0,0.0,0.0,0.0,0.0,0.0,0.0,0.0,0.0,0.0,0.0,0.0,79063.0,0,0,0,35,SALT LAKE
916,350011,0.0,0.0,0.0,0.0,0.0,0.0,0.0,0.0,0.0,0.0,0.0,0.0,0.0,0.0,0.0,0.0,0.0,0.0,0.0,0.0,79063.0,0,0,0,35,SALT LAKE
917,350012,0.0,0.0,0.0,0.0,0.0,0.0,0.0,0.0,0.0,0.0,0.0,0.0,0.0,0.0,0.0,0.0,0.0,0.0,0.0,0.0,79063.0,0,0,0,35,SALT LAKE
918,350013,0.0,0.0,0.0,0.0,0.0,0.0,0.0,0.0,0.0,0.0,0.0,0.0,0.0,0.0,0.0,0.0,0.0,0.0,0.0,0.0,79063.0,0,0,0,35,SALT LAKE
919,350014,0.0,0.0,0.0,0.0,0.0,0.0,0.0,0.0,0.0,0.0,0.0,0.0,0.0,0.0,0.0,0.0,0.0,0.0,0.0,0.0,79063.0,0,0,0,35,SALT LAKE
920,350015,0.0,0.0,0.0,0.0,0.0,0.0,0.0,0.0,0.0,0.0,0.0,0.0,0.0,0.0,0.0,0.0,0.0,0.0,0.0,0.0,79063.0,0,0,0,35,SALT LAKE
921,350016,0.0,0.0,0.0,0.0,0.0,0.0,0.0,2.0222601322713767,0.0,0.0,0.0,0.0,0.0,0.0,0.0,0.0,2.0222601322713767,0.0,0.0,0.0,79063.0,0,0,0,35,SALT LAKE
922,350017,0.0,0.0,0.0,0.0,0.0,0.0,0.0,0.0,0.0,0.0,0.0,0.0,0.0,0.0,0.0,0.0,0.0,0.0,0.0,0.0,79063.0,0,0,0,35,SALT LAKE
923,350018,0.0,0.0,0.0,0.0,0.0,0.0,0.0,0.0,0.0,0.0,0.0,0.0,0.0,0.0,0.0,0.0,0.0,0.0,0.0,0.0,79063.0,0,0,0,35,SALT LAKE
924,350019,0.0,0.0,0.0,0.0,0.0,0.0,0.0,2092.856602138768,0.0,0.0,0.0,0.0,0.0,0.0,0.0,0.0,0.0,2092.856602138768,0.0,0.0,76192.0,0,0,0,35,SALT LAKE
925,350020,0.0,0.0,0.0,602.75,3.0,545.0,54.75,1142.1597290363277,0.0,3.0,545.0,0.0,0.0,54.75,0.0,0.0,0.0,517.3757095167202,22.034019519607195,0.0,76192.0,0,0,0,35,SALT LAKE
926,350021,349.25,902.928275504135,0.3867970573908565,202.75,28.0,149.25,25.5,273.69769949523084,0.0,28.0,123.25,26.0,1.0,13.5,5.25,5.75,0.0,0.0,45.44518194985351,25.5025175453773,76192.0,0,0,0,35,SALT LAKE
927,350022,0.0,0.0,0.0,36.75,0.0,36.75,0.0,38.09351849266032,0.0,0.0,2.0,34.75,0.0,0.0,0.0,0.0,0.0,0.0,1.343518492660313,0.0,76192.0,0,0,0,35,SALT LAKE
928,350023,0.0,0.0,0.0,19.0,0.0,18.0,1.0,19.694568986965773,0.0,0.0,18.0,0.0,0.0,1.0,0.0,0.0,0.0,0.0,0.6945689869657719,0.0,76192.0,0,0,0,35,SALT LAKE
929,350024,0.0,0.0,0.0,27.0,0.25,23.75,3.0,119.99985510508849,0.0,0.25,23.75,0.0,0.0,3.0,0.0,0.0,92.01283601834766,0.0,0.9870190867408336,0.0,76192.0,0,0,0,35,SALT LAKE
930,350025,0.0,0.0,0.0,642.5,10.0,419.25,213.25,665.9874356095419,0.0,10.0,419.25,0.0,0.0,213.25,0.0,0.0,0.0,0.0,23.487435609541848,0.0,76192.0,0,0,0,35,SALT LAKE
931,350026,33.75,72.43518753085816,0.46593376990460805,483.5,17.5,434.5,31.5,570.9548375324267,4.0,13.5,433.5,1.0,4.0,6.5,0.0,21.0,3.791366353693301,0.0,81.16331216392561,2.500159014807724,102017.0,0,0,0,35,SALT LAKE
932,350027,334.5,743.8615722614438,0.44968044119159556,46.25,3.25,42.25,0.75,361.92316449003056,0.0,3.25,42.25,0.0,0.0,0.75,0.0,0.0,22.244861454985145,0.0,268.92581863788,24.502484397165457,102017.0,0,0,0,35,SALT LAKE
933,350028,3304.5,7662.713403051646,0.43124410717018274,2500.25,80.5,2229.75,190.0,2953.020381714113,0.75,79.75,2228.75,1.0,3.75,171.75,0.0,14.5,0.0,0.0,212.24634586530112,240.5240358488121,102017.0,0,0,0,35,SALT LAKE
934,350029,170.25,481.6271469284384,0.3534892106596646,0.0,0.0,0.0,0.0,20.48610529068981,0.0,0.0,0.0,0.0,0.0,0.0,0.0,0.0,1.0111300661356883,0.0,7.473782706163712,12.001192518390411,102017.0,0,0,0,35,SALT LAKE
935,350030,0.0,0.0,0.0,0.0,0.0,0.0,0.0,0.0,0.0,0.0,0.0,0.0,0.0,0.0,0.0,0.0,0.0,0.0,0.0,0.0,102017.0,0,0,0,35,SALT LAKE
936,350031,82.25,253.77316303294916,0.32410834548852946,0.0,0.0,0.0,0.0,11.507455318669264,0.0,0.0,0.0,0.0,0.0,0.0,0.0,0.0,0.0,0.0,5.506859059474061,6.000596259195206,104129.0,0,0,0,35,SALT LAKE
937,350032,0.0,0.0,0.0,0.0,0.0,0.0,0.0,0.0,0.0,0.0,0.0,0.0,0.0,0.0,0.0,0.0,0.0,0.0,0.0,0.0,105293.0,0,0,0,35,SALT LAKE
938,350033,51.75,160.99783222063914,0.3214328993515846,0.0,0.0,0.0,0.0,5.89210506872439,0.0,0.0,0.0,0.0,0.0,0.0,0.0,0.0,0.0,0.0,1.8917075625942528,4.000397506130136,103174.0,0,0,0,35,SALT LAKE
939,350034,56.0,136.5544506394112,0.4100928218581091,2364.5,271.25,287.5,1805.75,2655.5440937678677,181.5,89.75,0.0,287.5,222.75,316.0,0.0,1267.0,4.044520264542753,0.0,282.7491495001092,4.250424003215457,64798.0,0,0,0,35,SALT LAKE
940,350035,0.0,0.0,0.0,517.75,34.25,111.75,371.75,536.6727487458301,28.5,5.75,0.0,111.75,31.5,94.5,0.0,245.75,0.0,0.0,18.922748745830013,0.0,56502.0,0,0,0,35,SALT LAKE
941,350036,237.0,588.9728184935855,0.4023954799920553,152.0,0.0,0.0,152.0,183.22207550261547,0.0,0.0,0.0,0.0,0.25,151.5,0.0,0.25,0.0,0.0,14.22038610156238,17.00168940105308,64725.0,0,723,0,35,SALT LAKE
942,350037,0.0,0.0,0.0,1201.5,1.25,276.75,923.5,1245.422581343333,0.0,1.25,276.75,0.0,0.0,923.5,0.0,0.0,0.0,0.0,43.92258134333285,0.0,45129.0,0,0,0,35,SALT LAKE
943,350038,0.0,0.0,0.0,7.75,0.0,5.5,2.25,16.12246755492547,0.0,0.0,5.5,0.0,0.0,2.25,0.0,0.0,8.089040529085507,0.0,0.2834270258399638,0.0,45129.0,0,0,0,35,SALT LAKE
944,350039,0.0,0.0,0.0,1469.0,161.5,351.5,956.0,1522.689522317371,130.75,30.75,6.75,344.75,118.5,252.75,0.0,584.75,0.0,0.0,53.689522317371015,0.0,64798.0,0,0,0,35,SALT LAKE
945,350040,0.0,0.0,0.0,929.0,105.0,316.75,507.25,962.9529522818784,86.5,18.5,104.25,212.5,30.0,120.5,0.0,356.75,0.0,0.0,33.95295228187852,0.0,64798.0,0,0,0,35,SALT LAKE
946,350041,0.0,0.0,0.0,928.5,129.25,279.0,520.25,973.217582662321,99.25,30.0,6.0,273.0,52.0,132.75,0.0,335.5,0.0,10.778660613809532,33.9389220485115,0.0,116535.0,0,0,0,35,SALT LAKE
947,350042,0.0,0.0,0.0,3772.25,6.0,2000.75,1765.5,3912.171121573145,4.0,2.0,0.0,2000.75,17.75,325.75,0.0,1422.0,2.0222601322713767,0.0,137.89886144087376,0.0,56502.0,0,0,0,35,SALT LAKE
948,350043,4.75,8.363388821370327,0.5679515925246341,792.25,52.75,159.75,579.75,821.3876833969728,40.75,12.0,2.75,157.0,89.0,79.25,0.25,411.25,0.0,0.0,29.13768339697273,0.0,64798.0,0,0,0,35,SALT LAKE
949,350044,37.75,62.19253092581189,0.6069860711253439,836.5,131.25,139.75,565.5,882.2222478180861,99.75,31.5,0.0,139.75,147.0,92.0,0.0,326.5,0.0,0.0,42.72194968848855,3.000298129597603,52447.0,0,0,0,35,SALT LAKE
950,350045,0.0,0.0,0.0,440.5,24.25,166.75,249.5,458.6227363804752,18.5,5.75,37.5,129.25,16.25,54.0,0.0,179.25,2.0222601322713767,0.0,16.100476248203794,0.0,56502.0,0,0,0,35,SALT LAKE
951,350046,1362.0,4511.901672750565,0.3018682805580051,74.75,17.75,0.0,57.0,226.28212423001705,17.75,0.0,0.0,0.0,0.25,56.5,0.0,0.25,0.0,0.0,52.52228595329613,99.0098382767209,64689.0,487,0,0,35,SALT LAKE
952,350047,148.25,428.170379451437,0.34624067220608495,141.75,10.75,4.25,126.75,163.35218044884516,5.25,5.5,0.0,4.25,15.75,38.25,0.0,72.75,0.0,0.0,10.6010873069873,11.001093141857876,30068.0,0,0,0,35,SALT LAKE
953,350048,0.0,0.0,0.0,390.25,28.75,63.5,298.0,404.5145059420746,23.0,5.75,0.0,63.5,14.0,173.25,0.0,110.75,0.0,0.0,14.26450594207461,0.0,64798.0,285,0,0,35,SALT LAKE
954,350049,0.0,0.0,0.0,0.0,0.0,0.0,0.0,0.0,0.0,0.0,0.0,0.0,0.0,0.0,0.0,0.0,0.0,0.0,0.0,0.0,45129.0,0,0,0,35,SALT LAKE
955,350050,0.0,0.0,0.0,39.0,1.0,26.0,12.0,40.42569423640342,0.0,1.0,26.0,0.0,0.0,12.0,0.0,0.0,0.0,0.0,1.4256942364034264,0.0,45129.0,0,0,0,35,SALT LAKE
956,350051,0.0,0.0,0.0,526.5,3.25,482.25,41.0,550.8027143606262,0.0,3.25,482.25,0.0,0.0,41.0,0.0,0.0,5.055650330678442,0.0,19.24706402994775,0.0,45129.0,0,0,0,35,SALT LAKE
957,350052,0.0,0.0,0.0,8828.0,337.0,5599.5,2891.5,9722.17142863826,207.75,129.25,4888.5,711.0,420.0,839.0,0.0,1632.5,7.077910462949818,0.0,887.0935181753097,0.0,45129.0,0,0,0,35,SALT LAKE
958,350053,0.0,0.0,0.0,6133.0,36.0,5803.5,293.5,6361.242435556022,28.5,7.5,28.75,5774.75,20.25,63.0,0.0,210.25,4.044520264542753,0.0,224.19791529148029,0.0,56502.0,0,0,0,35,SALT LAKE
959,350054,0.0,0.0,0.0,2094.25,52.25,991.75,1050.25,2170.807041250514,29.25,23.0,537.75,454.0,125.0,237.0,153.5,534.75,0.0,0.0,76.55704125051412,0.0,56502.0,0,0,0,35,SALT LAKE
960,350055,652.0,1965.521750175337,0.33171853730025497,669.25,180.5,42.0,446.75,764.5522826647051,141.5,39.0,0.0,42.0,49.75,167.0,6.0,224.0,0.0,0.0,48.29761196767593,47.00467069702911,53594.0,702,91,0,35,SALT LAKE
961,350056,721.5,2033.10902559178,0.35487521373330777,198.0,2.5,0.25,195.25,284.86774418132165,2.0,0.5,0.0,0.25,6.25,156.0,8.0,25.0,0.0,0.0,34.36253684441691,52.505207336904704,61390.0,337,232,160,35,SALT LAKE
962,350057,481.0,1196.8480994483066,0.40188892827896827,110.75,32.25,1.0,77.5,167.38360323385774,24.25,8.0,0.0,1.0,3.75,9.5,0.0,64.25,0.0,0.0,21.630125055219025,35.0034781786387,64537.0,0,0,0,35,SALT LAKE
963,350058,47.25000000537994,98.04538842157808,0.4819196574775468,2841.5000003235364,205.75000002342694,1183.2500001347262,1452.5000001653832,2958.5795251906056,108.50000001235394,97.250000011073,414.50000004719544,768.7500000875308,580.250000066068,326.2500000371472,0.0,546.0000000621682,0.0,0.0,113.57906111817589,3.500463748893348,52447.0,0,0,0,35,SALT LAKE
964,350059,561.25,1298.3527450819486,0.4322785176262522,0.0,0.0,0.0,0.0,73.27118757462983,0.0,0.0,0.0,0.0,0.0,0.0,0.0,0.0,0.0,0.0,32.26711313679593,41.00407443783391,116535.0,0,0,0,35,SALT LAKE
965,350060,0.0,0.0,0.0,11734.50000675403,298.5000001718077,7904.750004549739,3531.2500020324824,12163.467507273852,20.000000011511403,278.50000016029634,0.0,7904.750004549739,165.50000009525687,2340.500001347122,14.000000008057985,1011.2500005820455,0.0,0.0,428.9675005198225,0.0,56502.0,0,0,0,35,SALT LAKE
966,350061,205.25,583.7912582554554,0.35158114668134804,49.25,24.75,1.0,23.5,74.55513021628951,11.75,13.0,1.0,0.0,12.75,0.25,9.0,1.5,0.0,0.0,10.303639568301488,15.001490647988014,30068.0,0,0,0,35,SALT LAKE
967,350062,334.0,867.9102436421522,0.38483242068716894,107.5,17.0,1.25,89.25,147.64193794675987,4.75,12.25,0.0,1.25,4.25,48.75,22.0,14.25,0.0,0.0,16.13955290997903,24.002385036780822,48811.0,0,0,0,35,SALT LAKE
968,350063,455.5,756.0370976897291,0.602483663026458,28.0,20.5,0.25,7.25,78.67804683924155,6.25,14.25,0.0,0.25,1.5,2.0,0.0,3.75,0.0,0.0,17.674767413667915,33.00327942557363,49071.0,0,0,0,35,SALT LAKE
969,350064,367.0,1147.461467094472,0.3198364481286624,55.0,0.0,0.0,55.0,97.42942592951296,0.0,0.0,0.0,0.0,0.0,55.0,0.0,0.0,0.0,0.0,15.426742763134513,27.002683166378425,81295.0,326,0,0,35,SALT LAKE
970,350065,653.0,847.6902788285774,0.7703285224674042,71.75,25.25,0.0,46.5,145.249852361267,10.0,15.25,0.0,0.0,2.0,3.5,0.0,41.0,0.0,0.0,26.49518166423788,47.00467069702911,45921.0,0,0,0,35,SALT LAKE
971,350066,558.5,1012.9168500388276,0.5513779339129281,306.75,47.75,28.5,230.5,384.6331357707776,37.5,10.25,5.0,23.5,43.75,45.75,0.0,141.0,0.0,0.0,37.37914745637063,40.50398831440699,59977.0,0,0,0,35,SALT LAKE
972,350067,276.75,529.2523294684581,0.5229074764355732,640.25,74.25,147.75,418.25,706.0224515788697,43.0,31.25,119.5,28.25,122.25,22.5,89.0,184.5,0.0,0.0,45.77043754411175,20.002014034757984,52447.0,0,0,0,35,SALT LAKE
973,350068,701.75,1430.9875223194872,0.49039561076153454,0.0,0.0,0.0,0.0,82.1579008120867,0.0,0.0,0.0,0.0,0.0,0.0,0.0,0.0,0.0,0.0,31.152832608927454,51.00506820315924,60090.0,0,0,0,35,SALT LAKE
974,350069,905.249998941021,1946.9290439957217,0.46496301533576084,435.9999994899587,51.249999940046756,20.749999975726247,363.9999995741857,552.0357479645847,38.99999995437704,12.249999985669712,0.9999999988301805,19.749999976896067,64.74999992425418,143.999999831546,8.999999989471625,146.2499998289139,0.0,0.0,50.029189700694566,66.0065587739315,171320.0,349,0,0,35,SALT LAKE
975,350070,0.0,0.0,0.0,196.5,1.0,174.0,21.5,203.6835375590907,0.0,1.0,173.75,0.25,0.25,21.25,0.0,0.0,0.0,0.0,7.183537559090701,0.0,45129.0,0,0,0,35,SALT LAKE
976,350071,0.0,0.0,0.0,7.25,0.25,2.5,4.5,881.3844479633225,0.0,0.25,0.0,2.5,0.0,1.5,0.0,3.0,873.8695310520842,0.0,0.264916911238277,0.0,45129.0,0,0,0,35,SALT LAKE
977,350072,0.0,0.0,0.0,2995.25,141.25,2474.5,379.5,3104.7436698054767,130.0,11.25,2195.25,279.25,182.5,21.0,0.0,176.0,0.0,0.0,109.49366980547671,0.0,45129.0,0,0,0,35,SALT LAKE
978,350073,0.0,0.0,0.0,16377.250935660768,1778.5001016087972,3952.250225798914,10646.500608253056,17036.763719096263,952.2500544036982,826.2500472050991,2195.2501254184494,1757.0001003804648,2077.250118676904,2246.5001283464508,0.0,6322.7503612297005,0.0,0.0,659.5127834354962,0.0,56502.0,0,0,0,35,SALT LAKE
979,350074,0.0,0.0,0.0,4611.5,63.0,2133.5,2415.0,4864.512122979028,10.25,52.75,1814.25,319.25,1590.0,107.0,316.0,402.0,0.0,84.4328414737192,168.57928150530864,0.0,56502.0,0,0,0,35,SALT LAKE
980,350075,698.0,2327.7871812855155,0.29985559058475914,214.25,137.75,25.0,51.5,298.60332172702147,18.5,119.25,19.0,6.0,1.75,0.25,24.0,25.5,0.0,0.0,33.34825352386223,51.00506820315924,38829.0,0,0,0,35,SALT LAKE
981,350076,507.75,1027.4180704137978,0.49419998987899943,522.25,70.0,16.25,436.0,602.9065309618039,35.75,34.25,0.0,16.25,63.5,214.75,3.0,154.75,0.0,0.0,43.65285403010008,37.003676931703765,60653.0,452,0,0,35,SALT LAKE
982,350077,290.0,759.5098371957843,0.3818252059390307,245.0,143.0,10.25,91.75,285.55892632264863,137.75,5.25,3.0,7.25,13.25,15.5,0.0,63.0,0.0,0.0,19.55683941546539,21.00208690718322,57237.0,0,0,0,35,SALT LAKE
983,350078,251.0,596.8090033198893,0.4205700627901958,0.0,0.0,0.0,0.0,27.177410658028183,0.0,0.0,0.0,0.0,0.0,0.0,0.0,0.0,0.0,0.0,9.175621880442566,18.001788777585617,211467.0,0,0,0,35,SALT LAKE
984,350079,1784.0,3783.6148413428423,0.47150676662607677,3339.0,215.0,49.75,3074.25,3656.291372613488,98.5,116.5,3.0,46.75,235.0,2406.75,0.0,432.5,0.0,0.0,187.27845366425817,130.01291894922946,40069.0,410,0,0,35,SALT LAKE
985,350080,874.0,1738.4124770687802,0.5027575512307026,2141.25,236.75,23.0,1881.5,2319.367254390383,138.0,98.75,0.0,23.0,172.75,1114.0,3.0,591.75,0.0,0.0,114.36100689666554,63.75624749371785,38845.0,0,0,0,35,SALT LAKE
986,350081,505.0,1194.0726207910536,0.42292235095839126,1084.0,126.0,38.5,919.5,1182.8379605659522,82.25,43.75,0.0,38.5,169.75,353.75,0.0,396.0,0.0,0.0,62.08436974784583,36.7535908181065,46352.0,0,0,0,35,SALT LAKE
987,350082,515.5,1332.0938905948788,0.3869847340638962,0.0,0.0,0.0,0.0,57.09868169378042,0.0,0.0,0.0,0.0,0.0,0.0,0.0,0.0,0.0,0.0,19.59494514275704,37.50373655102338,35544.0,0,0,0,35,SALT LAKE
988,350083,576.25,1327.588732499053,0.43405761580641544,568.5,214.0,2.25,352.25,675.8334512822631,121.5,92.5,0.0,2.25,55.25,64.75,0.0,232.25,0.0,0.0,65.57934370604693,41.7541075762161,46352.0,434,0,0,35,SALT LAKE
989,350084,434.0,1432.1061188676526,0.30305016805818696,92.0,3.0,2.0,87.0,143.4812963394628,2.5,0.5,0.0,2.0,1.5,11.75,65.0,8.75,0.0,0.0,19.728142787507046,31.753153551955776,34137.0,0,0,0,35,SALT LAKE
990,350085,739.0,1278.649462752535,0.5779535529692106,432.0,53.75,22.5,355.75,531.8413032009996,25.5,28.25,0.0,22.5,66.5,52.5,94.5,142.25,0.0,0.0,46.3359964875624,53.50530671343724,51230.0,0,0,0,35,SALT LAKE
991,350086,449.0,779.0811405144032,0.5763199449335139,365.5,6.25,257.75,101.5,429.2771862475983,4.25,2.0,3.0,254.75,18.5,8.0,20.0,55.0,0.0,0.0,30.77390682202465,33.00327942557363,51326.0,0,0,0,35,SALT LAKE
992,350087,1258.75,2104.4649613918546,0.598133028153382,1075.75,112.75,65.25,897.75,1252.619708660682,86.25,26.5,8.25,57.0,331.75,61.25,221.0,283.75,0.0,0.0,85.36063226415766,91.50907639652456,51230.0,0,0,0,35,SALT LAKE
993,350088,475.5,806.6433496233519,0.5894798490832739,223.25,11.5,138.0,73.75,286.79746832690546,8.5,3.0,36.25,101.75,15.25,3.75,8.75,46.0,0.0,0.0,29.04406303473594,34.503405292169504,51230.0,0,0,0,35,SALT LAKE
994,350089,392.49999998783755,674.9734715333865,0.5815043354165708,725.2499999775266,88.24999999726539,6.249999999806331,630.7499999804548,809.8622608245074,32.749999998985174,55.49999999828022,0.0,6.249999999806331,46.74999999855135,364.4999999887052,41.749999998706286,177.74999999449204,0.0,0.0,56.10943854774012,28.502822299240663,51390.0,0,948,1903,35,SALT LAKE
995,350090,1204.5,2072.314198928434,0.5812342552219305,146.0,82.25,4.0,59.75,284.8752570311661,14.75,67.5,1.0,3.0,10.0,3.25,26.25,20.25,0.0,0.0,51.36652514940872,87.50873188175738,48532.0,0,0,0,35,SALT LAKE
996,350091,728.5,1389.9378357620935,0.5241241595531992,376.5,39.25,5.5,331.75,471.650415711194,27.5,11.75,0.0,5.5,58.75,91.0,31.25,150.75,0.0,0.0,42.14514875496971,53.00526695622432,27015.0,262,0,0,35,SALT LAKE
997,350092,531.0,812.1965554552395,0.6537826298738393,78.0,16.25,6.25,55.5,139.7640707774725,11.0,5.25,0.0,6.25,10.0,12.25,6.25,27.0,0.0,0.0,23.26025471202328,38.503816065449215,66900.0,0,0,0,35,SALT LAKE
998,350093,541.75,886.9202622060392,0.6108215395288228,325.0,28.25,13.5,283.25,397.4349554804061,20.25,8.0,0.0,13.5,66.75,52.0,23.25,141.25,0.0,0.0,33.18104667340297,39.25390880700313,54299.0,0,0,0,35,SALT LAKE
999,350094,0.0,0.0,0.0,2331.75,388.25,139.0,1804.5,2416.9830904436817,284.25,104.0,0.0,139.0,260.25,953.25,0.0,591.0,0.0,0.0,85.23309044368168,0.0,66900.0,0,0,0,35,SALT LAKE
1000,350095,289.0,589.1120891986368,0.49056878189874487,3964.0,290.0,124.25,3549.75,4140.471439873524,182.25,107.75,23.75,100.5,468.75,424.5,1759.0,897.5,0.0,0.0,155.46935296634052,21.00208690718322,100099.0,0,0,0,35,SALT LAKE
1001,350096,548.5,981.0265689381054,0.5591082009060305,300.5,152.0,6.0,142.5,371.53917115864937,124.75,27.25,4.0,2.0,16.75,13.5,0.0,112.25,0.0,0.0,31.035196097347963,40.00397506130137,58481.0,0,0,0,35,SALT LAKE
1002,350097,468.75,965.0403297328684,0.4857309954390757,0.0,0.0,0.0,0.0,51.139209029633925,0.0,0.0,0.0,0.0,0.0,0.0,0.0,0.0,0.0,0.0,17.135830227527762,34.00337880210616,100099.0,0,0,0,35,SALT LAKE
1003,350098,645.0,1028.6418963131275,0.6270403746063794,24.5,5.0,0.0,19.5,96.7291253933118,5.0,0.0,0.0,0.0,1.5,0.25,0.0,17.75,0.0,0.0,25.22445469628268,47.00467069702911,45319.0,0,0,0,35,SALT LAKE
1004,350099,441.0,883.517018047184,0.4991414890623516,17.75,2.5,1.25,14.0,66.52375040442311,1.5,1.0,1.0,0.25,1.25,1.5,0.0,11.25,0.0,0.0,16.770570355382013,32.00318004904109,79338.0,0,0,0,35,SALT LAKE
1005,350100,46.5,80.50752138687093,0.5775857857621631,0.0,0.0,0.0,0.0,4.950638930821684,0.0,0.0,0.0,0.0,0.0,0.0,0.0,0.0,0.0,0.0,1.700314304138761,3.2503246266829238,131360.0,0,0,0,35,SALT LAKE
1006,350101,440.00000038039263,1395.173243581959,0.3153730208090426,414.250000358131,40.75000003522954,19.250000016642176,354.25000030625927,479.480720126057,24.750000021397085,16.00000001383246,0.0,19.250000016642176,44.75000003868766,46.00000003976832,151.5000001309761,112.00000009682721,0.0,0.0,33.227539691217345,32.00318007670876,183906.0,0,0,0,35,SALT LAKE
1007,350102,0.0,0.0,0.0,15068.5,4.0,0.0,15064.5,15619.347210709444,1.5,2.5,0.0,0.0,941.5,7.25,14085.0,30.75,0.0,0.0,550.8472107094439,0.0,22017.0,0,0,0,35,SALT LAKE
1008,350103,0.0,0.0,0.0,3.0,0.0,3.0,0.0,3.1096687874156483,0.0,0.0,0.0,3.0,0.0,0.0,0.0,0.0,0.0,0.0,0.1096687874156481,0.0,45129.0,0,0,0,35,SALT LAKE
1009,350104,0.0,0.0,0.0,598.25,38.0,226.5,333.75,620.119924451491,28.25,9.75,30.75,195.75,22.5,76.5,0.0,234.75,0.0,0.0,21.86992445149104,0.0,45129.0,0,0,0,35,SALT LAKE
1010,350105,0.0,0.0,0.0,1648.25,77.25,850.0,721.0,1708.4988170752451,61.25,16.0,451.25,398.75,49.5,157.0,0.0,514.5,0.0,0.0,60.24881707524513,0.0,45129.0,0,0,0,35,SALT LAKE
1011,350106,1.75,5.362697450700628,0.32632831072194185,2904.5,153.0,1411.5,1340.0,3010.973414543754,121.5,31.5,87.0,1324.5,246.25,290.5,0.0,803.25,0.0,0.0,106.22335491741264,0.2500596263415927,69745.0,0,0,0,35,SALT LAKE
1012,350107,0.0,0.0,0.0,735.0,43.0,266.0,426.0,761.862885454167,36.5,6.5,36.75,229.25,57.5,49.75,0.0,318.75,0.0,0.0,26.862885454166943,0.0,69745.0,0,0,0,35,SALT LAKE
1013,350108,0.0,0.0,0.0,0.0,0.0,0.0,0.0,0.0,0.0,0.0,0.0,0.0,0.0,0.0,0.0,0.0,0.0,0.0,0.0,0.0,56502.0,0,0,0,35,SALT LAKE
1014,350109,0.0,0.0,0.0,0.0,0.0,0.0,0.0,0.0,0.0,0.0,0.0,0.0,0.0,0.0,0.0,0.0,0.0,0.0,0.0,0.0,56502.0,0,0,0,35,SALT LAKE
1015,350110,0.0,0.0,0.0,24.0,0.25,1.0,22.75,24.877471368619343,0.0,0.25,0.0,1.0,0.0,0.75,0.0,22.0,0.0,0.0,0.8774713686193467,0.0,56502.0,0,0,0,35,SALT LAKE
1016,350111,1815.25,4282.245936664209,0.4239013888618566,425.5,89.0,41.75,294.75,652.754765348194,55.5,33.5,20.75,21.0,48.5,48.75,0.0,197.5,0.0,0.0,95.24156815042932,132.01319719776478,38960.0,0,0,0,35,SALT LAKE
1017,350112,0.0,0.0,0.0,1824.5,145.0,281.5,1398.0,1891.19658162514,107.75,37.25,0.0,281.5,278.25,249.0,0.0,870.75,0.0,0.0,66.69658162514027,0.0,35043.0,0,0,0,35,SALT LAKE
1018,350113,165.5,451.8000451566082,0.36631249105482594,138.5,14.75,40.75,83.0,161.6137641127096,11.0,3.75,24.75,16.0,6.75,13.0,0.0,63.25,0.0,0.0,11.112571594319167,12.001192518390411,35043.0,0,0,0,35,SALT LAKE
1019,350114,249.75,709.2702203711772,0.35212249552688135,1867.75,198.0,165.0,1504.75,1963.9071551145464,137.0,61.0,16.25,148.75,692.75,335.25,0.0,476.75,0.0,0.0,78.15536633696044,18.001788777585617,32095.0,0,0,0,35,SALT LAKE
1020,350115,373.5,1091.8970210317862,0.3420652248387507,351.5,38.5,160.0,153.0,422.5094401976007,29.75,8.75,128.75,31.25,27.75,31.75,0.0,93.5,0.0,0.0,44.00675703122224,27.002683166378425,32095.0,0,0,0,35,SALT LAKE
1021,350116,679.75,1910.5877744531567,0.35578056611115716,187.25,23.5,22.0,141.75,268.9486983405051,18.5,5.0,16.0,6.0,14.5,13.25,51.0,63.0,0.0,0.0,32.44384875953956,49.25484958096551,32095.0,0,0,0,35,SALT LAKE
1022,350117,825.5,2306.290971489321,0.35793402055722456,176.5,53.5,5.5,117.5,279.3868803545239,17.75,35.75,1.25,4.25,29.5,13.75,14.0,60.25,0.0,0.0,42.63093763170055,60.25594272282338,32095.0,0,0,0,35,SALT LAKE
1023,350118,0.0,0.0,0.0,505.0,10.5,463.25,31.25,523.4609463461509,8.0,2.5,54.0,409.25,7.25,7.0,0.0,17.0,0.0,0.0,18.46094634615092,0.0,42543.0,0,0,0,35,SALT LAKE
1024,350119,99.75,195.60695710517,0.5099511871981549,473.5,52.25,145.75,275.5,512.1991201147165,26.0,26.25,0.0,145.75,102.5,41.25,2.25,129.5,0.0,0.0,31.44839798190339,7.25072213281306,42543.0,0,0,0,35,SALT LAKE
1025,350120,674.25,1136.1080050646187,0.5934735051546887,8.0,0.0,0.0,8.0,81.94506851784475,0.0,0.0,0.0,0.0,0.0,0.0,0.0,8.0,0.0,0.0,24.94019906775057,49.004869450094176,42543.0,0,0,0,35,SALT LAKE
1026,350121,1358.0,1816.458333084299,0.7476086708216154,99.75,9.25,7.75,82.75,251.80157469567365,6.5,2.75,0.0,7.75,7.5,24.0,21.25,30.0,0.0,0.0,53.29176954118704,98.7598051544866,42543.0,0,0,0,35,SALT LAKE
1027,350122,423.5,541.8871835556708,0.7815279874699079,5193.75,810.25,90.0,4293.5,5455.250546768341,87.0,723.25,4.0,86.0,1637.25,37.25,178.0,2441.0,0.0,25.150208101133188,205.34725799469896,31.00308067250856,42543.0,0,0,0,35,SALT LAKE
1028,350123,0.0,0.0,0.0,1758.75,87.0,38.0,1633.75,1823.0446268082644,56.25,30.75,0.0,38.0,137.75,51.0,183.0,1262.0,0.0,0.0,64.29462680826433,0.0,42543.0,0,0,0,35,SALT LAKE
1029,350124,0.0,0.0,0.0,1614.75,184.5,2.0,1428.25,1673.7788895454523,177.25,7.25,0.0,2.0,853.0,41.75,472.5,61.0,0.0,0.0,59.028889545452245,0.0,42543.0,0,0,0,35,SALT LAKE
1030,350125,0.0,0.0,0.0,974.25,156.75,10.0,807.5,1009.8659513793332,62.75,94.0,0.0,10.0,87.5,26.75,221.25,472.0,0.0,0.0,35.61595137933311,0.0,42543.0,0,0,0,35,SALT LAKE
1031,350126,601.75,1237.6883823349954,0.4861886146695114,0.0,0.0,0.0,0.0,65.75149138217188,0.0,0.0,0.0,0.0,0.0,0.0,0.0,0.0,0.0,0.0,21.99723143244492,43.75425994972695,42543.0,0,0,0,35,SALT LAKE
1032,350127,0.0,0.0,0.0,1727.25,114.75,15.0,1597.5,1790.3937335294984,67.5,47.25,0.0,15.0,186.0,29.5,165.0,1217.0,0.0,0.0,63.14373352949838,0.0,42543.0,0,0,0,35,SALT LAKE
1033,350128,60.0,162.66087793137694,0.36886558564692296,1416.5,203.25,51.25,1162.0,1474.9843217765097,103.0,100.25,0.0,51.25,222.0,78.0,304.75,557.25,0.0,0.0,53.98408327536394,4.500238501145649,43489.0,0,0,0,35,SALT LAKE
1034,350129,468.0,871.8313746967716,0.536801053027913,5990.0,1489.75,284.5,4215.75,6260.085711475774,1061.5,428.25,138.0,146.5,1069.75,29.75,271.25,2845.0,0.0,0.0,236.082332673667,34.00337880210616,50921.0,0,0,0,35,SALT LAKE
1035,350130,0.0,0.0,0.0,7786.0,6.5,5.0,7774.5,8070.626790016655,0.0,6.5,0.0,5.0,3586.75,9.5,1192.25,2986.0,0.0,0.0,284.6267900166546,0.0,54475.0,0,0,0,35,SALT LAKE
1036,350131,144.5,265.86239647430034,0.5435142461524006,5510.0,718.0,28.0,4764.0,5727.459975282043,292.25,425.75,3.0,25.0,3657.75,100.25,267.0,739.0,0.0,0.0,206.7089086372707,10.751066644772555,50921.0,0,0,0,35,SALT LAKE
1037,350132,220.25,490.61595574051057,0.4489254730159885,2407.75,260.5,89.0,2058.25,2571.959305222303,230.25,30.25,10.0,79.0,397.25,102.0,668.75,890.25,0.0,0.0,147.95785423955155,16.251450982751713,50921.0,0,0,0,35,SALT LAKE
1038,350133,973.5,1805.82129986377,0.5390898867310072,722.75,47.5,26.0,649.25,872.9856019773753,30.0,17.5,0.0,26.0,155.25,39.0,306.0,149.0,0.0,0.0,79.72853963456431,70.507062342811,37315.0,0,0,0,35,SALT LAKE
1039,350134,688.75,1148.0563347823054,0.5999270063089726,129.5,12.25,1.0,116.25,209.41664361958712,3.75,8.5,0.0,1.0,35.5,45.5,8.0,27.25,0.0,0.0,29.9116747929604,50.00496882662671,51794.0,0,0,0,35,SALT LAKE
1040,350135,509.0,1413.7788029989088,0.36002803191016075,533.25,27.0,9.75,496.5,608.3330584596717,21.25,5.75,0.0,9.75,125.5,22.25,119.5,229.25,0.0,0.0,38.07931530315878,37.003743156513046,39970.0,0,0,0,35,SALT LAKE
1041,350136,704.75,1536.644076207525,0.45862930193915835,309.5,22.75,7.75,279.0,397.5808980435192,17.0,5.75,0.0,7.75,69.75,16.0,59.25,134.0,0.0,0.0,37.0758298403599,51.00506820315924,39970.0,0,0,0,35,SALT LAKE
1042,350137,361.5,726.4375807793157,0.49763394621212476,976.75,64.5,38.5,873.75,1051.6726890042987,46.5,18.0,0.0,38.5,210.25,32.5,134.0,497.0,0.0,0.0,48.92010521445292,26.002583789845893,25840.0,0,0,0,35,SALT LAKE
1043,350138,627.0,985.5613067787464,0.6361856900098031,885.25,213.0,31.5,640.75,986.536867308422,57.5,155.5,8.0,23.5,242.5,98.25,34.0,266.0,0.0,0.0,55.28229598792544,46.004571320496574,43385.0,276,47,0,35,SALT LAKE
1044,350139,452.25,948.3265641260604,0.4768926834995658,3146.25,302.0,134.0,2710.25,3320.061905051184,207.25,94.75,0.0,134.0,823.5,323.75,35.5,1527.5,0.0,0.0,141.0586521226954,32.75325292848831,25840.0,0,0,0,35,SALT LAKE
1045,350140,681.0,1058.903913326488,0.6431178423551918,352.75,34.75,9.75,308.25,440.5446186593672,28.75,6.0,3.0,6.75,77.5,17.0,70.0,143.75,0.0,0.0,38.03970945908207,49.75490920028512,43554.0,0,0,0,35,SALT LAKE
1046,350141,497.0,787.333789243045,0.6312443423491625,495.0,62.0,8.0,425.0,567.7678481816977,48.75,13.25,0.0,8.0,78.5,76.0,199.0,71.5,0.0,0.0,36.76427062652646,36.00357755517123,47503.0,0,426,0,35,SALT LAKE
1047,350142,500.25,944.2544605390618,0.5297830414424669,131.25,48.75,4.0,78.5,191.08942647465557,4.75,44.0,0.0,4.0,27.25,2.0,19.0,30.25,0.0,0.0,23.83584891948432,36.00357755517123,70463.0,0,0,0,35,SALT LAKE
1048,350143,538.0,1046.1927550620608,0.5142455798865531,1824.25,183.25,57.75,1583.25,1949.855635299226,127.75,55.5,0.0,57.75,240.5,167.75,659.0,516.0,0.0,0.0,86.60175961445697,39.00387568476883,41532.0,0,0,0,35,SALT LAKE
1049,350144,396.0,640.0004804532826,0.6187495354996164,102.0,1.0,4.0,97.0,149.2079006304411,1.0,0.0,4.0,0.0,0.0,40.0,0.0,57.0,0.0,0.0,18.2050187109976,29.002881919443496,131360.0,444,0,0,35,SALT LAKE
1050,350145,447.5,755.4752914051894,0.5923423374544081,24.25,0.5,0.0,23.75,76.49822244377954,0.25,0.25,0.0,0.0,7.0,0.25,0.5,16.0,0.0,0.0,19.494969515291228,32.75325292848831,24327.0,0,0,0,35,SALT LAKE
1051,350146,620.5,991.8138679718744,0.6256214195399776,25974.0,341.5,34.25,25598.25,26991.20369281625,181.25,160.25,0.0,34.25,147.25,24505.25,665.25,280.5,0.0,0.0,972.1992208722828,45.00447194396404,22017.0,0,0,0,35,SALT LAKE
1052,350147,0.0,0.0,0.0,2565.7500012561595,300.0000001468763,135.00000006609434,2130.750001043189,2659.5357602209,183.50000008983935,116.50000005703697,0.0,135.00000006609434,453.2500002219056,834.0000004083162,0.0,843.5000004129672,0.0,0.0,93.7857589647406,0.0,22017.0,0,0,0,35,SALT LAKE
1053,350148,0.0,0.0,0.0,0.0,0.0,0.0,0.0,0.0,0.0,0.0,0.0,0.0,0.0,0.0,0.0,0.0,0.0,0.0,0.0,0.0,45129.0,0,0,0,35,SALT LAKE
1054,350149,0.0,0.0,0.0,2695.5,2.5,2548.25,144.75,2796.0606248177387,2.25,0.25,4.5,2543.75,118.5,6.25,0.0,20.0,2.0222601322713767,0.0,98.53836468546736,0.0,45129.0,0,0,0,35,SALT LAKE
1055,350150,0.0,0.0,0.0,2408.0,104.5,1689.0,614.5,2496.022668678247,82.5,22.0,51.25,1637.75,65.0,144.0,0.0,405.5,0.0,0.0,88.022668678247,0.0,45129.0,0,0,0,35,SALT LAKE
1056,350151,0.0,0.0,0.0,2076.25,143.0,880.25,1053.0,2161.1243352341307,116.0,27.0,369.75,510.5,98.0,175.0,0.0,780.0,0.0,8.982217178399038,75.89211805573186,0.0,69745.0,0,0,0,35,SALT LAKE
1057,350152,0.0,0.0,0.0,838.25,64.5,435.5,338.25,868.8920939370782,47.75,16.75,109.25,326.25,54.0,75.5,0.0,208.75,0.0,0.0,30.642093937078243,0.0,69745.0,0,0,0,35,SALT LAKE
1058,350153,0.0,0.0,0.0,1123.25,110.0,216.5,796.75,1164.3101815944208,76.5,33.5,127.25,89.25,155.5,189.25,0.0,452.0,0.0,0.0,41.060181594420726,0.0,69745.0,0,0,0,35,SALT LAKE
1059,350154,3.25,6.4381465612893045,0.5048036681148734,1062.25,51.5,168.0,842.75,1104.4449372724596,39.0,12.5,11.75,156.25,59.0,35.5,325.0,423.25,0.0,0.0,42.19493727245955,0.0,69745.0,0,0,0,35,SALT LAKE
1060,350155,442.75,967.9461025576866,0.4574118319502335,1.75,0.5,1.0,0.25,50.00247568915016,0.5,0.0,0.0,1.0,0.0,0.0,0.0,0.25,0.0,0.0,16.249295640109068,32.00318004904109,39712.0,0,0,0,35,SALT LAKE
1061,350156,416.75,1144.5004276074744,0.36413267303988406,236.75,27.25,2.25,207.25,292.39267098410915,25.0,2.25,0.0,2.25,6.75,100.0,68.0,32.5,0.0,0.0,25.63968968813312,30.002981295976028,46000.0,408,0,0,35,SALT LAKE
1062,350157,246.0,675.3393306914619,0.3642613258554439,48.75,19.0,1.25,28.5,79.02705179785036,8.0,11.0,0.0,1.25,3.75,5.25,0.0,19.5,0.0,0.0,12.275263020264749,18.001788777585617,42301.0,0,0,0,35,SALT LAKE
1063,350158,238.75,748.8556782181693,0.31881977655305077,76.25,21.5,1.25,53.5,106.26706694684044,3.5,18.0,0.0,1.25,9.5,13.75,14.0,16.25,0.0,0.0,13.01537754578736,17.00168940105308,50879.0,0,0,0,35,SALT LAKE
1064,350159,276.75,514.586679336174,0.5378102681496,149.0,7.75,34.25,107.0,185.56765770552363,5.75,2.0,0.0,34.25,9.75,71.25,0.0,26.0,0.0,0.0,16.565670174872935,20.001987530650684,43890.0,394,0,0,35,SALT LAKE
1065,350160,721.25,1325.721765193403,0.544043266797223,267.5,13.0,27.5,227.0,356.40136970212444,11.25,1.75,15.5,12.0,21.0,31.25,0.0,174.75,0.0,0.0,36.14608287677145,52.75528682535298,42543.0,0,0,0,35,SALT LAKE
1066,350161,860.75,1581.2736856190347,0.5443396723970871,1566.5,238.25,52.5,1275.75,1718.4829050216383,167.75,70.5,0.0,52.5,282.0,110.5,56.25,827.0,0.0,0.0,89.47670391940815,62.50620110223005,42543.0,0,0,0,35,SALT LAKE
1067,350162,159.0,201.5082742469744,0.7890494849115971,990.5,370.25,5.75,614.5,1044.522390593468,55.75,314.5,0.0,5.75,145.75,23.5,89.25,356.0,0.0,0.0,42.02119807507757,12.001192518390411,42543.0,0,0,0,35,SALT LAKE
1068,350163,0.0,0.0,0.0,0.0,0.0,0.0,0.0,0.0,0.0,0.0,0.0,0.0,0.0,0.0,0.0,0.0,0.0,0.0,0.0,0.0,42543.0,0,0,0,35,SALT LAKE
1069,350164,482.75,910.3883079574982,0.5302682336541358,820.75,203.0,74.25,543.5,905.196355004675,105.75,97.25,7.0,67.25,210.0,15.5,209.75,108.25,0.0,1.796443435410494,47.64643339062572,35.0034781786387,42543.0,0,0,0,35,SALT LAKE
1070,350165,352.5,475.1382970266189,0.7418892608866082,1499.0,235.5,22.0,1241.5,1592.1861778746518,81.75,153.75,0.0,22.0,248.0,47.25,208.5,737.75,0.0,0.0,67.68368020823284,25.50249766641898,42543.0,0,0,0,35,SALT LAKE
1071,350166,249.0,417.7602131529061,0.5960356974177972,1295.5,208.0,25.75,1061.75,1369.9628884041274,125.75,82.25,0.0,25.75,229.75,38.5,58.25,735.25,0.0,0.0,56.461099626541696,18.001788777585617,42543.0,0,0,0,35,SALT LAKE
1072,350167,376.25,664.456085615199,0.566252620971395,968.75,245.75,10.75,712.25,1045.1772986850565,41.5,204.25,1.0,9.75,316.5,24.25,120.25,251.25,0.0,0.0,49.17442340550312,27.252875279553248,42543.0,0,0,0,35,SALT LAKE
1073,350168,488.0,623.816081746912,0.7822818524226283,502.75,41.5,17.5,443.75,573.9717175613536,10.25,31.25,0.0,17.5,129.0,5.0,113.0,196.75,0.0,0.0,36.2182393827148,35.0034781786387,42543.0,0,0,0,35,SALT LAKE
1074,350169,215.0,392.0496135050609,0.5483999794766399,1060.5,188.75,8.25,863.5,1198.9960937181231,45.75,143.0,1.5,6.75,94.5,23.25,469.75,276.0,0.0,0.0,122.99486812174082,15.50122559638247,42543.0,0,0,0,35,SALT LAKE
1075,350170,192.25,353.14475728743054,0.5443943199856836,2300.75,481.75,102.5,1716.5,2405.8844029772613,101.0,380.75,0.0,102.5,192.25,76.5,886.25,561.5,0.0,0.0,91.1330713391692,14.001331638091909,42543.0,0,0,0,35,SALT LAKE
1076,350171,98.25,177.31803613568255,0.5540891504393821,2966.0,287.0,93.5,2585.5,3085.2864636035533,112.25,174.75,0.0,93.5,720.0,518.75,590.5,756.25,0.0,0.0,112.03579446210324,7.250669141450095,50921.0,0,0,0,35,SALT LAKE
1077,350172,357.0,569.9677067969906,0.6263512752436609,3198.0,423.0,72.75,2702.25,3353.9620133583,56.0,367.0,23.75,49.0,960.0,23.5,352.75,1366.0,0.0,0.0,129.9594295684538,26.002583789845893,50921.0,0,0,0,35,SALT LAKE
1078,350173,110.75,229.13712181779843,0.48333504026494845,1282.75,207.5,14.0,1061.25,1343.9418331552763,16.0,191.5,2.0,12.0,418.5,16.75,242.0,384.0,0.0,0.0,53.191038143016,8.000795012260273,50921.0,0,0,0,35,SALT LAKE
1079,350174,90.75,146.22605055037664,0.6206144504240407,5171.0,758.25,156.5,4256.25,5382.132662761902,158.0,600.25,0.0,156.5,1135.5,245.0,1924.5,951.25,0.0,0.0,204.3821261100928,6.750536651809188,50921.0,0,0,0,35,SALT LAKE
1080,350175,0.0,0.0,0.0,4002.75,316.75,86.5,3599.5,4149.076878367091,32.5,284.25,13.5,73.0,1260.0,11.0,113.5,2215.0,0.0,0.0,146.32687836709098,0.0,50921.0,0,0,0,35,SALT LAKE
1081,350176,77.0,164.57075570875293,0.4678838574228206,2964.5,203.75,48.0,2712.75,3088.689337426589,26.25,177.5,0.0,48.0,979.5,49.0,884.0,800.25,0.0,0.0,118.43890015131282,5.750437275276654,50921.0,0,0,0,35,SALT LAKE
1082,350177,120.75,191.10173694941017,0.6318623887336294,3957.25,98.5,164.75,3694.0,4165.628389523796,64.0,34.5,2.0,162.75,1266.75,1497.0,171.5,758.75,0.0,50.300416202266376,149.0770789327369,9.000894388792808,50921.0,0,0,0,35,SALT LAKE
1083,350178,265.0,423.7696569375063,0.6253397232711255,1811.75,216.25,10.0,1585.5,1906.6698977431872,67.0,149.25,0.0,10.0,712.5,17.0,153.0,703.0,0.0,0.0,75.91800958906892,19.00188815411815,50921.0,0,0,0,35,SALT LAKE
1084,350179,482.5,908.0055425762636,0.5313844215433021,2003.0,654.5,13.0,1335.5,2131.362466926382,543.75,110.75,0.0,13.0,462.25,511.25,129.0,233.0,0.0,0.0,93.1087568801633,35.253710046218764,50921.0,0,0,0,35,SALT LAKE
1085,350180,216.75,313.2390731340728,0.6919634828162914,1530.25,164.25,43.75,1322.25,1610.3552130110024,93.25,71.0,5.0,38.75,247.5,439.75,158.5,476.5,0.0,0.0,64.35355677150241,15.751656239500171,39970.0,0,0,0,35,SALT LAKE
1086,350181,371.25,537.2477607749124,0.69102195877842,2302.25,287.25,67.75,1947.25,2427.0239385232585,95.0,192.25,0.0,67.75,445.25,99.75,621.25,781.0,0.0,0.0,97.77125535687992,27.002683166378425,39970.0,0,0,0,35,SALT LAKE
1087,350182,210.75,309.5824842065698,0.6807555683911899,2485.0,80.0,56.0,2349.0,2598.5513811937294,48.5,31.5,2.0,54.0,1042.25,64.75,282.5,959.5,0.0,0.0,98.54989054574166,15.001490647988014,39970.0,0,0,0,35,SALT LAKE
1088,350183,354.5,521.1341203157546,0.6802471497840303,364.5,22.75,14.75,327.0,418.5377940440098,13.25,9.5,10.0,4.75,68.5,9.75,146.25,102.5,0.0,0.0,28.285190385035264,25.752603658974564,39970.0,0,0,0,35,SALT LAKE
1089,350184,410.5,593.5004898412943,0.69165907531057,482.75,79.75,19.5,383.5,545.403322225839,60.5,19.25,7.75,11.75,99.75,23.0,34.75,226.0,0.0,0.0,32.65034092986296,30.002981295976028,39970.0,0,0,0,35,SALT LAKE
1090,350185,685.25,1137.5404468718034,0.6023961626018781,461.5,118.5,15.5,327.5,553.4254683493313,36.0,82.5,0.0,15.5,111.0,11.0,46.5,159.0,0.0,0.0,41.92049952270454,50.00496882662671,39970.0,0,0,0,35,SALT LAKE
1091,350186,707.25,1033.504405151166,0.6843221920244777,141.25,57.75,11.0,72.5,227.0227631660656,26.5,31.25,0.0,11.0,13.25,4.75,12.75,41.75,0.0,0.0,34.26768833494971,51.50507483111589,56384.0,0,0,0,35,SALT LAKE
1092,350187,454.5,736.7585780462234,0.6168913583677137,554.25,110.75,23.75,419.75,624.3636728816267,85.25,25.5,2.0,21.75,149.25,19.5,47.5,203.5,0.0,0.0,36.86036695896782,33.25330592265895,56384.0,0,0,0,35,SALT LAKE
1093,350188,218.25,431.2200185055583,0.5061221433002346,891.25,75.25,15.0,801.0,953.3131671686688,50.0,25.25,0.0,15.0,126.5,225.75,144.25,304.5,0.0,0.0,46.06157714414831,16.001590024520546,25840.0,0,0,0,35,SALT LAKE
1094,350189,763.25,1122.8755322016132,0.6797280536547998,172.25,97.0,5.5,69.75,270.7060432140425,15.0,82.0,0.0,5.5,15.0,1.25,4.25,49.25,0.0,0.0,43.20046488704854,55.25557832699394,56384.0,0,0,0,35,SALT LAKE
1095,350190,303.0,525.322026793914,0.5767890637467371,1095.75,135.25,35.5,925.0,1177.133377637305,95.25,40.0,4.0,31.5,178.25,67.5,43.25,636.0,0.0,0.0,59.38119135358962,22.00218628371575,56384.0,0,0,0,35,SALT LAKE
1096,350191,479.25,860.9770795270942,0.5566350271057574,913.75,127.0,30.25,756.5,1001.6461498865044,59.75,67.25,0.0,30.25,246.25,57.0,74.0,379.25,0.0,0.0,53.14257234326684,34.75357754323763,25840.0,0,75,73,35,SALT LAKE
1097,350192,545.75,802.0772213035544,0.6804207693531484,861.5,71.75,6.75,783.0,956.2910737425676,40.75,31.0,0.0,6.75,78.25,30.75,519.5,154.5,0.0,3.592886870820988,51.44423830753061,39.753948564216046,60033.0,0,0,0,35,SALT LAKE
1098,350193,625.25,1073.080662688942,0.5826682203304633,213.0,23.75,4.0,185.25,289.39527933958345,6.5,17.25,0.0,4.0,22.0,7.25,90.0,66.0,0.0,0.0,31.140780898534096,45.25449844104936,41753.0,0,0,0,35,SALT LAKE
1099,350194,615.75,922.02565476463,0.6678230663301723,330.25,49.25,8.75,272.25,410.08542969569936,41.5,7.75,3.0,5.75,48.5,21.75,112.25,89.75,0.0,0.0,34.83095775173528,45.00447194396404,47503.0,0,0,0,35,SALT LAKE
1100,350195,475.75,932.082764331799,0.5104160469495008,137.75,19.25,8.0,110.5,197.1806484131736,12.75,6.5,0.0,8.0,27.0,15.0,12.0,56.5,0.0,0.0,24.427170234534863,35.0034781786387,40464.0,0,0,0,35,SALT LAKE
1101,350196,302.5,699.9581455267048,0.4321686974188645,375.75,341.75,0.0,34.0,425.0473684540162,107.5,234.25,0.0,0.0,5.5,0.0,18.25,10.25,0.0,0.0,27.04515567321509,22.252212780801077,30252.0,0,0,0,35,SALT LAKE
1102,350197,372.0,842.9974431049428,0.44128247723960246,7524.75,77.5,510.75,6936.5,7840.428027047603,27.25,50.25,445.5,65.25,1581.75,229.75,4784.0,341.0,0.0,0.0,288.67534388122453,27.002683166378425,31535.0,0,0,0,35,SALT LAKE
1103,350198,0.0,0.0,0.0,0.0,0.0,0.0,0.0,0.0,0.0,0.0,0.0,0.0,0.0,0.0,0.0,0.0,0.0,0.0,0.0,0.0,45129.0,0,0,0,35,SALT LAKE
1104,350199,0.0,0.0,0.0,363.25,29.25,152.0,182.0,376.5282710289272,23.5,5.75,0.0,152.0,13.75,43.5,0.0,124.75,0.0,0.0,13.278271028927152,0.0,69745.0,0,0,0,35,SALT LAKE
1105,350200,0.0,0.0,0.0,3487.75,10.0,1632.0,1845.75,3615.24730331238,8.25,1.75,282.25,1349.75,1784.75,13.75,0.0,47.25,0.0,0.0,127.49730331237971,0.0,69745.0,0,0,0,35,SALT LAKE
1106,350201,0.0,0.0,0.0,1566.0,89.5,1459.75,16.75,1623.2465353236723,89.25,0.25,438.25,1021.5,13.5,0.25,0.75,2.25,0.0,0.0,57.24653532367233,0.0,69745.0,0,0,0,35,SALT LAKE
1107,350202,0.0,0.0,0.0,813.25,8.25,668.75,136.25,842.9790561228376,7.0,1.25,304.75,364.0,6.75,8.75,0.0,120.75,0.0,0.0,29.729056122837576,0.0,69745.0,0,0,0,35,SALT LAKE
1108,350203,704.0,1236.4227311600575,0.5693845496834898,37.5,7.75,0.0,29.75,117.61031502584396,0.0,7.75,0.0,0.0,0.75,0.5,1.0,27.5,0.0,0.0,29.105246822684737,51.00506820315924,38757.0,0,0,0,35,SALT LAKE
1109,350204,339.0,1062.2872396654243,0.31912272626636345,12.75,0.25,0.0,12.5,51.86100312177214,0.25,0.0,0.0,0.0,1.0,1.25,0.0,10.25,0.0,0.0,14.108518708458792,25.002484413313358,54400.0,0,0,0,35,SALT LAKE
1110,350205,239.0,447.0814403063628,0.534578218760826,295.75,32.0,10.0,253.75,333.0515239326966,22.5,9.5,0.0,10.0,40.25,52.75,80.0,80.75,0.0,0.0,20.04980803455822,17.251715898138404,37920.0,0,0,0,35,SALT LAKE
1111,350206,249.75,481.6351235680412,0.5185460689615123,227.25,7.5,0.75,219.0,268.1899863144364,6.0,1.5,0.0,0.75,4.5,203.75,0.0,10.75,0.0,0.0,22.938197536850765,18.001788777585617,32294.0,0,0,0,35,SALT LAKE
1112,350207,119.0,226.12210387842805,0.5262643410746743,211.25,28.75,5.5,177.0,236.57180576924296,22.0,6.75,4.0,1.5,11.75,9.25,93.0,63.0,0.0,0.0,16.320911380450184,9.000894388792808,32294.0,0,0,0,35,SALT LAKE
1113,350208,86.75,164.54114275048516,0.5272237602697956,18.5,4.5,0.25,13.75,30.34619784188664,3.25,1.25,0.0,0.25,2.5,2.5,0.0,8.75,0.0,0.0,5.845601582691439,6.000596259195206,34270.0,0,0,0,35,SALT LAKE
1114,350209,1070.5,2034.8105533053745,0.5260932022694029,792.5,59.25,182.25,551.0,943.6436941416732,45.5,13.75,60.25,122.0,311.5,51.25,0.0,188.25,0.0,0.0,73.38574406681121,77.75795007486194,50921.0,0,0,0,35,SALT LAKE
1115,350210,376.75,969.952234835481,0.3884211886618341,399.75,24.0,255.25,120.5,697.6184898329084,13.5,10.5,138.75,116.5,35.0,9.5,0.0,76.0,0.0,0.0,270.86572717105963,27.00276266184869,50921.0,0,0,0,35,SALT LAKE
1116,350211,391.0,707.9076298161981,0.552331947745103,232.75,10.75,29.75,192.25,291.07506043644497,8.25,2.5,6.0,23.75,15.0,22.75,131.25,23.25,0.0,0.0,30.072489882859507,28.25257055358548,50921.0,0,0,0,35,SALT LAKE
1117,350212,105.75,195.2242634515159,0.5416847175159818,160.5,23.25,8.0,129.25,188.2162016200301,15.25,8.0,0.0,8.0,30.5,7.0,0.0,91.75,0.0,0.0,20.21518139131627,7.501020228713815,50921.0,0,0,0,35,SALT LAKE
1118,350213,697.5,1231.408543865008,0.5664245253738168,60.5,6.5,23.75,30.25,138.9621384687072,5.75,0.75,4.0,19.75,5.0,3.75,0.0,21.5,0.0,0.0,27.70710338778225,50.75503508092495,50921.0,0,0,0,35,SALT LAKE
1119,350214,0.0,0.0,0.0,333.0,56.0,113.5,163.5,345.1721876697826,50.0,6.0,83.0,30.5,38.25,24.25,0.0,101.0,0.0,0.0,12.172187669782629,0.0,50921.0,0,0,0,35,SALT LAKE
1120,350215,225.75,409.60018778159616,0.5511472082634217,325.25,57.75,43.25,224.25,382.1124982163317,42.5,15.25,28.0,15.25,76.75,24.0,0.0,123.5,0.0,0.0,40.61074920789264,16.2517490084391,50921.0,0,0,0,35,SALT LAKE
1121,350216,457.25,831.5390599334376,0.5498839706178104,147.5,66.5,4.0,77.0,202.6408164703079,19.25,47.25,0.0,4.0,11.25,3.75,0.0,62.0,0.0,0.0,22.13755026835176,33.00326620195614,50921.0,0,0,0,35,SALT LAKE
1122,350217,686.0,1114.917299213677,0.6152922736814815,44.5,19.0,7.0,18.5,132.9600217419939,9.0,10.0,2.5,4.5,1.25,0.75,0.0,16.5,0.0,0.0,38.70541730348375,49.75460443851014,50921.0,0,0,0,35,SALT LAKE
1123,350218,0.0,0.0,0.0,609.75,145.75,68.25,395.75,632.0384080038386,119.5,26.25,16.25,52.0,45.25,115.5,75.0,160.0,0.0,0.0,22.28840800383868,0.0,50921.0,0,0,0,35,SALT LAKE
1124,350219,309.5,520.129132171624,0.5950445396276632,688.5,63.0,42.25,583.25,756.7232637652158,36.75,26.25,0.0,42.25,172.5,27.25,41.5,342.0,0.0,0.0,45.72095162051964,22.50231214469628,50921.0,0,0,0,35,SALT LAKE
1125,350220,270.75,453.9617419800607,0.5964158979984973,258.25,47.75,21.75,188.75,299.1028919222459,19.75,28.0,0.0,21.75,29.0,6.75,0.0,153.0,0.0,0.0,21.35099051502211,19.50190140722377,50921.0,0,0,0,35,SALT LAKE
1126,350221,285.5,507.8228896672649,0.5622038821193447,668.75,148.5,11.25,509.0,724.390086612736,64.25,84.25,0.0,11.25,166.75,12.25,0.0,330.0,0.0,0.0,34.888012965680424,20.752073647055617,50921.0,0,0,0,35,SALT LAKE
1127,350222,258.75,443.2371949651697,0.5837732097829312,1079.0,336.25,12.75,730.0,1146.9545237199925,139.25,197.0,0.0,12.75,141.75,24.0,2.25,562.0,0.0,0.0,48.95263556587439,19.00188815411815,50921.0,0,0,0,35,SALT LAKE
1128,350223,692.25,1211.9186713932218,0.5712016955759823,85.75,27.75,1.0,57.0,166.45484114598258,25.5,2.25,0.0,1.0,21.0,1.5,0.0,34.5,0.0,0.0,30.449885563335584,50.25495558264701,50921.0,0,0,0,35,SALT LAKE
1129,350224,106.25,193.61003036652824,0.548783551135524,221.5,50.25,3.0,168.25,243.27756481324664,38.0,12.25,0.0,3.0,27.0,6.0,0.0,135.25,0.0,0.0,14.02688896660455,7.75067584664209,50921.0,0,0,0,35,SALT LAKE
1130,350225,337.25,540.6633293204411,0.6237708046963144,1351.5,341.0,22.25,988.25,1512.7380612129373,182.5,158.5,0.0,22.25,174.5,27.25,0.0,786.5,0.0,0.0,136.7362458617468,24.501815351190555,50921.0,0,0,0,35,SALT LAKE
1131,350226,272.75,478.25637335075294,0.5703008160436271,1731.25,351.25,38.25,1341.75,1824.2617543071976,196.75,154.5,0.0,38.25,273.5,65.75,174.5,828.0,0.0,0.0,73.25878633030877,19.75296797688892,50921.0,0,0,0,35,SALT LAKE
1132,350227,1175.5,2058.6150393987296,0.5710149675887602,432.75,74.5,26.0,332.25,675.4717201002528,53.75,20.75,7.0,19.0,113.25,16.0,0.0,203.0,0.0,0.0,157.21339899107863,85.50832110917415,50921.0,0,0,0,35,SALT LAKE
1133,350228,0.0,0.0,0.0,984.25,87.0,95.25,802.0,1020.2301438423808,46.25,40.75,0.0,95.25,272.5,42.0,0.0,487.5,0.0,0.0,35.98014384238079,0.0,50921.0,0,0,0,35,SALT LAKE
1134,350229,0.0,0.0,0.0,255.5,219.25,0.75,35.5,264.8395495460616,11.75,207.5,0.0,0.75,6.25,2.75,0.0,26.5,0.0,0.0,9.339549546061551,0.0,50921.0,0,0,0,35,SALT LAKE
1135,350230,0.0,0.0,0.0,0.0,0.0,0.0,0.0,0.0,0.0,0.0,0.0,0.0,0.0,0.0,0.0,0.0,0.0,0.0,0.0,0.0,50921.0,0,0,0,35,SALT LAKE
1136,350231,963.5,1667.222658785636,0.5779072128864837,364.75,112.75,7.5,244.5,562.0101236092653,53.75,59.0,3.0,4.5,70.0,21.0,14.5,139.0,0.0,0.0,127.25289566651266,70.0072279427526,50921.0,0,0,0,35,SALT LAKE
1137,350232,616.25,980.55336837832,0.6284716567943466,339.25,119.5,8.5,211.25,425.68359294222535,99.5,20.0,0.0,8.5,34.0,14.25,0.0,163.0,0.0,0.0,41.67981662206832,44.75377632015706,50921.0,0,0,0,35,SALT LAKE
1138,350233,0.0,0.0,0.0,633.5,596.75,0.0,36.75,656.6585503165891,9.5,587.25,0.0,0.0,6.25,1.25,0.0,29.25,0.0,0.0,23.158550316589064,0.0,50921.0,0,0,0,35,SALT LAKE
1139,350234,0.0,0.0,0.0,2914.0,244.0,94.5,2575.5,3020.525827111144,166.75,77.25,0.0,94.5,735.5,576.25,231.5,1032.25,0.0,0.0,106.52582711114384,0.0,50921.0,0,0,0,35,SALT LAKE
1140,350235,329.75,534.2182658392509,0.6172570671689155,1127.5,224.5,67.0,836.0,1207.0288196542704,157.75,66.75,32.5,34.5,183.5,156.75,32.0,463.75,0.0,0.0,55.526421350339945,24.0023983039304,22976.0,0,408,0,35,SALT LAKE
1141,350236,0.0,0.0,0.0,1170.25,226.5,44.25,899.5,1213.0309650190663,147.75,78.75,0.0,44.25,233.5,108.75,41.0,516.25,0.0,0.0,42.78096501906643,0.0,22976.0,0,0,0,35,SALT LAKE
1142,350237,0.0,0.0,0.0,522.75,221.75,8.5,292.5,541.8594515608577,203.5,18.25,0.0,8.5,58.5,10.0,0.0,224.0,0.0,0.0,19.10945156085771,0.0,22976.0,0,0,0,35,SALT LAKE
1143,350238,0.0,0.0,0.0,599.25,23.0,10.25,566.0,621.1555384997182,19.0,4.0,0.75,9.5,19.0,504.5,9.0,33.5,0.0,0.0,21.905538499718197,0.0,50921.0,0,0,0,35,SALT LAKE
1144,350239,180.25,298.8494572123684,0.6031464861316804,220.75,44.25,33.75,142.75,248.40706126727943,34.75,9.5,0.0,33.75,36.0,16.5,0.0,90.25,0.0,0.0,14.65576937235647,13.001291894922945,33167.0,0,0,0,35,SALT LAKE
1145,350240,379.25,624.73986254709,0.6070526674154939,642.75,49.5,22.5,570.75,707.6128809071196,37.5,12.0,0.0,22.5,93.75,176.5,66.0,234.5,0.0,0.0,37.36015798352823,27.502722923591342,22976.0,0,0,0,35,SALT LAKE
1146,350241,479.5,665.0528937997776,0.7209952839395649,450.5,16.25,4.0,430.25,519.2605705772164,8.0,8.25,0.0,4.0,19.75,365.75,10.25,34.5,0.0,0.0,34.007185137324,34.75338543989247,22976.0,0,0,0,35,SALT LAKE
1147,350242,0.0,0.0,0.0,300.5,1.75,0.25,298.5,311.48516004630784,0.5,1.25,0.0,0.25,227.5,0.5,0.25,70.25,0.0,0.0,10.985160046307817,0.0,22976.0,0,0,0,35,SALT LAKE
1148,350243,478.25,853.6038659147835,0.5602715956393576,54.0,10.75,3.75,39.5,108.46108551934134,4.0,6.75,0.0,3.75,8.25,3.25,0.0,28.0,0.0,0.0,19.45760734070264,35.0034781786387,40130.0,0,0,0,35,SALT LAKE
1149,350244,95.0,166.628145232796,0.5701317737605229,1.0,0.0,0.0,1.0,11.51009683302848,0.0,0.0,0.0,0.0,1.0,0.0,0.0,0.0,0.0,0.0,3.509401197300741,7.000695635727739,40130.0,0,0,0,35,SALT LAKE
1150,350245,401.0,523.426062268152,0.766106292572354,77.5,2.25,3.5,71.75,125.9833331159826,1.75,0.5,0.0,3.5,48.0,4.25,0.0,19.5,0.0,0.0,19.4804511965391,29.002881919443496,22976.0,0,0,0,35,SALT LAKE
1151,350246,506.25,667.3574323764655,0.7585889891077402,984.0,23.0,232.0,729.0,1075.236504134674,15.25,7.75,1.0,231.0,65.0,474.25,7.0,182.75,0.0,0.0,54.482853700055344,36.75365043461844,22976.0,0,0,0,35,SALT LAKE
1152,350247,310.5,455.2431583819408,0.6820530836830195,63.75,32.0,0.0,31.75,101.18307372753584,10.75,21.25,0.0,0.0,3.0,2.5,6.0,20.25,0.0,0.0,14.68076819815886,22.75230552937696,28852.0,0,0,0,35,SALT LAKE
1153,350248,432.5,689.2534907030259,0.627490474598624,232.25,69.5,4.5,158.25,289.55392398723814,55.25,14.25,0.0,4.5,31.0,18.25,0.0,109.0,0.0,0.0,25.80075056615366,31.503173421084448,46301.0,0,0,0,35,SALT LAKE
1154,350249,246.0,411.9974749962362,0.5970910380027143,29.5,3.0,0.0,26.5,59.325099805395695,2.25,0.75,0.0,0.0,6.0,1.25,0.0,19.25,0.0,0.0,11.823311027810078,18.001788777585617,46301.0,0,0,0,35,SALT LAKE
1155,350250,413.75,686.8690770460144,0.602370981351199,236.5,15.0,1.25,220.25,299.04535532165505,9.25,5.75,0.0,1.25,32.0,8.5,3.25,176.5,0.0,0.0,32.29236076555146,30.252994556103623,46301.0,0,0,0,35,SALT LAKE
1156,350251,531.0,809.0077302162393,0.6563596121115792,68.25,66.0,0.0,2.25,129.40948114548587,3.5,62.5,0.0,0.0,0.5,0.5,0.0,1.25,0.0,0.0,22.15560546071706,39.00387568476883,43390.0,0,0,0,35,SALT LAKE
1157,350252,326.75,555.8731543427882,0.5878139597986491,1233.25,639.0,16.75,577.5,1324.2853241376097,388.0,251.0,0.0,16.75,150.5,39.5,14.25,373.25,0.0,0.0,67.28296559791411,23.7523585396955,46301.0,0,0,0,35,SALT LAKE
1158,350253,95.75,160.57625466668526,0.5962899072391009,1602.5,775.25,47.5,779.75,1681.078425296968,612.0,163.25,0.0,47.5,204.5,52.75,0.0,522.5,0.0,0.0,71.57780915671032,7.000616140257474,46301.0,0,0,0,35,SALT LAKE
1159,350254,636.0,1071.9283223240827,0.5933232537610982,763.75,282.75,44.0,437.0,861.9175547073926,179.25,103.5,37.0,7.0,104.75,40.0,81.0,211.25,0.0,0.0,51.91295688981076,46.254597817581896,47798.0,0,0,0,35,SALT LAKE
1160,350255,566.5,982.873074410178,0.5763714713010697,779.25,29.0,0.0,750.25,869.4490139317484,9.0,20.0,0.0,0.0,16.5,2.25,692.0,39.5,0.0,0.0,49.19493949391449,41.00407443783391,34196.0,0,0,0,35,SALT LAKE
1161,350256,512.5,877.8620198014683,0.583804730629426,690.0,327.75,9.75,352.5,777.9617705714483,154.25,173.5,0.0,9.75,14.5,51.5,180.0,106.5,0.0,0.0,50.70806051751015,37.25371005393806,34196.0,188,0,0,35,SALT LAKE
1162,350257,444.75,879.6146387718505,0.5056191431977256,484.75,228.5,9.25,247.0,557.2339533156319,83.5,145.0,5.5,3.75,20.75,179.0,2.0,45.25,0.0,0.0,40.23074014435649,32.25321317127539,59246.0,0,0,0,35,SALT LAKE
1163,350258,657.0,1244.470028097576,0.5279355751173512,10.75,0.25,0.0,10.5,83.16490650897697,0.25,0.0,0.0,0.0,0.0,0.0,0.5,10.0,0.0,0.0,24.410136435415325,48.004770073561644,35273.0,0,0,0,35,SALT LAKE
1164,350259,444.0,829.7652253809572,0.5350911154370842,26.25,20.5,2.0,3.75,77.2408433107465,1.0,19.5,2.0,0.0,0.0,0.25,0.0,3.5,0.0,1.796443435410494,17.19121982629492,32.00318004904109,39092.0,0,0,0,35,SALT LAKE
1165,350260,403.0,802.5812792935153,0.5021298283393142,269.75,9.25,1.5,259.0,323.3456581288036,9.25,0.0,0.0,1.5,11.0,230.5,1.0,16.5,0.0,0.0,24.592776209360068,29.002881919443496,61652.0,0,0,1956,35,SALT LAKE
1166,350261,221.0,538.9657259821756,0.4100446268587194,622.25,17.25,7.5,597.5,669.0771121933714,13.5,3.75,0.0,7.5,12.25,533.75,3.0,48.5,0.0,0.0,30.82552216885089,16.001590024520546,27416.0,0,0,0,35,SALT LAKE
1167,350262,0.0,0.0,0.0,3587.75,5.0,1.25,3581.5,3718.904651663172,2.75,2.25,0.0,1.25,98.5,553.0,2804.0,126.0,0.0,0.0,131.1546516631716,0.0,25693.0,0,0,0,35,SALT LAKE
1168,350263,633.25,1518.916872438233,0.41690892470203383,0.0,0.0,0.0,0.0,69.15374868399769,0.0,0.0,0.0,0.0,0.0,0.0,0.0,0.0,0.0,0.0,23.14917736350112,46.004571320496574,25693.0,0,0,0,35,SALT LAKE
1169,350264,0.0,0.0,0.0,260.25,7.25,2.75,250.25,270.7751650597633,4.75,2.5,0.0,2.75,19.25,32.75,0.0,198.25,1.0111300661356883,0.0,9.514034993627597,0.0,31535.0,0,0,0,35,SALT LAKE
1170,350265,0.0,0.0,0.0,71.75,8.0,6.75,57.0,74.37302147702634,5.75,2.25,0.5,6.25,11.25,23.5,0.0,22.25,0.0,0.0,2.623021477026348,0.0,45129.0,0,0,0,35,SALT LAKE
1171,350266,0.0,0.0,0.0,742.75,75.5,341.5,325.75,769.9012303052152,62.75,12.75,181.75,159.75,57.25,62.0,0.0,206.5,0.0,0.0,27.15123030521521,0.0,45129.0,0,0,0,35,SALT LAKE
1172,350267,0.0,0.0,0.0,0.0,0.0,0.0,0.0,0.0,0.0,0.0,0.0,0.0,0.0,0.0,0.0,0.0,0.0,0.0,0.0,0.0,69745.0,0,0,0,35,SALT LAKE
1173,350268,0.0,0.0,0.0,1828.0,132.75,1433.5,261.75,1894.8243092544544,131.0,1.75,542.5,891.0,66.0,9.0,67.75,119.0,0.0,0.0,66.82430925445433,0.0,69745.0,0,0,0,35,SALT LAKE
1174,350269,0.0,0.0,0.0,2341.75,49.25,1617.75,674.75,2427.355421841599,39.75,9.5,700.75,917.0,251.0,49.0,4.5,370.25,0.0,0.0,85.60542184159884,0.0,69745.0,0,0,0,35,SALT LAKE
1175,350270,0.0,0.0,0.0,1336.75,101.25,744.75,490.75,1385.6161000581387,77.75,23.5,284.0,460.75,115.25,91.0,0.0,284.5,0.0,0.0,48.86610005813865,0.0,69745.0,0,0,0,35,SALT LAKE
1176,350271,0.0,0.0,0.0,424.0,64.75,351.5,7.75,439.4997348534855,64.5,0.25,346.75,4.75,0.5,0.5,0.0,6.75,0.0,0.0,15.499734853485526,0.0,69745.0,0,0,0,35,SALT LAKE
1177,350272,83.0,235.18148432452125,0.3529189393390778,1505.5,202.0,406.0,897.5,1569.5665499869235,120.5,81.5,86.5,319.5,124.75,177.5,9.0,586.25,0.0,0.0,58.06595372772833,6.000596259195206,69745.0,574,129,0,35,SALT LAKE
1178,350273,467.5,1333.1942228497594,0.3506615855270501,472.5,51.0,69.75,351.75,542.3760164087446,31.0,20.0,25.5,44.25,111.0,97.25,2.0,141.5,0.0,0.0,35.6226574757671,34.25335893297749,47029.0,391,84,0,35,SALT LAKE
1179,350274,402.5,1151.293275390581,0.34960683659291786,93.25,18.0,27.0,48.25,143.36706946355525,14.75,3.25,0.0,27.0,9.25,11.0,1.0,27.0,0.0,0.0,21.11418754411175,29.002881919443496,44639.0,0,0,0,35,SALT LAKE
1180,350275,518.25,1452.8041960635844,0.3567239146226405,0.0,0.0,0.0,0.0,62.94985683210626,0.0,0.0,0.0,0.0,0.0,0.0,0.0,0.0,0.0,0.0,25.19605402959232,37.753802802513945,59421.0,0,0,0,35,SALT LAKE
1181,350276,175.75,554.5037452642737,0.31695006841881374,92.0,0.25,0.0,91.75,116.03896348644942,0.25,0.0,0.0,0.0,0.0,91.75,0.0,0.0,0.0,0.0,11.037671591526482,13.001291894922945,56172.0,284,0,0,35,SALT LAKE
1182,350277,74.0,232.1311345615221,0.3187853285591367,153.75,87.75,10.75,55.25,169.57451048934377,85.75,2.0,10.5,0.25,8.5,6.25,0.0,40.5,0.0,0.0,10.573953980339487,5.250556509004264,34780.0,0,0,0,35,SALT LAKE
1183,350278,129.75,401.3820844436712,0.32325807510775617,235.75,4.75,138.5,92.5,258.3616129376328,3.5,1.25,115.75,22.75,73.5,3.5,0.0,15.5,0.0,0.0,13.360738417968651,9.250874519664135,48701.0,0,0,0,35,SALT LAKE
1184,350279,89.5,167.92881189669424,0.5329639326874904,221.0,49.75,52.75,118.5,239.60086016248735,25.0,24.75,41.25,11.5,26.75,27.0,0.0,64.75,0.0,0.0,12.10017777986524,6.500682382622118,32294.0,0,0,0,35,SALT LAKE
1185,350280,0.0,0.0,0.0,457.75,5.0,430.75,22.0,474.4824392400339,4.75,0.25,302.0,128.75,1.0,3.25,0.0,17.75,0.0,0.0,16.73243924003392,0.0,48701.0,0,0,0,35,SALT LAKE
1186,350281,313.5,641.4543052044623,0.4887331762471724,726.0,198.5,52.75,474.75,813.2218532688215,167.25,31.25,36.25,16.5,144.75,35.0,0.0,295.0,0.0,0.0,64.46987897513493,22.751974293686544,19046.0,0,0,0,35,SALT LAKE
1187,350282,5.0,12.437828733252092,0.401999425079128,779.75,102.75,113.5,563.5,836.6664212078733,81.25,21.5,89.5,24.0,159.25,100.5,0.0,303.75,0.0,0.0,56.66638808563899,0.2500331222342934,48701.0,0,0,0,35,SALT LAKE
1188,350283,511.25,1197.9792877118389,0.4267602998182851,1018.0,244.0,28.5,745.5,1150.9103706450526,183.25,60.75,10.75,17.75,169.25,70.5,26.0,479.75,0.0,0.0,95.65672681943506,37.253643825617374,19046.0,0,0,0,35,SALT LAKE
1189,350284,356.4999506326063,824.7393780323077,0.43225770483174514,577.4999200289766,73.49998982186975,28.749996018758573,475.2499341883483,677.6183428273632,54.24999248757052,19.24999733429922,1.499999792283056,27.249996226475517,129.74998203248435,25.249996503431444,0.0,320.24995565243245,0.0,7.185772747917237,67.18018242762618,25.75246762284322,19046.0,0,0,0,35,SALT LAKE
1190,350285,829.2500024356867,1532.9849454452794,0.5409381252565517,141.25000041488184,76.50000022469706,8.50000002496634,56.250000165218424,245.23132242333338,7.250000021294819,69.25000020340224,7.000000020560515,1.5000000044058246,12.250000035980902,4.25000001248317,0.0,39.75000011675436,0.0,0.0,43.725379108643466,60.255942899808126,19046.0,0,0,0,35,SALT LAKE
1191,350286,414.49996920552366,828.1135328442623,0.500535195677663,200.49998510424004,26.749998012660456,2.499999814267332,171.24998727731224,269.76333001844023,20.24999849556539,6.4999995170950635,0.0,2.499999814267332,43.74999674967831,14.999998885603993,41.249996935410984,71.24999470661896,0.0,0.0,39.01030623947376,30.25303867472642,19046.0,0,0,0,35,SALT LAKE
1192,350287,468.75,858.1308349043306,0.5462453753363367,933.5,137.25,76.75,719.5,1032.5155303095312,102.5,34.75,0.0,76.75,136.5,335.25,5.25,242.5,0.0,0.0,65.01228401110981,34.0032462984213,19046.0,0,0,258,35,SALT LAKE
1193,350288,532.0,952.62776922412,0.5584552720243441,644.5,224.0,28.75,391.75,797.5484892853483,175.5,48.5,22.25,6.5,70.0,31.25,4.25,286.25,0.0,0.0,114.54468647019696,38.50380281515128,19046.0,0,0,0,35,SALT LAKE
1194,350289,787.25,1571.1096281126097,0.5010789736841799,669.75,200.0,5.75,464.0,827.223372151813,137.0,63.0,0.5,5.25,77.0,94.0,18.0,275.0,0.0,0.0,99.96744933813338,57.50592281367962,70218.0,404,0,0,35,SALT LAKE
1195,350290,682.0,1277.5491022663723,0.5338346673252182,346.25,95.5,2.75,248.0,438.5942013802479,24.75,70.75,0.0,2.75,17.75,5.0,99.5,125.75,0.0,0.0,42.58926567585545,49.75493570439242,76177.0,0,0,0,35,SALT LAKE
1196,350291,0.0,0.0,0.0,75.0,0.0,0.0,75.0,77.7417196853912,0.0,0.0,0.0,0.0,0.0,44.0,0.0,31.0,0.0,0.0,2.7417196853912045,0.0,76177.0,0,0,0,35,SALT LAKE
1197,350292,688.75,1368.0381043878149,0.5034581988549286,263.5,137.75,4.25,121.5,348.3163350912312,23.75,114.0,1.0,3.25,17.5,5.5,2.0,96.5,0.0,0.0,34.81136626460448,50.00496882662671,68454.0,0,0,0,35,SALT LAKE
1198,350293,623.5,1389.0845419702148,0.448856769448788,218.0,87.0,4.75,126.25,297.5162823074472,66.75,20.25,1.0,3.75,12.0,9.5,34.0,70.75,0.0,0.0,34.26178386639789,45.25449844104936,79868.0,0,0,0,35,SALT LAKE
1199,350294,229.5,506.4457335948131,0.45315812687566986,9.0,4.5,0.0,4.5,34.719446728046165,4.5,0.0,0.0,0.0,0.0,0.0,0.0,4.5,0.0,0.0,8.71775732699309,17.00168940105308,126214.0,0,0,0,35,SALT LAKE
1200,350295,325.5,784.8067295340387,0.41475179525188105,6.75,2.25,0.0,4.5,51.39813393664427,2.25,0.0,0.0,0.0,0.0,0.0,0.0,4.5,0.0,0.0,20.89572903073478,23.752404905909493,124089.0,0,0,0,35,SALT LAKE
1201,350296,310.0,663.2476180887268,0.467397079982471,51.25,2.5,0.0,48.75,87.20759509920174,0.0,2.5,0.0,0.0,0.0,48.75,0.0,0.0,0.0,0.0,13.205289569824773,22.75230552937696,117066.0,470,0,0,35,SALT LAKE
1202,350297,144.25,308.33412160103785,0.467836641792922,0.0,0.0,0.0,0.0,15.52409876608288,0.0,0.0,0.0,0.0,0.0,0.0,0.0,0.0,0.0,0.0,5.27312486988621,10.250973896196667,117066.0,0,0,0,35,SALT LAKE
1203,350298,522.0,1314.7896791852652,0.3970216744654304,59.5,57.75,0.0,1.75,118.76165088996808,0.75,57.0,0.0,0.0,0.25,0.25,0.0,1.25,0.0,0.0,21.25787458173177,38.0037763082363,114574.0,0,0,0,35,SALT LAKE
1204,350299,585.75,1096.28153822568,0.5343061791846191,191.75,27.25,22.5,142.0,265.677222384614,19.25,8.0,0.0,22.5,31.5,54.25,5.0,51.25,0.0,0.0,31.172982315949287,42.75424006866468,85173.0,485,0,0,35,SALT LAKE
1205,350300,218.75,539.0532384956654,0.4058040734723441,426.75,156.5,1.0,269.25,470.34743454087567,1.75,154.75,0.0,1.0,2.0,15.25,1.0,251.0,0.0,0.0,27.84587101344044,15.751563527435229,142362.0,0,0,0,35,SALT LAKE
1206,350301,929.0,2042.093104020188,0.4549253891368196,0.0,0.0,0.0,0.0,103.7166245245514,0.0,0.0,0.0,0.0,0.0,0.0,0.0,0.0,0.0,0.0,36.20992653965868,67.50669798489272,143431.0,0,0,0,35,SALT LAKE
1207,350302,0.0,0.0,0.0,574.0,68.25,131.0,374.75,673.7241375042524,43.75,24.5,12.25,118.75,65.0,65.75,0.0,244.0,0.0,0.0,99.7241375042525,0.0,45129.0,0,0,0,35,SALT LAKE
1208,350303,0.0,0.0,0.0,0.0,0.0,0.0,0.0,0.0,0.0,0.0,0.0,0.0,0.0,0.0,0.0,0.0,0.0,0.0,0.0,0.0,45129.0,0,0,0,35,SALT LAKE
1209,350304,0.0,0.0,0.0,42.0,4.75,2.25,35.0,43.53574670082207,3.0,1.75,0.0,2.25,6.25,17.25,0.0,11.5,0.0,0.0,1.535746700822065,0.0,45129.0,0,0,0,35,SALT LAKE
1210,350305,0.0,0.0,0.0,671.0,59.75,224.25,387.0,695.5255327683644,48.0,11.75,0.0,224.25,27.25,62.0,0.0,297.75,0.0,0.0,24.52553276836445,0.0,45129.0,0,0,0,35,SALT LAKE
1211,350306,0.0,0.0,0.0,6072.5,496.25,4615.25,961.0,6294.480193666442,476.75,19.5,1551.5,3063.75,284.0,131.75,0.0,545.25,0.0,0.0,221.98019366644155,0.0,69745.0,0,0,0,35,SALT LAKE
1212,350307,0.0,0.0,0.0,5902.5,343.25,3599.25,1960.0,6118.263675435278,294.75,48.5,819.75,2779.5,425.5,210.75,105.0,1218.75,0.0,0.0,215.76367543527823,0.0,69745.0,0,0,0,35,SALT LAKE
1213,350308,0.0,0.0,0.0,11237.25,1379.25,3613.5,6244.5,11648.034345280106,671.0,708.25,1778.5,1835.0,950.0,934.0,192.25,4168.25,0.0,0.0,410.7843452801064,0.0,69745.0,0,0,0,35,SALT LAKE
1214,350309,0.0,0.0,0.0,2911.5,110.5,2117.75,683.25,3017.932310998614,93.5,17.0,1278.25,839.5,78.0,327.25,27.5,250.5,0.0,0.0,106.4323109986138,0.0,69745.0,0,0,0,35,SALT LAKE
1215,350310,0.0,0.0,0.0,1078.5,57.0,752.0,269.5,2043.0925801044611,50.75,6.25,393.25,358.75,17.75,22.75,0.0,229.0,0.0,925.1683693239312,39.42421078053041,0.0,69745.0,0,0,0,35,SALT LAKE
1216,350311,65.0,188.27550406176303,0.3452387517107749,2457.75,316.5,1321.0,820.25,2554.9702466960603,288.0,28.5,925.25,395.75,251.75,117.5,36.0,415.0,0.0,0.0,92.21974981339778,5.000496882662671,69745.0,0,0,0,35,SALT LAKE
1217,350312,286.25,964.2651348085012,0.2968581873043123,2073.75,305.75,149.5,1618.5,2237.66029149632,178.25,127.5,13.0,136.5,346.25,284.75,247.5,740.0,0.0,5.38933030757805,137.7688742745363,20.7520869142052,64668.0,0,0,0,35,SALT LAKE
1218,350313,287.75,1044.618822813986,0.27545932900659525,168.5,2.25,0.0,166.25,216.92901354115912,1.5,0.75,0.0,0.0,2.5,153.5,0.0,10.25,0.0,0.0,27.42689350471964,21.00212003643949,66746.0,570,820,0,35,SALT LAKE
1219,350314,346.75,1283.2182793661923,0.270219030990789,56.5,17.0,2.25,37.25,96.9938424775756,14.5,2.5,0.0,2.25,17.5,8.0,0.0,11.75,0.0,0.0,15.491358064262249,25.002484413313358,72182.0,0,0,0,35,SALT LAKE
1220,350315,269.75,791.972744622305,0.3406051557098027,89.75,41.0,0.0,48.75,135.8920789079305,17.25,23.75,0.0,0.0,11.5,17.0,0.0,20.25,0.0,0.0,26.640157621748425,19.501921286182096,37499.0,0,0,0,35,SALT LAKE
1221,350316,65.25,179.17388036489257,0.36417138406064864,6.5,2.0,0.0,4.5,17.624192095236868,1.5,0.5,0.0,0.0,0.0,0.25,0.0,4.25,0.0,0.0,6.123695212574197,5.000496882662671,59421.0,0,0,0,35,SALT LAKE
1222,350317,22.25,63.69536888064144,0.349318959777032,1233.25,104.5,278.75,850.0,1324.898475157913,76.5,28.0,136.0,142.75,90.75,240.0,74.0,445.25,0.0,0.0,89.6482764048481,2.0001987530650687,37499.0,279,0,0,35,SALT LAKE
1223,350318,212.75,659.3038568007885,0.3226888449164394,92.25,4.0,2.75,85.5,123.40196339977948,3.25,0.75,0.0,2.75,59.25,7.25,1.0,18.0,0.0,0.0,15.650386628364553,15.501576771414928,48701.0,0,0,0,35,SALT LAKE
1224,350319,0.0,0.0,0.0,378.75,21.5,271.75,85.5,392.5922930429109,18.25,3.25,148.5,123.25,6.5,15.0,0.0,64.0,0.0,0.0,13.842293042910892,0.0,37499.0,0,0,0,35,SALT LAKE
1225,350320,0.0,0.0,0.0,1399.25,283.75,54.0,1061.5,1450.4005351484948,254.5,29.25,0.0,54.0,81.0,73.5,0.0,907.0,0.0,0.0,51.15053514849474,0.0,37499.0,0,0,0,35,SALT LAKE
1226,350321,425.75,1121.405625997979,0.3796574496593147,1635.5,532.5,103.5,999.5,1808.3616295997483,421.75,110.75,15.75,87.75,203.5,110.0,0.0,686.0,0.0,0.0,141.85835019523415,31.00327940451411,52826.0,0,0,0,35,SALT LAKE
1227,350322,580.5,1218.5552048146178,0.47638383366333664,903.25,202.0,205.5,495.75,1029.2254352869356,169.0,33.0,31.5,174.0,78.25,50.5,82.0,285.0,0.0,0.0,83.72122835033488,42.25420693660073,52826.0,0,0,0,35,SALT LAKE
1228,350323,638.25,1461.2092484964564,0.43679575711469215,867.75,90.0,207.25,570.5,993.567868320264,47.25,42.75,3.5,203.75,119.5,94.0,66.75,290.25,0.0,0.0,79.06310487044475,46.75476344981929,52826.0,0,0,0,35,SALT LAKE
1229,350324,935.0,1924.809695198701,0.4857623079997415,540.0,85.25,3.25,451.5,692.1779362173294,8.5,76.75,0.0,3.25,55.75,30.0,279.75,86.0,0.0,0.0,84.17109249249782,68.00684372483157,52826.0,0,0,0,35,SALT LAKE
1230,350325,439.0,820.7254206936241,0.5348926558519238,1004.5,158.25,46.75,799.5,1149.0067194989128,68.0,90.25,19.25,27.5,65.0,93.5,420.5,220.5,0.0,0.0,112.50338708408016,32.003332414832656,52826.0,0,0,0,35,SALT LAKE
1231,350326,647.25,1544.608744153635,0.4190381560701699,1173.5,43.25,14.5,1115.75,1308.5832446795866,19.75,23.5,0.25,14.25,71.5,769.25,125.75,149.25,0.0,0.0,88.07852097434284,47.004723705243705,25539.0,560,0,318,35,SALT LAKE
1232,350327,728.4999999747124,1453.9128765067771,0.501061660396758,77.99999999729248,20.249999999297085,6.249999999783052,51.499999998212346,162.7380781256362,5.499999999809085,14.749999999488,5.999999999791729,0.24999999999132205,19.49999999932312,3.2499999998871867,6.499999999774373,22.24999999922766,0.0,0.0,31.732811173959306,53.00526695438441,72818.0,0,0,0,35,SALT LAKE
1233,350328,582.0,1168.8335549349506,0.4979323168322201,231.0,57.0,6.25,167.75,302.72468415873004,6.5,50.5,6.0,0.25,26.25,107.5,32.25,1.75,0.0,0.0,29.7205103443636,42.00417381436644,61505.0,413,0,0,35,SALT LAKE
1234,350329,591.75,1235.5457826282118,0.47893814079576164,457.5,149.75,10.0,297.75,538.8596899548866,112.5,37.25,0.0,10.0,94.5,48.75,16.0,138.5,0.0,0.0,38.35541676398755,43.00427319089897,80460.0,0,0,0,35,SALT LAKE
1235,350330,686.25,1470.9617530830535,0.4665315046850528,526.0,126.5,22.75,376.75,621.0693872116417,33.0,93.5,0.0,22.75,55.5,116.25,91.5,113.5,0.0,0.0,45.06441838501496,50.00496882662671,68937.0,596,0,0,35,SALT LAKE
1236,350331,599.0,1318.675930243634,0.4542435228110449,550.5,72.25,22.75,455.5,637.2727108775405,49.75,22.5,0.0,22.75,126.75,90.5,76.75,161.5,0.0,0.0,43.018371432343365,43.75433944519721,76947.0,0,0,0,35,SALT LAKE
1237,350332,189.25,415.18409779874025,0.4558218896228983,34.25,20.25,1.0,13.0,56.42252660629856,1.0,19.25,0.0,1.0,2.5,1.25,0.0,9.25,0.0,0.0,8.171135334843077,14.00139127145548,126214.0,0,0,0,35,SALT LAKE
1238,350333,619.75,1343.037148965618,0.4614541008618562,78.25,43.25,0.0,35.0,150.2739610854923,5.25,38.0,0.0,0.0,2.25,3.25,5.0,24.5,0.0,0.0,27.01948914152826,45.00447194396404,95967.0,0,0,0,35,SALT LAKE
1239,350334,211.75,511.2243500622107,0.41420171002072226,0.0,0.0,0.0,0.0,22.742321275377662,0.0,0.0,0.0,0.0,0.0,0.0,0.0,0.0,0.0,0.0,7.740830627389651,15.001490647988014,124089.0,0,0,0,35,SALT LAKE
1240,350335,482.25,1152.1895470662294,0.4185509243925467,194.5,138.25,12.75,43.5,254.74246610915668,90.5,47.75,4.75,8.0,2.75,3.75,1.0,36.0,0.0,0.0,25.23898793051797,35.0034781786387,117451.0,0,0,0,35,SALT LAKE
1241,350336,346.75,931.670912295748,0.37218077265669564,76.25,13.0,0.0,63.25,125.4699738946124,11.0,2.0,0.0,0.0,0.25,62.5,0.0,0.5,0.0,0.0,23.96746298421371,25.25251091039868,151429.0,0,755,0,35,SALT LAKE
1242,350337,397.0,1284.3715968863478,0.30910057569198174,158.25,27.0,17.0,114.25,214.29974922368888,24.0,3.0,0.0,17.0,18.0,9.5,13.0,73.75,0.0,0.0,27.04686730424539,29.002881919443496,107916.0,0,0,0,35,SALT LAKE
1243,350338,480.5,1056.4921152309926,0.4548069910535423,1312.75,525.5,40.0,747.25,1416.0588566684326,351.0,174.5,19.0,21.0,85.75,98.25,30.0,533.25,0.0,0.0,68.05535199270855,35.25350467572402,79751.0,0,0,0,35,SALT LAKE
1244,350339,317.25,751.0518927436751,0.4224075633989163,538.25,111.0,6.5,420.75,604.5247520274205,57.5,53.5,0.0,6.5,57.25,53.0,21.0,289.5,0.0,0.0,43.27246636717223,23.002285660248287,115751.0,0,0,0,35,SALT LAKE
1245,350340,505.0,1231.9009082531163,0.40993556918154217,29.0,0.0,0.0,29.0,87.5242233271075,0.0,0.0,0.0,0.0,0.0,29.0,0.0,0.0,0.0,0.0,21.520546395403745,37.003676931703765,156479.0,418,0,0,35,SALT LAKE
1246,350341,0.0,0.0,0.0,1153.25,264.5,420.0,468.75,1195.408448605688,254.75,9.75,226.25,193.75,42.25,32.25,0.0,394.25,0.0,0.0,42.15844860568794,0.0,69745.0,0,0,0,35,SALT LAKE
1247,350342,0.0,0.0,0.0,3433.5,160.75,2463.75,809.0,3559.015298842812,81.5,79.25,73.75,2390.0,443.75,151.0,7.0,207.25,0.0,0.0,125.51529884281238,0.0,69745.0,0,0,0,35,SALT LAKE
1248,350343,0.0,0.0,0.0,0.0,0.0,0.0,0.0,0.0,0.0,0.0,0.0,0.0,0.0,0.0,0.0,0.0,0.0,0.0,0.0,0.0,64668.0,0,0,0,35,SALT LAKE
1249,350344,144.25,411.84288527274833,0.35025492768794236,1902.5,179.5,662.75,1060.25,2065.567605732899,142.0,37.5,467.25,195.5,220.0,115.0,0.0,725.25,0.0,0.0,152.56653908110468,10.501066651794536,37499.0,0,0,0,35,SALT LAKE
1250,350345,0.0,0.0,0.0,1364.5,414.0,480.25,470.25,1414.3800425440356,367.5,46.5,1.0,479.25,70.25,53.0,0.0,347.0,0.0,0.0,49.88004254403559,0.0,37499.0,0,0,0,35,SALT LAKE
1251,350346,0.0,0.0,0.0,487.0,78.0,143.0,266.0,504.8027654257831,67.25,10.75,0.0,143.0,61.5,58.0,0.0,146.5,0.0,0.0,17.802765425783093,0.0,37499.0,0,0,0,35,SALT LAKE
1252,350347,0.0,0.0,0.0,341.0,40.25,161.25,139.5,353.4639684769197,14.75,25.5,15.0,146.25,5.5,8.25,0.0,125.75,0.0,0.0,12.463968476919716,0.0,37499.0,0,0,0,35,SALT LAKE
1253,350348,174.0,374.4298518804829,0.4647065374892715,2418.75,1183.5,54.75,1180.5,2815.0355579174834,904.0,279.5,0.75,54.0,235.25,148.0,1.0,796.25,0.0,0.0,383.5343057699436,12.75125214753968,34686.0,0,0,0,35,SALT LAKE
1254,350349,638.25,1405.528688290485,0.4540995892273747,928.5,261.25,98.75,568.5,1032.0136112318655,223.5,37.75,75.25,23.5,107.75,65.75,0.25,394.75,0.0,0.0,57.25906639230641,46.25454483955915,34686.0,0,0,0,35,SALT LAKE
1255,350350,673.75,1253.9894529596163,0.537285220708868,569.25,53.25,29.0,487.0,737.4438332829052,36.0,17.25,2.75,26.25,115.25,136.0,30.0,205.75,0.0,0.0,119.18887111372324,49.00496216918194,34686.0,0,0,0,35,SALT LAKE
1256,350351,470.5,738.090838381714,0.637455412712594,389.25,61.0,17.25,311.0,472.9348708363099,34.5,26.5,1.0,16.25,48.25,40.75,64.0,158.0,0.0,0.0,49.43145891196945,34.253411924340455,34686.0,0,0,0,35,SALT LAKE
1257,350352,132.75,207.77849546056584,0.6389015364931957,2556.0,271.5,61.0,2223.5,2666.2931756224016,97.0,174.5,0.0,61.0,1407.25,167.75,115.25,533.25,0.0,0.0,101.04222160726708,9.2509540151344,34686.0,0,0,0,35,SALT LAKE
1258,350353,1028.5,1663.5812335154135,0.6182445313034789,7595.75,255.75,26.25,7313.75,7986.780421179903,180.75,75.0,0.0,26.25,141.75,6304.5,358.0,509.5,0.0,0.0,316.0229679399623,75.00745323994008,27074.0,0,0,0,35,SALT LAKE
1259,350354,735.25,1340.1502755018314,0.5486325029666386,1746.0,240.25,103.25,1402.5,1890.209940194571,163.5,76.75,1.0,102.25,330.0,319.75,115.5,637.25,0.0,0.0,90.7046666103898,53.50527358418096,60370.0,0,0,0,35,SALT LAKE
1260,350355,765.75,1536.859718837384,0.4982562758423265,571.25,202.25,8.75,360.25,676.1324707768086,61.25,141.0,0.0,8.75,44.75,38.75,48.0,228.75,0.0,0.0,48.87690569098673,56.00556508582192,67318.0,0,0,0,35,SALT LAKE
1261,350356,704.0,1582.2299970835911,0.4449416338317639,553.25,85.25,23.75,444.25,664.7137391430529,39.5,45.75,5.5,18.25,93.0,64.5,103.0,183.75,0.0,0.0,60.20864444280832,51.25509470024456,54863.0,0,0,0,35,SALT LAKE
1262,350357,483.75,868.6682981950654,0.5568869049384494,268.25,52.75,1.0,214.5,333.24321708489174,32.5,20.25,0.0,1.0,42.75,16.75,54.25,100.75,0.0,0.0,29.73975877538171,35.25345830951002,59906.0,0,0,0,35,SALT LAKE
1263,350358,249.5,386.1644686494483,0.6460977646974836,753.0,49.0,10.0,694.0,807.6496929300562,19.0,30.0,0.0,10.0,45.5,428.75,107.75,112.0,0.0,0.0,36.64790415247052,18.001788777585617,60405.0,0,0,0,35,SALT LAKE
1264,350359,489.5,861.4511305103872,0.5682272419910623,507.25,182.5,6.0,318.75,583.9415179139847,25.75,156.75,1.0,5.0,49.75,26.5,133.0,109.5,0.0,0.0,40.93792048968484,35.753597424299905,92591.0,0,0,0,35,SALT LAKE
1265,350360,514.75,1259.079128809952,0.40883053989349183,59.25,11.25,1.75,46.25,119.98787885361854,8.75,2.5,0.0,1.75,5.25,4.5,0.0,36.5,0.0,0.0,23.234142302595167,37.50373655102338,116830.0,0,0,0,35,SALT LAKE
1266,350361,504.5,1089.4203769799406,0.46309029155353254,23.5,11.0,1.0,11.5,86.30426061230074,10.75,0.25,0.0,1.0,0.0,0.25,0.0,11.25,0.0,0.0,26.050616802831275,36.75364380946947,94432.0,0,0,0,35,SALT LAKE
1267,350362,475.5,1120.3585869123413,0.42441768693937265,97.5,29.75,5.25,62.5,161.20119408550116,27.5,2.25,2.0,3.25,16.0,3.75,8.0,34.75,0.0,0.0,29.19775566407539,34.50343842142578,86636.0,0,0,0,35,SALT LAKE
1268,350363,649.5,1538.9953390890985,0.42202856857541005,323.0,125.5,2.25,195.25,412.5547432417018,112.25,13.25,0.0,2.25,18.25,77.5,0.25,99.25,0.0,0.0,42.30004604758737,47.25469719411443,76455.0,556,0,0,35,SALT LAKE
1269,350364,528.75,1157.6695469667206,0.45673655438670696,183.5,39.25,0.0,144.25,255.54127621133247,0.75,38.5,0.0,0.0,0.25,138.0,0.0,6.0,0.0,0.0,33.787473406010875,38.25380280532162,99958.0,501,591,0,35,SALT LAKE
1270,350365,436.5,1004.2046055769978,0.43467237411164333,9.0,8.75,0.0,0.25,64.0390720964863,0.25,8.5,0.0,0.0,0.0,0.0,0.0,0.25,0.0,0.0,23.0358920474452,32.00318004904109,107730.0,0,0,0,35,SALT LAKE
1271,350366,313.75,529.2693614921433,0.5927983420681294,506.25,180.5,7.25,318.5,559.4673434790558,102.5,78.0,0.0,7.25,35.0,38.75,58.0,186.75,0.0,0.0,30.465117445149104,22.75222603390669,67016.0,0,0,0,35,SALT LAKE
1272,350367,401.75,761.1608496133932,0.5278122228751726,260.5,98.25,6.0,156.25,341.46564645785975,41.5,56.75,0.0,6.0,41.75,18.5,5.75,90.25,0.0,0.0,51.71275127828864,29.25289517957109,63303.0,0,0,0,35,SALT LAKE
1273,350368,1369.5,2358.465805331591,0.580674096229881,624.0,297.5,11.25,315.25,811.1124599309393,132.5,165.0,2.0,9.25,45.5,37.0,2.25,230.5,0.0,0.0,87.35261503328374,99.75984489765555,63303.0,0,0,0,35,SALT LAKE
1274,350369,394.0,797.1957778962844,0.4942324218521634,341.0,163.5,5.25,172.25,420.3841629226812,77.0,86.5,0.5,4.75,23.75,19.25,10.5,118.75,0.0,0.0,50.88136050151567,28.502802421165555,59906.0,0,0,0,35,SALT LAKE
1275,350370,159.0,263.3593747540915,0.6037377638387251,2373.75,717.5,6.75,1649.5,2494.5070584808022,480.75,236.75,0.0,6.75,827.0,6.25,29.75,786.5,0.0,16.16799091734788,92.5878750450638,12.001192518390411,63303.0,0,0,0,35,SALT LAKE
1276,350371,733.5,1250.1955137555108,0.5867082323760793,481.5,86.0,48.75,346.75,581.9525338307941,55.25,30.75,2.5,46.25,76.5,20.5,28.75,221.0,0.0,0.0,46.94730661282706,53.50522721796697,60405.0,0,0,0,35,SALT LAKE
1277,350372,0.0,0.0,0.0,139.24999558610824,0.7499999762267948,0.0,138.49999560988144,144.3391655780868,0.49999998415119656,0.24999999207559828,0.0,0.0,0.49999998415119656,134.74999572874748,0.0,3.2499998969827777,0.0,0.0,5.0891699919785705,0.0,83576.0,0,0,1832,35,SALT LAKE
1278,350373,528.2500020694486,1161.4179713460221,0.45483195120292025,105.75000041428146,4.750000018608387,0.0,101.00000039567307,170.67987274409992,1.0000000039175552,3.7500000146908317,0.0,0.0,16.000000062680883,27.25000010675338,20.000000078351103,37.75000014788771,0.0,0.0,26.42600312216524,38.50386920765322,83576.0,0,0,0,35,SALT LAKE
1279,350374,307.75,822.3183622978893,0.3742467809426295,95.5,25.0,25.25,45.25,132.7428090099851,24.25,0.75,25.0,0.25,27.25,2.0,0.0,16.0,0.0,0.0,14.74061609831271,22.5021929116724,157449.0,0,0,0,35,SALT LAKE
1280,350375,776.75,1685.5891786148277,0.4608180984160758,586.0,73.0,6.5,506.5,696.8187438625729,38.5,34.5,0.0,6.5,185.0,42.0,31.0,248.5,0.0,0.0,54.31317214879432,56.505571713778565,72786.0,0,0,0,35,SALT LAKE
1281,350376,533.75,1254.274849439725,0.42554468842169807,244.5,3.25,12.75,228.5,317.0807285981724,2.5,0.75,0.0,12.75,82.5,0.25,139.5,6.25,0.0,5.38933030757805,28.43750936184581,38.75388892874854,109244.0,0,0,0,35,SALT LAKE
1282,350377,359.75,682.178201942141,0.5273548743947,83.25,37.5,31.0,14.75,129.44739745420563,31.0,6.5,0.0,31.0,2.25,2.75,0.0,9.75,0.0,0.0,20.194813664359742,26.002583789845893,48050.0,0,0,0,35,SALT LAKE
1283,350378,279.75,474.8655138796192,0.5891141635332947,79.5,16.0,8.5,55.0,114.13447304041746,12.5,3.5,0.0,8.5,7.5,6.25,0.0,41.25,0.0,0.0,14.632485509766784,20.001987530650684,67016.0,0,0,0,35,SALT LAKE
1284,350379,566.5,1155.8844237320577,0.4901009031429934,49.25,15.25,3.75,30.25,118.7635013405418,10.5,4.75,0.0,3.75,7.75,6.25,0.0,16.25,0.0,0.0,28.509426902707887,41.00407443783391,55325.0,0,0,0,35,SALT LAKE
1285,350380,212.0,336.76218746214835,0.6295243584133938,5.75,1.0,1.0,3.75,30.71137589114054,0.5,0.5,0.0,1.0,0.25,1.25,0.0,2.25,0.0,0.0,9.709852120918235,15.251523770222306,63303.0,0,0,0,35,SALT LAKE
1286,350381,540.75,910.3641695405122,0.5939930613404222,115.75,21.75,3.25,90.75,182.0032812868974,14.25,7.5,0.0,3.25,18.75,2.5,0.0,69.5,0.0,0.0,27.249405602128537,39.00387568476883,73323.0,0,0,0,35,SALT LAKE
1287,350382,222.25,467.9526835284649,0.474941180642852,238.25,73.0,6.0,159.25,281.56240794018123,59.0,14.0,1.75,4.25,29.25,16.25,5.75,108.0,0.0,0.0,27.060904043301868,16.25150389687933,63303.0,0,0,0,35,SALT LAKE
1288,350383,360.75,711.2436181254184,0.5072101749760608,1389.75,522.0,27.25,840.5,1516.0237464054635,285.25,236.75,0.0,27.25,349.75,29.75,210.0,251.0,0.0,0.0,100.02128185566384,26.252464549800035,63303.0,0,0,0,35,SALT LAKE
1289,350384,182.5,307.47539317482267,0.5935434316079894,65.0,2.25,0.0,62.75,87.54908475250103,2.25,0.0,0.0,0.0,7.75,0.5,0.0,54.5,0.0,0.0,9.54779285757808,13.001291894922945,73323.0,0,0,0,35,SALT LAKE
1290,350385,773.25,1679.964238909683,0.46027765478022825,126.5,13.5,32.25,80.75,216.39637073771104,0.75,12.75,32.25,0.0,22.5,0.0,9.0,49.25,0.0,0.0,33.890805651889124,56.00556508582192,90891.0,0,0,0,35,SALT LAKE
1291,350386,430.25,1226.4403165829424,0.3508120160292389,299.0,26.75,4.5,267.75,358.16272933988944,22.25,4.5,0.0,4.5,15.0,18.75,9.0,225.0,0.0,0.0,28.15964866738092,31.00308067250856,71658.0,0,0,0,35,SALT LAKE
1292,350387,382.25,985.8766531297556,0.3877259886280017,312.0,41.25,14.5,256.25,379.8789145328776,16.5,24.75,0.0,14.5,18.0,30.5,4.0,203.75,0.0,0.0,39.87613198996664,28.00278254291096,122892.0,0,0,0,35,SALT LAKE
1293,350388,259.0,581.4288365856273,0.4454543423077313,1241.25,332.75,19.0,889.5,1391.9213326175318,257.75,75.0,0.0,19.0,144.25,130.5,98.75,516.0,0.0,0.0,131.91941132713526,18.751921290396403,72786.0,0,0,0,35,SALT LAKE
1294,350389,0.0,0.0,0.0,30.0,0.0,0.0,30.0,31.096687874156483,0.0,0.0,0.0,0.0,0.0,0.0,0.0,30.0,0.0,0.0,1.0966878741564818,0.0,47674.0,0,0,0,35,SALT LAKE
1295,350390,189.0,389.4279639701917,0.4853272427412706,45.0,0.0,0.0,45.0,69.05609523402333,0.0,0.0,0.0,0.0,0.0,45.0,0.0,0.0,0.0,0.0,10.05470396256785,14.00139127145548,74666.0,361,67,0,35,SALT LAKE
1296,350391,426.25,868.7668584004659,0.49063796101153323,25.0,0.0,18.0,7.0,86.49946319181618,0.0,0.0,18.0,0.0,0.0,0.0,0.0,7.0,0.0,0.0,30.496382519307616,31.00308067250856,76749.0,0,0,0,35,SALT LAKE
1297,350392,579.25,1055.346665631772,0.5488717772687879,535.0,74.25,11.5,449.25,624.9849471218716,57.25,17.0,0.0,11.5,128.0,49.5,61.0,210.75,0.0,0.0,47.98077330750522,42.00417381436644,70057.0,0,0,0,35,SALT LAKE
1298,350393,740.0,1786.141755153473,0.4143008234732276,265.0,121.75,7.0,136.25,356.4939060054033,70.5,51.25,4.0,3.0,21.25,21.5,0.0,93.5,0.0,0.0,37.4885396726464,54.00536633275685,84114.0,0,0,0,35,SALT LAKE
1299,350394,370.5,782.4100908173198,0.4735368374569006,163.25,22.5,5.5,135.25,227.26347293169124,20.0,2.5,2.75,2.75,15.0,88.5,0.0,31.75,0.0,0.0,37.0107897653128,27.002683166378425,81276.0,628,0,0,35,SALT LAKE
1300,350395,180.25,509.4806924285309,0.35379162091659666,294.0,78.5,0.0,215.5,330.08760541584013,52.75,25.75,0.0,0.0,134.75,0.0,80.0,0.75,0.0,0.0,23.08631352091722,13.001291894922945,71658.0,0,0,0,35,SALT LAKE
1301,350396,636.5,1077.7430790283968,0.5905860240585495,1960.25,716.0,13.25,1231.0,2119.674668440808,616.5,99.5,0.0,13.25,150.5,79.5,30.5,970.5,0.0,0.0,113.17007062322602,46.254597817581896,47989.0,0,0,0,35,SALT LAKE
1302,350397,2.75,9.551536551741734,0.28791179148013984,476.5,35.25,189.0,252.25,523.0279442007582,21.0,14.25,139.0,50.0,35.0,50.5,0.0,166.75,2.0222601322713767,0.0,44.50568406848682,0.0,45129.0,0,0,0,35,SALT LAKE
1303,350398,396.75,1091.983106498853,0.36332979662301834,605.0,57.75,79.5,467.75,681.6457438535773,36.75,21.0,13.75,65.75,72.0,158.25,9.0,228.5,2.0222601322713767,0.0,45.3706216709911,29.25286205031482,45129.0,0,0,0,35,SALT LAKE
1304,350399,297.75,761.3088798861272,0.39110275456728677,32.5,3.5,4.0,25.0,67.33544159844888,2.25,1.25,0.5,3.5,4.75,7.75,0.0,12.5,1.0111300661356883,0.0,12.072151745682762,21.752159786630436,51401.0,0,0,0,35,SALT LAKE
1305,350400,2.25,3.73798920578496,0.6019279019099015,632.25,18.0,598.25,16.0,656.4567217157501,17.0,1.0,0.0,598.25,1.0,2.0,0.0,13.0,1.0111300661356883,0.0,23.195591649614357,0.0,82805.0,0,0,0,35,SALT LAKE
1306,350401,1341.4999735079984,3979.810916186038,0.3370763088397161,712.7499859245814,118.24999766479377,56.999998874361474,537.4999893854261,913.1041203673007,52.99999895335365,65.24999871144011,30.499999397684647,26.499999476676827,78.9999984399045,205.4999959417769,9.499999812393579,243.49999519135122,0.0,0.0,102.59443059532822,97.75970384739104,47499.0,608,0,2581,35,SALT LAKE
1307,350402,457.5,1187.164611587353,0.3853719994131889,62.25,7.25,0.0,55.0,138.00323511786056,6.5,0.75,0.0,0.0,2.25,45.75,0.0,7.0,0.0,0.0,42.24986956886003,33.50336554900054,51401.0,448,0,0,35,SALT LAKE
1308,350403,700.75,1872.5015457931336,0.3742320008089414,0.0,0.0,0.0,0.0,101.3773611901128,0.0,0.0,0.0,0.0,0.0,0.0,0.0,0.0,0.0,0.0,50.372266499697886,51.005094690414914,82805.0,0,0,0,35,SALT LAKE
1309,350404,1022.25,3266.2865116268204,0.31297009504865936,67.5,3.75,2.25,61.5,190.84558699694665,3.25,0.5,0.0,2.25,2.75,44.5,0.0,14.25,0.0,0.0,49.08812051583453,74.25746648111209,82805.0,378,102,0,35,SALT LAKE
1310,350405,1097.7499910587276,3589.61564992861,0.3058126825028077,21.999999820808025,9.999999918549102,0.24999999796372754,11.749999904295194,187.19157470317148,9.249999924657919,0.7499999938911827,0.0,0.24999999796372754,0.7499999938911827,0.24999999796372754,0.0,10.749999912440284,0.0,0.0,85.18359890732556,80.00797597503788,56753.0,0,0,0,35,SALT LAKE
1311,350406,807.75,2416.4988616004166,0.3342645894999667,114.0,21.0,17.75,75.25,228.4424608312684,6.75,14.25,1.0,16.75,17.5,13.5,2.0,42.25,0.0,0.0,55.686703608404464,58.755757222863934,56215.0,0,0,0,35,SALT LAKE
1312,350407,1108.25,2895.3171982556014,0.3827732590638805,180.5,31.5,7.25,141.75,338.11454796002465,24.5,7.0,0.0,7.25,14.5,87.5,4.0,35.75,0.0,0.0,76.85649845386737,80.75804950615725,67131.0,478,0,0,35,SALT LAKE
1313,350408,978.75,3106.1039532467903,0.3151053585881821,262.0,30.75,49.75,181.5,406.122201744908,22.0,8.75,17.5,32.25,49.25,25.5,0.0,106.75,1.0111300661356883,0.0,72.10406231117634,71.00700936759594,79063.0,0,0,0,35,SALT LAKE
1314,350409,686.0,1655.8371060138763,0.4142919599449121,205.75,45.25,31.5,129.0,292.35243655713106,8.5,36.75,21.75,9.75,5.75,85.75,0.0,37.5,0.0,0.0,36.59751409671834,50.00492246041272,79063.0,706,0,0,35,SALT LAKE
1315,350410,502.5,1514.6338901757977,0.3317633411343231,1117.75,495.25,0.75,621.75,1217.22953273305,337.0,158.25,0.0,0.75,7.5,2.25,84.0,528.0,0.0,0.0,62.72588229843153,36.75365043461844,67744.0,0,0,0,35,SALT LAKE
1316,350411,1059.25,3450.579243700915,0.3069774449996119,423.5,66.0,19.0,338.5,572.9775680902692,57.25,8.75,8.25,10.75,24.25,163.25,48.5,102.5,0.0,0.0,72.21983660881574,77.25773148145342,55950.0,492,1202,0,35,SALT LAKE
1317,350412,82.0,245.23377089557584,0.33437482815087816,183.25,10.25,66.5,106.5,199.95743174517315,8.75,1.5,4.5,62.0,11.75,24.5,0.0,70.25,1.0111300661356883,0.0,9.695705419842293,6.000596259195206,67744.0,0,0,0,35,SALT LAKE
1318,350413,328.0,991.987370153358,0.3306493710190002,0.0,0.0,0.0,0.0,35.992839127558355,0.0,0.0,0.0,0.0,0.0,0.0,0.0,0.0,0.0,0.0,11.990454090777536,24.002385036780822,67744.0,0,0,0,35,SALT LAKE
1319,350414,0.0,0.0,0.0,697.5,50.25,357.0,290.25,722.968418051162,35.25,15.0,178.25,178.75,24.5,56.25,0.0,209.5,0.0,0.0,25.46841805116201,0.0,75048.0,0,0,0,35,SALT LAKE
1320,350415,488.0,1496.3085553810502,0.3261359418450467,0.0,0.0,0.0,0.0,53.854064331053166,0.0,0.0,0.0,0.0,0.0,0.0,0.0,0.0,1.0111300661356883,0.0,17.839456086278773,35.0034781786387,75048.0,0,0,0,35,SALT LAKE
1321,350416,0.0,0.0,0.0,790.0,27.5,357.25,405.25,818.8770853114861,23.25,4.25,8.0,349.25,204.0,40.75,0.0,160.5,0.0,0.0,28.877085311486063,0.0,76219.0,0,0,0,35,SALT LAKE
1322,350417,0.0,0.0,0.0,511.25,27.25,254.5,229.5,529.9368660919657,20.5,6.75,0.0,254.5,18.5,37.25,0.0,173.75,0.0,0.0,18.686866091965697,0.0,76219.0,0,0,0,35,SALT LAKE
1323,350418,0.0,0.0,0.0,135.75,40.0,31.5,64.25,140.71292423442316,37.0,3.0,0.0,31.5,12.0,6.0,0.0,46.25,0.0,0.0,4.962924234423158,0.0,76219.0,0,0,0,35,SALT LAKE
1324,350419,0.0,0.0,0.0,2988.75,290.25,1217.0,1481.5,3098.0050546033626,249.5,40.75,14.75,1202.25,121.25,143.5,0.0,1216.75,0.0,0.0,109.2550546033624,0.0,69745.0,0,0,0,35,SALT LAKE
1325,350420,0.0,0.0,0.0,2909.75,80.5,2222.0,607.25,3023.306267838996,70.75,9.75,268.25,1953.75,453.0,18.25,0.0,136.0,0.0,7.185773742988545,106.37049409600748,0.0,69745.0,0,0,0,35,SALT LAKE
1326,350421,0.0,0.0,0.0,3480.25,340.0,2555.5,584.75,3607.4742377870753,337.75,2.25,1757.0,798.5,170.5,4.5,149.0,260.75,0.0,0.0,127.22423778707544,0.0,69745.0,0,0,0,35,SALT LAKE
1327,350422,338.0,1362.4619475477548,0.24808032298322444,3080.75,112.25,1983.75,984.75,3230.727512720996,65.75,46.5,1286.5,697.25,182.0,111.0,4.0,687.75,0.0,0.0,124.97502830768292,25.002484413313358,44002.0,220,78,342,35,SALT LAKE
1328,350423,0.0,0.0,0.0,3626.5,228.5,2373.5,1024.5,3759.0697676485074,198.25,30.25,289.5,2084.0,367.25,93.5,3.0,560.75,0.0,0.0,132.56976764850742,0.0,44002.0,0,0,0,35,SALT LAKE
1329,350424,0.0,0.0,0.0,858.5,23.75,699.75,135.0,889.8828490349999,21.25,2.5,358.5,341.25,7.25,23.75,0.0,104.0,0.0,0.0,31.38284903499997,0.0,44002.0,0,0,0,35,SALT LAKE
1330,350425,0.0,0.0,0.0,5452.0,438.0,2445.25,2568.75,5651.3045162496255,241.75,196.25,1166.75,1278.5,399.0,531.25,179.0,1459.5,0.0,0.0,199.30451624962552,0.0,37336.0,0,0,0,35,SALT LAKE
1331,350426,818.5,1997.481078992217,0.4097660841988828,3045.0,120.5,356.5,2568.0,3263.7412017342094,73.0,47.5,106.0,250.5,560.0,149.0,344.0,1515.0,0.0,0.0,159.23525239536312,59.50594933884644,42499.0,0,0,197,35,SALT LAKE
1332,350427,48.75,167.1367314379096,0.29167735650083815,1522.25,81.25,896.25,544.75,1585.6701581124264,71.0,10.25,292.0,604.25,36.25,99.25,0.0,409.25,0.0,0.0,59.66974073716761,3.7504173752588095,76219.0,0,0,0,35,SALT LAKE
1333,350428,33.75,101.9725877714446,0.3309713005974241,70.25,0.25,1.25,68.75,102.80629933259348,0.25,0.0,0.0,1.25,3.25,57.0,0.0,8.5,0.0,0.0,30.05596146473853,2.500337867854948,76219.0,0,0,0,35,SALT LAKE
1334,350429,288.75,998.6460533871636,0.2891414821303609,855.75,265.5,31.75,558.5,918.843340585619,202.5,63.0,0.0,31.75,79.25,71.75,16.0,391.5,0.0,0.0,41.84122055620154,21.25212002941751,76219.0,0,0,0,35,SALT LAKE
1335,350430,56.0,158.02894941308813,0.3543654514440632,3384.0,755.0,1222.25,1406.75,3528.31519497453,368.75,386.25,166.25,1056.0,240.0,214.75,0.0,952.0,0.0,0.0,140.315009450704,4.000185523826641,69745.0,0,0,0,35,SALT LAKE
1336,350431,9.75,26.114674745047523,0.37335330021098667,2710.0,111.75,91.25,2507.0,2810.174223834046,75.5,36.25,53.0,38.25,1971.0,93.5,39.0,403.5,0.0,0.0,99.42417745870632,0.7500463753399146,69745.0,0,0,0,35,SALT LAKE
1337,350432,0.0,0.0,0.0,4484.0,85.75,26.0,4372.25,4647.919014480078,34.0,51.75,0.0,26.0,890.5,210.25,4.0,3267.5,0.0,0.0,163.91901448007798,0.0,69745.0,0,0,0,35,SALT LAKE
1338,350433,542.5,1946.777857847387,0.2786655898171449,63.75,0.0,0.0,63.75,126.166032813512,0.0,0.0,0.0,0.0,0.0,63.75,0.0,0.0,0.0,0.0,22.91207100531626,39.50396180819575,76219.0,706,0,0,35,SALT LAKE
1339,350434,252.75,879.5417506094644,0.28736555123717655,21.75,1.75,3.0,17.0,52.03667466461892,1.25,0.5,0.0,3.0,2.0,2.5,0.0,12.5,0.0,0.0,12.284885887033305,18.001788777585617,76219.0,0,0,0,35,SALT LAKE
1340,350435,357.5,1071.0101091678214,0.33379703603150745,0.0,0.0,0.0,0.0,40.57141065218677,0.0,0.0,0.0,0.0,0.0,0.0,0.0,0.0,0.0,0.0,14.56882686234088,26.002583789845893,78784.0,0,0,0,35,SALT LAKE
1341,350436,212.25,637.9792757901677,0.3326910576164379,910.5,237.0,23.5,650.0,967.310862642652,91.0,146.0,0.0,23.5,115.5,87.75,43.75,403.0,0.0,0.0,41.059338869622174,15.751523773029982,78784.0,0,0,0,35,SALT LAKE
1342,350437,969.5,2776.1267233373496,0.3492275737450866,1614.75,761.25,12.25,841.25,1817.754198543238,245.75,515.5,0.0,12.25,91.5,248.5,78.25,423.0,0.0,0.0,132.4972355580041,70.50696298523405,69745.0,1825,131,0,35,SALT LAKE
1343,350438,0.0,0.0,0.0,2380.5,119.0,79.0,2182.5,2610.997895488796,75.75,43.25,0.0,79.0,674.5,503.0,0.0,1005.0,0.0,0.0,230.49789548879625,0.0,69745.0,0,0,0,35,SALT LAKE
1344,350439,0.0,0.0,0.0,1494.25,8.0,172.5,1313.75,1548.8742404210864,7.0,1.0,0.0,172.5,1093.0,3.0,56.0,161.75,0.0,0.0,54.62424042108631,0.0,69745.0,0,0,0,35,SALT LAKE
1345,350440,267.75,763.4025015529859,0.3507324110876209,0.0,0.0,0.0,0.0,29.03968839664615,0.0,0.0,0.0,0.0,0.0,0.0,0.0,0.0,0.0,0.0,9.787820111656671,19.25186828498948,69845.0,0,0,0,35,SALT LAKE
1346,350441,0.0,0.0,0.0,678.5,34.25,141.75,502.5,703.3041206719711,22.5,11.75,10.0,131.75,70.25,237.25,0.0,195.0,0.0,0.0,24.80412067197108,0.0,69745.0,738,592,303,35,SALT LAKE
1347,350442,619.0,1977.5808005999452,0.3130087022549025,534.75,79.0,148.25,307.5,632.1791124173498,40.75,38.25,71.25,77.0,64.5,51.25,0.0,191.75,0.0,0.0,52.4246404733857,45.00447194396404,54846.0,0,0,0,35,SALT LAKE
1348,350443,606.75,1800.609396851118,0.3369692511108053,199.5,43.5,3.0,153.0,272.97739331455125,19.5,24.0,0.0,3.0,3.25,132.5,0.0,17.25,0.0,0.0,29.47302074711973,44.0043725674315,52889.0,848,0,0,35,SALT LAKE
1349,350444,352.0,1208.9773610262564,0.29115516249303475,8.0,1.75,0.0,6.25,47.16291222243807,0.0,1.75,0.0,0.0,0.0,0.0,0.0,6.25,0.0,0.0,13.160328432592172,26.002583789845893,53656.0,0,0,0,35,SALT LAKE
1350,350445,1154.5,3691.642348496762,0.3127334370487197,1412.5,214.75,49.5,1148.25,1605.0925433427276,89.25,125.5,16.0,33.5,185.75,282.25,34.0,646.25,0.0,0.0,108.58414934778084,84.00839399494687,37336.0,343,244,224,35,SALT LAKE
1351,350446,423.25,1134.0069937190187,0.37323402972316394,1637.5,56.75,204.75,1376.0,1790.8231841706024,40.75,16.0,90.25,114.5,426.75,120.5,298.0,530.75,0.0,0.0,122.57024922820308,30.75293494239936,37336.0,0,0,0,35,SALT LAKE
1352,350447,268.0,702.2244095883901,0.38164438082847135,689.75,87.0,74.25,528.5,772.5073808228399,83.5,3.5,10.75,63.5,53.0,213.0,43.0,219.5,0.0,0.0,63.25540654529483,19.501974277545063,37336.0,569,0,0,35,SALT LAKE
1353,350448,241.25,512.669888793821,0.47057571601795956,302.25,36.25,13.5,252.5,344.8684874356604,20.25,16.0,0.0,13.5,54.5,68.5,12.75,116.75,0.0,0.0,25.116791406650652,17.50169602900973,41116.0,0,0,0,35,SALT LAKE
1354,350449,1073.0,3092.5916258240027,0.3469581922941751,57.0,33.0,5.0,19.0,179.0661864243505,1.0,32.0,0.0,5.0,0.0,1.0,0.0,18.0,0.0,0.0,44.05843505481282,78.00775136953767,76219.0,0,0,0,35,SALT LAKE
1355,350450,630.0,2381.787540367443,0.2645072196081808,80.0,0.5,0.0,79.5,155.45937157282304,0.25,0.25,0.0,0.0,0.0,78.75,0.0,0.75,0.0,0.0,29.954886375753397,45.50448519706966,84164.0,685,0,0,35,SALT LAKE
1356,350451,1.0,5.250879450405621,0.19044428832254984,1560.5,809.75,26.25,724.5,1619.5828218697795,517.75,292.0,0.0,26.25,49.0,217.25,173.25,285.0,0.0,0.0,59.08282186977958,0.0,84164.0,0,0,0,35,SALT LAKE
1357,350452,223.25,748.0206762277423,0.298454316966005,305.0,214.25,2.0,88.75,345.3148808215643,54.5,159.75,0.0,2.0,4.25,9.5,45.0,30.0,0.0,0.0,24.063257674809464,16.25162314675484,79849.0,0,0,0,35,SALT LAKE
1358,350453,524.5,1753.8541331266115,0.29905565696331265,631.75,121.5,22.0,488.25,718.0195470515479,55.75,65.75,8.5,13.5,57.25,120.25,22.0,288.75,0.0,0.0,48.26577074331152,38.0037763082363,79849.0,537,0,0,35,SALT LAKE
1359,350454,347.0,1004.185963032709,0.34555352571553255,0.0,0.0,0.0,0.0,37.68750749105666,0.0,0.0,0.0,0.0,0.0,0.0,0.0,0.0,0.0,0.0,12.685023077743306,25.002484413313358,63421.0,0,0,0,35,SALT LAKE
1360,350455,405.0,1409.9079020758888,0.28725280523904795,246.5,38.5,83.5,124.5,299.32043398400026,26.25,12.25,0.0,83.5,33.75,40.0,4.0,46.75,0.0,0.0,23.81755206455675,29.002881919443496,70922.0,0,0,0,35,SALT LAKE
1361,350456,291.5,840.7136249924063,0.34672924445899517,43.5,0.0,0.0,43.5,78.24862350025838,0.0,0.0,0.0,0.0,0.0,43.25,0.0,0.25,0.0,0.0,13.746536593075156,21.00208690718322,62388.0,608,0,0,35,SALT LAKE
1362,350457,312.5,1416.2409592586446,0.2206545418398176,0.0,0.0,0.0,0.0,34.426080711354444,0.0,0.0,0.0,0.0,0.0,0.0,0.0,0.0,0.0,0.0,11.423795051106158,23.002285660248287,71274.0,0,0,0,35,SALT LAKE
1363,350458,647.75,2173.39092953332,0.2980365801651191,1466.5,183.75,31.25,1251.5,1592.0396325895565,156.0,27.75,0.0,31.25,131.5,222.0,480.0,418.0,0.0,0.0,78.53496189252728,47.00467069702911,33328.0,0,0,0,35,SALT LAKE
1364,350459,716.5000245415717,2322.4826813546633,0.3085060785571283,737.5000252608642,196.00000671339578,17.500000599410335,524.000017948058,844.1572100205364,114.2500039132932,81.75000280010258,0.0,17.500000599410335,80.25000274872454,73.0000025003974,9.000000308268174,361.75001239066796,0.0,0.0,54.652015398698296,52.00516936097378,36857.0,0,0,0,35,SALT LAKE
1365,350460,154.25000884279115,503.6729976936298,0.30625030436238937,232.2500133143484,87.75000503050192,0.0,144.50000828384648,259.8799454448968,32.50000186314886,55.250003167353064,0.0,0.0,0.2500000143319143,1.0000000573276573,45.000002579744574,98.25000563244232,0.0,0.0,16.62883835802361,11.001093772524774,36857.0,0,0,0,35,SALT LAKE
1366,350461,673.0,2105.5463747866943,0.3196320005386627,821.75,206.75,39.25,575.75,931.8976966259776,52.5,154.25,26.75,12.5,44.5,276.5,22.75,232.0,0.0,0.0,61.14282717588338,49.004869450094176,46904.0,701,918,0,35,SALT LAKE
1367,350462,597.25,1588.5523278358316,0.37597124723846215,278.75,78.75,3.25,196.75,372.2882291308486,52.5,26.25,0.0,3.25,39.5,21.75,0.0,135.5,0.0,0.0,50.03390955758773,43.50431957326087,63726.0,0,0,0,35,SALT LAKE
1368,350463,362.0,1105.9034872199836,0.32733416991928865,64.5,19.25,1.0,44.25,107.59678217080176,16.5,2.75,0.0,1.0,7.0,3.5,6.0,27.75,0.0,0.0,16.844138754614278,26.25264341618748,47226.0,0,0,0,35,SALT LAKE
1369,350464,91.25,252.9889952682948,0.3606876255752919,1899.25,548.5,28.5,1322.25,1978.7681033452595,19.25,529.25,0.0,28.5,177.75,2.75,1.0,1140.75,0.0,0.0,72.76715597914117,6.750947366118235,49530.0,0,0,0,35,SALT LAKE
1370,350465,535.5,1641.5784113291209,0.3262104303421162,921.25,319.25,55.25,546.75,1029.6889249315357,135.0,184.25,0.0,55.25,114.25,66.0,0.0,366.5,0.0,0.0,69.43494326404087,39.00398166749477,49530.0,0,0,0,35,SALT LAKE
1371,350466,636.0,1391.3851871659074,0.45709844108334896,824.25,179.75,40.75,603.75,928.6510431203874,96.75,83.0,13.0,27.75,126.25,119.0,0.0,358.5,0.0,0.0,58.146471790061085,46.25457133032623,41116.0,0,0,0,35,SALT LAKE
1372,350467,809.5,2423.5591926937223,0.3340128858582827,328.0,45.0,27.25,255.75,436.5899468716044,37.75,7.25,17.75,9.5,20.75,92.75,1.0,141.25,0.0,0.0,49.58408365618479,59.00586321541952,78175.0,536,0,0,35,SALT LAKE
1373,350468,987.5,2796.0385162540238,0.3531782535395819,189.5,13.25,3.5,172.75,304.2830628694799,11.5,1.75,0.0,3.5,4.75,81.25,56.25,30.5,0.0,0.0,43.02594088137177,71.75712198810817,74796.0,0,816,0,35,SALT LAKE
1374,350469,152.5,490.65853629745936,0.3108067805174139,1829.75,230.25,54.5,1545.0,1918.218209103075,157.25,73.0,0.0,54.5,425.0,274.5,0.0,845.5,0.0,0.0,77.4671159612172,11.001093141857876,60646.0,495,0,0,35,SALT LAKE
1375,350470,247.25,792.210023983609,0.3121015797764201,545.75,337.75,29.25,178.75,592.9901979781775,324.5,13.25,0.0,29.25,17.5,61.25,22.5,77.5,0.0,0.0,28.9883760783577,18.25182189981991,60646.0,483,0,0,35,SALT LAKE
1376,350471,832.0,2754.8873865440364,0.3020087151525025,320.0,60.25,16.0,243.75,430.61721568246446,32.5,27.75,0.0,16.0,0.25,58.0,8.0,177.5,0.0,0.0,50.11121333329948,60.50600234916497,58856.0,255,0,0,35,SALT LAKE
1377,350472,988.5,3053.577776122825,0.32371862532190476,223.75,41.25,29.75,152.75,357.0697444445661,30.25,11.0,13.75,16.0,20.75,31.25,0.0,100.75,0.0,0.0,61.31258933422361,72.00715511034247,68968.0,0,0,0,35,SALT LAKE
1378,350473,480.25,1603.5449630480152,0.29949269341792684,556.75,143.5,23.5,389.75,629.6625925861068,101.0,42.5,0.0,23.5,40.75,117.75,12.0,219.25,0.0,0.0,37.90911440746815,35.0034781786387,64858.0,350,0,0,35,SALT LAKE
1379,350474,434.75,1117.4410384629366,0.3890585588283098,1346.0,412.5,32.25,901.25,1446.3504647011991,373.0,39.5,7.0,25.25,267.5,213.75,51.0,369.0,0.0,0.0,68.34728465215824,32.00318004904109,44924.0,550,0,0,35,SALT LAKE
1380,350475,221.00000239490413,745.7708377333919,0.2963376833915704,506.00000548335515,201.00000217817072,8.25000008940253,296.7500032157819,550.3259802961178,166.25000180159643,34.75000037657429,0.0,8.25000008940253,39.25000042533931,48.50000052557851,0.0,209.00000226486407,0.0,0.0,28.324384614838205,16.0015901979245,83458.0,0,0,0,35,SALT LAKE
1381,350476,82.25000165003483,277.15288005015225,0.29676762382967575,237.00000475450767,2.5000000501530346,1.0000000200612138,233.50000468429343,254.67122703781905,1.5000000300918206,1.0000000200612138,0.0,1.0000000200612138,3.750000075229552,204.00000409248761,2.0000000401224276,23.750000476453828,0.0,0.0,11.670625903736907,6.00059637957445,83458.0,0,0,3170,35,SALT LAKE
1382,350477,674.25,2063.2256046341176,0.32679412202213737,1125.25,358.0,22.0,745.25,1248.5344638314634,212.5,145.5,0.0,22.0,122.5,137.25,2.0,483.5,0.0,0.0,74.27959438136924,49.004869450094176,37849.0,0,0,0,35,SALT LAKE
1383,350478,1023.5,2522.362061104696,0.40577045452061195,2988.25,242.5,76.75,2669.0,3226.400819671177,100.0,142.5,0.0,76.75,393.5,1032.75,236.25,1006.5,0.0,0.0,163.64345917981348,74.50736049136418,51435.0,0,0,0,35,SALT LAKE
1384,350479,159.75,424.1494165341053,0.3766361422948102,2217.25,1228.5,22.5,966.25,2344.9823124447894,698.25,530.25,0.0,22.5,266.0,80.5,0.0,619.75,0.0,0.0,116.23110002005656,11.50121242473292,47387.0,0,0,0,35,SALT LAKE
1385,350480,593.75,1315.3380406281756,0.4514048721015006,216.25,43.0,5.0,168.25,288.8638559762734,27.0,16.0,0.0,5.0,23.75,16.75,0.0,127.75,0.0,0.0,29.60958278537445,43.00427319089897,52933.0,0,0,0,35,SALT LAKE
1386,350481,692.25,1651.4661425813256,0.41917298947344933,1318.5,237.5,92.75,988.25,1490.546816066169,155.75,81.75,21.5,71.25,146.75,196.75,52.75,592.0,0.0,0.0,121.54188696094808,50.504929105221,41157.0,840,0,0,35,SALT LAKE
1387,350482,808.5,3072.088316126844,0.26317602777101207,1381.0,398.25,88.25,894.5,1537.2848093606756,283.75,114.5,27.75,60.5,123.75,159.5,3.0,608.25,0.0,0.0,97.5287805354849,58.756028825190775,55456.0,0,0,0,35,SALT LAKE
1388,350483,879.0,2314.9470783470188,0.37970630439968733,0.0,0.0,0.0,0.0,96.1393148108671,0.0,0.0,0.0,0.0,0.0,0.0,0.0,0.0,0.0,0.0,32.13295471278492,64.00636009808218,49968.0,0,0,0,35,SALT LAKE
1389,350484,1186.25,3469.822061650334,0.34187632072285284,16.5,0.0,3.0,13.5,148.27349466378843,0.0,0.0,0.0,3.0,3.75,0.25,4.5,5.0,0.0,1.796443435410494,43.968504846579975,86.00854638179794,58948.0,0,0,0,35,SALT LAKE
1390,350485,510.0,1576.5453513073976,0.3234921212872609,161.0,28.75,12.5,119.75,224.032242620761,8.75,20.0,0.0,12.5,22.75,34.25,0.0,62.75,0.0,0.0,26.02856568905724,37.003676931703765,70286.0,0,0,0,35,SALT LAKE
1391,350486,516.0,1679.0403997694732,0.30731839452513776,161.0,50.75,3.0,107.25,223.50188255349207,47.5,3.25,0.0,3.0,17.25,28.25,20.0,41.75,0.0,0.0,24.74816587159737,37.75371668189471,60179.0,0,0,0,35,SALT LAKE
1392,350487,242.5,766.8448667387114,0.316230844748717,104.25,8.75,5.25,90.25,136.429023753363,6.75,2.0,0.0,5.25,19.75,17.75,22.0,30.75,0.0,0.0,14.427261472862709,17.751762280500294,77419.0,0,0,0,35,SALT LAKE
1393,350488,260.75,820.8033416769201,0.3176765819048467,58.5,11.75,9.0,37.75,89.17190070216505,8.75,3.0,0.0,9.0,5.0,10.0,1.0,21.75,0.0,0.0,11.670012548046897,19.00188815411815,77419.0,0,0,0,35,SALT LAKE
1394,350489,429.0,1034.5376859116318,0.4146779820997689,71.75,0.25,0.0,71.5,122.80836776699785,0.25,0.0,0.0,0.0,0.0,71.5,0.0,0.0,0.0,0.0,20.055287094489263,31.00308067250856,72491.0,555,0,0,35,SALT LAKE
1395,350490,416.0,1335.889720969581,0.3114029500115246,114.75,6.25,2.75,105.75,165.40430871050717,4.25,2.0,0.0,2.75,8.25,58.5,19.0,20.0,0.0,0.0,20.65132741453111,30.002981295976028,65436.0,571,0,0,35,SALT LAKE
1396,350491,315.5,874.4913604757103,0.36078115148944717,0.0,0.0,0.0,0.0,34.53520460760869,0.0,0.0,0.0,0.0,0.0,0.0,0.0,0.0,0.0,0.0,11.532918947360404,23.002285660248287,66767.0,0,0,0,35,SALT LAKE
1397,350492,367.0,752.1302654340695,0.4879473900550949,0.0,0.0,0.0,0.0,40.41882514654528,0.0,0.0,0.0,0.0,0.0,0.0,0.0,0.0,0.0,0.0,13.41614198016685,27.002683166378425,47387.0,0,0,0,35,SALT LAKE
1398,350493,124.5,494.1143425049966,0.25196597080915745,4.75,1.25,0.0,3.5,18.9761667391683,1.25,0.0,0.0,0.0,1.0,1.0,0.0,1.5,0.0,0.0,5.225272350375489,9.000894388792808,52933.0,0,0,0,35,SALT LAKE
1399,350494,2682.75,8695.191639393643,0.3085325903394443,317.75,147.75,5.0,165.0,623.7103185108156,42.0,105.75,0.0,5.0,21.25,14.75,10.0,119.0,0.0,0.0,110.94091358286408,195.01940492795148,31069.0,0,0,0,35,SALT LAKE
1400,350495,999.0,2289.7663890995623,0.4362890488548271,668.0,177.25,11.5,479.25,941.4033023024842,148.25,29.0,0.0,11.5,81.5,65.0,0.0,332.75,0.0,0.0,200.89615380465412,72.50714849782999,59727.0,0,0,0,35,SALT LAKE
1401,350496,0.0,0.0,0.0,374.5,15.25,213.5,145.75,388.1883682715304,12.0,3.25,79.0,134.5,9.5,40.75,0.0,95.5,0.0,0.0,13.688368271530342,0.0,79063.0,0,0,0,35,SALT LAKE
1402,350497,0.75,2.0251567552658045,0.3703417022163114,20.0,2.5,0.5,17.0,22.50658772462083,2.25,0.25,0.0,0.5,11.75,0.0,0.0,5.25,0.0,0.0,2.5065877246208297,0.0,79063.0,0,0,0,35,SALT LAKE
1403,350498,0.0,0.0,0.0,481.5,49.75,79.75,352.0,499.10245540587886,34.25,15.5,0.0,79.75,56.5,136.25,0.0,159.25,0.0,0.0,17.602455405878857,0.0,91680.0,0,0,0,35,SALT LAKE
1404,350499,208.0,724.0567652792424,0.28727029422863265,78.75,2.0,0.25,76.5,104.73407475861902,2.0,0.0,0.0,0.25,5.0,19.5,31.0,21.0,0.0,0.0,10.982584110630995,15.001490647988014,91680.0,0,0,0,35,SALT LAKE
1405,350500,541.4999970855275,1608.6835052340828,0.3366106479762362,55.499999701286754,5.999999967706676,0.0,49.499999733580076,116.32804404410813,5.999999967706676,0.0,0.0,0.0,0.0,49.499999733580076,0.0,0.0,0.0,0.0,21.824168867979992,39.003875474841365,86131.0,590,0,0,35,SALT LAKE
1406,350501,276.7500002433452,823.6236253431508,0.33601513085305357,394.7500003471022,3.5000000030775364,3.2500000028577127,388.0000003411669,439.54646046439456,2.5000000021982407,1.0000000008792962,0.0,3.2500000028577127,5.750000005055953,365.25000032116293,0.0,17.000000014948036,0.0,0.0,24.794412935690424,20.002047181601974,78083.0,0,0,2559,35,SALT LAKE
1407,350502,395.2500001670726,1770.2039133551218,0.22327936187754954,338.50000014308426,54.75000002314288,89.00000003762038,194.750000082321,397.07705199885834,33.500000014160484,21.250000008982397,0.0,89.00000003762038,30.250000012786703,36.50000001542858,29.00000001225833,99.0000000418474,0.0,0.0,29.57434877711828,29.00270307865574,74436.0,0,0,0,35,SALT LAKE
1408,350503,487.0,1446.21081382107,0.33674205402550206,15.5,14.0,0.0,1.5,69.62284837712252,14.0,0.0,0.0,0.0,0.0,0.25,0.0,1.25,0.0,0.0,19.11937019848383,35.0034781786387,66802.0,0,0,0,35,SALT LAKE
1409,350504,533.25,1637.628584871462,0.3256232853567679,10.0,0.0,0.0,10.0,68.86317809079495,0.0,0.0,0.0,0.0,1.0,0.0,1.0,8.0,0.0,0.0,19.85930240602611,39.00387568476883,53952.0,0,0,0,35,SALT LAKE
1410,350505,367.5,1239.142228991692,0.29657612451723164,103.25,67.0,0.0,36.25,147.46115497040293,14.0,53.0,0.0,0.0,3.75,1.5,0.0,31.0,0.0,0.0,17.208471804024512,27.002683166378425,63957.0,0,0,0,35,SALT LAKE
1411,350506,351.5,1068.4105796409715,0.3289933726771201,32.75,7.0,0.5,25.25,78.549765114313,3.75,3.25,0.0,0.5,7.75,0.75,0.0,16.75,0.0,0.0,20.04720782155243,25.75255729276057,82752.0,0,0,0,35,SALT LAKE
1412,350507,240.75,729.3885245457961,0.3300710004313812,580.75,35.25,29.25,516.25,629.7824866576586,24.5,10.75,0.0,29.25,118.25,117.25,79.0,201.75,0.0,0.0,31.53073763728592,17.501749020372696,82752.0,0,0,0,35,SALT LAKE
1413,350508,534.0,1745.7131402419473,0.3058921810750592,109.75,15.0,2.0,92.75,172.28666182085897,14.0,1.0,0.0,2.0,6.5,75.25,0.0,11.0,0.0,0.0,23.532786136090134,39.00387568476883,65997.0,378,0,0,35,SALT LAKE
1414,350509,539.25,1473.1683854766395,0.36604776841279224,129.75,0.25,0.0,129.5,193.2100892211728,0.0,0.25,0.0,0.0,0.0,129.5,0.0,0.0,0.0,0.0,24.456213536403933,39.00387568476883,80130.0,0,720,0,35,SALT LAKE
1415,350510,628.9999989821372,2060.2710429020462,0.305299635768381,26.74999995671251,5.749999990695213,0.24999999959544403,20.749999966421854,96.73479545474264,4.499999992717992,1.24999999797722,0.0,0.24999999959544403,3.2499999947407723,1.24999999797722,0.0,16.24999997370386,0.0,0.0,23.980224251979273,46.00457124605088,91680.0,0,0,0,35,SALT LAKE
1416,350511,888.0,3143.728574536516,0.28246713383356226,169.25,25.0,9.25,135.0,272.15530956818566,21.0,4.0,0.0,9.25,18.0,73.5,1.0,42.5,0.0,0.0,38.6488898437619,64.25641972442378,75952.0,0,0,0,35,SALT LAKE
1417,350512,370.0,1357.0543986197824,0.27264935022230163,247.75,17.0,10.25,220.5,297.33559151422526,10.0,7.0,0.0,10.25,29.0,132.5,6.0,53.0,0.0,0.0,22.58290834784684,27.002683166378425,71522.0,501,0,0,35,SALT LAKE
1418,350513,484.0,1813.675092086878,0.2668614693512125,269.75,25.0,13.75,231.0,332.3077221413589,21.0,4.0,3.75,10.0,7.5,167.25,0.0,56.25,0.0,0.0,27.55424396272018,35.0034781786387,51081.0,458,693,0,35,SALT LAKE
1419,350514,594.75,1675.960545105257,0.3548711225553626,548.75,308.0,9.25,231.5,633.8066384374424,294.5,13.5,0.0,9.25,30.0,40.25,0.0,161.25,0.0,0.0,42.05236524654342,43.00427319089897,57679.0,0,0,0,35,SALT LAKE
1420,350515,434.75,1271.9607548535623,0.34179513663536865,988.25,456.25,25.25,506.75,1072.269734013894,382.25,74.0,0.0,25.25,72.5,81.75,11.0,341.5,0.0,0.0,52.016553964852775,32.00318004904109,68359.0,0,0,0,35,SALT LAKE
1421,350516,112.0,329.6450278607678,0.33975940946788813,242.25,26.0,3.75,212.5,263.2011186782448,20.5,5.5,0.0,3.75,16.75,16.25,98.0,81.5,0.0,0.0,12.950323665984577,8.000795012260273,68359.0,0,0,0,35,SALT LAKE
1422,350517,503.25,1516.0223292555615,0.3319542135287146,30.0,2.0,1.0,27.0,88.49849872024157,1.25,0.75,1.0,0.0,0.25,0.5,0.0,26.25,0.0,0.0,21.4948217885378,37.003676931703765,67096.0,0,0,0,35,SALT LAKE
1423,350518,710.5,1739.4272679129726,0.40846778310684034,512.25,63.75,17.5,431.0,608.9508954545877,19.25,44.5,2.75,14.75,74.75,101.25,61.0,194.0,0.0,0.0,45.195794119364486,51.5051013352232,59173.0,369,0,0,35,SALT LAKE
1424,350519,0.0,0.0,0.0,498.25,0.5,495.25,2.5,516.4643107396556,0.5,0.0,492.5,2.75,0.25,0.25,0.0,2.0,0.0,0.0,18.21431073965564,0.0,91680.0,0,0,0,35,SALT LAKE
1425,350520,0.0,0.0,0.0,1035.5,2.25,1012.0,21.25,1073.3524043124153,1.75,0.5,991.75,20.25,2.25,4.0,0.0,15.0,0.0,0.0,37.85240431241528,0.0,91680.0,0,0,0,35,SALT LAKE
1426,350521,307.0,1004.994405756603,0.3054743372117352,730.0,31.75,85.25,613.0,789.909461961196,29.25,2.5,0.0,85.25,16.75,226.5,0.0,369.75,0.0,0.0,37.907275677480285,22.00218628371575,91680.0,414,0,0,35,SALT LAKE
1427,350522,0.0,0.0,0.0,1092.75,14.25,975.75,102.75,1132.69670285311,10.5,3.75,719.75,256.0,35.5,23.25,2.0,42.0,0.0,0.0,39.94670285310978,0.0,91680.0,0,0,0,35,SALT LAKE
1428,350523,0.0,0.0,0.0,58.000033311319555,5.250003015248753,14.750008471413162,38.00002182465764,60.12172963963184,3.750002153749109,1.5000008614996436,0.0,14.750008471413162,2.750001579416013,4.500002584498931,0.0,30.750017660742696,0.0,0.0,2.121696328312289,0.0,91680.0,0,0,0,35,SALT LAKE
1429,350524,0.0,0.0,0.0,12.5,0.25,6.25,6.0,14.978832909673976,0.25,0.0,0.75,5.5,0.25,2.25,0.0,3.5,2.0222601322713767,0.0,0.4565727774025987,0.0,79063.0,0,0,0,35,SALT LAKE
1430,350525,34.5,83.17369738593314,0.4147945935349852,0.0,0.0,0.0,0.0,10.25813399794048,0.0,0.0,0.0,0.0,0.0,0.0,0.0,0.0,0.0,0.0,7.757888862513518,2.5002451354269617,79063.0,0,0,0,35,SALT LAKE
1431,350526,3.0,6.613198585773113,0.45363827519921457,0.25,0.0,0.25,0.0,0.3689206712094361,0.0,0.0,0.25,0.0,0.0,0.0,0.0,0.0,0.0,0.0,0.1189206712094362,0.0,67420.0,0,0,0,35,SALT LAKE
1432,350527,0.0,0.0,0.0,45.75,2.25,28.25,15.25,227.0670570609511,1.25,1.0,17.75,10.5,1.25,2.5,0.0,11.5,0.0,179.6443435410494,1.6727135199016976,0.0,67420.0,0,0,0,35,SALT LAKE
1433,350528,800.25,2529.931930843224,0.31631285816187055,281.5,2.0,268.25,11.25,379.0500380705175,1.25,0.75,259.5,8.75,2.25,1.25,1.0,6.75,0.0,0.0,39.54427423163048,58.005763838886985,67420.0,0,0,0,35,SALT LAKE
1434,350529,597.25,1839.145517751482,0.32474319961924,95.75,14.0,21.25,60.5,201.58608660159285,10.75,3.25,19.75,1.5,9.25,4.0,0.0,47.25,2.0222601322713767,0.0,60.559612901956406,43.254213567365056,79063.0,0,0,0,35,SALT LAKE
1435,350530,175.25,503.6289573941495,0.34797443122962857,118.75,26.75,2.75,89.25,182.26077520744695,15.25,11.5,1.0,1.75,19.5,2.5,0.0,67.25,0.0,0.0,51.009390566052105,12.501384641394887,87196.0,0,0,0,35,SALT LAKE
1436,350531,622.0,2217.78014568227,0.28046062239801056,105.0,0.0,12.75,92.25,176.58087476102278,0.0,0.0,0.0,12.75,3.0,82.0,2.0,5.25,0.0,0.0,26.576402817058742,45.00447194396404,87196.0,743,0,0,35,SALT LAKE
1437,350532,508.5,1275.1422533401997,0.39877903713722795,987.25,592.25,24.75,370.25,1079.9439398878126,468.25,124.0,10.5,14.25,51.25,73.75,7.0,238.25,1.0111300661356883,0.0,54.679132889973246,37.003676931703765,99059.0,0,0,0,35,SALT LAKE
1438,350533,687.0,2555.686606398311,0.2688123020561501,0.0,0.0,0.0,0.0,75.11912114481015,0.0,0.0,0.0,0.0,0.0,0.0,0.0,0.0,0.0,0.0,25.11415231818344,50.00496882662671,87196.0,0,0,0,35,SALT LAKE
1439,350534,0.0,0.0,0.0,1863.75,20.0,1144.25,699.5,1931.8805709329604,14.25,5.75,768.0,376.25,230.75,102.75,0.0,366.0,0.0,0.0,68.1305709329603,0.0,35942.0,0,0,0,35,SALT LAKE
1440,350535,0.0,0.0,0.0,1254.75,188.25,715.75,350.75,1300.6128978308443,173.5,14.75,328.0,387.75,46.75,101.75,0.0,202.25,0.0,0.0,45.86289783084446,0.0,35942.0,0,0,0,35,SALT LAKE
1441,350536,0.0,0.0,0.0,367.0,26.25,171.25,169.5,380.4133485005814,20.5,5.75,64.0,107.25,15.25,36.25,0.0,118.0,0.0,0.0,13.413348500581389,0.0,35942.0,0,0,0,35,SALT LAKE
1442,350537,0.0,0.0,0.0,389.75,101.25,113.0,175.5,403.9972425397196,66.5,34.75,0.0,113.0,19.5,22.0,0.0,134.0,0.0,0.0,14.247242539719611,0.0,35942.0,0,0,0,35,SALT LAKE
1443,350538,0.0,0.0,0.0,626.25,189.5,119.5,317.25,649.1420184076103,162.0,27.5,0.0,119.5,49.5,34.5,0.0,233.25,0.0,0.0,22.892018407610323,0.0,35942.0,0,0,0,35,SALT LAKE
1444,350539,273.0,635.177560438077,0.4298010776887553,353.25,68.25,44.25,240.75,425.3946099929648,45.25,23.0,10.75,33.5,52.75,33.0,0.0,155.0,0.0,0.0,52.142615820313495,20.00199417265129,35942.0,0,0,0,35,SALT LAKE
1445,350540,584.25,1176.6112362631563,0.49655313666350953,1253.25,228.5,52.5,972.25,1378.684948637902,149.5,79.0,11.5,41.0,257.5,149.5,0.75,564.5,0.0,0.0,82.68066220302322,42.75428643487867,35942.0,0,0,0,35,SALT LAKE
1446,350541,244.5,451.7306222574698,0.5412517725235019,420.0,126.75,13.5,279.75,462.2932861905426,46.25,80.5,7.75,5.75,68.25,45.5,99.0,67.0,0.0,0.0,24.29149741295705,18.001788777585617,35282.0,0,0,0,35,SALT LAKE
1447,350542,78.25,144.56391952945182,0.5412830549607381,208.0,25.0,68.5,114.5,227.4641309177005,21.25,3.75,0.0,68.5,16.0,20.0,15.0,63.5,0.0,0.0,13.463534658505251,6.000596259195206,64400.0,0,0,0,35,SALT LAKE
1448,350543,0.0,0.0,0.0,584.0,42.25,393.0,148.75,605.3478273218647,27.75,14.5,276.25,116.75,99.0,0.0,0.0,49.75,0.0,0.0,21.347827321864703,0.0,35942.0,0,0,0,35,SALT LAKE
1449,350544,199.0,558.841700029935,0.3560936844715423,836.0,53.0,39.5,743.5,905.0550161571022,40.75,12.25,5.25,34.25,244.5,82.0,0.0,417.0,0.0,0.0,54.55350564630376,14.50151051079844,35942.0,0,0,0,35,SALT LAKE
1450,350545,0.0,0.0,0.0,511.5,31.75,375.75,104.0,530.1982491444224,26.0,5.75,180.0,195.75,12.0,20.25,0.0,71.75,0.0,0.0,18.698249144422498,0.0,35942.0,0,0,0,35,SALT LAKE
1451,350546,0.0,0.0,0.0,1640.5,558.75,169.75,912.0,1700.4674688552018,499.75,59.0,106.75,63.0,145.75,128.25,0.0,638.0,0.0,0.0,59.96746885520176,0.0,35942.0,0,0,0,35,SALT LAKE
1452,350547,29.5,69.88361145511666,0.4221304449748797,624.75,65.25,201.75,357.75,679.1634253909756,60.25,5.0,72.25,129.5,32.25,53.5,0.0,272.0,0.0,0.0,52.41322663791046,2.0001987530650687,35942.0,0,0,0,35,SALT LAKE
1453,350548,238.25,693.9392067985935,0.34332978691193744,350.25,42.0,82.5,225.75,454.2359028286541,29.75,12.25,12.0,70.5,53.0,19.0,20.25,133.5,0.0,0.0,86.73408755959846,17.251815269055587,35942.0,0,0,0,35,SALT LAKE
1454,350549,191.25,398.4791780298116,0.4799497954838984,496.5,60.5,52.25,383.75,536.8925049122043,44.0,16.5,21.5,30.75,87.5,86.25,6.25,203.75,0.0,0.0,26.39111364074885,14.00139127145548,35942.0,0,0,0,35,SALT LAKE
1455,350550,493.0,1197.808261304502,0.41158507244146614,940.0,212.75,97.25,630.0,1076.8688555313613,172.5,40.25,28.75,68.5,149.75,82.25,0.0,398.0,0.0,0.0,100.86562244532682,36.003233086034506,35942.0,0,0,0,35,SALT LAKE
1456,350551,2.0,9.2266830465947,0.21676262096573717,418.5,36.0,47.5,335.0,434.1219115429337,33.5,2.5,4.0,43.5,6.5,269.25,1.0,58.25,0.0,0.0,15.62191154293374,0.0,35942.0,510,0,147,35,SALT LAKE
1457,350552,294.75,788.7019185365457,0.3737153328432563,1522.75,256.25,51.0,1215.5,1610.688326513265,171.0,85.25,0.0,51.0,267.25,251.75,68.0,628.5,0.0,0.0,66.68617997974033,21.25214653352481,55638.0,0,0,0,35,SALT LAKE
1458,350553,564.5,1050.1626750780513,0.5375357679304729,335.25,163.5,9.75,162.0,409.14476076585777,147.5,16.0,0.0,9.75,30.5,21.25,0.0,110.25,0.0,0.0,32.89068632802385,41.00407443783391,35282.0,0,0,0,35,SALT LAKE
1459,350554,421.5,1164.128803973883,0.36207333635347133,241.25,29.5,16.25,195.5,299.2327822866812,21.25,8.25,1.0,15.25,26.75,45.75,54.0,69.0,0.0,0.0,26.979701614172622,31.00308067250856,73969.0,0,0,0,35,SALT LAKE
1460,350555,484.25,894.6723244126845,0.541259617388847,0.0,0.0,0.0,0.0,52.70615611083228,0.0,0.0,0.0,0.0,0.0,0.0,0.0,0.0,0.0,0.0,17.70267793219358,35.0034781786387,64400.0,0,0,0,35,SALT LAKE
1461,350556,0.0,0.0,0.0,510.5,59.25,224.75,226.5,529.161829342754,51.5,7.75,36.25,188.5,106.25,37.75,0.0,82.5,0.0,0.0,18.661829342754,0.0,35942.0,0,0,0,35,SALT LAKE
1462,350557,0.0,0.0,0.0,1126.25,171.0,289.0,666.25,1167.4178194959964,133.0,38.0,76.75,212.25,91.5,121.5,14.0,439.25,0.0,0.0,41.16781949599631,0.0,35942.0,0,0,0,35,SALT LAKE
1463,350558,0.0,0.0,0.0,515.75,90.5,158.25,267.0,534.6037267128053,81.25,9.25,64.0,94.25,59.25,32.75,0.0,175.0,0.0,0.0,18.853726712805223,0.0,35942.0,0,0,0,35,SALT LAKE
1464,350559,223.0,459.9867739696949,0.4847965476822423,483.5,41.75,306.25,135.5,525.8249524258553,39.75,2.0,42.0,264.25,28.25,11.0,1.0,95.25,0.0,0.0,25.82327627790782,16.50167614794746,35942.0,0,0,0,35,SALT LAKE
1465,350560,126.5,269.1178517061516,0.47005428736152627,1047.0,151.25,110.5,785.25,1099.1487991759648,125.75,25.5,60.5,50.0,264.75,139.0,11.0,370.5,0.0,0.0,43.147904787171925,9.000894388792808,35942.0,0,0,0,35,SALT LAKE
1466,350561,152.75,372.3083910547232,0.410278155609843,862.5,121.0,23.75,717.75,946.3711486244808,96.0,25.0,13.0,10.75,94.75,171.25,52.25,399.5,0.0,0.0,72.62007535175152,11.251073272729204,35942.0,0,0,0,35,SALT LAKE
1467,350562,696.0,1571.2571390454304,0.4429574146105924,424.25,112.0,25.75,286.5,527.703674919657,88.25,23.75,18.5,7.25,34.75,51.5,38.0,162.25,0.0,0.0,52.94869946507365,50.50497545458336,44808.0,0,0,0,35,SALT LAKE
1468,350563,601.25,1685.4364678465142,0.3567325209049371,10.0,0.0,0.0,10.0,90.34766209857976,0.0,0.0,0.0,0.0,4.0,0.0,1.0,5.0,0.0,0.0,36.59328952412627,43.75437257445349,48770.0,0,0,0,35,SALT LAKE
1469,350564,280.5,576.573934715099,0.48649441660695736,1618.5,49.75,760.25,808.5,1707.9206340425856,40.0,9.75,139.75,620.5,38.75,68.0,204.0,497.75,0.0,0.0,69.41864651193492,20.001987530650684,35942.0,0,0,0,35,SALT LAKE
1470,350565,0.0,0.0,0.0,434.0,27.75,90.75,315.5,449.8646448464784,17.75,10.0,46.25,44.5,37.25,147.25,0.0,131.0,0.0,0.0,15.864644846478424,0.0,35942.0,0,0,0,35,SALT LAKE
1471,350566,18.5,56.96906074030798,0.3247376691768148,850.5,138.5,109.75,602.25,895.5035782927275,133.25,5.25,39.25,70.5,21.75,506.75,0.0,73.75,0.0,0.0,43.75344579396069,1.250132498766828,73990.0,0,0,0,35,SALT LAKE
1472,350567,114.75,260.5577244326405,0.4404014513477424,637.0,57.75,193.5,385.75,676.2315909409218,41.75,16.0,41.25,152.25,91.75,41.25,0.0,252.75,0.0,0.0,30.730835666918857,8.500755274002929,73990.0,0,0,0,35,SALT LAKE
1473,350568,123.75,319.9280727039389,0.3868056933988351,546.0,76.5,90.75,378.75,589.9824428663107,59.25,17.25,3.25,87.5,68.75,67.25,0.0,242.75,0.0,0.0,35.23158159975221,8.750861266558514,73990.0,0,0,0,35,SALT LAKE
1474,350569,169.75,380.5933711324157,0.44601407401008236,1457.0,229.25,224.5,1003.25,1536.2322074528668,164.75,64.5,20.5,204.0,322.75,132.0,39.5,509.0,0.0,0.0,66.98095530813484,12.251252144732003,73990.0,0,0,0,35,SALT LAKE
1475,350570,199.75,587.6449385299056,0.339916141368815,547.0,107.25,52.5,387.25,617.0391610395952,66.5,40.75,2.0,50.5,61.5,61.25,23.5,241.0,0.0,0.0,55.28776314720503,14.751397892390148,73990.0,0,0,0,35,SALT LAKE
1476,350571,487.5,1433.1117268743874,0.3401688722924877,877.0,276.25,10.75,590.0,974.1383122137972,163.0,113.25,0.0,10.75,79.5,187.75,0.0,322.75,0.0,0.0,61.88490689565001,35.25340531814706,32056.0,0,589,0,35,SALT LAKE
1477,350572,395.0,853.0329584419164,0.4630536207199734,392.25,73.25,29.75,289.25,452.776983318365,58.75,14.5,12.5,17.25,39.25,34.5,1.0,214.5,0.0,0.0,31.77413452115587,28.7528487972092,38639.0,0,0,0,35,SALT LAKE
1478,350573,501.5,1158.2610738124615,0.43297665037580274,332.25,77.0,5.75,249.5,407.2315942841476,63.5,13.5,0.0,5.75,31.5,44.25,2.0,171.75,0.0,0.0,38.47797697176341,36.50361731238415,61053.0,0,0,0,35,SALT LAKE
1479,350574,44.0,115.20269634236593,0.38193550495761225,5597.25,352.75,346.5,4898.0,5806.473142271049,231.25,121.5,0.0,346.5,627.0,3020.5,120.0,1130.5,0.0,0.0,206.2228441414521,3.000298129597603,36964.0,0,0,0,35,SALT LAKE
1480,350575,0.0,0.0,0.0,1690.75,45.5,1239.0,406.25,1752.5570640997648,42.25,3.25,877.75,361.25,20.5,5.25,0.0,380.5,0.0,0.0,61.80706409976491,0.0,33860.0,0,0,0,35,SALT LAKE
1481,350576,105.75,271.95788878885014,0.38884696623786846,1023.25,184.75,399.25,439.25,1108.7690283880986,160.0,24.75,259.25,140.0,75.0,69.25,0.0,295.0,0.0,0.0,77.7683128811382,7.750715506960354,73990.0,0,0,0,35,SALT LAKE
1482,350577,154.75,356.24316072459635,0.43439430439938687,456.0,154.75,67.75,233.5,521.3384209192548,151.75,3.0,6.5,61.25,63.5,13.25,1.5,155.25,0.0,0.0,54.08727477620428,11.251146143050496,73990.0,0,0,0,35,SALT LAKE
1483,350578,120.25,268.60536995084107,0.44768278468151107,847.5,175.25,69.0,603.25,910.3880508711568,92.5,82.75,19.5,49.5,101.0,63.25,164.0,275.0,0.0,0.0,54.13716310049101,8.750887770665814,73990.0,0,0,0,35,SALT LAKE
1484,350579,79.75,235.1124185717409,0.3391994369521809,1470.25,499.0,46.0,925.25,1556.9192437256982,301.0,198.0,17.5,28.5,99.0,112.5,10.25,703.5,0.0,0.0,81.16862096520313,5.50062276049483,73990.0,0,0,0,35,SALT LAKE
1485,350580,836.0,1979.697004900912,0.4222868438606561,664.5,193.25,18.25,453.0,790.6074993133001,100.0,93.25,0.75,17.5,51.5,58.75,3.0,339.75,0.0,0.0,65.10143734481551,61.00606196848459,31220.0,0,0,0,35,SALT LAKE
1486,350581,798.5,1756.0125647239552,0.45472339779386717,144.25,26.75,83.25,34.25,244.46871123991167,12.75,14.0,0.0,83.25,13.0,0.0,5.0,16.25,0.0,0.0,42.21294740102466,58.005763838886985,37045.0,0,0,0,35,SALT LAKE
1487,350582,371.0,791.8375769818492,0.46853042945258483,128.75,8.25,3.0,117.5,180.5200941368115,5.5,2.75,0.0,3.0,15.0,21.0,31.0,50.5,0.0,0.0,24.76741097043307,27.002683166378425,66057.0,0,0,0,35,SALT LAKE
1488,350583,1104.5,2725.7851904666118,0.40520434400442495,51.0,0.0,0.0,51.0,173.24871458237027,0.0,0.0,0.0,0.0,0.0,51.0,0.0,0.0,0.0,0.0,42.24076445976755,80.00795012260274,36964.0,0,0,0,35,SALT LAKE
1489,350584,274.75,625.6600819714461,0.4391362145628128,356.0,52.25,132.25,171.5,464.8135521394461,46.5,5.75,38.0,94.25,47.5,8.75,0.0,115.25,0.0,0.0,88.81156460879544,20.001987530650684,33860.0,0,0,0,35,SALT LAKE
1490,350585,0.0,0.0,0.0,23.0,0.0,23.0,0.0,23.840794036853303,0.0,0.0,23.0,0.0,0.0,0.0,0.0,0.0,0.0,0.0,0.8407940368533028,0.0,73990.0,0,0,0,35,SALT LAKE
1491,350586,2.25,3.950351780162249,0.5695695282883358,1142.75,154.75,365.75,622.25,1194.105403911284,104.5,50.25,127.75,238.0,135.25,157.0,0.0,330.0,0.0,0.0,51.35540391128397,0.0,73990.0,0,0,0,35,SALT LAKE
1492,350587,482.5000003715501,905.462223435561,0.5328770078787148,269.000000207144,29.25000002252402,40.75000003137962,199.00000015324036,332.72124750382056,25.250000019443814,4.000000003080208,8.500000006545442,32.25000002483418,35.500000027336846,43.500000033497265,6.500000005005338,113.5000000874009,0.0,0.0,28.717769091083373,35.003478205593204,73990.0,0,0,0,35,SALT LAKE
1493,350588,332.75,742.5338651793688,0.4481277091915799,1161.75,42.0,518.5,601.25,1247.8875518070674,27.5,14.5,374.25,144.25,289.5,79.25,6.0,226.5,0.0,0.0,61.885107143945206,24.25244466312241,73990.0,0,0,0,35,SALT LAKE
1494,350589,29.75,88.83942195901786,0.3348738582937184,1414.75,306.5,57.0,1051.25,1482.0513526685684,207.0,99.5,10.25,46.75,116.0,152.0,216.0,567.25,0.0,0.0,64.80110092133256,2.5002517472357098,73990.0,0,0,0,35,SALT LAKE
1495,350590,444.0,829.9801339319217,0.5349525631373951,968.75,274.5,81.0,613.25,1064.665909838831,227.75,46.75,30.5,50.5,90.25,106.5,36.75,379.75,0.0,0.0,63.662670163448304,32.25323967538269,38104.0,0,0,0,35,SALT LAKE
1496,350591,361.0,790.9771141688709,0.4563975284914852,477.5,24.25,16.5,436.75,541.400269605031,16.75,7.5,7.0,9.5,75.75,195.75,68.75,96.5,0.0,0.0,37.8976858151851,26.002583789845893,37045.0,1377,111,167,35,SALT LAKE
1497,350592,257.75,549.9982333388003,0.468637868953345,683.75,14.5,5.0,664.25,743.4166663213265,3.25,11.25,0.0,5.0,221.5,78.75,331.25,32.75,0.0,0.0,40.91480466429373,18.75186165703283,66057.0,27,48,504,35,SALT LAKE
1498,350593,256.5,591.4703159459857,0.43366504300348374,10.0,10.0,0.0,0.0,45.99277086793795,10.0,0.0,0.0,0.0,0.0,0.0,0.0,0.0,0.0,0.0,17.24091583605409,18.751855031883856,55218.0,0,0,0,35,SALT LAKE
1499,350594,446.5,1221.4344402407069,0.3655537991150869,158.5,11.5,1.0,146.0,222.62195310955943,1.75,9.75,0.0,1.0,37.5,87.0,0.0,21.5,0.0,0.0,31.61871344119872,32.503239668360706,85912.0,0,0,0,35,SALT LAKE
1500,350595,340.0,933.635099084825,0.36416797133406553,0.0,0.0,0.0,0.0,54.93273679260994,0.0,0.0,0.0,0.0,0.0,0.0,0.0,0.0,0.0,0.0,30.180232510167915,24.75250428244203,62937.0,0,0,0,35,SALT LAKE
1501,350596,508.75,1221.83412306952,0.4163822162061626,292.5,3.5,2.25,286.75,375.5448576286567,2.75,0.75,1.0,1.25,21.0,148.25,3.0,114.5,0.0,0.0,46.04118069695293,37.003676931703765,106825.0,406,0,0,35,SALT LAKE
1502,350597,627.25,1761.8112493151905,0.3560256527160953,410.5,134.25,6.75,269.5,516.443231114241,57.25,77.0,1.0,5.75,33.0,73.25,13.75,149.5,0.0,0.0,60.18871942008602,45.754511694154985,96711.0,513,0,0,35,SALT LAKE
1503,350598,574.5,1537.5258475876535,0.37365225495322807,1431.75,536.25,49.0,846.5,1578.566434464161,422.5,113.75,30.5,18.5,88.0,164.5,0.0,594.0,0.0,0.0,105.31214805806756,41.50428640609344,106978.0,0,0,0,35,SALT LAKE
1504,350599,903.5,2023.1901677103133,0.4465719606686849,56.0,0.0,0.0,56.0,216.330893891139,0.0,0.0,0.0,0.0,0.0,53.0,3.0,0.0,0.0,0.0,94.57437478737502,65.75651910376399,106986.0,295,0,0,35,SALT LAKE
1505,350600,344.75,757.9354298603222,0.45485405011813873,250.0,63.25,6.0,180.75,306.9969796123841,42.0,21.25,1.0,5.0,26.75,70.0,0.0,84.0,0.0,0.0,31.744435572729166,25.25254403965495,55182.0,324,0,0,35,SALT LAKE
1506,350601,344.25,636.9227897532987,0.5404893741254563,548.75,77.25,32.25,439.25,614.6474957554276,64.75,12.5,5.0,27.25,190.75,68.75,3.0,176.75,0.0,0.0,40.895011342114216,25.002484413313358,49157.0,0,0,0,35,SALT LAKE
1507,350602,861.0,2140.314616993946,0.4022773068798957,535.0,106.0,38.5,390.5,709.7855212033863,59.75,46.25,0.0,38.5,57.25,76.25,9.0,248.0,0.0,0.0,112.02945918996868,62.75606201341772,46273.0,0,0,0,35,SALT LAKE
1508,350603,510.0,1193.5415462530011,0.4272997463733807,287.25,64.75,25.25,197.25,363.64855165433926,60.0,4.75,5.0,20.25,32.75,33.75,31.75,99.0,0.0,0.0,39.394874722635485,37.003676931703765,90985.0,0,0,0,35,SALT LAKE
1509,350604,416.75,935.3554854647392,0.4455525267945954,21.0,0.25,2.25,18.5,74.25592278407457,0.25,0.0,0.0,2.25,11.25,2.25,1.0,4.0,0.0,0.0,23.002881861756958,30.25304092231762,106530.0,0,0,0,35,SALT LAKE
1510,350605,318.25,711.4563008417254,0.44732192212434946,118.75,22.5,4.75,91.5,174.7294314905139,6.0,16.5,1.0,3.75,21.25,21.75,9.5,39.0,0.0,0.0,32.97714583026561,23.002285660248287,71881.0,0,0,0,35,SALT LAKE
1511,350606,424.0,1143.0335176430212,0.3709427531699194,401.0,91.25,11.5,298.25,481.4233814133305,68.0,23.25,0.0,11.5,70.5,48.5,3.75,175.5,0.0,0.0,49.42022787050061,31.003153542829853,51794.0,0,0,0,35,SALT LAKE
1512,350607,435.0,1172.5275792173256,0.3709934057929512,192.25,18.0,2.0,172.25,262.4354509784147,11.75,6.25,0.0,2.0,32.25,22.5,39.75,77.75,0.0,0.0,38.6822841824792,31.503166795935478,74894.0,0,0,0,35,SALT LAKE
1513,350608,526.25,741.1318432372004,0.7100625952076017,578.5,213.25,45.5,319.75,668.6388642507652,202.0,11.25,0.0,45.5,62.75,63.75,9.25,184.0,0.0,0.0,51.88506144544361,38.25380280532162,52063.0,0,0,0,35,SALT LAKE
1514,350609,277.75,590.8272500754331,0.47010357082300896,413.75,45.75,23.75,344.25,472.7859419524488,32.25,13.5,6.0,17.75,62.75,80.25,5.75,195.5,0.0,0.0,38.78392129956383,20.252020652884976,41199.0,0,0,0,35,SALT LAKE
1515,350610,365.75,819.7443573245368,0.44617568481194136,165.0,32.25,1.75,131.0,228.42729734226864,25.75,6.5,0.0,1.75,24.0,12.0,27.5,67.5,0.0,0.0,36.924673795209785,26.50262354705881,81057.0,0,0,0,35,SALT LAKE
1516,350611,243.0,520.3696811548734,0.4669757074637826,504.0,84.25,37.75,382.0,559.0575735126907,77.0,7.25,19.0,18.75,36.25,38.5,154.0,153.25,0.0,0.0,37.30576486597645,17.751808646714288,56355.0,0,0,0,35,SALT LAKE
1517,350612,250.75,656.9236794145833,0.38170339699652106,370.75,43.75,14.5,312.5,424.47082229315134,16.75,27.0,1.0,13.5,57.5,71.0,27.0,157.0,0.0,0.0,35.218947392138844,18.501874901012528,121244.0,0,0,0,35,SALT LAKE
1518,350613,231.75,578.8344815927414,0.4003735219130493,51.25,1.75,1.0,48.5,85.84736222897791,0.75,1.0,0.0,1.0,0.25,1.0,0.0,47.25,0.0,0.0,17.59567282792483,17.00168940105308,76631.0,0,0,0,35,SALT LAKE
1519,350614,483.75,1467.821117317839,0.3295701324177432,1063.75,184.25,32.5,847.0,1181.5619908177312,57.5,126.75,0.0,32.5,121.5,353.25,86.5,285.75,0.0,0.0,82.80830065678902,35.00369016094219,60917.0,0,726,0,35,SALT LAKE
1520,350615,353.0,901.9998289066564,0.39135262412176164,253.0,68.0,5.0,180.0,332.9047229891804,59.5,8.5,0.0,5.0,29.0,35.75,19.5,95.75,0.0,0.0,54.15216569641978,25.75255729276057,60952.0,0,0,0,35,SALT LAKE
1521,350616,743.75,2266.628251959005,0.32813056104687244,661.25,89.25,55.25,516.75,799.8685827820111,38.5,50.75,5.25,50.0,82.25,142.75,89.0,202.75,0.0,0.0,84.3631899521689,54.255392829842165,86077.0,0,0,0,35,SALT LAKE
1522,350617,425.5,706.4831963873579,0.6022790098558869,1406.75,86.5,50.75,1269.5,1509.2312764575834,43.0,43.5,5.75,45.0,175.75,242.75,441.75,409.25,0.0,0.0,71.47819578507487,31.00308067250856,52063.0,0,0,0,35,SALT LAKE
1523,350618,417.75,868.3429578153887,0.48108871758572425,424.0,79.0,6.0,339.0,486.7713330116612,19.5,59.5,1.0,5.0,120.0,34.0,59.5,125.5,0.0,0.0,32.5183185934509,30.25301441821032,41199.0,0,0,0,35,SALT LAKE
1524,350619,249.75,559.4262491161833,0.44643954479177683,1327.5,85.0,22.25,1220.25,1408.15883009157,37.0,48.0,0.0,22.25,96.25,173.75,746.5,203.75,0.0,0.0,62.65704131398425,18.001788777585617,81057.0,398,0,0,35,SALT LAKE
1525,350620,566.5,1141.8568059048966,0.49612175280687765,1610.5,172.0,76.5,1362.0,1745.32739038458,123.5,48.5,2.0,74.5,214.0,411.5,255.0,481.5,0.0,0.0,93.823315946746,41.00407443783391,49685.0,0,0,0,35,SALT LAKE
1526,350621,136.25,335.828695781712,0.40571279855299275,205.25,45.75,1.0,158.5,259.7343793451632,9.25,36.5,1.0,0.0,14.0,84.25,5.5,54.75,0.0,0.0,44.48338557983782,10.000993765325342,121244.0,654,0,0,35,SALT LAKE
1527,350622,201.0,493.2472079245296,0.40750357380787133,0.0,0.0,0.0,0.0,38.59999935652707,0.0,0.0,0.0,0.0,0.0,0.0,0.0,0.0,0.0,0.0,23.848488839410383,14.751510517116683,76631.0,0,0,0,35,SALT LAKE
1528,350623,345.75,1086.2545421958644,0.3182955620153874,312.5,39.75,4.5,268.25,389.0632413628646,29.5,10.25,0.0,4.5,36.0,29.75,10.0,192.5,0.0,0.0,51.31073045246595,25.25251091039868,124702.0,0,0,0,35,SALT LAKE
1529,350624,453.25,1211.3958734801352,0.3741551460777966,118.25,35.5,2.5,80.25,200.1176098461049,35.0,0.5,0.0,2.5,23.5,9.25,0.0,47.5,0.0,0.0,49.11434368065888,32.75326616544603,53280.0,0,0,0,35,SALT LAKE
1530,350625,745.0,2150.5545756372157,0.34642227099921624,532.75,1.25,0.0,531.5,664.7129458705632,1.0,0.25,0.0,0.0,0.25,530.75,0.0,0.5,0.0,0.0,77.707599406935,54.25534646362817,108749.0,470,840,2138,35,SALT LAKE
1531,350626,1363.5000115311625,3608.817499642147,0.3778245953602165,317.2500026829932,167.75000141866704,12.500000105712894,137.00000115861332,626.6925550694438,70.50000059622072,97.25000082244631,8.500000071884768,4.000000033828126,22.00000018605469,21.750000183940436,2.7500000232568365,90.50000076536135,0.0,0.0,210.1828259322274,99.25972645422314,117068.0,0,0,0,35,SALT LAKE
1532,350627,527.75,1019.5787616943792,0.5176157250695991,682.25,100.75,208.0,373.5,765.242649477486,73.5,27.25,27.75,180.25,96.25,33.75,1.0,242.5,0.0,0.0,44.23876054873745,38.75388892874854,38438.0,0,0,0,35,SALT LAKE
1533,350628,0.0,0.0,0.0,419.0,16.25,310.5,92.25,434.3161185914199,14.75,1.5,145.75,164.75,24.75,11.5,0.0,56.0,0.0,0.0,15.316118591419857,0.0,38438.0,0,0,0,35,SALT LAKE
1534,350629,611.0,1350.872941024261,0.4523001249375286,969.25,182.25,149.0,638.0,1207.733584261009,142.5,39.75,45.75,103.25,93.0,65.25,16.0,463.75,0.0,0.0,193.7292514521968,44.75433280881196,38438.0,0,0,0,35,SALT LAKE
1535,350630,549.25,1158.6124049767905,0.47405844926285134,645.5,108.0,80.25,457.25,745.6780852416581,79.5,28.5,8.5,71.75,62.25,47.75,0.75,346.5,0.0,0.0,60.17411018035676,40.00397506130137,38438.0,0,0,0,35,SALT LAKE
1536,350631,476.25,985.2929324415476,0.4833587903851665,978.25,142.0,147.5,688.75,1090.6980027365055,113.75,28.25,30.0,117.5,165.5,105.75,4.0,413.5,0.0,0.0,77.444524557867,35.0034781786387,49408.0,0,0,0,35,SALT LAKE
1537,350632,515.0,1060.8130724491248,0.4854766719748344,196.25,5.5,9.0,181.75,267.2533534757108,4.5,1.0,1.0,8.0,17.0,25.75,24.0,115.0,0.0,0.0,33.49966329090143,37.503690184809386,49629.0,0,0,0,35,SALT LAKE
1538,350633,813.0,1651.2735528620206,0.49234725439094695,410.0,56.25,33.5,320.25,519.2131084589671,45.25,11.0,0.0,33.5,39.0,44.0,121.25,116.0,0.0,0.0,50.207245243547625,59.00586321541952,48753.0,0,0,0,35,SALT LAKE
1539,350634,669.25,1385.5230317834478,0.48303058458619785,1012.25,260.75,35.25,716.25,1129.5208129438972,259.75,1.0,16.0,19.25,83.0,84.0,231.5,317.75,0.0,1.796443435410494,66.46950005839253,49.004869450094176,45123.0,567,0,0,35,SALT LAKE
1540,350635,562.25,1114.439048799215,0.5045139082355493,748.75,38.0,84.25,626.5,839.4774796083658,31.0,7.0,47.25,37.0,83.25,82.75,341.25,119.25,0.0,1.796443435410494,47.92696173512133,41.00407443783391,45123.0,0,0,0,35,SALT LAKE
1541,350636,485.25,950.296443625523,0.5106301336335625,628.25,293.5,11.0,323.75,727.7099606350561,253.0,40.5,0.0,11.0,82.25,51.75,23.75,166.0,0.0,0.0,64.20650232554597,35.25345830951002,62849.0,0,0,0,35,SALT LAKE
1542,350637,272.0,520.2513599036882,0.522824197999894,3717.25,72.25,15.75,3629.25,3887.3532373211992,25.5,46.75,8.0,7.75,387.75,2283.25,200.0,758.25,0.0,0.0,150.10124979054854,20.001987530650684,62849.0,0,0,0,35,SALT LAKE
1543,350638,306.75,600.9122829067736,0.5104738390704349,351.5,69.0,9.75,272.75,416.0616837939811,17.5,51.5,0.0,9.75,42.5,59.75,59.0,111.5,0.0,0.0,42.30951737939404,22.25216641458708,50696.0,0,0,0,35,SALT LAKE
1544,350639,352.75,658.3883708917206,0.5357779930441903,185.0,15.0,10.25,159.75,236.90994150248355,12.25,2.75,0.0,10.25,53.0,25.5,22.25,59.0,0.0,0.0,25.907357712637666,26.002583789845893,50696.0,0,0,0,35,SALT LAKE
1545,350640,214.0,405.9272585968265,0.5271880502426378,2610.0,0.0,1.0,2609.0,2740.735857559259,0.0,0.0,0.0,1.0,16.0,0.0,2445.0,148.0,0.0,0.0,115.23435365816503,15.501503901093637,64742.0,0,0,0,35,SALT LAKE
1546,350641,312.25,788.1356659949104,0.396188135459938,25.5,0.0,0.0,25.5,65.34858589051797,0.0,0.0,0.0,0.0,4.25,0.25,10.0,11.0,0.0,0.0,16.846300230269673,23.002285660248287,78750.0,0,0,0,35,SALT LAKE
1547,350642,259.5,526.6673373867255,0.4927208914978759,416.75,120.25,29.75,266.75,465.7549299606307,32.5,87.75,20.75,9.0,40.25,49.0,83.0,94.5,0.0,0.0,30.003041806512545,19.00188815411815,59820.0,0,0,0,35,SALT LAKE
1548,350643,686.5,1467.1739552723725,0.4679063430297569,1004.0,117.0,65.5,821.5,1139.302006072175,59.0,58.0,0.0,65.5,204.75,65.75,174.5,376.5,0.0,0.0,85.2970372455482,50.00496882662671,62016.0,0,0,0,35,SALT LAKE
1549,350644,1111.0,1761.5970784376393,0.6306777035446415,2458.0,583.5,93.75,1780.75,2684.482716696425,507.75,75.75,0.0,93.75,442.25,352.5,237.0,749.0,0.0,0.0,145.72464732816096,80.75806936826395,47981.0,0,0,0,35,SALT LAKE
1550,350645,107.0,207.53344029061847,0.515579560817587,214.25,7.75,6.5,200.0,234.9937848938504,5.0,2.75,0.0,6.5,25.25,34.5,81.0,59.25,0.0,0.0,12.742989881590104,8.000795012260273,64742.0,0,0,0,35,SALT LAKE
1551,350646,681.5,1381.1946066454989,0.4934134529059276,1011.75,176.0,39.75,796.0,1147.3999370107435,121.5,54.5,1.0,38.75,171.75,77.25,292.0,255.0,0.0,0.0,85.89499468120218,49.75494232954139,55224.0,0,0,0,35,SALT LAKE
1552,350647,648.5,1638.9552444987053,0.3956788949403873,1.0,0.0,0.0,1.0,71.74815501101844,0.0,0.0,0.0,0.0,0.0,0.0,1.0,0.0,0.0,0.0,23.743484313989327,47.00467069702911,78750.0,0,0,0,35,SALT LAKE
1553,350648,353.0,718.3638997521359,0.4913944034796278,475.25,17.0,34.0,424.25,539.0284817467025,12.75,4.25,23.5,10.5,89.5,82.25,104.5,148.0,0.0,0.0,38.27599070543253,25.502491041270005,59820.0,0,0,0,35,SALT LAKE
1554,350649,700.500009296014,1801.2646611188588,0.3888934393799172,225.00000298587176,0.0,0.0,225.00000298587176,354.5841488963986,0.0,0.0,0.0,0.0,0.2500000033176353,224.25000297591885,0.0,0.5000000066352706,0.0,0.0,78.57912339671729,51.005022513809486,143361.0,397,603,0,35,SALT LAKE
1555,350650,547.2500044714645,1365.5453287283558,0.4007556490131918,356.7500029149291,0.750000006128092,37.7500003084473,318.2500026003537,478.80387557829823,0.25000000204269734,0.5000000040853947,23.75000019405625,14.000000114391051,128.50000104994643,0.25000000204269734,116.00000094781157,73.50000060055302,0.0,0.0,82.29990391222506,39.75396875114404,146175.0,0,0,0,35,SALT LAKE
1556,350651,252.0,511.3036464747429,0.49285781890555747,74.5,2.25,12.0,60.25,104.43721663615383,2.25,0.0,0.0,12.0,16.25,4.25,6.0,33.75,0.0,0.0,11.935427858568216,18.001788777585617,59906.0,0,0,0,35,SALT LAKE
1557,350652,897.0,2503.8324322533244,0.35825081121452873,27.0,1.25,16.5,9.25,125.78448614349864,1.0,0.25,0.0,16.5,0.75,2.0,0.0,6.5,0.0,0.0,33.778026668883896,65.00645947461473,66195.0,0,0,0,35,SALT LAKE
1558,350653,241.0,573.4187730217196,0.4202862050190874,1213.75,177.75,322.0,714.0,1397.4185005609445,129.5,48.25,161.25,160.75,122.25,123.0,0.0,468.75,0.0,0.0,165.66671178335864,18.001788777585617,58960.0,0,0,0,35,SALT LAKE
1559,350654,1007.5,2856.419258474007,0.3527143282664463,133.0,0.25,0.0,132.75,248.4497151544286,0.25,0.0,0.0,0.0,0.25,132.5,0.0,0.0,0.0,0.0,42.44246066755356,73.007254486875,47504.0,724,0,0,35,SALT LAKE
1560,350655,955.75,2559.1816004309894,0.3734592339359751,85.0,0.0,0.0,85.0,194.3030223857009,0.0,0.0,0.0,0.0,0.0,84.75,0.0,0.25,0.0,0.0,39.54604615929482,69.75697622640607,47848.0,637,0,0,35,SALT LAKE
1561,350656,416.75,1015.9115056308476,0.41022273858510144,357.75,34.0,4.0,319.75,416.0667579978644,24.0,10.0,0.0,4.0,17.25,239.75,6.0,56.75,0.0,0.0,28.31377670188836,30.002981295976028,50979.0,0,565,0,35,SALT LAKE
1562,350657,721.0,3468.7684767421933,0.20785474869085255,344.0,9.5,2.25,332.25,441.1880383849502,9.0,0.5,2.0,0.25,3.75,244.25,0.0,84.25,0.0,0.0,45.182870805258375,52.00516757969178,66086.0,428,710,0,35,SALT LAKE
1563,350658,897.0,2457.922934188944,0.3649422801353976,483.0,116.0,19.5,347.5,598.4543030448356,53.0,63.0,2.5,17.0,75.5,102.75,1.0,168.25,0.0,0.0,50.447843570220826,65.00645947461473,85020.0,0,0,0,35,SALT LAKE
1564,350659,629.0,1939.9712225050932,0.32423161369773806,176.75,5.0,37.5,134.25,252.20985565403475,3.75,1.25,0.0,37.5,9.75,84.5,0.0,40.0,0.0,0.0,29.45528433353813,46.004571320496574,69902.0,342,0,0,35,SALT LAKE
1565,350660,654.0,1754.977777655056,0.37265429131179856,0.0,0.0,0.0,0.0,71.91256573017296,0.0,0.0,0.0,0.0,0.0,0.0,0.0,0.0,0.0,0.0,23.907795656611302,48.004770073561644,66698.0,0,0,0,35,SALT LAKE
1566,350661,368.00000005724576,1081.2975719462688,0.34033184722210047,369.00000005740134,35.75000000556124,0.2500000000388898,333.0000000518012,422.9446486739489,0.2500000000388898,35.50000000552235,0.2500000000388898,0.0,0.2500000000388898,310.00000004822334,0.0,22.750000003538972,0.0,0.0,26.941965445968638,27.002683170578937,73196.0,0,0,2265,35,SALT LAKE
1567,350662,487.25,1435.4093974581824,0.33945019508916446,117.75,22.0,10.5,85.25,177.12007802942898,5.75,16.25,1.5,9.0,3.0,65.5,0.0,16.75,0.0,0.0,24.11661971991896,35.25345830951002,47310.0,346,0,0,35,SALT LAKE
1568,350663,312.0,840.1743531394186,0.3713514925017316,717.75,109.75,45.75,562.25,795.9506897768139,64.0,45.75,14.75,31.0,110.25,116.25,59.25,276.5,0.0,0.0,55.44847033786425,22.75221943894958,51187.0,0,0,0,35,SALT LAKE
1569,350664,357.5,929.2421735837996,0.38472209953755443,684.75,201.25,19.25,464.25,811.0921808198709,138.25,63.0,0.75,18.5,98.75,52.5,0.0,313.0,0.0,0.0,100.58955065678902,25.75263016308186,37570.0,0,0,0,35,SALT LAKE
1570,350665,493.9999999667537,1904.4418015164158,0.2593935921661692,811.4999999453859,210.7499999858165,26.999999998182897,573.7499999613865,895.2274990420196,149.49999998993863,61.249999995877864,1.4999999998990496,25.499999998283847,16.24999999890637,76.24999999486836,0.0,481.2499999676118,0.0,0.0,47.72392154388555,36.00357755274818,77608.0,574,0,0,35,SALT LAKE
1571,350666,832.9999998452802,2710.188364795737,0.3073587100681329,91.9999999829121,3.4999999993499165,18.499999996563844,69.99999998699833,186.8212573520022,2.74999999948922,0.7499999998606964,1.4999999997213929,16.99999999684245,1.9999999996285238,52.74999999020232,0.0,15.249999997167494,0.0,0.0,33.815195411936685,61.006061957153435,74875.0,0,0,0,35,SALT LAKE
1572,350667,442.0,1315.1306391133146,0.3360882842011837,0.0,0.0,0.0,0.0,48.16104806161326,0.0,0.0,0.0,0.0,0.0,0.0,0.0,0.0,0.0,0.0,16.157868012572166,32.00318004904109,64459.0,0,0,0,35,SALT LAKE
1573,350668,465.5,1208.5661152762946,0.3851671779607857,4058.75,238.5,115.0,3705.25,4339.556484085527,163.5,75.0,0.0,115.0,610.5,2035.0,49.0,1010.75,0.0,0.0,247.0534497925796,33.75303429294792,58856.0,0,0,0,35,SALT LAKE
1574,350669,269.75,697.8136124838869,0.3865645427004747,0.0,0.0,0.0,0.0,29.863155324123923,0.0,0.0,0.0,0.0,0.0,0.0,0.0,0.0,0.0,0.0,9.86116779347324,20.001987530650684,65114.0,0,0,0,35,SALT LAKE
1575,350670,379.75,963.1844543844044,0.39426508419169604,1072.25,268.25,28.75,775.25,1158.5832235246132,171.75,96.5,4.0,24.75,117.75,168.25,80.0,409.25,0.0,0.0,58.58050060804396,27.752722916569365,69166.0,447,0,0,35,SALT LAKE
1576,350671,509.75,1293.187125477861,0.394181159058196,482.25,167.5,9.0,305.75,560.5171935329539,112.5,55.0,0.0,9.0,32.75,107.75,0.0,165.25,0.0,0.0,41.26351660125011,37.003676931703765,56691.0,430,0,0,35,SALT LAKE
1577,350672,1275.75,2512.331900053817,0.5077951682947114,2931.25,443.0,793.0,1695.25,3178.8045992084385,433.75,9.25,585.75,207.25,955.25,91.5,203.5,445.0,0.0,0.0,154.5453571909131,93.00924201752568,41142.0,0,0,0,35,SALT LAKE
1578,350673,597.0,1172.1438549341174,0.5093231496176343,1113.25,137.75,11.5,964.0,1218.787177064101,88.0,49.75,0.0,11.5,264.5,53.75,236.5,409.25,0.0,0.0,62.53290387320189,43.00427319089897,41142.0,0,0,0,35,SALT LAKE
1579,350674,312.75,811.3774750929301,0.38545561049027094,0.0,0.0,0.0,0.0,34.43549380930664,0.0,0.0,0.0,0.0,0.0,0.0,0.0,0.0,0.0,0.0,11.433208149058355,23.002285660248287,65114.0,0,0,0,35,SALT LAKE
1580,350675,165.75,527.287029961154,0.3143449214220404,1896.25,50.0,30.75,1815.5,1987.131007680645,30.0,20.0,0.0,30.75,1.75,1793.75,14.75,5.25,0.0,0.0,78.87981516225507,12.001192518390411,60975.0,0,0,0,35,SALT LAKE
1581,350676,754.0,2073.0492425216366,0.36371543161359826,316.0,123.0,22.75,170.25,416.12194563622256,34.5,88.5,3.75,19.0,1.0,120.75,15.75,32.75,0.0,0.0,45.11647992693317,55.00546570928938,73963.0,0,1218,0,35,SALT LAKE
1582,350677,813.5,1615.2151193803652,0.5036480839233834,236.75,28.75,31.0,177.0,334.14938570669875,6.75,22.0,0.0,31.0,79.25,28.0,14.75,55.0,0.0,0.0,38.3935224912792,59.00586321541952,35964.0,0,0,0,35,SALT LAKE
1583,350678,280.0,1065.3504845239231,0.26282430436507903,785.75,157.75,18.0,610.0,854.961660505397,74.0,83.75,0.0,18.0,79.0,90.0,120.0,321.0,0.0,0.0,48.959646477661046,20.252014027736003,78846.0,0,0,0,35,SALT LAKE
1584,350679,205.75,786.2076109558661,0.261699323604678,0.0,0.0,0.0,0.0,24.7730914411109,0.0,0.0,0.0,0.0,0.0,0.0,0.0,0.0,0.0,0.0,9.771600793122884,15.001490647988014,79994.0,0,0,0,35,SALT LAKE
1585,350680,743.5,2410.0573554462253,0.30849888211989873,118.5,16.25,0.0,102.25,214.76659562879684,7.0,9.25,0.0,0.0,0.25,53.75,9.0,39.25,0.0,0.0,42.26122929603997,54.00536633275685,77028.0,520,0,0,35,SALT LAKE
1586,350681,269.0,676.4468064969972,0.3976661541105141,308.25,39.5,13.0,255.75,350.10435772786514,30.25,9.25,5.75,7.25,33.75,38.0,66.0,118.0,0.0,0.0,21.85237019721442,20.001987530650684,83761.0,0,0,0,35,SALT LAKE
1587,350682,512.0,1326.681683179655,0.3859252799608198,358.0,18.5,9.75,329.75,436.32107357746617,13.5,5.0,0.0,9.75,40.75,186.75,2.0,100.25,0.0,0.0,40.81738339265676,37.503690184809386,72190.0,0,0,0,35,SALT LAKE
1588,350683,475.0,1196.5866593486394,0.3969624734564279,141.75,35.0,2.25,104.5,206.29800081370172,16.75,18.25,0.0,2.25,10.75,12.25,11.0,70.5,0.0,0.0,30.04461538363892,34.503385430062814,68224.0,0,0,0,35,SALT LAKE
1589,350684,947.25,2414.437277478615,0.3923274416095863,2612.0,666.75,124.75,1820.5,2885.866422659449,325.0,341.75,52.75,72.0,281.5,358.25,247.5,933.25,0.0,0.0,205.1096518091529,68.75677085029596,46164.0,606,0,0,35,SALT LAKE
1590,350685,509.75,1206.6837025973457,0.42243878731666007,281.25,29.0,12.5,239.75,376.1723377244204,17.0,12.0,0.0,12.5,54.0,61.5,6.25,118.0,0.0,0.0,57.91866079271668,37.003676931703765,53461.0,0,0,0,35,SALT LAKE
1591,350686,788.75,2039.995813375188,0.3866429503573379,14.75,5.0,0.0,9.75,126.42355971558872,0.0,5.0,0.0,0.0,6.5,0.0,1.0,2.25,0.0,1.796443435410494,52.37139219850414,57.50572408167407,75254.0,0,0,0,35,SALT LAKE
1592,350687,393.75,1004.1785154451512,0.3921115558078347,457.5,14.75,18.5,424.25,538.8690510013606,8.75,6.0,0.0,18.5,53.25,69.0,115.75,186.25,0.0,0.0,52.36616908191711,29.002881919443496,37528.0,0,0,0,35,SALT LAKE
1593,350688,244.0,629.1296505808418,0.38783738737274237,0.0,0.0,0.0,0.0,27.671705485719443,0.0,0.0,0.0,0.0,0.0,0.0,0.0,0.0,0.0,0.0,9.669916708133826,18.001788777585617,55258.0,0,0,0,35,SALT LAKE
1594,350689,85.5,248.5176200433714,0.3440399919534015,968.25,194.75,19.75,753.75,1062.7950310310669,67.5,127.25,0.0,19.75,115.5,198.25,56.75,383.25,0.0,0.0,88.54442814672265,6.000602884344178,62034.0,0,0,0,35,SALT LAKE
1595,350690,365.25,1057.0804634899782,0.345527150122629,199.0,44.25,5.25,149.5,247.1293370742899,35.75,8.5,0.0,5.25,18.0,17.75,0.0,113.75,0.0,0.0,21.3766340387828,26.752703035507096,64390.0,0,0,0,35,SALT LAKE
1596,350691,332.0,1143.0677991373925,0.29044646367480675,31.75,31.5,0.0,0.25,69.54961269275235,1.25,30.25,0.0,0.0,0.0,0.0,0.0,0.25,0.0,0.0,13.797227655971524,24.002385036780822,67650.0,0,0,0,35,SALT LAKE
1597,350692,263.25,660.9195472501157,0.3983086914213732,37.5,12.25,7.0,18.25,68.99633388206989,11.25,1.0,1.0,6.0,2.0,5.5,0.0,10.75,0.0,0.0,12.494445727951742,19.00188815411815,83761.0,0,0,0,35,SALT LAKE
1598,350693,507.25,983.7733731905917,0.5156167200936508,551.0,34.5,13.75,502.75,633.4345528704272,25.75,8.75,0.0,13.75,31.75,383.5,9.75,77.75,0.0,0.0,45.43087593872339,37.003676931703765,51667.0,751,21,1876,35,SALT LAKE
1599,350694,394.5,995.9982102712478,0.3960850490811252,867.75,189.5,51.25,627.0,1010.6522636915086,111.0,78.5,0.0,51.25,145.25,49.25,3.25,429.25,0.0,0.0,114.14936190293638,28.752901788572167,62357.0,0,0,0,35,SALT LAKE
1600,350695,879.75,2078.7071480292907,0.42321978872013943,2052.75,367.0,32.5,1653.25,2462.126340358758,261.25,105.75,0.0,32.5,441.25,181.5,192.0,838.5,0.0,0.0,345.3700001396343,64.00634021912387,51097.0,0,0,0,35,SALT LAKE
1601,350696,1026.0,2655.362159906918,0.3863879720406823,228.0,48.25,19.75,160.0,350.3488578595508,14.25,34.0,2.0,17.75,8.75,55.25,19.0,77.0,0.0,0.0,47.34140461961075,75.00745323994008,80135.0,541,0,0,35,SALT LAKE
1602,350697,623.25,1648.349601955562,0.37810546941048867,104.0,0.25,0.0,103.75,176.3401667896808,0.25,0.0,0.0,0.0,0.0,103.25,0.0,0.5,0.0,0.0,27.33569484571678,45.00447194396404,80682.0,0,1129,0,35,SALT LAKE
1603,350698,297.0,713.5861861397508,0.41620760851140504,98.25,4.25,1.5,92.5,134.7008992361944,2.75,1.5,0.0,1.5,19.25,12.75,40.0,20.5,0.0,0.0,14.448712952478637,22.00218628371575,53825.0,0,0,0,35,SALT LAKE
1604,350699,674.0,1676.3700351064274,0.40205920285207786,2687.25,1078.75,38.75,1569.75,2987.5823362922047,528.5,550.25,0.0,38.75,314.0,163.25,56.0,1036.5,0.0,0.0,251.3275065628126,49.0048297293922,53825.0,0,0,0,35,SALT LAKE
1605,350700,773.75,2241.791595509788,0.3451480510274853,2036.5,675.0,26.0,1335.5,2202.7340172902677,527.0,148.0,0.0,26.0,218.75,164.75,472.0,480.0,0.0,0.0,110.22845220444492,56.00556508582192,54653.0,0,0,0,35,SALT LAKE
1606,350701,415.0,1255.398356064573,0.3305723621472179,113.75,0.0,0.0,113.75,163.082254867517,0.0,0.0,0.0,0.0,0.0,113.75,0.0,0.0,0.0,0.0,19.329273571541005,30.002981295976028,65090.0,698,0,0,35,SALT LAKE
1607,350702,123.25,325.37923553186977,0.37878876873791195,274.5,16.75,52.5,205.25,302.0426401286769,11.75,5.0,25.5,27.0,21.5,100.0,24.0,59.75,0.0,0.0,18.541745739884128,9.000894388792808,83027.0,748,0,0,35,SALT LAKE
1608,350703,518.0,1656.385516818625,0.3127291290223961,0.0,0.0,0.0,0.0,56.93992026867155,0.0,0.0,0.0,0.0,0.0,0.0,0.0,0.0,0.0,0.0,18.936143960435253,38.0037763082363,45908.0,0,0,0,35,SALT LAKE
1609,350704,635.5,1364.73874449658,0.4656568904214857,162.75,9.0,5.25,148.5,237.93533697984975,6.75,2.25,0.0,5.25,16.5,66.25,30.0,35.75,0.0,0.0,29.180765659353213,46.004571320496574,80018.0,483,0,0,35,SALT LAKE
1610,350705,424.0,1220.6146512671987,0.3473659762807355,1.0,0.0,0.0,1.0,47.53949222305872,0.0,0.0,0.0,0.0,1.0,0.0,0.0,0.0,0.0,0.0,15.53641155055016,31.00308067250856,104764.0,0,0,0,35,SALT LAKE
1611,350706,565.25,1515.9592149972375,0.3728662317614066,39.0,0.0,0.0,39.0,102.59330885464486,0.0,0.0,0.0,0.0,1.0,0.0,38.0,0.0,0.0,0.0,22.589234416810957,41.00407443783391,82610.0,0,0,0,35,SALT LAKE
1612,350707,237.75,721.2862249549986,0.32961949330840656,799.5,6.5,5.25,787.75,861.6662955624805,5.25,1.25,0.0,5.25,612.5,2.5,149.0,23.75,0.0,0.0,45.16460616142742,17.00168940105308,93494.0,0,0,0,35,SALT LAKE
1613,350708,477.5,950.1978107925892,0.5025269418393025,894.75,52.5,64.0,778.25,984.6681911285784,33.5,19.0,18.75,45.25,159.5,188.75,147.0,283.0,0.0,0.0,54.91471294993983,35.0034781786387,91804.0,0,0,0,35,SALT LAKE
1614,350709,306.75,826.6325674174209,0.37108385525911886,721.0,76.25,59.25,585.5,781.8227617484441,35.75,40.5,7.5,51.75,173.25,82.0,116.0,214.25,0.0,0.0,38.82057546472837,22.00218628371575,88816.0,0,0,0,35,SALT LAKE
1615,350710,7.75,19.65192863473402,0.39436332911886196,2199.25,340.75,1097.0,761.5,2283.977184422761,193.0,147.75,655.0,442.0,143.75,49.75,28.5,539.5,0.0,1.796443435410494,82.18070123716,0.7500397501909415,38438.0,0,0,0,35,SALT LAKE
1616,350711,1.0,1.0,1.0,592.5,152.25,68.75,371.5,614.193675327379,77.25,75.0,6.75,62.0,146.75,47.0,0.0,177.75,0.0,0.0,21.69367532737899,0.0,41809.0,0,0,0,35,SALT LAKE
1617,350712,345.75,885.1802514233863,0.39059841139025364,1271.25,222.0,197.5,851.75,1510.5453914501038,194.75,27.25,32.5,165.0,167.75,86.0,3.75,594.25,0.0,0.0,214.04274142772272,25.25265002238088,57188.0,0,0,0,35,SALT LAKE
1618,350713,690.0,1834.9727470231128,0.376027383033013,1009.0,158.75,151.25,699.0,1382.19991584155,123.5,35.25,40.5,110.75,171.0,64.0,7.75,456.25,0.0,0.0,322.9450331123726,50.25488272917735,41809.0,0,0,0,35,SALT LAKE
1619,350714,1471.0,2576.2336760507146,0.5709885767253058,423.5,44.5,57.75,321.25,601.0209687443948,30.0,14.5,2.25,55.5,74.0,65.75,3.0,178.5,0.0,0.0,70.51032881341303,107.01063993098175,41809.0,0,0,0,35,SALT LAKE
1620,350715,711.0,2069.584074770585,0.3435472898479927,1586.0,403.25,45.75,1137.0,1819.908975711284,310.25,93.0,4.0,41.75,386.75,111.75,5.25,633.25,0.0,0.0,182.15367565107672,51.75530006020677,41809.0,0,0,0,35,SALT LAKE
1621,350716,317.5,558.9485470921207,0.5680308172402719,569.75,161.75,25.5,382.5,625.1676250604809,135.75,26.0,0.0,25.5,76.25,59.25,0.0,247.0,0.0,0.0,32.415339400232554,23.002285660248287,41809.0,0,0,0,35,SALT LAKE
1622,350717,383.75,948.9047089737526,0.40441363223397686,594.0,223.25,29.25,341.5,707.4415568084881,203.75,19.5,0.0,29.25,77.0,58.25,0.0,206.25,0.0,0.0,85.68882065496109,27.752736153527085,69450.0,0,0,0,35,SALT LAKE
1623,350718,427.0,609.7878163674418,0.700243574139732,455.25,138.75,9.0,307.5,549.7005193032292,72.5,66.25,0.0,9.0,42.0,33.5,6.0,226.0,0.0,0.0,63.44743863072057,31.00308067250856,35292.0,0,0,0,35,SALT LAKE
1624,350719,239.5,541.5245262507959,0.44226990355941975,1019.75,95.0,26.25,898.5,1097.034270928108,25.5,69.5,0.0,26.25,292.0,86.0,204.0,316.5,0.0,0.0,59.782488778479056,17.50178214962897,69450.0,0,0,0,35,SALT LAKE
1625,350720,698.25,1542.2618361417874,0.4527441343856262,840.0,37.25,24.0,778.75,955.9882233863848,27.75,9.5,0.0,24.0,258.75,118.5,161.5,240.0,0.0,0.0,64.9831551832256,51.00506820315924,41906.0,0,0,0,35,SALT LAKE
1626,350721,793.5,1949.9508547581804,0.40693333273694454,450.25,36.25,16.25,397.75,570.9677116215975,30.75,5.5,0.0,16.25,91.25,171.75,28.0,106.75,0.0,0.0,63.21195441066705,57.50575721093034,57188.0,0,0,0,35,SALT LAKE
1627,350722,625.75,1464.898126151405,0.4271628100473967,1394.25,108.5,132.25,1153.5,1848.3932132896637,68.0,40.5,25.5,106.75,170.75,111.25,432.0,439.5,0.0,73.6541808666425,334.7349115607054,45.75412086231567,41809.0,0,0,0,35,SALT LAKE
1628,350723,355.25,853.8768483819371,0.41604360239206006,508.5,80.25,32.5,395.75,600.8206531074836,60.0,20.25,0.0,32.5,62.25,122.75,26.5,184.25,0.0,0.0,66.31800968427413,26.002643423209463,41809.0,0,0,0,35,SALT LAKE
1629,350724,406.0,812.8069576471916,0.4995035982162804,1498.5,210.25,35.25,1253.0,1614.0989761456108,131.5,78.75,0.0,35.25,188.0,490.25,57.75,517.0,0.0,0.0,86.0959551113774,29.50302103423337,33483.0,0,0,0,35,SALT LAKE
1630,350725,937.75,2064.659340387427,0.4541911499182398,599.0,45.25,28.0,525.75,728.1695746993387,33.5,11.75,0.0,28.0,175.75,104.0,35.5,210.5,0.0,0.0,60.912790598041056,68.25678410129765,64843.0,0,0,0,35,SALT LAKE
1631,350726,696.25,1551.3148388839872,0.44881282802714684,218.5,0.5,1.0,217.0,303.94428606344275,0.25,0.25,0.0,1.0,10.0,52.0,94.0,61.0,0.0,0.0,34.689250982517784,50.75503508092495,81081.0,714,0,0,35,SALT LAKE
1632,350727,650.0,1649.3975615403258,0.3940832793477537,3772.75,106.5,71.0,3595.25,4097.68366244782,57.5,49.0,5.75,65.25,773.5,304.25,1484.5,1033.0,0.0,0.0,277.6792368223293,47.25442562549085,59361.0,0,0,0,35,SALT LAKE
1633,350728,185.75,546.4557592376296,0.33991772775740015,2537.5,144.5,80.75,2312.25,2800.668652227508,76.25,68.25,7.25,73.5,418.75,213.25,883.75,796.5,0.0,0.0,249.66798309028505,13.500669137222957,41809.0,0,0,0,35,SALT LAKE
1634,350729,0.0,0.0,0.0,9735.75,340.25,46.25,9349.25,10091.65241259527,330.25,10.0,0.0,46.25,141.25,76.0,8946.5,185.5,0.0,0.0,355.9024125952687,0.0,41809.0,0,0,0,35,SALT LAKE
1635,350730,48.0,120.69038198349168,0.39771189063404866,1142.25,526.0,10.0,606.25,1195.0111857603135,157.25,368.75,0.0,10.0,87.25,93.75,0.0,425.25,0.0,0.0,49.26080150728891,3.500384253024516,39710.0,0,0,0,35,SALT LAKE
1636,350731,219.5,488.79429322300473,0.4490641626616876,197.0,37.0,0.5,159.5,234.47483240809711,0.75,36.25,0.0,0.5,18.75,42.75,34.0,64.0,0.0,0.0,21.473288749790548,16.001543658306556,90223.0,493,0,0,35,SALT LAKE
1637,350732,845.25,1282.45271648061,0.6590886269238759,879.25,39.0,64.75,775.5,1007.7978719309722,27.75,11.25,0.0,64.75,147.25,136.5,167.0,324.75,0.0,0.0,67.29177684025328,61.25609509071888,59906.0,0,0,0,35,SALT LAKE
1638,350733,322.5,935.6890257731138,0.3446657929257363,0.0,0.0,0.0,0.0,35.04206013531056,0.0,0.0,0.0,0.0,0.0,0.0,0.0,0.0,0.0,0.0,11.789741352827976,23.25231878248258,54880.0,0,0,0,35,SALT LAKE
1639,350734,496.25,1347.0637340427145,0.36839385357861937,0.0,0.0,0.0,0.0,54.14480322071913,0.0,0.0,0.0,0.0,0.0,0.0,0.0,0.0,0.0,0.0,18.1412256655479,36.00357755517123,105456.0,0,0,0,35,SALT LAKE
1640,350735,524.5,1581.0556118992463,0.33174038664582034,3188.5,254.25,43.25,2891.0,3363.487675996217,223.75,30.5,3.0,40.25,326.0,61.5,838.75,1664.75,0.0,0.0,136.9838996879808,38.0037763082363,54736.0,0,0,0,35,SALT LAKE
1641,350736,0.0,0.0,0.0,1127.0,122.25,88.0,916.75,1168.2017476186004,66.25,56.0,46.25,41.75,120.5,282.25,147.0,367.0,0.0,0.0,41.20174761860031,0.0,83071.0,0,0,0,35,SALT LAKE
1642,350737,5.0,9.038340209751013,0.5531989152837764,276.0,16.25,91.0,168.75,286.2710024283676,12.75,3.5,6.0,85.0,11.75,23.0,70.25,63.75,0.0,0.0,10.271002428367598,0.0,83071.0,0,0,0,35,SALT LAKE
1643,350738,596.5,1323.8261649430387,0.4505878610018756,2267.25,660.75,146.25,1460.25,2428.945748288547,537.5,123.25,46.25,100.0,234.75,330.0,222.75,672.75,0.0,0.0,118.19138897422096,43.50435931432588,83071.0,0,0,1464,35,SALT LAKE
1644,350739,638.25,1450.805410335924,0.43992805337844554,1398.75,203.25,31.0,1164.5,1542.973607374868,97.75,105.5,1.0,30.0,260.75,389.25,153.0,361.5,0.0,0.0,97.71894993094448,46.504657443923485,40099.0,0,899,0,35,SALT LAKE
1645,350740,1090.75,1758.350278549245,0.6203257754194123,1576.75,327.5,73.25,1176.0,1756.3041850128382,233.25,94.25,0.0,73.25,227.25,189.75,90.0,669.0,0.0,1.796443435410494,98.74989083135728,79.0078507460702,59543.0,0,0,0,35,SALT LAKE
1646,350741,463.75,1195.324893488914,0.387969833579226,1176.0,78.75,50.5,1046.75,1292.6236394883683,48.5,30.25,0.0,50.5,245.0,230.75,96.0,475.0,0.0,0.0,82.87028718334747,33.75335230502084,49716.0,329,0,0,35,SALT LAKE
1647,350742,445.75,864.0367091022708,0.5158924329304616,378.25,69.5,9.0,299.75,455.9881464741289,55.75,13.75,0.0,9.0,31.75,46.75,0.0,221.25,0.0,0.0,45.23488030166089,32.50326617246801,53257.0,0,0,0,35,SALT LAKE
1648,350743,633.5,1874.9676053160877,0.3378725041455864,109.75,1.0,0.0,108.75,189.17568947748708,1.0,0.0,0.0,0.0,14.75,91.75,1.0,1.25,0.0,0.0,33.171085034756246,46.25460444273087,100118.0,482,681,0,35,SALT LAKE
1649,350744,214.25,547.7330919698246,0.39115766993279155,2135.0,228.5,70.25,1836.25,2246.6322213306203,151.5,77.0,0.0,70.25,187.5,295.25,888.0,465.5,0.0,0.0,96.13072405467572,15.50149727594466,73990.0,0,0,0,35,SALT LAKE
1650,350745,342.0,862.7330698217404,0.39641461764142727,260.75,11.5,28.25,221.0,308.53624830692723,9.5,2.0,0.0,28.25,46.25,67.25,50.0,57.5,0.0,0.0,22.783763893613887,25.002484413313358,73990.0,527,0,0,35,SALT LAKE
1651,350746,413.25,1153.3278346094426,0.35831095686677933,1390.75,315.5,64.5,1010.75,1506.9547568414384,209.0,106.5,0.0,64.5,250.0,117.5,172.75,470.5,0.0,0.0,86.2017755454624,30.002981295976028,51572.0,0,0,0,35,SALT LAKE
1652,350747,649.25,1623.7629839050635,0.399842838170007,364.25,28.0,10.5,325.75,473.3009537230346,11.0,17.0,0.0,10.5,39.75,24.75,107.0,154.25,0.0,0.0,61.79622339966386,47.2547303233707,96932.0,0,0,0,35,SALT LAKE
1653,350748,780.4999997533804,1451.2834262199506,0.5377998436778751,834.4999997363176,27.24999999138964,38.499999987834904,768.7499997570931,972.5453511169445,19.249999993917452,7.999999997472188,11.999999996208283,26.499999991626623,144.2499999544204,434.9999998625502,35.99999998862485,153.4999999514976,0.0,0.0,81.28966706707726,56.75568431354966,57679.0,496,0,2210,35,SALT LAKE
1654,350749,502.0,1358.1280245039093,0.36962642029522086,16.0,0.0,10.0,6.0,72.43943201613902,0.0,0.0,2.0,8.0,2.75,0.0,0.0,3.25,0.0,0.0,19.93584120786217,36.50359080827685,88816.0,0,0,0,35,SALT LAKE
1655,350750,11.0,21.20211068097349,0.5188162709607615,39.5,0.0,0.0,39.5,42.34599879286112,0.0,0.0,0.0,0.0,1.25,1.0,0.0,37.25,0.0,0.0,1.8458994163285825,1.000099376532534,55874.0,0,0,0,35,SALT LAKE
1656,350751,241.25,724.9991077176878,0.3327590302275819,39.75,4.0,4.0,31.75,73.52404458426332,4.0,0.0,0.0,4.0,0.0,26.0,0.0,5.75,0.0,0.0,16.022282303763017,17.751762280500294,54736.0,361,0,0,35,SALT LAKE
1657,350752,12.0,29.853693691703608,0.4019603109726694,392.0,22.5,193.0,176.5,407.7678733961728,21.5,1.0,117.0,76.0,17.5,5.75,0.25,153.0,0.0,0.0,14.7677740196402,1.000099376532534,50488.0,0,0,0,35,SALT LAKE
1658,350753,16.75,46.71890848229803,0.3585272118749657,500.25,60.75,257.5,182.0,520.6315843964685,34.75,26.0,145.5,112.0,30.25,27.75,27.0,97.0,0.0,0.0,18.881504896086685,1.5000795003818834,50488.0,0,0,0,35,SALT LAKE
1659,350754,1015.5,2085.659431959103,0.4868963668944358,2216.25,661.5,68.75,1486.0,2478.351354630282,525.0,136.5,0.0,68.75,273.25,257.0,51.0,904.75,0.0,0.0,188.09385504308355,74.00749958719848,50488.0,367,0,0,35,SALT LAKE
1660,350755,751.75,1696.261060204857,0.44318060329063463,4449.0,2285.0,94.25,2069.75,4728.868620446779,1629.25,655.75,7.5,86.75,601.0,170.25,192.25,1106.25,0.0,0.0,225.11269774122465,54.755922705553424,84106.0,0,0,0,35,SALT LAKE
1661,350756,802.25,1466.6624456146887,0.5469902105959843,1428.25,138.75,89.25,1200.25,1572.793790228502,17.5,121.25,30.5,58.75,521.75,127.25,223.0,328.25,0.0,0.0,86.53802638961527,58.005763838886985,51537.0,437,0,0,35,SALT LAKE
1662,350757,242.0,665.8149793299859,0.36346433695968544,449.75,17.75,9.0,423.0,505.0398036604056,14.5,3.25,0.0,9.0,30.5,34.0,262.0,96.5,0.0,0.0,37.78810763139589,17.50169602900973,84106.0,0,0,0,35,SALT LAKE
1663,350758,354.5,1108.6065181697404,0.31977080613350856,2986.75,362.0,116.75,2508.0,3143.144764681017,216.25,145.75,23.25,93.5,648.25,379.25,275.0,1205.5,0.0,0.0,130.39218089117156,26.002583789845893,84441.0,0,0,0,35,SALT LAKE
1664,350759,610.4999828287189,1248.3447203265982,0.4890475946972378,1124.249968378685,120.49999661074632,22.749999360120157,980.9999724078186,1238.9656381465359,52.74999851632256,67.74999809442376,2.4999999296835336,20.249999430436624,176.9999950215942,68.24999808036047,189.99999465594857,545.7499846499154,0.0,1.7964433848826722,68.66479543392116,44.254430949046984,62954.0,0,0,0,35,SALT LAKE
1665,350760,808.2499976609861,1799.127471487923,0.44924554289226837,388.2499988764341,37.9999998900309,17.499999949356333,332.74999903704685,521.2441800292064,33.749999902330075,4.249999987700824,3.999999988424305,13.49999996093203,121.9999996469413,19.749999942845005,63.99999981478888,126.99999963247168,0.0,0.0,74.23834460447308,58.75583654829929,98114.0,0,0,0,35,SALT LAKE
1666,350761,370.5,716.0963922381211,0.5173884466056615,0.0,0.0,0.0,0.0,40.54701039557672,0.0,0.0,0.0,0.0,0.0,0.0,0.0,0.0,0.0,0.0,13.544327229198297,27.002683166378425,55874.0,0,0,0,35,SALT LAKE
1667,350762,242.75,475.06122363605135,0.5109867695410412,0.0,0.0,0.0,0.0,27.374949255919574,0.0,0.0,0.0,0.0,0.0,0.0,0.0,0.0,0.0,0.0,9.623186975419284,17.751762280500294,55874.0,0,0,0,35,SALT LAKE
1668,350763,217.75,599.468787505635,0.363238261171276,775.25,85.5,262.0,427.75,839.969125029547,68.0,17.5,130.25,131.75,159.0,37.0,0.0,231.75,0.0,0.0,48.96732303255257,15.75180199699439,51755.0,0,0,0,35,SALT LAKE
1669,350764,1092.75,2129.964982416992,0.5130366034280971,1011.25,159.0,27.5,824.75,1303.1290114276326,111.5,47.5,1.25,26.25,206.25,112.25,8.5,497.75,0.0,0.0,212.3710546960288,79.50795673160381,60198.0,0,0,0,35,SALT LAKE
1670,350765,550.0000008210303,1190.819155011242,0.46186694134579825,176.00000026272969,2.0000000029855647,2.7500000041051513,171.25000025563898,252.29448731826315,2.0000000029855647,0.0,0.0,2.7500000041051513,109.25000016308647,8.250000012315454,13.000000019406171,40.75000006083088,0.0,0.0,36.29051193451485,40.0039751210186,58042.0,0,0,0,35,SALT LAKE
1671,350766,361.75,800.6520543979806,0.45181923659960377,456.0,65.5,8.75,381.75,539.1436397958507,49.0,16.5,0.0,8.75,71.0,57.5,91.0,162.25,0.0,0.0,56.89099637966315,26.25264341618748,73178.0,0,0,0,35,SALT LAKE
1672,350767,469.5,1133.7012494783214,0.41413026599030645,340.25,43.25,24.75,272.25,431.3511069518754,33.75,9.5,8.0,16.75,27.25,36.75,133.75,74.5,0.0,0.0,57.097728149769225,34.00337880210616,56575.0,0,0,0,35,SALT LAKE
1673,350768,528.0,1507.397065671917,0.35027267335474466,72.0,0.0,0.0,72.0,167.18910428350213,0.0,0.0,0.0,0.0,0.0,72.0,0.0,0.0,0.0,0.0,56.685235226689954,38.503869056812185,81339.0,650,0,0,35,SALT LAKE
1674,350769,317.25,1032.8869637961204,0.30714880826264485,382.0,43.5,171.25,167.25,462.8277986321336,26.75,16.75,158.75,12.5,39.0,19.0,51.5,57.75,0.0,0.0,57.82556596324825,23.00223266888532,110709.0,0,0,0,35,SALT LAKE
1675,350770,343.75,969.2680251255816,0.354649066191431,34.0,0.0,0.0,34.0,80.81170399466129,0.0,0.0,0.0,0.0,0.0,34.0,0.0,0.0,0.0,0.0,22.05927920768953,24.75242478697177,166479.0,587,0,0,35,SALT LAKE
1676,350771,306.5,697.7910343724672,0.4392432474797266,319.5,4.0,0.0,315.5,384.6815724564528,3.0,1.0,0.0,0.0,3.0,292.75,9.0,10.75,0.0,1.796443435410494,41.132876485836,22.25225253520632,62094.0,0,0,1574,35,SALT LAKE
1677,350772,457.25,1315.290706848934,0.3476417780639857,19.0,7.5,0.0,11.5,78.91463004478834,7.25,0.25,0.0,0.0,0.5,0.5,0.0,10.5,0.0,0.0,26.911350619214694,33.00327942557363,117566.0,563,0,0,35,SALT LAKE
1678,350773,516.5,1114.1752287693885,0.46357160585097246,36.0,0.0,0.0,36.0,110.94987004927984,0.0,0.0,0.0,0.0,0.0,18.0,0.0,18.0,0.0,0.0,37.44615336036316,37.50371668891668,91816.0,0,0,0,35,SALT LAKE
1679,350774,226.25,607.7669973453471,0.37226437267609574,20.0,0.0,0.0,20.0,51.25389763847725,0.0,0.0,0.0,0.0,9.0,0.0,0.0,11.0,0.0,0.0,15.00228111687138,16.251616521605868,99320.0,0,0,0,35,SALT LAKE
1680,350775,552.25,1254.7062101379595,0.44014287610744995,345.5,128.25,33.75,183.5,449.8139403064093,89.5,38.75,21.5,12.25,56.0,44.5,5.5,77.5,0.0,0.0,64.05989899361744,40.254041312791934,121637.0,0,0,0,35,SALT LAKE
1681,350776,707.0,1792.0354890464132,0.39452343679656277,181.5,18.25,14.25,149.0,320.73843168451003,10.25,8.0,6.25,8.0,71.75,5.5,13.0,58.75,0.0,0.0,87.73330386203115,51.505127822478855,129537.0,0,0,0,35,SALT LAKE
1682,350777,214.0,566.6103957021362,0.37768456354355096,0.0,0.0,0.0,0.0,24.82469020749637,0.0,0.0,0.0,0.0,0.0,0.0,0.0,0.0,0.0,0.0,9.073080313847154,15.75160989364922,99320.0,0,0,0,35,SALT LAKE
1683,350778,470.25,1292.7937318474658,0.36374712254211633,72.25,0.0,0.0,72.25,141.09011578662546,0.0,0.0,0.0,0.0,8.25,42.75,0.0,21.25,0.0,0.0,34.58670386228503,34.253411924340455,68371.0,528,113,0,35,SALT LAKE
1684,350779,598.25,1647.366724219322,0.3631553261363267,447.0,102.0,10.75,334.25,574.2118243999058,42.5,59.5,0.75,10.0,74.5,45.5,47.0,167.25,0.0,0.0,83.70731934493736,43.50450505496847,92545.0,0,0,0,35,SALT LAKE
1685,350780,833.75,1716.0188918569356,0.48586294938617125,477.5,61.5,51.0,365.0,600.4494579094818,40.0,21.5,7.5,43.5,59.5,42.75,133.0,129.75,0.0,0.0,62.19342906323149,60.756028846250295,69155.0,0,0,0,35,SALT LAKE
1686,350781,509.5,1089.1044972493078,0.4678155321980733,1125.25,172.25,17.25,935.75,1246.5050340783712,98.5,73.75,2.0,15.25,169.75,326.25,139.75,300.0,0.0,0.0,84.50141014786004,36.75362393051115,43977.0,0,895,0,35,SALT LAKE
1687,350782,372.5,1043.7161370813144,0.3568978065642182,0.0,0.0,0.0,0.0,56.86888014044804,0.0,0.0,0.0,0.0,0.0,0.0,0.0,0.0,0.0,0.0,29.616216843198288,27.252663297249757,142825.0,0,0,0,35,SALT LAKE
1688,350783,916.25,2058.034545276505,0.4452063266396232,1289.0,77.0,30.0,1182.0,1444.1227971959895,34.5,42.5,1.0,29.0,181.75,468.0,65.0,467.25,0.0,0.0,88.36611909918099,66.75667809680846,74779.0,380,620,0,35,SALT LAKE
1689,350784,979.75,1989.9725469287837,0.4923434755479885,386.5,79.0,3.5,304.0,559.0854652632487,60.25,18.75,0.0,3.5,52.0,52.0,62.0,138.0,0.0,5.38933030757805,95.93909246584036,71.25704248983023,47369.0,0,0,0,35,SALT LAKE
1690,350785,476.75,1318.2124319833283,0.36166401441283746,1318.25,246.5,24.5,1047.25,1487.622642892363,153.25,93.25,0.0,24.5,256.5,120.0,17.25,653.5,0.0,0.0,134.86908521755026,34.5035576748127,66454.0,0,0,0,35,SALT LAKE
1691,350786,194.75,522.9182360618062,0.37242916113750063,124.75,11.0,4.25,109.5,154.68077740729174,7.75,3.25,1.0,3.25,29.5,21.75,8.0,50.25,0.0,0.0,15.929386135836255,14.00139127145548,97142.0,0,0,0,35,SALT LAKE
1692,350787,304.5,911.9493519869308,0.333900122124725,0.0,0.0,0.0,0.0,49.13263503665442,0.0,0.0,0.0,0.0,0.0,0.0,0.0,0.0,0.0,0.0,27.13044875293867,22.00218628371575,93777.0,0,0,0,35,SALT LAKE
1693,350788,342.75,928.946696791747,0.3689662724284797,12.0,5.0,0.0,7.0,56.221802629751615,0.0,5.0,0.0,0.0,0.0,0.0,7.0,0.0,0.0,0.0,19.21931821643826,25.002484413313358,125952.0,0,0,0,35,SALT LAKE
1694,350789,575.25,1606.5184846063569,0.35807244392893045,84.75,0.0,0.75,84.0,184.1313478253747,0.0,0.0,0.75,0.0,6.0,51.75,0.0,26.25,0.0,0.0,57.377174011008265,42.00417381436644,111706.0,512,0,0,35,SALT LAKE
1695,350790,304.7500031961068,695.6176263601773,0.43809988655795384,402.00000421602925,11.75000012322971,211.7500022207567,178.50000187204284,454.58831670057157,0.0,11.75000012322971,203.2500021316118,8.500000089144898,15.750000165180252,73.50000077084117,10.00000010487635,79.25000083114507,0.0,0.0,30.586125970075663,22.00218651446665,138546.0,0,0,0,35,SALT LAKE
1696,350791,632.2499961346678,1388.6948222678182,0.45528361307070137,202.24999876352166,13.499999917466216,10.24999993733546,178.49999890871996,308.274119829667,8.499999948034285,4.999999969431932,3.9999999755455455,6.249999961789915,2.7499999831875623,2.2499999862443696,137.9999991563213,35.49999978296672,0.0,0.0,59.76949702723899,46.25462403890629,63565.0,0,0,0,35,SALT LAKE
1697,350792,333.25,913.7124903115804,0.3647208542441618,880.0,233.0,51.75,595.25,953.0985914961218,163.75,69.25,27.0,24.75,49.75,125.25,37.5,382.75,0.0,0.0,49.09625945070401,24.00233204541786,97142.0,447,0,0,35,SALT LAKE
1698,350793,270.5,731.2973834882249,0.3698905617708333,258.5,28.0,8.25,222.25,320.3409624293914,16.25,11.75,4.25,4.0,42.0,32.5,0.5,147.25,0.0,0.0,42.08904115023128,19.75192127916012,125952.0,0,0,0,35,SALT LAKE
1699,350794,100.75,269.935178792421,0.3732377545257868,93.25,80.0,1.0,12.25,107.3423880924284,0.75,79.25,0.0,1.0,0.0,0.25,0.0,12.0,0.0,0.0,7.09169245670067,7.000695635727739,125952.0,0,0,0,35,SALT LAKE
1700,350795,30.75,70.07175896201768,0.438835851354438,4279.0,280.75,425.5,3572.75,4449.798740211571,38.75,242.0,354.0,71.5,1100.5,208.5,227.0,2036.75,0.0,0.0,168.54853482352763,2.250205388043695,149495.0,0,0,0,35,SALT LAKE
1701,350796,1220.75,3191.245604332258,0.3825308833462324,82.25,14.75,7.0,60.5,218.64202997285292,14.5,0.25,0.0,7.0,4.25,45.75,1.0,9.5,0.0,0.0,47.63316559232874,88.75886438052422,80566.0,467,0,0,35,SALT LAKE
1702,350797,0.0,0.0,0.0,1022.5,51.5,273.5,697.5,1059.877538170943,14.75,36.75,99.5,174.0,92.0,149.0,18.0,438.5,0.0,0.0,37.37753817094286,0.0,55718.0,366,89,0,35,SALT LAKE
1703,350798,387.0,1164.4849798239202,0.33233575933157816,337.0,76.25,12.0,248.75,391.4713892590674,49.0,27.25,0.0,12.0,36.75,62.5,1.0,148.5,0.0,0.0,26.46860671615645,28.00278254291096,48875.0,0,0,0,35,SALT LAKE
1704,350799,622.0,1944.2356837530924,0.3199200617485378,0.0,0.0,0.0,0.0,67.74246720147511,0.0,0.0,0.0,0.0,0.0,0.0,0.0,0.0,0.0,0.0,22.73799525751106,45.00447194396404,98904.0,0,0,0,35,SALT LAKE
1705,350800,1691.0,4706.573882117747,0.3592847031308315,75.25,26.0,18.0,31.25,262.8296122597958,4.25,21.75,0.0,18.0,0.5,2.5,0.0,28.25,0.0,0.0,64.5673889462941,123.0122233135017,76350.0,0,0,0,35,SALT LAKE
1706,350801,1283.0,2494.500643365602,0.5143313967115138,1049.5,39.75,41.75,968.0,1227.7780326701509,25.75,14.0,0.0,41.75,348.0,140.25,17.0,462.75,0.0,0.0,85.26879065262538,93.00924201752568,48568.0,0,0,0,35,SALT LAKE
1707,350802,446.0,1428.8033289337795,0.3121493287202935,0.0,0.0,0.0,0.0,48.30727311150079,0.0,0.0,0.0,0.0,0.0,0.0,0.0,0.0,0.0,0.0,16.3040930624597,32.00318004904109,50508.0,0,0,0,35,SALT LAKE
1708,350803,410.5,1316.7872362624998,0.31174360496168063,0.0,0.0,0.0,0.0,45.00913520218239,0.0,0.0,0.0,0.0,0.0,0.0,0.0,0.0,0.0,0.0,15.006153906206364,30.002981295976028,76385.0,0,0,0,35,SALT LAKE
1709,350804,339.25,983.6827417690096,0.3448774544828432,20.75,0.25,0.0,20.5,61.912705105341,0.25,0.0,0.0,0.0,0.0,1.0,19.0,0.5,0.0,0.0,16.160220692027643,25.002484413313358,104764.0,0,0,0,35,SALT LAKE
1710,350805,345.25,1108.0704125977118,0.3115776723887167,0.0,0.0,0.0,0.0,37.623377895183744,0.0,0.0,0.0,0.0,0.0,0.0,0.0,0.0,0.0,0.0,12.62089348187039,25.002484413313358,111155.0,0,0,0,35,SALT LAKE
1711,350806,208.75,635.5384262518171,0.32846164980319814,1372.0,325.75,58.75,987.5,1447.2890230812302,213.75,112.0,0.0,58.75,130.0,200.25,8.0,649.25,0.0,0.0,60.287532433242106,15.001490647988014,93494.0,0,0,0,35,SALT LAKE
1712,350807,821.75,1896.372325062541,0.4333273530412332,393.75,72.5,19.25,302.0,498.1903781017696,67.0,5.5,0.0,19.25,53.0,58.5,74.0,116.5,0.0,0.0,44.43441550981756,60.005962591952056,59644.0,0,0,0,35,SALT LAKE
1713,350808,323.0,772.958223149431,0.41787510673465794,63.5,12.0,0.0,51.5,101.1289247072232,12.0,0.0,0.0,0.0,0.0,1.0,29.0,21.5,0.0,0.0,14.126678785232276,23.50224592199094,65595.0,0,0,0,35,SALT LAKE
1714,350809,1897.75,4272.342702239592,0.4441942354027888,245.0,58.0,2.0,185.0,738.2236095902757,31.0,27.0,0.0,2.0,34.5,5.0,0.0,145.5,1.263223868480747,0.0,353.698778326724,138.26160739507097,79063.0,0,0,0,35,SALT LAKE
1715,350810,14.25,35.29441876753014,0.403746555336664,0.0,0.0,0.0,0.0,1.5274633645872011,0.0,0.0,0.0,0.0,0.0,0.0,0.0,0.0,0.0,0.0,0.5273573762459189,1.0001059883412824,99326.0,0,0,0,35,SALT LAKE
1716,350811,216.75,630.785427553553,0.3436192253848448,64.0,0.5,0.0,63.5,119.5409040968161,0.5,0.0,0.0,0.0,0.0,63.5,0.0,0.0,2.780236287557612,0.0,37.00907115256699,15.7515966566915,99326.0,723,0,0,35,SALT LAKE
1717,350812,19.25,53.25664730996675,0.36145722594890883,247.0,171.0,16.0,60.0,258.4872721186398,16.75,154.25,1.25,14.75,5.25,4.5,0.0,50.25,0.2529411764705882,0.0,9.734112312953496,1.5002186292157196,99326.0,0,0,0,35,SALT LAKE
1718,350813,465.0,1543.8732045129468,0.30119053730626527,62.0,0.0,0.0,62.0,115.26852912478836,0.0,0.0,0.0,0.0,0.0,62.0,0.0,0.0,0.0,0.0,19.2651503226822,34.00337880210616,99326.0,666,0,0,35,SALT LAKE
1719,350814,688.0,2288.031025132676,0.3006952232914346,0.0,0.0,0.0,0.0,75.15567740728203,0.0,0.0,0.0,0.0,0.0,0.0,0.0,0.0,0.0,0.0,25.15070858065532,50.00496882662671,99326.0,0,0,0,35,SALT LAKE
1720,350815,535.0,1359.6706133786904,0.3934776516722391,126.5,27.0,12.25,87.25,191.9349707541544,17.25,9.75,0.0,12.25,14.0,16.5,0.0,56.75,0.0,0.0,26.43109506938556,39.00387568476883,55718.0,0,0,0,35,SALT LAKE
1721,350816,0.0,0.0,0.0,6059.0,3126.25,93.25,2839.5,6348.255955562016,1870.75,1255.5,38.5,54.75,685.75,245.25,309.0,1599.5,0.0,0.0,289.2559555620154,0.0,83407.0,0,0,0,35,SALT LAKE
1722,350817,719.75,2329.1329599235683,0.30902057219765544,294.5,16.0,5.0,273.5,384.5822745979661,14.75,1.25,1.0,4.0,6.25,89.75,165.0,12.5,0.0,0.0,38.077107018274326,52.00516757969178,80953.0,616,0,0,35,SALT LAKE
1723,350818,694.75,2239.09560254758,0.31028152581316004,384.5,84.25,10.0,290.25,479.2080976385489,44.5,39.75,0.0,10.0,34.5,81.5,20.0,154.25,0.0,0.0,44.20311555881651,50.50498207973233,75377.0,560,0,0,35,SALT LAKE
1724,350819,740.0,1613.1306391133146,0.4587353200400148,197.25,35.25,2.5,159.5,288.0180381464288,26.75,8.5,1.0,1.5,5.5,75.5,50.0,28.5,0.0,0.0,36.76267181367198,54.00536633275685,96192.0,494,0,0,35,SALT LAKE
1725,350820,1073.0,2683.437694956181,0.39986022482162437,1926.25,358.75,59.75,1507.75,2149.878520943725,205.5,153.25,0.0,59.75,281.75,332.75,117.75,775.5,0.0,0.0,145.62034557587728,78.00817536784793,58791.0,246,1094,0,35,SALT LAKE
1726,350821,1239.25,2898.7882582704347,0.42750621624892327,1687.25,424.0,88.25,1175.0,1947.7869714732087,301.25,122.75,9.0,79.25,188.75,217.25,186.0,583.0,0.0,0.0,170.52783546508385,90.00913600812488,77187.0,515,0,0,35,SALT LAKE
1727,350822,760.2499980325324,1811.2831558151886,0.4197300657225917,999.7499974127251,202.74999947529884,50.74999986866297,746.2499980687633,1157.883477288698,98.99999974379574,103.74999973150311,3.4999999909422734,47.24999987772069,131.9999996583943,254.24999934202086,1.9999999948241562,357.99999907352395,0.0,0.0,102.62807391069107,55.50540596528169,65595.0,0,0,0,35,SALT LAKE
1728,350823,886.5,2763.2561440455856,0.3208171641670926,62.75,18.75,12.75,31.25,215.01747772679687,18.0,0.75,9.25,3.5,5.75,4.75,0.0,20.75,5.055650330678442,0.0,82.95515596517775,64.25667143094067,79063.0,0,0,0,35,SALT LAKE
1729,350824,790.0,2372.177331440972,0.3330273793317622,12.0,2.0,0.0,10.0,99.3293494301622,0.25,1.75,0.0,0.0,2.25,0.25,0.0,7.5,1.0111300661356883,0.0,29.31255490167206,57.00566446235445,98769.0,0,0,0,35,SALT LAKE
1730,350825,353.25,1034.2466136223495,0.34155296749077646,960.5,548.0,54.0,358.5,1063.7734938316626,300.5,247.5,0.25,53.75,67.5,36.0,17.0,238.0,1.0111300661356883,0.0,76.50996544685518,25.752398318671677,99326.0,0,0,0,35,SALT LAKE
1731,350826,893.5,2424.237986039886,0.3685694247616246,28.0,6.5,0.25,21.25,131.94069948949215,5.0,1.5,0.0,0.25,3.5,0.5,0.0,17.25,0.0,0.0,38.9342400148774,65.00645947461473,97427.0,0,0,0,35,SALT LAKE
1732,350827,653.5,1810.162092170308,0.36101739331889393,118.5,10.25,0.5,107.75,194.22096833216244,7.25,3.0,0.0,0.5,4.0,82.0,0.0,21.75,0.0,0.0,28.216211511706437,47.50475682045602,97427.0,1150,0,0,35,SALT LAKE
1733,350828,512.0,1383.4309031039086,0.3700943782962061,929.0,151.75,52.0,725.25,1026.731479481965,110.75,41.0,8.25,43.75,110.5,166.5,0.0,448.25,0.0,0.0,60.22771642683416,37.50376305513068,97427.0,577,227,0,35,SALT LAKE
1734,350829,863.0,1917.218103700594,0.45013136394562864,406.25,109.0,13.25,284.0,537.4024776789942,42.75,66.25,6.0,7.25,38.75,126.0,7.0,112.25,0.0,0.0,68.14621695744454,63.00626072154966,100890.0,0,1361,0,35,SALT LAKE
1735,350830,508.0,2139.487533065678,0.2374400374617212,114.0,24.75,1.0,88.25,186.4994905998717,22.0,2.75,0.0,1.0,7.25,65.75,0.0,15.25,0.0,0.0,35.49581366816795,37.003676931703765,102819.0,781,0,0,35,SALT LAKE
1736,350831,137.0,343.8052657919658,0.3984813894121615,32.75,9.75,0.0,23.0,48.95630650175162,9.75,0.0,0.0,0.0,2.25,3.25,7.0,10.5,0.0,0.0,6.205312736426276,10.000993765325342,55718.0,0,0,0,35,SALT LAKE
1737,350832,1.0,1.0,1.0,1873.0,122.0,943.5,807.5,1946.5000149154832,83.75,38.25,280.25,663.25,145.75,177.75,7.0,477.0,0.0,0.0,73.50001491548316,0.0,79444.0,0,0,0,35,SALT LAKE
1738,350833,473.5,1428.0337244808384,0.331574802389307,421.25,64.0,20.5,336.75,488.2108490117129,26.0,38.0,0.0,20.5,43.5,44.0,145.0,104.25,0.0,0.0,32.70741058326521,34.25343842844776,72021.0,0,0,0,35,SALT LAKE
1739,350834,686.75,1613.2282813885763,0.42569920693981644,528.0,67.0,106.5,354.5,681.9004974094765,23.5,43.5,7.0,99.5,40.75,154.0,43.0,116.75,0.0,0.0,103.6454954606155,50.25500194886101,54164.0,1207,0,0,35,SALT LAKE
1740,350835,513.0,1144.687312409674,0.4481573216008545,619.5,126.0,142.75,350.75,703.3814409217892,104.75,21.25,96.0,46.75,49.0,27.5,0.0,274.25,0.0,0.0,46.37797595624114,37.50346496554817,67567.0,0,0,0,35,SALT LAKE
1741,350836,716.75,1980.747167827279,0.3618583995181057,947.5,221.25,104.0,622.25,1060.5946512345674,178.0,43.25,0.0,104.0,121.75,295.25,25.0,180.25,0.0,0.0,60.83945053264143,52.25520070192607,74159.0,0,896,1795,35,SALT LAKE
1742,350837,478.5,1224.5297063424723,0.3907622636850712,617.75,73.0,37.75,507.0,692.8296461561754,39.75,33.25,7.0,30.75,82.5,128.75,6.0,289.75,0.0,0.0,40.07616797753665,35.0034781786387,66291.0,0,0,0,35,SALT LAKE
1743,350838,192.5,501.1232481337448,0.3841370375788745,721.5,59.5,27.0,635.0,813.9435864010061,31.75,27.75,0.0,27.0,56.5,415.25,8.0,155.25,0.0,0.0,78.69263235428525,13.750954046720889,66291.0,0,0,0,35,SALT LAKE
1744,350839,418.50000226237387,1147.4993423010185,0.36470609335877996,1140.2500061640903,173.25000093657414,153.00000082710443,814.0000044004117,1263.941316452968,124.25000067168448,49.00000026488965,36.75000019866724,116.25000062843719,96.50000052167044,341.2500018447672,0.0,376.2500020339741,0.0,0.0,93.18726233205757,30.504047956820248,57444.0,0,0,0,35,SALT LAKE
1745,350840,449.7499967857993,1263.8096068196564,0.3558684744592054,620.9999955619375,123.74999911560347,17.749999873147164,479.49999657318676,900.8641388366823,79.99999942826891,43.74999968733456,0.0,17.749999873147164,137.99999901376387,36.74999973736103,0.0,304.74999782206186,1.0111300589095071,0.0,246.09947562807406,32.75353758776148,81590.0,0,0,0,35,SALT LAKE
1746,350841,865.25,2895.894308286468,0.2987850756583647,170.0,0.0,0.0,170.0,270.8509070786174,0.0,0.0,0.0,0.0,0.0,169.75,0.0,0.25,0.0,0.0,37.84464635706778,63.00626072154966,97427.0,954,1433,0,35,SALT LAKE
1747,350842,512.0,1772.8108449903073,0.288806897502254,0.0,0.0,0.0,0.0,56.22551829612337,0.0,0.0,0.0,0.0,0.0,0.0,0.0,0.0,0.5050349788156469,0.0,18.71680638560396,37.003676931703765,97427.0,0,0,0,35,SALT LAKE
1748,350843,245.0,666.050310452615,0.36784008077934843,5.75,1.5,0.0,4.25,32.920671398445464,1.0,0.5,0.0,0.0,0.5,0.5,0.0,3.25,0.0,0.0,9.168882620859844,18.001788777585617,97427.0,0,0,0,35,SALT LAKE
1749,350844,762.9999991165688,2386.8359472913758,0.3196700636180861,69.99999991895126,0.0,0.0,69.99999991895126,155.4568321683737,0.0,0.0,0.0,0.0,0.999999998842161,64.99999992474046,3.999999995368644,0.0,0.0,0.0,30.45136660382053,55.00546564560191,92040.0,565,0,0,35,SALT LAKE
1750,350845,793.0000006543606,2603.0244721306535,0.30464561864271156,0.0,0.0,0.0,0.0,86.99488005087564,0.0,0.0,0.0,0.0,0.0,0.0,0.0,0.0,0.0,0.0,28.989116164123978,58.00576388675166,92196.0,0,0,0,35,SALT LAKE
1751,350846,674.0,2035.981879078775,0.33104420374554916,4.0,0.0,4.0,0.0,78.28990068375062,0.0,0.0,3.0,1.0,0.0,0.0,0.0,0.0,0.0,0.0,25.28503123365644,49.004869450094176,54519.0,0,0,0,35,SALT LAKE
1752,350847,226.25,577.3729990818143,0.3918610679054982,126.75,6.0,4.25,116.5,155.9064171479227,4.0,2.0,0.0,4.25,13.0,82.25,0.0,21.25,0.0,0.0,12.904846992530834,16.251570155391875,81365.0,573,0,0,35,SALT LAKE
1753,350848,421.75,1097.8465538040205,0.3841611548887621,327.5,34.25,14.75,278.5,392.0906522278148,21.25,13.0,0.0,14.75,72.0,95.5,0.0,111.0,0.0,0.0,33.837478832707944,30.75317339510689,81365.0,0,0,163,35,SALT LAKE
1754,350849,887.000002507194,3017.5232474453355,0.2939496831575819,1532.2500043310577,184.75000052221432,223.00000063033175,1124.5000031785116,1846.7571622482956,122.75000034696514,62.00000017524919,87.25000024662084,135.75000038371093,196.00000055401358,137.00000038724417,121.75000034413853,669.7500018931153,0.0,0.0,250.00056574958276,64.50659216765504,57444.0,0,0,0,35,SALT LAKE
1755,350850,68.0,171.08442696553678,0.39746458053542133,60.75,0.0,0.0,60.75,72.47431868199106,0.0,0.0,0.0,0.0,0.0,60.75,0.0,0.0,2.0222601322713767,0.0,4.701482154735126,5.000576394984569,97427.0,0,0,0,35,SALT LAKE
1756,350851,265.25,919.460153270786,0.2884844971872125,355.0,9.5,15.5,330.0,397.68734150160935,7.25,2.25,0.0,15.5,38.5,34.0,202.0,55.5,1.0111300661356883,0.0,22.67432328135552,19.00188815411815,97427.0,0,0,0,35,SALT LAKE
1757,350852,0.0,0.0,0.0,19.5,3.25,2.5,13.75,20.207242546066627,2.0,1.25,0.0,2.5,3.0,1.25,0.0,9.5,0.0,0.0,0.7072425460666283,0.0,56502.0,0,0,0,35,SALT LAKE
1758,350853,383.0,1148.158301073012,0.333577695377081,316.75,28.5,0.0,288.25,370.3332177767096,0.5,28.0,0.0,0.0,1.25,278.25,0.0,8.75,0.0,0.0,25.58043523379861,28.00278254291096,72694.0,676,0,2749,35,SALT LAKE
1759,350854,5.0,13.501758900811245,0.37032212149037697,887.25,93.75,392.0,401.5,920.8776006312232,85.75,8.0,40.25,351.75,19.25,71.75,0.0,310.5,1.0111300661356883,0.0,32.61647056508736,0.0,79444.0,0,0,0,35,SALT LAKE
1760,350855,1451.75,4150.223512485987,0.34980043740593636,3038.25,331.25,124.75,2582.25,3346.1499354324487,200.75,130.5,0.0,124.75,406.0,303.0,1016.75,856.5,0.0,0.0,202.38960685959896,105.51032857284947,71395.0,0,0,414,35,SALT LAKE
1761,350856,314.75,786.1720490516225,0.40035765756323977,523.25,41.0,258.5,223.75,588.3880952946897,34.5,6.5,238.5,20.0,35.5,46.5,36.0,105.75,0.0,0.0,42.38578976531281,22.75230552937696,71395.0,0,0,0,35,SALT LAKE
1762,350857,56.0,146.96882023868028,0.38103320084528736,484.0,141.5,14.25,328.25,507.7397288101115,101.5,40.0,0.0,14.25,35.0,92.25,12.0,189.0,0.0,0.0,19.73933130398136,4.000397506130136,73487.0,0,0,0,35,SALT LAKE
1763,350858,226.5,580.5981124764157,0.3901149437670633,1875.0,436.75,72.5,1365.75,1969.824645230372,351.75,85.0,0.0,72.5,228.75,317.25,199.0,620.75,0.0,0.0,78.32296908242486,16.50167614794746,81365.0,0,0,0,35,SALT LAKE
1764,350859,477.5,1223.954405716216,0.39012891147737117,2275.0,565.0,106.5,1603.5,2421.877784291321,287.25,277.75,3.0,103.5,418.75,367.25,68.0,749.5,0.0,0.0,111.87430611268236,35.0034781786387,58827.0,0,0,0,35,SALT LAKE
1765,350860,470.9999977061104,1306.2948131157602,0.3605617912412025,370.99999819313575,7.499999963473095,14.99999992694619,348.4999983027165,447.5428380989057,7.499999963473095,0.0,0.0,14.99999992694619,118.24999942409247,85.99999958115816,0.0,144.24999929746588,1.0111300612112282,0.0,41.27834445325481,34.25336539130387,81590.0,719,0,0,35,SALT LAKE
1766,350861,868.0,1966.427382097913,0.4414096385669533,4313.0,576.75,1119.25,2617.0,5329.163263382989,353.25,223.5,1043.75,75.5,673.5,220.5,0.0,1723.0,6.318874199159189,0.0,946.5887180872132,63.25567109661651,76192.0,0,0,0,35,SALT LAKE
1767,350862,398.25,1158.3063013450803,0.3438209733794361,2411.75,72.25,1611.0,728.5,2556.994213744464,53.0,19.25,459.75,1151.25,136.75,144.25,2.0,445.5,1.0111300661356883,0.0,115.23020175888456,29.002881919443496,56502.0,0,0,0,35,SALT LAKE
1768,350863,2148.0,4894.698075806728,0.43884218530598,529.5,129.5,11.75,388.25,1232.7377267209245,93.75,35.75,0.0,11.75,89.25,13.5,0.0,285.5,1.0111300661356883,0.0,545.9607694231325,156.26582723165615,97427.0,0,0,0,35,SALT LAKE
1769,350864,0.0,0.0,0.0,1518.25,82.25,1113.75,322.25,1575.547085911914,76.5,5.75,878.25,235.5,51.5,71.5,0.0,199.25,0.0,1.796443435410494,55.50064247650336,0.0,56502.0,0,0,0,35,SALT LAKE
1770,350865,0.0,0.0,0.0,1426.2499993054946,118.49999994229701,1182.7499994240657,124.99999993913187,1481.4208550127498,115.99999994351438,2.4999999987826373,887.7499995677146,294.9999998563512,2.4999999987826373,11.249999994521868,0.0,111.24999994582737,3.033390196929971,0.0,52.1374655103253,0.0,56502.0,0,0,0,35,SALT LAKE
1771,350866,771.000004252399,2172.94005472848,0.3548188099228257,105.00000057912048,7.750000042744608,48.500000267498514,48.75000026887737,193.0313223337344,4.7500000261983075,3.0000000165462994,1.0000000055154332,47.500000261983075,7.500000041365749,8.500000046881182,0.0,32.75000018063044,0.0,0.0,32.025756359897066,56.005565394716875,56502.0,0,0,0,35,SALT LAKE
1772,350867,314.00000008865914,915.924530436051,0.34282300523075937,0.0,0.0,0.0,0.0,34.4809520861553,0.0,0.0,0.0,0.0,0.0,0.0,0.0,0.0,0.0,0.0,11.478666419412223,23.002285666743074,83804.0,0,0,0,35,SALT LAKE
1773,350868,493.0,1458.799811132157,0.33794904293097533,56.25,11.25,0.5,44.5,112.33856534351608,6.25,5.0,0.0,0.5,8.5,1.0,0.0,35.0,0.0,0.0,20.08498778834485,36.00357755517123,90315.0,0,0,0,35,SALT LAKE
1774,350869,152.0,437.6590990672577,0.347302273216628,692.5,149.25,163.5,379.75,734.3736139981462,116.0,33.25,0.0,163.5,50.25,60.25,135.5,133.75,0.0,0.0,30.872520856288368,11.001093141857876,79691.0,0,0,0,35,SALT LAKE
1775,350870,330.0,951.4785756493018,0.34682861857904007,393.25,179.25,26.75,187.25,449.43776687949673,68.75,110.5,0.0,26.75,24.75,19.75,1.5,141.25,0.0,0.0,32.18538184271591,24.002385036780822,79691.0,0,0,0,35,SALT LAKE
1776,350871,10.0,29.12853078027946,0.34330602100845337,263.75,4.25,45.0,214.5,276.0082321230633,3.0,1.25,0.0,45.0,57.25,83.25,54.0,20.0,0.0,0.0,11.258132746530723,1.000099376532534,79691.0,0,0,0,35,SALT LAKE
1777,350872,320.0,869.2136249924063,0.3681488540895751,304.0,40.75,2.0,261.25,349.8199738682577,6.0,34.75,0.0,2.0,13.25,1.25,212.0,34.75,0.0,0.0,22.817688208009425,23.002285660248287,73244.0,0,0,0,35,SALT LAKE
1778,350873,183.0,478.0110338581501,0.3828363511255376,175.0,0.0,0.0,175.0,201.08843385985696,0.0,0.0,0.0,0.0,1.0,90.0,74.0,10.0,0.0,0.0,13.087141964934016,13.001291894922945,73487.0,0,0,0,35,SALT LAKE
1779,350874,993.25,2060.6458364406044,0.4820090781420552,654.0,143.25,13.5,497.25,789.9744986120156,117.5,25.75,0.0,13.5,55.0,47.75,26.0,368.5,0.0,0.0,63.96734350167308,72.00715511034247,49551.0,0,0,0,35,SALT LAKE
1780,350875,545.25,1397.9769073625637,0.39002790184043434,2273.0,396.5,228.0,1648.5,2416.0305239866248,229.5,167.0,1.0,227.0,370.75,254.25,168.0,855.5,0.0,0.0,103.02654892532355,40.00397506130137,59740.0,0,0,0,35,SALT LAKE
1781,350876,303.5,842.7238136173646,0.3601417155844168,981.75,200.25,53.25,728.25,1058.2430040584018,125.5,74.75,15.0,38.25,164.0,150.75,137.0,276.5,0.0,0.0,54.49081777468608,22.00218628371575,81590.0,0,0,0,35,SALT LAKE
1782,350877,9.0,23.45299013137911,0.3837463773098331,1505.75,53.25,953.0,499.5,1562.12140097141,42.0,11.25,566.75,386.25,44.25,77.25,58.0,320.0,0.0,0.0,55.37130159487771,1.000099376532534,56502.0,0,0,0,35,SALT LAKE
1783,350878,0.0,0.0,0.0,6.0,0.5,0.0,5.5,27.999691697575727,0.25,0.25,0.0,0.0,2.0,0.75,0.0,2.75,2.0222601322713767,19.760877790862,0.2165537744423513,0.0,76192.0,0,0,0,35,SALT LAKE
1784,350879,0.0,0.0,0.0,3.9999999990097144,0.0,0.9999999997524286,2.9999999992572857,4.146225048861044,0.0,0.0,0.0,0.9999999997524286,0.9999999997524286,0.9999999997524286,0.0,0.9999999997524286,0.0,0.0,0.14622504985132964,0.0,111741.0,0,0,0,35,SALT LAKE
1785,350880,0.0,0.0,0.0,177.75,0.0,174.5,3.25,184.24791135633157,0.0,0.0,172.0,2.5,0.0,1.0,0.0,2.25,0.0,0.0,6.497911356331528,0.0,111741.0,0,0,0,35,SALT LAKE
1786,350881,22.5,53.95711008150758,0.4169978704569521,1678.25,195.25,398.25,1084.75,1756.177457850076,157.25,38.0,9.0,389.25,344.5,218.75,0.0,521.5,0.0,0.0,76.42739158665198,1.5000662634241624,60946.0,0,0,0,35,SALT LAKE
1787,350882,828.25,2181.0798586530764,0.3797430876792769,1748.75,509.75,50.5,1188.5,2142.9617421007,394.5,115.25,0.0,50.5,202.75,281.25,55.0,649.5,0.0,0.0,333.7058258925171,60.5059162081827,57679.0,552,0,0,35,SALT LAKE
1788,350883,563.5,1167.9746335915395,0.48245910809486425,0.0,0.0,0.0,0.0,77.10500453225619,0.0,0.0,0.0,0.0,0.0,0.0,0.0,0.0,0.0,0.0,36.35091022529362,40.75409430696257,65378.0,0,0,0,35,SALT LAKE
1789,350884,709.5,1540.33645730771,0.4606136514097093,1185.5,431.0,7.5,747.0,1306.2825776796494,158.0,273.0,0.0,7.5,24.75,17.75,163.0,541.5,0.0,0.0,69.27754921474741,51.5050284649019,60946.0,0,0,0,35,SALT LAKE
1790,350885,0.0,0.0,0.0,4755.500003200138,207.50000013963384,858.7500005778822,3689.250002482622,4929.3439991052455,135.0000000908461,72.50000004878773,0.0,858.7500005778822,1389.0000009347054,899.5000006053043,0.0,1400.7500009426126,0.0,0.0,173.84399590510702,0.0,60946.0,0,0,0,35,SALT LAKE
1791,350886,184.75,439.5787369204994,0.42028875485261064,980.5,142.5,328.25,509.75,1172.7042125095388,84.0,58.5,192.25,136.0,154.25,41.5,0.0,314.0,0.0,0.0,178.7025297294141,13.501682780124831,39291.0,0,0,0,35,SALT LAKE
1792,350887,1107.25,1714.0443390303749,0.6459867897153495,1432.25,327.5,158.75,946.0,1607.592826837645,249.25,78.25,47.25,111.5,405.5,64.0,24.0,452.5,0.0,0.0,94.58432024113576,80.75850659650911,39291.0,0,0,0,35,SALT LAKE
1793,350888,352.75,624.8063209557655,0.5645749541400266,529.5,76.0,21.25,432.25,592.00400270214,45.0,31.0,0.0,21.25,88.5,98.25,8.0,237.5,0.0,0.0,37.001505035721,25.50249766641898,41199.0,0,0,0,35,SALT LAKE
1794,350889,588.75,1097.792813255312,0.536303383380845,985.25,179.0,31.5,774.75,1098.057278853746,52.75,126.25,0.0,31.5,169.75,136.75,86.5,381.75,0.0,0.0,70.05311165540283,42.75416719834339,86602.0,0,0,0,35,SALT LAKE
1795,350890,544.5,1094.1267400817817,0.49765715437984887,1784.75,1001.5,22.5,760.75,1984.4031500873343,591.0,410.5,0.0,22.5,258.5,34.0,14.5,453.75,0.0,0.0,160.1490491538161,39.504100933518174,63756.0,0,0,0,35,SALT LAKE
1796,350891,798.75,1543.512998054896,0.5174883535199047,397.25,118.5,19.75,259.0,533.7453113699668,13.5,105.0,5.25,14.5,55.0,43.25,29.75,131.0,0.0,0.0,78.48979923759667,58.0055121323701,40745.0,0,0,0,35,SALT LAKE
1797,350892,1090.9999999241863,2378.5910930437726,0.4586748866229396,0.0,0.0,0.0,0.0,118.89057822748825,0.0,0.0,0.0,0.0,0.0,0.0,0.0,0.0,0.0,0.0,39.8827274869083,79.00785074057995,60946.0,0,0,0,35,SALT LAKE
1798,350893,0.0,0.0,0.0,1203.5,662.5,15.5,525.5,1247.4952763934234,505.75,156.75,0.0,15.5,86.75,74.75,18.0,346.0,0.0,0.0,43.99527639342348,0.0,60946.0,0,0,0,35,SALT LAKE
1799,350894,667.0,1482.742637085821,0.44984205843768027,170.5,36.5,33.25,100.75,269.3561801711725,27.75,8.75,14.0,19.25,31.0,5.75,2.0,62.0,0.0,0.0,50.10131738624881,48.754862784923695,60946.0,0,0,0,35,SALT LAKE
1800,350895,346.0,836.9828868256839,0.41338957515873376,1445.75,127.75,282.75,1035.25,1575.7617878702215,100.25,27.5,229.0,53.75,41.0,36.0,524.75,433.5,0.0,0.0,104.75925045571562,25.252537414505976,60946.0,0,0,0,35,SALT LAKE
1801,350896,995.5,1844.8249579525848,0.53961759120216,935.5,270.0,64.0,601.5,1081.613670830437,81.5,188.5,0.0,64.0,122.0,91.0,32.5,356.0,0.0,0.0,73.856509085116,72.25716174532108,54208.0,0,0,0,35,SALT LAKE
1802,350897,556.0,1059.0859027555637,0.5249810223640796,2181.0,453.75,160.25,1567.0,2331.7923915856086,304.0,149.75,82.5,77.75,235.25,292.5,197.5,841.75,0.0,0.0,110.53825091523944,40.2541406703689,54208.0,0,0,0,35,SALT LAKE
1803,350898,536.25,1113.0960678474216,0.4817643467531383,662.5,89.0,34.25,539.25,766.3258083390053,68.25,20.75,9.5,24.75,67.25,87.0,177.5,207.5,0.0,0.0,64.8219392793854,39.00386905961986,64045.0,0,0,0,35,SALT LAKE
1804,350899,364.4999999743604,829.5471602667516,0.43939635675101424,100.24999999294822,24.249999998294207,6.999999999507606,68.99999999514641,145.9916253059556,22.74999999839972,1.499999999894487,2.999999999788974,3.999999999718632,27.74999999804801,7.499999999472435,13.999999999015213,19.749999998610747,0.0,0.0,19.239034897069075,26.502590415938293,52893.0,0,0,0,35,SALT LAKE
1805,350900,232.25,545.5407587967289,0.4257243776106882,758.75,229.0,22.25,507.5,819.7167067220546,43.75,185.25,0.0,22.25,29.5,183.25,70.75,224.0,0.0,0.0,43.96501732100151,17.00168940105308,44623.0,0,0,2194,35,SALT LAKE
1806,350901,991.5,2147.5273949701823,0.4616937610771511,618.5,249.25,30.0,339.25,771.6184715470303,200.5,48.75,16.0,14.0,46.75,46.0,33.5,213.0,0.0,0.0,80.86125681034613,72.25721473668406,72052.0,0,0,0,35,SALT LAKE
1807,350902,385.75,846.9698462384441,0.4554471469240492,529.25,39.75,3.5,486.0,603.2024624629894,21.5,18.25,0.5,3.0,202.75,95.25,28.0,160.0,0.0,0.0,45.9496799200784,28.00278254291096,76203.0,48,15,40,35,SALT LAKE
1808,350903,1687.5000021111841,4654.837134599424,0.3625261106490686,992.0000012410635,46.75000005848762,44.50000005567271,900.7500011269033,1361.927851272813,26.000000032527876,20.750000025959746,0.0,44.50000005567271,272.2500003406044,240.2500003005701,0.0,388.2500004857288,0.0,0.0,246.9154211095975,123.01242892215204,37668.0,0,0,0,35,SALT LAKE
1809,350904,1406.0,3484.679562318968,0.403480427642059,251.0,21.75,42.25,187.0,420.8360181665297,16.75,5.0,0.0,42.25,32.0,36.25,3.75,115.0,0.0,0.0,67.82583539399725,102.01018277253247,37668.0,0,0,0,35,SALT LAKE
1810,350905,285.5,398.57467136573496,0.7163024158602973,183.5,14.25,87.25,82.0,225.39642197494396,6.25,8.0,0.0,87.25,17.75,29.75,0.0,34.5,0.0,0.0,20.89433506776072,21.00208690718322,45967.0,0,0,0,35,SALT LAKE
1811,350906,279.75,629.8095132099327,0.4441819218865176,278.5,3.0,10.5,265.0,330.65918875379947,3.0,0.0,0.0,10.5,2.0,249.25,8.0,5.75,0.0,0.0,31.9071415968072,20.25204715699228,85973.0,709,945,0,35,SALT LAKE
1812,350907,218.74999986308944,500.370742762629,0.4371758401687013,376.74999976420094,91.99999994241934,46.74999997074026,237.9999998510413,424.2740237580761,57.49999996401208,34.49999997840725,0.0,46.74999997074026,27.249999982944857,55.74999996510737,11.749999992645948,143.24999991034315,0.0,0.0,31.772460476298527,15.75156351757669,85973.0,0,0,0,35,SALT LAKE
1813,350908,773.25,1611.7362860400654,0.47976210915982204,343.75,45.5,32.25,266.0,445.5891665276096,38.25,7.25,0.0,32.25,57.25,66.5,0.0,142.25,0.0,0.0,45.83360144178773,56.00556508582192,41529.0,0,0,0,35,SALT LAKE
1814,350909,408.0,1212.6909806923104,0.3364418524553368,592.75,108.25,62.5,422.0,683.5872860225184,83.5,24.75,9.0,53.5,66.0,137.0,0.0,219.0,0.0,0.0,61.08436435288383,29.752921669634432,57978.0,419,0,0,35,SALT LAKE
1815,350910,546.25,1132.2353902775264,0.4824526813864267,302.75,34.75,118.75,149.25,379.2890902751338,32.5,2.25,91.5,27.25,26.5,31.0,3.0,88.75,0.0,0.0,36.78514833606678,39.75394193906708,45967.0,0,0,0,35,SALT LAKE
1816,350911,458.999999928538,1060.0749006416718,0.43298827248027627,110.74999998275726,1.9999999996886186,1.2499999998053866,107.49999998326325,167.8308357516077,0.749999999883232,1.2499999998053866,0.0,1.2499999998053866,4.999999999221546,7.49999999883232,79.99999998754474,14.99999999766464,0.0,0.0,23.82757621758272,33.25325955126774,49675.0,0,0,0,35,SALT LAKE
1817,350912,280.5,756.1734623284299,0.37094663324507154,433.25,92.25,20.75,320.25,484.34317460465417,75.0,17.25,0.0,20.75,61.0,60.0,0.0,199.25,0.0,0.0,30.841160576918195,20.252014027736003,53734.0,0,0,0,35,SALT LAKE
1818,350913,207.0,513.0633204292047,0.4034589723288609,463.5,31.5,124.0,308.0,503.00839001100167,24.75,6.75,22.0,102.0,58.25,88.0,0.0,161.75,0.0,0.0,24.506899363013662,15.001490647988014,81457.0,0,0,0,35,SALT LAKE
1819,350914,208.0,521.290431795223,0.3990098173942852,0.0,0.0,0.0,0.0,29.60541681401308,0.0,0.0,0.0,0.0,0.0,0.0,0.0,0.0,0.0,0.0,14.353899668939745,15.251517145073333,81457.0,0,0,0,35,SALT LAKE
1820,350915,344.0,797.9937516570217,0.43108106960197284,67.5,4.5,5.25,57.75,109.04458844214405,2.75,1.75,0.0,5.25,18.0,3.75,0.0,36.0,0.0,0.0,16.54210402883068,25.002484413313358,48336.0,0,0,0,35,SALT LAKE
1821,350916,140.75,379.43668830172805,0.370944624859459,388.75,28.5,17.0,343.25,428.6106933357594,26.0,2.5,14.0,3.0,0.0,45.75,1.0,296.5,0.0,0.0,29.859699570434085,10.000993765325342,51003.0,409,0,0,35,SALT LAKE
1822,350917,353.25,671.0028126030048,0.5264508484392874,329.25,15.25,21.25,292.75,390.4541161215835,10.75,4.5,0.0,21.25,58.25,25.75,87.5,121.25,0.0,0.0,35.45159195807924,25.752524163504297,80568.0,0,0,0,35,SALT LAKE
1823,350918,464.25,1162.8821138698124,0.39922361386665367,1050.5,236.25,174.5,639.75,1159.378190211037,182.0,54.25,11.5,163.0,123.0,138.75,94.25,283.75,0.0,0.0,75.12479816495129,33.753392046085864,88737.0,0,0,0,35,SALT LAKE
1824,350919,948.25,2252.8486367316905,0.4209115448500212,1082.25,120.75,126.25,835.25,1241.9871648987637,88.75,32.0,41.5,84.75,145.75,234.5,128.0,327.0,0.0,0.0,90.73028141391164,69.00688348485215,60734.0,254,0,0,35,SALT LAKE
1825,350920,1241.25,2699.089753306973,0.45987725990927064,463.0,85.25,40.0,337.75,628.5522173114956,25.0,60.25,27.5,12.5,61.5,43.0,35.5,197.75,0.0,0.0,75.04321380424793,90.5090035072477,108592.0,0,0,0,35,SALT LAKE
1826,350921,50.75,111.32757805992546,0.4558618887108302,8957.5,209.25,814.25,7934.0,9290.561115700384,105.0,104.25,86.5,727.75,3337.25,636.75,270.0,3690.0,0.0,0.0,329.31068507131505,3.750430629068163,149495.0,0,0,0,35,SALT LAKE
1827,350922,714.25,1643.2857189126191,0.4346474820414233,72.0,32.25,10.75,29.0,183.49222373396907,0.0,32.25,10.75,0.0,9.25,10.0,2.0,7.75,0.0,0.0,59.487466868586345,52.00475686538273,149495.0,0,0,0,35,SALT LAKE
1828,350923,2450.75,5585.961488275697,0.4387337802353002,222.5,7.5,171.75,43.25,498.5549915252333,1.0,6.5,169.25,2.5,3.25,31.75,0.0,8.25,0.0,0.0,98.03609689732562,178.01889462790768,136616.0,0,0,0,35,SALT LAKE
1829,350924,708.24999966943,1362.0313021272661,0.5199953911215267,740.2499996544943,33.24999998448083,36.99999998273055,669.999999687283,854.4823389160673,27.4999999871646,5.749999997316234,0.9999999995332581,35.99999998319729,237.2499998892655,80.24999996254397,84.74999996044363,267.74999987502986,0.0,0.0,62.727072334299926,51.505266927273034,65715.0,0,0,0,35,SALT LAKE
1830,350925,30.75,84.73216470297645,0.3629082309863355,3504.25,186.0,161.75,3156.5,3647.435369889373,139.5,46.5,2.0,159.75,1060.0,417.75,42.0,1636.75,0.0,0.0,140.93509828986052,2.2502715995127494,57947.0,0,0,0,35,SALT LAKE
1831,350926,1216.0,3072.7809661407314,0.39573272986236924,45.75,0.0,4.0,41.75,188.3823176210889,0.0,0.0,1.0,3.0,33.75,0.0,8.0,0.0,0.0,0.0,54.123532729012965,88.50878489207594,61673.0,0,0,0,35,SALT LAKE
1832,350927,141.0,375.0158705790959,0.37598408777278985,2304.25,1196.25,39.25,1068.75,2466.474821259647,878.0,318.25,11.25,28.0,140.25,161.0,0.0,767.5,0.0,0.0,151.72390028460012,10.500920975047071,57947.0,0,0,0,35,SALT LAKE
1833,350928,625.0,1698.559208126214,0.3679589130657837,659.5,91.0,8.25,560.25,777.450745817465,53.75,37.25,6.5,1.75,191.25,99.5,161.5,108.0,0.0,0.0,72.69623412611772,45.2545116913473,77272.0,528,0,0,35,SALT LAKE
1834,350929,819.0,2223.91580322507,0.36826933772056736,493.75,140.5,35.0,318.25,620.7560222555833,72.0,68.5,12.25,22.75,91.0,34.75,62.25,130.25,0.0,0.0,67.25008616071655,59.75593609486673,74521.0,0,0,0,35,SALT LAKE
1835,350930,684.25,1695.1076264921674,0.4036616845480057,1453.25,189.25,146.0,1118.0,1582.141804103839,122.75,66.5,114.75,31.25,85.25,523.75,102.0,407.0,0.0,0.0,78.88683527721219,50.00496882662671,84600.0,641,950,0,35,SALT LAKE
1836,350931,783.0,1760.4891595255558,0.4447627500364814,20.75,0.0,0.25,20.5,109.88822566026452,0.0,0.0,0.25,0.0,20.5,0.0,0.0,0.0,0.0,0.0,32.13256119791005,57.00566446235445,76969.0,0,0,0,35,SALT LAKE
1837,350932,418.5,934.7690575019118,0.4477041646183759,328.5,29.0,13.25,286.25,386.0585785660704,14.75,14.25,1.5,11.75,48.5,38.5,96.0,103.25,0.0,0.0,27.305617139223024,30.252961426847357,73569.0,0,0,0,35,SALT LAKE
1838,350933,203.25,452.7787567209549,0.4488947349737565,97.5,2.25,9.0,86.25,130.50054228631896,1.5,0.75,0.5,8.5,7.75,8.25,55.5,14.75,0.0,0.0,18.24908476056524,14.75145752575372,75198.0,0,0,0,35,SALT LAKE
1839,350934,130.25,280.51992179536654,0.46431639922890994,53.75,1.0,22.0,30.75,69.72634537290594,1.0,0.0,20.75,1.25,5.25,6.25,10.0,9.25,0.0,0.0,6.725470853241801,9.250874519664135,57947.0,0,0,0,35,SALT LAKE
1840,350935,711.2499989026311,1479.3844306830626,0.48077428973227204,153.24999976355463,1.4999999976856895,0.0,151.74999976586892,243.10986818407514,0.0,1.4999999976856895,0.0,0.0,6.9999999891998845,137.49999978785488,0.4999999992285632,6.7499999895856035,0.0,0.0,37.8547009210662,52.00516749945438,71040.0,0,0,2126,35,SALT LAKE
1841,350936,1047.25,2643.2442145610166,0.3961987296637003,693.75,268.75,240.5,184.5,866.4123561381616,14.25,254.5,230.0,10.5,45.25,45.75,6.0,87.5,0.0,0.0,96.654856513052,76.00749962510963,116068.0,0,0,0,35,SALT LAKE
1842,350937,846.5,1879.039067099338,0.45049622161754055,66.0,0.0,15.0,51.0,178.86192184155033,0.0,0.0,11.0,4.0,19.75,5.25,5.0,21.0,0.0,0.0,51.35574062038255,61.50618122116778,115312.0,0,0,0,35,SALT LAKE
1843,350938,345.25,1020.7146583679564,0.33824340345227133,338.75,8.25,8.75,321.75,393.5082605135048,6.0,2.25,1.5,7.25,34.0,7.5,172.0,108.25,0.0,0.0,29.755776100191422,25.002484413313358,90282.0,0,0,0,35,SALT LAKE
1844,350939,360.99999941358385,832.6351663449631,0.4335632387450959,57.24999990700187,6.749999989035155,5.999999990253471,44.49999992771325,111.04140825749325,6.749999989035155,0.0,5.7499999906595765,0.24999999959389463,9.249999984974101,1.999999996751157,14.499999976445888,18.749999969542095,0.0,0.0,27.288738480270077,26.502669870221297,120720.0,0,0,0,35,SALT LAKE
1845,350940,544.25,1633.5372884728813,0.3331726822769955,2.5,1.5,0.5,0.5,68.4899577571434,1.5,0.0,0.5,0.0,0.0,0.0,0.0,0.5,0.0,0.0,26.486075444417928,39.50388231272548,91034.0,0,0,0,35,SALT LAKE
1846,350941,989.25,2275.779856070023,0.4346861570821295,171.75,18.75,45.5,107.5,312.44587649699423,16.25,2.5,44.0,1.5,19.25,52.75,16.0,19.5,0.0,0.0,68.68881414927162,72.00706234772262,98072.0,462,0,0,35,SALT LAKE
1847,350942,635.75,1519.082492336899,0.4185092009203439,125.75,0.0,42.0,83.75,222.8420961264438,0.0,0.0,0.0,42.0,22.0,0.0,37.75,24.0,0.0,0.0,50.5874651866276,46.50463093981619,102520.0,0,0,0,35,SALT LAKE
1848,350943,206.0,432.35611662653577,0.4764590856429133,0.0,0.0,0.0,0.0,25.286730213597718,0.0,0.0,0.0,0.0,0.0,0.0,0.0,0.0,0.0,0.0,10.03508058169115,15.251649631906565,102705.0,0,0,0,35,SALT LAKE
1849,350944,271.75,597.366276175049,0.4549135276601517,1229.25,169.75,18.5,1041.0,1303.8716738451467,25.25,144.5,4.25,14.25,318.75,17.25,200.0,505.0,0.0,0.0,54.86966644536744,19.75200739977936,75198.0,0,0,0,35,SALT LAKE
1850,350945,480.0,1037.0782655241997,0.4628387422210416,123.0,13.5,7.25,102.25,184.04711993031304,10.75,2.75,0.0,7.25,25.5,26.25,6.0,44.5,0.0,0.0,26.043641751674343,35.0034781786387,59129.0,0,0,0,35,SALT LAKE
1851,350946,194.0,408.8819776649451,0.4744645413522522,137.0,45.5,1.0,90.5,167.35151478435006,3.0,42.5,0.0,1.0,4.0,73.75,0.0,12.75,0.0,0.0,16.350123512894594,14.00139127145548,41529.0,0,822,0,35,SALT LAKE
1852,350947,1096.75,2732.061369188543,0.4014368097176927,827.0,94.25,36.5,696.25,1007.8286885477356,63.75,30.5,0.0,36.5,128.25,212.25,80.0,275.75,0.0,0.0,101.07068542674784,79.75800312098768,85287.0,447,0,0,35,SALT LAKE
1853,350948,1338.75,2746.860633380616,0.4873745627030133,1978.0,296.75,57.25,1624.0,2274.2310791431764,109.5,187.25,10.25,47.0,336.75,235.75,278.0,773.5,0.0,0.0,198.9715323723108,97.25954677086564,78260.0,0,0,0,35,SALT LAKE
1854,350949,648.5,1723.9726411000004,0.37616606234900407,8.0,0.0,1.0,7.0,94.75537426184468,0.0,0.0,1.0,0.0,6.0,0.0,1.0,0.0,0.0,0.0,39.50067706773026,47.25469719411443,78058.0,0,0,0,35,SALT LAKE
1855,350950,290.0,725.9293693930738,0.3994879009268625,0.0,0.0,0.0,0.0,34.35363802052807,0.0,0.0,0.0,0.0,0.0,0.0,0.0,0.0,0.0,0.0,13.101524616259526,21.25211340426854,72573.0,0,0,0,35,SALT LAKE
1856,350951,428.75,1060.220172504642,0.4043971347829856,648.75,60.0,59.0,529.75,724.1417581705664,28.25,31.75,11.5,47.5,121.0,114.0,82.0,212.75,0.0,0.0,44.38867749805782,31.00308067250856,76309.0,0,0,0,35,SALT LAKE
1857,350952,680.5,1655.228039771278,0.4111215999543075,98.75,0.0,0.5,98.25,197.2424661134205,0.0,0.0,0.5,0.0,0.25,96.25,0.0,1.75,0.0,0.0,49.237570166241,49.2548959471795,94243.0,572,0,0,35,SALT LAKE
1858,350953,390.75,1197.1418669806883,0.3264024179402485,229.0,38.75,12.25,178.0,282.90841339168446,37.25,1.5,10.0,2.25,51.25,56.0,33.0,37.75,0.0,0.0,25.905630848773505,28.00278254291096,137651.0,389,0,0,35,SALT LAKE
1859,350954,642.25,1725.160027969837,0.3722843038253082,692.5,92.75,48.75,551.0,795.468473323507,54.0,38.75,21.0,27.75,86.75,148.0,38.0,278.25,0.0,0.0,56.213776162392165,46.7546971611149,99905.0,441,0,0,35,SALT LAKE
1860,350955,689.0,1952.999580464671,0.3527906543820498,220.75,0.0,3.5,217.25,359.7675645021184,0.0,0.0,3.25,0.25,0.0,0.0,0.0,217.25,0.0,0.0,88.76254931629964,50.25501518581873,98216.0,0,0,0,35,SALT LAKE
1861,350956,0.0,0.0,0.0,4390.0,329.0,788.75,3272.25,4550.477837972155,270.5,58.5,330.75,458.0,1376.0,471.75,11.0,1413.5,0.0,0.0,160.4778379721544,0.0,37668.0,0,0,0,35,SALT LAKE
1862,350957,618.0,1367.0049591614704,0.45208321729797174,706.25,51.5,199.0,455.75,818.9268463746369,31.75,19.75,36.25,162.75,52.0,67.0,1.0,335.75,0.0,0.0,67.67237443067283,45.00447194396404,32464.0,0,0,0,35,SALT LAKE
1863,350958,462.75,1021.1056585985056,0.4531852273104985,447.25,107.75,25.0,314.5,522.5530310609624,48.5,59.25,5.5,19.5,53.25,48.0,0.0,213.25,0.0,0.0,41.79979137364619,33.50323968731628,32464.0,0,0,0,35,SALT LAKE
1864,350959,555.25,1389.4845818915578,0.3996086082827326,249.25,33.5,33.25,182.5,328.66289295838214,24.25,9.25,0.0,33.25,25.75,37.5,0.0,119.25,0.0,0.0,38.90887813986788,40.50401481851429,74169.0,0,0,0,35,SALT LAKE
1865,350960,447.0,886.9670306617974,0.5039646171137585,194.75,34.25,8.0,152.5,265.96304319991145,27.25,7.0,0.0,8.0,42.0,33.75,0.0,76.75,0.0,0.0,38.45982340067939,32.753219799232035,73770.0,0,0,0,35,SALT LAKE
1866,350961,982.5,1926.83285071536,0.5099041152610798,897.25,106.5,86.5,704.25,1049.7242498846863,51.0,55.5,25.5,61.0,158.0,106.0,87.0,353.25,0.0,0.0,80.96710802744957,71.50714185723685,62960.0,0,0,0,35,SALT LAKE
1867,350962,266.5,686.0612590503439,0.3884492769186431,179.5,12.5,7.5,159.5,230.05446583055075,9.5,3.0,0.25,7.25,48.0,33.25,7.25,71.0,0.0,0.0,31.052571048475954,19.5018947820748,82904.0,0,0,0,35,SALT LAKE
1868,350963,503.25,1565.545863978591,0.3214533739184546,129.5,8.0,0.0,121.5,218.37487673262905,8.0,0.0,0.0,0.0,2.0,59.5,2.25,57.75,0.0,0.0,52.37121305403086,36.503663678598144,100807.0,635,0,0,35,SALT LAKE
1869,350964,350.0,1110.057245732525,0.3152990544816773,0.0,0.0,0.0,0.0,37.79717627847231,0.0,0.0,0.0,0.0,0.0,0.0,0.0,0.0,0.0,0.0,12.794691865158956,25.002484413313358,116771.0,0,0,0,35,SALT LAKE
1870,350965,506.25,1181.714449886711,0.42840298690477496,1787.75,179.0,481.5,1127.25,1908.604904507703,169.5,9.5,218.25,263.25,335.75,369.75,55.25,366.5,0.0,0.0,83.85122757599915,37.003676931703765,76955.0,0,0,0,35,SALT LAKE
1871,350966,0.0,0.0,0.0,772.0,229.0,308.75,234.25,800.2208432452537,221.75,7.25,179.75,129.0,83.0,12.0,2.0,137.25,0.0,0.0,28.220843245253704,0.0,45830.0,0,0,0,35,SALT LAKE
1872,350967,21.75,59.79608838052272,0.36373616718187524,3144.0,465.5,166.5,2512.0,3598.9500705828277,274.25,191.25,6.75,159.75,550.75,260.5,176.75,1524.0,0.0,0.0,453.4499910824452,1.5000795003818834,45830.0,0,0,0,35,SALT LAKE
1873,350968,403.25,1136.5458803890424,0.35480309854448333,2950.25,327.0,87.0,2536.25,3228.8249235284766,211.75,115.25,3.0,84.0,557.5,281.5,94.75,1602.5,0.0,0.0,249.32243910674663,29.25248442172996,62143.0,0,0,0,35,SALT LAKE
1874,350969,183.0,470.99874403332,0.3885360679158286,202.5,52.0,23.0,127.5,239.59028702760332,48.0,4.0,2.0,21.0,75.0,10.5,2.0,40.0,0.0,0.0,23.838968635595077,13.251318392008264,30205.0,0,0,0,35,SALT LAKE
1875,350970,142.75,347.8552149179751,0.4103718842727734,140.0,0.0,52.25,87.75,162.83874579437773,0.0,0.0,0.0,52.25,0.0,78.5,0.0,9.25,0.0,0.0,12.337692409732766,10.501053384644957,62143.0,0,0,0,35,SALT LAKE
1876,350971,172.5,452.8448196426716,0.38092519229018756,91.25,21.75,24.75,44.75,132.6462488870152,18.5,3.25,20.0,4.75,7.75,10.0,5.25,21.75,0.0,0.0,28.89497024519785,12.501278641817324,30205.0,0,0,0,35,SALT LAKE
1877,350972,472.5,1346.9043416064508,0.3508044227078888,816.75,121.75,62.0,633.0,915.3818075822132,84.0,37.75,0.0,62.0,102.0,166.25,44.0,320.75,0.0,0.0,64.3783691537653,34.25343842844776,53345.0,577,0,0,35,SALT LAKE
1878,350973,634.25,1532.038749795446,0.41399083416439925,961.0,136.5,62.5,762.0,1081.5727003269374,38.75,97.75,0.0,62.5,132.25,252.0,1.0,376.75,0.0,0.0,74.3181025093555,46.254597817581896,62143.0,0,0,60,35,SALT LAKE
1879,350974,616.75,1304.1155855695413,0.4729258716209953,1150.75,201.0,49.5,900.25,1290.3785881169256,115.0,86.0,7.75,41.75,124.25,191.75,66.75,517.5,0.0,0.0,94.624142677069,45.00444543985674,68075.0,0,0,132,35,SALT LAKE
1880,350975,482.0,1225.9062908485066,0.39317850279272604,2531.5,945.25,47.75,1538.5,2693.1667396109906,700.5,244.75,0.0,47.75,231.0,281.25,13.0,1013.25,0.0,0.0,126.66324155339362,35.00349805759703,82904.0,0,0,0,35,SALT LAKE
1881,350976,400.5,868.5217199225352,0.461128364222971,681.5,105.0,13.5,563.0,755.5574914701765,47.0,58.0,0.0,13.5,95.5,53.5,175.0,239.0,0.0,0.0,45.05460955073296,29.002881919443496,62829.0,0,0,0,35,SALT LAKE
1882,350977,454.5,1171.41094888101,0.38799364171400397,0.0,0.0,0.0,0.0,50.368326355395965,0.0,0.0,0.0,0.0,0.0,0.0,0.0,0.0,0.0,0.0,17.365046929822334,33.00327942557363,101047.0,0,0,0,35,SALT LAKE
1883,350978,1623.5,4204.627204996935,0.38612222221998005,721.25,183.25,106.25,431.75,941.1804094900187,126.5,56.75,27.5,78.75,58.75,101.0,84.0,188.0,0.0,0.0,101.6684578469405,118.26195164307828,98907.0,484,0,0,35,SALT LAKE
1884,350979,397.5,1080.6166028536486,0.3678455420269299,73.0,0.0,0.0,73.0,122.20276208781708,0.0,0.0,0.0,0.0,0.0,73.0,0.0,0.0,0.0,0.0,20.199880168373596,29.002881919443496,121548.0,0,936,0,35,SALT LAKE
1885,350980,638.0,1126.0010168401946,0.5666069483581531,1007.25,129.75,239.25,638.25,1113.3990890235884,114.75,15.0,83.75,155.5,194.75,27.5,70.25,345.75,0.0,0.0,60.144517703091765,46.004571320496574,76955.0,0,0,0,35,SALT LAKE
1886,350981,0.0,0.0,0.0,2772.0,52.25,116.25,2603.5,2906.0822195381406,33.75,18.5,56.25,60.0,552.25,438.0,149.75,1463.5,0.0,0.0,134.08221953814046,0.0,45830.0,0,0,0,35,SALT LAKE
1887,350982,192.25,360.5856987253868,0.5331603573840372,2318.75,127.5,408.75,1782.5,2479.3401764783425,68.75,58.75,335.5,73.25,330.25,273.25,123.0,1056.0,0.0,0.0,146.58878520688728,14.00139127145548,45830.0,0,0,0,35,SALT LAKE
1888,350983,10.75,29.87934609812231,0.35978029655326216,1964.75,109.0,86.25,1769.5,2082.1950485167213,75.0,34.0,0.0,86.25,290.25,477.5,0.0,1001.75,0.0,37.72531214496694,78.71963699522198,1.000099376532534,53265.0,0,0,1996,35,SALT LAKE
1889,350984,266.0,697.8895750193677,0.3811491237601851,0.0,0.0,0.0,0.0,31.726277793506195,0.0,0.0,0.0,0.0,0.0,0.0,0.0,0.0,0.0,0.0,12.724389639388049,19.00188815411815,53265.0,0,0,0,35,SALT LAKE
1890,350985,504.75,1335.1504056106603,0.3780472955547967,1010.0,169.75,68.25,772.0,1120.3316726353785,121.5,48.25,29.0,39.25,140.25,139.75,58.75,433.25,0.0,0.0,73.57793609699253,36.75373653838605,83700.0,0,0,0,35,SALT LAKE
1891,350986,441.25,1193.2634933026054,0.36978421151454877,1408.25,163.25,109.25,1135.75,1531.8773554612487,87.0,76.25,2.0,107.25,179.75,259.5,137.75,558.75,0.0,0.0,91.62465900666692,32.002696454581944,69002.0,310,222,91,35,SALT LAKE
1892,350987,344.25,877.948341883981,0.39210735253657086,1007.0,14.5,1.25,991.25,1089.8976994945806,13.25,1.25,1.0,0.25,3.75,52.0,922.0,13.5,0.0,0.0,57.89521508126717,25.002484413313358,72647.0,369,0,0,35,SALT LAKE
1893,350988,287.5,778.4764963860865,0.36931108560715487,1050.5,45.5,32.75,972.25,1123.914413221142,18.5,27.0,0.0,32.75,145.75,605.0,49.0,172.5,0.0,0.0,52.41232631395886,21.00208690718322,83356.0,420,0,0,35,SALT LAKE
1894,350989,486.25,1159.8023820745905,0.419252458449191,1227.75,477.75,45.0,705.0,1327.6597884752728,250.75,227.0,24.5,20.5,94.5,108.75,0.0,501.75,0.0,0.0,64.90631029663405,35.0034781786387,117605.0,0,0,0,35,SALT LAKE
1895,350990,520.75,1515.0305744225775,0.34372243622771315,632.75,73.0,28.0,531.75,714.9216105610404,58.25,14.75,3.75,24.25,87.75,99.0,10.0,335.0,0.0,0.0,44.16783425280411,38.0037763082363,91031.0,0,0,0,35,SALT LAKE
1896,350991,332.5,891.2787173844273,0.3730595082262979,0.0,0.0,0.0,0.0,54.40811394522375,0.0,0.0,0.0,0.0,0.0,0.0,0.0,0.0,0.0,0.0,30.1557024113576,24.252411533866145,122645.0,0,0,0,35,SALT LAKE
1897,350992,594.5,1207.680378662301,0.49226600887438754,8253.75,229.25,406.5,7618.0,8640.376822468097,66.0,163.25,50.5,356.0,3033.75,720.0,161.75,3702.5,0.0,0.0,343.3722909357022,43.25453153239448,45830.0,0,0,0,35,SALT LAKE
1898,350993,1377.25,2902.6778555781398,0.47447566299970506,376.0,0.0,0.0,376.0,540.6030271699298,0.0,0.0,0.0,0.0,3.0,0.0,343.0,30.0,0.0,0.0,64.09299676810042,100.51003040182933,53265.0,0,0,0,35,SALT LAKE
1899,350994,301.00000045516526,663.3872246127746,0.45373198229866696,417.0000006305778,86.75000013118137,25.000000037804426,305.25000046159204,471.99868661917924,68.25000010320608,18.500000027975275,7.750000011719372,17.250000026085054,45.7500000691821,62.75000009488911,20.00000003024354,176.7500002672773,0.0,0.0,32.99649967161451,22.002186316986954,70392.0,0,0,0,35,SALT LAKE
1900,350995,198.75,578.7781938650246,0.34339579843664597,30.75,0.25,0.0,30.5,54.89076718279216,0.25,0.0,0.0,0.0,7.0,1.5,15.0,7.0,0.0,0.0,9.63936265823106,14.5014045245611,67464.0,0,0,0,35,SALT LAKE
1901,350996,493.0,1416.07723368141,0.3481448527481344,362.75,12.0,10.5,340.25,434.5379745634426,4.5,7.5,0.0,10.5,27.25,101.5,104.0,107.5,0.0,0.0,35.78439700827143,36.00357755517123,73279.0,0,722,0,35,SALT LAKE
1902,350997,120.0,341.90351274642666,0.350976212663244,438.5,54.75,28.0,355.75,467.6811612252796,45.5,9.25,14.5,13.5,51.0,67.0,160.0,77.75,0.0,0.0,20.430326445976757,8.750834779302847,83356.0,0,0,0,35,SALT LAKE
1903,350998,770.25,2205.134617081817,0.34929840293347564,4.0,0.0,4.0,0.0,88.30917545785849,0.0,0.0,4.0,0.0,0.0,0.0,0.0,0.0,0.0,0.0,28.30361037203658,56.00556508582192,97838.0,0,0,0,35,SALT LAKE
1904,350999,997.0,2322.4240396719883,0.4292928349728989,0.0,0.0,0.0,0.0,109.45384817134207,0.0,0.0,0.0,0.0,0.0,0.0,0.0,0.0,0.0,0.0,36.44659368446708,73.007254486875,102608.0,0,0,0,35,SALT LAKE
1905,351000,539.25,1453.4037205463856,0.3710256086294295,93.0,0.0,0.0,93.0,199.11671524535063,0.0,0.0,0.0,0.0,0.0,93.0,0.0,0.0,0.0,0.0,66.61283293262518,39.50388231272548,134555.0,773,0,0,35,SALT LAKE
1906,351001,194.5,472.5082337582459,0.4116330385461896,0.0,0.0,0.0,0.0,21.611507206015222,0.0,0.0,0.0,0.0,0.0,0.0,0.0,0.0,0.0,0.0,7.6101159345597456,14.00139127145548,154331.0,0,0,0,35,SALT LAKE
1907,351002,243.75,632.7076064648221,0.38524904317481484,77.5,74.5,2.5,0.5,112.24520112947027,0.0,74.5,2.5,0.0,0.0,0.25,0.0,0.25,0.0,0.0,17.24350510046054,17.50169602900973,115747.0,0,0,0,35,SALT LAKE
1908,351003,93.5,265.23221918918324,0.35252127469969585,4183.75,901.25,177.75,3104.75,4559.88065646268,517.25,384.0,20.0,157.75,693.0,416.25,171.25,1824.25,0.0,194.01589103510588,175.3640963057839,6.750669121790786,78814.0,0,0,0,35,SALT LAKE
1909,351004,394.75,1015.1601252098952,0.38885491086283674,1292.75,480.75,65.5,746.5,1425.1948145964836,287.75,193.0,18.25,47.25,105.5,116.75,0.0,524.25,0.0,0.0,103.69186642835744,28.752948168126384,86028.0,0,0,0,35,SALT LAKE
1910,351005,670.75,1729.8564585543652,0.38774893528480586,155.5,75.0,5.25,75.25,237.45879298380697,9.5,65.5,2.0,3.25,5.5,4.75,2.0,63.0,0.0,0.0,32.9539235337128,49.004869450094176,91483.0,0,0,0,35,SALT LAKE
1911,351006,675.0,1480.5414573216187,0.45591428504887144,231.25,57.25,5.0,169.0,316.38315879015704,10.5,46.75,0.0,5.0,8.0,69.25,0.0,91.75,0.0,0.0,36.128289340062864,49.004869450094176,51676.0,644,0,0,35,SALT LAKE
1912,351007,235.5,676.7418674576522,0.34799088297095293,0.0,0.0,0.0,0.0,29.36061907867554,0.0,0.0,0.0,0.0,0.0,0.0,0.0,0.0,0.0,0.0,12.35892967762246,17.00168940105308,66181.0,0,0,0,35,SALT LAKE
1913,351008,274.25,753.7495138797648,0.36384766417739584,170.5,66.5,4.75,99.25,211.50746531585557,16.0,50.5,0.0,4.75,19.75,22.75,4.0,52.75,0.0,0.0,21.00550428931214,20.001961026543384,54148.0,0,0,0,35,SALT LAKE
1914,351009,290.75,865.9047038276285,0.3357759794060181,383.25,120.5,29.0,233.75,432.6667265035645,84.75,35.75,0.0,29.0,28.5,38.75,0.0,166.5,0.0,0.0,28.164679310765045,21.252047192799484,98542.0,0,0,0,35,SALT LAKE
1915,351010,338.0,945.0261265533636,0.3576620693363591,0.0,0.0,0.0,0.0,36.85942373761133,0.0,0.0,0.0,0.0,0.0,0.0,0.0,0.0,0.0,0.0,12.356979081510897,24.50244465610044,140403.0,0,0,0,35,SALT LAKE
1916,351011,320.0,786.961104427266,0.4066274663382371,121.25,7.25,36.25,77.75,177.87759495602808,2.25,5.0,34.25,2.0,12.75,31.75,0.0,33.25,0.0,0.0,33.37528942384345,23.25230553218464,155904.0,0,0,0,35,SALT LAKE
1917,351012,172.24998910472627,404.348814707168,0.42599355516714155,0.0,0.0,0.0,0.0,52.04745206045219,0.0,0.0,0.0,0.0,0.0,0.0,0.0,0.0,0.0,0.0,39.54624707969089,12.501204980761294,155183.0,0,0,0,35,SALT LAKE
1918,351013,0.0,0.0,0.0,1577.5,1026.25,62.25,489.0,1635.1653268648795,647.0,379.25,47.5,14.75,38.75,34.0,0.0,416.25,0.0,0.0,57.66532686487969,0.0,78814.0,0,0,0,35,SALT LAKE
1919,351014,112.75,293.1930697865156,0.38455888497670604,1476.25,1158.25,14.5,303.5,1608.3325069892142,790.75,367.5,0.0,14.5,49.75,32.5,0.0,221.25,0.0,0.0,123.83153977292925,8.250967216284913,78814.0,0,0,0,35,SALT LAKE
1920,351015,337.25,876.2607361372964,0.3848740290323338,660.25,238.0,19.5,402.75,769.4670184848144,105.75,132.25,2.75,16.75,67.0,56.5,36.0,243.25,0.0,0.0,84.71454732460661,24.502471160207733,63501.0,0,0,0,35,SALT LAKE
1921,351016,221.5,622.7816348442403,0.3556623824583361,189.75,32.75,12.75,144.25,222.03574743300928,29.75,3.0,0.0,12.75,13.25,66.75,0.0,64.25,0.0,0.0,16.284157408488753,16.001590024520546,74012.0,0,0,0,35,SALT LAKE
1922,351017,499.75,1379.2565776084796,0.3623328741825009,533.75,66.5,26.0,441.25,611.5359789035309,49.0,17.5,0.0,26.0,91.0,97.75,30.0,222.5,0.0,0.0,41.78240134835968,36.00357755517123,71273.0,0,0,0,35,SALT LAKE
1923,351018,408.75,1113.5471976640345,0.3670702066849644,337.0,7.5,9.25,320.25,396.2652200846103,5.75,1.75,0.0,9.25,38.0,86.5,40.25,155.5,0.0,0.0,29.262238788634274,30.002981295976028,104764.0,0,0,0,35,SALT LAKE
1924,351019,347.75,1055.5262881690662,0.3294565032607696,108.5,17.5,2.0,89.0,164.93363799217252,3.5,14.0,2.0,0.0,1.5,1.25,4.0,82.25,0.0,0.0,30.931173455009827,25.502464537162705,113914.0,0,0,0,35,SALT LAKE
1925,351020,22.25,58.16989714725784,0.38250024653944015,145.25,41.5,19.5,84.25,153.37383351032986,38.75,2.75,14.75,4.75,20.5,30.75,0.0,33.0,0.0,0.0,6.123634757264792,2.0001987530650687,105353.0,0,0,0,35,SALT LAKE
1926,351021,132.0,371.74960100287706,0.35507771802283233,0.0,0.0,0.0,0.0,14.826420411613862,0.0,0.0,0.0,0.0,0.0,0.0,0.0,0.0,0.0,0.0,4.82542664628852,10.000993765325342,132708.0,0,0,0,35,SALT LAKE
1927,351022,509.0,1276.496319592449,0.3987477223299085,0.0,0.0,0.0,0.0,55.61092861747071,0.0,0.0,0.0,0.0,0.0,0.0,0.0,0.0,0.0,0.0,18.607251685766947,37.003676931703765,155902.0,0,0,0,35,SALT LAKE
1928,351023,0.0,0.0,0.0,1751.75,1240.25,257.75,253.75,1828.0322169676,859.75,380.5,248.75,9.0,32.5,25.0,0.0,196.25,0.0,0.0,76.28221696759977,0.0,78814.0,0,0,0,35,SALT LAKE
1929,351024,694.25,1922.1165657817955,0.36119037334118337,1436.0,368.25,160.0,907.75,1568.1273677499437,277.75,90.5,9.0,151.0,201.0,210.75,54.0,442.0,0.0,0.0,81.6223591661039,50.505008583839626,63501.0,459,0,0,35,SALT LAKE
1930,351025,456.0,1281.9461235922877,0.3557091765465075,119.0,9.25,6.0,103.75,173.02290153704752,6.0,3.25,0.0,6.0,27.0,29.5,0.0,47.25,0.0,0.0,21.01962211147388,33.00327942557363,74012.0,0,0,0,35,SALT LAKE
1931,351026,486.25,1423.781665771053,0.341520060055465,218.0,27.25,11.75,179.0,280.24772000876214,25.75,1.5,0.0,11.75,53.5,72.5,7.0,46.0,0.0,0.0,27.24424183012344,35.0034781786387,102767.0,483,0,0,35,SALT LAKE
1932,351027,394.25000003357707,1214.6693296364258,0.3245739316984185,297.2500000253159,4.000000000340668,4.750000000404543,288.5000000245707,354.5318841545906,2.750000000234209,1.2500000001064588,0.0,4.750000000404543,18.50000000157559,165.75000001411644,64.00000000545069,40.25000000342797,0.0,0.0,28.279002207361142,29.002881921913584,111014.0,0,0,2290,35,SALT LAKE
1933,351028,458.7500000673132,1372.0508171611045,0.3343535052269477,42.000000006162736,0.0,0.0,42.000000006162736,93.30913887575174,0.0,0.0,0.0,0.0,0.0,42.000000006162736,0.0,0.0,0.0,0.0,18.30585943917275,33.003279430416256,106389.0,692,0,0,35,SALT LAKE
1934,351029,421.0,1091.3650346191762,0.3857554407970426,33.0,0.0,5.0,28.0,90.09786892795476,0.0,0.0,0.0,5.0,4.75,7.75,4.0,11.5,0.0,0.0,26.5948478747658,30.503021053188945,108502.0,0,0,0,35,SALT LAKE
1935,351030,423.75,1141.085698509917,0.3713568582564417,0.0,0.0,0.0,0.0,56.74317365909764,0.0,0.0,0.0,0.0,0.0,0.0,0.0,0.0,0.0,0.0,25.990126108823368,30.753047550274268,149525.0,0,0,0,35,SALT LAKE
1936,351031,103.0,243.27927153985848,0.42338173469548823,0.0,0.0,0.0,0.0,14.766817643657255,0.0,0.0,0.0,0.0,0.0,0.0,0.0,0.0,0.0,0.0,7.266062388609901,7.500755255047354,155809.0,0,0,0,35,SALT LAKE
1937,351032,241.99999987481658,710.4459495810678,0.34063112052017175,124.2499999357271,19.499999989912904,37.49999998060174,67.24999996521245,155.64055870286327,17.999999990688835,1.4999999992240696,1.749999999094748,35.749999981506996,10.999999994309844,9.749999994956452,10.999999994309844,35.499999981636314,0.0,0.0,13.38876999886264,18.001788768273528,81668.0,0,0,0,35,SALT LAKE
1938,351033,929.0000000060079,2992.3768852462404,0.31045554608658904,311.00000000201123,18.750000000121258,9.25000000005982,283.0000000018302,424.33659701480553,1.7500000000113174,17.00000000010994,1.000000000006467,8.250000000053353,38.00000000024575,137.75000000089085,63.000000000407425,44.250000000286164,0.0,0.0,45.32983940814212,68.00675760465212,110410.0,387,1202,0,35,SALT LAKE
1939,351034,719.7500003782108,2046.875097467722,0.3516335712270107,44.00000002312091,0.0,7.000000003678327,37.00000001944258,123.92512275238055,0.0,0.0,4.000000002101901,3.0000000015764257,10.000000005254751,0.0,6.000000003152851,21.00000001103498,0.0,0.0,27.919955122240438,52.0051676070192,102567.0,0,0,0,35,SALT LAKE
1940,351035,207.0,577.6768163373808,0.3583318460180436,0.0,0.0,0.0,0.0,22.568441967659187,0.0,0.0,0.0,0.0,0.0,0.0,0.0,0.0,0.0,0.0,7.566951319671173,15.001490647988014,140424.0,0,0,0,35,SALT LAKE
1941,351036,531.75,1449.090548609316,0.3669542945472368,134.0,0.0,6.0,128.0,217.8412580784533,0.0,0.0,2.0,4.0,18.0,46.0,19.0,45.0,0.0,0.0,45.087442020026096,38.75381605842724,108053.0,688,0,0,35,SALT LAKE
1942,351037,288.5,818.584891089024,0.3524374846647696,239.75,1.0,0.5,238.25,281.0632002432754,1.0,0.0,0.25,0.25,6.5,2.75,0.0,229.0,0.0,0.0,20.31111333609217,21.00208690718322,114582.0,0,0,0,35,SALT LAKE
1943,351038,258.0,740.0497296759975,0.3486252202442604,0.0,0.0,0.0,0.0,28.43340387186389,0.0,0.0,0.0,0.0,0.0,0.0,0.0,0.0,0.0,0.0,9.431515717745745,19.00188815411815,155809.0,0,0,0,35,SALT LAKE
1944,351039,250.5,651.3579711137854,0.38458115369596096,59.5,2.75,34.5,22.25,88.83381266901613,2.75,0.0,0.0,34.5,6.25,3.0,1.0,12.0,0.0,0.0,11.332023891430516,18.001788777585617,111741.0,0,0,0,35,SALT LAKE
1945,351040,700.0,2062.831951800042,0.33933932397603933,126.0,1.0,1.0,124.0,207.2005410049344,0.0,1.0,0.0,1.0,8.25,73.5,0.0,42.25,0.0,0.0,30.195472801775136,51.00506820315924,91525.0,859,0,0,35,SALT LAKE
1946,351041,218.75,736.9311021128995,0.296839147340652,157.25,24.5,14.75,118.0,186.99706650756383,11.25,13.25,0.0,14.75,18.75,18.5,0.0,80.75,0.0,0.0,13.745476483043316,16.001590024520546,121008.0,0,0,0,35,SALT LAKE
1947,351042,284.0,862.9697811452456,0.3290961122915615,184.75,0.25,0.0,184.5,222.88772212270243,0.25,0.0,0.0,0.0,0.0,70.5,114.0,0.0,0.0,0.0,17.135635215519212,21.00208690718322,115611.0,777,0,0,35,SALT LAKE
1948,351043,345.0,929.0708364857325,0.37133874668263583,0.0,0.0,0.0,0.0,37.6143949661129,0.0,0.0,0.0,0.0,0.0,0.0,0.0,0.0,0.0,0.0,12.61191055279954,25.002484413313358,133486.0,0,0,0,35,SALT LAKE
1949,351044,294.5,743.8179790900289,0.3959301983534803,74.0,0.0,0.0,74.0,109.7228777895705,0.0,0.0,0.0,0.0,0.0,74.0,0.0,0.0,0.0,0.0,14.72079088238729,21.00208690718322,96995.0,806,0,0,35,SALT LAKE
1950,351045,429.75,1138.159010293943,0.37758344494326146,398.25,21.5,16.25,360.5,474.0169265251157,12.25,9.25,0.0,16.25,61.5,69.75,122.0,107.25,0.0,0.0,44.7638458526071,31.00308067250856,97218.0,0,0,0,35,SALT LAKE
1951,351046,376.5,871.5145176109619,0.43200657291639866,20.75,7.25,0.25,13.25,94.02371078321268,2.25,5.0,0.0,0.25,2.25,0.25,0.0,10.75,0.0,0.0,46.02099449459996,27.25271628861272,78447.0,0,0,0,35,SALT LAKE
1952,351047,365.5,1055.4191703723504,0.34630790330542516,0.0,0.0,0.0,0.0,43.112751735211766,0.0,0.0,0.0,0.0,0.0,0.0,0.0,0.0,0.0,0.0,16.860187814494548,26.25256392071722,111429.0,0,0,0,35,SALT LAKE
1953,351048,0.0,0.0,0.0,0.0,0.0,0.0,0.0,0.0,0.0,0.0,0.0,0.0,0.0,0.0,0.0,0.0,0.0,0.0,0.0,0.0,111741.0,0,0,0,35,SALT LAKE
1954,351049,746.0,2324.7766278806475,0.32089104434953014,0.0,0.0,0.0,0.0,81.27633813678136,0.0,0.0,0.0,0.0,0.0,0.0,0.0,0.0,0.0,0.0,27.27097180402452,54.00536633275685,95609.0,0,0,0,35,SALT LAKE
1955,351050,279.75,938.211321060181,0.2981737629043762,98.0,0.25,0.25,97.5,131.81103665907872,0.0,0.25,0.0,0.25,0.0,97.5,0.0,0.0,0.0,0.0,13.809049128428022,20.001987530650684,121008.0,0,1160,0,35,SALT LAKE
1956,351051,426.25,1297.680287333152,0.32847073671434246,903.75,518.0,20.75,365.0,985.372585269016,407.25,110.75,12.25,8.5,51.25,35.75,1.0,277.0,0.0,0.0,50.61950459650762,31.00308067250856,108974.0,0,0,0,35,SALT LAKE
1957,351052,373.0,897.3440206492056,0.4156711265877093,0.0,0.0,0.0,0.0,48.63712752419224,0.0,0.0,0.0,0.0,0.0,0.0,0.0,0.0,0.0,0.0,21.88439135942887,26.75273616476337,126133.0,0,0,0,35,SALT LAKE
1958,351053,369.0,1146.062192536136,0.32197205562067716,137.5,10.25,3.25,124.0,187.7680305638488,9.75,0.5,0.0,3.25,5.5,100.5,0.0,18.0,0.0,0.0,23.265347397470336,27.002683166378425,105501.0,0,1348,0,35,SALT LAKE
1959,351054,274.0,725.443397633077,0.37770003958129184,82.75,15.25,1.25,66.25,117.54478227329196,14.75,0.5,0.0,1.25,6.25,0.25,3.0,56.75,0.0,0.0,14.792794742641272,20.001987530650684,97218.0,0,0,0,35,SALT LAKE
1960,351055,485.0,767.4707972998647,0.6319458690888817,4860.5,415.5,2743.25,1701.75,5101.896926409853,259.75,155.75,2635.0,108.25,318.5,602.5,144.0,636.75,0.0,0.0,206.3934482312141,35.0034781786387,78447.0,0,0,0,35,SALT LAKE
1961,351056,265.25,666.1080600314651,0.3982086630020215,2004.25,121.5,88.25,1794.5,2131.568645767983,78.75,42.75,8.0,80.25,322.5,303.0,344.0,825.0,0.7581888896651001,3.592886870820988,103.9656818533789,19.00188815411815,116012.0,0,0,0,35,SALT LAKE
1962,351057,285.75,717.852232654506,0.3980624242726681,1126.75,86.0,33.25,1007.5,1211.4551345490388,44.5,41.5,2.0,31.25,294.5,136.0,91.0,486.0,2.0222601322713767,1.796443435410494,59.88434407417375,21.00208690718322,116012.0,0,0,0,35,SALT LAKE
1963,351058,335.0,521.1885199277663,0.6427616633736082,1746.25,28.75,244.25,1473.25,1846.335380338721,27.0,1.75,74.5,169.75,826.25,12.0,89.0,546.0,0.0,0.0,76.08299530194016,24.002385036780822,78814.0,0,0,0,35,SALT LAKE
1964,351059,3.5,6.050976768026068,0.5784190113725656,1036.5,36.5,212.0,788.0,1075.0171270638189,23.25,13.25,13.5,198.5,229.5,200.75,0.0,357.75,0.0,0.0,38.01712043586216,0.5000066279566482,111741.0,0,0,0,35,SALT LAKE
1965,351060,10.5,26.44075926327193,0.39711416360820007,331.25,17.5,171.0,142.75,344.4897645351547,14.75,2.75,8.5,162.5,13.5,28.25,0.0,101.0,0.0,0.0,12.489691655707489,0.7500728794472136,111741.0,0,0,0,35,SALT LAKE
1966,351061,119.0,369.8038703730899,0.3217921972529454,665.75,131.5,25.75,508.5,711.2756097162099,92.75,38.75,0.0,25.75,188.0,29.5,0.0,291.0,8.089040529085507,0.0,28.68570792056585,8.750861266558514,111741.0,0,0,0,35,SALT LAKE
1967,351062,1598.4998726015947,4340.537524398545,0.3682723311608955,340.49997286258554,39.74999683197585,7.749999382334914,292.9999766482748,529.1434364542534,26.749997868059218,12.99999896391663,0.0,7.749999382334914,52.749995795892474,151.99998788579444,0.0,88.24999296658788,0.0,0.0,72.38199816131801,116.26146543034987,111741.0,866,1286,148,35,SALT LAKE
1968,351063,679.9999695048153,2091.2918837488796,0.3251578484997693,0.0,0.0,0.0,0.0,73.86312461851895,0.0,0.0,0.0,0.0,0.0,0.0,0.0,0.0,0.0,0.0,24.85825736609028,49.004867252428674,97253.0,0,0,0,35,SALT LAKE
1969,351064,150.0,513.8752809547211,0.29189962148270154,0.0,0.0,0.0,0.0,16.484532512640286,0.0,0.0,0.0,0.0,0.0,0.0,0.0,0.0,0.0,0.0,5.48343937078241,11.001093141857876,97253.0,0,0,0,35,SALT LAKE
1970,351065,120.0,386.1050535953919,0.31079624284262974,465.25,29.0,25.5,410.75,495.6447999223736,19.75,9.25,0.0,25.5,99.5,95.75,63.0,152.5,0.0,0.0,21.393905533580785,9.000894388792808,97253.0,0,0,0,35,SALT LAKE
1971,351066,190.5,501.2387581038377,0.38005839915622724,994.25,93.0,147.25,754.0,1051.5710562570098,67.25,25.75,3.75,143.5,136.25,296.5,12.0,309.25,0.0,0.0,43.3196649855542,14.00139127145548,97218.0,0,0,2477,35,SALT LAKE
1972,351067,554.25,881.1393248615223,0.6290151674788826,2010.5,70.5,1241.75,698.25,2181.7024526363616,46.25,24.25,1177.75,64.0,209.0,92.0,69.0,328.25,3.0333901984070653,0.0,127.9150012630558,40.254061174898624,78814.0,0,0,0,35,SALT LAKE
1973,351068,30.75,82.60841198844743,0.37223812030547576,2597.0,446.0,189.25,1961.75,2788.053370705265,320.5,125.5,0.0,189.25,388.0,315.0,72.75,1186.0,0.0,0.0,188.55293346298168,2.5004372422835397,78814.0,0,0,0,35,SALT LAKE
1974,351069,732.0,2008.117493557792,0.3645205035802521,961.75,111.75,121.25,728.75,1084.6868624790225,83.75,28.0,48.0,73.25,180.75,185.5,0.0,362.5,1.0111300661356883,0.0,68.4204190743007,53.505313338586205,111741.0,0,0,0,35,SALT LAKE
1975,351070,1771.7500304399678,3986.6748687759637,0.4444179896174858,10.250000176102537,2.500000042951838,0.5000000085903676,7.250000124560331,212.40328388060263,2.0000000343614706,0.5000000085903676,0.0,0.5000000085903676,3.7500000644277574,0.5000000085903676,0.0,3.000000051542206,0.0,0.0,73.1405082814829,129.01277542301725,111741.0,0,0,0,35,SALT LAKE
1976,351071,500.74995682205906,1309.0551581742388,0.38252777485745015,0.0,0.0,0.0,0.0,54.309042284759514,0.0,0.0,0.0,0.0,0.0,0.0,0.0,0.0,0.0,0.0,18.305467834052273,36.00357445070724,111741.0,0,0,0,35,SALT LAKE
1977,351072,931.4999993538116,2391.0404765530684,0.38957935195503884,421.99999970725554,128.74999991068518,23.999999983351024,269.2499998132193,542.9871922391912,105.49999992681389,23.249999983871305,0.0,23.999999983351024,4.249999997051744,0.49999999965314634,0.0,264.4999998165144,0.0,0.0,52.980434974900206,68.00675755703554,98787.0,0,0,0,35,SALT LAKE
1978,351073,724.25,2446.7069584158357,0.29601011167636054,76.0,0.0,0.0,76.0,158.25952881752428,0.0,0.0,0.0,0.0,0.0,75.75,0.0,0.25,0.0,0.0,29.25426186129997,53.00526695622432,97253.0,957,0,0,35,SALT LAKE
1979,351074,248.0,849.0743542873548,0.29208278255931,74.0,9.25,2.25,62.5,103.77290529353184,8.0,1.25,0.0,2.25,13.5,15.75,8.0,25.25,0.0,0.0,11.77111651594624,18.001788777585617,97253.0,0,0,0,35,SALT LAKE
1980,351075,700.0,2242.2190646071595,0.3121907270566541,428.0,156.25,10.25,261.5,520.7400275251458,39.75,116.5,0.0,10.25,19.75,17.25,0.0,224.5,0.0,0.0,41.734959321986565,51.00506820315924,97253.0,0,0,0,35,SALT LAKE
1981,351076,409.0,1071.9245955817464,0.3815566894218252,1654.25,421.5,99.75,1133.0,1779.9155135705428,372.75,48.75,2.0,97.75,227.25,163.25,125.0,617.5,0.0,0.0,95.66253227456676,30.002981295976028,94859.0,0,0,0,35,SALT LAKE
1982,351077,628.75,2164.1685803291725,0.2905272748689321,6.0,0.0,0.0,6.0,143.46039332093676,0.0,0.0,0.0,0.0,0.0,0.0,6.0,0.0,0.0,0.0,91.70588825193076,45.75450506900601,94859.0,0,0,0,35,SALT LAKE
1983,351078,635.0,1897.7251636770864,0.33461115031515204,249.75,25.5,7.25,217.0,346.5944294554097,23.25,2.25,1.0,6.25,34.0,89.75,53.0,40.25,0.0,0.0,50.58987800404178,46.2545514513679,94026.0,900,0,0,35,SALT LAKE
1984,351079,224.0,686.9208232953986,0.32609289513949213,658.25,127.75,33.75,496.75,710.5005411804387,83.0,44.75,0.0,33.75,86.75,136.25,24.0,249.75,0.0,0.0,36.248951155918206,16.001590024520546,124040.0,0,0,0,35,SALT LAKE
1985,351080,549.0,1202.785215938993,0.456440595315603,2468.0,686.5,77.5,1704.0,2647.7842206463183,323.75,362.75,0.0,77.5,218.0,562.75,318.25,605.0,0.0,0.0,139.78024558501698,40.00397506130137,79751.0,0,0,0,35,SALT LAKE
1986,351081,352.0,768.586661694359,0.4579834878008572,329.75,5.25,6.25,318.25,389.4248514729208,2.25,3.0,0.0,6.25,105.75,116.5,56.0,40.0,0.0,0.0,33.92230080530915,25.7525506676116,79751.0,1045,0,0,35,SALT LAKE
1987,351082,352.25,1008.3758338517752,0.34932411921702056,12895.5,1332.25,545.0,11018.25,13867.02928038064,698.25,634.0,21.25,523.75,4306.75,1579.0,215.0,4917.5,1.0111300661356883,1.796443435410494,943.2192622040388,25.50244467505601,125200.0,0,0,0,35,SALT LAKE
1988,351083,856.0,1646.6635777754454,0.5198390318175437,2060.0,66.75,49.5,1943.75,2228.6146730717605,28.5,38.25,1.0,48.5,433.75,106.5,57.0,1346.5,0.0,0.0,106.60851172674327,62.00616134501712,78814.0,0,0,0,35,SALT LAKE
1989,351084,28.75,97.3979527390446,0.2951807424230878,3487.75,1294.5,129.75,2063.5,3796.6115701314575,1041.5,253.0,0.0,129.75,579.0,289.0,7.0,1188.5,0.0,0.0,306.8612653788152,2.000304752642633,78814.0,6,3,518,35,SALT LAKE
1990,351085,0.0,0.0,0.0,21.0,0.0,14.75,6.25,35.92350243780917,0.0,0.0,14.75,0.0,0.0,6.25,0.0,0.0,14.155820925899636,0.0,0.7676815119095373,0.0,111741.0,0,0,0,35,SALT LAKE
1991,351086,201.25,464.1716465722508,0.43356805932926445,0.0,0.0,0.0,0.0,61.36341503393458,0.0,0.0,0.0,0.0,0.0,0.0,0.0,0.0,0.0,0.0,46.86190452313614,14.50151051079844,111741.0,0,0,0,35,SALT LAKE
1992,351087,835.0,2065.6332519218195,0.4042343911839793,0.0,0.0,0.0,0.0,135.79650594294304,0.0,0.0,0.0,0.0,0.0,0.0,0.0,0.0,1.0111300661356883,0.0,74.27938016964299,60.50599570716437,111741.0,0,0,0,35,SALT LAKE
1993,351088,288.0,669.5121915753097,0.43016393670495917,0.0,0.0,0.0,0.0,74.55128842466235,0.0,0.0,0.0,0.0,0.0,0.0,0.0,0.0,0.7581888896651001,0.0,52.79117165245782,21.001927882539423,111741.0,0,0,0,35,SALT LAKE
1994,351089,170.75,317.6162634225317,0.5375984156480288,1504.25,179.25,145.5,1179.5,1577.737726499868,125.25,54.0,51.25,94.25,377.5,167.25,0.0,634.75,0.0,0.0,61.23655385060652,12.251172649261738,111741.0,0,0,0,35,SALT LAKE
1995,351090,0.0,0.0,0.0,0.0,0.0,0.0,0.0,1.0111300661356883,0.0,0.0,0.0,0.0,0.0,0.0,0.0,0.0,1.0111300661356883,0.0,0.0,0.0,111741.0,0,0,0,35,SALT LAKE
1996,351091,1646.2499827553354,4244.599367836199,0.387845787103002,3295.249965481864,333.4999965065478,221.74999767714237,2739.999971298174,3603.9052508133823,155.99999836588142,177.49999814066638,43.74999954171354,177.99999813542883,885.4999907242822,467.24999510550066,201.99999788402596,1185.2499875843653,0.0,0.0,188.8933945243683,119.76189080714973,103606.0,0,0,0,35,SALT LAKE
1997,351092,581.25,1966.611860016252,0.2955590840356249,105.0,2.5,22.25,80.25,172.09102175387176,1.25,1.25,4.0,18.25,44.25,8.5,3.0,24.5,0.0,0.0,25.08684793950534,42.00417381436644,97253.0,0,0,0,35,SALT LAKE
1998,351093,470.0,1506.3644100088904,0.3120094957615376,0.0,0.0,0.0,0.0,51.43482216389104,0.0,0.0,0.0,0.0,0.0,0.0,0.0,0.0,0.0,0.0,17.431443361784883,34.00337880210616,97253.0,0,0,0,35,SALT LAKE
1999,351094,767.25,1610.8378380062404,0.4763049277198737,829.75,441.0,52.5,336.25,951.6319471837356,14.5,426.5,0.0,52.5,136.75,41.75,1.0,156.75,0.0,0.0,66.12644172425524,55.755505459480325,94859.0,0,0,0,35,SALT LAKE
2000,351095,435.25,1362.7911966912066,0.31938128236869057,59.75,3.0,2.5,54.25,109.59850906218604,2.0,1.0,0.0,2.5,12.0,10.25,0.0,32.0,0.0,0.0,18.09530914401629,31.753199918169766,94859.0,0,0,0,35,SALT LAKE
2001,351096,50.75,155.95924048351867,0.3254055344374617,324.25,27.5,11.75,285.0,341.9593859571033,5.5,22.0,0.0,11.75,47.5,86.0,0.0,151.5,0.0,0.0,13.708988450973123,4.000397506130136,124040.0,0,0,0,35,SALT LAKE
2002,351097,296.0,848.4018169379837,0.3488912848729047,15.0,0.0,0.25,14.75,49.12108414126544,0.0,0.0,0.0,0.25,13.75,0.0,0.0,1.0,0.0,0.0,12.368957483891275,21.75212665737416,126394.0,0,0,0,35,SALT LAKE
2003,351098,158.5,471.57744345678566,0.33610598258931484,19.75,8.25,1.5,10.0,41.26692125364788,0.0,8.25,0.0,1.5,8.0,0.0,1.0,1.0,0.0,0.0,9.765761857491762,11.751159396156115,78814.0,0,0,0,35,SALT LAKE
2004,351099,502.25,1242.7606415732914,0.4041405747804896,71.5,13.0,2.75,55.75,173.24459980181717,8.5,4.5,2.0,0.75,10.5,2.75,0.0,42.5,0.0,0.0,65.24135346267701,36.50324633914013,111741.0,0,0,0,35,SALT LAKE
2005,351100,239.75,494.1637203985593,0.4851630949488436,0.0,0.0,0.0,0.0,139.77281458725912,0.0,0.0,0.0,0.0,0.0,0.0,0.0,0.0,0.0,0.0,122.52117157629364,17.251643010965477,111741.0,0,0,0,35,SALT LAKE
2006,351101,1216.5,3318.338993474008,0.3665990733292839,2.75,2.75,0.0,0.0,170.829573412318,0.0,2.75,0.0,0.0,0.0,0.0,0.0,0.0,0.0,0.0,79.82059640987494,88.25897700244307,111741.0,0,0,0,35,SALT LAKE
2007,351102,456.0,1269.6182065622556,0.3591630914262886,51.75,9.0,6.0,36.75,103.31479754249072,7.5,1.5,0.5,5.5,6.75,4.25,0.0,25.75,0.0,0.0,18.56151811691708,33.00327942557363,111741.0,0,0,0,35,SALT LAKE
2008,351103,0.0,0.0,0.0,1104.75,418.5,174.5,511.75,1145.133796802882,231.75,186.75,11.5,163.0,81.5,57.5,0.0,372.75,0.0,0.0,40.38379680288205,0.0,111741.0,0,0,0,35,SALT LAKE
2009,351104,463.24999679957114,1145.7297034218636,0.4043274739373673,2435.2499831757273,316.4999978134145,154.49999893261466,1964.249986429698,2575.9872740000224,214.24999851982324,102.24999929359126,21.999999848009853,132.4999990846048,665.2499954040253,246.74999829529233,14.999999896370355,1037.24999283401,1.0111300591501517,0.0,105.97284182257002,33.75331894257494,111741.0,0,0,0,35,SALT LAKE
2010,351105,476.0000067557909,1257.3116608293735,0.3785855341879213,0.0,0.0,0.0,0.0,52.404259859020044,0.0,0.0,0.0,0.0,0.0,0.0,0.0,0.0,0.0,0.0,17.400781183582644,35.0034786754374,97253.0,0,0,0,35,SALT LAKE
2011,351106,483.0,1801.622805515824,0.2680916330106689,103.0,0.0,2.0,101.0,159.425447987162,0.0,0.0,2.0,0.0,0.0,80.75,0.0,20.25,0.0,0.0,21.42196980852328,35.0034781786387,97253.0,848,0,0,35,SALT LAKE
2012,351107,457.0,1530.77214917246,0.2985421443988614,24.0,0.5,0.0,23.5,74.58684167454922,0.25,0.25,0.0,0.0,19.25,0.0,4.0,0.25,0.0,0.0,17.583562248975593,33.00327942557363,97253.0,0,0,0,35,SALT LAKE
2013,351108,152.0,500.3635173532432,0.3037791420206443,943.75,304.75,24.25,614.75,1003.0643230600087,123.25,181.5,0.0,24.25,100.0,165.0,20.0,329.75,0.0,0.0,48.31325640540664,11.00106665460221,97253.0,371,132,0,35,SALT LAKE
2014,351109,500.25,1086.0216382400383,0.4606261812708303,3584.0,1464.0,91.5,2028.5,3793.300467042881,790.5,673.5,0.0,91.5,279.0,272.25,19.0,1458.25,0.0,0.0,172.79685635564607,36.50361068723518,94859.0,0,0,0,35,SALT LAKE
2015,351110,267.75,830.779187150151,0.3222878041979742,340.25,225.25,12.5,102.5,385.9788555959976,1.75,223.5,12.25,0.25,7.25,72.75,1.0,21.5,0.0,0.0,26.22688131845255,19.501974277545063,94859.0,0,174,264,35,SALT LAKE
2016,351111,350.5,1208.540603387399,0.29001921740782993,0.0,0.0,0.0,0.0,38.063789553197445,0.0,0.0,0.0,0.0,0.0,0.0,0.0,0.0,0.0,0.0,12.81132500901276,25.252464544184683,94859.0,0,0,0,35,SALT LAKE
2017,351112,131.25,408.4079987476125,0.32136980764940826,28.0,0.0,0.0,28.0,55.821629251950085,0.0,0.0,0.0,0.0,8.0,0.0,20.0,0.0,0.0,0.0,18.32069510594436,9.50093414600573,124040.0,0,0,0,35,SALT LAKE
2018,351113,192.5,584.8546210885637,0.3291416243607828,663.75,31.0,39.5,593.25,726.0561928193654,19.5,11.5,0.0,39.5,177.25,152.25,55.0,208.75,0.0,0.0,48.30480154790981,14.00139127145548,95326.0,0,0,0,35,SALT LAKE
2019,351114,227.0,498.20610893587866,0.45563471809860107,911.0,104.25,33.75,773.0,969.602001578942,50.25,54.0,0.0,33.75,136.25,192.0,26.0,418.75,0.0,0.0,41.60031217788904,17.00168940105308,79953.0,625,0,0,35,SALT LAKE
2020,351115,284.0,986.0329442185816,0.2880228309461469,0.0,0.0,0.0,0.0,31.383910582053613,0.0,0.0,0.0,0.0,0.0,0.0,0.0,0.0,0.0,0.0,10.381823674870391,21.00208690718322,126394.0,0,0,0,35,SALT LAKE
2021,351116,297.5,781.0382390976968,0.3809032453310996,255.5,12.25,7.25,236.0,306.466815486503,7.25,5.0,0.0,7.25,34.0,150.75,1.0,50.25,0.0,0.0,29.214655699872555,21.752159786630436,100303.0,720,289,0,35,SALT LAKE
2022,351117,568.5,1398.0695931122996,0.40663211817262906,221.5,44.75,32.5,144.25,403.9222304841163,29.25,15.5,29.75,2.75,27.75,12.5,0.0,104.0,69.26293958454686,0.0,71.90535554703645,41.25393535253298,102017.0,0,0,0,35,SALT LAKE
2023,351118,782.5,1774.0180983241137,0.441089073859627,58.75,4.5,0.75,53.5,250.2222003737645,3.0,1.5,0.0,0.75,4.75,35.5,0.0,13.25,2.780236287557612,0.0,131.68674994160747,57.00521414459944,70283.0,0,0,0,35,SALT LAKE
2024,351119,179.5,399.4822984628615,0.4493315490841142,339.5,0.0,0.0,339.5,373.97407240755854,0.0,0.0,0.0,0.0,0.25,338.75,0.0,0.5,0.0,0.0,21.47278051263564,13.001291894922945,70283.0,1677,60,2194,35,SALT LAKE
2025,351120,811.0,1800.1804529201945,0.4505103911579653,215.25,6.25,6.5,202.5,311.76349534121226,3.0,3.25,1.25,5.25,26.75,99.25,19.0,57.5,0.0,0.0,37.50763212579274,59.00586321541952,70283.0,0,1029,0,35,SALT LAKE
2026,351121,433.0,959.6829254512384,0.45119068862916933,313.5,111.0,33.75,168.75,390.2934342770174,54.5,56.5,3.5,30.25,30.5,17.25,0.0,121.0,0.0,0.0,45.290260855932935,31.503173421084448,70283.0,0,0,0,35,SALT LAKE
2027,351122,0.0,0.0,0.0,1061.25,399.75,25.5,636.0,1110.3386090194367,206.75,193.0,5.25,20.25,109.5,58.75,0.0,467.75,1.0111300661356883,0.0,48.07747895330121,0.0,70283.0,0,0,0,35,SALT LAKE
2028,351123,769.0,2179.441801644585,0.3528426404502842,18.0,16.0,0.0,2.0,102.77534365119362,16.0,0.0,0.0,0.0,0.0,0.0,0.0,2.0,0.0,0.0,28.76977856537171,56.00556508582192,70283.0,0,0,0,35,SALT LAKE
2029,351124,1527.75,3376.6699357880893,0.45244279987449665,36.0,0.25,13.25,22.5,204.1762310370595,0.25,0.0,3.25,10.0,0.5,0.0,0.0,22.0,0.0,0.0,57.16520024194818,111.01103079511132,70283.0,0,0,0,35,SALT LAKE
2030,351125,280.75,1063.5505787901702,0.26397428161748915,45.0,2.0,25.5,17.5,78.92205726628296,0.0,2.0,25.5,0.0,1.75,11.75,0.0,4.0,1.0111300661356883,0.0,12.40893304153994,20.50199415860733,76828.0,0,0,0,35,SALT LAKE
2031,351126,217.0,829.9768167484906,0.26145308594295097,86.5,9.25,35.75,41.5,122.86357446222569,4.5,4.75,32.0,3.75,8.75,15.25,0.0,17.5,1.0111300661356883,0.0,19.35085437156944,16.001590024520546,70283.0,0,0,0,35,SALT LAKE
2032,351127,481.5,1823.715134094729,0.2640214971067897,357.5,32.25,94.5,230.75,423.17389376208166,15.75,16.5,75.75,18.75,12.25,111.5,61.0,46.0,0.0,0.0,30.670415583442924,35.0034781786387,76631.0,1008,0,0,35,SALT LAKE
2033,351128,683.0,2064.534767229574,0.3308251383514004,255.5,0.0,5.5,250.0,339.81310525442564,0.0,0.0,3.25,2.25,6.0,236.0,0.0,8.0,0.0,0.0,34.30813642779891,50.00496882662671,86391.0,0,0,0,35,SALT LAKE
2034,351129,33.75,79.23280849965592,0.42595991028320757,0.0,0.0,0.0,0.0,5.983448787679108,0.0,0.0,0.0,0.0,0.0,0.0,0.0,0.0,0.0,0.0,3.733110912802181,2.2503378748769265,102017.0,0,0,0,35,SALT LAKE
2035,351130,388.0,1340.6235991648496,0.28941755183312246,1.0,0.0,0.0,1.0,48.48294188387237,0.0,0.0,0.0,0.0,0.0,0.0,1.0,0.0,1.0111300661356883,0.0,18.469082266188693,28.002729551547997,102017.0,0,0,0,35,SALT LAKE
2036,351131,597.75,1430.0751830580666,0.41798501720851766,93.75,1.0,31.0,61.75,240.7896699129572,0.0,1.0,31.0,0.0,0.0,61.75,0.0,0.0,0.0,0.0,103.5354364905074,43.504233422449765,102017.0,0,0,0,35,SALT LAKE
2037,351132,127.75,379.4014397177936,0.3367145894201746,94.0,17.0,6.0,71.0,120.61004569327004,17.0,0.0,0.0,6.0,0.0,70.0,1.0,0.0,0.0,0.0,17.109091685157637,9.50095400811242,86391.0,933,0,0,35,SALT LAKE
2038,351133,184.75,575.4055093126448,0.3210779128978007,904.75,170.5,411.25,323.0,959.0799749928632,47.5,123.0,396.5,14.75,0.25,76.75,77.0,169.0,0.0,0.0,40.82862347862071,13.50135151424256,86391.0,0,0,0,35,SALT LAKE
2039,351134,1189.0,3695.7402693533063,0.3217217426938001,810.5,616.75,58.75,135.0,969.8595184816944,329.75,287.0,30.75,28.0,10.25,9.25,4.0,111.5,0.0,0.0,73.10081311597773,86.2587053657165,86391.0,0,0,0,35,SALT LAKE
2040,351135,1110.5,3108.4055301299545,0.35725711759159456,252.25,52.5,99.25,100.5,459.863651417749,35.5,17.0,97.25,2.0,13.75,13.5,0.0,73.25,0.0,0.0,126.60504546366208,81.0086059540869,86391.0,0,0,0,35,SALT LAKE
2041,351136,450.5,1595.8980692074338,0.2822861990325801,19.0,0.0,12.0,7.0,76.16778708431656,0.0,0.0,0.0,12.0,7.0,0.0,0.0,0.0,0.0,0.0,24.414487789614256,32.7532992947023,102017.0,0,0,0,35,SALT LAKE
2042,351137,256.0,1004.1547832713892,0.25494077632732026,68.0,2.0,30.5,35.5,98.84611719500816,2.0,0.0,30.5,0.0,3.0,14.5,0.0,18.0,0.0,0.0,11.844229040890005,19.00188815411815,86391.0,0,0,0,35,SALT LAKE
2043,351138,372.0,1457.6746116335958,0.2552009872649869,65.0,27.5,12.5,25.0,107.9777698665912,26.5,1.0,10.5,2.0,0.0,2.0,0.0,23.0,0.0,0.0,15.975086700212753,27.002683166378425,86391.0,0,0,0,35,SALT LAKE
2044,351139,813.75,2865.2216461383296,0.28400944167678993,111.0,0.0,1.0,110.0,222.06185414133097,0.0,0.0,1.0,0.0,2.25,74.75,27.0,6.0,0.0,0.0,51.80593131642151,59.25592282490948,102017.0,918,0,0,35,SALT LAKE
2045,351140,298.0,813.2065893891613,0.36645054760788665,83.0,1.0,40.75,41.25,118.93012228550307,0.0,1.0,40.75,0.0,4.75,28.5,2.0,6.0,0.0,0.0,13.92793600178732,22.00218628371575,105639.0,0,0,0,35,SALT LAKE
2046,351141,258.25,897.7947662173506,0.28764925985041806,0.0,0.0,0.0,0.0,28.442621957807543,0.0,0.0,0.0,0.0,0.0,0.0,0.0,0.0,0.0,0.0,9.440733803689394,19.00188815411815,106184.0,0,0,0,35,SALT LAKE
2047,351142,654.75,1631.389162404202,0.4013450714819543,366.5,0.0,0.0,366.5,451.8365737608922,0.0,0.0,0.0,0.0,0.5,365.75,0.0,0.25,0.0,0.0,37.83188981075743,47.504683950134726,105293.0,600,0,1499,35,SALT LAKE
2048,351143,931.5,2846.096926932567,0.3272903291469912,0.0,0.0,0.0,0.0,107.30921908282642,0.0,0.0,0.0,0.0,0.0,0.0,0.0,0.0,0.0,0.0,39.55252773010465,67.75669135272176,105293.0,0,0,0,35,SALT LAKE
2049,351144,14.0,38.6551008123526,0.36217729887606886,94.75,0.0,0.5,94.25,99.72570891203266,0.0,0.0,0.5,0.0,0.0,94.25,0.0,0.0,0.0,0.0,3.9756095355001193,1.000099376532534,110636.0,0,1519,0,35,SALT LAKE
2050,351145,371.5,1341.9749763752848,0.2768307953129147,0.0,0.0,0.0,0.0,46.58334356050261,0.0,0.0,0.0,0.0,0.0,0.0,0.0,0.0,0.0,0.0,19.580660394124187,27.002683166378425,105293.0,0,0,0,35,SALT LAKE
2051,351146,339.0,1434.026546424488,0.23639729741770915,0.0,0.0,0.0,0.0,37.3950573912816,0.0,0.0,0.0,0.0,0.0,0.0,0.0,0.0,0.0,0.0,12.392572977968245,25.002484413313358,105818.0,0,0,0,35,SALT LAKE
2052,351147,613.0,2237.6861259450284,0.2739436925011614,141.0,3.25,36.25,101.5,213.56774025002213,1.75,1.5,36.25,0.0,1.75,92.75,0.0,7.0,0.0,0.0,27.5632683060581,45.00447194396404,105928.0,1039,0,0,35,SALT LAKE
2053,351148,1957.25,4846.995146528723,0.4038068825799682,740.0,142.0,42.5,555.5,985.3521143945344,118.25,23.75,4.25,38.25,110.5,210.25,3.0,231.75,0.0,0.0,102.83781744591076,142.51429694862372,105293.0,0,0,0,35,SALT LAKE
2054,351149,524.5,1360.2233376494278,0.38559844216934036,0.0,0.0,0.0,0.0,62.92786709460897,0.0,0.0,0.0,0.0,0.0,0.0,0.0,0.0,0.0,0.0,24.674031160031078,38.25383593457789,105293.0,0,0,0,35,SALT LAKE
2055,351150,718.0,2014.5182323737145,0.35641275837646696,38.5,36.25,2.0,0.25,118.159976966164,4.0,32.25,2.0,0.0,0.0,0.25,0.0,0.0,0.0,0.0,27.654809386472227,52.00516757969178,105293.0,0,0,0,35,SALT LAKE
2056,351151,1429.25,3478.374530115438,0.4108959479853847,63.5,10.75,2.75,50.0,352.10828149056664,5.0,5.75,0.0,2.75,13.75,2.5,0.0,33.75,0.0,0.0,184.84758200976933,103.76069948079731,105293.0,0,0,0,35,SALT LAKE
2057,351152,457.0,1191.5519690300912,0.38353341849788763,399.5,0.0,4.5,395.0,463.8134925963896,0.0,0.0,0.5,4.0,10.0,302.0,56.0,27.0,0.0,0.0,31.31021317081592,33.00327942557363,105293.0,971,677,440,35,SALT LAKE
2058,351153,2223.75,5412.14793082867,0.4108812302289592,1097.75,215.75,66.5,815.5,1408.8909544837895,112.5,103.25,0.25,66.25,223.25,79.0,6.0,507.25,0.0,0.0,149.62543841999968,161.5155160637898,105293.0,0,0,308,35,SALT LAKE
2059,351154,173.0,408.9290255265756,0.42305629877269996,82.75,19.75,1.25,61.75,159.58980111088948,9.25,10.5,0.0,1.25,13.25,3.75,0.0,44.75,0.0,0.0,64.33858210243574,12.501219008453752,105293.0,0,0,0,35,SALT LAKE
2060,351155,0.0,0.0,0.0,255.25,17.75,69.5,168.0,264.5810586692596,10.25,7.5,0.25,69.25,34.75,72.0,0.0,61.25,0.0,0.0,9.331058669259631,0.0,105293.0,0,0,0,35,SALT LAKE
2061,351156,1.0000000003572125,2.700351781126848,0.37032212149037697,535.250000191198,74.00000002643372,165.25000005902936,296.0000001057349,568.1012052470319,25.250000009019615,48.75000001741411,0.0,165.25000005902936,46.00000001643178,56.2500000200932,0.0,193.75000006920993,0.0,0.0,32.851205055833915,0.0,105293.0,0,0,0,35,SALT LAKE
2062,351157,583.5,2072.370074912773,0.28156168006071974,74.0,0.0,0.0,74.0,140.53876116276058,0.0,0.0,0.0,0.0,0.0,74.0,0.0,0.0,0.0,0.0,24.034547591181205,42.50421357157936,72003.0,912,0,0,35,SALT LAKE
2063,351158,239.0,735.0793166506617,0.32513498147245806,1055.5,174.5,48.75,832.25,1155.5851491824571,32.25,142.25,7.25,41.5,159.25,62.25,354.0,256.75,1.0111300661356883,0.0,81.8222104555633,17.251808660758247,114476.0,0,0,0,35,SALT LAKE
2064,351159,394.5,1299.0863536759146,0.3036749627026077,1033.25,524.0,88.75,420.5,1118.4454539770948,272.25,251.75,12.0,76.75,108.0,80.0,24.0,208.5,0.0,0.0,56.1925720576512,29.002881919443496,114476.0,0,0,0,35,SALT LAKE
2065,351160,250.0,797.3008190616994,0.31355793700828205,29.0,0.0,0.0,29.0,58.70132255766411,0.0,0.0,0.0,0.0,0.0,29.0,0.0,0.0,0.0,0.0,11.6995337800785,18.001788777585617,114476.0,0,0,0,35,SALT LAKE
2066,351161,700.75,2192.5967061582724,0.3195982179631243,460.5,85.0,21.0,354.5,559.7064097715319,15.75,69.25,4.0,17.0,34.5,211.25,18.0,90.75,0.0,0.0,48.20134156837258,51.00506820315924,114057.0,0,0,2230,35,SALT LAKE
2067,351162,465.75,1224.1069041813807,0.38048147462371307,462.0,73.5,25.5,363.0,537.6684870123497,25.75,47.75,3.5,22.0,56.5,54.25,85.0,167.25,0.0,0.0,41.66510821024357,34.00337880210616,79738.0,0,0,0,35,SALT LAKE
2068,351163,164.25,429.9305010496307,0.382038491335229,0.0,0.0,0.0,0.0,23.004938526118536,0.0,0.0,0.0,0.0,0.0,0.0,0.0,0.0,0.0,0.0,11.003746007728124,12.001192518390411,79738.0,0,0,0,35,SALT LAKE
2069,351164,985.25,2739.78812669996,0.35960809903454877,873.25,290.0,34.75,548.5,1045.921034751759,182.25,107.75,2.75,32.0,62.5,139.5,64.0,282.5,0.0,0.0,100.9136279278776,71.75740682388133,84793.0,641,0,0,35,SALT LAKE
2070,351165,1001.25,2355.1543629381267,0.4251313696274711,208.5,21.75,13.0,173.75,350.47768187704,18.75,3.0,5.25,7.75,55.5,11.25,24.0,83.0,0.0,0.0,68.97038102395109,73.00730085308899,88677.0,0,0,0,35,SALT LAKE
2071,351166,730.5,1900.9774423119584,0.38427599599055207,303.25,220.75,1.75,80.75,407.2961699704284,148.0,72.75,0.75,1.0,21.5,0.0,1.0,58.25,0.0,0.0,51.04082351873385,53.00534645169458,123834.0,0,0,0,35,SALT LAKE
2072,351167,618.75,1600.276748241947,0.3866518717339076,0.0,0.0,0.0,0.0,67.62354653026566,0.0,0.0,0.0,0.0,0.0,0.0,0.0,0.0,0.0,0.0,22.61907458630162,45.00447194396404,86391.0,0,0,0,35,SALT LAKE
2073,351168,276.0,709.5881118424273,0.38895803832363124,111.25,34.5,22.5,54.25,146.15849156989046,27.0,7.5,1.0,21.5,11.0,5.0,0.0,38.25,0.0,0.0,14.90650403923978,20.001987530650684,86391.0,0,0,0,35,SALT LAKE
2074,351169,607.5,1739.940086605589,0.3491499533096904,440.25,56.5,86.25,297.5,642.2827861358255,39.0,17.5,7.5,78.75,51.25,33.0,28.0,185.25,0.2520938023450586,0.0,157.52657812158847,44.25411421189204,127846.0,0,0,0,35,SALT LAKE
2075,351170,111.0,354.3634310311764,0.3132377392243794,1305.5,0.5,2.0,1303.0,1365.5292411840674,0.5,0.0,0.0,2.0,19.5,68.25,1212.0,3.25,0.0,0.0,51.7784660409357,8.250775143131602,127846.0,859,0,0,35,SALT LAKE
2076,351171,111.0,361.8019458457253,0.30679768661977047,1727.0,103.0,181.75,1442.25,1812.440503614496,75.0,28.0,19.25,162.5,548.75,320.25,120.0,453.25,0.0,0.0,77.43970860223516,8.000795012260273,127846.0,0,0,0,35,SALT LAKE
2077,351172,351.0,1145.914457225851,0.30630558658779583,294.75,30.25,34.0,230.5,344.8568279429765,20.75,9.5,4.5,29.5,55.75,49.75,36.0,89.0,0.0,0.0,24.104244153130605,26.002583789845893,104529.0,0,0,0,35,SALT LAKE
2078,351173,279.0,931.0849076922224,0.29965043756484744,267.0,10.25,7.75,249.0,306.96162655057014,8.75,1.5,0.0,7.75,12.0,188.25,2.5,46.25,0.0,0.0,19.95963901991947,20.001987530650684,88476.0,802,1304,0,35,SALT LAKE
2079,351174,725.75,1548.0868854453115,0.4688044365101872,1164.25,227.75,147.25,789.25,1292.0893168154405,89.5,138.25,0.0,147.25,77.5,332.25,55.5,324.0,0.0,0.0,74.83412935468638,53.00518746075405,68984.0,0,0,0,35,SALT LAKE
2080,351175,429.75,1056.1141008344202,0.40691625995757547,326.75,100.75,10.5,215.5,412.1655613027788,91.5,9.25,1.5,9.0,23.0,22.25,20.75,149.5,0.0,0.0,54.16241437877965,31.253146923999125,113721.0,0,0,0,35,SALT LAKE
2081,351176,147.75,343.7154171436483,0.42986142788657955,256.0,9.5,6.0,240.5,286.5133942899058,6.25,3.25,0.0,6.0,64.75,30.0,90.0,55.75,0.0,0.0,19.512301148047914,11.001093141857876,113721.0,0,0,0,35,SALT LAKE
2082,351177,467.5,1184.8348095276665,0.39456977144887273,2393.0,1251.0,786.5,355.5,2557.3752178374257,741.0,510.0,543.0,243.5,46.25,83.0,0.0,226.25,0.0,0.0,130.62183902829753,33.753378809128144,86391.0,0,0,0,35,SALT LAKE
2083,351178,1286.25,2932.1900040670203,0.4386652973429209,2724.5,620.5,225.0,1879.0,3351.723120873749,381.0,239.5,165.5,59.5,361.75,106.5,8.0,1402.75,2.275201308741965,0.0,531.4396711548519,93.50824841015508,127846.0,0,0,0,35,SALT LAKE
2084,351179,0.0,0.0,0.0,1132.5,503.0,75.0,554.5,1177.653673112271,334.5,168.5,11.0,64.0,91.25,93.75,21.0,348.5,0.0,0.0,45.153673112271065,0.0,127846.0,0,0,0,35,SALT LAKE
2085,351180,126.75,411.5587446600029,0.3079754752986983,16.0,0.0,0.0,16.0,30.96922183632839,0.0,0.0,0.0,0.0,16.0,0.0,0.0,0.0,0.0,0.0,5.968327447535581,9.000894388792808,127846.0,0,0,0,35,SALT LAKE
2086,351181,376.75,1225.651299287552,0.3073875907601107,0.0,0.0,0.0,0.0,51.2744484355415,0.0,0.0,0.0,0.0,0.0,0.0,0.0,0.0,0.0,0.0,23.77172551195016,27.502722923591342,104529.0,0,0,0,35,SALT LAKE
2087,351182,374.75,1087.1987612600342,0.3446931815537343,0.0,0.0,0.0,0.0,44.20190229323239,0.0,0.0,0.0,0.0,0.0,0.0,0.0,0.0,0.0,0.0,17.199219126853965,27.002683166378425,94115.0,0,0,0,35,SALT LAKE
2088,351183,407.0,1211.902585063319,0.33583557376332784,100.25,0.5,14.25,85.5,182.2973285938928,0.5,0.0,0.0,14.25,2.0,68.75,1.0,13.75,0.0,0.0,52.54436055102238,29.502968042870407,92183.0,658,0,0,35,SALT LAKE
2089,351184,130.0,352.1083662068164,0.3692045190532123,89.0,0.25,29.0,59.75,106.00671587013514,0.0,0.25,29.0,0.0,2.0,8.75,44.0,5.0,0.0,0.0,8.005821481342318,9.000894388792808,86391.0,0,0,0,35,SALT LAKE
2090,351185,500.0,1740.4066236283602,0.28728918472949233,87.0,0.0,0.5,86.5,146.2585470615769,0.0,0.0,0.5,0.0,0.0,86.5,0.0,0.0,0.0,1.796443435410494,21.458526070995163,36.00357755517123,110636.0,1025,0,0,35,SALT LAKE
2091,351186,522.5,1399.2426544772325,0.3734162893963591,166.75,89.75,38.75,38.25,229.95033952703565,1.0,88.75,38.75,0.0,2.0,4.0,11.0,21.25,0.0,0.0,25.196563218799348,38.0037763082363,90562.0,0,0,0,35,SALT LAKE
2092,351187,590.0,1438.4604035135603,0.4101607514248397,196.25,3.0,154.0,39.25,269.29820905763,0.25,2.75,154.0,0.0,0.0,29.25,0.0,10.0,1.5163777793302002,0.0,28.777273278308957,42.75455799999084,105293.0,0,0,0,35,SALT LAKE
2093,351188,162.0,530.7641265887702,0.3052203264775573,359.0,125.75,9.25,224.0,390.0484704744488,47.25,78.5,0.75,8.5,25.0,104.0,28.0,67.0,0.0,0.0,19.047277956058352,12.001192518390411,127846.0,0,1341,0,35,SALT LAKE
2094,351189,522.25,1713.5584342654563,0.3047751331712657,1231.5,595.5,58.0,578.0,1333.614477754848,409.0,186.5,23.25,34.75,81.0,73.25,78.0,345.75,0.0,0.0,64.11070144661146,38.0037763082363,127846.0,0,0,0,35,SALT LAKE
2095,351190,315.25,1136.9458767534904,0.2772779306787984,194.0,0.0,0.25,193.75,241.61840618750745,0.0,0.0,0.0,0.25,0.0,193.0,0.0,0.75,0.0,0.0,24.61612052725916,23.002285660248287,113796.0,86,52,83,35,SALT LAKE
2096,351191,106.0,302.3913375918981,0.35053914190840907,0.0,0.0,0.0,0.0,55.14728354093007,0.0,0.0,0.0,0.0,0.0,0.0,0.0,0.0,1.0111300661356883,0.0,46.38535848570399,7.750794989090395,78975.0,0,0,0,35,SALT LAKE
2097,351192,543.5,1388.573738487391,0.3914088139042933,117.5,31.0,18.0,68.5,195.4152627637236,4.5,26.5,0.0,18.0,17.25,9.25,0.0,42.0,0.0,0.0,38.66132745261319,39.253935311110425,78975.0,0,0,0,35,SALT LAKE
2098,351193,217.75,503.4055113228154,0.43255386582441474,268.5,3.0,3.0,262.5,304.5279763423171,1.5,1.5,1.0,2.0,9.5,8.5,187.0,57.5,0.0,0.0,20.27636644866789,15.75160989364922,112204.0,0,0,0,35,SALT LAKE
2099,351194,139.25,326.077411015354,0.42704583419746034,194.5,6.0,41.0,147.5,220.46036342065275,4.0,2.0,0.0,41.0,33.0,46.75,27.0,40.75,1.0111300661356883,0.0,14.698259458320427,10.250973896196667,113721.0,0,0,0,35,SALT LAKE
2100,351195,474.0,1705.054688837468,0.27799694819359744,0.0,0.0,0.0,0.0,51.331047213778575,0.0,0.0,0.0,0.0,0.0,0.0,0.0,0.0,0.0,0.0,17.327668411672413,34.00337880210616,110636.0,0,0,0,35,SALT LAKE
2101,351196,364.25,988.9157257170868,0.36833270068172236,346.25,26.0,25.25,295.0,400.98795033273984,19.5,6.5,2.75,22.5,63.25,103.25,4.0,124.5,1.0111300661356883,0.0,27.474203354523898,26.252616912080185,148008.0,0,0,0,35,SALT LAKE
2102,351197,316.25,861.2130856943287,0.3672145781958624,269.75,64.75,7.75,197.25,330.1742534469064,62.25,2.5,0.0,7.75,84.25,9.25,56.0,47.75,0.0,0.0,37.67200090889242,22.75225253801399,148008.0,0,0,0,35,SALT LAKE
2103,351198,342.5,762.2740303054632,0.44931348358116213,1051.75,273.0,36.25,742.5,1127.7215682662556,251.75,21.25,1.0,35.25,181.5,176.75,0.0,384.25,0.0,0.0,50.96908385294222,25.002484413313358,90059.0,0,0,0,35,SALT LAKE
2104,351199,0.0,0.0,0.0,6089.5,789.5,868.0,4432.0,6346.881373354219,677.75,111.75,207.25,660.75,1227.25,532.25,24.0,2648.5,0.0,0.0,257.38137335421925,0.0,90059.0,0,0,0,35,SALT LAKE
2105,351200,534.75,1171.7434875410152,0.4563712157873477,2337.0,344.25,175.75,1817.0,2480.97926973914,239.5,104.75,14.0,161.75,407.0,285.5,344.0,780.5,0.0,0.0,104.97539405437108,39.00387568476883,97701.0,0,0,0,35,SALT LAKE
2106,351201,304.5,710.6714161672892,0.4284680558030519,0.0,0.0,0.0,0.0,33.632460493766374,0.0,0.0,0.0,0.0,0.0,0.0,0.0,0.0,0.0,0.0,11.630274210050624,22.00218628371575,114601.0,0,0,0,35,SALT LAKE
2107,351202,284.0,663.1784469761814,0.42824069644440677,689.5,192.75,13.5,483.25,746.089166671379,180.0,12.75,3.0,10.5,47.25,47.0,154.0,235.0,0.0,0.0,35.587079764195735,21.00208690718322,114601.0,0,0,0,35,SALT LAKE
2108,351203,643.0,1259.377520308815,0.5105696978316148,3011.25,873.5,311.75,1826.0,3194.0906486195754,363.75,509.75,74.25,237.5,196.75,86.5,786.0,756.75,0.0,0.0,135.83597792254614,47.00467069702911,90770.0,0,0,0,35,SALT LAKE
2109,351204,752.0,1666.999433249689,0.4511099314137336,1384.25,237.5,40.25,1106.5,1542.1249928500424,78.5,159.0,0.0,40.25,166.5,449.0,34.0,457.0,0.0,0.0,103.1195006296238,54.75549222041866,90770.0,0,0,0,35,SALT LAKE
2110,351205,385.75,1118.814768323833,0.34478450850082754,573.25,7.75,25.0,540.5,641.0632605072996,7.75,0.0,24.75,0.25,132.75,19.25,311.0,77.5,0.0,0.0,39.56041833804705,28.252842169252556,81668.0,0,0,0,35,SALT LAKE
2111,351206,0.0,0.0,0.0,2459.2499958939406,187.49999968694272,1619.7499972956025,651.9999989113954,2549.1506922651674,154.24999974245821,33.24999994448451,1610.4999973110466,9.24999998455584,73.24999987769895,83.74999986016775,0.0,494.99999917352875,0.0,0.0,89.90069637122681,0.0,90059.0,1228,526,188,35,SALT LAKE
2112,351207,130.5,323.9167130719453,0.40288134181892177,1240.5,212.75,45.0,982.75,1316.107259048253,74.75,138.0,0.0,45.0,210.0,145.75,69.25,557.75,0.0,0.0,66.10633152739625,9.500927520856756,90770.0,0,0,0,35,SALT LAKE
2113,351208,184.75,530.1292703565886,0.3484999043265974,1250.75,390.25,42.5,818.0,1457.461034741318,176.75,213.5,13.75,28.75,104.0,71.75,117.0,525.25,0.0,0.0,193.45959712962636,13.251437611691918,114181.0,0,0,0,35,SALT LAKE
2114,351209,83.0,239.6467468522829,0.34634311164324216,586.5,279.5,15.25,291.75,618.7241076305056,179.5,100.0,4.75,10.5,35.75,29.5,69.0,157.5,0.0,0.0,26.22351137131048,6.000596259195206,111398.0,0,0,0,35,SALT LAKE
2115,351210,216.25,620.0831899465952,0.3487435291039329,0.0,0.0,0.0,0.0,25.407204565323763,0.0,0.0,0.0,0.0,0.0,0.0,0.0,0.0,0.0,0.0,9.65567416714481,15.751530398178954,144924.0,0,0,0,35,SALT LAKE
2116,351211,254.0,606.8232028649121,0.41857331558981964,16.0,0.0,0.0,16.0,46.622247451699785,0.0,0.0,0.0,0.0,9.0,0.0,6.0,1.0,0.0,0.0,12.120372550687255,18.501874901012528,155809.0,0,0,0,35,SALT LAKE
2117,351212,409.9999999225273,948.8025320606226,0.4321236359183017,5464.249998967488,1860.9999996483496,235.49999995550044,3367.7499993636375,5708.748247953026,1791.2499996615295,69.7499999868202,0.0,235.49999995550044,1117.4999997888397,580.2499998903572,3.999999999244169,1665.9999996851964,0.0,0.0,214.74536045078264,29.75288853475612,90059.0,0,0,0,35,SALT LAKE
2118,351213,0.0,0.0,0.0,2502.5,386.25,1558.75,557.5,2593.982844814236,331.0,55.25,160.25,1398.5,260.5,19.0,29.0,249.0,0.0,0.0,91.4828448142356,0.0,90059.0,0,0,0,35,SALT LAKE
2119,351214,429.0,951.8581723998914,0.45069739635514733,894.0,68.0,111.0,715.0,1013.8729435579628,49.5,18.5,0.0,111.0,209.5,193.5,13.0,299.0,0.0,0.0,88.86986288545417,31.00308067250856,90059.0,0,0,0,35,SALT LAKE
2120,351215,190.25,458.0549862418432,0.4153431481249111,4009.75,928.5,494.5,2586.75,4179.786635447435,434.75,493.75,147.25,347.25,452.5,698.0,326.0,1110.25,0.0,0.0,156.03524417597987,14.00139127145548,60380.0,0,0,0,35,SALT LAKE
2121,351216,288.75,877.2847699499548,0.32914055947474374,1230.5,255.25,90.5,884.75,1312.633228501452,88.25,167.0,0.0,90.5,170.25,159.0,134.0,421.5,0.0,3.592886870820988,57.53825472344791,21.00208690718322,149201.0,0,0,0,35,SALT LAKE
2122,351217,312.25,918.2143608772964,0.34006220475757387,851.75,223.5,74.25,554.0,940.5473590451156,202.5,21.0,4.0,70.25,110.75,86.5,128.0,228.75,0.0,0.0,66.0451926445723,22.752166400543125,149504.0,0,0,0,35,SALT LAKE
2123,351218,198.75,581.7493507330083,0.3416419799172506,812.5,22.75,82.75,707.0,889.726480705785,13.75,9.0,35.5,47.25,127.75,452.75,29.0,97.5,0.0,0.0,62.97499006692291,14.25149063886209,149709.0,705,0,0,35,SALT LAKE
2124,351219,336.5,1138.428475107945,0.2955829086830363,63.5,0.0,0.0,63.5,105.12698846446123,0.0,0.0,0.0,0.0,0.0,59.75,0.0,3.75,0.0,0.0,17.124543808360794,24.50244465610044,114770.0,0,1609,0,35,SALT LAKE
2125,351220,121.99999103546237,400.2199434986372,0.30483236284769955,22.49999834670413,4.749999650970872,1.9999998530403669,15.74999884269289,36.789328726947716,3.499999742820642,1.2499999081502293,0.0,1.9999998530403669,4.499999669340825,2.2499998346704126,0.0,8.99999933868165,0.0,0.0,5.2884366528348465,9.000893727408739,114770.0,0,0,0,35,SALT LAKE
2126,351221,452.4999999987094,1543.276712549266,0.29320730126954747,1.999999999994296,0.0,0.0,1.999999999994296,52.367357642217975,0.0,0.0,0.0,0.0,0.0,0.0,1.999999999994296,0.0,0.0,0.0,17.36407821674417,33.003279425479505,114770.0,0,0,0,35,SALT LAKE
2127,351222,522.5,1184.5745330207274,0.44108663949375776,2181.0,1133.25,6.5,1041.25,2324.5817363652072,1131.25,2.0,3.75,2.75,267.75,1.0,0.0,772.5,0.0,0.0,105.5779600569708,38.0037763082363,90059.0,0,0,0,35,SALT LAKE
2128,351223,2.0,4.125491553243665,0.4847907150427932,4818.0,699.25,398.25,3720.5,4999.528255002717,572.0,127.25,77.75,320.5,952.5,772.0,36.0,1960.0,0.0,0.0,181.5282550027165,0.0,90059.0,0,0,0,35,SALT LAKE
2129,351224,1074.75,2601.453567018699,0.41313441593796274,941.75,164.0,164.25,613.5,1103.7175852427902,162.0,2.0,13.75,150.5,94.25,61.0,33.0,425.25,0.0,0.0,83.95983387325268,78.00775136953767,60380.0,513,108,0,35,SALT LAKE
2130,351225,330.25,1001.0388226582952,0.3299072848373743,0.0,0.0,0.0,0.0,36.07501487130147,0.0,0.0,0.0,0.0,0.0,0.0,0.0,0.0,0.0,0.0,12.072629834520647,24.002385036780822,149201.0,0,0,0,35,SALT LAKE
2131,351226,19.0,58.10809094373171,0.32697684077073585,146.75,0.0,0.0,146.75,153.80922086092144,0.0,0.0,0.0,0.0,0.25,146.5,0.0,0.0,0.0,0.0,6.059121484388884,1.000099376532534,149201.0,0,0,2351,35,SALT LAKE
2132,351227,269.25,790.8342528804438,0.34046325006702066,181.0,0.0,0.0,181.0,218.7107455045403,0.0,0.0,0.0,0.0,0.0,181.0,0.0,0.0,0.0,0.0,18.458877219550835,19.25186828498948,149709.0,0,0,0,35,SALT LAKE
2133,351228,0.0,0.0,0.0,0.0,0.0,0.0,0.0,0.0,0.0,0.0,0.0,0.0,0.0,0.0,0.0,0.0,0.0,0.0,0.0,0.0,90059.0,0,0,0,35,SALT LAKE
2134,351229,1093.0,2497.489621476021,0.43763945627691336,1093.75,128.75,38.75,926.25,1253.1895372806653,106.5,22.25,0.0,38.75,162.0,110.75,3.0,650.5,0.0,0.0,79.9315937860193,79.5079434946461,90059.0,0,0,0,35,SALT LAKE
2135,351230,633.25,2447.3137398415074,0.25875309311220984,64.0,0.0,0.0,64.0,135.4932966433057,0.0,0.0,0.0,0.0,0.0,64.0,0.0,0.0,0.0,0.0,25.488725322809135,46.004571320496574,149201.0,683,0,0,35,SALT LAKE
2136,351231,556.75,1582.909689275293,0.3517256883144724,3.0,0.0,1.0,2.0,68.46617439020761,0.0,0.0,1.0,0.0,0.0,1.0,1.0,0.0,0.0,0.0,24.96210658033035,40.504067809877256,149081.0,0,0,0,35,SALT LAKE
2137,351232,221.00000001034027,754.0604808811063,0.2930799393599114,0.0,0.0,0.0,0.0,24.33036916480071,0.0,0.0,0.0,0.0,0.0,0.0,0.0,0.0,0.0,0.0,8.328779139531475,16.001590025269238,138222.0,0,0,0,35,SALT LAKE
2138,351233,3045.5,8908.727450255907,0.3418557832199162,36.75,8.0,1.0,27.75,639.9540373273726,6.0,2.0,0.0,1.0,6.25,1.25,0.5,19.75,0.0,0.0,381.6819823819582,221.52205494541437,148008.0,0,0,0,35,SALT LAKE
2139,351234,0.0,0.0,0.0,2757.25,317.5,258.0,2181.75,2889.787418504339,201.0,116.5,16.75,241.25,1036.25,311.25,0.0,834.25,0.0,0.0,132.53741850433883,0.0,148008.0,0,0,0,35,SALT LAKE
2140,351235,0.0,0.0,0.0,3241.75,325.75,96.0,2820.0,3435.3041516567223,197.75,128.0,0.0,96.0,609.25,221.75,1018.5,970.5,2.0222601322713767,0.0,191.53189152445125,0.0,148008.0,0,0,0,35,SALT LAKE
2141,351236,0.0,0.0,0.0,223.5,35.0,8.0,180.5,231.67054490385544,18.0,17.0,0.0,8.0,62.5,9.0,0.0,109.0,0.0,0.0,8.17054490385543,0.0,148008.0,0,0,0,35,SALT LAKE
2142,351237,1.75,3.237882529724664,0.540476680032247,3419.0,157.75,243.25,3018.0,3561.5718946916118,110.75,47.0,0.0,243.25,1594.5,307.25,35.0,1081.25,0.0,0.0,142.57189469161128,0.0,96451.0,0,0,0,35,SALT LAKE
2143,351238,0.0,0.0,0.0,1412.75,351.25,48.75,1012.75,1467.916949003011,241.25,110.0,2.0,46.75,198.5,71.75,17.0,725.5,0.0,0.0,55.16694900301103,0.0,60380.0,0,0,0,35,SALT LAKE
2144,351239,410.25,954.5735165990816,0.4297730796697809,235.25,4.25,11.75,219.25,288.8503743234002,3.0,1.25,0.0,11.75,74.75,14.75,24.0,105.75,0.0,0.0,23.59739302742418,30.002981295976028,96451.0,0,0,0,35,SALT LAKE
2145,351240,270.25,624.7728933642532,0.4325571785689487,0.0,0.0,0.0,0.0,29.881780161005658,0.0,0.0,0.0,0.0,0.0,0.0,0.0,0.0,0.0,0.0,9.879792630354975,20.001987530650684,96652.0,0,0,0,35,SALT LAKE
2146,351241,835.9999997950807,2024.5458938371578,0.41293210607866,171.99999995783958,2.9999999992646433,21.999999994607386,146.99999996396753,269.8547744739959,1.9999999995097624,0.9999999997548812,12.749999996874735,9.249999997732651,42.999999989459894,60.99999998504775,0.9999999997548812,41.99999998970501,0.0,0.0,36.84871256262548,61.00606195353085,120884.0,662,0,0,35,SALT LAKE
2147,351242,472.5,1107.156187656664,0.42676905505090773,0.0,0.0,0.0,0.0,51.27598718371912,0.0,0.0,0.0,0.0,0.0,0.0,0.0,0.0,0.0,0.0,17.272608381612955,34.00337880210616,130577.0,0,0,0,35,SALT LAKE
2148,351243,262.99999916813425,658.3317868054274,0.39949460809776294,0.0,0.0,0.0,0.0,28.61618509371067,0.0,0.0,0.0,0.0,0.0,0.0,0.0,0.0,0.0,0.0,9.614296999695254,19.001888094015413,148614.0,0,0,0,35,SALT LAKE
2149,351244,0.0,0.0,0.0,3896.5,133.0,0.0,3763.5,4112.025831871404,0.0,133.0,0.0,0.0,0.0,224.5,3539.0,0.0,0.0,0.0,215.5258318714044,0.0,148008.0,0,0,1,35,SALT LAKE
2150,351245,391.75,903.1304091867224,0.4337690282766302,653.5,68.5,49.0,536.0,720.4651789511116,56.5,12.0,0.0,49.0,85.5,38.5,87.5,324.5,0.0,0.0,38.2123301539024,28.7528487972092,96451.0,0,0,0,35,SALT LAKE
2151,351246,402.5,935.7731344588468,0.4301256203863598,22.0,8.0,0.0,14.0,66.52124732212346,7.0,1.0,0.0,0.0,0.0,0.0,0.0,14.0,0.0,0.0,15.518365402679963,29.002881919443496,95085.0,0,0,0,35,SALT LAKE
2152,351247,463.0,1076.8269859168,0.4299669362444575,51.0,8.5,0.5,42.0,104.0432977126539,8.5,0.0,0.0,0.5,7.0,1.25,30.0,3.75,0.0,0.0,19.039918910547723,34.00337880210616,100700.0,0,0,0,35,SALT LAKE
2153,351248,0.0,0.0,0.0,468.25,90.5,41.5,336.25,485.3671990436319,88.5,2.0,0.0,41.5,8.75,294.0,0.25,33.25,0.0,0.0,17.117199043631913,0.0,96451.0,0,0,0,35,SALT LAKE
2154,351249,363.5,866.80163002168,0.4193577716171442,2119.75,86.75,140.25,1892.75,2237.02843783851,42.75,44.0,0.0,140.25,782.25,378.25,2.0,730.25,0.0,0.0,90.77576792523725,26.502669913272804,95085.0,0,0,0,35,SALT LAKE
2155,351250,721.75,1934.3136468353275,0.37312976681978827,0.0,0.0,0.0,0.0,80.13988033806275,0.0,0.0,0.0,0.0,0.0,0.0,0.0,0.0,0.0,0.0,27.384673008180037,52.75520732988272,95085.0,0,0,0,35,SALT LAKE
2156,351251,477.5,1474.756225150827,0.3237823254152834,92.0,6.5,2.0,83.5,152.3221517605888,0.0,6.5,0.0,2.0,14.0,1.25,3.0,65.25,0.0,0.0,25.318673581950108,35.0034781786387,145738.0,0,0,0,35,SALT LAKE
2157,351252,0.0,0.0,0.0,76.0,5.0,47.25,23.75,78.77808728286865,3.5,1.5,0.0,47.25,1.0,5.75,0.0,17.0,0.0,0.0,2.778087282868648,0.0,95085.0,0,0,0,35,SALT LAKE
2158,351253,761.25,1965.5126238466505,0.38730354145992646,2679.0,168.75,122.75,2387.5,2860.0735029852663,122.5,46.25,0.0,122.75,531.0,315.25,24.0,1517.25,0.0,0.0,125.81787163671724,55.25563134854877,95085.0,0,0,0,35,SALT LAKE
2159,351254,0.0,0.0,0.0,22.749999990536516,0.4999999997920114,12.499999994800284,9.749999995944222,23.581353478255775,0.2499999998960057,0.2499999998960057,0.0,12.499999994800284,0.0,3.249999998648074,0.0,6.499999997296148,0.0,0.0,0.8313534877192506,0.0,95085.0,0,0,0,35,SALT LAKE
2160,351255,0.0,0.0,0.0,0.0,0.0,0.0,0.0,0.0,0.0,0.0,0.0,0.0,0.0,0.0,0.0,0.0,0.0,0.0,0.0,0.0,95085.0,0,0,0,35,SALT LAKE
2161,351256,0.0,0.0,0.0,52.5,4.5,26.5,21.5,55.66855432155496,3.0,1.5,0.0,26.5,2.25,3.25,0.0,16.0,0.0,0.0,3.168554321554968,0.0,95085.0,0,0,0,35,SALT LAKE
2162,351257,194.0,561.4887098022368,0.34551006389483624,0.0,0.0,0.0,0.0,23.34250503914461,0.0,0.0,0.0,0.0,0.0,0.0,0.0,0.0,0.0,0.0,9.341113767689128,14.00139127145548,141675.0,0,0,0,35,SALT LAKE
2163,351258,96.25,281.5895064535788,0.34180961219826994,0.0,0.0,0.0,0.0,12.781437059004366,0.0,0.0,0.0,0.0,0.0,0.0,0.0,0.0,1.0111300661356883,0.0,5.019670983482531,6.750636009386147,141675.0,0,0,0,35,SALT LAKE
2164,351259,78.25,226.8178661177694,0.3449904601402549,82.0,0.0,0.0,82.0,94.6085129533656,0.0,0.0,0.0,0.0,0.0,80.75,0.0,1.25,0.0,0.0,6.607916694170394,6.000596259195206,141675.0,358,171,0,35,SALT LAKE
2165,351260,113.0,329.7948519706867,0.3426372465330169,269.5,4.5,39.0,226.0,291.4831849042595,3.5,1.0,2.0,37.0,6.5,178.75,2.0,38.75,0.0,0.0,13.982389891999208,8.000795012260273,141675.0,796,0,0,35,SALT LAKE
2166,351261,157.0,511.7357285420298,0.30679898088668495,118.75,33.75,15.75,69.25,143.0806023053833,32.75,1.0,6.0,9.75,2.25,42.0,7.0,18.0,0.0,0.0,13.079476041291134,11.25112626409217,96281.0,500,0,0,35,SALT LAKE
2167,351262,715.5,2004.5789381865425,0.35693281335544835,855.0,112.25,22.25,720.5,975.6799757596558,22.75,89.5,0.0,22.25,153.75,71.25,68.0,427.5,1.0111300661356883,0.0,67.66365823486998,52.005187458650106,96281.0,0,0,0,35,SALT LAKE
2168,351263,24.5,71.0471051799963,0.3448416362345768,234.25,14.0,84.25,136.0,245.4606542316,9.5,4.5,13.0,71.25,27.75,56.25,0.0,52.0,0.0,0.0,9.460442234555176,1.750211997044768,96281.0,0,0,0,35,SALT LAKE
2169,351264,222.25,688.1463877644561,0.32296907162734884,0.0,0.0,0.0,0.0,24.12610336721361,0.0,0.0,0.0,0.0,0.0,0.0,0.0,0.0,0.0,0.0,8.124513342693064,16.001590024520546,90059.0,0,0,0,35,SALT LAKE
2170,351265,0.0,0.0,0.0,977.5,73.75,484.5,419.25,1014.2422680096016,69.25,4.5,25.25,459.25,79.25,65.0,73.0,202.0,1.0111300661356883,0.0,35.731137943465875,0.0,90059.0,0,0,0,35,SALT LAKE
2171,351266,157.25,453.1117716878082,0.34704461421131316,0.0,0.0,0.0,0.0,17.25035288492905,0.0,0.0,0.0,0.0,0.0,0.0,0.0,0.0,0.0,0.0,5.749253115114525,11.501099769814523,141675.0,0,0,0,35,SALT LAKE
2172,351267,174.0,665.4016644668898,0.2614961898831532,0.0,0.0,0.0,0.0,19.36208156503054,0.0,0.0,0.0,0.0,0.0,0.0,0.0,0.0,0.0,0.0,6.360789670107595,13.001291894922945,114950.0,0,0,0,35,SALT LAKE
2173,351268,176.25,672.1151138038362,0.2622318653162149,0.0,0.0,0.0,0.0,19.444445973768094,0.0,0.0,0.0,0.0,0.0,0.0,0.0,0.0,0.0,0.0,6.443154078845148,13.001291894922945,114950.0,0,0,0,35,SALT LAKE
2174,351269,103.5,336.8742455459716,0.3072363095975405,19.5,5.75,0.0,13.75,31.245356334072905,2.25,3.5,0.0,0.0,3.25,0.25,0.0,10.25,0.0,0.0,4.4946805674738375,7.250675766599067,96281.0,0,0,0,35,SALT LAKE
2175,351270,111.25,300.8389326163904,0.369799211267175,7.0,0.0,0.0,7.0,20.323652069886084,0.0,0.0,0.0,0.0,0.0,0.0,0.0,7.0,0.0,0.0,5.322857057625811,8.000795012260273,96281.0,0,0,0,35,SALT LAKE
2176,351271,6.0,16.83884777120586,0.35631891691900064,0.0,0.0,0.0,0.0,7.514207042911054,0.0,0.0,0.0,0.0,0.0,0.0,0.0,0.0,4.044520264542753,0.0,3.219653656134008,0.2500331222342934,96281.0,0,0,0,35,SALT LAKE
2177,351272,365.75,1025.4773872305852,0.35666315469690485,69.75,12.0,4.75,53.0,143.651987351455,6.5,5.5,0.0,4.75,11.0,4.25,0.0,37.75,0.0,0.0,47.39912531798541,26.502862033469604,96281.0,0,0,0,35,SALT LAKE
2178,351273,596.75,1687.093964378285,0.3537147382421641,1709.5,120.5,723.75,865.25,1847.244276567008,80.25,40.25,115.25,608.5,160.75,110.0,0.0,594.5,0.0,7.185773742988545,87.05411702243796,43.50438580158155,96281.0,0,0,542,35,SALT LAKE
2179,351274,20.25,52.76659536267029,0.3837655217438163,1230.0,161.0,140.25,928.75,1277.19871930176,74.25,86.75,0.0,140.25,243.25,165.25,17.25,503.0,0.0,0.0,45.69848081043754,1.5002384913224134,96281.0,0,0,0,35,SALT LAKE
2180,351275,189.0,721.6349499264309,0.26190527498601357,0.0,0.0,0.0,0.0,29.34656122933869,0.0,0.0,0.0,0.0,0.0,0.0,0.0,0.0,0.0,7.185773742988545,8.159396214894665,14.00139127145548,114950.0,0,0,0,35,SALT LAKE
2181,351276,323.75,888.0540893580688,0.3645611273903633,113.25,4.5,25.0,83.75,152.72676583296214,2.5,2.0,1.0,24.0,10.0,11.75,0.0,62.0,0.0,0.0,15.974440415500933,23.502325417461208,96281.0,0,0,0,35,SALT LAKE
2182,351277,1272.0,3490.7463861214924,0.3643919836334192,374.75,20.75,13.5,340.5,527.2292792211958,13.5,7.25,0.0,13.5,30.5,245.0,0.0,65.0,0.0,0.0,60.219964342474725,92.25931487872106,96281.0,348,0,0,35,SALT LAKE
2183,351278,1072.0,2941.5367822883923,0.36443535449046094,90.75,0.0,3.0,87.75,211.26366155040225,0.0,0.0,0.0,3.0,0.0,87.75,0.0,0.0,0.0,0.0,42.50591018086452,78.00775136953767,96281.0,716,256,0,35,SALT LAKE
2184,351279,63.25,169.73458143442454,0.372640621996267,384.75,17.75,215.75,151.25,407.1259586688536,15.0,2.75,0.0,215.75,10.5,30.0,0.0,110.75,0.0,0.0,17.62549490842528,4.750463760428378,96281.0,0,0,0,35,SALT LAKE
2185,351280,0.0,0.0,0.0,2468.7499867989713,241.24999870997544,608.4999967461971,1618.999991342799,3115.8002891857454,158.49999915246053,82.74999955751488,196.99999894659135,411.49999779960575,495.4999973504366,210.49999887440345,0.0,912.9999951179589,0.0,431.14642224693256,215.90388013984142,0.0,96281.0,0,0,0,35,SALT LAKE
2186,351281,400.4999998548192,1099.3496660199085,0.36430629146847476,1915.4999993056333,158.7499999424533,230.99999991626274,1525.7499994469172,2150.7552782742973,95.9999999652001,62.74999997725319,2.4999999990937525,228.499999917169,326.7499998815535,491.74999982174114,0.9999999996375011,706.2499997439851,1.0111300657691549,0.0,205.24125374015574,29.002895162739332,96691.0,0,0,0,35,SALT LAKE
2187,351282,27.8,53.0,0.5245283018867924,0.0,0.0,0.0,0.0,0.0,0.0,0.0,0.0,0.0,0.0,0.0,0.0,0.0,0.0,0.0,0.0,0.0,120184.0,0,0,0,35,SALT LAKE
2188,351283,410.2,1038.6,0.39495474677450415,0.0,0.0,0.0,0.0,0.0,0.0,0.0,0.0,0.0,0.0,0.0,0.0,0.0,0.0,0.0,0.0,0.0,120184.0,0,0,0,35,SALT LAKE
2189,351284,184.7,468.1,0.39457380901516764,10.0,0.0,0.0,10.0,10.0,0.0,0.0,0.0,0.0,0.0,10.0,0.0,0.0,0.0,0.0,0.0,0.0,120184.0,0,0,0,35,SALT LAKE
2190,351285,7.000000014486569,13.400000027731434,0.5223880597014925,55.00000011382304,53.90000011154658,0.0,1.1000000022764609,55.00000011382304,0.0,53.90000011154658,0.0,0.0,0.0,1.1000000022764609,0.0,0.0,0.0,0.0,0.0,0.0,133856.0,0,0,0,35,SALT LAKE
2191,351286,0.0,0.0,0.0,0.0,0.0,0.0,0.0,0.0,0.0,0.0,0.0,0.0,0.0,0.0,0.0,0.0,0.0,0.0,0.0,0.0,109943.0,0,0,0,35,SALT LAKE
2192,351287,64.80000012648674,95.90000018719257,0.67570385818561,51.00000009954975,51.00000009954975,0.0,0.0,51.00000009954975,0.0,51.00000009954975,0.0,0.0,0.0,0.0,0.0,0.0,0.0,0.0,0.0,0.0,136616.0,0,0,0,35,SALT LAKE
2193,351288,13.500000000436277,24.50000000079176,0.5510204081632654,0.0,0.0,0.0,0.0,0.0,0.0,0.0,0.0,0.0,0.0,0.0,0.0,0.0,0.0,0.0,0.0,0.0,136616.0,0,0,0,35,SALT LAKE
2194,351289,21.50000007086079,40.900000134800294,0.5256723716381417,105.800000348701,73.30000024158586,0.0,32.50000010711515,105.800000348701,30.100000099205108,43.20000014238075,0.0,0.0,0.0,0.0,0.0,32.50000010711515,0.0,0.0,0.0,0.0,136616.0,0,0,0,35,SALT LAKE
2195,351290,75.9999999980543,138.6999999964491,0.5479452054794521,64.89999999833849,22.199999999431654,0.0,42.699999998906826,64.89999999833849,9.299999999761908,12.899999999669744,0.0,0.0,0.0,9.699999999751666,0.0,32.99999999915516,0.0,0.0,0.0,0.0,136616.0,0,0,0,35,SALT LAKE
2196,351291,187.9,265.2,0.7085218702865762,196.2,107.9,0.0,88.3,196.2,0.0,107.9,0.0,0.0,0.0,38.9,0.0,49.4,0.0,0.0,0.0,0.0,154242.0,13,0,0,35,SALT LAKE
2197,351292,30.00000468609001,43.90000685731171,0.6833712984054671,680.1001062336604,509.3000795541881,0.0,170.80002667947247,680.1001062336605,31.900004982875707,477.4000745713123,0.0,0.0,0.0,33.70000526404111,0.0,137.10002141543134,0.0,0.0,0.0,0.0,154321.0,0,0,0,35,SALT LAKE
2198,351293,0.0,0.0,0.0,0.0,0.0,0.0,0.0,0.0,0.0,0.0,0.0,0.0,0.0,0.0,0.0,0.0,0.0,0.0,0.0,0.0,137723.0,0,0,0,35,SALT LAKE
2199,351294,18.499999999518884,51.999999998647674,0.3557692307692308,92.59999999759181,0.0,0.0,92.59999999759181,92.59999999759181,0.0,0.0,0.0,0.0,9.79999999974514,0.0,0.0,82.79999999784667,0.0,0.0,0.0,0.0,143773.0,0,0,0,35,SALT LAKE
2200,351295,1.0,2.062672766426222,0.4848078746550747,162.0,0.0,0.0,162.0,167.9586707829169,0.0,0.0,0.0,0.0,0.0,162.0,0.0,0.0,0.0,0.0,5.958670782916885,0.0,31535.0,0,0,0,35,SALT LAKE
2201,351296,0.0,0.0,0.0,0.0,0.0,0.0,0.0,0.0,0.0,0.0,0.0,0.0,0.0,0.0,0.0,0.0,0.0,0.0,0.0,0.0,120184.0,0,0,0,35,SALT LAKE
2202,351297,0.0,0.0,0.0,5.000000001661408,0.0,0.0,5.000000001661408,5.000000001661408,0.0,0.0,0.0,0.0,0.0,5.000000001661408,0.0,0.0,0.0,0.0,0.0,0.0,116535.0,0,0,0,35,SALT LAKE
2203,351298,0.0,0.0,0.0,0.0,0.0,0.0,0.0,0.0,0.0,0.0,0.0,0.0,0.0,0.0,0.0,0.0,0.0,0.0,0.0,0.0,120184.0,0,0,0,35,SALT LAKE
2204,351299,0.0,0.0,0.0,0.0,0.0,0.0,0.0,0.0,0.0,0.0,0.0,0.0,0.0,0.0,0.0,0.0,0.0,0.0,0.0,0.0,120184.0,0,0,0,35,SALT LAKE
2205,351300,0.0,0.0,0.0,0.0,0.0,0.0,0.0,10.0,0.0,0.0,0.0,0.0,0.0,0.0,0.0,0.0,0.0,0.0,10.0,0.0,120184.0,0,0,0,35,SALT LAKE
2206,351301,4.0,16.4,0.24390243902439027,15.0,4.5,0.0,10.5,15.0,0.0,4.5,0.0,0.0,0.0,0.0,0.0,10.5,0.0,0.0,0.0,0.0,110139.0,0,0,0,35,SALT LAKE
2207,351302,28.8,59.1,0.4873096446700508,0.0,0.0,0.0,0.0,0.0,0.0,0.0,0.0,0.0,0.0,0.0,0.0,0.0,0.0,0.0,0.0,0.0,109943.0,0,0,0,35,SALT LAKE
2208,351303,0.0,0.0,0.0,0.0,0.0,0.0,0.0,0.0,0.0,0.0,0.0,0.0,0.0,0.0,0.0,0.0,0.0,0.0,0.0,0.0,109943.0,0,0,0,35,SALT LAKE
2209,351304,0.0,0.0,0.0,0.0,0.0,0.0,0.0,0.0,0.0,0.0,0.0,0.0,0.0,0.0,0.0,0.0,0.0,0.0,0.0,0.0,109943.0,0,0,0,35,SALT LAKE
2210,351305,0.0,0.0,0.0,0.0,0.0,0.0,0.0,0.0,0.0,0.0,0.0,0.0,0.0,0.0,0.0,0.0,0.0,0.0,0.0,0.0,133856.0,0,0,0,35,SALT LAKE
2211,351306,1.0000000000684826,2.0627734026706097,0.48478422243267877,0.0,0.0,0.0,0.0,0.036556262474386064,0.0,0.0,0.0,0.0,0.0,0.0,0.0,0.0,0.0,0.0,0.036556262474386064,0.0,140499.0,0,0,0,35,SALT LAKE
2212,351307,2.00000005619689,3.487767253220375,0.5734327754669469,0.0,0.0,0.0,0.0,0.07311252699811364,0.0,0.0,0.0,0.0,0.0,0.0,0.0,0.0,0.0,0.0,0.07311252699811364,0.0,136616.0,0,0,0,35,SALT LAKE
2213,351308,0.0,0.0,0.0,0.0,0.0,0.0,0.0,0.0,0.0,0.0,0.0,0.0,0.0,0.0,0.0,0.0,0.0,0.0,0.0,0.0,136616.0,0,0,0,35,SALT LAKE
2214,351309,0.0,0.0,0.0,0.0,0.0,0.0,0.0,0.0,0.0,0.0,0.0,0.0,0.0,0.0,0.0,0.0,0.0,0.0,0.0,0.0,136616.0,0,0,0,35,SALT LAKE
2215,351310,0.0,0.0,0.0,0.0,0.0,0.0,0.0,0.0,0.0,0.0,0.0,0.0,0.0,0.0,0.0,0.0,0.0,0.0,0.0,0.0,154321.0,0,0,0,35,SALT LAKE
2216,351311,0.0,0.0,0.0,0.0,0.0,0.0,0.0,0.0,0.0,0.0,0.0,0.0,0.0,0.0,0.0,0.0,0.0,0.0,0.0,0.0,155809.0,0,0,0,35,SALT LAKE
154,570001,0.0,0.0,0.0,0.0,0.0,0.0,0.0,9.04025731479966,0.0,0.0,0.0,0.0,0.0,0.0,0.0,0.0,9.04025731479966,0.0,0.0,0.0,77375.0,0,0,0,57,WEBER
155,570002,20.25,56.145864618667765,0.36066770255537467,0.0,0.0,0.0,0.0,13.26532114835455,0.0,0.0,0.0,0.0,0.0,0.0,0.0,0.0,6.026838209866439,0.0,5.987207521801647,1.2512754166864646,77375.0,0,0,0,57,WEBER
156,570003,6.0,17.32987958586112,0.3462228326672969,28.5,21.0,1.0,6.5,35.652593097730346,19.5,1.5,1.0,0.0,0.0,0.0,0.5,6.0,6.026838209866439,0.0,1.1257548878639052,0.0,77375.0,0,0,0,57,WEBER
157,570004,73.0,199.5190068108444,0.365879928768933,0.0,0.0,0.0,0.0,86.92363795977471,0.0,0.0,0.0,0.0,0.0,0.0,0.0,0.0,70.31311244844179,0.0,13.60756661873728,3.002958892595646,77375.0,0,0,0,57,WEBER
158,570005,260.25,618.3015139224528,0.42091114794300905,0.0,0.0,0.0,0.0,46.48463213363811,0.0,0.0,0.0,0.0,0.0,0.0,0.0,0.0,8.035784279821918,0.0,26.936245821740023,11.512602032076169,77375.0,0,0,0,57,WEBER
159,570006,0.0,0.0,0.0,348.25,56.75,282.75,8.75,437.2524174144447,25.5,31.25,282.25,0.5,0.0,0.0,0.0,8.75,10.044730349777396,66.4,12.557687064667324,0.0,77375.0,0,0,0,57,WEBER
160,570007,3.0,6.633082938465972,0.45227837912332924,0.0,0.0,0.0,0.0,772.798001131332,0.0,0.0,0.0,0.0,0.0,0.0,0.0,0.0,772.690103986554,0.0,0.1078971447778752,0.0,77375.0,0,0,0,57,WEBER
161,570008,31.5,73.80891009868817,0.4267777421165288,5.0,0.0,5.0,0.0,8.80986866541162,0.0,0.0,5.0,0.0,0.0,0.0,0.0,0.0,1.0044730349777398,0.0,1.303967246176542,1.5014283842573397,83325.0,0,0,0,57,WEBER
162,570009,91.5,241.51535739597944,0.3788578953593417,0.0,0.0,0.0,0.0,95.15593207716506,0.0,0.0,0.0,0.0,0.0,0.0,0.0,0.0,85.38020797310787,0.0,5.521489794775074,4.25423430928211,77375.0,0,0,0,57,WEBER
163,570010,8.0,20.825324191307597,0.3841476812802351,0.0,0.0,0.0,0.0,1.2921987543854072,0.0,0.0,0.0,0.0,0.0,0.0,0.0,0.0,1.0044730349777398,0.0,0.2877257194076674,0.0,83325.0,0,0,0,57,WEBER
164,570011,76.75,211.02318978920616,0.3637041032157015,0.0,0.0,0.0,0.0,22.256818395776307,0.0,0.0,0.0,0.0,0.0,0.0,0.0,0.0,6.780971156172027,0.0,11.97314429235682,3.5027029472474585,83325.0,0,0,0,57,WEBER
165,570012,0.0,0.0,0.0,455.75,2.75,435.0,18.0,474.151329965681,0.0,2.75,435.0,0.0,0.0,0.0,0.0,18.0,2.0089460699554795,0.0,16.39238389572557,0.0,77375.0,0,0,0,57,WEBER
166,570013,72.0,201.98829167434104,0.3564563044876046,0.0,0.0,0.0,0.0,54.465139958510775,0.0,0.0,0.0,0.0,0.0,0.0,0.0,0.0,38.169975329154106,0.0,13.292052435995592,3.0031121933610785,77375.0,0,0,0,57,WEBER
167,570014,15.0,37.23328522175466,0.40286533704084215,0.0,0.0,0.0,0.0,5.5603129261217,0.0,0.0,0.0,0.0,0.0,0.0,0.0,0.0,4.017892139910959,0.0,0.5413493678922896,1.0010714183184517,83325.0,0,0,0,57,WEBER
168,570015,54.25,132.2660398076593,0.41015819388627733,0.0,0.0,0.0,0.0,5.19300812509988,0.0,0.0,0.0,0.0,0.0,0.0,0.0,0.0,1.0044730349777398,0.0,1.9362392859143616,2.2522958042077783,83325.0,0,0,0,57,WEBER
169,570016,22.5,53.71146603736245,0.418904968714663,0.0,0.0,0.0,0.0,3.8239051841152794,0.0,0.0,0.0,0.0,0.0,0.0,0.0,0.0,2.0089460699554795,0.0,0.8138876958413475,1.0010714183184517,83325.0,0,0,0,57,WEBER
170,570017,38.0,99.77138071652384,0.380870743965825,11.0,11.0,0.0,0.0,60.64850735050646,0.25,10.75,0.0,0.0,0.0,0.0,0.0,0.0,30.63608179272523,0.0,17.01028272114433,2.002142836636903,77375.0,0,0,0,57,WEBER
171,570018,149.5,414.33019244900817,0.36082333058168103,0.0,0.0,0.0,0.0,41.9219067263427,0.0,0.0,0.0,0.0,0.0,0.0,0.0,0.0,3.0134191049332197,0.0,32.401548990681775,6.506938630727702,77375.0,0,0,0,57,WEBER
172,570019,90.75,222.6428562670729,0.4076034664734096,78.75,0.0,0.75,78.0,90.8689515243725,0.0,0.0,0.0,0.75,0.0,78.0,0.0,0.0,2.0089460699554795,0.0,6.105719781143209,4.004285673273806,83325.0,538,0,0,57,WEBER
173,570020,216.0,625.9679157063963,0.3450656089238167,0.0,0.0,0.0,0.0,24.421548938719425,0.0,0.0,0.0,0.0,0.0,0.0,0.0,0.0,7.031311244844178,0.0,7.879829508319172,9.510408185556074,83325.0,0,0,0,57,WEBER
174,570021,252.25,708.1405206557708,0.35621461086057443,0.0,0.0,0.0,0.0,26.320555703024915,0.0,0.0,0.0,0.0,0.0,0.0,0.0,0.0,6.026838209866439,0.0,9.03274915501111,11.260968338147368,83325.0,0,0,0,57,WEBER
175,570022,1376.25,3936.038813295312,0.3496535642258523,20.0,8.75,3.5,7.75,617.8927974089294,8.75,0.0,1.0,2.5,0.5,2.25,1.0,4.0,1.2553321415069494,0.0,535.0696578962111,61.56780737121135,83325.0,0,0,0,57,WEBER
176,570023,63.5,153.1192866417009,0.41470935107338885,0.0,0.0,0.0,0.0,54.83854117749354,0.0,0.0,0.0,0.0,0.0,0.0,0.0,0.0,2.0089460699554795,0.0,50.07607420963194,2.753520897906122,82362.0,0,0,0,57,WEBER
177,570024,27.0,70.60664043327318,0.38240029314971236,0.0,0.0,0.0,0.0,3.981091791274809,0.0,0.0,0.0,0.0,0.0,0.0,0.0,0.0,2.0089460699554795,0.0,0.9710743030008776,1.0010714183184517,77375.0,0,0,0,57,WEBER
178,570025,94.5,262.6113959900408,0.35984729316005687,13.0,0.0,0.0,13.0,30.86151555596806,0.0,0.0,0.0,0.0,0.0,9.0,0.0,4.0,10.044730349777396,0.0,3.8132145057982103,4.003570700392455,77375.0,0,0,0,57,WEBER
179,570026,9.5,27.2479687385248,0.3486498421648706,0.0,0.0,0.0,0.0,7.629814413099959,0.0,0.0,0.0,0.0,0.0,0.0,0.0,0.0,7.031311244844178,0.0,0.3481970458068009,0.2503061224489796,77375.0,0,0,0,57,WEBER
180,570027,29.0,74.3161454759535,0.39022475956296115,0.0,0.0,0.0,0.0,12.088807500948642,0.0,0.0,0.0,0.0,0.0,0.0,0.0,0.0,10.044730349777396,0.0,1.0430057328527944,1.0010714183184517,84402.0,0,0,0,57,WEBER
181,570028,93.25,257.54304166038145,0.3620754006740649,0.0,0.0,0.0,0.0,9.581661009732173,0.0,0.0,0.0,0.0,0.0,0.0,0.0,0.0,2.0089460699554795,0.0,3.318838116935258,4.253876822841435,87610.0,0,0,0,57,WEBER
182,570029,97.25,260.5060494046376,0.3733118682742909,9.0,0.0,2.75,6.25,51.41330205518263,0.0,0.0,1.0,1.75,1.0,2.0,1.0,2.25,4.017892139910959,0.0,34.14081809863494,4.254591816636733,88528.0,0,0,0,57,WEBER
183,570030,20.0,49.92575644638438,0.4005948316772754,10.0,0.0,0.0,10.0,21.120300180896862,0.0,0.0,0.0,0.0,0.0,5.0,1.0,4.0,9.04025731479966,0.0,1.0789714477787529,1.0010714183184517,88528.0,0,0,0,57,WEBER
184,570031,94.0,237.6367299465565,0.39556174679368883,0.0,0.0,0.0,0.0,16.663361340044258,0.0,0.0,0.0,0.0,0.0,0.0,0.0,0.0,9.04025731479966,0.0,3.3686653843999177,4.254438640844681,88528.0,0,0,0,57,WEBER
185,570032,48.75,123.77484484295306,0.3938603200178078,0.0,0.0,0.0,0.0,18.02638602161341,0.0,0.0,0.0,0.0,0.0,0.0,0.0,0.0,3.766860503047135,0.0,12.257382681929377,2.002142836636903,88528.0,0,0,0,57,WEBER
186,570033,9.0,25.245410642322952,0.35650043992201297,0.0,0.0,0.0,0.0,17.078164469311364,0.0,0.0,0.0,0.0,0.0,0.0,0.0,0.0,1.0044730349777398,0.0,16.073691434333625,0.0,60702.0,0,0,0,57,WEBER
187,570034,14.25,38.6185698451769,0.36899346757605767,5.0,4.5,0.0,0.5,8.198350376621619,0.0,4.5,0.0,0.0,0.5,0.0,0.0,0.0,1.0044730349777398,0.0,1.192805923325428,1.0010714183184517,77375.0,0,0,0,57,WEBER
188,570035,4.0,10.199010748222944,0.39219489995114987,0.0,0.0,0.0,0.0,20.23332355925863,0.0,0.0,0.0,0.0,0.0,0.0,0.0,0.0,20.089460699554795,0.0,0.1438628597038336,0.0,77375.0,0,0,0,57,WEBER
189,570036,67.75,169.4959174231327,0.39971464227582343,0.0,0.0,0.0,0.0,10.45405722678355,0.0,0.0,0.0,0.0,0.0,0.0,0.0,0.0,4.017892139910959,0.0,3.4329508319172377,3.003214254955355,88528.0,0,0,0,57,WEBER
190,570037,69.0,175.0226799814761,0.3942346215204953,4.0,0.0,4.0,0.0,13.89660358446128,0.0,0.0,4.0,0.0,0.0,0.0,0.0,0.0,4.017892139910959,0.0,2.8754971895949657,3.003214254955355,88528.0,0,0,0,57,WEBER
191,570038,142.25,359.6412112418649,0.39553309118496555,0.0,0.0,0.0,0.0,15.38836765137196,0.0,0.0,0.0,0.0,0.0,0.0,0.0,0.0,3.0134191049332197,0.0,6.118111706597449,6.256836839841293,88528.0,0,0,0,57,WEBER
192,570039,113.0,320.16119832005296,0.3529472046985475,0.0,0.0,0.0,0.0,69.1481523933936,0.0,0.0,0.0,0.0,0.0,0.0,0.0,0.0,3.515482378660867,0.0,60.62710873746523,5.005561277267501,88528.0,0,0,0,57,WEBER
193,570040,211.25,538.0914561966084,0.39259125482715945,0.0,0.0,0.0,0.0,23.865050167577937,0.0,0.0,0.0,0.0,0.0,0.0,0.0,0.0,1.0044730349777398,0.0,13.350322122836172,9.510255009764023,88528.0,0,0,0,57,WEBER
194,570041,0.0,0.0,0.0,0.0,0.0,0.0,0.0,70.31311244844179,0.0,0.0,0.0,0.0,0.0,0.0,0.0,0.0,70.31311244844179,0.0,0.0,0.0,77375.0,0,0,0,57,WEBER
195,570042,72.0,228.46895513395265,0.31514128454689166,0.0,0.0,0.0,0.0,8.351691799579841,0.0,0.0,0.0,0.0,0.0,0.0,0.0,0.0,2.0089460699554795,0.0,3.339531474669007,3.003214254955355,95539.0,0,0,0,57,WEBER
196,570043,93.5,294.6332102481805,0.3173437234765269,0.0,0.0,0.0,0.0,11.608315711154962,0.0,0.0,0.0,0.0,0.0,0.0,0.0,0.0,2.0089460699554795,0.0,5.344931000354801,4.254438640844681,95539.0,0,0,0,57,WEBER
197,570044,156.0,488.3790587939753,0.31942401540564264,0.0,0.0,0.0,0.0,19.62379973574323,0.0,0.0,0.0,0.0,0.0,0.0,0.0,0.0,2.0089460699554795,0.0,10.60735373755859,7.00749992822916,95539.0,0,0,0,57,WEBER
198,570045,33.0,102.04717545455922,0.3233798471442713,0.0,0.0,0.0,0.0,30.71200953863361,0.0,0.0,0.0,0.0,0.0,0.0,0.0,0.0,3.0134191049332197,0.0,26.19690668708334,1.5016837466170485,95539.0,0,0,0,57,WEBER
199,570046,462.5,1224.915364997557,0.3775771071341916,27.75,22.5,0.75,4.5,181.25659161682805,17.0,5.5,0.75,0.0,0.25,0.0,0.25,4.0,2.7618684502123374,0.0,130.22329555003645,20.52142761657928,77375.0,0,0,0,57,WEBER
200,570047,399.0,1117.3722649368617,0.35708779653891437,0.0,0.0,0.0,0.0,139.3044389625091,0.0,0.0,0.0,0.0,0.0,0.0,0.0,0.0,4.771506068359489,0.0,117.01502586319585,17.517907030953765,77375.0,0,0,0,57,WEBER
201,570048,31.75,101.40536440515037,0.313099806763156,0.0,0.0,0.0,0.0,7.402916535447266,0.0,0.0,0.0,0.0,0.0,0.0,0.0,0.0,4.017892139910959,0.0,1.883596011278968,1.5014283842573397,113700.0,0,0,0,57,WEBER
202,570049,90.5,203.60737784999003,0.4444829109614921,0.0,0.0,0.0,0.0,18.49939953827579,0.0,0.0,0.0,0.0,0.0,0.0,0.0,0.0,3.0134191049332197,0.0,11.481643666784931,4.004336766557635,117003.0,0,0,0,57,WEBER
203,570050,98.75,245.36973140528428,0.40245387821243434,9.0,0.0,1.0,8.0,44.62271720049132,0.0,0.0,0.0,1.0,6.75,0.0,0.0,1.25,4.017892139910959,0.0,27.1000802972867,4.504744763293661,64761.0,0,0,0,57,WEBER
204,570051,110.5,310.1384981074684,0.35629243281403206,0.0,0.0,0.0,0.0,18.496973743475763,0.0,0.0,0.0,0.0,0.0,0.0,0.0,0.0,3.0134191049332197,0.0,10.728503669399265,4.755050969143278,117003.0,0,0,0,57,WEBER
205,570052,259.75,764.0071464549263,0.3399837307874244,0.0,0.0,0.0,0.0,28.10570855075133,0.0,0.0,0.0,0.0,0.0,0.0,0.0,0.0,1.0044730349777398,0.0,15.338684618401151,11.76255089737244,117003.0,0,0,0,57,WEBER
206,570053,109.5,323.68338693718323,0.3382935436882663,1.75,0.0,1.75,0.0,14.516862674981793,0.0,0.0,0.0,1.75,0.0,0.0,0.0,0.0,1.0044730349777398,0.0,6.757032548411795,5.005357091592257,117003.0,0,0,0,57,WEBER
207,570054,131.0,307.82275887683,0.42556957282166846,0.0,0.0,0.0,0.0,29.998683457587443,0.0,0.0,0.0,0.0,0.0,0.0,0.0,0.0,3.766860503047135,0.0,20.47570073387985,5.756122220660454,77375.0,0,0,0,57,WEBER
208,570055,82.0,244.029285143052,0.3360252436584852,0.0,0.0,0.0,0.0,7.214678628344428,0.0,0.0,0.0,0.0,0.0,0.0,0.0,0.0,1.0044730349777398,0.0,2.9566852159623536,3.2535203774043344,117003.0,0,0,0,57,WEBER
209,570056,227.5,638.0955530280494,0.35652967478054115,0.0,0.0,0.0,0.0,36.79159035131629,0.0,0.0,0.0,0.0,0.0,0.0,0.0,0.0,3.0134191049332197,0.0,23.51735541819947,10.260815828183595,117003.0,0,0,0,57,WEBER
210,570057,241.5,532.4775852210207,0.45354021784740145,0.0,0.0,0.0,0.0,85.03235287877561,0.0,0.0,0.0,0.0,0.0,0.0,0.0,0.0,3.0134191049332197,0.0,71.50719874512147,10.511735028720926,77375.0,0,0,0,57,WEBER
211,570058,27.75,73.06486633302599,0.3797995040943057,11.75,11.75,0.0,0.0,26.17418407208475,0.5,11.25,0.0,0.0,0.0,0.0,0.0,0.0,2.0089460699554795,0.0,10.913707493790966,1.501530508338306,64761.0,0,0,0,57,WEBER
212,570059,123.5,311.181168827796,0.3968749152309517,38.75,1.0,11.0,26.75,51.0971280443067,1.0,0.0,1.25,9.75,2.0,8.0,2.5,14.25,1.0044730349777398,0.0,5.836685589438106,5.505969419890855,64761.0,0,0,0,57,WEBER
213,570060,267.0,947.1823694487592,0.28188869283471624,483.5,190.0,52.5,241.0,537.5103359909916,130.0,60.0,17.25,35.25,20.5,126.25,11.25,83.0,0.7529223802568575,0.0,41.24455659091333,12.012857019821418,72451.0,696,0,0,57,WEBER
214,570061,358.0,1288.9080324616066,0.27775449526548274,0.0,0.0,0.0,0.0,30.90351122014768,0.0,0.0,0.0,0.0,0.0,0.0,0.0,0.0,2.0089460699554795,0.0,12.877422457096973,16.017142693095224,74830.0,0,0,0,57,WEBER
215,570062,139.4999999234703,353.4739211602895,0.3946542915119653,48.999999973118605,0.9999999994514002,10.499999994239701,37.49999997942751,64.04725567628881,0.9999999994514002,0.0,4.999999997257001,5.499999996982701,4.499999997531301,8.999999995062602,4.999999997257001,18.999999989576605,2.0089460688533722,0.0,6.781472797908039,6.256836836408794,64761.0,0,0,0,57,WEBER
216,570063,81.5,206.54872087805197,0.3945800276735592,4.0,0.0,1.5,2.5,11.079593323924588,0.0,0.0,0.0,1.5,0.0,0.0,0.25,2.25,0.0,0.0,3.0753076506507813,4.004285673273806,64761.0,0,0,0,57,WEBER
217,570064,160.5,555.7310903356972,0.2888087472360917,27.0,15.5,1.25,10.25,41.53860357856456,15.5,0.0,0.0,1.25,0.0,0.0,0.0,10.25,0.5018907433930335,0.0,6.778855670295606,7.257857164875917,74417.0,0,0,0,57,WEBER
218,570065,258.5,930.1121210150684,0.2779234827279626,0.0,0.0,0.0,0.0,20.79862461259507,0.0,0.0,0.0,0.0,0.0,0.0,0.0,0.0,0.0,0.0,9.286482045153218,11.512142567441854,76308.0,0,0,0,57,WEBER
219,570066,133.5,337.8597867649962,0.39513432858719605,180.5,0.0,0.25,180.25,200.80014104562431,0.0,0.0,0.0,0.25,0.0,178.0,0.0,2.25,0.0,0.0,14.29371253571362,6.00642850991071,64761.0,0,0,2020,57,WEBER
220,570067,182.0,367.95936693943673,0.49461983129771986,1.0,0.0,0.0,1.0,17.87846820945715,0.0,0.0,0.0,0.0,0.0,0.0,1.0,0.0,2.0089460699554795,0.0,6.610593639707941,8.25892849979373,65849.0,0,0,0,57,WEBER
221,570068,507.75,1064.2201494796595,0.47710992903889254,0.0,0.0,0.0,0.0,133.80998239825192,0.0,0.0,0.0,0.0,0.0,0.0,0.0,0.0,3.0134191049332197,0.0,108.021767100521,22.774796192797687,66478.0,0,0,0,57,WEBER
222,570069,117.5,295.1345927613521,0.3981234422594823,0.0,0.0,0.0,0.0,11.237988060055702,0.0,0.0,0.0,0.0,0.0,0.0,0.0,0.0,2.0089460699554795,0.0,4.2236848985079645,5.005357091592257,77375.0,0,0,0,57,WEBER
223,570070,93.5,227.73730352133407,0.4105607581818104,0.0,0.0,0.0,0.0,7.366494595609523,0.0,0.0,0.0,0.0,0.0,0.0,0.0,0.0,0.0,0.0,3.362208922335717,4.004285673273806,83325.0,0,0,0,57,WEBER
224,570071,667.75,1838.2753470070672,0.3632480852703471,201.75,0.0,1.25,200.5,263.0548330688716,0.0,0.0,0.0,1.25,23.0,112.75,0.0,64.75,0.0,0.0,31.272690519318036,30.032142549553548,103331.0,562,0,0,57,WEBER
225,570072,28.5,77.6636193856113,0.36696718779604265,1160.5,462.5,231.0,467.0,1204.197409488569,294.25,168.25,27.75,203.25,57.0,108.5,49.75,251.75,0.0,0.0,42.69633807025079,1.0010714183184517,101021.0,0,0,0,57,WEBER
226,570073,429.5,1125.2241196382586,0.38170173612886765,15.0,0.0,0.0,15.0,56.46756081836928,0.0,0.0,0.0,0.0,0.0,0.0,15.0,0.0,1.0044730349777398,0.0,21.19303747829172,19.27005030509981,102455.0,0,0,0,57,WEBER
227,570074,285.75,650.0256415817364,0.43959804309361056,308.75,32.5,84.0,192.25,365.04328131481856,27.25,5.25,3.5,80.5,14.0,108.75,11.0,58.5,2.0089460699554795,0.0,41.5200491120614,12.764286132801722,101021.0,767,0,0,57,WEBER
228,570075,310.0,1072.4650752681569,0.28905370174640727,123.5,0.0,0.25,123.25,153.10672270010272,0.0,0.0,0.0,0.25,0.0,123.25,0.0,0.0,0.0,0.0,15.591722843644376,14.01499985645832,100927.0,0,1165,0,57,WEBER
229,570076,157.75,524.5308684967388,0.30074493127944635,38.0,1.0,0.75,36.25,57.29542145156379,1.0,0.0,0.0,0.75,1.75,6.5,1.25,26.75,1.0044730349777398,0.0,11.283448488356893,7.00749992822916,101021.0,0,0,0,57,WEBER
230,570077,23.75,66.2970923797973,0.3582359217798416,1415.25,162.25,1094.5,158.5,1476.796368908813,10.25,152.0,0.5,1094.0,1.5,0.0,0.5,156.5,0.0,0.0,60.2949403372486,1.2514285715645692,77602.0,0,0,0,57,WEBER
231,570078,33.75,77.78268002484808,0.4339012231157166,3480.25,646.25,2172.25,661.75,3608.384001877997,390.5,255.75,1972.5,199.75,48.25,43.25,39.0,531.25,0.0,0.0,126.38226737129092,1.751734506706319,77602.0,0,0,0,57,WEBER
232,570079,105.75,360.9755158809697,0.2929561572671058,0.0,0.0,0.0,0.0,10.808072080507296,0.0,0.0,0.0,0.0,0.0,0.0,0.0,0.0,0.5020632737276479,0.0,5.30065171518739,5.005357091592257,101021.0,0,0,0,57,WEBER
233,570080,86.0,250.5918867277908,0.3431874875239628,208.75,8.25,18.0,182.5,236.84057118957404,8.0,0.25,10.0,8.0,19.5,37.0,28.0,98.0,0.0,0.0,24.33648951466826,3.754081674905793,101021.0,0,0,0,57,WEBER
234,570081,156.5,485.2567764371356,0.322509664159784,25.0,0.0,2.0,23.0,39.53946918176491,0.0,0.0,1.0,1.0,0.5,3.25,2.75,16.5,1.0044730349777398,0.0,6.52749621855801,7.00749992822916,77602.0,0,0,0,57,WEBER
235,570082,1375.75,3093.6770718290863,0.4446973514228523,917.0,12.75,543.25,361.0,1251.4396158760014,12.75,0.0,512.5,30.75,40.25,69.5,68.75,182.5,2.0089460699554795,0.0,271.11490541726573,61.3157643887802,66478.0,0,0,0,57,WEBER
236,570083,269.0,823.2722593246939,0.3267448853683626,35.75,11.75,11.0,13.0,62.46255366211384,11.75,0.0,11.0,0.0,0.0,0.0,0.0,13.0,3.0134191049332197,0.0,11.686430692237304,12.012703864943314,77602.0,0,0,0,57,WEBER
237,570084,73.5,214.3867424122209,0.34283836385122574,254.75,7.0,15.75,232.0,271.0840161414304,6.75,0.25,7.25,8.5,20.5,78.0,23.25,110.25,1.0044730349777398,0.0,11.825716606599316,3.503826499853314,77602.0,0,0,0,57,WEBER
238,570085,841.0,1722.8040752268437,0.48815765651660914,386.25,47.0,123.5,215.75,527.8239545108444,46.75,0.25,7.25,116.25,15.25,97.0,18.25,85.25,1.0044730349777398,0.0,103.0283075946294,37.541173881237256,66478.0,0,0,0,57,WEBER
239,570086,9.25,28.487493358669347,0.3247038931624719,1.0,0.0,1.0,0.0,2.372112294748799,0.0,0.0,0.0,1.0,0.0,0.0,0.0,0.0,1.0044730349777398,0.0,0.3676392597710593,0.0,134880.0,0,0,0,57,WEBER
240,570087,21.0,51.78077805913823,0.40555589906386,0.0,0.0,0.0,0.0,1.7563514317635789,0.0,0.0,0.0,0.0,0.0,0.0,0.0,0.0,0.0,0.0,0.7552800134451271,1.0010714183184517,97564.0,0,0,0,57,WEBER
241,570088,14.75,27.134504321045565,0.543588334081337,0.0,0.0,0.0,0.0,0.9752877281988356,0.0,0.0,0.0,0.0,0.0,0.0,0.0,0.0,0.0,0.0,0.4749817930570857,0.50030593514175,134880.0,0,0,0,57,WEBER
242,570089,7.0,19.825324191307597,0.35308375956188126,0.0,0.0,0.0,0.0,1.2562330394594488,0.0,0.0,0.0,0.0,0.0,0.0,0.0,0.0,1.0044730349777398,0.0,0.251760004481709,0.0,134880.0,0,0,0,57,WEBER
243,570090,133.5,336.3541045666947,0.39690313924362614,5.0,0.0,0.5,4.5,17.243084884135147,0.0,0.0,0.0,0.5,1.0,1.5,0.0,2.0,1.0044730349777398,0.0,5.232183339246699,6.00642850991071,96635.0,0,0,0,57,WEBER
244,570091,0.0,0.0,0.0,4.0,4.0,0.0,0.0,6.152808929659313,0.25,3.75,0.0,0.0,0.0,0.0,0.0,0.0,2.0089460699554795,0.0,0.1438628597038336,0.0,90010.0,0,0,0,57,WEBER
245,570092,299.75,973.731174466902,0.3078365034005479,368.5,93.0,175.25,100.25,410.8297729291351,14.0,79.0,120.25,55.0,16.0,14.0,12.5,57.75,0.2515506547208822,0.0,28.813834475546678,13.264387798867592,90010.0,0,139,38,57,WEBER
246,570093,82.25,227.8265852845745,0.3610202027005007,0.0,0.0,0.0,0.0,22.2131470295946,0.0,0.0,0.0,0.0,0.0,0.0,0.0,0.0,1.0044730349777398,0.0,17.454490112229465,3.7541838823873976,134880.0,0,0,0,57,WEBER
247,570094,479.0,1489.4362525817887,0.3215981880189242,0.0,0.0,0.0,0.0,42.252093377264885,0.0,0.0,0.0,0.0,0.0,0.0,0.0,0.0,0.0,0.0,20.979185262646823,21.272908114618065,134880.0,0,0,0,57,WEBER
248,570095,108.0,271.3091280359833,0.39806990933853187,0.0,0.0,0.0,0.0,8.889654303595767,0.0,0.0,0.0,0.0,0.0,0.0,0.0,0.0,0.0,0.0,3.8842972120035104,5.005357091592257,97564.0,0,0,0,57,WEBER
249,570096,303.0,1026.3482843897484,0.2952214220148079,0.0,0.0,0.0,0.0,24.912611479023724,0.0,0.0,0.0,0.0,0.0,0.0,0.0,0.0,0.0,0.0,10.897611622565403,14.01499985645832,104259.0,0,0,0,57,WEBER
250,570097,276.75,695.925480356801,0.39767188845867557,264.25,2.0,23.75,238.5,295.7224768215058,2.0,0.0,4.0,19.75,11.5,120.25,33.25,73.5,0.0,0.0,19.459619801684376,12.012857019821418,97564.0,473,0,0,57,WEBER
251,570098,91.75,308.49843271479085,0.29740831806696266,201.75,0.0,1.25,200.5,218.56119684206615,0.0,0.0,0.25,1.0,0.0,200.5,0.0,0.0,0.0,0.0,12.806911168792364,4.004285673273806,105075.0,0,0,2077,57,WEBER
252,570099,81.25,227.24593749355915,0.35754214529050876,1657.25,586.75,547.0,523.5,1728.745656600354,247.5,339.25,448.75,98.25,69.5,40.0,142.25,271.75,2.0089460699554795,0.0,65.73283318705532,3.7538773433432224,90010.0,0,0,0,57,WEBER
253,570100,540.25,1823.852838753464,0.2962135916454975,1219.5,187.5,544.0,488.0,1308.5991301955305,74.25,113.25,212.25,331.75,43.0,68.5,162.5,214.0,0.7534413981139159,0.0,64.06992399768446,24.275764799732105,90010.0,0,0,0,57,WEBER
254,570101,380.0,1265.6113247398284,0.30025015782639,178.25,22.0,26.75,129.5,217.113318296082,1.0,21.0,17.0,9.75,4.25,91.0,5.75,28.5,1.0044730349777398,0.0,20.59032511064219,17.268520150462017,90010.0,404,0,0,57,WEBER
255,570102,249.0,564.5335298477503,0.44107211854564793,138.5,0.0,2.0,136.5,177.4535694426285,0.0,0.0,1.0,1.0,17.25,28.25,14.0,77.0,0.0,0.0,27.69137551119493,11.26219393143355,60933.0,0,0,0,57,WEBER
256,570103,87.25,196.2577911786089,0.44456833777669563,28.0,1.0,6.0,21.0,45.381392671028,1.0,0.0,0.25,5.75,1.25,3.25,2.5,14.0,0.0,0.0,13.62741312020317,3.753979550824827,60933.0,0,0,0,57,WEBER
257,570104,377.25,1003.3381874318708,0.37599485868827875,622.5,333.5,111.75,177.25,675.0739236219738,144.0,189.5,24.0,87.75,17.5,18.75,20.25,120.75,0.0,0.0,35.55570951056003,17.018214111413677,63255.0,0,0,0,57,WEBER
258,570105,1.25,4.029190053330469,0.31023604830126306,175.75,8.0,51.25,116.5,183.10906519019247,6.5,1.5,5.0,46.25,19.75,23.75,19.0,54.0,0.0,0.0,7.359065190192526,0.0,90010.0,0,0,0,57,WEBER
259,570106,146.75,330.5959864830045,0.4438952860897609,269.75,7.75,17.0,245.0,291.2551640391544,7.75,0.0,10.75,6.25,26.25,57.5,39.75,121.5,0.0,0.0,14.998123284345764,6.507040754808669,60933.0,0,0,0,57,WEBER
260,570107,17.25,43.316897155599264,0.39822796951582246,0.0,0.0,0.0,0.0,10.870019402929149,0.0,0.0,0.0,0.0,0.0,0.0,0.0,0.0,0.0,0.0,10.11935631454128,0.7506630883878675,93399.0,0,0,0,57,WEBER
261,570108,102.5,317.9642156608995,0.32236331936582935,0.0,0.0,0.0,0.0,19.70539939276958,0.0,0.0,0.0,0.0,0.0,0.0,0.0,0.0,0.0,0.0,15.200501391197175,4.504898001572403,111812.0,0,0,0,57,WEBER
262,570109,268.5,563.7069294191319,0.47631133482193316,0.0,0.0,0.0,0.0,48.64596970781459,0.0,0.0,0.0,0.0,0.0,0.0,0.0,0.0,0.0,0.0,36.63377621332935,12.012193494485242,111812.0,0,0,0,57,WEBER
263,570110,378.0,1121.0082482884127,0.33719644844464003,8.0,2.0,1.25,4.75,52.908841385476535,2.0,0.0,0.0,1.25,2.75,0.0,0.0,2.0,0.0,0.0,27.890729398143822,17.01811198733271,93800.0,0,0,0,57,WEBER
264,570111,763.75,2298.5242915973377,0.33227841132331004,0.0,0.0,0.0,0.0,68.49977437882818,0.0,0.0,0.0,0.0,0.0,0.0,0.0,0.0,0.0,0.0,34.463346156000824,34.036428222827354,94584.0,0,0,0,57,WEBER
265,570112,360.25,1005.1526263247372,0.35840328181524655,86.75,0.0,0.0,86.75,118.85002256461956,0.0,0.0,0.0,0.0,0.0,86.75,0.0,0.0,0.0,0.0,16.08287987152434,16.017142693095224,105281.0,789,0,0,57,WEBER
266,570113,214.5,646.2870688995429,0.3318958560709518,0.0,0.0,0.0,0.0,18.474816627583312,0.0,0.0,0.0,0.0,0.0,0.0,0.0,0.0,0.0,0.0,8.464102444398797,10.010714183184517,94424.0,0,0,0,57,WEBER
267,570114,290.25,980.4673315997684,0.2960323007666323,0.0,0.0,0.0,0.0,24.704960351642885,0.0,0.0,0.0,0.0,0.0,0.0,0.0,0.0,0.0,0.0,11.691031913503014,13.013928438139873,97076.0,0,0,0,57,WEBER
268,570115,154.0,432.9503727791603,0.3556989661689296,0.0,0.0,0.0,0.0,14.544744797606016,0.0,0.0,0.0,0.0,0.0,0.0,0.0,0.0,0.0,0.0,7.537244869376855,7.00749992822916,105241.0,0,0,0,57,WEBER
269,570116,139.25,299.12226388767635,0.4655287045175945,178.25,2.0,18.5,157.75,197.59837717035376,2.0,0.0,12.5,6.0,25.5,12.5,75.5,44.25,1.0044730349777398,0.0,12.08752684356968,6.256377291806341,60933.0,0,0,0,57,WEBER
270,570117,93.75,203.6169180977889,0.4604234308024233,338.25,271.0,11.25,56.0,359.80915406166656,165.0,106.0,1.5,9.75,1.75,2.25,3.0,49.0,0.0,0.0,17.304613359227652,4.254540702438957,60933.0,0,0,0,57,WEBER
271,570118,371.75,972.1890458527972,0.3823844771609246,137.75,5.75,3.75,128.25,176.0911311908357,5.75,0.0,1.5,2.25,4.5,68.0,26.25,29.5,0.0,0.0,21.823427200239024,16.517703990596683,68928.0,554,0,0,57,WEBER
272,570119,217.5,582.1589733694292,0.3736092887843847,111.25,0.0,7.25,104.0,145.5788109507519,0.0,0.0,7.0,0.25,0.0,91.0,0.0,13.0,0.0,0.0,24.318096767567365,10.010714183184517,79703.0,0,913,0,57,WEBER
273,570120,313.75,840.65826259633,0.3732194328656203,0.0,0.0,0.0,0.0,29.041957336243943,0.0,0.0,0.0,0.0,0.0,0.0,0.0,0.0,0.0,0.0,15.026957479785624,14.01499985645832,74199.0,0,0,0,57,WEBER
274,570121,634.9999999804231,1857.9113660973721,0.34178164339145506,0.0,0.0,0.0,0.0,84.1243580850084,0.0,0.0,0.0,0.0,0.0,0.0,0.0,0.0,0.0,0.0,55.8438479189521,28.280510166056313,82716.0,0,0,0,57,WEBER
275,570122,45.00000026517009,85.63498311521424,0.5254861813264632,12.000000070712023,0.0,1.2500000073658357,10.750000063346187,16.065195792247263,0.0,0.0,0.0,1.2500000073658357,1.0000000058926686,3.250000019151173,1.0000000058926686,5.500000032409677,0.0,0.0,2.0626953866575906,2.0025003348776496,111812.0,0,0,0,57,WEBER
276,570123,1019.0,2551.9817178631943,0.3992975313527016,286.25,78.75,12.75,194.75,411.0532581243418,49.5,29.25,6.5,6.25,9.25,87.0,23.25,75.25,0.0,0.0,79.25381878956509,45.5494393347767,63002.0,364,53,0,57,WEBER
277,570124,75.5,178.20847351707943,0.42366111167415454,87.25,32.5,4.25,50.5,96.64562887943052,32.5,0.0,1.75,2.5,4.25,3.0,6.75,36.5,0.0,0.0,5.89113835409236,3.5044905253381646,60933.0,0,0,0,57,WEBER
278,570125,574.75,1364.6044828002514,0.4211843118238759,901.5,427.25,30.0,444.25,997.2875631129792,262.0,165.25,22.25,7.75,20.5,157.0,145.0,121.75,0.2510316368638239,0.0,69.75887845231648,25.77765302379905,77863.0,0,0,0,57,WEBER
279,570126,120.25,286.7607447885104,0.4193391256836282,86.25,2.0,5.75,78.5,105.68504133637174,2.0,0.0,3.75,2.0,7.5,23.75,10.5,36.75,2.0089460699554795,0.0,12.420738174824,5.005357091592257,77863.0,0,0,0,57,WEBER
280,570127,151.0,396.1708576772569,0.381148681367707,0.0,0.0,0.0,0.0,13.438196833982555,0.0,0.0,0.0,0.0,0.0,0.0,0.0,0.0,0.0,0.0,6.430696905753394,7.00749992822916,68585.0,0,0,0,57,WEBER
281,570128,339.0,791.3067140430522,0.4284053123572463,1.0,0.0,0.0,1.0,39.74390054960064,0.0,0.0,0.0,0.0,0.0,1.0,0.0,0.0,1.0044730349777398,0.0,22.72335623984613,15.016071274776774,82256.0,0,0,0,57,WEBER
282,570129,751.5,2205.5196489617524,0.340736025794995,456.25,68.0,34.25,354.0,536.6338805371856,53.5,14.5,20.5,13.75,47.75,49.25,51.75,205.25,1.0044730349777398,0.0,46.09384605329499,33.285561448912915,75400.0,0,0,0,57,WEBER
283,570130,504.25,1397.7097326986514,0.3607687549162378,310.25,93.75,9.75,206.75,362.0597048432768,18.5,75.25,4.5,5.25,14.0,101.5,20.0,71.25,0.0,0.0,29.285878881813595,22.523825961463217,71576.0,515,0,0,57,WEBER
284,570131,378.25,1030.6300294190198,0.3670085182878134,7.75,0.0,0.0,7.75,38.6574897551925,0.0,0.0,0.0,0.0,2.5,0.0,4.0,1.25,0.0,0.0,13.889275643778827,17.018214111413677,71576.0,0,0,0,57,WEBER
285,570132,63.0,169.27540117821445,0.3721745720967048,8.75,0.0,0.0,8.75,20.352714826544915,0.0,0.0,0.0,0.0,0.0,0.0,1.0,7.75,2.0089460699554795,0.0,7.090911467572968,2.502857289016467,76600.0,0,0,0,57,WEBER
286,570133,214.75,557.3773011303804,0.38528659054554176,133.0,8.5,3.75,120.75,198.49248793239587,2.0,6.5,1.75,2.0,40.25,3.75,43.5,33.25,0.0,0.0,56.23269219995892,9.259795732436938,43190.0,0,0,0,57,WEBER
287,570134,137.0,361.2458260992116,0.37924313611965355,0.0,0.0,0.0,0.0,11.18944314037723,0.0,0.0,0.0,0.0,0.0,0.0,0.0,0.0,0.0,0.0,4.932606300535937,6.256836839841293,79548.0,0,0,0,57,WEBER
288,570135,988.75,2409.37066840788,0.4103768726683176,537.25,113.5,81.75,342.0,640.9174809617812,63.25,50.25,23.75,58.0,11.0,224.0,11.0,96.0,0.0,0.0,59.62033855576927,44.047142406011865,63006.0,860,1052,0,57,WEBER
289,570136,90.0,261.7047427773279,0.3438990025357573,227.25,57.25,18.0,152.0,272.22538727740243,53.25,4.0,15.75,2.25,14.25,16.5,15.0,106.25,1.0044730349777398,0.0,39.966220051913126,4.00469419051162,71352.0,0,0,0,57,WEBER
290,570137,119.5,368.7365945618253,0.3240795781118591,0.0,0.0,0.0,0.0,9.30554102840016,0.0,0.0,0.0,0.0,0.0,0.0,0.0,0.0,0.0,0.0,4.300183936807903,5.005357091592257,77602.0,0,0,0,57,WEBER
291,570138,489.75,1435.253696314481,0.3412288721203823,2.0,0.0,0.0,2.0,626.4760721957634,0.0,0.0,0.0,0.0,0.0,2.0,0.0,0.0,0.0,0.0,602.7040326044332,21.77203959133021,75400.0,0,0,0,57,WEBER
292,570139,138.5,392.8724232336177,0.352531742645735,291.25,69.25,20.5,201.5,320.98780793609404,55.5,13.75,12.25,8.25,22.5,20.5,40.75,117.75,3.0134191049332197,0.0,20.467654198801142,6.256734632359689,69984.0,0,0,0,57,WEBER
293,570140,545.75,1591.358021353128,0.34294608295369644,217.5,18.75,20.75,178.0,270.1041172030881,18.5,0.25,8.25,12.5,22.0,48.0,20.5,87.5,1.0044730349777398,0.0,27.32423670893167,24.27540745917876,75400.0,0,0,0,57,WEBER
294,570141,254.5,743.0305903157908,0.34251618078313106,1283.5,570.75,78.0,634.75,1350.266693984423,461.0,109.75,44.75,33.25,66.5,123.75,106.5,338.0,0.0,0.0,55.25501111090362,11.511682873519575,68722.0,328,50,0,57,WEBER
295,570142,8.0,13.985151289276876,0.5720352847476169,0.0,0.0,0.0,0.0,1.2921987543854072,0.0,0.0,0.0,0.0,0.0,0.0,0.0,0.0,1.0044730349777398,0.0,0.2877257194076674,0.0,66478.0,0,0,0,57,WEBER
296,570143,11.0,26.604844778596068,0.41345852950999507,0.0,0.0,0.0,0.0,2.404568934141022,0.0,0.0,0.0,0.0,0.0,0.0,0.0,0.0,2.0089460699554795,0.0,0.3956228641855427,0.0,80917.0,0,0,0,57,WEBER
297,570144,45.0,115.110254876985,0.39092954878859576,0.0,0.0,0.0,0.0,7.634454875335933,0.0,0.0,0.0,0.0,0.0,0.0,0.0,0.0,4.017892139910959,0.0,1.6144198987880711,2.002142836636903,80917.0,0,0,0,57,WEBER
298,570145,32.0,67.05675001969456,0.47720773808157424,0.0,0.0,0.0,0.0,4.657271657990662,0.0,0.0,0.0,0.0,0.0,0.0,0.0,0.0,2.0089460699554795,0.0,1.1466928722152714,1.5016327158199103,66478.0,0,0,0,57,WEBER
299,570146,21.0,42.37767488899404,0.49554394041221783,281.75,69.75,72.5,139.5,294.646040429095,50.25,19.5,8.5,64.0,19.5,24.25,18.75,77.0,1.0044730349777398,0.0,10.890495975798771,1.0010714183184517,66478.0,0,0,0,57,WEBER
300,570147,5.0,15.260259353046076,0.3276484287930505,503.5,100.5,22.25,380.75,522.793928880807,91.25,9.25,20.25,2.0,22.0,154.5,16.5,187.75,1.0044730349777398,0.0,18.28945584582921,0.0,77602.0,357,215,212,57,WEBER
301,570148,12.0,37.65064838261519,0.31871961082988626,0.0,0.0,0.0,0.0,2.4371330324076923,0.0,0.0,0.0,0.0,0.0,0.0,0.0,0.0,1.0044730349777398,0.0,0.4315885791115011,1.0010714183184517,77602.0,0,0,0,57,WEBER
302,570149,82.0,207.26281279181129,0.395632959407756,14.25,0.0,0.0,14.25,24.731387996074105,0.0,0.0,0.0,0.0,2.75,5.5,1.0,5.0,3.0134191049332197,0.0,3.46368321786708,4.004285673273806,80917.0,0,0,0,57,WEBER
303,570150,57.0,144.21138057599575,0.3952531330907164,148.0,53.5,8.0,86.5,159.38005008427868,16.5,37.0,4.0,4.0,8.25,6.75,11.0,60.5,1.0044730349777398,0.0,7.372362794345577,3.003214254955355,80917.0,0,0,0,57,WEBER
304,570151,74.0,184.2968602959148,0.4015261024044712,65.5,1.0,0.0,64.5,74.52839838776507,1.0,0.0,0.0,0.0,2.0,54.25,1.25,7.0,1.0044730349777398,0.0,5.020711097831973,3.003214254955355,77602.0,439,0,0,57,WEBER
305,570152,2.0,5.420884644675692,0.3689434716092637,0.0,0.0,0.0,0.0,2.0808774998073964,0.0,0.0,0.0,0.0,0.0,0.0,0.0,0.0,2.0089460699554795,0.0,0.0719314298519168,0.0,80917.0,0,0,0,57,WEBER
306,570153,28.0,71.82105139041064,0.3898578405347389,0.0,0.0,0.0,0.0,4.017057506200767,0.0,0.0,0.0,0.0,0.0,0.0,0.0,0.0,2.0089460699554795,0.0,1.0070400179268362,1.0010714183184517,80917.0,0,0,0,57,WEBER
307,570154,93.25,236.4642003224177,0.39435144885718054,0.0,0.0,0.0,0.0,9.367458555053528,0.0,0.0,0.0,0.0,0.0,0.0,0.0,0.0,2.0089460699554795,0.0,3.354226811824242,4.004285673273806,80917.0,0,0,0,57,WEBER
308,570155,75.0,211.76719678528585,0.35416250079583245,461.25,87.25,36.5,337.5,486.50768853466553,83.75,3.5,17.5,19.0,37.5,71.25,48.25,180.5,1.0044730349777398,0.0,21.000103639521203,3.2531118601665208,80917.0,0,0,0,57,WEBER
309,570156,189.75,472.9775563805324,0.4011818265798162,299.75,49.5,86.0,164.25,327.63122758369445,39.75,9.75,77.25,8.75,18.5,35.0,22.25,88.5,2.0089460699554795,0.0,17.613404044742396,8.258877468996591,77602.0,0,0,0,57,WEBER
310,570157,0.0,0.0,0.0,176.5,57.0,44.0,75.5,182.84671247969223,56.0,1.0,19.0,25.0,6.25,0.0,4.5,64.75,0.0,0.0,6.346712479692256,0.0,80917.0,0,0,0,57,WEBER
311,570158,24.0,60.33843806533797,0.39775640154972863,1606.25,427.0,211.0,968.25,1666.892117066319,273.75,153.25,167.75,43.25,113.75,237.25,108.25,509.0,1.0044730349777398,0.0,58.6365726130231,1.0010714183184517,77602.0,0,0,494,57,WEBER
312,570159,417.25,1430.4470696435392,0.29169202332245453,478.5,1.0,6.0,471.5,530.7378288065797,1.0,0.0,3.0,3.0,5.5,51.25,231.0,183.75,1.0044730349777398,0.0,32.21299882355138,19.02035694805058,41462.0,0,0,0,57,WEBER
313,570160,714.25,1829.839916668952,0.3903346918457346,76.0,17.75,1.25,57.0,137.7058806878655,0.0,17.75,0.25,1.0,1.0,44.5,1.0,10.5,0.0,0.0,29.67159530167504,32.03428538619045,43190.0,548,0,0,57,WEBER
314,570161,606.0,1572.1705885294275,0.385454354903585,14.25,0.0,1.25,13.0,63.59051537980668,0.0,0.0,0.0,1.25,0.0,1.5,1.0,10.5,0.0,0.0,22.31158708520849,27.02892829459819,79834.0,0,0,0,57,WEBER
315,570162,0.0,0.0,0.0,1465.75,180.75,606.0,679.0,1518.4628466321824,179.0,1.75,330.25,275.75,66.75,4.5,46.5,561.25,0.0,0.0,52.712846632182405,0.0,41462.0,0,0,0,57,WEBER
316,570163,1193.0,3394.037246547457,0.351498794308626,255.75,4.75,16.5,234.5,360.9095227481408,4.75,0.0,5.5,11.0,18.25,31.5,65.0,119.75,0.0,0.0,52.10273757726279,53.05678517087794,43476.0,0,0,0,57,WEBER
317,570164,534.0,1259.2585173619718,0.42405907336539583,7.25,0.0,1.0,6.25,55.22444154868533,0.0,0.0,0.0,1.0,0.0,0.25,1.0,5.0,0.0,0.0,24.199033631491474,23.77540791719386,65873.0,0,0,0,57,WEBER
318,570165,121.25,278.57166690370707,0.4352560378723371,0.0,0.0,0.0,0.0,10.12260278852799,0.0,0.0,0.0,0.0,0.0,0.0,0.0,0.0,0.0,0.0,4.86704169856772,5.255561089960271,61741.0,0,0,0,57,WEBER
319,570166,0.0,0.0,0.0,3183.25,289.75,2085.0,808.5,3297.736166458142,274.5,15.25,1589.25,495.75,114.25,253.0,46.5,394.75,0.0,0.0,114.4861664581427,0.0,41462.0,0,0,0,57,WEBER
320,570167,703.5,1763.6360702643435,0.3988918189309632,47.0,0.0,1.0,46.0,105.2962050721144,0.0,0.0,0.0,1.0,0.0,27.0,0.0,19.0,0.0,0.0,27.012991354036338,31.28321371807808,66407.0,376,0,0,57,WEBER
321,570168,519.0,1168.822122618265,0.4440367699726577,127.25,0.0,1.0,126.25,181.76214456295224,0.0,0.0,0.0,1.0,3.5,115.5,0.0,7.25,0.0,0.0,31.237093611697254,23.27505095125497,71102.0,0,0,0,57,WEBER
322,570169,333.5,642.5882112790288,0.5189948930687518,449.5,39.25,46.0,364.25,493.9220814333172,39.0,0.25,25.25,20.75,43.5,67.25,56.5,197.0,0.0,0.0,29.40601015854045,15.016071274776774,34275.0,0,0,0,57,WEBER
323,570170,370.0,781.0601765558935,0.4737151004568243,204.0,43.25,71.25,89.5,243.1586238911938,43.0,0.25,4.25,67.0,6.0,8.75,10.0,64.75,0.0,0.0,22.640766745719034,16.51785714547479,32841.0,0,0,0,57,WEBER
324,570171,593.75,1474.632918400102,0.40264257808932347,466.5,128.25,46.75,291.5,530.9088343429303,119.5,8.75,33.0,13.75,32.5,62.0,39.5,157.5,0.0,0.0,38.13077346828257,26.278060874647757,32841.0,0,0,0,57,WEBER
325,570172,480.5000000294802,1113.20175715557,0.4316378382812149,0.0,0.0,0.0,0.0,38.751781838432436,0.0,0.0,0.0,0.0,0.0,0.0,0.0,0.0,0.0,0.0,17.228976117282706,21.522805721149727,57133.0,0,0,0,57,WEBER
326,570173,0.0,0.0,0.0,4644.75,156.25,1763.5,2725.0,4812.814204879387,154.25,2.0,1367.0,396.5,321.0,621.75,231.0,1551.25,1.0044730349777398,0.0,167.05973184441,0.0,41462.0,0,0,13,57,WEBER
327,570174,539.5,1206.4010644502437,0.4471978812832446,165.5,0.0,33.0,132.5,231.3825614098859,0.0,0.0,1.75,31.25,3.0,76.75,2.75,50.0,0.0,0.0,42.10725570017367,23.775305709712253,71102.0,693,0,0,57,WEBER
328,570175,328.0,628.9676076893516,0.5214894948326176,518.5,110.75,10.0,397.75,563.9481425712978,56.0,54.75,6.75,3.25,6.75,22.5,16.75,351.75,0.0,0.0,30.432071296521077,15.016071274776774,34275.0,0,0,0,57,WEBER
329,570176,899.5,1981.329832082968,0.45398801624783364,371.5,66.5,35.0,270.0,457.25763236718,63.75,2.75,23.0,12.0,14.5,130.25,21.5,103.75,0.0,0.0,45.714775634441935,40.04285673273806,46053.0,462,839,0,57,WEBER
330,570177,440.0,1230.8949917973016,0.3574634740836262,167.5,27.25,9.0,131.25,209.36975239393155,27.25,0.0,4.0,5.0,9.0,82.75,8.25,31.25,0.0,0.0,21.848324027562512,20.02142836636903,55023.0,392,0,0,57,WEBER
331,570178,319.0,622.9572709929739,0.5120736442991094,411.0,0.0,0.0,411.0,451.2726701147168,0.0,0.0,0.0,0.0,0.0,410.0,0.25,0.75,0.0,0.0,26.25767025825848,14.01499985645832,67626.0,435,0,0,57,WEBER
332,570179,393.7500000699311,891.601522228409,0.4416210495982766,136.25000002419839,3.0000000005328085,11.500000002042432,121.75000002162314,175.5764830459317,3.0000000005328085,0.0,8.250000001465223,3.2500000005772094,6.750000001198819,54.750000009723756,11.00000000195363,49.25000000874694,0.0,0.0,21.807707609706803,17.51877541202652,47967.0,0,0,0,57,WEBER
333,570180,746.5,2038.6482397168672,0.36617400955040474,978.0,122.0,200.75,655.25,1073.2931988616133,92.5,29.5,163.75,37.0,72.0,122.75,83.75,376.75,0.0,0.0,62.25784205710444,33.0353568045089,71102.0,0,0,0,57,WEBER
334,570181,314.0,611.5475212383362,0.5134515129162398,1074.75,556.0,51.5,467.25,1141.2232023176637,260.25,295.75,23.0,28.5,45.0,51.25,108.0,263.0,0.0,0.0,52.4582024612052,14.01499985645832,31607.0,0,0,0,57,WEBER
335,570182,465.0,1149.0172902030718,0.4046936490553751,740.0,468.25,56.5,215.25,804.3637436456798,24.5,443.75,11.75,44.75,17.5,20.5,24.5,152.75,0.0,0.0,43.34124386099233,21.022499784687483,50524.0,0,0,0,57,WEBER
336,570183,223.75,633.0915463373984,0.353424400143159,147.75,2.0,6.25,139.5,174.61401570883297,2.0,0.0,2.75,3.5,6.5,93.75,11.0,28.25,0.0,0.0,16.853301525648448,10.010714183184517,39176.0,0,0,0,57,WEBER
337,570184,332.9999999543923,947.3281779068122,0.3515149319111135,430.74999994100443,0.9999999998630399,12.499999998287999,417.2499999428534,473.2204025949993,0.9999999998630399,0.0,3.2499999995548796,9.249999998733118,9.249999998733118,299.2499999590147,70.99999999027584,37.74999999482976,0.0,0.0,27.454331381274677,15.016071272720172,62358.0,0,0,1223,57,WEBER
338,570185,685.7499995418523,1724.1394602571158,0.39773464696387634,6.99999999532332,0.0,0.0,6.99999999532332,63.19686819914664,0.0,0.0,0.0,0.0,0.0,1.9999999986638055,0.0,4.999999996659514,0.0,0.0,25.163654256684524,31.033213947138798,67311.0,0,0,0,57,WEBER
339,570186,1.25,2.7473582113611217,0.4549825337048835,799.0,49.25,50.75,699.0,831.2859666486154,37.0,12.25,28.5,22.25,44.0,379.0,84.25,191.75,0.0,0.0,32.285966648615336,0.0,77602.0,0,0,0,57,WEBER
340,570187,490.75,1004.1483944088166,0.4887225859569538,2667.25,248.5,1745.25,673.5,2802.6249176184538,169.75,78.75,1595.25,150.0,90.5,156.0,119.75,307.25,0.0,0.0,113.60180575526134,21.77311186319216,28702.0,0,0,0,57,WEBER
341,570188,86.0,169.57805761264245,0.5071410842341698,482.25,152.0,26.75,303.5,506.69518313550606,85.75,66.25,14.5,12.25,40.25,149.0,31.5,82.75,0.0,0.0,20.440897462232265,4.004285673273806,28702.0,736,324,0,57,WEBER
342,570189,238.5,654.6807191421893,0.36429971591724924,71.0,67.75,0.0,3.25,93.14224254908564,0.0,67.75,0.0,0.0,1.0,0.25,0.5,1.5,0.0,0.0,11.130456947582678,11.011785601502968,38613.0,0,0,0,57,WEBER
343,570190,150.25,412.7351294053341,0.3640349204500212,194.0,143.75,3.5,46.75,213.88539389846312,8.75,135.0,1.25,2.25,2.25,1.75,2.25,40.5,0.0,0.0,12.87789397023398,7.00749992822916,37980.0,0,0,0,57,WEBER
344,570191,380.75,766.3588960392215,0.49682988214508,410.0,70.0,53.75,286.25,455.9529501574259,63.75,6.25,31.25,22.5,39.5,26.5,54.25,166.0,0.0,0.0,28.93473604601221,17.018214111413677,33182.0,0,0,0,57,WEBER
345,570192,239.0,470.2878921742666,0.508199347627342,47.0,0.0,1.0,46.0,68.80349257242788,0.0,0.0,0.0,1.0,1.75,8.75,25.5,10.0,0.0,0.0,10.791706970924912,11.011785601502968,63799.0,0,0,0,57,WEBER
346,570193,417.5,661.3938970109544,0.6312425952020617,126.5,46.25,1.25,79.0,166.33249304261466,2.25,44.0,1.25,0.0,1.0,66.75,2.0,9.25,0.0,0.0,20.812136094564057,19.02035694805058,44259.0,0,716,0,57,WEBER
347,570194,726.75,1178.6395424181333,0.6166007280809341,313.25,159.5,11.25,142.5,383.4346672876632,159.5,0.0,7.0,4.25,17.75,13.5,33.0,78.25,0.0,0.0,37.39951448152229,32.785152806140886,44259.0,0,0,0,57,WEBER
348,570195,203.50000047331702,419.8256525774491,0.48472502626736347,287.0000006675282,98.75000022968086,6.750000015699705,181.50000042214762,313.64624598545356,1.0000000023258822,97.75000022735497,4.5000000104664695,2.2500000052332347,16.000000037214114,22.75000005291382,16.500000038377056,126.25000029364263,0.0,0.0,17.636602532103925,9.00964278582143,69985.0,0,0,0,57,WEBER
349,570196,217.75,449.2234628422317,0.484725349433661,0.0,0.0,0.0,0.0,17.588165276980845,0.0,0.0,0.0,0.0,0.0,0.0,0.0,0.0,0.0,0.0,7.827859423726914,9.76030585325393,67576.0,0,0,0,57,WEBER
350,570197,259.0,514.6514622133981,0.503253209242038,18.25,6.0,1.0,11.25,40.23334216482338,6.0,0.0,0.0,1.0,1.0,1.0,1.0,8.25,0.0,0.0,9.97048514500196,12.012857019821418,44259.0,0,0,0,57,WEBER
351,570198,3.0,8.986118085207014,0.33384827258598043,134.25,14.25,47.0,73.0,147.93953894418405,13.75,0.5,17.75,29.25,8.75,13.5,7.5,43.25,0.0,0.0,13.689538944184047,0.0,77602.0,0,0,0,57,WEBER
352,570199,44.0,90.16650538669398,0.48798608542383576,277.25,2.0,215.75,59.5,292.0546525936909,2.0,0.0,2.0,213.75,1.0,0.0,1.25,57.25,0.0,0.0,12.802509757054024,2.002142836636903,28702.0,0,0,0,57,WEBER
353,570200,206.4999950162356,389.343661825041,0.530379752551437,644.7499844393119,330.99999201149626,40.49999902255468,273.2499934052609,684.7988781971728,320.9999922528408,9.999999758655477,19.999999517310954,20.49999950524373,44.24999893205049,9.74999976468909,55.24999866657151,163.99999604194983,0.0,0.0,30.78833280813462,9.26056094972634,31804.0,0,0,0,57,WEBER
354,570201,7.75,19.07677247449302,0.40625320715872104,132.0,43.25,13.5,75.25,137.02053463053912,43.25,0.0,6.75,6.75,9.0,0.0,12.75,53.5,0.0,0.0,5.020534630539112,0.0,31804.0,0,0,0,57,WEBER
355,570202,42.75,93.40894775075157,0.45766493499179833,101.5,34.0,36.5,31.0,108.93693409799027,34.0,0.0,19.0,17.5,5.75,2.75,6.5,16.0,0.0,0.0,5.685097383802356,1.7518367141879234,47780.0,0,0,0,57,WEBER
356,570203,286.75,560.5751561007787,0.5115281989921951,81.75,18.75,10.75,52.25,110.76845602561228,8.5,10.25,6.0,4.75,6.75,0.5,11.0,34.0,0.0,0.0,16.25483370992138,12.76362231569089,31804.0,0,0,0,57,WEBER
357,570204,50.25,137.03644490609534,0.3666907736437119,3.25,0.0,0.25,3.0,7.175807193978502,0.0,0.0,0.25,0.0,0.0,0.0,0.25,2.75,0.0,0.0,1.9236643573415997,2.002142836636903,47780.0,0,0,0,57,WEBER
358,570205,110.0,211.10439143405733,0.5210692172377698,192.25,155.0,30.25,7.0,218.37802146760765,25.0,130.0,30.25,0.0,1.25,0.0,1.5,4.25,0.0,0.0,21.122664376015383,5.005357091592257,31804.0,0,0,0,57,WEBER
359,570206,154.25,367.1581045041657,0.42011873933249894,65.0,12.25,5.0,47.75,85.35407560536902,12.25,0.0,2.75,2.25,7.0,1.5,6.5,32.75,0.0,0.0,13.596932830385986,6.757142774983043,47780.0,0,0,0,57,WEBER
360,570207,402.5,681.8813310883675,0.5902786623554569,194.5,32.0,5.0,157.5,246.4860555246902,0.0,32.0,4.5,0.5,1.0,1.75,18.75,136.0,0.0,0.0,33.96676999495808,18.019285529732127,30412.0,0,0,0,57,WEBER
361,570208,166.0,424.64445269312944,0.3909152679311235,298.5,0.0,0.0,298.5,322.21411791855616,0.0,0.0,0.0,0.0,0.0,298.0,0.0,0.5,0.0,0.0,16.706617990326976,7.00749992822916,53605.0,0,0,0,57,WEBER
362,570209,316.25,658.68099185695,0.48012619752154934,270.0,128.5,12.0,129.5,305.5998460778174,100.75,27.75,5.5,6.5,13.5,9.0,19.75,87.25,0.0,0.0,21.58484622135908,14.01499985645832,69985.0,354,0,0,57,WEBER
363,570210,263.0,666.7823622917872,0.394431548993058,0.0,0.0,0.0,0.0,24.22822928177731,0.0,0.0,0.0,0.0,0.0,0.0,0.0,0.0,0.0,0.0,12.215372261955892,12.012857019821418,57928.0,0,0,0,57,WEBER
364,570211,1.75,2.818322902926908,0.6209366564003633,680.0,224.75,364.75,90.5,704.5204618027675,145.25,79.5,84.75,280.0,13.0,4.0,7.75,65.75,0.0,0.0,24.520461802767453,0.0,60702.0,0,0,0,57,WEBER
365,570212,0.0,0.0,0.0,1783.5,335.5,683.25,764.75,1851.7386267296597,187.0,148.5,606.75,76.5,54.25,75.0,153.0,482.5,0.0,0.0,68.23862672965957,0.0,49643.0,0,0,0,57,WEBER
366,570213,79.5,234.47190265060564,0.33905981527546003,980.0,137.25,381.5,461.25,1022.0960832120686,129.25,8.0,293.0,88.5,46.75,48.5,66.75,299.25,0.0,0.0,38.09179753879479,4.004285673273806,49643.0,0,0,0,57,WEBER
367,570214,0.0,0.0,0.0,25.75,3.0,4.5,18.25,26.673955668428228,3.0,0.0,2.0,2.5,1.75,2.5,4.0,10.0,0.0,0.0,0.9239556684282272,0.0,31804.0,0,0,0,57,WEBER
368,570215,147.75000227388654,290.10426331213307,0.5092996586365822,124.2500019122193,14.500000223156377,48.75000075026713,61.00000093879579,149.01590429358293,14.500000223156377,0.0,6.750000103883141,42.00000064638399,8.00000012312076,6.00000009234057,18.50000028471676,28.500000438617707,0.0,0.0,18.509218600109513,6.256683781254145,31804.0,0,0,0,57,WEBER
369,570216,4.5,6.853217064374865,0.6566259258578554,1106.25,70.5,184.75,851.0,1146.188033836903,67.25,3.25,97.75,87.0,159.0,15.5,214.0,462.5,0.0,0.0,39.93803383690314,0.0,31804.0,0,0,0,57,WEBER
370,570217,77.5,170.70198487102567,0.45400760898331277,609.0,34.0,104.0,471.0,640.6667230230922,22.0,12.0,37.0,67.0,45.75,18.5,53.5,353.25,0.0,0.0,28.162947470635466,3.5037755524568137,31804.0,0,0,0,57,WEBER
371,570218,6.0,11.12853328920237,0.5391546077165076,811.5,25.25,147.0,639.25,840.8930197381935,22.25,3.0,94.0,53.0,94.25,56.5,140.5,348.0,0.0,0.0,29.393019738193495,0.0,31804.0,0,0,0,57,WEBER
372,570219,293.0,559.5534228025717,0.5236318608015731,1104.5,226.5,39.0,839.0,1167.7545943454058,189.5,37.0,21.5,17.5,70.25,460.75,33.75,274.25,0.0,0.0,50.24066590726597,13.013928438139873,31804.0,747,293,229,57,WEBER
373,570220,169.0,320.9838720308277,0.5265062039745381,2016.5,259.5,152.0,1605.0,2103.078970592127,54.25,205.25,88.25,63.75,313.25,48.0,157.0,1086.75,0.0,0.0,78.57039924557898,8.008571346547612,31804.0,0,0,0,57,WEBER
374,570221,195.75,424.9456595781826,0.46064713355187337,55.25,6.0,7.75,41.5,73.12002884430835,6.0,0.0,4.5,3.25,6.75,0.0,9.5,25.25,0.0,0.0,9.110130529775354,8.759898314533002,31804.0,0,0,0,57,WEBER
375,570222,181.25,353.3269079492085,0.5129810266985244,1353.0,44.75,121.0,1187.25,1417.6757736396887,39.0,5.75,76.75,44.25,186.75,305.5,278.5,416.5,0.0,0.0,56.66720229314112,8.008571346547612,30513.0,0,0,0,57,WEBER
376,570223,222.75,489.9488348424818,0.4546393095752824,199.5,10.0,33.5,156.0,226.42576911841888,10.0,0.0,19.75,13.75,20.75,8.25,38.25,88.75,0.0,0.0,17.165361057683327,9.760408060735536,30591.0,0,0,0,57,WEBER
377,570224,755.0,1279.9304103167997,0.5898758197432996,326.0,5.0,18.0,303.0,450.3597174812978,5.0,0.0,8.0,10.0,39.0,22.75,157.0,84.25,0.0,0.0,90.57395286736008,33.7857646139377,21759.0,0,0,0,57,WEBER
378,570225,323.5,537.4665136260156,0.601897963498244,59.75,3.0,0.0,56.75,87.80218635748736,3.0,0.0,0.0,0.0,0.0,54.25,0.75,1.75,0.0,0.0,13.786982502661012,14.265203854826336,30412.0,707,0,0,57,WEBER
379,570226,707.0,1688.1353160433457,0.41880528964767333,44.5,1.0,5.25,38.25,103.55555495793952,1.0,0.0,3.0,2.25,5.75,4.25,7.0,21.25,0.0,0.0,27.27157569419805,31.783979263741468,32903.0,0,0,0,57,WEBER
380,570227,470.0,1205.960087226142,0.38973097449772026,39.5,1.0,6.75,31.75,79.35634789209911,1.0,0.0,2.5,4.25,3.25,6.5,6.5,15.5,0.0,0.0,18.833848107411622,21.022499784687483,53605.0,0,0,0,57,WEBER
381,570228,388.0,924.9535728094112,0.4194805138397452,37.0,16.0,1.25,19.75,69.30624701462744,16.0,0.0,1.25,0.0,1.75,3.75,2.0,12.25,0.0,0.0,15.288032903213756,17.018214111413677,60224.0,0,0,0,57,WEBER
382,570229,160.75,417.8978345681751,0.3846633954591012,1.0,0.0,0.0,1.0,13.82453042252432,0.0,0.0,0.0,0.0,1.0,0.0,0.0,0.0,0.0,0.0,5.817030494295158,7.00749992822916,57928.0,0,0,0,57,WEBER
383,570230,0.0,0.0,0.0,1933.5,105.0,1313.5,515.0,2003.048695635936,85.5,19.5,1049.25,264.25,251.75,83.75,51.5,128.0,0.0,0.0,69.54869563593584,0.0,49643.0,0,0,0,57,WEBER
384,570231,6.0,15.405237740292236,0.3894779231031965,1023.25,144.0,548.5,330.75,1060.2646663927844,125.75,18.25,307.0,241.5,82.75,35.75,33.25,179.0,0.0,0.0,37.01466639278445,0.0,49643.0,0,0,0,57,WEBER
385,570232,8.0,23.39038902956912,0.34202081846038324,424.75,60.25,199.0,165.5,440.3127943455771,54.0,6.25,170.0,29.0,19.0,25.5,23.75,97.25,0.0,0.0,15.562794345577114,0.0,49643.0,0,0,0,57,WEBER
386,570233,6.0,15.405237740292236,0.3894779231031965,789.25,45.75,652.5,91.0,817.8525050886071,39.0,6.75,145.25,507.25,7.0,15.75,8.0,60.25,0.0,0.0,28.602505088607124,0.0,49643.0,0,0,0,57,WEBER
387,570234,308.0,888.7713369956042,0.3465458292581316,391.5,22.0,213.5,156.0,438.4198755824018,8.5,13.5,184.25,29.25,41.25,11.75,12.25,90.75,0.0,0.0,32.90487572594349,14.01499985645832,49643.0,0,0,0,57,WEBER
388,570235,0.0,0.0,0.0,12.0,0.0,12.0,0.0,12.431588579111502,0.0,0.0,0.0,12.0,0.0,0.0,0.0,0.0,0.0,0.0,0.4315885791115011,0.0,31804.0,0,0,0,57,WEBER
389,570236,150.0,265.8390350373152,0.5642512205889735,296.0,10.5,71.25,214.25,323.28968246145416,7.75,2.75,56.25,15.0,28.0,20.5,43.0,122.75,0.0,0.0,20.53248865567403,6.757193805780181,36446.0,0,0,0,57,WEBER
390,570237,122.0,200.2253443584416,0.6093134732314243,951.5,229.0,90.0,632.5,995.0979239904364,37.0,192.0,53.75,36.25,109.75,48.5,111.5,362.75,0.0,0.0,38.5925668988441,5.005357091592257,31804.0,0,0,0,57,WEBER
391,570238,77.0,163.79185333929792,0.4701088511434879,531.5,2.0,18.5,511.0,556.3870315506174,2.0,0.0,14.25,4.25,31.0,396.25,15.75,68.0,0.0,0.0,21.88381729566208,3.003214254955355,35436.0,0,0,0,57,WEBER
392,570239,357.5,624.0446293827433,0.5728756937682667,1285.5,325.0,135.25,825.25,1360.5574846101465,56.75,268.25,84.75,50.5,146.0,80.25,213.75,385.25,0.0,0.0,59.04034191705104,16.017142693095224,31804.0,0,0,0,57,WEBER
393,570240,291.25,559.2725871133426,0.5207657351905486,682.5,54.25,64.75,563.5,735.9753209154551,52.25,2.0,41.25,23.5,102.0,10.25,120.5,330.75,0.0,0.0,40.71174954716065,12.76357136829439,27413.0,0,0,0,57,WEBER
394,570241,17.0,31.748818248604195,0.5354530007033376,8660.75,189.75,379.75,8091.25,8977.542833022833,64.75,125.0,223.0,156.75,1044.0,5510.25,488.75,1048.25,0.0,0.0,316.04196560288324,0.7508674199504384,31804.0,0,0,0,57,WEBER
395,570242,194.0,318.40425155988,0.6092883466523557,735.25,31.0,78.0,626.25,782.6474212504853,26.75,4.25,43.25,34.75,96.75,78.75,142.5,308.25,0.0,0.0,38.63798248398723,8.75943876649805,26719.0,0,0,0,57,WEBER
396,570243,439.75,676.3569529445749,0.6501744353858013,1481.5,177.25,124.5,1179.75,1583.0906350961586,41.5,135.75,78.5,46.0,173.75,296.5,190.0,519.5,0.0,0.0,81.81946182144124,19.77117327471719,31804.0,0,0,0,57,WEBER
397,570244,609.5,1472.6273160975577,0.41388611588108165,256.75,27.75,25.75,203.25,315.1887931769833,27.5,0.25,7.75,18.0,15.75,22.0,100.0,65.5,0.0,0.0,31.159660884017107,27.279132292966203,32440.0,0,0,0,57,WEBER
398,570245,749.5,1349.287495665026,0.555478356101264,415.0,22.25,19.75,373.0,497.3273860671979,19.25,3.0,12.25,7.5,136.5,60.5,48.25,127.75,0.0,0.0,48.54136617430113,33.78601989289677,25250.0,426,0,0,57,WEBER
399,570246,547.5,1144.7306443186883,0.47827845154425536,107.0,57.25,4.75,45.0,154.56538743509765,57.25,0.0,3.25,1.5,4.5,6.0,4.0,30.5,0.0,0.0,23.5396733954548,24.02571403964284,54074.0,0,0,0,57,WEBER
400,570247,635.0,1203.371558708197,0.5276840684864315,422.0,31.0,35.75,355.25,488.0405873985498,29.75,1.25,18.0,17.75,33.5,78.75,48.75,194.25,0.0,0.0,38.0106898097141,28.02989758883568,32208.0,0,0,0,57,WEBER
401,570248,322.0,760.6260873427198,0.4233354671346088,74.25,14.0,2.25,58.0,102.5176207225486,0.0,14.0,0.0,2.25,1.0,37.0,1.0,19.0,0.0,0.0,14.252620866090268,14.01499985645832,83523.0,666,0,0,57,WEBER
402,570249,357.0,781.0907199259044,0.45705318331507716,84.5,2.0,1.0,81.5,116.39581442658292,2.0,0.0,0.0,1.0,2.0,8.25,56.75,14.5,0.0,0.0,15.8786717334877,16.017142693095224,62434.0,0,0,0,57,WEBER
403,570250,228.7500012385331,482.47740595484873,0.47411546823798834,18.50000010016552,0.0,0.0,18.50000010016552,38.155876945094974,0.0,0.0,0.0,0.0,3.0000000162430567,0.0,2.2500000121822925,13.250000071740168,0.0,0.0,9.645162607543405,10.01071423738605,80777.0,0,0,0,57,WEBER
404,570251,192.2500000168432,402.7983265755487,0.47728599483340917,37.750000003307306,0.0,0.0,37.750000003307306,54.78483916109639,0.0,0.0,0.0,0.0,0.2500000000219027,36.5000000031978,1.0000000000876108,0.0,0.0,0.0,8.525757689678995,8.509081468110091,88144.0,0,0,0,57,WEBER
405,570252,10.0,25.81744595425356,0.3873349833953055,1641.5,709.25,253.75,678.5,1700.896536012399,568.5,140.75,186.0,67.75,87.0,5.75,50.0,535.75,0.0,0.0,59.3965360123994,0.0,49643.0,0,0,0,57,WEBER
406,570253,2.0,3.0689649101889667,0.6516855221641662,162.75,84.5,6.5,71.75,168.67744766671024,54.25,30.25,5.5,1.0,7.0,2.0,4.75,58.0,0.0,0.0,5.927447666710239,0.0,49643.0,0,0,0,57,WEBER
407,570254,0.0,0.0,0.0,395.5,166.75,102.0,126.75,409.723466415193,130.0,36.75,69.0,33.0,3.0,0.0,5.5,118.25,0.0,0.0,14.223466415192991,0.0,49643.0,0,0,0,57,WEBER
408,570255,0.0,0.0,0.0,733.25,177.75,394.25,161.25,759.6198063528226,165.75,12.0,29.5,364.75,23.25,0.0,14.25,123.75,0.0,0.0,26.369806352822543,0.0,49643.0,0,0,0,57,WEBER
409,570256,52.75,132.23526743276176,0.39891022284824296,979.0,62.0,689.5,227.5,1025.3551069672246,59.75,2.25,340.75,348.75,31.5,35.75,38.75,121.5,0.0,0.0,44.102964463782186,2.252142503442345,38386.0,0,0,0,57,WEBER
410,570257,88.5,262.2827925036372,0.3374220594314159,144.75,41.5,16.0,87.25,157.1404577335528,41.5,0.0,6.0,10.0,16.25,2.25,17.25,51.5,0.0,0.0,8.386172060278987,4.004285673273806,38386.0,0,0,0,57,WEBER
411,570258,315.5,925.343529266027,0.34095445639550903,90.75,5.75,18.25,66.75,119.62371864789078,5.75,0.0,13.0,5.25,11.0,3.5,13.5,38.75,0.0,0.0,14.858718791432466,14.01499985645832,38386.0,0,0,0,57,WEBER
412,570259,96.0,198.60259353046075,0.48337737334369685,684.0,36.25,12.5,635.25,718.0458675298217,31.25,5.0,8.75,3.75,2.5,3.25,6.75,622.75,0.0,0.0,30.041581856547964,4.004285673273806,26382.0,0,0,0,57,WEBER
413,570260,166.0,350.4670597772532,0.47365364409854904,408.75,45.75,54.5,308.5,436.6712984439731,32.0,13.75,29.25,25.25,55.25,11.75,63.75,177.75,0.0,0.0,20.66359451737596,7.257703926597173,26382.0,0,0,0,57,WEBER
414,570261,68.25,140.2852205859303,0.486508840453326,200.75,24.0,69.25,107.5,213.4283799848204,19.25,4.75,4.0,65.25,12.25,35.75,19.0,40.5,0.0,0.0,9.675165729864988,3.003214254955355,26382.0,0,0,251,57,WEBER
415,570262,415.25,1164.2498405357485,0.3566674312868413,86.0,3.0,14.0,69.0,122.29695902160464,3.0,0.0,7.75,6.25,6.25,6.75,11.75,44.25,0.0,0.0,18.02736736942354,18.269591652181106,34285.0,0,0,0,57,WEBER
416,570263,425.75,925.5066297688122,0.46001831462444587,26.25,6.0,3.0,17.25,61.52855567449826,6.0,0.0,2.0,1.0,1.75,1.25,3.25,11.0,0.0,0.0,16.258198726447684,19.02035694805058,30060.0,0,0,0,57,WEBER
417,570264,363.75,850.0522803818108,0.42791485699752196,435.5,72.25,28.0,335.25,486.2631595741992,49.25,23.0,15.5,12.5,32.25,62.25,74.75,166.0,0.0,0.0,34.74601688110399,16.017142693095224,49860.0,0,0,0,57,WEBER
418,570265,411.0,1093.307246977564,0.37592360348493525,134.25,2.0,1.0,131.25,171.8771490616923,2.0,0.0,0.0,1.0,1.0,34.25,10.25,85.75,0.0,0.0,19.607863531960184,18.019285529732127,56499.0,0,0,0,57,WEBER
419,570266,521.75,1041.817965883919,0.5008072591235523,28.75,0.0,0.0,28.75,71.57431209528377,0.0,0.0,0.0,0.0,8.25,1.5,13.0,6.0,0.0,0.0,19.7996694739594,23.024642621324386,30663.0,0,0,0,57,WEBER
420,570267,149.25,349.5406618469894,0.42698894947259053,157.0,0.0,0.0,157.0,175.02211963654457,0.0,0.0,0.0,0.0,0.0,157.0,0.0,0.0,0.0,0.0,11.014619708315436,7.00749992822916,83523.0,0,0,1205,57,WEBER
421,570268,108.0,252.4984258458756,0.42772543883470754,61.0,0.0,1.25,59.75,72.08356291407924,0.0,0.0,1.25,0.0,7.0,36.25,5.25,11.25,0.0,0.0,6.078205822486975,5.005357091592257,74368.0,0,0,0,57,WEBER
422,570269,0.0,0.0,0.0,3905.25,1.5,3332.0,571.75,4045.710902690893,1.25,0.25,3262.0,70.0,426.75,59.0,54.0,32.0,0.0,0.0,140.4609026908928,0.0,49643.0,0,0,0,57,WEBER
423,570270,37.0,82.7433452716722,0.4471658703007168,630.0,135.75,160.5,333.75,687.1341385043182,127.25,8.5,48.0,112.5,49.25,12.25,52.5,219.75,0.0,0.0,55.13199566768128,2.002142836636903,36574.0,0,0,0,57,WEBER
424,570271,0.25,0.4641252150689503,0.5386477439344899,477.75,156.5,124.0,197.25,494.94634180500833,154.5,2.0,111.0,13.0,21.0,12.0,56.25,108.0,0.0,0.0,17.19634180500831,0.0,36574.0,0,0,0,57,WEBER
425,570272,142.0,366.015662541506,0.387961539716616,709.0,199.25,59.0,450.75,745.6132631161739,184.5,14.75,31.0,28.0,50.0,19.5,80.25,301.0,0.0,0.0,30.606834606263188,6.00642850991071,36574.0,0,0,0,57,WEBER
426,570273,179.25,464.1856021616364,0.3861601892976906,578.75,76.5,60.5,441.75,614.2573435450125,76.5,0.0,28.0,32.5,72.75,12.0,184.5,172.5,0.0,0.0,27.49877219846501,8.008571346547612,36574.0,0,0,0,57,WEBER
427,570274,99.75,266.9232310266086,0.37370295427772743,436.25,65.5,38.25,332.5,460.0500848626372,31.0,34.5,20.25,18.0,44.5,69.5,74.0,144.5,0.0,0.0,19.295033706186626,4.505051156450508,36641.0,551,0,0,57,WEBER
428,570275,58.0,142.6471396626301,0.406597707722523,335.25,28.0,48.5,258.75,352.3872229569404,27.75,0.25,24.25,24.25,40.5,10.5,50.75,157.0,0.0,0.0,14.134008701985024,3.003214254955355,36641.0,0,0,0,57,WEBER
429,570276,139.5,356.2583808386114,0.39156973562734204,498.75,64.0,55.5,379.25,528.4684539793415,64.0,0.0,28.75,26.75,53.75,30.75,71.0,223.75,0.0,0.0,23.46166831618457,6.256785663156827,36641.0,0,0,0,57,WEBER
430,570277,384.0,1024.4111879526258,0.374849478916232,0.0,0.0,0.0,0.0,30.829048642981714,0.0,0.0,0.0,0.0,0.0,0.0,0.0,0.0,0.0,0.0,13.810834531568036,17.018214111413677,46361.0,0,0,0,57,WEBER
431,570278,241.0,671.9308928279352,0.3586678370832313,46.0,0.25,4.75,41.0,67.33572539721173,0.0,0.25,0.5,4.25,2.5,6.5,4.0,28.0,0.0,0.0,10.323939795708764,11.011785601502968,37492.0,494,0,0,57,WEBER
432,570279,824.0,1548.4418871933744,0.5321478363605493,353.25,47.25,35.0,271.0,432.6780118241483,15.0,32.25,21.0,14.0,30.5,56.5,33.0,151.0,0.0,0.0,42.88867528150735,36.53933654264095,58206.0,0,0,0,57,WEBER
433,570280,381.9999998474977,892.4473518590598,0.42803645397316975,364.49999985448403,5.999999997604675,17.749999992913832,340.7499998639655,408.37102715448606,5.749999997704481,0.2499999999001948,12.499999995009741,5.249999997904091,14.499999994211299,169.4999999323321,55.99999997764364,100.7499999597785,0.0,0.0,26.852813195382392,17.018214104619652,74486.0,0,871,0,57,WEBER
434,570281,33.75,97.4562034374632,0.34630940678555244,1421.75,716.25,147.5,558.0,1486.6164406238709,462.25,254.0,25.5,122.0,100.25,51.0,75.5,331.25,0.0,0.0,63.36475696065433,1.5016836632164108,51729.0,0,0,0,57,WEBER
435,570282,77.0,188.15280965799917,0.4092418292342328,319.75,10.75,29.5,279.5,337.0289187235928,10.75,0.0,15.5,14.0,30.5,12.75,48.75,187.5,0.0,0.0,14.275704468637374,3.003214254955355,36641.0,0,0,0,57,WEBER
436,570283,497.75,969.3027877499268,0.5135134307778509,579.5,60.5,50.5,468.5,646.015195075576,34.5,26.0,30.0,20.5,59.25,65.25,74.5,269.5,0.0,0.0,44.49162387257008,22.023571203005933,56636.0,0,0,0,57,WEBER
437,570284,235.5000000680222,685.6694055425481,0.3434599796408863,3767.750001088283,43.2500000124924,16.000000004621466,3708.500001071169,3922.746388306781,1.0000000002888416,42.25000001220356,1.0000000002888416,15.000000004332625,14.000000004043782,3611.5000010431513,22.000000006354515,61.000000017619335,0.0,0.0,144.7354690339813,10.260918184516308,96760.0,33,0,0,57,WEBER
438,570285,189.0,437.3702217945455,0.43212818473220765,0.0,0.0,0.0,0.0,17.546903326958684,0.0,0.0,0.0,0.0,0.0,0.0,0.0,0.0,0.0,0.0,9.037975014472185,8.5089283124865,109652.0,0,0,0,57,WEBER
439,570286,275.25,612.1296193466873,0.44965966569918375,1736.5,12.75,53.5,1670.25,1820.8582231194275,12.0,0.75,33.25,20.25,181.25,57.75,421.0,1010.25,0.0,0.0,72.34536609960598,12.012857019821418,64041.0,0,0,0,57,WEBER
440,570287,172.0,377.63092759506384,0.4554711688880439,4654.75,232.5,30.25,4392.0,4836.353631196037,169.0,63.5,12.75,17.5,28.5,22.75,3907.75,433.0,0.0,0.0,173.59505984948927,8.008571346547612,76085.0,0,0,0,57,WEBER
441,570288,293.0,683.369661540138,0.4287576936612228,377.75,160.5,18.5,198.75,442.89172546593807,32.0,128.5,4.25,14.25,8.0,104.5,10.25,76.0,0.0,0.0,51.877184366305016,13.264541099633025,85639.0,0,0,0,57,WEBER
442,570289,264.75,594.1429445301878,0.4455998382836107,606.25,31.0,49.25,526.0,649.5869107256347,1.5,29.5,0.25,49.0,0.75,0.5,1.5,523.25,0.0,0.0,31.32405370581315,12.012857019821418,79597.0,0,0,0,57,WEBER
443,570290,445.5,1019.6392533023732,0.4369192325198639,712.75,110.25,26.5,576.0,781.6996520864417,10.75,99.5,23.25,3.25,10.0,181.25,256.0,128.75,0.0,0.0,49.17837668764356,19.77127539879816,92070.0,630,0,0,57,WEBER
444,570291,462.75,1221.57549993496,0.3788140806889448,0.0,0.0,0.0,0.0,37.664564358645016,0.0,0.0,0.0,0.0,0.0,0.0,0.0,0.0,0.0,0.0,16.642064573957533,21.022499784687483,106185.0,0,0,0,57,WEBER
445,570292,186.75,482.808271794972,0.38679950388112805,0.0,0.0,0.0,0.0,15.228173221395888,0.0,0.0,0.0,0.0,0.0,0.0,0.0,0.0,0.0,0.0,7.2196018748482755,8.008571346547612,109367.0,0,0,0,57,WEBER
446,570293,242.75,621.0978946758981,0.39084015914539855,196.75,53.75,14.0,129.0,233.07117198084228,2.75,51.0,10.75,3.25,7.0,22.25,9.5,90.25,0.0,0.0,25.30938637933932,11.011785601502968,127550.0,0,0,0,57,WEBER
447,570294,451.0,1233.7750276583506,0.3655447629345989,229.5,82.75,23.0,123.75,279.2837810014194,76.0,6.75,20.0,3.0,15.0,1.0,8.0,99.75,0.5018907433930335,0.0,29.010002614330265,20.271887643696115,60702.0,0,0,0,57,WEBER
448,570295,870.25,2433.6609095737213,0.3575888475574161,674.5,91.75,152.25,430.5,778.0852564599229,77.25,14.5,37.75,114.5,47.5,89.75,64.0,229.25,0.0,0.0,64.5433689380217,39.04188752190122,60702.0,0,0,0,57,WEBER
449,570296,279.0,705.2296679788844,0.3956158010192414,0.0,0.0,0.0,0.0,26.31425839997849,0.0,0.0,0.0,0.0,0.0,0.0,0.0,0.0,2.0089460699554795,0.0,12.042251311833578,12.263061018189433,88528.0,0,0,0,57,WEBER
450,570297,347.0,885.6944895396605,0.3917829501009464,168.75,0.0,116.0,52.75,282.3043720649092,0.0,0.0,0.0,116.0,0.0,52.75,0.0,0.0,1.0044730349777398,0.0,97.03296016881104,15.516938861120494,60702.0,0,0,0,57,WEBER
451,570298,9.0,23.111517533227044,0.38941622881582094,660.75,141.5,87.25,432.0,685.3192444219997,53.75,87.75,29.25,58.0,52.0,106.75,70.25,203.0,0.0,0.0,24.06868312449814,0.5005612975014588,60702.0,0,0,0,57,WEBER
452,570299,78.5,194.36784436603773,0.4038733889138941,0.0,0.0,0.0,0.0,11.600572713524,0.0,0.0,0.0,0.0,0.0,0.0,0.0,0.0,3.0134191049332197,0.0,5.083327108737465,3.503826499853314,88528.0,0,0,0,57,WEBER
453,570300,363.5,1009.0440609052494,0.360241949864797,623.25,193.25,208.5,221.5,675.7605767185307,130.0,63.25,165.0,43.5,35.25,12.25,12.5,161.5,1.0044730349777398,0.0,35.48896099045769,16.017142693095224,60702.0,0,0,0,57,WEBER
454,570301,190.5,535.0878595082625,0.3560163001550186,326.0,15.5,228.5,82.0,353.83781080000705,2.5,13.0,215.0,13.5,1.0,30.0,9.0,42.0,1.0044730349777398,0.0,18.5743580885511,8.258979676478196,60702.0,0,0,0,57,WEBER
455,570302,621.25,1751.6850708713955,0.35465850016690054,791.0,143.75,93.0,554.25,907.6239468030476,60.5,83.25,42.75,50.25,66.75,80.25,80.5,326.75,0.0,0.0,89.09389553883214,27.530051264215565,60702.0,0,0,0,57,WEBER
456,570303,155.75,491.3535473831158,0.3169815315865815,0.0,0.0,0.0,0.0,15.619081893206308,0.0,0.0,0.0,0.0,0.0,0.0,0.0,0.0,1.7579144330916554,0.0,6.853667531885492,7.00749992822916,95539.0,0,0,0,57,WEBER
457,570304,144.0,399.22319179731454,0.36070048774398045,481.5,131.0,48.75,301.75,514.017548600747,92.75,38.25,34.75,14.0,32.75,64.5,39.75,164.75,4.017892139910959,0.0,22.493227950925288,6.00642850991071,60702.0,0,0,0,57,WEBER
458,570305,184.75,584.6856199731704,0.3159817749724675,158.25,1.0,1.0,156.25,183.60566862742525,1.0,0.0,1.0,0.0,6.75,118.25,16.0,15.25,3.0134191049332197,0.0,14.333678175944428,8.008571346547612,95539.0,865,0,0,57,WEBER
459,570306,476.75,1306.9928469686015,0.36476863749159694,680.25,188.5,278.25,213.5,776.5291896690904,57.75,130.75,88.0,190.25,21.0,4.25,9.75,178.5,2.762387468069396,16.6,55.643996377285205,21.272805823735823,60702.0,0,0,0,57,WEBER
460,570307,365.5,1020.447314516502,0.35817625741234616,269.5,47.0,5.5,217.0,308.35615410277944,0.0,47.0,0.5,5.0,0.0,168.5,0.25,48.25,0.0,0.0,22.839011409684225,16.017142693095224,95539.0,785,215,0,57,WEBER
461,570308,327.25,909.467738385132,0.35982584778770854,0.0,0.0,0.0,0.0,30.48849085912,0.0,0.0,0.0,0.0,0.0,0.0,0.0,0.0,4.017892139910959,0.0,11.705139960038094,14.765458759170947,95539.0,0,0,0,57,WEBER
462,570309,661.75,1938.3491267996023,0.3413987660172509,581.0,0.5,30.0,550.5,658.2342757186399,0.5,0.0,29.5,0.5,18.75,54.25,187.25,290.25,1.7579144330916556,0.0,45.94309443334391,29.533266852204303,95539.0,0,0,0,57,WEBER
463,570310,318.75,915.2970460265813,0.34824760047433073,29.0,0.0,1.0,28.0,61.88284419493026,0.0,0.0,0.0,1.0,5.0,1.0,0.0,22.0,6.026838209866439,0.0,12.59044462288286,14.265561362180955,95539.0,0,0,0,57,WEBER
464,570311,428.0,1186.191997950101,0.36081848532079247,125.5,15.5,20.5,89.5,165.4306169898069,6.5,9.0,5.75,14.75,11.25,10.75,14.0,53.5,1.0044730349777398,0.0,19.905787006778585,19.02035694805058,60702.0,0,0,0,57,WEBER
465,570312,786.5,1896.7415945406435,0.4146584870937446,81.0,55.25,11.0,14.75,149.2538974860448,11.25,44.0,8.0,3.0,4.5,0.0,1.0,9.25,2.0089460699554795,0.0,31.20745177494351,35.0374996411458,67067.0,0,0,0,57,WEBER
466,570313,341.25,919.8724694420564,0.3709753377084796,19.0,0.75,1.0,17.25,51.50533166064329,0.75,0.0,0.0,1.0,1.75,3.75,1.5,10.25,1.0044730349777398,0.0,16.735246774103192,14.765611851562362,95539.0,0,0,0,57,WEBER
467,570314,721.0,2029.4021096212916,0.35527705257709935,27.0,2.25,1.0,23.75,85.93945989273561,2.25,0.0,1.0,0.0,6.25,1.0,4.5,12.0,0.0,0.0,26.90517450654516,32.03428538619045,74477.0,0,0,0,57,WEBER
468,570315,305.0,874.9023088544056,0.34861034987936657,6.25,0.0,1.0,5.25,31.01870318351522,0.0,0.0,0.0,1.0,0.75,0.0,1.25,3.25,0.0,0.0,11.254009262198652,13.514693921316573,74477.0,0,0,0,57,WEBER
469,570316,316.25,819.2122738119638,0.3860415793435607,0.0,0.0,0.0,0.0,25.618114486743245,0.0,0.0,0.0,0.0,0.0,0.0,0.0,0.0,0.0,0.0,11.352961662714048,14.265152824029196,102334.0,0,0,0,57,WEBER
470,570317,219.25,574.7306903467613,0.3814830209740782,196.5,0.25,6.5,189.75,221.4654199776608,0.25,0.0,1.5,5.0,0.0,186.0,0.0,3.75,0.0,0.0,14.954705794476292,10.010714183184517,102334.0,691,1078,0,57,WEBER
471,570318,149.25,420.5056259381325,0.35492985300025126,95.75,0.0,0.0,95.75,111.8205332982876,0.0,0.0,0.0,0.0,0.0,95.5,0.0,0.25,0.0,0.0,9.063033370058449,7.00749992822916,74477.0,611,0,0,57,WEBER
472,570319,308.5,870.6678114825114,0.35432572093679227,58.75,1.0,14.25,43.5,89.469753269093,1.0,0.0,1.25,13.0,4.75,14.75,3.5,20.5,0.0,0.0,16.704753412634684,14.01499985645832,74477.0,0,0,0,57,WEBER
473,570320,444.5,1233.171026310998,0.36045284110324194,271.5,36.75,17.0,217.75,331.004905226124,8.25,28.5,11.0,6.0,30.75,20.75,23.0,143.25,1.0044730349777398,0.0,38.98002464939964,19.520407541746568,74477.0,0,0,0,57,WEBER
474,570321,160.25,452.6455742543255,0.3540297511225885,0.0,0.0,0.0,0.0,12.768735012541311,0.0,0.0,0.0,0.0,0.0,0.0,0.0,0.0,0.0,0.0,5.761235084312151,7.00749992822916,74477.0,0,0,0,57,WEBER
475,570322,281.5,922.5543227448934,0.3051310834059589,0.0,0.0,0.0,0.0,30.661185771905156,0.0,0.0,0.0,0.0,0.0,0.0,0.0,0.0,5.022365174888698,0.0,12.624892158876584,13.013928438139873,94980.0,0,0,0,57,WEBER
476,570323,45.75,149.20662928663052,0.3066217648554532,0.0,0.0,0.0,0.0,10.675857584683635,0.0,0.0,0.0,0.0,0.0,0.0,0.0,0.0,7.031311244844178,0.0,1.6424035032025546,2.002142836636903,94980.0,0,0,0,57,WEBER
477,570324,111.0,363.01755535003616,0.30577033634907635,0.0,0.0,0.0,0.0,12.764584481755392,0.0,0.0,0.0,0.0,0.0,0.0,0.0,0.0,3.767033033381749,0.0,3.992194356781386,5.005357091592257,94980.0,0,0,0,57,WEBER
478,570325,30.0,99.68500106319892,0.3009479829466061,0.0,0.0,0.0,0.0,4.088988936052684,0.0,0.0,0.0,0.0,0.0,0.0,0.0,0.0,2.0089460699554795,0.0,1.0789714477787529,1.0010714183184517,94980.0,0,0,0,57,WEBER
479,570326,112.25,365.97694325291775,0.3067133109596655,38.0,3.75,0.0,34.25,49.41557791839462,3.75,0.0,0.0,0.0,4.25,21.25,1.25,7.5,1.0044730349777398,0.0,5.405747791824616,5.005357091592257,94980.0,0,0,0,57,WEBER
480,570327,127.25,414.32261847333945,0.307127813752674,73.0,5.5,12.0,55.5,87.2119846245695,2.25,3.25,1.0,11.0,6.0,5.25,17.25,27.0,1.0044730349777398,0.0,7.201083079681052,6.00642850991071,94980.0,0,0,0,57,WEBER
481,570328,96.25,311.0722211126293,0.3094136778132656,9.0,0.0,7.0,2.0,19.29566091362586,0.0,0.0,7.0,0.0,1.0,0.0,0.0,1.0,1.0044730349777398,0.0,5.286902205374316,4.004285673273806,94980.0,0,0,0,57,WEBER
482,570329,61.0,195.6654110804377,0.3117566853700218,0.0,0.0,0.0,0.0,6.201595900416558,0.0,0.0,0.0,0.0,0.0,0.0,0.0,0.0,1.0044730349777398,0.0,2.193908610483464,3.003214254955355,94980.0,0,0,0,57,WEBER
483,570330,111.25,359.631845375776,0.30934412908777836,0.0,0.0,0.0,0.0,10.011439807061493,0.0,0.0,0.0,0.0,0.0,0.0,0.0,0.0,1.0044730349777398,0.0,4.001609680491495,5.005357091592257,94980.0,0,0,0,57,WEBER
484,570331,220.75,762.4064551740495,0.28954371844819315,0.0,0.0,0.0,0.0,23.969997165324116,0.0,0.0,0.0,0.0,0.0,0.0,0.0,0.0,6.026838209866439,0.0,7.93244477227316,10.010714183184517,102334.0,0,0,0,57,WEBER
485,570332,243.0,840.4501180349224,0.2891307821672563,23.5,1.0,1.0,21.5,53.60317671457449,1.0,0.0,0.0,1.0,1.5,1.0,1.5,17.5,1.0044730349777398,0.0,18.08691807809378,11.011785601502968,102334.0,0,0,0,57,WEBER
486,570333,81.0,215.2383932023528,0.3763269126612054,0.0,0.0,0.0,0.0,11.939873757165136,0.0,0.0,0.0,0.0,0.0,0.0,0.0,0.0,5.022365174888698,0.0,2.913222909002633,4.004285673273806,94145.0,0,0,0,57,WEBER
487,570334,111.25,296.3626330428988,0.3753847064244987,0.0,0.0,0.0,0.0,15.0338469979723,0.0,0.0,0.0,0.0,0.0,0.0,0.0,0.0,6.026838209866439,0.0,4.001651696513604,5.005357091592257,93962.0,0,0,0,57,WEBER
488,570335,99.5,264.3063824229098,0.37645704612911174,0.0,0.0,0.0,0.0,10.596878836581284,0.0,0.0,0.0,0.0,0.0,0.0,0.0,0.0,3.0134191049332197,0.0,3.57917405837426,4.004285673273806,93962.0,0,0,0,57,WEBER
489,570336,168.25,490.5929993918734,0.34295230508498575,29.5,21.5,5.0,3.0,44.11950015822684,11.5,10.0,0.0,5.0,0.0,0.0,0.0,3.0,0.0,0.0,7.361796231629661,7.257703926597173,93962.0,0,0,0,57,WEBER
490,570337,105.25,307.678467856987,0.3420778864802511,159.0,7.75,33.25,118.0,173.50824592653464,4.75,3.0,26.25,7.0,3.75,96.75,1.0,16.5,0.0,0.0,9.502888834942391,5.005357091592257,93962.0,668,0,0,57,WEBER
491,570338,138.0,371.67849681984745,0.371288630310213,19.25,16.25,0.0,3.0,31.69385898671819,16.25,0.0,0.0,0.0,0.0,1.25,0.5,1.25,1.0044730349777398,0.0,5.683110492801255,5.7562754589391965,93962.0,0,0,0,57,WEBER
492,570339,165.0,440.3169593067364,0.37473005868269693,0.0,0.0,0.0,0.0,13.946315925990042,0.0,0.0,0.0,0.0,0.0,0.0,0.0,0.0,1.0044730349777398,0.0,5.934342962783141,7.00749992822916,93962.0,0,0,0,57,WEBER
493,570340,86.75,232.33235665355224,0.3733875093832034,41.75,0.0,16.0,25.75,53.39318236032501,0.0,0.0,0.0,16.0,3.0,5.5,3.0,14.25,3.0134191049332197,0.0,4.6254775821179805,4.004285673273806,93962.0,0,0,0,57,WEBER
494,570341,218.75,637.338161842832,0.3432243871408784,0.0,0.0,0.0,0.0,19.621431276349025,0.0,0.0,0.0,0.0,0.0,0.0,0.0,0.0,2.0089460699554795,0.0,7.851872980896715,9.76061222549683,93962.0,0,0,0,57,WEBER
495,570342,62.0,212.90651555418904,0.2912076215169645,0.0,0.0,0.0,0.0,6.007289695744603,0.0,0.0,0.0,0.0,0.0,0.0,0.0,0.0,1.0044730349777398,0.0,2.249755373382383,2.75306128738448,102334.0,0,0,0,57,WEBER
496,570343,449.25,1529.8258710099642,0.29366087246479433,99.5,0.0,0.0,99.5,139.2767185338054,0.0,0.0,0.0,0.0,4.25,94.75,0.0,0.5,0.0,0.0,19.754932680995687,20.021785852809707,102334.0,842,0,0,57,WEBER
497,570344,657.75,1623.49333245124,0.40514487300474017,98.0,22.0,29.0,47.0,154.71755269678206,22.0,0.0,1.25,27.75,4.25,2.25,5.0,35.5,0.0,0.0,27.436277567178948,29.28127512960311,67182.0,0,0,0,57,WEBER
498,570345,725.25,1503.1051728103675,0.4825011669968472,50.75,15.75,4.0,31.0,110.6931601037494,10.0,5.75,2.0,2.0,1.25,3.25,2.25,24.25,0.0,0.0,27.90887471755896,32.03428538619045,48340.0,0,0,0,57,WEBER
499,570346,511.0,1353.195256795227,0.3776247348148423,271.75,149.25,3.25,119.25,322.895849830336,81.75,67.5,2.25,1.0,4.25,86.5,2.75,25.75,0.0,0.0,28.12125823980878,23.024591590527248,74238.0,550,0,0,57,WEBER
500,570347,720.75,1672.6235898346172,0.4309098618364369,249.0,118.75,8.0,122.25,318.03376317690027,41.75,77.0,3.0,5.0,18.5,11.75,10.75,81.25,0.0,0.0,36.748661089428765,32.28510208747152,71613.0,0,0,0,57,WEBER
501,570348,363.0,830.6968221763502,0.4369825311826437,51.0,0.0,0.0,51.0,81.90694867244201,0.0,0.0,0.0,0.0,0.0,51.0,0.0,0.0,0.0,0.0,14.88980597934679,16.017142693095224,70658.0,441,0,0,57,WEBER
502,570349,434.25,1215.7397540570091,0.3571899319331108,726.5,93.5,120.25,512.75,790.0242560349024,44.25,49.25,49.5,70.75,41.5,140.25,22.75,308.25,0.0,0.0,44.50389908685178,19.02035694805058,68303.0,507,0,0,57,WEBER
503,570350,718.75,1809.548818124928,0.3971984578701644,187.25,35.5,10.25,141.5,253.38333022195448,35.5,0.0,7.0,3.25,15.75,9.0,14.25,102.5,0.0,0.0,34.09904483576403,32.03428538619045,74477.0,0,0,0,57,WEBER
504,570351,492.50000000648237,1212.0162365089584,0.4063476916984702,416.25000000547874,4.75000000006252,8.750000000115168,402.75000000530105,472.20269252690696,4.75000000006252,0.0,4.75000000006252,4.0000000000526486,16.750000000220467,312.5000000041132,10.250000000134913,63.25000000083251,0.0,0.0,34.17932531650373,21.773367204924504,58199.0,0,846,1835,57,WEBER
505,570352,711.0,1672.8783082270704,0.42501597187515894,292.0,49.75,38.0,204.25,362.6397377432688,23.5,26.25,29.0,9.0,21.0,34.75,29.5,119.0,0.0,0.0,39.10596254038207,31.533775202886765,52663.0,0,0,0,57,WEBER
506,570353,634.0,2220.4857067255057,0.28552311689271975,10.0,3.0,2.0,5.0,61.447210863345305,1.0,2.0,0.0,2.0,0.0,0.25,0.25,4.5,0.0,0.0,23.16700715206065,28.28020371128466,78915.0,0,0,0,57,WEBER
507,570354,97.75,317.9072052072964,0.30747966198583193,163.75,17.75,1.5,144.5,180.4089091754169,11.0,6.75,1.5,0.0,3.25,93.5,4.0,43.75,0.0,0.0,12.404317379694124,4.254591795722786,79237.0,0,0,0,57,WEBER
508,570355,415.25,1185.200017496883,0.35036280279256077,55.75,0.0,1.0,54.75,97.20893682431324,0.0,0.0,1.0,0.0,2.0,1.0,1.0,50.75,0.0,0.0,23.18924296465052,18.26969385966271,84072.0,0,0,0,57,WEBER
509,570356,427.0,1199.2979737932883,0.3560416254597942,88.25,12.5,13.75,62.0,125.80745522819474,12.5,0.0,10.75,3.0,6.25,4.75,6.75,44.25,0.0,0.0,18.53709828014416,19.02035694805058,62368.0,0,0,0,57,WEBER
510,570357,477.0,1155.8871605265483,0.4126700393338648,0.0,0.0,0.0,0.0,38.178145804369656,0.0,0.0,0.0,0.0,0.0,0.0,0.0,0.0,0.0,0.0,17.155646019682173,21.022499784687483,85552.0,0,0,0,57,WEBER
511,570358,396.5,981.5487131056972,0.4039534612046333,294.0,9.0,5.0,280.0,338.3530682788872,9.0,0.0,0.0,5.0,0.0,192.75,26.0,61.25,0.0,0.0,26.33378274915501,18.019285529732127,56266.0,448,0,0,57,WEBER
512,570359,421.0000000805293,1025.0492428842674,0.4107119760372937,349.75000006690055,34.250000006551375,21.0000000040169,294.5000000563322,396.4603134438149,10.75000000205627,23.500000004495103,12.250000002343192,8.750000001673708,22.75000000435164,27.500000005260226,46.25000000884675,198.00000003787363,0.0,0.0,27.69031391166626,19.019999465248066,56202.0,0,0,0,57,WEBER
513,570360,582.75,1394.5985273852716,0.4178621937114735,0.0,0.0,0.0,0.0,46.99139910705041,0.0,0.0,0.0,0.0,0.0,0.0,0.0,0.0,0.0,0.0,20.963542230770667,26.027856876279746,79026.0,0,0,0,57,WEBER
514,570361,209.75,691.1197278504048,0.3034930006301326,336.75,119.5,10.5,206.75,365.6677476427695,15.75,103.75,6.75,3.75,20.25,26.0,23.0,137.5,0.0,0.0,19.6579008795354,9.259846763234076,79237.0,0,0,0,57,WEBER
515,570362,313.75,896.8553123258146,0.34983346331121373,95.25,1.75,3.75,89.75,125.23084501932374,1.75,0.0,1.75,2.0,5.75,13.25,36.5,34.25,0.0,0.0,15.715641164497397,14.265203854826336,84072.0,0,0,0,57,WEBER
516,570363,414.0,1063.1757759907025,0.3893993912852473,657.75,13.25,19.0,625.5,714.813993378325,13.25,0.0,11.5,7.5,29.75,179.75,110.75,305.25,0.0,0.0,39.04470784859293,18.019285529732127,70540.0,533,0,0,57,WEBER
517,570364,606.25,1602.5627600479352,0.378300316913558,138.0,0.0,1.75,136.25,192.0457066927607,0.0,0.0,0.5,1.25,2.5,117.25,2.25,14.25,0.0,0.0,27.016778398162497,27.02892829459819,52472.0,0,946,0,57,WEBER
518,570365,243.0,533.5013918728695,0.45548147334150835,582.5,171.25,35.0,376.25,628.654725522016,39.75,131.5,18.25,16.75,27.25,32.25,44.5,272.25,0.0,0.0,35.393143918881066,10.761581603134951,45697.0,0,0,0,57,WEBER
519,570366,98.5,200.861125460702,0.4903885695854636,980.5,357.75,108.0,514.75,1049.7402132715663,286.0,71.75,40.5,67.5,97.5,41.75,90.25,285.25,0.0,0.0,64.98582566151893,4.254387610047544,45697.0,0,0,0,57,WEBER
520,570367,685.25,1605.4634485766446,0.4268237938444017,0.0,0.0,0.0,0.0,54.93688054355189,0.0,0.0,0.0,0.0,0.0,0.0,0.0,0.0,0.0,0.0,24.65453399563033,30.28234654792156,80671.0,0,0,0,57,WEBER
521,570368,439.25,1032.8548425479562,0.4252775723221778,364.75,161.0,5.75,198.0,413.447072474619,139.25,21.75,3.75,2.0,12.0,17.0,62.75,106.25,0.0,0.0,29.42640940411944,19.27066307049956,81022.0,0,0,0,57,WEBER
522,570369,320.5,1046.212826929012,0.30634302290173193,571.0,168.25,23.75,379.0,617.3064527063843,149.25,19.0,15.25,8.5,41.0,36.75,89.25,212.0,0.0,0.0,32.04129988235513,14.265152824029196,73142.0,0,0,0,57,WEBER
523,570370,611.0,1456.6163750135474,0.4194652830223176,39.25,6.75,3.25,29.25,89.66605832018128,6.75,0.0,3.25,0.0,3.5,0.0,5.25,20.5,0.0,0.0,23.38713002558309,27.02892829459819,62309.0,0,0,0,57,WEBER
524,570371,478.0,1384.1088233506007,0.34534856792753826,3.0,1.0,1.0,1.0,41.322008664073486,1.0,0.0,0.0,1.0,0.0,0.0,0.0,1.0,0.0,0.0,17.299508879386003,21.022499784687483,66232.0,0,0,0,57,WEBER
525,570372,341.75,924.0186733962356,0.3698518329114454,56.5,0.0,0.0,56.5,85.83936309005567,0.0,0.0,0.0,0.0,0.0,56.5,0.0,0.0,0.0,0.0,14.323291815278893,15.016071274776774,57492.0,357,0,0,57,WEBER
526,570373,374.25,956.5260363325356,0.39125960589105413,1317.25,265.25,75.5,976.5,1398.5787778730614,157.25,108.0,40.75,34.75,86.5,46.75,273.75,569.5,0.0,0.0,64.31056376164777,17.018214111413677,59752.0,0,0,0,57,WEBER
527,570374,0.0,0.0,0.0,343.25,0.0,178.0,165.25,355.5946107448974,0.0,0.0,178.0,0.0,88.25,77.0,0.0,0.0,0.0,0.0,12.344610744897388,0.0,59752.0,0,0,0,57,WEBER
528,570375,348.5,870.9171157115773,0.40015288907861263,0.0,0.0,0.0,0.0,28.550608921550342,0.0,0.0,0.0,0.0,0.0,0.0,0.0,0.0,0.0,0.0,12.533466228455117,16.017142693095224,64688.0,0,0,0,57,WEBER
529,570376,308.75,688.1699085902017,0.44865373528539093,95.25,0.75,33.5,61.0,125.04462395311384,0.75,0.0,3.5,30.0,4.25,26.75,5.0,25.0,0.0,0.0,15.779624096655525,14.01499985645832,51688.0,0,0,0,57,WEBER
530,570377,663.0,1652.47442265862,0.40121649745919685,170.5,4.75,13.5,152.25,230.50910656516484,4.75,0.0,2.0,11.5,12.75,106.5,5.5,27.5,0.0,0.0,29.976964015611287,30.032142549553548,64365.0,456,0,0,57,WEBER
531,570378,309.5,694.9011345885045,0.4453870983867004,69.5,22.0,3.5,44.0,97.1401889285578,21.5,0.5,2.25,1.25,3.0,9.25,7.5,24.25,0.0,0.0,13.625189072099497,14.01499985645832,51729.0,0,0,0,57,WEBER
532,570379,0.0,0.0,0.0,2392.0,1070.5,126.5,1195.0,2478.0284681892026,554.0,516.5,69.25,57.25,128.25,233.0,172.75,661.0,0.0,0.0,86.02846818920281,0.0,51729.0,0,0,0,57,WEBER
533,570380,125.25,300.314812933822,0.4170623445990337,987.5,451.75,81.75,454.0,1033.0185372010674,156.5,295.25,49.5,32.25,62.0,59.75,84.0,248.25,0.0,0.0,40.01261881197363,5.505918389093717,34543.0,0,0,0,57,WEBER
534,570381,3.0,5.565064838261518,0.5390772771188729,3753.5,41.5,136.0,3576.0,3888.438802263263,25.25,16.25,125.5,10.5,138.75,161.75,803.75,2471.75,0.0,0.0,134.93880226326306,0.0,54586.0,0,0,0,57,WEBER
535,570382,304.75,754.4930161583113,0.4039136128147486,1954.0,589.75,260.0,1104.25,2049.236910745144,476.0,113.75,56.0,204.0,128.5,230.25,159.75,585.75,0.0,0.0,81.22191088868556,14.01499985645832,63722.0,0,0,0,57,WEBER
536,570383,230.0,509.9768601284166,0.45100085510170795,1417.25,857.0,71.0,489.25,1486.5628873088544,618.0,239.0,30.75,40.25,60.25,111.25,74.75,243.0,0.0,0.0,59.05293925416892,10.259948054685488,34543.0,0,0,0,57,WEBER
537,570384,649.25,1399.9559956147,0.46376457691080775,812.25,184.25,51.0,577.0,918.3826375398965,183.5,0.75,15.25,35.75,33.25,89.5,147.5,306.75,0.0,0.0,77.10151537786409,29.031122162032236,54586.0,487,302,252,57,WEBER
538,570385,836.75,1632.736435327757,0.5124832042056011,2302.5,1125.25,213.75,963.5,2645.17610072718,838.0,287.25,49.25,164.5,117.25,148.75,137.0,560.5,0.0,0.0,305.3866622472036,37.28943847997553,34543.0,0,0,0,57,WEBER
539,570386,225.0,477.2313757623827,0.4714694201330746,44.0,0.0,0.0,44.0,65.44288691350194,0.0,0.0,0.0,0.0,0.0,0.0,1.0,43.0,1.7573954152345976,0.0,9.674777315082816,10.010714183184517,54586.0,0,0,0,57,WEBER
540,570387,0.0,0.0,0.0,89.75,0.0,2.0,87.75,92.9789322328248,0.0,0.0,2.0,0.0,0.0,86.75,0.0,1.0,0.0,0.0,3.228932232824784,0.0,54586.0,0,0,0,57,WEBER
541,570388,0.0,0.0,0.0,3486.5,0.0,1374.0,2112.5,3611.890834905044,0.0,0.0,1374.0,0.0,276.25,1836.25,0.0,0.0,0.0,0.0,125.39083490504376,0.0,54586.0,0,0,0,57,WEBER
542,570389,334.0,832.2618462312818,0.401316005909014,93.25,35.5,6.25,51.5,125.88171804141044,9.0,26.5,1.5,4.75,6.25,13.0,5.75,26.5,0.0,0.0,17.615646766633677,15.016071274776774,52605.0,0,0,0,57,WEBER
543,570390,851.0,2379.778643603865,0.35759628412803607,262.0,7.5,11.25,243.25,340.0750699305357,7.5,0.0,5.75,5.5,13.5,117.5,20.0,92.25,0.0,0.0,40.03435603443447,38.04071389610116,70637.0,534,0,0,57,WEBER
544,570391,524.75,1260.497330789378,0.4163039359007439,0.0,0.0,0.0,0.0,41.8951016230237,0.0,0.0,0.0,0.0,0.0,0.0,0.0,0.0,0.0,0.0,18.87045900169932,23.024642621324386,33647.0,0,0,0,57,WEBER
545,570392,393.0,783.7448770285047,0.501438684345884,197.75,0.0,0.0,197.75,238.01526132850336,0.0,0.0,0.0,0.0,1.0,166.5,1.5,28.75,0.0,0.0,22.245975798771266,18.019285529732127,32690.0,0,0,1381,57,WEBER
546,570393,439.0,1187.1439111596096,0.369795098869843,10.75,0.0,1.0,9.75,47.94658475934021,0.0,0.0,1.0,0.0,0.0,2.0,2.0,5.75,0.0,0.0,17.175156392971186,20.02142836636903,66420.0,0,0,0,57,WEBER
547,570394,426.0,1147.6382411642408,0.37119711135439093,124.25,0.0,0.0,124.25,163.06065311432198,0.0,0.0,0.0,0.0,0.0,124.25,0.0,0.0,0.0,0.0,19.790296166271403,19.02035694805058,84419.0,486,651,0,57,WEBER
548,570395,365.5,844.2798557330863,0.43291332550228523,585.25,32.5,25.5,527.25,635.7201085446499,31.5,1.0,14.25,11.25,69.25,17.0,98.75,342.25,0.0,0.0,34.202761853186686,16.26734669146324,23450.0,0,0,0,57,WEBER
549,570396,31.75,93.97941451885276,0.3378399425294439,2042.75,28.25,16.25,1998.25,2118.5943701875217,18.5,9.75,12.75,3.5,4.25,2.25,1944.75,47.0,0.0,0.0,74.3425332860264,1.5018369014951531,102339.0,0,0,0,57,WEBER
550,570397,108.0,253.35367416815276,0.42628156214667556,853.0,15.5,63.25,774.25,892.5644512261556,15.5,0.0,36.25,27.0,48.75,345.25,93.25,287.0,0.0,0.0,34.55909413456331,5.005357091592257,49500.0,0,0,0,57,WEBER
551,570398,374.0,863.0890580110424,0.433327240715888,15.75,0.0,0.0,15.75,48.26934300746258,0.0,0.0,0.0,0.0,0.0,15.75,0.0,0.0,2.0089460699554795,0.0,13.992692946910422,16.517703990596683,91104.0,0,0,0,57,WEBER
552,570399,239.5,500.482629222846,0.4785380870698705,100.0,1.75,29.75,68.5,203.92849135083745,1.5,0.25,3.25,26.5,6.5,16.5,13.75,31.75,1.0044730349777398,0.0,92.16258986760285,10.76142844825685,69448.0,0,0,0,57,WEBER
553,570400,32.5,100.02721846550708,0.32491156405800836,1082.75,417.0,92.75,573.0,1124.3943297499509,367.75,49.25,44.0,48.75,83.5,37.5,117.25,334.75,0.0,0.0,40.14279938749976,1.501530362450978,45635.0,0,0,0,57,WEBER
554,570401,285.25,716.382700092548,0.39818102804988054,1509.25,497.0,115.5,896.75,1587.298008726536,342.75,154.25,60.0,55.5,115.25,43.5,182.5,555.5,0.0,0.0,65.28448861832646,12.763520108209288,45635.0,0,0,0,57,WEBER
555,570402,133.0,275.78860932989124,0.48225341983181336,356.75,56.5,31.75,268.5,381.6099821316918,18.75,37.75,19.5,12.25,36.0,12.25,58.0,162.25,0.0,0.0,18.853553621781103,6.00642850991071,50734.0,0,0,0,57,WEBER
556,570403,313.0,651.5885586505204,0.48036448130434034,89.75,9.0,2.5,78.25,118.2489011841646,1.0,8.0,1.25,1.25,4.25,39.25,7.75,27.0,0.0,0.0,14.4839013277063,14.01499985645832,50602.0,0,0,0,57,WEBER
557,570404,326.0,571.391202860352,0.5705373102842018,25.75,0.0,1.5,24.25,53.4176324034205,0.0,0.0,1.5,0.0,9.5,2.75,6.25,5.75,0.0,0.0,12.651561128643722,15.016071274776774,49995.0,0,0,0,57,WEBER
558,570405,158.5,390.8523306834024,0.4055239985977925,153.0,0.0,0.0,153.0,171.2088014912252,0.0,0.0,0.0,0.0,0.0,1.0,0.0,152.0,0.0,0.0,11.201301562996022,7.00749992822916,46017.0,0,0,0,57,WEBER
559,570406,0.0,0.0,0.0,207.75,53.0,10.75,144.0,215.22206214636515,30.5,22.5,5.25,5.5,9.75,6.75,64.75,62.75,0.0,0.0,7.472062146365147,0.0,46276.0,0,0,0,57,WEBER
560,570407,459.5,1104.1866265503531,0.41614342082329675,9.0,0.0,0.0,9.0,46.3727657359769,0.0,0.0,0.0,0.0,0.0,0.0,0.0,9.0,0.0,0.0,16.85082724879087,20.521938487186024,46276.0,0,0,0,57,WEBER
561,570408,553.5,1287.321579276845,0.42996249648120527,310.0,6.0,23.25,280.75,366.08094130939264,6.0,0.0,10.0,13.25,22.75,109.0,27.75,121.25,0.0,0.0,31.054155851431343,25.02678545796129,61134.0,605,0,0,57,WEBER
562,570409,158.25,372.2290842623688,0.42514141610830214,156.75,5.0,12.75,139.0,177.3445495288578,5.0,0.0,5.25,7.5,13.5,7.25,18.0,100.25,0.0,0.0,13.336743478179676,7.25780605067814,96136.0,0,0,0,57,WEBER
563,570410,494.25,1153.2568571642796,0.4285688803232452,82.5,1.0,3.5,78.0,125.269197801949,1.0,0.0,1.5,2.0,11.25,27.0,6.0,33.75,0.0,0.0,20.745626598943065,22.023571203005933,83788.0,0,0,0,57,WEBER
564,570411,383.75,967.0878420605871,0.3968098690831835,8.0,0.0,0.0,8.0,41.856540193092826,0.0,0.0,0.0,0.0,2.0,0.0,1.0,5.0,0.0,0.0,16.838326081679146,17.018214111413677,108175.0,0,0,0,57,WEBER
565,570412,288.0,671.904704126474,0.4286322126207188,194.75,0.0,2.0,192.75,225.1259114076456,0.0,0.0,2.0,0.0,1.0,168.75,2.0,21.0,0.0,0.0,17.361982969505704,13.013928438139873,46344.0,469,856,0,57,WEBER
566,570413,367.5,920.4828931682796,0.3992469634444525,420.0,53.0,133.75,233.25,468.84242420044336,33.0,20.0,131.5,2.25,2.75,1.0,105.25,124.25,0.0,0.0,32.82528150734814,16.017142693095224,108698.0,0,0,0,57,WEBER
567,570414,168.0,434.55187213243227,0.38660516908048437,0.0,0.0,0.0,0.0,13.301377247356823,0.0,0.0,0.0,0.0,0.0,0.0,0.0,0.0,0.0,0.0,6.04367332075965,7.257703926597173,110837.0,0,0,0,57,WEBER
568,570415,953.75,2391.4665058345,0.39881386491222875,531.5,78.5,19.5,433.5,711.4599458970387,15.5,63.0,9.25,10.25,20.75,73.5,56.5,282.75,0.0,83.0,54.41433399936509,42.54561189767356,69448.0,0,0,0,57,WEBER
569,570416,229.25,577.6605906973592,0.39685933867021544,1124.5,202.0,37.5,885.0,1185.6678543837268,114.75,87.25,19.25,18.25,118.75,46.25,317.0,403.0,0.0,0.0,50.90688502548972,10.260969358236997,101315.0,0,0,0,57,WEBER
570,570417,1191.25,2623.434791474972,0.4540802782181006,1036.5,73.75,38.0,924.75,1169.6837566560043,50.5,23.25,25.75,12.25,145.75,37.5,344.25,397.25,0.0,0.0,80.12697148512632,53.05678517087794,63376.0,0,0,0,57,WEBER
571,570418,385.25,1106.8761498975086,0.3480515864721381,386.0,5.0,37.25,343.75,432.2588431251876,5.0,0.0,7.25,30.0,19.0,150.0,34.5,140.25,0.0,0.0,28.990425015405872,17.268418109781692,106232.0,727,0,0,57,WEBER
572,570419,922.25,1955.5535952071,0.47160558639781514,1269.5,293.75,67.0,908.75,1390.1470877414718,187.75,106.0,9.0,58.0,25.25,34.75,369.75,479.0,0.0,0.0,79.35270022968758,41.29438751178424,69448.0,0,0,0,57,WEBER
573,570420,301.75,729.4735504236115,0.4136544770194494,0.0,0.0,0.0,0.0,24.366625387153064,0.0,0.0,0.0,0.0,0.0,0.0,0.0,0.0,0.0,0.0,11.10249295064518,13.264132436507884,102669.0,0,0,0,57,WEBER
574,570421,101.25,272.8937339556409,0.37102354287276623,0.0,0.0,0.0,0.0,9.909041799373998,0.0,0.0,0.0,0.0,0.0,0.0,0.0,0.0,2.0089460699554795,0.0,3.645606057776699,4.254489671641819,81308.0,0,0,0,57,WEBER
575,570422,314.0,863.5729023643767,0.36360566564826113,390.25,73.0,100.5,216.75,432.3464527797668,43.25,29.75,76.25,24.25,34.0,31.5,18.25,133.0,1.0044730349777398,0.0,27.07697988833075,14.01499985645832,81308.0,0,0,0,57,WEBER
576,570423,9.0,21.185005023049648,0.4248287876357757,421.5,30.0,134.25,257.25,436.9276082612837,8.0,22.0,90.25,44.0,23.5,37.25,29.25,167.25,0.0,0.0,15.427608261283636,0.0,87939.0,0,0,0,57,WEBER
577,570424,1.0,2.9257963044227706,0.3417872934244784,0.0,0.0,0.0,0.0,0.0359657149259583,0.0,0.0,0.0,0.0,0.0,0.0,0.0,0.0,0.0,0.0,0.0359657149259583,0.0,111812.0,0,0,0,57,WEBER
578,570425,3.999999999718044,8.273667862263602,0.48346151505091717,0.0,0.0,0.0,0.0,0.14386285969369286,0.0,0.0,0.0,0.0,0.0,0.0,0.0,0.0,0.0,0.0,0.14386285969369286,0.0,111812.0,0,0,0,57,WEBER
579,570426,34.9,66.4,0.5256024096385542,0.0,0.0,0.0,0.0,3.260942859045448,0.0,0.0,0.0,0.0,0.0,0.0,0.0,0.0,0.0,0.0,1.2588000224085452,2.002142836636903,111812.0,0,0,0,57,WEBER
580,570427,1.9999999998540814,4.137677379317187,0.48336296344692975,12.49999999908801,0.0,0.0,12.49999999908801,13.022088288717711,0.0,0.0,0.0,0.0,0.7499999999452805,6.249999999544005,1.499999999890561,3.999999999708163,0.0,0.0,0.5220882896297021,0.0,111812.0,0,0,0,57,WEBER
581,570428,8.5,19.615034270330973,0.43334107312046904,0.0,0.0,0.0,0.0,0.3065983828499934,0.0,0.0,0.0,0.0,0.0,0.0,0.0,0.0,0.0,0.0,0.3065983828499934,0.0,87939.0,0,0,0,57,WEBER
3391,491172,0.0,0.0,0.0,0.0,0.0,0.0,0.0,1.011986022657596,0.0,0.0,0.0,0.0,0.0,0.0,0.0,0.0,1.011986022657596,0.0,0.0,0.0,75589.0,0,0,0,49,UTAH
3392,491173,0.0,0.0,0.0,0.0,0.0,0.0,0.0,2.023972045315192,0.0,0.0,0.0,0.0,0.0,0.0,0.0,0.0,2.023972045315192,0.0,0.0,0.0,75589.0,0,0,0,49,UTAH
3382,491163,0.0,0.0,0.0,0.0,0.0,0.0,0.0,1.011986022657596,0.0,0.0,0.0,0.0,0.0,0.0,0.0,0.0,1.011986022657596,0.0,0.0,0.0,75589.0,0,0,0,49,UTAH
2227,490011,0.0,0.0,0.0,0.0,0.0,0.0,0.0,0.0,0.0,0.0,0.0,0.0,0.0,0.0,0.0,0.0,0.0,0.0,0.0,0.0,66402.0,0,0,0,49,UTAH
2236,490020,0.0,0.0,0.0,0.0,0.0,0.0,0.0,4.047944090630384,0.0,0.0,0.0,0.0,0.0,0.0,0.0,0.0,4.047944090630384,0.0,0.0,0.0,66402.0,0,0,0,49,UTAH
2235,490019,0.0,0.0,0.0,301.5,0.0,3.25,298.25,314.9358820866653,0.0,0.0,2.75,0.5,297.25,1.0,0.0,0.0,0.0,0.0,13.435882086665304,0.0,66402.0,0,0,0,49,UTAH
2226,490010,0.0,0.0,0.0,0.0,0.0,0.0,0.0,0.0,0.0,0.0,0.0,0.0,0.0,0.0,0.0,0.0,0.0,0.0,0.0,0.0,66402.0,0,0,0,49,UTAH
2246,490030,0.0,0.0,0.0,0.0,0.0,0.0,0.0,5.059930100385624,0.0,0.0,0.0,0.0,0.0,0.0,0.0,0.0,5.059930100385624,0.0,0.0,0.0,81720.0,0,0,0,49,UTAH
2253,490037,27.653283006504868,74.0156933492944,0.3736137804722529,29.354298257168814,0.0,3.617607179580664,25.73669107758815,36.273901043577446,0.0,0.0,3.617607179580664,0.0,22.532524718530993,2.4806449231410266,0.7235214359161328,0.0,2.631487480755545,0.0,2.587788287003985,1.7003270186491024,81720.0,0,0,0,49,UTAH
2252,490036,33.34641004386472,89.25369401983622,0.3736137804722529,0.0,0.0,0.0,0.0,5.255029459934462,0.0,0.0,0.0,0.0,0.0,0.0,0.0,0.0,1.6596500650626311,0.0,1.5449970963506208,2.050382298521211,81720.0,0,0,0,49,UTAH
2273,490057,0.00030697445225563654,0.0008216357862057889,0.3736137804722529,0.0,0.0,0.0,0.0,2.0240146611070977,0.0,0.0,0.0,0.0,0.0,0.0,0.0,0.0,2.0239815634027587,0.0,0.000014222659553604352,0.000018875044785188363,81720.0,0,0,0,49,UTAH
2250,490034,1765.9999781088818,4687.204160629796,0.37677044088294914,36.999999541352565,0.9999999876041233,0.0,35.99999955374844,233.14003860073083,0.0,0.9999999876041233,0.0,0.0,29.9999996281237,5.749999928723709,0.24999999690103084,0.0,3.0359580303394265,0.0,79.26827757652583,113.83580345251302,81720.0,0,0,0,49,UTAH
2251,490035,16.000000000818197,55.300744591137644,0.28932702659092796,0.0,0.0,0.0,0.0,3.737763435182447,0.0,0.0,0.0,0.0,0.0,0.0,0.0,0.0,2.0239720454186925,0.0,0.7129776036396543,1.0008137861241,81720.0,0,0,0,49,UTAH
2300,490084,0.0,0.0,0.0,0.0,0.0,0.0,0.0,0.0,0.0,0.0,0.0,0.0,0.0,0.0,0.0,0.0,0.0,0.0,0.0,0.0,66402.0,0,0,0,49,UTAH
2298,490082,6.756318277309707,21.25874835387197,0.31781354973700243,0.0,0.0,0.0,0.0,1.7178130655385409,0.0,0.0,0.0,0.0,0.0,0.0,0.0,0.0,0.9430758153466857,0.0,0.3082408537401261,0.46649639645172897,66402.0,0,0,0,49,UTAH
2264,490048,6.0,18.609763751466467,0.3224114008178741,0.0,0.0,0.0,0.0,1.279352624008794,0.0,0.0,0.0,0.0,0.0,0.0,0.0,0.0,1.011986022657596,0.0,0.2673666013511979,0.0,66402.0,0,0,0,49,UTAH
2295,490079,56.75,145.57816565481352,0.3898249421177782,0.0,0.0,0.0,0.0,7.394079949709024,0.0,0.0,0.0,0.0,0.0,0.0,0.0,0.0,1.011986022657596,0.0,2.631365736362559,3.750728190688869,66402.0,0,0,0,49,UTAH
2294,490078,0.0,0.0,0.0,48.0,1.0,4.25,42.75,56.20455823491743,0.0,1.0,4.25,0.0,40.5,1.0,1.25,0.0,6.071916135945576,0.0,2.132642098971849,0.0,66402.0,0,0,0,49,UTAH
2302,490086,0.4684878812970526,1.0590281314944958,0.44237529425769323,63.714351856399155,0.0,0.0,63.714351856399155,66.5740115150012,0.0,0.0,0.0,0.0,0.0,63.714351856399155,0.0,0.0,0.0,0.0,2.8596596586020393,0.0,66402.0,721,0,0,49,UTAH
2301,490085,269.5,730.650477016479,0.36884941360809065,0.0,0.0,0.0,0.0,34.80936905829307,0.0,0.0,0.0,0.0,0.0,0.0,0.0,0.0,5.059930113287981,0.0,12.496089267836291,17.253349677168796,66402.0,0,0,0,49,UTAH
2309,490093,64.25,167.59994038598393,0.3833533583128476,0.0,0.0,0.0,0.0,7.87670813645521,0.0,0.0,0.0,0.0,0.0,0.0,0.0,0.0,1.011986022657596,0.0,2.861941004244245,4.00278110955337,81720.0,0,0,0,49,UTAH
2312,490096,563.0,1662.7827867995954,0.33858902345484454,0.0,0.0,0.0,0.0,61.11719572541256,0.0,0.0,0.0,0.0,0.0,0.0,0.0,0.0,0.0,0.0,25.08789942678741,36.02929629862516,81720.0,0,0,0,49,UTAH
2344,490128,135.6490545016389,402.71565189951053,0.3368358142074084,0.7065054921960359,0.23550183073201197,0.0,0.47100366146402395,16.691279745647172,0.23550183073201197,0.0,0.0,0.0,0.23550183073201197,0.0,0.0,0.23550183073201197,0.9532982440442849,0.0,6.310791561097845,8.720684448309004,81720.0,0,0,0,49,UTAH
2290,490074,0.0,0.0,0.0,0.0,0.0,0.0,0.0,2.023972045315192,0.0,0.0,0.0,0.0,0.0,0.0,0.0,0.0,2.023972045315192,0.0,0.0,0.0,81720.0,0,0,0,49,UTAH
2288,490072,1.0,3.521952750293293,0.2839333945967118,40.0,0.25,2.0,37.75,41.74735302128175,0.0,0.25,2.0,0.0,35.25,0.0,2.5,0.0,0.0,0.0,1.7473530212817467,0.0,81720.0,0,0,0,49,UTAH
2332,490116,0.0,0.0,0.0,0.0,0.0,0.0,0.0,1.6167699831764937,0.0,0.0,0.0,0.0,0.0,0.0,0.0,0.0,1.6167699831764937,0.0,0.0,0.0,81720.0,0,0,0,49,UTAH
2336,490120,0.0,0.0,0.0,0.0,0.0,0.0,0.0,2.023972045315192,0.0,0.0,0.0,0.0,0.0,0.0,0.0,0.0,2.023972045315192,0.0,0.0,0.0,81720.0,0,0,0,49,UTAH
2341,490125,0.0,0.0,0.0,0.0,0.0,0.0,0.0,1.011986022657596,0.0,0.0,0.0,0.0,0.0,0.0,0.0,0.0,1.011986022657596,0.0,0.0,0.0,81720.0,0,0,0,49,UTAH
2339,490123,0.0,0.0,0.0,0.0,0.0,0.0,0.0,1.0119860192108414,0.0,0.0,0.0,0.0,0.0,0.0,0.0,0.0,1.0119860192108414,0.0,0.0,0.0,81720.0,0,0,0,49,UTAH
2343,490127,0.0,0.0,0.0,0.0,0.0,0.0,0.0,0.0,0.0,0.0,0.0,0.0,0.0,0.0,0.0,0.0,0.0,0.0,0.0,0.0,81720.0,0,0,0,49,UTAH
2337,490121,0.0,0.0,0.0,0.0,0.0,0.0,0.0,0.0,0.0,0.0,0.0,0.0,0.0,0.0,0.0,0.0,0.0,0.0,0.0,0.0,81720.0,0,0,0,49,UTAH
2387,490169,50.83239538851782,175.08743052253436,0.2903257831633751,11.960563620827722,0.0,0.0,11.960563620827722,17.943852405808926,0.0,0.0,0.0,0.0,5.125955837497595,6.834607783330127,0.0,0.0,0.0,0.0,2.776858074997949,3.206430709983253,81720.0,0,0,0,49,UTAH
2389,490171,0.0,0.0,0.0,0.0,0.0,0.0,0.0,0.0,0.0,0.0,0.0,0.0,0.0,0.0,0.0,0.0,0.0,0.0,0.0,0.0,81720.0,0,0,0,49,UTAH
2391,490173,0.0,0.0,0.0,0.0,0.0,0.0,0.0,5.059930113287981,0.0,0.0,0.0,0.0,0.0,0.0,0.0,0.0,5.059930113287981,0.0,0.0,0.0,81720.0,0,0,0,49,UTAH
2395,490177,0.0,0.0,0.0,0.0,0.0,0.0,0.0,4.047944090630384,0.0,0.0,0.0,0.0,0.0,0.0,0.0,0.0,4.047944090630384,0.0,0.0,0.0,81720.0,0,0,0,49,UTAH
2397,490179,0.0,0.0,0.0,0.0,0.0,0.0,0.0,0.0,0.0,0.0,0.0,0.0,0.0,0.0,0.0,0.0,0.0,0.0,0.0,0.0,81720.0,0,0,0,49,UTAH
2402,490184,0.0,0.0,0.0,0.0,0.0,0.0,0.0,0.0,0.0,0.0,0.0,0.0,0.0,0.0,0.0,0.0,0.0,0.0,0.0,0.0,81720.0,0,0,0,49,UTAH
2409,490191,0.0,0.0,0.0,0.0,0.0,0.0,0.0,2.023972045315192,0.0,0.0,0.0,0.0,0.0,0.0,0.0,0.0,2.023972045315192,0.0,0.0,0.0,81720.0,0,0,0,49,UTAH
2407,490189,0.0,0.0,0.0,0.0,0.0,0.0,0.0,4.047944090630384,0.0,0.0,0.0,0.0,0.0,0.0,0.0,0.0,4.047944090630384,0.0,0.0,0.0,81720.0,0,0,0,49,UTAH
2405,490187,0.0,0.0,0.0,0.0,0.0,0.0,0.0,7.083902158603173,0.0,0.0,0.0,0.0,0.0,0.0,0.0,0.0,7.083902158603173,0.0,0.0,0.0,81720.0,0,0,0,49,UTAH
2319,490103,312.0,1037.1207314936794,0.3008328640298725,0.0,0.0,0.0,0.0,33.897853987451946,0.0,0.0,0.0,0.0,0.0,0.0,0.0,0.0,0.0,0.0,13.880508943679908,20.017345043772035,62109.0,0,0,0,49,UTAH
2320,490104,0.0,0.0,0.0,0.0,0.0,0.0,0.0,0.0,0.0,0.0,0.0,0.0,0.0,0.0,0.0,0.0,0.0,0.0,0.0,0.0,62109.0,0,0,0,49,UTAH
2347,490131,257.75,705.4918949621239,0.3653479251010218,0.0,0.0,0.0,0.0,29.00524960302733,0.0,0.0,0.0,0.0,0.0,0.0,0.0,0.0,1.011986022657596,0.0,11.227693128257892,16.765570452111845,74211.0,0,0,0,49,UTAH
2357,490141,0.0,0.0,0.0,2108.75,303.5,109.5,1695.75,2207.434790285058,188.0,115.5,1.75,107.75,280.0,53.5,320.0,1042.25,7.0839021586031725,0.0,91.60088812645478,0.0,81720.0,0,0,0,49,UTAH
2356,490140,0.0,0.0,0.0,0.0,0.0,0.0,0.0,8.095888181260769,0.0,0.0,0.0,0.0,0.0,0.0,0.0,0.0,8.095888181260769,0.0,0.0,0.0,81720.0,0,0,0,49,UTAH
2366,490150,0.0,0.0,0.0,0.0,0.0,0.0,0.0,2.023972045315192,0.0,0.0,0.0,0.0,0.0,0.0,0.0,0.0,2.023972045315192,0.0,0.0,0.0,81720.0,0,0,0,49,UTAH
2367,490151,41.27959177805419,115.28483901135525,0.35806609205559337,0.0,0.0,0.0,0.0,71.44429720092687,0.0,0.0,0.0,0.0,0.0,0.0,0.0,0.0,1.4748599273711946,0.0,67.33692454114828,2.6325127324074025,81720.0,0,0,0,49,UTAH
2375,490157,0.0,0.0,0.0,0.0,0.0,0.0,0.0,0.0,0.0,0.0,0.0,0.0,0.0,0.0,0.0,0.0,0.0,0.0,0.0,0.0,81720.0,0,0,0,49,UTAH
2374,490156,0.0,0.0,0.0,0.0,0.0,0.0,0.0,2.023972045315192,0.0,0.0,0.0,0.0,0.0,0.0,0.0,0.0,2.023972045315192,0.0,0.0,0.0,81720.0,0,0,0,49,UTAH
2417,490199,449.75,1304.070241004681,0.3448817294178141,0.0,0.0,0.0,0.0,48.82557702883145,0.0,0.0,0.0,0.0,0.0,0.0,0.0,0.0,0.0,0.0,20.05191634071978,28.77366068811167,102760.0,0,0,0,49,UTAH
2416,490198,72.5,196.66409824107987,0.36864888227400905,0.0,0.0,0.0,0.0,8.426024810660614,0.0,0.0,0.0,0.0,0.0,0.0,0.0,0.0,0.0,0.0,3.9218710990399375,4.504153711620676,81720.0,0,0,0,49,UTAH
2403,490185,0.0,0.0,0.0,0.0,0.0,0.0,0.0,2.023972045315192,0.0,0.0,0.0,0.0,0.0,0.0,0.0,0.0,2.023972045315192,0.0,0.0,0.0,81720.0,0,0,0,49,UTAH
2476,490258,243.8679178691114,685.819342441533,0.3555862350002202,664.573759607399,146.69126827624035,4.884095040196292,512.9983962909623,720.8028778735272,110.81843229135035,35.87283598489001,0.16841707035159628,4.715677969844696,0.0,31.830826296451697,104.4185836179897,376.74898637652086,0.6817428846910258,0.0,39.8727570141889,15.674618367248447,70166.0,0,0,0,49,UTAH
2475,490257,204.38210887287227,619.0650425388792,0.33014642215084605,414.6763132681923,96.30874780957845,2.3659054953820142,316.0016599632319,670.5411481111112,65.6815798607374,30.62716794884105,0.08158294811662117,2.284322547265393,0.0,17.419177194041513,58.08142783230554,240.5010549368848,0.33024321272488194,0.0,242.43582764198283,13.098763988211221,70166.0,0,0,0,49,UTAH
2470,490252,903.0,2852.104385936968,0.31660832767989594,0.0,0.0,0.0,0.0,102.16976761294772,0.0,0.0,0.0,0.0,0.0,0.0,0.0,0.0,2.7830305080599342,0.0,41.09642448245687,58.2903126224309,70166.0,0,0,0,49,UTAH
2474,490256,1002.5,3130.030120397524,0.320284457797064,198.25,53.75,0.0,144.5,317.43372400622644,46.5,7.25,0.0,0.0,0.0,4.75,23.0,116.75,1.011986022657596,0.0,53.62302130696504,64.54871667660382,70166.0,0,0,0,49,UTAH
2483,490265,142.75,528.821198192837,0.26994001089182057,410.0,0.0,0.0,410.0,445.1392483969768,0.0,0.0,0.0,0.0,0.0,410.0,0.0,0.0,0.0,0.0,26.13192432232049,9.007324074656289,70166.0,1494,1528,87,49,UTAH
2482,490264,196.75,694.2118872355682,0.2834149106600309,55.0,7.75,3.5,43.75,78.98154198517639,6.75,1.0,1.75,1.75,6.0,6.5,1.25,30.0,0.0,0.0,11.22096267183138,12.760579313345009,96149.0,0,0,0,49,UTAH
2480,490262,702.0,2534.20472702904,0.2770099797039624,585.5,351.75,32.0,201.75,688.4129506125091,215.25,136.5,4.25,27.75,10.5,16.75,48.25,126.25,0.0,0.0,57.62603867987099,45.28691193263808,96415.0,0,0,0,49,UTAH
2479,490261,507.0,1709.7613938290654,0.29653260497627526,2.25,0.25,0.25,1.75,57.97366003047365,0.25,0.0,0.25,0.0,1.25,0.0,0.0,0.5,0.0,0.0,22.69680509006725,33.026854940406395,96415.0,0,0,0,49,UTAH
2579,490361,616.282788781356,1712.9550155525685,0.3597775675285636,154.79614779099816,24.215040572347483,8.004972090032226,122.57613512861846,233.32829923005878,20.012430225080564,4.202610347266919,0.0,8.004972090032226,4.903045405144739,4.903045405144739,57.435674745981224,55.33436957234776,0.0,0.0,38.77430259222355,39.75784884683703,83312.0,0,0,0,49,UTAH
2581,490363,370.4225175353122,1044.3729265095722,0.3546841440761124,19.73012049428793,1.8470751101035512,10.746618822420661,7.13642656176372,62.59172422939612,1.8470751101035512,0.0,0.41978979775080705,10.326829024669854,1.7631171505533898,0.2518738786504843,2.3508228674045197,2.7706126651553267,0.0,0.0,18.998449310441465,23.86315442466672,83312.0,0,0,0,49,UTAH
2568,490350,432.7132393705498,1237.6030293204992,0.34963815465782205,0.4405949413615065,0.024477496742305916,0.15910372882498847,0.2570137157942121,47.97005725826458,0.024477496742305916,0.0,0.0,0.15910372882498847,0.2325362190519062,0.0,0.0,0.024477496742305916,0.0,0.0,19.760093920443794,27.769368396459278,83312.0,0,0,0,49,UTAH
2565,490347,420.25,1395.6547167931371,0.30111315853653875,0.0,0.0,0.0,0.0,47.00969819607013,0.0,0.0,0.0,0.0,0.0,0.0,0.0,0.0,1.011986022657596,0.0,18.72682120457864,27.2708909688339,83312.0,0,0,0,49,UTAH
2738,490520,219.0,693.1245452643047,0.31596053190771095,1050.0,181.25,35.75,833.0,1120.8175157635617,114.0,67.25,28.25,7.5,46.75,149.25,106.75,530.25,0.0,0.0,56.55607421249468,14.26144155106682,72724.0,1171,0,0,49,UTAH
2739,490521,291.5,986.298615954531,0.29554943633160113,146.0,0.5,0.25,145.25,184.51070418264112,0.25,0.25,0.0,0.25,10.75,103.5,1.0,30.0,0.0,0.0,19.49524224725561,19.015461935385503,71179.0,618,1414,0,49,UTAH
3112,490893,176.25,475.7366772893771,0.37047805732411954,232.0,2.0,2.0,228.0,261.68877573049303,2.0,0.0,0.0,2.0,2.0,157.0,7.0,62.0,0.0,0.0,18.17933824586356,11.509437484629466,90129.0,676,0,0,49,UTAH
3113,490894,311.25,1033.5819822423632,0.3011372153805748,194.0,1.0,4.0,189.0,236.5314010439378,1.0,0.0,1.0,3.0,6.75,78.25,1.0,103.0,0.0,0.0,22.515125322479363,20.01627572145842,108751.0,0,1275,0,49,UTAH
3124,490905,82.5,269.75445431348885,0.3058336894193582,0.0,0.0,0.0,0.0,8.681070067711183,0.0,0.0,0.0,0.0,0.0,0.0,0.0,0.0,0.0,0.0,3.677001137346578,5.004068930364605,113111.0,0,0,0,49,UTAH
3128,490909,141.67873824606838,453.15372806886637,0.312650496885104,0.0,0.0,0.0,0.0,15.883289276672926,0.0,0.0,0.0,0.0,0.0,0.0,0.0,0.0,0.0,0.0,6.681338623954441,9.201950652718486,113111.0,0,0,0,49,UTAH
3134,490915,0.0,0.0,0.0,0.0,0.0,0.0,0.0,3.035958067972788,0.0,0.0,0.0,0.0,0.0,0.0,0.0,0.0,3.035958067972788,0.0,0.0,0.0,51304.0,0,0,0,49,UTAH
3136,490917,0.0,0.0,0.0,868.0,154.0,94.5,619.5,906.6767571500264,132.25,21.75,15.25,79.25,44.5,186.25,41.75,347.0,0.0,0.0,38.676757150026354,0.0,51304.0,0,0,0,49,UTAH
3131,490912,8.0,18.928461917937604,0.4226439546268036,0.0,0.0,0.0,0.0,3.3812746331897108,0.0,0.0,0.0,0.0,0.0,0.0,0.0,0.0,2.023972045315192,0.0,0.3564888018015973,1.0008137860729212,51304.0,0,0,0,49,UTAH
3132,490913,0.0,0.0,0.0,0.0,0.0,0.0,0.0,1.0955798612588843,0.0,0.0,0.0,0.0,0.0,0.0,0.0,0.0,1.0955798612588843,0.0,0.0,0.0,51304.0,0,0,0,49,UTAH
3143,490924,13.0,31.49432016881748,0.41277284063655695,0.0,0.0,0.0,0.0,2.592094111658113,0.0,0.0,0.0,0.0,0.0,0.0,0.0,0.0,1.011986022657596,0.0,0.5792943029275957,1.0008137860729212,51304.0,0,0,0,49,UTAH
3144,490925,12.0,31.33497108558192,0.3829587066547998,0.0,0.0,0.0,0.0,1.5355469887753173,0.0,0.0,0.0,0.0,0.0,0.0,0.0,0.0,0.0,0.0,0.534733202702396,1.0008137860729212,51304.0,0,0,0,49,UTAH
3145,490926,0.0,0.0,0.0,0.0,0.0,0.0,0.0,0.8715847949300035,0.0,0.0,0.0,0.0,0.0,0.0,0.0,0.0,0.8715847949300035,0.0,0.0,0.0,51304.0,0,0,0,49,UTAH
3151,490932,17.256264674094886,40.67403875366201,0.4242574674869545,0.0,0.0,0.0,0.0,1.756533333565047,0.0,0.0,0.0,0.0,0.0,0.0,0.0,0.0,0.0,0.0,0.7696586145960582,0.9868747189689889,51304.0,0,0,0,49,UTAH
3366,491147,20.0,55.3073385041061,0.36161566513483867,0.0,0.0,0.0,0.0,2.90402181323451,0.0,0.0,0.0,0.0,0.0,0.0,0.0,0.0,1.011986022657596,0.0,0.8912220045039932,1.0008137860729212,75589.0,0,0,0,49,UTAH
3371,491152,7.0,20.4504146682309,0.342291347806961,0.0,0.0,0.0,0.0,0.3119277015763976,0.0,0.0,0.0,0.0,0.0,0.0,0.0,0.0,0.0,0.0,0.3119277015763976,0.0,75589.0,0,0,0,49,UTAH
3364,491145,33.0,93.52686600703905,0.3528397925524025,142.75,1.0,4.0,137.75,154.60676133755274,0.0,1.0,2.0,2.0,113.5,22.0,2.0,0.25,2.023972045315192,0.0,7.831161720091694,2.0016275721458423,75589.0,0,0,0,49,UTAH
3387,491168,70.2499999935659,198.23960325634175,0.3543691514693272,0.0,0.0,0.0,0.0,10.157960440020023,0.0,0.0,0.0,0.0,0.0,0.0,0.0,0.0,2.023972045129819,0.0,3.1299194649839146,5.004068929906289,75571.0,0,0,0,49,UTAH
3260,491041,99.75,312.8688506078037,0.31882368540753664,0.0,0.0,0.0,0.0,11.686011410804571,0.0,0.0,0.0,0.0,0.0,0.0,0.0,0.0,1.011986022657596,0.0,4.419324993632372,6.254700394514604,105921.0,0,0,0,49,UTAH
3261,491042,184.7499996590517,559.6767059805104,0.33010128469682143,1154.9999978684964,292.49999946020364,49.74999990818848,812.7499985001043,1226.7227026298926,181.24999966551079,111.24999979469284,48.99999990957257,0.7499999986159067,58.24999989250209,210.49999961153117,58.999999891117994,484.999999104953,0.0,0.0,59.7129393506849,12.009765410711543,105921.0,0,1194,0,49,UTAH
3273,491054,988.75,3178.4154257473747,0.3110826835253937,0.0,0.0,0.0,0.0,109.91204906531756,0.0,0.0,0.0,0.0,0.0,0.0,0.0,0.0,1.011986022657596,0.0,45.11380968232473,63.78625336033524,30043.0,0,0,0,49,UTAH
3506,491287,33.00000000163008,122.10892478571245,0.27025051657396376,0.0,0.0,0.0,0.0,3.4721438797489426,0.0,0.0,0.0,0.0,0.0,0.0,0.0,0.0,0.0,0.0,1.4705163075042271,2.001627572244715,67754.0,0,0,0,49,UTAH
2222,490006,5.999999999847086,20.711633492987552,0.2896922641026135,105.99999999729853,1.9999999999490288,1.9999999999490288,101.99999999740047,116.05077333555272,0.0,1.9999999999490288,1.9999999999490288,0.0,88.74999999773816,12.249999999687802,0.9999999999745144,0.0,5.059930113159026,0.0,4.990843225095167,0.0,81720.0,0,0,0,49,UTAH
2266,490050,0.0,0.0,0.0,10.0,0.0,0.25,9.75,10.445611002251995,0.0,0.0,0.0,0.25,7.25,2.5,0.0,0.0,0.0,0.0,0.4456110022519966,0.0,66402.0,0,0,0,49,UTAH
2381,490163,0.0,0.0,0.0,1723.0771822412207,252.73762466663305,126.97565531775433,1343.3639022568334,1798.7163915070423,91.57399234145845,161.1636323251746,0.0034830720480682055,126.97217224570625,404.2136569231408,97.94885407043202,221.8235911677612,619.3778000954992,0.014099280914217562,0.0,75.62510998490748,0.0,81720.0,0,0,0,49,UTAH
3049,490830,23.0,85.62843900093839,0.2686023506716962,173.25,51.5,16.25,105.5,183.0534211089709,46.5,5.0,6.25,10.0,0.0,9.25,26.75,69.5,0.0,0.0,8.80260732289799,1.0008137860729212,75945.0,0,0,0,49,UTAH
3055,490836,277.0,1059.8555142708965,0.26135637949721463,68.0,0.0,0.0,68.0,101.38851300933824,0.0,0.0,0.0,0.0,0.0,68.0,0.0,0.0,0.0,0.0,15.373864860025671,18.01464814931258,75945.0,0,241,210,49,UTAH
3139,490920,62.75,192.16380437080747,0.3265443261048003,0.0,0.0,0.0,0.0,10.79449697017376,0.0,0.0,0.0,0.0,0.0,0.0,0.0,0.0,4.047944090630384,0.0,2.742860691436108,4.003692188107268,51304.0,0,0,0,49,UTAH
2555,490337,364.5,1103.65571177433,0.33026603868519744,1277.25,249.25,31.0,997.0,1373.9065030200488,109.75,139.5,24.0,7.0,291.0,91.25,195.25,419.5,0.0,0.0,73.13728794538719,23.51921507466148,72767.0,0,0,0,49,UTAH
2552,490334,23.25,62.772445507338325,0.37038544240373733,1816.5,364.25,337.5,1114.75,1899.9783326459824,124.5,239.75,37.5,300.0,157.25,138.75,284.25,534.5,0.0,0.0,81.97670488504225,1.5016277609399111,75570.0,0,0,0,49,UTAH
2573,490355,1135.5,3814.5886562243886,0.29767298713772655,570.0,169.25,3.25,397.5,720.1205127348626,130.5,38.75,3.25,0.0,9.0,17.0,54.75,316.75,1.011986022657596,0.0,75.79682349944645,73.31170321275847,93988.0,0,0,0,49,UTAH
2572,490354,830.75,2533.0681014543247,0.32796196814567946,0.0,0.0,0.0,0.0,93.10593015774076,0.0,0.0,0.0,0.0,0.0,0.0,0.0,0.0,2.023972045315192,0.0,37.55526564986369,53.52669246256188,93988.0,0,0,0,49,UTAH
3146,490927,0.5741245798669975,1.0567629342691829,0.5432860684729071,40.47578288062332,3.3012163342352356,5.023590073836228,32.15097647255186,42.88696694397423,3.3012163342352356,0.0,3.731809769135484,1.2917803047007443,9.760117857738958,3.157685189268486,1.148249159733995,18.08492426581042,0.5810060500895662,0.0,1.830178013261343,0.0,51304.0,0,0,0,49,UTAH
3365,491146,7.0,20.4504146682309,0.342291347806961,30.0,5.0,5.0,20.0,36.70869082162037,5.0,0.0,0.0,5.0,2.0,4.0,1.0,13.0,5.059930113287981,0.0,1.6487607083323876,0.0,75589.0,0,0,0,49,UTAH
2296,490080,0.0,0.0,0.0,1157.75,85.0,185.75,887.0,1210.723565336736,16.5,68.5,0.0,185.75,676.75,49.75,92.0,68.5,2.023972045315192,0.0,50.94959329142047,0.0,66402.0,0,0,0,49,UTAH
2297,490081,4.565614068278918,10.02049280397096,0.4556276979181741,0.0,0.0,0.0,0.0,1.1663841620800883,0.0,0.0,0.0,0.0,0.0,0.0,0.0,0.0,0.0,0.0,0.92580844322323,0.24057571885685855,66402.0,0,0,0,49,UTAH
2268,490052,0.0,0.0,0.0,0.0,0.0,0.0,0.0,3.035958067972788,0.0,0.0,0.0,0.0,0.0,0.0,0.0,0.0,3.035958067972788,0.0,0.0,0.0,66402.0,0,0,0,49,UTAH
2325,490109,0.0,0.0,0.0,0.0,0.0,0.0,0.0,2.023972045315192,0.0,0.0,0.0,0.0,0.0,0.0,0.0,0.0,2.023972045315192,0.0,0.0,0.0,81720.0,0,0,0,49,UTAH
2342,490126,0.0,0.0,0.0,0.0,0.0,0.0,0.0,0.0,0.0,0.0,0.0,0.0,0.0,0.0,0.0,0.0,0.0,0.0,0.0,0.0,81720.0,0,0,0,49,UTAH
2349,490133,8.0,29.22638196820441,0.27372529410938573,0.0,0.0,0.0,0.0,1.3573025878745184,0.0,0.0,0.0,0.0,0.0,0.0,0.0,0.0,0.0,0.0,0.3564888018015973,1.0008137860729212,62109.0,0,0,0,49,UTAH
2351,490135,107.17615244243393,300.1448407601596,0.3570814416499549,0.0,0.0,0.0,0.0,13.088128905721451,0.0,0.0,0.0,0.0,0.0,0.0,0.0,0.0,1.2019023638355275,0.0,4.864096262089934,7.02213027979599,81720.0,0,0,0,49,UTAH
2463,490245,587.0,1878.5840410797543,0.3124693850069171,0.0,0.0,0.0,0.0,65.33580133653393,0.0,0.0,0.0,0.0,0.0,0.0,0.0,0.0,1.011986022657596,0.0,26.29382598597357,38.029989327902776,70166.0,0,0,0,49,UTAH
2484,490266,5.75,18.57072921550444,0.30962704443503525,178.0,0.0,0.0,178.0,186.1883147095984,0.0,0.0,0.0,0.0,0.0,178.0,0.0,0.0,0.0,0.0,8.188314709598348,0.0,70166.0,0,0,2401,49,UTAH
2560,490342,416.25,1236.0036306721531,0.3367708554170172,17.75,4.75,0.5,12.5,64.8926852106454,3.5,1.25,0.5,0.0,0.0,1.75,3.25,7.5,1.011986022657596,0.0,19.61419426182172,26.51650492616608,96089.0,0,0,0,49,UTAH
2785,490567,291.25,1220.1629302580905,0.23869763027335572,0.0,0.0,0.0,0.0,32.746804786115696,0.0,0.0,0.0,0.0,0.0,0.0,0.0,0.0,0.0,0.0,13.731342850730195,19.015461935385503,123157.0,0,0,0,49,UTAH
2781,490563,311.25,1023.067357434651,0.3042321678412863,0.0,0.0,0.0,0.0,34.639747491566666,0.0,0.0,0.0,0.0,0.0,0.0,0.0,0.0,0.0,0.0,14.37342322406232,20.266324267504345,123157.0,0,0,0,49,UTAH
2871,490653,578.5,1814.258251702771,0.31886309430151366,0.0,0.0,0.0,0.0,63.55662671829664,0.0,0.0,0.0,0.0,0.0,0.0,0.0,0.0,0.0,0.0,26.276273714684883,37.28035300361175,51612.0,0,0,0,49,UTAH
2872,490654,434.0,1365.445106999877,0.3178450732110164,0.0,0.0,0.0,0.0,47.36560111935064,0.0,0.0,0.0,0.0,0.0,0.0,0.0,0.0,0.0,0.0,19.34281510930884,28.022786010041795,93981.0,0,0,0,49,UTAH
3137,490918,0.0,0.0,0.0,684.25,258.5,169.0,256.75,715.7548129845804,219.75,38.75,100.25,68.75,41.5,46.0,25.0,144.25,1.011986022657596,0.0,30.492826961922844,0.0,51304.0,0,0,0,49,UTAH
3379,491160,1.0,1.8406509167644312,0.5432860684729072,0.0,0.0,0.0,0.0,2.068533145540392,0.0,0.0,0.0,0.0,0.0,0.0,0.0,0.0,2.023972045315192,0.0,0.0445611002251996,0.0,75589.0,0,0,0,49,UTAH
2736,490518,321.0,737.7537347505379,0.4351045408242387,1268.5,138.25,150.0,980.25,1360.3533639283294,123.0,15.25,31.5,118.5,92.75,158.25,287.5,441.75,0.0,0.0,70.83627442079805,21.017089507531345,70574.0,0,0,0,49,UTAH
2792,490574,35.75,95.8747360191748,0.3728823826211115,130.25,29.25,0.25,100.75,202.7547509831797,26.0,3.25,0.25,0.0,0.0,7.5,52.0,41.25,0.0,0.0,70.2526737731914,2.2520772099883075,76529.0,0,0,0,49,UTAH
2796,490578,37.849317495015605,93.76172153423066,0.4036755818438927,104.86390994290036,20.80893212929429,0.983099155714691,83.07187865789139,138.8387546995455,15.23803691357771,5.5708952157165825,0.8192492964289091,0.16384985928578183,0.0,10.158691275718473,34.408470450014185,38.50471693215873,0.0,0.0,31.515425262527543,2.459419494117586,76529.0,0,0,0,49,UTAH
2797,490579,154.16753076735233,401.1089578505243,0.3843532480389127,134.40633063963887,22.77817724644834,1.6593374153041835,109.96881597788635,157.02492472694598,19.45950241583997,3.318674830608367,1.6593374153041835,0.0,0.0,7.693291652773942,50.68521559474597,51.59030873036644,0.0,0.0,12.65359878660722,9.96499530069989,76529.0,0,0,0,49,UTAH
2793,490575,4318.2500114583145,11779.228280490703,0.36659872010549266,6611.000017542041,1250.7500033188182,0.0,5360.250014223223,7952.083278854628,740.0000019635623,510.750001355256,0.0,0.0,0.0,120.0000003184155,1862.0000049407472,3378.25000896406,0.0,0.0,1062.5472238227655,278.5360374898209,76529.0,0,0,0,49,UTAH
2794,490576,151.5,392.6668723272408,0.38582322746529757,0.0,0.0,0.0,0.0,16.22397787568072,0.0,0.0,0.0,0.0,0.0,0.0,0.0,0.0,0.0,0.0,6.4644553976047625,9.759522478075958,76529.0,0,0,0,49,UTAH
2795,490577,0.0,0.0,0.0,2563.25,495.75,171.75,1895.75,2677.456304834101,418.0,77.75,118.75,53.0,145.75,179.25,196.5,1374.25,0.0,0.0,114.20630483410125,0.0,76529.0,0,0,0,49,UTAH
2798,490580,1655.75,4732.443774430732,0.34987209123243534,716.25,118.75,107.25,490.25,1056.153094620602,102.5,16.25,106.0,1.25,0.0,172.0,112.75,205.5,0.0,0.0,233.08735817842975,106.81573644217237,76529.0,0,0,0,49,UTAH
3058,490839,306.5,679.5388280173784,0.4510411875863577,284.75,36.25,103.5,145.0,331.1132849538882,23.25,13.0,9.0,94.5,18.0,28.0,12.0,87.0,0.0,0.0,26.34700923242976,20.01627572145842,39576.0,0,0,0,49,UTAH
3057,490838,247.0,514.7478826816782,0.4798465585000679,159.0,68.75,32.5,57.75,193.1050132537644,15.75,53.0,1.25,31.25,4.75,5.0,18.0,30.0,0.0,0.0,18.091992676597645,16.01302057716674,47045.0,0,0,0,49,UTAH
3064,490845,265.75,587.0889618995711,0.45265712225306637,669.5,303.75,77.0,288.75,728.1915680930051,141.25,162.5,2.25,74.75,35.5,103.75,24.25,125.25,0.0,0.0,41.67773372976544,17.01383436323966,44047.0,0,0,0,49,UTAH
3065,490846,266.0,581.8732726347766,0.4571442142298908,1046.5,123.0,214.0,709.5,1122.000203226675,109.0,14.0,20.0,194.0,123.0,138.5,136.25,311.75,0.0,0.0,58.48636886343519,17.01383436323966,56909.0,0,0,0,49,UTAH
3059,490840,332.0,843.3244986327283,0.3936800134921582,48.0,0.0,0.0,48.0,86.19873871195544,0.0,0.0,0.0,0.0,0.0,48.0,0.0,0.0,0.0,0.0,16.931418442667393,21.26732026928805,54309.0,489,0,0,49,UTAH
3066,490847,184.75,401.429301460879,0.4602304797573544,542.25,134.5,35.75,372.0,586.6572838233404,131.5,3.0,3.0,32.75,11.5,210.0,43.25,107.25,0.0,0.0,32.39751839046545,12.009765432875056,56488.0,0,8,78,49,UTAH
3060,490841,329.50000691058574,1013.3681392179507,0.32515331216636795,0.0,0.0,0.0,0.0,35.70068314925072,0.0,0.0,0.0,0.0,0.0,0.0,0.0,0.0,0.0,0.0,14.683593200929097,21.01708994832163,70276.0,0,0,0,49,UTAH
3067,490848,354.75,1073.296892821262,0.3305236438982938,56.0,0.0,5.5,50.5,97.31956006532543,0.0,0.0,2.0,3.5,22.75,20.25,0.5,7.0,0.0,0.0,18.30084298564825,23.018717079677185,53962.0,0,0,0,49,UTAH
3068,490849,283.5000008645915,892.552227586994,0.3176284727124943,85.00000025922498,0.0,0.0,85.00000025922498,119.43564611277137,0.0,0.0,0.0,0.0,0.0,85.00000025922498,0.0,0.0,0.0,0.0,16.420997649294414,18.014648204251955,101582.0,0,1225,0,49,UTAH
3381,491162,0.0,0.0,0.0,0.0,0.0,0.0,0.0,2.023972045315192,0.0,0.0,0.0,0.0,0.0,0.0,0.0,0.0,2.023972045315192,0.0,0.0,0.0,75589.0,0,0,0,49,UTAH
3408,491189,85.75,280.33882230904663,0.3058798609971646,80.75,0.0,1.0,79.75,126.38046229578302,0.0,0.0,0.0,1.0,64.75,12.5,2.25,0.25,1.011986022657596,0.0,39.113350708761104,5.505125564364326,56564.0,0,0,0,49,UTAH
3403,491184,15.0,42.74148025322622,0.35094713405176853,0.0,0.0,0.0,0.0,1.669230289450916,0.0,0.0,0.0,0.0,0.0,0.0,0.0,0.0,0.0,0.0,0.668416503377995,1.0008137860729212,75589.0,0,0,0,49,UTAH
3405,491186,25.0,68.48946625833524,0.3650196353655694,542.75,80.25,21.0,441.5,569.8417009565267,74.25,6.0,18.0,3.0,25.75,86.0,26.75,303.0,0.0,0.0,25.340741532316024,1.750959424210695,75589.0,0,0,0,49,UTAH
3404,491185,79.5,219.0223617338856,0.36297663567610194,0.0,0.0,0.0,0.0,9.49287714447256,0.0,0.0,0.0,0.0,0.0,0.0,0.0,0.0,1.011986022657596,0.0,3.4763486761638887,5.004542445651076,75589.0,0,0,0,49,UTAH
3395,491176,11.0,32.016272919110776,0.34357528210080973,0.0,0.0,0.0,0.0,2.5029719112077133,0.0,0.0,0.0,0.0,0.0,0.0,0.0,0.0,1.011986022657596,0.0,0.4901721024771963,1.0008137860729212,75589.0,0,0,0,49,UTAH
2245,490029,0.0,0.0,0.0,0.0,0.0,0.0,0.0,0.0,0.0,0.0,0.0,0.0,0.0,0.0,0.0,0.0,0.0,0.0,0.0,0.0,66402.0,0,0,0,49,UTAH
2267,490051,112.0,306.9076203806455,0.3649306584863901,47.5,2.25,2.25,43.0,64.89719223724524,0.5,1.75,1.5,0.75,32.75,5.5,4.5,0.25,3.035958067972788,0.0,7.104189520776119,7.257044648496332,66402.0,0,0,0,49,UTAH
2241,490025,0.5514156239870148,1.9420597734557592,0.2839333945967118,3.0327859319285815,0.0,0.0,3.0327859319285815,3.7505268008389283,0.0,0.0,0.0,0.0,2.6881511669366973,0.3446347649918843,0.0,0.0,0.5580249041498757,0.0,0.15971596476047148,0.0,81720.0,0,0,0,49,UTAH
2223,490007,9.0,32.32737359097318,0.278401831026356,221.0,2.0,2.0,217.0,236.2978109284992,0.0,2.0,2.0,0.0,181.5,33.25,2.25,0.0,4.047944090630384,0.0,10.249053051795922,1.0008137860729212,81720.0,0,0,0,49,UTAH
2229,490013,29.0,103.81714515402544,0.27933729016507775,42.0,1.0,0.25,40.75,47.16546568813502,0.0,1.0,0.25,0.0,26.75,14.0,0.0,0.0,0.0,0.0,3.163838115989176,2.0016275721458423,81720.0,0,0,0,49,UTAH
2230,490014,4.0,15.767995870282604,0.2536784023097483,0.0,0.0,0.0,0.0,0.1782444009007986,0.0,0.0,0.0,0.0,0.0,0.0,0.0,0.0,0.0,0.0,0.1782444009007986,0.0,81720.0,0,0,0,49,UTAH
2224,490008,0.0,0.0,0.0,0.0,0.0,0.0,0.0,0.0,0.0,0.0,0.0,0.0,0.0,0.0,0.0,0.0,0.0,0.0,0.0,0.0,66402.0,0,0,0,49,UTAH
2221,490005,0.9999999936892996,2.681728813870665,0.3728937797576753,0.0,0.0,0.0,0.0,42.54797378333672,0.0,0.0,0.0,0.0,0.0,0.0,0.0,0.0,42.50341268339273,0.0,0.044561099943987846,0.0,81720.0,0,0,0,49,UTAH
2308,490092,231.0,620.6047626179422,0.37221757536238664,0.0,0.0,0.0,0.0,24.84819847892156,0.0,0.0,0.0,0.0,0.0,0.0,0.0,0.0,0.0,0.0,9.83362334410156,15.014575134819998,66402.0,0,0,0,49,UTAH
2306,490090,360.56472606320057,980.4312357720589,0.36776136143731397,0.0,0.0,0.0,0.0,39.45446855308932,0.0,0.0,0.0,0.0,0.0,0.0,0.0,0.0,0.06891026427059545,0.0,16.32901095796174,23.056547330856983,66402.0,0,0,0,49,UTAH
2310,490094,86.5,302.9667558364817,0.2855098730590959,12.0,10.75,0.25,1.0,22.395054377593983,0.0,10.75,0.0,0.25,1.0,0.0,0.0,0.0,0.0,0.0,4.390171661156462,6.004882716437527,66402.0,0,0,0,49,UTAH
2275,490059,0.0,0.0,0.0,0.0,0.0,0.0,0.0,6.071916135945576,0.0,0.0,0.0,0.0,0.0,0.0,0.0,0.0,6.071916135945576,0.0,0.0,0.0,81720.0,0,0,0,49,UTAH
2292,490076,0.0,0.0,0.0,859.75,17.25,141.5,701.0,899.385341921182,12.0,5.25,0.0,141.5,598.5,11.25,70.25,21.0,3.035958067972788,0.0,36.599383853209154,0.0,81720.0,0,0,0,49,UTAH
2271,490055,234.74999994809968,771.7922275956003,0.30416217157229886,0.0,0.0,0.0,0.0,26.90964159280149,0.0,0.0,0.0,0.0,0.0,0.0,0.0,0.0,1.0119860224338586,0.0,10.6391178479367,15.25853772243093,81720.0,0,0,0,49,UTAH
2281,490065,0.0,0.0,0.0,45.74999978305881,0.9999999952581161,0.9999999952581161,43.74999979254258,47.789167934241895,0.0,0.9999999952581161,0.9999999952581161,0.0,27.749999868412722,15.999999924129858,0.0,0.0,0.0,0.0,2.0391681511830826,0.0,81720.0,0,0,0,49,UTAH
2386,490168,86.74999922068187,256.7718717621974,0.3378485292229483,48.99999955980878,0.24999999775412643,1.9999999820330114,46.749999580021644,61.047462683833665,0.0,0.24999999775412643,1.9999999820330114,0.0,11.749999894443942,32.499999708036434,1.4999999865247586,0.9999999910165057,0.0,0.0,6.042580461532186,6.004882662492697,81720.0,96,0,0,49,UTAH
2328,490112,1.2239731257387847,4.310031019588045,0.28398244007435763,0.002258982540773271,0.0,0.0,0.002258982540773271,0.057502814188675776,0.0,0.0,0.0,0.0,0.000968135374617116,0.0012908471661561547,0.0,0.0,0.0,0.0,0.05463823552202778,0.0006055961258747224,81720.0,0,0,0,49,UTAH
2398,490180,0.0,0.0,0.0,0.0,0.0,0.0,0.0,1.011986022657596,0.0,0.0,0.0,0.0,0.0,0.0,0.0,0.0,1.011986022657596,0.0,0.0,0.0,81720.0,0,0,0,49,UTAH
2316,490100,446.75,1570.4935899043146,0.2844647077020029,0.0,0.0,0.0,0.0,55.9341172888077,0.0,0.0,0.0,0.0,0.0,0.0,0.0,0.0,0.0,0.0,26.91051749269299,29.02359979611471,62109.0,0,0,0,49,UTAH
2315,490099,265.0,933.7387704816576,0.28380528727890675,214.0,2.0,2.0,210.0,252.35963626823207,0.0,2.0,1.0,1.0,70.75,137.25,2.0,0.0,0.0,0.0,21.345801904992477,17.01383436323966,62109.0,0,0,0,49,UTAH
2314,490098,327.0,1176.2693322823318,0.2779975563636581,462.25,109.0,7.25,346.0,518.4316242798225,19.75,89.25,5.25,2.0,305.75,21.5,8.0,10.75,0.0,0.0,35.16453477229111,21.017089507531345,74211.0,0,0,0,49,UTAH
2311,490095,174.98685584642246,611.0613888877514,0.28636542748173305,53.936091641704444,20.72010232243917,0.0,33.21598931926527,75.5502503879622,20.72010232243917,0.0,0.0,0.0,8.476405495543297,24.73958382372197,0.0,0.0,0.0,0.0,10.215910021444591,11.398248724813165,66402.0,3,0,0,49,UTAH
2317,490101,308.25,1027.4393568391445,0.3000177070774402,39.0,0.0,0.0,39.0,74.24880199499607,0.0,0.0,0.0,0.0,0.0,39.0,0.0,0.0,0.0,0.0,15.482465381540688,19.76633661345538,74211.0,753,0,0,49,UTAH
2313,490097,312.75,996.9733409257486,0.3136994613211956,0.0,0.0,0.0,0.0,182.92232950366213,0.0,0.0,0.0,0.0,0.0,0.0,0.0,0.0,0.0,0.0,162.65842248012166,20.26390702354045,74211.0,0,0,0,49,UTAH
2355,490139,2.5,6.915838776063996,0.3614890515742795,0.0,0.0,0.0,0.0,0.1129550962457475,0.0,0.0,0.0,0.0,0.0,0.0,0.0,0.0,0.0,0.0,0.1129550962457475,0.0,62109.0,0,0,0,49,UTAH
2354,490138,213.5,554.7797173554251,0.3848374288406422,61.0,10.5,20.75,29.75,87.4792071006254,10.5,0.0,12.75,8.0,16.0,4.25,2.75,6.75,0.0,0.0,12.473755286391938,14.00545181423347,74211.0,0,0,0,49,UTAH
2353,490137,3628.25,9419.958756208796,0.38516622990611094,0.0,0.0,0.0,0.0,889.9413836395273,0.0,0.0,0.0,0.0,0.0,0.0,0.0,0.0,1.011986022657596,0.0,655.0171077982634,233.91228981860627,74211.0,0,0,0,49,UTAH
2360,490144,19.693390591463064,66.51007312788306,0.2960963605256809,0.0,0.0,0.0,0.0,1.9448327680594724,0.0,0.0,0.0,0.0,0.0,0.0,0.0,0.0,0.03341436029413865,0.0,0.8775591519201897,1.033859255845144,73924.0,0,0,0,49,UTAH
2365,490149,20.30660949991232,86.55683987857714,0.23460433084662805,0.0,0.0,0.0,0.0,2.851224847701909,0.0,0.0,0.0,0.0,0.0,0.0,0.0,0.0,0.9785716657846296,0.0,0.9048848611595843,0.967768320757695,73829.0,0,0,0,49,UTAH
2345,490129,205.7178138386057,609.1102967210873,0.337734914261028,0.0,0.0,0.0,0.0,22.727836364962485,0.0,0.0,0.0,0.0,0.0,0.0,0.0,0.0,0.0,0.0,9.167887465042003,13.559948899920483,81720.0,0,0,0,49,UTAH
2358,490142,562.0,2328.837828451588,0.24132208483304568,148.0,0.0,1.25,146.75,215.6676774585169,0.0,0.0,1.0,0.25,30.0,105.5,1.0,10.25,0.0,0.0,31.63838115989176,36.02929629862516,79647.0,0,1307,0,49,UTAH
2364,490148,16.25185379338248,66.20451683378724,0.24547953176947596,27.086422988970796,0.0,0.0,27.086422988970796,31.058324598110655,0.0,0.0,0.0,0.0,0.0,27.086422988970796,0.0,0.0,0.6852770367157458,0.0,1.931201295285888,1.3554232771382237,79647.0,0,0,0,49,UTAH
2368,490152,173.6639685897611,491.35430020040565,0.35343939906281446,5.767907869306265,0.0,0.0,5.767907869306265,104.95047147153802,0.0,0.0,0.0,0.0,0.027932885636606352,5.698075655214749,0.041899328454909526,0.0,2.333898347574685,0.0,85.71771074529475,11.130954509362327,79647.0,0,0,0,49,UTAH
2380,490162,0.0,0.0,0.0,0.0,0.0,0.0,0.0,1.011986022657596,0.0,0.0,0.0,0.0,0.0,0.0,0.0,0.0,1.011986022657596,0.0,0.0,0.0,81720.0,0,0,0,49,UTAH
2372,490155,143.15058425501508,381.7232969176553,0.3750113902162363,0.0,0.0,0.0,0.0,17.707086463708695,0.0,0.0,0.0,0.0,0.0,0.0,0.0,0.0,1.933700428049083,0.0,6.527093659917739,9.246292375741872,79422.0,0,0,0,49,UTAH
2379,490161,332.0,1343.7225592943078,0.24707481295421488,0.0,0.0,0.0,0.0,35.811374782297634,0.0,0.0,0.0,0.0,0.0,0.0,0.0,0.0,0.0,0.0,14.794285274766288,21.017089507531345,74058.0,0,0,0,49,UTAH
2378,490160,364.0,1113.0196652993748,0.3270382468059026,70.0,24.75,1.25,44.0,112.35823457741384,24.75,0.0,0.0,1.25,1.0,29.0,0.0,14.0,0.0,0.0,19.33951749773665,23.018717079677185,69958.0,371,0,0,49,UTAH
2377,490159,150.75,625.0870210373544,0.24116642151651935,0.0,0.0,0.0,0.0,16.726221545227755,0.0,0.0,0.0,0.0,0.0,0.0,0.0,0.0,0.0,0.0,6.718083684498546,10.00813786072921,79647.0,0,0,0,49,UTAH
2371,490154,623.0,2074.363644794479,0.3003330691623863,49.0,0.0,0.0,49.0,119.97269977328835,0.0,0.0,0.0,0.0,0.0,49.0,0.0,0.0,1.011986022657596,0.0,29.928660503307384,40.03205324732337,73446.0,988,0,0,49,UTAH
2383,490165,246.22143657888824,1022.6807397025867,0.24076080346491488,0.0,0.0,0.0,0.0,28.863742051927293,0.0,0.0,0.0,0.0,0.0,0.0,0.0,0.0,2.0074332511299793,0.0,10.974137882459779,15.882170918337533,79568.0,0,0,0,49,UTAH
2370,490153,428.7681205870205,1780.4329661296536,0.24082238912880086,3.807887394200893,0.0,0.0,3.807887394200893,50.523050880361595,0.0,0.0,0.0,0.0,1.5231549576803571,0.0,2.2847324365205357,0.0,0.0,0.0,19.27606284666798,27.43910063949273,79647.0,0,0,0,49,UTAH
2384,490166,457.0,1607.2201482594949,0.28434188091463297,109.0,23.75,2.25,83.0,163.24518252357774,23.75,0.0,0.25,2.0,54.5,0.0,26.25,2.25,0.0,0.0,25.22158272746301,29.02359979611471,79509.0,0,0,0,49,UTAH
2385,490167,266.0,934.1072033308388,0.28476388903917815,45.5,1.0,4.5,40.0,76.38739061398044,0.5,0.5,0.5,4.0,0.0,37.5,0.5,2.0,0.0,0.0,13.873556250740789,17.01383436323966,79509.0,0,98,229,49,UTAH
2404,490186,0.0,0.0,0.0,34.26585313479205,12.818880309418612,0.24651692902728098,21.200455896346163,124.97549091980584,10.10719409011852,2.711686219300091,0.24651692902728098,0.0,0.0,0.0,1.7256185031909668,19.474837393155198,0.9978867460963319,0.0,89.71175103891744,0.0,81720.0,0,0,0,49,UTAH
2435,490217,173.5,469.1293474422713,0.3698340360626235,177.0,44.5,0.25,132.25,203.51233790642084,42.0,2.5,0.25,0.0,0.0,26.75,24.5,81.0,0.0,0.0,15.255877131263915,11.256460775156931,91516.0,0,0,0,49,UTAH
2429,490211,2.0,4.521974454629129,0.4422846745524197,0.0,0.0,0.0,0.0,0.0891222004503992,0.0,0.0,0.0,0.0,0.0,0.0,0.0,0.0,0.0,0.0,0.0891222004503992,0.0,91516.0,0,0,0,49,UTAH
2434,490216,2781.25,8516.5783358529,0.326568944747629,0.0,0.0,0.0,0.0,304.7220478597568,0.0,0.0,0.0,0.0,0.0,0.0,0.0,0.0,2.023972045315192,0.0,123.0723772308763,179.62569858356534,91516.0,0,0,0,49,UTAH
2432,490214,75.5,251.4763660017346,0.30022702013866076,0.0,0.0,0.0,0.0,8.251682076993681,0.0,0.0,0.0,0.0,0.0,0.0,0.0,0.0,0.0,0.0,3.500759702121114,4.750922374872567,91516.0,0,0,0,49,UTAH
2438,490220,424.2500006386828,1409.911080965881,0.30090550132285215,44.75000006736843,0.7500000011290798,2.7500000041399595,41.25000006209939,92.81045226603955,0.7500000011290798,0.0,1.0000000015054398,1.7500000026345197,3.250000004892679,35.50000005344311,0.25000000037635994,2.2500000033872394,0.0,0.0,20.786390708581283,27.274061490089842,91516.0,0,0,0,49,UTAH
2437,490219,1094.5,3265.585133669,0.3351619863513681,0.0,0.0,0.0,0.0,118.92396170360476,0.0,0.0,0.0,0.0,0.0,0.0,0.0,0.0,0.0,0.0,48.11028006213796,70.81368164146681,91516.0,0,0,0,49,UTAH
2436,490218,639.0,1943.9332684950728,0.3287149874721225,0.0,0.0,0.0,0.0,189.4662144052026,0.0,0.0,0.0,0.0,0.0,0.0,0.0,0.0,0.0,0.0,148.18320232412108,41.28301208108154,91516.0,0,0,0,49,UTAH
2431,490213,184.25,593.4074400657637,0.31049492736319706,524.25,35.25,87.75,401.25,567.8161126705056,22.0,13.25,31.0,56.75,304.75,32.25,19.0,45.25,0.0,0.0,31.55795014084436,12.008162529661206,91516.0,0,0,0,49,UTAH
2440,490222,549.25,1849.1238039039044,0.29703257231366187,0.0,0.0,0.0,0.0,59.828171809503104,0.0,0.0,0.0,0.0,0.0,0.0,0.0,0.0,0.0,0.0,24.549032940179604,35.2791388693235,91516.0,0,0,0,49,UTAH
2442,490224,396.75,1326.126395895786,0.29917962663883113,19.5,0.0,0.0,19.5,66.07572741353617,0.0,0.0,0.0,0.0,15.75,3.0,0.0,0.75,0.0,0.0,21.05425281877857,25.521474594757603,91516.0,0,0,0,49,UTAH
2445,490227,723.25,2155.257241669195,0.3355747917310605,49.0,0.0,0.0,49.0,150.08434816958064,0.0,0.0,0.0,0.0,0.0,49.0,0.0,0.0,0.0,0.0,54.79756964671645,46.28677852286418,104302.0,1152,0,0,49,UTAH
2444,490226,536.0501095209335,1704.2774445642162,0.31453218560784363,0.0,0.0,0.0,0.0,58.72951802724876,0.0,0.0,0.0,0.0,0.0,0.0,0.0,0.0,0.0,0.0,23.886941431506,34.84257659574276,106764.0,0,0,0,49,UTAH
2448,490230,505.4499012619825,1773.9106278240445,0.2849353813737444,0.0,0.0,0.0,0.0,55.06934954686861,0.0,0.0,0.0,0.0,0.0,0.0,0.0,0.0,0.0,0.0,22.356150803394574,32.71319874347403,105199.0,0,0,0,49,UTAH
2450,490232,340.25,1077.501073563623,0.3157769475576391,89.0,0.0,0.0,89.0,130.14335879964784,0.0,0.0,0.0,0.0,25.0,33.0,0.0,31.0,0.0,0.0,19.12545550604357,22.017903293604263,83446.0,0,0,0,49,UTAH
2453,490235,240.0,764.2969497031725,0.31401407541035986,45.0,0.0,0.0,45.0,73.04865455103767,0.0,0.0,0.0,0.0,0.0,45.0,0.0,0.0,0.0,0.0,12.786921523086118,15.261733027951546,96951.0,888,0,0,49,UTAH
2449,490231,458.5,1680.5810888690266,0.2728223011890219,43.0,22.75,1.0,19.25,94.65441872095212,21.75,1.0,0.0,1.0,9.0,0.0,0.0,10.25,0.0,0.0,22.381146967370007,29.273271753582115,106764.0,0,0,0,49,UTAH
2452,490234,477.25,1396.7976807901096,0.3416743931948969,2.25,0.0,0.0,2.25,197.3425160000289,0.0,0.0,0.0,0.0,2.25,0.0,0.0,0.0,0.0,0.0,164.32470015408398,30.767815845944902,96951.0,0,0,0,49,UTAH
2451,490233,373.5,1039.264426978175,0.35938880452784294,1904.5,306.5,58.25,1539.75,2030.6385362909891,161.25,145.25,0.0,58.25,201.25,78.0,277.0,983.5,0.0,0.0,102.12707263130552,24.011463659683827,96951.0,0,0,0,49,UTAH
2461,490243,520.4394501553276,1544.1757316669293,0.3370338229532438,50.4293753901047,12.413384711410389,15.710690025378774,22.30530065331554,110.1970170279958,12.219425575294602,0.19395913611578733,10.667752486368302,5.04293753901047,2.7154279056210227,6.982528900168344,3.2973053139683848,9.310038533557792,0.7950728032238954,0.0,25.406789483529813,33.56577935113737,96951.0,0,0,0,49,UTAH
2456,490238,91.24193258615475,264.87219187620684,0.34447531822743566,0.0,0.0,0.0,0.0,10.403644179527682,0.0,0.0,0.0,0.0,0.0,0.0,0.0,0.0,0.0,0.0,4.667874284094537,5.735769895433143,96951.0,0,0,0,49,UTAH
2454,490236,374.75,1152.144086653291,0.3252631370860576,0.0,0.0,0.0,0.0,40.82123558335719,0.0,0.0,0.0,0.0,0.0,0.0,0.0,0.0,0.0,0.0,16.554244938051177,24.26699064530601,96951.0,0,0,0,49,UTAH
2460,490242,990.8105484053607,2821.2038826321677,0.35120132738543514,14.570623329085544,3.5866149733133645,4.539309575599727,6.444698780172452,126.56815114329633,3.530574114355343,0.05604085895802132,3.0822472426911727,1.4570623329085544,0.7845720254122985,2.0174709224887675,0.9526946022863625,2.6899612299850233,3.252871309582959,0.0,44.9885458278,63.756110676827845,96951.0,0,0,0,49,UTAH
2468,490250,244.0,783.4622907600794,0.31143809073858847,39.0,0.0,0.0,39.0,74.19807480025989,0.0,0.0,0.0,0.0,0.0,39.0,0.0,0.0,1.011986022657596,0.0,18.67051592915667,15.515572848445627,70166.0,0,0,0,49,UTAH
2467,490249,1247.25,4680.890436652219,0.26645571326211925,49.0,0.0,0.0,49.0,186.82645302466057,0.0,0.0,0.0,0.0,0.0,49.0,0.0,0.0,0.0,0.0,57.76135013882689,80.06510288583368,78311.0,1349,0,0,49,UTAH
2466,490248,427.25,1565.072729906375,0.2729905082593566,0.0,0.0,0.0,0.0,47.06101825570866,0.0,0.0,0.0,0.0,0.0,0.0,0.0,0.0,0.0,0.0,19.038232245666865,28.022786010041795,79422.0,0,0,0,49,UTAH
2473,490255,737.0,2764.441132485497,0.2665999978582892,0.0,0.0,0.0,0.0,79.87977881139945,0.0,0.0,0.0,0.0,0.0,0.0,0.0,0.0,0.0,0.0,32.84153086597215,47.038247945427294,75827.0,0,0,0,49,UTAH
2472,490254,463.0,1736.166429824951,0.26667950263655427,158.0,55.75,8.25,94.0,215.69685682203664,53.75,2.0,1.0,7.25,5.0,6.0,3.0,80.0,0.0,0.0,27.67244323984899,30.024413582187638,78311.0,0,0,0,49,UTAH
2471,490253,595.0,1719.5809671659968,0.3460145299122532,369.75,88.5,7.75,273.5,450.77174313858205,9.25,79.25,1.0,6.75,90.5,61.25,50.25,71.5,0.0,0.0,42.99081926781108,38.030923870771005,76751.0,965,0,0,49,UTAH
2458,490240,585.5,2065.26563759355,0.28349864024379223,59.0,0.0,0.0,59.0,242.75027432961173,0.0,0.0,0.0,0.0,0.0,59.0,0.0,0.0,0.0,0.0,145.96913308215878,37.781141247452936,96951.0,0,1266,0,49,UTAH
2459,490241,421.0,1103.6072754948468,0.38147628177897586,0.0,0.0,0.0,0.0,46.53219541877792,0.0,0.0,0.0,0.0,0.0,0.0,0.0,0.0,0.0,0.0,19.510223194809058,27.021972223968863,83446.0,0,0,0,49,UTAH
2465,490247,996.4999996003748,3140.1640365138646,0.317340109629007,41.99999998315679,0.0,0.0,41.99999998315679,152.58005817172364,0.0,0.0,0.0,0.0,0.0,41.99999998315679,0.0,0.0,0.0,0.0,46.27768434633035,64.30237384223648,83446.0,903,0,0,49,UTAH
2477,490259,494.25,1833.1964636202372,0.26961103722835256,79.0,15.5,3.25,60.25,136.8186727372627,12.75,2.75,2.25,1.0,5.25,4.75,2.5,47.75,0.0,0.0,25.79263158292921,32.02604115433348,70166.0,0,0,0,49,UTAH
2478,490260,103.75,385.15692520425614,0.2693707245299546,362.5,52.25,18.75,291.5,394.0314327515868,40.5,11.75,14.75,4.0,16.0,107.5,14.5,153.5,0.0,0.0,24.525736249076378,7.005696502510448,70166.0,0,0,0,49,UTAH
2485,490267,102.0,346.63913368608075,0.29425413950051016,0.0,0.0,0.0,0.0,13.571010434523076,0.0,0.0,0.0,0.0,0.0,0.0,0.0,0.0,0.0,0.0,6.815435255726452,6.755575178796624,70166.0,0,0,0,49,UTAH
2486,490268,1847.25,5639.701979301075,0.3275439033445041,0.0,0.0,0.0,0.0,535.1312354926822,0.0,0.0,0.0,0.0,0.0,0.0,0.0,0.0,2.023972045315192,0.0,414.0010616915949,119.10620175577208,70166.0,0,0,0,49,UTAH
2494,490276,207.0,654.42297515149,0.3163091881853358,0.0,0.0,0.0,0.0,22.079847330451475,0.0,0.0,0.0,0.0,0.0,0.0,0.0,0.0,0.0,0.0,8.816972628027145,13.26287470242433,70166.0,0,0,0,49,UTAH
2493,490275,184.43103739620045,564.408557438131,0.3267686766361924,195.82020504417298,28.289222867544687,3.6739250477330767,163.8570571288952,224.76157427445222,26.2685640912915,2.020658776253192,3.306532542959769,0.36739250477330765,9.919597628879307,24.247905315038306,13.226130171839076,116.46342401313852,0.0,0.0,16.988733085983394,11.9526361442959,70166.0,0,0,0,49,UTAH
2492,490274,327.8358526222079,1086.4194758347812,0.3017580777169941,0.0,0.0,0.0,0.0,36.018759766873764,0.0,0.0,0.0,0.0,0.0,0.0,0.0,0.0,0.581025044798091,0.0,14.31892931374834,21.118805408327326,70166.0,0,0,0,49,UTAH
2498,490280,1260.019668782167,3823.5909636065708,0.3295383007165766,0.0,0.0,0.0,0.0,709.8767219921567,0.0,0.0,0.0,0.0,0.0,0.0,0.0,0.0,1.0867133636571487,0.0,627.5205208117413,81.26948781675826,70166.0,0,0,0,49,UTAH
2491,490273,328.0,1185.2533893486057,0.27673407471145306,0.0,0.0,0.0,0.0,35.63331636656341,0.0,0.0,0.0,0.0,0.0,0.0,0.0,0.0,0.0,0.0,14.61622685903207,21.017089507531345,96415.0,0,0,0,49,UTAH
2490,490272,268.0,959.6454530225052,0.27926980652688504,0.0,0.0,0.0,0.0,29.209041844691825,0.0,0.0,0.0,0.0,0.0,0.0,0.0,0.0,0.0,0.0,11.94491592209554,17.264125922596286,96415.0,0,0,0,49,UTAH
2495,490277,129.49999984543746,394.1045680999766,0.3285929936559016,0.0,0.0,0.0,0.0,15.792571590143362,0.0,0.0,0.0,0.0,0.0,0.0,0.0,0.0,0.0,0.0,7.536328568161877,8.256243021981485,96415.0,0,0,0,49,UTAH
2496,490278,105.5,374.7117776654391,0.28154973045495124,47.0,2.0,1.0,44.0,60.55371095174493,2.0,0.0,1.0,0.0,0.0,38.0,0.0,6.0,0.0,0.0,6.798488224301893,6.7552227274430425,96415.0,0,0,0,49,UTAH
2510,490292,432.0,1123.1354968744515,0.38463747357482964,946.75,201.75,10.75,734.25,1036.186264812506,155.25,46.5,10.5,0.25,23.25,93.0,137.75,480.25,0.0,0.0,61.41264056065386,28.023624251852244,70166.0,0,0,0,49,UTAH
2511,490293,529.5,1427.2583285666096,0.37099100380221633,1332.25,348.5,40.5,943.25,1449.297408019033,100.0,248.5,13.25,27.25,80.75,333.5,159.5,369.5,0.0,0.0,83.02097849633199,34.02642952270087,70166.0,0,0,0,49,UTAH
2507,490289,0.0,0.0,0.0,1015.75,325.75,21.75,668.25,1061.0274800964348,113.25,212.5,21.5,0.25,41.25,68.0,46.0,513.0,0.0,0.0,45.277480096434886,0.0,70166.0,0,0,0,49,UTAH
2487,490269,915.25,3087.281160198287,0.29645825971393425,355.0,20.25,25.5,309.25,470.6534304011779,18.25,2.0,1.25,24.25,134.5,7.5,66.25,101.0,0.0,0.0,56.60541702287554,59.04801337830234,96415.0,0,0,0,49,UTAH
2501,490283,0.0,0.0,0.0,2419.5,443.5,131.5,1844.5,2528.456500276141,139.25,304.25,0.0,131.5,230.5,136.75,444.5,1032.75,0.0,0.0,108.95650027614067,0.0,102760.0,0,0,0,49,UTAH
2418,490200,386.50000007292806,1419.0356373929856,0.2723680715890938,231.00000004358702,13.00000000245295,5.250000000990614,212.75000004014345,283.0445480755518,0.0,13.00000000245295,5.000000000943442,0.2500000000471721,60.750000011462824,136.00000002566162,0.0,16.000000003019014,0.0,0.0,27.524434042874766,24.52011398909002,102760.0,1140,0,0,49,UTAH
2503,490285,223.53510448621776,710.2983382023241,0.314705937581041,0.0,0.0,0.0,0.0,200.8573162535369,0.0,0.0,0.0,0.0,0.0,0.0,0.0,0.0,0.3876853061424266,0.0,185.89947387351407,14.570157073880427,87096.0,0,0,0,49,UTAH
2506,490288,118.029541926497,402.8715078540197,0.29297068575339646,102.78430032242237,20.945702928690224,3.1898461691968354,78.6487512245353,120.13278649258478,16.751431926402628,4.194271002287596,3.1734339987214963,0.01641217047533923,3.652669376601402,26.10236285128765,4.935493717760146,43.95822527888612,0.0,0.0,9.842267345289201,7.506218824873206,107045.0,0,0,0,49,UTAH
2514,490296,901.246861147415,3094.5274631647476,0.2912389280351441,116.77053361811959,15.296211526429271,4.540980034349302,96.93334205734101,220.4371773263427,13.02615746707469,2.270054059354583,3.5061034089076544,1.0348766254416482,15.661304390886302,14.906072897168334,9.527029383288125,56.83893538599826,0.0,0.0,45.36114706839125,58.305496639831816,106434.0,3,0,0,49,UTAH
2512,490294,2.2204581342175493,7.405377056946999,0.2998440345633087,1449.4657265031224,634.8043088157505,33.06015444279462,781.6012632445774,1514.152571132428,526.2485778095592,108.5557310061913,31.826566590451538,1.233587852343083,67.84733187886957,101.64763903307004,70.31450758355572,541.791784749082,0.0,0.0,64.68684462930555,0.0,107045.0,0,0,0,49,UTAH
2515,490297,128.0,441.9839919257965,0.28960324884682603,306.0,31.0,0.25,274.75,333.34602778632,0.0,31.0,0.25,0.0,3.0,67.25,125.25,79.25,0.0,0.0,19.33951749773665,8.00651028858337,107045.0,958,0,0,49,UTAH
2519,490301,1142.0031452777494,3910.458183137772,0.292038193939054,148.72946721876448,13.203788547059494,11.70902003229804,123.81665863940695,280.0424482441055,7.473842573807261,5.729945973252233,1.7438966005550274,9.965123431743013,46.08869587181144,44.593927357049985,7.722970659600835,25.411064750944686,0.0,0.0,57.511057488331446,73.80192353700963,91670.0,966,0,0,49,UTAH
2518,490300,253.62451039100472,923.9869009482663,0.2744892921433364,0.0,0.0,0.0,0.0,38.37256346076757,0.0,0.0,0.0,0.0,0.0,0.0,0.0,0.0,0.0,0.0,21.84700953680748,16.525553923960096,91670.0,0,0,0,49,UTAH
2522,490304,344.25,1270.4361421639005,0.27096993589433627,6.0,0.75,2.75,2.5,44.12369606956212,0.75,0.0,0.5,2.25,1.0,0.0,0.25,1.25,0.0,0.0,16.105792775957855,22.017903293604263,91670.0,0,0,0,49,UTAH
2521,490303,68.5,201.50570498779845,0.3399407476038845,0.0,0.0,0.0,0.0,8.2563344532707,0.0,0.0,0.0,0.0,0.0,0.0,0.0,0.0,0.0,0.0,3.7522778454469576,4.504056607823742,91670.0,0,0,0,49,UTAH
2526,490308,0.0,0.0,0.0,289.0,53.25,14.25,221.5,301.87634445209403,43.25,10.0,6.25,8.0,14.0,22.0,14.75,170.75,0.0,0.0,12.876344452094004,0.0,91670.0,0,0,0,49,UTAH
2513,490295,476.2564515732645,1341.301855898989,0.3550702994100162,553.7233047135804,373.7783740376126,31.194534762309296,148.75039591365856,630.3746825208722,133.64290220301143,240.13547183460113,8.23330964696911,22.961225115340188,19.2651167586625,5.429206399911993,55.62185546027575,68.43421729480832,0.0,0.0,45.895510014473,30.755867792818695,107045.0,0,0,0,49,UTAH
2516,490298,683.2435539438998,1593.859200805177,0.4286724659234282,50.026696860056646,20.971626941404462,9.555465370158613,19.499604548493572,126.50873704894406,3.3570981200993684,17.614528821305093,0.26669037332607876,9.288774996832533,1.2348832927989282,2.3207936274207546,1.628144675704048,14.315782952569842,0.0,0.0,32.677408150286766,43.80463203860064,107045.0,0,0,0,49,UTAH
2517,490299,415.5,979.3500873140172,0.4242609516067514,93.75,14.5,3.5,75.75,177.72383247885946,12.0,2.5,3.5,0.0,6.5,26.0,4.75,38.5,0.0,0.0,57.20234618711495,26.771486291744505,107045.0,0,0,0,49,UTAH
2520,490302,505.25,1179.4558204711825,0.42837551965122095,293.25,54.5,21.0,217.75,368.604521837466,49.75,4.75,20.25,0.75,16.5,26.5,14.25,160.5,0.0,0.0,42.82795836201918,32.52656347544681,107045.0,0,0,0,49,UTAH
2525,490307,208.75,626.3395754835652,0.33328566191723497,203.0,51.75,3.75,147.5,234.8540733598464,49.75,2.0,3.75,0.0,10.0,39.25,9.75,88.5,0.0,0.0,18.34303261738501,13.511040742461384,85040.0,0,0,0,49,UTAH
2523,490305,1154.75,2685.7797445638253,0.42994962723107927,129.5,23.5,6.0,100.0,261.29787422338563,19.25,4.25,3.0,3.0,19.75,7.75,7.75,64.75,0.0,0.0,57.23755696189762,74.56031726148801,107045.0,0,0,0,49,UTAH
2527,490309,28.5,87.12462519097788,0.3271176195883514,0.0,0.0,0.0,0.0,8.025382484605611,0.0,0.0,0.0,0.0,0.0,0.0,0.0,0.0,0.0,0.0,6.024167984324288,2.001214500281324,107045.0,0,0,0,49,UTAH
2530,490312,748.75,1741.768084298555,0.42987927425569783,0.0,0.0,0.0,0.0,82.90074426194434,0.0,0.0,0.0,0.0,0.0,0.0,0.0,0.0,0.0,0.0,34.61145176868741,48.28929249325692,107045.0,0,0,0,49,UTAH
2535,490317,427.75,1290.678391594074,0.33141486119690916,45.0,0.0,0.0,45.0,94.08925868472284,0.0,0.0,0.0,0.0,0.0,45.0,0.0,0.0,0.0,0.0,21.06647267468105,28.022786010041795,85040.0,511,0,0,49,UTAH
2536,490318,0.0,0.0,0.0,2119.7500591444714,288.50000804961905,79.75000222515466,1751.5000488696978,2214.2061875639256,226.25000631274287,62.250001736876214,79.75000222515466,0.0,75.50000210657275,773.2500215749322,108.250003020351,794.5000221678417,0.0,0.0,94.45612841945425,0.0,87096.0,0,0,0,49,UTAH
2561,490343,334.5,992.0987930120548,0.33716400257321505,0.0,0.0,0.0,0.0,36.67520638114787,0.0,0.0,0.0,0.0,0.0,0.0,0.0,0.0,0.0,0.0,14.907533849300318,21.76767253184756,96089.0,0,0,0,49,UTAH
2562,490344,233.25,656.0981903605206,0.35551081137997204,0.0,0.0,0.0,0.0,25.406342142902098,0.0,0.0,0.0,0.0,0.0,0.0,0.0,0.0,0.0,0.0,10.39413535180828,15.012206791093815,83312.0,0,0,0,49,UTAH
2578,490360,347.25,985.2878881717976,0.35243506407484887,0.0,0.0,0.0,0.0,37.72855534268315,0.0,0.0,0.0,0.0,0.0,0.0,0.0,0.0,0.0,0.0,15.460312026368284,22.268243316314862,83312.0,0,0,0,49,UTAH
2577,490359,273.0,1115.9654144379551,0.244631237194294,0.0,0.0,0.0,0.0,29.663668633211916,0.0,0.0,0.0,0.0,0.0,0.0,0.0,0.0,0.0,0.0,12.14936058930188,17.51430804391003,95907.0,0,0,0,49,UTAH
2576,490358,429.75,1374.4308531313086,0.3126748784931002,73.0,45.75,11.0,16.25,123.42704116151567,45.75,0.0,11.0,0.0,8.0,0.0,0.25,8.0,0.0,0.0,22.404255151473883,28.022786010041795,95907.0,0,0,0,49,UTAH
2574,490356,336.25,1230.0826506776943,0.27335561542531184,0.0,0.0,0.0,0.0,37.25454271800077,0.0,0.0,0.0,0.0,0.0,0.0,0.0,0.0,0.0,0.0,15.486639329999472,21.7679033880013,96089.0,0,0,0,49,UTAH
2591,490373,56.25,205.25546848026596,0.2740487277463601,31.0,0.0,0.0,31.0,38.89071331339066,0.0,0.0,0.0,0.0,0.0,31.0,0.0,0.0,0.0,0.0,3.8874581690989753,4.003255144291685,96089.0,850,0,0,49,UTAH
2592,490374,138.5,505.6539338636196,0.2739027440007121,75.0,1.0,0.0,74.0,93.77182934150404,1.0,0.0,0.0,0.0,2.0,0.0,71.0,1.0,0.0,0.0,9.764505266847737,9.007324074656289,96086.0,0,0,0,49,UTAH
2597,490379,450.0,1268.7920195491922,0.35466805675518603,22.0,1.0,21.0,0.0,72.05711022515412,1.0,0.0,21.0,0.0,0.0,0.0,0.0,0.0,0.0,0.0,21.03351042903941,29.02359979611471,74290.0,0,0,0,49,UTAH
2590,490372,144.0,477.0930384129057,0.3018279211933785,40.25,6.25,2.25,31.75,57.709378730531625,6.25,0.0,2.25,0.0,3.75,6.0,3.5,18.5,0.0,0.0,8.201884691718554,9.257494038813071,93988.0,0,0,0,49,UTAH
2589,490371,665.75,2563.518714824876,0.25970163437854205,0.0,0.0,0.0,0.0,72.70270728931703,0.0,0.0,0.0,0.0,0.0,0.0,0.0,0.0,0.0,0.0,29.66771448818143,43.03499280113561,93988.0,0,0,0,49,UTAH
2594,490376,173.0,663.9436241477049,0.2605642914668812,40.5,4.25,1.5,34.75,62.25833936247199,4.25,0.0,0.25,1.25,6.0,2.75,1.75,24.25,0.0,0.0,10.4989625810454,11.25937678142658,89516.0,0,0,0,49,UTAH
2595,490377,129.75,366.39260468438647,0.35412832666687605,64.0,13.25,2.0,48.75,81.08502662016079,11.0,2.25,2.0,0.0,0.0,7.0,14.0,27.75,0.0,0.0,8.828285569820721,8.256741050340073,83145.0,0,0,0,49,UTAH
2603,490385,137.0,383.3340232639352,0.3573906611093376,809.75,114.5,131.25,564.0,860.8110434432473,69.75,44.75,101.0,30.25,126.75,14.5,90.5,332.25,0.0,0.0,42.052261831808885,9.008781611438431,80705.0,0,0,0,49,UTAH
2602,490384,21.5,57.22858193668504,0.37568640131231223,1047.0,342.25,12.25,692.5,1095.8673749804566,192.25,150.0,10.75,1.5,74.0,39.5,219.0,360.0,0.0,0.0,47.61631827546988,1.2510567049865875,80705.0,0,0,0,49,UTAH
2601,490383,301.25,831.7011049081959,0.3622094502727062,1034.75,114.25,367.75,552.75,1113.5478715984805,108.75,5.5,333.75,34.0,111.75,66.5,70.5,304.0,0.0,0.0,59.532178901338334,19.265692697142207,80705.0,0,0,0,49,UTAH
2600,490382,167.0,383.25666617379727,0.43573932233776125,801.5,182.0,15.25,604.25,862.3984695503708,153.25,28.75,14.0,1.25,87.75,58.0,85.5,373.0,0.0,0.0,50.13980946292527,10.758660087445506,54694.0,0,0,0,49,UTAH
2599,490381,212.0,493.2031611212811,0.42984314925724526,213.5,52.0,3.5,158.0,255.95495091940612,27.0,25.0,3.25,0.25,13.0,55.25,15.25,74.5,0.0,0.0,28.693606460431184,13.761344458974971,54694.0,0,0,0,49,UTAH
2598,490380,375.25,1292.1904873989874,0.290398361278243,89.0,7.0,0.0,82.0,133.9557685308356,7.0,0.0,0.0,0.0,0.0,35.0,20.0,27.0,0.0,0.0,20.93623766508548,24.019530865750102,66552.0,783,0,0,49,UTAH
2611,490393,121.25,329.31201541437144,0.36819184944537114,963.75,218.0,40.5,705.25,1025.0683448205457,109.5,108.5,39.75,0.75,48.75,253.25,90.75,312.5,0.0,0.0,53.311749597137215,8.00659522340823,76187.0,0,0,1617,49,UTAH
2610,490392,253.75,612.2927605151081,0.4144259353753029,541.5,21.25,138.75,381.5,599.1875316923278,19.0,2.25,9.5,129.25,71.75,197.25,45.0,67.5,0.0,0.0,41.42421955580438,16.263312136523364,67297.0,0,0,0,49,UTAH
2609,490391,233.5,547.9083133489155,0.42616619297634933,1211.0,126.0,43.5,1041.5,1298.1272978380778,49.25,76.75,43.25,0.25,33.25,302.75,117.5,588.0,0.0,0.0,72.11503024938403,15.01226758869374,70166.0,0,0,0,49,UTAH
2616,490398,249.5,644.8257210472809,0.3869262528715193,1539.75,176.0,173.0,1190.75,1648.230206229703,149.75,26.25,172.75,0.25,454.25,285.5,87.5,363.5,0.0,0.0,92.21693057646576,16.26327565323737,81410.0,609,0,0,49,UTAH
2615,490397,269.5,698.8594070741666,0.38562834995422657,74.75,8.25,8.0,58.5,108.60758634824518,7.25,1.0,7.0,1.0,3.75,23.25,4.25,27.25,0.0,0.0,16.343472677202882,17.51411367104229,73538.0,0,0,0,49,UTAH
2608,490390,67.0,161.5798396026601,0.4146556907393847,337.75,68.0,9.0,260.75,360.5386404197756,64.25,3.75,9.0,0.0,17.75,43.5,26.5,173.0,0.0,0.0,18.034620035456967,4.754020384318681,82474.0,0,0,0,49,UTAH
2596,490378,602.75,1705.893979174498,0.35333379879309834,2034.75,309.25,4.0,1721.5,2191.3050274129077,139.75,169.5,2.25,1.75,102.75,177.5,482.25,959.0,0.0,0.0,117.52328975606312,39.03173765684392,74290.0,0,0,0,49,UTAH
2606,490388,157.5,546.9212666270423,0.2879756367334729,164.25,51.25,10.25,102.75,188.60041206523167,28.25,23.0,2.25,8.0,1.0,82.0,2.5,17.25,0.0,0.0,14.342517217813215,10.007894847418507,77253.0,0,2002,0,49,UTAH
2614,490396,135.25,324.18630610905745,0.4171983746731776,244.25,31.0,19.25,194.0,269.9234746972345,24.75,6.25,19.25,0.0,14.0,77.0,11.25,91.75,0.0,0.0,16.91638138433488,8.757093312899585,68933.0,0,0,0,49,UTAH
2612,490394,150.0,531.0244894431052,0.2824728482057535,78.0,0.0,0.0,78.0,98.16806871207471,0.0,0.0,0.0,0.0,5.0,73.0,0.0,0.0,0.0,0.0,10.159930851345525,10.00813786072921,77253.0,477,125,0,49,UTAH
2605,490387,350.0,1225.7488410274248,0.2855397356171509,75.0,7.75,5.0,62.25,116.45533147032418,6.75,1.0,3.5,1.5,12.75,9.5,7.0,33.0,0.0,0.0,18.936954496049548,22.518376974274634,77253.0,0,0,0,49,UTAH
2539,490321,45.0,162.06084702882464,0.2776734839106213,0.0,0.0,0.0,0.0,5.00740558602096,0.0,0.0,0.0,0.0,0.0,0.0,0.0,0.0,0.0,0.0,2.0049642278021973,3.0024413582187632,112546.0,0,0,0,49,UTAH
2538,490320,230.75,838.7500078291173,0.2751117709044622,13.0,0.0,0.0,13.0,39.12324497920741,0.0,0.0,0.0,0.0,0.0,13.0,0.0,0.0,0.0,0.0,11.111038188113591,15.012206791093815,112546.0,0,0,0,49,UTAH
2537,490319,185.0,652.1910962616809,0.28365919292736225,0.0,0.0,0.0,0.0,20.250920419673257,0.0,0.0,0.0,0.0,0.0,0.0,0.0,0.0,0.0,0.0,8.241154986798204,12.009765432875056,77253.0,0,0,0,49,UTAH
2542,490324,202.25,491.0128938929151,0.4119036435000598,3.25,1.5,0.25,1.5,25.4186038799506,1.5,0.0,0.25,0.0,0.0,0.25,0.25,1.0,0.0,0.0,9.15802466100263,13.010579218947974,93596.0,0,0,0,49,UTAH
2679,490461,232.25,625.4634754295896,0.3713246402445527,96.0,0.0,0.0,96.0,125.63936831700438,0.0,0.0,0.0,0.0,0.0,96.0,0.0,0.0,0.0,0.0,14.62716152591057,15.012206791093815,71196.0,0,1332,0,49,UTAH
2678,490460,259.0,753.0935057585019,0.34391479679424397,48.0,0.0,0.0,48.0,78.69238611250896,0.0,0.0,0.0,0.0,0.0,48.0,0.0,0.0,0.0,0.0,13.6785517492693,17.01383436323966,66634.0,718,0,0,49,UTAH
2686,490468,357.0,1288.6468063477366,0.27703479203258496,0.0,0.0,0.0,0.0,38.92969228501742,0.0,0.0,0.0,0.0,0.0,0.0,0.0,0.0,0.0,0.0,15.910975205340232,23.018717079677185,129697.0,0,0,0,49,UTAH
2684,490466,272.5,627.4612013444589,0.4342898005743068,0.0,0.0,0.0,0.0,29.66034777655547,0.0,0.0,0.0,0.0,0.0,0.0,0.0,0.0,0.0,0.0,12.14617330791326,17.51417446864221,86845.0,0,0,0,49,UTAH
2683,490465,185.5,702.0792923591766,0.26421517059229843,0.0,0.0,0.0,0.0,20.275424438213776,0.0,0.0,0.0,0.0,0.0,0.0,0.0,0.0,0.0,0.0,8.26565900533872,12.009765432875056,89000.0,0,0,0,49,UTAH
2617,490399,463.5,1450.2133627708556,0.3196081431179285,3.0,0.0,3.0,0.0,54.06410502333941,0.0,0.0,3.0,0.0,0.0,0.0,0.0,0.0,0.0,0.0,21.03969144115177,30.024413582187638,89230.0,0,0,0,49,UTAH
2540,490322,322.75,804.4402708456553,0.40121064508706666,353.75,38.0,10.75,305.0,404.9174604060856,26.75,11.25,9.25,1.5,26.5,122.0,43.75,112.75,0.0,0.0,30.150370898554232,21.017089507531345,77804.0,0,0,0,49,UTAH
2620,490402,324.25,929.9423761744604,0.3486775184220335,0.0,0.0,0.0,0.0,35.467791144452995,0.0,0.0,0.0,0.0,0.0,0.0,0.0,0.0,0.0,0.0,14.450701636921648,21.017089507531345,96918.0,0,0,0,49,UTAH
2621,490403,292.25,1070.9031113124347,0.27290050510903446,0.0,0.0,0.0,0.0,98.48025991341696,0.0,0.0,0.0,0.0,0.0,0.0,0.0,0.0,0.0,65.94202898043478,13.522768997596692,19.015461935385503,89205.0,0,0,0,49,UTAH
2685,490467,262.4999836217087,789.5836657404351,0.3324536651547222,0.0,0.0,0.0,0.0,30.20984648015609,0.0,0.0,0.0,0.0,0.0,0.0,0.0,0.0,0.0,0.0,13.196025335625157,17.013821144530937,86845.0,0,0,0,49,UTAH
2622,490404,244.4999996192935,848.4693778807658,0.28816596802819766,0.0,0.0,0.0,0.0,29.952746796284853,0.0,0.0,0.0,0.0,0.0,0.0,0.0,0.0,0.0,0.0,14.441062539141372,15.511684257143484,103369.0,0,0,0,49,UTAH
2628,490410,237.74999983034812,761.0537393317234,0.31239581062845173,0.0,0.0,0.0,0.0,36.00018521461892,0.0,0.0,0.0,0.0,0.0,0.0,0.0,0.0,0.0,10.144927527243619,10.592820145415631,15.262437541959663,123639.0,0,0,0,49,UTAH
2627,490409,131.75,461.4950995525468,0.2854851549404127,147.0,0.0,0.0,147.0,168.17818047879362,0.0,0.0,0.0,0.0,0.0,147.0,0.0,0.0,0.0,0.0,12.421147963493947,8.757032515299663,103369.0,0,0,2989,49,UTAH
2626,490408,457.25,1712.5533535648833,0.2669989808190091,122.25,1.25,0.0,121.0,177.3466169144986,1.25,0.0,0.0,0.0,35.75,34.25,1.75,49.25,0.0,0.0,25.82272555902728,29.27389135547133,132678.0,999,0,0,49,UTAH
2636,490418,85.0,269.5402324382769,0.3153518093795682,1412.5,544.25,26.0,842.25,1484.7252598562366,408.0,136.25,25.5,0.5,72.0,82.75,177.75,509.75,0.0,0.0,66.72064429044453,5.50461556579186,127755.0,0,0,0,49,UTAH
2635,490417,161.0,519.1172905416477,0.3101418560572552,491.75,62.0,4.25,425.5,530.8512902651706,58.75,3.25,4.0,0.25,31.75,98.5,101.25,194.0,0.0,0.0,29.09315240444145,10.00813786072921,123256.0,647,78,0,49,UTAH
2634,490416,321.25,742.2094717899923,0.43282929174325796,84.0,0.0,0.0,84.0,127.06852447859802,0.0,0.0,0.0,0.0,12.75,0.0,0.0,71.25,0.0,0.0,22.551714278869312,20.51681019972872,103369.0,0,0,0,49,UTAH
2633,490415,363.0,1362.9557358710415,0.26633293396576296,210.75,44.75,9.5,156.5,259.3323400833313,13.25,31.5,0.25,9.25,14.25,5.25,80.0,57.0,0.0,0.0,25.563623003654136,23.018717079677185,132678.0,0,0,0,49,UTAH
2625,490407,305.0,1145.442875196386,0.2662725541399939,127.75,15.0,0.25,112.5,167.54707833256407,13.0,2.0,0.25,0.0,13.75,14.5,8.25,76.0,0.0,0.0,19.78080261110565,20.01627572145842,132678.0,0,0,0,49,UTAH
2644,490426,443.0,1175.7576132949976,0.37677833848637926,449.0,106.75,0.0,342.25,529.0241357180531,94.5,12.25,0.0,0.0,0.0,24.5,94.5,223.25,1.011986022657596,0.0,50.49249817797583,28.519651517419703,152001.0,0,0,0,49,UTAH
2645,490427,0.0,0.0,0.0,1143.0,0.0,1143.0,0.0,1193.933337557403,0.0,0.0,1138.0,5.0,0.0,0.0,0.0,0.0,0.0,0.0,50.93333755740322,0.0,152001.0,0,0,0,49,UTAH
2643,490425,53.25,128.31572061897853,0.41499201924073564,141.0,0.0,0.0,141.0,152.86807266676536,0.0,0.0,0.0,0.0,0.0,141.0,0.0,0.0,0.0,0.0,8.61467151867291,3.253401148092461,109972.0,799,0,0,49,UTAH
2642,490424,566.0,1485.081586387632,0.38112384207574723,57.0,6.25,0.0,50.75,121.47192424978554,5.25,1.0,0.0,0.0,4.0,5.75,5.0,36.0,0.0,0.0,27.691534774812943,36.78038947497261,109972.0,0,0,0,49,UTAH
2632,490414,154.25,576.4679476101694,0.2675777562993147,222.0,4.0,52.0,166.0,248.77498181223945,4.0,0.0,0.0,52.0,12.0,0.0,0.0,154.0,0.0,0.0,16.7668439515102,10.00813786072921,132678.0,0,0,0,49,UTAH
2656,490438,3973.25,12803.849960726016,0.3103168197212071,0.0,0.0,0.0,0.0,435.5859501953094,0.0,0.0,0.0,0.0,0.0,0.0,0.0,0.0,0.0,0.0,179.3572894837052,256.2286607116042,128261.0,0,0,0,49,UTAH
2655,490437,362.75,971.5376645525585,0.3733771867373402,0.0,0.0,0.0,0.0,40.53596503595537,0.0,0.0,0.0,0.0,0.0,0.0,0.0,0.0,0.0,0.0,17.268924463543122,23.26704057241225,109972.0,0,0,0,49,UTAH
2624,490406,648.75,1775.64245863645,0.36536071597329767,0.0,0.0,0.0,0.0,70.94369061171068,0.0,0.0,0.0,0.0,0.0,0.0,0.0,0.0,0.0,0.0,28.90951159664798,42.03417901506269,51324.0,0,0,0,49,UTAH
2623,490405,53.5,132.2868226131963,0.4044242574064448,1118.25,35.75,8.5,1074.0,1173.9687529095015,30.75,5.0,8.25,0.25,134.75,45.5,728.5,165.25,0.0,0.0,52.216336054390894,3.50241685511077,51324.0,0,0,0,49,UTAH
2618,490400,268.0,677.3969964642779,0.3956321055434925,3271.25,303.5,475.5,2492.25,3445.972907539261,262.25,41.25,37.75,437.75,1309.25,220.25,341.0,621.75,0.0,0.0,157.7090731760214,17.01383436323966,51324.0,0,0,0,49,UTAH
2550,490332,0.0,0.0,0.0,4448.25,437.5,186.75,3824.0,4646.457782312874,361.75,75.75,65.25,121.5,1065.5,329.25,653.75,1775.5,0.0,0.0,198.2077823128737,0.0,75570.0,0,0,0,49,UTAH
2631,490413,0.9999999998775219,0.9999999998775219,1.0,1691.999999792767,346.49999995756133,12.749999998438403,1332.7499998367673,1767.4343634116383,118.74999998545572,227.7499999721056,11.499999998591502,1.2499999998469022,208.24999997449393,126.49999998450652,246.24999996983976,751.7499999079271,0.0,0.0,75.4343636188713,0.0,51324.0,698,0,0,49,UTAH
2629,490411,0.0,0.0,0.0,999.5,379.5,12.5,607.5,1044.036572879706,76.25,303.25,11.0,1.5,44.75,37.0,113.25,412.5,0.0,0.0,44.53657287970606,0.0,51324.0,0,0,0,49,UTAH
2543,490325,275.75,784.1354181561735,0.35166119730747813,962.5,131.5,270.0,561.0,1301.4597388196798,120.0,11.5,176.5,93.5,52.75,64.75,90.0,353.5,0.0,263.76811598470766,57.42726624501623,17.764356589955955,74404.0,0,0,0,49,UTAH
2547,490329,0.0,0.0,0.0,392.5,92.75,4.5,295.25,409.9875150364279,48.0,44.75,4.25,0.25,17.75,24.25,29.5,223.75,0.0,0.0,17.487515036427872,0.0,75570.0,0,0,0,49,UTAH
2546,490328,230.25,722.6615549460771,0.3186138773041283,34.75,28.25,1.0,5.5,61.57061306843994,28.25,0.0,0.0,1.0,0.0,0.0,0.25,5.25,0.0,0.0,11.808406277346124,15.012206791093815,75570.0,0,0,0,49,UTAH
2545,490327,5.25,15.134649691245617,0.3468861260156404,284.0,0.0,0.0,284.0,297.1450230093853,0.0,0.0,0.0,0.0,0.0,284.0,0.0,0.0,0.0,0.0,12.894731450028624,0.2502915593566257,75570.0,0,0,0,49,UTAH
2544,490326,421.75,1275.8515582038765,0.33056353404759165,28.25,3.5,3.0,21.75,75.3246602455154,3.25,0.25,1.0,2.0,2.0,1.25,0.75,17.75,0.0,0.0,20.052688021546537,27.021972223968863,85040.0,0,0,0,49,UTAH
2541,490323,265.5,1037.4272936185114,0.25592154904074765,49.0,0.0,0.0,49.0,80.02778293550404,0.0,0.0,0.0,0.0,0.0,49.0,0.0,0.0,0.0,0.0,14.01394857226438,17.01383436323966,93596.0,669,0,0,49,UTAH
2549,490331,779.5,1963.1765455721209,0.39706057091917496,2638.5,162.75,59.0,2416.75,2866.7107072317217,104.75,58.0,58.0,1.0,909.5,135.5,136.75,1235.0,0.0,0.0,178.16755277565522,50.04315445606675,75570.0,0,0,0,49,UTAH
2548,490330,0.0,0.0,0.0,586.75,53.25,15.75,517.75,612.8981069231875,44.25,9.0,14.75,1.0,178.25,57.0,87.75,194.75,0.0,0.0,26.1481069231875,0.0,75570.0,0,0,0,49,UTAH
2551,490333,0.0,0.0,0.0,616.0,35.75,12.75,567.5,643.4371048603283,32.0,3.75,12.0,0.75,354.0,38.5,53.0,122.0,0.0,0.0,27.43710486032829,0.0,75570.0,0,0,0,49,UTAH
2554,490336,146.75,441.3984442586677,0.33246605625551723,479.75,59.25,11.75,408.75,516.9171792434618,48.75,10.5,11.25,0.5,40.0,70.75,84.75,213.25,0.0,0.0,27.9095636094488,9.257615634012916,85040.0,0,0,0,49,UTAH
2556,490338,0.0,0.0,0.0,955.25,388.25,13.5,553.5,997.8141768611756,111.5,276.75,6.0,7.5,236.0,31.0,102.5,184.0,0.0,0.0,42.56417686117563,0.0,72767.0,0,0,0,49,UTAH
2557,490339,664.25,2046.7009935217304,0.3245466739413822,1407.75,324.0,143.0,940.75,1543.0952652347294,295.25,28.75,68.75,74.25,481.75,73.25,162.25,223.5,0.0,0.0,92.31027243359384,43.03499280113561,72767.0,0,0,0,49,UTAH
2558,490340,1.9999999639342683,4.521952668749526,0.4422867974173946,51.24999907581562,7.999999855737073,5.999999891802805,37.24999932827575,53.62105835413081,7.499999864753506,0.49999999098356707,5.249999905327455,0.7499999864753506,3.9999999278685365,7.749999860245289,5.249999905327455,20.249999634834467,0.0,0.0,2.3710592783151876,0.0,72767.0,0,0,0,49,UTAH
2641,490423,714.5,1855.2710208396795,0.38511893517132795,0.0,0.0,0.0,0.0,78.13800430075509,0.0,0.0,0.0,0.0,0.0,0.0,0.0,0.0,0.0,0.0,32.35075226271445,45.78725203804063,109972.0,0,0,0,49,UTAH
2649,490431,109.75,285.4479016487662,0.3844834709454042,0.0,0.0,0.0,0.0,11.892884835503336,0.0,0.0,0.0,0.0,0.0,0.0,0.0,0.0,0.0,0.0,4.887188332992886,7.005696502510448,109972.0,0,0,0,49,UTAH
2637,490419,0.0,0.0,0.0,2366.2500060029024,349.25000088600683,22.750000057714118,1994.2500050591814,2471.674446486524,81.50000020675607,267.7500006792508,21.250000053908792,1.5000000038053263,1455.7500036930692,69.50000017631345,180.50000045790762,288.50000073189113,0.0,0.0,105.42444048362111,0.0,100955.0,0,0,0,49,UTAH
2652,490434,364.25,945.1363025930232,0.3853941479135486,34.0,0.0,0.0,34.0,75.25549734519953,0.0,0.0,0.0,0.0,0.0,34.0,0.0,0.0,0.0,0.0,17.73631874200894,23.5191786031906,109972.0,710,0,0,49,UTAH
2647,490429,633.7500001661008,1826.6333377558149,0.34694976110789716,0.0,0.0,0.0,0.0,69.27341850825381,0.0,0.0,0.0,0.0,0.0,0.0,0.0,0.0,0.0,0.0,28.24005326850953,41.03336523974428,101097.0,0,0,0,49,UTAH
2651,490433,232.74999990360362,671.9915258382528,0.3463585342289363,0.0,0.0,0.0,0.0,25.384015401213837,0.0,0.0,0.0,0.0,0.0,0.0,0.0,0.0,0.0,0.0,10.371808616337516,15.01220678487632,101939.0,0,0,0,49,UTAH
2650,490432,1024.0,2600.311135217408,0.3937990289436595,8.5,1.5,3.75,3.25,121.49615516356424,1.5,0.0,3.75,0.0,1.0,0.25,0.0,2.0,1.011986022657596,0.0,45.9350290767318,66.04914006417486,100955.0,0,0,0,49,UTAH
2653,490435,78.75,214.717070725145,0.3667617098819604,234.25,45.0,109.75,79.5,304.0300056906856,44.75,0.25,108.25,1.5,17.75,9.25,6.25,46.25,0.0,0.0,64.7762888456815,5.003716845004103,109972.0,0,0,0,49,UTAH
2711,490493,496.75,1398.5807169666118,0.35518150219988975,280.5,27.25,62.25,191.0,373.6502185565223,26.25,1.0,25.5,36.75,77.25,38.5,21.0,54.25,0.0,0.0,61.12392223172112,32.02629632480114,140614.0,927,0,0,49,UTAH
2707,490489,457.25,1271.4155072113708,0.3596385268281795,388.5,99.25,26.0,263.25,456.4692805456605,70.75,28.5,2.0,24.0,12.0,13.25,54.0,184.0,0.0,0.0,38.44510978798952,29.524170757671,127394.0,0,0,0,49,UTAH
2714,490496,202.0,527.9608737051435,0.38260410962349706,0.0,0.0,0.0,0.0,22.012585652143365,0.0,0.0,0.0,0.0,0.0,0.0,0.0,0.0,0.0,0.0,9.002006433195389,13.010579218947974,141904.0,0,0,0,49,UTAH
2708,490490,106.25,350.03981042875546,0.3035369030449905,58.0,15.5,3.25,39.25,72.32463773624147,15.5,0.0,0.0,3.25,0.0,0.0,0.0,39.25,0.0,0.0,7.318941233731026,7.005696502510448,132626.0,0,0,0,49,UTAH
2709,490491,76.0,249.8051156214193,0.3042371642828096,0.0,0.0,0.0,0.0,8.39071254747978,0.0,0.0,0.0,0.0,0.0,0.0,0.0,0.0,0.0,0.0,3.3866436171151744,5.004068930364605,132626.0,0,0,0,49,UTAH
2706,490488,32.5,88.20103315746539,0.3684764093633429,0.0,0.0,0.0,0.0,3.1788696270456573,0.0,0.0,0.0,0.0,0.0,0.0,0.0,0.0,0.0,0.0,1.4273270842317365,1.751542542813921,152001.0,0,0,0,49,UTAH
2699,490481,348.5,1287.9281847376756,0.2705896214787646,0.0,0.0,0.0,0.0,37.79669398990062,0.0,0.0,0.0,0.0,0.0,0.0,0.0,0.0,0.0,0.0,15.528547777382691,22.26814621251793,137505.0,0,0,0,49,UTAH
2702,490484,535.0,1482.0180344347882,0.36099425753886877,1243.0,469.75,80.25,693.0,1373.4878612675795,240.0,229.75,6.5,73.75,44.0,213.0,74.5,361.5,0.0,0.0,95.95958510807314,34.52827615950649,132959.0,0,0,0,49,UTAH
2690,490472,348.75,1120.4685282538078,0.3112537221759444,61.0,0.0,0.0,61.0,101.52788184307782,0.0,0.0,0.0,0.0,0.0,61.0,0.0,0.0,0.0,0.0,18.25968699011694,22.26819485296089,123845.0,0,1194,0,49,UTAH
2691,490473,223.0,666.0251970867586,0.3348221673525533,96.0,16.75,26.5,52.75,124.72524158661604,14.75,2.0,2.0,24.5,3.75,7.0,3.0,39.0,0.0,0.0,14.71384858159516,14.011393005020894,111764.0,0,0,0,49,UTAH
2689,490471,151.5,486.50034203184,0.31140779751000625,0.0,0.0,0.0,0.0,16.76032618111293,0.0,0.0,0.0,0.0,0.0,0.0,0.0,0.0,0.0,0.0,6.752188320383722,10.00813786072921,123233.0,0,0,0,49,UTAH
2703,490485,243.25,727.0449246554141,0.3345735480036386,569.0,78.75,109.5,380.75,621.2077476770338,29.75,49.0,1.0,108.5,55.75,22.0,50.0,253.0,0.0,0.0,36.19472709986709,16.01302057716674,112892.0,0,0,0,49,UTAH
2704,490486,224.0,876.9745508067886,0.25542360356287097,0.0,0.0,0.0,0.0,23.99307945546562,0.0,0.0,0.0,0.0,0.0,0.0,0.0,0.0,0.0,0.0,9.981686450444723,14.011393005020894,109118.0,0,0,0,49,UTAH
2705,490487,343.0,1180.49975625169,0.29055490963343344,88.0,0.0,0.25,87.75,129.22373749066531,0.0,0.0,0.25,0.0,30.5,2.25,0.0,55.0,0.0,0.0,19.20583419706105,22.017903293604263,85589.0,0,0,0,49,UTAH
2710,490492,122.0,398.15328216924456,0.306414653510607,14.0,0.0,1.0,13.0,28.066819919210523,0.0,0.0,1.0,0.0,5.0,4.0,2.0,2.0,0.0,0.0,6.060309630627155,8.00651028858337,132626.0,0,0,0,49,UTAH
2698,490480,381.0,1207.570037415462,0.31550965011971205,104.0,0.0,13.0,91.0,150.63247826104487,0.0,0.0,13.0,0.0,17.5,49.5,1.0,23.0,0.0,0.0,21.61213360922184,25.02034465182303,92729.0,0,0,0,49,UTAH
2692,490474,468.0,1360.9082509443424,0.34388798780171403,175.0,47.5,1.75,125.75,236.9938018115246,0.5,47.0,0.0,1.75,0.25,123.0,1.0,1.5,0.0,0.0,31.97096771549692,30.02283409602768,112892.0,0,0,2537,49,UTAH
2694,490476,357.0,1253.974176031246,0.28469485801524547,87.0,1.0,9.0,77.0,129.80564396165792,0.0,1.0,8.0,1.0,44.0,4.0,11.0,18.0,0.0,0.0,19.786926881980747,23.018717079677185,117955.0,0,0,0,49,UTAH
2695,490477,442.5,1344.9504872217774,0.3290083941410056,0.0,0.0,0.0,0.0,48.24221472197837,0.0,0.0,0.0,0.0,0.0,0.0,0.0,0.0,0.0,0.0,19.71884559322333,28.523369128755043,85999.0,0,0,0,49,UTAH
2787,490569,569.5,1628.834205252641,0.3496365671616452,1897.75,155.0,147.75,1595.0,2047.0344817862883,126.0,29.0,36.0,111.75,76.75,404.5,679.75,434.0,2.023972045315192,0.0,110.48543988328956,36.77506985768346,91242.0,0,0,0,49,UTAH
2677,490459,340.5,1095.2073909117628,0.3109000202386627,109.0,1.0,2.0,106.0,151.03330934766515,1.0,0.0,0.0,2.0,6.0,1.0,0.0,99.0,0.0,0.0,20.26544244294984,21.767866904715305,91242.0,0,0,0,49,UTAH
2671,490453,468.0,1429.2881458039074,0.3274357248214439,172.5,13.0,66.75,92.75,235.81582992939508,12.0,1.0,1.0,65.75,21.0,10.25,20.25,41.25,0.0,0.0,33.04112478785082,30.27470514154426,68889.0,0,0,0,49,UTAH
2670,490452,440.0,1180.8239213415743,0.37262117750807505,720.0,3.0,24.0,693.0,802.467209530791,2.0,1.0,20.0,4.0,4.0,386.0,3.0,300.0,0.0,0.0,53.943901199635846,28.52330833115512,59008.0,866,0,0,49,UTAH
2783,490565,590.75,1477.4233126523754,0.3998515489372126,231.0,0.0,3.0,228.0,307.653161834198,0.0,0.0,2.0,1.0,27.0,153.0,1.0,47.0,0.0,0.0,38.37218941738098,38.28097241681692,80035.0,0,0,2393,49,UTAH
2788,490570,601.0,1894.9863445323329,0.3171526811969307,374.0,0.0,0.0,374.0,456.2292289582722,0.0,0.0,0.0,0.0,0.0,374.0,0.0,0.0,0.0,0.0,43.44747904987429,38.78174990839792,117317.0,576,327,0,49,UTAH
2672,490454,344.0,921.1036783078962,0.3734650160467729,439.0,40.5,4.75,393.75,495.91209318004616,35.5,5.0,4.5,0.25,25.25,47.25,45.75,275.5,0.0,0.0,34.89418988644187,22.017903293604263,71196.0,0,0,0,49,UTAH
2661,490443,381.75,900.5715253128535,0.4238974798446822,1712.25,684.75,213.0,814.5,1830.1070135477937,209.25,475.5,158.75,54.25,86.5,73.5,170.5,484.0,0.0,0.0,93.33773802949032,24.519275518303484,36579.0,0,0,0,49,UTAH
2669,490451,536.5,1846.8668558428935,0.2904919747206932,565.0,149.5,12.25,403.25,648.8613852288821,86.0,63.5,9.0,3.25,19.75,29.75,104.5,249.25,0.0,0.0,49.08313347808654,34.77825175079553,82722.0,0,0,0,49,UTAH
2667,490449,259.25,681.0520768021983,0.3806610519672425,296.0,23.0,7.25,265.75,340.25796226158275,23.0,0.0,0.0,7.25,17.75,42.25,159.75,46.0,0.0,0.0,27.494358660099813,16.763603601482956,57297.0,0,0,0,49,UTAH
2668,490450,223.5,390.36894773843727,0.5725352933291044,623.0,30.0,201.0,392.0,679.9803634430247,28.0,2.0,23.25,177.75,22.75,77.25,125.0,167.0,0.0,0.0,42.71873967624711,14.2616237667776,38529.0,453,0,0,49,UTAH
2779,490561,773.25,2532.730561856381,0.3053029057434524,384.75,31.0,18.0,335.75,517.5785392091407,30.75,0.25,14.0,4.0,112.25,42.25,80.25,101.0,0.0,30.434782600299847,52.35306730519473,50.04068930364606,75176.0,519,22,174,49,UTAH
2664,490446,401.25,892.6135598433927,0.44952263560772987,1710.75,428.75,260.5,1021.5,1836.8822257096103,223.25,205.5,37.5,223.0,172.0,88.0,147.75,613.75,0.0,0.0,100.3611523010463,25.77107340856403,36579.0,0,0,0,49,UTAH
2665,490447,23.0,61.8810258385352,0.37168097471450123,1832.25,304.5,520.5,1007.25,1921.164662813126,274.25,30.25,15.0,505.5,124.75,242.0,202.25,438.25,0.0,0.0,87.41355756209383,1.5011052510325125,55929.0,0,0,0,49,UTAH
2666,490448,198.75,380.3180608882612,0.5225889076522018,862.25,272.75,213.5,376.0,928.2989081982738,150.75,122.0,79.75,133.75,46.75,9.25,81.5,238.5,0.0,0.0,53.03835329363969,13.01055490463405,38900.0,0,0,0,49,UTAH
2770,490552,481.75,1073.569900329038,0.4487365003921483,1112.0,324.0,21.75,766.25,1214.0466777625493,63.5,260.5,19.25,2.5,435.25,59.5,203.75,67.75,0.0,0.0,71.02145039428855,31.025227368260552,51709.0,0,0,0,49,UTAH
2658,490440,406.25,976.0155426870772,0.41623312563399295,316.0,20.75,74.75,220.5,382.9747422834668,19.75,1.0,6.5,68.25,13.75,112.5,24.0,70.25,0.0,0.0,40.70314655378943,26.27159572967736,57339.0,743,0,0,49,UTAH
2659,490441,113.75,286.5234795325233,0.3970006234239111,1079.25,120.25,403.75,555.25,1143.6347617265264,108.75,11.5,12.25,391.5,88.25,76.25,88.25,302.5,0.0,0.0,56.87842149660688,7.506340229919527,56267.0,0,0,0,49,UTAH
2755,490537,65.0,157.87260978820672,0.4117243648990186,1008.0,61.0,237.0,710.0,1059.7917494134815,5.75,55.25,212.0,25.0,529.25,58.25,22.0,100.5,0.0,0.0,47.7882757472821,4.003473666199476,67267.0,411,0,100,49,UTAH
2748,490530,48.25,131.88388470440114,0.3658521290007909,2328.0,240.75,560.25,1527.0,2436.8819496562924,174.25,66.5,130.25,430.0,738.75,72.75,116.25,599.25,0.0,0.0,105.87973915422772,3.0022105020650245,60581.0,0,0,0,49,UTAH
2757,490539,555.75,1271.985528956478,0.4369153479724968,402.5,40.25,5.75,356.5,481.49902827445055,23.0,17.25,1.5,4.25,185.25,25.5,8.75,137.0,0.0,0.0,42.96967117822548,36.02935709622509,58545.0,0,0,0,49,UTAH
2663,490445,142.0,310.12960677133924,0.4578730856377012,2343.5,1373.75,78.75,891.0,2462.84639993643,744.5,629.25,6.0,72.75,90.75,62.75,232.0,505.5,0.0,0.0,110.3390758617733,9.007324074656289,36579.0,0,0,0,49,UTAH
2604,490386,254.0,685.8391336817931,0.3703492371985989,351.5,73.25,17.75,260.5,395.0639344526894,64.25,9.0,8.75,9.0,20.5,21.5,19.0,199.5,0.0,0.0,27.052055987209265,16.51187846548014,80705.0,0,0,0,49,UTAH
2588,490370,86.0,218.39576065444808,0.3937805374165281,0.0,0.0,0.0,0.0,67.3159446787932,0.0,0.0,0.0,0.0,0.0,0.0,0.0,0.0,0.0,0.0,61.81208247906248,5.503862199730722,83312.0,0,0,0,49,UTAH
2583,490365,624.2466105888598,1843.3225944245473,0.3386529370805757,17.55693592281168,0.9753853290450933,6.340004638793107,10.24154595497348,86.37153816165633,0.9753853290450933,0.0,0.0,6.340004638793107,9.266160625928388,0.0,0.0,0.9753853290450933,0.0,0.0,28.547887639235796,40.266714599608854,83312.0,0,0,0,49,UTAH
2657,490439,115.0,273.88596402797907,0.41988278007649954,821.5,441.0,90.25,290.25,871.2374907337489,290.5,150.5,6.0,84.25,22.25,22.0,18.75,227.25,0.0,0.0,42.48150267188181,7.255988061867074,55929.0,0,0,0,49,UTAH
2564,490346,210.47787595191136,598.615953701914,0.3516075284166593,0.0,0.0,0.0,0.0,23.79838369641373,0.0,0.0,0.0,0.0,0.0,0.0,0.0,0.0,0.6464360198543055,0.0,9.406602464724399,13.745345211835026,83312.0,0,0,0,49,UTAH
2571,490353,0.0,0.0,0.0,1394.25,293.25,626.5,474.5,1456.380522183302,291.0,2.25,314.25,312.25,357.0,16.25,12.75,88.5,0.0,0.0,62.130522183301935,0.0,83312.0,0,0,0,49,UTAH
2569,490351,3.0,7.203254583822155,0.4164784077932943,354.75,0.25,229.5,125.0,370.69223143111486,0.25,0.0,63.0,166.5,122.0,2.0,1.0,0.0,0.0,0.0,15.942231431114877,0.0,83312.0,0,0,0,49,UTAH
2730,490512,0.0,0.0,0.0,1344.5,336.0,16.25,992.25,1404.4121601515117,320.75,15.25,10.75,5.5,710.75,50.25,58.25,173.0,0.0,0.0,59.91216015151171,0.0,83312.0,0,0,0,49,UTAH
2729,490511,0.0,0.0,0.0,3271.0,318.25,746.5,2206.25,3416.7608788713287,289.75,28.5,314.25,432.25,1225.75,25.5,30.0,925.0,0.0,0.0,145.76087887132854,0.0,83312.0,0,0,0,49,UTAH
2726,490508,0.0,0.0,0.0,204.0,0.0,172.25,31.75,213.09046444594077,0.0,0.0,130.0,42.25,17.75,0.0,0.0,14.0,0.0,0.0,9.090464445940732,0.0,83312.0,0,0,0,49,UTAH
2566,490348,4.0,9.884556417351018,0.4046716747934722,792.5,29.25,516.25,247.0,827.9936266981391,26.25,3.0,134.0,382.25,135.5,59.0,11.5,41.0,0.0,0.0,35.49362669813914,0.0,83312.0,0,0,0,49,UTAH
2784,490566,385.5,1172.9817999068057,0.32864960055699777,49.0,1.0,0.0,48.0,93.38209525769336,0.0,1.0,0.0,0.0,18.0,2.0,19.0,9.0,0.0,0.0,19.36175060587032,25.02034465182303,79428.0,0,0,0,49,UTAH
2786,490568,255.75,871.1075447759998,0.29359176319126545,48.0,0.0,0.0,48.0,78.0505857845681,0.0,0.0,0.0,0.0,14.0,1.0,0.0,33.0,0.0,0.0,13.537042886288038,16.51354289828007,85941.0,0,0,0,49,UTAH
2772,490554,428.5,1205.471963852771,0.3554624353356876,164.0,1.0,1.0,162.0,218.42452752470496,0.0,1.0,0.0,1.0,84.5,59.0,3.0,15.5,0.0,0.0,26.4017415146632,28.022786010041795,67702.0,820,0,0,49,UTAH
2768,490550,25.0,41.183463131677975,0.6070397703094136,665.75,47.5,124.0,494.25,698.5276383857647,44.25,3.25,51.5,72.5,265.75,18.75,92.0,117.75,0.0,0.0,30.776010813618903,2.0016275721458423,29406.0,0,0,0,49,UTAH
2774,490556,398.25,1086.3225473646444,0.366603824035625,139.0,4.0,1.0,134.0,189.7126248079951,4.0,0.0,0.0,1.0,3.0,112.0,6.0,13.0,0.0,0.0,24.69146637009913,26.02115843789595,48069.0,515,0,0,49,UTAH
2773,490555,1017.5,2652.1533724999,0.3836505122782217,715.5,23.25,62.25,630.0,936.8811071094352,5.0,18.25,39.0,23.25,362.25,216.25,30.75,20.75,0.0,0.0,155.57276716926793,65.80833994016729,43534.0,159,0,0,49,UTAH
2769,490551,357.75,628.0220021810517,0.5696456473779158,1598.0,240.5,217.5,1140.0,1714.1873561480902,103.25,137.25,17.0,200.5,461.75,245.75,140.5,292.0,0.0,0.0,93.16845685270226,23.018899295387964,29406.0,0,0,0,49,UTAH
2752,490534,682.5,1682.0341571224683,0.40575870419158644,709.25,212.25,102.5,394.5,815.2886799004176,88.75,123.5,1.0,101.5,132.25,59.75,74.0,128.5,0.0,0.0,62.00287331320911,44.035806587208526,58854.0,0,0,0,49,UTAH
2753,490535,580.0,1690.9212443066754,0.3430082873184411,693.0,31.25,37.75,624.0,788.5082820183956,22.5,8.75,4.0,33.75,18.25,197.0,16.25,392.5,0.0,0.0,58.227880374340856,37.28040164405471,77014.0,421,0,2239,49,UTAH
2754,490536,594.5,1865.3532592516265,0.31870638821437575,0.0,0.0,0.0,0.0,64.5234936057516,0.0,0.0,0.0,0.0,0.0,0.0,0.0,0.0,0.0,0.0,26.492569734980595,38.030923870771005,82451.0,0,0,0,49,UTAH
2746,490528,449.25,1411.5829179726652,0.3182597311713144,164.25,5.5,38.5,120.25,220.61691485876963,5.5,0.0,1.75,36.75,25.0,19.5,3.25,72.5,0.0,0.0,27.34331506265493,29.02359979611471,81368.0,0,0,0,49,UTAH
2747,490529,405.25,1224.6718449557893,0.3309049699061462,0.0,0.0,0.0,0.0,44.83028816601716,0.0,0.0,0.0,0.0,0.0,0.0,0.0,0.0,0.0,0.0,18.80912972812121,26.02115843789595,132651.0,0,0,0,49,UTAH
2737,490519,38.75,125.75503096525487,0.3081387655234749,560.75,115.0,10.0,435.75,589.7179084622101,45.0,70.0,0.0,10.0,41.0,163.5,0.25,231.0,0.0,0.0,26.716232344018337,2.251676118191767,72724.0,0,0,0,49,UTAH
2766,490548,678.75,1532.2174941312287,0.44298541336316816,749.25,290.25,28.5,430.5,860.8909473601753,177.5,112.75,4.25,24.25,318.0,23.0,57.75,31.75,0.0,0.0,67.8554201751665,43.78552718500887,58545.0,0,0,0,49,UTAH
2758,490540,383.0,1015.9567921474072,0.3769845361144352,1367.75,276.5,85.75,1005.5,1498.008953365258,166.5,110.0,8.25,77.5,585.5,39.0,200.75,180.25,0.0,0.0,105.49072280770773,24.768230557550417,58545.0,0,0,0,49,UTAH
2749,490531,95.25,268.4830958227876,0.3547709389602309,806.0,111.5,365.75,328.75,852.4282326907744,81.5,30.0,214.25,151.5,44.25,30.0,92.75,161.75,0.0,0.0,40.171831380173856,6.256401310600527,52957.0,0,0,0,49,UTAH
2759,490541,676.0,1529.4705482994384,0.44198301219439584,2808.0,1960.75,481.0,366.25,3007.2895212468748,1955.25,5.5,272.75,208.25,115.5,34.75,86.75,129.25,0.0,0.0,155.25371465966606,44.035806587208526,52957.0,0,0,0,49,UTAH
2750,490532,111.25,319.52359209716394,0.34817460353966595,2873.0,356.5,730.75,1785.75,3012.7737225063697,315.25,41.25,134.5,596.25,123.25,271.75,363.5,1027.25,0.0,0.0,132.7677102010657,7.006012305304158,60581.0,317,167,132,49,UTAH
2741,490523,180.75,442.6295942056775,0.40835498205754983,1550.5,215.5,417.5,917.5,1639.1812175601267,122.0,93.5,18.0,399.5,349.5,80.0,111.5,376.5,0.0,0.0,77.1721198147966,11.50909774533002,60581.0,0,0,0,49,UTAH
2727,490509,0.0,0.0,0.0,2824.75,271.75,1001.25,1551.75,2950.6244656866825,257.0,14.75,58.75,942.5,527.25,117.75,94.25,812.5,0.0,0.0,125.87446568668246,0.0,83312.0,0,0,0,49,UTAH
2743,490525,301.0,797.2584530090458,0.3775438176465278,5.5,0.75,0.75,4.0,151.61811581583157,0.5,0.25,0.0,0.75,1.0,0.25,1.5,1.25,0.0,0.0,126.84983526127448,19.268280554557087,60581.0,0,0,0,49,UTAH
2744,490526,78.5,224.56496150485043,0.34956477392535906,1944.75,629.75,386.75,928.25,2042.451701345317,508.0,121.75,109.25,277.5,66.75,102.0,73.0,686.5,0.0,0.0,92.6978995654882,5.003801779828965,60581.0,0,0,0,49,UTAH
2732,490514,2.25,3.3009626123228486,0.6816193529731321,1410.5,54.25,1031.25,325.0,1473.4352881950483,52.5,1.75,853.5,177.75,52.0,84.0,32.5,156.5,0.0,0.0,62.93528819504863,0.0,60581.0,0,0,0,49,UTAH
2824,490606,24.999999972702426,58.626429825567335,0.4264288316222827,4269.49999533812,880.2499990388525,511.9999994409457,2877.2499968583224,4462.853570941047,827.2499990967233,52.99999994212914,363.4999996030933,148.4999998378524,1341.2499985354852,227.24999975186506,370.999999594904,937.749998976068,0.0,0.0,191.35194803296653,2.0016275699602595,70574.0,0,0,0,49,UTAH
2735,490517,177.0,524.6064435963165,0.33739577956118494,284.0,54.25,48.0,181.75,315.8067000291811,22.0,32.25,4.75,43.25,35.0,25.75,10.75,110.25,0.0,0.0,20.54769983633305,11.259000192848056,61067.0,0,0,0,49,UTAH
2800,490582,0.0,0.0,0.0,1496.75,188.0,720.0,588.75,1563.4478774994516,185.0,3.0,656.5,63.5,304.5,30.0,23.5,230.75,0.0,0.0,66.6978774994515,0.0,76529.0,0,0,0,49,UTAH
2791,490573,233.12148535829863,651.8592004239102,0.35762551975441553,128.22836905238427,31.652768576894857,1.6172947448048467,94.95830573068457,178.58106095645653,27.956094874483778,3.6966737024110783,1.6172947448048467,0.0,1.6172947448048467,7.855431617623541,30.72860015129209,54.7569792169641,0.0,0.0,35.322899387525,15.029792516547241,76529.0,0,0,0,49,UTAH
2803,490585,1364.8785163657258,3921.4007882139563,0.34805891824879603,78.52163189534436,2.59723165703473,0.13270526714775993,75.79169497116187,232.72328825904128,2.2939053321255645,0.30332632490916556,0.13270526714775993,0.0,0.13270526714775993,68.64456844048966,2.521400075807439,4.493021187717015,0.0,0.0,65.89760457184987,88.30405179184709,76529.0,546,0,0,49,UTAH
2805,490587,0.0,0.0,0.0,69.25,10.5,23.75,35.0,72.32001963246809,9.75,0.75,23.75,0.0,0.0,4.25,7.75,23.0,0.0,0.0,3.0700196324680924,0.0,76529.0,0,0,0,49,UTAH
2810,490592,1170.25,2514.870544314653,0.46533210333453323,0.0,0.0,0.0,0.0,127.20844895079108,0.0,0.0,0.0,0.0,0.0,0.0,0.0,0.0,0.0,0.0,52.147414995322,75.06103395546909,76529.0,0,0,0,49,UTAH
2811,490593,502.5,1079.6110362833058,0.46544540868155465,279.0,54.0,8.5,216.5,346.35950263563245,41.75,12.25,8.5,0.0,19.0,22.0,28.5,147.0,0.0,0.0,34.83292700302872,32.526575632603766,76529.0,0,0,0,49,UTAH
2808,490590,259.5,780.499828292075,0.3324792531573641,0.0,0.0,0.0,0.0,28.06407609701618,0.0,0.0,0.0,0.0,0.0,0.0,0.0,0.0,0.0,0.0,11.550569682022108,16.513506414994072,76529.0,0,0,0,49,UTAH
2813,490595,303.5,1081.7384707007595,0.28056689137013874,0.0,0.0,0.0,0.0,33.04593854449183,0.0,0.0,0.0,0.0,0.0,0.0,0.0,0.0,0.0,0.0,13.529893490393077,19.516045054098758,76529.0,0,0,0,49,UTAH
2809,490591,749.5,2249.637919298888,0.3331647255632968,0.0,0.0,0.0,0.0,81.43917382696671,0.0,0.0,0.0,0.0,0.0,0.0,0.0,0.0,0.0,0.0,33.4001120954665,48.03906173150021,76529.0,0,0,0,49,UTAH
2814,490596,162.5,568.9414651078572,0.28561813466908065,39.0,0.0,0.0,39.0,58.494205258223495,0.0,0.0,0.0,0.0,0.0,39.0,0.0,0.0,0.0,0.0,8.986201161556172,10.50800409666732,76529.0,0,0,0,49,UTAH
2816,490598,324.0,695.7774765225645,0.4656661230531979,286.25,79.75,2.75,203.75,334.4570623221741,51.25,28.5,2.5,0.25,11.75,17.75,45.25,129.0,0.0,0.0,27.18997281464277,21.017089507531345,76529.0,0,0,0,49,UTAH
2815,490597,163.75,584.697908698719,0.2800591511682258,338.5,54.75,25.25,258.5,371.39548380980034,26.75,28.0,12.0,13.25,10.25,62.25,39.5,146.5,0.0,0.0,22.387248856979294,10.50823495282106,76529.0,576,0,0,49,UTAH
2817,490599,0.0,0.0,0.0,2629.5,395.5,605.0,1629.0,2746.6828889864,338.0,57.5,175.5,429.5,367.75,120.0,339.5,801.75,0.0,0.0,117.18288898639976,0.0,76529.0,0,0,0,49,UTAH
2812,490594,1.0,1.8406509167644312,0.5432860684729072,1790.75,258.0,1031.75,501.0,1870.587218216711,220.25,37.75,928.0,103.75,52.0,39.25,72.5,337.25,0.0,0.0,79.83721821671118,0.0,76529.0,0,0,0,49,UTAH
2807,490589,1.0,1.8406509167644312,0.5432860684729072,2677.25,222.5,613.5,1841.25,2796.5706573409293,185.25,37.25,148.25,465.25,220.75,478.25,223.75,918.5,0.0,0.0,119.32065734092907,0.0,76529.0,0,0,0,49,UTAH
2818,490600,867.75,2417.282399969776,0.35897750300537895,271.0,0.0,0.0,271.0,377.7848053703132,0.0,0.0,0.0,0.0,0.0,0.0,0.0,271.0,0.0,0.0,50.73923335022961,56.04557202008358,76529.0,0,0,0,49,UTAH
2820,490602,221.0,713.6214372239566,0.30968800609424985,509.5,55.5,277.0,177.0,556.0631148493885,54.75,0.75,230.25,46.75,23.5,8.0,8.75,136.75,0.0,0.0,32.55172184436761,14.011393005020894,74306.0,0,0,0,49,UTAH
2930,490712,885.5,2178.833939097245,0.4064100453506285,2194.0,316.25,60.0,1817.75,2388.003657310294,179.25,137.0,59.0,1.0,86.5,571.25,296.25,863.75,0.0,0.0,137.2073930049403,56.796264305353695,74306.0,0,0,0,49,UTAH
2823,490605,2.0,4.521952750293293,0.4422867974173946,2591.75,136.0,1167.5,1288.25,2707.0607405488013,119.5,16.5,1100.25,67.25,230.0,348.75,232.25,477.25,0.0,0.0,115.31074054880123,0.0,76529.0,0,0,0,49,UTAH
2934,490716,602.9721914371331,1593.7265820343434,0.3783410518681677,17.243289488439334,2.554561405694716,1.0491948630531869,13.63953321969143,83.76096147468631,2.349284149879962,0.20527725581475395,1.0035776950943527,0.045617167958834214,0.6842575193825132,5.109122811389432,1.505366542641529,6.340786346277956,0.01201915920032024,0.0,27.636021952187214,38.869630874859446,45886.0,0,0,0,49,UTAH
2933,490715,216.5705940408181,490.8471377182437,0.4412180033229287,0.0,0.0,0.0,0.0,25.103229402802878,0.0,0.0,0.0,0.0,0.0,0.0,0.0,0.0,1.523311305563582,0.0,9.644797563937722,13.935120533301571,66338.0,0,0,0,49,UTAH
2936,490717,38.364361240393386,102.1290179541406,0.3756460407522991,171.75671032250852,25.44543856629756,10.45080512544364,135.86046663076735,183.47295461680963,23.400715824362937,2.0447227419346254,9.996422293902613,0.4543828315410279,6.815742473115418,50.89087713259512,14.99463344085392,63.159213584202874,0.0061741004407929205,0.0,9.37971110027141,2.3303590935888843,45886.0,0,0,0,49,UTAH
2833,490615,434.5,1382.3342065846305,0.3143234088618342,907.5,245.75,272.75,389.0,995.3242455838016,88.75,157.0,268.75,4.0,47.0,29.0,69.0,244.0,0.0,0.0,59.80145957375983,28.022786010041795,80931.0,0,0,0,49,UTAH
2826,490608,231.25,625.3048910800271,0.3698195924880498,822.75,250.75,10.0,562.0,884.7304553404095,59.5,191.25,9.75,0.25,23.5,100.5,129.0,309.0,0.0,0.0,46.9682485493157,15.012206791093815,69686.0,0,0,0,49,UTAH
2825,490607,324.5,744.6161164872085,0.4357950262087491,88.0,0.0,0.0,88.0,127.3978329816586,0.0,0.0,0.0,0.0,0.0,88.0,0.0,0.0,0.0,0.0,18.380743474127257,21.017089507531345,69942.0,412,321,308,49,UTAH
2832,490614,533.75,1865.761955379373,0.28607615160181055,33.0,0.0,0.0,33.0,92.28383429236598,0.0,0.0,0.0,0.0,0.0,33.0,0.0,0.0,0.0,0.0,25.25616556588666,34.02766872647932,81822.0,560,0,0,49,UTAH
2831,490613,335.5,641.9177259615736,0.5226526491341721,684.0,69.25,20.0,594.75,751.4457133088109,64.0,5.25,14.5,5.5,302.5,33.0,159.75,99.5,0.0,0.0,45.42781001520665,22.017903293604263,37361.0,0,0,0,49,UTAH
2837,490619,953.75,2174.58630167287,0.43858916947388904,2775.75,593.5,55.75,2126.5,3002.9796266768744,408.5,185.0,44.5,11.25,217.5,343.5,425.25,1140.25,0.0,0.0,166.17998572642654,61.049640950448186,67968.0,0,0,0,49,UTAH
2854,490636,385.5,1076.5136158686316,0.3581004404565219,646.75,5.0,23.25,618.5,717.7666274703242,5.0,0.0,1.25,22.0,12.0,48.25,550.25,8.0,0.0,0.0,45.99628281850117,25.02034465182303,66041.0,666,0,0,49,UTAH
2853,490635,830.0,2528.9546511555545,0.3281988467530441,333.75,54.25,85.0,194.5,438.9014726962863,19.0,35.25,4.0,81.0,8.75,29.25,59.5,97.0,0.0,0.0,51.85829348837561,53.29317920791074,53100.0,0,0,0,49,UTAH
2843,490625,1353.25,3586.8705259454964,0.37727874207092665,672.75,191.25,56.25,425.25,1032.5413194930331,109.75,81.5,37.5,18.75,36.5,80.0,65.0,243.75,0.0,0.0,272.21953626017245,87.57178323286085,62461.0,0,0,0,49,UTAH
2844,490626,577.5,1730.454914393658,0.3337272732137912,219.75,20.0,7.25,192.5,292.30831268622075,18.25,1.75,1.25,6.0,31.5,87.0,31.0,43.0,0.0,0.0,35.52820260152268,37.03011008469808,48398.0,0,1031,0,49,UTAH
2838,490620,533.0,1576.247787704659,0.338144804489247,2859.75,394.5,52.75,2412.5,3044.952910885471,309.5,85.0,42.0,10.75,119.0,198.0,1340.25,755.25,0.0,0.0,151.17524215899147,34.02766872647932,62831.0,0,0,0,49,UTAH
2845,490627,363.0,821.154749636615,0.4420604035483423,1002.5,300.75,83.0,618.75,1086.355720310145,229.25,71.5,14.5,68.5,74.25,66.0,152.75,325.75,0.0,0.0,60.83700323046777,23.018717079677185,27283.0,0,0,0,49,UTAH
2855,490637,758.0,1450.9065368603335,0.522431997336136,2573.5,648.25,103.75,1821.5,2770.9832657308443,394.0,254.25,40.0,63.75,160.75,189.0,456.0,1015.75,0.0,0.0,148.4433902132714,49.03987551757314,44920.0,0,0,0,49,UTAH
2827,490609,149.0,439.86521720049313,0.33874012805173664,960.0,345.5,28.5,586.0,1019.4206999293382,143.75,201.75,20.0,8.5,31.75,33.0,300.75,220.5,0.0,0.0,49.412562068608985,10.00813786072921,87293.0,0,0,0,49,UTAH
2830,490612,138.75,430.24670958479305,0.3224893925020364,0.0,0.0,0.0,0.0,15.690010368747384,0.0,0.0,0.0,0.0,0.0,0.0,0.0,0.0,0.0,0.0,6.682686294091094,9.007324074656289,108177.0,0,0,0,49,UTAH
2740,490522,429.0,1251.995785675898,0.3426529105834023,0.0,0.0,0.0,0.0,46.890302594024455,0.0,0.0,0.0,0.0,0.0,0.0,0.0,0.0,0.0,0.0,19.117759502896327,27.772543091128128,127028.0,0,0,0,49,UTAH
2834,490616,473.0,1290.533111839679,0.3665151987659811,569.0,189.5,9.25,370.25,645.7093127852971,102.0,87.5,7.0,2.25,63.75,68.0,26.75,211.75,0.0,0.0,46.43485065706353,30.27446212823356,69546.0,571,0,0,49,UTAH
2829,490611,663.75,2062.3828234539665,0.32183646627176016,7.0,0.0,7.0,0.0,79.92446969736471,0.0,0.0,7.0,0.0,0.0,0.0,0.0,0.0,0.0,0.0,29.8894768962291,43.03499280113561,111551.0,0,0,0,49,UTAH
2835,490617,280.75,744.9988433854405,0.376846222638695,253.0,0.0,0.0,253.0,295.29859012698427,0.0,0.0,0.0,0.0,0.0,253.0,0.0,0.0,0.0,0.0,24.28394197767169,18.01464814931258,105921.0,0,0,1519,49,UTAH
2828,490610,610.25,2066.048096685244,0.29537066488388225,32.0,0.0,0.0,32.0,99.89847916227032,0.0,0.0,0.0,0.0,0.0,32.0,0.0,0.0,0.0,0.0,28.616498586512733,39.28198057575759,96584.0,689,0,0,49,UTAH
2839,490621,700.25,1665.3166493701003,0.42049060175124464,1099.0,295.5,55.25,748.25,1224.207442705119,210.5,85.0,37.5,17.75,37.25,154.75,85.0,471.25,0.0,0.0,80.17082233183788,45.03662037328145,40188.0,0,0,0,49,UTAH
2840,490622,581.25,1558.9262200542694,0.37285279606097427,24.75,5.5,8.25,11.0,89.03484955492006,5.25,0.25,1.25,7.0,0.0,0.25,0.5,10.25,0.0,0.0,27.004690924176053,37.280158630744005,53757.0,0,0,0,49,UTAH
2847,490629,824.75,2213.9267798065625,0.3725281285373227,405.0,27.25,11.0,366.75,512.8461376952564,22.75,4.5,10.75,0.25,19.75,81.0,41.25,224.75,0.0,0.0,54.80300703339159,53.043130661864815,46709.0,379,0,0,49,UTAH
2849,490631,426.25,1262.0675303954513,0.3377394550879861,832.5,236.25,12.5,583.75,916.6011776054996,224.25,12.0,10.75,1.75,65.25,63.0,137.0,318.5,0.0,0.0,56.57886527612807,27.522312329371424,82695.0,0,0,0,49,UTAH
2850,490632,86.0,281.45219095767595,0.3055581116898552,1122.5,96.5,38.5,987.5,1182.3468457615002,81.75,14.75,18.5,20.0,101.25,194.0,342.5,349.75,0.0,0.0,53.84196304506263,6.004882716437527,90294.0,0,0,0,49,UTAH
2846,490628,368.75,784.4502076829657,0.4700744500905655,786.25,218.5,50.75,517.0,861.7301089454753,168.5,50.0,23.5,27.25,69.75,65.0,64.0,318.25,0.0,0.0,51.46057807972522,24.019530865750102,34572.0,0,0,0,49,UTAH
2856,490638,251.0,612.4798942087053,0.4098093706802898,1197.75,257.75,81.0,859.0,1278.3122940371466,107.75,150.0,80.5,0.5,123.5,262.5,206.75,266.25,0.0,0.0,64.54927345997977,16.01302057716674,54061.0,0,0,0,49,UTAH
2858,490640,518.0,1449.2326409828256,0.35743053623792803,0.0,0.0,0.0,0.0,61.61121021891155,0.0,0.0,0.0,0.0,0.0,0.0,0.0,0.0,0.0,0.0,28.33406371914853,33.27714649976302,68126.0,0,0,0,49,UTAH
2859,490641,417.25,1291.9442187228697,0.32296286012446085,55.0,0.0,0.0,55.0,103.0660314794734,0.0,0.0,0.0,0.0,0.0,55.0,0.0,0.0,0.0,0.0,21.04405925550453,27.021972223968863,93981.0,721,0,0,49,UTAH
2863,490645,641.0,1742.25266476273,0.3679144896514163,313.5,5.25,6.0,302.25,397.0672599222971,5.25,0.0,3.0,3.0,59.5,1.25,60.25,181.25,0.0,0.0,42.53389469330731,41.033365228989766,64404.0,0,0,0,49,UTAH
2864,490646,222.25,703.7323113797142,0.31581610849196906,898.25,4.5,3.75,890.0,963.1930021612912,3.25,1.25,3.75,0.0,202.5,193.0,141.75,352.75,0.0,0.0,50.93160915627041,14.011393005020894,59238.0,705,0,1244,49,UTAH
2865,490647,514.0,1358.0137254983672,0.37849396537680136,1416.0,504.5,26.5,885.0,1535.0298209309697,407.5,97.0,24.75,1.75,65.25,103.25,155.5,561.0,0.0,0.0,86.0029659905633,33.026854940406395,53392.0,0,0,0,49,UTAH
2866,490648,483.5,1277.0741518139646,0.3785997855435672,1740.0,377.0,59.5,1303.5,1870.088450346192,199.25,177.75,56.25,3.25,147.25,94.0,148.5,913.75,0.0,0.0,99.06322297793145,31.025227368260552,53392.0,0,0,0,49,UTAH
2867,490649,285.0,696.0782982978068,0.4094366979935165,2280.75,605.75,47.0,1628.0,2413.090125658347,422.75,183.0,42.75,4.25,122.0,241.5,225.75,1038.75,0.0,0.0,114.32547750903449,18.01464814931258,60535.0,524,0,0,49,UTAH
2873,490655,450.75,1277.3212291976438,0.3528869556823549,71.0,2.25,0.25,68.5,123.2725245496686,2.25,0.0,0.25,0.0,10.75,29.25,2.0,26.5,0.0,0.0,23.248924753553894,29.02359979611471,82881.0,0,0,0,49,UTAH
2874,490656,608.25,1338.7779626761326,0.45433224698750396,1495.25,221.75,36.0,1237.5,1628.257443458162,167.5,54.25,31.25,4.75,142.75,146.5,200.25,748.0,0.0,0.0,93.7254628824044,39.28198057575759,39896.0,0,0,0,49,UTAH
2884,490666,665.25,1403.9724400058458,0.47383408751045714,42.0,2.0,0.0,40.0,116.55108965968851,2.0,0.0,0.0,0.0,1.0,0.0,26.0,13.0,0.0,0.0,31.51609685855292,43.03499280113561,39474.0,0,0,0,49,UTAH
2885,490667,18.25,40.32014982515845,0.4526272863354441,1523.75,293.25,72.75,1157.75,1593.7472591400683,241.25,52.0,37.25,35.5,220.75,121.0,345.75,470.25,0.0,0.0,68.74620243508173,1.2510567049865875,39474.0,0,0,0,49,UTAH
2896,490678,0.0,0.0,0.0,1339.5,582.5,33.0,724.0,1399.1827937872129,494.75,87.75,32.25,0.75,56.5,72.5,76.5,518.5,0.0,0.0,59.6827937872128,0.0,63616.0,0,0,0,49,UTAH
2883,490665,405.0,1187.6460035076852,0.3410107042029711,125.25,1.75,4.25,119.25,174.89956984717173,1.25,0.5,2.0,2.25,1.0,108.5,2.0,7.75,0.0,0.0,23.62841140927581,26.02115843789595,63616.0,464,1226,0,49,UTAH
2897,490679,22.75,50.49152608231145,0.45057065541875035,1223.75,595.25,14.75,613.75,1280.7929497069092,484.0,111.25,14.5,0.25,32.25,41.0,59.0,481.5,0.0,0.0,55.54184445587675,1.5011052510325125,39474.0,0,0,0,49,UTAH
2875,490657,84.75,198.65774691498055,0.4266131138408129,1023.5,73.25,46.0,904.25,1078.1335080005515,63.25,10.0,13.25,32.75,241.25,171.75,102.5,388.75,0.0,0.0,49.37920830843024,5.254299692121309,74162.0,748,0,0,49,UTAH
2876,490658,459.5,1100.7062653983537,0.4174592390765611,19.0,0.0,0.25,18.75,70.34761040871328,0.0,0.0,0.0,0.25,5.75,0.0,13.0,0.0,0.0,0.0,21.32319682652565,30.024413582187638,74162.0,0,0,0,49,UTAH
2877,490659,242.75,734.3194541180692,0.3305781954143474,0.0,0.0,0.0,0.0,36.97651012477816,0.0,0.0,0.0,0.0,0.0,0.0,0.0,0.0,0.0,10.14492753448276,10.818562013128664,16.01302057716674,67734.0,0,0,0,49,UTAH
2886,490668,197.75,592.6537949780909,0.3336686640255301,436.5,151.5,12.25,272.75,477.8033365499642,61.25,90.25,12.0,0.25,30.5,20.25,53.0,169.0,0.0,0.0,28.29251431770554,13.010822232258676,52442.0,0,0,0,49,UTAH
2898,490680,85.75,216.4682926531223,0.3961319182084987,2988.5,1932.25,26.75,1029.5,3139.749421714372,1047.0,885.25,4.75,22.0,253.0,38.75,107.0,630.75,0.0,0.0,145.74487910333715,5.504542611034976,52442.0,0,0,0,49,UTAH
2888,490670,290.5,732.4733563782563,0.39660145651766615,1345.0,218.25,91.25,1035.5,1446.3883553812916,163.5,54.75,27.25,64.0,267.0,126.5,120.25,521.75,0.0,0.0,82.87318491086582,18.51517047042591,92203.0,0,0,0,49,UTAH
2899,490681,533.75,1291.5974178483546,0.4132479614965189,2642.25,975.75,62.5,1604.0,2817.8032120553494,828.75,147.0,60.0,2.5,189.5,147.25,208.25,1059.0,0.0,0.0,141.52554332886967,34.02766872647932,63047.0,0,0,0,49,UTAH
2900,490682,203.25,553.8014322907678,0.3670088016191436,709.5,150.0,105.0,454.5,763.1812502408198,67.0,83.0,12.5,92.5,27.5,43.25,89.25,294.5,0.0,0.0,40.670671021871854,13.010579218947974,74876.0,0,0,0,49,UTAH
2901,490683,8.75,21.358427225830056,0.4096743597964034,542.5,180.25,5.0,357.25,567.3275176725083,86.5,93.75,4.5,0.5,42.75,23.0,141.75,149.75,0.0,0.0,24.577469126462347,0.2500485460459246,74876.0,0,0,0,49,UTAH
2902,490684,0.0,0.0,0.0,3323.5,1281.5,77.0,1965.0,3471.5836911183574,619.5,662.0,64.25,12.75,128.25,181.0,242.75,1413.0,0.0,0.0,148.0836911183572,0.0,43625.0,0,0,0,49,UTAH
2905,490687,407.75,1112.8473224940503,0.3664024630855685,0.0,0.0,0.0,0.0,44.18916829574024,0.0,0.0,0.0,0.0,0.0,0.0,0.0,0.0,0.0,0.0,18.16800985784429,26.02115843789595,74787.0,0,0,0,49,UTAH
2906,490688,844.5,1662.0347477619532,0.5081121204819447,160.5,79.75,12.0,68.75,259.80898328898405,38.75,41.0,11.75,0.25,6.0,7.75,7.75,47.25,0.0,0.0,44.76456516037595,54.54441812860811,43625.0,0,0,0,49,UTAH
2904,490686,459.5,1113.5279354769757,0.4126524224137896,245.0,21.25,22.0,201.75,312.4109651659054,19.75,1.5,8.75,13.25,14.0,77.25,17.5,93.0,0.0,0.0,37.88707390483108,29.523891261074304,63047.0,0,0,0,49,UTAH
2907,490689,452.25,1359.5223348523075,0.3326536007583358,105.75,4.75,0.5,100.5,159.6389790041079,3.5,1.25,0.25,0.25,4.75,59.0,3.75,33.0,0.0,0.0,24.8653792079932,29.02359979611471,61585.0,723,0,0,49,UTAH
2903,490685,203.0,456.4438885423392,0.44474250854422376,1302.0,356.75,15.5,929.75,1382.5878705577304,235.25,121.5,10.25,5.25,246.0,57.25,298.25,328.25,0.0,0.0,67.07719424669072,13.510676311039823,54433.0,0,0,0,49,UTAH
2851,490633,0.0,0.0,0.0,1906.75,70.0,17.75,1819.0,1991.7053660818535,62.0,8.0,17.5,0.25,90.75,195.5,1061.5,471.25,0.0,0.0,84.95536608185364,0.0,67334.0,0,0,0,49,UTAH
2861,490643,108.75,247.03679715893657,0.4402178187650048,743.25,387.75,21.25,334.25,788.2210897066755,107.25,280.5,21.25,0.0,71.75,38.75,15.5,208.25,0.0,0.0,37.96539320416506,7.005696502510448,67334.0,0,0,0,49,UTAH
2862,490644,413.75,978.2502424078642,0.4229490390736793,170.25,19.5,4.0,146.75,223.0476879690955,18.5,1.0,2.0,2.0,7.0,58.5,10.75,70.5,0.0,0.0,26.025946506883344,26.77174146221217,68752.0,476,0,0,49,UTAH
2852,490634,2.25,5.192839111298777,0.43328898734882126,572.0,53.0,49.0,470.0,597.5784394016196,45.25,7.75,27.25,21.75,90.5,63.75,107.0,208.75,0.0,0.0,25.57843940161952,0.0,67334.0,0,0,0,49,UTAH
2842,490624,600.75,1893.5136845829147,0.31726731361454485,635.75,55.25,16.0,564.5,780.2715904658405,13.5,41.75,4.0,12.0,125.5,33.5,289.0,116.5,0.0,50.72463767241379,55.01474137344056,38.7822114199862,121339.0,592,0,0,49,UTAH
2882,490664,267.75,631.7557288609361,0.4238188713899861,106.5,11.75,2.0,92.75,140.9245515884602,9.5,2.25,2.0,0.0,13.0,16.75,10.5,52.5,0.0,0.0,17.160474306306853,17.264077282153327,68752.0,0,0,0,49,UTAH
2870,490652,106.75,314.1810630311388,0.3397722286954637,490.0,76.0,0.5,413.5,635.1908048427119,5.5,70.5,0.5,0.0,282.5,7.0,79.0,45.0,0.0,111.59420288875565,26.59090545144589,7.005696502510448,119851.0,0,0,0,49,UTAH
2878,490660,564.5,1658.8235894417548,0.3403014061247897,327.75,50.25,19.75,257.75,405.53496302180577,45.0,5.25,12.75,7.0,12.75,85.25,18.5,141.25,0.0,0.0,41.25513224491032,36.52983077689545,119851.0,0,0,0,49,UTAH
2879,490661,100.75,281.0700498790644,0.35845156765492997,721.5,47.5,6.5,667.5,764.6389545859276,42.0,5.5,6.0,0.5,54.75,168.0,125.0,319.75,0.0,0.0,36.6335981888197,6.505356397107898,92556.0,231,105,90,49,UTAH
2881,490663,392.25,1140.6316339170546,0.3438884108912273,0.0,0.0,0.0,0.0,42.7144977066051,0.0,0.0,0.0,0.0,0.0,0.0,0.0,0.0,0.0,0.0,17.44366729964669,25.27083040695841,90843.0,0,0,0,49,UTAH
2889,490671,399.0,1075.096683584104,0.3711294119797985,1478.5,0.0,6.25,1472.25,1587.9356415118502,0.0,0.0,3.25,3.0,281.0,48.5,183.75,959.0,0.0,0.0,83.66453162000015,25.771109891850024,61952.0,0,0,0,49,UTAH
2890,490672,70.25,203.70310688305352,0.34486464676422784,1666.75,237.5,16.75,1412.5,1750.3989630386068,113.0,124.5,16.0,0.75,417.0,102.5,381.0,512.0,0.0,0.0,78.6448941082421,5.004068930364605,79768.0,0,0,0,49,UTAH
2880,490662,361.5,1013.2118313541464,0.35678620088442836,193.25,17.5,5.0,170.75,242.99039217003047,17.5,0.0,3.0,2.0,62.75,0.5,33.25,74.25,0.0,0.0,26.47162654430734,23.268765625723116,92556.0,0,0,0,49,UTAH
2891,490673,492.25,1437.773253076636,0.3423697018613005,787.75,184.75,17.0,586.0,876.8138402752226,162.5,22.25,10.0,7.0,163.25,147.25,89.75,185.75,0.0,0.0,57.0377991208891,32.02604115433348,79768.0,631,0,0,49,UTAH
2893,490675,319.75,886.7687599192127,0.36057878271346655,545.25,51.0,2.25,492.0,604.8124260713324,49.75,1.25,1.25,1.0,201.0,137.75,21.5,131.75,0.0,0.0,38.54533656380111,21.017089507531345,66658.0,589,1238,0,49,UTAH
2894,490676,526.5,1575.6344502221464,0.33415110968522527,0.0,0.0,0.0,0.0,57.48468030421356,0.0,0.0,0.0,0.0,0.0,0.0,0.0,0.0,0.0,0.0,23.45701157773423,34.02766872647932,74414.0,0,0,0,49,UTAH
2960,490741,656.0,1690.8408636136744,0.38797264374010526,562.0,101.25,361.0,99.75,658.309027263776,16.5,84.75,357.0,4.0,24.75,1.25,16.5,57.25,0.0,0.0,54.27484824871323,42.03417901506269,35406.0,0,0,0,49,UTAH
2911,490693,347.0,933.7789380596098,0.37160829598605544,1302.75,337.25,49.5,916.0,1402.287314635824,73.5,263.75,9.5,40.0,196.5,121.0,374.75,223.75,0.0,0.0,77.01887686394964,22.51843777187456,94314.0,0,0,0,49,UTAH
2910,490692,335.0,961.9162420112584,0.3482631702938634,125.0,0.25,3.25,121.5,167.51628774448778,0.0,0.25,3.25,0.0,4.0,0.0,95.0,22.5,0.0,0.0,20.498384450883524,22.017903293604263,63478.0,0,0,0,49,UTAH
2916,490698,456.0,1484.116071202899,0.30725359616273473,793.25,355.25,16.75,421.25,877.9492835910695,264.5,90.75,14.75,2.0,29.0,45.5,68.25,278.5,0.0,0.0,55.67568379495482,29.02359979611471,43774.0,0,0,0,49,UTAH
2915,490697,465.5,835.8069158022729,0.556946815345715,567.75,46.75,11.75,509.25,643.8121168734316,22.75,24.0,11.5,0.25,58.0,70.0,212.0,169.25,0.0,0.0,46.03770329124394,30.024413582187638,38974.0,0,0,0,49,UTAH
2908,490690,573.5,1623.0540700344511,0.35334620736808037,779.75,156.25,18.25,605.25,877.0808503056611,78.75,77.5,17.75,0.5,25.5,132.75,152.5,294.5,0.0,0.0,60.300740220962986,37.03011008469808,45634.0,0,0,0,49,UTAH
2918,490700,110.0,262.34762046681715,0.4192910147394048,1610.25,206.75,63.5,1340.0,1693.9255765042735,193.0,13.75,61.5,2.0,35.75,33.75,77.25,1193.25,0.0,0.0,76.66967363701244,7.005902867261277,31017.0,0,0,0,49,UTAH
2917,490699,349.25,855.111969614308,0.4084260452552508,530.25,182.75,14.5,333.0,591.7034183308826,169.25,13.5,14.25,0.25,28.75,27.25,35.25,241.75,0.0,0.0,39.18527211836474,22.26814621251793,65401.0,0,0,0,49,UTAH
2981,490762,245.25,562.1790987441951,0.4362488761105553,1831.75,584.0,54.5,1193.25,1947.8492265791924,349.75,234.25,52.5,2.0,145.5,124.25,252.0,671.5,0.0,0.0,100.33643676378244,15.762789815410034,65401.0,0,0,0,49,UTAH
2961,490742,320.25,1284.266719250923,0.24936408862700493,25.0,0.0,0.0,25.0,61.40131153473183,0.0,0.0,0.0,0.0,0.0,25.0,0.0,0.0,0.0,0.0,15.384222027200488,21.017089507531345,60375.0,0,0,0,49,UTAH
2962,490743,349.0,1048.4213046189452,0.33288144609656334,550.0,0.0,0.0,550.0,612.3278187651422,0.0,0.0,0.0,0.0,0.0,519.0,0.0,31.0,0.0,0.0,40.05967255262435,22.26814621251793,60254.0,0,0,0,49,UTAH
2964,490745,645.0,1908.49832789694,0.33796204616576975,1347.25,492.25,46.5,808.5,1478.061375090082,96.75,395.5,45.5,1.0,35.25,129.0,259.25,385.0,0.0,0.0,88.77719607501948,42.03417901506269,26552.0,0,0,0,49,UTAH
2965,490746,174.5,689.3971751502052,0.2531196910721024,599.75,260.0,4.5,335.25,645.5066987185122,49.75,210.25,4.5,0.0,15.5,126.25,27.0,166.5,0.0,0.0,34.497516309953426,11.259182408558836,26552.0,0,0,0,49,UTAH
2968,490749,188.0,789.6944201304751,0.23806677014247893,367.5,243.75,1.5,122.25,404.5122078286752,11.25,232.5,1.5,0.0,7.5,22.0,12.75,80.0,0.0,0.0,24.75239384975425,12.25981397892098,31913.0,0,0,0,49,UTAH
2963,490744,826.0,1978.5324068840348,0.4174811578147748,17.0,0.0,0.0,17.0,107.60813815170812,0.0,0.0,0.0,0.0,0.0,17.0,0.0,0.0,0.0,0.0,37.56500748984332,53.043130661864815,19032.0,0,0,0,49,UTAH
2966,490747,2.0,10.40650916764431,0.19218740576507212,15765.25,8.75,30.5,15726.0,16467.85465259232,7.0,1.75,7.0,23.5,5.75,15679.5,5.5,35.25,0.0,0.0,702.604652592318,0.0,40443.0,0,0,0,49,UTAH
2970,490751,491.5,1470.017833664075,0.3343496852517209,12.0,0.0,0.0,12.0,66.20865305359278,0.0,0.0,0.0,0.0,0.0,12.0,0.0,0.0,0.0,0.0,22.43266044530523,31.775992608287552,29733.0,0,0,0,49,UTAH
2972,490753,838.75,1928.231045324546,0.4349841799475994,2074.5,296.25,34.0,1744.25,2258.361068070701,170.5,125.75,33.25,0.75,93.75,478.25,186.0,986.25,0.0,0.0,129.8171236227641,54.04394444793774,29586.0,0,0,0,49,UTAH
2973,490754,590.75,1773.1263285456855,0.33316859069174837,90.25,25.75,1.5,63.0,159.88632607787906,7.5,18.25,1.5,0.0,3.5,8.5,9.0,42.0,0.0,0.0,31.60540220710804,38.030923870771005,24705.0,0,0,0,49,UTAH
3004,490785,486.75,1297.766802488553,0.3750673842685951,162.25,13.25,6.0,143.0,222.4470436182029,0.5,12.75,0.0,6.0,1.0,44.25,84.5,13.25,0.0,0.0,28.921767703896485,31.27527591430648,42678.0,744,0,0,49,UTAH
2974,490755,493.0,1606.648927983451,0.3068498608583879,146.5,20.0,6.5,120.0,210.0096951688095,16.75,3.25,5.25,1.25,6.75,12.0,14.25,87.0,0.0,0.0,31.733836312878747,31.775858855930743,50328.0,0,0,0,49,UTAH
3003,490784,404.75,1200.6378940767654,0.33711246496283037,0.0,0.0,0.0,0.0,44.05756172434841,0.0,0.0,0.0,0.0,0.0,0.0,0.0,0.0,0.0,0.0,18.03640328645246,26.02115843789595,53384.0,0,0,0,49,UTAH
2976,490757,423.0,1428.211593425382,0.29617460182177124,0.0,0.0,0.0,0.0,48.1235018416338,0.0,0.0,0.0,0.0,0.0,0.0,0.0,0.0,0.0,0.0,21.101529617664934,27.021972223968863,26013.0,0,0,0,49,UTAH
2978,490759,309.5,1072.8140912824515,0.28849360062936996,110.25,23.75,6.0,80.5,150.21576498727725,5.5,18.25,0.25,5.75,6.0,0.0,67.5,7.0,0.0,0.0,19.949489265818823,20.01627572145842,40869.0,0,0,0,49,UTAH
2980,490761,433.75,1440.8524472615552,0.30103707067602475,547.75,13.75,0.5,533.5,619.5058616751122,1.75,12.0,0.5,0.0,2.75,63.5,439.0,28.25,0.0,0.0,43.733075665070345,28.022786010041795,30736.0,0,0,0,49,UTAH
2977,490758,375.0,1016.855480085232,0.36878396915220224,470.5,83.5,10.0,377.0,548.6971587467997,44.25,39.25,8.25,1.75,128.5,57.0,29.5,162.0,0.0,0.0,54.17723913531398,24.01991961148559,33068.0,0,0,0,49,UTAH
2991,490772,333.25,727.7380810257258,0.4579257409895243,1506.25,215.0,34.75,1256.5,1638.9203727547738,86.75,128.25,31.0,3.75,366.0,134.5,208.25,547.75,0.0,0.0,110.90255449050152,21.767818264272343,33951.0,0,0,0,49,UTAH
2992,490773,200.25,417.9721149445439,0.4790989466523837,62.25,12.5,4.25,45.5,91.95099527325668,11.75,0.75,4.0,0.25,3.5,8.75,13.0,20.25,0.0,0.0,16.940707613665307,12.760287659591349,30111.0,0,0,0,49,UTAH
2994,490775,116.0,258.07000493318884,0.4494904397356484,0.0,0.0,0.0,0.0,12.17478412863361,0.0,0.0,0.0,0.0,0.0,0.0,0.0,0.0,0.0,0.0,5.1690876261231615,7.005696502510448,22568.0,0,0,0,49,UTAH
3002,490783,0.0,0.0,0.0,2532.75,178.25,64.75,2289.75,2645.5860389446634,151.0,27.25,61.75,3.0,88.25,283.5,1170.25,747.75,0.0,0.0,112.8360389446634,0.0,57005.0,15,13,20,49,UTAH
2913,490695,325.00000028424853,872.0530064631143,0.3726837679310211,57.000000049852815,0.0,0.0,57.000000049852815,95.04037934671781,0.0,0.0,0.0,0.0,0.0,57.000000049852815,0.0,0.0,0.0,0.0,17.02328977095187,21.017089525913118,76985.0,718,0,0,49,UTAH
2914,490696,375.25,1036.632555663518,0.3619894030434087,114.5,0.0,1.25,113.25,160.34334932405287,0.0,0.0,1.25,0.0,15.5,90.0,1.75,6.0,0.0,0.0,21.82381845830276,24.019530865750102,76440.0,0,0,0,49,UTAH
2921,490703,519.75,1386.046047189672,0.37498754175868687,357.0,108.75,3.5,244.75,430.870465140579,11.75,97.0,3.25,0.25,28.25,94.5,66.75,55.25,0.0,0.0,40.342942146634485,33.52752299394451,45835.0,840,374,146,49,UTAH
2982,490763,251.75,676.0734578117717,0.3723707787831699,1817.25,83.75,13.5,1720.0,1925.7162647292564,67.0,16.75,13.0,0.5,37.0,81.75,1272.5,328.75,0.0,0.0,92.20300123317622,16.263263496080405,30043.0,0,0,0,49,UTAH
2920,490702,337.25,1273.734453012758,0.2647726134770903,0.0,0.0,0.0,0.0,37.04658598904,0.0,0.0,0.0,0.0,0.0,0.0,0.0,0.0,0.0,0.0,15.028682695435736,22.017903293604263,71344.0,0,0,0,49,UTAH
2923,490705,0.0,0.0,0.0,305.75,26.0,10.75,269.0,319.3702145070952,26.0,0.0,7.5,3.25,31.5,144.0,18.5,75.0,0.0,0.0,13.620214507095175,0.0,45835.0,0,0,190,49,UTAH
2925,490707,378.0,936.1922087315822,0.4037632405765697,0.0,0.0,0.0,0.0,40.86362675087558,0.0,0.0,0.0,0.0,0.0,0.0,0.0,0.0,0.0,0.0,16.844095885125473,24.019530865750102,31051.0,0,0,0,49,UTAH
2984,490765,340.25,666.002180737789,0.5108842130562925,320.0,13.0,4.5,302.5,375.4292533063396,10.75,2.25,4.25,0.25,5.5,13.0,248.75,35.25,0.0,0.0,33.411350012735255,22.017903293604263,30043.0,0,0,0,49,UTAH
2927,490709,498.25,1350.0400957221,0.3690631127022191,67.0,7.25,1.5,58.25,124.21256977587448,5.5,1.75,1.5,0.0,3.0,7.5,5.25,42.5,0.0,0.0,25.18652862154099,32.02604115433348,48606.0,0,0,0,49,UTAH
2986,490767,243.75,517.5875351692325,0.4709348340861851,323.75,1.0,1.0,321.75,365.2931243388653,1.0,0.0,0.0,1.0,0.0,167.0,151.75,3.0,0.0,0.0,26.030626082811946,15.512498256053409,50388.0,629,988,0,49,UTAH
2987,490768,630.5,1366.480120334218,0.4614044438830111,226.0,42.75,11.25,172.0,316.72534683447304,21.75,21.0,9.25,2.0,12.75,34.0,69.25,56.0,0.0,0.0,49.9424675377077,40.7828792967654,27768.0,0,0,0,49,UTAH
2969,490750,485.5,901.4330109610096,0.538586887873579,514.0,55.0,10.5,448.5,597.8699834954274,44.25,10.75,9.75,0.75,21.75,21.5,196.5,208.75,0.0,0.0,52.5943553186714,31.27562817675597,23990.0,0,0,0,49,UTAH
2975,490756,406.25,891.5061013376207,0.4556895341383084,851.25,322.75,7.5,521.0,945.0074756507164,147.75,175.0,2.5,5.0,26.0,20.0,66.0,409.0,0.0,0.0,67.48674272514293,26.27073292557334,27768.0,0,0,0,49,UTAH
2988,490769,288.5,620.1345638240012,0.4652216096793444,434.5,148.5,9.5,276.5,490.2531592010228,142.75,5.75,9.5,0.0,11.5,62.75,49.25,153.0,0.0,0.0,37.23803737103978,18.515121829982952,49829.0,0,0,0,49,UTAH
2990,490771,85.5,219.6226147611301,0.38930417112551474,1040.25,331.5,138.0,570.75,1095.6277532314662,50.0,281.5,109.0,29.0,73.5,14.75,20.25,462.25,0.0,0.0,50.12255445267402,5.255198778792121,37024.0,0,0,0,49,UTAH
2937,490718,289.0000000002624,760.4645926873893,0.3800308426970565,1.500000000001362,0.250000000000227,0.0,1.2500000000011349,43.51028394636724,0.250000000000227,0.0,0.0,0.0,0.0,0.0,0.250000000000227,1.000000000000908,0.0,0.0,23.494202621718678,18.516081324647196,65974.0,0,0,0,49,UTAH
2938,490719,300.25,903.8345721767448,0.33219574603889584,99.0,14.25,56.25,28.5,136.29593106222472,13.75,0.5,23.0,33.25,9.5,4.0,3.25,11.75,0.0,0.0,17.780007603325792,19.51592345889891,73053.0,0,0,0,49,UTAH
2940,490721,397.5,1057.4111747269567,0.3759181002627875,68.0,0.0,0.0,68.0,114.7636402239588,0.0,0.0,0.0,0.0,0.0,68.0,0.0,0.0,0.0,0.0,20.74248178606284,26.02115843789595,65974.0,791,0,0,49,UTAH
2941,490722,343.0,1097.904523254459,0.3124133225931738,0.0,0.0,0.0,0.0,37.30236067084775,0.0,0.0,0.0,0.0,0.0,0.0,0.0,0.0,0.0,0.0,15.284457377243486,22.017903293604263,73053.0,0,0,0,49,UTAH
2943,490724,517.75,1360.924657111132,0.38043987027102627,0.0,0.0,0.0,0.0,56.34943231420152,0.0,0.0,0.0,0.0,0.0,0.0,0.0,0.0,0.0,0.0,23.0722858144385,33.27714649976302,57576.0,0,0,0,49,UTAH
2944,490725,126.25,330.94855253015066,0.38147923305541015,0.0,0.0,0.0,0.0,14.131851366465131,0.0,0.0,0.0,0.0,0.0,0.0,0.0,0.0,0.0,0.0,6.125341077881761,8.00651028858337,57544.0,0,0,0,49,UTAH
2945,490726,12.523116873332638,40.815960389179736,0.306819115706818,56.94104703343434,3.717800321770627,0.0,53.22324671166371,60.819648143263414,3.717800321770627,0.0,0.0,0.0,6.261558436666319,21.719780827186295,2.152410712604047,23.089496735207053,0.0,0.0,3.0952693591144613,0.7833317507146075,55528.0,0,0,0,49,UTAH
2948,490729,2.0,4.732319928448476,0.4226256952698703,354.25,1.5,327.0,25.75,370.1246794120095,1.25,0.25,1.0,326.0,0.0,15.0,1.5,9.25,0.0,0.0,15.874679412009472,0.0,55528.0,0,0,0,49,UTAH
2950,490731,37.0,94.16426233998132,0.39293038654527984,186.25,12.0,5.25,169.0,198.1963609765949,10.75,1.25,5.0,0.25,5.0,101.0,9.75,53.25,0.0,0.0,9.944733404449018,2.0016275721458423,58209.0,485,0,0,49,UTAH
2954,490735,6.621864014170239,18.889181869111326,0.3505638338417764,0.0,0.0,0.0,0.0,21.78981906233001,0.0,0.0,0.0,0.0,0.0,0.0,0.0,0.0,2.135439917876663,0.0,19.29609570046831,0.3582834439850336,58209.0,0,0,0,49,UTAH
2957,490738,41.5,123.25623919968352,0.33669695156581214,79.75,5.75,0.5,73.5,87.91917997822299,5.25,0.5,0.5,0.0,23.0,7.5,23.5,19.5,0.0,0.0,5.41692074131796,2.7522592369050183,58209.0,0,0,0,49,UTAH
2952,490733,462.5,1162.5526522085472,0.3978314436953634,137.25,39.25,20.5,77.5,193.99701796715044,35.5,3.75,3.5,17.0,8.5,11.5,6.5,51.0,0.0,0.0,26.72260438496281,30.024413582187638,62082.0,0,0,0,49,UTAH
2953,490734,278.5,773.8527173749183,0.3598876036059347,65.0,0.0,0.0,65.0,100.57228936564296,0.0,0.0,0.0,0.0,0.0,65.0,0.0,0.0,0.0,0.0,17.55764121633038,18.01464814931258,68175.0,583,0,0,49,UTAH
2929,490711,342.0,935.7091834584314,0.3654981761918266,242.75,23.75,156.75,62.25,290.82514070146283,23.5,0.25,68.25,88.5,5.0,2.25,2.25,52.75,0.0,0.0,26.057237407858537,22.017903293604263,47376.0,0,0,0,49,UTAH
2995,490776,275.0,681.6647320184262,0.4034241278490647,170.75,21.0,5.0,144.75,208.6241568458529,19.0,2.0,4.75,0.25,10.75,18.25,19.25,96.5,0.0,0.0,19.859508696540296,18.01464814931258,52639.0,0,0,0,49,UTAH
2997,490778,227.25,513.7117708932168,0.44236868391173684,2250.5,181.0,939.5,1130.0,2396.6561965206165,138.0,43.0,30.25,909.25,87.25,142.25,318.25,582.25,0.0,0.0,131.64442693872198,14.511769581894336,37024.0,0,0,0,49,UTAH
3006,490787,216.5,539.5199139227672,0.40128268561184605,268.5,44.25,24.25,200.0,304.1217036443812,42.75,1.5,16.75,7.5,16.0,112.75,12.75,58.5,0.0,0.0,21.61031063936026,14.011393005020894,52639.0,349,0,0,49,UTAH
3018,490799,218.0,553.3108538263612,0.3939919097781015,320.0,37.5,7.75,274.75,358.08317992381063,32.75,4.75,7.5,0.25,16.0,24.75,34.5,199.5,0.0,0.0,24.073815936469988,14.009363987340643,56681.0,0,0,0,49,UTAH
3008,490789,1103.5,2462.447420942597,0.44813139586858375,859.75,170.5,56.5,632.75,1018.4593728690694,146.0,24.5,53.5,3.0,101.25,97.25,156.5,277.75,0.0,0.0,87.40105967412876,71.30831319494064,37024.0,0,0,0,49,UTAH
3007,490788,361.5,876.8145687229181,0.41228785754156133,303.0,27.5,23.0,252.5,375.6312101065077,24.75,2.75,21.0,2.0,17.25,38.75,37.75,158.75,0.0,0.0,49.11227451662771,23.51893558987989,48426.0,0,0,0,49,UTAH
3023,490804,315.5,899.1217463923404,0.350897974902643,0.0,0.0,0.0,0.0,34.07534902357146,0.0,0.0,0.0,0.0,0.0,0.0,0.0,0.0,0.0,0.0,14.059073302113044,20.01627572145842,56681.0,0,0,0,49,UTAH
3016,490797,756.0,1476.4378356671175,0.5120432311722809,0.0,0.0,0.0,0.0,82.72806728782408,0.0,0.0,0.0,0.0,0.0,0.0,0.0,0.0,0.0,0.0,33.688191770250945,49.03987551757314,29954.0,0,0,0,49,UTAH
3021,490802,581.0,1794.2696472792263,0.32380863204201776,103.5,13.0,5.75,84.75,171.53042213394593,11.0,2.0,5.25,0.5,13.0,9.5,23.0,39.25,0.0,0.0,30.750020489891234,37.28040164405471,63296.0,0,0,0,49,UTAH
3022,490803,167.0,516.7107813740033,0.3231982107203658,120.0,28.25,2.0,89.75,144.012120014445,26.25,2.0,2.0,0.0,0.0,7.0,27.5,55.25,0.0,0.0,13.003168367642868,11.008951646802132,61242.0,0,0,0,49,UTAH
3025,490806,25.75,64.82444550620222,0.3972266912415982,1640.25,728.5,32.75,879.0,1729.237710564612,347.0,381.5,31.75,1.0,61.75,74.0,112.0,631.25,0.0,0.0,87.48684832689005,1.5008622377218113,56681.0,0,0,0,49,UTAH
2998,490779,294.5,587.903360296303,0.5009326700421853,2244.5,196.25,33.75,2014.5,2384.6094474634256,146.75,49.5,32.0,1.75,84.5,978.25,149.0,802.75,0.0,0.0,121.09364542274744,19.015802040678025,34871.0,0,0,0,49,UTAH
2999,490780,262.5,600.4463368742057,0.4371747879527727,249.75,18.5,16.0,215.25,301.3384153740187,11.75,6.75,14.0,2.0,23.25,14.0,100.0,78.0,0.0,0.0,34.574398795068305,17.01401657895044,24843.0,0,0,0,49,UTAH
3000,490781,360.75,796.8425513906941,0.4527243172072061,394.0,78.25,5.0,310.75,452.4684683982224,66.25,12.0,4.5,0.5,21.75,29.25,53.75,206.0,0.0,0.0,35.199557040074446,23.268911358147893,33291.0,0,0,0,49,UTAH
3001,490782,363.0,1086.8004393341748,0.3340079621447254,54.0,5.25,2.25,46.5,95.60069587358544,3.75,1.5,2.25,0.0,6.0,12.25,3.75,24.5,0.0,0.0,18.581978793908263,23.018717079677185,38899.0,0,0,0,49,UTAH
3011,490792,348.75,756.6664147295197,0.46090323716120696,458.25,96.0,17.0,345.25,516.701667619187,82.0,14.0,15.0,2.0,22.0,46.0,62.5,214.75,0.0,0.0,35.933776671533806,22.517890947653232,35287.0,0,0,0,49,UTAH
3012,490793,279.0,581.6343300351951,0.47968282749595864,496.5,29.5,1.75,465.25,549.0709717080222,27.75,1.75,1.5,0.25,6.75,241.25,187.25,30.0,0.0,0.0,34.55632355870952,18.01464814931258,37198.0,0,0,0,49,UTAH
3020,490801,419.0,1069.6638095756696,0.3917118596040145,286.25,23.0,99.75,163.5,344.94892607695107,21.5,1.5,98.75,1.0,12.0,8.5,72.25,70.75,0.0,0.0,31.676953852982194,27.021972223968863,33097.0,0,0,0,49,UTAH
3013,490794,426.75,1280.8511070818613,0.33317689904820896,132.5,17.75,9.5,105.25,185.1932631935768,16.5,1.25,1.5,8.0,5.0,56.75,13.5,30.0,0.0,0.0,24.920768742891585,27.77249445068517,43524.0,464,0,0,49,UTAH
3027,490808,0.0,0.0,0.0,1151.0,114.75,422.75,613.5,1202.2919018275722,100.5,14.25,218.5,204.25,29.75,222.75,84.25,276.75,0.0,0.0,51.29190182757221,0.0,56681.0,0,0,0,49,UTAH
3033,490814,0.0,0.0,0.0,1249.75,107.0,260.25,882.5,1305.7321337605315,91.25,15.75,216.75,43.5,114.25,66.5,200.75,501.0,0.0,0.0,55.98213376053181,0.0,56681.0,0,0,0,49,UTAH
3034,490815,0.0,0.0,0.0,99.0,0.0,99.0,0.0,103.41154892229476,0.0,0.0,0.0,99.0,0.0,0.0,0.0,0.0,0.0,0.0,4.411548922294767,0.0,33097.0,0,0,0,49,UTAH
3028,490809,0.0,0.0,0.0,2772.25,179.25,42.25,2550.75,2895.7804996759446,99.25,80.0,42.0,0.25,898.25,26.25,1459.75,166.5,0.0,0.0,123.5304996759445,0.0,56681.0,0,0,0,49,UTAH
3035,490816,475.0,1211.199466761988,0.3921732241757516,315.0,31.0,95.5,188.5,381.9803848771135,27.5,3.5,95.0,0.5,20.75,98.75,12.75,56.25,0.0,0.0,36.455631189523295,30.524753687590184,33097.0,461,0,0,49,UTAH
3037,490818,0.0,0.0,0.0,116.75,15.25,6.25,95.25,121.9003740508452,13.75,1.5,6.0,0.25,4.0,23.75,34.0,33.5,0.0,0.0,5.150374050845192,0.0,129892.0,0,0,0,49,UTAH
3032,490813,500.7500010213017,1533.8782795721202,0.3264600638070104,351.50000071689976,0.250000000509886,2.250000004588974,349.0000007118009,421.78365430606607,0.250000000509886,0.0,0.250000000509886,2.000000004079088,85.25000017387113,231.25000047164457,23.000000046909513,9.500000019375669,0.0,0.0,38.00818342484888,32.27547016431742,60746.0,401,0,13,49,UTAH
3041,490822,0.0,0.0,0.0,1635.25,135.25,475.75,1024.25,1708.0759925933771,81.0,54.25,370.5,105.25,512.0,225.5,38.0,248.75,0.0,0.0,72.82599259337717,0.0,129892.0,0,0,0,49,UTAH
3043,490824,0.0,0.0,0.0,861.75,255.75,117.75,488.25,900.1433144952425,178.0,77.75,40.75,77.0,60.75,47.0,40.5,340.0,0.0,0.0,38.39331449524256,0.0,75945.0,0,0,0,49,UTAH
3044,490825,0.0,0.0,0.0,577.0,33.25,451.75,92.0,602.7100210699127,32.75,0.5,376.25,75.5,47.25,6.0,5.25,33.5,0.0,0.0,25.71002106991277,0.0,75945.0,0,0,0,49,UTAH
3039,490820,0.0,0.0,0.0,1474.75,242.75,795.75,436.25,1540.4406297520786,233.75,9.0,668.25,127.5,88.5,74.0,47.75,226.0,0.0,0.0,65.69062975207862,0.0,129892.0,0,0,0,49,UTAH
3051,490832,336.0,1100.9923342556322,0.30517923653588885,725.75,103.75,223.5,398.5,795.0880505938562,82.5,21.25,37.0,186.5,103.25,80.0,41.5,173.75,0.0,0.0,47.32014730025193,22.017903293604263,54799.0,0,0,0,49,UTAH
3045,490826,0.0,0.0,0.0,1941.5,301.5,1200.25,439.75,2028.0162724411596,29.75,271.75,954.0,246.25,167.75,16.5,123.0,132.5,0.0,0.0,86.51627244115934,0.0,75945.0,0,0,0,49,UTAH
3048,490829,0.0,0.0,0.0,354.5,52.25,37.5,264.75,370.29748516531873,45.75,6.5,13.75,23.75,15.25,104.75,42.0,102.75,0.0,0.0,15.797485165318747,0.0,75945.0,0,0,0,49,UTAH
3050,490831,0.0,0.0,0.0,38.75,6.0,17.5,15.25,40.44537962409561,5.5,0.5,12.0,5.5,3.75,2.0,1.75,7.75,0.0,0.0,1.6953796240956076,0.0,75945.0,0,0,0,49,UTAH
3054,490835,1.0,3.521952750293293,0.2839333945967118,279.0,48.75,125.0,105.25,291.50335088528936,45.75,3.0,61.75,63.25,33.75,11.25,13.5,46.75,0.0,0.0,12.503350885289391,0.0,75945.0,0,0,0,49,UTAH
3056,490837,410.75,1568.745741550042,0.2618333800824519,113.0,6.0,12.0,95.0,162.86172278466813,6.0,0.0,1.0,11.0,9.0,53.0,2.0,31.0,0.0,0.0,23.34022424136965,26.5214985432985,75945.0,696,0,0,49,UTAH
3141,490922,0.0,0.0,0.0,496.0,148.0,123.0,225.0,518.102305711699,100.0,48.0,9.0,114.0,30.0,15.0,10.0,170.0,0.0,0.0,22.102305711699035,0.0,51304.0,0,0,0,49,UTAH
3061,490842,0.0,0.0,0.0,115.25,47.25,47.25,20.75,120.39269853758918,21.5,25.75,3.25,44.0,4.75,0.25,1.0,14.75,0.0,0.0,5.142698537589178,0.0,45247.0,0,0,0,49,UTAH
3062,490843,241.25,624.105842060704,0.3865530231273411,59.0,0.0,0.0,59.0,130.89923473457264,0.0,0.0,0.0,0.0,0.0,59.0,0.0,0.0,0.0,0.0,56.1378786847129,15.761356049859751,45247.0,558,123,0,49,UTAH
3063,490844,388.5,918.9499903129466,0.42276511681304557,515.5,37.75,49.5,428.25,580.8045287254404,34.75,3.0,5.0,44.5,19.0,35.0,203.25,171.0,0.0,0.0,40.28418407361734,25.02034465182303,45247.0,0,0,0,49,UTAH
3040,490821,0.0,0.0,0.0,1572.5,18.0,1259.5,295.0,1642.643220556972,14.5,3.5,1190.5,69.0,0.0,7.25,12.75,275.0,0.0,0.0,70.14322055697198,0.0,129892.0,0,0,0,49,UTAH
3046,490827,227.5,743.2580957483398,0.30608479248509846,405.25,21.25,216.0,168.0,447.9316325078557,8.75,12.5,192.5,23.5,14.25,104.5,3.75,45.5,0.0,0.0,28.169595775425748,14.512036732429976,54799.0,0,0,0,49,UTAH
3148,490929,280.0,694.6508397253408,0.4030802008541582,1836.25,370.75,542.5,923.0,1948.5744575113645,232.75,138.0,105.0,437.5,186.25,127.0,80.25,529.5,0.0,0.0,94.30980936205196,18.01464814931258,51304.0,0,0,0,49,UTAH
3069,490850,0.0,0.0,0.0,2125.25,894.5,120.25,1110.5,2219.953041267272,614.0,280.5,28.25,92.0,108.5,97.5,63.25,841.25,0.0,0.0,94.7030412672714,0.0,55124.0,0,0,0,49,UTAH
3070,490851,328.0,844.4369740670363,0.38842448882864933,0.0,0.0,0.0,0.0,122.58377054531536,0.0,0.0,0.0,0.0,0.0,0.0,0.0,0.0,0.0,0.0,101.31166322436492,21.272107320950436,73772.0,0,0,0,49,UTAH
3080,490861,419.5,1421.6991610452942,0.2950694573749102,0.0,0.0,0.0,0.0,46.10041432165902,0.0,0.0,0.0,0.0,0.0,0.0,0.0,0.0,0.0,0.0,18.825330927504872,27.275083394154148,73772.0,0,0,0,49,UTAH
3072,490853,329.5,991.3019149263474,0.3323911666452107,716.0,69.5,174.75,471.75,783.6064301617452,49.5,20.0,57.0,117.75,70.25,121.0,115.0,165.5,0.0,0.0,46.589340654213856,21.017089507531345,73772.0,0,0,0,49,UTAH
3082,490863,57.98898438747251,180.04351947248335,0.3220831527698233,108.50017387224533,7.540894276948596,42.09910002983419,58.86017956546254,119.6446401963349,7.535476430379081,0.005417846569515794,2.822289967861982,39.276810061972206,9.510851199321833,9.756167757567228,3.016237314189005,36.57692329438448,0.0,0.0,7.392478684778353,3.7519876393112095,73772.0,0,0,0,49,UTAH
3081,490862,518.25,1560.4472930778595,0.33211631196962293,0.0,0.0,0.0,0.0,56.12090385639658,0.0,0.0,0.0,0.0,0.0,0.0,0.0,0.0,0.0,0.0,23.094048915990182,33.026854940406395,73772.0,0,0,0,49,UTAH
3094,490875,63.594033358171345,182.5745119624684,0.3483182437384485,62.48805016933358,12.718806671634269,8.479204447756178,41.29003904994313,76.58978453524992,8.110543384810258,4.608263286824011,8.479204447756178,0.0,0.5529915944188812,7.926212853337297,10.138179231012822,22.67265537117413,0.0,0.0,10.042647748394534,4.05908661752181,58032.0,0,0,0,49,UTAH
3073,490854,252.0,557.9969337022528,0.4516153849233645,234.5,40.75,41.25,152.5,272.1924209231622,37.75,3.0,2.25,39.0,28.5,29.0,11.0,84.0,0.0,0.0,21.679400345995457,16.01302057716674,44865.0,0,0,10,49,UTAH
3074,490855,256.75,480.99236861088303,0.5337922527575643,862.5,85.5,77.75,699.25,928.8879996633856,41.25,44.25,6.25,71.5,21.5,244.25,253.25,180.25,0.0,0.0,49.87450540554853,16.51349425783711,48735.0,511,0,0,49,UTAH
3075,490856,349.75,656.5907715130415,0.5326757779340081,42.0,0.0,0.0,42.0,81.96796110999283,0.0,0.0,0.0,0.0,0.0,42.0,0.0,0.0,0.0,0.0,17.69981489747489,22.26814621251793,44214.0,481,0,0,49,UTAH
3076,490857,252.5,758.8157901830848,0.3327553317506447,364.0,0.0,0.25,363.75,407.7576402446253,0.0,0.0,0.0,0.25,2.25,357.25,4.25,0.0,0.0,0.0,27.493975656748297,16.263664587876946,71157.0,0,0,1504,49,UTAH
3078,490859,160.25000315326045,477.6031112382758,0.335529646651133,0.0,0.0,0.0,0.0,17.40326618384976,0.0,0.0,0.0,0.0,0.0,0.0,0.0,0.0,0.0,0.0,7.144836561907448,10.258429621942309,104790.0,0,0,0,49,UTAH
3085,490866,207.5000006163755,599.2448078178488,0.3462691673074101,43.00000012773083,0.0,0.0,43.00000012773083,67.41972680354016,0.0,0.0,0.0,0.0,0.0,43.00000012773083,0.0,0.0,0.0,0.0,11.158904498556632,13.260822177252704,49443.0,676,0,0,49,UTAH
3084,490865,208.5,693.7667736518432,0.30053327417584386,20.0,1.0,6.0,13.0,43.444255620072205,1.0,0.0,0.0,6.0,1.0,1.0,0.0,11.0,0.0,0.0,10.183384841767603,13.2608707783046,63108.0,0,0,0,49,UTAH
3089,490870,206.75,598.7036027091087,0.34532947365685607,0.0,0.0,0.0,0.0,22.22455578355607,0.0,0.0,0.0,0.0,0.0,0.0,0.0,0.0,0.0,0.0,9.213976564608094,13.010579218947974,55995.0,0,0,0,49,UTAH
3092,490873,105.74999956142327,348.4888463711456,0.3034530392080268,0.0,0.0,0.0,0.0,11.718245345944169,0.0,0.0,0.0,0.0,0.0,0.0,0.0,0.0,0.0,0.0,4.712548872488431,7.005696473455739,112744.0,0,0,0,49,UTAH
3086,490867,344.5,902.2725527206032,0.3818136758801279,0.0,0.0,0.0,0.0,37.371147442321785,0.0,0.0,0.0,0.0,0.0,0.0,0.0,0.0,0.0,0.0,15.353244148717522,22.017903293604263,62140.0,0,0,0,49,UTAH
3099,490880,87.5,287.3644930856683,0.30449134150305324,115.0,10.0,60.0,45.0,129.53586060841906,9.75,0.25,11.25,48.75,18.5,5.75,1.75,19.0,0.0,0.0,9.03150021309487,5.504360395324197,66133.0,0,0,0,49,UTAH
3111,490892,103.25,279.7872136194807,0.3690304451883323,176.75,32.25,22.75,121.75,196.2337471005631,16.0,16.25,5.75,17.0,37.0,8.5,35.75,40.5,0.0,0.0,12.47805059805264,7.005696502510448,90129.0,0,0,0,49,UTAH
3108,490889,298.5505086417195,1022.3559170394363,0.2920220870890731,0.0,0.0,0.0,0.0,32.48632614037482,0.0,0.0,0.0,0.0,0.0,0.0,0.0,0.0,0.0,0.0,13.304410004007694,19.18191613636713,91005.0,0,0,0,49,UTAH
3115,490896,226.0,521.0698468777962,0.4337230437611613,501.5,131.25,84.75,285.5,548.685252748209,90.75,40.5,67.0,17.75,15.0,110.25,17.0,143.25,0.0,0.0,32.42309450316112,14.762158245047893,91005.0,780,0,0,49,UTAH
3110,490891,347.722704301832,1194.620070454808,0.2910738844103375,7.50867114987892,2.5561433701715472,0.4792768819071651,4.473250897800208,45.900317991499406,0.0,2.5561433701715472,0.0,0.4792768819071651,0.0,0.6390358425428868,0.4792768819071651,3.3549381733501558,0.0,0.0,15.832873931403322,22.558772910217158,91005.0,0,0,0,49,UTAH
3119,490900,339.25,793.4040872935896,0.42758791570790666,319.75,46.0,17.5,256.25,371.11519113500816,42.0,4.0,11.75,5.75,26.0,44.75,18.25,167.25,0.0,0.0,29.34739727944681,22.017793855561383,91005.0,0,0,0,49,UTAH
3120,490901,163.25,534.6091473324669,0.30536327486083364,303.0,37.75,12.5,252.75,334.2831669006672,36.25,1.5,3.25,9.25,12.75,35.5,66.0,138.5,0.0,0.0,20.77449456166764,10.508672338999505,113111.0,0,0,0,49,UTAH
3199,490980,291.25,1044.0409146453546,0.2789641631036398,0.0,0.0,0.0,0.0,31.74549139080795,0.0,0.0,0.0,0.0,0.0,0.0,0.0,0.0,0.0,0.0,12.980333171936037,18.765158218871917,99112.0,0,0,0,49,UTAH
3122,490903,49.5,177.90925207548003,0.2782317356884793,142.5,21.5,2.25,118.75,154.06996153918547,20.25,1.25,2.25,0.0,4.75,21.0,5.75,87.25,0.0,0.0,8.56752018096672,3.0024413582187632,99112.0,0,0,0,49,UTAH
3125,490906,75.52868972135667,225.51648493224505,0.33491427353547465,0.0,0.0,0.0,0.0,9.12863881244844,0.0,0.0,0.0,0.0,0.0,0.0,0.0,0.0,0.8024564651722351,0.0,3.3661286251820477,4.960053722094156,103707.0,0,0,0,49,UTAH
3095,490876,0.0,0.0,0.0,0.0,0.0,0.0,0.0,0.6336768479738244,0.0,0.0,0.0,0.0,0.0,0.0,0.0,0.0,0.6336768479738244,0.0,0.0,0.0,58032.0,0,0,0,49,UTAH
3103,490884,0.75,3.271048137093652,0.22928430538670702,1816.5,214.0,244.25,1358.25,1897.4786356632544,176.75,37.25,230.0,14.25,73.75,136.25,538.25,610.0,0.0,0.0,80.97863566325464,0.0,58032.0,0,0,0,49,UTAH
3097,490878,15.953459065344209,45.31048709260783,0.3520919788996692,214.4942655495588,33.01374148494699,83.54383070582739,97.93669335878444,225.61861144308696,28.91220817135361,4.101533313593386,55.31172973521949,28.232100970607895,10.228013564753251,7.152201198793966,13.268455740845319,67.2880228543919,0.011344163170647908,0.0,10.328549501200552,0.7844522291569762,58032.0,0,0,0,49,UTAH
3104,490885,100.28096217538524,289.45915531080277,0.34644253026894223,35.16841875528123,6.11624674004891,3.8226542125305683,25.22951780270175,47.56301008392823,5.861403125880204,0.25484361416870455,3.5678105983618638,0.25484361416870455,1.0193744566748182,4.204919633783625,3.695232405446216,16.30999130679709,0.0,0.0,6.017551451014372,6.377039877632632,58032.0,0,0,0,49,UTAH
3177,490958,0.0,0.0,0.0,2126.0,694.25,350.5,1081.25,2220.72851524574,394.5,299.75,345.75,4.75,113.5,144.25,123.0,700.5,0.0,0.0,94.72851524574,0.0,58032.0,0,0,0,49,UTAH
3178,490959,13.0,32.328035717717995,0.40212774180013366,2485.25,1267.0,39.5,1178.75,2597.3221941249467,822.25,444.75,38.5,1.0,79.75,114.5,87.75,896.75,0.0,0.0,111.321501839677,0.7506922852701127,58032.0,0,0,0,49,UTAH
3106,490887,58.0,170.64722284643375,0.33988247234585517,0.0,0.0,0.0,0.0,6.587798957353265,0.0,0.0,0.0,0.0,0.0,0.0,0.0,0.0,0.0,0.0,2.5845438130615808,4.003255144291685,58032.0,0,0,0,49,UTAH
3179,490960,335.75,937.4736742849173,0.3581433902729078,414.5,114.0,25.5,275.0,469.147699604912,104.75,9.25,23.5,2.0,21.5,39.5,53.25,160.75,0.0,0.0,33.12864184174491,21.519057763167027,58032.0,0,0,0,49,UTAH
3107,490888,193.0,737.7436299605013,0.2616084940107625,0.0,0.0,0.0,0.0,20.856318090854685,0.0,0.0,0.0,0.0,0.0,0.0,0.0,0.0,0.0,0.0,8.596309739065964,12.26000835178872,91005.0,0,0,0,49,UTAH
3188,490969,258.25,983.7327133886688,0.26252049615225764,59.0,0.0,0.0,59.0,95.40006030180275,0.0,0.0,0.0,0.0,0.0,59.0,0.0,0.0,0.0,0.0,19.386225938563108,17.01383436323966,91005.0,667,0,0,49,UTAH
3189,490970,227.0,867.9958186128522,0.26152199714829233,0.0,0.0,0.0,0.0,25.127576542214143,0.0,0.0,0.0,0.0,0.0,0.0,0.0,0.0,0.0,0.0,10.115369751120324,15.012206791093815,91005.0,0,0,0,49,UTAH
3187,490968,555.0,1447.1454580815985,0.3835136246329606,375.75,94.25,4.0,277.5,452.7185107954376,20.5,73.75,4.0,0.0,20.5,49.0,34.0,174.0,0.0,0.0,41.439408869790206,35.5291019256474,61129.0,0,0,0,49,UTAH
3197,490978,417.0,1361.4715498553896,0.3062862386248851,48.0,0.0,0.0,48.0,100.81459104609796,0.0,0.0,0.0,0.0,0.0,48.0,0.0,0.0,0.0,5.07246376724138,20.72015505488769,27.021972223968863,99112.0,833,0,0,49,UTAH
3198,490979,146.25,524.7499095449687,0.27870419287317105,122.0,0.0,0.0,122.0,143.4627194876395,0.0,0.0,0.0,0.0,0.0,122.0,0.0,0.0,0.0,0.0,11.9551161051806,9.50760338245892,99112.0,0,0,1602,49,UTAH
3207,490988,218.25,579.5196620692496,0.37660499597323455,334.25,54.25,139.0,141.0,372.8855163529052,31.0,23.25,5.75,133.25,8.75,9.5,5.75,117.0,0.0,0.0,24.624123347884307,14.011393005020894,99112.0,0,0,0,49,UTAH
3212,490993,344.25,1239.7533136988768,0.27767620880391913,42.5,4.0,0.25,38.25,81.75174244354487,3.0,1.0,0.25,0.0,9.0,8.5,2.5,18.25,0.0,0.0,17.23383914994061,22.017903293604263,99112.0,0,0,0,49,UTAH
3213,490994,6.0,21.97236741852419,0.27307025618648606,15.75,5.0,2.0,8.75,52.71219709636175,4.75,0.25,2.0,0.0,0.0,2.25,0.5,6.0,0.0,0.0,36.96219709636175,0.0,99112.0,0,0,0,49,UTAH
3200,490981,4.25,14.54812269673159,0.29213391229885716,213.25,31.25,6.0,176.0,223.19178506671508,29.5,1.75,6.0,0.0,14.0,34.75,10.75,116.5,0.0,0.0,9.941785066715086,0.0,99112.0,0,0,0,49,UTAH
3202,490983,340.0,1119.27595023519,0.303767806257748,52.25,14.0,16.25,22.0,93.00068075194989,14.0,0.0,14.25,2.0,5.0,1.5,0.5,15.0,0.0,0.0,18.732777458345623,22.017903293604263,113111.0,0,0,0,49,UTAH
3232,491013,3.0,9.509865568083262,0.31546187257036673,332.75,55.0,189.75,88.0,347.9818724363765,54.5,0.5,54.75,135.0,20.0,11.0,5.5,51.5,0.0,0.0,14.981823890330537,0.2500485460459246,69330.0,0,0,0,49,UTAH
3230,491011,145.0,450.1560921667472,0.32211049127885394,43.75,11.0,9.75,23.0,61.66257838041005,0.75,10.25,0.75,9.0,1.0,0.75,2.75,18.5,0.0,0.0,8.404962840794175,9.50761553961588,78353.0,0,0,0,49,UTAH
3221,491002,539.0,1889.7166669766827,0.28522794417764996,0.0,0.0,0.0,0.0,59.04445170332132,0.0,0.0,0.0,0.0,0.0,0.0,0.0,0.0,0.0,0.0,24.015969190769084,35.02848251255224,87780.0,0,0,0,49,UTAH
3209,490990,189.25,502.8080876194858,0.3763861494272946,40.25,6.75,4.75,28.75,62.7393032825673,4.75,2.0,1.75,3.0,5.0,9.25,1.5,13.0,0.0,0.0,10.229489303646318,12.25981397892098,99112.0,0,0,0,49,UTAH
3219,491000,386.25,1316.6406825803456,0.29336021977008125,114.5,5.75,0.25,108.5,161.83357866277282,5.75,0.0,0.25,0.0,7.0,75.0,2.25,24.25,0.0,0.0,22.3132340109498,25.02034465182303,93258.0,740,0,0,49,UTAH
3224,491005,393.75,1393.2846879030728,0.2826055603845064,273.75,30.5,3.75,239.5,328.7596642521056,27.75,2.75,3.5,0.25,15.75,75.5,8.25,140.0,0.0,0.0,29.73907668136895,25.27058757073669,104274.0,543,0,0,49,UTAH
3225,491006,444.5,1475.130484910066,0.30132927530617726,0.0,0.0,0.0,0.0,48.33814340571187,0.0,0.0,0.0,0.0,0.0,0.0,0.0,0.0,0.0,0.0,19.815260303578228,28.52288310213364,101106.0,0,0,0,49,UTAH
3228,491009,2.0,3.681000295795649,0.543330573019609,0.0,0.0,0.0,0.0,2.1122440728939558,0.0,0.0,0.0,0.0,0.0,0.0,0.0,0.0,2.023972045315192,0.0,0.088272027578763,0.0,107346.0,0,0,0,49,UTAH
3227,491008,7.999999999015955,23.972367415575455,0.3337175615712511,0.0,0.0,0.0,0.0,2.369288610240679,0.0,0.0,0.0,0.0,0.0,0.0,0.0,0.0,1.011986022533116,0.0,0.35648880175774716,1.0008137859498154,88338.0,0,0,0,49,UTAH
3250,491031,19.25,60.019621393045576,0.3207284476844514,0.0,0.0,0.0,0.0,1.8596453705152305,0.0,0.0,0.0,0.0,0.0,0.0,0.0,0.0,0.0,0.0,0.8588315844423092,1.0008137860729212,69330.0,0,0,0,49,UTAH
3242,491023,54.25,143.81639016454594,0.3772170886637501,12.5,1.75,3.75,7.0,19.0348318838061,1.75,0.0,3.75,0.0,4.0,0.0,0.25,2.75,0.0,0.0,3.031479092745444,3.503352791060657,69330.0,0,0,0,49,UTAH
3222,491003,130.75,330.40656752861776,0.39572457950211676,76.25,0.0,11.0,65.25,103.46224529988535,0.0,0.0,11.0,0.0,0.0,0.0,0.0,65.25,0.0,0.0,18.705309971074577,8.50693532881078,60557.0,0,0,0,49,UTAH
3175,490956,1.25,3.773740346701008,0.3312363557531843,1785.0,1017.5,19.0,748.5,1864.5947610185176,658.25,359.25,19.0,0.0,61.0,42.75,38.0,606.75,0.0,0.0,79.59476101851781,0.0,44074.0,0,0,0,49,UTAH
3181,490962,44.0,102.00491325674574,0.4313517711568684,387.75,261.0,11.75,115.0,409.9885741150612,102.75,158.25,7.5,4.25,7.0,15.25,20.25,72.5,0.0,0.0,19.236132756842363,3.0024413582187632,44074.0,0,0,0,49,UTAH
3180,490961,74.25,170.0832901931905,0.4365508211633402,833.75,218.5,33.0,582.25,879.2013957245856,155.5,63.0,31.0,2.0,44.25,76.0,131.0,331.0,0.0,0.0,40.44732679422097,5.004068930364605,44074.0,0,0,0,49,UTAH
3184,490965,296.5,694.5491390848364,0.4268956410926941,285.0,66.0,26.5,192.5,329.9280511136967,35.0,31.0,24.5,2.0,5.0,17.0,90.5,80.0,0.0,0.0,25.91258917831123,19.015461935385503,44074.0,0,0,0,49,UTAH
3185,490966,320.0,650.3758102884215,0.49202321940308624,174.0,39.25,6.75,128.0,217.0294089758281,34.5,4.75,6.5,0.25,13.0,12.75,26.25,76.0,0.0,0.0,22.01231946829678,21.017089507531345,48351.0,0,0,0,49,UTAH
3186,490967,173.0,349.5366925205305,0.4949408851828585,406.0,153.25,73.75,179.0,443.3119205374731,54.5,98.75,73.5,0.25,4.75,7.5,4.5,162.25,0.0,0.0,26.302968890670986,11.008951646802132,48351.0,0,0,0,49,UTAH
3195,490976,266.0,730.0393060539659,0.3643639428646555,40.0,0.0,0.0,40.0,70.64953103215075,0.0,0.0,0.0,0.0,0.0,40.0,0.0,0.0,0.0,0.0,13.635696668911098,17.01383436323966,45450.0,412,0,0,49,UTAH
3194,490975,247.0,679.0945712169175,0.3637195914515754,1085.5,247.75,45.0,792.75,1160.8796118410337,140.25,107.5,39.75,5.25,89.75,122.75,161.5,418.75,0.0,0.0,59.36659126386692,16.01302057716674,45450.0,0,0,0,49,UTAH
3211,490992,617.25,2068.0090015964693,0.2984754899632898,544.5,109.25,11.5,423.75,635.7838343153513,61.5,47.75,9.25,2.25,22.75,114.0,23.5,263.5,0.0,0.0,51.75161082068004,39.53222349467126,75801.0,425,0,0,49,UTAH
3196,490977,223.0,579.4359887081188,0.38485700637474995,117.0,27.75,0.0,89.25,146.16216708158876,27.75,0.0,0.0,0.0,0.0,84.0,0.25,5.0,0.0,0.0,15.150774076567885,14.011393005020894,62215.0,0,1212,0,49,UTAH
3215,490996,85.5,213.69724433919745,0.40009874841571436,1394.5,176.0,86.75,1131.75,1465.954588873373,136.75,39.25,81.0,5.75,56.5,358.5,69.0,647.75,0.0,0.0,65.9502284780487,5.504360395324197,51785.0,0,0,0,49,UTAH
3206,490987,176.0,450.89284978196895,0.3903366400356659,207.5,41.25,0.5,165.75,235.59884395193384,15.0,26.25,0.5,0.0,5.0,19.25,0.25,141.25,0.0,0.0,17.089892305131677,11.008951646802132,58353.0,0,0,0,49,UTAH
3208,490989,206.25,528.8500697596621,0.38999711221316674,49.5,16.25,1.0,32.25,73.90757842709249,2.5,13.75,1.0,0.0,2.0,3.0,12.5,14.75,0.0,0.0,11.39699920814451,13.010579218947974,58353.0,0,0,0,49,UTAH
3210,490991,277.0,718.3417313013263,0.385610341053408,25.5,1.25,0.0,24.25,56.99462006870472,1.25,0.0,0.0,0.0,2.0,1.0,1.0,20.25,0.0,0.0,13.479971919392138,18.01464814931258,60125.0,0,0,0,49,UTAH
3216,490997,258.25,644.3187664583604,0.4008109237909177,94.0,0.0,0.0,94.0,126.71093356205338,0.0,0.0,0.0,0.0,0.0,94.0,0.0,0.0,0.0,0.0,15.69709919881373,17.01383436323966,51785.0,0,1255,0,49,UTAH
3223,491004,239.5,743.6795845946206,0.32204729692902806,0.0,0.0,0.0,0.0,25.684829396298376,0.0,0.0,0.0,0.0,0.0,0.0,0.0,0.0,0.0,0.0,10.672622605204555,15.012206791093815,102351.0,0,0,0,49,UTAH
3183,490964,228.0,629.831138213398,0.3620017909034366,826.0,184.0,16.0,626.0,893.0481566264701,71.5,112.5,15.25,0.75,57.5,43.5,185.25,339.75,0.0,5.07246376724138,46.96348606813488,15.012206791093815,58209.0,0,0,0,49,UTAH
3201,490982,325.5,1145.97741772573,0.28403701064718784,98.0,0.0,98.0,0.0,137.88828343142748,0.0,0.0,90.0,8.0,0.0,0.0,0.0,0.0,0.0,0.0,18.87119392389613,21.017089507531345,83918.0,0,0,0,49,UTAH
3191,490972,281.0,731.588891385735,0.38409549859039743,8.0,0.0,0.0,8.0,38.892806114395285,0.0,0.0,0.0,0.0,8.0,0.0,0.0,0.0,0.0,0.0,12.878157965082703,18.01464814931258,56042.0,0,0,0,49,UTAH
3182,490963,134.5,371.7741886756134,0.36177874660727505,96.5,3.25,0.5,92.75,115.80112421184398,3.25,0.0,0.5,0.0,7.75,67.5,2.0,15.5,0.0,0.0,10.293800137187702,9.007324074656289,58209.0,619,0,0,49,UTAH
3192,490973,57.5,150.3921687526075,0.38233373770004275,110.0,0.0,0.0,110.0,121.4670003307434,0.0,0.0,0.0,0.0,0.0,110.0,0.0,0.0,0.0,0.0,7.463745186451705,4.003255144291685,56042.0,0,0,1442,49,UTAH
3203,490984,304.0,1069.623061906259,0.2842122714315993,49.0,0.0,0.0,49.0,84.74539463091705,0.0,0.0,0.0,0.0,0.0,49.0,0.0,0.0,0.0,0.0,15.729118909458638,20.01627572145842,83918.0,852,0,0,49,UTAH
3204,490985,321.0,690.2555382666098,0.4650451640070932,292.5,22.25,7.0,263.25,340.85204532502127,20.75,1.5,5.75,1.25,8.5,26.25,185.0,43.5,0.0,0.0,27.33495581748992,21.017089507531345,50048.0,0,0,0,49,UTAH
3193,490974,197.25,511.0227876166193,0.385990614860763,740.75,157.0,77.25,506.5,795.5530566548493,140.75,16.25,17.25,60.0,50.5,77.5,62.5,316.0,0.0,0.0,41.79247743590132,13.010579218947974,56042.0,0,0,0,49,UTAH
3205,490986,145.0,310.6082306025929,0.46682600689200654,752.0,92.5,37.5,622.0,800.9785647785502,43.5,49.0,24.5,13.0,81.0,233.25,97.75,210.0,0.0,0.0,39.97124070389396,9.007324074656289,50625.0,0,0,0,49,UTAH
3233,491014,100.0,302.5924660494204,0.3304774943856919,0.0,0.0,0.0,0.0,10.95701741294614,0.0,0.0,0.0,0.0,0.0,0.0,0.0,0.0,0.0,0.0,4.451673172995206,6.505344239950935,105921.0,0,0,0,49,UTAH
3214,490995,134.75,287.5388403331384,0.46863234143909244,623.75,105.5,57.5,460.75,669.045486969922,62.25,43.25,56.5,1.0,67.75,101.25,36.5,255.25,0.0,0.0,36.28816289526576,9.007324074656289,49164.0,0,7,265,49,UTAH
3239,491020,64.25,191.36430659507212,0.33574704260786387,0.0,0.0,0.0,0.0,7.150894722008433,0.0,0.0,0.0,0.0,0.0,0.0,0.0,0.0,0.0,0.0,2.898210633560046,4.252684088448387,105921.0,0,0,0,49,UTAH
3234,491015,85.75,251.7972213376341,0.340551812067132,0.0,0.0,0.0,0.0,9.362488180288574,0.0,0.0,0.0,0.0,0.0,0.0,0.0,0.0,0.0,0.0,3.857908908878617,5.504579271409957,105921.0,0,0,0,49,UTAH
3240,491021,85.0,245.9297422590413,0.34562716660137954,0.0,0.0,0.0,0.0,10.07757269030207,0.0,0.0,0.0,0.0,0.0,0.0,0.0,0.0,0.7588516536197112,0.0,3.815138309918116,5.503582726764243,105921.0,0,0,0,49,UTAH
3236,491017,292.75,888.1418338684209,0.3296207754620544,239.0,0.0,56.0,183.0,281.71047589372984,0.0,0.0,49.0,7.0,1.0,182.0,0.0,0.0,0.0,0.0,23.69501395834437,19.015461935385503,105921.0,921,438,414,49,UTAH
3237,491018,222.75,676.7017146140098,0.3291701427519752,227.5,42.5,11.5,173.5,261.57319524541714,39.5,3.0,10.25,1.25,10.75,17.5,6.5,138.75,0.0,0.0,20.061802240396236,14.011393005020894,105921.0,0,0,0,49,UTAH
3238,491019,11.5,31.666860219054666,0.36315567506374347,0.0,0.0,0.0,0.0,1.2595423288440908,0.0,0.0,0.0,0.0,0.0,0.0,0.0,0.0,0.0,0.0,0.5090322592847578,0.750510069559333,105921.0,0,0,0,49,UTAH
3241,491022,105.25,292.5006230865057,0.35982829331913185,116.5,22.0,56.25,38.25,133.89861978515165,20.5,1.5,56.0,0.25,8.0,5.75,4.0,20.5,0.0,0.0,10.393105498351982,7.005514286799668,105921.0,0,0,0,49,UTAH
3130,490911,18.0,44.060178419697365,0.4085321631823668,0.0,0.0,0.0,0.0,6.862843703414496,0.0,0.0,0.0,0.0,0.0,0.0,0.0,0.0,5.059930113287981,0.0,0.8020998040535939,1.0008137860729212,62476.0,0,0,0,49,UTAH
3147,490928,309.75,783.0772419258409,0.3955548487633535,96.5,1.75,92.5,2.25,134.7694904997023,1.75,0.0,52.5,40.0,0.0,0.5,0.25,1.5,0.0,0.0,18.002498190584987,20.266992309117324,51304.0,0,0,0,49,UTAH
3154,490935,0.0,0.0,0.0,1156.5,519.75,259.75,377.0,1208.0200990071544,516.0,3.75,222.25,37.5,146.25,27.25,22.25,181.25,0.0,0.0,51.52009900715444,0.0,51304.0,0,0,0,49,UTAH
3157,490938,14.0,32.49432016881748,0.4308445268978059,0.0,0.0,0.0,0.0,1.6246691892257163,0.0,0.0,0.0,0.0,0.0,0.0,0.0,0.0,0.0,0.0,0.6238554031527953,1.0008137860729212,51304.0,0,0,0,49,UTAH
3152,490933,4.669610751339871,8.931357448767391,0.5228332622589548,474.95893283821204,74.69738109525915,226.17942815527232,174.0821235876806,497.93529932477406,71.16069981359466,3.536681281664497,154.93997488146422,71.23945327380808,35.55071505098089,20.621751403014468,10.942001331002723,106.96765580268251,1.583367163151965,0.0,21.379060256306094,0.01393906710393526,51304.0,0,0,0,49,UTAH
3158,490939,0.0,0.0,0.0,971.7499896577685,165.74999823594044,532.4999943326593,273.4999970891687,1015.0416139382171,161.49999828117274,4.249999954767704,480.2499948887505,52.24999944390883,57.499999388033636,25.499999728606223,19.499999792463584,170.99999818006526,0.0,0.0,43.29162428044877,0.0,51304.0,0,0,0,49,UTAH
3165,490946,0.0,0.0,0.0,1436.25,175.25,726.25,534.75,1500.2434344083906,165.5,9.75,711.25,15.0,68.75,49.0,97.25,319.75,0.0,0.0,63.99343440839064,0.0,51304.0,0,0,0,49,UTAH
3155,490936,14.0,32.49432016881748,0.4308445268978059,0.0,0.0,0.0,0.0,2.636655211883313,0.0,0.0,0.0,0.0,0.0,0.0,0.0,0.0,1.011986022657596,0.0,0.6238554031527953,1.0008137860729212,51304.0,0,0,0,49,UTAH
3149,490930,15.0,38.53822566940407,0.38922393907482533,0.0,0.0,0.0,0.0,2.6812163121085124,0.0,0.0,0.0,0.0,0.0,0.0,0.0,0.0,1.011986022657596,0.0,0.668416503377995,1.0008137860729212,51304.0,0,0,0,49,UTAH
3150,490931,13.0,33.17547483847833,0.39185573268485807,94.5,13.75,2.5,78.25,100.29174313188427,12.5,1.25,2.0,0.5,5.75,16.5,5.75,50.25,0.0,0.0,4.790929345811362,1.0008137860729212,51304.0,0,0,0,49,UTAH
3169,490950,9.25,24.592346649803588,0.3761332796629994,144.25,34.25,51.5,58.5,152.0882479347148,33.25,1.0,49.5,2.0,12.0,5.5,4.25,36.75,0.0,0.0,6.837434148641867,1.0008137860729212,51304.0,0,0,0,49,UTAH
3161,490942,5.5,13.48611012732809,0.4078270122423861,0.0,0.0,0.0,0.0,0.2450398701760491,0.0,0.0,0.0,0.0,0.0,0.0,0.0,0.0,0.0,0.0,0.2450398701760491,0.0,51304.0,0,0,0,49,UTAH
3168,490949,3.0,5.521952750293293,0.5432860684729072,3.5,0.75,0.5,2.25,3.782677593768047,0.5,0.25,0.5,0.0,0.0,0.25,0.75,1.25,0.0,0.0,0.2826775937680468,0.0,51304.0,0,0,0,49,UTAH
3166,490947,2.0,2.840650916764431,0.7040639834330814,0.0,0.0,0.0,0.0,1.1011082231079954,0.0,0.0,0.0,0.0,0.0,0.0,0.0,0.0,1.011986022657596,0.0,0.0891222004503992,0.0,51304.0,0,0,0,49,UTAH
3167,490948,1.5,1.9202518764482093,0.7811475246541472,61.5,19.5,3.25,38.75,64.31910988129734,17.5,2.0,3.25,0.0,0.0,4.25,7.5,27.0,0.0,0.0,2.819109881297332,0.0,51304.0,0,0,0,49,UTAH
3170,490951,3.25,6.191944077266407,0.5248755414203928,0.0,0.0,0.0,0.0,0.1452752202190463,0.0,0.0,0.0,0.0,0.0,0.0,0.0,0.0,0.0,0.0,0.1452752202190463,0.0,51304.0,0,0,0,49,UTAH
3171,490952,9.5,29.474340231356997,0.32231425454922286,0.0,0.0,0.0,0.0,0.9048989190782633,0.0,0.0,0.0,0.0,0.0,0.0,0.0,0.0,0.0,0.0,0.4044130812509299,0.5004858378273332,51304.0,0,0,0,49,UTAH
3172,490953,18.0,37.11064036517986,0.48503609269133025,0.0,0.0,0.0,0.0,1.8292066722995612,0.0,0.0,0.0,0.0,0.0,0.0,0.0,0.0,0.0,0.0,0.8290124881158631,1.0001941841836983,51304.0,0,0,0,49,UTAH
3174,490955,25.25,73.82783061570974,0.3420119457583937,36.25,5.75,0.5,30.0,40.51345727999049,5.75,0.0,0.5,0.0,2.0,7.5,2.5,18.0,0.0,0.0,2.7617079238507376,1.501749356139754,51304.0,0,0,0,49,UTAH
3341,491122,11.0,37.900274459250674,0.29023536523005644,0.0,0.0,0.0,0.0,1.4909858885501177,0.0,0.0,0.0,0.0,0.0,0.0,0.0,0.0,0.0,0.0,0.4901721024771963,1.0008137860729212,76841.0,0,0,0,49,UTAH
3348,491129,12.0,39.53150387366195,0.3035553627899053,0.0,0.0,0.0,0.0,9.631435170036086,0.0,0.0,0.0,0.0,0.0,0.0,0.0,0.0,8.095888181260769,0.0,0.534733202702396,1.0008137860729212,76841.0,0,0,0,49,UTAH
3377,491158,44.5,108.4137754544384,0.4104644434110813,86.75,13.5,1.5,71.75,95.0273688542877,12.25,1.25,1.5,0.0,5.0,13.5,4.5,48.75,0.0,0.0,5.774939665151045,2.502429189136666,75589.0,0,0,0,49,UTAH
3375,491156,7.0,17.087811001173172,0.409648725604433,0.0,0.0,0.0,0.0,0.3119277015763976,0.0,0.0,0.0,0.0,0.0,0.0,0.0,0.0,0.0,0.0,0.3119277015763976,0.0,75589.0,0,0,0,49,UTAH
3376,491157,35.25,97.03317298828397,0.36327782462865743,1.0,0.25,0.25,0.5,4.868499582417945,0.25,0.0,0.25,0.0,0.0,0.0,0.0,0.5,0.0,0.0,1.6166290913584356,2.251870491059509,75589.0,0,0,0,49,UTAH
3370,491151,13.0,36.53822566940407,0.35579177044948246,20.5,4.0,1.0,15.5,22.99205136289425,3.75,0.25,1.0,0.0,1.0,4.75,0.75,9.0,0.0,0.0,1.4912375768213308,1.0008137860729212,75589.0,0,0,0,49,UTAH
3384,491165,9.0,24.97236741852419,0.3603983494702193,0.0,0.0,0.0,0.0,2.4138497107573142,0.0,0.0,0.0,0.0,0.0,0.0,0.0,0.0,1.011986022657596,0.0,0.4010499020267969,1.0008137860729212,75589.0,0,0,0,49,UTAH
3386,491167,19.75,55.048803840649136,0.35877255493453986,0.0,0.0,0.0,0.0,2.1198835452214326,0.0,0.0,0.0,0.0,0.0,0.0,0.0,0.0,0.0,0.0,0.8686689388379899,1.2512146063834426,75589.0,0,0,0,49,UTAH
3394,491175,1524.75,4151.005125036379,0.36732067392632706,0.0,0.0,0.0,0.0,736.9849618968043,0.0,0.0,0.0,0.0,0.0,0.0,0.0,0.0,1.5179101163644533,0.0,637.4072737852963,98.05977799514358,75589.0,0,0,0,49,UTAH
3409,491190,37.75,108.40288958517604,0.3482379496013201,0.0,0.0,0.0,0.0,4.463754630201434,0.0,0.0,0.0,0.0,0.0,0.0,0.0,0.0,0.0,0.0,1.710899928632133,2.752854701569301,56564.0,0,0,0,49,UTAH
3413,491194,9.0,21.819851096224276,0.4124684426264195,0.0,0.0,0.0,0.0,3.4258357334149103,0.0,0.0,0.0,0.0,0.0,0.0,0.0,0.0,2.023972045315192,0.0,0.4010499020267969,1.0008137860729212,56564.0,0,0,0,49,UTAH
3414,491195,149.25,481.776102058387,0.30979120666701776,129.0,10.25,20.5,98.25,152.15631166207294,9.25,1.0,7.25,13.25,81.0,3.25,2.5,11.5,1.011986022657596,0.0,12.385823075778552,9.758502563636789,56564.0,0,0,0,49,UTAH
3416,491197,119.5,342.70172907221666,0.3486997288385962,0.0,0.0,0.0,0.0,13.448630358769655,0.0,0.0,0.0,0.0,0.0,0.0,0.0,0.0,0.5057862585243433,0.0,5.185568748943983,7.75727535130133,56564.0,0,0,0,49,UTAH
3417,491198,310.25,1020.0749354519136,0.30414432236054606,251.75,28.75,153.75,69.25,298.832866123673,25.75,3.0,136.0,17.75,0.0,6.25,7.5,55.5,1.011986022657596,0.0,26.05589295576453,20.01498714525086,56564.0,0,0,0,49,UTAH
3422,491203,0.0,0.0,0.0,870.75,641.0,126.25,103.5,909.5511263766056,594.75,46.25,94.5,31.75,97.5,3.75,0.75,1.5,0.0,0.0,38.80112637660547,0.0,56564.0,0,0,0,49,UTAH
3419,491200,0.0,0.0,0.0,661.5,17.75,615.75,28.0,690.9778781677372,17.75,0.0,502.25,113.5,7.0,2.0,0.0,19.0,0.0,0.0,29.477878167737185,0.0,56564.0,0,0,0,49,UTAH
3418,491199,86.0,255.40618737843312,0.33671854579064897,55.75,2.0,26.75,27.0,67.87740832785143,2.0,0.0,2.25,24.5,23.0,1.0,0.0,3.0,0.0,0.0,6.372330955245033,5.755077372606397,56564.0,0,0,0,49,UTAH
3427,491208,61.75,185.56617372899996,0.3327653890745165,0.0,0.0,0.0,0.0,6.720771513058046,0.0,0.0,0.0,0.0,0.0,0.0,0.0,0.0,0.0,0.0,2.7172855244277327,4.003485988630313,56564.0,0,0,0,49,UTAH
3415,491196,43.25,159.68493712559447,0.27084583416896274,98.0,0.0,19.5,78.5,109.06093463474096,0.0,0.0,18.25,1.25,76.5,2.0,0.0,0.0,2.023972045315192,0.0,6.284557620095981,2.752404969329801,57510.0,0,0,0,49,UTAH
3433,491214,94.5,294.99310957019003,0.3203464655079168,0.0,0.0,0.0,0.0,11.27102874605762,0.0,0.0,0.0,0.0,0.0,0.0,0.0,0.0,1.011986022657596,0.0,4.254038399947546,6.005004323452479,56564.0,0,0,0,49,UTAH
3444,491225,11.0,41.26343300351952,0.2665798553179462,173.0,0.0,9.25,163.75,184.22402827282485,0.0,0.0,7.5,1.75,161.75,2.0,0.0,0.0,2.023972045315192,0.0,8.199242441436738,1.0008137860729212,61056.0,0,0,0,49,UTAH
3446,491227,76.25,220.406614278408,0.3459515053558435,158.0,0.5,5.75,151.75,174.28225902927107,0.5,0.0,4.0,1.75,149.75,2.0,0.0,0.0,1.011986022657596,0.0,10.517029936676778,4.753243069936698,56564.0,0,0,0,49,UTAH
3243,491024,63.0117520791286,160.1728793339895,0.39339838517691667,37.47855396175658,7.615164350795163,1.1945355844384569,28.668854026522965,72.3763967448888,7.167213506630741,0.4479508441644213,1.0452186363836498,0.1493169480548071,1.7918033766576853,6.271311818301898,2.239754220822107,18.365984610741275,0.0,0.0,30.71381262169715,4.184030161435052,105921.0,0,0,0,49,UTAH
3385,491166,136.5,374.3306938518948,0.36465083478836147,0.0,0.0,0.0,0.0,15.86645313261769,0.0,0.0,0.0,0.0,0.0,0.0,0.0,0.0,1.011986022657596,0.0,6.099524445385929,8.754942664574164,75589.0,0,0,0,49,UTAH
3245,491026,141.0,374.526818978807,0.3764750422531921,372.25,79.25,14.5,278.5,408.7203090567818,69.0,10.25,14.0,0.5,24.75,54.75,58.0,141.0,0.0,0.0,27.212049884373968,9.258259172407874,105921.0,0,0,0,49,UTAH
3246,491027,0.0,0.0,0.0,437.5,78.75,236.75,122.0,456.99066575124135,76.75,2.0,98.75,138.0,24.25,11.25,7.5,79.0,0.0,0.0,19.490665751241373,0.0,105921.0,0,0,0,49,UTAH
3248,491029,150.5,456.9205654887794,0.32937891477702774,26.0,0.0,25.0,1.0,43.36667973480873,0.0,0.0,25.0,0.0,1.0,0.0,0.0,0.0,0.0,0.0,7.858821181882145,9.507858552926582,105921.0,0,0,0,49,UTAH
3256,491037,261.2500007036822,665.4962916835253,0.39256417198477617,103.25000027810597,24.250000065317867,5.000000013467601,74.0000001993205,135.97392799174744,22.500000060604208,1.7500000047136606,5.000000013467601,0.0,1.0000000026935203,14.000000037709285,18.500000049830124,40.50000010908757,0.0,0.0,15.96096869156623,16.76295902207524,105921.0,0,0,0,49,UTAH
3249,491030,106.75000011030782,305.33672371750384,0.3496140222198508,9.50000000981662,0.25000000025833213,0.7500000007749964,8.500000008783292,22.44998608351604,0.0,0.25000000025833213,0.7500000007749964,0.0,0.0,1.2500000012916606,0.0,7.250000007491632,1.01198602370331,0.0,5.182218499467716,6.755781550528396,105921.0,0,0,0,49,UTAH
3277,491058,88.0,287.2336641977037,0.3063707739334807,304.75,26.0,45.25,233.5,328.2561738948143,22.5,3.5,41.0,4.25,15.0,132.25,28.25,58.0,0.0,0.0,17.501291178376796,6.004882716437527,85315.0,0,0,1374,49,UTAH
3285,491066,710.5000065444966,2167.491024561454,0.3277983615587295,0.0,0.0,0.0,0.0,154.3559179580533,0.0,0.0,0.0,0.0,0.0,0.0,0.0,0.0,2.0239720639582295,0.0,106.54766834915887,45.784277544936195,30043.0,0,0,0,49,UTAH
3290,491071,61.50000004857815,186.73277982524917,0.32934763840677533,155.5000001228277,14.500000011453384,4.500000003554499,136.5000001078198,174.19550923278072,12.250000009676135,2.2500000017772495,4.000000003159554,0.5000000003949443,6.500000005134276,22.00000001737755,16.000000012638218,92.00000007266975,0.0,0.0,14.692873564388954,4.0026355455640985,75991.0,0,0,0,49,UTAH
3281,491062,90.25,268.0052690658997,0.3367471106615014,0.0,0.0,0.0,0.0,10.986400722348892,0.0,0.0,0.0,0.0,0.0,0.0,0.0,0.0,1.011986022657596,0.0,3.969094939438186,6.005319760253109,69330.0,0,0,0,49,UTAH
3267,491048,1.7335888512688764,5.096787944555989,0.3401336037769763,15.3355936843016,4.400648622451763,2.5337067826237427,8.401238279226094,16.76525894414065,3.867236668215186,0.5334119542365774,2.5337067826237427,0.0,0.0,2.1336478169463096,0.6667649427957217,5.600825519484062,0.5398054420058896,0.0,0.8898598178331637,0.0,69330.0,0,0,0,49,UTAH
3280,491061,22.5,70.61826575896802,0.3186144513488376,25.75,3.75,0.25,21.75,32.1597119484306,3.75,0.0,0.25,0.0,1.0,4.75,0.25,15.75,0.0,0.0,4.9088010702658265,1.5009108781647704,104591.0,0,0,0,49,UTAH
3279,491060,357.75,1048.3542464442946,0.34124915429434416,0.0,0.0,0.0,0.0,38.95698699842168,0.0,0.0,0.0,0.0,0.0,0.0,0.0,0.0,0.0,0.0,15.938026905433794,23.01896009298789,75108.0,0,0,0,49,UTAH
3265,491046,24.18116446559914,70.96696330326624,0.3407383286539218,0.0,0.0,0.0,0.0,2.5591384572796265,0.0,0.0,0.0,0.0,0.0,0.0,0.0,0.0,0.0,0.0,1.0718849799986987,1.4872534772809276,72269.0,0,0,0,49,UTAH
3297,491078,197.5,578.945551956656,0.3411374339650964,0.0,0.0,0.0,0.0,25.80879413962372,0.0,0.0,0.0,0.0,0.0,0.0,0.0,0.0,0.0,0.0,12.798214920675749,13.010579218947974,75108.0,0,0,0,49,UTAH
3295,491076,218.50000003355962,570.5349960146451,0.3829738781316596,75.00000001151932,5.50000000084475,2.2500000003455796,67.25000001032899,110.100762744062,4.500000000691159,1.000000000153591,1.000000000153591,1.2500000001919886,11.500000001766296,12.500000001919886,1.5000000002303864,41.75000000641242,0.0,0.0,21.08907807161606,14.011684660926623,89915.0,0,0,0,49,UTAH
3291,491072,120.0,395.5247908678701,0.30339438328680507,511.75,110.75,5.25,395.75,547.9009728481932,77.0,33.75,5.25,0.0,25.0,237.5,36.75,96.5,0.0,0.0,28.14446255960982,8.00651028858337,85315.0,528,0,0,49,UTAH
3296,491077,217.0,716.9773360100244,0.302659497171283,37.0,0.0,5.5,31.5,62.32991246222161,0.0,0.0,5.5,0.0,23.75,0.5,3.0,4.25,0.0,0.0,11.318519457200717,14.011393005020894,85315.0,0,0,0,49,UTAH
3309,491090,19.5,58.78941882397697,0.3316923417526118,0.0,0.0,0.0,0.0,1.8580082622778529,0.0,0.0,0.0,0.0,0.0,0.0,0.0,0.0,0.0,0.0,0.8570852152510358,1.000923047026817,109773.0,0,0,0,49,UTAH
3311,491092,227.25,727.6486421582981,0.31230732366372277,0.0,0.0,0.0,0.0,25.13906096863589,0.0,0.0,0.0,0.0,0.0,0.0,0.0,0.0,0.0,0.0,10.126854177542072,15.012206791093815,83427.0,0,0,0,49,UTAH
3316,491097,241.75,710.7687491381841,0.3401246893495597,197.0,20.75,32.0,144.25,233.66491473175037,19.75,1.0,2.0,30.0,14.0,26.0,12.0,92.25,0.0,0.0,21.15370413101425,15.511210600736096,109773.0,0,0,0,49,UTAH
3317,491098,243.25751723821864,787.8484579841698,0.308761811707584,65.39180570919856,7.847016685103827,8.718907427893141,48.82588159620159,95.93433631669356,6.975125942314513,0.8718907427893141,0.8718907427893141,7.847016685103827,6.103235199525199,8.718907427893141,0.8718907427893141,33.131848225993934,0.0,0.0,14.617541167053293,15.924989440441692,83427.0,0,0,0,49,UTAH
3318,491099,278.5,944.9331296364848,0.2947298504679784,0.0,0.0,0.0,0.0,48.92578813521047,0.0,0.0,0.0,0.0,0.0,0.0,0.0,0.0,0.0,0.0,30.660447511833706,18.26534062337676,114538.0,0,0,0,49,UTAH
3288,491069,270.25,736.6829111873848,0.3668471141327431,163.5,17.0,7.5,139.0,207.97591595936265,14.25,2.75,4.0,3.5,9.5,24.75,59.25,45.5,0.0,0.0,27.209749027203006,17.26616693215962,30043.0,0,0,0,49,UTAH
3284,491065,278.0,869.8835946349747,0.31958298985585065,0.0,0.0,0.0,0.0,437.00551481573183,0.0,0.0,0.0,0.0,0.0,0.0,0.0,0.0,0.7588516536197112,0.0,418.2307038813528,18.01595928075933,30043.0,0,0,0,49,UTAH
3271,491052,129.75,390.568978574976,0.3322076435087187,69.25,17.0,28.5,23.75,86.3666962897315,16.75,0.25,19.75,8.75,6.75,2.25,1.0,13.75,0.0,0.0,8.859943082234444,8.256753207497034,30043.0,0,0,0,49,UTAH
3272,491053,187.24999988994668,575.4571540050393,0.3253934694993937,38.74999997722528,13.249999992212514,3.499999997942928,21.999999987069835,72.76269247040138,12.24999999280025,0.9999999994122653,3.499999997942928,0.0,0.0,2.249999998677597,3.249999998089862,16.499999990302378,0.0,0.0,22.00221037348898,12.010482119687122,30043.0,0,0,0,49,UTAH
3270,491051,21.5,51.35279728165699,0.4186724217198527,552.25,178.75,74.0,299.5,579.302694684151,121.0,57.75,24.0,50.0,24.75,37.75,16.5,220.5,0.0,0.0,25.55116420409697,1.501530480053993,30043.0,0,0,0,49,UTAH
3283,491064,138.75,409.8655887140717,0.3385256138123712,299.5,134.5,13.0,152.0,329.53460460275124,130.25,4.25,3.5,9.5,8.5,70.25,4.5,68.75,0.0,0.0,21.027037514784244,9.00756708796699,30043.0,454,0,0,49,UTAH
3287,491068,232.25,519.1229401546341,0.4473892059765619,376.0,100.25,60.5,215.25,419.3653049887399,50.75,49.5,17.5,43.0,20.75,51.25,12.0,131.25,0.0,0.0,28.35309819764612,15.012206791093815,56620.0,0,0,0,49,UTAH
3286,491067,201.75,453.31499850071725,0.4450547647160648,229.75,80.0,26.5,123.25,262.9920352369236,53.0,27.0,1.75,24.75,14.5,11.0,20.75,77.0,0.0,0.0,20.231456017975624,13.010579218947974,56620.0,0,0,0,49,UTAH
3292,491073,185.75,403.4822326398812,0.4603672354658226,389.5,29.5,47.75,312.25,427.1400682167263,26.25,3.25,11.25,36.5,93.5,38.75,26.5,153.5,0.0,0.0,25.630302783851192,12.009765432875056,77634.0,0,0,0,49,UTAH
3293,491074,328.25,846.5095643430066,0.38776880241720785,1790.25,122.5,144.75,1523.0,1905.6793027676024,101.0,21.5,22.0,122.75,94.5,160.25,872.25,396.0,0.0,0.0,94.41204320151714,21.01725956608516,89915.0,0,0,0,49,UTAH
3301,491082,383.0,1154.1051679983825,0.3318588380158235,0.0,0.0,0.0,0.0,41.82873293202329,0.0,0.0,0.0,0.0,0.0,0.0,0.0,0.0,0.0,0.0,17.05819381293549,24.770539119087804,71171.0,0,0,0,49,UTAH
3304,491085,159.0,481.6899194894344,0.33008787098665365,81.0,8.0,15.25,57.75,103.00725748659144,8.0,0.0,1.25,14.0,5.25,10.0,1.25,41.25,1.011986022657596,0.0,10.739162738912132,10.256108725021706,82941.0,0,0,0,49,UTAH
3303,491084,435.00000009206167,1184.605333779686,0.3672109078760601,31.000000006560718,2.000000000423272,5.250000001111089,23.750000005026354,216.2007679982968,2.000000000423272,0.0,0.0,5.250000001111089,3.250000000687817,4.000000000846544,0.0,16.500000003491994,0.0,15.217391306518902,141.9577716251278,28.025605060089386,82148.0,0,0,0,49,UTAH
3432,491213,314.25,1107.826255442444,0.28366361462925854,47.75,16.0,30.25,1.5,84.1496629944559,16.0,0.0,29.0,1.25,1.0,0.0,0.0,0.5,0.0,0.0,16.133095713640845,20.26656728081505,77834.0,0,0,0,49,UTAH
3426,491207,395.5,947.1698030616768,0.4175597645971894,294.0,56.75,54.25,183.0,351.7527986583244,16.75,40.0,4.0,50.25,9.0,69.75,51.0,53.25,0.0,0.0,32.232113901098764,25.52068475722558,60420.0,447,0,0,49,UTAH
3431,491212,251.75,851.3454382113324,0.2957084030765749,93.0,3.0,23.5,66.5,124.3700336049548,3.0,0.0,0.5,23.0,13.0,21.75,21.5,10.25,0.0,0.0,15.357013027788074,16.01302057716674,77052.0,0,1224,1459,49,UTAH
3450,491231,132.5,429.92541808050765,0.3081929898250122,0.0,0.0,0.0,0.0,17.4271675746728,0.0,0.0,0.0,0.0,0.0,0.0,0.0,0.0,0.0,0.0,8.669235783798234,8.757931790874569,67250.0,0,0,0,49,UTAH
3442,491223,622.0,1906.10694997977,0.3263195698471177,59.0,0.0,0.0,59.0,132.06579510769257,0.0,0.0,0.0,0.0,0.0,59.0,0.0,0.0,0.0,0.0,33.03301299752608,40.03278211016649,67250.0,631,0,0,49,UTAH
3443,491224,445.2500000634866,1357.351345617818,0.3280285546560715,0.0,0.0,0.0,0.0,50.47088949370067,0.0,0.0,0.0,0.0,0.0,0.0,0.0,0.0,0.0,0.0,21.444628751446885,29.026260742253776,67250.0,0,0,0,49,UTAH
3282,491063,440.0,1441.2158546697597,0.3052977793536844,197.0,110.0,44.25,42.75,255.15740145721247,25.5,84.5,21.0,23.25,3.75,11.0,0.75,27.25,0.0,0.0,29.88438468541397,28.2730167717985,55219.0,0,0,0,49,UTAH
3421,491202,199.5,477.5426399395694,0.41776374152734447,1211.0,231.0,354.0,626.0,1289.1157853535583,169.5,61.5,16.75,337.25,68.25,220.5,63.0,274.25,0.0,0.0,65.1052061346104,13.010579218947974,54104.0,0,0,0,49,UTAH
3420,491201,296.5,786.3921618383488,0.37703834599123165,624.75,82.25,111.5,431.0,686.0620025516137,33.25,49.0,7.0,104.5,20.0,230.0,14.0,167.0,0.0,0.0,42.0462976973145,19.26570485429917,43532.0,470,0,0,49,UTAH
3425,491206,318.75,778.589069416578,0.4093943936804169,352.75,137.0,38.0,177.75,406.6931611421697,133.25,3.75,2.25,35.75,11.0,71.0,3.0,92.75,0.0,0.0,33.676593861354675,20.26656728081505,67233.0,408,0,0,49,UTAH
3424,491205,310.25,765.2521681269632,0.4054219157057342,136.25,36.0,3.5,96.75,178.3973940029807,3.75,32.25,1.5,2.0,13.0,79.0,0.75,4.0,0.0,0.0,22.13111828152228,20.01627572145842,65557.0,0,713,0,49,UTAH
3423,491204,0.0,0.0,0.0,419.5,93.25,26.75,299.5,438.1934277255338,41.75,51.5,3.5,23.25,152.0,26.25,54.0,67.25,0.0,0.0,18.69342772553381,0.0,74447.0,0,0,0,49,UTAH
3430,491211,342.75,730.9162842974408,0.46893195207636185,146.75,12.0,2.5,132.25,190.8265948673407,1.0,11.0,1.0,1.5,52.0,7.25,58.0,15.0,0.0,0.0,21.808460811979717,22.268134055360967,64531.0,0,0,0,49,UTAH
3436,491217,219.0,620.8399781421226,0.35274790237471876,193.0,2.25,3.5,187.25,225.5734357656672,0.25,2.0,2.0,1.5,149.25,22.25,5.25,10.5,0.0,0.0,18.3112896778863,14.262146087780906,79681.0,0,0,0,49,UTAH
3438,491219,314.5,916.7228079654471,0.3430698977567645,0.0,0.0,0.0,0.0,34.23334820029635,0.0,0.0,0.0,0.0,0.0,0.0,0.0,0.0,0.0,0.0,13.9648368248108,20.26851137548555,76922.0,0,0,0,49,UTAH
3435,491216,194.0,560.3226822250672,0.3462290679178238,0.0,0.0,0.0,0.0,72.39796407998028,0.0,0.0,0.0,0.0,0.0,0.0,0.0,0.0,0.0,0.0,59.88835657202228,12.509607507958004,79681.0,0,0,0,49,UTAH
3440,491221,299.25,944.4476876079846,0.31685185312689423,0.0,0.0,0.0,0.0,85.73946425629607,0.0,0.0,0.0,0.0,0.0,0.0,0.0,0.0,0.0,0.0,66.47586070152343,19.263603554772644,79681.0,0,0,0,49,UTAH
3449,491230,120.5,328.4049951174971,0.3669249913719716,0.0,0.0,0.0,0.0,33.83153034111248,0.0,0.0,0.0,0.0,0.0,0.0,0.0,0.0,0.0,0.0,26.073890015307526,7.757640325804953,79681.0,0,0,0,49,UTAH
3470,491251,7.0,17.928461917937604,0.3904406318869122,0.0,0.0,0.0,0.0,0.3119277015763976,0.0,0.0,0.0,0.0,0.0,0.0,0.0,0.0,0.0,0.0,0.3119277015763976,0.0,79681.0,0,0,0,49,UTAH
3478,491259,231.0,725.7417121131024,0.31829505751765313,218.25,133.5,14.0,70.75,254.0178668229373,39.5,94.0,14.0,0.0,37.5,32.0,0.25,1.0,0.0,0.0,20.75500394666828,15.012862876269036,93711.0,320,0,0,49,UTAH
3457,491238,475.5,1502.0941966334642,0.31655804347404043,49.0,0.25,0.25,48.5,108.08155072976606,0.25,0.0,0.25,0.0,26.25,6.0,0.0,16.25,1.011986022657596,0.0,27.5415563364831,30.52800837062537,67250.0,0,0,0,49,UTAH
3453,491234,5.0,9.83405700096804,0.5084371586932852,0.0,0.0,0.0,0.0,1.2347915237835942,0.0,0.0,0.0,0.0,0.0,0.0,0.0,0.0,1.011986022657596,0.0,0.2228055011259982,0.0,56564.0,0,0,0,49,UTAH
3456,491237,9.5,24.415706472909367,0.3890937995400951,0.0,0.0,0.0,0.0,1.689881465714392,0.0,0.0,0.0,0.0,0.0,0.0,0.0,0.0,1.011986022657596,0.0,0.4278468970108716,0.2500485460459246,79681.0,0,0,0,49,UTAH
3455,491236,0.25,1.091246782233669,0.2290957499900031,0.0,0.0,0.0,0.0,0.0113989993367579,0.0,0.0,0.0,0.0,0.0,0.0,0.0,0.0,0.0,0.0,0.0113989993367579,0.0,56564.0,0,0,0,49,UTAH
3469,491250,6.75,18.73063075553757,0.36037227406260264,0.0,0.0,0.0,0.0,0.5518551587180976,0.0,0.0,0.0,0.0,0.0,0.0,0.0,0.0,0.0,0.0,0.3015635993614719,0.2502915593566257,56564.0,0,0,0,49,UTAH
3477,491258,94.75,284.7423422799119,0.33275697334419396,378.0,234.0,2.75,141.25,405.5561960936874,173.0,61.0,2.25,0.5,131.75,7.25,1.25,1.0,0.0,0.0,21.050827539422556,6.50536855426486,47060.0,0,0,0,49,UTAH
3484,491265,260.0,728.0282057869915,0.3571290204600555,243.0,88.5,2.0,152.5,319.9335652648608,32.75,55.75,2.0,0.0,122.25,6.75,9.0,14.5,0.0,35.50724638013493,24.66253306753216,16.763785817193735,46734.0,0,0,0,49,UTAH
3486,491267,773.0,2278.476710841576,0.3392617516439242,0.0,0.0,0.0,0.0,136.17087348795883,0.0,0.0,0.0,0.0,0.0,0.0,0.0,0.0,0.0,0.0,86.38197066099758,49.78890282696126,93711.0,0,0,0,49,UTAH
3501,491282,291.0443879147118,936.3116969408965,0.3108413457458747,0.0,0.0,0.0,0.0,31.742972273533315,0.0,0.0,0.0,0.0,0.0,0.0,0.0,0.0,0.0,0.0,12.971595003730553,18.77137726980276,74183.0,0,0,0,49,UTAH
3483,491264,326.5,741.3552244726746,0.4404096568311624,1385.25,17.5,10.75,1357.0,1482.2812144704883,0.0,17.5,8.25,2.5,945.5,363.0,40.5,8.0,0.0,0.0,76.26424646376,20.766968006728533,52410.0,512,0,0,49,UTAH
3482,491263,113.5,305.8096456320318,0.37114591256735535,50.0,1.0,2.0,47.0,64.91389841791039,0.0,1.0,2.0,0.0,34.0,13.0,0.0,0.0,0.0,0.0,7.408772699647196,7.505125718263193,52410.0,0,0,0,49,UTAH
3489,491270,1.0,1.0,1.0,0.0,0.0,0.0,0.0,1.0565471228827956,0.0,0.0,0.0,0.0,0.0,0.0,0.0,0.0,1.011986022657596,0.0,0.0445611002251996,0.0,52410.0,0,0,0,49,UTAH
3490,491271,109.25,293.5465091269201,0.3721727106376993,0.0,0.0,0.0,0.0,12.61812387600864,0.0,0.0,0.0,0.0,0.0,0.0,0.0,0.0,1.011986022657596,0.0,4.850623649243324,6.755514204107718,52410.0,0,0,0,49,UTAH
3497,491278,104.0,302.39361635640574,0.34392260409830877,55.0,1.0,0.0,54.0,69.09091143831719,0.0,1.0,0.0,0.0,50.0,3.0,1.0,0.0,0.0,0.0,7.085214935806746,7.005696502510448,52410.0,0,0,0,49,UTAH
3500,491281,190.25,492.527757442738,0.3862726458053864,380.5,61.25,34.5,284.75,478.1958679586709,44.25,17.0,1.25,33.25,187.75,16.25,17.25,63.5,0.0,0.0,85.4345231340329,12.261344824637977,52410.0,0,0,0,49,UTAH
3495,491276,165.75,520.1804734308196,0.31863941163882153,0.0,0.0,0.0,0.0,19.02537068088741,0.0,0.0,0.0,0.0,0.0,0.0,0.0,0.0,1.011986022657596,0.0,7.253777705485238,10.759606952744573,52410.0,0,0,0,49,UTAH
3502,491283,546.2499992267852,1411.0634821563058,0.38711936502816835,870.999998767103,19.249999972751702,34.499999951165385,817.2499988431858,969.3256830558441,10.499999985137292,8.749999987614409,10.249999985491165,24.24999996567422,746.7499989429783,17.99999997452107,31.249999955765748,21.249999969920708,0.0,0.0,63.05079781863938,35.274886470101684,52410.0,0,0,0,49,UTAH
3481,491262,2.0,5.99213474591898,0.33377086544359263,0.0,0.0,0.0,0.0,1.1002580502363593,0.0,0.0,0.0,0.0,0.0,0.0,0.0,0.0,1.011986022657596,0.0,0.088272027578763,0.0,67754.0,0,0,0,49,UTAH
3452,491233,3.0,6.992870490914772,0.42900837415731335,0.0,0.0,0.0,0.0,0.1336833006755989,0.0,0.0,0.0,0.0,0.0,0.0,0.0,0.0,0.0,0.0,0.1336833006755989,0.0,56564.0,0,0,0,49,UTAH
3451,491232,0.0,0.0,0.0,0.0,0.0,0.0,0.0,6.071916135945576,0.0,0.0,0.0,0.0,0.0,0.0,0.0,0.0,6.071916135945576,0.0,0.0,0.0,56564.0,0,0,0,49,UTAH
3468,491249,398.75,1144.5824153209417,0.34838033038292854,64.0,0.0,0.0,64.0,110.7279822798438,0.0,0.0,0.0,0.0,0.0,64.0,0.0,0.0,0.0,0.0,21.206800059010888,25.52118222083289,75166.0,661,0,0,49,UTAH
3466,491247,0.0,0.0,0.0,206.0,4.5,6.25,195.25,215.17958664639116,0.25,4.25,6.0,0.25,129.5,62.25,3.25,0.25,0.0,0.0,9.17958664639113,0.0,76443.0,0,0,0,49,UTAH
3465,491246,7.25,23.854537696053065,0.30392540372725707,0.0,0.0,0.0,0.0,1.5828077904554778,0.0,0.0,0.0,0.0,0.0,0.0,0.0,0.0,1.011986022657596,0.0,0.320578848884215,0.2502429189136666,74530.0,0,0,0,49,UTAH
3474,491255,184.75,547.4389694270789,0.33748054179144343,28.0,0.0,0.0,28.0,83.28945086141944,0.0,0.0,0.0,0.0,28.0,0.0,0.0,0.0,0.0,0.0,43.53121619167946,11.758234669739982,70232.0,0,0,0,49,UTAH
3467,491248,681.75,2078.063962003481,0.32806978633262013,0.0,0.0,0.0,0.0,81.9290346263897,0.0,0.0,0.0,0.0,0.0,0.0,0.0,0.0,0.0,0.0,37.89319155589517,44.03584307049453,76443.0,0,0,0,49,UTAH
3472,491253,273.25,790.2408251818227,0.34578066747833386,129.75,0.5,17.75,111.5,165.23963621361466,0.5,0.0,4.75,13.0,104.0,5.75,0.5,1.25,0.0,0.0,17.975656117840202,17.513980095774468,55079.0,0,0,0,49,UTAH
3471,491252,4.0,13.455575587535996,0.29727453678794913,37.75,4.75,1.75,31.25,41.94041735441226,4.5,0.25,1.75,0.0,23.75,1.5,0.75,5.25,1.011986022657596,0.0,3.178431331754666,0.0,74530.0,0,0,0,49,UTAH
3473,491254,188.5,555.6469522668065,0.3392441895541748,151.0,51.75,25.5,73.75,183.3831505290404,33.0,18.75,1.25,24.25,29.0,3.25,40.25,1.25,0.0,0.0,19.87310578836275,12.510044740677683,55079.0,0,0,0,49,UTAH
3459,491240,43.25,160.52110082137276,0.2694349825580154,0.0,0.0,0.0,0.0,8.977911757869492,0.0,0.0,0.0,0.0,0.0,0.0,0.0,0.0,4.047944090630384,0.0,1.927526309020344,3.0024413582187632,74530.0,0,0,0,49,UTAH
3461,491242,104.0,390.4520224357812,0.2663579493101619,74.0,0.25,32.0,41.75,99.05743256917197,0.0,0.25,32.0,0.0,14.0,27.5,0.25,0.0,10.11986022657596,0.0,7.93187584008554,7.005696502510448,74530.0,0,0,0,49,UTAH
3479,491260,247.2500028158252,663.4765206674255,0.37265825558846244,0.0,0.0,0.0,0.0,86.43181728802848,0.0,0.0,0.0,0.0,0.0,0.0,0.0,0.0,0.0,0.0,70.66555250613442,15.766264781894053,73175.0,0,0,0,49,UTAH
3464,491245,21.0,77.95443554469861,0.26938813491836167,91.0,0.25,6.25,84.5,98.00364303395288,0.25,0.0,1.0,5.25,71.25,12.0,1.25,0.0,1.011986022657596,0.0,4.9908432252223625,1.0008137860729212,74530.0,0,0,0,49,UTAH
3505,491286,0.0,0.0,0.0,0.0,0.0,0.0,0.0,104.23456028843209,0.0,0.0,0.0,0.0,0.0,0.0,0.0,0.0,104.23456028843209,0.0,0.0,0.0,74530.0,0,0,0,49,UTAH
3508,491289,104.25,388.3911992281461,0.26841493887394235,118.0,12.0,10.0,96.0,146.04074945124495,11.0,1.0,10.0,0.0,46.0,49.0,1.0,0.0,11.131846249233556,0.0,9.90320669950093,7.005696502510448,67985.0,318,0,0,49,UTAH
3510,491291,24.25,72.17802329862911,0.33597484236535724,210.0,1.25,3.0,205.75,243.43228350721867,0.0,1.25,3.0,0.0,174.25,29.5,2.0,0.0,20.23972045315192,0.0,11.440923230366902,1.751639823699839,67754.0,0,0,0,49,UTAH
3512,491293,104.75,347.7061654666702,0.3012601167408432,0.0,0.0,0.0,0.0,26.05379058758789,0.0,0.0,0.0,0.0,0.0,0.0,0.0,0.0,12.902752899453382,0.0,6.395426214955982,6.755611473178527,67754.0,0,0,0,49,UTAH
3511,491292,233.75,669.8801199320761,0.3489430318124705,17.0,0.0,1.0,16.0,49.9717902750188,0.0,0.0,0.0,1.0,15.0,1.0,0.0,0.0,2.023972045315192,0.0,15.934943019188626,15.012875210514984,67754.0,0,0,0,49,UTAH
3556,491342,0.0,0.0,0.0,0.0,0.0,0.0,0.0,2.023972044081616,0.0,0.0,0.0,0.0,0.0,0.0,0.0,0.0,2.023972044081616,0.0,0.0,0.0,91516.0,0,0,0,49,UTAH
2728,490510,0.0,0.0,0.0,2576.0,417.25,1202.75,956.0,3005.283003652747,396.0,21.25,1001.0,201.75,179.25,246.0,51.0,479.75,0.0,314.4927536256372,114.7902500271097,0.0,83312.0,0,0,0,49,UTAH
3552,491341,0.0,0.0,0.0,26.49999997246965,0.2499999997402797,3.249999996623636,22.999999976105734,108.8389065789237,0.0,0.2499999997402797,2.999999996883356,0.2499999997402797,21.749999977404332,0.749999999220839,0.4999999994805594,0.0,0.0,81.15942020414079,1.1794864023132894,0.0,66402.0,0,0,0,49,UTAH
3515,491296,1184.499999926601,3733.0428595837257,0.31730147348447146,0.0,0.0,0.0,0.0,129.61883630233717,0.0,0.0,0.0,0.0,0.0,0.0,0.0,0.0,0.0,0.0,53.03822782917294,76.58060847316423,109972.0,0,0,0,49,UTAH
2720,490502,2245.0,7293.593559020065,0.30780437404872724,0.0,0.0,0.0,0.0,921.8466071611688,0.0,0.0,0.0,0.0,0.0,0.0,0.0,0.0,1.7708376762773073,0.0,775.4517992646336,144.62397022025797,128261.0,0,0,0,49,UTAH
3509,491290,48.0,139.00097743120196,0.3453213127494548,0.0,0.0,0.0,0.0,406.64675976899866,0.0,0.0,0.0,0.0,0.0,0.0,0.0,0.0,401.5053855999703,0.0,2.138932810809584,3.0024413582187632,67754.0,0,0,0,49,UTAH
2909,490691,409.75,909.5168047532492,0.4505139408734341,1039.25,154.75,45.0,839.5,1129.8412010820882,134.0,20.75,42.75,2.25,86.25,155.5,107.5,490.25,0.0,0.0,64.57004264419209,26.02115843789595,54433.0,0,0,0,49,UTAH
2958,490739,142.75,441.3921325966823,0.32340857359693,59.0,0.0,0.0,59.0,76.99707440060317,0.0,0.0,0.0,0.0,0.0,59.0,0.0,0.0,0.0,0.0,8.989750325946885,9.007324074656289,58209.0,0,0,0,49,UTAH
3015,490796,136.25,420.3908711221492,0.32410313676961616,138.75,9.25,9.75,119.75,160.01209790408456,7.75,1.5,9.5,0.25,5.0,8.0,64.25,42.5,0.0,0.0,12.254773829428274,9.007324074656289,60368.0,0,0,0,49,UTAH
2318,490102,559.25,1877.3893878526792,0.29788705721814007,0.0,0.0,0.0,0.0,60.95054324405522,0.0,0.0,0.0,0.0,0.0,0.0,0.0,0.0,0.0,0.0,24.921246945430063,36.02929629862516,70511.0,0,0,0,49,UTAH
2457,490239,520.25,1851.8560826436988,0.28093435816961226,0.0,0.0,0.0,0.0,56.77994876677084,0.0,0.0,0.0,0.0,0.0,0.0,0.0,0.0,0.0,0.0,23.501782305308208,33.27816646146263,96951.0,0,0,0,49,UTAH
2713,490495,276.25,835.9160407377858,0.3304757733278807,764.75,54.0,200.0,510.75,829.154073663199,31.0,23.0,67.25,132.75,115.5,113.0,124.25,158.0,0.0,0.0,46.38942551388647,18.01464814931258,100384.0,648,1442,0,49,UTAH
2712,490494,79.0,240.61730208195104,0.328322191781095,0.0,0.0,0.0,0.0,8.52543074527721,0.0,0.0,0.0,0.0,0.0,0.0,0.0,0.0,0.0,0.0,3.521361814912606,5.004068930364605,100384.0,0,0,0,49,UTAH
2765,490547,930.5,2228.891455406982,0.41747210154300507,612.0,195.5,7.25,409.25,740.7808764151871,145.75,49.75,2.0,5.25,254.5,45.0,25.25,84.5,0.0,0.0,68.73180623750116,60.04907017768597,58545.0,0,0,0,49,UTAH
2764,490546,427.75,855.8412719650084,0.4998006219282783,502.0,69.75,10.5,421.75,571.1967957876032,63.25,6.5,7.5,3.0,346.5,20.75,15.75,38.75,0.0,0.0,41.42431349407495,27.772482293528206,58545.0,0,0,0,49,UTAH
2848,490630,466.75,1385.5801154978867,0.33686251323856553,549.25,53.0,81.5,414.75,624.548877251404,8.5,44.5,69.5,12.0,92.25,5.0,171.25,146.25,0.0,0.0,45.27446366921624,30.024413582187638,71786.0,0,0,0,49,UTAH
3308,491089,313.25,902.5517882412483,0.3470714967064799,7.25,0.75,2.5,4.0,41.7916531171044,0.75,0.0,0.5,2.0,3.0,0.0,0.0,1.0,0.0,0.0,14.27513447673231,20.26651864037209,97392.0,0,0,0,49,UTAH
2321,490105,14.0,40.9008293364618,0.342291347806961,50.0,1.0,7.0,42.0,53.852724200485696,0.0,1.0,6.0,1.0,37.0,5.0,0.0,0.0,0.0,0.0,2.8519104144127785,1.0008137860729212,81720.0,0,0,0,49,UTAH
2382,490164,273.6998479803058,912.3537091301787,0.2999931334101181,68.72318953344048,3.1241937715402814,1.9619265118784686,63.637069250021725,309.29548972779185,0.7964297958080737,2.3277639757322075,0.4585506509152719,1.5033758609631969,46.3605230504061,8.823445504186889,3.3207521433138663,5.132348552114877,2.96860448903318,0.0,219.65100952589734,17.9526861794209,79647.0,0,0,0,49,UTAH
2441,490223,1374.75,4076.2011617688895,0.33726255045848125,0.0,0.0,0.0,0.0,435.8217769434159,0.0,0.0,0.0,0.0,0.0,0.0,0.0,0.0,0.0,0.0,347.25140466085134,88.57037228256455,91516.0,0,0,0,49,UTAH
2446,490228,515.5,1636.927666774858,0.3149192297639267,29.0,0.0,1.0,28.0,86.29013491175837,0.0,0.0,1.0,0.0,20.0,3.0,0.0,5.0,0.0,0.0,24.263279971351977,33.026854940406395,106764.0,0,0,0,49,UTAH
2607,490389,107.0,377.6895951981468,0.28330142360385846,58.75,10.75,20.75,27.25,73.13840574527973,10.5,0.25,20.5,0.25,3.0,3.75,3.0,17.5,0.0,0.0,7.382709242769275,7.005696502510448,77253.0,0,0,0,49,UTAH
2613,490395,215.25,759.9903007946796,0.2832272987891096,48.0,0.0,0.0,48.0,73.74094756109007,0.0,0.0,0.0,0.0,0.0,48.0,0.0,0.0,0.0,0.0,11.729554556069168,14.011393005020894,77253.0,903,0,0,49,UTAH
2553,490335,10.75,23.98936713023162,0.44811519793920496,4561.25,109.0,50.75,4401.5,4765.48318934082,36.75,72.25,49.75,1.0,2948.0,8.25,31.5,1413.75,0.0,0.0,203.73289787586023,0.5002914649595912,75570.0,0,0,0,49,UTAH
2648,490430,300.75,779.2905554545739,0.3859279416322032,203.75,67.75,4.0,132.0,245.24696208543452,65.75,2.0,4.0,0.0,11.5,62.25,30.25,28.0,0.0,0.0,22.48150015004905,19.015461935385503,109972.0,0,0,0,49,UTAH
2722,490504,330.00000032388266,867.8068162682699,0.3802689655549651,0.0,0.0,0.0,0.0,35.722252616907305,0.0,0.0,0.0,0.0,0.0,0.0,0.0,0.0,0.0,0.0,14.705163088748458,21.017089528158834,113023.0,0,0,0,49,UTAH
2725,490507,261.0,889.1739193707451,0.2935308765969044,0.0,0.0,0.0,0.0,28.64428152201677,0.0,0.0,0.0,0.0,0.0,0.0,0.0,0.0,0.0,0.0,11.630447158777113,17.01383436323966,145664.0,0,0,0,49,UTAH
2715,490497,237.0,615.2927822948782,0.3851824803080789,0.0,0.0,0.0,0.0,25.573187544466137,0.0,0.0,0.0,0.0,0.0,0.0,0.0,0.0,0.0,0.0,10.56098075337232,15.012206791093815,141611.0,0,0,0,49,UTAH
2700,490482,213.0,676.8305745418676,0.31470209534221355,69.0,3.25,0.5,65.25,95.32945581798091,3.25,0.0,0.0,0.5,12.0,36.25,1.5,15.5,0.0,0.0,12.568305731873696,13.761150086107229,140311.0,774,0,0,49,UTAH
2701,490483,264.0,735.3957693476557,0.3589903709048875,91.75,5.0,8.25,78.5,124.61590176174218,5.0,0.0,0.0,8.25,12.5,27.25,4.0,34.75,0.0,0.0,15.852067398502534,17.01383436323966,132959.0,0,0,0,49,UTAH
2687,490469,277.75,956.5788659790952,0.2903576588175113,35.0,0.0,0.0,35.0,67.45351514028694,0.0,0.0,0.0,0.0,0.0,35.0,0.0,0.0,0.0,0.0,14.43886699097436,18.01464814931258,127440.0,905,0,0,49,UTAH
2688,490470,337.25,1130.7563755922104,0.29825169000119256,0.0,0.0,0.0,0.0,36.85201571248818,0.0,0.0,0.0,0.0,0.0,0.0,0.0,0.0,0.0,0.0,15.085898352486652,21.76611736000153,119970.0,0,0,0,49,UTAH
2681,490463,472.0,1684.6405529023857,0.28017846251345074,0.0,0.0,0.0,0.0,51.30905061245871,0.0,0.0,0.0,0.0,0.0,0.0,0.0,0.0,0.0,0.0,21.03434547091444,30.27470514154426,105558.0,0,0,0,49,UTAH
2660,490442,612.25,1784.538052128091,0.3430859875864691,901.5,291.5,30.75,579.25,1009.740620736222,38.25,253.25,6.25,24.5,302.25,33.5,187.0,56.5,0.0,0.0,68.70836075826467,39.53225997795725,67267.0,0,0,0,49,UTAH
2763,490545,1994.25,4319.547487454543,0.4616803046596872,2733.25,449.0,251.25,2033.0,3075.0230261355523,103.25,345.75,93.5,157.75,1169.5,177.5,275.5,410.5,0.0,0.0,213.1662130519977,128.60681308355464,67267.0,469,140,64,49,UTAH
2570,490352,274.75,851.3587490821064,0.3227194179847474,1530.0,124.5,199.5,1206.0,1684.2907374772958,111.5,13.0,7.75,191.75,360.0,239.75,83.25,523.0,1.011986022657596,0.0,135.76519656425504,17.513554890383205,83312.0,0,0,0,49,UTAH
2760,490542,477.25,1557.8802196371432,0.30634576008106684,0.0,0.0,0.0,0.0,55.32169227550919,0.0,0.0,0.0,0.0,0.0,0.0,0.0,0.0,0.0,0.0,24.29708450913786,31.02460776637133,105591.0,0,0,0,49,UTAH
2782,490564,311.75,946.6499879093884,0.3293191823606088,36.0,0.0,0.0,36.0,71.76366089610795,0.0,0.0,0.0,0.0,0.0,36.0,0.0,0.0,0.0,0.0,15.747385174649528,20.01627572145842,85941.0,643,0,0,49,UTAH
2751,490533,79.5,231.87630087828592,0.34285521935133123,1803.0,257.5,37.25,1508.25,1892.398777313555,147.75,109.75,4.0,33.25,48.5,2.5,35.25,1422.0,0.0,0.0,83.89412526447721,5.5046520490778565,60581.0,0,0,0,49,UTAH
2762,490544,177.25,292.20901106503663,0.6065863586956587,641.0,75.5,114.75,450.75,688.4713306303522,48.5,27.0,3.25,111.5,26.75,44.0,102.0,278.0,0.0,0.0,36.46237898355008,11.008951646802132,29406.0,0,0,0,49,UTAH
2806,490588,37.5,95.9252599422036,0.390929355026969,806.25,227.5,7.75,571.0,846.3093465011489,20.25,207.25,7.75,0.0,111.5,22.25,68.75,368.5,0.0,0.0,37.55717247066478,2.502174030484112,76529.0,0,0,0,49,UTAH
2857,490639,379.25,926.9337381406176,0.40914467172244307,232.5,24.0,7.25,201.25,283.7796175663606,19.75,4.25,7.0,0.25,12.0,43.75,41.0,104.5,0.0,0.0,27.260086700610536,24.019530865750102,54061.0,0,0,0,49,UTAH
2892,490674,580.25,1547.62981497701,0.3749281607169216,236.75,0.0,6.0,230.75,310.4387979601614,0.0,0.0,6.0,0.0,29.75,160.0,10.0,31.0,0.0,0.0,36.408396316106696,37.28040164405471,96732.0,0,0,2270,49,UTAH
2895,490677,331.5,802.89468132067,0.4128810511669107,0.0,0.0,0.0,0.0,35.79008988328442,0.0,0.0,0.0,0.0,0.0,0.0,0.0,0.0,0.0,0.0,14.773000375753082,21.017089507531345,73742.0,0,0,0,49,UTAH
2993,490774,110.0,245.34479759907344,0.4483486141807452,68.0,0.0,0.0,68.0,82.93757234259598,0.0,0.0,0.0,0.0,0.0,68.0,0.0,0.0,0.0,0.0,7.93187584008554,7.005696502510448,22568.0,496,0,0,49,UTAH
2919,490701,344.7499988171912,939.9312197794732,0.36678215550503424,0.0,0.0,0.0,0.0,37.37884899134901,0.0,0.0,0.0,0.0,0.0,0.0,0.0,0.0,0.0,0.0,15.360945773286359,22.017903218062656,64980.0,0,0,0,49,UTAH
2983,490764,57.25,141.99064008828327,0.4031955906699524,5952.0,258.75,74.25,5619.0,6223.2576835078025,96.25,162.5,11.75,62.5,151.0,224.75,4720.75,522.5,0.0,0.0,267.7539908003541,3.503692707449087,22498.0,0,0,0,49,UTAH
2967,490748,355.25,655.1568300926838,0.5422365816589952,262.5,1.25,1.75,259.5,313.28862250860965,1.25,0.0,1.75,0.0,14.25,185.0,31.0,29.25,0.0,0.0,27.519613869575853,23.26900863903381,22498.0,0,0,1915,49,UTAH
2985,490766,110.25,194.73571506756,0.5661519252477687,1822.5,159.75,57.5,1605.25,1915.6215778704536,127.75,32.0,53.0,4.5,81.25,446.0,122.0,956.0,0.0,0.0,86.11588136794296,7.005696502510448,23990.0,0,0,0,49,UTAH
2989,490770,306.0,633.8618353269252,0.48275504683473364,665.75,148.75,29.5,487.5,747.7876666177864,86.0,62.75,27.25,2.25,60.0,38.75,48.25,340.5,0.0,0.0,62.52162156368762,19.516045054098758,37024.0,0,0,0,49,UTAH
2946,490727,454.72688355142225,1470.1024520909646,0.30931645811803965,126.55895489567666,87.53219980427478,24.000000000027157,15.026755091374737,181.70273710888466,45.53219980422725,42.00000000004752,24.000000000027157,0.0,1.7384417754558181,6.2802199086126524,0.5975893603129375,6.41050404699333,0.0,0.0,25.9027003551653,29.24108185804271,55528.0,0,0,0,49,UTAH
2951,490732,265.5,752.4485459194518,0.35284804713865614,199.0,20.75,7.5,170.75,236.96027807804376,19.5,1.25,6.75,0.75,13.0,40.5,21.25,96.0,0.0,0.0,20.69620079589042,17.264077282153327,62082.0,0,0,0,49,UTAH
2956,490737,41.37813623378001,123.49193091046781,0.3350675297463714,0.0,0.0,0.0,0.0,5.634529553083423,0.0,0.0,0.0,0.0,0.0,0.0,0.0,0.0,0.9005181830582193,0.0,1.8395375662288773,2.894473803796327,58209.0,0,0,0,49,UTAH
2959,490740,29.25,89.5612857957316,0.3265920061343517,0.0,0.0,0.0,0.0,4.550371926808462,0.0,0.0,0.0,0.0,0.0,0.0,0.0,0.0,0.0,0.0,2.799048071176208,1.751323855632254,58209.0,0,0,0,49,UTAH
2996,490777,233.25,542.8299936770907,0.42969254226352077,2503.25,332.25,43.25,2127.75,2656.890338892362,200.5,131.75,40.75,2.5,255.75,711.25,214.5,946.25,0.0,0.0,138.62770687224645,15.012632020115298,48358.0,0,0,0,49,UTAH
3017,490798,398.75,1057.2175735211729,0.3771692885050347,75.75,0.25,66.0,9.5,186.84709640122003,0.0,0.25,66.0,0.0,0.75,1.25,0.25,7.25,0.0,0.0,85.07519695513912,26.02189944608092,56681.0,0,0,0,49,UTAH
3024,490805,1.0,3.521952750293293,0.2839333945967118,4490.5,929.5,147.0,3414.0,4690.632082882556,680.5,249.0,144.25,2.75,298.0,239.25,444.5,2432.25,0.0,0.0,200.1320828825557,0.0,56681.0,0,0,0,49,UTAH
3038,490819,22.0,54.78538575381281,0.40156694522259345,671.0,79.0,306.5,285.5,702.9785712210664,55.5,23.5,305.0,1.5,27.25,54.0,81.5,122.75,0.0,0.0,30.977757434993457,1.0008137860729212,129892.0,0,0,0,49,UTAH
3083,490864,35.75,110.35476368259263,0.323955204170667,111.75,9.0,65.0,37.75,122.82315937264546,9.0,0.0,24.0,41.0,5.75,7.0,2.0,23.0,0.0,0.0,8.821301038742916,2.2518583339025464,69079.0,0,0,0,49,UTAH
3077,490858,348.75,1036.6134008830038,0.3364320774774175,327.75,7.0,8.25,312.5,380.16349141359626,1.0,6.0,6.25,2.0,273.0,23.5,9.5,6.5,0.0,0.0,30.14534520107833,22.26814621251793,102613.0,0,0,0,49,UTAH
3088,490869,361.0,1182.3172701305602,0.3053325948289123,0.0,0.0,0.0,0.0,39.10451077610399,0.0,0.0,0.0,0.0,0.0,0.0,0.0,0.0,0.0,0.0,16.085793696426812,23.018717079677185,114395.0,0,0,0,49,UTAH
3087,490868,201.0,602.2009533660572,0.3337756256885549,0.0,0.0,0.0,0.0,21.967360364213107,0.0,0.0,0.0,0.0,0.0,0.0,0.0,0.0,0.0,0.0,8.956781145265133,13.010579218947974,71157.0,0,0,0,49,UTAH
3101,490882,221.25,672.2599441945308,0.3291137630773034,41.0,3.0,5.75,32.25,66.69807861065165,3.0,0.0,1.25,4.5,11.25,2.0,1.0,18.0,0.0,0.0,11.686685605630748,14.011393005020894,90129.0,0,0,0,49,UTAH
3220,491001,352.75,1279.146651595794,0.2757697872717942,0.0,0.0,0.0,0.0,38.48180679561782,0.0,0.0,0.0,0.0,0.0,0.0,0.0,0.0,0.0,0.0,15.7133691181403,22.76843767747752,78865.0,0,0,0,49,UTAH
3226,491007,239.5,774.994619484604,0.30903440356692424,68.0,0.0,0.0,68.0,96.963992378157,0.0,0.0,0.0,0.0,0.0,68.0,0.0,0.0,0.0,0.0,13.701542668149504,15.262449710007484,78783.0,432,0,0,49,UTAH
3251,491032,18.0,56.66994217116383,0.3176286989253219,0.0,0.0,0.0,0.0,1.802913590126515,0.0,0.0,0.0,0.0,0.0,0.0,0.0,0.0,0.0,0.0,0.8020998040535939,1.0008137860729212,69330.0,0,0,0,49,UTAH
3269,491050,1.5185564526905444,2.795132326803393,0.5432860684729072,0.0,0.0,0.0,0.0,3.1411843557646306,0.0,0.0,0.0,0.0,0.0,0.0,0.0,0.0,3.073515809478664,0.0,0.06766854628596693,0.0,69330.0,0,0,0,49,UTAH
3153,490934,0.0,0.0,0.0,3005.5652490225852,342.00139854641503,279.29697850613,2384.2668719700405,3139.4900688839066,291.53808042634506,50.46331812007001,236.32821258211004,42.968765924020005,83.689166189225,1416.2205466469152,124.15974804789502,760.1974110860051,0.0,0.0,133.92481986132077,0.0,51304.0,0,0,0,49,UTAH
3162,490943,3.5,7.072389474082315,0.4948822477645218,0.0,0.0,0.0,0.0,0.1562029520574372,0.0,0.0,0.0,0.0,0.0,0.0,0.0,0.0,0.0,0.0,0.1562029520574372,0.0,51304.0,0,0,0,49,UTAH
3164,490945,1.0,2.891579750826351,0.34583172043386373,1172.0,267.25,443.25,461.5,1224.2626876558809,261.0,6.25,387.0,56.25,65.0,47.25,36.0,313.25,0.0,0.0,52.26268765588078,0.0,51304.0,0,0,0,49,UTAH
3355,491136,21.0,52.10408392028395,0.40303942455122543,0.0,0.0,0.0,0.0,1.936596890802114,0.0,0.0,0.0,0.0,0.0,0.0,0.0,0.0,0.0,0.0,0.9357831047291928,1.0008137860729212,51304.0,0,0,0,49,UTAH
3360,491141,10.0,25.76201952429129,0.38816832626692527,0.0,0.0,0.0,0.0,2.458410810982514,0.0,0.0,0.0,0.0,0.0,0.0,0.0,0.0,1.011986022657596,0.0,0.4456110022519966,1.0008137860729212,51304.0,0,0,0,49,UTAH
3362,491143,7.5,16.536756707579077,0.4535351237623652,0.0,0.0,0.0,0.0,0.8344535355860396,0.0,0.0,0.0,0.0,0.0,0.0,0.0,0.0,0.0,0.0,0.3341620706264484,0.5002914649595912,51304.0,0,0,0,49,UTAH
3410,491191,380.0,934.830258833004,0.40649090720958614,161.25,20.5,63.0,77.75,209.38952691908185,19.25,1.25,3.5,59.5,20.5,10.25,1.5,45.5,0.0,0.0,24.11999605333172,24.019530865750102,56564.0,0,0,0,49,UTAH
3406,491187,47.0,126.91533728677976,0.37032561237101,105.0,11.0,4.75,89.25,402.0579686287429,10.0,1.0,1.75,3.0,16.5,10.0,1.5,61.25,0.0,0.0,294.0545185569064,3.003450071836549,75589.0,0,0,0,49,UTAH
3411,491192,34.0,84.85950952877884,0.40066222617595265,365.0,37.0,219.75,108.25,384.78150656200046,36.75,0.25,29.25,190.5,44.25,5.0,1.0,58.0,0.0,0.0,17.779878989854666,2.0016275721458423,56564.0,0,0,0,49,UTAH
3247,491028,149.0000006885401,448.22146156416886,0.3324249583421805,0.0,0.0,0.0,0.0,17.21663397387575,0.0,0.0,0.0,0.0,0.0,0.0,0.0,0.0,1.0119860273340588,0.0,6.698271566774586,9.506376379767108,105921.0,0,0,0,49,UTAH
3299,491080,96.0,293.9373476487263,0.3266002118067897,64.0,0.0,0.0,64.0,77.11942507435435,0.0,0.0,0.0,0.0,0.0,64.0,0.0,0.0,0.0,0.0,7.114749065030502,6.004676009323838,104591.0,0,0,0,49,UTAH
3307,491088,229.0,663.2350761153334,0.34527727535353997,48.0,0.0,0.0,48.0,75.38082108058899,0.0,0.0,0.0,0.0,0.0,48.0,0.0,0.0,0.0,0.0,12.367739328234189,15.0130817523548,97392.0,761,0,0,49,UTAH
3313,491094,84.0,279.0395675851438,0.30103257658743665,84.75,12.5,3.5,68.75,119.76354142771332,12.25,0.25,1.0,2.5,5.5,19.0,2.5,41.75,0.0,0.0,29.508755803367656,5.504785624345677,120577.0,0,0,0,49,UTAH
3306,491087,309.25,906.2259903083152,0.34125042021227764,87.75,2.25,0.25,85.25,197.6828684237852,2.25,0.0,0.25,0.0,3.0,69.25,0.25,12.75,1.011986022657596,0.0,88.9059435185115,20.01493888261609,89915.0,409,126,0,49,UTAH
3305,491086,9.25,23.75106124848188,0.3894562816889389,0.0,0.0,0.0,0.0,2.425441630300761,0.0,0.0,0.0,0.0,0.0,0.0,0.0,0.0,1.011986022657596,0.0,0.4126418215702443,1.0008137860729212,89915.0,0,0,0,49,UTAH
3437,491218,302.25,842.789506859667,0.3586304736116366,0.0,0.0,0.0,0.0,32.73516839171265,0.0,0.0,0.0,0.0,0.0,0.0,0.0,0.0,0.0,0.0,13.46941489697052,19.265753494742125,62024.0,0,0,0,49,UTAH
3448,491229,238.5,650.6476762592906,0.3665578295325457,84.75,12.5,14.5,57.75,114.79646416102068,10.25,2.25,3.0,11.5,29.0,2.75,3.75,22.25,0.0,0.0,14.533200558838145,15.513263602182525,79681.0,0,0,0,49,UTAH
3441,491222,267.0,807.8773072663778,0.33049572948576866,0.0,0.0,0.0,0.0,52.38604194417089,0.0,0.0,0.0,0.0,0.0,0.0,0.0,0.0,0.0,0.0,35.12273035050954,17.26331159366135,79681.0,0,0,0,49,UTAH
3454,491235,14.75,38.07778130431629,0.38736500643560395,0.0,0.0,0.0,0.0,1.6576383699074686,0.0,0.0,0.0,0.0,0.0,0.0,0.0,0.0,0.0,0.0,0.6568245838345476,1.0008137860729212,56564.0,0,0,0,49,UTAH
3476,491257,271.25,747.8567039109355,0.3627031737249814,294.0,19.5,77.5,197.0,336.45985809105935,16.25,3.25,42.5,35.0,120.5,46.0,8.0,22.5,0.0,0.0,25.19773690727473,17.26212118378463,47060.0,0,0,0,49,UTAH
3475,491256,245.0,751.4892019024984,0.3260193218741517,130.75,54.0,1.0,75.75,167.99710217989767,12.0,42.0,1.0,0.0,47.0,3.75,13.0,12.0,0.0,0.0,21.234142400330864,16.012959779566817,54114.0,0,0,0,49,UTAH
2776,490558,565.5000006450508,1925.2466731496338,0.29372859516225697,0.0,0.0,0.0,0.0,67.4860201499395,0.0,0.0,0.0,0.0,0.0,0.0,0.0,0.0,0.0,0.0,31.206675263885533,36.27934488605397,97527.0,0,0,0,49,UTAH
3014,490795,222.00000020575925,540.6066979547771,0.41064974045943103,0.0,0.0,0.0,0.0,23.90395727717045,0.0,0.0,0.0,0.0,0.0,0.0,0.0,0.0,0.0,0.0,9.892564259163185,14.011393018007261,57005.0,0,0,0,49,UTAH
2352,490136,0.0,0.0,0.0,0.0,0.0,0.0,0.0,0.0,0.0,0.0,0.0,0.0,0.0,0.0,0.0,0.0,0.0,0.0,0.0,0.0,74211.0,0,0,0,49,UTAH
2509,490291,14.0,45.51199617213681,0.307611205341308,1951.25,1026.25,22.0,903.0,2039.8200461130373,578.75,447.5,21.75,0.25,54.25,67.0,39.25,742.5,0.0,0.0,87.56924448412127,1.0008016289159587,70166.0,0,0,0,49,UTAH
2508,490290,0.0,0.0,0.0,1332.25,509.0,23.25,800.0,1391.6287029961895,429.5,79.5,22.75,0.5,84.75,85.75,58.25,571.25,0.0,0.0,59.37870299618951,0.0,70166.0,0,0,0,49,UTAH
2504,490286,356.464902839741,1092.1970525016166,0.3263741666609317,326.2499999999476,75.2499999999879,2.2499999999996385,248.74999999996004,432.8292688752962,54.99999999999116,20.249999999996746,0.24999999999995984,1.9999999999996787,0.0,36.749999999994095,59.99999999999036,151.99999999997559,0.11830766157156034,0.0,83.50406959386169,22.956891619915297,102760.0,0,0,0,49,UTAH
2630,490412,0.0,0.0,0.0,4207.25,492.25,120.5,3594.5,4394.816633756749,394.25,98.0,62.25,58.25,1107.75,310.75,722.5,1453.5,0.0,0.0,187.56663375674907,0.0,51324.0,0,0,0,49,UTAH
2646,490428,0.0,0.0,0.0,1674.5,265.5,13.5,1395.5,1749.115144677546,245.25,20.25,13.25,0.25,532.75,51.75,76.25,734.75,0.0,0.0,74.61514467754586,0.0,100955.0,0,0,0,49,UTAH
2639,490421,0.0,0.0,0.0,1470.75,793.25,23.5,654.0,1536.4580606601653,364.75,428.5,9.25,14.25,58.5,94.0,172.75,328.75,0.0,0.0,65.70806066016539,0.0,109972.0,488,57,0,49,UTAH
2640,490422,3.0,6.575298824493094,0.4562530282007795,2896.0,273.75,51.75,2570.5,3025.411728890552,227.25,46.5,35.75,16.0,1475.75,176.75,332.25,585.75,0.0,0.0,129.1614373311948,0.2502915593566257,109972.0,0,0,0,49,UTAH
2717,490499,152.25,388.89770690103376,0.39149112298248756,762.5,23.0,69.25,670.25,813.272015506447,20.0,3.0,16.0,53.25,395.75,136.0,86.5,52.0,0.0,0.0,40.7638776457178,10.00813786072921,104445.0,559,99,0,49,UTAH
2724,490506,223.0,754.7109847130862,0.2954773476429213,0.0,0.0,0.0,0.0,23.948518355240417,0.0,0.0,0.0,0.0,0.0,0.0,0.0,0.0,0.0,0.0,9.937125350219524,14.011393005020894,125256.0,0,0,0,49,UTAH
2718,490500,263.5,674.9997130421038,0.3903705363257894,79.0,0.25,1.5,77.25,111.27558610393471,0.25,0.0,0.0,1.5,24.75,48.0,0.25,4.25,0.0,0.0,15.261751740695068,17.01383436323966,93816.0,639,0,0,49,UTAH
2676,490458,267.0,803.3306118455632,0.3323662712000941,0.0,0.0,0.0,0.0,39.41521052814587,0.0,0.0,0.0,0.0,0.0,0.0,0.0,0.0,0.0,0.0,22.15132761886029,17.263882909285584,82291.0,0,0,0,49,UTAH
2693,490475,619.0,1809.151396147631,0.3421493642367828,737.0,162.25,72.5,502.25,837.4574033482876,52.5,109.75,8.0,64.5,170.5,124.0,116.25,91.5,0.0,0.0,60.42485190537075,40.03255144291684,112636.0,1397,0,0,49,UTAH
2696,490478,229.0,893.7445996637811,0.2562253244228248,1023.5,349.5,58.0,616.0,1094.3247457218872,291.5,58.0,21.5,36.5,338.5,67.0,72.5,138.0,0.0,0.0,55.81253893079335,15.012206791093815,109118.0,0,0,0,49,UTAH
2789,490571,374.0,1098.2026198743392,0.34055646310768645,278.0,1.0,2.5,274.5,331.821738971777,0.0,1.0,2.25,0.25,131.25,114.0,6.25,23.0,0.0,0.0,29.80228106078373,24.019457910993225,173787.0,626,27,0,49,UTAH
2780,490562,139.75,417.7966905559802,0.3344928362501594,3166.0,53.75,19.5,3092.75,3322.8154860494533,36.0,17.75,10.75,8.75,1326.5,182.25,1569.5,14.5,0.0,0.0,147.8081619747968,9.007324074656289,79428.0,0,0,0,49,UTAH
2771,490553,598.0,1869.692436234885,0.31983870095994477,810.0,20.0,4.5,785.5,911.520585193452,17.0,3.0,0.25,4.25,86.25,8.0,470.0,221.25,0.0,0.0,62.98918764201071,38.53139755144137,51088.0,0,0,0,49,UTAH
2777,490559,406.5,1189.1535255386143,0.3418397971917715,148.0,0.0,0.0,148.0,198.9764818411024,0.0,0.0,0.0,0.0,0.0,148.0,0.0,0.0,0.0,0.0,24.70508048429276,26.271401356809616,79314.0,730,1420,0,49,UTAH
2778,490560,546.75,1664.185877049688,0.32853902171630767,0.0,0.0,0.0,0.0,59.39190477831811,0.0,0.0,0.0,0.0,0.0,0.0,0.0,0.0,0.0,0.0,24.363422265765863,35.02848251255224,83251.0,0,0,0,49,UTAH
2767,490549,157.5,284.23470993651995,0.5541195163503273,684.5,139.25,65.0,480.25,732.5043513986199,17.5,121.75,6.0,59.0,293.0,47.0,49.5,90.75,0.0,0.0,37.4957277000633,10.508623698556544,52957.0,0,0,0,49,UTAH
2761,490543,0.0,0.0,0.0,844.0,39.5,673.5,131.0,881.6095685900685,38.5,1.0,152.0,521.5,42.5,7.25,7.0,74.25,0.0,0.0,37.60956859006852,0.0,52957.0,0,0,0,49,UTAH
2836,490618,126.75,294.6675146381268,0.43014582097948,3356.75,281.25,145.75,2929.75,3519.928938397436,222.25,59.0,61.5,84.25,782.5,525.0,621.0,1001.25,0.0,0.0,155.1724281088524,8.00651028858337,105921.0,0,0,0,49,UTAH
2926,490708,0.0,0.0,0.0,227.25,48.0,86.0,93.25,237.37582621546036,45.5,2.5,85.5,0.5,10.0,16.75,10.75,55.75,0.0,0.0,10.125826215460348,0.0,48606.0,0,0,0,49,UTAH
2947,490728,241.0,778.1759358124714,0.3096986027309862,64.5,29.0,0.5,35.0,94.12695414452617,10.0,19.0,0.5,0.0,3.0,3.0,3.5,25.5,0.0,0.0,13.613933567359414,16.01302057716674,55528.0,0,0,0,49,UTAH
3009,490790,230.25,482.8619254702181,0.4768443893682011,254.75,72.75,17.75,164.25,292.86569938195447,46.75,26.0,17.5,0.25,9.75,17.75,17.5,119.25,0.0,0.0,23.1035533884606,15.012145993493895,34038.0,0,0,0,49,UTAH
3019,490800,84.25,211.1966801006381,0.39891725551677104,930.5,98.5,272.75,559.25,981.2072255419106,65.25,33.25,144.75,128.0,36.0,62.0,154.0,307.25,0.0,0.0,45.20292557819321,5.504299963717354,56681.0,0,0,0,49,UTAH
3029,490810,512.25,1537.631362846159,0.33314226828192695,338.25,37.5,18.5,282.25,410.4284883314897,36.5,1.0,11.0,7.5,177.75,11.5,12.0,81.0,0.0,0.0,39.15163339108331,33.026854940406395,78781.0,0,0,0,49,UTAH
3030,490811,535.0000031996743,1301.8836395388225,0.4109430266664938,0.0,0.0,0.0,0.0,57.86785769305142,0.0,0.0,0.0,0.0,0.0,0.0,0.0,0.0,0.0,0.0,23.840188763062834,34.027668929988586,77600.0,0,0,0,49,UTAH
3031,490812,167.0,500.31732986318025,0.33378815809891854,257.5,44.75,33.75,179.0,287.9197017785679,33.25,11.5,31.5,2.25,49.5,25.25,18.75,85.5,0.0,0.0,19.41075013176576,11.008951646802132,78781.0,0,0,0,49,UTAH
3053,490834,465.25,1520.8960938074702,0.30590518438066017,0.0,0.0,0.0,0.0,51.25738837394729,0.0,0.0,0.0,0.0,0.0,0.0,0.0,0.0,0.0,0.0,21.23297479175966,30.024413582187638,77159.0,0,0,0,49,UTAH
3052,490833,403.5,1102.7083732085734,0.3659172359650518,701.25,114.0,119.25,468.0,776.7499180002437,83.5,30.5,9.0,110.25,41.75,99.25,136.75,190.25,0.0,0.0,49.22852880059112,26.271389199652653,62782.0,0,0,0,49,UTAH
3098,490879,32.500189888996935,117.61094793158351,0.2763364334747383,60.75073242074228,6.0001137241584805,10.500271606876806,44.250347089707,67.4000334651763,5.7501002939703065,0.2500134301881734,5.2501812883381245,5.250090318538681,14.000033975248668,6.00002861311402,1.7500474253616625,22.500237075982643,0.0,0.0,4.147200608274278,2.502100436159755,61179.0,0,0,0,49,UTAH
3218,490999,450.5,1506.5679620429523,0.29902401441559145,0.0,0.0,0.0,0.0,49.09766507879955,0.0,0.0,0.0,0.0,0.0,0.0,0.0,0.0,0.0,0.0,20.074065282684845,29.02359979611471,98650.0,0,0,0,49,UTAH
3217,490998,190.0,588.2584472015825,0.3229872871419922,0.0,0.0,0.0,0.0,20.476089193331205,0.0,0.0,0.0,0.0,0.0,0.0,0.0,0.0,0.0,0.0,8.466323760456149,12.009765432875056,106471.0,0,0,0,49,UTAH
3159,490940,8.0,18.928461917937604,0.4226439546268036,0.0,0.0,0.0,0.0,1.3573025878745184,0.0,0.0,0.0,0.0,0.0,0.0,0.0,0.0,0.0,0.0,0.3564888018015973,1.0008137860729212,51304.0,0,0,0,49,UTAH
3142,490923,5.0,10.673590953313044,0.4684459074617262,0.0,0.0,0.0,0.0,1.2347915237835942,0.0,0.0,0.0,0.0,0.0,0.0,0.0,0.0,1.011986022657596,0.0,0.2228055011259982,0.0,51304.0,0,0,0,49,UTAH
3325,491106,7.0,17.928461917937604,0.3904406318869122,0.0,0.0,0.0,0.0,1.3239137242339938,0.0,0.0,0.0,0.0,0.0,0.0,0.0,0.0,1.011986022657596,0.0,0.3119277015763976,0.0,51304.0,0,0,0,49,UTAH
3428,491209,319.25,847.9399957198306,0.376500697704421,108.25,19.75,29.25,59.25,153.7013669567542,17.75,2.0,4.5,24.75,20.0,5.5,4.25,29.5,0.0,0.0,24.93626981845326,20.51509713830094,56564.0,0,0,0,49,UTAH
3278,491059,142.0,415.212445402886,0.34199360248514604,259.75,59.5,19.0,181.25,286.6549260008322,30.0,29.5,8.0,11.0,69.75,22.25,9.5,79.75,0.0,0.0,17.897601926175867,9.007324074656289,75108.0,0,0,0,49,UTAH
3263,491044,83.59835437170706,250.78376058303883,0.33334835627854065,160.20538729239948,41.79917718585353,6.545066890311585,111.86114321623435,176.56346720430517,21.56897043398136,20.23020675187217,2.231272803515313,4.313794086796272,7.140072971249001,15.321406584138483,4.61129712726498,84.7883665335819,0.0,0.0,10.849836372347045,5.508243539558644,69330.0,0,0,0,49,UTAH
3298,491079,262.75,836.9252011111785,0.31394681346809616,55.0,0.0,0.0,55.0,86.13373080559735,0.0,0.0,0.0,0.0,0.0,50.0,0.0,5.0,0.0,0.0,14.119799350375878,17.01393145522148,104591.0,731,0,0,49,UTAH
3312,491093,191.25,611.5918655047893,0.312708541082619,60.5,19.5,2.0,39.0,83.93098804978541,18.5,1.0,2.0,0.0,0.0,3.75,3.0,32.25,0.0,0.0,11.170688044243033,12.26030000554238,83722.0,0,0,0,49,UTAH
3319,491100,327.25,1121.0343839021768,0.29191789716644084,0.0,0.0,0.0,0.0,35.59949701301002,0.0,0.0,0.0,0.0,0.0,0.0,0.0,0.0,0.0,0.0,14.58240750547868,21.017089507531345,120577.0,0,0,0,49,UTAH
3314,491095,265.5,905.655874577994,0.293157707527392,0.0,0.0,0.0,0.0,28.844381386594357,0.0,0.0,0.0,0.0,0.0,0.0,0.0,0.0,0.0,0.0,11.830547023354692,17.01383436323966,120078.0,0,0,0,49,UTAH
3445,491226,244.49248471206482,775.1138363366656,0.3154278420155451,9.608194861347547,1.1529833833617058,1.2810926481796732,7.174118829806169,41.91214461903079,1.0248741185437384,0.1281092648179673,0.1281092648179673,1.1529833833617058,0.8967648537257711,1.2810926481796732,0.1281092648179673,4.868152063082758,0.0,0.0,16.202424046729526,16.101525710953712,83427.0,0,0,0,49,UTAH
3429,491210,29.25,62.45669674291361,0.46832447960544327,1527.25,642.0,21.75,863.5,1598.618741801083,450.5,191.5,17.75,4.0,721.5,42.75,54.75,44.5,0.0,0.0,69.36711422893703,2.0016275721458423,64873.0,0,0,0,49,UTAH
2270,490054,0.0,0.0,0.0,0.0,0.0,0.0,0.0,0.0,0.0,0.0,0.0,0.0,0.0,0.0,0.0,0.0,0.0,0.0,0.0,0.0,66402.0,0,0,0,49,UTAH
2255,490039,0.0,0.0,0.0,0.0,0.0,0.0,0.0,7.083902158603173,0.0,0.0,0.0,0.0,0.0,0.0,0.0,0.0,7.083902158603173,0.0,0.0,0.0,81720.0,0,0,0,49,UTAH
2276,490060,0.0,0.0,0.0,0.0,0.0,0.0,0.0,4.047944090630384,0.0,0.0,0.0,0.0,0.0,0.0,0.0,0.0,4.047944090630384,0.0,0.0,0.0,81720.0,0,0,0,49,UTAH
2324,490108,0.0,0.0,0.0,0.0,0.0,0.0,0.0,1.011986022657596,0.0,0.0,0.0,0.0,0.0,0.0,0.0,0.0,1.011986022657596,0.0,0.0,0.0,81720.0,0,0,0,49,UTAH
3344,491125,19.25,66.53653868356594,0.2893147191131933,109.5,17.0,4.5,88.0,116.2381743602438,16.25,0.75,1.75,2.75,6.75,22.25,3.5,55.5,0.0,0.0,5.737360574170884,1.0008137860729212,76841.0,0,0,0,49,UTAH
3358,491139,18.0,62.554498588514846,0.28774908929259396,0.0,0.0,0.0,0.0,1.802913590126515,0.0,0.0,0.0,0.0,0.0,0.0,0.0,0.0,0.0,0.0,0.8020998040535939,1.0008137860729212,76841.0,0,0,0,49,UTAH
3494,491275,184.75000076619827,625.671778767824,0.2952826178768018,0.0,0.0,0.0,0.0,20.240935306775143,0.0,0.0,0.0,0.0,0.0,0.0,0.0,0.0,0.0,0.0,8.23116982409299,12.009765482682155,67754.0,0,0,0,49,UTAH
2422,490204,0.0,0.0,0.0,0.0,0.0,0.0,0.0,48.5753290650769,0.0,0.0,0.0,0.0,0.0,0.0,0.0,0.0,48.5753290650769,0.0,0.0,0.0,81720.0,0,0,0,49,UTAH
3503,491284,15.999999985065742,58.03196920250807,0.2757100991908825,83.99999992159515,0.0,0.9999999990666089,82.99999992252853,769.5115303162423,0.0,0.0,0.9999999990666089,0.0,68.99999993559601,13.999999986932524,0.0,0.0,680.0546065911477,0.0,4.456110018360674,1.0008137851387704,81240.0,0,0,0,49,UTAH
3504,491285,0.9999999996368821,1.840650916096058,0.5432860684729071,0.0,0.0,0.0,0.0,66.83563857135732,0.0,0.0,0.0,0.0,0.0,0.0,0.0,0.0,66.7910774711483,0.0,0.04456110020901867,0.0,74530.0,0,0,0,49,UTAH
3513,491294,14.0,48.25740359534499,0.2901109251006299,0.0,0.0,0.0,0.0,13.766510158918086,0.0,0.0,0.0,0.0,0.0,0.0,0.0,0.0,12.143832271891156,0.0,0.6218641009540093,1.0008137860729212,67754.0,0,0,0,49,UTAH
2426,490208,0.25,0.459995663486557,0.5434833843978315,0.0,0.0,0.0,0.0,0.0115919195434473,0.0,0.0,0.0,0.0,0.0,0.0,0.0,0.0,0.0,0.0,0.0115919195434473,0.0,91516.0,0,0,0,49,UTAH
3557,491343,0.0,0.0,0.0,0.0,0.0,0.0,0.0,0.0,0.0,0.0,0.0,0.0,0.0,0.0,0.0,0.0,0.0,0.0,0.0,0.0,74530.0,0,0,0,49,UTAH
2654,490436,2417.999995328499,7262.654088432295,0.33293613682907,0.0,0.0,0.0,0.0,666.3219319137639,0.0,0.0,0.0,0.0,0.0,0.0,0.0,0.0,0.0,0.0,510.1965837592453,156.1253481545187,109972.0,0,0,0,49,UTAH
2719,490501,1205.499999813098,3879.997128148242,0.31069610620779814,0.0,0.0,0.0,0.0,132.78908792276565,0.0,0.0,0.0,0.0,0.0,0.0,0.0,0.0,0.0,0.0,55.22622005413043,77.56286786863522,144254.0,0,0,0,49,UTAH
3347,491128,16.25,41.46990143801512,0.39185046109378396,112.25,18.5,2.75,91.0,118.97600494099667,17.5,1.0,2.75,0.0,6.5,19.25,6.25,59.0,0.0,0.0,5.725191154923753,1.0008137860729212,51304.0,0,0,0,49,UTAH
3321,491102,6.0,21.34195579996921,0.2811363708291747,0.0,0.0,0.0,0.0,0.2673666013511979,0.0,0.0,0.0,0.0,0.0,0.0,0.0,0.0,0.0,0.0,0.2673666013511979,0.0,76841.0,0,0,0,49,UTAH
2242,490026,1.3026431001884526,4.587847449359303,0.2839333945967118,7.16453705103649,0.0,0.0,7.16453705103649,8.860100524282117,0.0,0.0,0.0,0.0,6.350385113418707,0.8141519376177829,0.0,0.0,1.3182566099020727,0.0,0.3773068633435559,0.0,66402.0,0,0,0,49,UTAH
3356,491137,7.0,22.97236741852419,0.30471391443771795,0.0,0.0,0.0,0.0,2.33589974689159,0.0,0.0,0.0,0.0,0.0,0.0,0.0,0.0,2.023972045315192,0.0,0.3119277015763976,0.0,76841.0,0,0,0,49,UTAH
3507,491288,24.0,87.88892929122429,0.27307193515209205,100.0,1.0,2.0,97.0,179.37821160875993,0.0,1.0,1.0,1.0,80.0,13.0,0.0,4.0,71.85100760868932,0.0,5.525576427924759,2.0016275721458423,68506.0,0,0,0,49,UTAH
2428,490210,0.0,0.0,0.0,237.25,21.75,53.25,162.25,247.6561247752417,16.0,5.75,2.0,51.25,117.25,5.0,9.0,31.0,0.0,0.0,10.406124775241654,0.0,91516.0,0,0,0,49,UTAH
2575,490357,77.0,282.3137076894261,0.27274623194955827,49.0,0.0,0.0,49.0,59.37628529326024,0.0,0.0,0.0,0.0,0.0,49.0,0.0,0.0,0.0,0.0,5.622702295120002,4.753582998140238,96089.0,1041,0,0,49,UTAH
2593,490375,282.25,1097.8853755491364,0.25708512590289784,45.0,0.0,45.0,0.0,78.10181783556665,0.0,0.0,44.0,1.0,0.0,0.0,0.0,0.0,0.0,0.0,14.586890378451445,18.51492745711521,95907.0,0,0,0,49,UTAH
2534,490316,374.25,1127.2537411590947,0.33200155948489357,0.0,0.0,0.0,0.0,56.15860469378343,0.0,0.0,0.0,0.0,0.0,0.0,0.0,0.0,0.0,0.0,32.13883099181161,24.019773701971825,85040.0,0,0,0,49,UTAH
2697,490479,434.0,1520.3288523699025,0.2854645554634294,0.0,0.0,0.0,0.0,47.36230350777845,0.0,0.0,0.0,0.0,0.0,0.0,0.0,0.0,0.0,0.0,19.33951749773665,28.022786010041795,87378.0,0,0,0,49,UTAH
2745,490527,188.75,577.1303085705833,0.32704919009970135,624.0,59.0,45.75,519.25,672.2317513383517,43.25,15.75,2.0,43.75,82.5,89.0,94.75,253.0,0.0,0.0,36.22198590547666,12.009765432875056,84179.0,0,0,0,49,UTAH
2734,490516,187.5,432.7593723598183,0.43326617971916015,0.0,0.0,0.0,0.0,20.36586807903418,0.0,0.0,0.0,0.0,0.0,0.0,0.0,0.0,0.0,0.0,8.356102646159123,12.009765432875056,69037.0,0,0,0,49,UTAH
2799,490581,586.25,1500.200015614527,0.390781225102077,651.5,154.5,0.0,497.0,1314.017718625372,66.5,88.0,0.0,0.0,0.0,16.0,70.5,410.5,0.0,0.0,624.7256387802398,37.79207984513212,76529.0,0,0,0,49,UTAH
2804,490586,630.0,1811.7439484629383,0.3477312566902649,34.0,0.0,0.0,34.0,104.62117922869218,0.0,0.0,0.0,0.0,0.0,34.0,0.0,0.0,0.0,0.0,29.587813999702423,41.033365228989766,76529.0,0,0,0,49,UTAH
2868,490650,393.25,1059.8857523660986,0.3710305560029514,223.0,0.0,0.5,222.5,275.4813813898828,0.0,0.0,0.25,0.25,96.0,101.0,0.5,25.0,0.0,0.0,27.46103673805975,25.02034465182303,64873.0,0,0,1299,49,UTAH
2860,490642,0.0,0.0,0.0,3404.75,33.0,239.0,3132.75,3556.4650628440727,27.25,5.75,15.25,223.75,1786.0,52.75,158.5,1135.5,0.0,0.0,151.71506284407258,0.0,67334.0,0,0,0,49,UTAH
3005,490786,223.25,541.4351910512518,0.41233005111200344,0.0,0.0,0.0,0.0,24.463372251969645,0.0,0.0,0.0,0.0,0.0,0.0,0.0,0.0,0.0,0.0,9.95145692583542,14.511915326134226,74472.0,0,0,0,49,UTAH
2955,490736,6.0,13.56585825087988,0.4422867974173945,303.75,23.75,241.75,38.25,317.53627624912684,22.75,1.0,191.25,50.5,3.0,3.25,6.5,25.5,0.0,0.0,13.786276249126816,0.0,58209.0,0,0,0,49,UTAH
3042,490823,141.5,380.668808356528,0.37171419589354293,168.5,162.75,0.5,5.25,191.30083853241428,110.75,52.0,0.0,0.5,0.0,0.25,0.0,5.0,0.0,0.0,13.793380882490158,9.00745764992411,78079.0,0,0,0,49,UTAH
3047,490828,137.0,372.8042720933907,0.36748505919932245,204.25,53.0,16.75,134.5,228.4732771256957,8.0,45.0,1.0,15.75,19.25,10.25,49.25,55.75,0.0,0.0,15.215953051039373,9.007324074656289,62782.0,0,0,0,49,UTAH
3079,490860,472.75,1116.2677375848846,0.4235095076946543,347.25,37.5,127.0,182.75,413.8123233484894,36.5,1.0,106.5,20.5,95.75,8.75,3.75,74.5,0.0,0.0,36.53790976630176,30.024413582187638,55124.0,0,0,0,49,UTAH
3090,490871,178.25,544.3545152129816,0.3274520464485515,61.0,2.0,10.5,48.5,82.9213087889417,2.0,0.0,1.0,9.5,14.75,11.5,1.0,21.25,0.0,0.0,10.662065582782944,11.259243206158756,87864.0,0,0,0,49,UTAH
3129,490910,292.721310396032,889.8808564191418,0.32894438427851475,0.0,0.0,0.0,0.0,32.306136288155685,0.0,0.0,0.0,0.0,0.0,0.0,0.0,0.0,0.2095295587325595,0.0,13.28822204593962,18.808384683483506,103707.0,0,0,0,49,UTAH
3231,491012,136.74999906275485,467.5466114684807,0.29248420522875235,2.4999999828657193,0.0,1.9999999862925755,0.49999999657314387,17.711295146372468,0.0,0.0,0.9999999931462877,0.9999999931462877,0.0,0.0,0.0,0.49999999657314387,0.0,0.0,6.203971150584067,9.007324012922682,98673.0,0,0,0,49,UTAH
3235,491016,36.0,103.27361162285123,0.34858856424494716,0.0,0.0,0.0,0.0,3.845859128354555,0.0,0.0,0.0,0.0,0.0,0.0,0.0,0.0,0.0,0.0,1.5936848263844232,2.252174301970132,105921.0,0,0,0,49,UTAH
3363,491144,76.5,226.33286503338687,0.3379977538335642,0.0,0.0,0.0,0.0,11.881765340694166,0.0,0.0,0.0,0.0,0.0,0.0,0.0,0.0,1.011986022657596,0.0,6.1151273399455786,4.75465197809099,51304.0,0,0,0,49,UTAH
3334,491115,15.25,53.70955328867281,0.28393459014704153,14.0,0.0,0.0,14.0,22.37592956038768,0.0,0.0,0.0,0.0,12.0,2.0,0.0,0.0,6.071916135945576,0.0,1.303199638369181,1.0008137860729212,76841.0,0,0,0,49,UTAH
3412,491193,63.0,155.47128481201554,0.40521952382509074,0.0,0.0,0.0,0.0,7.82259048113686,0.0,0.0,0.0,0.0,0.0,0.0,0.0,0.0,1.011986022657596,0.0,2.807349314187579,4.003255144291685,60977.0,0,0,0,49,UTAH
3447,491228,218.0,624.1730843020644,0.34926209649645895,4.5,2.0,1.0,1.5,55.56237397565242,1.75,0.25,0.0,1.0,0.0,0.5,0.25,0.75,0.0,0.0,36.80197781039348,14.260396165258944,56564.0,0,0,0,49,UTAH
3498,491279,2323.75,6445.081022758413,0.36054628200864175,81.75,0.0,4.5,77.25,410.7398062167188,0.0,0.0,1.25,3.25,24.0,53.0,0.0,0.25,0.0,0.0,178.88291288076522,150.10689333595354,78125.0,516,0,0,49,UTAH
3496,491277,21.0,61.35124400469269,0.3422913478069611,695.25,3.5,32.0,659.75,728.1676752643209,0.25,3.25,9.75,22.25,573.75,76.25,9.5,0.25,0.0,0.0,31.91686147824793,1.0008137860729212,52410.0,0,0,0,49,UTAH
3488,491269,424.25,1305.1126648898196,0.32506772128812045,0.0,0.0,0.0,0.0,46.66228635708367,0.0,0.0,0.0,0.0,0.0,0.0,0.0,0.0,0.0,0.0,19.13925623586197,27.5230301212217,67754.0,0,0,0,49,UTAH
3480,491261,392.5,1102.8378652788338,0.3559000033978368,0.0,0.0,0.0,0.0,42.5756730269151,0.0,0.0,0.0,0.0,0.0,0.0,0.0,0.0,0.0,0.0,17.302473980990428,25.273199045924677,67754.0,0,0,0,49,UTAH
3458,491239,5.0,17.18923204162088,0.290879777985039,0.0,0.0,0.0,0.0,3.2587635690987864,0.0,0.0,0.0,0.0,0.0,0.0,0.0,0.0,3.035958067972788,0.0,0.2228055011259982,0.0,74530.0,0,0,0,49,UTAH
3462,491243,52.0,193.22954216855052,0.26910998916843354,0.0,0.0,0.0,0.0,5.319618569929146,0.0,0.0,0.0,0.0,0.0,0.0,0.0,0.0,0.0,0.0,2.3171772117103826,3.0024413582187632,74530.0,0,0,0,49,UTAH
3463,491244,51.0,191.17841068802383,0.26676652356538727,108.0,1.0,2.25,104.75,119.0996423166831,0.0,1.0,2.0,0.25,92.5,11.25,1.0,0.0,1.011986022657596,0.0,7.085214935806746,3.0024413582187632,74530.0,0,0,0,49,UTAH
3036,490817,0.0,0.0,0.0,1015.25,71.5,124.25,819.5,1060.4873924123096,50.5,21.0,122.25,2.0,188.0,402.0,71.5,158.0,0.0,0.0,45.23739241230957,0.0,56681.0,0,0,0,49,UTAH
3327,491108,11.5,38.19148502104124,0.30111424035132917,0.0,0.0,0.0,0.0,4.549270687698055,0.0,0.0,0.0,0.0,0.0,0.0,0.0,0.0,3.035958067972788,0.0,0.5124988336523452,1.0008137860729212,76841.0,0,0,0,49,UTAH
2447,490229,104.49251717470179,329.7123123816128,0.3169202764067875,0.0,0.0,0.0,0.0,11.253060900013216,0.0,0.0,0.0,0.0,0.0,0.0,0.0,0.0,0.0,0.0,4.581243553824946,6.67181734618827,106764.0,0,0,0,49,UTAH
2443,490225,555.2574868041199,1637.3356438742417,0.33912257934498824,0.0,0.0,0.0,0.0,59.79137834254839,0.0,0.0,0.0,0.0,0.0,0.0,0.0,0.0,0.0,0.0,24.171120522357782,35.62025782019061,106764.0,0,0,0,49,UTAH
2305,490089,768.8633324299095,2379.4752504946555,0.32312306348640313,0.0,0.0,0.0,0.0,85.57738512343236,0.0,0.0,0.0,0.0,0.0,0.0,0.0,0.0,0.0,0.0,35.78095486375655,49.796430259675795,66402.0,0,0,0,49,UTAH
2682,490464,364.5,1204.7326768351911,0.30255674724249554,215.5,2.25,0.25,213.0,266.35962281879506,1.5,0.75,0.25,0.0,0.0,208.0,2.0,3.0,0.0,0.0,27.59061417976128,23.26900863903381,93584.0,745,1983,0,49,UTAH
2680,490462,216.0,746.8727172401399,0.28920590485373177,0.0,0.0,0.0,0.0,24.376466016341283,0.0,0.0,0.0,0.0,0.0,0.0,0.0,0.0,0.0,0.0,10.61535241352005,13.761113602821233,116706.0,0,0,0,49,UTAH
3156,490937,19.0,46.74148025322622,0.4064911914869998,0.0,0.0,0.0,0.0,1.8474746903517147,0.0,0.0,0.0,0.0,0.0,0.0,0.0,0.0,0.0,0.0,0.8466609042787936,1.0008137860729212,51304.0,0,0,0,49,UTAH
2673,490455,391.75,1430.3743922839265,0.2738793438370214,2173.75,952.5,53.5,1167.75,2313.341048345488,687.0,265.5,38.75,14.75,238.0,92.75,202.75,634.25,0.0,0.0,114.320472931908,25.27057541357973,105595.0,0,0,0,49,UTAH
2674,490456,558.75,1827.7146226576144,0.30570965131719613,10.75,0.0,3.0,7.75,76.90594084881846,0.0,0.0,3.0,0.0,7.75,0.0,0.0,0.0,0.0,0.0,30.126644550193294,36.02929629862516,99835.0,0,0,0,49,UTAH
2423,490205,0.0,0.0,0.0,0.0,0.0,0.0,0.0,51.61128709852495,0.0,0.0,0.0,0.0,0.0,0.0,0.0,0.0,51.61128709852495,0.0,0.0,0.0,91516.0,0,0,0,49,UTAH
3460,491241,189.0,705.5787423227927,0.26786521285746884,0.0,0.0,0.0,0.0,24.479757466068172,0.0,0.0,0.0,0.0,0.0,0.0,0.0,0.0,4.047944090630384,0.0,8.422047942562736,12.009765432875056,74530.0,0,0,0,49,UTAH
2425,490207,0.0,0.0,0.0,0.0,0.0,0.0,0.0,0.0,0.0,0.0,0.0,0.0,0.0,0.0,0.0,0.0,0.0,0.0,0.0,0.0,91516.0,0,0,0,49,UTAH
2439,490221,1217.0,3389.520274559143,0.35904785970288633,293.75,31.0,29.25,233.5,664.1430157661865,13.25,17.75,0.25,29.0,161.5,21.25,15.5,35.25,0.0,0.0,291.57725634682265,78.81575941936386,91516.0,0,0,0,49,UTAH
2500,490282,0.0,0.0,0.0,2179.2499881299086,375.99999795197687,308.99999831691713,1494.2499918610145,2844.316618894584,216.99999881802918,158.99999913394765,2.99999998365939,305.99999833325774,135.24999926331083,69.24999962280425,350.99999808814863,938.7499948867508,0.0,0.0,665.0666307646758,0.0,102760.0,0,0,0,49,UTAH
2721,490503,444.25,1670.7606935585309,0.2658968466955,0.0,0.0,0.0,0.0,48.81964909290164,0.0,0.0,0.0,0.0,0.0,0.0,0.0,0.0,0.0,0.0,19.796049296786933,29.02359979611471,149585.0,0,0,0,49,UTAH
2723,490505,345.0,1000.7082917090466,0.3447558123164906,326.5,0.0,64.5,262.0,378.4404499285967,0.0,0.0,61.0,3.5,215.0,13.75,0.0,33.25,0.0,0.0,29.922546634992447,22.017903293604263,87510.0,0,0,0,49,UTAH
2716,490498,367.0,1151.5362540684605,0.31870468576509214,145.25,0.25,4.0,141.0,192.0962131803891,0.25,0.0,0.0,4.0,107.0,16.75,5.0,12.25,0.0,0.0,22.826682314638987,24.019530865750102,149909.0,0,0,0,49,UTAH
2869,490651,347.5,925.4481771433632,0.3754937430128711,27.5,1.25,0.5,25.75,86.51769274762961,1.0,0.25,0.5,0.0,5.75,2.25,2.5,15.25,0.0,20.289855072113944,16.709934381911395,22.017903293604263,74224.0,0,0,0,49,UTAH
3118,490899,247.25,731.0465650879538,0.3382137497222941,0.0,0.0,0.0,0.0,57.46597991759424,0.0,0.0,0.0,0.0,0.0,0.0,0.0,0.0,0.0,30.434782600299847,11.018176740127656,16.01302057716674,103707.0,0,0,0,49,UTAH
3114,490895,263.25,870.4106668184821,0.30244344426778363,0.0,0.0,0.0,0.0,29.24480272180393,0.0,0.0,0.0,0.0,0.0,0.0,0.0,0.0,0.0,0.0,12.230968358564269,17.01383436323966,110400.0,0,0,0,49,UTAH
3333,491114,56.0,207.94838235808376,0.2692975985914086,0.0,0.0,0.0,0.0,19.65449505145161,0.0,0.0,0.0,0.0,0.0,0.0,0.0,0.0,13.15581829454875,0.0,2.495421612611181,4.003255144291685,74530.0,0,0,0,49,UTAH
3434,491215,397.0,1113.1228396202584,0.3566542576158409,25.0,3.75,3.0,18.25,69.29468230418034,3.25,0.5,1.25,1.75,9.25,0.75,1.25,7.0,0.0,0.0,18.771251799958137,25.523430504222205,56564.0,0,0,0,49,UTAH
3439,491220,534.5,1743.3703063699695,0.3065900560810464,43.75,11.0,10.5,22.25,104.9499384960707,8.5,2.5,0.75,9.75,0.25,4.0,3.0,15.0,0.7590584627447421,0.0,25.91872763449565,34.52215239883032,56564.0,0,0,0,49,UTAH
3315,491096,7520.5,23934.218519978986,0.31421539808046356,78.0,14.75,24.0,39.25,901.7648586594504,13.0,1.75,3.25,20.75,0.0,7.75,8.75,22.75,3.794878695535017,0.0,335.04444036748146,484.9255395964341,120577.0,0,0,0,49,UTAH
3300,491081,184.25000018813435,562.9474437262659,0.32729520711302174,0.0,0.0,0.0,0.0,49.64481717746422,0.0,0.0,0.0,0.0,0.0,0.0,0.0,0.0,0.0,0.0,37.88422584863254,11.760591328831682,120577.0,0,0,0,49,UTAH
3320,491101,464.25,1268.763772242613,0.3659073581360314,0.0,0.0,0.0,0.0,52.16169998020149,0.0,0.0,0.0,0.0,0.0,0.0,0.0,0.0,0.0,0.0,21.886776328564547,30.274923651636943,109773.0,0,0,0,49,UTAH
3499,491280,494.5,1366.687900328651,0.36182364670169853,161.5,1.5,1.25,158.75,222.81725904425144,0.0,1.5,1.25,0.0,145.5,7.5,5.75,0.0,0.0,0.0,29.54155791262858,31.77570113162288,52410.0,0,0,0,49,UTAH
3493,491274,330.25,1081.3376325149443,0.3054087734206697,0.0,0.0,0.0,0.0,36.18900975502921,0.0,0.0,0.0,0.0,0.0,0.0,0.0,0.0,0.0,0.0,14.67113094112277,21.51787881390644,67754.0,0,0,0,49,UTAH
3491,491272,627.4999929380527,1831.8905305388555,0.34254229850376045,0.0,0.0,0.0,0.0,67.88977316472062,0.0,0.0,0.0,0.0,0.0,0.0,0.0,0.0,0.0,0.0,27.604041367671517,40.28573179704911,67754.0,0,0,0,49,UTAH
3487,491268,2622.2499514569727,7364.210093309826,0.35608027449396257,0.0,0.0,0.0,0.0,284.80165004707874,0.0,0.0,0.0,0.0,0.0,0.0,0.0,0.0,0.0,0.0,115.41058344569977,169.39106660137892,67754.0,0,0,0,49,UTAH
2505,490287,414.62549114861775,1403.1283102296247,0.2955007664842594,121.49999999992396,24.249999999984823,3.249999999997966,93.99999999994117,174.42745653978392,18.749999999988265,5.499999999996558,3.249999999997966,0.0,7.74999999999515,12.74999999999202,4.24999999999734,69.24999999995666,0.0,0.0,26.17090947854753,26.756547061312414,91670.0,0,0,0,49,UTAH
2675,490457,290.0,871.9413105529231,0.3325911921940052,0.0,0.0,0.0,0.0,31.940073005726983,0.0,0.0,0.0,0.0,0.0,0.0,0.0,0.0,0.0,0.0,12.92461107034148,19.015461935385503,80235.0,0,0,0,49,UTAH
2775,490557,524.75,1295.417929974299,0.40508162490109345,33.0,0.0,0.0,33.0,93.87833745348335,0.0,0.0,0.0,0.0,0.0,0.0,33.0,0.0,0.0,0.0,26.85066872700404,34.02766872647932,68046.0,0,0,0,49,UTAH
2841,490623,333.5,725.4590959293208,0.4597088958858293,145.5,5.0,1.5,139.0,189.5987808822947,5.0,0.0,1.5,0.0,10.5,93.75,6.0,28.75,0.0,0.0,22.58120553693602,21.51757534535868,55597.0,710,1183,0,49,UTAH
2533,490315,0.0,0.0,0.0,694.75,102.0,29.0,563.75,725.7075156290585,81.25,20.75,29.0,0.0,27.75,231.25,35.75,269.0,0.0,0.0,30.957515629058573,0.0,87096.0,0,0,0,49,UTAH
2532,490314,0.0,0.0,0.0,0.0,0.0,0.0,0.0,0.0,0.0,0.0,0.0,0.0,0.0,0.0,0.0,0.0,0.0,0.0,0.0,0.0,87096.0,0,0,0,49,UTAH
2531,490313,0.0,0.0,0.0,549.5000006422471,141.75000016567517,184.5000002156407,223.25000026093113,573.9781597077183,138.50000016187664,3.2500000037985495,181.25000021184218,3.2500000037985495,44.500000052010904,26.000000030388396,21.500000025128866,131.25000015340296,0.0,0.0,24.478159065471313,0.0,87096.0,0,0,0,49,UTAH
3102,490883,200.25,660.7178091935025,0.3030794648087855,54.0,0.0,0.0,54.0,78.3409689429838,0.0,0.0,0.0,0.0,0.0,54.0,0.0,0.0,0.0,0.0,11.33038972403584,13.010579218947974,112744.0,571,0,0,49,UTAH
3091,490872,113.25,344.21809212877736,0.32900652984164297,0.0,0.0,0.0,0.0,12.052499827294769,0.0,0.0,0.0,0.0,0.0,0.0,0.0,0.0,0.0,0.0,5.04680332478432,7.005696502510448,87537.0,0,0,0,49,UTAH
3100,490881,179.0,482.89516043105886,0.37068087375366265,194.0,37.75,50.25,106.0,222.6310558168745,36.75,1.0,3.25,47.0,7.0,39.0,8.0,52.0,0.0,0.0,16.621290383999476,12.009765432875056,90154.0,0,0,0,49,UTAH
3117,490898,126.25,412.2817584854079,0.306222619365461,0.0,0.0,0.0,0.0,13.632515554170189,0.0,0.0,0.0,0.0,0.0,0.0,0.0,0.0,0.0,0.0,5.626005265586818,8.00651028858337,113111.0,0,0,0,49,UTAH
3116,490897,75.5,249.0937279496996,0.30309875973772404,92.0,0.0,0.0,92.0,104.46876358685316,0.0,0.0,0.0,0.0,0.0,92.0,0.0,0.0,0.0,0.0,7.464694656488549,5.004068930364605,113111.0,0,0,0,49,UTAH
3121,490902,40.25,131.04078633124783,0.30715627650657673,0.0,0.0,0.0,0.0,4.794485984571411,0.0,0.0,0.0,0.0,0.0,0.0,0.0,0.0,0.0,0.0,1.7920446263526482,3.0024413582187632,113111.0,0,0,0,49,UTAH
3123,490904,69.5,223.7679915943058,0.3105895508326516,11.25,1.25,5.5,4.5,19.372249974900672,1.25,0.0,1.5,4.0,0.0,1.75,0.5,2.25,0.0,0.0,3.618411711895737,4.503838263004935,113111.0,0,0,0,49,UTAH
3126,490907,115.25,376.4728401360738,0.30613098134341804,6.25,0.25,0.5,5.5,19.1815171084232,0.0,0.25,0.5,0.0,5.0,0.0,0.25,0.25,0.0,0.0,5.425723513820905,7.505793594602297,113111.0,0,0,0,49,UTAH
3190,490971,183.0,696.8426713463605,0.26261307971629827,0.0,0.0,0.0,0.0,22.908143301425625,0.0,0.0,0.0,0.0,0.0,0.0,0.0,0.0,0.0,0.0,11.398730131110083,11.50941317031554,91005.0,0,0,0,49,UTAH
2756,490538,81.75,237.30974105767163,0.3444864910965998,2240.25,311.0,251.75,1677.5,2348.9331759322013,302.5,8.5,61.75,190.0,1431.25,61.0,42.0,143.25,0.0,0.0,103.42777061156968,5.255405320631935,67267.0,0,0,0,49,UTAH
2662,490444,0.0,0.0,0.0,2960.0,1362.75,66.5,1530.75,3092.302778492297,1047.0,315.75,42.25,24.25,82.0,137.5,231.5,1079.75,0.0,0.0,132.30277849229705,0.0,36579.0,0,0,0,49,UTAH
2638,490420,0.0,0.0,0.0,2113.75,912.5,50.0,1151.25,2207.9287616918477,691.0,221.5,49.5,0.5,83.0,102.75,143.5,822.0,0.0,0.0,94.17876169184716,0.0,100955.0,0,0,0,49,UTAH
2822,490604,0.0,0.0,0.0,647.25,27.5,282.0,337.75,676.0897602241405,20.5,7.0,86.5,195.5,49.25,192.75,13.25,82.5,0.0,0.0,28.83976022414049,0.0,76529.0,0,0,194,49,UTAH
3026,490807,0.0,0.0,0.0,2293.5,850.0,67.5,1376.0,2395.680381654171,646.75,203.25,58.75,8.75,105.25,138.5,166.0,966.25,0.0,0.0,102.180381654171,0.0,56681.0,0,0,0,49,UTAH
2790,490572,0.0,0.0,0.0,2381.25,449.5,856.0,1075.75,2487.3655538449125,386.5,63.0,462.25,393.75,95.75,186.25,80.0,713.75,0.0,0.0,106.11555384491233,0.0,76529.0,0,0,0,49,UTAH
3140,490921,161.75,428.0648275869047,0.377863327178316,21.25,4.25,4.25,12.75,76.91322404106255,3.75,0.5,4.25,0.0,5.25,1.75,1.5,4.25,1.011986022657596,0.0,44.14057326302464,10.51066475538032,51304.0,0,0,0,49,UTAH
3135,490916,0.0,0.0,0.0,0.0,0.0,0.0,0.0,1.011986022657596,0.0,0.0,0.0,0.0,0.0,0.0,0.0,0.0,1.011986022657596,0.0,0.0,0.0,51304.0,0,0,0,49,UTAH
3339,491120,21.0,51.26343300351952,0.40964872560443294,0.0,0.0,0.0,0.0,1.936596890802114,0.0,0.0,0.0,0.0,0.0,0.0,0.0,0.0,0.0,0.0,0.9357831047291928,1.0008137860729212,51304.0,0,0,0,49,UTAH
3345,491126,24.25,59.76765019966452,0.40573788527721166,34.25,6.25,13.0,15.0,38.85896938388094,6.25,0.0,12.75,0.25,3.0,2.25,1.5,8.25,0.0,0.0,2.607341811735097,2.0016275721458423,51304.0,0,0,0,49,UTAH
3340,491121,7.25,16.07668385715992,0.45096364800201855,0.0,0.0,0.0,0.0,1.5850722178290888,0.0,0.0,0.0,0.0,0.0,0.0,0.0,0.0,1.011986022657596,0.0,0.3228554334147885,0.2502307617567042,51304.0,0,0,0,49,UTAH
3337,491118,4.0,12.40650916764431,0.32241140081787417,0.0,0.0,0.0,0.0,1.1902304235583947,0.0,0.0,0.0,0.0,0.0,0.0,0.0,0.0,1.011986022657596,0.0,0.1782444009007986,0.0,76841.0,0,0,0,49,UTAH
3343,491124,9.25,32.15820490068347,0.28764043355552493,0.0,0.0,0.0,0.0,2.4244921602639176,0.0,0.0,0.0,0.0,0.0,0.0,0.0,0.0,1.011986022657596,0.0,0.4116923515334003,1.0008137860729212,76841.0,0,0,0,49,UTAH
3338,491119,9.0,30.856923835875207,0.2916687369055344,0.0,0.0,0.0,0.0,2.4138497107573142,0.0,0.0,0.0,0.0,0.0,0.0,0.0,0.0,1.011986022657596,0.0,0.4010499020267969,1.0008137860729212,76841.0,0,0,0,49,UTAH
3346,491127,16.000000096787158,38.69757498672891,0.4134626033355903,0.0,0.0,0.0,0.0,1.7137914000431784,0.0,0.0,0.0,0.0,0.0,0.0,0.0,0.0,0.0,0.0,0.7129776079161368,1.0008137921270412,51304.0,0,0,0,49,UTAH
3329,491110,15.75,53.15913347963599,0.29628022447042807,0.0,0.0,0.0,0.0,1.702392390339358,0.0,0.0,0.0,0.0,0.0,0.0,0.0,0.0,0.0,0.0,0.7015786042664367,1.0008137860729212,76841.0,0,0,0,49,UTAH
3330,491111,7.0,24.0227172506256,0.2913908500428987,0.0,0.0,0.0,0.0,1.3239137242339938,0.0,0.0,0.0,0.0,0.0,0.0,0.0,0.0,1.011986022657596,0.0,0.3119277015763976,0.0,76841.0,0,0,0,49,UTAH
3323,491104,0.0,0.0,0.0,0.0,0.0,0.0,0.0,1.011986016355076,0.0,0.0,0.0,0.0,0.0,0.0,0.0,0.0,1.011986016355076,0.0,0.0,0.0,76841.0,0,0,0,49,UTAH
3324,491105,8.0,29.856923835875207,0.26794454927695643,0.0,0.0,0.0,0.0,2.3692886105321147,0.0,0.0,0.0,0.0,0.0,0.0,0.0,0.0,1.011986022657596,0.0,0.3564888018015973,1.0008137860729212,76841.0,0,0,0,49,UTAH
3331,491112,11.75,30.664499647916724,0.3831792507593799,0.0,0.0,0.0,0.0,1.5246192569369263,0.0,0.0,0.0,0.0,0.0,0.0,0.0,0.0,0.0,0.0,0.5238054708640051,1.0008137860729212,51304.0,0,0,0,49,UTAH
3332,491113,8.0,21.02980577145271,0.38041245301750454,0.0,0.0,0.0,0.0,1.3573025878745184,0.0,0.0,0.0,0.0,0.0,0.0,0.0,0.0,0.0,0.0,0.3564888018015973,1.0008137860729212,51304.0,0,0,0,49,UTAH
3326,491107,9.75,25.30238088113471,0.385339231347574,0.0,0.0,0.0,0.0,1.4354970564865268,0.0,0.0,0.0,0.0,0.0,0.0,0.0,0.0,0.0,0.0,0.4346832704136057,1.0008137860729212,51304.0,0,0,0,49,UTAH
3322,491103,5.0,8.572859880019378,0.5832359410951551,0.0,0.0,0.0,0.0,0.2228055011259982,0.0,0.0,0.0,0.0,0.0,0.0,0.0,0.0,0.0,0.0,0.2228055011259982,0.0,51304.0,0,0,0,49,UTAH
3354,491135,18.0,45.74148025322622,0.39351590504617373,0.0,0.0,0.0,0.0,1.802913590126515,0.0,0.0,0.0,0.0,0.0,0.0,0.0,0.0,0.0,0.0,0.8020998040535939,1.0008137860729212,51304.0,0,0,0,49,UTAH
3361,491142,15.25,37.31755398391904,0.40865486539046914,0.0,0.0,0.0,0.0,1.6798727389575197,0.0,0.0,0.0,0.0,0.0,0.0,0.0,0.0,0.0,0.0,0.6790589528845984,1.0008137860729212,51304.0,0,0,0,49,UTAH
3353,491134,14.0,32.49432016881748,0.4308445268978059,0.0,0.0,0.0,0.0,1.6246691892257163,0.0,0.0,0.0,0.0,0.0,0.0,0.0,0.0,0.0,0.0,0.6238554031527953,1.0008137860729212,51304.0,0,0,0,49,UTAH
3352,491133,17.0,58.19122665863892,0.2921402585260028,57.75,5.25,5.5,47.0,62.08311096136804,5.0,0.25,5.5,0.0,3.0,29.25,1.75,13.0,0.0,0.0,3.3322971752951176,1.0008137860729212,76841.0,0,0,0,49,UTAH
3359,491140,22.0,76.64230958968801,0.28704771708706484,6.5,1.75,0.25,4.5,9.782644426004568,1.5,0.25,0.0,0.25,1.0,1.75,0.25,1.5,1.011986022657596,0.0,1.26984461727405,1.0008137860729212,76841.0,0,0,0,49,UTAH
3351,491132,8.0,27.965828985324563,0.2860633955888848,0.0,0.0,0.0,0.0,1.3573025878745184,0.0,0.0,0.0,0.0,0.0,0.0,0.0,0.0,0.0,0.0,0.3564888018015973,1.0008137860729212,76841.0,0,0,0,49,UTAH
3350,491131,7.0,22.342175361186182,0.3133087932055493,0.0,0.0,0.0,0.0,0.3119277015763976,0.0,0.0,0.0,0.0,0.0,0.0,0.0,0.0,0.0,0.0,0.3119277015763976,0.0,76841.0,0,0,0,49,UTAH
3349,491130,2.0,5.572577626208445,0.35890033915252795,0.0,0.0,0.0,0.0,3.1250802684231878,0.0,0.0,0.0,0.0,0.0,0.0,0.0,0.0,3.035958067972788,0.0,0.0891222004503992,0.0,76841.0,0,0,0,49,UTAH
3357,491138,10.0,34.3788765861685,0.2908762877965377,0.0,0.0,0.0,0.0,2.458410810982514,0.0,0.0,0.0,0.0,0.0,0.0,0.0,0.0,1.011986022657596,0.0,0.4456110022519966,1.0008137860729212,76841.0,0,0,0,49,UTAH
3367,491148,13.0,34.85692383587521,0.3729531630849257,0.0,0.0,0.0,0.0,2.592094111658113,0.0,0.0,0.0,0.0,0.0,0.0,0.0,0.0,1.011986022657596,0.0,0.5792943029275957,1.0008137860729212,75589.0,0,0,0,49,UTAH
3380,491161,3.0,8.884556417351018,0.3376645787448854,0.0,0.0,0.0,0.0,1.1456693233331952,0.0,0.0,0.0,0.0,0.0,0.0,0.0,0.0,1.011986022657596,0.0,0.1336833006755989,0.0,75589.0,0,0,0,49,UTAH
3390,491171,7.0,20.4504146682309,0.342291347806961,0.0,0.0,0.0,0.0,1.3239137242339938,0.0,0.0,0.0,0.0,0.0,0.0,0.0,0.0,1.011986022657596,0.0,0.3119277015763976,0.0,75589.0,0,0,0,49,UTAH
3397,491178,17.0,46.422782086755085,0.36619950885817937,0.0,0.0,0.0,0.0,1.7583524899013154,0.0,0.0,0.0,0.0,0.0,0.0,0.0,0.0,0.0,0.0,0.7575387038283943,1.0008137860729212,75589.0,0,0,0,49,UTAH
3396,491177,7.0,17.087811001173172,0.409648725604433,0.0,0.0,0.0,0.0,0.3119277015763976,0.0,0.0,0.0,0.0,0.0,0.0,0.0,0.0,0.0,0.0,0.3119277015763976,0.0,75589.0,0,0,0,49,UTAH
3402,491183,4.0,10.72520733411545,0.37295316308492565,0.0,0.0,0.0,0.0,1.1902304235583947,0.0,0.0,0.0,0.0,0.0,0.0,0.0,0.0,1.011986022657596,0.0,0.1782444009007986,0.0,75589.0,0,0,0,49,UTAH
3401,491182,5.0,12.56585825087988,0.3979035812893952,0.0,0.0,0.0,0.0,1.2347915237835942,0.0,0.0,0.0,0.0,0.0,0.0,0.0,0.0,1.011986022657596,0.0,0.2228055011259982,0.0,75589.0,0,0,0,49,UTAH
3378,491159,4.0,10.72520733411545,0.37295316308492565,0.0,0.0,0.0,0.0,1.1902304235583947,0.0,0.0,0.0,0.0,0.0,0.0,0.0,0.0,1.011986022657596,0.0,0.1782444009007986,0.0,75589.0,0,0,0,49,UTAH
3388,491169,19.0,53.46668758734168,0.35536145696256444,0.0,0.0,0.0,0.0,1.8474746903517147,0.0,0.0,0.0,0.0,0.0,0.0,0.0,0.0,0.0,0.0,0.8466609042787936,1.0008137860729212,75589.0,0,0,0,49,UTAH
3389,491170,7.0,17.29763779645588,0.4046795338398306,0.0,0.0,0.0,0.0,0.3119277015763976,0.0,0.0,0.0,0.0,0.0,0.0,0.0,0.0,0.0,0.0,0.3119277015763976,0.0,75589.0,0,0,0,49,UTAH
3399,491180,4.0,10.72520733411545,0.37295316308492565,0.0,0.0,0.0,0.0,0.1782444009007986,0.0,0.0,0.0,0.0,0.0,0.0,0.0,0.0,0.0,0.0,0.1782444009007986,0.0,75589.0,0,0,0,49,UTAH
3398,491179,10.75,30.08684076099281,0.3572990625834412,0.0,0.0,0.0,0.0,65.23635555510477,0.0,0.0,0.0,0.0,0.0,0.0,0.0,0.0,1.011986022657596,0.0,63.22355574637424,1.0008137860729212,75589.0,0,0,0,49,UTAH
3255,491036,562.5,1618.7539367158256,0.34748950241394694,0.0,0.0,0.0,0.0,62.92558590967771,0.0,0.0,0.0,0.0,0.0,0.0,0.0,0.0,0.0,0.0,26.39604658581671,36.529539323861,31028.0,0,0,0,49,UTAH
3259,491040,18.500000037751263,56.31572217132314,0.32850506616022335,0.0,0.0,0.0,0.0,2.0598059690277033,0.0,0.0,0.0,0.0,0.0,0.0,0.0,0.0,0.0,0.0,0.8086521576910669,1.2511538113366365,105921.0,0,0,0,49,UTAH
3276,491057,13.5,38.92810715902466,0.346793126746475,61.25,5.5,4.5,51.25,66.07879864139466,4.5,1.0,4.5,0.0,2.0,21.0,1.5,26.75,0.0,0.0,3.577754093565039,1.2510445478296257,80628.0,0,0,0,49,UTAH
3289,491070,62.49999996783821,185.6398809544758,0.3366733465163393,182.7499999059589,31.499999983790456,4.499999997684351,146.74999992448411,197.85691029192412,22.499999988421756,8.999999995368702,4.499999997684351,0.0,4.749999997555704,18.249999990608757,18.249999990608757,105.4999999457109,0.0,0.0,11.104335466133355,4.002574919831845,30043.0,0,0,0,49,UTAH
3294,491075,47.500000027083985,119.15660073833497,0.39863507126552594,8.250000004704061,2.2500000012829258,0.5000000002850946,5.500000003136041,17.222498372356032,1.7500000009978312,0.5000000002850946,0.5000000002850946,0.0,0.0,0.5000000002850946,1.0000000005701892,4.000000002280757,0.0,0.0,5.7196683444249174,3.2528300232270513,89915.0,0,0,0,49,UTAH
3302,491083,74.25,215.68544364818231,0.3442513261169062,0.0,0.0,0.0,0.0,35.33654823905175,0.0,0.0,0.0,0.0,0.0,0.0,0.0,0.0,0.0,0.0,30.58291660046856,4.753631638583197,89915.0,0,0,0,49,UTAH
3310,491091,196.25,596.2331284414877,0.3291497748757839,0.0,0.0,0.0,0.0,21.509934383052943,0.0,0.0,0.0,0.0,0.0,0.0,0.0,0.0,0.0,0.0,8.749427859190945,12.760506523862,89700.0,0,0,0,49,UTAH
3275,491056,26.25,78.8067433124616,0.33309332293965155,0.0,0.0,0.0,0.0,2.9218655353147325,0.0,0.0,0.0,0.0,0.0,0.0,0.0,0.0,0.0,0.0,1.1699948554611548,1.7518706798535777,30043.0,0,0,0,49,UTAH
3258,491039,290.0,880.8049029383509,0.3292443071474338,0.0,0.0,0.0,0.0,32.502065299048425,0.0,0.0,0.0,0.0,0.0,0.0,0.0,0.0,1.011986022657596,0.0,12.978736221336218,18.511343055054613,105921.0,0,0,0,49,UTAH
3274,491055,408.75,1272.239517805831,0.3212838418232371,0.0,0.0,0.0,0.0,45.82174429756706,0.0,0.0,0.0,0.0,0.0,0.0,0.0,0.0,1.011986022657596,0.0,18.533921172551366,26.275837102358096,30043.0,0,0,0,49,UTAH
3369,491150,16.0,45.422782086755085,0.3522461475266058,3.75,0.5,0.25,3.0,5.631864608568678,0.25,0.25,0.25,0.0,0.0,0.75,0.5,1.75,0.0,0.0,0.881050822495757,1.0008137860729212,75589.0,0,0,0,49,UTAH
3372,491153,26.0,72.23580042204371,0.3599323306185136,0.0,0.0,0.0,0.0,3.1602161780010336,0.0,0.0,0.0,0.0,0.0,0.0,0.0,0.0,0.0,0.0,1.1585886058551913,2.0016275721458423,75589.0,0,0,0,49,UTAH
3368,491149,13.0,35.69757475263964,0.3641703978514317,0.0,0.0,0.0,0.0,1.5801080890005168,0.0,0.0,0.0,0.0,0.0,0.0,0.0,0.0,0.0,0.0,0.5792943029275957,1.0008137860729212,75589.0,0,0,0,49,UTAH
3373,491154,26.0,73.91710225557257,0.35174539053362136,12.5,3.25,4.0,5.25,16.215091889473104,3.25,0.0,3.0,1.0,1.0,0.25,0.25,3.75,0.0,0.0,1.7134643173272608,2.0016275721458423,75589.0,0,0,0,49,UTAH
3374,491155,10.0,26.81301833528862,0.3729531630849257,35.5,5.25,1.25,29.0,38.52848238950715,5.0,0.25,1.25,0.0,2.75,6.75,1.75,17.75,0.0,0.0,2.027668603434232,1.0008137860729212,75589.0,0,0,0,49,UTAH
3176,490957,3.75,8.376857302285181,0.4476619171938158,17.75,6.25,2.0,9.5,48.99430283699276,6.25,0.0,2.0,0.0,0.0,0.5,0.5,8.5,0.0,0.0,30.994011277636133,0.2502915593566257,51304.0,0,0,0,49,UTAH
2587,490369,318.74846996615184,949.8237580007109,0.33558696261408244,791.245268923927,172.4989621129063,7.499959591658945,611.246347219362,1153.0611117117548,137.49917318084206,34.999788932064234,5.4999663840784905,1.9999932075804556,0.9999972148398181,55.24966563961402,250.49850791895986,304.4981764459481,0.0,0.0,341.3011112216396,20.514731566188388,83312.0,0,0,0,49,UTAH
2731,490513,419.25,1250.2316905876592,0.3353378443022314,136.75,7.0,102.0,27.75,188.55002887442012,7.0,0.0,1.25,100.75,14.75,1.0,0.0,12.0,0.0,0.0,24.77805665045128,27.021972223968863,60581.0,0,0,0,49,UTAH
2733,490515,43.0,122.86549415946568,0.349976210116331,1355.0,131.25,907.0,316.75,1420.0653252307468,127.0,4.25,705.75,201.25,26.25,73.0,30.75,186.75,0.0,0.0,62.31306599384168,2.7522592369050183,65221.0,0,0,0,49,UTAH
2742,490524,458.5,1332.6144510662432,0.34406050424648166,792.75,30.5,210.25,552.0,878.158434553803,28.5,2.0,63.25,147.0,39.0,13.0,10.0,490.0,0.0,0.0,55.887216073153326,29.521218480649672,60581.0,0,0,0,49,UTAH
3400,491181,391.5,1089.8793144576189,0.35921408435468005,1774.25,328.75,0.0,1445.5,1920.4188573112424,103.0,225.75,0.0,0.0,0.0,9.75,290.0,1145.75,1.011986022657596,0.0,119.87867588648729,25.27819540209763,75589.0,0,0,0,49,UTAH
3257,491038,14.75,38.71694290651413,0.3809701617097023,0.0,0.0,0.0,0.0,1.8948197704674563,0.0,0.0,0.0,0.0,0.0,0.0,0.0,0.0,0.0,0.0,0.8938116115267931,1.0010081589406632,105921.0,0,0,0,49,UTAH
3229,491010,0.0,0.0,0.0,0.0,0.0,0.0,0.0,1.011986022657596,0.0,0.0,0.0,0.0,0.0,0.0,0.0,0.0,1.011986022657596,0.0,0.0,0.0,69330.0,0,0,0,49,UTAH
3252,491033,13.0,39.060178419697365,0.3328197802968644,0.0,0.0,0.0,0.0,2.592094111658113,0.0,0.0,0.0,0.0,0.0,0.0,0.0,0.0,1.011986022657596,0.0,0.5792943029275957,1.0008137860729212,69330.0,0,0,0,49,UTAH
3253,491034,13.0,39.9008293364618,0.3258077643042989,0.0,0.0,0.0,0.0,1.5801080890005168,0.0,0.0,0.0,0.0,0.0,0.0,0.0,0.0,0.0,0.0,0.5792943029275957,1.0008137860729212,69330.0,0,0,0,49,UTAH
3254,491035,20.0,62.03254583822155,0.32241140081787417,0.0,0.0,0.0,0.0,1.8920357905769143,0.0,0.0,0.0,0.0,0.0,0.0,0.0,0.0,0.0,0.0,0.8912220045039932,1.0008137860729212,69330.0,0,0,0,49,UTAH
3342,491123,12.0,40.16182381094568,0.2987912116861966,0.0,0.0,0.0,0.0,1.5355469887753173,0.0,0.0,0.0,0.0,0.0,0.0,0.0,0.0,0.0,0.0,0.534733202702396,1.0008137860729212,76841.0,0,0,0,49,UTAH
3336,491117,4.0,14.297770465985248,0.2797638981207664,0.0,0.0,0.0,0.0,1.1902304235583947,0.0,0.0,0.0,0.0,0.0,0.0,0.0,0.0,1.011986022657596,0.0,0.1782444009007986,0.0,76841.0,0,0,0,49,UTAH
3335,491116,14.0,50.9884907533534,0.27457176694486196,0.0,0.0,0.0,0.0,1.6246691892257163,0.0,0.0,0.0,0.0,0.0,0.0,0.0,0.0,0.0,0.0,0.6238554031527953,1.0008137860729212,76841.0,0,0,0,49,UTAH
3328,491109,7.0,26.12521426723461,0.26794038618772864,0.0,0.0,0.0,0.0,2.33589974689159,0.0,0.0,0.0,0.0,0.0,0.0,0.0,0.0,2.023972045315192,0.0,0.3119277015763976,0.0,76841.0,0,0,0,49,UTAH
3407,491188,11.0,28.863833783743456,0.3810997555770074,0.0,0.0,0.0,0.0,2.5029719112077133,0.0,0.0,0.0,0.0,0.0,0.0,0.0,0.0,1.011986022657596,0.0,0.4901721024771963,1.0008137860729212,56564.0,0,0,0,49,UTAH
3160,490941,6.0,14.40650916764431,0.4164784077932943,0.0,0.0,0.0,0.0,1.279352624008794,0.0,0.0,0.0,0.0,0.0,0.0,0.0,0.0,1.011986022657596,0.0,0.2673666013511979,0.0,51304.0,0,0,0,49,UTAH
2949,490730,2.0,2.840650916764431,0.7040639834330814,345.25,45.5,148.75,151.0,360.72112028637935,43.5,2.0,34.25,114.5,14.0,23.25,14.25,99.5,0.0,0.0,15.471120286379328,0.0,58209.0,0,0,0,49,UTAH
2939,490720,120.0,320.28507793204136,0.3746662216510187,337.0,0.0,0.0,337.0,365.3704618240012,0.0,0.0,0.0,0.0,0.0,337.0,0.0,0.0,0.0,0.0,20.36395153541788,8.00651028858337,65974.0,0,0,0,49,UTAH
2979,490760,449.25,1061.6664183228004,0.4231555149966185,23.75,1.5,0.25,22.0,74.84871542214708,1.5,0.0,0.25,0.0,5.0,4.0,3.0,10.0,0.0,0.0,22.07511562603237,29.02359979611471,24407.0,0,0,0,49,UTAH
2971,490752,568.0,1433.4481709388845,0.39624732272529223,0.0,0.0,0.0,0.0,61.83479763119182,0.0,0.0,0.0,0.0,0.0,0.0,0.0,0.0,0.0,0.0,25.30502765189629,36.52976997929553,23848.0,0,0,0,49,UTAH
2928,490710,149.25,402.2836340399003,0.37100689009187166,222.75,8.75,160.5,53.5,249.8466822597454,8.0,0.75,160.25,0.25,4.0,5.5,11.0,33.0,0.0,0.0,17.589066720129523,9.50761553961588,48606.0,0,0,0,49,UTAH
3010,490791,124.5,285.0653383624729,0.4367419789272762,109.75,0.25,84.0,25.5,130.4388185002692,0.25,0.0,40.0,44.0,1.25,21.0,0.75,2.5,0.0,0.0,12.432065292772176,8.256753207497034,31799.0,0,0,0,49,UTAH
2924,490706,124.0,319.031012689348,0.3886769469673573,847.0,33.25,78.25,735.5,898.2742734481373,28.75,4.5,77.5,0.75,440.75,178.5,53.5,62.75,0.0,0.0,43.26776315955384,8.00651028858337,45835.0,0,0,0,49,UTAH
2922,490704,287.0,785.5059936413077,0.365369586385429,44.5,6.0,16.5,22.0,77.28659282282351,6.0,0.0,15.5,1.0,8.75,2.0,1.0,10.25,0.0,0.0,14.77194467351092,18.01464814931258,64980.0,0,0,0,49,UTAH
2912,490694,135.75,328.0496601410374,0.4138092993043718,44.75,3.5,1.0,40.25,61.80386796589469,2.5,1.0,1.0,0.0,7.0,7.25,4.5,21.5,0.0,0.0,8.046543891238397,9.007324074656289,63356.0,0,0,0,49,UTAH
2821,490603,157.5,438.6979186252433,0.35901697572115454,143.5,10.5,2.25,130.75,166.91893023319383,9.5,1.0,2.25,0.0,7.75,23.75,12.0,87.25,0.0,0.0,13.410792372464613,10.00813786072921,76529.0,0,0,0,49,UTAH
2819,490601,2.0,6.203254583822155,0.32241140081787417,121.5,2.75,58.75,60.0,127.00286385633623,2.75,0.0,58.75,0.0,1.75,36.25,3.25,18.75,0.0,0.0,5.502863856336231,0.0,76529.0,1104,0,0,49,UTAH
2887,490669,626.25,1590.4811734491373,0.39374876638238127,1264.5,653.75,17.5,593.25,1389.0135221187256,462.0,191.75,17.25,0.25,37.0,50.25,68.5,437.5,0.0,0.0,84.23059418162744,40.282927937098336,52442.0,0,0,0,49,UTAH
2932,490714,589.0,1475.8867171864747,0.3990821200171973,42.0,0.0,0.0,42.0,108.148978112872,0.0,0.0,0.0,0.0,1.0,7.75,0.0,33.25,0.0,0.0,28.11805424210099,38.030923870771005,50017.0,0,0,0,49,UTAH
2274,490058,0.0,0.0,0.0,850.0,0.0,771.0,79.0,889.900907236735,0.0,0.0,771.0,0.0,78.0,1.0,0.0,0.0,2.023972045315192,0.0,37.87693519141972,0.0,81720.0,0,0,0,49,UTAH
2278,490062,0.0,0.0,0.0,0.0,0.0,0.0,0.0,6.071916135945576,0.0,0.0,0.0,0.0,0.0,0.0,0.0,0.0,6.071916135945576,0.0,0.0,0.0,81720.0,0,0,0,49,UTAH
2279,490063,0.0,0.0,0.0,0.0,0.0,0.0,0.0,4.047944090630384,0.0,0.0,0.0,0.0,0.0,0.0,0.0,0.0,4.047944090630384,0.0,0.0,0.0,81720.0,0,0,0,49,UTAH
2248,490032,0.0,0.0,0.0,0.0,0.0,0.0,0.0,1.011986022657596,0.0,0.0,0.0,0.0,0.0,0.0,0.0,0.0,1.011986022657596,0.0,0.0,0.0,81720.0,0,0,0,49,UTAH
2244,490028,0.0,0.0,0.0,0.0,0.0,0.0,0.0,5.059930113287981,0.0,0.0,0.0,0.0,0.0,0.0,0.0,0.0,5.059930113287981,0.0,0.0,0.0,66402.0,0,0,0,49,UTAH
2262,490046,0.0,0.0,0.0,0.0,0.0,0.0,0.0,1.011986022657596,0.0,0.0,0.0,0.0,0.0,0.0,0.0,0.0,1.011986022657596,0.0,0.0,0.0,66402.0,0,0,0,49,UTAH
2259,490043,0.0,0.0,0.0,217.74999980455672,2.9999999973073255,11.24999998990247,203.49999981734692,228.46471374714733,0.0,2.9999999973073255,4.249999996185378,6.999999993717093,114.24999989745399,76.74999993111241,3.249999997082936,9.249999991697587,1.0119860217492798,0.0,9.702727920841319,0.0,66402.0,0,0,0,49,UTAH
2258,490042,1.0,1.8406509167644312,0.5432860684729072,131.0,1.0,1.25,128.75,137.89405125238395,0.0,1.0,1.0,0.25,105.75,20.0,3.0,0.0,1.011986022657596,0.0,5.882065229726356,0.0,66402.0,0,0,0,49,UTAH
2237,490021,3.0,8.884556417351018,0.3376645787448854,0.0,0.0,0.0,0.0,0.1336833006755989,0.0,0.0,0.0,0.0,0.0,0.0,0.0,0.0,0.0,0.0,0.1336833006755989,0.0,66402.0,0,0,0,49,UTAH
2299,490083,0.0,0.0,0.0,0.0,0.0,0.0,0.0,0.0,0.0,0.0,0.0,0.0,0.0,0.0,0.0,0.0,0.0,0.0,0.0,0.0,66402.0,0,0,0,49,UTAH
2307,490091,735.75,2018.4197344225472,0.36451783910569613,0.0,0.0,0.0,0.0,80.51834266714434,0.0,0.0,0.0,0.0,0.0,0.0,0.0,0.0,0.0,0.0,32.98293854041363,47.53540412673072,66402.0,0,0,0,49,UTAH
2269,490053,7.0,18.769112834702035,0.3729531630849257,43.0,0.0,0.0,43.0,46.24004103391758,0.0,0.0,0.0,0.0,0.0,43.0,0.0,0.0,1.011986022657596,0.0,2.2280550112599835,0.0,66402.0,0,0,0,49,UTAH
2265,490049,0.0,0.0,0.0,0.0,0.0,0.0,0.0,0.0,0.0,0.0,0.0,0.0,0.0,0.0,0.0,0.0,0.0,0.0,0.0,0.0,66402.0,0,0,0,49,UTAH
2257,490041,27.0,93.41142242439004,0.28904388027978695,0.0,0.0,0.0,0.0,3.204777278226233,0.0,0.0,0.0,0.0,0.0,0.0,0.0,0.0,0.0,0.0,1.203149706080391,2.0016275721458423,66402.0,0,0,0,49,UTAH
2234,490018,0.0,0.0,0.0,0.0,0.0,0.0,0.0,2.023972045315192,0.0,0.0,0.0,0.0,0.0,0.0,0.0,0.0,2.023972045315192,0.0,0.0,0.0,66402.0,0,0,0,49,UTAH
2243,490027,1.0,1.8406509167644312,0.5432860684729072,48.0,0.0,0.0,48.0,50.18349391103478,0.0,0.0,0.0,0.0,38.75,8.25,1.0,0.0,0.0,0.0,2.1834939110347835,0.0,66402.0,0,0,0,49,UTAH
2233,490017,0.8463357684629779,1.5578087081119096,0.5432860684729071,0.0,0.0,0.0,0.0,1.7506735893220686,0.0,0.0,0.0,0.0,0.0,0.0,0.0,0.0,1.7129599363194181,0.0,0.03771365300265008,0.0,66402.0,0,0,0,49,UTAH
2232,490016,1.1536642744577978,3.804795058885107,0.30321324975538844,0.0,0.0,0.0,0.0,0.36242072002219605,0.0,0.0,0.0,0.0,0.0,0.0,0.0,0.0,0.3110121706618499,0.0,0.05140854936034611,0.0,81720.0,0,0,0,49,UTAH
2240,490024,0.0,0.0,0.0,0.0,0.0,0.0,0.0,0.0,0.0,0.0,0.0,0.0,0.0,0.0,0.0,0.0,0.0,0.0,0.0,0.0,81720.0,0,0,0,49,UTAH
2287,490071,0.0,0.0,0.0,436.5,45.25,65.5,325.75,457.60379183514567,29.75,15.5,0.0,65.5,191.25,29.5,25.25,79.75,2.023972045315192,0.0,19.079819789830456,0.0,81720.0,0,0,0,49,UTAH
2350,490134,2.856036785398053,7.879721365408364,0.36245403269409127,0.0,0.0,0.0,0.0,2.1531945121885565,0.0,0.0,0.0,0.0,0.0,0.0,0.0,0.0,1.8361369879333536,0.0,0.13022384569003523,0.18683367856516764,81720.0,0,0,0,49,UTAH
2348,490132,627.25,1901.0524227744215,0.32994881807866344,0.0,0.0,0.0,0.0,70.38953451643812,0.0,0.0,0.0,0.0,0.0,0.0,0.0,0.0,2.023972045315192,0.0,28.079899858020816,40.28566261310212,62109.0,0,0,0,49,UTAH
2359,490143,607.5,1590.6551840607506,0.38191809644697844,0.0,0.0,0.0,0.0,459.7634608772488,0.0,0.0,0.0,0.0,0.0,0.0,0.0,0.0,1.011986022657596,0.0,419.7270998670994,39.02437498749173,74211.0,0,0,0,49,UTAH
2376,490158,135.13403109158108,412.4638955061145,0.32762632696799954,64.10976564553242,0.8193172917879414,0.8159096257229705,62.47453872802151,82.89680848039552,0.2723875387793085,0.546929753008633,0.5414493828422879,0.27446024288068255,51.24619935471008,9.477706238272665,1.7355855374666347,0.015047597572122574,1.095878414825954,0.0,8.971917439957535,8.719246980079614,79647.0,0,0,0,49,UTAH
2340,490124,0.0,0.0,0.0,0.0,0.0,0.0,0.0,2.023972045315192,0.0,0.0,0.0,0.0,0.0,0.0,0.0,0.0,2.023972045315192,0.0,0.0,0.0,81720.0,0,0,0,49,UTAH
2361,490145,0.0,0.0,0.0,0.0,0.0,0.0,0.0,3.035958067972788,0.0,0.0,0.0,0.0,0.0,0.0,0.0,0.0,3.035958067972788,0.0,0.0,0.0,81720.0,0,0,0,49,UTAH
2362,490146,71.03320922829214,194.21647867354892,0.36574244221412927,0.0,0.0,0.0,0.0,11.789442787946292,0.0,0.0,0.0,0.0,0.0,0.0,0.0,0.0,3.991235342172711,0.0,3.2323873497070306,4.565820096066552,81720.0,0,0,0,49,UTAH
2338,490122,0.0,0.0,0.0,0.0,0.0,0.0,0.0,0.0,0.0,0.0,0.0,0.0,0.0,0.0,0.0,0.0,0.0,0.0,0.0,0.0,81720.0,0,0,0,49,UTAH
2286,490070,0.0,0.0,0.0,0.0,0.0,0.0,0.0,4.047944090630384,0.0,0.0,0.0,0.0,0.0,0.0,0.0,0.0,4.047944090630384,0.0,0.0,0.0,81720.0,0,0,0,49,UTAH
2293,490077,0.0,0.0,0.0,1763.25,87.25,248.0,1428.0,1847.4603759028785,60.5,26.75,0.0,248.0,942.25,64.0,137.0,284.75,3.035958067972788,0.0,81.1744178349057,0.0,81720.0,0,0,0,49,UTAH
2303,490087,22.59005695401748,62.52610668292229,0.3612899979295766,4.03346934381769,0.0,0.0,4.03346934381769,6.58218222703237,0.0,0.0,0.0,0.0,0.0,4.03346934381769,0.0,0.0,0.0,0.0,1.3846757449800515,1.164037138234627,66402.0,46,0,0,49,UTAH
2304,490088,161.9546396629828,568.0505204042961,0.28510604927835564,3.3161109364873322,1.2799024667144088,0.0,2.036208469772923,21.387094255250148,1.2799024667144088,0.0,0.0,0.0,0.5235964636558945,1.5126120061170287,0.0,0.0,0.0,0.0,7.364148656204472,10.706834662558345,66402.0,0,0,0,49,UTAH
2261,490045,0.0,0.0,0.0,2.0,0.0,0.25,1.75,4.113094245765591,0.0,0.0,0.0,0.25,1.75,0.0,0.0,0.0,2.023972045315192,0.0,0.0891222004503992,0.0,66402.0,0,0,0,49,UTAH
2260,490044,0.0,0.0,0.0,0.0,0.0,0.0,0.0,4.047944090630384,0.0,0.0,0.0,0.0,0.0,0.0,0.0,0.0,4.047944090630384,0.0,0.0,0.0,66402.0,0,0,0,49,UTAH
2249,490033,0.14594160965249545,0.5139994534978365,0.28393339459671185,0.802678853088725,0.0,0.0,0.802678853088725,5.040585386591159,0.0,0.0,0.0,0.0,0.7114653470559154,0.09121350603280966,0.0,0.0,4.195634961986547,0.0,0.042271571515886806,0.0,81720.0,0,0,0,49,UTAH
2329,490113,0.0,0.0,0.0,0.0,0.0,0.0,0.0,0.0,0.0,0.0,0.0,0.0,0.0,0.0,0.0,0.0,0.0,0.0,0.0,0.0,81720.0,0,0,0,49,UTAH
2333,490117,0.056626707393240536,0.19943658784367704,0.28393339459671185,0.0,0.0,0.0,0.0,0.002523348383573243,0.0,0.0,0.0,0.0,0.0,0.0,0.0,0.0,0.0,0.0,0.002523348383573243,0.0,81720.0,0,0,0,49,UTAH
2330,490114,0.0,0.0,0.0,0.0,0.0,0.0,0.0,0.0,0.0,0.0,0.0,0.0,0.0,0.0,0.0,0.0,0.0,0.0,0.0,0.0,81720.0,0,0,0,49,UTAH
2331,490115,0.0,0.0,0.0,0.0,0.0,0.0,0.0,1.417106892635702,0.0,0.0,0.0,0.0,0.0,0.0,0.0,0.0,1.417106892635702,0.0,0.0,0.0,81720.0,0,0,0,49,UTAH
2326,490110,8.350951673487678,24.792350816785582,0.3368358142074084,0.04349453996608166,0.014498179988693885,0.0,0.02899635997738777,4.5695837181702545,0.014498179988693885,0.0,0.0,0.0,0.014498179988693885,0.0,0.0,0.014498179988693885,3.6007076471870922,0.0,0.38851074592300405,0.5368707850940765,81720.0,0,0,0,49,UTAH
2280,490064,0.0,0.0,0.0,239.0,11.0,81.75,146.25,250.45889766015927,11.0,0.0,0.0,81.75,117.5,2.25,11.5,15.0,1.011986022657596,0.0,10.446911637501673,0.0,81720.0,0,0,0,49,UTAH
2277,490061,0.0,0.0,0.0,0.0,0.0,0.0,0.0,4.047944090630384,0.0,0.0,0.0,0.0,0.0,0.0,0.0,0.0,4.047944090630384,0.0,0.0,0.0,81720.0,0,0,0,49,UTAH
2263,490047,0.5710664496090097,1.291222165996659,0.44226815853042545,117.49692200705374,1.4276661240225241,14.847727689834251,101.22152819319696,124.57484957449043,0.0,1.4276661240225241,14.847727689834251,0.0,96.22469675911813,2.9980988604473007,1.9987325736315338,0.0,1.8268017570718929,0.0,5.2511258103647895,0.0,81720.0,0,0,0,49,UTAH
2254,490038,0.0,0.0,0.0,41.64562812424519,0.0,5.132383747706274,36.51324437653892,49.32799049479246,0.0,0.0,5.132383747706274,0.0,31.96741877142765,3.5193488555700165,1.0264767495412548,0.0,5.8287100159768155,0.0,1.8536523545704542,0.0,81720.0,0,0,0,49,UTAH
2231,490015,0.0,0.0,0.0,0.0,0.0,0.0,0.0,0.0,0.0,0.0,0.0,0.0,0.0,0.0,0.0,0.0,0.0,0.0,0.0,0.0,81720.0,0,0,0,49,UTAH
2247,490031,0.0,0.0,0.0,0.00007360086633904435,0.0,9.070529302347015e-6,0.00006453033703669733,3.0360380919966867,0.0,0.0,9.070529302347015e-6,0.0,0.00005649643965461855,6.219791521609382e-6,1.814105860469403e-6,0.0,3.035961215146161,0.0,3.2759841868819833e-6,0.0,81720.0,0,0,0,49,UTAH
2239,490023,2.0,6.203254583822155,0.32241140081787417,0.0,0.0,0.0,0.0,0.0891222004503992,0.0,0.0,0.0,0.0,0.0,0.0,0.0,0.0,0.0,0.0,0.0891222004503992,0.0,81720.0,0,0,0,49,UTAH
2238,490022,9.0,31.277175712323416,0.28774976624420534,34.0,0.0,1.0,33.0,36.916941095756506,0.0,0.0,1.0,0.0,29.0,3.0,1.0,0.0,0.0,0.0,1.9161273096835856,1.0008137860729212,81720.0,0,0,0,49,UTAH
2285,490069,0.0,0.0,0.0,0.0,0.0,0.0,0.0,0.0,0.0,0.0,0.0,0.0,0.0,0.0,0.0,0.0,0.0,0.0,0.0,0.0,81720.0,0,0,0,49,UTAH
2323,490107,0.0,0.0,0.0,0.0,0.0,0.0,0.0,1.011986022657596,0.0,0.0,0.0,0.0,0.0,0.0,0.0,0.0,1.011986022657596,0.0,0.0,0.0,81720.0,0,0,0,49,UTAH
2388,490170,9.387006098773838,32.38919568695409,0.28981905538811487,2.037177647415771,0.0,0.0,2.037177647415771,3.0887637236806236,0.0,0.0,0.0,0.0,0.873076134606759,1.164101512809012,0.0,0.0,0.0,0.0,0.5054522001830729,0.5461338760817792,81720.0,0,0,0,49,UTAH
2392,490174,0.0,0.0,0.0,0.0,0.0,0.0,0.0,4.047944090630384,0.0,0.0,0.0,0.0,0.0,0.0,0.0,0.0,4.047944090630384,0.0,0.0,0.0,81720.0,0,0,0,49,UTAH
2401,490183,0.0,0.0,0.0,0.0,0.0,0.0,0.0,4.047944090630384,0.0,0.0,0.0,0.0,0.0,0.0,0.0,0.0,4.047944090630384,0.0,0.0,0.0,81720.0,0,0,0,49,UTAH
2335,490119,0.0,0.0,0.0,0.0,0.0,0.0,0.0,2.023972045315192,0.0,0.0,0.0,0.0,0.0,0.0,0.0,0.0,2.023972045315192,0.0,0.0,0.0,81720.0,0,0,0,49,UTAH
2334,490118,0.0,0.0,0.0,0.0,0.0,0.0,0.0,0.0,0.0,0.0,0.0,0.0,0.0,0.0,0.0,0.0,0.0,0.0,0.0,0.0,81720.0,0,0,0,49,UTAH
2291,490075,0.0,0.0,0.0,0.0,0.0,0.0,0.0,0.0,0.0,0.0,0.0,0.0,0.0,0.0,0.0,0.0,0.0,0.0,0.0,0.0,81720.0,0,0,0,49,UTAH
2284,490068,0.0,0.0,0.0,0.0,0.0,0.0,0.0,1.011986022657596,0.0,0.0,0.0,0.0,0.0,0.0,0.0,0.0,1.011986022657596,0.0,0.0,0.0,81720.0,0,0,0,49,UTAH
3173,490954,0.0,0.0,0.0,0.0,0.0,0.0,0.0,0.0,0.0,0.0,0.0,0.0,0.0,0.0,0.0,0.0,0.0,0.0,0.0,0.0,51304.0,0,0,0,49,UTAH
3071,490852,37.249999943186246,137.49771509821724,0.27091359239371987,1167.2499982197087,425.4999993510268,65.9999998993367,675.7499989693451,1222.9245676392186,285.9999995637924,139.4999997872344,13.249999979791081,52.74999991954562,32.24999995081225,163.49999975062957,19.49999997025857,460.49999929764476,0.0,0.0,53.672941850416656,2.0016275690929572,73772.0,692,0,0,49,UTAH
2481,490263,738.25,2640.2497972734704,0.2796136944172385,0.0,0.0,0.0,0.0,80.6268088081852,0.0,0.0,0.0,0.0,0.0,0.0,0.0,0.0,0.0,0.0,32.8376620592782,47.789146748907,96415.0,0,0,0,49,UTAH
2488,490270,331.2499991580994,1083.0418299163625,0.3058515285450055,0.0,0.0,0.0,0.0,36.630949853661974,0.0,0.0,0.0,0.0,0.0,0.0,0.0,0.0,0.0,0.0,15.362632893064276,21.268316960597694,96415.0,0,0,0,49,UTAH
2489,490271,149.75,441.7619227871842,0.3389834937678435,0.0,0.0,0.0,0.0,16.38125445798105,0.0,0.0,0.0,0.0,0.0,0.0,0.0,0.0,0.0,0.0,6.621646277648745,9.759608180332304,96415.0,0,0,0,49,UTAH
2469,490251,476.25,1474.7166716215982,0.3229433891706911,249.0,53.25,45.75,150.0,313.44030332273064,44.75,8.5,0.0,45.75,0.0,16.25,27.5,106.25,1.011986022657596,0.0,32.65821726598023,30.77010003409282,70166.0,0,0,0,49,UTAH
2462,490244,112.75,354.5238853706346,0.3180321683604654,0.0,0.0,0.0,0.0,13.349120707772956,0.0,0.0,0.0,0.0,0.0,0.0,0.0,0.0,0.0,0.0,6.091722840491556,7.2573978672814,96951.0,0,0,0,49,UTAH
2433,490215,1487.5,4753.698127747082,0.31291427432413976,0.0,0.0,0.0,0.0,163.03135435988202,0.0,0.0,0.0,0.0,0.0,0.0,0.0,0.0,0.0,0.0,67.22479743378298,95.80655692609902,91516.0,0,0,0,49,UTAH
2464,490246,410.25,1277.8279929379096,0.3210526004026383,174.75,65.25,0.0,109.5,226.61315416674975,59.75,5.5,0.0,0.0,0.0,3.75,23.0,82.75,0.0,0.0,25.589639176167672,26.27351499058209,70166.0,0,0,0,49,UTAH
2559,490341,277.75,922.0986762017282,0.30121505123952313,0.0,0.0,0.0,0.0,62.389063248445446,0.0,0.0,0.0,0.0,0.0,0.0,0.0,0.0,0.0,0.0,44.62471881564645,17.764344432798993,93988.0,0,0,0,49,UTAH
2346,490130,104.0,374.690263460965,0.2775625900693698,152.0,0.0,0.0,152.0,170.41333816016157,0.0,0.0,0.0,0.0,0.0,152.0,0.0,0.0,0.0,0.0,11.407641657651114,7.005696502510448,74211.0,0,611,1379,49,UTAH
2399,490181,0.0,0.0,0.0,0.0,0.0,0.0,0.0,14.167804317206349,0.0,0.0,0.0,0.0,0.0,0.0,0.0,0.0,14.167804317206349,0.0,0.0,0.0,81720.0,0,0,0,49,UTAH
2396,490178,0.0,0.0,0.0,0.0,0.0,0.0,0.0,13.15581829454875,0.0,0.0,0.0,0.0,0.0,0.0,0.0,0.0,13.15581829454875,0.0,0.0,0.0,81720.0,0,0,0,49,UTAH
2400,490182,0.0,0.0,0.0,0.0,0.0,0.0,0.0,13.15581829454875,0.0,0.0,0.0,0.0,0.0,0.0,0.0,0.0,13.15581829454875,0.0,0.0,0.0,81720.0,0,0,0,49,UTAH
2327,490111,5.0,13.40650916764431,0.3729531630849257,0.0,0.0,0.0,0.0,0.2228055011259982,0.0,0.0,0.0,0.0,0.0,0.0,0.0,0.0,0.0,0.0,0.2228055011259982,0.0,81720.0,0,0,0,49,UTAH
2322,490106,2.0,4.521952750293293,0.4422867974173946,0.0,0.0,0.0,0.0,0.0891222004503992,0.0,0.0,0.0,0.0,0.0,0.0,0.0,0.0,0.0,0.0,0.0891222004503992,0.0,81720.0,0,0,0,49,UTAH
2272,490056,60.75,189.88138107286824,0.31993658175830725,229.5,3.5,0.5,225.5,247.05637645825772,0.0,3.5,0.5,0.0,200.75,14.0,10.75,0.0,1.011986022657596,0.0,12.53972548589413,4.004664949706011,81720.0,0,0,0,49,UTAH
2289,490073,0.0,0.0,0.0,0.0,0.0,0.0,0.0,1.011986022657596,0.0,0.0,0.0,0.0,0.0,0.0,0.0,0.0,1.011986022657596,0.0,0.0,0.0,81720.0,0,0,0,49,UTAH
2283,490067,0.0,0.0,0.0,0.0,0.0,0.0,0.0,1.0119860176188291,0.0,0.0,0.0,0.0,0.0,0.0,0.0,0.0,1.0119860176188291,0.0,0.0,0.0,81720.0,0,0,0,49,UTAH
2282,490066,0.0,0.0,0.0,229.25,2.25,0.5,226.5,239.2707300958044,0.0,2.25,0.5,0.0,210.25,10.25,6.0,0.0,0.0,0.0,10.020730095804424,0.0,81720.0,0,0,0,49,UTAH
2228,490012,4.499999991063377,16.26896563852522,0.2766002517337237,0.0,0.0,0.0,0.0,13.84526048438332,0.0,0.0,0.0,0.0,0.0,0.0,0.0,0.0,12.143832247774522,0.0,1.7014282366087996,0.0,81720.0,0,0,0,49,UTAH
2455,490237,33.75806870384672,107.69890556913023,0.313448577081203,0.0,0.0,0.0,0.0,65.15226780838421,0.0,0.0,0.0,0.0,0.0,0.0,0.0,0.0,1.011986014315784,0.0,62.11945628976736,2.0208255043010537,96951.0,0,0,0,49,UTAH
2619,490401,14.25,31.909333760882504,0.4465777977937291,250.25,48.75,81.25,120.25,262.75851838292976,48.5,0.25,79.5,1.75,17.5,10.0,10.75,82.0,0.0,0.0,11.757789626188728,0.750728756741,96918.0,0,0,0,49,UTAH
3485,491266,170.25,547.0733603176861,0.31120140798143714,177.0,47.25,2.5,127.25,203.4808669409613,14.25,33.0,2.0,0.5,114.25,11.0,1.0,1.0,0.0,0.0,15.471915294159183,11.008951646802132,84614.0,0,0,0,49,UTAH
3561,491336,0.0,0.0,0.0,0.0,0.0,0.0,0.0,0.0,0.0,0.0,0.0,0.0,0.0,0.0,0.0,0.0,0.0,0.0,0.0,0.0,67754.0,0,0,0,49,UTAH
3514,491295,0.9999999994942917,3.3120897546611503,0.3019241849007799,0.0,0.0,0.0,0.0,102.25514933693113,0.0,0.0,0.0,0.0,0.0,0.0,0.0,0.0,102.21058823672846,0.0,0.04456110020266468,0.0,67754.0,0,0,0,49,UTAH
2217,490001,0.9999999985451298,2.6810412801531993,0.3729894074916997,0.0,0.0,0.0,0.0,1424.9208789290456,0.0,0.0,0.0,0.0,0.0,0.0,0.0,0.0,1424.8763178288852,0.0,0.04456110016036898,0.0,81720.0,0,0,0,49,UTAH
3553,491339,0.0,0.0,0.0,0.0,0.0,0.0,0.0,1.0119860228631046,0.0,0.0,0.0,0.0,0.0,0.0,0.0,0.0,1.0119860228631046,0.0,0.0,0.0,81720.0,0,0,0,49,UTAH
3554,491340,0.0,0.0,0.0,0.0,0.0,0.0,0.0,0.0,0.0,0.0,0.0,0.0,0.0,0.0,0.0,0.0,0.0,0.0,0.0,0.0,87096.0,0,0,0,49,UTAH
2219,490003,0.0,0.0,0.0,0.0,0.0,0.0,0.0,0.0,0.0,0.0,0.0,0.0,0.0,0.0,0.0,0.0,0.0,0.0,0.0,0.0,81720.0,0,0,0,49,UTAH
2528,490310,96.0,225.46048481644527,0.4257952344871285,554.0,144.75,7.5,401.75,588.9353806901449,60.25,84.5,7.5,0.0,21.5,83.0,25.75,271.5,0.0,0.0,28.93049797370737,6.004882716437527,107045.0,0,290,214,49,UTAH
2529,490311,3.0,8.884556417351018,0.3376645787448854,1396.75,225.25,71.0,1100.5,1459.1143969541304,196.25,29.0,67.25,3.75,1.5,259.0,310.5,529.5,0.0,0.0,62.36439695413039,0.0,85040.0,0,0,0,49,UTAH
2524,490306,384.25,890.7421761659846,0.4313818412123749,59.75,15.25,2.75,41.75,104.61681042929146,12.5,2.75,2.75,0.0,0.0,5.5,8.0,28.25,0.0,0.0,19.84646577746843,25.02034465182303,107045.0,0,0,0,49,UTAH
2218,490002,0.0,0.0,0.0,0.0,0.0,0.0,0.0,3.035958069116281,0.0,0.0,0.0,0.0,0.0,0.0,0.0,0.0,3.035958069116281,0.0,0.0,0.0,81720.0,0,0,0,49,UTAH
3550,491338,0.0,0.0,0.0,0.0,0.0,0.0,0.0,0.0,0.0,0.0,0.0,0.0,0.0,0.0,0.0,0.0,0.0,0.0,0.0,0.0,81720.0,0,0,0,49,UTAH
3562,491346,1.0000000000322393,6.000000000193436,0.16666666666666666,0.0,0.0,0.0,0.0,0.0,0.0,0.0,0.0,0.0,0.0,0.0,0.0,0.0,0.0,0.0,0.0,0.0,67754.0,0,0,0,49,UTAH
3492,491273,45.49999988413538,148.26176979660343,0.3068896314036698,0.0,0.0,0.0,0.0,4.770358199822911,0.0,0.0,0.0,0.0,0.0,0.0,0.0,0.0,0.0,0.0,2.0180383494156713,2.7523198504072397,67754.0,0,0,0,49,UTAH
2421,490203,0.0,0.0,0.0,0.0,0.0,0.0,0.0,16.19177659447118,0.0,0.0,0.0,0.0,0.0,0.0,0.0,0.0,16.19177659447118,0.0,0.0,0.0,87096.0,0,0,0,49,UTAH
2420,490202,0.0,0.0,0.0,0.0,0.0,0.0,0.0,23.275678403248886,0.0,0.0,0.0,0.0,0.0,0.0,0.0,0.0,23.275678403248886,0.0,0.0,0.0,87096.0,0,0,0,49,UTAH
2390,490172,7.0,20.4504146682309,0.342291347806961,0.0,0.0,0.0,0.0,0.3119277015763976,0.0,0.0,0.0,0.0,0.0,0.0,0.0,0.0,0.0,0.0,0.3119277015763976,0.0,81720.0,0,0,0,49,UTAH
2394,490176,0.0,0.0,0.0,0.0,0.0,0.0,0.0,11.131846216744671,0.0,0.0,0.0,0.0,0.0,0.0,0.0,0.0,11.131846216744671,0.0,0.0,0.0,81720.0,0,0,0,49,UTAH
2931,490713,189.0,484.0684717843153,0.3904406318869122,6024.0,9.5,3.5,6011.0,6312.867881132041,7.5,2.0,3.5,0.0,4.0,5943.5,7.5,56.0,0.0,0.0,276.8581156991655,12.009765432875056,50017.0,0,0,606,49,UTAH
2502,490284,2685.499903712848,8813.625747004266,0.3046986541975242,0.0,0.0,0.0,0.0,821.5781315826829,0.0,0.0,0.0,0.0,0.0,0.0,0.0,0.0,4.047943945493535,0.0,644.112150864252,173.4180367729373,87096.0,0,0,0,49,UTAH
2563,490345,149.9999884293343,425.12818954458703,0.35283472636810986,0.0,0.0,0.0,0.0,16.38624038473793,0.0,0.0,0.0,0.0,0.0,0.0,0.0,0.0,0.0,0.0,6.628030416485523,9.75820996825241,83312.0,0,0,0,49,UTAH
2413,490195,0.0,0.0,0.0,0.0,0.0,0.0,0.0,4.047944090630384,0.0,0.0,0.0,0.0,0.0,0.0,0.0,0.0,4.047944090630384,0.0,0.0,0.0,81720.0,0,0,0,49,UTAH
2412,490194,0.0,0.0,0.0,0.0,0.0,0.0,0.0,3.035958067972788,0.0,0.0,0.0,0.0,0.0,0.0,0.0,0.0,3.035958067972788,0.0,0.0,0.0,81720.0,0,0,0,49,UTAH
2406,490188,0.0,0.0,0.0,0.0,0.0,0.0,0.0,4.047944090630384,0.0,0.0,0.0,0.0,0.0,0.0,0.0,0.0,4.047944090630384,0.0,0.0,0.0,81720.0,0,0,0,49,UTAH
2414,490196,0.0,0.0,0.0,0.0,0.0,0.0,0.0,4.047944090630384,0.0,0.0,0.0,0.0,0.0,0.0,0.0,0.0,4.047944090630384,0.0,0.0,0.0,81720.0,0,0,0,49,UTAH
2415,490197,0.0,0.0,0.0,0.0,0.0,0.0,0.0,3.035958067972788,0.0,0.0,0.0,0.0,0.0,0.0,0.0,0.0,3.035958067972788,0.0,0.0,0.0,81720.0,0,0,0,49,UTAH
2408,490190,0.0,0.0,0.0,22.0,0.0,0.25,21.75,25.004316250269586,0.0,0.0,0.0,0.25,18.5,3.0,0.25,0.0,2.023972045315192,0.0,0.9803442049543928,0.0,81720.0,0,0,0,49,UTAH
2410,490192,0.0,0.0,0.0,1700.5,266.0,106.5,1328.0,1773.9337895959268,154.25,111.75,0.0,106.5,93.75,77.75,233.75,922.75,0.0,0.0,73.43378959592673,0.0,81720.0,0,0,0,49,UTAH
2411,490193,141.5,377.7380126380896,0.37459825399031527,0.0,0.0,0.0,0.0,18.15367355272784,0.0,0.0,0.0,0.0,0.0,0.0,0.0,0.0,3.035958067972788,0.0,6.109177075531413,9.008538409223638,95747.0,0,0,0,49,UTAH
2393,490175,0.0,0.0,0.0,0.0,0.0,0.0,0.0,0.0,0.0,0.0,0.0,0.0,0.0,0.0,0.0,0.0,0.0,0.0,0.0,0.0,81720.0,0,0,0,49,UTAH
2427,490209,0.0,0.0,0.0,0.0,0.0,0.0,0.0,0.0,0.0,0.0,0.0,0.0,0.0,0.0,0.0,0.0,0.0,0.0,0.0,0.0,91516.0,0,0,0,49,UTAH
2424,490206,1.0,3.100977128430115,0.32247899890388904,0.0,0.0,0.0,0.0,40.524002006529045,0.0,0.0,0.0,0.0,0.0,0.0,0.0,0.0,40.47944090630384,0.0,0.0445611002251996,0.0,91516.0,0,0,0,49,UTAH
2430,490212,0.0,0.0,0.0,38.0,0.25,2.75,35.0,39.69332180855759,0.25,0.0,2.25,0.5,34.0,1.0,0.0,0.0,0.0,0.0,1.6933218085575872,0.0,91516.0,0,0,0,49,UTAH
3163,490944,0.0,0.0,0.0,221.75,8.5,165.0,48.25,231.63173581532115,8.5,0.0,165.0,0.0,6.0,10.5,3.5,28.25,0.0,0.0,9.881735815321145,0.0,51304.0,0,0,0,49,UTAH
3383,491164,4.0,10.72520733411545,0.37295316308492565,183.75,56.75,2.5,124.5,192.9931287029119,50.75,6.0,2.5,0.0,0.0,6.25,16.0,102.25,1.011986022657596,0.0,8.231142680254303,0.0,75589.0,0,0,0,49,UTAH
3393,491174,19.5,58.16541910516561,0.33525074348287853,0.0,0.0,0.0,0.0,80.86469064031209,0.0,0.0,0.0,0.0,0.0,0.0,0.0,0.0,0.0,0.0,79.36341533072576,1.5012753095863296,75589.0,0,0,0,49,UTAH
2419,490201,334.49999993981396,1234.4130779408106,0.27097898257673275,0.0,0.0,0.0,0.0,36.419034366525594,0.0,0.0,0.0,0.0,0.0,0.0,0.0,0.0,0.0,0.0,14.901483339352456,21.51755102717314,102760.0,0,0,0,49,UTAH
2225,490009,0.0,0.0,0.0,0.0,0.0,0.0,0.0,0.0,0.0,0.0,0.0,0.0,0.0,0.0,0.0,0.0,0.0,0.0,0.0,0.0,66402.0,0,0,0,49,UTAH
2220,490004,8.000000015161632,21.45041470888381,0.3729531630849257,0.0,0.0,0.0,0.0,1.3573025904468836,0.0,0.0,0.0,0.0,0.0,0.0,0.0,0.0,0.0,0.0,0.3564888024772163,1.0008137879696675,66402.0,0,0,0,49,UTAH
2942,490723,6.25,21.172000671670578,0.2952011997790497,0.0,0.0,0.0,0.0,0.278765600687956,0.0,0.0,0.0,0.0,0.0,0.0,0.0,0.0,0.0,0.0,0.278765600687956,0.0,55528.0,0,0,0,49,UTAH
3547,491328,5.0,25.0,0.2,0.0,0.0,0.0,0.0,0.0,0.0,0.0,0.0,0.0,0.0,0.0,0.0,0.0,0.0,0.0,0.0,0.0,87096.0,0,0,0,49,UTAH
3546,491327,0.0,0.0,0.0,0.0,0.0,0.0,0.0,0.0,0.0,0.0,0.0,0.0,0.0,0.0,0.0,0.0,0.0,0.0,0.0,0.0,87096.0,0,0,0,49,UTAH
3549,491330,0.0,0.0,0.0,0.0,0.0,0.0,0.0,0.0,0.0,0.0,0.0,0.0,0.0,0.0,0.0,0.0,0.0,0.0,0.0,0.0,109773.0,0,0,0,49,UTAH
3516,491297,1.99999999983763,4.521651212192989,0.4423162924297373,0.0,0.0,0.0,0.0,0.08912220044316382,0.0,0.0,0.0,0.0,0.0,0.0,0.0,0.0,0.0,0.0,0.08912220044316382,0.0,144534.0,0,0,0,49,UTAH
3531,491312,9.999999999835163,23.45049185477695,0.42643028819022943,0.0,0.0,0.0,0.0,1.446424788301075,0.0,0.0,0.0,0.0,0.0,0.0,0.0,0.0,0.0,0.0,0.4456110022446513,1.0008137860564241,101715.0,0,0,0,49,UTAH
3538,491319,5.000000000051208,19.00000000019459,0.2631578947368421,0.0,0.0,0.0,0.0,0.0,0.0,0.0,0.0,0.0,0.0,0.0,0.0,0.0,0.0,0.0,0.0,0.0,87096.0,0,0,0,49,UTAH
3537,491318,0.0,0.0,0.0,0.0,0.0,0.0,0.0,0.0,0.0,0.0,0.0,0.0,0.0,0.0,0.0,0.0,0.0,0.0,0.0,0.0,87096.0,0,0,0,49,UTAH
3530,491311,2.2499999999462683,4.141389178187767,0.5432959577420945,0.0,0.0,0.0,0.0,0.10004993228640083,0.0,0.0,0.0,0.0,0.0,0.0,0.0,0.0,0.0,0.0,0.10004993228640083,0.0,68752.0,0,0,0,49,UTAH
3520,491301,0.0,0.0,0.0,0.0,0.0,0.0,0.0,0.0,0.0,0.0,0.0,0.0,0.0,0.0,0.0,0.0,0.0,0.0,0.0,0.0,92729.0,0,0,0,49,UTAH
3518,491299,1.0,1.0,1.0,5.0,0.0,0.0,5.0,5.0,0.0,0.0,0.0,0.0,0.0,5.0,0.0,0.0,0.0,0.0,0.0,0.0,77419.0,0,0,0,49,UTAH
3519,491300,0.0,0.0,0.0,0.0,0.0,0.0,0.0,0.0,0.0,0.0,0.0,0.0,0.0,0.0,0.0,0.0,0.0,0.0,0.0,0.0,77419.0,0,0,0,49,UTAH
3517,491298,0.0,0.0,0.0,0.0,0.0,0.0,0.0,0.0,0.0,0.0,0.0,0.0,0.0,0.0,0.0,0.0,0.0,0.0,0.0,0.0,77419.0,0,0,0,49,UTAH
3521,491302,0.9999999999136254,4.362695347952146,0.22921609696698775,0.0,0.0,0.0,0.0,0.04456110022135065,0.0,0.0,0.0,0.0,0.0,0.0,0.0,0.0,0.0,0.0,0.04456110022135065,0.0,72466.0,0,0,0,49,UTAH
3524,491305,0.0,0.0,0.0,0.0,0.0,0.0,0.0,0.0,0.0,0.0,0.0,0.0,0.0,0.0,0.0,0.0,0.0,0.0,0.0,0.0,108155.0,0,0,0,49,UTAH
3534,491315,31.0,76.0,0.40789473684210525,0.0,0.0,0.0,0.0,0.0891222004503992,0.0,0.0,0.0,0.0,0.0,0.0,0.0,0.0,0.0,0.0,0.0891222004503992,0.0,88236.0,0,0,0,49,UTAH
3533,491314,54.0,166.0,0.3253012048192771,0.0,0.0,0.0,0.0,0.0,0.0,0.0,0.0,0.0,0.0,0.0,0.0,0.0,0.0,0.0,0.0,0.0,87096.0,0,0,0,49,UTAH
3532,491313,41.0,87.0,0.47126436781609193,2.0,2.0,0.0,0.0,2.0,2.0,0.0,0.0,0.0,0.0,0.0,0.0,0.0,0.0,0.0,0.0,0.0,87096.0,0,0,0,49,UTAH
3535,491316,0.0,0.0,0.0,0.0,0.0,0.0,0.0,0.0,0.0,0.0,0.0,0.0,0.0,0.0,0.0,0.0,0.0,0.0,0.0,0.0,87096.0,0,0,0,49,UTAH
3536,491317,0.0,0.0,0.0,0.0,0.0,0.0,0.0,0.0,0.0,0.0,0.0,0.0,0.0,0.0,0.0,0.0,0.0,0.0,0.0,0.0,87096.0,0,0,0,49,UTAH
3539,491320,0.0,0.0,0.0,0.0,0.0,0.0,0.0,0.0,0.0,0.0,0.0,0.0,0.0,0.0,0.0,0.0,0.0,0.0,0.0,0.0,103837.0,0,0,0,49,UTAH
3540,491321,65.0,247.0,0.2631578947368421,8.0,7.2,0.0,0.8,16.0,7.2,0.0,0.0,0.0,0.8,0.0,0.0,0.0,0.0,0.0,8.0,0.0,98256.0,0,0,0,49,UTAH
3542,491323,1.0,6.0,0.16666666666666666,0.0,0.0,0.0,0.0,0.0,0.0,0.0,0.0,0.0,0.0,0.0,0.0,0.0,0.0,0.0,0.0,0.0,87096.0,0,0,0,49,UTAH
3541,491322,0.0,0.0,0.0,0.0,0.0,0.0,0.0,0.0,0.0,0.0,0.0,0.0,0.0,0.0,0.0,0.0,0.0,0.0,0.0,0.0,95466.0,0,0,0,49,UTAH
3543,491324,0.0,0.0,0.0,0.0,0.0,0.0,0.0,0.0,0.0,0.0,0.0,0.0,0.0,0.0,0.0,0.0,0.0,0.0,0.0,0.0,87096.0,0,0,0,49,UTAH
3544,491325,36.5,105.4,0.3462998102466793,24.5,0.0,0.0,24.5,24.5,0.0,0.0,0.0,0.0,0.0,0.0,24.5,0.0,0.0,0.0,0.0,0.0,87096.0,0,0,0,49,UTAH
3545,491326,33.8,142.3,0.23752635277582568,0.0,0.0,0.0,0.0,0.0,0.0,0.0,0.0,0.0,0.0,0.0,0.0,0.0,0.0,0.0,0.0,0.0,87096.0,0,0,0,49,UTAH
3560,491335,273.4556126780632,876.2931329540215,0.3120595179791409,0.0,0.0,0.0,0.0,29.60650795733468,0.0,0.0,0.0,0.0,0.0,0.0,0.0,0.0,0.0,0.0,12.098540344234861,17.50796761309982,74183.0,0,0,0,49,UTAH
3559,491334,3.0,6.572746494412293,0.456430200457358,0.0,0.0,0.0,0.0,0.1336833006755989,0.0,0.0,0.0,0.0,0.0,0.0,0.0,0.0,0.0,0.0,0.1336833006755989,0.0,120577.0,0,0,0,49,UTAH
3551,491331,14.999999979716724,41.99999994320683,0.35714285714285715,0.0,0.0,0.0,0.0,0.0,0.0,0.0,0.0,0.0,0.0,0.0,0.0,0.0,0.0,0.0,0.0,0.0,109773.0,0,0,0,49,UTAH
3555,491332,5.0,9.0,0.5555555555555556,0.0,0.0,0.0,0.0,0.0,0.0,0.0,0.0,0.0,0.0,0.0,0.0,0.0,0.0,0.0,0.0,0.0,109773.0,0,0,0,49,UTAH
3558,491333,0.0,0.0,0.0,0.0,0.0,0.0,0.0,0.0,0.0,0.0,0.0,0.0,0.0,0.0,0.0,0.0,0.0,0.0,0.0,0.0,109773.0,0,0,0,49,UTAH
3527,491308,4.0,10.0,0.4,42.0,0.0,0.0,42.0,42.0,0.0,0.0,0.0,0.0,0.0,10.5,0.0,31.5,0.0,0.0,0.0,0.0,77419.0,0,0,0,49,UTAH
3522,491303,0.0,0.0,0.0,0.0,0.0,0.0,0.0,0.0,0.0,0.0,0.0,0.0,0.0,0.0,0.0,0.0,0.0,0.0,0.0,0.0,77419.0,0,0,0,49,UTAH
3525,491306,18.0,95.0,0.18947368421052632,0.0,0.0,0.0,0.0,2.0,0.0,0.0,0.0,0.0,0.0,0.0,0.0,0.0,0.0,0.0,2.0,0.0,81813.0,0,0,0,49,UTAH
3528,491309,34.0,83.0,0.40963855421686746,0.0,0.0,0.0,0.0,0.0,0.0,0.0,0.0,0.0,0.0,0.0,0.0,0.0,0.0,0.0,0.0,0.0,77419.0,0,0,0,49,UTAH
3523,491304,32.0,103.0,0.3106796116504854,384.5,268.6,0.0,115.9,384.5,113.7,154.9,0.0,0.0,0.0,0.0,0.0,115.9,0.0,0.0,0.0,0.0,77419.0,0,0,0,49,UTAH
3526,491307,0.0,0.0,0.0,0.0,0.0,0.0,0.0,0.0,0.0,0.0,0.0,0.0,0.0,0.0,0.0,0.0,0.0,0.0,0.0,0.0,77419.0,0,0,0,49,UTAH
3548,491329,2.0,5.0,0.4,0.0,0.0,0.0,0.0,0.0,0.0,0.0,0.0,0.0,0.0,0.0,0.0,0.0,0.0,0.0,0.0,0.0,87096.0,0,0,0,49,UTAH
3529,491310,6.0,17.0,0.35294117647058826,37.0,0.0,0.0,37.0,37.0,0.0,0.0,0.0,0.0,0.0,0.0,0.0,37.0,0.0,0.0,0.0,0.0,77419.0,0,0,0,49,UTAH
3093,490874,22.655968397092785,65.04387526168485,0.34831824373844855,22.261951555404213,4.531193679418557,3.020795786279038,14.709962089706618,27.285826143433404,2.8894568390495143,1.6417368403690422,3.020795786279038,0.0,0.19700842084428508,2.823787365434753,3.611821048811893,8.077345254615688,0.0,0.0,3.577787065797522,1.4460875222316734,58032.0,0,0,0,49,UTAH
3096,490877,7.6386303589051305,21.561014151161125,0.35427973403068186,139.9204988854678,21.5175423609188,54.776962427712334,63.62599409683668,147.2370888198165,18.829828871971195,2.6877134889476033,36.24129267191729,18.53566975579504,6.689815162410756,4.5788073105151605,8.61310436606062,43.74426725785015,0.3669650460247065,0.0,6.615041012008024,0.3345838763159512,58032.0,0,0,0,49,UTAH
3105,490886,78.88776658662987,227.7080892042601,0.3464425302689422,27.665849527204376,4.811452091687718,3.0071575573048235,19.847239878211834,37.416270808173856,4.61097492120073,0.20047717048698824,2.806680386817835,0.20047717048698824,0.801908681947953,3.307873313035306,2.9069189720613293,12.830538911167247,0.0,0.0,4.733811722512365,5.016609558457113,58032.0,0,0,0,49,UTAH
3264,491045,20.56883624740535,60.36549022430797,0.3407383286539218,0.0,0.0,0.0,0.0,2.1768389167985407,0.0,0.0,0.0,0.0,0.0,0.0,0.0,0.0,0.0,0.0,0.9117603356534766,1.2650785811450638,72269.0,0,0,0,49,UTAH
3266,491047,1.5164111821194235,4.458280996880642,0.3401336037769763,13.414406611056439,3.8493514623031517,2.2162932661745423,7.348761882578745,14.664968637410498,3.382763406266406,0.4665880560367457,2.2162932661745423,0.0,0.0,1.8663522241469828,0.5832350700459321,4.899174588385829,0.47218059104816584,0.0,0.7783814353058932,0.0,69330.0,0,0,0,49,UTAH
3268,491049,0.48144355229825014,0.8861695159080983,0.5432860684729072,0.0,0.0,0.0,0.0,0.9958819456356395,0.0,0.0,0.0,0.0,0.0,0.0,0.0,0.0,0.9744282912489011,0.0,0.02145365438673845,0.0,69330.0,0,0,0,49,UTAH
3138,490919,0.0,0.0,0.0,0.0,0.0,0.0,0.0,0.9309596732054902,0.0,0.0,0.0,0.0,0.0,0.0,0.0,0.0,0.9309596732054902,0.0,0.0,0.0,51304.0,0,0,0,49,UTAH
3133,490914,0.0,0.0,0.0,0.0,0.0,0.0,0.0,1.0094189299120577,0.0,0.0,0.0,0.0,0.0,0.0,0.0,0.0,1.0094189299120577,0.0,0.0,0.0,51304.0,0,0,0,49,UTAH
3262,491043,56.901646272108984,170.69724569021983,0.33334835627854065,109.04461394139034,28.450823136054492,4.454933160093941,76.13885764524191,120.1788244630411,14.681029732127762,13.769793403926728,1.5187272136683891,2.9362059464255523,4.859927083738845,10.428593533856272,3.1387029082480042,57.71163411939879,0.0,0.0,7.384996463261685,3.74921405838907,69330.0,0,0,0,49,UTAH
2584,490366,403.050632503384,1120.2772737390994,0.35977756752856366,101.2371048031718,15.836702884529783,5.235273680836292,80.16512823780572,152.59734702566638,13.08818420209073,2.7485186824390535,0.0,5.235273680836292,3.206605129512229,3.206605129512229,37.563088660000396,36.18882931878087,0.0,0.0,25.358500138509932,26.001742083984638,83312.0,0,0,0,49,UTAH
2582,490364,532.5896604882688,1501.5885806668011,0.3546841440761124,28.36776296798349,2.6557054693431352,15.451377276178242,10.260680222462113,89.9937330444053,2.6557054693431352,0.0,0.6035694248507126,14.847807851327529,2.534991584372993,0.36214165491042755,3.37998877916399,3.983558204014703,0.0,0.0,27.31577371531423,34.310196361107586,83312.0,0,0,0,49,UTAH
2586,490368,199.98805664550605,563.8483140159494,0.3546841440761124,10.652129037101977,0.9972205907074191,5.802010709570438,3.852897736824119,33.79275475480528,0.9972205907074191,0.0,0.22664104334259524,5.575369666227843,0.9518923820389,0.13598462600555714,1.2691898427185333,1.4958308860611285,0.0,0.0,10.257105810289037,12.883519907414271,83312.0,0,0,0,49,UTAH
2585,490367,212.13726541134182,589.6348827186836,0.35977733276773094,53.288315934595644,8.336280897245699,2.7554969789820136,42.196538058367935,80.32263961531118,6.8894578492354706,1.446823048010229,0.000033134398251765955,2.755463844583762,1.6877202493094439,1.6880470749649272,19.7718757554607,19.04889497863286,0.0,0.0,13.348851188960628,13.685472491754892,83312.0,0,0,0,49,UTAH
2580,490362,308.28125955743786,856.8662623273827,0.35977756752856366,77.433204827952,12.113015881295658,4.004302770676251,61.31588617598009,116.71710339221687,10.010756926690627,2.1022589546050314,0.0,4.004302770676251,2.4526354470392038,2.4526354470392038,28.7308723796021,27.679742902299584,0.0,0.0,19.395951110737105,19.887947453527744,83312.0,0,0,0,49,UTAH
2567,490349,119.312303810262,339.3458461716335,0.35159500302212776,0.0024692968909022935,0.00013718316060568297,0.0008916905439369393,0.0014404231863596713,13.49200836502221,0.00013718316060568297,0.0,0.0,0.0008916905439369393,0.0013032400257539881,0.0,0.0,0.00013718316060568297,0.36555003584059376,0.0,5.332551007595456,7.791438024695258,83312.0,0,0,0,49,UTAH
2801,490583,19.900683547504322,49.298705303409236,0.4036755818438927,55.136092945466515,10.941068443866012,0.5169008713637486,43.678123630236755,72.9996286397791,8.011963506138104,2.929104937727909,0.43075072613645715,0.08615014522729143,0.0,5.341309004092069,18.091530497731203,20.245284128413488,0.0,0.0,16.570404607617494,1.2931310866950962,76529.0,0,0,0,49,UTAH
2802,490584,101.33248342421349,263.6441449141973,0.38435324803891263,88.3436817328515,14.971824850348568,1.090662737442611,72.28119414506031,103.2106144716901,12.790499375463348,2.181325474885222,1.090662737442611,0.0,0.0,5.056709055415742,33.3147890709743,33.90969601867027,0.0,0.0,8.317059908259598,6.549872830579025,76529.0,0,0,0,49,UTAH
2363,490147,88.88675589586299,243.03101209080606,0.36574244221412927,0.0,0.0,0.0,0.0,10.95359294610824,0.0,0.0,0.0,0.0,0.0,0.0,0.0,0.0,1.1953774693154953,0.0,4.0448183101355335,5.713397166657213,79647.0,0,0,0,49,UTAH
2256,490040,0.4289335593354847,0.9698495156439724,0.44226815853042545,88.25307983327598,1.0723338983387118,11.152272542722603,76.02847339221466,93.40640791390678,0.0,1.0723338983387118,11.152272542722603,0.0,72.27530474802917,2.2519011865112946,1.5012674576741964,0.0,1.2091564594467141,0.0,3.944171621184074,0.0,81720.0,0,0,0,49,UTAH
2497,490279,1086.7303329652257,3297.7360464690905,0.32953830071657664,0.0,0.0,0.0,0.0,612.2480351440984,0.0,0.0,0.0,0.0,0.0,0.0,0.0,0.0,0.9372586831650953,0.0,541.218205889888,70.09257057104521,70166.0,0,0,0,49,UTAH
2499,490281,309.7331258972823,1009.5437897980922,0.30680504305734835,70.6797985901998,10.210777657496031,1.32607502045403,59.142945912249736,107.84199036969595,9.481436396246314,0.7293412612497165,1.193467518408627,0.132607502045403,3.580402555225881,8.752095134996598,4.773870073634508,42.03657814839275,0.43096100000037313,0.0,16.75266542944742,19.97856535004837,70166.0,0,0,0,49,UTAH
3109,490890,193.4767905525328,664.7326927434372,0.2910595381641743,4.24132889737362,1.443856645914424,0.27072312110895447,2.526749130350242,25.607554702954296,0.0,1.443856645914424,0.0,0.27072312110895447,0.0,0.360964161478606,0.27072312110895447,1.8950618477626815,0.0,0.0,8.812435605566977,12.553790200013696,91005.0,0,0,0,49,UTAH
3127,490908,131.821262231795,421.62498874977973,0.312650496885104,0.0,0.0,0.0,0.0,14.778189492394507,0.0,0.0,0.0,0.0,0.0,0.0,0.0,0.0,0.0,0.0,6.216476104396417,8.56171338799809,113111.0,0,0,0,49,UTAH
3244,491025,42.48825241579665,108.00311850972417,0.39339838517691667,25.27144871176531,5.134836192430401,0.8054645007733963,19.33114801856151,48.80274730309014,4.832787004640378,0.3020491877900236,0.7047814381767217,0.10068306259667453,1.2081967511600944,4.22868862906033,1.510245938950118,12.384016699390967,0.0,0.0,20.71004503546248,2.8212535558623584,105921.0,0,0,0,49,UTAH
2369,490152,127.06125084322093,503.6369604160341,0.252287383233869,8.161892808771675,0.0,0.0,8.161892808771675,22.80909996976507,0.0,0.0,0.0,0.0,0.37855585334522035,7.215503175408625,0.5678337800178306,0.0,0.4392127983106168,0.0,6.011946057183974,8.196048305498806,79647.0,0,0,0,49,UTAH
2373,490155,81.59941626936049,217.5918342701784,0.3750113902162363,0.0,0.0,0.0,0.0,10.093482515556722,0.0,0.0,0.0,0.0,0.0,0.0,0.0,0.0,1.1022576470070522,0.0,3.7206067677371153,5.2706181008125546,79422.0,0,0,0,49,UTAH
2935,490715,68.59285792165173,155.46250924726755,0.4412180033229287,0.0,0.0,0.0,0.0,7.950766609969925,0.0,0.0,0.0,0.0,0.0,0.0,0.0,0.0,0.4824675132639438,0.0,3.054727867909827,4.413571228796153,66338.0,0,0,0,49,UTAH
