"B19013_001E","B19013_001M","GEO_ID","NAME"
"Estimate!!Median household income in the past 12 months (in 2019 inflation-adjusted dollars)","Margin of Error!!Median household income in the past 12 months (in 2019 inflation-adjusted dollars)","id","Geographic Area Name"
"72596","22210","1500000US490011001001","Block Group 1, Census Tract 1001, Beaver County, Utah"
"45625","15664","1500000US490011001002","Block Group 2, Census Tract 1001, Beaver County, Utah"
"58697","10046","1500000US490011001003","Block Group 3, Census Tract 1001, Beaver County, Utah"
"66667","21761","1500000US490011002001","Block Group 1, Census Tract 1002, Beaver County, Utah"
"54659","15675","1500000US490011002002","Block Group 2, Census Tract 1002, Beaver County, Utah"
"47868","8161","1500000US490011002003","Block Group 3, Census Tract 1002, Beaver County, Utah"
"65682","6742","1500000US490039601001","Block Group 1, Census Tract 9601, Box Elder County, Utah"
"64865","13239","1500000US490039601002","Block Group 2, Census Tract 9601, Box Elder County, Utah"
"49000","16961","1500000US490039601003","Block Group 3, Census Tract 9601, Box Elder County, Utah"
"88097","7183","1500000US490039602001","Block Group 1, Census Tract 9602, Box Elder County, Utah"
"78750","47511","1500000US490039602002","Block Group 2, Census Tract 9602, Box Elder County, Utah"
"56250","9730","1500000US490039602003","Block Group 3, Census Tract 9602, Box Elder County, Utah"
"67656","5446","1500000US490039602004","Block Group 4, Census Tract 9602, Box Elder County, Utah"
"92870","4608","1500000US490039602005","Block Group 5, Census Tract 9602, Box Elder County, Utah"
"62560","25113","1500000US490039602006","Block Group 6, Census Tract 9602, Box Elder County, Utah"
"54201","21857","1500000US490039603001","Block Group 1, Census Tract 9603, Box Elder County, Utah"
"47361","16705","1500000US490039603002","Block Group 2, Census Tract 9603, Box Elder County, Utah"
"32042","15069","1500000US490039603003","Block Group 3, Census Tract 9603, Box Elder County, Utah"
"58009","13894","1500000US490039603004","Block Group 4, Census Tract 9603, Box Elder County, Utah"
"53500","28690","1500000US490039603005","Block Group 5, Census Tract 9603, Box Elder County, Utah"
"56382","27994","1500000US490039603006","Block Group 6, Census Tract 9603, Box Elder County, Utah"
"64432","10092","1500000US490039604001","Block Group 1, Census Tract 9604, Box Elder County, Utah"
"77417","7441","1500000US490039604002","Block Group 2, Census Tract 9604, Box Elder County, Utah"
"52070","1613","1500000US490039604003","Block Group 3, Census Tract 9604, Box Elder County, Utah"
"69722","6518","1500000US490039605001","Block Group 1, Census Tract 9605, Box Elder County, Utah"
"72143","33965","1500000US490039605002","Block Group 2, Census Tract 9605, Box Elder County, Utah"
"45179","14739","1500000US490039605003","Block Group 3, Census Tract 9605, Box Elder County, Utah"
"36667","23383","1500000US490039605004","Block Group 4, Census Tract 9605, Box Elder County, Utah"
"53447","18718","1500000US490039606011","Block Group 1, Census Tract 9606.01, Box Elder County, Utah"
"67708","19680","1500000US490039606012","Block Group 2, Census Tract 9606.01, Box Elder County, Utah"
"37833","18972","1500000US490039606013","Block Group 3, Census Tract 9606.01, Box Elder County, Utah"
"40855","11632","1500000US490039606014","Block Group 4, Census Tract 9606.01, Box Elder County, Utah"
"80375","16221","1500000US490039606021","Block Group 1, Census Tract 9606.02, Box Elder County, Utah"
"80500","23884","1500000US490039606022","Block Group 2, Census Tract 9606.02, Box Elder County, Utah"
"56000","11214","1500000US490039606023","Block Group 3, Census Tract 9606.02, Box Elder County, Utah"
"54157","8902","1500000US490039607011","Block Group 1, Census Tract 9607.01, Box Elder County, Utah"
"52813","11828","1500000US490039607012","Block Group 2, Census Tract 9607.01, Box Elder County, Utah"
"47198","7742","1500000US490039607013","Block Group 3, Census Tract 9607.01, Box Elder County, Utah"
"46196","9358","1500000US490039607021","Block Group 1, Census Tract 9607.02, Box Elder County, Utah"
"43438","19382","1500000US490039607022","Block Group 2, Census Tract 9607.02, Box Elder County, Utah"
"85625","19424","1500000US490039608011","Block Group 1, Census Tract 9608.01, Box Elder County, Utah"
"75329","11327","1500000US490039608012","Block Group 2, Census Tract 9608.01, Box Elder County, Utah"
"81250","15513","1500000US490039608013","Block Group 3, Census Tract 9608.01, Box Elder County, Utah"
"94390","8027","1500000US490039608021","Block Group 1, Census Tract 9608.02, Box Elder County, Utah"
"72708","24123","1500000US490039608022","Block Group 2, Census Tract 9608.02, Box Elder County, Utah"
"91016","13731","1500000US490039608023","Block Group 3, Census Tract 9608.02, Box Elder County, Utah"
"69153","8153","1500000US490050001011","Block Group 1, Census Tract 1.01, Cache County, Utah"
"60577","6598","1500000US490050001012","Block Group 2, Census Tract 1.01, Cache County, Utah"
"51375","9010","1500000US490050001013","Block Group 3, Census Tract 1.01, Cache County, Utah"
"57500","11109","1500000US490050001021","Block Group 1, Census Tract 1.02, Cache County, Utah"
"59531","9200","1500000US490050001022","Block Group 2, Census Tract 1.02, Cache County, Utah"
"64531","11127","1500000US490050002011","Block Group 1, Census Tract 2.01, Cache County, Utah"
"66994","16822","1500000US490050002012","Block Group 2, Census Tract 2.01, Cache County, Utah"
"62206","9641","1500000US490050002021","Block Group 1, Census Tract 2.02, Cache County, Utah"
"65938","9557","1500000US490050002022","Block Group 2, Census Tract 2.02, Cache County, Utah"
"85288","25930","1500000US490050002023","Block Group 3, Census Tract 2.02, Cache County, Utah"
"93456","11584","1500000US490050002024","Block Group 4, Census Tract 2.02, Cache County, Utah"
"54375","10497","1500000US490050003001","Block Group 1, Census Tract 3, Cache County, Utah"
"68542","12033","1500000US490050003002","Block Group 2, Census Tract 3, Cache County, Utah"
"88833","43830","1500000US490050003003","Block Group 3, Census Tract 3, Cache County, Utah"
"37344","15838","1500000US490050003004","Block Group 4, Census Tract 3, Cache County, Utah"
"38625","12133","1500000US490050004011","Block Group 1, Census Tract 4.01, Cache County, Utah"
"107125","30473","1500000US490050004012","Block Group 2, Census Tract 4.01, Cache County, Utah"
"104125","27761","1500000US490050004021","Block Group 1, Census Tract 4.02, Cache County, Utah"
"79076","7987","1500000US490050004022","Block Group 2, Census Tract 4.02, Cache County, Utah"
"89485","17801","1500000US490050004031","Block Group 1, Census Tract 4.03, Cache County, Utah"
"74226","9191","1500000US490050004032","Block Group 2, Census Tract 4.03, Cache County, Utah"
"62917","22592","1500000US490050004033","Block Group 3, Census Tract 4.03, Cache County, Utah"
"102708","57550","1500000US490050004034","Block Group 4, Census Tract 4.03, Cache County, Utah"
"43935","14254","1500000US490050005011","Block Group 1, Census Tract 5.01, Cache County, Utah"
"27438","5150","1500000US490050005012","Block Group 2, Census Tract 5.01, Cache County, Utah"
"33229","6129","1500000US490050005013","Block Group 3, Census Tract 5.01, Cache County, Utah"
"40352","11016","1500000US490050005014","Block Group 4, Census Tract 5.01, Cache County, Utah"
"44886","4197","1500000US490050005021","Block Group 1, Census Tract 5.02, Cache County, Utah"
"40945","5048","1500000US490050005022","Block Group 2, Census Tract 5.02, Cache County, Utah"
"58343","12194","1500000US490050006001","Block Group 1, Census Tract 6, Cache County, Utah"
"41311","5046","1500000US490050006002","Block Group 2, Census Tract 6, Cache County, Utah"
"27228","17385","1500000US490050006003","Block Group 3, Census Tract 6, Cache County, Utah"
"43865","8397","1500000US490050006004","Block Group 4, Census Tract 6, Cache County, Utah"
"24286","7837","1500000US490050006005","Block Group 5, Census Tract 6, Cache County, Utah"
"27592","7245","1500000US490050006006","Block Group 6, Census Tract 6, Cache County, Utah"
"96008","11671","1500000US490050007011","Block Group 1, Census Tract 7.01, Cache County, Utah"
"71776","17850","1500000US490050007012","Block Group 2, Census Tract 7.01, Cache County, Utah"
"-","**","1500000US490050007013","Block Group 3, Census Tract 7.01, Cache County, Utah"
"26071","7182","1500000US490050007021","Block Group 1, Census Tract 7.02, Cache County, Utah"
"-","**","1500000US490050007022","Block Group 2, Census Tract 7.02, Cache County, Utah"
"20956","5974","1500000US490050007023","Block Group 3, Census Tract 7.02, Cache County, Utah"
"24254","6687","1500000US490050008001","Block Group 1, Census Tract 8, Cache County, Utah"
"56786","38433","1500000US490050008002","Block Group 2, Census Tract 8, Cache County, Utah"
"26020","11503","1500000US490050008003","Block Group 3, Census Tract 8, Cache County, Utah"
"33438","18868","1500000US490050008004","Block Group 4, Census Tract 8, Cache County, Utah"
"33804","5832","1500000US490050009001","Block Group 1, Census Tract 9, Cache County, Utah"
"39808","21590","1500000US490050009002","Block Group 2, Census Tract 9, Cache County, Utah"
"58259","27966","1500000US490050009003","Block Group 3, Census Tract 9, Cache County, Utah"
"54375","8436","1500000US490050010011","Block Group 1, Census Tract 10.01, Cache County, Utah"
"54327","19962","1500000US490050010012","Block Group 2, Census Tract 10.01, Cache County, Utah"
"40500","10282","1500000US490050010021","Block Group 1, Census Tract 10.02, Cache County, Utah"
"36708","15535","1500000US490050010022","Block Group 2, Census Tract 10.02, Cache County, Utah"
"44476","11358","1500000US490050010023","Block Group 3, Census Tract 10.02, Cache County, Utah"
"53966","19323","1500000US490050010024","Block Group 4, Census Tract 10.02, Cache County, Utah"
"64950","10339","1500000US490050011011","Block Group 1, Census Tract 11.01, Cache County, Utah"
"90682","21125","1500000US490050011012","Block Group 2, Census Tract 11.01, Cache County, Utah"
"61111","8664","1500000US490050011013","Block Group 3, Census Tract 11.01, Cache County, Utah"
"102656","17272","1500000US490050011021","Block Group 1, Census Tract 11.02, Cache County, Utah"
"52250","10402","1500000US490050011022","Block Group 2, Census Tract 11.02, Cache County, Utah"
"96594","7315","1500000US490050011023","Block Group 3, Census Tract 11.02, Cache County, Utah"
"82037","11765","1500000US490050012011","Block Group 1, Census Tract 12.01, Cache County, Utah"
"102560","39243","1500000US490050012012","Block Group 2, Census Tract 12.01, Cache County, Utah"
"76522","10506","1500000US490050012013","Block Group 3, Census Tract 12.01, Cache County, Utah"
"92000","21783","1500000US490050012021","Block Group 1, Census Tract 12.02, Cache County, Utah"
"87862","11265","1500000US490050012022","Block Group 2, Census Tract 12.02, Cache County, Utah"
"84938","24758","1500000US490050013001","Block Group 1, Census Tract 13, Cache County, Utah"
"88472","11961","1500000US490050013002","Block Group 2, Census Tract 13, Cache County, Utah"
"92167","24359","1500000US490050013003","Block Group 3, Census Tract 13, Cache County, Utah"
"73438","18177","1500000US490050014011","Block Group 1, Census Tract 14.01, Cache County, Utah"
"54722","14107","1500000US490050014012","Block Group 2, Census Tract 14.01, Cache County, Utah"
"72188","34981","1500000US490050014013","Block Group 3, Census Tract 14.01, Cache County, Utah"
"49567","20672","1500000US490050014021","Block Group 1, Census Tract 14.02, Cache County, Utah"
"80417","17504","1500000US490050014022","Block Group 2, Census Tract 14.02, Cache County, Utah"
"54226","14528","1500000US490050014023","Block Group 3, Census Tract 14.02, Cache County, Utah"
"87083","5849","1500000US490050015001","Block Group 1, Census Tract 15, Cache County, Utah"
"74167","13456","1500000US490050015002","Block Group 2, Census Tract 15, Cache County, Utah"
"57500","20783","1500000US490059801001","Block Group 1, Census Tract 9801, Cache County, Utah"
"83043","20047","1500000US490070001001","Block Group 1, Census Tract 1, Carbon County, Utah"
"50862","9164","1500000US490070001002","Block Group 2, Census Tract 1, Carbon County, Utah"
"51051","5556","1500000US490070002001","Block Group 1, Census Tract 2, Carbon County, Utah"
"73307","7707","1500000US490070002002","Block Group 2, Census Tract 2, Carbon County, Utah"
"72353","20728","1500000US490070002003","Block Group 3, Census Tract 2, Carbon County, Utah"
"36607","25252","1500000US490070003001","Block Group 1, Census Tract 3, Carbon County, Utah"
"44630","9012","1500000US490070003002","Block Group 2, Census Tract 3, Carbon County, Utah"
"11875","4334","1500000US490070003003","Block Group 3, Census Tract 3, Carbon County, Utah"
"42315","10066","1500000US490070003004","Block Group 4, Census Tract 3, Carbon County, Utah"
"71534","8600","1500000US490070005001","Block Group 1, Census Tract 5, Carbon County, Utah"
"55389","7305","1500000US490070005002","Block Group 2, Census Tract 5, Carbon County, Utah"
"38523","10229","1500000US490070006001","Block Group 1, Census Tract 6, Carbon County, Utah"
"62500","31588","1500000US490070006002","Block Group 2, Census Tract 6, Carbon County, Utah"
"53542","7717","1500000US490070006003","Block Group 3, Census Tract 6, Carbon County, Utah"
"75417","29289","1500000US490099601001","Block Group 1, Census Tract 9601, Daggett County, Utah"
"97500","15149","1500000US490111251021","Block Group 1, Census Tract 1251.02, Davis County, Utah"
"102143","20268","1500000US490111251022","Block Group 2, Census Tract 1251.02, Davis County, Utah"
"99318","28893","1500000US490111251031","Block Group 1, Census Tract 1251.03, Davis County, Utah"
"76250","10888","1500000US490111251032","Block Group 2, Census Tract 1251.03, Davis County, Utah"
"110781","18558","1500000US490111251041","Block Group 1, Census Tract 1251.04, Davis County, Utah"
"113125","16985","1500000US490111251042","Block Group 2, Census Tract 1251.04, Davis County, Utah"
"118205","12503","1500000US490111251043","Block Group 3, Census Tract 1251.04, Davis County, Utah"
"54832","14635","1500000US490111252001","Block Group 1, Census Tract 1252, Davis County, Utah"
"51442","7682","1500000US490111252002","Block Group 2, Census Tract 1252, Davis County, Utah"
"69432","21706","1500000US490111253011","Block Group 1, Census Tract 1253.01, Davis County, Utah"
"61827","11487","1500000US490111253012","Block Group 2, Census Tract 1253.01, Davis County, Utah"
"58611","18068","1500000US490111253013","Block Group 3, Census Tract 1253.01, Davis County, Utah"
"63240","16066","1500000US490111253014","Block Group 4, Census Tract 1253.01, Davis County, Utah"
"98274","18135","1500000US490111253031","Block Group 1, Census Tract 1253.03, Davis County, Utah"
"87258","14950","1500000US490111253032","Block Group 2, Census Tract 1253.03, Davis County, Utah"
"85159","11751","1500000US490111253033","Block Group 3, Census Tract 1253.03, Davis County, Utah"
"78676","25748","1500000US490111253041","Block Group 1, Census Tract 1253.04, Davis County, Utah"
"76169","7313","1500000US490111253042","Block Group 2, Census Tract 1253.04, Davis County, Utah"
"63359","11597","1500000US490111253043","Block Group 3, Census Tract 1253.04, Davis County, Utah"
"101713","16829","1500000US490111253051","Block Group 1, Census Tract 1253.05, Davis County, Utah"
"95625","9391","1500000US490111253052","Block Group 2, Census Tract 1253.05, Davis County, Utah"
"68977","15773","1500000US490111253053","Block Group 3, Census Tract 1253.05, Davis County, Utah"
"102418","10376","1500000US490111254011","Block Group 1, Census Tract 1254.01, Davis County, Utah"
"95692","7333","1500000US490111254012","Block Group 2, Census Tract 1254.01, Davis County, Utah"
"93726","15292","1500000US490111254013","Block Group 3, Census Tract 1254.01, Davis County, Utah"
"100995","12841","1500000US490111254031","Block Group 1, Census Tract 1254.03, Davis County, Utah"
"105385","11409","1500000US490111254032","Block Group 2, Census Tract 1254.03, Davis County, Utah"
"81758","6647","1500000US490111254033","Block Group 3, Census Tract 1254.03, Davis County, Utah"
"92898","6521","1500000US490111254051","Block Group 1, Census Tract 1254.05, Davis County, Utah"
"90665","14536","1500000US490111254052","Block Group 2, Census Tract 1254.05, Davis County, Utah"
"63935","4950","1500000US490111254061","Block Group 1, Census Tract 1254.06, Davis County, Utah"
"128276","12726","1500000US490111254062","Block Group 2, Census Tract 1254.06, Davis County, Utah"
"63033","5172","1500000US490111255011","Block Group 1, Census Tract 1255.01, Davis County, Utah"
"71125","17127","1500000US490111255012","Block Group 2, Census Tract 1255.01, Davis County, Utah"
"73920","16155","1500000US490111255013","Block Group 3, Census Tract 1255.01, Davis County, Utah"
"48648","3806","1500000US490111255021","Block Group 1, Census Tract 1255.02, Davis County, Utah"
"92984","10358","1500000US490111255022","Block Group 2, Census Tract 1255.02, Davis County, Utah"
"75714","31429","1500000US490111255023","Block Group 3, Census Tract 1255.02, Davis County, Utah"
"83510","15022","1500000US490111255031","Block Group 1, Census Tract 1255.03, Davis County, Utah"
"91324","16361","1500000US490111255032","Block Group 2, Census Tract 1255.03, Davis County, Utah"
"55714","47391","1500000US490111256001","Block Group 1, Census Tract 1256, Davis County, Utah"
"36939","8321","1500000US490111257011","Block Group 1, Census Tract 1257.01, Davis County, Utah"
"56250","10472","1500000US490111257012","Block Group 2, Census Tract 1257.01, Davis County, Utah"
"55938","20666","1500000US490111257021","Block Group 1, Census Tract 1257.02, Davis County, Utah"
"51442","13383","1500000US490111257022","Block Group 2, Census Tract 1257.02, Davis County, Utah"
"64237","3841","1500000US490111257023","Block Group 3, Census Tract 1257.02, Davis County, Utah"
"44552","8369","1500000US490111258011","Block Group 1, Census Tract 1258.01, Davis County, Utah"
"70855","35576","1500000US490111258012","Block Group 2, Census Tract 1258.01, Davis County, Utah"
"68269","7673","1500000US490111258013","Block Group 3, Census Tract 1258.01, Davis County, Utah"
"56667","4324","1500000US490111258014","Block Group 4, Census Tract 1258.01, Davis County, Utah"
"109138","22283","1500000US490111258041","Block Group 1, Census Tract 1258.04, Davis County, Utah"
"96375","14037","1500000US490111258042","Block Group 2, Census Tract 1258.04, Davis County, Utah"
"94000","10916","1500000US490111258043","Block Group 3, Census Tract 1258.04, Davis County, Utah"
"105263","24874","1500000US490111258044","Block Group 4, Census Tract 1258.04, Davis County, Utah"
"53654","17777","1500000US490111258051","Block Group 1, Census Tract 1258.05, Davis County, Utah"
"74125","10018","1500000US490111258052","Block Group 2, Census Tract 1258.05, Davis County, Utah"
"76667","10576","1500000US490111258053","Block Group 3, Census Tract 1258.05, Davis County, Utah"
"64861","10590","1500000US490111258071","Block Group 1, Census Tract 1258.07, Davis County, Utah"
"45260","26570","1500000US490111258072","Block Group 2, Census Tract 1258.07, Davis County, Utah"
"62648","7215","1500000US490111258081","Block Group 1, Census Tract 1258.08, Davis County, Utah"
"63393","23044","1500000US490111258082","Block Group 2, Census Tract 1258.08, Davis County, Utah"
"62059","21949","1500000US490111258083","Block Group 3, Census Tract 1258.08, Davis County, Utah"
"87292","27562","1500000US490111259051","Block Group 1, Census Tract 1259.05, Davis County, Utah"
"75985","33970","1500000US490111259052","Block Group 2, Census Tract 1259.05, Davis County, Utah"
"33102","10743","1500000US490111259053","Block Group 3, Census Tract 1259.05, Davis County, Utah"
"79083","21072","1500000US490111259054","Block Group 4, Census Tract 1259.05, Davis County, Utah"
"96067","6457","1500000US490111259061","Block Group 1, Census Tract 1259.06, Davis County, Utah"
"111750","25581","1500000US490111259062","Block Group 2, Census Tract 1259.06, Davis County, Utah"
"80272","18011","1500000US490111259063","Block Group 3, Census Tract 1259.06, Davis County, Utah"
"80000","12874","1500000US490111259071","Block Group 1, Census Tract 1259.07, Davis County, Utah"
"122238","16503","1500000US490111259081","Block Group 1, Census Tract 1259.08, Davis County, Utah"
"78250","25709","1500000US490111259082","Block Group 2, Census Tract 1259.08, Davis County, Utah"
"89844","14898","1500000US490111259083","Block Group 3, Census Tract 1259.08, Davis County, Utah"
"47788","10461","1500000US490111260011","Block Group 1, Census Tract 1260.01, Davis County, Utah"
"62656","15832","1500000US490111260012","Block Group 2, Census Tract 1260.01, Davis County, Utah"
"29911","19710","1500000US490111260013","Block Group 3, Census Tract 1260.01, Davis County, Utah"
"74917","16701","1500000US490111260014","Block Group 4, Census Tract 1260.01, Davis County, Utah"
"109688","7200","1500000US490111260021","Block Group 1, Census Tract 1260.02, Davis County, Utah"
"79310","14661","1500000US490111260022","Block Group 2, Census Tract 1260.02, Davis County, Utah"
"44157","5778","1500000US490111261011","Block Group 1, Census Tract 1261.01, Davis County, Utah"
"109352","27520","1500000US490111261012","Block Group 2, Census Tract 1261.01, Davis County, Utah"
"84107","30334","1500000US490111261013","Block Group 3, Census Tract 1261.01, Davis County, Utah"
"105655","27053","1500000US490111261014","Block Group 4, Census Tract 1261.01, Davis County, Utah"
"149394","19850","1500000US490111261041","Block Group 1, Census Tract 1261.04, Davis County, Utah"
"133083","16160","1500000US490111261042","Block Group 2, Census Tract 1261.04, Davis County, Utah"
"123830","15935","1500000US490111261043","Block Group 3, Census Tract 1261.04, Davis County, Utah"
"98818","8572","1500000US490111261051","Block Group 1, Census Tract 1261.05, Davis County, Utah"
"129118","14652","1500000US490111261052","Block Group 2, Census Tract 1261.05, Davis County, Utah"
"96071","17175","1500000US490111261053","Block Group 3, Census Tract 1261.05, Davis County, Utah"
"108882","8764","1500000US490111261054","Block Group 4, Census Tract 1261.05, Davis County, Utah"
"107013","3329","1500000US490111262021","Block Group 1, Census Tract 1262.02, Davis County, Utah"
"100865","58169","1500000US490111262022","Block Group 2, Census Tract 1262.02, Davis County, Utah"
"130833","30413","1500000US490111262031","Block Group 1, Census Tract 1262.03, Davis County, Utah"
"139189","8688","1500000US490111262032","Block Group 2, Census Tract 1262.03, Davis County, Utah"
"106719","16392","1500000US490111262041","Block Group 1, Census Tract 1262.04, Davis County, Utah"
"81333","13218","1500000US490111262042","Block Group 2, Census Tract 1262.04, Davis County, Utah"
"96723","4286","1500000US490111262043","Block Group 3, Census Tract 1262.04, Davis County, Utah"
"115964","11830","1500000US490111263031","Block Group 1, Census Tract 1263.03, Davis County, Utah"
"94519","9873","1500000US490111263032","Block Group 2, Census Tract 1263.03, Davis County, Utah"
"84028","21501","1500000US490111263041","Block Group 1, Census Tract 1263.04, Davis County, Utah"
"109848","8408","1500000US490111263042","Block Group 2, Census Tract 1263.04, Davis County, Utah"
"130000","16840","1500000US490111263043","Block Group 3, Census Tract 1263.04, Davis County, Utah"
"107303","13998","1500000US490111263051","Block Group 1, Census Tract 1263.05, Davis County, Utah"
"81618","15885","1500000US490111263061","Block Group 1, Census Tract 1263.06, Davis County, Utah"
"57941","11329","1500000US490111263062","Block Group 2, Census Tract 1263.06, Davis County, Utah"
"73958","17500","1500000US490111263063","Block Group 3, Census Tract 1263.06, Davis County, Utah"
"121000","19848","1500000US490111264021","Block Group 1, Census Tract 1264.02, Davis County, Utah"
"137000","27617","1500000US490111264022","Block Group 2, Census Tract 1264.02, Davis County, Utah"
"161208","14626","1500000US490111264041","Block Group 1, Census Tract 1264.04, Davis County, Utah"
"61985","13351","1500000US490111264042","Block Group 2, Census Tract 1264.04, Davis County, Utah"
"99722","11631","1500000US490111264051","Block Group 1, Census Tract 1264.05, Davis County, Utah"
"159919","17886","1500000US490111264052","Block Group 2, Census Tract 1264.05, Davis County, Utah"
"84276","13237","1500000US490111264061","Block Group 1, Census Tract 1264.06, Davis County, Utah"
"49014","3743","1500000US490111264062","Block Group 2, Census Tract 1264.06, Davis County, Utah"
"101964","28117","1500000US490111265001","Block Group 1, Census Tract 1265, Davis County, Utah"
"98542","19885","1500000US490111265002","Block Group 2, Census Tract 1265, Davis County, Utah"
"83355","10362","1500000US490111265003","Block Group 3, Census Tract 1265, Davis County, Utah"
"58750","5146","1500000US490111265004","Block Group 4, Census Tract 1265, Davis County, Utah"
"102875","18989","1500000US490111265005","Block Group 5, Census Tract 1265, Davis County, Utah"
"66222","5252","1500000US490111266001","Block Group 1, Census Tract 1266, Davis County, Utah"
"59076","13508","1500000US490111266002","Block Group 2, Census Tract 1266, Davis County, Utah"
"71011","8112","1500000US490111266003","Block Group 3, Census Tract 1266, Davis County, Utah"
"50958","11441","1500000US490111267001","Block Group 1, Census Tract 1267, Davis County, Utah"
"69063","43730","1500000US490111267002","Block Group 2, Census Tract 1267, Davis County, Utah"
"52936","10483","1500000US490111267003","Block Group 3, Census Tract 1267, Davis County, Utah"
"66023","20812","1500000US490111267004","Block Group 4, Census Tract 1267, Davis County, Utah"
"132000","28634","1500000US490111268011","Block Group 1, Census Tract 1268.01, Davis County, Utah"
"121875","40309","1500000US490111268012","Block Group 2, Census Tract 1268.01, Davis County, Utah"
"119750","32535","1500000US490111268013","Block Group 3, Census Tract 1268.01, Davis County, Utah"
"108704","16201","1500000US490111268021","Block Group 1, Census Tract 1268.02, Davis County, Utah"
"97813","32340","1500000US490111268022","Block Group 2, Census Tract 1268.02, Davis County, Utah"
"94464","33878","1500000US490111268023","Block Group 3, Census Tract 1268.02, Davis County, Utah"
"52250","14949","1500000US490111269011","Block Group 1, Census Tract 1269.01, Davis County, Utah"
"-","**","1500000US490111269012","Block Group 2, Census Tract 1269.01, Davis County, Utah"
"73529","24618","1500000US490111269013","Block Group 3, Census Tract 1269.01, Davis County, Utah"
"55350","7603","1500000US490111269014","Block Group 4, Census Tract 1269.01, Davis County, Utah"
"67553","27178","1500000US490111269015","Block Group 5, Census Tract 1269.01, Davis County, Utah"
"46181","34079","1500000US490111269016","Block Group 6, Census Tract 1269.01, Davis County, Utah"
"73588","13606","1500000US490111269021","Block Group 1, Census Tract 1269.02, Davis County, Utah"
"64517","28291","1500000US490111269022","Block Group 2, Census Tract 1269.02, Davis County, Utah"
"73730","7698","1500000US490111269023","Block Group 3, Census Tract 1269.02, Davis County, Utah"
"86806","20545","1500000US490111269024","Block Group 4, Census Tract 1269.02, Davis County, Utah"
"72609","7318","1500000US490111270021","Block Group 1, Census Tract 1270.02, Davis County, Utah"
"60795","4413","1500000US490111270022","Block Group 2, Census Tract 1270.02, Davis County, Utah"
"102955","17684","1500000US490111270031","Block Group 1, Census Tract 1270.03, Davis County, Utah"
"90903","13900","1500000US490111270032","Block Group 2, Census Tract 1270.03, Davis County, Utah"
"96017","14668","1500000US490111270041","Block Group 1, Census Tract 1270.04, Davis County, Utah"
"78813","11763","1500000US490111270042","Block Group 2, Census Tract 1270.04, Davis County, Utah"
"49167","18515","1500000US490111270043","Block Group 3, Census Tract 1270.04, Davis County, Utah"
"70280","21097","1500000US490111270044","Block Group 4, Census Tract 1270.04, Davis County, Utah"
"60500","21378","1500000US490111271001","Block Group 1, Census Tract 1271, Davis County, Utah"
"64088","10802","1500000US490111271002","Block Group 2, Census Tract 1271, Davis County, Utah"
"74453","50548","1500000US490111271003","Block Group 3, Census Tract 1271, Davis County, Utah"
"89271","24254","1500000US490111271004","Block Group 4, Census Tract 1271, Davis County, Utah"
"125078","29264","1500000US490111271005","Block Group 5, Census Tract 1271, Davis County, Utah"
"46065","5646","1500000US490139403001","Block Group 1, Census Tract 9403, Duchesne County, Utah"
"55341","5615","1500000US490139403002","Block Group 2, Census Tract 9403, Duchesne County, Utah"
"59000","13838","1500000US490139403003","Block Group 3, Census Tract 9403, Duchesne County, Utah"
"68684","7742","1500000US490139405001","Block Group 1, Census Tract 9405, Duchesne County, Utah"
"37778","6289","1500000US490139405002","Block Group 2, Census Tract 9405, Duchesne County, Utah"
"58438","7087","1500000US490139405003","Block Group 3, Census Tract 9405, Duchesne County, Utah"
"77446","5089","1500000US490139405004","Block Group 4, Census Tract 9405, Duchesne County, Utah"
"44779","9746","1500000US490139406001","Block Group 1, Census Tract 9406, Duchesne County, Utah"
"69453","7258","1500000US490139406002","Block Group 2, Census Tract 9406, Duchesne County, Utah"
"69886","11828","1500000US490139406003","Block Group 3, Census Tract 9406, Duchesne County, Utah"
"79013","8810","1500000US490139406004","Block Group 4, Census Tract 9406, Duchesne County, Utah"
"73750","9797","1500000US490139406005","Block Group 5, Census Tract 9406, Duchesne County, Utah"
"52500","22672","1500000US490159762001","Block Group 1, Census Tract 9762, Emery County, Utah"
"71023","23968","1500000US490159762002","Block Group 2, Census Tract 9762, Emery County, Utah"
"55625","7270","1500000US490159762003","Block Group 3, Census Tract 9762, Emery County, Utah"
"65341","14853","1500000US490159762004","Block Group 4, Census Tract 9762, Emery County, Utah"
"43333","16480","1500000US490159763001","Block Group 1, Census Tract 9763, Emery County, Utah"
"59706","14499","1500000US490159763002","Block Group 2, Census Tract 9763, Emery County, Utah"
"63173","11486","1500000US490159765001","Block Group 1, Census Tract 9765, Emery County, Utah"
"41667","12561","1500000US490159765002","Block Group 2, Census Tract 9765, Emery County, Utah"
"53750","20088","1500000US490159765003","Block Group 3, Census Tract 9765, Emery County, Utah"
"57260","17735","1500000US490170003001","Block Group 1, Census Tract 3, Garfield County, Utah"
"65227","21135","1500000US490170003002","Block Group 2, Census Tract 3, Garfield County, Utah"
"43113","5497","1500000US490170004001","Block Group 1, Census Tract 4, Garfield County, Utah"
"60238","8119","1500000US490170004002","Block Group 2, Census Tract 4, Garfield County, Utah"
"52294","4062","1500000US490190002001","Block Group 1, Census Tract 2, Grand County, Utah"
"36563","25399","1500000US490190002002","Block Group 2, Census Tract 2, Grand County, Utah"
"69074","10839","1500000US490190002003","Block Group 3, Census Tract 2, Grand County, Utah"
"36900","13362","1500000US490190002004","Block Group 4, Census Tract 2, Grand County, Utah"
"53269","12063","1500000US490190003001","Block Group 1, Census Tract 3, Grand County, Utah"
"40777","33267","1500000US490190003002","Block Group 2, Census Tract 3, Grand County, Utah"
"56607","11717","1500000US490190003003","Block Group 3, Census Tract 3, Grand County, Utah"
"61250","14587","1500000US490211101001","Block Group 1, Census Tract 1101, Iron County, Utah"
"42478","6793","1500000US490211101002","Block Group 2, Census Tract 1101, Iron County, Utah"
"46848","18460","1500000US490211101003","Block Group 3, Census Tract 1101, Iron County, Utah"
"33958","25161","1500000US490211101004","Block Group 4, Census Tract 1101, Iron County, Utah"
"64583","37908","1500000US490211102001","Block Group 1, Census Tract 1102, Iron County, Utah"
"56364","20413","1500000US490211102002","Block Group 2, Census Tract 1102, Iron County, Utah"
"69773","17101","1500000US490211102003","Block Group 3, Census Tract 1102, Iron County, Utah"
"57269","17377","1500000US490211102004","Block Group 4, Census Tract 1102, Iron County, Utah"
"79922","26959","1500000US490211103001","Block Group 1, Census Tract 1103, Iron County, Utah"
"37273","10920","1500000US490211103002","Block Group 2, Census Tract 1103, Iron County, Utah"
"14963","9858","1500000US490211104001","Block Group 1, Census Tract 1104, Iron County, Utah"
"39155","9476","1500000US490211104002","Block Group 2, Census Tract 1104, Iron County, Utah"
"48750","20716","1500000US490211104003","Block Group 3, Census Tract 1104, Iron County, Utah"
"80662","21250","1500000US490211104004","Block Group 4, Census Tract 1104, Iron County, Utah"
"82813","22282","1500000US490211105001","Block Group 1, Census Tract 1105, Iron County, Utah"
"55644","34570","1500000US490211105002","Block Group 2, Census Tract 1105, Iron County, Utah"
"43415","7624","1500000US490211105003","Block Group 3, Census Tract 1105, Iron County, Utah"
"41563","4401","1500000US490211105004","Block Group 4, Census Tract 1105, Iron County, Utah"
"24661","19415","1500000US490211106001","Block Group 1, Census Tract 1106, Iron County, Utah"
"33179","6452","1500000US490211106002","Block Group 2, Census Tract 1106, Iron County, Utah"
"39716","15030","1500000US490211106003","Block Group 3, Census Tract 1106, Iron County, Utah"
"-","**","1500000US490211106004","Block Group 4, Census Tract 1106, Iron County, Utah"
"55909","18004","1500000US490211107011","Block Group 1, Census Tract 1107.01, Iron County, Utah"
"74259","12053","1500000US490211107012","Block Group 2, Census Tract 1107.01, Iron County, Utah"
"25357","22537","1500000US490211107013","Block Group 3, Census Tract 1107.01, Iron County, Utah"
"54277","10230","1500000US490211107021","Block Group 1, Census Tract 1107.02, Iron County, Utah"
"72683","8034","1500000US490211107022","Block Group 2, Census Tract 1107.02, Iron County, Utah"
"73088","9056","1500000US490230101001","Block Group 1, Census Tract 101, Juab County, Utah"
"83667","21955","1500000US490230101002","Block Group 2, Census Tract 101, Juab County, Utah"
"53357","15855","1500000US490230101003","Block Group 3, Census Tract 101, Juab County, Utah"
"43684","16997","1500000US490230101004","Block Group 4, Census Tract 101, Juab County, Utah"
"54063","5919","1500000US490230102001","Block Group 1, Census Tract 102, Juab County, Utah"
"76964","14863","1500000US490230102002","Block Group 2, Census Tract 102, Juab County, Utah"
"48750","17695","1500000US490230102003","Block Group 3, Census Tract 102, Juab County, Utah"
"34339","1363","1500000US490251301001","Block Group 1, Census Tract 1301, Kane County, Utah"
"42316","6131","1500000US490251301002","Block Group 2, Census Tract 1301, Kane County, Utah"
"65114","12428","1500000US490251301003","Block Group 3, Census Tract 1301, Kane County, Utah"
"52950","16971","1500000US490251302001","Block Group 1, Census Tract 1302, Kane County, Utah"
"34479","16036","1500000US490251302002","Block Group 2, Census Tract 1302, Kane County, Utah"
"44821","41117","1500000US490251302003","Block Group 3, Census Tract 1302, Kane County, Utah"
"47090","19309","1500000US490251302004","Block Group 4, Census Tract 1302, Kane County, Utah"
"69653","6468","1500000US490279741001","Block Group 1, Census Tract 9741, Millard County, Utah"
"65385","59487","1500000US490279741002","Block Group 2, Census Tract 9741, Millard County, Utah"
"86202","26458","1500000US490279741003","Block Group 3, Census Tract 9741, Millard County, Utah"
"32406","29889","1500000US490279741004","Block Group 4, Census Tract 9741, Millard County, Utah"
"58182","19680","1500000US490279742001","Block Group 1, Census Tract 9742, Millard County, Utah"
"66944","30673","1500000US490279742002","Block Group 2, Census Tract 9742, Millard County, Utah"
"80212","25766","1500000US490279742003","Block Group 3, Census Tract 9742, Millard County, Utah"
"62500","15591","1500000US490279743001","Block Group 1, Census Tract 9743, Millard County, Utah"
"59479","12684","1500000US490279743002","Block Group 2, Census Tract 9743, Millard County, Utah"
"57072","11203","1500000US490279743003","Block Group 3, Census Tract 9743, Millard County, Utah"
"57455","11022","1500000US490279743004","Block Group 4, Census Tract 9743, Millard County, Utah"
"109761","18355","1500000US490299701001","Block Group 1, Census Tract 9701, Morgan County, Utah"
"79479","12066","1500000US490299701002","Block Group 2, Census Tract 9701, Morgan County, Utah"
"72115","12646","1500000US490299701003","Block Group 3, Census Tract 9701, Morgan County, Utah"
"92361","55654","1500000US490299701004","Block Group 4, Census Tract 9701, Morgan County, Utah"
"77083","17458","1500000US490299702001","Block Group 1, Census Tract 9702, Morgan County, Utah"
"50278","17272","1500000US490319601001","Block Group 1, Census Tract 9601, Piute County, Utah"
"40000","7570","1500000US490319601002","Block Group 2, Census Tract 9601, Piute County, Utah"
"58864","5867","1500000US490339501001","Block Group 1, Census Tract 9501, Rich County, Utah"
"52917","13380","1500000US490339501002","Block Group 2, Census Tract 9501, Rich County, Utah"
"55694","10010","1500000US490351001001","Block Group 1, Census Tract 1001, Salt Lake County, Utah"
"54402","22609","1500000US490351001002","Block Group 2, Census Tract 1001, Salt Lake County, Utah"
"123750","17308","1500000US490351002001","Block Group 1, Census Tract 1002, Salt Lake County, Utah"
"44219","5181","1500000US490351003061","Block Group 1, Census Tract 1003.06, Salt Lake County, Utah"
"41372","16044","1500000US490351003062","Block Group 2, Census Tract 1003.06, Salt Lake County, Utah"
"45714","11960","1500000US490351003063","Block Group 3, Census Tract 1003.06, Salt Lake County, Utah"
"62818","17365","1500000US490351003071","Block Group 1, Census Tract 1003.07, Salt Lake County, Utah"
"66750","22006","1500000US490351003072","Block Group 2, Census Tract 1003.07, Salt Lake County, Utah"
"91875","22202","1500000US490351003073","Block Group 3, Census Tract 1003.07, Salt Lake County, Utah"
"31929","9497","1500000US490351003081","Block Group 1, Census Tract 1003.08, Salt Lake County, Utah"
"53590","14083","1500000US490351003082","Block Group 2, Census Tract 1003.08, Salt Lake County, Utah"
"86328","63755","1500000US490351005001","Block Group 1, Census Tract 1005, Salt Lake County, Utah"
"60781","23532","1500000US490351005002","Block Group 2, Census Tract 1005, Salt Lake County, Utah"
"52109","32437","1500000US490351005003","Block Group 3, Census Tract 1005, Salt Lake County, Utah"
"51833","43565","1500000US490351005004","Block Group 4, Census Tract 1005, Salt Lake County, Utah"
"46504","37567","1500000US490351005005","Block Group 5, Census Tract 1005, Salt Lake County, Utah"
"36250","13448","1500000US490351006001","Block Group 1, Census Tract 1006, Salt Lake County, Utah"
"38125","15512","1500000US490351006002","Block Group 2, Census Tract 1006, Salt Lake County, Utah"
"64408","34247","1500000US490351006003","Block Group 3, Census Tract 1006, Salt Lake County, Utah"
"41250","33047","1500000US490351006004","Block Group 4, Census Tract 1006, Salt Lake County, Utah"
"49222","14135","1500000US490351006005","Block Group 5, Census Tract 1006, Salt Lake County, Utah"
"63690","20692","1500000US490351007001","Block Group 1, Census Tract 1007, Salt Lake County, Utah"
"71042","17860","1500000US490351007002","Block Group 2, Census Tract 1007, Salt Lake County, Utah"
"28688","16286","1500000US490351007003","Block Group 3, Census Tract 1007, Salt Lake County, Utah"
"57661","14455","1500000US490351008001","Block Group 1, Census Tract 1008, Salt Lake County, Utah"
"57847","22683","1500000US490351008002","Block Group 2, Census Tract 1008, Salt Lake County, Utah"
"46181","14337","1500000US490351008003","Block Group 3, Census Tract 1008, Salt Lake County, Utah"
"84250","17336","1500000US490351010001","Block Group 1, Census Tract 1010, Salt Lake County, Utah"
"106296","29298","1500000US490351010002","Block Group 2, Census Tract 1010, Salt Lake County, Utah"
"62101","7501","1500000US490351011011","Block Group 1, Census Tract 1011.01, Salt Lake County, Utah"
"46071","7646","1500000US490351011012","Block Group 2, Census Tract 1011.01, Salt Lake County, Utah"
"39625","14367","1500000US490351011021","Block Group 1, Census Tract 1011.02, Salt Lake County, Utah"
"63810","26726","1500000US490351011022","Block Group 2, Census Tract 1011.02, Salt Lake County, Utah"
"55000","45267","1500000US490351011023","Block Group 3, Census Tract 1011.02, Salt Lake County, Utah"
"139492","24508","1500000US490351012001","Block Group 1, Census Tract 1012, Salt Lake County, Utah"
"74825","32677","1500000US490351012002","Block Group 2, Census Tract 1012, Salt Lake County, Utah"
"48125","18175","1500000US490351012003","Block Group 3, Census Tract 1012, Salt Lake County, Utah"
"46250","15156","1500000US490351012004","Block Group 4, Census Tract 1012, Salt Lake County, Utah"
"33487","18042","1500000US490351014001","Block Group 1, Census Tract 1014, Salt Lake County, Utah"
"27284","13305","1500000US490351014002","Block Group 2, Census Tract 1014, Salt Lake County, Utah"
"23380","3624","1500000US490351014003","Block Group 3, Census Tract 1014, Salt Lake County, Utah"
"25833","9197","1500000US490351015001","Block Group 1, Census Tract 1015, Salt Lake County, Utah"
"44103","9403","1500000US490351015002","Block Group 2, Census Tract 1015, Salt Lake County, Utah"
"42969","14466","1500000US490351015003","Block Group 3, Census Tract 1015, Salt Lake County, Utah"
"32125","13526","1500000US490351015004","Block Group 4, Census Tract 1015, Salt Lake County, Utah"
"22000","10845","1500000US490351016001","Block Group 1, Census Tract 1016, Salt Lake County, Utah"
"47643","9333","1500000US490351016002","Block Group 2, Census Tract 1016, Salt Lake County, Utah"
"65469","24624","1500000US490351016003","Block Group 3, Census Tract 1016, Salt Lake County, Utah"
"50444","10047","1500000US490351017001","Block Group 1, Census Tract 1017, Salt Lake County, Utah"
"44338","13034","1500000US490351017002","Block Group 2, Census Tract 1017, Salt Lake County, Utah"
"63750","10213","1500000US490351017003","Block Group 3, Census Tract 1017, Salt Lake County, Utah"
"36313","24116","1500000US490351018001","Block Group 1, Census Tract 1018, Salt Lake County, Utah"
"48264","12959","1500000US490351018002","Block Group 2, Census Tract 1018, Salt Lake County, Utah"
"61707","12081","1500000US490351018003","Block Group 3, Census Tract 1018, Salt Lake County, Utah"
"27440","11484","1500000US490351019001","Block Group 1, Census Tract 1019, Salt Lake County, Utah"
"59875","11682","1500000US490351019002","Block Group 2, Census Tract 1019, Salt Lake County, Utah"
"49167","11388","1500000US490351020001","Block Group 1, Census Tract 1020, Salt Lake County, Utah"
"53750","15722","1500000US490351020002","Block Group 2, Census Tract 1020, Salt Lake County, Utah"
"30638","6786","1500000US490351020003","Block Group 3, Census Tract 1020, Salt Lake County, Utah"
"42444","4462","1500000US490351021001","Block Group 1, Census Tract 1021, Salt Lake County, Utah"
"42614","29229","1500000US490351023001","Block Group 1, Census Tract 1023, Salt Lake County, Utah"
"24398","8757","1500000US490351023002","Block Group 2, Census Tract 1023, Salt Lake County, Utah"
"45177","7826","1500000US490351025001","Block Group 1, Census Tract 1025, Salt Lake County, Utah"
"34082","25558","1500000US490351026001","Block Group 1, Census Tract 1026, Salt Lake County, Utah"
"46607","8109","1500000US490351026002","Block Group 2, Census Tract 1026, Salt Lake County, Utah"
"34293","20316","1500000US490351026003","Block Group 3, Census Tract 1026, Salt Lake County, Utah"
"46250","15812","1500000US490351027011","Block Group 1, Census Tract 1027.01, Salt Lake County, Utah"
"39327","6658","1500000US490351027012","Block Group 2, Census Tract 1027.01, Salt Lake County, Utah"
"57768","19003","1500000US490351027013","Block Group 3, Census Tract 1027.01, Salt Lake County, Utah"
"37212","9899","1500000US490351027021","Block Group 1, Census Tract 1027.02, Salt Lake County, Utah"
"50820","18696","1500000US490351027022","Block Group 2, Census Tract 1027.02, Salt Lake County, Utah"
"51716","24033","1500000US490351028011","Block Group 1, Census Tract 1028.01, Salt Lake County, Utah"
"63750","14984","1500000US490351028012","Block Group 2, Census Tract 1028.01, Salt Lake County, Utah"
"49941","8931","1500000US490351028013","Block Group 3, Census Tract 1028.01, Salt Lake County, Utah"
"39821","8513","1500000US490351028021","Block Group 1, Census Tract 1028.02, Salt Lake County, Utah"
"77173","9071","1500000US490351028022","Block Group 2, Census Tract 1028.02, Salt Lake County, Utah"
"68672","14602","1500000US490351028023","Block Group 3, Census Tract 1028.02, Salt Lake County, Utah"
"20225","5506","1500000US490351029001","Block Group 1, Census Tract 1029, Salt Lake County, Utah"
"56096","18520","1500000US490351029002","Block Group 2, Census Tract 1029, Salt Lake County, Utah"
"36833","12616","1500000US490351029003","Block Group 3, Census Tract 1029, Salt Lake County, Utah"
"80893","31388","1500000US490351030001","Block Group 1, Census Tract 1030, Salt Lake County, Utah"
"74565","13830","1500000US490351030002","Block Group 2, Census Tract 1030, Salt Lake County, Utah"
"65313","19625","1500000US490351031001","Block Group 1, Census Tract 1031, Salt Lake County, Utah"
"77326","12952","1500000US490351031002","Block Group 2, Census Tract 1031, Salt Lake County, Utah"
"27120","16026","1500000US490351031003","Block Group 3, Census Tract 1031, Salt Lake County, Utah"
"71486","18728","1500000US490351032001","Block Group 1, Census Tract 1032, Salt Lake County, Utah"
"64107","38263","1500000US490351032002","Block Group 2, Census Tract 1032, Salt Lake County, Utah"
"28750","24119","1500000US490351032003","Block Group 3, Census Tract 1032, Salt Lake County, Utah"
"64145","16782","1500000US490351033001","Block Group 1, Census Tract 1033, Salt Lake County, Utah"
"63615","28719","1500000US490351033002","Block Group 2, Census Tract 1033, Salt Lake County, Utah"
"58259","21795","1500000US490351033003","Block Group 3, Census Tract 1033, Salt Lake County, Utah"
"81711","26870","1500000US490351034001","Block Group 1, Census Tract 1034, Salt Lake County, Utah"
"73205","11555","1500000US490351034002","Block Group 2, Census Tract 1034, Salt Lake County, Utah"
"85441","45190","1500000US490351034003","Block Group 3, Census Tract 1034, Salt Lake County, Utah"
"134028","53627","1500000US490351035001","Block Group 1, Census Tract 1035, Salt Lake County, Utah"
"84813","19808","1500000US490351035002","Block Group 2, Census Tract 1035, Salt Lake County, Utah"
"72692","15773","1500000US490351035003","Block Group 3, Census Tract 1035, Salt Lake County, Utah"
"124313","23435","1500000US490351036001","Block Group 1, Census Tract 1036, Salt Lake County, Utah"
"131771","21523","1500000US490351036002","Block Group 2, Census Tract 1036, Salt Lake County, Utah"
"124722","49587","1500000US490351037001","Block Group 1, Census Tract 1037, Salt Lake County, Utah"
"101908","28654","1500000US490351037002","Block Group 2, Census Tract 1037, Salt Lake County, Utah"
"124063","30880","1500000US490351038001","Block Group 1, Census Tract 1038, Salt Lake County, Utah"
"98323","22630","1500000US490351038002","Block Group 2, Census Tract 1038, Salt Lake County, Utah"
"81188","14162","1500000US490351039001","Block Group 1, Census Tract 1039, Salt Lake County, Utah"
"92000","28349","1500000US490351039002","Block Group 2, Census Tract 1039, Salt Lake County, Utah"
"100278","20882","1500000US490351039003","Block Group 3, Census Tract 1039, Salt Lake County, Utah"
"84688","34669","1500000US490351040001","Block Group 1, Census Tract 1040, Salt Lake County, Utah"
"114597","5127","1500000US490351040002","Block Group 2, Census Tract 1040, Salt Lake County, Utah"
"160804","50805","1500000US490351040003","Block Group 3, Census Tract 1040, Salt Lake County, Utah"
"90446","39784","1500000US490351041001","Block Group 1, Census Tract 1041, Salt Lake County, Utah"
"121667","32880","1500000US490351041002","Block Group 2, Census Tract 1041, Salt Lake County, Utah"
"115984","16357","1500000US490351042001","Block Group 1, Census Tract 1042, Salt Lake County, Utah"
"250,000+","***","1500000US490351042002","Block Group 2, Census Tract 1042, Salt Lake County, Utah"
"151176","58467","1500000US490351042003","Block Group 3, Census Tract 1042, Salt Lake County, Utah"
"122917","22548","1500000US490351042004","Block Group 4, Census Tract 1042, Salt Lake County, Utah"
"211295","46640","1500000US490351042005","Block Group 5, Census Tract 1042, Salt Lake County, Utah"
"83824","52848","1500000US490351042006","Block Group 6, Census Tract 1042, Salt Lake County, Utah"
"106146","31684","1500000US490351043001","Block Group 1, Census Tract 1043, Salt Lake County, Utah"
"77292","25027","1500000US490351043002","Block Group 2, Census Tract 1043, Salt Lake County, Utah"
"130500","18202","1500000US490351044001","Block Group 1, Census Tract 1044, Salt Lake County, Utah"
"173125","62072","1500000US490351044002","Block Group 2, Census Tract 1044, Salt Lake County, Utah"
"76094","20209","1500000US490351047001","Block Group 1, Census Tract 1047, Salt Lake County, Utah"
"96518","21931","1500000US490351047002","Block Group 2, Census Tract 1047, Salt Lake County, Utah"
"77862","28413","1500000US490351047003","Block Group 3, Census Tract 1047, Salt Lake County, Utah"
"86308","12200","1500000US490351048001","Block Group 1, Census Tract 1048, Salt Lake County, Utah"
"89250","29145","1500000US490351048002","Block Group 2, Census Tract 1048, Salt Lake County, Utah"
"74394","24864","1500000US490351048003","Block Group 3, Census Tract 1048, Salt Lake County, Utah"
"81500","26113","1500000US490351048004","Block Group 4, Census Tract 1048, Salt Lake County, Utah"
"71165","8016","1500000US490351049001","Block Group 1, Census Tract 1049, Salt Lake County, Utah"
"58750","14173","1500000US490351049002","Block Group 2, Census Tract 1049, Salt Lake County, Utah"
"50625","31741","1500000US490351049003","Block Group 3, Census Tract 1049, Salt Lake County, Utah"
"163875","55110","1500000US490351101021","Block Group 1, Census Tract 1101.02, Salt Lake County, Utah"
"109063","27305","1500000US490351101022","Block Group 2, Census Tract 1101.02, Salt Lake County, Utah"
"145074","51192","1500000US490351101023","Block Group 3, Census Tract 1101.02, Salt Lake County, Utah"
"127625","35175","1500000US490351101031","Block Group 1, Census Tract 1101.03, Salt Lake County, Utah"
"116750","47335","1500000US490351101032","Block Group 2, Census Tract 1101.03, Salt Lake County, Utah"
"109957","38251","1500000US490351101033","Block Group 3, Census Tract 1101.03, Salt Lake County, Utah"
"156250","39933","1500000US490351101041","Block Group 1, Census Tract 1101.04, Salt Lake County, Utah"
"142143","43370","1500000US490351101042","Block Group 2, Census Tract 1101.04, Salt Lake County, Utah"
"107375","26424","1500000US490351101043","Block Group 3, Census Tract 1101.04, Salt Lake County, Utah"
"149208","28441","1500000US490351101044","Block Group 4, Census Tract 1101.04, Salt Lake County, Utah"
"112279","18643","1500000US490351102001","Block Group 1, Census Tract 1102, Salt Lake County, Utah"
"113929","31801","1500000US490351102002","Block Group 2, Census Tract 1102, Salt Lake County, Utah"
"91000","44118","1500000US490351102003","Block Group 3, Census Tract 1102, Salt Lake County, Utah"
"113438","16837","1500000US490351102004","Block Group 4, Census Tract 1102, Salt Lake County, Utah"
"79531","36154","1500000US490351102005","Block Group 5, Census Tract 1102, Salt Lake County, Utah"
"66833","31162","1500000US490351103001","Block Group 1, Census Tract 1103, Salt Lake County, Utah"
"-","**","1500000US490351103002","Block Group 2, Census Tract 1103, Salt Lake County, Utah"
"91231","8906","1500000US490351103003","Block Group 3, Census Tract 1103, Salt Lake County, Utah"
"76331","32617","1500000US490351103004","Block Group 4, Census Tract 1103, Salt Lake County, Utah"
"113125","19367","1500000US490351103005","Block Group 5, Census Tract 1103, Salt Lake County, Utah"
"96618","46038","1500000US490351103006","Block Group 6, Census Tract 1103, Salt Lake County, Utah"
"128750","62321","1500000US490351104011","Block Group 1, Census Tract 1104.01, Salt Lake County, Utah"
"59844","15469","1500000US490351104012","Block Group 2, Census Tract 1104.01, Salt Lake County, Utah"
"52426","15047","1500000US490351104013","Block Group 3, Census Tract 1104.01, Salt Lake County, Utah"
"81375","18624","1500000US490351104021","Block Group 1, Census Tract 1104.02, Salt Lake County, Utah"
"64688","11699","1500000US490351104022","Block Group 2, Census Tract 1104.02, Salt Lake County, Utah"
"132422","36550","1500000US490351104023","Block Group 3, Census Tract 1104.02, Salt Lake County, Utah"
"91406","16337","1500000US490351105001","Block Group 1, Census Tract 1105, Salt Lake County, Utah"
"115482","12396","1500000US490351105002","Block Group 2, Census Tract 1105, Salt Lake County, Utah"
"64725","62547","1500000US490351105003","Block Group 3, Census Tract 1105, Salt Lake County, Utah"
"56579","27438","1500000US490351105004","Block Group 4, Census Tract 1105, Salt Lake County, Utah"
"105469","47092","1500000US490351106001","Block Group 1, Census Tract 1106, Salt Lake County, Utah"
"97500","22314","1500000US490351106002","Block Group 2, Census Tract 1106, Salt Lake County, Utah"
"124844","47477","1500000US490351106003","Block Group 3, Census Tract 1106, Salt Lake County, Utah"
"65938","22892","1500000US490351106004","Block Group 4, Census Tract 1106, Salt Lake County, Utah"
"176786","40046","1500000US490351106005","Block Group 5, Census Tract 1106, Salt Lake County, Utah"
"63523","15137","1500000US490351107011","Block Group 1, Census Tract 1107.01, Salt Lake County, Utah"
"83625","17458","1500000US490351107012","Block Group 2, Census Tract 1107.01, Salt Lake County, Utah"
"117563","37921","1500000US490351107021","Block Group 1, Census Tract 1107.02, Salt Lake County, Utah"
"86375","20756","1500000US490351107022","Block Group 2, Census Tract 1107.02, Salt Lake County, Utah"
"77708","57254","1500000US490351107023","Block Group 3, Census Tract 1107.02, Salt Lake County, Utah"
"60078","14943","1500000US490351107024","Block Group 4, Census Tract 1107.02, Salt Lake County, Utah"
"46700","24399","1500000US490351108001","Block Group 1, Census Tract 1108, Salt Lake County, Utah"
"70568","13408","1500000US490351108002","Block Group 2, Census Tract 1108, Salt Lake County, Utah"
"98274","27313","1500000US490351108003","Block Group 3, Census Tract 1108, Salt Lake County, Utah"
"58643","12422","1500000US490351108004","Block Group 4, Census Tract 1108, Salt Lake County, Utah"
"129167","63291","1500000US490351109001","Block Group 1, Census Tract 1109, Salt Lake County, Utah"
"137557","72850","1500000US490351109002","Block Group 2, Census Tract 1109, Salt Lake County, Utah"
"151667","70853","1500000US490351109003","Block Group 3, Census Tract 1109, Salt Lake County, Utah"
"99583","35596","1500000US490351109004","Block Group 4, Census Tract 1109, Salt Lake County, Utah"
"115060","36294","1500000US490351110011","Block Group 1, Census Tract 1110.01, Salt Lake County, Utah"
"133750","37363","1500000US490351110012","Block Group 2, Census Tract 1110.01, Salt Lake County, Utah"
"103156","17173","1500000US490351110013","Block Group 3, Census Tract 1110.01, Salt Lake County, Utah"
"106781","11431","1500000US490351110021","Block Group 1, Census Tract 1110.02, Salt Lake County, Utah"
"64494","6293","1500000US490351110022","Block Group 2, Census Tract 1110.02, Salt Lake County, Utah"
"158750","46880","1500000US490351110023","Block Group 3, Census Tract 1110.02, Salt Lake County, Utah"
"66851","32941","1500000US490351111011","Block Group 1, Census Tract 1111.01, Salt Lake County, Utah"
"63615","12709","1500000US490351111012","Block Group 2, Census Tract 1111.01, Salt Lake County, Utah"
"52794","44517","1500000US490351111013","Block Group 3, Census Tract 1111.01, Salt Lake County, Utah"
"102933","16895","1500000US490351111014","Block Group 4, Census Tract 1111.01, Salt Lake County, Utah"
"50302","15954","1500000US490351111021","Block Group 1, Census Tract 1111.02, Salt Lake County, Utah"
"72604","35905","1500000US490351111022","Block Group 2, Census Tract 1111.02, Salt Lake County, Utah"
"56554","21254","1500000US490351111023","Block Group 3, Census Tract 1111.02, Salt Lake County, Utah"
"79408","35734","1500000US490351111024","Block Group 4, Census Tract 1111.02, Salt Lake County, Utah"
"67500","25482","1500000US490351111031","Block Group 1, Census Tract 1111.03, Salt Lake County, Utah"
"61250","16755","1500000US490351111032","Block Group 2, Census Tract 1111.03, Salt Lake County, Utah"
"104188","41334","1500000US490351111033","Block Group 3, Census Tract 1111.03, Salt Lake County, Utah"
"61635","49431","1500000US490351111034","Block Group 4, Census Tract 1111.03, Salt Lake County, Utah"
"94231","29854","1500000US490351112011","Block Group 1, Census Tract 1112.01, Salt Lake County, Utah"
"85556","22369","1500000US490351112012","Block Group 2, Census Tract 1112.01, Salt Lake County, Utah"
"61534","21611","1500000US490351112021","Block Group 1, Census Tract 1112.02, Salt Lake County, Utah"
"80302","15840","1500000US490351112022","Block Group 2, Census Tract 1112.02, Salt Lake County, Utah"
"82056","19431","1500000US490351112023","Block Group 3, Census Tract 1112.02, Salt Lake County, Utah"
"113971","28801","1500000US490351113021","Block Group 1, Census Tract 1113.02, Salt Lake County, Utah"
"81734","13978","1500000US490351113022","Block Group 2, Census Tract 1113.02, Salt Lake County, Utah"
"94236","28668","1500000US490351113023","Block Group 3, Census Tract 1113.02, Salt Lake County, Utah"
"134196","22202","1500000US490351113024","Block Group 4, Census Tract 1113.02, Salt Lake County, Utah"
"111447","52361","1500000US490351113041","Block Group 1, Census Tract 1113.04, Salt Lake County, Utah"
"101645","14484","1500000US490351113042","Block Group 2, Census Tract 1113.04, Salt Lake County, Utah"
"89837","11812","1500000US490351113051","Block Group 1, Census Tract 1113.05, Salt Lake County, Utah"
"79135","24926","1500000US490351113052","Block Group 2, Census Tract 1113.05, Salt Lake County, Utah"
"75438","14084","1500000US490351113061","Block Group 1, Census Tract 1113.06, Salt Lake County, Utah"
"128194","23233","1500000US490351113062","Block Group 2, Census Tract 1113.06, Salt Lake County, Utah"
"68387","3722","1500000US490351114001","Block Group 1, Census Tract 1114, Salt Lake County, Utah"
"78548","39882","1500000US490351114002","Block Group 2, Census Tract 1114, Salt Lake County, Utah"
"51789","20708","1500000US490351114003","Block Group 3, Census Tract 1114, Salt Lake County, Utah"
"47582","10679","1500000US490351114004","Block Group 4, Census Tract 1114, Salt Lake County, Utah"
"59083","14227","1500000US490351114005","Block Group 5, Census Tract 1114, Salt Lake County, Utah"
"37466","19621","1500000US490351114006","Block Group 6, Census Tract 1114, Salt Lake County, Utah"
"38167","6899","1500000US490351115001","Block Group 1, Census Tract 1115, Salt Lake County, Utah"
"78571","42498","1500000US490351116001","Block Group 1, Census Tract 1116, Salt Lake County, Utah"
"40818","18893","1500000US490351116002","Block Group 2, Census Tract 1116, Salt Lake County, Utah"
"39252","4414","1500000US490351116003","Block Group 3, Census Tract 1116, Salt Lake County, Utah"
"35956","26634","1500000US490351116004","Block Group 4, Census Tract 1116, Salt Lake County, Utah"
"40463","14508","1500000US490351117011","Block Group 1, Census Tract 1117.01, Salt Lake County, Utah"
"39338","11013","1500000US490351117012","Block Group 2, Census Tract 1117.01, Salt Lake County, Utah"
"32577","8431","1500000US490351117013","Block Group 3, Census Tract 1117.01, Salt Lake County, Utah"
"70147","11829","1500000US490351117021","Block Group 1, Census Tract 1117.02, Salt Lake County, Utah"
"34041","10800","1500000US490351117022","Block Group 2, Census Tract 1117.02, Salt Lake County, Utah"
"64833","8054","1500000US490351117023","Block Group 3, Census Tract 1117.02, Salt Lake County, Utah"
"41031","8327","1500000US490351117024","Block Group 4, Census Tract 1117.02, Salt Lake County, Utah"
"86075","12806","1500000US490351118011","Block Group 1, Census Tract 1118.01, Salt Lake County, Utah"
"55286","15812","1500000US490351118012","Block Group 2, Census Tract 1118.01, Salt Lake County, Utah"
"43750","5011","1500000US490351118013","Block Group 3, Census Tract 1118.01, Salt Lake County, Utah"
"58598","2291","1500000US490351118021","Block Group 1, Census Tract 1118.02, Salt Lake County, Utah"
"48551","17339","1500000US490351118022","Block Group 2, Census Tract 1118.02, Salt Lake County, Utah"
"66740","8105","1500000US490351119031","Block Group 1, Census Tract 1119.03, Salt Lake County, Utah"
"68750","25682","1500000US490351119032","Block Group 2, Census Tract 1119.03, Salt Lake County, Utah"
"53835","10021","1500000US490351119033","Block Group 3, Census Tract 1119.03, Salt Lake County, Utah"
"65855","13568","1500000US490351119041","Block Group 1, Census Tract 1119.04, Salt Lake County, Utah"
"55224","9603","1500000US490351119042","Block Group 2, Census Tract 1119.04, Salt Lake County, Utah"
"42528","10022","1500000US490351119043","Block Group 3, Census Tract 1119.04, Salt Lake County, Utah"
"44500","17993","1500000US490351119051","Block Group 1, Census Tract 1119.05, Salt Lake County, Utah"
"47917","19727","1500000US490351119052","Block Group 2, Census Tract 1119.05, Salt Lake County, Utah"
"51771","15738","1500000US490351119061","Block Group 1, Census Tract 1119.06, Salt Lake County, Utah"
"52702","9104","1500000US490351119062","Block Group 2, Census Tract 1119.06, Salt Lake County, Utah"
"73750","22975","1500000US490351120011","Block Group 1, Census Tract 1120.01, Salt Lake County, Utah"
"54063","14559","1500000US490351120012","Block Group 2, Census Tract 1120.01, Salt Lake County, Utah"
"37477","10058","1500000US490351120013","Block Group 3, Census Tract 1120.01, Salt Lake County, Utah"
"95809","40127","1500000US490351120021","Block Group 1, Census Tract 1120.02, Salt Lake County, Utah"
"54661","12168","1500000US490351120022","Block Group 2, Census Tract 1120.02, Salt Lake County, Utah"
"63306","30058","1500000US490351120023","Block Group 3, Census Tract 1120.02, Salt Lake County, Utah"
"35556","17937","1500000US490351120024","Block Group 4, Census Tract 1120.02, Salt Lake County, Utah"
"111985","18709","1500000US490351121001","Block Group 1, Census Tract 1121, Salt Lake County, Utah"
"44397","12279","1500000US490351121002","Block Group 2, Census Tract 1121, Salt Lake County, Utah"
"60729","20802","1500000US490351121003","Block Group 3, Census Tract 1121, Salt Lake County, Utah"
"63036","24910","1500000US490351121004","Block Group 4, Census Tract 1121, Salt Lake County, Utah"
"90625","16984","1500000US490351121005","Block Group 5, Census Tract 1121, Salt Lake County, Utah"
"58125","8479","1500000US490351122011","Block Group 1, Census Tract 1122.01, Salt Lake County, Utah"
"106316","14268","1500000US490351122012","Block Group 2, Census Tract 1122.01, Salt Lake County, Utah"
"59333","9458","1500000US490351122013","Block Group 3, Census Tract 1122.01, Salt Lake County, Utah"
"88214","35933","1500000US490351122021","Block Group 1, Census Tract 1122.02, Salt Lake County, Utah"
"53614","4721","1500000US490351122022","Block Group 2, Census Tract 1122.02, Salt Lake County, Utah"
"68194","44867","1500000US490351122023","Block Group 3, Census Tract 1122.02, Salt Lake County, Utah"
"46420","10204","1500000US490351123011","Block Group 1, Census Tract 1123.01, Salt Lake County, Utah"
"42168","16219","1500000US490351123012","Block Group 2, Census Tract 1123.01, Salt Lake County, Utah"
"78571","26561","1500000US490351123013","Block Group 3, Census Tract 1123.01, Salt Lake County, Utah"
"89669","13673","1500000US490351123021","Block Group 1, Census Tract 1123.02, Salt Lake County, Utah"
"89313","16652","1500000US490351123022","Block Group 2, Census Tract 1123.02, Salt Lake County, Utah"
"54728","5250","1500000US490351123023","Block Group 3, Census Tract 1123.02, Salt Lake County, Utah"
"91296","25915","1500000US490351124021","Block Group 1, Census Tract 1124.02, Salt Lake County, Utah"
"57061","22097","1500000US490351124022","Block Group 2, Census Tract 1124.02, Salt Lake County, Utah"
"52750","21319","1500000US490351124023","Block Group 3, Census Tract 1124.02, Salt Lake County, Utah"
"34474","13542","1500000US490351124024","Block Group 4, Census Tract 1124.02, Salt Lake County, Utah"
"64719","8924","1500000US490351124031","Block Group 1, Census Tract 1124.03, Salt Lake County, Utah"
"40000","21634","1500000US490351124032","Block Group 2, Census Tract 1124.03, Salt Lake County, Utah"
"48813","6491","1500000US490351124033","Block Group 3, Census Tract 1124.03, Salt Lake County, Utah"
"41724","13348","1500000US490351124041","Block Group 1, Census Tract 1124.04, Salt Lake County, Utah"
"57564","7711","1500000US490351124042","Block Group 2, Census Tract 1124.04, Salt Lake County, Utah"
"43750","19137","1500000US490351125011","Block Group 1, Census Tract 1125.01, Salt Lake County, Utah"
"69519","18088","1500000US490351125012","Block Group 2, Census Tract 1125.01, Salt Lake County, Utah"
"61250","23828","1500000US490351125013","Block Group 3, Census Tract 1125.01, Salt Lake County, Utah"
"43267","11393","1500000US490351125021","Block Group 1, Census Tract 1125.02, Salt Lake County, Utah"
"91964","17523","1500000US490351125022","Block Group 2, Census Tract 1125.02, Salt Lake County, Utah"
"67703","28682","1500000US490351125023","Block Group 3, Census Tract 1125.02, Salt Lake County, Utah"
"47386","16098","1500000US490351125024","Block Group 4, Census Tract 1125.02, Salt Lake County, Utah"
"95063","22850","1500000US490351125025","Block Group 5, Census Tract 1125.02, Salt Lake County, Utah"
"56168","5675","1500000US490351125031","Block Group 1, Census Tract 1125.03, Salt Lake County, Utah"
"74241","13043","1500000US490351125032","Block Group 2, Census Tract 1125.03, Salt Lake County, Utah"
"62790","7035","1500000US490351125033","Block Group 3, Census Tract 1125.03, Salt Lake County, Utah"
"60708","7322","1500000US490351125034","Block Group 4, Census Tract 1125.03, Salt Lake County, Utah"
"79145","10841","1500000US490351126041","Block Group 1, Census Tract 1126.04, Salt Lake County, Utah"
"75893","15313","1500000US490351126042","Block Group 2, Census Tract 1126.04, Salt Lake County, Utah"
"72656","37089","1500000US490351126043","Block Group 3, Census Tract 1126.04, Salt Lake County, Utah"
"70278","5727","1500000US490351126044","Block Group 4, Census Tract 1126.04, Salt Lake County, Utah"
"88882","11068","1500000US490351126051","Block Group 1, Census Tract 1126.05, Salt Lake County, Utah"
"74750","19803","1500000US490351126052","Block Group 2, Census Tract 1126.05, Salt Lake County, Utah"
"56563","15399","1500000US490351126053","Block Group 3, Census Tract 1126.05, Salt Lake County, Utah"
"48667","36014","1500000US490351126054","Block Group 4, Census Tract 1126.05, Salt Lake County, Utah"
"81719","20457","1500000US490351126055","Block Group 5, Census Tract 1126.05, Salt Lake County, Utah"
"124000","36295","1500000US490351126081","Block Group 1, Census Tract 1126.08, Salt Lake County, Utah"
"107303","16619","1500000US490351126082","Block Group 2, Census Tract 1126.08, Salt Lake County, Utah"
"107063","10800","1500000US490351126083","Block Group 3, Census Tract 1126.08, Salt Lake County, Utah"
"66719","56713","1500000US490351126084","Block Group 4, Census Tract 1126.08, Salt Lake County, Utah"
"130238","29091","1500000US490351126091","Block Group 1, Census Tract 1126.09, Salt Lake County, Utah"
"90759","12329","1500000US490351126092","Block Group 2, Census Tract 1126.09, Salt Lake County, Utah"
"101356","9373","1500000US490351126093","Block Group 3, Census Tract 1126.09, Salt Lake County, Utah"
"44100","25661","1500000US490351126101","Block Group 1, Census Tract 1126.10, Salt Lake County, Utah"
"80313","30352","1500000US490351126102","Block Group 2, Census Tract 1126.10, Salt Lake County, Utah"
"86500","19619","1500000US490351126103","Block Group 3, Census Tract 1126.10, Salt Lake County, Utah"
"87344","59263","1500000US490351126111","Block Group 1, Census Tract 1126.11, Salt Lake County, Utah"
"93032","9890","1500000US490351126112","Block Group 2, Census Tract 1126.11, Salt Lake County, Utah"
"87731","22740","1500000US490351126113","Block Group 3, Census Tract 1126.11, Salt Lake County, Utah"
"80263","27386","1500000US490351126114","Block Group 4, Census Tract 1126.11, Salt Lake County, Utah"
"88036","14732","1500000US490351126121","Block Group 1, Census Tract 1126.12, Salt Lake County, Utah"
"66858","11505","1500000US490351126122","Block Group 2, Census Tract 1126.12, Salt Lake County, Utah"
"124886","17113","1500000US490351126131","Block Group 1, Census Tract 1126.13, Salt Lake County, Utah"
"88516","12089","1500000US490351126132","Block Group 2, Census Tract 1126.13, Salt Lake County, Utah"
"104643","16499","1500000US490351126133","Block Group 3, Census Tract 1126.13, Salt Lake County, Utah"
"101094","31990","1500000US490351126141","Block Group 1, Census Tract 1126.14, Salt Lake County, Utah"
"102083","32404","1500000US490351126142","Block Group 2, Census Tract 1126.14, Salt Lake County, Utah"
"115250","14493","1500000US490351126151","Block Group 1, Census Tract 1126.15, Salt Lake County, Utah"
"127303","16796","1500000US490351126152","Block Group 2, Census Tract 1126.15, Salt Lake County, Utah"
"96667","23676","1500000US490351126161","Block Group 1, Census Tract 1126.16, Salt Lake County, Utah"
"142885","30869","1500000US490351126162","Block Group 2, Census Tract 1126.16, Salt Lake County, Utah"
"136979","19049","1500000US490351126171","Block Group 1, Census Tract 1126.17, Salt Lake County, Utah"
"149095","18448","1500000US490351126172","Block Group 2, Census Tract 1126.17, Salt Lake County, Utah"
"98500","34938","1500000US490351126173","Block Group 3, Census Tract 1126.17, Salt Lake County, Utah"
"79853","33379","1500000US490351126181","Block Group 1, Census Tract 1126.18, Salt Lake County, Utah"
"82891","14781","1500000US490351126182","Block Group 2, Census Tract 1126.18, Salt Lake County, Utah"
"146173","13742","1500000US490351126191","Block Group 1, Census Tract 1126.19, Salt Lake County, Utah"
"100078","10679","1500000US490351126192","Block Group 2, Census Tract 1126.19, Salt Lake County, Utah"
"87105","21545","1500000US490351127001","Block Group 1, Census Tract 1127, Salt Lake County, Utah"
"56648","20736","1500000US490351127002","Block Group 2, Census Tract 1127, Salt Lake County, Utah"
"32075","19601","1500000US490351127003","Block Group 3, Census Tract 1127, Salt Lake County, Utah"
"65990","8255","1500000US490351127004","Block Group 4, Census Tract 1127, Salt Lake County, Utah"
"75685","7253","1500000US490351128041","Block Group 1, Census Tract 1128.04, Salt Lake County, Utah"
"111250","12115","1500000US490351128042","Block Group 2, Census Tract 1128.04, Salt Lake County, Utah"
"109129","10983","1500000US490351128043","Block Group 3, Census Tract 1128.04, Salt Lake County, Utah"
"117887","9740","1500000US490351128044","Block Group 4, Census Tract 1128.04, Salt Lake County, Utah"
"114808","22771","1500000US490351128051","Block Group 1, Census Tract 1128.05, Salt Lake County, Utah"
"86724","15089","1500000US490351128052","Block Group 2, Census Tract 1128.05, Salt Lake County, Utah"
"121250","37461","1500000US490351128053","Block Group 3, Census Tract 1128.05, Salt Lake County, Utah"
"150446","12024","1500000US490351128101","Block Group 1, Census Tract 1128.10, Salt Lake County, Utah"
"102242","13712","1500000US490351128102","Block Group 2, Census Tract 1128.10, Salt Lake County, Utah"
"122067","39973","1500000US490351128103","Block Group 3, Census Tract 1128.10, Salt Lake County, Utah"
"57500","15250","1500000US490351128121","Block Group 1, Census Tract 1128.12, Salt Lake County, Utah"
"54545","15524","1500000US490351128122","Block Group 2, Census Tract 1128.12, Salt Lake County, Utah"
"99934","10133","1500000US490351128123","Block Group 3, Census Tract 1128.12, Salt Lake County, Utah"
"91354","13457","1500000US490351128124","Block Group 4, Census Tract 1128.12, Salt Lake County, Utah"
"124196","20939","1500000US490351128131","Block Group 1, Census Tract 1128.13, Salt Lake County, Utah"
"111875","22749","1500000US490351128132","Block Group 2, Census Tract 1128.13, Salt Lake County, Utah"
"95542","14528","1500000US490351128133","Block Group 3, Census Tract 1128.13, Salt Lake County, Utah"
"149118","75005","1500000US490351128134","Block Group 4, Census Tract 1128.13, Salt Lake County, Utah"
"107723","26184","1500000US490351128141","Block Group 1, Census Tract 1128.14, Salt Lake County, Utah"
"165556","38661","1500000US490351128142","Block Group 2, Census Tract 1128.14, Salt Lake County, Utah"
"118295","20838","1500000US490351128151","Block Group 1, Census Tract 1128.15, Salt Lake County, Utah"
"165455","23158","1500000US490351128152","Block Group 2, Census Tract 1128.15, Salt Lake County, Utah"
"158977","49220","1500000US490351128161","Block Group 1, Census Tract 1128.16, Salt Lake County, Utah"
"157964","46485","1500000US490351128162","Block Group 2, Census Tract 1128.16, Salt Lake County, Utah"
"102422","21176","1500000US490351128163","Block Group 3, Census Tract 1128.16, Salt Lake County, Utah"
"95634","17515","1500000US490351128171","Block Group 1, Census Tract 1128.17, Salt Lake County, Utah"
"83693","15154","1500000US490351128172","Block Group 2, Census Tract 1128.17, Salt Lake County, Utah"
"157171","57898","1500000US490351128173","Block Group 3, Census Tract 1128.17, Salt Lake County, Utah"
"-","**","1500000US490351128181","Block Group 1, Census Tract 1128.18, Salt Lake County, Utah"
"64118","20064","1500000US490351128191","Block Group 1, Census Tract 1128.19, Salt Lake County, Utah"
"158438","13812","1500000US490351128192","Block Group 2, Census Tract 1128.19, Salt Lake County, Utah"
"100972","23570","1500000US490351128201","Block Group 1, Census Tract 1128.20, Salt Lake County, Utah"
"122426","23960","1500000US490351128202","Block Group 2, Census Tract 1128.20, Salt Lake County, Utah"
"121875","22231","1500000US490351128211","Block Group 1, Census Tract 1128.21, Salt Lake County, Utah"
"158021","35977","1500000US490351128212","Block Group 2, Census Tract 1128.21, Salt Lake County, Utah"
"67432","14284","1500000US490351128221","Block Group 1, Census Tract 1128.22, Salt Lake County, Utah"
"78594","17689","1500000US490351128222","Block Group 2, Census Tract 1128.22, Salt Lake County, Utah"
"121696","9370","1500000US490351128231","Block Group 1, Census Tract 1128.23, Salt Lake County, Utah"
"103750","30847","1500000US490351128232","Block Group 2, Census Tract 1128.23, Salt Lake County, Utah"
"96389","11230","1500000US490351128233","Block Group 3, Census Tract 1128.23, Salt Lake County, Utah"
"90990","11968","1500000US490351129041","Block Group 1, Census Tract 1129.04, Salt Lake County, Utah"
"80800","13974","1500000US490351129042","Block Group 2, Census Tract 1129.04, Salt Lake County, Utah"
"51250","28724","1500000US490351129043","Block Group 3, Census Tract 1129.04, Salt Lake County, Utah"
"50682","14014","1500000US490351129044","Block Group 4, Census Tract 1129.04, Salt Lake County, Utah"
"86188","19347","1500000US490351129051","Block Group 1, Census Tract 1129.05, Salt Lake County, Utah"
"118036","33480","1500000US490351129052","Block Group 2, Census Tract 1129.05, Salt Lake County, Utah"
"111250","12469","1500000US490351129053","Block Group 3, Census Tract 1129.05, Salt Lake County, Utah"
"68824","13227","1500000US490351129071","Block Group 1, Census Tract 1129.07, Salt Lake County, Utah"
"99282","18382","1500000US490351129072","Block Group 2, Census Tract 1129.07, Salt Lake County, Utah"
"56818","46079","1500000US490351129073","Block Group 3, Census Tract 1129.07, Salt Lake County, Utah"
"88571","19018","1500000US490351129121","Block Group 1, Census Tract 1129.12, Salt Lake County, Utah"
"83824","3983","1500000US490351129122","Block Group 2, Census Tract 1129.12, Salt Lake County, Utah"
"113620","17117","1500000US490351129131","Block Group 1, Census Tract 1129.13, Salt Lake County, Utah"
"80044","8328","1500000US490351129132","Block Group 2, Census Tract 1129.13, Salt Lake County, Utah"
"86413","18027","1500000US490351129133","Block Group 3, Census Tract 1129.13, Salt Lake County, Utah"
"109375","36918","1500000US490351129141","Block Group 1, Census Tract 1129.14, Salt Lake County, Utah"
"60625","22302","1500000US490351129142","Block Group 2, Census Tract 1129.14, Salt Lake County, Utah"
"88253","21281","1500000US490351129143","Block Group 3, Census Tract 1129.14, Salt Lake County, Utah"
"77500","22004","1500000US490351129144","Block Group 4, Census Tract 1129.14, Salt Lake County, Utah"
"54148","14674","1500000US490351129161","Block Group 1, Census Tract 1129.16, Salt Lake County, Utah"
"71750","16281","1500000US490351129162","Block Group 2, Census Tract 1129.16, Salt Lake County, Utah"
"92500","36740","1500000US490351129163","Block Group 3, Census Tract 1129.16, Salt Lake County, Utah"
"70395","48659","1500000US490351129171","Block Group 1, Census Tract 1129.17, Salt Lake County, Utah"
"78750","16851","1500000US490351129172","Block Group 2, Census Tract 1129.17, Salt Lake County, Utah"
"63438","6906","1500000US490351129181","Block Group 1, Census Tract 1129.18, Salt Lake County, Utah"
"61000","11968","1500000US490351129182","Block Group 2, Census Tract 1129.18, Salt Lake County, Utah"
"52619","11937","1500000US490351129201","Block Group 1, Census Tract 1129.20, Salt Lake County, Utah"
"86402","10553","1500000US490351129202","Block Group 2, Census Tract 1129.20, Salt Lake County, Utah"
"77778","24116","1500000US490351129211","Block Group 1, Census Tract 1129.21, Salt Lake County, Utah"
"78036","60472","1500000US490351129212","Block Group 2, Census Tract 1129.21, Salt Lake County, Utah"
"75815","6488","1500000US490351129213","Block Group 3, Census Tract 1129.21, Salt Lake County, Utah"
"97218","12689","1500000US490351130071","Block Group 1, Census Tract 1130.07, Salt Lake County, Utah"
"101528","16126","1500000US490351130072","Block Group 2, Census Tract 1130.07, Salt Lake County, Utah"
"141750","23511","1500000US490351130081","Block Group 1, Census Tract 1130.08, Salt Lake County, Utah"
"133942","21155","1500000US490351130082","Block Group 2, Census Tract 1130.08, Salt Lake County, Utah"
"122768","12576","1500000US490351130083","Block Group 3, Census Tract 1130.08, Salt Lake County, Utah"
"128500","15850","1500000US490351130084","Block Group 4, Census Tract 1130.08, Salt Lake County, Utah"
"113375","42877","1500000US490351130101","Block Group 1, Census Tract 1130.10, Salt Lake County, Utah"
"103237","18959","1500000US490351130102","Block Group 2, Census Tract 1130.10, Salt Lake County, Utah"
"83304","37834","1500000US490351130103","Block Group 3, Census Tract 1130.10, Salt Lake County, Utah"
"103000","21550","1500000US490351130104","Block Group 4, Census Tract 1130.10, Salt Lake County, Utah"
"99847","41128","1500000US490351130111","Block Group 1, Census Tract 1130.11, Salt Lake County, Utah"
"131719","28874","1500000US490351130112","Block Group 2, Census Tract 1130.11, Salt Lake County, Utah"
"84688","25754","1500000US490351130113","Block Group 3, Census Tract 1130.11, Salt Lake County, Utah"
"123194","22028","1500000US490351130121","Block Group 1, Census Tract 1130.12, Salt Lake County, Utah"
"134219","19071","1500000US490351130122","Block Group 2, Census Tract 1130.12, Salt Lake County, Utah"
"121563","52365","1500000US490351130131","Block Group 1, Census Tract 1130.13, Salt Lake County, Utah"
"121118","15121","1500000US490351130132","Block Group 2, Census Tract 1130.13, Salt Lake County, Utah"
"84674","23885","1500000US490351130141","Block Group 1, Census Tract 1130.14, Salt Lake County, Utah"
"90656","10308","1500000US490351130142","Block Group 2, Census Tract 1130.14, Salt Lake County, Utah"
"135761","23721","1500000US490351130161","Block Group 1, Census Tract 1130.16, Salt Lake County, Utah"
"111000","16289","1500000US490351130162","Block Group 2, Census Tract 1130.16, Salt Lake County, Utah"
"93839","18319","1500000US490351130171","Block Group 1, Census Tract 1130.17, Salt Lake County, Utah"
"72328","25321","1500000US490351130172","Block Group 2, Census Tract 1130.17, Salt Lake County, Utah"
"100221","15763","1500000US490351130173","Block Group 3, Census Tract 1130.17, Salt Lake County, Utah"
"83864","19738","1500000US490351130174","Block Group 4, Census Tract 1130.17, Salt Lake County, Utah"
"100732","10719","1500000US490351130191","Block Group 1, Census Tract 1130.19, Salt Lake County, Utah"
"103274","3808","1500000US490351130201","Block Group 1, Census Tract 1130.20, Salt Lake County, Utah"
"95809","19282","1500000US490351131011","Block Group 1, Census Tract 1131.01, Salt Lake County, Utah"
"84362","4263","1500000US490351131012","Block Group 2, Census Tract 1131.01, Salt Lake County, Utah"
"55647","19842","1500000US490351131013","Block Group 3, Census Tract 1131.01, Salt Lake County, Utah"
"100114","16548","1500000US490351131014","Block Group 4, Census Tract 1131.01, Salt Lake County, Utah"
"96360","15334","1500000US490351131021","Block Group 1, Census Tract 1131.02, Salt Lake County, Utah"
"84625","25870","1500000US490351131022","Block Group 2, Census Tract 1131.02, Salt Lake County, Utah"
"80909","19481","1500000US490351131051","Block Group 1, Census Tract 1131.05, Salt Lake County, Utah"
"108333","9888","1500000US490351131052","Block Group 2, Census Tract 1131.05, Salt Lake County, Utah"
"74634","24918","1500000US490351131071","Block Group 1, Census Tract 1131.07, Salt Lake County, Utah"
"117485","20134","1500000US490351131072","Block Group 2, Census Tract 1131.07, Salt Lake County, Utah"
"91739","10426","1500000US490351131073","Block Group 3, Census Tract 1131.07, Salt Lake County, Utah"
"77194","29217","1500000US490351131081","Block Group 1, Census Tract 1131.08, Salt Lake County, Utah"
"112000","18172","1500000US490351131082","Block Group 2, Census Tract 1131.08, Salt Lake County, Utah"
"45272","16237","1500000US490351133051","Block Group 1, Census Tract 1133.05, Salt Lake County, Utah"
"43661","26348","1500000US490351133052","Block Group 2, Census Tract 1133.05, Salt Lake County, Utah"
"39647","16599","1500000US490351133053","Block Group 3, Census Tract 1133.05, Salt Lake County, Utah"
"52596","28963","1500000US490351133054","Block Group 4, Census Tract 1133.05, Salt Lake County, Utah"
"43705","9804","1500000US490351133061","Block Group 1, Census Tract 1133.06, Salt Lake County, Utah"
"31788","11724","1500000US490351133062","Block Group 2, Census Tract 1133.06, Salt Lake County, Utah"
"56210","23204","1500000US490351133063","Block Group 3, Census Tract 1133.06, Salt Lake County, Utah"
"58371","25930","1500000US490351133071","Block Group 1, Census Tract 1133.07, Salt Lake County, Utah"
"55455","11919","1500000US490351133072","Block Group 2, Census Tract 1133.07, Salt Lake County, Utah"
"58242","6595","1500000US490351133073","Block Group 3, Census Tract 1133.07, Salt Lake County, Utah"
"46726","14561","1500000US490351133074","Block Group 4, Census Tract 1133.07, Salt Lake County, Utah"
"50150","14669","1500000US490351133081","Block Group 1, Census Tract 1133.08, Salt Lake County, Utah"
"67671","8422","1500000US490351133082","Block Group 2, Census Tract 1133.08, Salt Lake County, Utah"
"49808","6965","1500000US490351133083","Block Group 3, Census Tract 1133.08, Salt Lake County, Utah"
"40192","24534","1500000US490351133091","Block Group 1, Census Tract 1133.09, Salt Lake County, Utah"
"76979","17678","1500000US490351133092","Block Group 2, Census Tract 1133.09, Salt Lake County, Utah"
"69487","16063","1500000US490351133093","Block Group 3, Census Tract 1133.09, Salt Lake County, Utah"
"50321","7295","1500000US490351133101","Block Group 1, Census Tract 1133.10, Salt Lake County, Utah"
"55250","15812","1500000US490351133102","Block Group 2, Census Tract 1133.10, Salt Lake County, Utah"
"74760","20938","1500000US490351133103","Block Group 3, Census Tract 1133.10, Salt Lake County, Utah"
"39139","2213","1500000US490351134061","Block Group 1, Census Tract 1134.06, Salt Lake County, Utah"
"35391","10085","1500000US490351134062","Block Group 2, Census Tract 1134.06, Salt Lake County, Utah"
"75313","28042","1500000US490351134063","Block Group 3, Census Tract 1134.06, Salt Lake County, Utah"
"83661","19561","1500000US490351134071","Block Group 1, Census Tract 1134.07, Salt Lake County, Utah"
"80938","5241","1500000US490351134072","Block Group 2, Census Tract 1134.07, Salt Lake County, Utah"
"89375","24969","1500000US490351134073","Block Group 3, Census Tract 1134.07, Salt Lake County, Utah"
"83015","11120","1500000US490351134081","Block Group 1, Census Tract 1134.08, Salt Lake County, Utah"
"64402","8573","1500000US490351134082","Block Group 2, Census Tract 1134.08, Salt Lake County, Utah"
"60368","25476","1500000US490351134083","Block Group 3, Census Tract 1134.08, Salt Lake County, Utah"
"64401","13208","1500000US490351134091","Block Group 1, Census Tract 1134.09, Salt Lake County, Utah"
"84766","22029","1500000US490351134092","Block Group 2, Census Tract 1134.09, Salt Lake County, Utah"
"74000","11648","1500000US490351134093","Block Group 3, Census Tract 1134.09, Salt Lake County, Utah"
"74637","14484","1500000US490351134101","Block Group 1, Census Tract 1134.10, Salt Lake County, Utah"
"46950","18590","1500000US490351134102","Block Group 2, Census Tract 1134.10, Salt Lake County, Utah"
"64205","18717","1500000US490351134103","Block Group 3, Census Tract 1134.10, Salt Lake County, Utah"
"67500","17111","1500000US490351134104","Block Group 4, Census Tract 1134.10, Salt Lake County, Utah"
"88625","18705","1500000US490351134111","Block Group 1, Census Tract 1134.11, Salt Lake County, Utah"
"82212","4270","1500000US490351134112","Block Group 2, Census Tract 1134.11, Salt Lake County, Utah"
"84792","10659","1500000US490351134121","Block Group 1, Census Tract 1134.12, Salt Lake County, Utah"
"62500","9963","1500000US490351134131","Block Group 1, Census Tract 1134.13, Salt Lake County, Utah"
"88359","15536","1500000US490351134132","Block Group 2, Census Tract 1134.13, Salt Lake County, Utah"
"64868","8038","1500000US490351134133","Block Group 3, Census Tract 1134.13, Salt Lake County, Utah"
"67917","17137","1500000US490351135051","Block Group 1, Census Tract 1135.05, Salt Lake County, Utah"
"61250","9993","1500000US490351135052","Block Group 2, Census Tract 1135.05, Salt Lake County, Utah"
"57292","38788","1500000US490351135053","Block Group 3, Census Tract 1135.05, Salt Lake County, Utah"
"54243","7060","1500000US490351135054","Block Group 4, Census Tract 1135.05, Salt Lake County, Utah"
"53061","13674","1500000US490351135091","Block Group 1, Census Tract 1135.09, Salt Lake County, Utah"
"63425","21204","1500000US490351135092","Block Group 2, Census Tract 1135.09, Salt Lake County, Utah"
"69145","12890","1500000US490351135101","Block Group 1, Census Tract 1135.10, Salt Lake County, Utah"
"74604","17532","1500000US490351135102","Block Group 2, Census Tract 1135.10, Salt Lake County, Utah"
"64750","60159","1500000US490351135103","Block Group 3, Census Tract 1135.10, Salt Lake County, Utah"
"60201","10203","1500000US490351135111","Block Group 1, Census Tract 1135.11, Salt Lake County, Utah"
"88550","8898","1500000US490351135112","Block Group 2, Census Tract 1135.11, Salt Lake County, Utah"
"45521","5321","1500000US490351135121","Block Group 1, Census Tract 1135.12, Salt Lake County, Utah"
"41857","10061","1500000US490351135122","Block Group 2, Census Tract 1135.12, Salt Lake County, Utah"
"51953","20803","1500000US490351135131","Block Group 1, Census Tract 1135.13, Salt Lake County, Utah"
"46083","39843","1500000US490351135132","Block Group 2, Census Tract 1135.13, Salt Lake County, Utah"
"72448","18961","1500000US490351135133","Block Group 3, Census Tract 1135.13, Salt Lake County, Utah"
"57157","4892","1500000US490351135134","Block Group 4, Census Tract 1135.13, Salt Lake County, Utah"
"56771","9554","1500000US490351135141","Block Group 1, Census Tract 1135.14, Salt Lake County, Utah"
"39848","9840","1500000US490351135142","Block Group 2, Census Tract 1135.14, Salt Lake County, Utah"
"40234","20732","1500000US490351135143","Block Group 3, Census Tract 1135.14, Salt Lake County, Utah"
"36432","4690","1500000US490351135144","Block Group 4, Census Tract 1135.14, Salt Lake County, Utah"
"87850","32085","1500000US490351135151","Block Group 1, Census Tract 1135.15, Salt Lake County, Utah"
"54866","40387","1500000US490351135152","Block Group 2, Census Tract 1135.15, Salt Lake County, Utah"
"58036","5677","1500000US490351135153","Block Group 3, Census Tract 1135.15, Salt Lake County, Utah"
"62500","7077","1500000US490351135201","Block Group 1, Census Tract 1135.20, Salt Lake County, Utah"
"86012","8654","1500000US490351135202","Block Group 2, Census Tract 1135.20, Salt Lake County, Utah"
"82917","10560","1500000US490351135211","Block Group 1, Census Tract 1135.21, Salt Lake County, Utah"
"71838","10178","1500000US490351135212","Block Group 2, Census Tract 1135.21, Salt Lake County, Utah"
"84946","11673","1500000US490351135213","Block Group 3, Census Tract 1135.21, Salt Lake County, Utah"
"65875","8453","1500000US490351135214","Block Group 4, Census Tract 1135.21, Salt Lake County, Utah"
"76659","12704","1500000US490351135221","Block Group 1, Census Tract 1135.22, Salt Lake County, Utah"
"88947","5661","1500000US490351135222","Block Group 2, Census Tract 1135.22, Salt Lake County, Utah"
"60461","19994","1500000US490351135231","Block Group 1, Census Tract 1135.23, Salt Lake County, Utah"
"65417","37872","1500000US490351135232","Block Group 2, Census Tract 1135.23, Salt Lake County, Utah"
"69120","23703","1500000US490351135233","Block Group 3, Census Tract 1135.23, Salt Lake County, Utah"
"43790","15782","1500000US490351135234","Block Group 4, Census Tract 1135.23, Salt Lake County, Utah"
"82917","11470","1500000US490351135251","Block Group 1, Census Tract 1135.25, Salt Lake County, Utah"
"97356","12251","1500000US490351135252","Block Group 2, Census Tract 1135.25, Salt Lake County, Utah"
"71594","12298","1500000US490351135261","Block Group 1, Census Tract 1135.26, Salt Lake County, Utah"
"65000","20056","1500000US490351135262","Block Group 2, Census Tract 1135.26, Salt Lake County, Utah"
"76111","21615","1500000US490351135263","Block Group 3, Census Tract 1135.26, Salt Lake County, Utah"
"63597","14642","1500000US490351135271","Block Group 1, Census Tract 1135.27, Salt Lake County, Utah"
"103162","38193","1500000US490351135272","Block Group 2, Census Tract 1135.27, Salt Lake County, Utah"
"90446","12734","1500000US490351135273","Block Group 3, Census Tract 1135.27, Salt Lake County, Utah"
"85026","14081","1500000US490351135281","Block Group 1, Census Tract 1135.28, Salt Lake County, Utah"
"90577","35603","1500000US490351135282","Block Group 2, Census Tract 1135.28, Salt Lake County, Utah"
"82386","7914","1500000US490351135283","Block Group 3, Census Tract 1135.28, Salt Lake County, Utah"
"78750","10676","1500000US490351135321","Block Group 1, Census Tract 1135.32, Salt Lake County, Utah"
"90987","22648","1500000US490351135322","Block Group 2, Census Tract 1135.32, Salt Lake County, Utah"
"94315","4284","1500000US490351135331","Block Group 1, Census Tract 1135.33, Salt Lake County, Utah"
"88167","19381","1500000US490351135332","Block Group 2, Census Tract 1135.33, Salt Lake County, Utah"
"83458","26907","1500000US490351135333","Block Group 3, Census Tract 1135.33, Salt Lake County, Utah"
"92594","10110","1500000US490351135341","Block Group 1, Census Tract 1135.34, Salt Lake County, Utah"
"105192","24578","1500000US490351135342","Block Group 2, Census Tract 1135.34, Salt Lake County, Utah"
"105475","7710","1500000US490351135351","Block Group 1, Census Tract 1135.35, Salt Lake County, Utah"
"87875","14107","1500000US490351135361","Block Group 1, Census Tract 1135.36, Salt Lake County, Utah"
"72591","22007","1500000US490351135362","Block Group 2, Census Tract 1135.36, Salt Lake County, Utah"
"70083","23142","1500000US490351135371","Block Group 1, Census Tract 1135.37, Salt Lake County, Utah"
"71250","15842","1500000US490351135372","Block Group 2, Census Tract 1135.37, Salt Lake County, Utah"
"70938","5970","1500000US490351135381","Block Group 1, Census Tract 1135.38, Salt Lake County, Utah"
"75781","10312","1500000US490351135382","Block Group 2, Census Tract 1135.38, Salt Lake County, Utah"
"79044","11694","1500000US490351135391","Block Group 1, Census Tract 1135.39, Salt Lake County, Utah"
"81250","32080","1500000US490351135392","Block Group 2, Census Tract 1135.39, Salt Lake County, Utah"
"52679","6105","1500000US490351136001","Block Group 1, Census Tract 1136, Salt Lake County, Utah"
"56875","11244","1500000US490351136002","Block Group 2, Census Tract 1136, Salt Lake County, Utah"
"46706","12350","1500000US490351136003","Block Group 3, Census Tract 1136, Salt Lake County, Utah"
"54076","16085","1500000US490351136004","Block Group 4, Census Tract 1136, Salt Lake County, Utah"
"80329","22555","1500000US490351137011","Block Group 1, Census Tract 1137.01, Salt Lake County, Utah"
"39896","21742","1500000US490351137012","Block Group 2, Census Tract 1137.01, Salt Lake County, Utah"
"68450","14857","1500000US490351137013","Block Group 3, Census Tract 1137.01, Salt Lake County, Utah"
"49271","8178","1500000US490351137021","Block Group 1, Census Tract 1137.02, Salt Lake County, Utah"
"78491","6760","1500000US490351137022","Block Group 2, Census Tract 1137.02, Salt Lake County, Utah"
"64850","17089","1500000US490351138011","Block Group 1, Census Tract 1138.01, Salt Lake County, Utah"
"77614","15782","1500000US490351138012","Block Group 2, Census Tract 1138.01, Salt Lake County, Utah"
"81000","38245","1500000US490351138013","Block Group 3, Census Tract 1138.01, Salt Lake County, Utah"
"68194","27462","1500000US490351138014","Block Group 4, Census Tract 1138.01, Salt Lake County, Utah"
"49274","3975","1500000US490351138021","Block Group 1, Census Tract 1138.02, Salt Lake County, Utah"
"49519","6230","1500000US490351138022","Block Group 2, Census Tract 1138.02, Salt Lake County, Utah"
"62610","13916","1500000US490351138023","Block Group 3, Census Tract 1138.02, Salt Lake County, Utah"
"64500","5157","1500000US490351138031","Block Group 1, Census Tract 1138.03, Salt Lake County, Utah"
"91121","14646","1500000US490351138032","Block Group 2, Census Tract 1138.03, Salt Lake County, Utah"
"77727","29210","1500000US490351138033","Block Group 3, Census Tract 1138.03, Salt Lake County, Utah"
"87931","11232","1500000US490351139031","Block Group 1, Census Tract 1139.03, Salt Lake County, Utah"
"54583","15125","1500000US490351139032","Block Group 2, Census Tract 1139.03, Salt Lake County, Utah"
"63879","8347","1500000US490351139041","Block Group 1, Census Tract 1139.04, Salt Lake County, Utah"
"72875","21927","1500000US490351139042","Block Group 2, Census Tract 1139.04, Salt Lake County, Utah"
"75714","19005","1500000US490351139043","Block Group 3, Census Tract 1139.04, Salt Lake County, Utah"
"59695","11630","1500000US490351139044","Block Group 4, Census Tract 1139.04, Salt Lake County, Utah"
"58348","12665","1500000US490351139051","Block Group 1, Census Tract 1139.05, Salt Lake County, Utah"
"60259","11850","1500000US490351139052","Block Group 2, Census Tract 1139.05, Salt Lake County, Utah"
"79694","15809","1500000US490351139053","Block Group 3, Census Tract 1139.05, Salt Lake County, Utah"
"71938","7387","1500000US490351139054","Block Group 4, Census Tract 1139.05, Salt Lake County, Utah"
"47923","12651","1500000US490351139061","Block Group 1, Census Tract 1139.06, Salt Lake County, Utah"
"55711","4528","1500000US490351139062","Block Group 2, Census Tract 1139.06, Salt Lake County, Utah"
"44186","10526","1500000US490351139063","Block Group 3, Census Tract 1139.06, Salt Lake County, Utah"
"83958","8011","1500000US490351139071","Block Group 1, Census Tract 1139.07, Salt Lake County, Utah"
"61083","16287","1500000US490351139072","Block Group 2, Census Tract 1139.07, Salt Lake County, Utah"
"59267","39172","1500000US490351139073","Block Group 3, Census Tract 1139.07, Salt Lake County, Utah"
"54074","12100","1500000US490351140001","Block Group 1, Census Tract 1140, Salt Lake County, Utah"
"67222","23496","1500000US490351141001","Block Group 1, Census Tract 1141, Salt Lake County, Utah"
"88750","27859","1500000US490351141002","Block Group 2, Census Tract 1141, Salt Lake County, Utah"
"69656","9677","1500000US490351142001","Block Group 1, Census Tract 1142, Salt Lake County, Utah"
"86641","8649","1500000US490351142002","Block Group 2, Census Tract 1142, Salt Lake County, Utah"
"48750","22335","1500000US490351143001","Block Group 1, Census Tract 1143, Salt Lake County, Utah"
"59167","18912","1500000US490351143002","Block Group 2, Census Tract 1143, Salt Lake County, Utah"
"109184","18344","1500000US490351143003","Block Group 3, Census Tract 1143, Salt Lake County, Utah"
"103459","12398","1500000US490351143004","Block Group 4, Census Tract 1143, Salt Lake County, Utah"
"66250","15434","1500000US490351145001","Block Group 1, Census Tract 1145, Salt Lake County, Utah"
"76375","28497","1500000US490351145002","Block Group 2, Census Tract 1145, Salt Lake County, Utah"
"74063","8853","1500000US490351145003","Block Group 3, Census Tract 1145, Salt Lake County, Utah"
"120761","29625","1500000US490351146001","Block Group 1, Census Tract 1146, Salt Lake County, Utah"
"94167","13991","1500000US490351146002","Block Group 2, Census Tract 1146, Salt Lake County, Utah"
"131500","31534","1500000US490351146003","Block Group 3, Census Tract 1146, Salt Lake County, Utah"
"68810","5808","1500000US490351147001","Block Group 1, Census Tract 1147, Salt Lake County, Utah"
"64983","3234","1500000US490351147002","Block Group 2, Census Tract 1147, Salt Lake County, Utah"
"224559","77199","1500000US490351148001","Block Group 1, Census Tract 1148, Salt Lake County, Utah"
"196354","32677","1500000US490351148002","Block Group 2, Census Tract 1148, Salt Lake County, Utah"
"208194","78607","1500000US490351148003","Block Group 3, Census Tract 1148, Salt Lake County, Utah"
"111812","8784","1500000US490351151061","Block Group 1, Census Tract 1151.06, Salt Lake County, Utah"
"118659","9643","1500000US490351152091","Block Group 1, Census Tract 1152.09, Salt Lake County, Utah"
"60000","16952","1500000US490351152092","Block Group 2, Census Tract 1152.09, Salt Lake County, Utah"
"-","**","1500000US490359800001","Block Group 1, Census Tract 9800, Salt Lake County, Utah"
"32250","5525","1500000US490379420001","Block Group 1, Census Tract 9420, San Juan County, Utah"
"26940","2955","1500000US490379420002","Block Group 2, Census Tract 9420, San Juan County, Utah"
"24265","5611","1500000US490379421001","Block Group 1, Census Tract 9421, San Juan County, Utah"
"26518","4253","1500000US490379421002","Block Group 2, Census Tract 9421, San Juan County, Utah"
"47301","18271","1500000US490379781001","Block Group 1, Census Tract 9781, San Juan County, Utah"
"64784","6126","1500000US490379781002","Block Group 2, Census Tract 9781, San Juan County, Utah"
"54241","7090","1500000US490379781003","Block Group 3, Census Tract 9781, San Juan County, Utah"
"-","**","1500000US490379782001","Block Group 1, Census Tract 9782, San Juan County, Utah"
"79241","7739","1500000US490379782002","Block Group 2, Census Tract 9782, San Juan County, Utah"
"58586","12330","1500000US490379782003","Block Group 3, Census Tract 9782, San Juan County, Utah"
"38478","11238","1500000US490379782004","Block Group 4, Census Tract 9782, San Juan County, Utah"
"85956","35140","1500000US490399721001","Block Group 1, Census Tract 9721, Sanpete County, Utah"
"46417","10249","1500000US490399721002","Block Group 2, Census Tract 9721, Sanpete County, Utah"
"30438","10383","1500000US490399721003","Block Group 3, Census Tract 9721, Sanpete County, Utah"
"51250","11859","1500000US490399721004","Block Group 4, Census Tract 9721, Sanpete County, Utah"
"60395","10558","1500000US490399721005","Block Group 5, Census Tract 9721, Sanpete County, Utah"
"54563","9621","1500000US490399721006","Block Group 6, Census Tract 9721, Sanpete County, Utah"
"50991","6985","1500000US490399722001","Block Group 1, Census Tract 9722, Sanpete County, Utah"
"59934","4518","1500000US490399722002","Block Group 2, Census Tract 9722, Sanpete County, Utah"
"46250","28643","1500000US490399723001","Block Group 1, Census Tract 9723, Sanpete County, Utah"
"63333","24921","1500000US490399723002","Block Group 2, Census Tract 9723, Sanpete County, Utah"
"67616","12886","1500000US490399723003","Block Group 3, Census Tract 9723, Sanpete County, Utah"
"63906","35292","1500000US490399723004","Block Group 4, Census Tract 9723, Sanpete County, Utah"
"80333","21485","1500000US490399724001","Block Group 1, Census Tract 9724, Sanpete County, Utah"
"33860","3693","1500000US490399724002","Block Group 2, Census Tract 9724, Sanpete County, Utah"
"34796","4986","1500000US490399724003","Block Group 3, Census Tract 9724, Sanpete County, Utah"
"54783","14111","1500000US490399724004","Block Group 4, Census Tract 9724, Sanpete County, Utah"
"52734","13502","1500000US490399725001","Block Group 1, Census Tract 9725, Sanpete County, Utah"
"49239","10688","1500000US490399725002","Block Group 2, Census Tract 9725, Sanpete County, Utah"
"65917","10347","1500000US490399725003","Block Group 3, Census Tract 9725, Sanpete County, Utah"
"55240","10229","1500000US490419751001","Block Group 1, Census Tract 9751, Sevier County, Utah"
"58214","4828","1500000US490419751002","Block Group 2, Census Tract 9751, Sevier County, Utah"
"45909","16072","1500000US490419751003","Block Group 3, Census Tract 9751, Sevier County, Utah"
"65000","16806","1500000US490419751004","Block Group 4, Census Tract 9751, Sevier County, Utah"
"53527","6462","1500000US490419752001","Block Group 1, Census Tract 9752, Sevier County, Utah"
"75726","6375","1500000US490419752002","Block Group 2, Census Tract 9752, Sevier County, Utah"
"57313","13917","1500000US490419753001","Block Group 1, Census Tract 9753, Sevier County, Utah"
"47000","26193","1500000US490419753002","Block Group 2, Census Tract 9753, Sevier County, Utah"
"46528","13063","1500000US490419753003","Block Group 3, Census Tract 9753, Sevier County, Utah"
"45231","6687","1500000US490419753004","Block Group 4, Census Tract 9753, Sevier County, Utah"
"52500","10652","1500000US490419754001","Block Group 1, Census Tract 9754, Sevier County, Utah"
"35577","11407","1500000US490419754002","Block Group 2, Census Tract 9754, Sevier County, Utah"
"65087","22136","1500000US490419755001","Block Group 1, Census Tract 9755, Sevier County, Utah"
"46875","16339","1500000US490419755002","Block Group 2, Census Tract 9755, Sevier County, Utah"
"61912","14951","1500000US490419755003","Block Group 3, Census Tract 9755, Sevier County, Utah"
"53977","6242","1500000US490419755004","Block Group 4, Census Tract 9755, Sevier County, Utah"
"65200","19211","1500000US490439641011","Block Group 1, Census Tract 9641.01, Summit County, Utah"
"75972","12682","1500000US490439641012","Block Group 2, Census Tract 9641.01, Summit County, Utah"
"83750","30130","1500000US490439641021","Block Group 1, Census Tract 9641.02, Summit County, Utah"
"94545","35218","1500000US490439641022","Block Group 2, Census Tract 9641.02, Summit County, Utah"
"95625","13682","1500000US490439641023","Block Group 3, Census Tract 9641.02, Summit County, Utah"
"70521","22780","1500000US490439642011","Block Group 1, Census Tract 9642.01, Summit County, Utah"
"74167","15560","1500000US490439642012","Block Group 2, Census Tract 9642.01, Summit County, Utah"
"82138","13319","1500000US490439642013","Block Group 3, Census Tract 9642.01, Summit County, Utah"
"64250","33817","1500000US490439642021","Block Group 1, Census Tract 9642.02, Summit County, Utah"
"77663","10403","1500000US490439642022","Block Group 2, Census Tract 9642.02, Summit County, Utah"
"41786","37344","1500000US490439642031","Block Group 1, Census Tract 9642.03, Summit County, Utah"
"-","**","1500000US490439642032","Block Group 2, Census Tract 9642.03, Summit County, Utah"
"165588","21570","1500000US490439643031","Block Group 1, Census Tract 9643.03, Summit County, Utah"
"198043","24602","1500000US490439643032","Block Group 2, Census Tract 9643.03, Summit County, Utah"
"108750","25893","1500000US490439643041","Block Group 1, Census Tract 9643.04, Summit County, Utah"
"150139","67469","1500000US490439643042","Block Group 2, Census Tract 9643.04, Summit County, Utah"
"-","**","1500000US490439643043","Block Group 3, Census Tract 9643.04, Summit County, Utah"
"99375","16540","1500000US490439643044","Block Group 4, Census Tract 9643.04, Summit County, Utah"
"105865","55011","1500000US490439643051","Block Group 1, Census Tract 9643.05, Summit County, Utah"
"35739","8194","1500000US490439643052","Block Group 2, Census Tract 9643.05, Summit County, Utah"
"159375","66188","1500000US490439643053","Block Group 3, Census Tract 9643.05, Summit County, Utah"
"109395","21846","1500000US490439643061","Block Group 1, Census Tract 9643.06, Summit County, Utah"
"118333","57033","1500000US490439643062","Block Group 2, Census Tract 9643.06, Summit County, Utah"
"69844","13249","1500000US490439643071","Block Group 1, Census Tract 9643.07, Summit County, Utah"
"178333","30302","1500000US490439643072","Block Group 2, Census Tract 9643.07, Summit County, Utah"
"248229","74710","1500000US490439643073","Block Group 3, Census Tract 9643.07, Summit County, Utah"
"161644","7973","1500000US490439643074","Block Group 4, Census Tract 9643.07, Summit County, Utah"
"219013","128642","1500000US490439643081","Block Group 1, Census Tract 9643.08, Summit County, Utah"
"-","**","1500000US490439643082","Block Group 2, Census Tract 9643.08, Summit County, Utah"
"162625","47452","1500000US490439643083","Block Group 3, Census Tract 9643.08, Summit County, Utah"
"210250","87938","1500000US490439644011","Block Group 1, Census Tract 9644.01, Summit County, Utah"
"56607","20755","1500000US490439644012","Block Group 2, Census Tract 9644.01, Summit County, Utah"
"76513","40300","1500000US490439644021","Block Group 1, Census Tract 9644.02, Summit County, Utah"
"93846","26806","1500000US490439644022","Block Group 2, Census Tract 9644.02, Summit County, Utah"
"-","**","1500000US490439644023","Block Group 3, Census Tract 9644.02, Summit County, Utah"
"110991","13828","1500000US490439644024","Block Group 4, Census Tract 9644.02, Summit County, Utah"
"63906","43899","1500000US490451306001","Block Group 1, Census Tract 1306, Tooele County, Utah"
"31250","10160","1500000US490451306002","Block Group 2, Census Tract 1306, Tooele County, Utah"
"89491","29960","1500000US490451306003","Block Group 3, Census Tract 1306, Tooele County, Utah"
"121375","63578","1500000US490451307011","Block Group 1, Census Tract 1307.01, Tooele County, Utah"
"101500","16379","1500000US490451307012","Block Group 2, Census Tract 1307.01, Tooele County, Utah"
"86354","20600","1500000US490451307013","Block Group 3, Census Tract 1307.01, Tooele County, Utah"
"104071","8365","1500000US490451307021","Block Group 1, Census Tract 1307.02, Tooele County, Utah"
"94148","13514","1500000US490451307022","Block Group 2, Census Tract 1307.02, Tooele County, Utah"
"90057","7660","1500000US490451307023","Block Group 3, Census Tract 1307.02, Tooele County, Utah"
"80579","4684","1500000US490451307024","Block Group 4, Census Tract 1307.02, Tooele County, Utah"
"137599","35059","1500000US490451307025","Block Group 5, Census Tract 1307.02, Tooele County, Utah"
"91014","69251","1500000US490451307026","Block Group 6, Census Tract 1307.02, Tooele County, Utah"
"69926","13756","1500000US490451307031","Block Group 1, Census Tract 1307.03, Tooele County, Utah"
"105229","6391","1500000US490451307032","Block Group 2, Census Tract 1307.03, Tooele County, Utah"
"73594","14395","1500000US490451307033","Block Group 3, Census Tract 1307.03, Tooele County, Utah"
"70179","31159","1500000US490451308001","Block Group 1, Census Tract 1308, Tooele County, Utah"
"69118","14660","1500000US490451308002","Block Group 2, Census Tract 1308, Tooele County, Utah"
"72143","49810","1500000US490451308003","Block Group 3, Census Tract 1308, Tooele County, Utah"
"63047","17681","1500000US490451308004","Block Group 4, Census Tract 1308, Tooele County, Utah"
"48538","3878","1500000US490451309001","Block Group 1, Census Tract 1309, Tooele County, Utah"
"51150","12557","1500000US490451309002","Block Group 2, Census Tract 1309, Tooele County, Utah"
"91059","5755","1500000US490451310011","Block Group 1, Census Tract 1310.01, Tooele County, Utah"
"65925","28541","1500000US490451310021","Block Group 1, Census Tract 1310.02, Tooele County, Utah"
"35497","5752","1500000US490451310022","Block Group 2, Census Tract 1310.02, Tooele County, Utah"
"75694","11517","1500000US490451310023","Block Group 3, Census Tract 1310.02, Tooele County, Utah"
"61004","8670","1500000US490451310024","Block Group 4, Census Tract 1310.02, Tooele County, Utah"
"67031","10234","1500000US490451311001","Block Group 1, Census Tract 1311, Tooele County, Utah"
"58854","10835","1500000US490451311002","Block Group 2, Census Tract 1311, Tooele County, Utah"
"76920","23285","1500000US490451311003","Block Group 3, Census Tract 1311, Tooele County, Utah"
"70119","15333","1500000US490451312001","Block Group 1, Census Tract 1312, Tooele County, Utah"
"57052","9171","1500000US490451312002","Block Group 2, Census Tract 1312, Tooele County, Utah"
"-","**","1500000US490459800001","Block Group 1, Census Tract 9800, Tooele County, Utah"
"46042","27052","1500000US490479402011","Block Group 1, Census Tract 9402.01, Uintah County, Utah"
"49063","19686","1500000US490479402012","Block Group 2, Census Tract 9402.01, Uintah County, Utah"
"49750","11904","1500000US490479402013","Block Group 3, Census Tract 9402.01, Uintah County, Utah"
"72500","10075","1500000US490479402014","Block Group 4, Census Tract 9402.01, Uintah County, Utah"
"65682","4710","1500000US490479402015","Block Group 5, Census Tract 9402.01, Uintah County, Utah"
"61424","12099","1500000US490479682001","Block Group 1, Census Tract 9682, Uintah County, Utah"
"81583","12911","1500000US490479682002","Block Group 2, Census Tract 9682, Uintah County, Utah"
"74896","12142","1500000US490479682003","Block Group 3, Census Tract 9682, Uintah County, Utah"
"90266","8001","1500000US490479683011","Block Group 1, Census Tract 9683.01, Uintah County, Utah"
"32204","12469","1500000US490479683012","Block Group 2, Census Tract 9683.01, Uintah County, Utah"
"83266","11006","1500000US490479683021","Block Group 1, Census Tract 9683.02, Uintah County, Utah"
"75085","23730","1500000US490479683022","Block Group 2, Census Tract 9683.02, Uintah County, Utah"
"78864","32500","1500000US490479683023","Block Group 3, Census Tract 9683.02, Uintah County, Utah"
"58750","32429","1500000US490479684011","Block Group 1, Census Tract 9684.01, Uintah County, Utah"
"41518","7771","1500000US490479684012","Block Group 2, Census Tract 9684.01, Uintah County, Utah"
"52813","31691","1500000US490479684013","Block Group 3, Census Tract 9684.01, Uintah County, Utah"
"70129","19346","1500000US490479684021","Block Group 1, Census Tract 9684.02, Uintah County, Utah"
"58500","15545","1500000US490479684022","Block Group 2, Census Tract 9684.02, Uintah County, Utah"
"44355","19535","1500000US490479684023","Block Group 3, Census Tract 9684.02, Uintah County, Utah"
"80489","22847","1500000US490490001021","Block Group 1, Census Tract 1.02, Utah County, Utah"
"84167","24083","1500000US490490001022","Block Group 2, Census Tract 1.02, Utah County, Utah"
"88068","31355","1500000US490490001023","Block Group 3, Census Tract 1.02, Utah County, Utah"
"63846","9409","1500000US490490001024","Block Group 4, Census Tract 1.02, Utah County, Utah"
"89219","53021","1500000US490490001031","Block Group 1, Census Tract 1.03, Utah County, Utah"
"87305","16061","1500000US490490001032","Block Group 2, Census Tract 1.03, Utah County, Utah"
"59167","23521","1500000US490490001033","Block Group 3, Census Tract 1.03, Utah County, Utah"
"71995","15557","1500000US490490001034","Block Group 4, Census Tract 1.03, Utah County, Utah"
"72083","7910","1500000US490490001041","Block Group 1, Census Tract 1.04, Utah County, Utah"
"96528","11041","1500000US490490001042","Block Group 2, Census Tract 1.04, Utah County, Utah"
"77019","10523","1500000US490490001051","Block Group 1, Census Tract 1.05, Utah County, Utah"
"93947","14973","1500000US490490001052","Block Group 2, Census Tract 1.05, Utah County, Utah"
"41680","5189","1500000US490490002031","Block Group 1, Census Tract 2.03, Utah County, Utah"
"88977","9958","1500000US490490002032","Block Group 2, Census Tract 2.03, Utah County, Utah"
"55938","17905","1500000US490490002033","Block Group 3, Census Tract 2.03, Utah County, Utah"
"114231","32518","1500000US490490002041","Block Group 1, Census Tract 2.04, Utah County, Utah"
"91923","21391","1500000US490490002042","Block Group 2, Census Tract 2.04, Utah County, Utah"
"64769","10944","1500000US490490002043","Block Group 3, Census Tract 2.04, Utah County, Utah"
"61983","18143","1500000US490490002044","Block Group 4, Census Tract 2.04, Utah County, Utah"
"39570","8176","1500000US490490002045","Block Group 5, Census Tract 2.04, Utah County, Utah"
"126250","32723","1500000US490490002051","Block Group 1, Census Tract 2.05, Utah County, Utah"
"101756","10359","1500000US490490002052","Block Group 2, Census Tract 2.05, Utah County, Utah"
"108000","12208","1500000US490490002061","Block Group 1, Census Tract 2.06, Utah County, Utah"
"86797","10668","1500000US490490002062","Block Group 2, Census Tract 2.06, Utah County, Utah"
"60503","5887","1500000US490490004001","Block Group 1, Census Tract 4, Utah County, Utah"
"72768","9017","1500000US490490004002","Block Group 2, Census Tract 4, Utah County, Utah"
"85800","13246","1500000US490490005041","Block Group 1, Census Tract 5.04, Utah County, Utah"
"52000","9381","1500000US490490005042","Block Group 2, Census Tract 5.04, Utah County, Utah"
"73611","11854","1500000US490490005043","Block Group 3, Census Tract 5.04, Utah County, Utah"
"82232","12680","1500000US490490005051","Block Group 1, Census Tract 5.05, Utah County, Utah"
"103333","18759","1500000US490490005052","Block Group 2, Census Tract 5.05, Utah County, Utah"
"108889","37271","1500000US490490005053","Block Group 3, Census Tract 5.05, Utah County, Utah"
"63667","18124","1500000US490490005061","Block Group 1, Census Tract 5.06, Utah County, Utah"
"83184","10840","1500000US490490005062","Block Group 2, Census Tract 5.06, Utah County, Utah"
"78393","12539","1500000US490490005071","Block Group 1, Census Tract 5.07, Utah County, Utah"
"100855","7014","1500000US490490005072","Block Group 2, Census Tract 5.07, Utah County, Utah"
"55266","7529","1500000US490490005081","Block Group 1, Census Tract 5.08, Utah County, Utah"
"73239","13157","1500000US490490005082","Block Group 2, Census Tract 5.08, Utah County, Utah"
"47094","17950","1500000US490490005083","Block Group 3, Census Tract 5.08, Utah County, Utah"
"63333","11446","1500000US490490005091","Block Group 1, Census Tract 5.09, Utah County, Utah"
"57288","6732","1500000US490490005092","Block Group 2, Census Tract 5.09, Utah County, Utah"
"31811","4375","1500000US490490005093","Block Group 3, Census Tract 5.09, Utah County, Utah"
"65536","23902","1500000US490490006011","Block Group 1, Census Tract 6.01, Utah County, Utah"
"76346","22056","1500000US490490006012","Block Group 2, Census Tract 6.01, Utah County, Utah"
"91063","14988","1500000US490490006031","Block Group 1, Census Tract 6.03, Utah County, Utah"
"77000","13665","1500000US490490006032","Block Group 2, Census Tract 6.03, Utah County, Utah"
"78672","59738","1500000US490490006033","Block Group 3, Census Tract 6.03, Utah County, Utah"
"143500","43242","1500000US490490006041","Block Group 1, Census Tract 6.04, Utah County, Utah"
"137417","9562","1500000US490490006042","Block Group 2, Census Tract 6.04, Utah County, Utah"
"43475","4446","1500000US490490007031","Block Group 1, Census Tract 7.03, Utah County, Utah"
"58153","5224","1500000US490490007032","Block Group 2, Census Tract 7.03, Utah County, Utah"
"60144","13052","1500000US490490007033","Block Group 3, Census Tract 7.03, Utah County, Utah"
"40417","12943","1500000US490490007061","Block Group 1, Census Tract 7.06, Utah County, Utah"
"88854","18294","1500000US490490007062","Block Group 2, Census Tract 7.06, Utah County, Utah"
"73527","16744","1500000US490490007063","Block Group 3, Census Tract 7.06, Utah County, Utah"
"67969","30309","1500000US490490007064","Block Group 4, Census Tract 7.06, Utah County, Utah"
"75385","11260","1500000US490490007071","Block Group 1, Census Tract 7.07, Utah County, Utah"
"87550","10326","1500000US490490007072","Block Group 2, Census Tract 7.07, Utah County, Utah"
"108571","20489","1500000US490490007081","Block Group 1, Census Tract 7.08, Utah County, Utah"
"94432","6428","1500000US490490007082","Block Group 2, Census Tract 7.08, Utah County, Utah"
"75234","14961","1500000US490490007091","Block Group 1, Census Tract 7.09, Utah County, Utah"
"114583","18953","1500000US490490007092","Block Group 2, Census Tract 7.09, Utah County, Utah"
"123077","28734","1500000US490490007101","Block Group 1, Census Tract 7.10, Utah County, Utah"
"117031","35409","1500000US490490007102","Block Group 2, Census Tract 7.10, Utah County, Utah"
"141250","32221","1500000US490490007111","Block Group 1, Census Tract 7.11, Utah County, Utah"
"117000","11699","1500000US490490007112","Block Group 2, Census Tract 7.11, Utah County, Utah"
"67569","12370","1500000US490490008011","Block Group 1, Census Tract 8.01, Utah County, Utah"
"29514","10565","1500000US490490008012","Block Group 2, Census Tract 8.01, Utah County, Utah"
"52356","13441","1500000US490490008013","Block Group 3, Census Tract 8.01, Utah County, Utah"
"57143","18176","1500000US490490008021","Block Group 1, Census Tract 8.02, Utah County, Utah"
"71442","31715","1500000US490490008022","Block Group 2, Census Tract 8.02, Utah County, Utah"
"48594","4503","1500000US490490008023","Block Group 3, Census Tract 8.02, Utah County, Utah"
"37399","4411","1500000US490490009011","Block Group 1, Census Tract 9.01, Utah County, Utah"
"58482","11492","1500000US490490009012","Block Group 2, Census Tract 9.01, Utah County, Utah"
"56629","9751","1500000US490490009013","Block Group 3, Census Tract 9.01, Utah County, Utah"
"75000","24833","1500000US490490009031","Block Group 1, Census Tract 9.03, Utah County, Utah"
"97679","16859","1500000US490490009032","Block Group 2, Census Tract 9.03, Utah County, Utah"
"79583","32213","1500000US490490009033","Block Group 3, Census Tract 9.03, Utah County, Utah"
"73698","9803","1500000US490490009041","Block Group 1, Census Tract 9.04, Utah County, Utah"
"101667","15943","1500000US490490009042","Block Group 2, Census Tract 9.04, Utah County, Utah"
"65486","18783","1500000US490490010011","Block Group 1, Census Tract 10.01, Utah County, Utah"
"70179","17012","1500000US490490010012","Block Group 2, Census Tract 10.01, Utah County, Utah"
"80147","10622","1500000US490490010013","Block Group 3, Census Tract 10.01, Utah County, Utah"
"80227","7249","1500000US490490010021","Block Group 1, Census Tract 10.02, Utah County, Utah"
"73274","16190","1500000US490490010022","Block Group 2, Census Tract 10.02, Utah County, Utah"
"54107","21055","1500000US490490011031","Block Group 1, Census Tract 11.03, Utah County, Utah"
"68819","12464","1500000US490490011032","Block Group 2, Census Tract 11.03, Utah County, Utah"
"101667","19921","1500000US490490011051","Block Group 1, Census Tract 11.05, Utah County, Utah"
"55833","12552","1500000US490490011052","Block Group 2, Census Tract 11.05, Utah County, Utah"
"64083","27285","1500000US490490011061","Block Group 1, Census Tract 11.06, Utah County, Utah"
"69671","15609","1500000US490490011062","Block Group 2, Census Tract 11.06, Utah County, Utah"
"89659","18972","1500000US490490011071","Block Group 1, Census Tract 11.07, Utah County, Utah"
"57759","3389","1500000US490490011072","Block Group 2, Census Tract 11.07, Utah County, Utah"
"43159","6294","1500000US490490011081","Block Group 1, Census Tract 11.08, Utah County, Utah"
"42702","6891","1500000US490490011082","Block Group 2, Census Tract 11.08, Utah County, Utah"
"81000","22098","1500000US490490012011","Block Group 1, Census Tract 12.01, Utah County, Utah"
"68203","20606","1500000US490490012012","Block Group 2, Census Tract 12.01, Utah County, Utah"
"47193","15493","1500000US490490012021","Block Group 1, Census Tract 12.02, Utah County, Utah"
"71118","19467","1500000US490490012022","Block Group 2, Census Tract 12.02, Utah County, Utah"
"47271","11110","1500000US490490012023","Block Group 3, Census Tract 12.02, Utah County, Utah"
"102027","62278","1500000US490490013001","Block Group 1, Census Tract 13, Utah County, Utah"
"56731","35716","1500000US490490013002","Block Group 2, Census Tract 13, Utah County, Utah"
"58885","5201","1500000US490490013003","Block Group 3, Census Tract 13, Utah County, Utah"
"-","**","1500000US490490014011","Block Group 1, Census Tract 14.01, Utah County, Utah"
"67019","11548","1500000US490490014012","Block Group 2, Census Tract 14.01, Utah County, Utah"
"129653","17898","1500000US490490014013","Block Group 3, Census Tract 14.01, Utah County, Utah"
"72841","66255","1500000US490490014014","Block Group 4, Census Tract 14.01, Utah County, Utah"
"33554","8931","1500000US490490014021","Block Group 1, Census Tract 14.02, Utah County, Utah"
"68669","11195","1500000US490490014022","Block Group 2, Census Tract 14.02, Utah County, Utah"
"47354","9483","1500000US490490014023","Block Group 3, Census Tract 14.02, Utah County, Utah"
"70750","33501","1500000US490490014024","Block Group 4, Census Tract 14.02, Utah County, Utah"
"100125","23308","1500000US490490015011","Block Group 1, Census Tract 15.01, Utah County, Utah"
"98272","16728","1500000US490490015012","Block Group 2, Census Tract 15.01, Utah County, Utah"
"74375","14726","1500000US490490015013","Block Group 3, Census Tract 15.01, Utah County, Utah"
"86292","20176","1500000US490490015031","Block Group 1, Census Tract 15.03, Utah County, Utah"
"104643","26622","1500000US490490015032","Block Group 2, Census Tract 15.03, Utah County, Utah"
"65313","17817","1500000US490490015041","Block Group 1, Census Tract 15.04, Utah County, Utah"
"72109","63436","1500000US490490015042","Block Group 2, Census Tract 15.04, Utah County, Utah"
"80500","21471","1500000US490490015043","Block Group 3, Census Tract 15.04, Utah County, Utah"
"27500","6917","1500000US490490016011","Block Group 1, Census Tract 16.01, Utah County, Utah"
"28723","4890","1500000US490490016012","Block Group 2, Census Tract 16.01, Utah County, Utah"
"-","**","1500000US490490016021","Block Group 1, Census Tract 16.02, Utah County, Utah"
"-","**","1500000US490490016022","Block Group 2, Census Tract 16.02, Utah County, Utah"
"-","**","1500000US490490016023","Block Group 3, Census Tract 16.02, Utah County, Utah"
"43750","35720","1500000US490490016024","Block Group 4, Census Tract 16.02, Utah County, Utah"
"20588","1351","1500000US490490016031","Block Group 1, Census Tract 16.03, Utah County, Utah"
"-","**","1500000US490490016032","Block Group 2, Census Tract 16.03, Utah County, Utah"
"80563","45237","1500000US490490017011","Block Group 1, Census Tract 17.01, Utah County, Utah"
"43906","13629","1500000US490490017012","Block Group 2, Census Tract 17.01, Utah County, Utah"
"33250","12441","1500000US490490017021","Block Group 1, Census Tract 17.02, Utah County, Utah"
"57750","41420","1500000US490490017022","Block Group 2, Census Tract 17.02, Utah County, Utah"
"54444","30825","1500000US490490017023","Block Group 3, Census Tract 17.02, Utah County, Utah"
"34523","6443","1500000US490490018011","Block Group 1, Census Tract 18.01, Utah County, Utah"
"26978","2565","1500000US490490018012","Block Group 2, Census Tract 18.01, Utah County, Utah"
"33305","10166","1500000US490490018013","Block Group 3, Census Tract 18.01, Utah County, Utah"
"26725","4406","1500000US490490018014","Block Group 4, Census Tract 18.01, Utah County, Utah"
"35417","19939","1500000US490490018021","Block Group 1, Census Tract 18.02, Utah County, Utah"
"23980","2394","1500000US490490018022","Block Group 2, Census Tract 18.02, Utah County, Utah"
"29489","29318","1500000US490490018023","Block Group 3, Census Tract 18.02, Utah County, Utah"
"44211","17383","1500000US490490018024","Block Group 4, Census Tract 18.02, Utah County, Utah"
"32574","8231","1500000US490490018031","Block Group 1, Census Tract 18.03, Utah County, Utah"
"24414","3629","1500000US490490018032","Block Group 2, Census Tract 18.03, Utah County, Utah"
"24338","8913","1500000US490490019001","Block Group 1, Census Tract 19, Utah County, Utah"
"25952","6230","1500000US490490019002","Block Group 2, Census Tract 19, Utah County, Utah"
"30039","5422","1500000US490490019003","Block Group 3, Census Tract 19, Utah County, Utah"
"33678","17104","1500000US490490020001","Block Group 1, Census Tract 20, Utah County, Utah"
"-","**","1500000US490490020002","Block Group 2, Census Tract 20, Utah County, Utah"
"54509","24603","1500000US490490020003","Block Group 3, Census Tract 20, Utah County, Utah"
"52581","12724","1500000US490490020004","Block Group 4, Census Tract 20, Utah County, Utah"
"70294","23502","1500000US490490021011","Block Group 1, Census Tract 21.01, Utah County, Utah"
"86000","37702","1500000US490490021012","Block Group 2, Census Tract 21.01, Utah County, Utah"
"82692","8645","1500000US490490021013","Block Group 3, Census Tract 21.01, Utah County, Utah"
"77179","12764","1500000US490490021021","Block Group 1, Census Tract 21.02, Utah County, Utah"
"49583","8798","1500000US490490021022","Block Group 2, Census Tract 21.02, Utah County, Utah"
"82788","6640","1500000US490490022011","Block Group 1, Census Tract 22.01, Utah County, Utah"
"80383","9195","1500000US490490022012","Block Group 2, Census Tract 22.01, Utah County, Utah"
"49639","17129","1500000US490490022013","Block Group 3, Census Tract 22.01, Utah County, Utah"
"71369","17640","1500000US490490022041","Block Group 1, Census Tract 22.04, Utah County, Utah"
"79028","13370","1500000US490490022042","Block Group 2, Census Tract 22.04, Utah County, Utah"
"60069","9367","1500000US490490022051","Block Group 1, Census Tract 22.05, Utah County, Utah"
"62250","27290","1500000US490490022052","Block Group 2, Census Tract 22.05, Utah County, Utah"
"67159","8370","1500000US490490022061","Block Group 1, Census Tract 22.06, Utah County, Utah"
"73750","10594","1500000US490490022062","Block Group 2, Census Tract 22.06, Utah County, Utah"
"62969","7627","1500000US490490022071","Block Group 1, Census Tract 22.07, Utah County, Utah"
"70357","12526","1500000US490490022072","Block Group 2, Census Tract 22.07, Utah County, Utah"
"66250","18685","1500000US490490022073","Block Group 3, Census Tract 22.07, Utah County, Utah"
"51250","15820","1500000US490490023001","Block Group 1, Census Tract 23, Utah County, Utah"
"56944","10055","1500000US490490023002","Block Group 2, Census Tract 23, Utah County, Utah"
"52386","10558","1500000US490490023003","Block Group 3, Census Tract 23, Utah County, Utah"
"40052","3629","1500000US490490024001","Block Group 1, Census Tract 24, Utah County, Utah"
"26875","8831","1500000US490490025001","Block Group 1, Census Tract 25, Utah County, Utah"
"40729","16337","1500000US490490025002","Block Group 2, Census Tract 25, Utah County, Utah"
"34400","13134","1500000US490490025003","Block Group 3, Census Tract 25, Utah County, Utah"
"40240","16305","1500000US490490025004","Block Group 4, Census Tract 25, Utah County, Utah"
"43571","6722","1500000US490490027011","Block Group 1, Census Tract 27.01, Utah County, Utah"
"47083","9927","1500000US490490027012","Block Group 2, Census Tract 27.01, Utah County, Utah"
"61667","13260","1500000US490490027013","Block Group 3, Census Tract 27.01, Utah County, Utah"
"-","**","1500000US490490027014","Block Group 4, Census Tract 27.01, Utah County, Utah"
"85224","18544","1500000US490490027021","Block Group 1, Census Tract 27.02, Utah County, Utah"
"65714","24491","1500000US490490027022","Block Group 2, Census Tract 27.02, Utah County, Utah"
"32404","7774","1500000US490490028011","Block Group 1, Census Tract 28.01, Utah County, Utah"
"61316","13502","1500000US490490028012","Block Group 2, Census Tract 28.01, Utah County, Utah"
"35804","8216","1500000US490490028021","Block Group 1, Census Tract 28.02, Utah County, Utah"
"140515","88972","1500000US490490028022","Block Group 2, Census Tract 28.02, Utah County, Utah"
"82156","2982","1500000US490490029011","Block Group 1, Census Tract 29.01, Utah County, Utah"
"48947","6648","1500000US490490029012","Block Group 2, Census Tract 29.01, Utah County, Utah"
"59632","18393","1500000US490490029013","Block Group 3, Census Tract 29.01, Utah County, Utah"
"79805","8736","1500000US490490029014","Block Group 4, Census Tract 29.01, Utah County, Utah"
"50893","13224","1500000US490490029021","Block Group 1, Census Tract 29.02, Utah County, Utah"
"59281","6687","1500000US490490029022","Block Group 2, Census Tract 29.02, Utah County, Utah"
"47649","8665","1500000US490490029023","Block Group 3, Census Tract 29.02, Utah County, Utah"
"42813","25752","1500000US490490030011","Block Group 1, Census Tract 30.01, Utah County, Utah"
"67917","15638","1500000US490490030012","Block Group 2, Census Tract 30.01, Utah County, Utah"
"84464","16974","1500000US490490030013","Block Group 3, Census Tract 30.01, Utah County, Utah"
"58750","24999","1500000US490490030021","Block Group 1, Census Tract 30.02, Utah County, Utah"
"76023","8511","1500000US490490030022","Block Group 2, Census Tract 30.02, Utah County, Utah"
"76976","8449","1500000US490490031031","Block Group 1, Census Tract 31.03, Utah County, Utah"
"67222","18585","1500000US490490031032","Block Group 2, Census Tract 31.03, Utah County, Utah"
"108587","18626","1500000US490490031041","Block Group 1, Census Tract 31.04, Utah County, Utah"
"112992","5486","1500000US490490031042","Block Group 2, Census Tract 31.04, Utah County, Utah"
"123750","18583","1500000US490490031043","Block Group 3, Census Tract 31.04, Utah County, Utah"
"58375","23243","1500000US490490031051","Block Group 1, Census Tract 31.05, Utah County, Utah"
"61563","23254","1500000US490490031052","Block Group 2, Census Tract 31.05, Utah County, Utah"
"46159","14929","1500000US490490031053","Block Group 3, Census Tract 31.05, Utah County, Utah"
"68269","12632","1500000US490490031061","Block Group 1, Census Tract 31.06, Utah County, Utah"
"53487","12895","1500000US490490031062","Block Group 2, Census Tract 31.06, Utah County, Utah"
"47679","22859","1500000US490490032011","Block Group 1, Census Tract 32.01, Utah County, Utah"
"52305","4662","1500000US490490032012","Block Group 2, Census Tract 32.01, Utah County, Utah"
"56020","15177","1500000US490490032031","Block Group 1, Census Tract 32.03, Utah County, Utah"
"115179","30376","1500000US490490032032","Block Group 2, Census Tract 32.03, Utah County, Utah"
"116125","11121","1500000US490490032033","Block Group 3, Census Tract 32.03, Utah County, Utah"
"49167","12375","1500000US490490032041","Block Group 1, Census Tract 32.04, Utah County, Utah"
"63125","21059","1500000US490490032042","Block Group 2, Census Tract 32.04, Utah County, Utah"
"96136","19120","1500000US490490032051","Block Group 1, Census Tract 32.05, Utah County, Utah"
"61339","12286","1500000US490490032052","Block Group 2, Census Tract 32.05, Utah County, Utah"
"67303","6720","1500000US490490032053","Block Group 3, Census Tract 32.05, Utah County, Utah"
"62969","23302","1500000US490490033001","Block Group 1, Census Tract 33, Utah County, Utah"
"60625","12471","1500000US490490033002","Block Group 2, Census Tract 33, Utah County, Utah"
"90781","17968","1500000US490490033003","Block Group 3, Census Tract 33, Utah County, Utah"
"53185","6816","1500000US490490033004","Block Group 4, Census Tract 33, Utah County, Utah"
"-","**","1500000US490490034011","Block Group 1, Census Tract 34.01, Utah County, Utah"
"59735","15093","1500000US490490034012","Block Group 2, Census Tract 34.01, Utah County, Utah"
"61250","22236","1500000US490490034013","Block Group 3, Census Tract 34.01, Utah County, Utah"
"58529","21129","1500000US490490034021","Block Group 1, Census Tract 34.02, Utah County, Utah"
"84199","9306","1500000US490490034022","Block Group 2, Census Tract 34.02, Utah County, Utah"
"88309","19068","1500000US490490034023","Block Group 3, Census Tract 34.02, Utah County, Utah"
"75473","13463","1500000US490490034024","Block Group 4, Census Tract 34.02, Utah County, Utah"
"47092","9054","1500000US490490034031","Block Group 1, Census Tract 34.03, Utah County, Utah"
"80536","72716","1500000US490490034032","Block Group 2, Census Tract 34.03, Utah County, Utah"
"67096","27181","1500000US490490034033","Block Group 3, Census Tract 34.03, Utah County, Utah"
"70179","17188","1500000US490490034034","Block Group 4, Census Tract 34.03, Utah County, Utah"
"80280","8580","1500000US490490101031","Block Group 1, Census Tract 101.03, Utah County, Utah"
"67188","12163","1500000US490490101032","Block Group 2, Census Tract 101.03, Utah County, Utah"
"71833","4904","1500000US490490101033","Block Group 3, Census Tract 101.03, Utah County, Utah"
"79453","34277","1500000US490490101041","Block Group 1, Census Tract 101.04, Utah County, Utah"
"73613","11695","1500000US490490101042","Block Group 2, Census Tract 101.04, Utah County, Utah"
"85917","17274","1500000US490490101043","Block Group 3, Census Tract 101.04, Utah County, Utah"
"84715","9137","1500000US490490101044","Block Group 4, Census Tract 101.04, Utah County, Utah"
"86161","13401","1500000US490490101051","Block Group 1, Census Tract 101.05, Utah County, Utah"
"86012","2650","1500000US490490101052","Block Group 2, Census Tract 101.05, Utah County, Utah"
"104300","12610","1500000US490490101053","Block Group 3, Census Tract 101.05, Utah County, Utah"
"104880","9445","1500000US490490101061","Block Group 1, Census Tract 101.06, Utah County, Utah"
"90270","10172","1500000US490490101062","Block Group 2, Census Tract 101.06, Utah County, Utah"
"88403","12717","1500000US490490101071","Block Group 1, Census Tract 101.07, Utah County, Utah"
"111164","30617","1500000US490490101072","Block Group 2, Census Tract 101.07, Utah County, Utah"
"91995","10128","1500000US490490101081","Block Group 1, Census Tract 101.08, Utah County, Utah"
"78718","10414","1500000US490490101082","Block Group 2, Census Tract 101.08, Utah County, Utah"
"81750","47236","1500000US490490101083","Block Group 3, Census Tract 101.08, Utah County, Utah"
"101250","13460","1500000US490490101084","Block Group 4, Census Tract 101.08, Utah County, Utah"
"99167","26265","1500000US490490101091","Block Group 1, Census Tract 101.09, Utah County, Utah"
"115799","11849","1500000US490490101092","Block Group 2, Census Tract 101.09, Utah County, Utah"
"75904","8881","1500000US490490101093","Block Group 3, Census Tract 101.09, Utah County, Utah"
"83571","40812","1500000US490490101101","Block Group 1, Census Tract 101.10, Utah County, Utah"
"121750","20317","1500000US490490101102","Block Group 2, Census Tract 101.10, Utah County, Utah"
"101675","17484","1500000US490490101111","Block Group 1, Census Tract 101.11, Utah County, Utah"
"80366","13247","1500000US490490101112","Block Group 2, Census Tract 101.11, Utah County, Utah"
"103947","24769","1500000US490490101113","Block Group 3, Census Tract 101.11, Utah County, Utah"
"103750","20602","1500000US490490101121","Block Group 1, Census Tract 101.12, Utah County, Utah"
"90125","12266","1500000US490490101122","Block Group 2, Census Tract 101.12, Utah County, Utah"
"99000","11606","1500000US490490101131","Block Group 1, Census Tract 101.13, Utah County, Utah"
"115495","11295","1500000US490490101132","Block Group 2, Census Tract 101.13, Utah County, Utah"
"163036","15902","1500000US490490102081","Block Group 1, Census Tract 102.08, Utah County, Utah"
"108594","32857","1500000US490490102082","Block Group 2, Census Tract 102.08, Utah County, Utah"
"137813","27263","1500000US490490102083","Block Group 3, Census Tract 102.08, Utah County, Utah"
"101488","15099","1500000US490490102091","Block Group 1, Census Tract 102.09, Utah County, Utah"
"161591","51905","1500000US490490102092","Block Group 2, Census Tract 102.09, Utah County, Utah"
"143472","39688","1500000US490490102093","Block Group 3, Census Tract 102.09, Utah County, Utah"
"154531","33376","1500000US490490102094","Block Group 4, Census Tract 102.09, Utah County, Utah"
"91250","29657","1500000US490490102101","Block Group 1, Census Tract 102.10, Utah County, Utah"
"127708","25055","1500000US490490102102","Block Group 2, Census Tract 102.10, Utah County, Utah"
"121848","27707","1500000US490490102103","Block Group 3, Census Tract 102.10, Utah County, Utah"
"101250","26478","1500000US490490102104","Block Group 4, Census Tract 102.10, Utah County, Utah"
"116250","42331","1500000US490490102111","Block Group 1, Census Tract 102.11, Utah County, Utah"
"196458","121482","1500000US490490102112","Block Group 2, Census Tract 102.11, Utah County, Utah"
"135500","45700","1500000US490490102113","Block Group 3, Census Tract 102.11, Utah County, Utah"
"94375","19285","1500000US490490102114","Block Group 4, Census Tract 102.11, Utah County, Utah"
"109211","27535","1500000US490490102121","Block Group 1, Census Tract 102.12, Utah County, Utah"
"118966","10510","1500000US490490102122","Block Group 2, Census Tract 102.12, Utah County, Utah"
"188000","48354","1500000US490490102131","Block Group 1, Census Tract 102.13, Utah County, Utah"
"127083","15852","1500000US490490102132","Block Group 2, Census Tract 102.13, Utah County, Utah"
"55521","18342","1500000US490490102141","Block Group 1, Census Tract 102.14, Utah County, Utah"
"143529","11567","1500000US490490102142","Block Group 2, Census Tract 102.14, Utah County, Utah"
"104844","22813","1500000US490490102143","Block Group 3, Census Tract 102.14, Utah County, Utah"
"96500","31543","1500000US490490102144","Block Group 4, Census Tract 102.14, Utah County, Utah"
"114226","6268","1500000US490490102151","Block Group 1, Census Tract 102.15, Utah County, Utah"
"92969","30677","1500000US490490102152","Block Group 2, Census Tract 102.15, Utah County, Utah"
"85924","19443","1500000US490490102153","Block Group 3, Census Tract 102.15, Utah County, Utah"
"133229","29503","1500000US490490102154","Block Group 4, Census Tract 102.15, Utah County, Utah"
"111823","10175","1500000US490490102161","Block Group 1, Census Tract 102.16, Utah County, Utah"
"133750","17972","1500000US490490102162","Block Group 2, Census Tract 102.16, Utah County, Utah"
"155875","20876","1500000US490490102171","Block Group 1, Census Tract 102.17, Utah County, Utah"
"138750","16500","1500000US490490102172","Block Group 2, Census Tract 102.17, Utah County, Utah"
"164432","30284","1500000US490490102173","Block Group 3, Census Tract 102.17, Utah County, Utah"
"148750","14777","1500000US490490102181","Block Group 1, Census Tract 102.18, Utah County, Utah"
"151786","56101","1500000US490490102182","Block Group 2, Census Tract 102.18, Utah County, Utah"
"130000","67214","1500000US490490102183","Block Group 3, Census Tract 102.18, Utah County, Utah"
"140278","23773","1500000US490490102184","Block Group 4, Census Tract 102.18, Utah County, Utah"
"143833","31839","1500000US490490102191","Block Group 1, Census Tract 102.19, Utah County, Utah"
"122125","22662","1500000US490490102192","Block Group 2, Census Tract 102.19, Utah County, Utah"
"133973","33176","1500000US490490102193","Block Group 3, Census Tract 102.19, Utah County, Utah"
"118042","7987","1500000US490490102201","Block Group 1, Census Tract 102.20, Utah County, Utah"
"92436","11542","1500000US490490102202","Block Group 2, Census Tract 102.20, Utah County, Utah"
"100313","36995","1500000US490490102203","Block Group 3, Census Tract 102.20, Utah County, Utah"
"97500","21081","1500000US490490103031","Block Group 1, Census Tract 103.03, Utah County, Utah"
"121964","14008","1500000US490490103032","Block Group 2, Census Tract 103.03, Utah County, Utah"
"62778","15936","1500000US490490103041","Block Group 1, Census Tract 103.04, Utah County, Utah"
"98448","10866","1500000US490490103042","Block Group 2, Census Tract 103.04, Utah County, Utah"
"107218","10078","1500000US490490103043","Block Group 3, Census Tract 103.04, Utah County, Utah"
"122361","48628","1500000US490490103051","Block Group 1, Census Tract 103.05, Utah County, Utah"
"112188","24773","1500000US490490103052","Block Group 2, Census Tract 103.05, Utah County, Utah"
"100885","13104","1500000US490490104041","Block Group 1, Census Tract 104.04, Utah County, Utah"
"109375","10900","1500000US490490104042","Block Group 2, Census Tract 104.04, Utah County, Utah"
"85333","29564","1500000US490490104051","Block Group 1, Census Tract 104.05, Utah County, Utah"
"84917","8366","1500000US490490104052","Block Group 2, Census Tract 104.05, Utah County, Utah"
"114583","16320","1500000US490490104061","Block Group 1, Census Tract 104.06, Utah County, Utah"
"75000","6603","1500000US490490104062","Block Group 2, Census Tract 104.06, Utah County, Utah"
"97269","13735","1500000US490490104071","Block Group 1, Census Tract 104.07, Utah County, Utah"
"92292","11053","1500000US490490104072","Block Group 2, Census Tract 104.07, Utah County, Utah"
"81250","13843","1500000US490490104081","Block Group 1, Census Tract 104.08, Utah County, Utah"
"113145","39421","1500000US490490104082","Block Group 2, Census Tract 104.08, Utah County, Utah"
"105357","15221","1500000US490490104083","Block Group 3, Census Tract 104.08, Utah County, Utah"
"101375","22969","1500000US490490104091","Block Group 1, Census Tract 104.09, Utah County, Utah"
"80250","11405","1500000US490490104092","Block Group 2, Census Tract 104.09, Utah County, Utah"
"72750","18927","1500000US490490104101","Block Group 1, Census Tract 104.10, Utah County, Utah"
"86198","16301","1500000US490490104102","Block Group 2, Census Tract 104.10, Utah County, Utah"
"118750","21200","1500000US490490104111","Block Group 1, Census Tract 104.11, Utah County, Utah"
"90250","16110","1500000US490490104112","Block Group 2, Census Tract 104.11, Utah County, Utah"
"130438","6024","1500000US490490104113","Block Group 3, Census Tract 104.11, Utah County, Utah"
"83125","30246","1500000US490490105031","Block Group 1, Census Tract 105.03, Utah County, Utah"
"55500","6063","1500000US490490105032","Block Group 2, Census Tract 105.03, Utah County, Utah"
"61190","13152","1500000US490490105041","Block Group 1, Census Tract 105.04, Utah County, Utah"
"81771","9614","1500000US490490105042","Block Group 2, Census Tract 105.04, Utah County, Utah"
"82695","10535","1500000US490490105051","Block Group 1, Census Tract 105.05, Utah County, Utah"
"50909","19259","1500000US490490105052","Block Group 2, Census Tract 105.05, Utah County, Utah"
"59583","15174","1500000US490490105053","Block Group 3, Census Tract 105.05, Utah County, Utah"
"56696","15546","1500000US490490105061","Block Group 1, Census Tract 105.06, Utah County, Utah"
"50556","25962","1500000US490490105062","Block Group 2, Census Tract 105.06, Utah County, Utah"
"80625","11136","1500000US490490106001","Block Group 1, Census Tract 106, Utah County, Utah"
"73295","11016","1500000US490490106002","Block Group 2, Census Tract 106, Utah County, Utah"
"98704","13619","1500000US490490107001","Block Group 1, Census Tract 107, Utah County, Utah"
"92098","17246","1500000US490490107002","Block Group 2, Census Tract 107, Utah County, Utah"
"73750","8862","1500000US490490107003","Block Group 3, Census Tract 107, Utah County, Utah"
"83750","24627","1500000US490490109001","Block Group 1, Census Tract 109, Utah County, Utah"
"94219","32930","1500000US490490109002","Block Group 2, Census Tract 109, Utah County, Utah"
"-","**","1500000US490499801001","Block Group 1, Census Tract 9801, Utah County, Utah"
"81012","29869","1500000US490519405001","Block Group 1, Census Tract 9405, Wasatch County, Utah"
"101250","22038","1500000US490519405002","Block Group 2, Census Tract 9405, Wasatch County, Utah"
"72270","20661","1500000US490519405003","Block Group 3, Census Tract 9405, Wasatch County, Utah"
"118244","13106","1500000US490519405004","Block Group 4, Census Tract 9405, Wasatch County, Utah"
"43750","14955","1500000US490519601001","Block Group 1, Census Tract 9601, Wasatch County, Utah"
"85417","14851","1500000US490519601002","Block Group 2, Census Tract 9601, Wasatch County, Utah"
"76071","18137","1500000US490519602001","Block Group 1, Census Tract 9602, Wasatch County, Utah"
"92868","18889","1500000US490519602002","Block Group 2, Census Tract 9602, Wasatch County, Utah"
"78990","18186","1500000US490519604001","Block Group 1, Census Tract 9604, Wasatch County, Utah"
"88984","10200","1500000US490519604002","Block Group 2, Census Tract 9604, Wasatch County, Utah"
"58409","8094","1500000US490532701001","Block Group 1, Census Tract 2701, Washington County, Utah"
"54671","5153","1500000US490532701002","Block Group 2, Census Tract 2701, Washington County, Utah"
"76181","8656","1500000US490532701003","Block Group 3, Census Tract 2701, Washington County, Utah"
"46336","7951","1500000US490532701004","Block Group 4, Census Tract 2701, Washington County, Utah"
"53693","19485","1500000US490532701005","Block Group 5, Census Tract 2701, Washington County, Utah"
"50952","7195","1500000US490532702001","Block Group 1, Census Tract 2702, Washington County, Utah"
"62679","8619","1500000US490532702002","Block Group 2, Census Tract 2702, Washington County, Utah"
"33395","6809","1500000US490532703001","Block Group 1, Census Tract 2703, Washington County, Utah"
"41813","20585","1500000US490532703002","Block Group 2, Census Tract 2703, Washington County, Utah"
"74833","27466","1500000US490532703003","Block Group 3, Census Tract 2703, Washington County, Utah"
"76494","13087","1500000US490532703004","Block Group 4, Census Tract 2703, Washington County, Utah"
"57313","18987","1500000US490532704001","Block Group 1, Census Tract 2704, Washington County, Utah"
"67691","11174","1500000US490532704002","Block Group 2, Census Tract 2704, Washington County, Utah"
"55673","19969","1500000US490532705001","Block Group 1, Census Tract 2705, Washington County, Utah"
"76285","14056","1500000US490532705002","Block Group 2, Census Tract 2705, Washington County, Utah"
"58988","21258","1500000US490532705003","Block Group 3, Census Tract 2705, Washington County, Utah"
"107738","12692","1500000US490532705004","Block Group 4, Census Tract 2705, Washington County, Utah"
"72792","25982","1500000US490532706001","Block Group 1, Census Tract 2706, Washington County, Utah"
"57600","7547","1500000US490532706002","Block Group 2, Census Tract 2706, Washington County, Utah"
"68043","19444","1500000US490532706003","Block Group 3, Census Tract 2706, Washington County, Utah"
"73628","7468","1500000US490532707001","Block Group 1, Census Tract 2707, Washington County, Utah"
"37650","30176","1500000US490532707002","Block Group 2, Census Tract 2707, Washington County, Utah"
"61696","17901","1500000US490532707003","Block Group 3, Census Tract 2707, Washington County, Utah"
"47708","9911","1500000US490532707004","Block Group 4, Census Tract 2707, Washington County, Utah"
"87188","27692","1500000US490532708011","Block Group 1, Census Tract 2708.01, Washington County, Utah"
"73268","18380","1500000US490532708012","Block Group 2, Census Tract 2708.01, Washington County, Utah"
"45179","23365","1500000US490532708013","Block Group 3, Census Tract 2708.01, Washington County, Utah"
"59875","19082","1500000US490532708021","Block Group 1, Census Tract 2708.02, Washington County, Utah"
"42358","15628","1500000US490532708022","Block Group 2, Census Tract 2708.02, Washington County, Utah"
"54140","4739","1500000US490532709011","Block Group 1, Census Tract 2709.01, Washington County, Utah"
"54120","8065","1500000US490532709021","Block Group 1, Census Tract 2709.02, Washington County, Utah"
"69766","8538","1500000US490532709022","Block Group 2, Census Tract 2709.02, Washington County, Utah"
"47434","8452","1500000US490532709023","Block Group 3, Census Tract 2709.02, Washington County, Utah"
"44330","11215","1500000US490532710001","Block Group 1, Census Tract 2710, Washington County, Utah"
"54052","3638","1500000US490532710002","Block Group 2, Census Tract 2710, Washington County, Utah"
"44000","9937","1500000US490532711001","Block Group 1, Census Tract 2711, Washington County, Utah"
"85030","9934","1500000US490532711002","Block Group 2, Census Tract 2711, Washington County, Utah"
"56167","15065","1500000US490532711003","Block Group 3, Census Tract 2711, Washington County, Utah"
"58750","24530","1500000US490532711004","Block Group 4, Census Tract 2711, Washington County, Utah"
"62105","7508","1500000US490532712001","Block Group 1, Census Tract 2712, Washington County, Utah"
"45375","17095","1500000US490532712002","Block Group 2, Census Tract 2712, Washington County, Utah"
"42885","16058","1500000US490532713001","Block Group 1, Census Tract 2713, Washington County, Utah"
"35655","5641","1500000US490532713002","Block Group 2, Census Tract 2713, Washington County, Utah"
"48571","23796","1500000US490532713003","Block Group 3, Census Tract 2713, Washington County, Utah"
"32009","3061","1500000US490532714001","Block Group 1, Census Tract 2714, Washington County, Utah"
"56607","23641","1500000US490532714002","Block Group 2, Census Tract 2714, Washington County, Utah"
"48850","14779","1500000US490532714003","Block Group 3, Census Tract 2714, Washington County, Utah"
"59060","10403","1500000US490532715001","Block Group 1, Census Tract 2715, Washington County, Utah"
"76583","18538","1500000US490532715002","Block Group 2, Census Tract 2715, Washington County, Utah"
"46607","6662","1500000US490532716001","Block Group 1, Census Tract 2716, Washington County, Utah"
"57000","11315","1500000US490532716002","Block Group 2, Census Tract 2716, Washington County, Utah"
"67548","20303","1500000US490532717011","Block Group 1, Census Tract 2717.01, Washington County, Utah"
"83523","18934","1500000US490532717012","Block Group 2, Census Tract 2717.01, Washington County, Utah"
"92632","30536","1500000US490532717021","Block Group 1, Census Tract 2717.02, Washington County, Utah"
"58977","9611","1500000US490532717022","Block Group 2, Census Tract 2717.02, Washington County, Utah"
"50958","6579","1500000US490532718001","Block Group 1, Census Tract 2718, Washington County, Utah"
"63869","10424","1500000US490532718002","Block Group 2, Census Tract 2718, Washington County, Utah"
"46375","12961","1500000US490559791001","Block Group 1, Census Tract 9791, Wayne County, Utah"
"43778","3606","1500000US490559791002","Block Group 2, Census Tract 9791, Wayne County, Utah"
"67963","10612","1500000US490572001001","Block Group 1, Census Tract 2001, Weber County, Utah"
"58472","23609","1500000US490572001002","Block Group 2, Census Tract 2001, Weber County, Utah"
"56313","11092","1500000US490572001003","Block Group 3, Census Tract 2001, Weber County, Utah"
"33611","12617","1500000US490572002021","Block Group 1, Census Tract 2002.02, Weber County, Utah"
"47132","10026","1500000US490572002022","Block Group 2, Census Tract 2002.02, Weber County, Utah"
"52500","6445","1500000US490572002031","Block Group 1, Census Tract 2002.03, Weber County, Utah"
"67417","9037","1500000US490572002032","Block Group 2, Census Tract 2002.03, Weber County, Utah"
"38094","9821","1500000US490572002033","Block Group 3, Census Tract 2002.03, Weber County, Utah"
"81705","15075","1500000US490572002041","Block Group 1, Census Tract 2002.04, Weber County, Utah"
"44202","15558","1500000US490572002042","Block Group 2, Census Tract 2002.04, Weber County, Utah"
"42434","10646","1500000US490572003001","Block Group 1, Census Tract 2003, Weber County, Utah"
"72768","17179","1500000US490572003002","Block Group 2, Census Tract 2003, Weber County, Utah"
"35078","20829","1500000US490572003003","Block Group 3, Census Tract 2003, Weber County, Utah"
"29375","8405","1500000US490572004001","Block Group 1, Census Tract 2004, Weber County, Utah"
"48900","10458","1500000US490572004002","Block Group 2, Census Tract 2004, Weber County, Utah"
"58582","23207","1500000US490572005001","Block Group 1, Census Tract 2005, Weber County, Utah"
"40094","6914","1500000US490572005002","Block Group 2, Census Tract 2005, Weber County, Utah"
"45296","10608","1500000US490572005003","Block Group 3, Census Tract 2005, Weber County, Utah"
"65294","27165","1500000US490572005004","Block Group 4, Census Tract 2005, Weber County, Utah"
"31619","9620","1500000US490572005005","Block Group 5, Census Tract 2005, Weber County, Utah"
"63819","9906","1500000US490572006001","Block Group 1, Census Tract 2006, Weber County, Utah"
"69211","21062","1500000US490572006002","Block Group 2, Census Tract 2006, Weber County, Utah"
"49091","20235","1500000US490572006003","Block Group 3, Census Tract 2006, Weber County, Utah"
"68889","13299","1500000US490572006004","Block Group 4, Census Tract 2006, Weber County, Utah"
"71625","31307","1500000US490572007001","Block Group 1, Census Tract 2007, Weber County, Utah"
"59286","13885","1500000US490572007002","Block Group 2, Census Tract 2007, Weber County, Utah"
"61635","12484","1500000US490572007003","Block Group 3, Census Tract 2007, Weber County, Utah"
"54861","15920","1500000US490572008001","Block Group 1, Census Tract 2008, Weber County, Utah"
"33674","5954","1500000US490572008002","Block Group 2, Census Tract 2008, Weber County, Utah"
"32963","6432","1500000US490572008003","Block Group 3, Census Tract 2008, Weber County, Utah"
"31125","5741","1500000US490572009001","Block Group 1, Census Tract 2009, Weber County, Utah"
"22269","9035","1500000US490572009002","Block Group 2, Census Tract 2009, Weber County, Utah"
"25842","7734","1500000US490572009003","Block Group 3, Census Tract 2009, Weber County, Utah"
"32549","4597","1500000US490572011001","Block Group 1, Census Tract 2011, Weber County, Utah"
"39286","15953","1500000US490572012001","Block Group 1, Census Tract 2012, Weber County, Utah"
"27000","12601","1500000US490572012002","Block Group 2, Census Tract 2012, Weber County, Utah"
"55341","14956","1500000US490572013011","Block Group 1, Census Tract 2013.01, Weber County, Utah"
"33200","9862","1500000US490572013012","Block Group 2, Census Tract 2013.01, Weber County, Utah"
"57823","11064","1500000US490572013021","Block Group 1, Census Tract 2013.02, Weber County, Utah"
"51029","11225","1500000US490572013022","Block Group 2, Census Tract 2013.02, Weber County, Utah"
"30764","12483","1500000US490572013023","Block Group 3, Census Tract 2013.02, Weber County, Utah"
"63897","23887","1500000US490572014001","Block Group 1, Census Tract 2014, Weber County, Utah"
"84844","15059","1500000US490572014002","Block Group 2, Census Tract 2014, Weber County, Utah"
"85481","17736","1500000US490572014003","Block Group 3, Census Tract 2014, Weber County, Utah"
"26154","9095","1500000US490572015001","Block Group 1, Census Tract 2015, Weber County, Utah"
"76111","16540","1500000US490572015002","Block Group 2, Census Tract 2015, Weber County, Utah"
"99028","45461","1500000US490572015003","Block Group 3, Census Tract 2015, Weber County, Utah"
"112222","67208","1500000US490572015004","Block Group 4, Census Tract 2015, Weber County, Utah"
"60156","4333","1500000US490572016001","Block Group 1, Census Tract 2016, Weber County, Utah"
"59286","22124","1500000US490572016002","Block Group 2, Census Tract 2016, Weber County, Utah"
"65542","9328","1500000US490572016003","Block Group 3, Census Tract 2016, Weber County, Utah"
"52604","11507","1500000US490572016004","Block Group 4, Census Tract 2016, Weber County, Utah"
"35089","5345","1500000US490572017001","Block Group 1, Census Tract 2017, Weber County, Utah"
"47448","7077","1500000US490572017002","Block Group 2, Census Tract 2017, Weber County, Utah"
"37431","7319","1500000US490572018001","Block Group 1, Census Tract 2018, Weber County, Utah"
"37500","8137","1500000US490572018002","Block Group 2, Census Tract 2018, Weber County, Utah"
"50806","9649","1500000US490572019001","Block Group 1, Census Tract 2019, Weber County, Utah"
"77868","25306","1500000US490572020001","Block Group 1, Census Tract 2020, Weber County, Utah"
"130539","11703","1500000US490572020002","Block Group 2, Census Tract 2020, Weber County, Utah"
"90321","31293","1500000US490572020003","Block Group 3, Census Tract 2020, Weber County, Utah"
"101852","24244","1500000US490572101001","Block Group 1, Census Tract 2101, Weber County, Utah"
"114432","17500","1500000US490572101002","Block Group 2, Census Tract 2101, Weber County, Utah"
"87500","38000","1500000US490572101003","Block Group 3, Census Tract 2101, Weber County, Utah"
"107708","18135","1500000US490572102011","Block Group 1, Census Tract 2102.01, Weber County, Utah"
"80893","11940","1500000US490572102012","Block Group 2, Census Tract 2102.01, Weber County, Utah"
"75938","46641","1500000US490572102013","Block Group 3, Census Tract 2102.01, Weber County, Utah"
"84655","7521","1500000US490572102031","Block Group 1, Census Tract 2102.03, Weber County, Utah"
"70192","9836","1500000US490572102032","Block Group 2, Census Tract 2102.03, Weber County, Utah"
"79688","15827","1500000US490572102041","Block Group 1, Census Tract 2102.04, Weber County, Utah"
"73254","5192","1500000US490572102042","Block Group 2, Census Tract 2102.04, Weber County, Utah"
"70333","46154","1500000US490572103021","Block Group 1, Census Tract 2103.02, Weber County, Utah"
"64479","7485","1500000US490572103022","Block Group 2, Census Tract 2103.02, Weber County, Utah"
"77167","16015","1500000US490572103023","Block Group 3, Census Tract 2103.02, Weber County, Utah"
"64737","41845","1500000US490572103024","Block Group 4, Census Tract 2103.02, Weber County, Utah"
"95588","13245","1500000US490572103031","Block Group 1, Census Tract 2103.03, Weber County, Utah"
"107538","14678","1500000US490572103032","Block Group 2, Census Tract 2103.03, Weber County, Utah"
"99851","24123","1500000US490572103033","Block Group 3, Census Tract 2103.03, Weber County, Utah"
"138041","26993","1500000US490572103034","Block Group 4, Census Tract 2103.03, Weber County, Utah"
"92120","22552","1500000US490572103041","Block Group 1, Census Tract 2103.04, Weber County, Utah"
"62361","19667","1500000US490572103042","Block Group 2, Census Tract 2103.04, Weber County, Utah"
"103389","9387","1500000US490572104021","Block Group 1, Census Tract 2104.02, Weber County, Utah"
"79421","11544","1500000US490572104022","Block Group 2, Census Tract 2104.02, Weber County, Utah"
"79188","37949","1500000US490572104031","Block Group 1, Census Tract 2104.03, Weber County, Utah"
"119745","18909","1500000US490572104032","Block Group 2, Census Tract 2104.03, Weber County, Utah"
"66279","10183","1500000US490572104033","Block Group 3, Census Tract 2104.03, Weber County, Utah"
"68036","23514","1500000US490572104034","Block Group 4, Census Tract 2104.03, Weber County, Utah"
"76161","25989","1500000US490572104035","Block Group 5, Census Tract 2104.03, Weber County, Utah"
"85278","10965","1500000US490572104041","Block Group 1, Census Tract 2104.04, Weber County, Utah"
"82813","14342","1500000US490572104042","Block Group 2, Census Tract 2104.04, Weber County, Utah"
"97206","17899","1500000US490572105041","Block Group 1, Census Tract 2105.04, Weber County, Utah"
"96164","16479","1500000US490572105042","Block Group 2, Census Tract 2105.04, Weber County, Utah"
"104732","9396","1500000US490572105043","Block Group 3, Census Tract 2105.04, Weber County, Utah"
"90603","20890","1500000US490572105051","Block Group 1, Census Tract 2105.05, Weber County, Utah"
"62125","12546","1500000US490572105052","Block Group 2, Census Tract 2105.05, Weber County, Utah"
"97778","25336","1500000US490572105053","Block Group 3, Census Tract 2105.05, Weber County, Utah"
"76223","8332","1500000US490572105061","Block Group 1, Census Tract 2105.06, Weber County, Utah"
"68639","5230","1500000US490572105062","Block Group 2, Census Tract 2105.06, Weber County, Utah"
"75978","10533","1500000US490572105063","Block Group 3, Census Tract 2105.06, Weber County, Utah"
"86042","2555","1500000US490572105081","Block Group 1, Census Tract 2105.08, Weber County, Utah"
"80742","8795","1500000US490572105091","Block Group 1, Census Tract 2105.09, Weber County, Utah"
"81094","10150","1500000US490572105092","Block Group 2, Census Tract 2105.09, Weber County, Utah"
"87625","12948","1500000US490572105101","Block Group 1, Census Tract 2105.10, Weber County, Utah"
"74479","13809","1500000US490572105102","Block Group 2, Census Tract 2105.10, Weber County, Utah"
"66204","8647","1500000US490572105111","Block Group 1, Census Tract 2105.11, Weber County, Utah"
"52941","20431","1500000US490572105112","Block Group 2, Census Tract 2105.11, Weber County, Utah"
"55865","14210","1500000US490572105121","Block Group 1, Census Tract 2105.12, Weber County, Utah"
"65106","13883","1500000US490572105122","Block Group 2, Census Tract 2105.12, Weber County, Utah"
"35353","7074","1500000US490572105123","Block Group 3, Census Tract 2105.12, Weber County, Utah"
"49473","18635","1500000US490572106001","Block Group 1, Census Tract 2106, Weber County, Utah"
"69904","8505","1500000US490572106002","Block Group 2, Census Tract 2106, Weber County, Utah"
"53897","24263","1500000US490572106003","Block Group 3, Census Tract 2106, Weber County, Utah"
"59563","12908","1500000US490572106004","Block Group 4, Census Tract 2106, Weber County, Utah"
"72672","9336","1500000US490572106005","Block Group 5, Census Tract 2106, Weber County, Utah"
"57585","15059","1500000US490572107011","Block Group 1, Census Tract 2107.01, Weber County, Utah"
"46768","24504","1500000US490572107012","Block Group 2, Census Tract 2107.01, Weber County, Utah"
"53702","12311","1500000US490572107013","Block Group 3, Census Tract 2107.01, Weber County, Utah"
"87557","7357","1500000US490572107014","Block Group 4, Census Tract 2107.01, Weber County, Utah"
"63750","8950","1500000US490572107031","Block Group 1, Census Tract 2107.03, Weber County, Utah"
"72193","8606","1500000US490572107032","Block Group 2, Census Tract 2107.03, Weber County, Utah"
"61152","18288","1500000US490572107041","Block Group 1, Census Tract 2107.04, Weber County, Utah"
"58839","12212","1500000US490572107042","Block Group 2, Census Tract 2107.04, Weber County, Utah"
"67784","8746","1500000US490572107043","Block Group 3, Census Tract 2107.04, Weber County, Utah"
"62333","22194","1500000US490572107044","Block Group 4, Census Tract 2107.04, Weber County, Utah"
"74856","12134","1500000US490572107045","Block Group 5, Census Tract 2107.04, Weber County, Utah"
"46705","13866","1500000US490572108001","Block Group 1, Census Tract 2108, Weber County, Utah"
"51923","14861","1500000US490572108002","Block Group 2, Census Tract 2108, Weber County, Utah"
"51167","11061","1500000US490572108003","Block Group 3, Census Tract 2108, Weber County, Utah"
"47361","8635","1500000US490572109001","Block Group 1, Census Tract 2109, Weber County, Utah"
"69931","10806","1500000US490572109002","Block Group 2, Census Tract 2109, Weber County, Utah"
"103690","38026","1500000US490572109003","Block Group 3, Census Tract 2109, Weber County, Utah"
"96964","25706","1500000US490572109004","Block Group 4, Census Tract 2109, Weber County, Utah"
"124417","37897","1500000US490572109005","Block Group 5, Census Tract 2109, Weber County, Utah"
"77879","9477","1500000US490572110001","Block Group 1, Census Tract 2110, Weber County, Utah"
"58828","11632","1500000US490572110002","Block Group 2, Census Tract 2110, Weber County, Utah"
"33456","12087","1500000US490572111001","Block Group 1, Census Tract 2111, Weber County, Utah"
"24000","16002","1500000US490572111002","Block Group 2, Census Tract 2111, Weber County, Utah"
"104738","40980","1500000US490572111003","Block Group 3, Census Tract 2111, Weber County, Utah"
"86397","9959","1500000US490572111004","Block Group 4, Census Tract 2111, Weber County, Utah"
"71190","39921","1500000US490572111005","Block Group 5, Census Tract 2111, Weber County, Utah"
"90000","31694","1500000US490572112011","Block Group 1, Census Tract 2112.01, Weber County, Utah"
"135536","37726","1500000US490572112012","Block Group 2, Census Tract 2112.01, Weber County, Utah"
"64861","16239","1500000US490572112013","Block Group 3, Census Tract 2112.01, Weber County, Utah"
"39699","18047","1500000US490572112021","Block Group 1, Census Tract 2112.02, Weber County, Utah"
"71076","8298","1500000US490572112022","Block Group 2, Census Tract 2112.02, Weber County, Utah"
"83214","19936","1500000US490572112023","Block Group 3, Census Tract 2112.02, Weber County, Utah"
